night_frame,night_time_seconds,day_frame,day_time_seconds,confidence,status
0,0.0,0,0.0,0.7,matched
1,0.033333,0,0.0,0.68929,matched
2,0.066667,1,0.033333,0.67858,matched
3,0.1,2,0.066667,0.667871,matched
4,0.133333,2,0.066667,0.657161,matched
5,0.166667,2,0.066667,0.646451,matched
6,0.2,3,0.1,0.635742,matched
7,0.233333,4,0.133333,0.625032,matched
8,0.266667,4,0.133333,0.614322,matched
9,0.3,4,0.133333,0.603612,matched
10,0.333333,5,0.166667,0.592903,matched
11,0.366667,6,0.2,0.582193,matched
12,0.4,6,0.2,0.571483,matched
13,0.433333,8,0.266667,0.592903,matched
14,0.466667,10,0.333333,0.614322,matched
15,0.5,12,0.4,0.635741,matched
16,0.533333,14,0.466667,0.657161,matched
17,0.566667,16,0.533333,0.67858,matched
18,0.6,18,0.6,0.7,matched
19,0.633333,20,0.666667,0.680856,matched
20,0.666667,22,0.733333,0.661713,matched
21,0.7,24,0.8,0.642569,matched
22,0.733333,26,0.866667,0.623426,matched
23,0.766667,28,0.933333,0.604282,matched
24,0.8,30,1.0,0.585139,matched
25,0.833333,32,1.066667,0.549223,matched
26,0.866667,34,1.133333,0.513308,matched
27,0.9,36,1.2,0.477393,matched
28,0.933333,38,1.266667,0.441477,matched
29,0.966667,40,1.333333,0.405562,matched
30,1.0,42,1.4,0.369646,matched
31,1.033333,44,1.466667,0.420777,matched
32,1.066667,46,1.533333,0.471909,matched
33,1.1,48,1.6,0.52304,matched
34,1.133333,50,1.666667,0.574172,matched
35,1.166667,52,1.733333,0.625303,matched
36,1.2,54,1.8,0.676435,matched
37,1.233333,56,1.866667,0.646144,matched
38,1.266667,58,1.933333,0.615854,matched
39,1.3,60,2.0,0.585563,matched
40,1.333333,62,2.066667,0.555272,matched
41,1.366667,64,2.133333,0.524982,matched
42,1.4,66,2.2,0.494691,matched
43,1.433333,68,2.266667,0.487602,matched
44,1.466667,70,2.333333,0.480513,matched
45,1.5,72,2.4,0.473424,matched
46,1.533333,74,2.466667,0.466335,matched
47,1.566667,76,2.533333,0.459246,matched
48,1.6,78,2.6,0.452157,matched
49,1.633333,80,2.666667,0.478074,matched
50,1.666667,82,2.733333,0.503991,matched
51,1.7,84,2.8,0.529909,matched
52,1.733333,86,2.866667,0.555826,matched
53,1.766667,88,2.933333,0.581743,matched
54,1.8,90,3.0,0.60766,matched
55,1.833333,92,3.066667,0.610809,matched
56,1.866667,94,3.133333,0.613959,matched
57,1.9,96,3.2,0.617108,matched
58,1.933333,98,3.266667,0.620258,matched
59,1.966667,100,3.333333,0.623407,matched
60,2.0,102,3.4,0.626557,matched
61,2.033333,104,3.466667,0.607645,matched
62,2.066667,106,3.533333,0.588733,matched
63,2.1,108,3.6,0.569822,matched
64,2.133333,110,3.666667,0.55091,matched
65,2.166667,112,3.733333,0.531998,matched
66,2.2,114,3.8,0.513086,matched
67,2.233333,116,3.866667,0.519748,matched
68,2.266667,118,3.933333,0.526411,matched
69,2.3,120,4.0,0.533073,matched
70,2.333333,122,4.066667,0.539735,matched
71,2.366667,124,4.133333,0.546398,matched
72,2.4,126,4.2,0.55306,matched
73,2.433333,128,4.266667,0.57755,matched
74,2.466667,130,4.333333,0.60204,matched
75,2.5,132,4.4,0.62653,matched
76,2.533333,134,4.466667,0.65102,matched
77,2.566667,136,4.533333,0.67551,matched
78,2.6,138,4.6,0.7,matched
79,2.633333,140,4.666667,0.7,matched
80,2.666667,142,4.733333,0.7,matched
81,2.7,144,4.8,0.7,matched
82,2.733333,146,4.866667,0.7,matched
83,2.766667,148,4.933333,0.7,matched
84,2.8,150,5.0,0.7,matched
85,2.833333,152,5.066667,0.7,matched
86,2.866667,154,5.133333,0.7,matched
87,2.9,156,5.2,0.7,matched
88,2.933333,158,5.266667,0.7,matched
89,2.966667,160,5.333333,0.7,matched
90,3.0,162,5.4,0.7,matched
91,3.033333,164,5.466667,0.7,matched
92,3.066667,166,5.533333,0.7,matched
93,3.1,168,5.6,0.7,matched
94,3.133333,170,5.666667,0.7,matched
95,3.166667,172,5.733333,0.7,matched
96,3.2,174,5.8,0.7,matched
97,3.233333,176,5.866667,0.7,matched
98,3.266667,178,5.933333,0.7,matched
99,3.3,180,6.0,0.7,matched
100,3.333333,182,6.066667,0.7,matched
101,3.366667,184,6.133333,0.7,matched
102,3.4,186,6.2,0.7,matched
103,3.433333,186,6.2,0.7,matched
104,3.466667,187,6.233333,0.7,matched
105,3.5,187,6.233333,0.7,matched
106,3.533333,188,6.266667,0.7,matched
107,3.566667,188,6.266667,0.7,matched
108,3.6,189,6.3,0.7,matched
109,3.633333,189,6.3,0.7,matched
110,3.666667,190,6.333333,0.7,matched
111,3.7,191,6.366667,0.7,matched
112,3.733333,191,6.366667,0.7,matched
113,3.766667,192,6.4,0.7,matched
114,3.8,192,6.4,0.7,matched
115,3.833333,193,6.433333,0.7,matched
116,3.866667,193,6.433333,0.7,matched
117,3.9,194,6.466667,0.7,matched
118,3.933333,194,6.466667,0.7,matched
119,3.966667,195,6.5,0.7,matched
120,4.0,195,6.5,0.7,matched
121,4.033333,196,6.533333,0.7,matched
122,4.066667,196,6.533333,0.7,matched
123,4.1,197,6.566667,0.7,matched
124,4.133333,197,6.566667,0.7,matched
125,4.166667,198,6.6,0.7,matched
126,4.2,198,6.6,0.7,matched
127,4.233333,200,6.666667,0.7,matched
128,4.266667,202,6.733333,0.7,matched
129,4.3,204,6.8,0.7,matched
130,4.333333,206,6.866667,0.7,matched
131,4.366667,208,6.933333,0.7,matched
132,4.4,210,7.0,0.7,matched
133,4.433333,212,7.066667,0.7,matched
134,4.466667,214,7.133333,0.7,matched
135,4.5,216,7.2,0.7,matched
136,4.533333,218,7.266667,0.7,matched
137,4.566667,220,7.333333,0.7,matched
138,4.6,222,7.4,0.7,matched
139,4.633333,223,7.433333,0.683181,matched
140,4.666667,223,7.433333,0.666362,matched
141,4.7,224,7.466667,0.649543,matched
142,4.733333,224,7.466667,0.632725,matched
143,4.766667,225,7.5,0.615906,matched
144,4.8,225,7.5,0.599087,matched
145,4.833333,226,7.533333,0.582268,matched
146,4.866667,226,7.533333,0.565449,matched
147,4.9,226,7.533333,0.54863,matched
148,4.933333,227,7.566667,0.531812,matched
149,4.966667,227,7.566667,0.514993,matched
150,5.0,228,7.6,0.498174,matched
151,5.033333,228,7.6,0.497406,matched
152,5.066667,229,7.633333,0.496639,matched
153,5.1,229,7.633333,0.495871,matched
154,5.133333,230,7.666667,0.495103,matched
155,5.166667,231,7.7,0.494336,matched
156,5.2,231,7.7,0.493568,matched
157,5.233333,232,7.733333,0.4928,matched
158,5.266667,232,7.733333,0.492033,matched
159,5.3,233,7.766667,0.491265,matched
160,5.333333,233,7.766667,0.490497,matched
161,5.366667,234,7.8,0.48973,matched
162,5.4,234,7.8,0.488962,matched
163,5.433333,235,7.833333,0.476466,matched
164,5.466667,235,7.833333,0.46397,matched
165,5.5,236,7.866667,0.451474,matched
166,5.533333,236,7.866667,0.438978,matched
167,5.566667,237,7.9,0.426482,matched
168,5.6,237,7.9,0.413986,matched
169,5.633333,238,7.933333,0.40149,matched
170,5.666667,238,7.933333,0.388994,matched
171,5.7,238,7.933333,0.376498,matched
172,5.733333,239,7.966667,0.364002,matched
173,5.766667,239,7.966667,0.351506,matched
174,5.8,240,8.0,0.33901,review
175,5.833333,240,8.0,0.347519,review
176,5.866667,241,8.033333,0.356028,matched
177,5.9,241,8.033333,0.364538,matched
178,5.933333,242,8.066667,0.373047,matched
179,5.966667,242,8.066667,0.381556,matched
180,6.0,243,8.1,0.390066,matched
181,6.033333,243,8.1,0.398575,matched
182,6.066667,244,8.133333,0.407084,matched
183,6.1,244,8.133333,0.415593,matched
184,6.133333,245,8.166667,0.424103,matched
185,6.166667,245,8.166667,0.432612,matched
186,6.2,246,8.2,0.441121,matched
187,6.233333,248,8.266667,0.413458,matched
188,6.266667,250,8.333333,0.385795,matched
189,6.3,252,8.4,0.358132,matched
190,6.333333,254,8.466667,0.33047,review
191,6.366667,256,8.533333,0.302807,review
192,6.4,258,8.6,0.275144,review
193,6.433333,259,8.633333,0.29746,review
194,6.466667,259,8.633333,0.319776,review
195,6.5,260,8.666667,0.342092,review
196,6.533333,260,8.666667,0.364408,matched
197,6.566667,261,8.7,0.386724,matched
198,6.6,261,8.7,0.40904,matched
199,6.633333,262,8.733333,0.431356,matched
200,6.666667,262,8.733333,0.453672,matched
201,6.7,263,8.766667,0.475988,matched
202,6.733333,263,8.766667,0.498304,matched
203,6.766667,264,8.8,0.52062,matched
204,6.8,264,8.8,0.542936,matched
205,6.833333,265,8.833333,0.546708,matched
206,6.866667,265,8.833333,0.550481,matched
207,6.9,266,8.866667,0.554253,matched
208,6.933333,266,8.866667,0.558026,matched
209,6.966667,267,8.9,0.561798,matched
210,7.0,267,8.9,0.565571,matched
211,7.033333,268,8.933333,0.569343,matched
212,7.066667,268,8.933333,0.573115,matched
213,7.1,269,8.966667,0.576888,matched
214,7.133333,269,8.966667,0.58066,matched
215,7.166667,270,9.0,0.584433,matched
216,7.2,270,9.0,0.588205,matched
217,7.233333,272,9.066667,0.606838,matched
218,7.266667,274,9.133333,0.62547,matched
219,7.3,276,9.2,0.644103,matched
220,7.333333,278,9.266667,0.662735,matched
221,7.366667,280,9.333333,0.681367,matched
222,7.4,282,9.4,0.7,matched
223,7.433333,284,9.466667,0.678907,matched
224,7.466667,286,9.533333,0.657813,matched
225,7.5,288,9.6,0.63672,matched
226,7.533333,290,9.666667,0.615627,matched
227,7.566667,292,9.733333,0.594533,matched
228,7.6,294,9.8,0.57344,matched
229,7.633333,296,9.866667,0.556234,matched
230,7.666667,298,9.933333,0.539029,matched
231,7.7,300,10.0,0.521823,matched
232,7.733333,302,10.066667,0.504617,matched
233,7.766667,304,10.133333,0.487412,matched
234,7.8,306,10.2,0.470206,matched
235,7.833333,308,10.266667,0.508505,matched
236,7.866667,310,10.333333,0.546804,matched
237,7.9,312,10.4,0.585103,matched
238,7.933333,314,10.466667,0.623402,matched
239,7.966667,316,10.533333,0.661701,matched
240,8.0,318,10.6,0.7,matched
241,8.033333,320,10.666667,0.7,matched
242,8.066667,322,10.733333,0.7,matched
243,8.1,324,10.8,0.7,matched
244,8.133333,326,10.866667,0.7,matched
245,8.166667,328,10.933333,0.7,matched
246,8.2,330,11.0,0.7,matched
247,8.233333,332,11.066667,0.7,matched
248,8.266667,334,11.133333,0.7,matched
249,8.3,336,11.2,0.7,matched
250,8.333333,338,11.266667,0.7,matched
251,8.366667,340,11.333333,0.7,matched
252,8.4,342,11.4,0.7,matched
253,8.433333,344,11.466667,0.7,matched
254,8.466667,346,11.533333,0.7,matched
255,8.5,348,11.6,0.7,matched
256,8.533333,350,11.666667,0.7,matched
257,8.566667,352,11.733333,0.7,matched
258,8.6,354,11.8,0.7,matched
259,8.633333,356,11.866667,0.689136,matched
260,8.666667,358,11.933333,0.678272,matched
261,8.7,360,12.0,0.667409,matched
262,8.733333,362,12.066667,0.656545,matched
263,8.766667,364,12.133333,0.645681,matched
264,8.8,366,12.2,0.634817,matched
265,8.833333,368,12.266667,0.645681,matched
266,8.866667,370,12.333333,0.656545,matched
267,8.9,372,12.4,0.667408,matched
268,8.933333,374,12.466667,0.678272,matched
269,8.966667,376,12.533333,0.689136,matched
270,9.0,378,12.6,0.7,matched
271,9.033333,380,12.666667,0.680178,matched
272,9.066667,382,12.733333,0.660356,matched
273,9.1,384,12.8,0.640533,matched
274,9.133333,386,12.866667,0.620711,matched
275,9.166667,388,12.933333,0.600889,matched
276,9.2,390,13.0,0.581067,matched
277,9.233333,392,13.066667,0.562692,matched
278,9.266667,394,13.133333,0.544317,matched
279,9.3,396,13.2,0.525942,matched
280,9.333333,398,13.266667,0.507567,matched
281,9.366667,400,13.333333,0.489192,matched
282,9.4,402,13.4,0.470817,matched
283,9.433333,404,13.466667,0.475465,matched
284,9.466667,406,13.533333,0.480113,matched
285,9.5,408,13.6,0.484762,matched
286,9.533333,410,13.666667,0.48941,matched
287,9.566667,412,13.733333,0.494058,matched
288,9.6,414,13.8,0.498706,matched
289,9.633333,416,13.866667,0.511681,matched
290,9.666667,418,13.933333,0.524656,matched
291,9.7,420,14.0,0.537631,matched
292,9.733333,422,14.066667,0.550607,matched
293,9.766667,424,14.133333,0.563582,matched
294,9.8,426,14.2,0.576557,matched
295,9.833333,428,14.266667,0.559925,matched
296,9.866667,430,14.333333,0.543293,matched
297,9.9,432,14.4,0.526661,matched
298,9.933333,434,14.466667,0.510028,matched
299,9.966667,436,14.533333,0.493396,matched
300,10.0,438,14.6,0.476764,matched
301,10.033333,440,14.666667,0.475276,matched
302,10.066667,442,14.733333,0.473788,matched
303,10.1,444,14.8,0.4723,matched
304,10.133333,446,14.866667,0.470813,matched
305,10.166667,448,14.933333,0.469325,matched
306,10.2,450,15.0,0.467837,matched
307,10.233333,451,15.033333,0.465643,matched
308,10.266667,451,15.033333,0.463448,matched
309,10.3,451,15.033333,0.461254,matched
310,10.333333,452,15.066667,0.45906,matched
311,10.366667,452,15.066667,0.456865,matched
312,10.4,453,15.1,0.454671,matched
313,10.433333,453,15.1,0.452477,matched
314,10.466667,454,15.133333,0.450282,matched
315,10.5,454,15.133333,0.448088,matched
316,10.533333,455,15.166667,0.445894,matched
317,10.566667,455,15.166667,0.443699,matched
318,10.6,456,15.2,0.441505,matched
319,10.633333,458,15.266667,0.483151,matched
320,10.666667,460,15.333333,0.524797,matched
321,10.7,462,15.4,0.566443,matched
322,10.733333,464,15.466667,0.608089,matched
323,10.766667,466,15.533333,0.649735,matched
324,10.8,468,15.6,0.691381,matched
325,10.833333,469,15.633333,0.692099,matched
326,10.866667,469,15.633333,0.692817,matched
327,10.9,470,15.666667,0.693536,matched
328,10.933333,470,15.666667,0.694254,matched
329,10.966667,471,15.7,0.694972,matched
330,11.0,471,15.7,0.69569,matched
331,11.033333,472,15.733333,0.696409,matched
332,11.066667,472,15.733333,0.697127,matched
333,11.1,473,15.766667,0.697845,matched
334,11.133333,473,15.766667,0.698563,matched
335,11.166667,474,15.8,0.699282,matched
336,11.2,474,15.8,0.7,matched
337,11.233333,476,15.866667,0.685415,matched
338,11.266667,478,15.933333,0.67083,matched
339,11.3,480,16.0,0.656245,matched
340,11.333333,482,16.066667,0.641661,matched
341,11.366667,484,16.133333,0.627076,matched
342,11.4,486,16.2,0.612491,matched
343,11.433333,488,16.266667,0.597452,matched
344,11.466667,490,16.333333,0.582413,matched
345,11.5,492,16.4,0.567374,matched
346,11.533333,494,16.466667,0.552335,matched
347,11.566667,496,16.533333,0.537296,matched
348,11.6,498,16.6,0.522257,matched
349,11.633333,499,16.633333,0.508376,matched
350,11.666667,499,16.633333,0.494494,matched
351,11.7,499,16.633333,0.480612,matched
352,11.733333,500,16.666667,0.466731,matched
353,11.766667,500,16.666667,0.452849,matched
354,11.8,501,16.7,0.438968,matched
355,11.833333,501,16.7,0.425086,matched
356,11.866667,502,16.733333,0.411204,matched
357,11.9,502,16.733333,0.397323,matched
358,11.933333,503,16.766667,0.383441,matched
359,11.966667,503,16.766667,0.36956,matched
360,12.0,504,16.8,0.355678,matched
361,12.033333,504,16.8,0.366685,matched
362,12.066667,505,16.833333,0.377692,matched
363,12.1,505,16.833333,0.388699,matched
364,12.133333,506,16.866667,0.399706,matched
365,12.166667,506,16.866667,0.410713,matched
366,12.2,507,16.9,0.42172,matched
367,12.233333,507,16.9,0.432726,matched
368,12.266667,508,16.933333,0.443733,matched
369,12.3,508,16.933333,0.45474,matched
370,12.333333,509,16.966667,0.465747,matched
371,12.366667,510,17.0,0.476754,matched
372,12.4,510,17.0,0.487761,matched
373,12.433333,512,17.066667,0.476244,matched
374,12.466667,514,17.133333,0.464728,matched
375,12.5,516,17.2,0.453211,matched
376,12.533333,518,17.266667,0.441694,matched
377,12.566667,520,17.333333,0.430178,matched
378,12.6,522,17.4,0.418661,matched
379,12.633333,524,17.466667,0.439057,matched
380,12.666667,526,17.533333,0.459454,matched
381,12.7,528,17.6,0.479851,matched
382,12.733333,530,17.666667,0.500248,matched
383,12.766667,532,17.733333,0.520644,matched
384,12.8,534,17.8,0.541041,matched
385,12.833333,536,17.866667,0.530173,matched
386,12.866667,538,17.933333,0.519305,matched
387,12.9,540,18.0,0.508438,matched
388,12.933333,542,18.066667,0.49757,matched
389,12.966667,544,18.133333,0.486702,matched
390,13.0,546,18.2,0.475834,matched
391,13.033333,548,18.266667,0.461994,matched
392,13.066667,550,18.333333,0.448154,matched
393,13.1,552,18.4,0.434313,matched
394,13.133333,554,18.466667,0.420473,matched
395,13.166667,556,18.533333,0.406633,matched
396,13.2,558,18.6,0.392793,matched
397,13.233333,560,18.666667,0.356644,matched
398,13.266667,562,18.733333,0.320495,review
399,13.3,564,18.8,0.284346,review
400,13.333333,566,18.866667,0.248197,review
401,13.366667,568,18.933333,0.212048,review
402,13.4,570,19.0,0.175899,review
403,13.433333,572,19.066667,0.189254,review
404,13.466667,574,19.133333,0.202609,review
405,13.5,576,19.2,0.215964,review
406,13.533333,578,19.266667,0.229319,review
407,13.566667,580,19.333333,0.242674,review
408,13.6,582,19.4,0.256029,review
409,13.633333,584,19.466667,0.218665,review
410,13.666667,586,19.533333,0.181301,review
411,13.7,588,19.6,0.143936,review
412,13.733333,590,19.666667,0.106572,review
413,13.766667,592,19.733333,0.069208,review
414,13.8,594,19.8,0.031843,review
415,13.833333,596,19.866667,0.032779,review
416,13.866667,598,19.933333,0.033715,review
417,13.9,600,20.0,0.034651,review
418,13.933333,602,20.066667,0.035587,review
419,13.966667,604,20.133333,0.036523,review
420,14.0,606,20.2,0.037459,review
421,14.033333,608,20.266667,0.078464,review
422,14.066667,610,20.333333,0.11947,review
423,14.1,612,20.4,0.160475,review
424,14.133333,614,20.466667,0.20148,review
425,14.166667,616,20.533333,0.242486,review
426,14.2,618,20.6,0.283491,review
427,14.233333,620,20.666667,0.301153,review
428,14.266667,622,20.733333,0.318816,review
429,14.3,624,20.8,0.336478,review
430,14.333333,626,20.866667,0.35414,matched
431,14.366667,628,20.933333,0.371803,matched
432,14.4,630,21.0,0.389464,matched
433,14.433333,632,21.066667,0.344662,review
434,14.466667,634,21.133333,0.29986,review
435,14.5,636,21.2,0.255058,review
436,14.533333,638,21.266667,0.210255,review
437,14.566667,640,21.333333,0.165453,review
438,14.6,642,21.4,0.120651,review
439,14.633333,644,21.466667,0.137401,review
440,14.666667,646,21.533333,0.154153,review
441,14.7,648,21.6,0.170904,review
442,14.733333,650,21.666667,0.187656,review
443,14.766667,652,21.733333,0.204407,review
444,14.8,654,21.8,0.221159,review
445,14.833333,656,21.866667,0.193844,review
446,14.866667,658,21.933333,0.166528,review
447,14.9,660,22.0,0.139213,review
448,14.933333,662,22.066667,0.111898,review
449,14.966667,664,22.133333,0.084582,review
450,15.0,666,22.2,0.057267,review
451,15.033333,668,22.266667,0.085949,review
452,15.066667,670,22.333333,0.11463,review
453,15.1,672,22.4,0.143312,review
454,15.133333,674,22.466667,0.171994,review
455,15.166667,676,22.533333,0.200675,review
456,15.2,678,22.6,0.229357,review
457,15.233333,680,22.666667,0.272019,review
458,15.266667,682,22.733333,0.314682,review
459,15.3,684,22.8,0.357344,matched
460,15.333333,686,22.866667,0.400006,matched
461,15.366667,688,22.933333,0.442668,matched
462,15.4,690,23.0,0.48533,matched
463,15.433333,691,23.033333,0.487035,matched
464,15.466667,691,23.033333,0.488741,matched
465,15.5,692,23.066667,0.490446,matched
466,15.533333,692,23.066667,0.492151,matched
467,15.566667,693,23.1,0.493857,matched
468,15.6,693,23.1,0.495562,matched
469,15.633333,694,23.133333,0.497267,matched
470,15.666667,694,23.133333,0.498973,matched
471,15.7,695,23.166667,0.500678,matched
472,15.733333,695,23.166667,0.502383,matched
473,15.766667,696,23.2,0.504089,matched
474,15.8,696,23.2,0.505794,matched
475,15.833333,698,23.266667,0.498843,matched
476,15.866667,700,23.333333,0.491892,matched
477,15.9,702,23.4,0.484941,matched
478,15.933333,704,23.466667,0.47799,matched
479,15.966667,706,23.533333,0.471039,matched
480,16.0,708,23.6,0.464088,matched
481,16.033333,710,23.666667,0.459817,matched
482,16.066667,712,23.733333,0.455547,matched
483,16.1,714,23.8,0.451276,matched
484,16.133333,716,23.866667,0.447005,matched
485,16.166667,718,23.933333,0.442735,matched
486,16.2,720,24.0,0.438464,matched
487,16.233333,722,24.066667,0.45013,matched
488,16.266667,724,24.133333,0.461797,matched
489,16.3,726,24.2,0.473464,matched
490,16.333333,728,24.266667,0.485131,matched
491,16.366667,730,24.333333,0.496797,matched
492,16.4,732,24.4,0.508464,matched
493,16.433333,732,24.4,0.511617,matched
494,16.466667,733,24.433333,0.514769,matched
495,16.5,734,24.466667,0.517922,matched
496,16.533333,734,24.466667,0.521074,matched
497,16.566667,735,24.5,0.524227,matched
498,16.6,735,24.5,0.52738,matched
499,16.633333,736,24.533333,0.530532,matched
500,16.666667,736,24.533333,0.533685,matched
501,16.7,737,24.566667,0.536837,matched
502,16.733333,737,24.566667,0.53999,matched
503,16.766667,738,24.6,0.543142,matched
504,16.8,738,24.6,0.546293,matched
505,16.833333,740,24.666667,0.465439,matched
506,16.866667,742,24.733333,0.384586,matched
507,16.9,744,24.8,0.303732,review
508,16.933333,746,24.866667,0.222878,review
509,16.966667,748,24.933333,0.142025,review
510,17.0,750,25.0,0.061171,review
511,17.033333,752,25.066667,0.063205,review
512,17.066667,754,25.133333,0.065239,review
513,17.1,756,25.2,0.067273,review
514,17.133333,758,25.266667,0.069308,review
515,17.166667,760,25.333333,0.071342,review
516,17.2,762,25.4,0.073376,review
517,17.233333,764,25.466667,0.061147,review
518,17.266667,766,25.533333,0.048917,review
519,17.3,768,25.6,0.036688,review
520,17.333333,770,25.666667,0.024459,review
521,17.366667,772,25.733333,0.012229,review
522,17.4,774,25.8,1e-06,review
523,17.433333,776,25.866667,0.049786,review
524,17.466667,778,25.933333,0.099571,review
525,17.5,780,26.0,0.149356,review
526,17.533333,782,26.066667,0.19914,review
527,17.566667,784,26.133333,0.248925,review
528,17.6,786,26.2,0.29871,review
529,17.633333,788,26.266667,0.249325,review
530,17.666667,790,26.333333,0.199938,review
531,17.7,792,26.4,0.150551,review
532,17.733333,794,26.466667,0.101164,review
533,17.766667,796,26.533333,0.051777,review
534,17.8,798,26.6,0.002391,review
535,17.833333,800,26.666667,0.008465,review
536,17.866667,802,26.733333,0.014539,review
537,17.9,804,26.8,0.020614,review
538,17.933333,806,26.866667,0.026688,review
539,17.966667,808,26.933333,0.032762,review
540,18.0,810,27.0,0.038836,review
541,18.033333,812,27.066667,0.038132,review
542,18.066667,814,27.133333,0.037428,review
543,18.1,816,27.2,0.036724,review
544,18.133333,818,27.266667,0.03602,review
545,18.166667,820,27.333333,0.035316,review
546,18.2,822,27.4,0.034612,review
547,18.233333,824,27.466667,0.059076,review
548,18.266667,826,27.533333,0.083541,review
549,18.3,828,27.6,0.108005,review
550,18.333333,830,27.666667,0.13247,review
551,18.366667,832,27.733333,0.156935,review
552,18.4,834,27.8,0.181399,review
553,18.433333,836,27.866667,0.223686,review
554,18.466667,838,27.933333,0.265973,review
555,18.5,840,28.0,0.30826,review
556,18.533333,842,28.066667,0.350547,matched
557,18.566667,844,28.133333,0.392834,matched
558,18.6,846,28.2,0.435121,matched
559,18.633333,847,28.233333,0.449796,matched
560,18.666667,847,28.233333,0.464472,matched
561,18.7,848,28.266667,0.479148,matched
562,18.733333,848,28.266667,0.493823,matched
563,18.766667,849,28.3,0.508499,matched
564,18.8,849,28.3,0.523174,matched
565,18.833333,850,28.333333,0.53785,matched
566,18.866667,850,28.333333,0.552526,matched
567,18.9,850,28.333333,0.567201,matched
568,18.933333,851,28.366667,0.581877,matched
569,18.966667,851,28.366667,0.596552,matched
570,19.0,852,28.4,0.611228,matched
571,19.033333,852,28.4,0.581967,matched
572,19.066667,853,28.433333,0.552706,matched
573,19.1,853,28.433333,0.523445,matched
574,19.133333,854,28.466667,0.494185,matched
575,19.166667,855,28.5,0.464924,matched
576,19.2,855,28.5,0.435663,matched
577,19.233333,856,28.533333,0.406402,matched
578,19.266667,856,28.533333,0.377141,matched
579,19.3,857,28.566667,0.34788,review
580,19.333333,857,28.566667,0.318619,review
581,19.366667,858,28.6,0.289359,review
582,19.4,858,28.6,0.260098,review
583,19.433333,860,28.666667,0.27224,review
584,19.466667,862,28.733333,0.284382,review
585,19.5,864,28.8,0.296524,review
586,19.533333,866,28.866667,0.308665,review
587,19.566667,868,28.933333,0.320807,review
588,19.6,870,29.0,0.332949,review
589,19.633333,872,29.066667,0.302697,review
590,19.666667,874,29.133333,0.272444,review
591,19.7,876,29.2,0.242191,review
592,19.733333,878,29.266667,0.211938,review
593,19.766667,880,29.333333,0.181685,review
594,19.8,882,29.4,0.151433,review
595,19.833333,884,29.466667,0.153449,review
596,19.866667,886,29.533333,0.155464,review
597,19.9,888,29.6,0.15748,review
598,19.933333,890,29.666667,0.159496,review
599,19.966667,892,29.733333,0.161511,review
600,20.0,894,29.8,0.163527,review
601,20.033333,896,29.866667,0.146083,review
602,20.066667,898,29.933333,0.128639,review
603,20.1,900,30.0,0.111195,review
604,20.133333,902,30.066667,0.093751,review
605,20.166667,904,30.133333,0.076306,review
606,20.2,906,30.2,0.058862,review
607,20.233333,908,30.266667,0.071537,review
608,20.266667,910,30.333333,0.084212,review
609,20.3,912,30.4,0.096887,review
610,20.333333,914,30.466667,0.109562,review
611,20.366667,916,30.533333,0.122237,review
612,20.4,918,30.6,0.134912,review
613,20.433333,920,30.666667,0.137387,review
614,20.466667,922,30.733333,0.139863,review
615,20.5,924,30.8,0.142338,review
616,20.533333,926,30.866667,0.144813,review
617,20.566667,928,30.933333,0.147289,review
618,20.6,930,31.0,0.149764,review
619,20.633333,932,31.066667,0.148295,review
620,20.666667,934,31.133333,0.146826,review
621,20.7,936,31.2,0.145356,review
622,20.733333,938,31.266667,0.143887,review
623,20.766667,940,31.333333,0.142418,review
624,20.8,942,31.4,0.14095,review
625,20.833333,944,31.466667,0.202903,review
626,20.866667,946,31.533333,0.264856,review
627,20.9,948,31.6,0.326809,review
628,20.933333,950,31.666667,0.388762,matched
629,20.966667,952,31.733333,0.450715,matched
630,21.0,954,31.8,0.512668,matched
631,21.033333,956,31.866667,0.468609,matched
632,21.066667,958,31.933333,0.424551,matched
633,21.1,960,32.0,0.380492,matched
634,21.133333,962,32.066667,0.336433,review
635,21.166667,964,32.133333,0.292375,review
636,21.2,966,32.2,0.248316,review
637,21.233333,968,32.266667,0.266669,review
638,21.266667,970,32.333333,0.285022,review
639,21.3,972,32.4,0.303376,review
640,21.333333,974,32.466667,0.32173,review
641,21.366667,976,32.533333,0.340084,review
642,21.4,978,32.6,0.358438,matched
643,21.433333,980,32.666667,0.360325,matched
644,21.466667,982,32.733333,0.362211,matched
645,21.5,984,32.8,0.364097,matched
646,21.533333,986,32.866667,0.365984,matched
647,21.566667,988,32.933333,0.36787,matched
648,21.6,990,33.0,0.369757,matched
649,21.633333,992,33.066667,0.383762,matched
650,21.666667,994,33.133333,0.397768,matched
651,21.7,996,33.2,0.411773,matched
652,21.733333,998,33.266667,0.425778,matched
653,21.766667,1000,33.333333,0.439784,matched
654,21.8,1002,33.4,0.453789,matched
655,21.833333,1004,33.466667,0.434389,matched
656,21.866667,1006,33.533333,0.41499,matched
657,21.9,1008,33.6,0.39559,matched
658,21.933333,1010,33.666667,0.376191,matched
659,21.966667,1012,33.733333,0.356791,matched
660,22.0,1014,33.8,0.337392,review
661,22.033333,1016,33.866667,0.348874,review
662,22.066667,1018,33.933333,0.360356,matched
663,22.1,1020,34.0,0.371838,matched
664,22.133333,1022,34.066667,0.38332,matched
665,22.166667,1024,34.133333,0.394802,matched
666,22.2,1026,34.2,0.406284,matched
667,22.233333,1028,34.266667,0.430777,matched
668,22.266667,1030,34.333333,0.45527,matched
669,22.3,1032,34.4,0.479763,matched
670,22.333333,1034,34.466667,0.504256,matched
671,22.366667,1036,34.533333,0.528749,matched
672,22.4,1038,34.6,0.553242,matched
673,22.433333,1040,34.666667,0.515106,matched
674,22.466667,1042,34.733333,0.476971,matched
675,22.5,1044,34.8,0.438836,matched
676,22.533333,1046,34.866667,0.400701,matched
677,22.566667,1048,34.933333,0.362566,matched
678,22.6,1050,35.0,0.32443,review
679,22.633333,1052,35.066667,0.30105,review
680,22.666667,1054,35.133333,0.277671,review
681,22.7,1056,35.2,0.254291,review
682,22.733333,1058,35.266667,0.230911,review
683,22.766667,1060,35.333333,0.207531,review
684,22.8,1062,35.4,0.184152,review
685,22.833333,1064,35.466667,0.199659,review
686,22.866667,1066,35.533333,0.215167,review
687,22.9,1068,35.6,0.230674,review
688,22.933333,1070,35.666667,0.246181,review
689,22.966667,1072,35.733333,0.261688,review
690,23.0,1074,35.8,0.277195,review
691,23.033333,1076,35.866667,0.303809,review
692,23.066667,1078,35.933333,0.330423,review
693,23.1,1080,36.0,0.357037,matched
694,23.133333,1082,36.066667,0.383651,matched
695,23.166667,1084,36.133333,0.410265,matched
696,23.2,1086,36.2,0.436879,matched
697,23.233333,1088,36.266667,0.469609,matched
698,23.266667,1090,36.333333,0.502338,matched
699,23.3,1092,36.4,0.535068,matched
700,23.333333,1094,36.466667,0.567797,matched
701,23.366667,1096,36.533333,0.600527,matched
702,23.4,1098,36.6,0.633256,matched
703,23.433333,1098,36.6,0.620089,matched
704,23.466667,1099,36.633333,0.606923,matched
705,23.5,1099,36.633333,0.593756,matched
706,23.533333,1100,36.666667,0.580589,matched
707,23.566667,1100,36.666667,0.567422,matched
708,23.6,1101,36.7,0.554256,matched
709,23.633333,1101,36.7,0.541089,matched
710,23.666667,1102,36.733333,0.527922,matched
711,23.7,1102,36.733333,0.514756,matched
712,23.733333,1103,36.766667,0.501589,matched
713,23.766667,1103,36.766667,0.488422,matched
714,23.8,1104,36.8,0.475256,matched
715,23.833333,1104,36.8,0.47038,matched
716,23.866667,1105,36.833333,0.465505,matched
717,23.9,1105,36.833333,0.460629,matched
718,23.933333,1106,36.866667,0.455753,matched
719,23.966667,1106,36.866667,0.450878,matched
720,24.0,1107,36.9,0.446002,matched
721,24.033333,1107,36.9,0.441126,matched
722,24.066667,1108,36.933333,0.436251,matched
723,24.1,1108,36.933333,0.431375,matched
724,24.133333,1109,36.966667,0.426499,matched
725,24.166667,1109,36.966667,0.421624,matched
726,24.2,1110,37.0,0.416748,matched
727,24.233333,1110,37.0,0.408265,matched
728,24.266667,1111,37.033333,0.399782,matched
729,24.3,1111,37.033333,0.391298,matched
730,24.333333,1112,37.066667,0.382815,matched
731,24.366667,1113,37.1,0.374332,matched
732,24.4,1113,37.1,0.365849,matched
733,24.433333,1114,37.133333,0.357365,matched
734,24.466667,1114,37.133333,0.348882,review
735,24.5,1115,37.166667,0.340399,review
736,24.533333,1115,37.166667,0.331916,review
737,24.566667,1116,37.2,0.323432,review
738,24.6,1116,37.2,0.314949,review
739,24.633333,1117,37.233333,0.325199,review
740,24.666667,1117,37.233333,0.33545,review
741,24.7,1118,37.266667,0.3457,review
742,24.733333,1118,37.266667,0.35595,matched
743,24.766667,1119,37.3,0.366201,matched
744,24.8,1119,37.3,0.376451,matched
745,24.833333,1120,37.333333,0.386701,matched
746,24.866667,1120,37.333333,0.396952,matched
747,24.9,1121,37.366667,0.407202,matched
748,24.933333,1121,37.366667,0.417452,matched
749,24.966667,1122,37.4,0.427703,matched
750,25.0,1122,37.4,0.437953,matched
751,25.033333,1124,37.466667,0.415732,matched
752,25.066667,1126,37.533333,0.393511,matched
753,25.1,1128,37.6,0.37129,matched
754,25.133333,1130,37.666667,0.349069,review
755,25.166667,1132,37.733333,0.326848,review
756,25.2,1134,37.8,0.304626,review
757,25.233333,1134,37.8,0.293235,review
758,25.266667,1135,37.833333,0.281843,review
759,25.3,1135,37.833333,0.270451,review
760,25.333333,1136,37.866667,0.25906,review
761,25.366667,1136,37.866667,0.247668,review
762,25.4,1137,37.9,0.236276,review
763,25.433333,1137,37.9,0.224885,review
764,25.466667,1138,37.933333,0.213493,review
765,25.5,1138,37.933333,0.202101,review
766,25.533333,1139,37.966667,0.190709,review
767,25.566667,1139,37.966667,0.179318,review
768,25.6,1140,38.0,0.167926,review
769,25.633333,1140,38.0,0.184805,review
770,25.666667,1141,38.033333,0.201684,review
771,25.7,1142,38.066667,0.218563,review
772,25.733333,1142,38.066667,0.235443,review
773,25.766667,1143,38.1,0.252322,review
774,25.8,1143,38.1,0.269201,review
775,25.833333,1144,38.133333,0.28608,review
776,25.866667,1144,38.133333,0.302959,review
777,25.9,1145,38.166667,0.319838,review
778,25.933333,1145,38.166667,0.336718,review
779,25.966667,1146,38.2,0.353597,matched
780,26.0,1146,38.2,0.370476,matched
781,26.033333,1148,38.266667,0.335481,review
782,26.066667,1150,38.333333,0.300487,review
783,26.1,1152,38.4,0.265492,review
784,26.133333,1154,38.466667,0.230498,review
785,26.166667,1156,38.533333,0.195503,review
786,26.2,1158,38.6,0.160509,review
787,26.233333,1158,38.6,0.161196,review
788,26.266667,1159,38.633333,0.161884,review
789,26.3,1159,38.633333,0.162572,review
790,26.333333,1160,38.666667,0.16326,review
791,26.366667,1160,38.666667,0.163948,review
792,26.4,1161,38.7,0.164635,review
793,26.433333,1161,38.7,0.165323,review
794,26.466667,1162,38.733333,0.166011,review
795,26.5,1162,38.733333,0.166699,review
796,26.533333,1163,38.766667,0.167387,review
797,26.566667,1163,38.766667,0.168075,review
798,26.6,1164,38.8,0.168763,review
799,26.633333,1166,38.866667,0.222769,review
800,26.666667,1168,38.933333,0.276776,review
801,26.7,1170,39.0,0.330783,review
802,26.733333,1172,39.066667,0.38479,matched
803,26.766667,1174,39.133333,0.438797,matched
804,26.8,1176,39.2,0.492802,matched
805,26.833333,1178,39.266667,0.46887,matched
806,26.866667,1180,39.333333,0.444938,matched
807,26.9,1182,39.4,0.421006,matched
808,26.933333,1184,39.466667,0.397073,matched
809,26.966667,1186,39.533333,0.373141,matched
810,27.0,1188,39.6,0.349209,review
811,27.033333,1188,39.6,0.355649,matched
812,27.066667,1189,39.633333,0.362088,matched
813,27.1,1189,39.633333,0.368528,matched
814,27.133333,1190,39.666667,0.374967,matched
815,27.166667,1190,39.666667,0.381407,matched
816,27.2,1191,39.7,0.387847,matched
817,27.233333,1191,39.7,0.394286,matched
818,27.266667,1192,39.733333,0.400726,matched
819,27.3,1192,39.733333,0.407165,matched
820,27.333333,1193,39.766667,0.413605,matched
821,27.366667,1193,39.766667,0.420044,matched
822,27.4,1194,39.8,0.426484,matched
823,27.433333,1196,39.866667,0.449169,matched
824,27.466667,1198,39.933333,0.471854,matched
825,27.5,1200,40.0,0.494538,matched
826,27.533333,1202,40.066667,0.517223,matched
827,27.566667,1204,40.133333,0.539908,matched
828,27.6,1206,40.2,0.562593,matched
829,27.633333,1207,40.233333,0.561907,matched
830,27.666667,1207,40.233333,0.561221,matched
831,27.7,1208,40.266667,0.560535,matched
832,27.733333,1208,40.266667,0.559849,matched
833,27.766667,1209,40.3,0.559163,matched
834,27.8,1209,40.3,0.558476,matched
835,27.833333,1210,40.333333,0.55779,matched
836,27.866667,1210,40.333333,0.557104,matched
837,27.9,1211,40.366667,0.556418,matched
838,27.933333,1211,40.366667,0.555732,matched
839,27.966667,1212,40.4,0.555046,matched
840,28.0,1212,40.4,0.55436,matched
841,28.033333,1214,40.466667,0.521601,matched
842,28.066667,1216,40.533333,0.488842,matched
843,28.1,1218,40.6,0.456083,matched
844,28.133333,1220,40.666667,0.423324,matched
845,28.166667,1222,40.733333,0.390565,matched
846,28.2,1224,40.8,0.357806,matched
847,28.233333,1226,40.866667,0.414669,matched
848,28.266667,1228,40.933333,0.471534,matched
849,28.3,1230,41.0,0.528399,matched
850,28.333333,1232,41.066667,0.585264,matched
851,28.366667,1234,41.133333,0.642129,matched
852,28.4,1236,41.2,0.698993,matched
853,28.433333,1238,41.266667,0.64429,matched
854,28.466667,1240,41.333333,0.589586,matched
855,28.5,1242,41.4,0.534883,matched
856,28.533333,1244,41.466667,0.48018,matched
857,28.566667,1246,41.533333,0.425476,matched
858,28.6,1248,41.6,0.370773,matched
859,28.633333,1250,41.666667,0.34766,review
860,28.666667,1252,41.733333,0.324548,review
861,28.7,1254,41.8,0.301435,review
862,28.733333,1256,41.866667,0.278323,review
863,28.766667,1258,41.933333,0.255211,review
864,28.8,1260,42.0,0.232099,review
865,28.833333,1262,42.066667,0.25292,review
866,28.866667,1264,42.133333,0.273741,review
867,28.9,1266,42.2,0.294561,review
868,28.933333,1268,42.266667,0.315382,review
869,28.966667,1270,42.333333,0.336202,review
870,29.0,1272,42.4,0.357023,matched
871,29.033333,1274,42.466667,0.343155,review
872,29.066667,1276,42.533333,0.329287,review
873,29.1,1278,42.6,0.31542,review
874,29.133333,1280,42.666667,0.301552,review
875,29.166667,1282,42.733333,0.287684,review
876,29.2,1284,42.8,0.273816,review
877,29.233333,1286,42.866667,0.314243,review
878,29.266667,1288,42.933333,0.354671,matched
879,29.3,1290,43.0,0.395099,matched
880,29.333333,1292,43.066667,0.435527,matched
881,29.366667,1294,43.133333,0.475955,matched
882,29.4,1296,43.2,0.516383,matched
883,29.433333,1298,43.266667,0.542524,matched
884,29.466667,1300,43.333333,0.568664,matched
885,29.5,1302,43.4,0.594805,matched
886,29.533333,1304,43.466667,0.620946,matched
887,29.566667,1306,43.533333,0.647086,matched
888,29.6,1308,43.6,0.673227,matched
889,29.633333,1308,43.6,0.675458,matched
890,29.666667,1309,43.633333,0.677689,matched
891,29.7,1309,43.633333,0.67992,matched
892,29.733333,1310,43.666667,0.682151,matched
893,29.766667,1310,43.666667,0.684382,matched
894,29.8,1311,43.7,0.686613,matched
895,29.833333,1311,43.7,0.688845,matched
896,29.866667,1312,43.733333,0.691076,matched
897,29.9,1312,43.733333,0.693307,matched
898,29.933333,1313,43.766667,0.695538,matched
899,29.966667,1313,43.766667,0.697769,matched
900,30.0,1314,43.8,0.7,matched
901,30.033333,1314,43.8,0.684939,matched
902,30.066667,1315,43.833333,0.669879,matched
903,30.1,1315,43.833333,0.654818,matched
904,30.133333,1316,43.866667,0.639758,matched
905,30.166667,1316,43.866667,0.624697,matched
906,30.2,1317,43.9,0.609637,matched
907,30.233333,1317,43.9,0.594576,matched
908,30.266667,1318,43.933333,0.579516,matched
909,30.3,1318,43.933333,0.564455,matched
910,30.333333,1319,43.966667,0.549395,matched
911,30.366667,1320,44.0,0.534334,matched
912,30.4,1320,44.0,0.519274,matched
913,30.433333,1321,44.033333,0.518098,matched
914,30.466667,1321,44.033333,0.516921,matched
915,30.5,1322,44.066667,0.515745,matched
916,30.533333,1322,44.066667,0.514568,matched
917,30.566667,1323,44.1,0.513392,matched
918,30.6,1323,44.1,0.512215,matched
919,30.633333,1324,44.133333,0.511039,matched
920,30.666667,1324,44.133333,0.509863,matched
921,30.7,1325,44.166667,0.508686,matched
922,30.733333,1325,44.166667,0.50751,matched
923,30.766667,1326,44.2,0.506333,matched
924,30.8,1326,44.2,0.505157,matched
925,30.833333,1327,44.233333,0.497436,matched
926,30.866667,1327,44.233333,0.489715,matched
927,30.9,1328,44.266667,0.481993,matched
928,30.933333,1328,44.266667,0.474272,matched
929,30.966667,1329,44.3,0.466551,matched
930,31.0,1329,44.3,0.45883,matched
931,31.033333,1330,44.333333,0.451109,matched
932,31.066667,1330,44.333333,0.443388,matched
933,31.1,1331,44.366667,0.435667,matched
934,31.133333,1331,44.366667,0.427945,matched
935,31.166667,1332,44.4,0.420224,matched
936,31.2,1332,44.4,0.412503,matched
937,31.233333,1333,44.433333,0.415265,matched
938,31.266667,1333,44.433333,0.418027,matched
939,31.3,1334,44.466667,0.420789,matched
940,31.333333,1334,44.466667,0.423551,matched
941,31.366667,1334,44.466667,0.426313,matched
942,31.4,1335,44.5,0.429074,matched
943,31.433333,1335,44.5,0.431836,matched
944,31.466667,1336,44.533333,0.434598,matched
945,31.5,1336,44.533333,0.43736,matched
946,31.533333,1337,44.566667,0.440122,matched
947,31.566667,1337,44.566667,0.442884,matched
948,31.6,1338,44.6,0.445646,matched
949,31.633333,1340,44.666667,0.488038,matched
950,31.666667,1342,44.733333,0.530431,matched
951,31.7,1344,44.8,0.572823,matched
952,31.733333,1346,44.866667,0.615216,matched
953,31.766667,1348,44.933333,0.657608,matched
954,31.8,1350,45.0,0.7,matched
955,31.833333,1352,45.066667,0.7,matched
956,31.866667,1354,45.133333,0.7,matched
957,31.9,1356,45.2,0.7,matched
958,31.933333,1358,45.266667,0.7,matched
959,31.966667,1360,45.333333,0.7,matched
960,32.0,1362,45.4,0.7,matched
961,32.033333,1364,45.466667,0.7,matched
962,32.066667,1366,45.533333,0.7,matched
963,32.1,1368,45.6,0.7,matched
964,32.133333,1370,45.666667,0.7,matched
965,32.166667,1372,45.733333,0.7,matched
966,32.2,1374,45.8,0.7,matched
967,32.233333,1376,45.866667,0.7,matched
968,32.266667,1378,45.933333,0.7,matched
969,32.3,1380,46.0,0.7,matched
970,32.333333,1382,46.066667,0.7,matched
971,32.366667,1384,46.133333,0.7,matched
972,32.4,1386,46.2,0.7,matched
973,32.433333,1388,46.266667,0.687982,matched
974,32.466667,1390,46.333333,0.675963,matched
975,32.5,1392,46.4,0.663944,matched
976,32.533333,1394,46.466667,0.651925,matched
977,32.566667,1396,46.533333,0.639906,matched
978,32.6,1398,46.6,0.627888,matched
979,32.633333,1400,46.666667,0.619103,matched
980,32.666667,1402,46.733333,0.610318,matched
981,32.7,1404,46.8,0.601533,matched
982,32.733333,1406,46.866667,0.592748,matched
983,32.766667,1408,46.933333,0.583964,matched
984,32.8,1410,47.0,0.575178,matched
985,32.833333,1411,47.033333,0.545876,matched
986,32.866667,1411,47.033333,0.516574,matched
987,32.9,1412,47.066667,0.487271,matched
988,32.933333,1412,47.066667,0.457969,matched
989,32.966667,1413,47.1,0.428667,matched
990,33.0,1413,47.1,0.399364,matched
991,33.033333,1414,47.133333,0.370062,matched
992,33.066667,1414,47.133333,0.34076,review
993,33.1,1415,47.166667,0.311458,review
994,33.133333,1415,47.166667,0.282155,review
995,33.166667,1416,47.2,0.252853,review
996,33.2,1416,47.2,0.223551,review
997,33.233333,1417,47.233333,0.243027,review
998,33.266667,1417,47.233333,0.262505,review
999,33.3,1418,47.266667,0.281982,review
1000,33.333333,1418,47.266667,0.30146,review
1001,33.366667,1419,47.3,0.320938,review
1002,33.4,1419,47.3,0.340415,review
1003,33.433333,1420,47.333333,0.359893,matched
1004,33.466667,1420,47.333333,0.37937,matched
1005,33.5,1421,47.366667,0.398848,matched
1006,33.533333,1421,47.366667,0.418326,matched
1007,33.566667,1422,47.4,0.437803,matched
1008,33.6,1422,47.4,0.45728,matched
1009,33.633333,1424,47.466667,0.459941,matched
1010,33.666667,1426,47.533333,0.462602,matched
1011,33.7,1428,47.6,0.465263,matched
1012,33.733333,1430,47.666667,0.467924,matched
1013,33.766667,1432,47.733333,0.470585,matched
1014,33.8,1434,47.8,0.473246,matched
1015,33.833333,1436,47.866667,0.462423,matched
1016,33.866667,1438,47.933333,0.451601,matched
1017,33.9,1440,48.0,0.440779,matched
1018,33.933333,1442,48.066667,0.429957,matched
1019,33.966667,1444,48.133333,0.419134,matched
1020,34.0,1446,48.2,0.408312,matched
1021,34.033333,1448,48.266667,0.449394,matched
1022,34.066667,1450,48.333333,0.490475,matched
1023,34.1,1452,48.4,0.531557,matched
1024,34.133333,1454,48.466667,0.572639,matched
1025,34.166667,1456,48.533333,0.61372,matched
1026,34.2,1458,48.6,0.654802,matched
1027,34.233333,1458,48.6,0.625176,matched
1028,34.266667,1459,48.633333,0.595548,matched
1029,34.3,1459,48.633333,0.565921,matched
1030,34.333333,1460,48.666667,0.536293,matched
1031,34.366667,1460,48.666667,0.506665,matched
1032,34.4,1461,48.7,0.477038,matched
1033,34.433333,1461,48.7,0.44741,matched
1034,34.466667,1462,48.733333,0.417782,matched
1035,34.5,1462,48.733333,0.388155,matched
1036,34.533333,1463,48.766667,0.358527,matched
1037,34.566667,1463,48.766667,0.328899,review
1038,34.6,1464,48.8,0.299275,review
1039,34.633333,1466,48.866667,0.347313,review
1040,34.666667,1468,48.933333,0.39535,matched
1041,34.7,1470,49.0,0.443387,matched
1042,34.733333,1472,49.066667,0.491424,matched
1043,34.766667,1474,49.133333,0.539462,matched
1044,34.8,1476,49.2,0.587498,matched
1045,34.833333,1477,49.233333,0.584585,matched
1046,34.866667,1477,49.233333,0.581673,matched
1047,34.9,1478,49.266667,0.57876,matched
1048,34.933333,1478,49.266667,0.575848,matched
1049,34.966667,1479,49.3,0.572935,matched
1050,35.0,1479,49.3,0.570022,matched
1051,35.033333,1480,49.333333,0.56711,matched
1052,35.066667,1480,49.333333,0.564197,matched
1053,35.1,1481,49.366667,0.561285,matched
1054,35.133333,1481,49.366667,0.558372,matched
1055,35.166667,1482,49.4,0.55546,matched
1056,35.2,1482,49.4,0.552547,matched
1057,35.233333,1483,49.433333,0.546294,matched
1058,35.266667,1483,49.433333,0.540042,matched
1059,35.3,1484,49.466667,0.533789,matched
1060,35.333333,1484,49.466667,0.527536,matched
1061,35.366667,1485,49.5,0.521284,matched
1062,35.4,1485,49.5,0.515031,matched
1063,35.433333,1486,49.533333,0.508778,matched
1064,35.466667,1486,49.533333,0.502526,matched
1065,35.5,1486,49.533333,0.496273,matched
1066,35.533333,1487,49.566667,0.49002,matched
1067,35.566667,1487,49.566667,0.483767,matched
1068,35.6,1488,49.6,0.477514,matched
1069,35.633333,1488,49.6,0.460434,matched
1070,35.666667,1489,49.633333,0.443355,matched
1071,35.7,1489,49.633333,0.426275,matched
1072,35.733333,1490,49.666667,0.409195,matched
1073,35.766667,1490,49.666667,0.392115,matched
1074,35.8,1491,49.7,0.375036,matched
1075,35.833333,1491,49.7,0.357956,matched
1076,35.866667,1492,49.733333,0.340876,review
1077,35.9,1492,49.733333,0.323796,review
1078,35.933333,1493,49.766667,0.306717,review
1079,35.966667,1493,49.766667,0.289637,review
1080,36.0,1494,49.8,0.272557,review
1081,36.033333,1494,49.8,0.286398,review
1082,36.066667,1495,49.833333,0.300239,review
1083,36.1,1495,49.833333,0.31408,review
1084,36.133333,1496,49.866667,0.327921,review
1085,36.166667,1496,49.866667,0.341762,review
1086,36.2,1497,49.9,0.355603,matched
1087,36.233333,1497,49.9,0.369444,matched
1088,36.266667,1498,49.933333,0.383285,matched
1089,36.3,1498,49.933333,0.397126,matched
1090,36.333333,1499,49.966667,0.410966,matched
1091,36.366667,1499,49.966667,0.424807,matched
1092,36.4,1500,50.0,0.438648,matched
1093,36.433333,1500,50.0,0.432652,matched
1094,36.466667,1501,50.033333,0.426655,matched
1095,36.5,1501,50.033333,0.420658,matched
1096,36.533333,1502,50.066667,0.414661,matched
1097,36.566667,1503,50.1,0.408664,matched
1098,36.6,1503,50.1,0.402667,matched
1099,36.633333,1504,50.133333,0.39667,matched
1100,36.666667,1504,50.133333,0.390673,matched
1101,36.7,1505,50.166667,0.384676,matched
1102,36.733333,1505,50.166667,0.378679,matched
1103,36.766667,1506,50.2,0.372682,matched
1104,36.8,1506,50.2,0.366686,matched
1105,36.833333,1507,50.233333,0.394462,matched
1106,36.866667,1507,50.233333,0.422238,matched
1107,36.9,1508,50.266667,0.450014,matched
1108,36.933333,1508,50.266667,0.47779,matched
1109,36.966667,1509,50.3,0.505566,matched
1110,37.0,1509,50.3,0.533342,matched
1111,37.033333,1510,50.333333,0.561119,matched
1112,37.066667,1510,50.333333,0.588895,matched
1113,37.1,1511,50.366667,0.616671,matched
1114,37.133333,1511,50.366667,0.644447,matched
1115,37.166667,1512,50.4,0.672223,matched
1116,37.2,1512,50.4,0.699999,matched
1117,37.233333,1513,50.433333,0.678171,matched
1118,37.266667,1513,50.433333,0.656342,matched
1119,37.3,1514,50.466667,0.634513,matched
1120,37.333333,1514,50.466667,0.612684,matched
1121,37.366667,1515,50.5,0.590854,matched
1122,37.4,1515,50.5,0.569025,matched
1123,37.433333,1516,50.533333,0.547196,matched
1124,37.466667,1516,50.533333,0.525367,matched
1125,37.5,1516,50.533333,0.503538,matched
1126,37.533333,1517,50.566667,0.481708,matched
1127,37.566667,1517,50.566667,0.459879,matched
1128,37.6,1518,50.6,0.438053,matched
1129,37.633333,1520,50.666667,0.474638,matched
1130,37.666667,1522,50.733333,0.511224,matched
1131,37.7,1524,50.8,0.54781,matched
1132,37.733333,1526,50.866667,0.584395,matched
1133,37.766667,1528,50.933333,0.620981,matched
1134,37.8,1530,51.0,0.657566,matched
1135,37.833333,1531,51.033333,0.64734,matched
1136,37.866667,1531,51.033333,0.637114,matched
1137,37.9,1532,51.066667,0.626889,matched
1138,37.933333,1532,51.066667,0.616663,matched
1139,37.966667,1533,51.1,0.606437,matched
1140,38.0,1533,51.1,0.596211,matched
1141,38.033333,1534,51.133333,0.585986,matched
1142,38.066667,1534,51.133333,0.57576,matched
1143,38.1,1535,51.166667,0.565534,matched
1144,38.133333,1535,51.166667,0.555309,matched
1145,38.166667,1536,51.2,0.545083,matched
1146,38.2,1536,51.2,0.534857,matched
1147,38.233333,1537,51.233333,0.538673,matched
1148,38.266667,1537,51.233333,0.542488,matched
1149,38.3,1538,51.266667,0.546304,matched
1150,38.333333,1538,51.266667,0.55012,matched
1151,38.366667,1539,51.3,0.553936,matched
1152,38.4,1539,51.3,0.557752,matched
1153,38.433333,1540,51.333333,0.561567,matched
1154,38.466667,1540,51.333333,0.565383,matched
1155,38.5,1541,51.366667,0.569199,matched
1156,38.533333,1541,51.366667,0.573015,matched
1157,38.566667,1542,51.4,0.57683,matched
1158,38.6,1542,51.4,0.580646,matched
1159,38.633333,1543,51.433333,0.57955,matched
1160,38.666667,1543,51.433333,0.578455,matched
1161,38.7,1544,51.466667,0.577359,matched
1162,38.733333,1544,51.466667,0.576264,matched
1163,38.766667,1545,51.5,0.575168,matched
1164,38.8,1545,51.5,0.574072,matched
1165,38.833333,1546,51.533333,0.572977,matched
1166,38.866667,1546,51.533333,0.571881,matched
1167,38.9,1546,51.533333,0.570786,matched
1168,38.933333,1547,51.566667,0.56969,matched
1169,38.966667,1547,51.566667,0.568595,matched
1170,39.0,1548,51.6,0.567499,matched
1171,39.033333,1548,51.6,0.573216,matched
1172,39.066667,1549,51.633333,0.578933,matched
1173,39.1,1549,51.633333,0.584651,matched
1174,39.133333,1550,51.666667,0.590368,matched
1175,39.166667,1550,51.666667,0.596085,matched
1176,39.2,1551,51.7,0.601802,matched
1177,39.233333,1551,51.7,0.60752,matched
1178,39.266667,1552,51.733333,0.613237,matched
1179,39.3,1552,51.733333,0.618954,matched
1180,39.333333,1553,51.766667,0.624671,matched
1181,39.366667,1553,51.766667,0.630389,matched
1182,39.4,1554,51.8,0.636106,matched
1183,39.433333,1556,51.866667,0.631638,matched
1184,39.466667,1558,51.933333,0.627169,matched
1185,39.5,1560,52.0,0.622701,matched
1186,39.533333,1562,52.066667,0.618233,matched
1187,39.566667,1564,52.133333,0.613764,matched
1188,39.6,1566,52.2,0.609295,matched
1189,39.633333,1568,52.266667,0.576992,matched
1190,39.666667,1570,52.333333,0.544689,matched
1191,39.7,1572,52.4,0.512386,matched
1192,39.733333,1574,52.466667,0.480083,matched
1193,39.766667,1576,52.533333,0.44778,matched
1194,39.8,1578,52.6,0.415478,matched
1195,39.833333,1578,52.6,0.41703,matched
1196,39.866667,1579,52.633333,0.418583,matched
1197,39.9,1579,52.633333,0.420135,matched
1198,39.933333,1580,52.666667,0.421687,matched
1199,39.966667,1580,52.666667,0.42324,matched
1200,40.0,1581,52.7,0.424792,matched
1201,40.033333,1581,52.7,0.426344,matched
1202,40.066667,1582,52.733333,0.427897,matched
1203,40.1,1582,52.733333,0.429449,matched
1204,40.133333,1583,52.766667,0.431001,matched
1205,40.166667,1583,52.766667,0.432554,matched
1206,40.2,1584,52.8,0.434106,matched
1207,40.233333,1584,52.8,0.43495,matched
1208,40.266667,1585,52.833333,0.435795,matched
1209,40.3,1585,52.833333,0.436639,matched
1210,40.333333,1586,52.866667,0.437483,matched
1211,40.366667,1586,52.866667,0.438328,matched
1212,40.4,1587,52.9,0.439172,matched
1213,40.433333,1587,52.9,0.440016,matched
1214,40.466667,1588,52.933333,0.440861,matched
1215,40.5,1589,52.966667,0.441705,matched
1216,40.533333,1589,52.966667,0.442549,matched
1217,40.566667,1590,53.0,0.443394,matched
1218,40.6,1590,53.0,0.44424,matched
1219,40.633333,1592,53.066667,0.481086,matched
1220,40.666667,1594,53.133333,0.517933,matched
1221,40.7,1596,53.2,0.554779,matched
1222,40.733333,1598,53.266667,0.591626,matched
1223,40.766667,1600,53.333333,0.628472,matched
1224,40.8,1602,53.4,0.665318,matched
1225,40.833333,1603,53.433333,0.656041,matched
1226,40.866667,1603,53.433333,0.646764,matched
1227,40.9,1604,53.466667,0.637488,matched
1228,40.933333,1604,53.466667,0.628211,matched
1229,40.966667,1605,53.5,0.618934,matched
1230,41.0,1605,53.5,0.609657,matched
1231,41.033333,1605,53.5,0.600381,matched
1232,41.066667,1606,53.533333,0.591104,matched
1233,41.1,1606,53.533333,0.581827,matched
1234,41.133333,1607,53.566667,0.572551,matched
1235,41.166667,1607,53.566667,0.563274,matched
1236,41.2,1608,53.6,0.553997,matched
1237,41.233333,1608,53.6,0.558596,matched
1238,41.266667,1609,53.633333,0.563194,matched
1239,41.3,1609,53.633333,0.567793,matched
1240,41.333333,1610,53.666667,0.572392,matched
1241,41.366667,1610,53.666667,0.57699,matched
1242,41.4,1611,53.7,0.581589,matched
1243,41.433333,1611,53.7,0.586188,matched
1244,41.466667,1612,53.733333,0.590786,matched
1245,41.5,1612,53.733333,0.595385,matched
1246,41.533333,1613,53.766667,0.599984,matched
1247,41.566667,1613,53.766667,0.604583,matched
1248,41.6,1614,53.8,0.609181,matched
1249,41.633333,1614,53.8,0.61675,matched
1250,41.666667,1615,53.833333,0.624318,matched
1251,41.7,1616,53.866667,0.631886,matched
1252,41.733333,1616,53.866667,0.639454,matched
1253,41.766667,1616,53.866667,0.647022,matched
1254,41.8,1617,53.9,0.654591,matched
1255,41.833333,1618,53.933333,0.662159,matched
1256,41.866667,1618,53.933333,0.669727,matched
1257,41.9,1618,53.933333,0.677295,matched
1258,41.933333,1619,53.966667,0.684864,matched
1259,41.966667,1620,54.0,0.692432,matched
1260,42.0,1620,54.0,0.7,matched
1261,42.033333,1620,54.0,0.698523,matched
1262,42.066667,1621,54.033333,0.697046,matched
1263,42.1,1622,54.066667,0.695569,matched
1264,42.133333,1622,54.066667,0.694092,matched
1265,42.166667,1622,54.066667,0.692615,matched
1266,42.2,1623,54.1,0.691138,matched
1267,42.233333,1624,54.133333,0.68966,matched
1268,42.266667,1624,54.133333,0.688183,matched
1269,42.3,1624,54.133333,0.686706,matched
1270,42.333333,1625,54.166667,0.685229,matched
1271,42.366667,1626,54.2,0.683752,matched
1272,42.4,1626,54.2,0.682275,matched
1273,42.433333,1627,54.233333,0.676131,matched
1274,42.466667,1627,54.233333,0.669987,matched
1275,42.5,1628,54.266667,0.663843,matched
1276,42.533333,1628,54.266667,0.657698,matched
1277,42.566667,1629,54.3,0.651554,matched
1278,42.6,1629,54.3,0.64541,matched
1279,42.633333,1630,54.333333,0.639266,matched
1280,42.666667,1630,54.333333,0.633122,matched
1281,42.7,1631,54.366667,0.626977,matched
1282,42.733333,1631,54.366667,0.620833,matched
1283,42.766667,1632,54.4,0.614689,matched
1284,42.8,1632,54.4,0.608545,matched
1285,42.833333,1633,54.433333,0.598934,matched
1286,42.866667,1633,54.433333,0.589323,matched
1287,42.9,1634,54.466667,0.579712,matched
1288,42.933333,1634,54.466667,0.570102,matched
1289,42.966667,1635,54.5,0.560491,matched
1290,43.0,1635,54.5,0.55088,matched
1291,43.033333,1635,54.5,0.541269,matched
1292,43.066667,1636,54.533333,0.531658,matched
1293,43.1,1636,54.533333,0.522048,matched
1294,43.133333,1637,54.566667,0.512437,matched
1295,43.166667,1637,54.566667,0.502826,matched
1296,43.2,1638,54.6,0.493215,matched
1297,43.233333,1638,54.6,0.510447,matched
1298,43.266667,1639,54.633333,0.527679,matched
1299,43.3,1639,54.633333,0.544911,matched
1300,43.333333,1640,54.666667,0.562143,matched
1301,43.366667,1640,54.666667,0.579376,matched
1302,43.4,1641,54.7,0.596608,matched
1303,43.433333,1641,54.7,0.61384,matched
1304,43.466667,1642,54.733333,0.631072,matched
1305,43.5,1642,54.733333,0.648304,matched
1306,43.533333,1643,54.766667,0.665536,matched
1307,43.566667,1643,54.766667,0.682769,matched
1308,43.6,1644,54.8,0.699999,matched
1309,43.633333,1644,54.8,0.680099,matched
1310,43.666667,1645,54.833333,0.660199,matched
1311,43.7,1646,54.866667,0.640299,matched
1312,43.733333,1646,54.866667,0.620399,matched
1313,43.766667,1646,54.866667,0.600499,matched
1314,43.8,1647,54.9,0.5806,matched
1315,43.833333,1648,54.933333,0.5607,matched
1316,43.866667,1648,54.933333,0.5408,matched
1317,43.9,1648,54.933333,0.5209,matched
1318,43.933333,1649,54.966667,0.501,matched
1319,43.966667,1650,55.0,0.4811,matched
1320,44.0,1650,55.0,0.4612,matched
1321,44.033333,1650,55.0,0.475829,matched
1322,44.066667,1651,55.033333,0.490457,matched
1323,44.1,1652,55.066667,0.505086,matched
1324,44.133333,1652,55.066667,0.519715,matched
1325,44.166667,1652,55.066667,0.534343,matched
1326,44.2,1653,55.1,0.548972,matched
1327,44.233333,1654,55.133333,0.563601,matched
1328,44.266667,1654,55.133333,0.57823,matched
1329,44.3,1654,55.133333,0.592858,matched
1330,44.333333,1655,55.166667,0.607487,matched
1331,44.366667,1656,55.2,0.622116,matched
1332,44.4,1656,55.2,0.636744,matched
1333,44.433333,1657,55.233333,0.642016,matched
1334,44.466667,1657,55.233333,0.647287,matched
1335,44.5,1658,55.266667,0.652559,matched
1336,44.533333,1658,55.266667,0.65783,matched
1337,44.566667,1659,55.3,0.663101,matched
1338,44.6,1659,55.3,0.668372,matched
1339,44.633333,1660,55.333333,0.673644,matched
1340,44.666667,1660,55.333333,0.678915,matched
1341,44.7,1661,55.366667,0.684186,matched
1342,44.733333,1661,55.366667,0.689458,matched
1343,44.766667,1662,55.4,0.694729,matched
1344,44.8,1662,55.4,0.7,matched
1345,44.833333,1664,55.466667,0.680296,matched
1346,44.866667,1666,55.533333,0.660592,matched
1347,44.9,1668,55.6,0.640889,matched
1348,44.933333,1670,55.666667,0.621185,matched
1349,44.966667,1672,55.733333,0.601482,matched
1350,45.0,1674,55.8,0.581778,matched
1351,45.033333,1674,55.8,0.590261,matched
1352,45.066667,1675,55.833333,0.598744,matched
1353,45.1,1675,55.833333,0.607227,matched
1354,45.133333,1676,55.866667,0.61571,matched
1355,45.166667,1676,55.866667,0.624193,matched
1356,45.2,1677,55.9,0.632676,matched
1357,45.233333,1677,55.9,0.641159,matched
1358,45.266667,1678,55.933333,0.649642,matched
1359,45.3,1678,55.933333,0.658125,matched
1360,45.333333,1679,55.966667,0.666608,matched
1361,45.366667,1679,55.966667,0.675091,matched
1362,45.4,1680,56.0,0.683574,matched
1363,45.433333,1680,56.0,0.684943,matched
1364,45.466667,1681,56.033333,0.686312,matched
1365,45.5,1681,56.033333,0.68768,matched
1366,45.533333,1682,56.066667,0.689049,matched
1367,45.566667,1683,56.1,0.690418,matched
1368,45.6,1683,56.1,0.691787,matched
1369,45.633333,1684,56.133333,0.693156,matched
1370,45.666667,1684,56.133333,0.694525,matched
1371,45.7,1685,56.166667,0.695894,matched
1372,45.733333,1685,56.166667,0.697262,matched
1373,45.766667,1686,56.2,0.698631,matched
1374,45.8,1686,56.2,0.7,matched
1375,45.833333,1687,56.233333,0.7,matched
1376,45.866667,1687,56.233333,0.7,matched
1377,45.9,1688,56.266667,0.7,matched
1378,45.933333,1688,56.266667,0.7,matched
1379,45.966667,1689,56.3,0.7,matched
1380,46.0,1689,56.3,0.7,matched
1381,46.033333,1690,56.333333,0.7,matched
1382,46.066667,1690,56.333333,0.7,matched
1383,46.1,1691,56.366667,0.7,matched
1384,46.133333,1691,56.366667,0.7,matched
1385,46.166667,1692,56.4,0.7,matched
1386,46.2,1692,56.4,0.7,matched
1387,46.233333,1693,56.433333,0.67833,matched
1388,46.266667,1693,56.433333,0.656659,matched
1389,46.3,1694,56.466667,0.634989,matched
1390,46.333333,1694,56.466667,0.613318,matched
1391,46.366667,1695,56.5,0.591647,matched
1392,46.4,1695,56.5,0.569977,matched
1393,46.433333,1696,56.533333,0.548306,matched
1394,46.466667,1696,56.533333,0.526636,matched
1395,46.5,1696,56.533333,0.504965,matched
1396,46.533333,1697,56.566667,0.483294,matched
1397,46.566667,1697,56.566667,0.461624,matched
1398,46.6,1698,56.6,0.439954,matched
1399,46.633333,1700,56.666667,0.436849,matched
1400,46.666667,1702,56.733333,0.433744,matched
1401,46.7,1704,56.8,0.430639,matched
1402,46.733333,1706,56.866667,0.427534,matched
1403,46.766667,1708,56.933333,0.424429,matched
1404,46.8,1710,57.0,0.421324,matched
1405,46.833333,1711,57.033333,0.438202,matched
1406,46.866667,1711,57.033333,0.455079,matched
1407,46.9,1712,57.066667,0.471956,matched
1408,46.933333,1712,57.066667,0.488833,matched
1409,46.966667,1713,57.1,0.50571,matched
1410,47.0,1713,57.1,0.522587,matched
1411,47.033333,1714,57.133333,0.539464,matched
1412,47.066667,1714,57.133333,0.556341,matched
1413,47.1,1715,57.166667,0.573218,matched
1414,47.133333,1715,57.166667,0.590095,matched
1415,47.166667,1716,57.2,0.606973,matched
1416,47.2,1716,57.2,0.62385,matched
1417,47.233333,1717,57.233333,0.609921,matched
1418,47.266667,1717,57.233333,0.595992,matched
1419,47.3,1718,57.266667,0.582063,matched
1420,47.333333,1718,57.266667,0.568133,matched
1421,47.366667,1719,57.3,0.554204,matched
1422,47.4,1719,57.3,0.540275,matched
1423,47.433333,1720,57.333333,0.526346,matched
1424,47.466667,1720,57.333333,0.512416,matched
1425,47.5,1721,57.366667,0.498487,matched
1426,47.533333,1721,57.366667,0.484558,matched
1427,47.566667,1722,57.4,0.470629,matched
1428,47.6,1722,57.4,0.4567,matched
1429,47.633333,1723,57.433333,0.447405,matched
1430,47.666667,1723,57.433333,0.438109,matched
1431,47.7,1724,57.466667,0.428814,matched
1432,47.733333,1724,57.466667,0.419519,matched
1433,47.766667,1725,57.5,0.410224,matched
1434,47.8,1725,57.5,0.400929,matched
1435,47.833333,1726,57.533333,0.391634,matched
1436,47.866667,1726,57.533333,0.382339,matched
1437,47.9,1726,57.533333,0.373044,matched
1438,47.933333,1727,57.566667,0.363749,matched
1439,47.966667,1727,57.566667,0.354454,matched
1440,48.0,1728,57.6,0.345159,review
1441,48.033333,1728,57.6,0.374729,matched
1442,48.066667,1729,57.633333,0.404299,matched
1443,48.1,1729,57.633333,0.433869,matched
1444,48.133333,1730,57.666667,0.463439,matched
1445,48.166667,1730,57.666667,0.493009,matched
1446,48.2,1731,57.7,0.522579,matched
1447,48.233333,1731,57.7,0.552149,matched
1448,48.266667,1732,57.733333,0.581719,matched
1449,48.3,1732,57.733333,0.611289,matched
1450,48.333333,1733,57.766667,0.640859,matched
1451,48.366667,1733,57.766667,0.670429,matched
1452,48.4,1734,57.8,0.699999,matched
1453,48.433333,1734,57.8,0.7,matched
1454,48.466667,1735,57.833333,0.7,matched
1455,48.5,1735,57.833333,0.7,matched
1456,48.533333,1736,57.866667,0.7,matched
1457,48.566667,1736,57.866667,0.7,matched
1458,48.6,1737,57.9,0.7,matched
1459,48.633333,1737,57.9,0.7,matched
1460,48.666667,1738,57.933333,0.7,matched
1461,48.7,1738,57.933333,0.7,matched
1462,48.733333,1739,57.966667,0.7,matched
1463,48.766667,1740,58.0,0.7,matched
1464,48.8,1740,58.0,0.699999,matched
1465,48.833333,1741,58.033333,0.676404,matched
1466,48.866667,1741,58.033333,0.652808,matched
1467,48.9,1742,58.066667,0.629212,matched
1468,48.933333,1742,58.066667,0.605616,matched
1469,48.966667,1743,58.1,0.582021,matched
1470,49.0,1743,58.1,0.558425,matched
1471,49.033333,1744,58.133333,0.534829,matched
1472,49.066667,1744,58.133333,0.511234,matched
1473,49.1,1745,58.166667,0.487638,matched
1474,49.133333,1745,58.166667,0.464042,matched
1475,49.166667,1746,58.2,0.440446,matched
1476,49.2,1746,58.2,0.416851,matched
1477,49.233333,1747,58.233333,0.42925,matched
1478,49.266667,1747,58.233333,0.44165,matched
1479,49.3,1748,58.266667,0.45405,matched
1480,49.333333,1748,58.266667,0.46645,matched
1481,49.366667,1749,58.3,0.47885,matched
1482,49.4,1749,58.3,0.49125,matched
1483,49.433333,1750,58.333333,0.50365,matched
1484,49.466667,1750,58.333333,0.51605,matched
1485,49.5,1751,58.366667,0.52845,matched
1486,49.533333,1751,58.366667,0.54085,matched
1487,49.566667,1752,58.4,0.55325,matched
1488,49.6,1752,58.4,0.565649,matched
1489,49.633333,1753,58.433333,0.576845,matched
1490,49.666667,1753,58.433333,0.588041,matched
1491,49.7,1754,58.466667,0.599237,matched
1492,49.733333,1754,58.466667,0.610433,matched
1493,49.766667,1755,58.5,0.621629,matched
1494,49.8,1755,58.5,0.632825,matched
1495,49.833333,1756,58.533333,0.644021,matched
1496,49.866667,1756,58.533333,0.655216,matched
1497,49.9,1756,58.533333,0.666412,matched
1498,49.933333,1757,58.566667,0.677608,matched
1499,49.966667,1757,58.566667,0.688804,matched
1500,50.0,1758,58.6,0.7,matched
1501,50.033333,1758,58.6,0.68095,matched
1502,50.066667,1759,58.633333,0.661901,matched
1503,50.1,1759,58.633333,0.642851,matched
1504,50.133333,1760,58.666667,0.623802,matched
1505,50.166667,1760,58.666667,0.604752,matched
1506,50.2,1761,58.7,0.585702,matched
1507,50.233333,1761,58.7,0.566653,matched
1508,50.266667,1762,58.733333,0.547603,matched
1509,50.3,1762,58.733333,0.528554,matched
1510,50.333333,1763,58.766667,0.509504,matched
1511,50.366667,1763,58.766667,0.490454,matched
1512,50.4,1764,58.8,0.471405,matched
1513,50.433333,1764,58.8,0.490453,matched
1514,50.466667,1765,58.833333,0.509503,matched
1515,50.5,1765,58.833333,0.528552,matched
1516,50.533333,1766,58.866667,0.547602,matched
1517,50.566667,1766,58.866667,0.566652,matched
1518,50.6,1767,58.9,0.585702,matched
1519,50.633333,1767,58.9,0.604752,matched
1520,50.666667,1768,58.933333,0.623801,matched
1521,50.7,1768,58.933333,0.642851,matched
1522,50.733333,1769,58.966667,0.661901,matched
1523,50.766667,1770,59.0,0.680951,matched
1524,50.8,1770,59.0,0.7,matched
1525,50.833333,1772,59.066667,0.679153,matched
1526,50.866667,1774,59.133333,0.658307,matched
1527,50.9,1776,59.2,0.637461,matched
1528,50.933333,1778,59.266667,0.616615,matched
1529,50.966667,1780,59.333333,0.595769,matched
1530,51.0,1782,59.4,0.574923,matched
1531,51.033333,1784,59.466667,0.595769,matched
1532,51.066667,1786,59.533333,0.616615,matched
1533,51.1,1788,59.6,0.637461,matched
1534,51.133333,1790,59.666667,0.658307,matched
1535,51.166667,1792,59.733333,0.679153,matched
1536,51.2,1794,59.8,0.7,matched
1537,51.233333,1794,59.8,0.675945,matched
1538,51.266667,1795,59.833333,0.651889,matched
1539,51.3,1795,59.833333,0.627833,matched
1540,51.333333,1796,59.866667,0.603777,matched
1541,51.366667,1796,59.866667,0.579721,matched
1542,51.4,1797,59.9,0.555665,matched
1543,51.433333,1797,59.9,0.531609,matched
1544,51.466667,1798,59.933333,0.507553,matched
1545,51.5,1799,59.966667,0.483497,matched
1546,51.533333,1799,59.966667,0.459441,matched
1547,51.566667,1800,60.0,0.435385,matched
1548,51.6,1800,60.0,0.411331,matched
1549,51.633333,1801,60.033333,0.423328,matched
1550,51.666667,1801,60.033333,0.435325,matched
1551,51.7,1802,60.066667,0.447322,matched
1552,51.733333,1802,60.066667,0.459319,matched
1553,51.766667,1803,60.1,0.471316,matched
1554,51.8,1803,60.1,0.483313,matched
1555,51.833333,1804,60.133333,0.49531,matched
1556,51.866667,1804,60.133333,0.507308,matched
1557,51.9,1805,60.166667,0.519305,matched
1558,51.933333,1805,60.166667,0.531302,matched
1559,51.966667,1806,60.2,0.543299,matched
1560,52.0,1806,60.2,0.555296,matched
1561,52.033333,1807,60.233333,0.567355,matched
1562,52.066667,1807,60.233333,0.579413,matched
1563,52.1,1808,60.266667,0.591472,matched
1564,52.133333,1808,60.266667,0.60353,matched
1565,52.166667,1809,60.3,0.615589,matched
1566,52.2,1809,60.3,0.627648,matched
1567,52.233333,1810,60.333333,0.639706,matched
1568,52.266667,1810,60.333333,0.651765,matched
1569,52.3,1811,60.366667,0.663824,matched
1570,52.333333,1811,60.366667,0.675882,matched
1571,52.366667,1812,60.4,0.687941,matched
1572,52.4,1812,60.4,0.699999,matched
1573,52.433333,1813,60.433333,0.692769,matched
1574,52.466667,1813,60.433333,0.685537,matched
1575,52.5,1814,60.466667,0.678305,matched
1576,52.533333,1814,60.466667,0.671074,matched
1577,52.566667,1814,60.466667,0.663842,matched
1578,52.6,1815,60.5,0.656611,matched
1579,52.633333,1815,60.5,0.649379,matched
1580,52.666667,1816,60.533333,0.642147,matched
1581,52.7,1816,60.533333,0.634916,matched
1582,52.733333,1817,60.566667,0.627684,matched
1583,52.766667,1817,60.566667,0.620452,matched
1584,52.8,1818,60.6,0.613221,matched
1585,52.833333,1818,60.6,0.61845,matched
1586,52.866667,1819,60.633333,0.623678,matched
1587,52.9,1819,60.633333,0.628907,matched
1588,52.933333,1820,60.666667,0.634135,matched
1589,52.966667,1820,60.666667,0.639364,matched
1590,53.0,1821,60.7,0.644592,matched
1591,53.033333,1821,60.7,0.64982,matched
1592,53.066667,1822,60.733333,0.655049,matched
1593,53.1,1822,60.733333,0.660277,matched
1594,53.133333,1823,60.766667,0.665506,matched
1595,53.166667,1823,60.766667,0.670734,matched
1596,53.2,1824,60.8,0.675963,matched
1597,53.233333,1824,60.8,0.677966,matched
1598,53.266667,1825,60.833333,0.679969,matched
1599,53.3,1825,60.833333,0.681972,matched
1600,53.333333,1826,60.866667,0.683975,matched
1601,53.366667,1826,60.866667,0.685978,matched
1602,53.4,1827,60.9,0.687982,matched
1603,53.433333,1827,60.9,0.689985,matched
1604,53.466667,1828,60.933333,0.691988,matched
1605,53.5,1829,60.966667,0.693991,matched
1606,53.533333,1829,60.966667,0.695994,matched
1607,53.566667,1830,61.0,0.697997,matched
1608,53.6,1830,61.0,0.699997,matched
1609,53.633333,1832,61.066667,0.6429,matched
1610,53.666667,1834,61.133333,0.585803,matched
1611,53.7,1836,61.2,0.528706,matched
1612,53.733333,1838,61.266667,0.471609,matched
1613,53.766667,1840,61.333333,0.414512,matched
1614,53.8,1842,61.4,0.357416,matched
1615,53.833333,1843,61.433333,0.357777,matched
1616,53.866667,1843,61.433333,0.358137,matched
1617,53.9,1844,61.466667,0.358498,matched
1618,53.933333,1844,61.466667,0.358859,matched
1619,53.966667,1845,61.5,0.359219,matched
1620,54.0,1845,61.5,0.35958,matched
1621,54.033333,1845,61.5,0.359941,matched
1622,54.066667,1846,61.533333,0.360301,matched
1623,54.1,1846,61.533333,0.360662,matched
1624,54.133333,1847,61.566667,0.361023,matched
1625,54.166667,1847,61.566667,0.361383,matched
1626,54.2,1848,61.6,0.361744,matched
1627,54.233333,1848,61.6,0.380889,matched
1628,54.266667,1849,61.633333,0.400035,matched
1629,54.3,1849,61.633333,0.419181,matched
1630,54.333333,1850,61.666667,0.438326,matched
1631,54.366667,1850,61.666667,0.457472,matched
1632,54.4,1851,61.7,0.476618,matched
1633,54.433333,1851,61.7,0.495763,matched
1634,54.466667,1852,61.733333,0.514909,matched
1635,54.5,1852,61.733333,0.534055,matched
1636,54.533333,1853,61.766667,0.5532,matched
1637,54.566667,1853,61.766667,0.572346,matched
1638,54.6,1854,61.8,0.591491,matched
1639,54.633333,1854,61.8,0.600534,matched
1640,54.666667,1855,61.833333,0.609576,matched
1641,54.7,1856,61.866667,0.618619,matched
1642,54.733333,1856,61.866667,0.627661,matched
1643,54.766667,1856,61.866667,0.636703,matched
1644,54.8,1857,61.9,0.645746,matched
1645,54.833333,1858,61.933333,0.654788,matched
1646,54.866667,1858,61.933333,0.66383,matched
1647,54.9,1858,61.933333,0.672873,matched
1648,54.933333,1859,61.966667,0.681915,matched
1649,54.966667,1860,62.0,0.690958,matched
1650,55.0,1860,62.0,0.7,matched
1651,55.033333,1860,62.0,0.694257,matched
1652,55.066667,1861,62.033333,0.688515,matched
1653,55.1,1862,62.066667,0.682772,matched
1654,55.133333,1862,62.066667,0.677029,matched
1655,55.166667,1862,62.066667,0.671286,matched
1656,55.2,1863,62.1,0.665544,matched
1657,55.233333,1864,62.133333,0.659801,matched
1658,55.266667,1864,62.133333,0.654058,matched
1659,55.3,1864,62.133333,0.648315,matched
1660,55.333333,1865,62.166667,0.642573,matched
1661,55.366667,1866,62.2,0.63683,matched
1662,55.4,1866,62.2,0.631087,matched
1663,55.433333,1867,62.233333,0.625349,matched
1664,55.466667,1867,62.233333,0.619611,matched
1665,55.5,1868,62.266667,0.613872,matched
1666,55.533333,1868,62.266667,0.608134,matched
1667,55.566667,1869,62.3,0.602396,matched
1668,55.6,1869,62.3,0.596658,matched
1669,55.633333,1870,62.333333,0.590919,matched
1670,55.666667,1870,62.333333,0.585181,matched
1671,55.7,1871,62.366667,0.579443,matched
1672,55.733333,1871,62.366667,0.573704,matched
1673,55.766667,1872,62.4,0.567966,matched
1674,55.8,1872,62.4,0.562228,matched
1675,55.833333,1873,62.433333,0.564017,matched
1676,55.866667,1873,62.433333,0.565806,matched
1677,55.9,1874,62.466667,0.567595,matched
1678,55.933333,1874,62.466667,0.569384,matched
1679,55.966667,1875,62.5,0.571173,matched
1680,56.0,1875,62.5,0.572962,matched
1681,56.033333,1875,62.5,0.574751,matched
1682,56.066667,1876,62.533333,0.57654,matched
1683,56.1,1876,62.533333,0.578329,matched
1684,56.133333,1877,62.566667,0.580118,matched
1685,56.166667,1877,62.566667,0.581907,matched
1686,56.2,1878,62.6,0.583696,matched
1687,56.233333,1878,62.6,0.592527,matched
1688,56.266667,1879,62.633333,0.601359,matched
1689,56.3,1879,62.633333,0.61019,matched
1690,56.333333,1880,62.666667,0.619022,matched
1691,56.366667,1880,62.666667,0.627853,matched
1692,56.4,1881,62.7,0.636685,matched
1693,56.433333,1881,62.7,0.645516,matched
1694,56.466667,1882,62.733333,0.654348,matched
1695,56.5,1882,62.733333,0.663179,matched
1696,56.533333,1883,62.766667,0.67201,matched
1697,56.566667,1883,62.766667,0.680842,matched
1698,56.6,1884,62.8,0.689673,matched
1699,56.633333,1884,62.8,0.690534,matched
1700,56.666667,1885,62.833333,0.691394,matched
1701,56.7,1886,62.866667,0.692255,matched
1702,56.733333,1886,62.866667,0.693115,matched
1703,56.766667,1886,62.866667,0.693976,matched
1704,56.8,1887,62.9,0.694837,matched
1705,56.833333,1888,62.933333,0.695697,matched
1706,56.866667,1888,62.933333,0.696558,matched
1707,56.9,1888,62.933333,0.697418,matched
1708,56.933333,1889,62.966667,0.698279,matched
1709,56.966667,1890,63.0,0.699139,matched
1710,57.0,1890,63.0,0.7,matched
1711,57.033333,1892,63.066667,0.684315,matched
1712,57.066667,1894,63.133333,0.66863,matched
1713,57.1,1896,63.2,0.652945,matched
1714,57.133333,1898,63.266667,0.63726,matched
1715,57.166667,1900,63.333333,0.621574,matched
1716,57.2,1902,63.4,0.605889,matched
1717,57.233333,1903,63.433333,0.606642,matched
1718,57.266667,1903,63.433333,0.607395,matched
1719,57.3,1904,63.466667,0.608148,matched
1720,57.333333,1904,63.466667,0.6089,matched
1721,57.366667,1905,63.5,0.609653,matched
1722,57.4,1905,63.5,0.610406,matched
1723,57.433333,1906,63.533333,0.611159,matched
1724,57.466667,1906,63.533333,0.611912,matched
1725,57.5,1906,63.533333,0.612665,matched
1726,57.533333,1907,63.566667,0.613417,matched
1727,57.566667,1907,63.566667,0.61417,matched
1728,57.6,1908,63.6,0.614923,matched
1729,57.633333,1908,63.6,0.622013,matched
1730,57.666667,1909,63.633333,0.629103,matched
1731,57.7,1909,63.633333,0.636192,matched
1732,57.733333,1910,63.666667,0.643282,matched
1733,57.766667,1910,63.666667,0.650372,matched
1734,57.8,1911,63.7,0.657462,matched
1735,57.833333,1911,63.7,0.664551,matched
1736,57.866667,1912,63.733333,0.671641,matched
1737,57.9,1912,63.733333,0.678731,matched
1738,57.933333,1913,63.766667,0.685821,matched
1739,57.966667,1913,63.766667,0.69291,matched
1740,58.0,1914,63.8,0.7,matched
1741,58.033333,1914,63.8,0.682416,matched
1742,58.066667,1915,63.833333,0.664833,matched
1743,58.1,1915,63.833333,0.647249,matched
1744,58.133333,1916,63.866667,0.629666,matched
1745,58.166667,1916,63.866667,0.612082,matched
1746,58.2,1917,63.9,0.594499,matched
1747,58.233333,1917,63.9,0.576915,matched
1748,58.266667,1918,63.933333,0.559332,matched
1749,58.3,1918,63.933333,0.541748,matched
1750,58.333333,1919,63.966667,0.524165,matched
1751,58.366667,1919,63.966667,0.506581,matched
1752,58.4,1920,64.0,0.488998,matched
1753,58.433333,1920,64.0,0.502295,matched
1754,58.466667,1921,64.033333,0.515594,matched
1755,58.5,1921,64.033333,0.528892,matched
1756,58.533333,1922,64.066667,0.542191,matched
1757,58.566667,1922,64.066667,0.555489,matched
1758,58.6,1923,64.1,0.568788,matched
1759,58.633333,1923,64.1,0.582086,matched
1760,58.666667,1924,64.133333,0.595385,matched
1761,58.7,1924,64.133333,0.608684,matched
1762,58.733333,1925,64.166667,0.621982,matched
1763,58.766667,1925,64.166667,0.635281,matched
1764,58.8,1926,64.2,0.648579,matched
1765,58.833333,1928,64.266667,0.657149,matched
1766,58.866667,1930,64.333333,0.665719,matched
1767,58.9,1932,64.4,0.67429,matched
1768,58.933333,1934,64.466667,0.68286,matched
1769,58.966667,1936,64.533333,0.69143,matched
1770,59.0,1938,64.6,0.7,matched
1771,59.033333,1938,64.6,0.689605,matched
1772,59.066667,1939,64.633333,0.679211,matched
1773,59.1,1939,64.633333,0.668816,matched
1774,59.133333,1940,64.666667,0.658421,matched
1775,59.166667,1941,64.7,0.648026,matched
1776,59.2,1941,64.7,0.637632,matched
1777,59.233333,1942,64.733333,0.627237,matched
1778,59.266667,1942,64.733333,0.616842,matched
1779,59.3,1943,64.766667,0.606448,matched
1780,59.333333,1943,64.766667,0.596053,matched
1781,59.366667,1944,64.8,0.585658,matched
1782,59.4,1944,64.8,0.575263,matched
1783,59.433333,1945,64.833333,0.581271,matched
1784,59.466667,1945,64.833333,0.587279,matched
1785,59.5,1946,64.866667,0.593287,matched
1786,59.533333,1946,64.866667,0.599295,matched
1787,59.566667,1947,64.9,0.605303,matched
1788,59.6,1947,64.9,0.611311,matched
1789,59.633333,1948,64.933333,0.617319,matched
1790,59.666667,1948,64.933333,0.623327,matched
1791,59.7,1949,64.966667,0.629335,matched
1792,59.733333,1949,64.966667,0.635343,matched
1793,59.766667,1950,65.0,0.641351,matched
1794,59.8,1950,65.0,0.647358,matched
1795,59.833333,1951,65.033333,0.623785,matched
1796,59.866667,1951,65.033333,0.600211,matched
1797,59.9,1951,65.033333,0.576637,matched
1798,59.933333,1952,65.066667,0.553063,matched
1799,59.966667,1952,65.066667,0.52949,matched
1800,60.0,1953,65.1,0.505916,matched
1801,60.033333,1953,65.1,0.482342,matched
1802,60.066667,1954,65.133333,0.458769,matched
1803,60.1,1954,65.133333,0.435195,matched
1804,60.133333,1955,65.166667,0.411621,matched
1805,60.166667,1955,65.166667,0.388047,matched
1806,60.2,1956,65.2,0.364474,matched
1807,60.233333,1956,65.2,0.36117,matched
1808,60.266667,1957,65.233333,0.357867,matched
1809,60.3,1957,65.233333,0.354564,matched
1810,60.333333,1958,65.266667,0.351261,matched
1811,60.366667,1958,65.266667,0.347958,review
1812,60.4,1959,65.3,0.344655,review
1813,60.433333,1959,65.3,0.341352,review
1814,60.466667,1960,65.333333,0.338049,review
1815,60.5,1961,65.366667,0.334746,review
1816,60.533333,1961,65.366667,0.331443,review
1817,60.566667,1962,65.4,0.32814,review
1818,60.6,1962,65.4,0.324838,review
1819,60.633333,1963,65.433333,0.356102,matched
1820,60.666667,1963,65.433333,0.387365,matched
1821,60.7,1964,65.466667,0.418629,matched
1822,60.733333,1964,65.466667,0.449892,matched
1823,60.766667,1965,65.5,0.481156,matched
1824,60.8,1965,65.5,0.512419,matched
1825,60.833333,1966,65.533333,0.543683,matched
1826,60.866667,1966,65.533333,0.574946,matched
1827,60.9,1966,65.533333,0.60621,matched
1828,60.933333,1967,65.566667,0.637473,matched
1829,60.966667,1967,65.566667,0.668737,matched
1830,61.0,1968,65.6,0.7,matched
1831,61.033333,1968,65.6,0.7,matched
1832,61.066667,1969,65.633333,0.7,matched
1833,61.1,1969,65.633333,0.7,matched
1834,61.133333,1970,65.666667,0.7,matched
1835,61.166667,1971,65.7,0.7,matched
1836,61.2,1971,65.7,0.7,matched
1837,61.233333,1972,65.733333,0.7,matched
1838,61.266667,1972,65.733333,0.7,matched
1839,61.3,1973,65.766667,0.7,matched
1840,61.333333,1973,65.766667,0.7,matched
1841,61.366667,1974,65.8,0.7,matched
1842,61.4,1974,65.8,0.7,matched
1843,61.433333,1975,65.833333,0.7,matched
1844,61.466667,1975,65.833333,0.7,matched
1845,61.5,1976,65.866667,0.7,matched
1846,61.533333,1976,65.866667,0.7,matched
1847,61.566667,1977,65.9,0.7,matched
1848,61.6,1977,65.9,0.7,matched
1849,61.633333,1978,65.933333,0.7,matched
1850,61.666667,1978,65.933333,0.7,matched
1851,61.7,1979,65.966667,0.7,matched
1852,61.733333,1979,65.966667,0.7,matched
1853,61.766667,1980,66.0,0.7,matched
1854,61.8,1980,66.0,0.7,matched
1855,61.833333,1981,66.033333,0.682095,matched
1856,61.866667,1981,66.033333,0.664191,matched
1857,61.9,1981,66.033333,0.646287,matched
1858,61.933333,1982,66.066667,0.628383,matched
1859,61.966667,1982,66.066667,0.610479,matched
1860,62.0,1983,66.1,0.592575,matched
1861,62.033333,1983,66.1,0.574671,matched
1862,62.066667,1984,66.133333,0.556767,matched
1863,62.1,1984,66.133333,0.538863,matched
1864,62.133333,1985,66.166667,0.520959,matched
1865,62.166667,1985,66.166667,0.503055,matched
1866,62.2,1986,66.2,0.48515,matched
1867,62.233333,1986,66.2,0.503054,matched
1868,62.266667,1987,66.233333,0.520958,matched
1869,62.3,1987,66.233333,0.538862,matched
1870,62.333333,1988,66.266667,0.556767,matched
1871,62.366667,1988,66.266667,0.574671,matched
1872,62.4,1989,66.3,0.592575,matched
1873,62.433333,1989,66.3,0.610479,matched
1874,62.466667,1990,66.333333,0.628384,matched
1875,62.5,1991,66.366667,0.646288,matched
1876,62.533333,1991,66.366667,0.664192,matched
1877,62.566667,1992,66.4,0.682097,matched
1878,62.6,1992,66.4,0.7,matched
1879,62.633333,1993,66.433333,0.7,matched
1880,62.666667,1993,66.433333,0.7,matched
1881,62.7,1994,66.466667,0.7,matched
1882,62.733333,1994,66.466667,0.7,matched
1883,62.766667,1995,66.5,0.7,matched
1884,62.8,1995,66.5,0.7,matched
1885,62.833333,1996,66.533333,0.7,matched
1886,62.866667,1996,66.533333,0.7,matched
1887,62.9,1996,66.533333,0.7,matched
1888,62.933333,1997,66.566667,0.7,matched
1889,62.966667,1997,66.566667,0.7,matched
1890,63.0,1998,66.6,0.7,matched
1891,63.033333,2000,66.666667,0.65441,matched
1892,63.066667,2002,66.733333,0.608821,matched
1893,63.1,2004,66.8,0.563231,matched
1894,63.133333,2006,66.866667,0.517641,matched
1895,63.166667,2008,66.933333,0.472052,matched
1896,63.2,2010,67.0,0.426462,matched
1897,63.233333,2012,67.066667,0.437758,matched
1898,63.266667,2014,67.133333,0.449055,matched
1899,63.3,2016,67.2,0.460352,matched
1900,63.333333,2018,67.266667,0.471649,matched
1901,63.366667,2020,67.333333,0.482946,matched
1902,63.4,2022,67.4,0.494242,matched
1903,63.433333,2023,67.433333,0.511389,matched
1904,63.466667,2023,67.433333,0.528535,matched
1905,63.5,2024,67.466667,0.545682,matched
1906,63.533333,2024,67.466667,0.562828,matched
1907,63.566667,2024,67.466667,0.579975,matched
1908,63.6,2025,67.5,0.597121,matched
1909,63.633333,2025,67.5,0.614268,matched
1910,63.666667,2026,67.533333,0.631414,matched
1911,63.7,2026,67.533333,0.648561,matched
1912,63.733333,2027,67.566667,0.665707,matched
1913,63.766667,2027,67.566667,0.682854,matched
1914,63.8,2028,67.6,0.7,matched
1915,63.833333,2028,67.6,0.7,matched
1916,63.866667,2029,67.633333,0.7,matched
1917,63.9,2030,67.666667,0.7,matched
1918,63.933333,2030,67.666667,0.7,matched
1919,63.966667,2031,67.7,0.7,matched
1920,64.0,2031,67.7,0.7,matched
1921,64.033333,2032,67.733333,0.7,matched
1922,64.066667,2032,67.733333,0.7,matched
1923,64.1,2033,67.766667,0.7,matched
1924,64.133333,2033,67.766667,0.7,matched
1925,64.166667,2034,67.8,0.7,matched
1926,64.2,2034,67.8,0.699998,matched
1927,64.233333,2035,67.833333,0.676974,matched
1928,64.266667,2035,67.833333,0.65395,matched
1929,64.3,2036,67.866667,0.630926,matched
1930,64.333333,2036,67.866667,0.607902,matched
1931,64.366667,2037,67.9,0.584877,matched
1932,64.4,2037,67.9,0.561853,matched
1933,64.433333,2038,67.933333,0.538829,matched
1934,64.466667,2038,67.933333,0.515805,matched
1935,64.5,2039,67.966667,0.492781,matched
1936,64.533333,2039,67.966667,0.469757,matched
1937,64.566667,2040,68.0,0.446733,matched
1938,64.6,2040,68.0,0.42371,matched
1939,64.633333,2041,68.033333,0.429925,matched
1940,64.666667,2041,68.033333,0.43614,matched
1941,64.7,2041,68.033333,0.442354,matched
1942,64.733333,2042,68.066667,0.448569,matched
1943,64.766667,2042,68.066667,0.454784,matched
1944,64.8,2043,68.1,0.460999,matched
1945,64.833333,2043,68.1,0.467213,matched
1946,64.866667,2044,68.133333,0.473428,matched
1947,64.9,2044,68.133333,0.479643,matched
1948,64.933333,2045,68.166667,0.485858,matched
1949,64.966667,2045,68.166667,0.492072,matched
1950,65.0,2046,68.2,0.498287,matched
1951,65.033333,2046,68.2,0.457756,matched
1952,65.066667,2047,68.233333,0.417226,matched
1953,65.1,2047,68.233333,0.376695,matched
1954,65.133333,2048,68.266667,0.336164,review
1955,65.166667,2048,68.266667,0.295634,review
1956,65.2,2049,68.3,0.255103,review
1957,65.233333,2049,68.3,0.214572,review
1958,65.266667,2050,68.333333,0.174042,review
1959,65.3,2050,68.333333,0.133511,review
1960,65.333333,2051,68.366667,0.09298,review
1961,65.366667,2052,68.4,0.05245,review
1962,65.4,2052,68.4,0.011919,review
1963,65.433333,2053,68.433333,0.043838,review
1964,65.466667,2053,68.433333,0.07576,review
1965,65.5,2053,68.433333,0.107682,review
1966,65.533333,2054,68.466667,0.139604,review
1967,65.566667,2054,68.466667,0.171526,review
1968,65.6,2055,68.5,0.203448,review
1969,65.633333,2055,68.5,0.23537,review
1970,65.666667,2056,68.533333,0.267293,review
1971,65.7,2056,68.533333,0.299215,review
1972,65.733333,2057,68.566667,0.331137,review
1973,65.766667,2057,68.566667,0.363059,matched
1974,65.8,2058,68.6,0.394981,matched
1975,65.833333,2060,68.666667,0.398916,matched
1976,65.866667,2062,68.733333,0.402847,matched
1977,65.9,2064,68.8,0.406779,matched
1978,65.933333,2066,68.866667,0.410711,matched
1979,65.966667,2068,68.933333,0.414643,matched
1980,66.0,2070,69.0,0.418575,matched
1981,66.033333,2070,69.0,0.40015,matched
1982,66.066667,2071,69.033333,0.381725,matched
1983,66.1,2071,69.033333,0.3633,matched
1984,66.133333,2072,69.066667,0.344875,review
1985,66.166667,2072,69.066667,0.32645,review
1986,66.2,2073,69.1,0.308025,review
1987,66.233333,2073,69.1,0.2896,review
1988,66.266667,2074,69.133333,0.271176,review
1989,66.3,2074,69.133333,0.252751,review
1990,66.333333,2075,69.166667,0.234326,review
1991,66.366667,2075,69.166667,0.215901,review
1992,66.4,2076,69.2,0.197476,review
1993,66.433333,2076,69.2,0.194614,review
1994,66.466667,2077,69.233333,0.191752,review
1995,66.5,2077,69.233333,0.188891,review
1996,66.533333,2078,69.266667,0.18603,review
1997,66.566667,2078,69.266667,0.183168,review
1998,66.6,2079,69.3,0.180307,review
1999,66.633333,2079,69.3,0.177445,review
2000,66.666667,2080,69.333333,0.174584,review
2001,66.7,2080,69.333333,0.171722,review
2002,66.733333,2081,69.366667,0.168861,review
2003,66.766667,2081,69.366667,0.166,review
2004,66.8,2082,69.4,0.163138,review
2005,66.833333,2084,69.466667,0.148829,review
2006,66.866667,2086,69.533333,0.13452,review
2007,66.9,2088,69.6,0.12021,review
2008,66.933333,2090,69.666667,0.1059,review
2009,66.966667,2092,69.733333,0.09159,review
2010,67.0,2094,69.8,0.07728,review
2011,67.033333,2096,69.866667,0.095962,review
2012,67.066667,2098,69.933333,0.114643,review
2013,67.1,2100,70.0,0.133325,review
2014,67.133333,2102,70.066667,0.152006,review
2015,67.166667,2104,70.133333,0.170688,review
2016,67.2,2106,70.2,0.189368,review
2017,67.233333,2108,70.266667,0.194507,review
2018,67.266667,2110,70.333333,0.199645,review
2019,67.3,2112,70.4,0.204784,review
2020,67.333333,2114,70.466667,0.209922,review
2021,67.366667,2116,70.533333,0.21506,review
2022,67.4,2118,70.6,0.220199,review
2023,67.433333,2118,70.6,0.216298,review
2024,67.466667,2119,70.633333,0.212396,review
2025,67.5,2119,70.633333,0.208495,review
2026,67.533333,2120,70.666667,0.204593,review
2027,67.566667,2120,70.666667,0.200692,review
2028,67.6,2121,70.7,0.19679,review
2029,67.633333,2121,70.7,0.192889,review
2030,67.666667,2122,70.733333,0.188987,review
2031,67.7,2123,70.766667,0.185086,review
2032,67.733333,2123,70.766667,0.181184,review
2033,67.766667,2124,70.8,0.177283,review
2034,67.8,2124,70.8,0.173381,review
2035,67.833333,2125,70.833333,0.193977,review
2036,67.866667,2125,70.833333,0.214575,review
2037,67.9,2126,70.866667,0.235173,review
2038,67.933333,2126,70.866667,0.255771,review
2039,67.966667,2127,70.9,0.276369,review
2040,68.0,2127,70.9,0.296966,review
2041,68.033333,2128,70.933333,0.317564,review
2042,68.066667,2128,70.933333,0.338162,review
2043,68.1,2129,70.966667,0.35876,matched
2044,68.133333,2129,70.966667,0.379358,matched
2045,68.166667,2130,71.0,0.399956,matched
2046,68.2,2130,71.0,0.42055,matched
2047,68.233333,2131,71.033333,0.401591,matched
2048,68.266667,2131,71.033333,0.382632,matched
2049,68.3,2132,71.066667,0.363673,matched
2050,68.333333,2132,71.066667,0.344714,review
2051,68.366667,2132,71.066667,0.325755,review
2052,68.4,2133,71.1,0.306796,review
2053,68.433333,2133,71.1,0.287837,review
2054,68.466667,2134,71.133333,0.268878,review
2055,68.5,2134,71.133333,0.249918,review
2056,68.533333,2135,71.166667,0.230959,review
2057,68.566667,2135,71.166667,0.212,review
2058,68.6,2136,71.2,0.193042,review
2059,68.633333,2136,71.2,0.200745,review
2060,68.666667,2137,71.233333,0.208449,review
2061,68.7,2137,71.233333,0.216152,review
2062,68.733333,2138,71.266667,0.223855,review
2063,68.766667,2138,71.266667,0.231558,review
2064,68.8,2139,71.3,0.239261,review
2065,68.833333,2139,71.3,0.246964,review
2066,68.866667,2140,71.333333,0.254667,review
2067,68.9,2141,71.366667,0.262371,review
2068,68.933333,2141,71.366667,0.270074,review
2069,68.966667,2142,71.4,0.277777,review
2070,69.0,2142,71.4,0.28548,review
2071,69.033333,2143,71.433333,0.28909,review
2072,69.066667,2143,71.433333,0.2927,review
2073,69.1,2144,71.466667,0.296309,review
2074,69.133333,2144,71.466667,0.299919,review
2075,69.166667,2144,71.466667,0.303529,review
2076,69.2,2145,71.5,0.307139,review
2077,69.233333,2145,71.5,0.310749,review
2078,69.266667,2146,71.533333,0.314359,review
2079,69.3,2146,71.533333,0.317968,review
2080,69.333333,2147,71.566667,0.321578,review
2081,69.366667,2147,71.566667,0.325188,review
2082,69.4,2148,71.6,0.328798,review
2083,69.433333,2148,71.6,0.319675,review
2084,69.466667,2149,71.633333,0.310551,review
2085,69.5,2149,71.633333,0.301427,review
2086,69.533333,2150,71.666667,0.292304,review
2087,69.566667,2150,71.666667,0.28318,review
2088,69.6,2151,71.7,0.274056,review
2089,69.633333,2151,71.7,0.264932,review
2090,69.666667,2152,71.733333,0.255809,review
2091,69.7,2153,71.766667,0.246685,review
2092,69.733333,2153,71.766667,0.237561,review
2093,69.766667,2154,71.8,0.228438,review
2094,69.8,2154,71.8,0.219314,review
2095,69.833333,2155,71.833333,0.210543,review
2096,69.866667,2155,71.833333,0.201772,review
2097,69.9,2156,71.866667,0.193002,review
2098,69.933333,2156,71.866667,0.184231,review
2099,69.966667,2157,71.9,0.17546,review
2100,70.0,2157,71.9,0.166689,review
2101,70.033333,2158,71.933333,0.157919,review
2102,70.066667,2158,71.933333,0.149148,review
2103,70.1,2159,71.966667,0.140377,review
2104,70.133333,2159,71.966667,0.131607,review
2105,70.166667,2160,72.0,0.122836,review
2106,70.2,2160,72.0,0.114067,review
2107,70.233333,2161,72.033333,0.127169,review
2108,70.266667,2161,72.033333,0.140271,review
2109,70.3,2162,72.066667,0.153373,review
2110,70.333333,2162,72.066667,0.166475,review
2111,70.366667,2162,72.066667,0.179577,review
2112,70.4,2163,72.1,0.192678,review
2113,70.433333,2163,72.1,0.20578,review
2114,70.466667,2164,72.133333,0.218882,review
2115,70.5,2164,72.133333,0.231984,review
2116,70.533333,2165,72.166667,0.245086,review
2117,70.566667,2165,72.166667,0.258188,review
2118,70.6,2166,72.2,0.271288,review
2119,70.633333,2166,72.2,0.259078,review
2120,70.666667,2167,72.233333,0.246867,review
2121,70.7,2167,72.233333,0.234657,review
2122,70.733333,2168,72.266667,0.222446,review
2123,70.766667,2168,72.266667,0.210235,review
2124,70.8,2169,72.3,0.198025,review
2125,70.833333,2169,72.3,0.185814,review
2126,70.866667,2170,72.333333,0.173603,review
2127,70.9,2171,72.366667,0.161393,review
2128,70.933333,2171,72.366667,0.149182,review
2129,70.966667,2172,72.4,0.136972,review
2130,71.0,2172,72.4,0.124761,review
2131,71.033333,2173,72.433333,0.15226,review
2132,71.066667,2173,72.433333,0.179759,review
2133,71.1,2174,72.466667,0.207258,review
2134,71.133333,2174,72.466667,0.234757,review
2135,71.166667,2174,72.466667,0.262255,review
2136,71.2,2175,72.5,0.289754,review
2137,71.233333,2175,72.5,0.317253,review
2138,71.266667,2176,72.533333,0.344752,review
2139,71.3,2176,72.533333,0.372251,matched
2140,71.333333,2177,72.566667,0.39975,matched
2141,71.366667,2177,72.566667,0.427249,matched
2142,71.4,2178,72.6,0.454748,matched
2143,71.433333,2178,72.6,0.451066,matched
2144,71.466667,2179,72.633333,0.447383,matched
2145,71.5,2179,72.633333,0.443699,matched
2146,71.533333,2180,72.666667,0.440016,matched
2147,71.566667,2180,72.666667,0.436333,matched
2148,71.6,2181,72.7,0.43265,matched
2149,71.633333,2181,72.7,0.428967,matched
2150,71.666667,2182,72.733333,0.425283,matched
2151,71.7,2183,72.766667,0.4216,matched
2152,71.733333,2183,72.766667,0.417917,matched
2153,71.766667,2184,72.8,0.414234,matched
2154,71.8,2184,72.8,0.41055,matched
2155,71.833333,2185,72.833333,0.396713,matched
2156,71.866667,2185,72.833333,0.382876,matched
2157,71.9,2186,72.866667,0.369038,matched
2158,71.933333,2186,72.866667,0.3552,matched
2159,71.966667,2187,72.9,0.341362,review
2160,72.0,2187,72.9,0.327524,review
2161,72.033333,2188,72.933333,0.313686,review
2162,72.066667,2188,72.933333,0.299848,review
2163,72.1,2189,72.966667,0.28601,review
2164,72.133333,2189,72.966667,0.272172,review
2165,72.166667,2190,73.0,0.258335,review
2166,72.2,2190,73.0,0.244498,review
2167,72.233333,2192,73.066667,0.247802,review
2168,72.266667,2194,73.133333,0.251106,review
2169,72.3,2196,73.2,0.25441,review
2170,72.333333,2198,73.266667,0.257713,review
2171,72.366667,2200,73.333333,0.261017,review
2172,72.4,2202,73.4,0.264321,review
2173,72.433333,2203,73.433333,0.254149,review
2174,72.466667,2203,73.433333,0.243977,review
2175,72.5,2203,73.433333,0.233805,review
2176,72.533333,2204,73.466667,0.223633,review
2177,72.566667,2204,73.466667,0.21346,review
2178,72.6,2205,73.5,0.203288,review
2179,72.633333,2205,73.5,0.193116,review
2180,72.666667,2206,73.533333,0.182944,review
2181,72.7,2206,73.533333,0.172772,review
2182,72.733333,2207,73.566667,0.162599,review
2183,72.766667,2207,73.566667,0.152427,review
2184,72.8,2208,73.6,0.142255,review
2185,72.833333,2208,73.6,0.160592,review
2186,72.866667,2209,73.633333,0.178932,review
2187,72.9,2209,73.633333,0.197272,review
2188,72.933333,2210,73.666667,0.215612,review
2189,72.966667,2211,73.7,0.233952,review
2190,73.0,2211,73.7,0.252292,review
2191,73.033333,2212,73.733333,0.270632,review
2192,73.066667,2212,73.733333,0.288972,review
2193,73.1,2213,73.766667,0.307312,review
2194,73.133333,2213,73.766667,0.325652,review
2195,73.166667,2214,73.8,0.343992,review
2196,73.2,2214,73.8,0.36233,matched
2197,73.233333,2216,73.866667,0.360729,matched
2198,73.266667,2218,73.933333,0.359129,matched
2199,73.3,2220,74.0,0.357528,matched
2200,73.333333,2222,74.066667,0.355928,matched
2201,73.366667,2224,74.133333,0.354328,matched
2202,73.4,2226,74.2,0.352727,matched
2203,73.433333,2226,74.2,0.327124,review
2204,73.466667,2227,74.233333,0.301519,review
2205,73.5,2227,74.233333,0.275914,review
2206,73.533333,2228,74.266667,0.25031,review
2207,73.566667,2228,74.266667,0.224705,review
2208,73.6,2229,74.3,0.1991,review
2209,73.633333,2229,74.3,0.173496,review
2210,73.666667,2230,74.333333,0.147891,review
2211,73.7,2230,74.333333,0.122286,review
2212,73.733333,2231,74.366667,0.096682,review
2213,73.766667,2231,74.366667,0.071077,review
2214,73.8,2232,74.4,0.045472,review
2215,73.833333,2232,74.4,0.061107,review
2216,73.866667,2233,74.433333,0.076745,review
2217,73.9,2234,74.466667,0.092383,review
2218,73.933333,2234,74.466667,0.108022,review
2219,73.966667,2234,74.466667,0.12366,review
2220,74.0,2235,74.5,0.139298,review
2221,74.033333,2236,74.533333,0.154936,review
2222,74.066667,2236,74.533333,0.170574,review
2223,74.1,2236,74.533333,0.186213,review
2224,74.133333,2237,74.566667,0.201851,review
2225,74.166667,2238,74.6,0.217489,review
2226,74.2,2238,74.6,0.233125,review
2227,74.233333,2239,74.633333,0.222471,review
2228,74.266667,2239,74.633333,0.211817,review
2229,74.3,2240,74.666667,0.201164,review
2230,74.333333,2240,74.666667,0.19051,review
2231,74.366667,2241,74.7,0.179856,review
2232,74.4,2241,74.7,0.169202,review
2233,74.433333,2242,74.733333,0.158548,review
2234,74.466667,2242,74.733333,0.147895,review
2235,74.5,2243,74.766667,0.137241,review
2236,74.533333,2243,74.766667,0.126587,review
2237,74.566667,2244,74.8,0.115933,review
2238,74.6,2244,74.8,0.105281,review
2239,74.633333,2245,74.833333,0.123671,review
2240,74.666667,2245,74.833333,0.142061,review
2241,74.7,2246,74.866667,0.160451,review
2242,74.733333,2246,74.866667,0.178841,review
2243,74.766667,2247,74.9,0.19723,review
2244,74.8,2247,74.9,0.21562,review
2245,74.833333,2248,74.933333,0.23401,review
2246,74.866667,2248,74.933333,0.2524,review
2247,74.9,2249,74.966667,0.27079,review
2248,74.933333,2249,74.966667,0.28918,review
2249,74.966667,2250,75.0,0.30757,review
2250,75.0,2250,75.0,0.32596,review
2251,75.033333,2250,75.0,0.298797,review
2252,75.066667,2251,75.033333,0.271634,review
2253,75.1,2251,75.033333,0.24447,review
2254,75.133333,2252,75.066667,0.217307,review
2255,75.166667,2252,75.066667,0.190144,review
2256,75.2,2253,75.1,0.162981,review
2257,75.233333,2253,75.1,0.135817,review
2258,75.266667,2254,75.133333,0.108654,review
2259,75.3,2254,75.133333,0.081491,review
2260,75.333333,2255,75.166667,0.054328,review
2261,75.366667,2255,75.166667,0.027164,review
2262,75.4,2256,75.2,1e-06,review
2263,75.433333,2256,75.2,0.01042,review
2264,75.466667,2257,75.233333,0.02084,review
2265,75.5,2257,75.233333,0.03126,review
2266,75.533333,2258,75.266667,0.04168,review
2267,75.566667,2258,75.266667,0.0521,review
2268,75.6,2259,75.3,0.06252,review
2269,75.633333,2259,75.3,0.07294,review
2270,75.666667,2260,75.333333,0.083361,review
2271,75.7,2260,75.333333,0.093781,review
2272,75.733333,2261,75.366667,0.104201,review
2273,75.766667,2261,75.366667,0.114621,review
2274,75.8,2262,75.4,0.125041,review
2275,75.833333,2262,75.4,0.118187,review
2276,75.866667,2263,75.433333,0.111332,review
2277,75.9,2264,75.466667,0.104477,review
2278,75.933333,2264,75.466667,0.097622,review
2279,75.966667,2264,75.466667,0.090767,review
2280,76.0,2265,75.5,0.083912,review
2281,76.033333,2266,75.533333,0.077056,review
2282,76.066667,2266,75.533333,0.070201,review
2283,76.1,2266,75.533333,0.063346,review
2284,76.133333,2267,75.566667,0.056491,review
2285,76.166667,2268,75.6,0.049636,review
2286,76.2,2268,75.6,0.042782,review
2287,76.233333,2269,75.633333,0.053984,review
2288,76.266667,2269,75.633333,0.065186,review
2289,76.3,2270,75.666667,0.076388,review
2290,76.333333,2270,75.666667,0.08759,review
2291,76.366667,2271,75.7,0.098792,review
2292,76.4,2271,75.7,0.109994,review
2293,76.433333,2272,75.733333,0.121196,review
2294,76.466667,2272,75.733333,0.132398,review
2295,76.5,2273,75.766667,0.1436,review
2296,76.533333,2273,75.766667,0.154802,review
2297,76.566667,2274,75.8,0.166004,review
2298,76.6,2274,75.8,0.177205,review
2299,76.633333,2275,75.833333,0.167095,review
2300,76.666667,2275,75.833333,0.156986,review
2301,76.7,2276,75.866667,0.146876,review
2302,76.733333,2276,75.866667,0.136767,review
2303,76.766667,2277,75.9,0.126657,review
2304,76.8,2277,75.9,0.116548,review
2305,76.833333,2278,75.933333,0.106438,review
2306,76.866667,2278,75.933333,0.096329,review
2307,76.9,2279,75.966667,0.086219,review
2308,76.933333,2279,75.966667,0.07611,review
2309,76.966667,2280,76.0,0.066,review
2310,77.0,2280,76.0,0.055891,review
2311,77.033333,2280,76.0,0.075032,review
2312,77.066667,2281,76.033333,0.094173,review
2313,77.1,2281,76.033333,0.113314,review
2314,77.133333,2282,76.066667,0.132455,review
2315,77.166667,2282,76.066667,0.151596,review
2316,77.2,2283,76.1,0.170738,review
2317,77.233333,2283,76.1,0.189879,review
2318,77.266667,2284,76.133333,0.20902,review
2319,77.3,2284,76.133333,0.228161,review
2320,77.333333,2285,76.166667,0.247302,review
2321,77.366667,2285,76.166667,0.266443,review
2322,77.4,2286,76.2,0.285584,review
2323,77.433333,2286,76.2,0.275726,review
2324,77.466667,2287,76.233333,0.265867,review
2325,77.5,2287,76.233333,0.256008,review
2326,77.533333,2288,76.266667,0.246148,review
2327,77.566667,2288,76.266667,0.236289,review
2328,77.6,2289,76.3,0.22643,review
2329,77.633333,2289,76.3,0.21657,review
2330,77.666667,2290,76.333333,0.206711,review
2331,77.7,2290,76.333333,0.196852,review
2332,77.733333,2291,76.366667,0.186992,review
2333,77.766667,2291,76.366667,0.177133,review
2334,77.8,2292,76.4,0.167274,review
2335,77.833333,2292,76.4,0.167215,review
2336,77.866667,2293,76.433333,0.167158,review
2337,77.9,2294,76.466667,0.1671,review
2338,77.933333,2294,76.466667,0.167042,review
2339,77.966667,2294,76.466667,0.166984,review
2340,78.0,2295,76.5,0.166927,review
2341,78.033333,2296,76.533333,0.166869,review
2342,78.066667,2296,76.533333,0.166811,review
2343,78.1,2296,76.533333,0.166753,review
2344,78.133333,2297,76.566667,0.166696,review
2345,78.166667,2298,76.6,0.166638,review
2346,78.2,2298,76.6,0.166581,review
2347,78.233333,2299,76.633333,0.172095,review
2348,78.266667,2299,76.633333,0.17761,review
2349,78.3,2300,76.666667,0.183124,review
2350,78.333333,2300,76.666667,0.188639,review
2351,78.366667,2301,76.7,0.194153,review
2352,78.4,2301,76.7,0.199668,review
2353,78.433333,2302,76.733333,0.205182,review
2354,78.466667,2302,76.733333,0.210697,review
2355,78.5,2303,76.766667,0.216212,review
2356,78.533333,2303,76.766667,0.221726,review
2357,78.566667,2304,76.8,0.227241,review
2358,78.6,2304,76.8,0.232755,review
2359,78.633333,2305,76.833333,0.235475,review
2360,78.666667,2305,76.833333,0.238194,review
2361,78.7,2306,76.866667,0.240913,review
2362,78.733333,2306,76.866667,0.243633,review
2363,78.766667,2307,76.9,0.246352,review
2364,78.8,2307,76.9,0.249072,review
2365,78.833333,2308,76.933333,0.251791,review
2366,78.866667,2308,76.933333,0.25451,review
2367,78.9,2309,76.966667,0.25723,review
2368,78.933333,2309,76.966667,0.259949,review
2369,78.966667,2310,77.0,0.262669,review
2370,79.0,2310,77.0,0.265388,review
2371,79.033333,2310,77.0,0.260587,review
2372,79.066667,2311,77.033333,0.255785,review
2373,79.1,2311,77.033333,0.250984,review
2374,79.133333,2312,77.066667,0.246182,review
2375,79.166667,2312,77.066667,0.241381,review
2376,79.2,2313,77.1,0.236579,review
2377,79.233333,2313,77.1,0.231778,review
2378,79.266667,2314,77.133333,0.226976,review
2379,79.3,2314,77.133333,0.222175,review
2380,79.333333,2315,77.166667,0.217373,review
2381,79.366667,2315,77.166667,0.212572,review
2382,79.4,2316,77.2,0.20777,review
2383,79.433333,2316,77.2,0.214312,review
2384,79.466667,2317,77.233333,0.220854,review
2385,79.5,2317,77.233333,0.227397,review
2386,79.533333,2318,77.266667,0.233939,review
2387,79.566667,2318,77.266667,0.240482,review
2388,79.6,2319,77.3,0.247024,review
2389,79.633333,2319,77.3,0.253566,review
2390,79.666667,2320,77.333333,0.260109,review
2391,79.7,2320,77.333333,0.266651,review
2392,79.733333,2321,77.366667,0.273194,review
2393,79.766667,2321,77.366667,0.279736,review
2394,79.8,2322,77.4,0.286278,review
2395,79.833333,2322,77.4,0.293209,review
2396,79.866667,2323,77.433333,0.300141,review
2397,79.9,2324,77.466667,0.307072,review
2398,79.933333,2324,77.466667,0.314003,review
2399,79.966667,2324,77.466667,0.320934,review
2400,80.0,2325,77.5,0.327865,review
2401,80.033333,2326,77.533333,0.334796,review
2402,80.066667,2326,77.533333,0.341727,review
2403,80.1,2326,77.533333,0.348658,review
2404,80.133333,2327,77.566667,0.355589,matched
2405,80.166667,2328,77.6,0.362521,matched
2406,80.2,2328,77.6,0.369451,matched
2407,80.233333,2329,77.633333,0.366765,matched
2408,80.266667,2329,77.633333,0.364078,matched
2409,80.3,2330,77.666667,0.361392,matched
2410,80.333333,2330,77.666667,0.358706,matched
2411,80.366667,2331,77.7,0.35602,matched
2412,80.4,2331,77.7,0.353334,matched
2413,80.433333,2332,77.733333,0.350648,matched
2414,80.466667,2332,77.733333,0.347962,review
2415,80.5,2333,77.766667,0.345275,review
2416,80.533333,2333,77.766667,0.342589,review
2417,80.566667,2334,77.8,0.339903,review
2418,80.6,2334,77.8,0.337217,review
2419,80.633333,2335,77.833333,0.343307,review
2420,80.666667,2335,77.833333,0.349396,review
2421,80.7,2336,77.866667,0.355486,matched
2422,80.733333,2336,77.866667,0.361575,matched
2423,80.766667,2337,77.9,0.367665,matched
2424,80.8,2337,77.9,0.373754,matched
2425,80.833333,2338,77.933333,0.379844,matched
2426,80.866667,2338,77.933333,0.385933,matched
2427,80.9,2339,77.966667,0.392023,matched
2428,80.933333,2339,77.966667,0.398112,matched
2429,80.966667,2340,78.0,0.404202,matched
2430,81.0,2340,78.0,0.410291,matched
2431,81.033333,2340,78.0,0.414336,matched
2432,81.066667,2341,78.033333,0.418381,matched
2433,81.1,2341,78.033333,0.422426,matched
2434,81.133333,2342,78.066667,0.426471,matched
2435,81.166667,2342,78.066667,0.430515,matched
2436,81.2,2343,78.1,0.43456,matched
2437,81.233333,2343,78.1,0.438605,matched
2438,81.266667,2344,78.133333,0.44265,matched
2439,81.3,2344,78.133333,0.446695,matched
2440,81.333333,2345,78.166667,0.45074,matched
2441,81.366667,2345,78.166667,0.454785,matched
2442,81.4,2346,78.2,0.45883,matched
2443,81.433333,2346,78.2,0.458886,matched
2444,81.466667,2347,78.233333,0.458943,matched
2445,81.5,2347,78.233333,0.458999,matched
2446,81.533333,2348,78.266667,0.459056,matched
2447,81.566667,2348,78.266667,0.459112,matched
2448,81.6,2349,78.3,0.459169,matched
2449,81.633333,2349,78.3,0.459225,matched
2450,81.666667,2350,78.333333,0.459282,matched
2451,81.7,2350,78.333333,0.459338,matched
2452,81.733333,2351,78.366667,0.459395,matched
2453,81.766667,2351,78.366667,0.459451,matched
2454,81.8,2352,78.4,0.459508,matched
2455,81.833333,2352,78.4,0.455854,matched
2456,81.866667,2353,78.433333,0.4522,matched
2457,81.9,2354,78.466667,0.448545,matched
2458,81.933333,2354,78.466667,0.444891,matched
2459,81.966667,2354,78.466667,0.441237,matched
2460,82.0,2355,78.5,0.437583,matched
2461,82.033333,2356,78.533333,0.433928,matched
2462,82.066667,2356,78.533333,0.430274,matched
2463,82.1,2356,78.533333,0.42662,matched
2464,82.133333,2357,78.566667,0.422965,matched
2465,82.166667,2358,78.6,0.419311,matched
2466,82.2,2358,78.6,0.415657,matched
2467,82.233333,2359,78.633333,0.415876,matched
2468,82.266667,2359,78.633333,0.416095,matched
2469,82.3,2360,78.666667,0.416313,matched
2470,82.333333,2360,78.666667,0.416532,matched
2471,82.366667,2361,78.7,0.416751,matched
2472,82.4,2361,78.7,0.41697,matched
2473,82.433333,2362,78.733333,0.417188,matched
2474,82.466667,2362,78.733333,0.417407,matched
2475,82.5,2363,78.766667,0.417626,matched
2476,82.533333,2363,78.766667,0.417845,matched
2477,82.566667,2364,78.8,0.418063,matched
2478,82.6,2364,78.8,0.418282,matched
2479,82.633333,2365,78.833333,0.416268,matched
2480,82.666667,2365,78.833333,0.414253,matched
2481,82.7,2366,78.866667,0.412239,matched
2482,82.733333,2366,78.866667,0.410225,matched
2483,82.766667,2367,78.9,0.40821,matched
2484,82.8,2367,78.9,0.406196,matched
2485,82.833333,2368,78.933333,0.404182,matched
2486,82.866667,2368,78.933333,0.402167,matched
2487,82.9,2369,78.966667,0.400153,matched
2488,82.933333,2369,78.966667,0.398139,matched
2489,82.966667,2370,79.0,0.396124,matched
2490,83.0,2370,79.0,0.39411,matched
2491,83.033333,2370,79.0,0.390187,matched
2492,83.066667,2371,79.033333,0.386264,matched
2493,83.1,2371,79.033333,0.382341,matched
2494,83.133333,2372,79.066667,0.378418,matched
2495,83.166667,2372,79.066667,0.374495,matched
2496,83.2,2373,79.1,0.370572,matched
2497,83.233333,2373,79.1,0.366649,matched
2498,83.266667,2374,79.133333,0.362725,matched
2499,83.3,2374,79.133333,0.358802,matched
2500,83.333333,2375,79.166667,0.354879,matched
2501,83.366667,2375,79.166667,0.350956,matched
2502,83.4,2376,79.2,0.347033,review
2503,83.433333,2376,79.2,0.356196,matched
2504,83.466667,2377,79.233333,0.36536,matched
2505,83.5,2377,79.233333,0.374523,matched
2506,83.533333,2378,79.266667,0.383687,matched
2507,83.566667,2378,79.266667,0.392851,matched
2508,83.6,2379,79.3,0.402014,matched
2509,83.633333,2379,79.3,0.411178,matched
2510,83.666667,2380,79.333333,0.420342,matched
2511,83.7,2380,79.333333,0.429505,matched
2512,83.733333,2381,79.366667,0.438669,matched
2513,83.766667,2381,79.366667,0.447833,matched
2514,83.8,2382,79.4,0.456996,matched
2515,83.833333,2382,79.4,0.43215,matched
2516,83.866667,2383,79.433333,0.407301,matched
2517,83.9,2384,79.466667,0.382452,matched
2518,83.933333,2384,79.466667,0.357603,matched
2519,83.966667,2384,79.466667,0.332754,review
2520,84.0,2385,79.5,0.307906,review
2521,84.033333,2386,79.533333,0.283057,review
2522,84.066667,2386,79.533333,0.258208,review
2523,84.1,2386,79.533333,0.233359,review
2524,84.133333,2387,79.566667,0.20851,review
2525,84.166667,2388,79.6,0.183661,review
2526,84.2,2388,79.6,0.158814,review
2527,84.233333,2389,79.633333,0.159614,review
2528,84.266667,2389,79.633333,0.160414,review
2529,84.3,2390,79.666667,0.161214,review
2530,84.333333,2390,79.666667,0.162014,review
2531,84.366667,2391,79.7,0.162814,review
2532,84.4,2391,79.7,0.163615,review
2533,84.433333,2392,79.733333,0.164415,review
2534,84.466667,2392,79.733333,0.165215,review
2535,84.5,2393,79.766667,0.166015,review
2536,84.533333,2393,79.766667,0.166815,review
2537,84.566667,2394,79.8,0.167615,review
2538,84.6,2394,79.8,0.168415,review
2539,84.633333,2395,79.833333,0.171863,review
2540,84.666667,2395,79.833333,0.175312,review
2541,84.7,2396,79.866667,0.17876,review
2542,84.733333,2396,79.866667,0.182208,review
2543,84.766667,2397,79.9,0.185656,review
2544,84.8,2397,79.9,0.189105,review
2545,84.833333,2398,79.933333,0.192553,review
2546,84.866667,2398,79.933333,0.196001,review
2547,84.9,2399,79.966667,0.199449,review
2548,84.933333,2399,79.966667,0.202898,review
2549,84.966667,2400,80.0,0.206346,review
2550,85.0,2400,80.0,0.209794,review
2551,85.033333,2400,80.0,0.221887,review
2552,85.066667,2401,80.033333,0.233979,review
2553,85.1,2401,80.033333,0.246072,review
2554,85.133333,2402,80.066667,0.258164,review
2555,85.166667,2402,80.066667,0.270257,review
2556,85.2,2403,80.1,0.282349,review
2557,85.233333,2403,80.1,0.294442,review
2558,85.266667,2404,80.133333,0.306534,review
2559,85.3,2404,80.133333,0.318627,review
2560,85.333333,2405,80.166667,0.330719,review
2561,85.366667,2405,80.166667,0.342812,review
2562,85.4,2406,80.2,0.354904,matched
2563,85.433333,2406,80.2,0.338594,review
2564,85.466667,2407,80.233333,0.322283,review
2565,85.5,2407,80.233333,0.305971,review
2566,85.533333,2408,80.266667,0.28966,review
2567,85.566667,2408,80.266667,0.273349,review
2568,85.6,2409,80.3,0.257037,review
2569,85.633333,2409,80.3,0.240726,review
2570,85.666667,2410,80.333333,0.224414,review
2571,85.7,2410,80.333333,0.208103,review
2572,85.733333,2411,80.366667,0.191791,review
2573,85.766667,2411,80.366667,0.17548,review
2574,85.8,2412,80.4,0.159168,review
2575,85.833333,2412,80.4,0.15885,review
2576,85.866667,2413,80.433333,0.158534,review
2577,85.9,2414,80.466667,0.158217,review
2578,85.933333,2414,80.466667,0.1579,review
2579,85.966667,2414,80.466667,0.157584,review
2580,86.0,2415,80.5,0.157267,review
2581,86.033333,2416,80.533333,0.15695,review
2582,86.066667,2416,80.533333,0.156634,review
2583,86.1,2416,80.533333,0.156317,review
2584,86.133333,2417,80.566667,0.156,review
2585,86.166667,2418,80.6,0.155684,review
2586,86.2,2418,80.6,0.155368,review
2587,86.233333,2419,80.633333,0.169239,review
2588,86.266667,2419,80.633333,0.18311,review
2589,86.3,2420,80.666667,0.19698,review
2590,86.333333,2420,80.666667,0.210851,review
2591,86.366667,2421,80.7,0.224721,review
2592,86.4,2421,80.7,0.238592,review
2593,86.433333,2422,80.733333,0.252463,review
2594,86.466667,2422,80.733333,0.266333,review
2595,86.5,2423,80.766667,0.280204,review
2596,86.533333,2423,80.766667,0.294074,review
2597,86.566667,2424,80.8,0.307945,review
2598,86.6,2424,80.8,0.321814,review
2599,86.633333,2425,80.833333,0.30609,review
2600,86.666667,2425,80.833333,0.290366,review
2601,86.7,2426,80.866667,0.274641,review
2602,86.733333,2426,80.866667,0.258917,review
2603,86.766667,2427,80.9,0.243193,review
2604,86.8,2427,80.9,0.227468,review
2605,86.833333,2428,80.933333,0.211744,review
2606,86.866667,2428,80.933333,0.196019,review
2607,86.9,2429,80.966667,0.180295,review
2608,86.933333,2429,80.966667,0.164571,review
2609,86.966667,2430,81.0,0.148846,review
2610,87.0,2430,81.0,0.133122,review
2611,87.033333,2430,81.0,0.14384,review
2612,87.066667,2431,81.033333,0.154559,review
2613,87.1,2431,81.033333,0.165277,review
2614,87.133333,2432,81.066667,0.175995,review
2615,87.166667,2432,81.066667,0.186713,review
2616,87.2,2433,81.1,0.197432,review
2617,87.233333,2433,81.1,0.20815,review
2618,87.266667,2434,81.133333,0.218868,review
2619,87.3,2434,81.133333,0.229587,review
2620,87.333333,2435,81.166667,0.240305,review
2621,87.366667,2435,81.166667,0.251023,review
2622,87.4,2436,81.2,0.261742,review
2623,87.433333,2436,81.2,0.25155,review
2624,87.466667,2437,81.233333,0.241357,review
2625,87.5,2437,81.233333,0.231164,review
2626,87.533333,2438,81.266667,0.220971,review
2627,87.566667,2438,81.266667,0.210778,review
2628,87.6,2439,81.3,0.200585,review
2629,87.633333,2439,81.3,0.190392,review
2630,87.666667,2440,81.333333,0.180199,review
2631,87.7,2440,81.333333,0.170006,review
2632,87.733333,2441,81.366667,0.159813,review
2633,87.766667,2441,81.366667,0.14962,review
2634,87.8,2442,81.4,0.139427,review
2635,87.833333,2442,81.4,0.15452,review
2636,87.866667,2443,81.433333,0.169615,review
2637,87.9,2444,81.466667,0.184711,review
2638,87.933333,2444,81.466667,0.199806,review
2639,87.966667,2444,81.466667,0.214901,review
2640,88.0,2445,81.5,0.229997,review
2641,88.033333,2446,81.533333,0.245092,review
2642,88.066667,2446,81.533333,0.260187,review
2643,88.1,2446,81.533333,0.275282,review
2644,88.133333,2447,81.566667,0.290378,review
2645,88.166667,2448,81.6,0.305473,review
2646,88.2,2448,81.6,0.320568,review
2647,88.233333,2449,81.633333,0.327303,review
2648,88.266667,2449,81.633333,0.334039,review
2649,88.3,2450,81.666667,0.340774,review
2650,88.333333,2450,81.666667,0.34751,review
2651,88.366667,2451,81.7,0.354245,matched
2652,88.4,2451,81.7,0.36098,matched
2653,88.433333,2452,81.733333,0.367716,matched
2654,88.466667,2452,81.733333,0.374451,matched
2655,88.5,2453,81.766667,0.381187,matched
2656,88.533333,2453,81.766667,0.387922,matched
2657,88.566667,2454,81.8,0.394658,matched
2658,88.6,2454,81.8,0.401393,matched
2659,88.633333,2455,81.833333,0.393411,matched
2660,88.666667,2455,81.833333,0.385429,matched
2661,88.7,2456,81.866667,0.377447,matched
2662,88.733333,2456,81.866667,0.369465,matched
2663,88.766667,2457,81.9,0.361484,matched
2664,88.8,2457,81.9,0.353502,matched
2665,88.833333,2458,81.933333,0.34552,review
2666,88.866667,2458,81.933333,0.337538,review
2667,88.9,2459,81.966667,0.329556,review
2668,88.933333,2459,81.966667,0.321575,review
2669,88.966667,2460,82.0,0.313593,review
2670,89.0,2460,82.0,0.305611,review
2671,89.033333,2460,82.0,0.320906,review
2672,89.066667,2461,82.033333,0.336201,review
2673,89.1,2461,82.033333,0.351497,matched
2674,89.133333,2462,82.066667,0.366792,matched
2675,89.166667,2462,82.066667,0.382087,matched
2676,89.2,2463,82.1,0.397382,matched
2677,89.233333,2463,82.1,0.412677,matched
2678,89.266667,2464,82.133333,0.427973,matched
2679,89.3,2464,82.133333,0.443268,matched
2680,89.333333,2465,82.166667,0.458563,matched
2681,89.366667,2465,82.166667,0.473858,matched
2682,89.4,2466,82.2,0.489153,matched
2683,89.433333,2466,82.2,0.470237,matched
2684,89.466667,2467,82.233333,0.451318,matched
2685,89.5,2467,82.233333,0.4324,matched
2686,89.533333,2468,82.266667,0.413482,matched
2687,89.566667,2468,82.266667,0.394564,matched
2688,89.6,2469,82.3,0.375645,matched
2689,89.633333,2469,82.3,0.356727,matched
2690,89.666667,2470,82.333333,0.337809,review
2691,89.7,2470,82.333333,0.318891,review
2692,89.733333,2471,82.366667,0.299972,review
2693,89.766667,2471,82.366667,0.281054,review
2694,89.8,2472,82.4,0.262136,review
2695,89.833333,2472,82.4,0.277902,review
2696,89.866667,2473,82.433333,0.293671,review
2697,89.9,2474,82.466667,0.30944,review
2698,89.933333,2474,82.466667,0.325209,review
2699,89.966667,2474,82.466667,0.340978,review
2700,90.0,2475,82.5,0.356747,matched
2701,90.033333,2476,82.533333,0.372516,matched
2702,90.066667,2476,82.533333,0.388285,matched
2703,90.1,2476,82.533333,0.404054,matched
2704,90.133333,2477,82.566667,0.419823,matched
2705,90.166667,2478,82.6,0.435592,matched
2706,90.2,2478,82.6,0.451359,matched
2707,90.233333,2479,82.633333,0.445979,matched
2708,90.266667,2479,82.633333,0.440599,matched
2709,90.3,2480,82.666667,0.435219,matched
2710,90.333333,2480,82.666667,0.429839,matched
2711,90.366667,2481,82.7,0.424459,matched
2712,90.4,2481,82.7,0.419079,matched
2713,90.433333,2482,82.733333,0.413699,matched
2714,90.466667,2482,82.733333,0.408319,matched
2715,90.5,2483,82.766667,0.402939,matched
2716,90.533333,2483,82.766667,0.397559,matched
2717,90.566667,2484,82.8,0.392179,matched
2718,90.6,2484,82.8,0.3868,matched
2719,90.633333,2485,82.833333,0.4129,matched
2720,90.666667,2485,82.833333,0.439,matched
2721,90.7,2486,82.866667,0.4651,matched
2722,90.733333,2486,82.866667,0.4912,matched
2723,90.766667,2487,82.9,0.5173,matched
2724,90.8,2487,82.9,0.5434,matched
2725,90.833333,2488,82.933333,0.5695,matched
2726,90.866667,2488,82.933333,0.5956,matched
2727,90.9,2489,82.966667,0.6217,matched
2728,90.933333,2489,82.966667,0.6478,matched
2729,90.966667,2490,83.0,0.6739,matched
2730,91.0,2490,83.0,0.7,matched
2731,91.033333,2490,83.0,0.680862,matched
2732,91.066667,2491,83.033333,0.661725,matched
2733,91.1,2491,83.033333,0.642587,matched
2734,91.133333,2492,83.066667,0.62345,matched
2735,91.166667,2492,83.066667,0.604312,matched
2736,91.2,2493,83.1,0.585174,matched
2737,91.233333,2493,83.1,0.566037,matched
2738,91.266667,2494,83.133333,0.546899,matched
2739,91.3,2494,83.133333,0.527762,matched
2740,91.333333,2495,83.166667,0.508624,matched
2741,91.366667,2495,83.166667,0.489486,matched
2742,91.4,2496,83.2,0.470349,matched
2743,91.433333,2498,83.266667,0.442399,matched
2744,91.466667,2500,83.333333,0.414448,matched
2745,91.5,2502,83.4,0.386497,matched
2746,91.533333,2504,83.466667,0.358547,matched
2747,91.566667,2506,83.533333,0.330596,review
2748,91.6,2508,83.6,0.302647,review
2749,91.633333,2508,83.6,0.31323,review
2750,91.666667,2509,83.633333,0.323812,review
2751,91.7,2510,83.666667,0.334394,review
2752,91.733333,2510,83.666667,0.344976,review
2753,91.766667,2511,83.7,0.355558,matched
2754,91.8,2511,83.7,0.36614,matched
2755,91.833333,2512,83.733333,0.376722,matched
2756,91.866667,2512,83.733333,0.387304,matched
2757,91.9,2513,83.766667,0.397887,matched
2758,91.933333,2513,83.766667,0.408469,matched
2759,91.966667,2514,83.8,0.419051,matched
2760,92.0,2514,83.8,0.429633,matched
2761,92.033333,2516,83.866667,0.417199,matched
2762,92.066667,2518,83.933333,0.404765,matched
2763,92.1,2520,84.0,0.392331,matched
2764,92.133333,2522,84.066667,0.379897,matched
2765,92.166667,2524,84.133333,0.367463,matched
2766,92.2,2526,84.2,0.355031,matched
2767,92.233333,2528,84.266667,0.367411,matched
2768,92.266667,2530,84.333333,0.379791,matched
2769,92.3,2532,84.4,0.39217,matched
2770,92.333333,2534,84.466667,0.40455,matched
2771,92.366667,2536,84.533333,0.41693,matched
2772,92.4,2538,84.6,0.429309,matched
2773,92.433333,2538,84.6,0.427784,matched
2774,92.466667,2539,84.633333,0.426257,matched
2775,92.5,2539,84.633333,0.424731,matched
2776,92.533333,2540,84.666667,0.423204,matched
2777,92.566667,2540,84.666667,0.421678,matched
2778,92.6,2541,84.7,0.420152,matched
2779,92.633333,2541,84.7,0.418625,matched
2780,92.666667,2542,84.733333,0.417099,matched
2781,92.7,2543,84.766667,0.415572,matched
2782,92.733333,2543,84.766667,0.414046,matched
2783,92.766667,2544,84.8,0.41252,matched
2784,92.8,2544,84.8,0.410993,matched
2785,92.833333,2545,84.833333,0.403194,matched
2786,92.866667,2545,84.833333,0.395394,matched
2787,92.9,2546,84.866667,0.387594,matched
2788,92.933333,2546,84.866667,0.379795,matched
2789,92.966667,2547,84.9,0.371995,matched
2790,93.0,2547,84.9,0.364195,matched
2791,93.033333,2548,84.933333,0.356395,matched
2792,93.066667,2548,84.933333,0.348595,review
2793,93.1,2549,84.966667,0.340796,review
2794,93.133333,2549,84.966667,0.332996,review
2795,93.166667,2550,85.0,0.325196,review
2796,93.2,2550,85.0,0.317397,review
2797,93.233333,2552,85.066667,0.320654,review
2798,93.266667,2554,85.133333,0.32391,review
2799,93.3,2556,85.2,0.327166,review
2800,93.333333,2558,85.266667,0.330422,review
2801,93.366667,2560,85.333333,0.333679,review
2802,93.4,2562,85.4,0.336935,review
2803,93.433333,2564,85.466667,0.306803,review
2804,93.466667,2566,85.533333,0.27667,review
2805,93.5,2568,85.6,0.246537,review
2806,93.533333,2570,85.666667,0.216403,review
2807,93.566667,2572,85.733333,0.18627,review
2808,93.6,2574,85.8,0.156137,review
2809,93.633333,2576,85.866667,0.135716,review
2810,93.666667,2578,85.933333,0.115295,review
2811,93.7,2580,86.0,0.094873,review
2812,93.733333,2582,86.066667,0.074452,review
2813,93.766667,2584,86.133333,0.054031,review
2814,93.8,2586,86.2,0.03361,review
2815,93.833333,2588,86.266667,0.035126,review
2816,93.866667,2590,86.333333,0.036645,review
2817,93.9,2592,86.4,0.038163,review
2818,93.933333,2594,86.466667,0.039682,review
2819,93.966667,2596,86.533333,0.0412,review
2820,94.0,2598,86.6,0.042719,review
2821,94.033333,2600,86.666667,0.078116,review
2822,94.066667,2602,86.733333,0.113513,review
2823,94.1,2604,86.8,0.14891,review
2824,94.133333,2606,86.866667,0.184306,review
2825,94.166667,2608,86.933333,0.219703,review
2826,94.2,2610,87.0,0.255097,review
2827,94.233333,2612,87.066667,0.253757,review
2828,94.266667,2614,87.133333,0.252417,review
2829,94.3,2616,87.2,0.251076,review
2830,94.333333,2618,87.266667,0.249736,review
2831,94.366667,2620,87.333333,0.248396,review
2832,94.4,2622,87.4,0.247056,review
2833,94.433333,2624,87.466667,0.236915,review
2834,94.466667,2626,87.533333,0.226773,review
2835,94.5,2628,87.6,0.216632,review
2836,94.533333,2630,87.666667,0.20649,review
2837,94.566667,2632,87.733333,0.196348,review
2838,94.6,2634,87.8,0.186207,review
2839,94.633333,2635,87.833333,0.185232,review
2840,94.666667,2635,87.833333,0.184257,review
2841,94.7,2636,87.866667,0.183282,review
2842,94.733333,2636,87.866667,0.182307,review
2843,94.766667,2637,87.9,0.181332,review
2844,94.8,2637,87.9,0.180356,review
2845,94.833333,2638,87.933333,0.179381,review
2846,94.866667,2638,87.933333,0.178406,review
2847,94.9,2639,87.966667,0.177431,review
2848,94.933333,2639,87.966667,0.176456,review
2849,94.966667,2640,88.0,0.175481,review
2850,95.0,2640,88.0,0.174506,review
2851,95.033333,2640,88.0,0.169989,review
2852,95.066667,2641,88.033333,0.165472,review
2853,95.1,2641,88.033333,0.160955,review
2854,95.133333,2642,88.066667,0.156438,review
2855,95.166667,2642,88.066667,0.151921,review
2856,95.2,2643,88.1,0.147404,review
2857,95.233333,2643,88.1,0.142887,review
2858,95.266667,2644,88.133333,0.138369,review
2859,95.3,2644,88.133333,0.133852,review
2860,95.333333,2645,88.166667,0.129335,review
2861,95.366667,2645,88.166667,0.124818,review
2862,95.4,2646,88.2,0.120301,review
2863,95.433333,2646,88.2,0.12745,review
2864,95.466667,2647,88.233333,0.134599,review
2865,95.5,2647,88.233333,0.141748,review
2866,95.533333,2648,88.266667,0.148897,review
2867,95.566667,2648,88.266667,0.156046,review
2868,95.6,2649,88.3,0.163196,review
2869,95.633333,2649,88.3,0.170345,review
2870,95.666667,2650,88.333333,0.177494,review
2871,95.7,2650,88.333333,0.184643,review
2872,95.733333,2651,88.366667,0.191792,review
2873,95.766667,2651,88.366667,0.198941,review
2874,95.8,2652,88.4,0.20609,review
2875,95.833333,2654,88.466667,0.203131,review
2876,95.866667,2656,88.533333,0.200172,review
2877,95.9,2658,88.6,0.197212,review
2878,95.933333,2660,88.666667,0.194252,review
2879,95.966667,2662,88.733333,0.191292,review
2880,96.0,2664,88.8,0.188332,review
2881,96.033333,2665,88.833333,0.187503,review
2882,96.066667,2665,88.833333,0.186675,review
2883,96.1,2666,88.866667,0.185846,review
2884,96.133333,2666,88.866667,0.185018,review
2885,96.166667,2667,88.9,0.184189,review
2886,96.2,2667,88.9,0.183361,review
2887,96.233333,2668,88.933333,0.182532,review
2888,96.266667,2668,88.933333,0.181703,review
2889,96.3,2669,88.966667,0.180875,review
2890,96.333333,2669,88.966667,0.180046,review
2891,96.366667,2669,88.966667,0.179218,review
2892,96.4,2670,89.0,0.178389,review
2893,96.433333,2670,89.0,0.173152,review
2894,96.466667,2671,89.033333,0.167915,review
2895,96.5,2671,89.033333,0.162679,review
2896,96.533333,2672,89.066667,0.157442,review
2897,96.566667,2672,89.066667,0.152205,review
2898,96.6,2673,89.1,0.146968,review
2899,96.633333,2673,89.1,0.141731,review
2900,96.666667,2674,89.133333,0.136494,review
2901,96.7,2674,89.133333,0.131257,review
2902,96.733333,2675,89.166667,0.12602,review
2903,96.766667,2675,89.166667,0.120783,review
2904,96.8,2676,89.2,0.115546,review
2905,96.833333,2676,89.2,0.118145,review
2906,96.866667,2677,89.233333,0.120744,review
2907,96.9,2677,89.233333,0.123343,review
2908,96.933333,2678,89.266667,0.125942,review
2909,96.966667,2678,89.266667,0.128541,review
2910,97.0,2679,89.3,0.13114,review
2911,97.033333,2679,89.3,0.133739,review
2912,97.066667,2680,89.333333,0.136338,review
2913,97.1,2681,89.366667,0.138937,review
2914,97.133333,2681,89.366667,0.141536,review
2915,97.166667,2682,89.4,0.144135,review
2916,97.2,2682,89.4,0.146734,review
2917,97.233333,2683,89.433333,0.149885,review
2918,97.266667,2683,89.433333,0.153036,review
2919,97.3,2684,89.466667,0.156187,review
2920,97.333333,2684,89.466667,0.159338,review
2921,97.366667,2685,89.5,0.162489,review
2922,97.4,2685,89.5,0.16564,review
2923,97.433333,2686,89.533333,0.168791,review
2924,97.466667,2686,89.533333,0.171942,review
2925,97.5,2687,89.566667,0.175092,review
2926,97.533333,2687,89.566667,0.178243,review
2927,97.566667,2687,89.566667,0.181394,review
2928,97.6,2688,89.6,0.184545,review
2929,97.633333,2688,89.6,0.182841,review
2930,97.666667,2689,89.633333,0.181136,review
2931,97.7,2690,89.666667,0.179432,review
2932,97.733333,2690,89.666667,0.177727,review
2933,97.766667,2691,89.7,0.176023,review
2934,97.8,2691,89.7,0.174318,review
2935,97.833333,2692,89.733333,0.172614,review
2936,97.866667,2692,89.733333,0.17091,review
2937,97.9,2693,89.766667,0.169205,review
2938,97.933333,2693,89.766667,0.167501,review
2939,97.966667,2694,89.8,0.165796,review
2940,98.0,2694,89.8,0.164092,review
2941,98.033333,2695,89.833333,0.160965,review
2942,98.066667,2695,89.833333,0.157838,review
2943,98.1,2696,89.866667,0.154711,review
2944,98.133333,2696,89.866667,0.151584,review
2945,98.166667,2697,89.9,0.148457,review
2946,98.2,2697,89.9,0.145331,review
2947,98.233333,2698,89.933333,0.142204,review
2948,98.266667,2698,89.933333,0.139077,review
2949,98.3,2699,89.966667,0.13595,review
2950,98.333333,2699,89.966667,0.132823,review
2951,98.366667,2699,89.966667,0.129696,review
2952,98.4,2700,90.0,0.126569,review
2953,98.433333,2702,90.066667,0.138132,review
2954,98.466667,2704,90.133333,0.149695,review
2955,98.5,2706,90.2,0.161259,review
2956,98.533333,2708,90.266667,0.172822,review
2957,98.566667,2710,90.333333,0.184385,review
2958,98.6,2712,90.4,0.195947,review
2959,98.633333,2713,90.433333,0.179618,review
2960,98.666667,2713,90.433333,0.163289,review
2961,98.7,2714,90.466667,0.14696,review
2962,98.733333,2714,90.466667,0.130632,review
2963,98.766667,2715,90.5,0.114303,review
2964,98.8,2715,90.5,0.097974,review
2965,98.833333,2716,90.533333,0.081645,review
2966,98.866667,2716,90.533333,0.065316,review
2967,98.9,2716,90.533333,0.048987,review
2968,98.933333,2717,90.566667,0.032658,review
2969,98.966667,2717,90.566667,0.016329,review
2970,99.0,2718,90.6,0.0,review
2971,99.033333,2718,90.6,0.00185,review
2972,99.066667,2719,90.633333,0.003701,review
2973,99.1,2719,90.633333,0.005551,review
2974,99.133333,2720,90.666667,0.007402,review
2975,99.166667,2721,90.7,0.009252,review
2976,99.2,2721,90.7,0.011103,review
2977,99.233333,2722,90.733333,0.012953,review
2978,99.266667,2722,90.733333,0.014804,review
2979,99.3,2723,90.766667,0.016654,review
2980,99.333333,2723,90.766667,0.018505,review
2981,99.366667,2724,90.8,0.020355,review
2982,99.4,2724,90.8,0.022206,review
2983,99.433333,2726,90.866667,0.036475,review
2984,99.466667,2728,90.933333,0.050744,review
2985,99.5,2730,91.0,0.065014,review
2986,99.533333,2732,91.066667,0.079284,review
2987,99.566667,2734,91.133333,0.093553,review
2988,99.6,2736,91.2,0.107822,review
2989,99.633333,2736,91.2,0.106958,review
2990,99.666667,2737,91.233333,0.106093,review
2991,99.7,2737,91.233333,0.105229,review
2992,99.733333,2738,91.266667,0.104364,review
2993,99.766667,2738,91.266667,0.1035,review
2994,99.8,2739,91.3,0.102635,review
2995,99.833333,2739,91.3,0.101771,review
2996,99.866667,2740,91.333333,0.100907,review
2997,99.9,2741,91.366667,0.100042,review
2998,99.933333,2741,91.366667,0.099178,review
2999,99.966667,2742,91.4,0.098313,review
3000,100.0,2742,91.4,0.097449,review
3001,100.033333,2743,91.433333,0.112759,review
3002,100.066667,2743,91.433333,0.128069,review
3003,100.1,2744,91.466667,0.14338,review
3004,100.133333,2744,91.466667,0.15869,review
3005,100.166667,2744,91.466667,0.174,review
3006,100.2,2745,91.5,0.18931,review
3007,100.233333,2745,91.5,0.20462,review
3008,100.266667,2746,91.533333,0.219931,review
3009,100.3,2746,91.533333,0.235241,review
3010,100.333333,2747,91.566667,0.250551,review
3011,100.366667,2747,91.566667,0.265861,review
3012,100.4,2748,91.6,0.281171,review
3013,100.433333,2748,91.6,0.280783,review
3014,100.466667,2749,91.633333,0.280394,review
3015,100.5,2749,91.633333,0.280005,review
3016,100.533333,2750,91.666667,0.279616,review
3017,100.566667,2750,91.666667,0.279227,review
3018,100.6,2751,91.7,0.278839,review
3019,100.633333,2751,91.7,0.27845,review
3020,100.666667,2752,91.733333,0.278061,review
3021,100.7,2753,91.766667,0.277672,review
3022,100.733333,2753,91.766667,0.277283,review
3023,100.766667,2754,91.8,0.276894,review
3024,100.8,2754,91.8,0.276505,review
3025,100.833333,2755,91.833333,0.270725,review
3026,100.866667,2755,91.833333,0.264944,review
3027,100.9,2756,91.866667,0.259163,review
3028,100.933333,2756,91.866667,0.253382,review
3029,100.966667,2757,91.9,0.2476,review
3030,101.0,2757,91.9,0.241819,review
3031,101.033333,2758,91.933333,0.236038,review
3032,101.066667,2758,91.933333,0.230257,review
3033,101.1,2759,91.966667,0.224476,review
3034,101.133333,2759,91.966667,0.218695,review
3035,101.166667,2760,92.0,0.212914,review
3036,101.2,2760,92.0,0.207133,review
3037,101.233333,2761,92.033333,0.200511,review
3038,101.266667,2761,92.033333,0.193889,review
3039,101.3,2762,92.066667,0.187267,review
3040,101.333333,2762,92.066667,0.180645,review
3041,101.366667,2762,92.066667,0.174024,review
3042,101.4,2763,92.1,0.167402,review
3043,101.433333,2763,92.1,0.16078,review
3044,101.466667,2764,92.133333,0.154158,review
3045,101.5,2764,92.133333,0.147536,review
3046,101.533333,2765,92.166667,0.140914,review
3047,101.566667,2765,92.166667,0.134292,review
3048,101.6,2766,92.2,0.12767,review
3049,101.633333,2766,92.2,0.127775,review
3050,101.666667,2767,92.233333,0.127879,review
3051,101.7,2767,92.233333,0.127984,review
3052,101.733333,2768,92.266667,0.128089,review
3053,101.766667,2768,92.266667,0.128193,review
3054,101.8,2769,92.3,0.128298,review
3055,101.833333,2769,92.3,0.128403,review
3056,101.866667,2770,92.333333,0.128507,review
3057,101.9,2771,92.366667,0.128612,review
3058,101.933333,2771,92.366667,0.128717,review
3059,101.966667,2772,92.4,0.128821,review
3060,102.0,2772,92.4,0.128926,review
3061,102.033333,2774,92.466667,0.107438,review
3062,102.066667,2776,92.533333,0.08595,review
3063,102.1,2778,92.6,0.064462,review
3064,102.133333,2780,92.666667,0.042974,review
3065,102.166667,2782,92.733333,0.021486,review
3066,102.2,2784,92.8,0.0,review
3067,102.233333,2786,92.866667,0.0,review
3068,102.266667,2788,92.933333,0.0,review
3069,102.3,2790,93.0,0.0,review
3070,102.333333,2792,93.066667,0.0,review
3071,102.366667,2794,93.133333,0.0,review
3072,102.4,2796,93.2,0.0,review
3073,102.433333,2796,93.2,0.015304,review
3074,102.466667,2797,93.233333,0.030609,review
3075,102.5,2797,93.233333,0.045913,review
3076,102.533333,2798,93.266667,0.061218,review
3077,102.566667,2798,93.266667,0.076523,review
3078,102.6,2799,93.3,0.091827,review
3079,102.633333,2799,93.3,0.107132,review
3080,102.666667,2800,93.333333,0.122437,review
3081,102.7,2800,93.333333,0.137742,review
3082,102.733333,2801,93.366667,0.153046,review
3083,102.766667,2801,93.366667,0.168351,review
3084,102.8,2802,93.4,0.183656,review
3085,102.833333,2804,93.466667,0.158321,review
3086,102.866667,2806,93.533333,0.132983,review
3087,102.9,2808,93.6,0.107645,review
3088,102.933333,2810,93.666667,0.082306,review
3089,102.966667,2812,93.733333,0.056968,review
3090,103.0,2814,93.8,0.03163,review
3091,103.033333,2816,93.866667,0.033463,review
3092,103.066667,2818,93.933333,0.035295,review
3093,103.1,2820,94.0,0.037128,review
3094,103.133333,2822,94.066667,0.03896,review
3095,103.166667,2824,94.133333,0.040793,review
3096,103.2,2826,94.2,0.042625,review
3097,103.233333,2826,94.2,0.044554,review
3098,103.266667,2827,94.233333,0.046483,review
3099,103.3,2827,94.233333,0.048413,review
3100,103.333333,2828,94.266667,0.050342,review
3101,103.366667,2829,94.3,0.052271,review
3102,103.4,2829,94.3,0.0542,review
3103,103.433333,2830,94.333333,0.056129,review
3104,103.466667,2830,94.333333,0.058058,review
3105,103.5,2831,94.366667,0.059988,review
3106,103.533333,2831,94.366667,0.061917,review
3107,103.566667,2832,94.4,0.063846,review
3108,103.6,2832,94.4,0.065775,review
3109,103.633333,2833,94.433333,0.076425,review
3110,103.666667,2833,94.433333,0.087075,review
3111,103.7,2834,94.466667,0.097725,review
3112,103.733333,2834,94.466667,0.108375,review
3113,103.766667,2835,94.5,0.119025,review
3114,103.8,2835,94.5,0.129675,review
3115,103.833333,2836,94.533333,0.140325,review
3116,103.866667,2836,94.533333,0.150975,review
3117,103.9,2836,94.533333,0.161625,review
3118,103.933333,2837,94.566667,0.172275,review
3119,103.966667,2837,94.566667,0.182925,review
3120,104.0,2838,94.6,0.193575,review
3121,104.033333,2840,94.666667,0.193314,review
3122,104.066667,2842,94.733333,0.193053,review
3123,104.1,2844,94.8,0.192791,review
3124,104.133333,2846,94.866667,0.19253,review
3125,104.166667,2848,94.933333,0.192269,review
3126,104.2,2850,95.0,0.192008,review
3127,104.233333,2851,95.033333,0.190874,review
3128,104.266667,2851,95.033333,0.18974,review
3129,104.3,2852,95.066667,0.188606,review
3130,104.333333,2852,95.066667,0.187472,review
3131,104.366667,2852,95.066667,0.186338,review
3132,104.4,2853,95.1,0.185204,review
3133,104.433333,2853,95.1,0.18407,review
3134,104.466667,2854,95.133333,0.182936,review
3135,104.5,2854,95.133333,0.181802,review
3136,104.533333,2855,95.166667,0.180668,review
3137,104.566667,2855,95.166667,0.179534,review
3138,104.6,2856,95.2,0.1784,review
3139,104.633333,2856,95.2,0.183437,review
3140,104.666667,2857,95.233333,0.188473,review
3141,104.7,2857,95.233333,0.193509,review
3142,104.733333,2858,95.266667,0.198545,review
3143,104.766667,2858,95.266667,0.203582,review
3144,104.8,2859,95.3,0.208618,review
3145,104.833333,2859,95.3,0.213654,review
3146,104.866667,2860,95.333333,0.218691,review
3147,104.9,2861,95.366667,0.223727,review
3148,104.933333,2861,95.366667,0.228763,review
3149,104.966667,2862,95.4,0.2338,review
3150,105.0,2862,95.4,0.238836,review
3151,105.033333,2864,95.466667,0.243547,review
3152,105.066667,2866,95.533333,0.248258,review
3153,105.1,2868,95.6,0.25297,review
3154,105.133333,2870,95.666667,0.257681,review
3155,105.166667,2872,95.733333,0.262392,review
3156,105.2,2874,95.8,0.267102,review
3157,105.233333,2876,95.866667,0.251327,review
3158,105.266667,2878,95.933333,0.235553,review
3159,105.3,2880,96.0,0.219779,review
3160,105.333333,2882,96.066667,0.204005,review
3161,105.366667,2884,96.133333,0.188231,review
3162,105.4,2886,96.2,0.172457,review
3163,105.433333,2888,96.266667,0.172738,review
3164,105.466667,2890,96.333333,0.173021,review
3165,105.5,2892,96.4,0.173303,review
3166,105.533333,2894,96.466667,0.173585,review
3167,105.566667,2896,96.533333,0.173868,review
3168,105.6,2898,96.6,0.174151,review
3169,105.633333,2900,96.666667,0.188795,review
3170,105.666667,2902,96.733333,0.203439,review
3171,105.7,2904,96.8,0.218083,review
3172,105.733333,2906,96.866667,0.232727,review
3173,105.766667,2908,96.933333,0.247371,review
3174,105.8,2910,97.0,0.262015,review
3175,105.833333,2910,97.0,0.257855,review
3176,105.866667,2911,97.033333,0.253695,review
3177,105.9,2911,97.033333,0.249534,review
3178,105.933333,2912,97.066667,0.245373,review
3179,105.966667,2912,97.066667,0.241212,review
3180,106.0,2913,97.1,0.237051,review
3181,106.033333,2913,97.1,0.23289,review
3182,106.066667,2914,97.133333,0.228729,review
3183,106.1,2914,97.133333,0.224568,review
3184,106.133333,2915,97.166667,0.220407,review
3185,106.166667,2915,97.166667,0.216247,review
3186,106.2,2916,97.2,0.212085,review
3187,106.233333,2918,97.266667,0.20527,review
3188,106.266667,2920,97.333333,0.198454,review
3189,106.3,2922,97.4,0.191638,review
3190,106.333333,2924,97.466667,0.184823,review
3191,106.366667,2926,97.533333,0.178007,review
3192,106.4,2928,97.6,0.171191,review
3193,106.433333,2930,97.666667,0.190567,review
3194,106.466667,2932,97.733333,0.209945,review
3195,106.5,2934,97.8,0.229322,review
3196,106.533333,2936,97.866667,0.248699,review
3197,106.566667,2938,97.933333,0.268077,review
3198,106.6,2940,98.0,0.287453,review
3199,106.633333,2942,98.066667,0.286852,review
3200,106.666667,2944,98.133333,0.286251,review
3201,106.7,2946,98.2,0.285651,review
3202,106.733333,2948,98.266667,0.28505,review
3203,106.766667,2950,98.333333,0.284449,review
3204,106.8,2952,98.4,0.283848,review
3205,106.833333,2954,98.466667,0.27057,review
3206,106.866667,2956,98.533333,0.25729,review
3207,106.9,2958,98.6,0.244011,review
3208,106.933333,2960,98.666667,0.230732,review
3209,106.966667,2962,98.733333,0.217452,review
3210,107.0,2964,98.8,0.204173,review
3211,107.033333,2966,98.866667,0.214868,review
3212,107.066667,2968,98.933333,0.225564,review
3213,107.1,2970,99.0,0.236259,review
3214,107.133333,2972,99.066667,0.246955,review
3215,107.166667,2974,99.133333,0.25765,review
3216,107.2,2976,99.2,0.268344,review
3217,107.233333,2978,99.266667,0.253386,review
3218,107.266667,2980,99.333333,0.238429,review
3219,107.3,2982,99.4,0.223472,review
3220,107.333333,2984,99.466667,0.208514,review
3221,107.366667,2986,99.533333,0.193557,review
3222,107.4,2988,99.6,0.1786,review
3223,107.433333,2988,99.6,0.163716,review
3224,107.466667,2989,99.633333,0.148833,review
3225,107.5,2989,99.633333,0.13395,review
3226,107.533333,2990,99.666667,0.119067,review
3227,107.566667,2990,99.666667,0.104184,review
3228,107.6,2991,99.7,0.089301,review
3229,107.633333,2991,99.7,0.074417,review
3230,107.666667,2992,99.733333,0.059534,review
3231,107.7,2993,99.766667,0.044651,review
3232,107.733333,2993,99.766667,0.029768,review
3233,107.766667,2994,99.8,0.014885,review
3234,107.8,2994,99.8,1e-06,review
3235,107.833333,2996,99.866667,0.005915,review
3236,107.866667,2998,99.933333,0.01183,review
3237,107.9,3000,100.0,0.017745,review
3238,107.933333,3002,100.066667,0.02366,review
3239,107.966667,3004,100.133333,0.029576,review
3240,108.0,3006,100.2,0.035491,review
3241,108.033333,3008,100.266667,0.041127,review
3242,108.066667,3010,100.333333,0.046763,review
3243,108.1,3012,100.4,0.052398,review
3244,108.133333,3014,100.466667,0.058034,review
3245,108.166667,3016,100.533333,0.06367,review
3246,108.2,3018,100.6,0.069305,review
3247,108.233333,3020,100.666667,0.066426,review
3248,108.266667,3022,100.733333,0.063547,review
3249,108.3,3024,100.8,0.060668,review
3250,108.333333,3026,100.866667,0.05779,review
3251,108.366667,3028,100.933333,0.054911,review
3252,108.4,3030,101.0,0.052032,review
3253,108.433333,3032,101.066667,0.043724,review
3254,108.466667,3034,101.133333,0.035415,review
3255,108.5,3036,101.2,0.027107,review
3256,108.533333,3038,101.266667,0.018799,review
3257,108.566667,3040,101.333333,0.01049,review
3258,108.6,3042,101.4,0.002183,review
3259,108.633333,3044,101.466667,0.020087,review
3260,108.666667,3046,101.533333,0.037991,review
3261,108.7,3048,101.6,0.055896,review
3262,108.733333,3050,101.666667,0.0738,review
3263,108.766667,3052,101.733333,0.091704,review
3264,108.8,3054,101.8,0.109608,review
3265,108.833333,3056,101.866667,0.091343,review
3266,108.866667,3058,101.933333,0.073074,review
3267,108.9,3060,102.0,0.054806,review
3268,108.933333,3062,102.066667,0.036537,review
3269,108.966667,3064,102.133333,0.018269,review
3270,109.0,3066,102.2,0.0,review
3271,109.033333,3068,102.266667,0.0,review
3272,109.066667,3070,102.333333,0.0,review
3273,109.1,3072,102.4,0.0,review
3274,109.133333,3074,102.466667,0.0,review
3275,109.166667,3076,102.533333,0.0,review
3276,109.2,3078,102.6,1e-06,review
3277,109.233333,3080,102.666667,0.008152,review
3278,109.266667,3082,102.733333,0.016303,review
3279,109.3,3084,102.8,0.024454,review
3280,109.333333,3086,102.866667,0.032605,review
3281,109.366667,3088,102.933333,0.040756,review
3282,109.4,3090,103.0,0.048907,review
3283,109.433333,3092,103.066667,0.049697,review
3284,109.466667,3094,103.133333,0.050487,review
3285,109.5,3096,103.2,0.051276,review
3286,109.533333,3098,103.266667,0.052066,review
3287,109.566667,3100,103.333333,0.052856,review
3288,109.6,3102,103.4,0.053646,review
3289,109.633333,3104,103.466667,0.044705,review
3290,109.666667,3106,103.533333,0.035764,review
3291,109.7,3108,103.6,0.026823,review
3292,109.733333,3110,103.666667,0.017882,review
3293,109.766667,3112,103.733333,0.008942,review
3294,109.8,3114,103.8,1e-06,review
3295,109.833333,3116,103.866667,0.0,review
3296,109.866667,3118,103.933333,0.0,review
3297,109.9,3120,104.0,0.0,review
3298,109.933333,3122,104.066667,0.0,review
3299,109.966667,3124,104.133333,0.0,review
3300,110.0,3126,104.2,0.0,review
3301,110.033333,3128,104.266667,0.0,review
3302,110.066667,3130,104.333333,0.0,review
3303,110.1,3132,104.4,0.0,review
3304,110.133333,3134,104.466667,0.0,review
3305,110.166667,3136,104.533333,0.0,review
3306,110.2,3138,104.6,0.0,review
3307,110.233333,3140,104.666667,0.0,review
3308,110.266667,3142,104.733333,0.0,review
3309,110.3,3144,104.8,0.0,review
3310,110.333333,3146,104.866667,0.0,review
3311,110.366667,3148,104.933333,0.0,review
3312,110.4,3150,105.0,0.0,review
3313,110.433333,3152,105.066667,0.00239,review
3314,110.466667,3154,105.133333,0.00478,review
3315,110.5,3156,105.2,0.00717,review
3316,110.533333,3158,105.266667,0.00956,review
3317,110.566667,3160,105.333333,0.01195,review
3318,110.6,3162,105.4,0.01434,review
3319,110.633333,3163,105.433333,0.013145,review
3320,110.666667,3163,105.433333,0.01195,review
3321,110.7,3164,105.466667,0.010755,review
3322,110.733333,3164,105.466667,0.00956,review
3323,110.766667,3165,105.5,0.008365,review
3324,110.8,3165,105.5,0.00717,review
3325,110.833333,3166,105.533333,0.005975,review
3326,110.866667,3166,105.533333,0.00478,review
3327,110.9,3166,105.533333,0.003585,review
3328,110.933333,3167,105.566667,0.00239,review
3329,110.966667,3167,105.566667,0.001195,review
3330,111.0,3168,105.6,0.0,review
3331,111.033333,3170,105.666667,0.017574,review
3332,111.066667,3172,105.733333,0.035149,review
3333,111.1,3174,105.8,0.052723,review
3334,111.133333,3176,105.866667,0.070297,review
3335,111.166667,3178,105.933333,0.087871,review
3336,111.2,3180,106.0,0.105446,review
3337,111.233333,3182,106.066667,0.125111,review
3338,111.266667,3184,106.133333,0.144776,review
3339,111.3,3186,106.2,0.164441,review
3340,111.333333,3188,106.266667,0.184107,review
3341,111.366667,3190,106.333333,0.203772,review
3342,111.4,3192,106.4,0.223437,review
3343,111.433333,3194,106.466667,0.18712,review
3344,111.466667,3196,106.533333,0.150801,review
3345,111.5,3198,106.6,0.114481,review
3346,111.533333,3200,106.666667,0.078161,review
3347,111.566667,3202,106.733333,0.041842,review
3348,111.6,3204,106.8,0.005525,review
3349,111.633333,3206,106.866667,0.019914,review
3350,111.666667,3208,106.933333,0.034303,review
3351,111.7,3210,107.0,0.048692,review
3352,111.733333,3212,107.066667,0.063081,review
3353,111.766667,3214,107.133333,0.077471,review
3354,111.8,3216,107.2,0.09186,review
3355,111.833333,3216,107.2,0.09725,review
3356,111.866667,3217,107.233333,0.102639,review
3357,111.9,3217,107.233333,0.108028,review
3358,111.933333,3218,107.266667,0.113417,review
3359,111.966667,3218,107.266667,0.118806,review
3360,112.0,3219,107.3,0.124195,review
3361,112.033333,3219,107.3,0.129584,review
3362,112.066667,3220,107.333333,0.134973,review
3363,112.1,3221,107.366667,0.140362,review
3364,112.133333,3221,107.366667,0.145751,review
3365,112.166667,3222,107.4,0.15114,review
3366,112.2,3222,107.4,0.156527,review
3367,112.233333,3224,107.466667,0.130439,review
3368,112.266667,3226,107.533333,0.104351,review
3369,112.3,3228,107.6,0.078264,review
3370,112.333333,3230,107.666667,0.052176,review
3371,112.366667,3232,107.733333,0.026089,review
3372,112.4,3234,107.8,1e-06,review
3373,112.433333,3236,107.866667,0.0,review
3374,112.466667,3238,107.933333,0.0,review
3375,112.5,3240,108.0,0.0,review
3376,112.533333,3242,108.066667,0.0,review
3377,112.566667,3244,108.133333,0.0,review
3378,112.6,3246,108.2,1e-06,review
3379,112.633333,3248,108.266667,0.011782,review
3380,112.666667,3250,108.333333,0.023563,review
3381,112.7,3252,108.4,0.035344,review
3382,112.733333,3254,108.466667,0.047125,review
3383,112.766667,3256,108.533333,0.058907,review
3384,112.8,3258,108.6,0.070688,review
3385,112.833333,3260,108.666667,0.087513,review
3386,112.866667,3262,108.733333,0.104339,review
3387,112.9,3264,108.8,0.121165,review
3388,112.933333,3266,108.866667,0.137991,review
3389,112.966667,3268,108.933333,0.154817,review
3390,113.0,3270,109.0,0.171643,review
3391,113.033333,3272,109.066667,0.143035,review
3392,113.066667,3274,109.133333,0.114428,review
3393,113.1,3276,109.2,0.08582,review
3394,113.133333,3278,109.266667,0.057213,review
3395,113.166667,3280,109.333333,0.028605,review
3396,113.2,3282,109.4,1e-06,review
3397,113.233333,3284,109.466667,0.007485,review
3398,113.266667,3286,109.533333,0.014969,review
3399,113.3,3288,109.6,0.022453,review
3400,113.333333,3290,109.666667,0.029937,review
3401,113.366667,3292,109.733333,0.037421,review
3402,113.4,3294,109.8,0.044906,review
3403,113.433333,3296,109.866667,0.054802,review
3404,113.466667,3298,109.933333,0.064699,review
3405,113.5,3300,110.0,0.074595,review
3406,113.533333,3302,110.066667,0.084491,review
3407,113.566667,3304,110.133333,0.094388,review
3408,113.6,3306,110.2,0.104284,review
3409,113.633333,3308,110.266667,0.105192,review
3410,113.666667,3310,110.333333,0.106101,review
3411,113.7,3312,110.4,0.107009,review
3412,113.733333,3314,110.466667,0.107917,review
3413,113.766667,3316,110.533333,0.108826,review
3414,113.8,3318,110.6,0.109734,review
3415,113.833333,3320,110.666667,0.103211,review
3416,113.866667,3322,110.733333,0.096687,review
3417,113.9,3324,110.8,0.090164,review
3418,113.933333,3326,110.866667,0.08364,review
3419,113.966667,3328,110.933333,0.077117,review
3420,114.0,3330,111.0,0.070593,review
3421,114.033333,3332,111.066667,0.08423,review
3422,114.066667,3334,111.133333,0.097867,review
3423,114.1,3336,111.2,0.111504,review
3424,114.133333,3338,111.266667,0.12514,review
3425,114.166667,3340,111.333333,0.138777,review
3426,114.2,3342,111.4,0.152415,review
3427,114.233333,3344,111.466667,0.172216,review
3428,114.266667,3346,111.533333,0.192017,review
3429,114.3,3348,111.6,0.211817,review
3430,114.333333,3350,111.666667,0.231618,review
3431,114.366667,3352,111.733333,0.251419,review
3432,114.4,3354,111.8,0.27122,review
3433,114.433333,3356,111.866667,0.252997,review
3434,114.466667,3358,111.933333,0.234773,review
3435,114.5,3360,112.0,0.216548,review
3436,114.533333,3362,112.066667,0.198323,review
3437,114.566667,3364,112.133333,0.180099,review
3438,114.6,3366,112.2,0.161875,review
3439,114.633333,3368,112.266667,0.165151,review
3440,114.666667,3370,112.333333,0.168427,review
3441,114.7,3372,112.4,0.171703,review
3442,114.733333,3374,112.466667,0.17498,review
3443,114.766667,3376,112.533333,0.178256,review
3444,114.8,3378,112.6,0.181532,review
3445,114.833333,3380,112.666667,0.212275,review
3446,114.866667,3382,112.733333,0.243022,review
3447,114.9,3384,112.8,0.273768,review
3448,114.933333,3386,112.866667,0.304514,review
3449,114.966667,3388,112.933333,0.335261,review
3450,115.0,3390,113.0,0.366007,matched
3451,115.033333,3392,113.066667,0.3611,matched
3452,115.066667,3394,113.133333,0.356194,matched
3453,115.1,3396,113.2,0.351287,matched
3454,115.133333,3398,113.266667,0.34638,review
3455,115.166667,3400,113.333333,0.341473,review
3456,115.2,3402,113.4,0.336565,review
3457,115.233333,3404,113.466667,0.314195,review
3458,115.266667,3406,113.533333,0.291825,review
3459,115.3,3408,113.6,0.269455,review
3460,115.333333,3410,113.666667,0.247085,review
3461,115.366667,3412,113.733333,0.224715,review
3462,115.4,3414,113.8,0.202345,review
3463,115.433333,3416,113.866667,0.182265,review
3464,115.466667,3418,113.933333,0.162186,review
3465,115.5,3420,114.0,0.142106,review
3466,115.533333,3422,114.066667,0.122026,review
3467,115.566667,3424,114.133333,0.101947,review
3468,115.6,3426,114.2,0.081868,review
3469,115.633333,3428,114.266667,0.084541,review
3470,115.666667,3430,114.333333,0.087214,review
3471,115.7,3432,114.4,0.089887,review
3472,115.733333,3434,114.466667,0.09256,review
3473,115.766667,3436,114.533333,0.095233,review
3474,115.8,3438,114.6,0.097906,review
3475,115.833333,3440,114.666667,0.11778,review
3476,115.866667,3442,114.733333,0.137655,review
3477,115.9,3444,114.8,0.157531,review
3478,115.933333,3446,114.866667,0.177407,review
3479,115.966667,3448,114.933333,0.197282,review
3480,116.0,3450,115.0,0.217158,review
3481,116.033333,3452,115.066667,0.180964,review
3482,116.066667,3454,115.133333,0.144771,review
3483,116.1,3456,115.2,0.108577,review
3484,116.133333,3458,115.266667,0.072384,review
3485,116.166667,3460,115.333333,0.03619,review
3486,116.2,3462,115.4,1e-06,review
3487,116.233333,3464,115.466667,0.014421,review
3488,116.266667,3466,115.533333,0.028841,review
3489,116.3,3468,115.6,0.04326,review
3490,116.333333,3470,115.666667,0.05768,review
3491,116.366667,3472,115.733333,0.0721,review
3492,116.4,3474,115.8,0.086519,review
3493,116.433333,3476,115.866667,0.095023,review
3494,116.466667,3478,115.933333,0.103526,review
3495,116.5,3480,116.0,0.11203,review
3496,116.533333,3482,116.066667,0.120533,review
3497,116.566667,3484,116.133333,0.129036,review
3498,116.6,3486,116.2,0.13754,review
3499,116.633333,3488,116.266667,0.152,review
3500,116.666667,3490,116.333333,0.166461,review
3501,116.7,3492,116.4,0.180922,review
3502,116.733333,3494,116.466667,0.195382,review
3503,116.766667,3496,116.533333,0.209843,review
3504,116.8,3498,116.6,0.224304,review
3505,116.833333,3500,116.666667,0.222379,review
3506,116.866667,3502,116.733333,0.220452,review
3507,116.9,3504,116.8,0.218526,review
3508,116.933333,3506,116.866667,0.2166,review
3509,116.966667,3508,116.933333,0.214673,review
3510,117.0,3510,117.0,0.212747,review
3511,117.033333,3512,117.066667,0.202623,review
3512,117.066667,3514,117.133333,0.192499,review
3513,117.1,3516,117.2,0.182376,review
3514,117.133333,3518,117.266667,0.172252,review
3515,117.166667,3520,117.333333,0.162128,review
3516,117.2,3522,117.4,0.152004,review
3517,117.233333,3524,117.466667,0.14084,review
3518,117.266667,3526,117.533333,0.129676,review
3519,117.3,3528,117.6,0.118512,review
3520,117.333333,3530,117.666667,0.107348,review
3521,117.366667,3532,117.733333,0.096184,review
3522,117.4,3534,117.8,0.085021,review
3523,117.433333,3536,117.866667,0.086701,review
3524,117.466667,3538,117.933333,0.088382,review
3525,117.5,3540,118.0,0.090063,review
3526,117.533333,3542,118.066667,0.091744,review
3527,117.566667,3544,118.133333,0.093425,review
3528,117.6,3546,118.2,0.095105,review
3529,117.633333,3548,118.266667,0.079255,review
3530,117.666667,3550,118.333333,0.063404,review
3531,117.7,3552,118.4,0.047553,review
3532,117.733333,3554,118.466667,0.031703,review
3533,117.766667,3556,118.533333,0.015852,review
3534,117.8,3558,118.6,1e-06,review
3535,117.833333,3560,118.666667,0.0,review
3536,117.866667,3562,118.733333,0.0,review
3537,117.9,3564,118.8,0.0,review
3538,117.933333,3566,118.866667,0.0,review
3539,117.966667,3568,118.933333,0.0,review
3540,118.0,3570,119.0,0.0,review
3541,118.033333,3572,119.066667,0.002866,review
3542,118.066667,3574,119.133333,0.005733,review
3543,118.1,3576,119.2,0.008599,review
3544,118.133333,3578,119.266667,0.011466,review
3545,118.166667,3580,119.333333,0.014332,review
3546,118.2,3582,119.4,0.0172,review
3547,118.233333,3584,119.466667,0.034415,review
3548,118.266667,3586,119.533333,0.051631,review
3549,118.3,3588,119.6,0.068846,review
3550,118.333333,3590,119.666667,0.086062,review
3551,118.366667,3592,119.733333,0.103278,review
3552,118.4,3594,119.8,0.120493,review
3553,118.433333,3596,119.866667,0.132061,review
3554,118.466667,3598,119.933333,0.143629,review
3555,118.5,3600,120.0,0.155197,review
3556,118.533333,3602,120.066667,0.166765,review
3557,118.566667,3604,120.133333,0.178333,review
3558,118.6,3606,120.2,0.189899,review
3559,118.633333,3608,120.266667,0.17477,review
3560,118.666667,3610,120.333333,0.15964,review
3561,118.7,3612,120.4,0.14451,review
3562,118.733333,3614,120.466667,0.129381,review
3563,118.766667,3616,120.533333,0.114251,review
3564,118.8,3618,120.6,0.099121,review
3565,118.833333,3620,120.666667,0.123486,review
3566,118.866667,3622,120.733333,0.147854,review
3567,118.9,3624,120.8,0.172222,review
3568,118.933333,3626,120.866667,0.196591,review
3569,118.966667,3628,120.933333,0.220959,review
3570,119.0,3630,121.0,0.245327,review
3571,119.033333,3632,121.066667,0.236205,review
3572,119.066667,3634,121.133333,0.227083,review
3573,119.1,3636,121.2,0.217961,review
3574,119.133333,3638,121.266667,0.208838,review
3575,119.166667,3640,121.333333,0.199716,review
3576,119.2,3642,121.4,0.190596,review
3577,119.233333,3644,121.466667,0.198228,review
3578,119.266667,3646,121.533333,0.205859,review
3579,119.3,3648,121.6,0.213491,review
3580,119.333333,3650,121.666667,0.221123,review
3581,119.366667,3652,121.733333,0.228755,review
3582,119.4,3654,121.8,0.236387,review
3583,119.433333,3656,121.866667,0.235288,review
3584,119.466667,3658,121.933333,0.234188,review
3585,119.5,3660,122.0,0.233089,review
3586,119.533333,3662,122.066667,0.231989,review
3587,119.566667,3664,122.133333,0.230889,review
3588,119.6,3666,122.2,0.22979,review
3589,119.633333,3668,122.266667,0.226435,review
3590,119.666667,3670,122.333333,0.22308,review
3591,119.7,3672,122.4,0.219725,review
3592,119.733333,3674,122.466667,0.21637,review
3593,119.766667,3676,122.533333,0.213015,review
3594,119.8,3678,122.6,0.20966,review
3595,119.833333,3680,122.666667,0.203004,review
3596,119.866667,3682,122.733333,0.196348,review
3597,119.9,3684,122.8,0.189691,review
3598,119.933333,3686,122.866667,0.183035,review
3599,119.966667,3688,122.933333,0.176378,review
3600,120.0,3690,123.0,0.169722,review
3601,120.033333,3690,123.0,0.155579,review
3602,120.066667,3691,123.033333,0.141435,review
3603,120.1,3691,123.033333,0.127292,review
3604,120.133333,3692,123.066667,0.113148,review
3605,120.166667,3692,123.066667,0.099005,review
3606,120.2,3693,123.1,0.084861,review
3607,120.233333,3693,123.1,0.070718,review
3608,120.266667,3694,123.133333,0.056574,review
3609,120.3,3694,123.133333,0.042431,review
3610,120.333333,3695,123.166667,0.028288,review
3611,120.366667,3695,123.166667,0.014144,review
3612,120.4,3696,123.2,1e-06,review
3613,120.433333,3696,123.2,0.002916,review
3614,120.466667,3697,123.233333,0.005833,review
3615,120.5,3697,123.233333,0.008749,review
3616,120.533333,3698,123.266667,0.011666,review
3617,120.566667,3698,123.266667,0.014582,review
3618,120.6,3699,123.3,0.017499,review
3619,120.633333,3699,123.3,0.020415,review
3620,120.666667,3700,123.333333,0.023332,review
3621,120.7,3700,123.333333,0.026248,review
3622,120.733333,3701,123.366667,0.029165,review
3623,120.766667,3701,123.366667,0.032081,review
3624,120.8,3702,123.4,0.034998,review
3625,120.833333,3704,123.466667,0.029165,review
3626,120.866667,3706,123.533333,0.023332,review
3627,120.9,3708,123.6,0.017499,review
3628,120.933333,3710,123.666667,0.011666,review
3629,120.966667,3712,123.733333,0.005833,review
3630,121.0,3714,123.8,0.0,review
3631,121.033333,3715,123.833333,0.0,review
3632,121.066667,3715,123.833333,0.0,review
3633,121.1,3716,123.866667,0.0,review
3634,121.133333,3716,123.866667,0.0,review
3635,121.166667,3717,123.9,0.0,review
3636,121.2,3717,123.9,0.0,review
3637,121.233333,3718,123.933333,0.0,review
3638,121.266667,3718,123.933333,0.0,review
3639,121.3,3719,123.966667,0.0,review
3640,121.333333,3719,123.966667,0.0,review
3641,121.366667,3719,123.966667,0.0,review
3642,121.4,3720,124.0,0.0,review
3643,121.433333,3720,124.0,0.0,review
3644,121.466667,3721,124.033333,0.0,review
3645,121.5,3721,124.033333,0.0,review
3646,121.533333,3722,124.066667,0.0,review
3647,121.566667,3722,124.066667,0.0,review
3648,121.6,3723,124.1,0.0,review
3649,121.633333,3723,124.1,0.0,review
3650,121.666667,3724,124.133333,0.0,review
3651,121.7,3724,124.133333,0.0,review
3652,121.733333,3725,124.166667,0.0,review
3653,121.766667,3725,124.166667,0.0,review
3654,121.8,3726,124.2,0.0,review
3655,121.833333,3728,124.266667,0.0,review
3656,121.866667,3730,124.333333,0.0,review
3657,121.9,3732,124.4,0.0,review
3658,121.933333,3734,124.466667,0.0,review
3659,121.966667,3736,124.533333,0.0,review
3660,122.0,3738,124.6,0.0,review
3661,122.033333,3740,124.666667,0.0,review
3662,122.066667,3742,124.733333,0.0,review
3663,122.1,3744,124.8,0.0,review
3664,122.133333,3746,124.866667,0.0,review
3665,122.166667,3748,124.933333,0.0,review
3666,122.2,3750,125.0,0.0,review
3667,122.233333,3752,125.066667,0.0,review
3668,122.266667,3754,125.133333,0.0,review
3669,122.3,3756,125.2,0.0,review
3670,122.333333,3758,125.266667,0.0,review
3671,122.366667,3760,125.333333,0.0,review
3672,122.4,3762,125.4,0.0,review
3673,122.433333,3764,125.466667,0.024357,review
3674,122.466667,3766,125.533333,0.048715,review
3675,122.5,3768,125.6,0.073073,review
3676,122.533333,3770,125.666667,0.097431,review
3677,122.566667,3772,125.733333,0.121789,review
3678,122.6,3774,125.8,0.146145,review
3679,122.633333,3775,125.833333,0.133967,review
3680,122.666667,3775,125.833333,0.121788,review
3681,122.7,3776,125.866667,0.109609,review
3682,122.733333,3776,125.866667,0.09743,review
3683,122.766667,3777,125.9,0.085252,review
3684,122.8,3777,125.9,0.073073,review
3685,122.833333,3778,125.933333,0.060894,review
3686,122.866667,3778,125.933333,0.048715,review
3687,122.9,3779,125.966667,0.036536,review
3688,122.933333,3779,125.966667,0.024358,review
3689,122.966667,3780,126.0,0.012179,review
3690,123.0,3780,126.0,0.0,review
3691,123.033333,3780,126.0,0.01086,review
3692,123.066667,3781,126.033333,0.02172,review
3693,123.1,3781,126.033333,0.03258,review
3694,123.133333,3782,126.066667,0.04344,review
3695,123.166667,3782,126.066667,0.054299,review
3696,123.2,3783,126.1,0.065159,review
3697,123.233333,3783,126.1,0.076019,review
3698,123.266667,3784,126.133333,0.086879,review
3699,123.3,3784,126.133333,0.097739,review
3700,123.333333,3785,126.166667,0.108599,review
3701,123.366667,3785,126.166667,0.119459,review
3702,123.4,3786,126.2,0.130319,review
3703,123.433333,3788,126.266667,0.117646,review
3704,123.466667,3790,126.333333,0.104972,review
3705,123.5,3792,126.4,0.092299,review
3706,123.533333,3794,126.466667,0.079625,review
3707,123.566667,3796,126.533333,0.066951,review
3708,123.6,3798,126.6,0.054278,review
3709,123.633333,3800,126.666667,0.059167,review
3710,123.666667,3802,126.733333,0.064056,review
3711,123.7,3804,126.8,0.068945,review
3712,123.733333,3806,126.866667,0.073834,review
3713,123.766667,3808,126.933333,0.078723,review
3714,123.8,3810,127.0,0.083613,review
3715,123.833333,3810,127.0,0.076646,review
3716,123.866667,3811,127.033333,0.069678,review
3717,123.9,3811,127.033333,0.06271,review
3718,123.933333,3812,127.066667,0.055742,review
3719,123.966667,3812,127.066667,0.048774,review
3720,124.0,3813,127.1,0.041807,review
3721,124.033333,3813,127.1,0.034839,review
3722,124.066667,3814,127.133333,0.027871,review
3723,124.1,3814,127.133333,0.020903,review
3724,124.133333,3815,127.166667,0.013935,review
3725,124.166667,3815,127.166667,0.006967,review
3726,124.2,3816,127.2,0.0,review
3727,124.233333,3816,127.2,0.0,review
3728,124.266667,3817,127.233333,0.0,review
3729,124.3,3817,127.233333,0.0,review
3730,124.333333,3818,127.266667,0.0,review
3731,124.366667,3819,127.3,0.0,review
3732,124.4,3819,127.3,0.0,review
3733,124.433333,3820,127.333333,0.0,review
3734,124.466667,3820,127.333333,0.0,review
3735,124.5,3821,127.366667,0.0,review
3736,124.533333,3821,127.366667,0.0,review
3737,124.566667,3822,127.4,0.0,review
3738,124.6,3822,127.4,0.0,review
3739,124.633333,3824,127.466667,0.010066,review
3740,124.666667,3826,127.533333,0.020132,review
3741,124.7,3828,127.6,0.030198,review
3742,124.733333,3830,127.666667,0.040264,review
3743,124.766667,3832,127.733333,0.050329,review
3744,124.8,3834,127.8,0.060395,review
3745,124.833333,3835,127.833333,0.055363,review
3746,124.866667,3835,127.833333,0.05033,review
3747,124.9,3836,127.866667,0.045297,review
3748,124.933333,3836,127.866667,0.040264,review
3749,124.966667,3837,127.9,0.035231,review
3750,125.0,3837,127.9,0.030198,review
3751,125.033333,3838,127.933333,0.025165,review
3752,125.066667,3838,127.933333,0.020132,review
3753,125.1,3839,127.966667,0.015099,review
3754,125.133333,3839,127.966667,0.010066,review
3755,125.166667,3840,128.0,0.005033,review
3756,125.2,3840,128.0,0.0,review
3757,125.233333,3842,128.066667,0.0,review
3758,125.266667,3844,128.133333,0.0,review
3759,125.3,3846,128.2,0.0,review
3760,125.333333,3848,128.266667,0.0,review
3761,125.366667,3850,128.333333,0.0,review
3762,125.4,3852,128.4,0.0,review
3763,125.433333,3852,128.4,0.000741,review
3764,125.466667,3853,128.433333,0.001481,review
3765,125.5,3853,128.433333,0.002222,review
3766,125.533333,3854,128.466667,0.002962,review
3767,125.566667,3854,128.466667,0.003703,review
3768,125.6,3855,128.5,0.004443,review
3769,125.633333,3855,128.5,0.005184,review
3770,125.666667,3856,128.533333,0.005925,review
3771,125.7,3857,128.566667,0.006665,review
3772,125.733333,3857,128.566667,0.007406,review
3773,125.766667,3858,128.6,0.008146,review
3774,125.8,3858,128.6,0.008887,review
3775,125.833333,3860,128.666667,0.007406,review
3776,125.866667,3862,128.733333,0.005925,review
3777,125.9,3864,128.8,0.004444,review
3778,125.933333,3866,128.866667,0.002962,review
3779,125.966667,3868,128.933333,0.001481,review
3780,126.0,3870,129.0,0.0,review
3781,126.033333,3872,129.066667,0.029915,review
3782,126.066667,3874,129.133333,0.059831,review
3783,126.1,3876,129.2,0.089746,review
3784,126.133333,3878,129.266667,0.119661,review
3785,126.166667,3880,129.333333,0.149576,review
3786,126.2,3882,129.4,0.179488,review
3787,126.233333,3882,129.4,0.171731,review
3788,126.266667,3883,129.433333,0.163974,review
3789,126.3,3883,129.433333,0.156217,review
3790,126.333333,3884,129.466667,0.148459,review
3791,126.366667,3885,129.5,0.140702,review
3792,126.4,3885,129.5,0.132945,review
3793,126.433333,3886,129.533333,0.125188,review
3794,126.466667,3886,129.533333,0.117431,review
3795,126.5,3887,129.566667,0.109673,review
3796,126.533333,3887,129.566667,0.101916,review
3797,126.566667,3888,129.6,0.094159,review
3798,126.6,3888,129.6,0.086403,review
3799,126.633333,3889,129.633333,0.099291,review
3800,126.666667,3889,129.633333,0.11218,review
3801,126.7,3890,129.666667,0.125068,review
3802,126.733333,3890,129.666667,0.137957,review
3803,126.766667,3891,129.7,0.150846,review
3804,126.8,3891,129.7,0.163734,review
3805,126.833333,3892,129.733333,0.176623,review
3806,126.866667,3892,129.733333,0.189512,review
3807,126.9,3893,129.766667,0.2024,review
3808,126.933333,3893,129.766667,0.215289,review
3809,126.966667,3894,129.8,0.228177,review
3810,127.0,3894,129.8,0.241066,review
3811,127.033333,3896,129.866667,0.209328,review
3812,127.066667,3898,129.933333,0.17759,review
3813,127.1,3900,130.0,0.145852,review
3814,127.133333,3902,130.066667,0.114114,review
3815,127.166667,3904,130.133333,0.082376,review
3816,127.2,3906,130.2,0.050644,review
3817,127.233333,3908,130.266667,0.079611,review
3818,127.266667,3910,130.333333,0.108579,review
3819,127.3,3912,130.4,0.137547,review
3820,127.333333,3914,130.466667,0.166514,review
3821,127.366667,3916,130.533333,0.195482,review
3822,127.4,3918,130.6,0.22445,review
3823,127.433333,3920,130.666667,0.192107,review
3824,127.466667,3922,130.733333,0.159762,review
3825,127.5,3924,130.8,0.127417,review
3826,127.533333,3926,130.866667,0.095072,review
3827,127.566667,3928,130.933333,0.062727,review
3828,127.6,3930,131.0,0.030383,review
3829,127.633333,3932,131.066667,0.028194,review
3830,127.666667,3934,131.133333,0.026005,review
3831,127.7,3936,131.2,0.023817,review
3832,127.733333,3938,131.266667,0.021628,review
3833,127.766667,3940,131.333333,0.019439,review
3834,127.8,3942,131.4,0.01725,review
3835,127.833333,3944,131.466667,0.030357,review
3836,127.866667,3946,131.533333,0.043466,review
3837,127.9,3948,131.6,0.056574,review
3838,127.933333,3950,131.666667,0.069683,review
3839,127.966667,3952,131.733333,0.082791,review
3840,128.0,3954,131.8,0.0959,review
3841,128.033333,3956,131.866667,0.079916,review
3842,128.066667,3958,131.933333,0.063933,review
3843,128.1,3960,132.0,0.047949,review
3844,128.133333,3962,132.066667,0.031966,review
3845,128.166667,3964,132.133333,0.015982,review
3846,128.2,3966,132.2,0.0,review
3847,128.233333,3968,132.266667,0.003781,review
3848,128.266667,3970,132.333333,0.007561,review
3849,128.3,3972,132.4,0.011342,review
3850,128.333333,3974,132.466667,0.015122,review
3851,128.366667,3976,132.533333,0.018902,review
3852,128.4,3978,132.6,0.022683,review
3853,128.433333,3979,132.633333,0.029651,review
3854,128.466667,3979,132.633333,0.036618,review
3855,128.5,3980,132.666667,0.043586,review
3856,128.533333,3980,132.666667,0.050553,review
3857,128.566667,3981,132.7,0.05752,review
3858,128.6,3981,132.7,0.064488,review
3859,128.633333,3982,132.733333,0.071455,review
3860,128.666667,3982,132.733333,0.078423,review
3861,128.7,3983,132.766667,0.08539,review
3862,128.733333,3983,132.766667,0.092358,review
3863,128.766667,3984,132.8,0.099325,review
3864,128.8,3984,132.8,0.106292,review
3865,128.833333,3986,132.866667,0.088579,review
3866,128.866667,3988,132.933333,0.070863,review
3867,128.9,3990,133.0,0.053147,review
3868,128.933333,3992,133.066667,0.035432,review
3869,128.966667,3994,133.133333,0.017716,review
3870,129.0,3996,133.2,0.0,review
3871,129.033333,3998,133.266667,0.0,review
3872,129.066667,4000,133.333333,0.0,review
3873,129.1,4002,133.4,0.0,review
3874,129.133333,4004,133.466667,0.0,review
3875,129.166667,4006,133.533333,0.0,review
3876,129.2,4008,133.6,2e-06,review
3877,129.233333,4010,133.666667,0.022816,review
3878,129.266667,4012,133.733333,0.04563,review
3879,129.3,4014,133.8,0.068444,review
3880,129.333333,4016,133.866667,0.091258,review
3881,129.366667,4018,133.933333,0.114072,review
3882,129.4,4020,134.0,0.136882,review
3883,129.433333,4021,134.033333,0.134172,review
3884,129.466667,4021,134.033333,0.131462,review
3885,129.5,4022,134.066667,0.128753,review
3886,129.533333,4022,134.066667,0.126043,review
3887,129.566667,4022,134.066667,0.123333,review
3888,129.6,4023,134.1,0.120624,review
3889,129.633333,4023,134.1,0.117914,review
3890,129.666667,4024,134.133333,0.115205,review
3891,129.7,4024,134.133333,0.112495,review
3892,129.733333,4025,134.166667,0.109785,review
3893,129.766667,4025,134.166667,0.107076,review
3894,129.8,4026,134.2,0.104366,review
3895,129.833333,4028,134.266667,0.092919,review
3896,129.866667,4030,134.333333,0.081471,review
3897,129.9,4032,134.4,0.070023,review
3898,129.933333,4034,134.466667,0.058574,review
3899,129.966667,4036,134.533333,0.047126,review
3900,130.0,4038,134.6,0.035678,review
3901,130.033333,4040,134.666667,0.050348,review
3902,130.066667,4042,134.733333,0.065017,review
3903,130.1,4044,134.8,0.079687,review
3904,130.133333,4046,134.866667,0.094356,review
3905,130.166667,4048,134.933333,0.109026,review
3906,130.2,4050,135.0,0.123692,review
3907,130.233333,4052,135.066667,0.103076,review
3908,130.266667,4054,135.133333,0.08246,review
3909,130.3,4056,135.2,0.061844,review
3910,130.333333,4058,135.266667,0.041228,review
3911,130.366667,4060,135.333333,0.020612,review
3912,130.4,4062,135.4,0.0,review
3913,130.433333,4062,135.4,0.0,review
3914,130.466667,4063,135.433333,0.0,review
3915,130.5,4063,135.433333,0.0,review
3916,130.533333,4064,135.466667,0.0,review
3917,130.566667,4065,135.5,0.0,review
3918,130.6,4065,135.5,0.0,review
3919,130.633333,4066,135.533333,0.0,review
3920,130.666667,4066,135.533333,0.0,review
3921,130.7,4067,135.566667,0.0,review
3922,130.733333,4067,135.566667,0.0,review
3923,130.766667,4068,135.6,0.0,review
3924,130.8,4068,135.6,0.0,review
3925,130.833333,4070,135.666667,0.0,review
3926,130.866667,4072,135.733333,0.0,review
3927,130.9,4074,135.8,0.0,review
3928,130.933333,4076,135.866667,0.0,review
3929,130.966667,4078,135.933333,0.0,review
3930,131.0,4080,136.0,0.0,review
3931,131.033333,4082,136.066667,0.003594,review
3932,131.066667,4084,136.133333,0.007187,review
3933,131.1,4086,136.2,0.010781,review
3934,131.133333,4088,136.266667,0.014375,review
3935,131.166667,4090,136.333333,0.017969,review
3936,131.2,4092,136.4,0.021563,review
3937,131.233333,4094,136.466667,0.033505,review
3938,131.266667,4096,136.533333,0.045447,review
3939,131.3,4098,136.6,0.057389,review
3940,131.333333,4100,136.666667,0.069331,review
3941,131.366667,4102,136.733333,0.081273,review
3942,131.4,4104,136.8,0.093211,review
3943,131.433333,4106,136.866667,0.080341,review
3944,131.466667,4108,136.933333,0.067472,review
3945,131.5,4110,137.0,0.054602,review
3946,131.533333,4112,137.066667,0.041732,review
3947,131.566667,4114,137.133333,0.028863,review
3948,131.6,4116,137.2,0.015993,review
3949,131.633333,4118,137.266667,0.035644,review
3950,131.666667,4120,137.333333,0.055301,review
3951,131.7,4122,137.4,0.074957,review
3952,131.733333,4124,137.466667,0.094614,review
3953,131.766667,4126,137.533333,0.114271,review
3954,131.8,4128,137.6,0.133927,review
3955,131.833333,4129,137.633333,0.144103,review
3956,131.866667,4129,137.633333,0.154278,review
3957,131.9,4130,137.666667,0.164453,review
3958,131.933333,4130,137.666667,0.174628,review
3959,131.966667,4131,137.7,0.184803,review
3960,132.0,4131,137.7,0.194978,review
3961,132.033333,4132,137.733333,0.205153,review
3962,132.066667,4132,137.733333,0.215328,review
3963,132.1,4133,137.766667,0.225503,review
3964,132.133333,4133,137.766667,0.235678,review
3965,132.166667,4134,137.8,0.245853,review
3966,132.2,4134,137.8,0.256025,review
3967,132.233333,4136,137.866667,0.228924,review
3968,132.266667,4138,137.933333,0.201824,review
3969,132.3,4140,138.0,0.174724,review
3970,132.333333,4142,138.066667,0.147624,review
3971,132.366667,4144,138.133333,0.120524,review
3972,132.4,4146,138.2,0.09343,review
3973,132.433333,4148,138.266667,0.097294,review
3974,132.466667,4150,138.333333,0.101159,review
3975,132.5,4152,138.4,0.105024,review
3976,132.533333,4154,138.466667,0.108889,review
3977,132.566667,4156,138.533333,0.112754,review
3978,132.6,4158,138.6,0.116618,review
3979,132.633333,4160,138.666667,0.115137,review
3980,132.666667,4162,138.733333,0.113654,review
3981,132.7,4164,138.8,0.112172,review
3982,132.733333,4166,138.866667,0.110689,review
3983,132.766667,4168,138.933333,0.109207,review
3984,132.8,4170,139.0,0.107724,review
3985,132.833333,4172,139.066667,0.093293,review
3986,132.866667,4174,139.133333,0.078861,review
3987,132.9,4176,139.2,0.064429,review
3988,132.933333,4178,139.266667,0.049997,review
3989,132.966667,4180,139.333333,0.035565,review
3990,133.0,4182,139.4,0.021133,review
3991,133.033333,4184,139.466667,0.073888,review
3992,133.066667,4186,139.533333,0.126642,review
3993,133.1,4188,139.6,0.179397,review
3994,133.133333,4190,139.666667,0.232152,review
3995,133.166667,4192,139.733333,0.284906,review
3996,133.2,4194,139.8,0.337651,review
3997,133.233333,4196,139.866667,0.281374,review
3998,133.266667,4198,139.933333,0.225097,review
3999,133.3,4200,140.0,0.16882,review
4000,133.333333,4202,140.066667,0.112543,review
4001,133.366667,4204,140.133333,0.056267,review
4002,133.4,4206,140.2,2e-06,review
4003,133.433333,4208,140.266667,0.01227,review
4004,133.466667,4210,140.333333,0.024538,review
4005,133.5,4212,140.4,0.036806,review
4006,133.533333,4214,140.466667,0.049074,review
4007,133.566667,4216,140.533333,0.061342,review
4008,133.6,4218,140.6,0.07361,review
4009,133.633333,4220,140.666667,0.104033,review
4010,133.666667,4222,140.733333,0.134459,review
4011,133.7,4224,140.8,0.164885,review
4012,133.733333,4226,140.866667,0.195311,review
4013,133.766667,4228,140.933333,0.225737,review
4014,133.8,4230,141.0,0.256163,review
4015,133.833333,4232,141.066667,0.21865,review
4016,133.866667,4234,141.133333,0.181131,review
4017,133.9,4236,141.2,0.143612,review
4018,133.933333,4238,141.266667,0.106092,review
4019,133.966667,4240,141.333333,0.068573,review
4020,134.0,4242,141.4,0.031054,review
4021,134.033333,4244,141.466667,0.074119,review
4022,134.066667,4246,141.533333,0.117184,review
4023,134.1,4248,141.6,0.160248,review
4024,134.133333,4250,141.666667,0.203313,review
4025,134.166667,4252,141.733333,0.246378,review
4026,134.2,4254,141.8,0.289438,review
4027,134.233333,4255,141.833333,0.277286,review
4028,134.266667,4255,141.833333,0.265134,review
4029,134.3,4256,141.866667,0.252981,review
4030,134.333333,4256,141.866667,0.240829,review
4031,134.366667,4257,141.9,0.228677,review
4032,134.4,4257,141.9,0.216525,review
4033,134.433333,4258,141.933333,0.204373,review
4034,134.466667,4258,141.933333,0.192221,review
4035,134.5,4258,141.933333,0.180069,review
4036,134.533333,4259,141.966667,0.167917,review
4037,134.566667,4259,141.966667,0.155764,review
4038,134.6,4260,142.0,0.143612,review
4039,134.633333,4260,142.0,0.149267,review
4040,134.666667,4261,142.033333,0.154926,review
4041,134.7,4261,142.033333,0.160584,review
4042,134.733333,4262,142.066667,0.166242,review
4043,134.766667,4262,142.066667,0.171901,review
4044,134.8,4263,142.1,0.177559,review
4045,134.833333,4263,142.1,0.183217,review
4046,134.866667,4264,142.133333,0.188876,review
4047,134.9,4264,142.133333,0.194534,review
4048,134.933333,4265,142.166667,0.200192,review
4049,134.966667,4265,142.166667,0.205851,review
4050,135.0,4266,142.2,0.211509,review
4051,135.033333,4268,142.266667,0.182246,review
4052,135.066667,4270,142.333333,0.152983,review
4053,135.1,4272,142.4,0.12372,review
4054,135.133333,4274,142.466667,0.094457,review
4055,135.166667,4276,142.533333,0.065194,review
4056,135.2,4278,142.6,0.035936,review
4057,135.233333,4280,142.666667,0.0592,review
4058,135.266667,4282,142.733333,0.082464,review
4059,135.3,4284,142.8,0.105727,review
4060,135.333333,4286,142.866667,0.128991,review
4061,135.366667,4288,142.933333,0.152255,review
4062,135.4,4290,143.0,0.175515,review
4063,135.433333,4292,143.066667,0.181778,review
4064,135.466667,4294,143.133333,0.188041,review
4065,135.5,4296,143.2,0.194304,review
4066,135.533333,4298,143.266667,0.200567,review
4067,135.566667,4300,143.333333,0.20683,review
4068,135.6,4302,143.4,0.213093,review
4069,135.633333,4304,143.466667,0.195484,review
4070,135.666667,4306,143.533333,0.17787,review
4071,135.7,4308,143.6,0.160257,review
4072,135.733333,4310,143.666667,0.142643,review
4073,135.766667,4312,143.733333,0.12503,review
4074,135.8,4314,143.8,0.107417,review
4075,135.833333,4316,143.866667,0.104861,review
4076,135.866667,4318,143.933333,0.102306,review
4077,135.9,4320,144.0,0.099751,review
4078,135.933333,4322,144.066667,0.097196,review
4079,135.966667,4324,144.133333,0.094642,review
4080,136.0,4326,144.2,0.092087,review
4081,136.033333,4328,144.266667,0.076739,review
4082,136.066667,4330,144.333333,0.061391,review
4083,136.1,4332,144.4,0.046043,review
4084,136.133333,4334,144.466667,0.030695,review
4085,136.166667,4336,144.533333,0.015347,review
4086,136.2,4338,144.6,0.0,review
4087,136.233333,4340,144.666667,0.0,review
4088,136.266667,4342,144.733333,0.0,review
4089,136.3,4344,144.8,0.0,review
4090,136.333333,4346,144.866667,0.0,review
4091,136.366667,4348,144.933333,0.0,review
4092,136.4,4350,145.0,6e-06,review
4093,136.433333,4352,145.066667,0.030077,review
4094,136.466667,4354,145.133333,0.060148,review
4095,136.5,4356,145.2,0.090219,review
4096,136.533333,4358,145.266667,0.12029,review
4097,136.566667,4360,145.333333,0.150361,review
4098,136.6,4362,145.4,0.180432,review
4099,136.633333,4364,145.466667,0.163934,review
4100,136.666667,4366,145.533333,0.147427,review
4101,136.7,4368,145.6,0.13092,review
4102,136.733333,4370,145.666667,0.114413,review
4103,136.766667,4372,145.733333,0.097906,review
4104,136.8,4374,145.8,0.0814,review
4105,136.833333,4376,145.866667,0.086453,review
4106,136.866667,4378,145.933333,0.091508,review
4107,136.9,4380,146.0,0.096563,review
4108,136.933333,4382,146.066667,0.101618,review
4109,136.966667,4384,146.133333,0.106673,review
4110,137.0,4386,146.2,0.111728,review
4111,137.033333,4388,146.266667,0.113448,review
4112,137.066667,4390,146.333333,0.115168,review
4113,137.1,4392,146.4,0.116889,review
4114,137.133333,4394,146.466667,0.118609,review
4115,137.166667,4396,146.533333,0.120329,review
4116,137.2,4398,146.6,0.122053,review
4117,137.233333,4400,146.666667,0.162675,review
4118,137.266667,4402,146.733333,0.203298,review
4119,137.3,4404,146.8,0.243921,review
4120,137.333333,4406,146.866667,0.284543,review
4121,137.366667,4408,146.933333,0.325166,review
4122,137.4,4410,147.0,0.36578,matched
4123,137.433333,4411,147.033333,0.359546,matched
4124,137.466667,4411,147.033333,0.353312,matched
4125,137.5,4412,147.066667,0.347079,review
4126,137.533333,4412,147.066667,0.340845,review
4127,137.566667,4412,147.066667,0.334611,review
4128,137.6,4413,147.1,0.328378,review
4129,137.633333,4413,147.1,0.322144,review
4130,137.666667,4414,147.133333,0.31591,review
4131,137.7,4414,147.133333,0.309677,review
4132,137.733333,4415,147.166667,0.303443,review
4133,137.766667,4415,147.166667,0.297209,review
4134,137.8,4416,147.2,0.290976,review
4135,137.833333,4416,147.2,0.270526,review
4136,137.866667,4417,147.233333,0.250075,review
4137,137.9,4417,147.233333,0.229625,review
4138,137.933333,4418,147.266667,0.209174,review
4139,137.966667,4418,147.266667,0.188723,review
4140,138.0,4419,147.3,0.168273,review
4141,138.033333,4419,147.3,0.147822,review
4142,138.066667,4420,147.333333,0.127371,review
4143,138.1,4420,147.333333,0.10692,review
4144,138.133333,4421,147.366667,0.08647,review
4145,138.166667,4421,147.366667,0.066019,review
4146,138.2,4422,147.4,0.045571,review
4147,138.233333,4422,147.4,0.05358,review
4148,138.266667,4423,147.433333,0.06159,review
4149,138.3,4423,147.433333,0.0696,review
4150,138.333333,4424,147.466667,0.07761,review
4151,138.366667,4424,147.466667,0.085619,review
4152,138.4,4425,147.5,0.093629,review
4153,138.433333,4425,147.5,0.101639,review
4154,138.466667,4426,147.533333,0.109649,review
4155,138.5,4427,147.566667,0.117658,review
4156,138.533333,4427,147.566667,0.125668,review
4157,138.566667,4428,147.6,0.133678,review
4158,138.6,4428,147.6,0.141688,review
4159,138.633333,4430,147.666667,0.118078,review
4160,138.666667,4432,147.733333,0.094463,review
4161,138.7,4434,147.8,0.070848,review
4162,138.733333,4436,147.866667,0.047233,review
4163,138.766667,4438,147.933333,0.023617,review
4164,138.8,4440,148.0,2e-06,review
4165,138.833333,4442,148.066667,0.011213,review
4166,138.866667,4444,148.133333,0.022428,review
4167,138.9,4446,148.2,0.033642,review
4168,138.933333,4448,148.266667,0.044857,review
4169,138.966667,4450,148.333333,0.056071,review
4170,139.0,4452,148.4,0.067286,review
4171,139.033333,4454,148.466667,0.066322,review
4172,139.066667,4456,148.533333,0.065357,review
4173,139.1,4458,148.6,0.064393,review
4174,139.133333,4460,148.666667,0.063429,review
4175,139.166667,4462,148.733333,0.062464,review
4176,139.2,4464,148.8,0.0615,review
4177,139.233333,4466,148.866667,0.056077,review
4178,139.266667,4468,148.933333,0.050655,review
4179,139.3,4470,149.0,0.045233,review
4180,139.333333,4472,149.066667,0.039811,review
4181,139.366667,4474,149.133333,0.034388,review
4182,139.4,4476,149.2,0.028966,review
4183,139.433333,4478,149.266667,0.025834,review
4184,139.466667,4480,149.333333,0.022702,review
4185,139.5,4482,149.4,0.01957,review
4186,139.533333,4484,149.466667,0.016437,review
4187,139.566667,4486,149.533333,0.013305,review
4188,139.6,4488,149.6,0.010173,review
4189,139.633333,4490,149.666667,0.008477,review
4190,139.666667,4492,149.733333,0.006782,review
4191,139.7,4494,149.8,0.005086,review
4192,139.733333,4496,149.866667,0.003391,review
4193,139.766667,4498,149.933333,0.001696,review
4194,139.8,4500,150.0,0.0,review
4195,139.833333,4502,150.066667,0.001386,review
4196,139.866667,4504,150.133333,0.002772,review
4197,139.9,4506,150.2,0.004158,review
4198,139.933333,4508,150.266667,0.005545,review
4199,139.966667,4510,150.333333,0.006931,review
4200,140.0,4512,150.4,0.008317,review
4201,140.033333,4514,150.466667,0.013325,review
4202,140.066667,4516,150.533333,0.018333,review
4203,140.1,4518,150.6,0.023342,review
4204,140.133333,4520,150.666667,0.02835,review
4205,140.166667,4522,150.733333,0.033358,review
4206,140.2,4524,150.8,0.038366,review
4207,140.233333,4526,150.866667,0.041388,review
4208,140.266667,4528,150.933333,0.044409,review
4209,140.3,4530,151.0,0.04743,review
4210,140.333333,4532,151.066667,0.050452,review
4211,140.366667,4534,151.133333,0.053473,review
4212,140.4,4536,151.2,0.056495,review
4213,140.433333,4536,151.2,0.063849,review
4214,140.466667,4537,151.233333,0.071202,review
4215,140.5,4537,151.233333,0.078555,review
4216,140.533333,4538,151.266667,0.085908,review
4217,140.566667,4538,151.266667,0.093262,review
4218,140.6,4539,151.3,0.100615,review
4219,140.633333,4539,151.3,0.107968,review
4220,140.666667,4540,151.333333,0.115321,review
4221,140.7,4540,151.333333,0.122675,review
4222,140.733333,4541,151.366667,0.130028,review
4223,140.766667,4541,151.366667,0.137381,review
4224,140.8,4542,151.4,0.144734,review
4225,140.833333,4544,151.466667,0.128376,review
4226,140.866667,4546,151.533333,0.112015,review
4227,140.9,4548,151.6,0.095654,review
4228,140.933333,4550,151.666667,0.079293,review
4229,140.966667,4552,151.733333,0.062932,review
4230,141.0,4554,151.8,0.046571,review
4231,141.033333,4556,151.866667,0.040167,review
4232,141.066667,4558,151.933333,0.033763,review
4233,141.1,4560,152.0,0.02736,review
4234,141.133333,4562,152.066667,0.020956,review
4235,141.166667,4564,152.133333,0.014552,review
4236,141.2,4566,152.2,0.008152,review
4237,141.233333,4568,152.266667,0.040997,review
4238,141.266667,4570,152.333333,0.073842,review
4239,141.3,4572,152.4,0.106687,review
4240,141.333333,4574,152.466667,0.139531,review
4241,141.366667,4576,152.533333,0.172376,review
4242,141.4,4578,152.6,0.205221,review
4243,141.433333,4579,152.633333,0.235504,review
4244,141.466667,4579,152.633333,0.265788,review
4245,141.5,4580,152.666667,0.296072,review
4246,141.533333,4580,152.666667,0.326356,review
4247,141.566667,4581,152.7,0.35664,matched
4248,141.6,4581,152.7,0.386924,matched
4249,141.633333,4582,152.733333,0.417208,matched
4250,141.666667,4582,152.733333,0.447492,matched
4251,141.7,4583,152.766667,0.477776,matched
4252,141.733333,4583,152.766667,0.508059,matched
4253,141.766667,4584,152.8,0.538343,matched
4254,141.8,4584,152.8,0.568627,matched
4255,141.833333,4585,152.833333,0.530407,matched
4256,141.866667,4585,152.833333,0.49218,matched
4257,141.9,4586,152.866667,0.453954,matched
4258,141.933333,4586,152.866667,0.415727,matched
4259,141.966667,4587,152.9,0.377501,matched
4260,142.0,4587,152.9,0.339274,review
4261,142.033333,4588,152.933333,0.301047,review
4262,142.066667,4588,152.933333,0.262821,review
4263,142.1,4589,152.966667,0.224594,review
4264,142.133333,4589,152.966667,0.186368,review
4265,142.166667,4590,153.0,0.148141,review
4266,142.2,4590,153.0,0.109918,review
4267,142.233333,4592,153.066667,0.115125,review
4268,142.266667,4594,153.133333,0.120331,review
4269,142.3,4596,153.2,0.125537,review
4270,142.333333,4598,153.266667,0.130743,review
4271,142.366667,4600,153.333333,0.135949,review
4272,142.4,4602,153.4,0.14115,review
4273,142.433333,4604,153.466667,0.117625,review
4274,142.466667,4606,153.533333,0.094101,review
4275,142.5,4608,153.6,0.070577,review
4276,142.533333,4610,153.666667,0.047053,review
4277,142.566667,4612,153.733333,0.023529,review
4278,142.6,4614,153.8,4e-06,review
4279,142.633333,4616,153.866667,0.012778,review
4280,142.666667,4618,153.933333,0.025559,review
4281,142.7,4620,154.0,0.038339,review
4282,142.733333,4622,154.066667,0.05112,review
4283,142.766667,4624,154.133333,0.0639,review
4284,142.8,4626,154.2,0.076681,review
4285,142.833333,4628,154.266667,0.063903,review
4286,142.866667,4630,154.333333,0.051122,review
4287,142.9,4632,154.4,0.038342,review
4288,142.933333,4634,154.466667,0.025561,review
4289,142.966667,4636,154.533333,0.012781,review
4290,143.0,4638,154.6,0.0,review
4291,143.033333,4640,154.666667,0.013555,review
4292,143.066667,4642,154.733333,0.027111,review
4293,143.1,4644,154.8,0.040666,review
4294,143.133333,4646,154.866667,0.054221,review
4295,143.166667,4648,154.933333,0.067777,review
4296,143.2,4650,155.0,0.081333,review
4297,143.233333,4652,155.066667,0.099374,review
4298,143.266667,4654,155.133333,0.117416,review
4299,143.3,4656,155.2,0.135457,review
4300,143.333333,4658,155.266667,0.153499,review
4301,143.366667,4660,155.333333,0.171541,review
4302,143.4,4662,155.4,0.189583,review
4303,143.433333,4664,155.466667,0.208936,review
4304,143.466667,4666,155.533333,0.22829,review
4305,143.5,4668,155.6,0.247643,review
4306,143.533333,4670,155.666667,0.266997,review
4307,143.566667,4672,155.733333,0.286351,review
4308,143.6,4674,155.8,0.305704,review
4309,143.633333,4676,155.866667,0.254765,review
4310,143.666667,4678,155.933333,0.203813,review
4311,143.7,4680,156.0,0.152861,review
4312,143.733333,4682,156.066667,0.101909,review
4313,143.766667,4684,156.133333,0.050957,review
4314,143.8,4686,156.2,5e-06,review
4315,143.833333,4688,156.266667,0.034053,review
4316,143.866667,4690,156.333333,0.068108,review
4317,143.9,4692,156.4,0.102164,review
4318,143.933333,4694,156.466667,0.13622,review
4319,143.966667,4696,156.533333,0.170275,review
4320,144.0,4698,156.6,0.204331,review
4321,144.033333,4700,156.666667,0.170275,review
4322,144.066667,4702,156.733333,0.13622,review
4323,144.1,4704,156.8,0.102164,review
4324,144.133333,4706,156.866667,0.068108,review
4325,144.166667,4708,156.933333,0.034053,review
4326,144.2,4710,157.0,2e-06,review
4327,144.233333,4712,157.066667,0.021732,review
4328,144.266667,4714,157.133333,0.043463,review
4329,144.3,4716,157.2,0.065193,review
4330,144.333333,4718,157.266667,0.086924,review
4331,144.366667,4720,157.333333,0.108654,review
4332,144.4,4722,157.4,0.130382,review
4333,144.433333,4724,157.466667,0.135256,review
4334,144.466667,4726,157.533333,0.140129,review
4335,144.5,4728,157.6,0.145003,review
4336,144.533333,4730,157.666667,0.149877,review
4337,144.566667,4732,157.733333,0.15475,review
4338,144.6,4734,157.8,0.159624,review
4339,144.633333,4736,157.866667,0.153859,review
4340,144.666667,4738,157.933333,0.148092,review
4341,144.7,4740,158.0,0.142324,review
4342,144.733333,4742,158.066667,0.136557,review
4343,144.766667,4744,158.133333,0.13079,review
4344,144.8,4746,158.2,0.125023,review
4345,144.833333,4748,158.266667,0.129677,review
4346,144.866667,4750,158.333333,0.134333,review
4347,144.9,4752,158.4,0.138988,review
4348,144.933333,4754,158.466667,0.143644,review
4349,144.966667,4756,158.533333,0.148299,review
4350,145.0,4758,158.6,0.152955,review
4351,145.033333,4760,158.666667,0.162513,review
4352,145.066667,4762,158.733333,0.172071,review
4353,145.1,4764,158.8,0.181629,review
4354,145.133333,4766,158.866667,0.191187,review
4355,145.166667,4768,158.933333,0.200745,review
4356,145.2,4770,159.0,0.210301,review
4357,145.233333,4772,159.066667,0.200516,review
4358,145.266667,4774,159.133333,0.19073,review
4359,145.3,4776,159.2,0.180945,review
4360,145.333333,4778,159.266667,0.17116,review
4361,145.366667,4780,159.333333,0.161375,review
4362,145.4,4782,159.4,0.151592,review
4363,145.433333,4784,159.466667,0.155943,review
4364,145.466667,4786,159.533333,0.160295,review
4365,145.5,4788,159.6,0.164646,review
4366,145.533333,4790,159.666667,0.168997,review
4367,145.566667,4792,159.733333,0.173349,review
4368,145.6,4794,159.8,0.1777,review
4369,145.633333,4796,159.866667,0.191122,review
4370,145.666667,4798,159.933333,0.204546,review
4371,145.7,4800,160.0,0.217969,review
4372,145.733333,4802,160.066667,0.231393,review
4373,145.766667,4804,160.133333,0.244816,review
4374,145.8,4806,160.2,0.25824,review
4375,145.833333,4808,160.266667,0.236427,review
4376,145.866667,4810,160.333333,0.214612,review
4377,145.9,4812,160.4,0.192796,review
4378,145.933333,4814,160.466667,0.17098,review
4379,145.966667,4816,160.533333,0.149165,review
4380,146.0,4818,160.6,0.127349,review
4381,146.033333,4820,160.666667,0.130328,review
4382,146.066667,4822,160.733333,0.133308,review
4383,146.1,4824,160.8,0.136287,review
4384,146.133333,4826,160.866667,0.139267,review
4385,146.166667,4828,160.933333,0.142246,review
4386,146.2,4830,161.0,0.145226,review
4387,146.233333,4831,161.033333,0.157884,review
4388,146.266667,4831,161.033333,0.170543,review
4389,146.3,4831,161.033333,0.183201,review
4390,146.333333,4832,161.066667,0.195859,review
4391,146.366667,4832,161.066667,0.208518,review
4392,146.4,4833,161.1,0.221176,review
4393,146.433333,4833,161.1,0.233834,review
4394,146.466667,4834,161.133333,0.246493,review
4395,146.5,4834,161.133333,0.259151,review
4396,146.533333,4835,161.166667,0.271809,review
4397,146.566667,4835,161.166667,0.284467,review
4398,146.6,4836,161.2,0.297126,review
4399,146.633333,4836,161.2,0.293998,review
4400,146.666667,4837,161.233333,0.290868,review
4401,146.7,4837,161.233333,0.287738,review
4402,146.733333,4838,161.266667,0.284608,review
4403,146.766667,4838,161.266667,0.281478,review
4404,146.8,4839,161.3,0.278348,review
4405,146.833333,4839,161.3,0.275218,review
4406,146.866667,4840,161.333333,0.272088,review
4407,146.9,4840,161.333333,0.268957,review
4408,146.933333,4841,161.366667,0.265827,review
4409,146.966667,4841,161.366667,0.262697,review
4410,147.0,4842,161.4,0.259567,review
4411,147.033333,4842,161.4,0.253725,review
4412,147.066667,4843,161.433333,0.247882,review
4413,147.1,4843,161.433333,0.24204,review
4414,147.133333,4844,161.466667,0.236198,review
4415,147.166667,4845,161.5,0.230355,review
4416,147.2,4845,161.5,0.224513,review
4417,147.233333,4846,161.533333,0.218671,review
4418,147.266667,4846,161.533333,0.212828,review
4419,147.3,4847,161.566667,0.206986,review
4420,147.333333,4847,161.566667,0.201144,review
4421,147.366667,4848,161.6,0.195301,review
4422,147.4,4848,161.6,0.189461,review
4423,147.433333,4849,161.633333,0.194187,review
4424,147.466667,4849,161.633333,0.198913,review
4425,147.5,4850,161.666667,0.20364,review
4426,147.533333,4850,161.666667,0.208366,review
4427,147.566667,4851,161.7,0.213092,review
4428,147.6,4851,161.7,0.217818,review
4429,147.633333,4852,161.733333,0.222544,review
4430,147.666667,4852,161.733333,0.227271,review
4431,147.7,4853,161.766667,0.231997,review
4432,147.733333,4853,161.766667,0.236723,review
4433,147.766667,4854,161.8,0.241449,review
4434,147.8,4854,161.8,0.246176,review
4435,147.833333,4855,161.833333,0.244981,review
4436,147.866667,4855,161.833333,0.243786,review
4437,147.9,4856,161.866667,0.242591,review
4438,147.933333,4856,161.866667,0.241396,review
4439,147.966667,4857,161.9,0.240201,review
4440,148.0,4857,161.9,0.239005,review
4441,148.033333,4858,161.933333,0.23781,review
4442,148.066667,4858,161.933333,0.236615,review
4443,148.1,4859,161.966667,0.23542,review
4444,148.133333,4859,161.966667,0.234225,review
4445,148.166667,4860,162.0,0.23303,review
4446,148.2,4860,162.0,0.231834,review
4447,148.233333,4861,162.033333,0.223861,review
4448,148.266667,4861,162.033333,0.215888,review
4449,148.3,4861,162.033333,0.207915,review
4450,148.333333,4862,162.066667,0.199942,review
4451,148.366667,4862,162.066667,0.191969,review
4452,148.4,4863,162.1,0.183996,review
4453,148.433333,4863,162.1,0.176023,review
4454,148.466667,4864,162.133333,0.16805,review
4455,148.5,4864,162.133333,0.160077,review
4456,148.533333,4865,162.166667,0.152104,review
4457,148.566667,4865,162.166667,0.144131,review
4458,148.6,4866,162.2,0.136158,review
4459,148.633333,4868,162.266667,0.134049,review
4460,148.666667,4870,162.333333,0.131941,review
4461,148.7,4872,162.4,0.129833,review
4462,148.733333,4874,162.466667,0.127725,review
4463,148.766667,4876,162.533333,0.125616,review
4464,148.8,4878,162.6,0.123508,review
4465,148.833333,4880,162.666667,0.126661,review
4466,148.866667,4882,162.733333,0.129814,review
4467,148.9,4884,162.8,0.132967,review
4468,148.933333,4886,162.866667,0.13612,review
4469,148.966667,4888,162.933333,0.139273,review
4470,149.0,4890,163.0,0.142426,review
4471,149.033333,4892,163.066667,0.144244,review
4472,149.066667,4894,163.133333,0.146062,review
4473,149.1,4896,163.2,0.14788,review
4474,149.133333,4898,163.266667,0.149697,review
4475,149.166667,4900,163.333333,0.151515,review
4476,149.2,4902,163.4,0.153332,review
4477,149.233333,4904,163.466667,0.1456,review
4478,149.266667,4906,163.533333,0.137867,review
4479,149.3,4908,163.6,0.130135,review
4480,149.333333,4910,163.666667,0.122402,review
4481,149.366667,4912,163.733333,0.11467,review
4482,149.4,4914,163.8,0.10694,review
4483,149.433333,4916,163.866667,0.113399,review
4484,149.466667,4918,163.933333,0.119858,review
4485,149.5,4920,164.0,0.126317,review
4486,149.533333,4922,164.066667,0.132776,review
4487,149.566667,4924,164.133333,0.139235,review
4488,149.6,4926,164.2,0.145694,review
4489,149.633333,4928,164.266667,0.154676,review
4490,149.666667,4930,164.333333,0.163658,review
4491,149.7,4932,164.4,0.17264,review
4492,149.733333,4934,164.466667,0.181623,review
4493,149.766667,4936,164.533333,0.190605,review
4494,149.8,4938,164.6,0.199587,review
4495,149.833333,4940,164.666667,0.174342,review
4496,149.866667,4942,164.733333,0.149095,review
4497,149.9,4944,164.8,0.123847,review
4498,149.933333,4946,164.866667,0.098599,review
4499,149.966667,4948,164.933333,0.073351,review
4500,150.0,4950,165.0,0.048103,review
4501,150.033333,4952,165.066667,0.074222,review
4502,150.066667,4954,165.133333,0.100341,review
4503,150.1,4956,165.2,0.126461,review
4504,150.133333,4958,165.266667,0.15258,review
4505,150.166667,4960,165.333333,0.178699,review
4506,150.2,4962,165.4,0.204814,review
4507,150.233333,4964,165.466667,0.178168,review
4508,150.266667,4966,165.533333,0.151523,review
4509,150.3,4968,165.6,0.124878,review
4510,150.333333,4970,165.666667,0.098233,review
4511,150.366667,4972,165.733333,0.071588,review
4512,150.4,4974,165.8,0.04495,review
4513,150.433333,4976,165.866667,0.05319,review
4514,150.466667,4978,165.933333,0.061431,review
4515,150.5,4980,166.0,0.069671,review
4516,150.533333,4982,166.066667,0.077912,review
4517,150.566667,4984,166.133333,0.086153,review
4518,150.6,4986,166.2,0.094393,review
4519,150.633333,4988,166.266667,0.100295,review
4520,150.666667,4990,166.333333,0.106196,review
4521,150.7,4992,166.4,0.112098,review
4522,150.733333,4994,166.466667,0.117999,review
4523,150.766667,4996,166.533333,0.1239,review
4524,150.8,4998,166.6,0.129801,review
4525,150.833333,5000,166.666667,0.114088,review
4526,150.866667,5002,166.733333,0.098372,review
4527,150.9,5004,166.8,0.082656,review
4528,150.933333,5006,166.866667,0.06694,review
4529,150.966667,5008,166.933333,0.051225,review
4530,151.0,5010,167.0,0.035509,review
4531,151.033333,5012,167.066667,0.060937,review
4532,151.066667,5014,167.133333,0.086366,review
4533,151.1,5016,167.2,0.111794,review
4534,151.133333,5018,167.266667,0.137223,review
4535,151.166667,5020,167.333333,0.162651,review
4536,151.2,5022,167.4,0.188076,review
4537,151.233333,5024,167.466667,0.175379,review
4538,151.266667,5026,167.533333,0.162682,review
4539,151.3,5028,167.6,0.149985,review
4540,151.333333,5030,167.666667,0.137288,review
4541,151.366667,5032,167.733333,0.124591,review
4542,151.4,5034,167.8,0.111899,review
4543,151.433333,5036,167.866667,0.127677,review
4544,151.466667,5038,167.933333,0.143455,review
4545,151.5,5040,168.0,0.159233,review
4546,151.533333,5042,168.066667,0.175011,review
4547,151.566667,5044,168.133333,0.190789,review
4548,151.6,5046,168.2,0.206567,review
4549,151.633333,5048,168.266667,0.191228,review
4550,151.666667,5050,168.333333,0.175883,review
4551,151.7,5052,168.4,0.160538,review
4552,151.733333,5054,168.466667,0.145193,review
4553,151.766667,5056,168.533333,0.129847,review
4554,151.8,5058,168.6,0.114502,review
4555,151.833333,5060,168.666667,0.095419,review
4556,151.866667,5062,168.733333,0.076335,review
4557,151.9,5064,168.8,0.057251,review
4558,151.933333,5066,168.866667,0.038168,review
4559,151.966667,5068,168.933333,0.019084,review
4560,152.0,5070,169.0,0.0,review
4561,152.033333,5072,169.066667,0.015074,review
4562,152.066667,5074,169.133333,0.030148,review
4563,152.1,5076,169.2,0.045222,review
4564,152.133333,5078,169.266667,0.060296,review
4565,152.166667,5080,169.333333,0.075369,review
4566,152.2,5082,169.4,0.090443,review
4567,152.233333,5084,169.466667,0.096878,review
4568,152.266667,5086,169.533333,0.103314,review
4569,152.3,5088,169.6,0.10975,review
4570,152.333333,5090,169.666667,0.116186,review
4571,152.366667,5092,169.733333,0.122621,review
4572,152.4,5094,169.8,0.129059,review
4573,152.433333,5096,169.866667,0.143909,review
4574,152.466667,5098,169.933333,0.158759,review
4575,152.5,5100,170.0,0.173609,review
4576,152.533333,5102,170.066667,0.188458,review
4577,152.566667,5104,170.133333,0.203308,review
4578,152.6,5106,170.2,0.218158,review
4579,152.633333,5108,170.266667,0.241523,review
4580,152.666667,5110,170.333333,0.264888,review
4581,152.7,5112,170.4,0.288254,review
4582,152.733333,5114,170.466667,0.31162,review
4583,152.766667,5116,170.533333,0.334986,review
4584,152.8,5118,170.6,0.358352,matched
4585,152.833333,5120,170.666667,0.396864,matched
4586,152.866667,5122,170.733333,0.435377,matched
4587,152.9,5124,170.8,0.47389,matched
4588,152.933333,5126,170.866667,0.512403,matched
4589,152.966667,5128,170.933333,0.550916,matched
4590,153.0,5130,171.0,0.589429,matched
4591,153.033333,5132,171.066667,0.58164,matched
4592,153.066667,5134,171.133333,0.57385,matched
4593,153.1,5136,171.2,0.566061,matched
4594,153.133333,5138,171.266667,0.558271,matched
4595,153.166667,5140,171.333333,0.550482,matched
4596,153.2,5142,171.4,0.542693,matched
4597,153.233333,5144,171.466667,0.541218,matched
4598,153.266667,5146,171.533333,0.539742,matched
4599,153.3,5148,171.6,0.538267,matched
4600,153.333333,5150,171.666667,0.536791,matched
4601,153.366667,5152,171.733333,0.535316,matched
4602,153.4,5154,171.8,0.533841,matched
4603,153.433333,5156,171.866667,0.531259,matched
4604,153.466667,5158,171.933333,0.528678,matched
4605,153.5,5160,172.0,0.526096,matched
4606,153.533333,5162,172.066667,0.523515,matched
4607,153.566667,5164,172.133333,0.520933,matched
4608,153.6,5166,172.2,0.518351,matched
4609,153.633333,5168,172.266667,0.520739,matched
4610,153.666667,5170,172.333333,0.523128,matched
4611,153.7,5172,172.4,0.525517,matched
4612,153.733333,5174,172.466667,0.527905,matched
4613,153.766667,5176,172.533333,0.530294,matched
4614,153.8,5178,172.6,0.532683,matched
4615,153.833333,5180,172.666667,0.560567,matched
4616,153.866667,5182,172.733333,0.588454,matched
4617,153.9,5184,172.8,0.61634,matched
4618,153.933333,5186,172.866667,0.644227,matched
4619,153.966667,5188,172.933333,0.672113,matched
4620,154.0,5190,173.0,0.7,matched
4621,154.033333,5192,173.066667,0.66907,matched
4622,154.066667,5194,173.133333,0.63814,matched
4623,154.1,5196,173.2,0.607211,matched
4624,154.133333,5198,173.266667,0.576281,matched
4625,154.166667,5200,173.333333,0.545351,matched
4626,154.2,5202,173.4,0.514423,matched
4627,154.233333,5204,173.466667,0.508224,matched
4628,154.266667,5206,173.533333,0.502024,matched
4629,154.3,5208,173.6,0.495824,matched
4630,154.333333,5210,173.666667,0.489624,matched
4631,154.366667,5212,173.733333,0.483425,matched
4632,154.4,5214,173.8,0.477226,matched
4633,154.433333,5216,173.866667,0.479567,matched
4634,154.466667,5218,173.933333,0.481908,matched
4635,154.5,5220,174.0,0.484248,matched
4636,154.533333,5222,174.066667,0.486589,matched
4637,154.566667,5224,174.133333,0.48893,matched
4638,154.6,5226,174.2,0.491271,matched
4639,154.633333,5228,174.266667,0.469015,matched
4640,154.666667,5230,174.333333,0.446755,matched
4641,154.7,5232,174.4,0.424496,matched
4642,154.733333,5234,174.466667,0.402236,matched
4643,154.766667,5236,174.533333,0.379976,matched
4644,154.8,5238,174.6,0.357716,matched
4645,154.833333,5240,174.666667,0.318874,review
4646,154.866667,5242,174.733333,0.280031,review
4647,154.9,5244,174.8,0.241188,review
4648,154.933333,5246,174.866667,0.202345,review
4649,154.966667,5248,174.933333,0.163501,review
4650,155.0,5250,175.0,0.124658,review
4651,155.033333,5252,175.066667,0.103881,review
4652,155.066667,5254,175.133333,0.083105,review
4653,155.1,5256,175.2,0.062328,review
4654,155.133333,5258,175.266667,0.041551,review
4655,155.166667,5260,175.333333,0.020775,review
4656,155.2,5262,175.4,0.0,review
4657,155.233333,5264,175.466667,0.0,review
4658,155.266667,5266,175.533333,0.0,review
4659,155.3,5268,175.6,0.0,review
4660,155.333333,5270,175.666667,0.0,review
4661,155.366667,5272,175.733333,0.0,review
4662,155.4,5274,175.8,0.0,review
4663,155.433333,5275,175.833333,0.0,review
4664,155.466667,5275,175.833333,0.0,review
4665,155.5,5276,175.866667,0.0,review
4666,155.533333,5276,175.866667,0.0,review
4667,155.566667,5277,175.9,0.0,review
4668,155.6,5277,175.9,0.0,review
4669,155.633333,5278,175.933333,0.0,review
4670,155.666667,5278,175.933333,0.0,review
4671,155.7,5279,175.966667,0.0,review
4672,155.733333,5279,175.966667,0.0,review
4673,155.766667,5279,175.966667,0.0,review
4674,155.8,5280,176.0,0.0,review
4675,155.833333,5282,176.066667,0.0,review
4676,155.866667,5284,176.133333,0.0,review
4677,155.9,5286,176.2,0.0,review
4678,155.933333,5288,176.266667,0.0,review
4679,155.966667,5290,176.333333,0.0,review
4680,156.0,5292,176.4,0.0,review
4681,156.033333,5294,176.466667,0.0,review
4682,156.066667,5296,176.533333,0.0,review
4683,156.1,5298,176.6,0.0,review
4684,156.133333,5300,176.666667,0.0,review
4685,156.166667,5302,176.733333,0.0,review
4686,156.2,5304,176.8,0.0,review
4687,156.233333,5306,176.866667,0.0,review
4688,156.266667,5308,176.933333,0.0,review
4689,156.3,5310,177.0,0.0,review
4690,156.333333,5312,177.066667,0.0,review
4691,156.366667,5314,177.133333,0.0,review
4692,156.4,5316,177.2,0.0,review
4693,156.433333,5318,177.266667,0.0,review
4694,156.466667,5320,177.333333,0.0,review
4695,156.5,5322,177.4,0.0,review
4696,156.533333,5324,177.466667,0.0,review
4697,156.566667,5326,177.533333,0.0,review
4698,156.6,5328,177.6,0.0,review
4699,156.633333,5330,177.666667,0.0,review
4700,156.666667,5332,177.733333,0.0,review
4701,156.7,5334,177.8,0.0,review
4702,156.733333,5336,177.866667,0.0,review
4703,156.766667,5338,177.933333,0.0,review
4704,156.8,5340,178.0,0.0,review
4705,156.833333,5340,178.0,0.0,review
4706,156.866667,5341,178.033333,0.0,review
4707,156.9,5341,178.033333,0.0,review
4708,156.933333,5342,178.066667,0.0,review
4709,156.966667,5342,178.066667,0.0,review
4710,157.0,5343,178.1,0.0,review
4711,157.033333,5343,178.1,0.0,review
4712,157.066667,5344,178.133333,0.0,review
4713,157.1,5344,178.133333,0.0,review
4714,157.133333,5345,178.166667,0.0,review
4715,157.166667,5345,178.166667,0.0,review
4716,157.2,5346,178.2,0.0,review
4717,157.233333,5348,178.266667,0.0,review
4718,157.266667,5350,178.333333,0.0,review
4719,157.3,5352,178.4,0.0,review
4720,157.333333,5354,178.466667,0.0,review
4721,157.366667,5356,178.533333,0.0,review
4722,157.4,5358,178.6,0.0,review
4723,157.433333,5360,178.666667,0.0,review
4724,157.466667,5362,178.733333,0.0,review
4725,157.5,5364,178.8,0.0,review
4726,157.533333,5366,178.866667,0.0,review
4727,157.566667,5368,178.933333,0.0,review
4728,157.6,5370,179.0,0.0,review
4729,157.633333,5372,179.066667,0.0,review
4730,157.666667,5374,179.133333,0.0,review
4731,157.7,5376,179.2,0.0,review
4732,157.733333,5378,179.266667,0.0,review
4733,157.766667,5380,179.333333,0.0,review
4734,157.8,5382,179.4,0.0,review
4735,157.833333,5384,179.466667,0.005272,review
4736,157.866667,5386,179.533333,0.010544,review
4737,157.9,5388,179.6,0.015816,review
4738,157.933333,5390,179.666667,0.021089,review
4739,157.966667,5392,179.733333,0.026361,review
4740,158.0,5394,179.8,0.031633,review
4741,158.033333,5395,179.833333,0.076211,review
4742,158.066667,5395,179.833333,0.12079,review
4743,158.1,5396,179.866667,0.165368,review
4744,158.133333,5396,179.866667,0.209946,review
4745,158.166667,5397,179.9,0.254524,review
4746,158.2,5397,179.9,0.299103,review
4747,158.233333,5398,179.933333,0.343681,review
4748,158.266667,5398,179.933333,0.388259,matched
4749,158.3,5399,179.966667,0.432837,matched
4750,158.333333,5399,179.966667,0.477416,matched
4751,158.366667,5400,180.0,0.521994,matched
4752,158.4,5400,180.0,0.566563,matched
4753,158.433333,5401,180.033333,0.563145,matched
4754,158.466667,5401,180.033333,0.559728,matched
4755,158.5,5402,180.066667,0.55631,matched
4756,158.533333,5402,180.066667,0.552892,matched
4757,158.566667,5402,180.066667,0.549474,matched
4758,158.6,5403,180.1,0.546056,matched
4759,158.633333,5403,180.1,0.542638,matched
4760,158.666667,5404,180.133333,0.53922,matched
4761,158.7,5404,180.133333,0.535802,matched
4762,158.733333,5405,180.166667,0.532384,matched
4763,158.766667,5405,180.166667,0.528966,matched
4764,158.8,5406,180.2,0.525548,matched
4765,158.833333,5406,180.2,0.53433,matched
4766,158.866667,5407,180.233333,0.543113,matched
4767,158.9,5407,180.233333,0.551897,matched
4768,158.933333,5408,180.266667,0.56068,matched
4769,158.966667,5408,180.266667,0.569463,matched
4770,159.0,5409,180.3,0.578246,matched
4771,159.033333,5409,180.3,0.587029,matched
4772,159.066667,5410,180.333333,0.595812,matched
4773,159.1,5410,180.333333,0.604595,matched
4774,159.133333,5411,180.366667,0.613379,matched
4775,159.166667,5411,180.366667,0.622162,matched
4776,159.2,5412,180.4,0.630945,matched
4777,159.233333,5412,180.4,0.636699,matched
4778,159.266667,5413,180.433333,0.642454,matched
4779,159.3,5413,180.433333,0.648208,matched
4780,159.333333,5414,180.466667,0.653963,matched
4781,159.366667,5414,180.466667,0.659717,matched
4782,159.4,5415,180.5,0.665472,matched
4783,159.433333,5415,180.5,0.671226,matched
4784,159.466667,5416,180.533333,0.676981,matched
4785,159.5,5417,180.566667,0.682735,matched
4786,159.533333,5417,180.566667,0.68849,matched
4787,159.566667,5418,180.6,0.694244,matched
4788,159.6,5418,180.6,0.699999,matched
4789,159.633333,5420,180.666667,0.7,matched
4790,159.666667,5422,180.733333,0.7,matched
4791,159.7,5424,180.8,0.7,matched
4792,159.733333,5426,180.866667,0.7,matched
4793,159.766667,5428,180.933333,0.7,matched
4794,159.8,5430,181.0,0.7,matched
4795,159.833333,5430,181.0,0.694049,matched
4796,159.866667,5431,181.033333,0.688097,matched
4797,159.9,5431,181.033333,0.682146,matched
4798,159.933333,5432,181.066667,0.676194,matched
4799,159.966667,5432,181.066667,0.670243,matched
4800,160.0,5433,181.1,0.664291,matched
4801,160.033333,5433,181.1,0.658339,matched
4802,160.066667,5434,181.133333,0.652388,matched
4803,160.1,5434,181.133333,0.646436,matched
4804,160.133333,5435,181.166667,0.640485,matched
4805,160.166667,5435,181.166667,0.634533,matched
4806,160.2,5436,181.2,0.628583,matched
4807,160.233333,5436,181.2,0.634224,matched
4808,160.266667,5437,181.233333,0.639865,matched
4809,160.3,5437,181.233333,0.645506,matched
4810,160.333333,5438,181.266667,0.651147,matched
4811,160.366667,5438,181.266667,0.656788,matched
4812,160.4,5439,181.3,0.662429,matched
4813,160.433333,5439,181.3,0.66807,matched
4814,160.466667,5440,181.333333,0.673711,matched
4815,160.5,5440,181.333333,0.679353,matched
4816,160.533333,5441,181.366667,0.684994,matched
4817,160.566667,5441,181.366667,0.690635,matched
4818,160.6,5442,181.4,0.696276,matched
4819,160.633333,5444,181.466667,0.693701,matched
4820,160.666667,5446,181.533333,0.691125,matched
4821,160.7,5448,181.6,0.688549,matched
4822,160.733333,5450,181.666667,0.685973,matched
4823,160.766667,5452,181.733333,0.683396,matched
4824,160.8,5454,181.8,0.68082,matched
4825,160.833333,5456,181.866667,0.684016,matched
4826,160.866667,5458,181.933333,0.687213,matched
4827,160.9,5460,182.0,0.69041,matched
4828,160.933333,5462,182.066667,0.693607,matched
4829,160.966667,5464,182.133333,0.696803,matched
4830,161.0,5466,182.2,0.7,matched
4831,161.033333,5468,182.266667,0.7,matched
4832,161.066667,5470,182.333333,0.7,matched
4833,161.1,5472,182.4,0.7,matched
4834,161.133333,5474,182.466667,0.7,matched
4835,161.166667,5476,182.533333,0.7,matched
4836,161.2,5478,182.6,0.7,matched
4837,161.233333,5480,182.666667,0.7,matched
4838,161.266667,5482,182.733333,0.7,matched
4839,161.3,5484,182.8,0.7,matched
4840,161.333333,5486,182.866667,0.7,matched
4841,161.366667,5488,182.933333,0.7,matched
4842,161.4,5490,183.0,0.699999,matched
4843,161.433333,5492,183.066667,0.692074,matched
4844,161.466667,5494,183.133333,0.68415,matched
4845,161.5,5496,183.2,0.676225,matched
4846,161.533333,5498,183.266667,0.668301,matched
4847,161.566667,5500,183.333333,0.660377,matched
4848,161.6,5502,183.4,0.652452,matched
4849,161.633333,5504,183.466667,0.647438,matched
4850,161.666667,5506,183.533333,0.642425,matched
4851,161.7,5508,183.6,0.637411,matched
4852,161.733333,5510,183.666667,0.632398,matched
4853,161.766667,5512,183.733333,0.627384,matched
4854,161.8,5514,183.8,0.62237,matched
4855,161.833333,5516,183.866667,0.635307,matched
4856,161.866667,5518,183.933333,0.648246,matched
4857,161.9,5520,184.0,0.661184,matched
4858,161.933333,5522,184.066667,0.674123,matched
4859,161.966667,5524,184.133333,0.687061,matched
4860,162.0,5526,184.2,0.7,matched
4861,162.033333,5528,184.266667,0.690935,matched
4862,162.066667,5530,184.333333,0.68187,matched
4863,162.1,5532,184.4,0.672805,matched
4864,162.133333,5534,184.466667,0.663739,matched
4865,162.166667,5536,184.533333,0.654674,matched
4866,162.2,5538,184.6,0.645611,matched
4867,162.233333,5540,184.666667,0.654676,matched
4868,162.266667,5542,184.733333,0.663741,matched
4869,162.3,5544,184.8,0.672806,matched
4870,162.333333,5546,184.866667,0.681871,matched
4871,162.366667,5548,184.933333,0.690937,matched
4872,162.4,5550,185.0,0.699998,matched
4873,162.433333,5552,185.066667,0.68654,matched
4874,162.466667,5554,185.133333,0.673082,matched
4875,162.5,5556,185.2,0.659624,matched
4876,162.533333,5558,185.266667,0.646165,matched
4877,162.566667,5560,185.333333,0.632707,matched
4878,162.6,5562,185.4,0.619249,matched
4879,162.633333,5564,185.466667,0.613493,matched
4880,162.666667,5566,185.533333,0.607738,matched
4881,162.7,5568,185.6,0.601983,matched
4882,162.733333,5570,185.666667,0.596228,matched
4883,162.766667,5572,185.733333,0.590473,matched
4884,162.8,5574,185.8,0.584719,matched
4885,162.833333,5576,185.866667,0.579973,matched
4886,162.866667,5578,185.933333,0.575228,matched
4887,162.9,5580,186.0,0.570483,matched
4888,162.933333,5582,186.066667,0.565737,matched
4889,162.966667,5584,186.133333,0.560992,matched
4890,163.0,5586,186.2,0.556247,matched
4891,163.033333,5588,186.266667,0.550974,matched
4892,163.066667,5590,186.333333,0.545701,matched
4893,163.1,5592,186.4,0.540427,matched
4894,163.133333,5594,186.466667,0.535154,matched
4895,163.166667,5596,186.533333,0.529881,matched
4896,163.2,5598,186.6,0.52461,matched
4897,163.233333,5600,186.666667,0.548565,matched
4898,163.266667,5602,186.733333,0.572519,matched
4899,163.3,5604,186.8,0.596473,matched
4900,163.333333,5606,186.866667,0.620428,matched
4901,163.366667,5608,186.933333,0.644382,matched
4902,163.4,5610,187.0,0.668321,matched
4903,163.433333,5612,187.066667,0.608841,matched
4904,163.466667,5614,187.133333,0.54936,matched
4905,163.5,5616,187.2,0.489879,matched
4906,163.533333,5618,187.266667,0.430399,matched
4907,163.566667,5620,187.333333,0.370918,matched
4908,163.6,5622,187.4,0.311438,review
4909,163.633333,5624,187.466667,0.376178,matched
4910,163.666667,5626,187.533333,0.440941,matched
4911,163.7,5628,187.6,0.505705,matched
4912,163.733333,5630,187.666667,0.570468,matched
4913,163.766667,5632,187.733333,0.635231,matched
4914,163.8,5634,187.8,0.699994,matched
4915,163.833333,5636,187.866667,0.7,matched
4916,163.866667,5638,187.933333,0.7,matched
4917,163.9,5640,188.0,0.7,matched
4918,163.933333,5642,188.066667,0.7,matched
4919,163.966667,5644,188.133333,0.7,matched
4920,164.0,5646,188.2,0.7,matched
4921,164.033333,5648,188.266667,0.692894,matched
4922,164.066667,5650,188.333333,0.685787,matched
4923,164.1,5652,188.4,0.678681,matched
4924,164.133333,5654,188.466667,0.671574,matched
4925,164.166667,5656,188.533333,0.664468,matched
4926,164.2,5658,188.6,0.657362,matched
4927,164.233333,5660,188.666667,0.658863,matched
4928,164.266667,5662,188.733333,0.660364,matched
4929,164.3,5664,188.8,0.661865,matched
4930,164.333333,5666,188.866667,0.663366,matched
4931,164.366667,5668,188.933333,0.664867,matched
4932,164.4,5670,189.0,0.666369,matched
4933,164.433333,5672,189.066667,0.671974,matched
4934,164.466667,5674,189.133333,0.677579,matched
4935,164.5,5676,189.2,0.683184,matched
4936,164.533333,5678,189.266667,0.688789,matched
4937,164.566667,5680,189.333333,0.694394,matched
4938,164.6,5682,189.4,0.699999,matched
4939,164.633333,5684,189.466667,0.7,matched
4940,164.666667,5686,189.533333,0.7,matched
4941,164.7,5688,189.6,0.7,matched
4942,164.733333,5690,189.666667,0.7,matched
4943,164.766667,5692,189.733333,0.7,matched
4944,164.8,5694,189.8,0.7,matched
4945,164.833333,,,0.0,unmatched
4946,164.866667,,,0.0,unmatched
4947,164.9,,,0.0,unmatched
4948,164.933333,,,0.0,unmatched
4949,164.966667,,,0.0,unmatched
