WARNING: All log messages before absl::InitializeLog() is called are written to STDERR
I0000 00:00:1782464051.492546 1994538 port.cc:153] oneDNN custom operations are on. You may see slightly different numerical results due to floating-point round-off errors from different computation orders. To turn them off, set the environment variable `TF_ENABLE_ONEDNN_OPTS=0`.
I0000 00:00:1782464051.680156 1994538 cpu_feature_guard.cc:227] This TensorFlow binary is optimized to use available CPU instructions in performance-critical operations.
To enable the following instructions: AVX2 AVX_VNNI FMA, in other operations, rebuild TensorFlow with the appropriate compiler flags.
WARNING: All log messages before absl::InitializeLog() is called are written to STDERR
I0000 00:00:1782464052.654499 1994538 port.cc:153] oneDNN custom operations are on. You may see slightly different numerical results due to floating-point round-off errors from different computation orders. To turn them off, set the environment variable `TF_ENABLE_ONEDNN_OPTS=0`.
WARNING 06-26 10:54:13 [config.py:70] Support for Transformers v4 is deprecated. The Transformers v4 codepath will become unmaintained in vLLM v0.22.0 and will be removed in vLLM v0.24.0. Please upgrade to Transformers v5: pip install --upgrade transformers
cross-modality manifest: outputs/benchmarks/vlm_cross_modality_8frame_qwen100/cross_modality_frame_manifest.json
{
  "manifest_type": "same_question_cross_modality_frame_sampling_v1",
  "input_path": "outputs/aligned_qa_valid_items.json",
  "frame_cache_root": "aligned_dataset",
  "source_modalities": [
    "rgb",
    "ir",
    "event",
    "depth"
  ],
  "input_modalities": [
    "rgb",
    "ir",
    "event",
    "depth"
  ],
  "items_per_source_modality": 0,
  "strict_all_input_modalities": true,
  "total_frames": 8,
  "frames_per_side": 4,
  "frame_order": "day_then_night",
  "sampling_algorithm": "referenced_or_nearest_then_stratified_uniform_v2",
  "selected_source_questions": 5331,
  "selected_items": 21324,
  "selected_source_counts": {
    "depth": 764,
    "event": 800,
    "ir": 1500,
    "rgb": 2267
  },
  "expanded_counts_by_input_modality": {
    "depth": 5331,
    "event": 5331,
    "ir": 5331,
    "rgb": 5331
  },
  "expanded_counts_by_source_modality": {
    "depth": 3056,
    "event": 3200,
    "ir": 6000,
    "rgb": 9068
  },
  "skipped_source_counts": {
    "event:missing_depth": 22,
    "ir:missing_depth": 61,
    "rgb:missing_depth": 51
  },
  "skipped_insufficient_input_counts": {
    "depth": 134
  },
  "manifest_sha256": "3ba11f02e2e1a09c551b40046a46a5a087f1c52264ac2c4928be148c76e1dc69"
}
Loading checkpoint shards:   0%|          | 0/8 [00:00<?, ?it/s]Loading checkpoint shards:  12%|█▎        | 1/8 [00:02<00:15,  2.15s/it]Loading checkpoint shards:  25%|██▌       | 2/8 [00:04<00:13,  2.29s/it]Loading checkpoint shards:  38%|███▊      | 3/8 [00:06<00:11,  2.33s/it]Loading checkpoint shards:  50%|█████     | 4/8 [00:09<00:09,  2.36s/it]Loading checkpoint shards:  62%|██████▎   | 5/8 [00:11<00:07,  2.36s/it]Loading checkpoint shards:  75%|███████▌  | 6/8 [00:14<00:04,  2.37s/it]Loading checkpoint shards:  88%|████████▊ | 7/8 [00:16<00:02,  2.27s/it]Loading checkpoint shards: 100%|██████████| 8/8 [00:16<00:00,  1.82s/it]Loading checkpoint shards: 100%|██████████| 8/8 [00:16<00:00,  2.12s/it]
molmo2 depth__check_mailbox_split_seg1_check_mailbox__depth_object_recognition__01__input_rgb: answered, source=depth, input=rgb, latency=10.67s, peak=14.11GB
molmo2 depth__check_mailbox_split_seg1_check_mailbox__depth_spatial_reasoning__01__input_rgb: answered, source=depth, input=rgb, latency=10.22s, peak=14.11GB
molmo2 depth__check_mailbox_split_seg1_check_mailbox__depth_scene_sequence__01__input_rgb: answered, source=depth, input=rgb, latency=10.12s, peak=14.11GB
molmo2 depth__check_mailbox_split_seg1_check_mailbox__depth_navigation__01__input_rgb: answered, source=depth, input=rgb, latency=10.19s, peak=14.11GB
molmo2 depth__check_mailbox_split_seg1_check_mailbox__depth_dynamic_recognition__01__input_rgb: answered, source=depth, input=rgb, latency=10.17s, peak=14.11GB
molmo2 depth__check_mailbox_split_seg1_check_mailbox__depth_action__01__input_rgb: answered, source=depth, input=rgb, latency=10.13s, peak=14.11GB
molmo2 depth__check_mailbox_split_seg1_check_mailbox__depth_non_common__01__input_rgb: answered, source=depth, input=rgb, latency=10.15s, peak=14.11GB
molmo2 rgb__aligned_dataset_check_mailbox_split_seg1_check_mailbox_rgb__object_recognition__01__input_rgb: answered, source=rgb, input=rgb, latency=10.10s, peak=14.11GB
molmo2 rgb__aligned_dataset_check_mailbox_split_seg1_check_mailbox_rgb__spatial_reasoning__01__input_rgb: answered, source=rgb, input=rgb, latency=10.10s, peak=14.11GB
molmo2 rgb__aligned_dataset_check_mailbox_split_seg1_check_mailbox_rgb__text_recognition__01__input_rgb: answered, source=rgb, input=rgb, latency=10.11s, peak=14.11GB
molmo2 rgb__aligned_dataset_check_mailbox_split_seg1_check_mailbox_rgb__scene_sequence__01__input_rgb: answered, source=rgb, input=rgb, latency=10.06s, peak=14.11GB
molmo2 rgb__aligned_dataset_check_mailbox_split_seg1_check_mailbox_rgb__light_recognition__01__input_rgb: answered, source=rgb, input=rgb, latency=10.04s, peak=14.11GB
molmo2 rgb__aligned_dataset_check_mailbox_split_seg1_check_mailbox_rgb__light_change__01__input_rgb: answered, source=rgb, input=rgb, latency=10.06s, peak=14.11GB
molmo2 rgb__aligned_dataset_check_mailbox_split_seg1_check_mailbox_rgb__dynamic_counting__01__input_rgb: answered, source=rgb, input=rgb, latency=10.08s, peak=14.11GB
molmo2 rgb__aligned_dataset_check_mailbox_split_seg1_check_mailbox_rgb__non_common__01__input_rgb: answered, source=rgb, input=rgb, latency=10.05s, peak=14.11GB
molmo2 rgb__aligned_dataset_check_mailbox_split_seg1_check_mailbox_rgb__navigation__01__input_rgb: answered, source=rgb, input=rgb, latency=10.09s, peak=14.11GB
molmo2 rgb__aligned_dataset_check_mailbox_split_seg1_check_mailbox_rgb__dynamic_recognition__01__input_rgb: answered, source=rgb, input=rgb, latency=10.06s, peak=14.11GB
molmo2 rgb__aligned_dataset_check_mailbox_split_seg1_check_mailbox_rgb__action__01__input_rgb: answered, source=rgb, input=rgb, latency=10.10s, peak=14.11GB
molmo2 event__aligned_dataset_check_mailbox_split_seg1_check_mailbox_event__event_spatial_reasoning__01__input_rgb: answered, source=event, input=rgb, latency=10.08s, peak=14.11GB
molmo2 event__aligned_dataset_check_mailbox_split_seg1_check_mailbox_event__event_scene_sequence__01__input_rgb: answered, source=event, input=rgb, latency=10.06s, peak=14.11GB
molmo2 event__aligned_dataset_check_mailbox_split_seg1_check_mailbox_event__event_counting__01__input_rgb: answered, source=event, input=rgb, latency=10.06s, peak=14.11GB
molmo2 event__aligned_dataset_check_mailbox_split_seg1_check_mailbox_event__event_dynamic_counting__01__input_rgb: answered, source=event, input=rgb, latency=7.02s, peak=14.11GB
molmo2 event__aligned_dataset_check_mailbox_split_seg1_check_mailbox_event__event_navigation__01__input_rgb: answered, source=event, input=rgb, latency=10.05s, peak=14.11GB
molmo2 event__aligned_dataset_check_mailbox_split_seg1_check_mailbox_event__event_dynamic_recognition__01__input_rgb: answered, source=event, input=rgb, latency=10.10s, peak=14.11GB
molmo2 event__aligned_dataset_check_mailbox_split_seg1_check_mailbox_event__event_action__01__input_rgb: answered, source=event, input=rgb, latency=10.06s, peak=14.11GB
molmo2 event__aligned_dataset_check_mailbox_split_seg1_check_mailbox_event__event_non_common__01__input_rgb: answered, source=event, input=rgb, latency=10.12s, peak=14.11GB
molmo2 ir__aligned_dataset_check_mailbox_split_seg1_check_mailbox_ir__text_recognition__01__input_rgb: answered, source=ir, input=rgb, latency=10.05s, peak=14.11GB
molmo2 ir__aligned_dataset_check_mailbox_split_seg1_check_mailbox_ir__scene_sequence__01__input_rgb: answered, source=ir, input=rgb, latency=10.16s, peak=14.11GB
molmo2 ir__aligned_dataset_check_mailbox_split_seg1_check_mailbox_ir__light_recognition__01__input_rgb: answered, source=ir, input=rgb, latency=10.13s, peak=14.11GB
molmo2 ir__aligned_dataset_check_mailbox_split_seg1_check_mailbox_ir__light_change__01__input_rgb: answered, source=ir, input=rgb, latency=10.13s, peak=14.11GB
molmo2 ir__aligned_dataset_check_mailbox_split_seg1_check_mailbox_ir__dynamic_counting__01__input_rgb: answered, source=ir, input=rgb, latency=10.11s, peak=14.11GB
molmo2 ir__aligned_dataset_check_mailbox_split_seg1_check_mailbox_ir__non_common__01__input_rgb: answered, source=ir, input=rgb, latency=10.12s, peak=14.11GB
molmo2 ir__aligned_dataset_check_mailbox_split_seg1_check_mailbox_ir__navigation__01__input_rgb: answered, source=ir, input=rgb, latency=10.11s, peak=14.11GB
molmo2 ir__aligned_dataset_check_mailbox_split_seg1_check_mailbox_ir__dynamic_recognition__01__input_rgb: answered, source=ir, input=rgb, latency=10.17s, peak=14.11GB
molmo2 ir__aligned_dataset_check_mailbox_split_seg1_check_mailbox_ir__action__01__input_rgb: answered, source=ir, input=rgb, latency=10.13s, peak=14.11GB
molmo2 depth__check_mailbox_split_seg2_check_mailbox__depth_object_recognition__01__input_rgb: answered, source=depth, input=rgb, latency=10.17s, peak=14.11GB
molmo2 depth__check_mailbox_split_seg2_check_mailbox__depth_spatial_reasoning__01__input_rgb: answered, source=depth, input=rgb, latency=10.12s, peak=14.11GB
molmo2 depth__check_mailbox_split_seg2_check_mailbox__depth_scene_sequence__01__input_rgb: answered, source=depth, input=rgb, latency=10.22s, peak=14.11GB
molmo2 depth__check_mailbox_split_seg2_check_mailbox__depth_counting__01__input_rgb: answered, source=depth, input=rgb, latency=10.20s, peak=14.11GB
molmo2 depth__check_mailbox_split_seg2_check_mailbox__depth_dynamic_counting__01__input_rgb: answered, source=depth, input=rgb, latency=10.05s, peak=14.11GB
molmo2 depth__check_mailbox_split_seg2_check_mailbox__depth_navigation__01__input_rgb: answered, source=depth, input=rgb, latency=10.06s, peak=14.11GB
molmo2 depth__check_mailbox_split_seg2_check_mailbox__depth_dynamic_recognition__01__input_rgb: answered, source=depth, input=rgb, latency=10.06s, peak=14.11GB
molmo2 depth__check_mailbox_split_seg2_check_mailbox__depth_action__01__input_rgb: answered, source=depth, input=rgb, latency=10.13s, peak=14.11GB
molmo2 depth__check_mailbox_split_seg2_check_mailbox__depth_non_common__01__input_rgb: answered, source=depth, input=rgb, latency=10.11s, peak=14.11GB
molmo2 rgb__aligned_dataset_check_mailbox_split_seg2_check_mailbox_rgb__spatial_reasoning__01__input_rgb: answered, source=rgb, input=rgb, latency=10.15s, peak=14.11GB
molmo2 rgb__aligned_dataset_check_mailbox_split_seg2_check_mailbox_rgb__text_recognition__01__input_rgb: answered, source=rgb, input=rgb, latency=10.10s, peak=14.11GB
molmo2 rgb__aligned_dataset_check_mailbox_split_seg2_check_mailbox_rgb__text_recognition__02__input_rgb: answered, source=rgb, input=rgb, latency=10.07s, peak=14.11GB
molmo2 rgb__aligned_dataset_check_mailbox_split_seg2_check_mailbox_rgb__text_recognition__03__input_rgb: answered, source=rgb, input=rgb, latency=10.16s, peak=14.11GB
molmo2 rgb__aligned_dataset_check_mailbox_split_seg2_check_mailbox_rgb__text_recognition__04__input_rgb: answered, source=rgb, input=rgb, latency=10.05s, peak=14.11GB
molmo2 rgb__aligned_dataset_check_mailbox_split_seg2_check_mailbox_rgb__text_recognition__05__input_rgb: answered, source=rgb, input=rgb, latency=10.08s, peak=14.11GB
molmo2 rgb__aligned_dataset_check_mailbox_split_seg2_check_mailbox_rgb__text_recognition__06__input_rgb: answered, source=rgb, input=rgb, latency=10.08s, peak=14.11GB
molmo2 rgb__aligned_dataset_check_mailbox_split_seg2_check_mailbox_rgb__text_recognition__07__input_rgb: answered, source=rgb, input=rgb, latency=10.11s, peak=14.11GB
molmo2 rgb__aligned_dataset_check_mailbox_split_seg2_check_mailbox_rgb__scene_sequence__01__input_rgb: answered, source=rgb, input=rgb, latency=10.09s, peak=14.11GB
molmo2 rgb__aligned_dataset_check_mailbox_split_seg2_check_mailbox_rgb__scene_sequence__02__input_rgb: answered, source=rgb, input=rgb, latency=10.09s, peak=14.11GB
molmo2 rgb__aligned_dataset_check_mailbox_split_seg2_check_mailbox_rgb__scene_sequence__05__input_rgb: answered, source=rgb, input=rgb, latency=10.06s, peak=14.11GB
molmo2 rgb__aligned_dataset_check_mailbox_split_seg2_check_mailbox_rgb__scene_sequence__06__input_rgb: answered, source=rgb, input=rgb, latency=10.11s, peak=14.11GB
molmo2 rgb__aligned_dataset_check_mailbox_split_seg2_check_mailbox_rgb__scene_sequence__07__input_rgb: answered, source=rgb, input=rgb, latency=10.08s, peak=14.11GB
molmo2 event__aligned_dataset_check_mailbox_split_seg2_check_mailbox_event__event_object_recognition__01__input_rgb: answered, source=event, input=rgb, latency=10.14s, peak=14.11GB
molmo2 rgb__aligned_dataset_check_mailbox_split_seg2_check_mailbox_rgb__scene_sequence__09__input_rgb: answered, source=rgb, input=rgb, latency=10.08s, peak=14.11GB
molmo2 event__aligned_dataset_check_mailbox_split_seg2_check_mailbox_event__event_spatial_reasoning__01__input_rgb: answered, source=event, input=rgb, latency=10.13s, peak=14.11GB
molmo2 rgb__aligned_dataset_check_mailbox_split_seg2_check_mailbox_rgb__scene_sequence__10__input_rgb: answered, source=rgb, input=rgb, latency=5.30s, peak=14.11GB
molmo2 event__aligned_dataset_check_mailbox_split_seg2_check_mailbox_event__event_scene_sequence__01__input_rgb: answered, source=event, input=rgb, latency=10.10s, peak=14.11GB
molmo2 event__aligned_dataset_check_mailbox_split_seg2_check_mailbox_event__event_counting__01__input_rgb: answered, source=event, input=rgb, latency=10.08s, peak=14.11GB
molmo2 rgb__aligned_dataset_check_mailbox_split_seg2_check_mailbox_rgb__light_change__01__input_rgb: answered, source=rgb, input=rgb, latency=10.09s, peak=14.11GB
molmo2 event__aligned_dataset_check_mailbox_split_seg2_check_mailbox_event__event_dynamic_counting__01__input_rgb: answered, source=event, input=rgb, latency=10.08s, peak=14.11GB
molmo2 rgb__aligned_dataset_check_mailbox_split_seg2_check_mailbox_rgb__light_change__02__input_rgb: answered, source=rgb, input=rgb, latency=10.12s, peak=14.11GB
molmo2 event__aligned_dataset_check_mailbox_split_seg2_check_mailbox_event__event_navigation__01__input_rgb: answered, source=event, input=rgb, latency=10.08s, peak=14.11GB
molmo2 rgb__aligned_dataset_check_mailbox_split_seg2_check_mailbox_rgb__light_change__03__input_rgb: answered, source=rgb, input=rgb, latency=10.05s, peak=14.11GB
molmo2 event__aligned_dataset_check_mailbox_split_seg2_check_mailbox_event__event_dynamic_recognition__01__input_rgb: answered, source=event, input=rgb, latency=10.05s, peak=14.11GB
molmo2 event__aligned_dataset_check_mailbox_split_seg2_check_mailbox_event__event_action__01__input_rgb: answered, source=event, input=rgb, latency=10.04s, peak=14.11GB
molmo2 rgb__aligned_dataset_check_mailbox_split_seg2_check_mailbox_rgb__light_change__05__input_rgb: answered, source=rgb, input=rgb, latency=10.05s, peak=14.11GB
molmo2 event__aligned_dataset_check_mailbox_split_seg2_check_mailbox_event__event_non_common__01__input_rgb: answered, source=event, input=rgb, latency=10.10s, peak=14.11GB
molmo2 rgb__aligned_dataset_check_mailbox_split_seg2_check_mailbox_rgb__light_change__06__input_rgb: answered, source=rgb, input=rgb, latency=10.13s, peak=14.11GB
molmo2 rgb__aligned_dataset_check_mailbox_split_seg2_check_mailbox_rgb__counting__01__input_rgb: answered, source=rgb, input=rgb, latency=10.15s, peak=14.11GB
molmo2 rgb__aligned_dataset_check_mailbox_split_seg2_check_mailbox_rgb__counting__03__input_rgb: answered, source=rgb, input=rgb, latency=6.71s, peak=14.11GB
molmo2 rgb__aligned_dataset_check_mailbox_split_seg2_check_mailbox_rgb__counting__06__input_rgb: answered, source=rgb, input=rgb, latency=10.12s, peak=14.11GB
molmo2 rgb__aligned_dataset_check_mailbox_split_seg2_check_mailbox_rgb__counting__08__input_rgb: answered, source=rgb, input=rgb, latency=10.15s, peak=14.11GB
molmo2 rgb__aligned_dataset_check_mailbox_split_seg2_check_mailbox_rgb__dynamic_counting__01__input_rgb: answered, source=rgb, input=rgb, latency=10.10s, peak=14.11GB
molmo2 rgb__aligned_dataset_check_mailbox_split_seg2_check_mailbox_rgb__dynamic_counting__02__input_rgb: answered, source=rgb, input=rgb, latency=10.08s, peak=14.11GB
molmo2 rgb__aligned_dataset_check_mailbox_split_seg2_check_mailbox_rgb__dynamic_counting__03__input_rgb: answered, source=rgb, input=rgb, latency=10.08s, peak=14.11GB
molmo2 rgb__aligned_dataset_check_mailbox_split_seg2_check_mailbox_rgb__dynamic_counting__04__input_rgb: answered, source=rgb, input=rgb, latency=10.07s, peak=14.11GB
molmo2 rgb__aligned_dataset_check_mailbox_split_seg2_check_mailbox_rgb__dynamic_counting__05__input_rgb: answered, source=rgb, input=rgb, latency=10.06s, peak=14.11GB
molmo2 rgb__aligned_dataset_check_mailbox_split_seg2_check_mailbox_rgb__dynamic_counting__06__input_rgb: answered, source=rgb, input=rgb, latency=10.08s, peak=14.11GB
molmo2 rgb__aligned_dataset_check_mailbox_split_seg2_check_mailbox_rgb__dynamic_counting__07__input_rgb: answered, source=rgb, input=rgb, latency=10.07s, peak=14.11GB
molmo2 rgb__aligned_dataset_check_mailbox_split_seg2_check_mailbox_rgb__dynamic_counting__08__input_rgb: answered, source=rgb, input=rgb, latency=10.06s, peak=14.11GB
molmo2 rgb__aligned_dataset_check_mailbox_split_seg2_check_mailbox_rgb__non_common__01__input_rgb: answered, source=rgb, input=rgb, latency=10.09s, peak=14.11GB
molmo2 rgb__aligned_dataset_check_mailbox_split_seg2_check_mailbox_rgb__navigation__01__input_rgb: answered, source=rgb, input=rgb, latency=10.05s, peak=14.11GB
molmo2 rgb__aligned_dataset_check_mailbox_split_seg2_check_mailbox_rgb__navigation__03__input_rgb: answered, source=rgb, input=rgb, latency=10.04s, peak=14.11GB
molmo2 rgb__aligned_dataset_check_mailbox_split_seg2_check_mailbox_rgb__navigation__04__input_rgb: answered, source=rgb, input=rgb, latency=10.06s, peak=14.11GB
molmo2 rgb__aligned_dataset_check_mailbox_split_seg2_check_mailbox_rgb__navigation__06__input_rgb: answered, source=rgb, input=rgb, latency=10.07s, peak=14.11GB
molmo2 rgb__aligned_dataset_check_mailbox_split_seg2_check_mailbox_rgb__navigation__09__input_rgb: answered, source=rgb, input=rgb, latency=10.07s, peak=14.11GB
molmo2 ir__aligned_dataset_check_mailbox_split_seg2_check_mailbox_ir__object_recognition__01__input_rgb: answered, source=ir, input=rgb, latency=10.10s, peak=14.11GB
molmo2 ir__aligned_dataset_check_mailbox_split_seg2_check_mailbox_ir__spatial_reasoning__01__input_rgb: answered, source=ir, input=rgb, latency=10.06s, peak=14.11GB
molmo2 rgb__aligned_dataset_check_mailbox_split_seg2_check_mailbox_rgb__action__01__input_rgb: answered, source=rgb, input=rgb, latency=10.06s, peak=14.11GB
molmo2 ir__aligned_dataset_check_mailbox_split_seg2_check_mailbox_ir__text_recognition__01__input_rgb: answered, source=ir, input=rgb, latency=10.07s, peak=14.11GB
molmo2 ir__aligned_dataset_check_mailbox_split_seg2_check_mailbox_ir__text_recognition__02__input_rgb: answered, source=ir, input=rgb, latency=10.08s, peak=14.11GB
molmo2 rgb__aligned_dataset_check_mailbox_split_seg2_check_mailbox_rgb__action__03__input_rgb: answered, source=rgb, input=rgb, latency=10.07s, peak=14.11GB
molmo2 ir__aligned_dataset_check_mailbox_split_seg2_check_mailbox_ir__text_recognition__03__input_rgb: answered, source=ir, input=rgb, latency=10.09s, peak=14.11GB
molmo2 ir__aligned_dataset_check_mailbox_split_seg2_check_mailbox_ir__text_recognition__04__input_rgb: answered, source=ir, input=rgb, latency=10.06s, peak=14.11GB
molmo2 rgb__aligned_dataset_check_mailbox_split_seg2_check_mailbox_rgb__action__05__input_rgb: answered, source=rgb, input=rgb, latency=10.09s, peak=14.11GB
molmo2 ir__aligned_dataset_check_mailbox_split_seg2_check_mailbox_ir__text_recognition__05__input_rgb: answered, source=ir, input=rgb, latency=10.10s, peak=14.11GB
molmo2 rgb__aligned_dataset_check_mailbox_split_seg2_check_mailbox_rgb__action__06__input_rgb: answered, source=rgb, input=rgb, latency=10.07s, peak=14.11GB
molmo2 ir__aligned_dataset_check_mailbox_split_seg2_check_mailbox_ir__text_recognition__06__input_rgb: answered, source=ir, input=rgb, latency=10.06s, peak=14.11GB
molmo2 rgb__aligned_dataset_check_mailbox_split_seg2_check_mailbox_rgb__action__07__input_rgb: answered, source=rgb, input=rgb, latency=10.07s, peak=14.11GB
molmo2 ir__aligned_dataset_check_mailbox_split_seg2_check_mailbox_ir__text_recognition__08__input_rgb: answered, source=ir, input=rgb, latency=10.04s, peak=14.11GB
molmo2 ir__aligned_dataset_check_mailbox_split_seg2_check_mailbox_ir__scene_sequence__01__input_rgb: answered, source=ir, input=rgb, latency=10.07s, peak=14.11GB
molmo2 ir__aligned_dataset_check_mailbox_split_seg2_check_mailbox_ir__scene_sequence__02__input_rgb: answered, source=ir, input=rgb, latency=10.06s, peak=14.11GB
molmo2 ir__aligned_dataset_check_mailbox_split_seg2_check_mailbox_ir__scene_sequence__03__input_rgb: answered, source=ir, input=rgb, latency=9.74s, peak=14.11GB
molmo2 ir__aligned_dataset_check_mailbox_split_seg2_check_mailbox_ir__scene_sequence__05__input_rgb: answered, source=ir, input=rgb, latency=10.08s, peak=14.11GB
molmo2 ir__aligned_dataset_check_mailbox_split_seg2_check_mailbox_ir__scene_sequence__06__input_rgb: answered, source=ir, input=rgb, latency=10.05s, peak=14.11GB
molmo2 ir__aligned_dataset_check_mailbox_split_seg2_check_mailbox_ir__light_recognition__01__input_rgb: answered, source=ir, input=rgb, latency=10.06s, peak=14.11GB
molmo2 ir__aligned_dataset_check_mailbox_split_seg2_check_mailbox_ir__light_change__01__input_rgb: answered, source=ir, input=rgb, latency=10.07s, peak=14.11GB
molmo2 ir__aligned_dataset_check_mailbox_split_seg2_check_mailbox_ir__light_change__02__input_rgb: answered, source=ir, input=rgb, latency=10.05s, peak=14.11GB
molmo2 ir__aligned_dataset_check_mailbox_split_seg2_check_mailbox_ir__light_change__03__input_rgb: answered, source=ir, input=rgb, latency=10.03s, peak=14.11GB
molmo2 ir__aligned_dataset_check_mailbox_split_seg2_check_mailbox_ir__light_change__04__input_rgb: answered, source=ir, input=rgb, latency=10.06s, peak=14.11GB
molmo2 ir__aligned_dataset_check_mailbox_split_seg2_check_mailbox_ir__light_change__05__input_rgb: answered, source=ir, input=rgb, latency=10.05s, peak=14.11GB
molmo2 ir__aligned_dataset_check_mailbox_split_seg2_check_mailbox_ir__light_change__06__input_rgb: answered, source=ir, input=rgb, latency=10.06s, peak=14.11GB
molmo2 ir__aligned_dataset_check_mailbox_split_seg2_check_mailbox_ir__light_change__07__input_rgb: answered, source=ir, input=rgb, latency=10.07s, peak=14.11GB
molmo2 ir__aligned_dataset_check_mailbox_split_seg2_check_mailbox_ir__light_change__08__input_rgb: answered, source=ir, input=rgb, latency=10.09s, peak=14.11GB
molmo2 ir__aligned_dataset_check_mailbox_split_seg2_check_mailbox_ir__counting__01__input_rgb: answered, source=ir, input=rgb, latency=10.06s, peak=14.11GB
molmo2 ir__aligned_dataset_check_mailbox_split_seg2_check_mailbox_ir__counting__02__input_rgb: answered, source=ir, input=rgb, latency=10.10s, peak=14.11GB
molmo2 ir__aligned_dataset_check_mailbox_split_seg2_check_mailbox_ir__counting__03__input_rgb: answered, source=ir, input=rgb, latency=10.03s, peak=14.11GB
molmo2 ir__aligned_dataset_check_mailbox_split_seg2_check_mailbox_ir__counting__04__input_rgb: answered, source=ir, input=rgb, latency=10.06s, peak=14.11GB
molmo2 ir__aligned_dataset_check_mailbox_split_seg2_check_mailbox_ir__counting__05__input_rgb: answered, source=ir, input=rgb, latency=10.14s, peak=14.11GB
molmo2 ir__aligned_dataset_check_mailbox_split_seg2_check_mailbox_ir__counting__09__input_rgb: answered, source=ir, input=rgb, latency=10.07s, peak=14.11GB
molmo2 ir__aligned_dataset_check_mailbox_split_seg2_check_mailbox_ir__counting__10__input_rgb: answered, source=ir, input=rgb, latency=10.01s, peak=14.11GB
molmo2 ir__aligned_dataset_check_mailbox_split_seg2_check_mailbox_ir__dynamic_counting__01__input_rgb: answered, source=ir, input=rgb, latency=10.06s, peak=14.11GB
molmo2 ir__aligned_dataset_check_mailbox_split_seg2_check_mailbox_ir__dynamic_counting__02__input_rgb: answered, source=ir, input=rgb, latency=10.09s, peak=14.11GB
molmo2 ir__aligned_dataset_check_mailbox_split_seg2_check_mailbox_ir__dynamic_counting__03__input_rgb: answered, source=ir, input=rgb, latency=10.05s, peak=14.11GB
molmo2 ir__aligned_dataset_check_mailbox_split_seg2_check_mailbox_ir__dynamic_counting__04__input_rgb: answered, source=ir, input=rgb, latency=10.06s, peak=14.11GB
molmo2 ir__aligned_dataset_check_mailbox_split_seg2_check_mailbox_ir__dynamic_counting__05__input_rgb: answered, source=ir, input=rgb, latency=10.06s, peak=14.11GB
molmo2 ir__aligned_dataset_check_mailbox_split_seg2_check_mailbox_ir__dynamic_counting__06__input_rgb: answered, source=ir, input=rgb, latency=10.05s, peak=14.11GB
molmo2 ir__aligned_dataset_check_mailbox_split_seg2_check_mailbox_ir__dynamic_counting__07__input_rgb: answered, source=ir, input=rgb, latency=10.09s, peak=14.11GB
molmo2 ir__aligned_dataset_check_mailbox_split_seg2_check_mailbox_ir__dynamic_counting__08__input_rgb: answered, source=ir, input=rgb, latency=10.12s, peak=14.11GB
molmo2 ir__aligned_dataset_check_mailbox_split_seg2_check_mailbox_ir__non_common__01__input_rgb: answered, source=ir, input=rgb, latency=10.13s, peak=14.11GB
molmo2 ir__aligned_dataset_check_mailbox_split_seg2_check_mailbox_ir__dynamic_recognition__01__input_rgb: answered, source=ir, input=rgb, latency=10.13s, peak=14.11GB
molmo2 ir__aligned_dataset_check_mailbox_split_seg2_check_mailbox_ir__dynamic_recognition__02__input_rgb: answered, source=ir, input=rgb, latency=10.19s, peak=14.11GB
molmo2 ir__aligned_dataset_check_mailbox_split_seg2_check_mailbox_ir__dynamic_recognition__03__input_rgb: answered, source=ir, input=rgb, latency=10.03s, peak=14.11GB
molmo2 ir__aligned_dataset_check_mailbox_split_seg2_check_mailbox_ir__dynamic_recognition__04__input_rgb: answered, source=ir, input=rgb, latency=10.09s, peak=14.11GB
molmo2 ir__aligned_dataset_check_mailbox_split_seg2_check_mailbox_ir__dynamic_recognition__05__input_rgb: answered, source=ir, input=rgb, latency=10.10s, peak=14.11GB
molmo2 ir__aligned_dataset_check_mailbox_split_seg2_check_mailbox_ir__dynamic_recognition__07__input_rgb: answered, source=ir, input=rgb, latency=10.08s, peak=14.11GB
molmo2 ir__aligned_dataset_check_mailbox_split_seg2_check_mailbox_ir__dynamic_recognition__08__input_rgb: answered, source=ir, input=rgb, latency=10.05s, peak=14.11GB
molmo2 ir__aligned_dataset_check_mailbox_split_seg2_check_mailbox_ir__action__01__input_rgb: answered, source=ir, input=rgb, latency=10.08s, peak=14.11GB
molmo2 ir__aligned_dataset_check_mailbox_split_seg2_check_mailbox_ir__action__02__input_rgb: answered, source=ir, input=rgb, latency=10.08s, peak=14.11GB
molmo2 ir__aligned_dataset_check_mailbox_split_seg2_check_mailbox_ir__action__03__input_rgb: answered, source=ir, input=rgb, latency=10.07s, peak=14.11GB
molmo2 ir__aligned_dataset_check_mailbox_split_seg2_check_mailbox_ir__action__04__input_rgb: answered, source=ir, input=rgb, latency=10.05s, peak=14.11GB
molmo2 ir__aligned_dataset_check_mailbox_split_seg2_check_mailbox_ir__action__05__input_rgb: answered, source=ir, input=rgb, latency=10.05s, peak=14.11GB
molmo2 ir__aligned_dataset_check_mailbox_split_seg2_check_mailbox_ir__action__06__input_rgb: answered, source=ir, input=rgb, latency=10.06s, peak=14.11GB
molmo2 depth__check_mailbox_split_seg3_check_mailbox__depth_object_recognition__01__input_rgb: answered, source=depth, input=rgb, latency=10.18s, peak=14.11GB
molmo2 depth__check_mailbox_split_seg3_check_mailbox__depth_spatial_reasoning__01__input_rgb: answered, source=depth, input=rgb, latency=10.08s, peak=14.11GB
molmo2 depth__check_mailbox_split_seg3_check_mailbox__depth_scene_sequence__01__input_rgb: answered, source=depth, input=rgb, latency=10.06s, peak=14.11GB
molmo2 depth__check_mailbox_split_seg3_check_mailbox__depth_counting__01__input_rgb: answered, source=depth, input=rgb, latency=10.04s, peak=14.11GB
molmo2 depth__check_mailbox_split_seg3_check_mailbox__depth_dynamic_counting__01__input_rgb: answered, source=depth, input=rgb, latency=10.14s, peak=14.11GB
molmo2 depth__check_mailbox_split_seg3_check_mailbox__depth_navigation__01__input_rgb: answered, source=depth, input=rgb, latency=10.11s, peak=14.11GB
molmo2 depth__check_mailbox_split_seg3_check_mailbox__depth_action__01__input_rgb: answered, source=depth, input=rgb, latency=8.72s, peak=14.11GB
molmo2 depth__check_mailbox_split_seg3_check_mailbox__depth_non_common__01__input_rgb: answered, source=depth, input=rgb, latency=10.10s, peak=14.11GB
molmo2 event__aligned_dataset_check_mailbox_split_seg3_check_mailbox_event__event_object_recognition__01__input_rgb: answered, source=event, input=rgb, latency=10.09s, peak=14.11GB
molmo2 event__aligned_dataset_check_mailbox_split_seg3_check_mailbox_event__event_spatial_reasoning__01__input_rgb: answered, source=event, input=rgb, latency=10.08s, peak=14.11GB
molmo2 event__aligned_dataset_check_mailbox_split_seg3_check_mailbox_event__event_scene_sequence__01__input_rgb: answered, source=event, input=rgb, latency=10.09s, peak=14.11GB
molmo2 event__aligned_dataset_check_mailbox_split_seg3_check_mailbox_event__event_counting__01__input_rgb: answered, source=event, input=rgb, latency=10.08s, peak=14.11GB
molmo2 event__aligned_dataset_check_mailbox_split_seg3_check_mailbox_event__event_counting__02__input_rgb: answered, source=event, input=rgb, latency=10.09s, peak=14.11GB
molmo2 event__aligned_dataset_check_mailbox_split_seg3_check_mailbox_event__event_counting__03__input_rgb: answered, source=event, input=rgb, latency=10.07s, peak=14.11GB
molmo2 event__aligned_dataset_check_mailbox_split_seg3_check_mailbox_event__event_counting__04__input_rgb: answered, source=event, input=rgb, latency=10.09s, peak=14.11GB
molmo2 event__aligned_dataset_check_mailbox_split_seg3_check_mailbox_event__event_counting__06__input_rgb: answered, source=event, input=rgb, latency=10.10s, peak=14.11GB
molmo2 event__aligned_dataset_check_mailbox_split_seg3_check_mailbox_event__event_counting__07__input_rgb: answered, source=event, input=rgb, latency=10.13s, peak=14.11GB
molmo2 event__aligned_dataset_check_mailbox_split_seg3_check_mailbox_event__event_dynamic_counting__01__input_rgb: answered, source=event, input=rgb, latency=10.09s, peak=14.11GB
molmo2 event__aligned_dataset_check_mailbox_split_seg3_check_mailbox_event__event_dynamic_counting__02__input_rgb: answered, source=event, input=rgb, latency=10.07s, peak=14.11GB
molmo2 event__aligned_dataset_check_mailbox_split_seg3_check_mailbox_event__event_dynamic_counting__05__input_rgb: answered, source=event, input=rgb, latency=10.08s, peak=14.11GB
molmo2 event__aligned_dataset_check_mailbox_split_seg3_check_mailbox_event__event_dynamic_counting__06__input_rgb: answered, source=event, input=rgb, latency=10.10s, peak=14.11GB
molmo2 event__aligned_dataset_check_mailbox_split_seg3_check_mailbox_event__event_dynamic_counting__07__input_rgb: answered, source=event, input=rgb, latency=10.08s, peak=14.11GB
molmo2 event__aligned_dataset_check_mailbox_split_seg3_check_mailbox_event__event_dynamic_counting__08__input_rgb: answered, source=event, input=rgb, latency=10.06s, peak=14.11GB
molmo2 event__aligned_dataset_check_mailbox_split_seg3_check_mailbox_event__event_navigation__01__input_rgb: answered, source=event, input=rgb, latency=10.10s, peak=14.11GB
molmo2 event__aligned_dataset_check_mailbox_split_seg3_check_mailbox_event__event_dynamic_recognition__01__input_rgb: answered, source=event, input=rgb, latency=10.10s, peak=14.11GB
molmo2 event__aligned_dataset_check_mailbox_split_seg3_check_mailbox_event__event_dynamic_recognition__02__input_rgb: answered, source=event, input=rgb, latency=10.08s, peak=14.11GB
molmo2 event__aligned_dataset_check_mailbox_split_seg3_check_mailbox_event__event_dynamic_recognition__03__input_rgb: answered, source=event, input=rgb, latency=10.04s, peak=14.11GB
molmo2 event__aligned_dataset_check_mailbox_split_seg3_check_mailbox_event__event_dynamic_recognition__04__input_rgb: answered, source=event, input=rgb, latency=10.12s, peak=14.11GB
molmo2 event__aligned_dataset_check_mailbox_split_seg3_check_mailbox_event__event_dynamic_recognition__05__input_rgb: answered, source=event, input=rgb, latency=10.13s, peak=14.11GB
molmo2 event__aligned_dataset_check_mailbox_split_seg3_check_mailbox_event__event_dynamic_recognition__06__input_rgb: answered, source=event, input=rgb, latency=10.05s, peak=14.11GB
molmo2 event__aligned_dataset_check_mailbox_split_seg3_check_mailbox_event__event_dynamic_recognition__07__input_rgb: answered, source=event, input=rgb, latency=10.07s, peak=14.11GB
molmo2 event__aligned_dataset_check_mailbox_split_seg3_check_mailbox_event__event_action__01__input_rgb: answered, source=event, input=rgb, latency=10.08s, peak=14.11GB
molmo2 event__aligned_dataset_check_mailbox_split_seg3_check_mailbox_event__event_action__02__input_rgb: answered, source=event, input=rgb, latency=10.09s, peak=14.11GB
molmo2 event__aligned_dataset_check_mailbox_split_seg3_check_mailbox_event__event_action__03__input_rgb: answered, source=event, input=rgb, latency=10.07s, peak=14.11GB
molmo2 event__aligned_dataset_check_mailbox_split_seg3_check_mailbox_event__event_action__04__input_rgb: answered, source=event, input=rgb, latency=10.06s, peak=14.11GB
molmo2 event__aligned_dataset_check_mailbox_split_seg3_check_mailbox_event__event_action__05__input_rgb: answered, source=event, input=rgb, latency=10.07s, peak=14.11GB
molmo2 event__aligned_dataset_check_mailbox_split_seg3_check_mailbox_event__event_action__07__input_rgb: answered, source=event, input=rgb, latency=10.07s, peak=14.11GB
molmo2 event__aligned_dataset_check_mailbox_split_seg3_check_mailbox_event__event_action__08__input_rgb: answered, source=event, input=rgb, latency=10.02s, peak=14.11GB
molmo2 event__aligned_dataset_check_mailbox_split_seg3_check_mailbox_event__event_non_common__01__input_rgb: answered, source=event, input=rgb, latency=10.06s, peak=14.11GB
molmo2 rgb__aligned_dataset_check_mailbox_split_seg3_check_mailbox_rgb__object_recognition__01__input_rgb: answered, source=rgb, input=rgb, latency=10.09s, peak=14.11GB
molmo2 rgb__aligned_dataset_check_mailbox_split_seg3_check_mailbox_rgb__text_recognition__01__input_rgb: answered, source=rgb, input=rgb, latency=10.08s, peak=14.11GB
molmo2 rgb__aligned_dataset_check_mailbox_split_seg3_check_mailbox_rgb__text_recognition__05__input_rgb: answered, source=rgb, input=rgb, latency=10.07s, peak=14.11GB
molmo2 rgb__aligned_dataset_check_mailbox_split_seg3_check_mailbox_rgb__text_recognition__06__input_rgb: answered, source=rgb, input=rgb, latency=10.08s, peak=14.11GB
molmo2 rgb__aligned_dataset_check_mailbox_split_seg3_check_mailbox_rgb__text_recognition__07__input_rgb: answered, source=rgb, input=rgb, latency=10.05s, peak=14.11GB
molmo2 rgb__aligned_dataset_check_mailbox_split_seg3_check_mailbox_rgb__scene_sequence__01__input_rgb: answered, source=rgb, input=rgb, latency=10.05s, peak=14.11GB
molmo2 rgb__aligned_dataset_check_mailbox_split_seg3_check_mailbox_rgb__scene_sequence__03__input_rgb: answered, source=rgb, input=rgb, latency=10.07s, peak=14.11GB
molmo2 rgb__aligned_dataset_check_mailbox_split_seg3_check_mailbox_rgb__scene_sequence__04__input_rgb: answered, source=rgb, input=rgb, latency=10.07s, peak=14.11GB
molmo2 rgb__aligned_dataset_check_mailbox_split_seg3_check_mailbox_rgb__scene_sequence__05__input_rgb: answered, source=rgb, input=rgb, latency=10.15s, peak=14.11GB
molmo2 rgb__aligned_dataset_check_mailbox_split_seg3_check_mailbox_rgb__scene_sequence__07__input_rgb: answered, source=rgb, input=rgb, latency=10.05s, peak=14.11GB
molmo2 rgb__aligned_dataset_check_mailbox_split_seg3_check_mailbox_rgb__scene_sequence__10__input_rgb: answered, source=rgb, input=rgb, latency=10.06s, peak=14.11GB
molmo2 rgb__aligned_dataset_check_mailbox_split_seg3_check_mailbox_rgb__light_recognition__01__input_rgb: answered, source=rgb, input=rgb, latency=10.07s, peak=14.11GB
molmo2 rgb__aligned_dataset_check_mailbox_split_seg3_check_mailbox_rgb__light_change__01__input_rgb: answered, source=rgb, input=rgb, latency=10.07s, peak=14.11GB
molmo2 rgb__aligned_dataset_check_mailbox_split_seg3_check_mailbox_rgb__light_change__02__input_rgb: answered, source=rgb, input=rgb, latency=10.03s, peak=14.11GB
molmo2 rgb__aligned_dataset_check_mailbox_split_seg3_check_mailbox_rgb__light_change__03__input_rgb: answered, source=rgb, input=rgb, latency=10.12s, peak=14.11GB
molmo2 rgb__aligned_dataset_check_mailbox_split_seg3_check_mailbox_rgb__light_change__06__input_rgb: answered, source=rgb, input=rgb, latency=10.06s, peak=14.11GB
molmo2 rgb__aligned_dataset_check_mailbox_split_seg3_check_mailbox_rgb__light_change__08__input_rgb: answered, source=rgb, input=rgb, latency=10.05s, peak=14.11GB
molmo2 rgb__aligned_dataset_check_mailbox_split_seg3_check_mailbox_rgb__counting__01__input_rgb: answered, source=rgb, input=rgb, latency=10.08s, peak=14.11GB
molmo2 rgb__aligned_dataset_check_mailbox_split_seg3_check_mailbox_rgb__counting__02__input_rgb: answered, source=rgb, input=rgb, latency=5.06s, peak=14.11GB
molmo2 rgb__aligned_dataset_check_mailbox_split_seg3_check_mailbox_rgb__counting__03__input_rgb: answered, source=rgb, input=rgb, latency=10.13s, peak=14.11GB
molmo2 rgb__aligned_dataset_check_mailbox_split_seg3_check_mailbox_rgb__counting__05__input_rgb: answered, source=rgb, input=rgb, latency=10.10s, peak=14.11GB
molmo2 rgb__aligned_dataset_check_mailbox_split_seg3_check_mailbox_rgb__dynamic_counting__01__input_rgb: answered, source=rgb, input=rgb, latency=10.12s, peak=14.11GB
molmo2 rgb__aligned_dataset_check_mailbox_split_seg3_check_mailbox_rgb__dynamic_counting__03__input_rgb: answered, source=rgb, input=rgb, latency=10.14s, peak=14.11GB
molmo2 rgb__aligned_dataset_check_mailbox_split_seg3_check_mailbox_rgb__dynamic_counting__04__input_rgb: answered, source=rgb, input=rgb, latency=10.07s, peak=14.11GB
molmo2 rgb__aligned_dataset_check_mailbox_split_seg3_check_mailbox_rgb__dynamic_counting__06__input_rgb: answered, source=rgb, input=rgb, latency=10.06s, peak=14.11GB
molmo2 rgb__aligned_dataset_check_mailbox_split_seg3_check_mailbox_rgb__dynamic_counting__07__input_rgb: answered, source=rgb, input=rgb, latency=4.41s, peak=14.11GB
molmo2 rgb__aligned_dataset_check_mailbox_split_seg3_check_mailbox_rgb__non_common__01__input_rgb: answered, source=rgb, input=rgb, latency=10.08s, peak=14.11GB
molmo2 rgb__aligned_dataset_check_mailbox_split_seg3_check_mailbox_rgb__navigation__01__input_rgb: answered, source=rgb, input=rgb, latency=10.05s, peak=14.11GB
molmo2 rgb__aligned_dataset_check_mailbox_split_seg3_check_mailbox_rgb__navigation__02__input_rgb: answered, source=rgb, input=rgb, latency=10.09s, peak=14.11GB
molmo2 rgb__aligned_dataset_check_mailbox_split_seg3_check_mailbox_rgb__navigation__04__input_rgb: answered, source=rgb, input=rgb, latency=10.06s, peak=14.11GB
molmo2 rgb__aligned_dataset_check_mailbox_split_seg3_check_mailbox_rgb__navigation__06__input_rgb: answered, source=rgb, input=rgb, latency=10.07s, peak=14.11GB
molmo2 rgb__aligned_dataset_check_mailbox_split_seg3_check_mailbox_rgb__navigation__07__input_rgb: answered, source=rgb, input=rgb, latency=10.09s, peak=14.11GB
molmo2 rgb__aligned_dataset_check_mailbox_split_seg3_check_mailbox_rgb__navigation__08__input_rgb: answered, source=rgb, input=rgb, latency=10.07s, peak=14.11GB
molmo2 ir__aligned_dataset_check_mailbox_split_seg3_check_mailbox_ir__object_recognition__01__input_rgb: answered, source=ir, input=rgb, latency=10.09s, peak=14.11GB
molmo2 rgb__aligned_dataset_check_mailbox_split_seg3_check_mailbox_rgb__navigation__09__input_rgb: answered, source=rgb, input=rgb, latency=10.08s, peak=14.11GB
molmo2 ir__aligned_dataset_check_mailbox_split_seg3_check_mailbox_ir__spatial_reasoning__01__input_rgb: answered, source=ir, input=rgb, latency=10.09s, peak=14.11GB
molmo2 ir__aligned_dataset_check_mailbox_split_seg3_check_mailbox_ir__text_recognition__01__input_rgb: answered, source=ir, input=rgb, latency=10.10s, peak=14.11GB
molmo2 rgb__aligned_dataset_check_mailbox_split_seg3_check_mailbox_rgb__dynamic_recognition__01__input_rgb: answered, source=rgb, input=rgb, latency=10.11s, peak=14.11GB
molmo2 ir__aligned_dataset_check_mailbox_split_seg3_check_mailbox_ir__scene_sequence__01__input_rgb: answered, source=ir, input=rgb, latency=10.06s, peak=14.11GB
molmo2 rgb__aligned_dataset_check_mailbox_split_seg3_check_mailbox_rgb__action__01__input_rgb: answered, source=rgb, input=rgb, latency=10.07s, peak=14.11GB
molmo2 ir__aligned_dataset_check_mailbox_split_seg3_check_mailbox_ir__light_recognition__01__input_rgb: answered, source=ir, input=rgb, latency=10.07s, peak=14.11GB
molmo2 ir__aligned_dataset_check_mailbox_split_seg3_check_mailbox_ir__light_change__01__input_rgb: answered, source=ir, input=rgb, latency=10.08s, peak=14.11GB
molmo2 rgb__aligned_dataset_check_mailbox_split_seg3_check_mailbox_rgb__action__03__input_rgb: answered, source=rgb, input=rgb, latency=10.07s, peak=14.11GB
molmo2 ir__aligned_dataset_check_mailbox_split_seg3_check_mailbox_ir__counting__01__input_rgb: answered, source=ir, input=rgb, latency=10.08s, peak=14.11GB
molmo2 rgb__aligned_dataset_check_mailbox_split_seg3_check_mailbox_rgb__action__04__input_rgb: answered, source=rgb, input=rgb, latency=10.08s, peak=14.11GB
molmo2 ir__aligned_dataset_check_mailbox_split_seg3_check_mailbox_ir__dynamic_counting__01__input_rgb: answered, source=ir, input=rgb, latency=10.07s, peak=14.11GB
molmo2 rgb__aligned_dataset_check_mailbox_split_seg3_check_mailbox_rgb__action__05__input_rgb: answered, source=rgb, input=rgb, latency=10.07s, peak=14.11GB
molmo2 ir__aligned_dataset_check_mailbox_split_seg3_check_mailbox_ir__non_common__01__input_rgb: answered, source=ir, input=rgb, latency=10.08s, peak=14.11GB
molmo2 rgb__aligned_dataset_check_mailbox_split_seg3_check_mailbox_rgb__action__06__input_rgb: answered, source=rgb, input=rgb, latency=10.07s, peak=14.11GB
molmo2 ir__aligned_dataset_check_mailbox_split_seg3_check_mailbox_ir__navigation__01__input_rgb: answered, source=ir, input=rgb, latency=10.13s, peak=14.11GB
molmo2 rgb__aligned_dataset_check_mailbox_split_seg3_check_mailbox_rgb__action__07__input_rgb: answered, source=rgb, input=rgb, latency=10.14s, peak=14.11GB
molmo2 ir__aligned_dataset_check_mailbox_split_seg3_check_mailbox_ir__dynamic_recognition__01__input_rgb: answered, source=ir, input=rgb, latency=10.06s, peak=14.11GB
molmo2 rgb__aligned_dataset_check_mailbox_split_seg3_check_mailbox_rgb__action__08__input_rgb: answered, source=rgb, input=rgb, latency=10.04s, peak=14.11GB
molmo2 ir__aligned_dataset_check_mailbox_split_seg3_check_mailbox_ir__action__01__input_rgb: answered, source=ir, input=rgb, latency=10.09s, peak=14.11GB
molmo2 depth__check_mailbox_split_seg4_check_mailbox__depth_object_recognition__01__input_rgb: answered, source=depth, input=rgb, latency=10.18s, peak=14.11GB
molmo2 depth__check_mailbox_split_seg4_check_mailbox__depth_spatial_reasoning__01__input_rgb: answered, source=depth, input=rgb, latency=10.11s, peak=14.11GB
molmo2 depth__check_mailbox_split_seg4_check_mailbox__depth_scene_sequence__01__input_rgb: answered, source=depth, input=rgb, latency=10.10s, peak=14.11GB
molmo2 depth__check_mailbox_split_seg4_check_mailbox__depth_counting__01__input_rgb: answered, source=depth, input=rgb, latency=10.11s, peak=14.11GB
molmo2 depth__check_mailbox_split_seg4_check_mailbox__depth_counting__02__input_rgb: answered, source=depth, input=rgb, latency=10.11s, peak=14.11GB
molmo2 depth__check_mailbox_split_seg4_check_mailbox__depth_counting__05__input_rgb: answered, source=depth, input=rgb, latency=10.07s, peak=14.11GB
molmo2 depth__check_mailbox_split_seg4_check_mailbox__depth_counting__06__input_rgb: answered, source=depth, input=rgb, latency=10.09s, peak=14.11GB
molmo2 depth__check_mailbox_split_seg4_check_mailbox__depth_counting__07__input_rgb: answered, source=depth, input=rgb, latency=10.07s, peak=14.11GB
molmo2 depth__check_mailbox_split_seg4_check_mailbox__depth_dynamic_counting__01__input_rgb: answered, source=depth, input=rgb, latency=10.12s, peak=14.11GB
molmo2 depth__check_mailbox_split_seg4_check_mailbox__depth_dynamic_counting__02__input_rgb: answered, source=depth, input=rgb, latency=10.10s, peak=14.11GB
molmo2 depth__check_mailbox_split_seg4_check_mailbox__depth_dynamic_counting__03__input_rgb: answered, source=depth, input=rgb, latency=10.09s, peak=14.11GB
molmo2 depth__check_mailbox_split_seg4_check_mailbox__depth_dynamic_counting__05__input_rgb: answered, source=depth, input=rgb, latency=10.08s, peak=14.11GB
molmo2 depth__check_mailbox_split_seg4_check_mailbox__depth_dynamic_counting__06__input_rgb: answered, source=depth, input=rgb, latency=10.14s, peak=14.11GB
molmo2 depth__check_mailbox_split_seg4_check_mailbox__depth_dynamic_counting__08__input_rgb: answered, source=depth, input=rgb, latency=10.09s, peak=14.11GB
molmo2 depth__check_mailbox_split_seg4_check_mailbox__depth_navigation__01__input_rgb: answered, source=depth, input=rgb, latency=10.09s, peak=14.11GB
molmo2 depth__check_mailbox_split_seg4_check_mailbox__depth_dynamic_recognition__01__input_rgb: answered, source=depth, input=rgb, latency=10.11s, peak=14.11GB
molmo2 depth__check_mailbox_split_seg4_check_mailbox__depth_dynamic_recognition__02__input_rgb: answered, source=depth, input=rgb, latency=10.11s, peak=14.11GB
molmo2 depth__check_mailbox_split_seg4_check_mailbox__depth_dynamic_recognition__03__input_rgb: answered, source=depth, input=rgb, latency=10.09s, peak=14.11GB
molmo2 depth__check_mailbox_split_seg4_check_mailbox__depth_dynamic_recognition__04__input_rgb: answered, source=depth, input=rgb, latency=10.10s, peak=14.11GB
molmo2 depth__check_mailbox_split_seg4_check_mailbox__depth_dynamic_recognition__05__input_rgb: answered, source=depth, input=rgb, latency=10.18s, peak=14.11GB
molmo2 depth__check_mailbox_split_seg4_check_mailbox__depth_dynamic_recognition__06__input_rgb: answered, source=depth, input=rgb, latency=10.05s, peak=14.11GB
molmo2 depth__check_mailbox_split_seg4_check_mailbox__depth_action__01__input_rgb: answered, source=depth, input=rgb, latency=10.05s, peak=14.11GB
molmo2 depth__check_mailbox_split_seg4_check_mailbox__depth_action__02__input_rgb: answered, source=depth, input=rgb, latency=10.08s, peak=14.11GB
molmo2 depth__check_mailbox_split_seg4_check_mailbox__depth_action__03__input_rgb: answered, source=depth, input=rgb, latency=10.09s, peak=14.11GB
molmo2 depth__check_mailbox_split_seg4_check_mailbox__depth_action__04__input_rgb: answered, source=depth, input=rgb, latency=10.07s, peak=14.11GB
molmo2 depth__check_mailbox_split_seg4_check_mailbox__depth_action__05__input_rgb: answered, source=depth, input=rgb, latency=10.06s, peak=14.11GB
molmo2 depth__check_mailbox_split_seg4_check_mailbox__depth_action__06__input_rgb: answered, source=depth, input=rgb, latency=10.08s, peak=14.11GB
molmo2 depth__check_mailbox_split_seg4_check_mailbox__depth_action__07__input_rgb: answered, source=depth, input=rgb, latency=10.06s, peak=14.11GB
molmo2 depth__check_mailbox_split_seg4_check_mailbox__depth_action__08__input_rgb: answered, source=depth, input=rgb, latency=10.08s, peak=14.11GB
molmo2 depth__check_mailbox_split_seg4_check_mailbox__depth_non_common__01__input_rgb: answered, source=depth, input=rgb, latency=10.07s, peak=14.11GB
molmo2 event__aligned_dataset_check_mailbox_split_seg4_check_mailbox_event__event_object_recognition__01__input_rgb: answered, source=event, input=rgb, latency=10.07s, peak=14.11GB
molmo2 event__aligned_dataset_check_mailbox_split_seg4_check_mailbox_event__event_spatial_reasoning__01__input_rgb: answered, source=event, input=rgb, latency=10.09s, peak=14.11GB
molmo2 event__aligned_dataset_check_mailbox_split_seg4_check_mailbox_event__event_scene_sequence__01__input_rgb: answered, source=event, input=rgb, latency=10.04s, peak=14.11GB
molmo2 event__aligned_dataset_check_mailbox_split_seg4_check_mailbox_event__event_counting__01__input_rgb: answered, source=event, input=rgb, latency=10.10s, peak=14.11GB
molmo2 event__aligned_dataset_check_mailbox_split_seg4_check_mailbox_event__event_dynamic_counting__01__input_rgb: answered, source=event, input=rgb, latency=10.11s, peak=14.11GB
molmo2 event__aligned_dataset_check_mailbox_split_seg4_check_mailbox_event__event_navigation__01__input_rgb: answered, source=event, input=rgb, latency=10.16s, peak=14.11GB
molmo2 event__aligned_dataset_check_mailbox_split_seg4_check_mailbox_event__event_dynamic_recognition__01__input_rgb: answered, source=event, input=rgb, latency=10.15s, peak=14.11GB
molmo2 event__aligned_dataset_check_mailbox_split_seg4_check_mailbox_event__event_action__01__input_rgb: answered, source=event, input=rgb, latency=10.06s, peak=14.11GB
molmo2 event__aligned_dataset_check_mailbox_split_seg4_check_mailbox_event__event_non_common__01__input_rgb: answered, source=event, input=rgb, latency=10.13s, peak=14.11GB
molmo2 rgb__aligned_dataset_check_mailbox_split_seg4_check_mailbox_rgb__object_recognition__01__input_rgb: answered, source=rgb, input=rgb, latency=10.13s, peak=14.11GB
molmo2 ir__aligned_dataset_check_mailbox_split_seg4_check_mailbox_ir__object_recognition__01__input_rgb: answered, source=ir, input=rgb, latency=10.09s, peak=14.11GB
molmo2 rgb__aligned_dataset_check_mailbox_split_seg4_check_mailbox_rgb__spatial_reasoning__01__input_rgb: answered, source=rgb, input=rgb, latency=10.07s, peak=14.11GB
molmo2 ir__aligned_dataset_check_mailbox_split_seg4_check_mailbox_ir__spatial_reasoning__01__input_rgb: answered, source=ir, input=rgb, latency=10.08s, peak=14.11GB
molmo2 rgb__aligned_dataset_check_mailbox_split_seg4_check_mailbox_rgb__text_recognition__01__input_rgb: answered, source=rgb, input=rgb, latency=10.10s, peak=14.11GB
molmo2 ir__aligned_dataset_check_mailbox_split_seg4_check_mailbox_ir__scene_sequence__01__input_rgb: answered, source=ir, input=rgb, latency=10.05s, peak=14.11GB
molmo2 rgb__aligned_dataset_check_mailbox_split_seg4_check_mailbox_rgb__text_recognition__03__input_rgb: answered, source=rgb, input=rgb, latency=10.12s, peak=14.11GB
molmo2 ir__aligned_dataset_check_mailbox_split_seg4_check_mailbox_ir__light_recognition__01__input_rgb: answered, source=ir, input=rgb, latency=9.31s, peak=14.11GB
molmo2 rgb__aligned_dataset_check_mailbox_split_seg4_check_mailbox_rgb__text_recognition__04__input_rgb: answered, source=rgb, input=rgb, latency=10.06s, peak=14.11GB
molmo2 ir__aligned_dataset_check_mailbox_split_seg4_check_mailbox_ir__light_change__01__input_rgb: answered, source=ir, input=rgb, latency=10.08s, peak=14.11GB
molmo2 rgb__aligned_dataset_check_mailbox_split_seg4_check_mailbox_rgb__text_recognition__05__input_rgb: answered, source=rgb, input=rgb, latency=10.13s, peak=14.11GB
molmo2 ir__aligned_dataset_check_mailbox_split_seg4_check_mailbox_ir__counting__01__input_rgb: answered, source=ir, input=rgb, latency=10.13s, peak=14.11GB
molmo2 ir__aligned_dataset_check_mailbox_split_seg4_check_mailbox_ir__dynamic_counting__01__input_rgb: answered, source=ir, input=rgb, latency=10.13s, peak=14.11GB
molmo2 ir__aligned_dataset_check_mailbox_split_seg4_check_mailbox_ir__non_common__01__input_rgb: answered, source=ir, input=rgb, latency=10.14s, peak=14.11GB
molmo2 ir__aligned_dataset_check_mailbox_split_seg4_check_mailbox_ir__navigation__01__input_rgb: answered, source=ir, input=rgb, latency=10.14s, peak=14.11GB
molmo2 rgb__aligned_dataset_check_mailbox_split_seg4_check_mailbox_rgb__scene_sequence__01__input_rgb: answered, source=rgb, input=rgb, latency=10.10s, peak=14.11GB
molmo2 ir__aligned_dataset_check_mailbox_split_seg4_check_mailbox_ir__dynamic_recognition__01__input_rgb: answered, source=ir, input=rgb, latency=10.09s, peak=14.11GB
molmo2 rgb__aligned_dataset_check_mailbox_split_seg4_check_mailbox_rgb__scene_sequence__02__input_rgb: answered, source=rgb, input=rgb, latency=10.04s, peak=14.11GB
molmo2 ir__aligned_dataset_check_mailbox_split_seg4_check_mailbox_ir__action__01__input_rgb: answered, source=ir, input=rgb, latency=10.13s, peak=14.11GB
molmo2 rgb__aligned_dataset_check_mailbox_split_seg4_check_mailbox_rgb__scene_sequence__03__input_rgb: answered, source=rgb, input=rgb, latency=10.04s, peak=14.11GB
molmo2 rgb__aligned_dataset_check_mailbox_split_seg4_check_mailbox_rgb__scene_sequence__04__input_rgb: answered, source=rgb, input=rgb, latency=10.07s, peak=14.11GB
molmo2 rgb__aligned_dataset_check_mailbox_split_seg4_check_mailbox_rgb__scene_sequence__05__input_rgb: answered, source=rgb, input=rgb, latency=10.08s, peak=14.11GB
molmo2 rgb__aligned_dataset_check_mailbox_split_seg4_check_mailbox_rgb__scene_sequence__06__input_rgb: answered, source=rgb, input=rgb, latency=10.09s, peak=14.11GB
molmo2 rgb__aligned_dataset_check_mailbox_split_seg4_check_mailbox_rgb__scene_sequence__07__input_rgb: answered, source=rgb, input=rgb, latency=10.06s, peak=14.11GB
molmo2 rgb__aligned_dataset_check_mailbox_split_seg4_check_mailbox_rgb__scene_sequence__09__input_rgb: answered, source=rgb, input=rgb, latency=10.08s, peak=14.11GB
molmo2 rgb__aligned_dataset_check_mailbox_split_seg4_check_mailbox_rgb__light_change__01__input_rgb: answered, source=rgb, input=rgb, latency=10.06s, peak=14.11GB
molmo2 rgb__aligned_dataset_check_mailbox_split_seg4_check_mailbox_rgb__light_change__02__input_rgb: answered, source=rgb, input=rgb, latency=10.09s, peak=14.11GB
molmo2 rgb__aligned_dataset_check_mailbox_split_seg4_check_mailbox_rgb__light_change__05__input_rgb: answered, source=rgb, input=rgb, latency=10.06s, peak=14.11GB
molmo2 rgb__aligned_dataset_check_mailbox_split_seg4_check_mailbox_rgb__light_change__07__input_rgb: answered, source=rgb, input=rgb, latency=10.15s, peak=14.11GB
molmo2 rgb__aligned_dataset_check_mailbox_split_seg4_check_mailbox_rgb__light_change__08__input_rgb: answered, source=rgb, input=rgb, latency=10.13s, peak=14.11GB
molmo2 rgb__aligned_dataset_check_mailbox_split_seg4_check_mailbox_rgb__counting__01__input_rgb: answered, source=rgb, input=rgb, latency=10.06s, peak=14.11GB
molmo2 rgb__aligned_dataset_check_mailbox_split_seg4_check_mailbox_rgb__counting__02__input_rgb: answered, source=rgb, input=rgb, latency=10.04s, peak=14.11GB
molmo2 rgb__aligned_dataset_check_mailbox_split_seg4_check_mailbox_rgb__counting__04__input_rgb: answered, source=rgb, input=rgb, latency=10.07s, peak=14.11GB
molmo2 rgb__aligned_dataset_check_mailbox_split_seg4_check_mailbox_rgb__counting__06__input_rgb: answered, source=rgb, input=rgb, latency=10.16s, peak=14.11GB
molmo2 rgb__aligned_dataset_check_mailbox_split_seg4_check_mailbox_rgb__counting__07__input_rgb: answered, source=rgb, input=rgb, latency=10.12s, peak=14.11GB
molmo2 rgb__aligned_dataset_check_mailbox_split_seg4_check_mailbox_rgb__dynamic_counting__01__input_rgb: answered, source=rgb, input=rgb, latency=10.06s, peak=14.11GB
molmo2 rgb__aligned_dataset_check_mailbox_split_seg4_check_mailbox_rgb__dynamic_counting__02__input_rgb: answered, source=rgb, input=rgb, latency=10.10s, peak=14.11GB
molmo2 rgb__aligned_dataset_check_mailbox_split_seg4_check_mailbox_rgb__dynamic_counting__06__input_rgb: answered, source=rgb, input=rgb, latency=10.04s, peak=14.11GB
molmo2 rgb__aligned_dataset_check_mailbox_split_seg4_check_mailbox_rgb__dynamic_counting__08__input_rgb: answered, source=rgb, input=rgb, latency=10.10s, peak=14.11GB
molmo2 rgb__aligned_dataset_check_mailbox_split_seg4_check_mailbox_rgb__non_common__01__input_rgb: answered, source=rgb, input=rgb, latency=4.43s, peak=14.11GB
molmo2 rgb__aligned_dataset_check_mailbox_split_seg4_check_mailbox_rgb__navigation__01__input_rgb: answered, source=rgb, input=rgb, latency=10.06s, peak=14.11GB
molmo2 rgb__aligned_dataset_check_mailbox_split_seg4_check_mailbox_rgb__navigation__02__input_rgb: answered, source=rgb, input=rgb, latency=10.05s, peak=14.11GB
molmo2 rgb__aligned_dataset_check_mailbox_split_seg4_check_mailbox_rgb__navigation__04__input_rgb: answered, source=rgb, input=rgb, latency=10.01s, peak=14.11GB
molmo2 rgb__aligned_dataset_check_mailbox_split_seg4_check_mailbox_rgb__navigation__07__input_rgb: answered, source=rgb, input=rgb, latency=10.08s, peak=14.11GB
molmo2 rgb__aligned_dataset_check_mailbox_split_seg4_check_mailbox_rgb__dynamic_recognition__01__input_rgb: answered, source=rgb, input=rgb, latency=10.08s, peak=14.11GB
molmo2 rgb__aligned_dataset_check_mailbox_split_seg4_check_mailbox_rgb__action__01__input_rgb: answered, source=rgb, input=rgb, latency=10.07s, peak=14.11GB
molmo2 rgb__aligned_dataset_check_mailbox_split_seg4_check_mailbox_rgb__action__02__input_rgb: answered, source=rgb, input=rgb, latency=4.88s, peak=14.11GB
molmo2 rgb__aligned_dataset_check_mailbox_split_seg4_check_mailbox_rgb__action__03__input_rgb: answered, source=rgb, input=rgb, latency=10.08s, peak=14.11GB
molmo2 rgb__aligned_dataset_check_mailbox_split_seg4_check_mailbox_rgb__action__06__input_rgb: answered, source=rgb, input=rgb, latency=10.07s, peak=14.11GB
molmo2 rgb__aligned_dataset_check_mailbox_split_seg4_check_mailbox_rgb__action__08__input_rgb: answered, source=rgb, input=rgb, latency=10.08s, peak=14.11GB
molmo2 depth__check_mailbox_split_seg5_check_mailbox__depth_object_recognition__01__input_rgb: answered, source=depth, input=rgb, latency=10.13s, peak=14.11GB
molmo2 depth__check_mailbox_split_seg5_check_mailbox__depth_spatial_reasoning__01__input_rgb: answered, source=depth, input=rgb, latency=10.09s, peak=14.11GB
molmo2 depth__check_mailbox_split_seg5_check_mailbox__depth_scene_sequence__01__input_rgb: answered, source=depth, input=rgb, latency=10.09s, peak=14.11GB
molmo2 depth__check_mailbox_split_seg5_check_mailbox__depth_counting__01__input_rgb: answered, source=depth, input=rgb, latency=10.06s, peak=14.11GB
molmo2 depth__check_mailbox_split_seg5_check_mailbox__depth_dynamic_counting__01__input_rgb: answered, source=depth, input=rgb, latency=10.05s, peak=14.11GB
molmo2 depth__check_mailbox_split_seg5_check_mailbox__depth_navigation__01__input_rgb: answered, source=depth, input=rgb, latency=10.07s, peak=14.11GB
molmo2 depth__check_mailbox_split_seg5_check_mailbox__depth_dynamic_recognition__01__input_rgb: answered, source=depth, input=rgb, latency=10.08s, peak=14.11GB
molmo2 depth__check_mailbox_split_seg5_check_mailbox__depth_action__01__input_rgb: answered, source=depth, input=rgb, latency=10.07s, peak=14.11GB
molmo2 depth__check_mailbox_split_seg5_check_mailbox__depth_non_common__01__input_rgb: answered, source=depth, input=rgb, latency=10.09s, peak=14.11GB
molmo2 event__aligned_dataset_check_mailbox_split_seg5_check_mailbox_event__event_object_recognition__01__input_rgb: answered, source=event, input=rgb, latency=10.10s, peak=14.11GB
molmo2 event__aligned_dataset_check_mailbox_split_seg5_check_mailbox_event__event_spatial_reasoning__01__input_rgb: answered, source=event, input=rgb, latency=10.05s, peak=14.11GB
molmo2 event__aligned_dataset_check_mailbox_split_seg5_check_mailbox_event__event_scene_sequence__01__input_rgb: answered, source=event, input=rgb, latency=7.01s, peak=14.11GB
molmo2 event__aligned_dataset_check_mailbox_split_seg5_check_mailbox_event__event_counting__01__input_rgb: answered, source=event, input=rgb, latency=10.09s, peak=14.11GB
molmo2 event__aligned_dataset_check_mailbox_split_seg5_check_mailbox_event__event_dynamic_counting__01__input_rgb: answered, source=event, input=rgb, latency=10.09s, peak=14.11GB
molmo2 event__aligned_dataset_check_mailbox_split_seg5_check_mailbox_event__event_navigation__01__input_rgb: answered, source=event, input=rgb, latency=10.07s, peak=14.11GB
molmo2 event__aligned_dataset_check_mailbox_split_seg5_check_mailbox_event__event_dynamic_recognition__01__input_rgb: answered, source=event, input=rgb, latency=10.03s, peak=14.11GB
molmo2 event__aligned_dataset_check_mailbox_split_seg5_check_mailbox_event__event_action__01__input_rgb: answered, source=event, input=rgb, latency=10.07s, peak=14.11GB
molmo2 event__aligned_dataset_check_mailbox_split_seg5_check_mailbox_event__event_non_common__01__input_rgb: answered, source=event, input=rgb, latency=10.10s, peak=14.11GB
molmo2 ir__aligned_dataset_check_mailbox_split_seg5_check_mailbox_ir__object_recognition__01__input_rgb: answered, source=ir, input=rgb, latency=10.07s, peak=14.11GB
molmo2 ir__aligned_dataset_check_mailbox_split_seg5_check_mailbox_ir__spatial_reasoning__01__input_rgb: answered, source=ir, input=rgb, latency=10.06s, peak=14.11GB
molmo2 ir__aligned_dataset_check_mailbox_split_seg5_check_mailbox_ir__scene_sequence__01__input_rgb: answered, source=ir, input=rgb, latency=10.07s, peak=14.11GB
molmo2 ir__aligned_dataset_check_mailbox_split_seg5_check_mailbox_ir__light_recognition__01__input_rgb: answered, source=ir, input=rgb, latency=10.10s, peak=14.11GB
molmo2 ir__aligned_dataset_check_mailbox_split_seg5_check_mailbox_ir__light_change__01__input_rgb: answered, source=ir, input=rgb, latency=10.09s, peak=14.11GB
molmo2 ir__aligned_dataset_check_mailbox_split_seg5_check_mailbox_ir__counting__01__input_rgb: answered, source=ir, input=rgb, latency=4.56s, peak=14.11GB
molmo2 ir__aligned_dataset_check_mailbox_split_seg5_check_mailbox_ir__dynamic_counting__01__input_rgb: answered, source=ir, input=rgb, latency=10.07s, peak=14.11GB
molmo2 ir__aligned_dataset_check_mailbox_split_seg5_check_mailbox_ir__non_common__01__input_rgb: answered, source=ir, input=rgb, latency=10.05s, peak=14.11GB
molmo2 ir__aligned_dataset_check_mailbox_split_seg5_check_mailbox_ir__navigation__01__input_rgb: answered, source=ir, input=rgb, latency=10.09s, peak=14.11GB
molmo2 ir__aligned_dataset_check_mailbox_split_seg5_check_mailbox_ir__dynamic_recognition__01__input_rgb: answered, source=ir, input=rgb, latency=10.06s, peak=14.11GB
molmo2 ir__aligned_dataset_check_mailbox_split_seg5_check_mailbox_ir__action__01__input_rgb: answered, source=ir, input=rgb, latency=10.14s, peak=14.11GB
molmo2 rgb__aligned_dataset_check_mailbox_split_seg5_check_mailbox_rgb__object_recognition__01__input_rgb: answered, source=rgb, input=rgb, latency=10.16s, peak=14.11GB
molmo2 rgb__aligned_dataset_check_mailbox_split_seg5_check_mailbox_rgb__scene_sequence__01__input_rgb: answered, source=rgb, input=rgb, latency=10.13s, peak=14.11GB
molmo2 rgb__aligned_dataset_check_mailbox_split_seg5_check_mailbox_rgb__light_recognition__01__input_rgb: answered, source=rgb, input=rgb, latency=10.06s, peak=14.11GB
molmo2 rgb__aligned_dataset_check_mailbox_split_seg5_check_mailbox_rgb__light_change__01__input_rgb: answered, source=rgb, input=rgb, latency=10.05s, peak=14.11GB
molmo2 rgb__aligned_dataset_check_mailbox_split_seg5_check_mailbox_rgb__counting__01__input_rgb: answered, source=rgb, input=rgb, latency=10.09s, peak=14.11GB
molmo2 rgb__aligned_dataset_check_mailbox_split_seg5_check_mailbox_rgb__dynamic_counting__01__input_rgb: answered, source=rgb, input=rgb, latency=10.07s, peak=14.11GB
molmo2 rgb__aligned_dataset_check_mailbox_split_seg5_check_mailbox_rgb__non_common__01__input_rgb: answered, source=rgb, input=rgb, latency=10.07s, peak=14.11GB
molmo2 rgb__aligned_dataset_check_mailbox_split_seg5_check_mailbox_rgb__dynamic_recognition__01__input_rgb: answered, source=rgb, input=rgb, latency=10.07s, peak=14.11GB
molmo2 rgb__aligned_dataset_check_mailbox_split_seg5_check_mailbox_rgb__action__01__input_rgb: answered, source=rgb, input=rgb, latency=10.09s, peak=14.11GB
molmo2 ir__aligned_dataset_check_mailbox_split_seg5_check_mailbox_ir__text_recognition__01__input_rgb: answered, source=ir, input=rgb, latency=10.16s, peak=14.11GB
molmo2 depth__check_mailbox_split_seg6_check_mailbox__depth_object_recognition__01__input_rgb: answered, source=depth, input=rgb, latency=10.17s, peak=14.11GB
molmo2 depth__check_mailbox_split_seg6_check_mailbox__depth_spatial_reasoning__01__input_rgb: answered, source=depth, input=rgb, latency=10.08s, peak=14.11GB
molmo2 depth__check_mailbox_split_seg6_check_mailbox__depth_scene_sequence__01__input_rgb: answered, source=depth, input=rgb, latency=10.12s, peak=14.11GB
molmo2 depth__check_mailbox_split_seg6_check_mailbox__depth_non_common__01__input_rgb: answered, source=depth, input=rgb, latency=10.09s, peak=14.11GB
molmo2 event__aligned_dataset_check_mailbox_split_seg6_check_mailbox_event__event_object_recognition__01__input_rgb: answered, source=event, input=rgb, latency=10.12s, peak=14.11GB
molmo2 event__aligned_dataset_check_mailbox_split_seg6_check_mailbox_event__event_spatial_reasoning__01__input_rgb: answered, source=event, input=rgb, latency=10.11s, peak=14.11GB
molmo2 event__aligned_dataset_check_mailbox_split_seg6_check_mailbox_event__event_scene_sequence__01__input_rgb: answered, source=event, input=rgb, latency=10.11s, peak=14.11GB
molmo2 event__aligned_dataset_check_mailbox_split_seg6_check_mailbox_event__event_counting__01__input_rgb: answered, source=event, input=rgb, latency=10.10s, peak=14.11GB
molmo2 event__aligned_dataset_check_mailbox_split_seg6_check_mailbox_event__event_dynamic_counting__01__input_rgb: answered, source=event, input=rgb, latency=10.07s, peak=14.11GB
molmo2 event__aligned_dataset_check_mailbox_split_seg6_check_mailbox_event__event_navigation__01__input_rgb: answered, source=event, input=rgb, latency=10.09s, peak=14.11GB
molmo2 event__aligned_dataset_check_mailbox_split_seg6_check_mailbox_event__event_action__01__input_rgb: answered, source=event, input=rgb, latency=10.07s, peak=14.11GB
molmo2 event__aligned_dataset_check_mailbox_split_seg6_check_mailbox_event__event_non_common__01__input_rgb: answered, source=event, input=rgb, latency=10.09s, peak=14.11GB
molmo2 ir__aligned_dataset_check_mailbox_split_seg6_check_mailbox_ir__text_recognition__01__input_rgb: answered, source=ir, input=rgb, latency=10.11s, peak=14.11GB
molmo2 ir__aligned_dataset_check_mailbox_split_seg6_check_mailbox_ir__scene_sequence__01__input_rgb: answered, source=ir, input=rgb, latency=10.08s, peak=14.11GB
molmo2 ir__aligned_dataset_check_mailbox_split_seg6_check_mailbox_ir__light_recognition__01__input_rgb: answered, source=ir, input=rgb, latency=10.10s, peak=14.11GB
molmo2 ir__aligned_dataset_check_mailbox_split_seg6_check_mailbox_ir__light_change__01__input_rgb: answered, source=ir, input=rgb, latency=10.09s, peak=14.11GB
molmo2 ir__aligned_dataset_check_mailbox_split_seg6_check_mailbox_ir__counting__01__input_rgb: answered, source=ir, input=rgb, latency=10.12s, peak=14.11GB
molmo2 ir__aligned_dataset_check_mailbox_split_seg6_check_mailbox_ir__dynamic_counting__01__input_rgb: answered, source=ir, input=rgb, latency=10.15s, peak=14.11GB
molmo2 ir__aligned_dataset_check_mailbox_split_seg6_check_mailbox_ir__non_common__01__input_rgb: answered, source=ir, input=rgb, latency=10.06s, peak=14.11GB
molmo2 ir__aligned_dataset_check_mailbox_split_seg6_check_mailbox_ir__navigation__01__input_rgb: answered, source=ir, input=rgb, latency=10.08s, peak=14.11GB
molmo2 ir__aligned_dataset_check_mailbox_split_seg6_check_mailbox_ir__dynamic_recognition__01__input_rgb: answered, source=ir, input=rgb, latency=10.04s, peak=14.11GB
molmo2 ir__aligned_dataset_check_mailbox_split_seg6_check_mailbox_ir__action__01__input_rgb: answered, source=ir, input=rgb, latency=10.09s, peak=14.11GB
molmo2 rgb__aligned_dataset_check_mailbox_split_seg6_check_mailbox_rgb__spatial_reasoning__01__input_rgb: answered, source=rgb, input=rgb, latency=10.10s, peak=14.11GB
molmo2 rgb__aligned_dataset_check_mailbox_split_seg6_check_mailbox_rgb__text_recognition__01__input_rgb: answered, source=rgb, input=rgb, latency=10.12s, peak=14.11GB
molmo2 rgb__aligned_dataset_check_mailbox_split_seg6_check_mailbox_rgb__text_recognition__02__input_rgb: answered, source=rgb, input=rgb, latency=10.07s, peak=14.11GB
molmo2 rgb__aligned_dataset_check_mailbox_split_seg6_check_mailbox_rgb__text_recognition__03__input_rgb: answered, source=rgb, input=rgb, latency=10.10s, peak=14.11GB
molmo2 rgb__aligned_dataset_check_mailbox_split_seg6_check_mailbox_rgb__text_recognition__04__input_rgb: answered, source=rgb, input=rgb, latency=10.09s, peak=14.11GB
molmo2 rgb__aligned_dataset_check_mailbox_split_seg6_check_mailbox_rgb__text_recognition__05__input_rgb: answered, source=rgb, input=rgb, latency=10.08s, peak=14.11GB
molmo2 rgb__aligned_dataset_check_mailbox_split_seg6_check_mailbox_rgb__text_recognition__06__input_rgb: answered, source=rgb, input=rgb, latency=10.07s, peak=14.11GB
molmo2 rgb__aligned_dataset_check_mailbox_split_seg6_check_mailbox_rgb__text_recognition__07__input_rgb: answered, source=rgb, input=rgb, latency=10.11s, peak=14.11GB
molmo2 rgb__aligned_dataset_check_mailbox_split_seg6_check_mailbox_rgb__scene_sequence__01__input_rgb: answered, source=rgb, input=rgb, latency=10.03s, peak=14.11GB
molmo2 rgb__aligned_dataset_check_mailbox_split_seg6_check_mailbox_rgb__scene_sequence__02__input_rgb: answered, source=rgb, input=rgb, latency=10.14s, peak=14.11GB
molmo2 rgb__aligned_dataset_check_mailbox_split_seg6_check_mailbox_rgb__scene_sequence__03__input_rgb: answered, source=rgb, input=rgb, latency=10.07s, peak=14.11GB
molmo2 rgb__aligned_dataset_check_mailbox_split_seg6_check_mailbox_rgb__scene_sequence__04__input_rgb: answered, source=rgb, input=rgb, latency=10.09s, peak=14.11GB
molmo2 rgb__aligned_dataset_check_mailbox_split_seg6_check_mailbox_rgb__scene_sequence__05__input_rgb: answered, source=rgb, input=rgb, latency=5.19s, peak=14.11GB
molmo2 rgb__aligned_dataset_check_mailbox_split_seg6_check_mailbox_rgb__scene_sequence__06__input_rgb: answered, source=rgb, input=rgb, latency=10.11s, peak=14.11GB
molmo2 rgb__aligned_dataset_check_mailbox_split_seg6_check_mailbox_rgb__scene_sequence__07__input_rgb: answered, source=rgb, input=rgb, latency=10.10s, peak=14.11GB
molmo2 rgb__aligned_dataset_check_mailbox_split_seg6_check_mailbox_rgb__scene_sequence__09__input_rgb: answered, source=rgb, input=rgb, latency=10.10s, peak=14.11GB
molmo2 rgb__aligned_dataset_check_mailbox_split_seg6_check_mailbox_rgb__light_recognition__01__input_rgb: answered, source=rgb, input=rgb, latency=10.06s, peak=14.11GB
molmo2 rgb__aligned_dataset_check_mailbox_split_seg6_check_mailbox_rgb__light_change__01__input_rgb: answered, source=rgb, input=rgb, latency=10.08s, peak=14.11GB
molmo2 rgb__aligned_dataset_check_mailbox_split_seg6_check_mailbox_rgb__light_change__02__input_rgb: answered, source=rgb, input=rgb, latency=10.06s, peak=14.11GB
molmo2 rgb__aligned_dataset_check_mailbox_split_seg6_check_mailbox_rgb__light_change__03__input_rgb: answered, source=rgb, input=rgb, latency=10.08s, peak=14.11GB
molmo2 rgb__aligned_dataset_check_mailbox_split_seg6_check_mailbox_rgb__light_change__04__input_rgb: answered, source=rgb, input=rgb, latency=10.11s, peak=14.11GB
molmo2 rgb__aligned_dataset_check_mailbox_split_seg6_check_mailbox_rgb__light_change__05__input_rgb: answered, source=rgb, input=rgb, latency=10.10s, peak=14.11GB
molmo2 rgb__aligned_dataset_check_mailbox_split_seg6_check_mailbox_rgb__light_change__06__input_rgb: answered, source=rgb, input=rgb, latency=10.08s, peak=14.11GB
molmo2 rgb__aligned_dataset_check_mailbox_split_seg6_check_mailbox_rgb__light_change__07__input_rgb: answered, source=rgb, input=rgb, latency=10.04s, peak=14.11GB
molmo2 rgb__aligned_dataset_check_mailbox_split_seg6_check_mailbox_rgb__counting__01__input_rgb: answered, source=rgb, input=rgb, latency=10.07s, peak=14.11GB
molmo2 rgb__aligned_dataset_check_mailbox_split_seg6_check_mailbox_rgb__counting__02__input_rgb: answered, source=rgb, input=rgb, latency=10.12s, peak=14.11GB
molmo2 rgb__aligned_dataset_check_mailbox_split_seg6_check_mailbox_rgb__counting__07__input_rgb: answered, source=rgb, input=rgb, latency=10.07s, peak=14.11GB
molmo2 rgb__aligned_dataset_check_mailbox_split_seg6_check_mailbox_rgb__dynamic_counting__01__input_rgb: answered, source=rgb, input=rgb, latency=10.10s, peak=14.11GB
molmo2 rgb__aligned_dataset_check_mailbox_split_seg6_check_mailbox_rgb__dynamic_counting__02__input_rgb: answered, source=rgb, input=rgb, latency=10.11s, peak=14.11GB
molmo2 rgb__aligned_dataset_check_mailbox_split_seg6_check_mailbox_rgb__dynamic_counting__03__input_rgb: answered, source=rgb, input=rgb, latency=10.13s, peak=14.11GB
molmo2 rgb__aligned_dataset_check_mailbox_split_seg6_check_mailbox_rgb__dynamic_counting__04__input_rgb: answered, source=rgb, input=rgb, latency=10.05s, peak=14.11GB
molmo2 rgb__aligned_dataset_check_mailbox_split_seg6_check_mailbox_rgb__dynamic_counting__05__input_rgb: answered, source=rgb, input=rgb, latency=10.05s, peak=14.11GB
molmo2 rgb__aligned_dataset_check_mailbox_split_seg6_check_mailbox_rgb__dynamic_counting__06__input_rgb: answered, source=rgb, input=rgb, latency=10.07s, peak=14.11GB
molmo2 rgb__aligned_dataset_check_mailbox_split_seg6_check_mailbox_rgb__dynamic_counting__07__input_rgb: answered, source=rgb, input=rgb, latency=10.09s, peak=14.11GB
molmo2 rgb__aligned_dataset_check_mailbox_split_seg6_check_mailbox_rgb__dynamic_counting__08__input_rgb: answered, source=rgb, input=rgb, latency=10.05s, peak=14.11GB
molmo2 rgb__aligned_dataset_check_mailbox_split_seg6_check_mailbox_rgb__non_common__01__input_rgb: answered, source=rgb, input=rgb, latency=10.08s, peak=14.11GB
molmo2 rgb__aligned_dataset_check_mailbox_split_seg6_check_mailbox_rgb__navigation__01__input_rgb: answered, source=rgb, input=rgb, latency=10.08s, peak=14.11GB
molmo2 rgb__aligned_dataset_check_mailbox_split_seg6_check_mailbox_rgb__navigation__02__input_rgb: answered, source=rgb, input=rgb, latency=10.05s, peak=14.11GB
molmo2 rgb__aligned_dataset_check_mailbox_split_seg6_check_mailbox_rgb__navigation__03__input_rgb: answered, source=rgb, input=rgb, latency=10.03s, peak=14.11GB
molmo2 rgb__aligned_dataset_check_mailbox_split_seg6_check_mailbox_rgb__navigation__05__input_rgb: answered, source=rgb, input=rgb, latency=10.07s, peak=14.11GB
molmo2 rgb__aligned_dataset_check_mailbox_split_seg6_check_mailbox_rgb__navigation__06__input_rgb: answered, source=rgb, input=rgb, latency=10.11s, peak=14.11GB
molmo2 rgb__aligned_dataset_check_mailbox_split_seg6_check_mailbox_rgb__navigation__08__input_rgb: answered, source=rgb, input=rgb, latency=10.05s, peak=14.11GB
molmo2 rgb__aligned_dataset_check_mailbox_split_seg6_check_mailbox_rgb__navigation__09__input_rgb: answered, source=rgb, input=rgb, latency=10.08s, peak=14.11GB
molmo2 rgb__aligned_dataset_check_mailbox_split_seg6_check_mailbox_rgb__navigation__10__input_rgb: answered, source=rgb, input=rgb, latency=10.13s, peak=14.11GB
molmo2 rgb__aligned_dataset_check_mailbox_split_seg6_check_mailbox_rgb__dynamic_recognition__01__input_rgb: answered, source=rgb, input=rgb, latency=10.11s, peak=14.11GB
molmo2 rgb__aligned_dataset_check_mailbox_split_seg6_check_mailbox_rgb__action__01__input_rgb: answered, source=rgb, input=rgb, latency=10.18s, peak=14.11GB
molmo2 rgb__aligned_dataset_check_mailbox_split_seg6_check_mailbox_rgb__action__04__input_rgb: answered, source=rgb, input=rgb, latency=10.15s, peak=14.11GB
molmo2 rgb__aligned_dataset_check_mailbox_split_seg6_check_mailbox_rgb__action__05__input_rgb: answered, source=rgb, input=rgb, latency=10.16s, peak=14.11GB
molmo2 rgb__aligned_dataset_check_mailbox_split_seg6_check_mailbox_rgb__action__08__input_rgb: answered, source=rgb, input=rgb, latency=10.06s, peak=14.11GB
molmo2 depth__cut_carrot_split_seg1_cut_carrot__depth_spatial_reasoning__01__input_rgb: answered, source=depth, input=rgb, latency=10.25s, peak=14.11GB
molmo2 depth__cut_carrot_split_seg1_cut_carrot__depth_scene_sequence__01__input_rgb: answered, source=depth, input=rgb, latency=10.07s, peak=14.11GB
molmo2 depth__cut_carrot_split_seg1_cut_carrot__depth_counting__04__input_rgb: answered, source=depth, input=rgb, latency=10.09s, peak=14.11GB
molmo2 depth__cut_carrot_split_seg1_cut_carrot__depth_counting__08__input_rgb: answered, source=depth, input=rgb, latency=10.08s, peak=14.11GB
molmo2 depth__cut_carrot_split_seg1_cut_carrot__depth_dynamic_counting__05__input_rgb: answered, source=depth, input=rgb, latency=10.14s, peak=14.11GB
molmo2 depth__cut_carrot_split_seg1_cut_carrot__depth_dynamic_counting__06__input_rgb: answered, source=depth, input=rgb, latency=10.10s, peak=14.11GB
molmo2 depth__cut_carrot_split_seg1_cut_carrot__depth_dynamic_counting__08__input_rgb: answered, source=depth, input=rgb, latency=10.12s, peak=14.11GB
molmo2 depth__cut_carrot_split_seg1_cut_carrot__depth_navigation__01__input_rgb: answered, source=depth, input=rgb, latency=10.08s, peak=14.11GB
molmo2 depth__cut_carrot_split_seg1_cut_carrot__depth_dynamic_recognition__01__input_rgb: answered, source=depth, input=rgb, latency=10.07s, peak=14.11GB
molmo2 depth__cut_carrot_split_seg1_cut_carrot__depth_dynamic_recognition__03__input_rgb: answered, source=depth, input=rgb, latency=10.11s, peak=14.11GB
molmo2 depth__cut_carrot_split_seg1_cut_carrot__depth_dynamic_recognition__07__input_rgb: answered, source=depth, input=rgb, latency=10.11s, peak=14.11GB
molmo2 depth__cut_carrot_split_seg1_cut_carrot__depth_action__01__input_rgb: answered, source=depth, input=rgb, latency=10.09s, peak=14.11GB
molmo2 depth__cut_carrot_split_seg1_cut_carrot__depth_action__02__input_rgb: answered, source=depth, input=rgb, latency=10.10s, peak=14.11GB
molmo2 depth__cut_carrot_split_seg1_cut_carrot__depth_action__03__input_rgb: answered, source=depth, input=rgb, latency=10.09s, peak=14.11GB
molmo2 depth__cut_carrot_split_seg1_cut_carrot__depth_action__04__input_rgb: answered, source=depth, input=rgb, latency=10.13s, peak=14.11GB
molmo2 depth__cut_carrot_split_seg1_cut_carrot__depth_action__06__input_rgb: answered, source=depth, input=rgb, latency=10.14s, peak=14.11GB
molmo2 depth__cut_carrot_split_seg1_cut_carrot__depth_action__07__input_rgb: answered, source=depth, input=rgb, latency=10.15s, peak=14.11GB
molmo2 depth__cut_carrot_split_seg1_cut_carrot__depth_action__08__input_rgb: answered, source=depth, input=rgb, latency=10.08s, peak=14.11GB
molmo2 depth__cut_carrot_split_seg1_cut_carrot__depth_non_common__01__input_rgb: answered, source=depth, input=rgb, latency=10.06s, peak=14.11GB
molmo2 event__aligned_dataset_cut_carrot_split_seg1_cut_carrot_event__event_object_recognition__01__input_rgb: answered, source=event, input=rgb, latency=10.11s, peak=14.11GB
molmo2 event__aligned_dataset_cut_carrot_split_seg1_cut_carrot_event__event_spatial_reasoning__01__input_rgb: answered, source=event, input=rgb, latency=10.09s, peak=14.11GB
molmo2 event__aligned_dataset_cut_carrot_split_seg1_cut_carrot_event__event_scene_sequence__01__input_rgb: answered, source=event, input=rgb, latency=10.06s, peak=14.11GB
molmo2 event__aligned_dataset_cut_carrot_split_seg1_cut_carrot_event__event_counting__01__input_rgb: answered, source=event, input=rgb, latency=10.08s, peak=14.11GB
molmo2 event__aligned_dataset_cut_carrot_split_seg1_cut_carrot_event__event_dynamic_counting__01__input_rgb: answered, source=event, input=rgb, latency=10.15s, peak=14.11GB
molmo2 event__aligned_dataset_cut_carrot_split_seg1_cut_carrot_event__event_navigation__01__input_rgb: answered, source=event, input=rgb, latency=10.09s, peak=14.11GB
molmo2 event__aligned_dataset_cut_carrot_split_seg1_cut_carrot_event__event_dynamic_recognition__01__input_rgb: answered, source=event, input=rgb, latency=10.03s, peak=14.11GB
molmo2 event__aligned_dataset_cut_carrot_split_seg1_cut_carrot_event__event_action__01__input_rgb: answered, source=event, input=rgb, latency=10.07s, peak=14.11GB
molmo2 event__aligned_dataset_cut_carrot_split_seg1_cut_carrot_event__event_non_common__01__input_rgb: answered, source=event, input=rgb, latency=10.05s, peak=14.11GB
molmo2 ir__aligned_dataset_cut_carrot_split_seg1_cut_carrot_ir__object_recognition__01__input_rgb: answered, source=ir, input=rgb, latency=10.13s, peak=14.11GB
molmo2 ir__aligned_dataset_cut_carrot_split_seg1_cut_carrot_ir__spatial_reasoning__01__input_rgb: answered, source=ir, input=rgb, latency=10.11s, peak=14.11GB
molmo2 ir__aligned_dataset_cut_carrot_split_seg1_cut_carrot_ir__text_recognition__01__input_rgb: answered, source=ir, input=rgb, latency=10.08s, peak=14.11GB
molmo2 ir__aligned_dataset_cut_carrot_split_seg1_cut_carrot_ir__text_recognition__02__input_rgb: answered, source=ir, input=rgb, latency=10.08s, peak=14.11GB
molmo2 ir__aligned_dataset_cut_carrot_split_seg1_cut_carrot_ir__text_recognition__03__input_rgb: answered, source=ir, input=rgb, latency=10.10s, peak=14.11GB
molmo2 ir__aligned_dataset_cut_carrot_split_seg1_cut_carrot_ir__text_recognition__04__input_rgb: answered, source=ir, input=rgb, latency=10.10s, peak=14.11GB
molmo2 ir__aligned_dataset_cut_carrot_split_seg1_cut_carrot_ir__text_recognition__05__input_rgb: answered, source=ir, input=rgb, latency=10.09s, peak=14.11GB
molmo2 ir__aligned_dataset_cut_carrot_split_seg1_cut_carrot_ir__text_recognition__06__input_rgb: answered, source=ir, input=rgb, latency=10.17s, peak=14.11GB
molmo2 ir__aligned_dataset_cut_carrot_split_seg1_cut_carrot_ir__text_recognition__07__input_rgb: answered, source=ir, input=rgb, latency=10.21s, peak=14.11GB
molmo2 ir__aligned_dataset_cut_carrot_split_seg1_cut_carrot_ir__text_recognition__08__input_rgb: answered, source=ir, input=rgb, latency=10.14s, peak=14.11GB
molmo2 ir__aligned_dataset_cut_carrot_split_seg1_cut_carrot_ir__scene_sequence__01__input_rgb: answered, source=ir, input=rgb, latency=10.09s, peak=14.11GB
molmo2 ir__aligned_dataset_cut_carrot_split_seg1_cut_carrot_ir__scene_sequence__02__input_rgb: answered, source=ir, input=rgb, latency=10.09s, peak=14.11GB
molmo2 ir__aligned_dataset_cut_carrot_split_seg1_cut_carrot_ir__scene_sequence__03__input_rgb: answered, source=ir, input=rgb, latency=10.09s, peak=14.11GB
molmo2 ir__aligned_dataset_cut_carrot_split_seg1_cut_carrot_ir__scene_sequence__04__input_rgb: answered, source=ir, input=rgb, latency=10.13s, peak=14.11GB
molmo2 ir__aligned_dataset_cut_carrot_split_seg1_cut_carrot_ir__scene_sequence__05__input_rgb: answered, source=ir, input=rgb, latency=6.14s, peak=14.11GB
molmo2 ir__aligned_dataset_cut_carrot_split_seg1_cut_carrot_ir__scene_sequence__06__input_rgb: answered, source=ir, input=rgb, latency=10.09s, peak=14.11GB
molmo2 ir__aligned_dataset_cut_carrot_split_seg1_cut_carrot_ir__scene_sequence__07__input_rgb: answered, source=ir, input=rgb, latency=10.18s, peak=14.11GB
molmo2 ir__aligned_dataset_cut_carrot_split_seg1_cut_carrot_ir__scene_sequence__09__input_rgb: answered, source=ir, input=rgb, latency=10.08s, peak=14.11GB
molmo2 ir__aligned_dataset_cut_carrot_split_seg1_cut_carrot_ir__scene_sequence__10__input_rgb: answered, source=ir, input=rgb, latency=10.08s, peak=14.11GB
molmo2 ir__aligned_dataset_cut_carrot_split_seg1_cut_carrot_ir__light_recognition__01__input_rgb: answered, source=ir, input=rgb, latency=10.10s, peak=14.11GB
molmo2 ir__aligned_dataset_cut_carrot_split_seg1_cut_carrot_ir__light_change__01__input_rgb: answered, source=ir, input=rgb, latency=10.09s, peak=14.11GB
molmo2 ir__aligned_dataset_cut_carrot_split_seg1_cut_carrot_ir__light_change__02__input_rgb: answered, source=ir, input=rgb, latency=10.10s, peak=14.11GB
molmo2 ir__aligned_dataset_cut_carrot_split_seg1_cut_carrot_ir__light_change__03__input_rgb: answered, source=ir, input=rgb, latency=10.08s, peak=14.11GB
molmo2 ir__aligned_dataset_cut_carrot_split_seg1_cut_carrot_ir__light_change__04__input_rgb: answered, source=ir, input=rgb, latency=10.09s, peak=14.11GB
molmo2 ir__aligned_dataset_cut_carrot_split_seg1_cut_carrot_ir__light_change__05__input_rgb: answered, source=ir, input=rgb, latency=10.13s, peak=14.11GB
molmo2 ir__aligned_dataset_cut_carrot_split_seg1_cut_carrot_ir__light_change__06__input_rgb: answered, source=ir, input=rgb, latency=10.05s, peak=14.11GB
molmo2 ir__aligned_dataset_cut_carrot_split_seg1_cut_carrot_ir__light_change__07__input_rgb: answered, source=ir, input=rgb, latency=10.07s, peak=14.11GB
molmo2 ir__aligned_dataset_cut_carrot_split_seg1_cut_carrot_ir__light_change__08__input_rgb: answered, source=ir, input=rgb, latency=10.08s, peak=14.11GB
molmo2 ir__aligned_dataset_cut_carrot_split_seg1_cut_carrot_ir__counting__01__input_rgb: answered, source=ir, input=rgb, latency=10.09s, peak=14.11GB
molmo2 ir__aligned_dataset_cut_carrot_split_seg1_cut_carrot_ir__counting__02__input_rgb: answered, source=ir, input=rgb, latency=10.07s, peak=14.11GB
molmo2 ir__aligned_dataset_cut_carrot_split_seg1_cut_carrot_ir__counting__03__input_rgb: answered, source=ir, input=rgb, latency=7.56s, peak=14.11GB
molmo2 ir__aligned_dataset_cut_carrot_split_seg1_cut_carrot_ir__counting__04__input_rgb: answered, source=ir, input=rgb, latency=10.07s, peak=14.11GB
molmo2 ir__aligned_dataset_cut_carrot_split_seg1_cut_carrot_ir__counting__05__input_rgb: answered, source=ir, input=rgb, latency=10.08s, peak=14.11GB
molmo2 ir__aligned_dataset_cut_carrot_split_seg1_cut_carrot_ir__counting__06__input_rgb: answered, source=ir, input=rgb, latency=10.07s, peak=14.11GB
molmo2 ir__aligned_dataset_cut_carrot_split_seg1_cut_carrot_ir__counting__09__input_rgb: answered, source=ir, input=rgb, latency=10.06s, peak=14.11GB
molmo2 ir__aligned_dataset_cut_carrot_split_seg1_cut_carrot_ir__counting__10__input_rgb: answered, source=ir, input=rgb, latency=10.08s, peak=14.11GB
molmo2 ir__aligned_dataset_cut_carrot_split_seg1_cut_carrot_ir__dynamic_counting__01__input_rgb: answered, source=ir, input=rgb, latency=10.06s, peak=14.11GB
molmo2 ir__aligned_dataset_cut_carrot_split_seg1_cut_carrot_ir__dynamic_counting__02__input_rgb: answered, source=ir, input=rgb, latency=10.12s, peak=14.11GB
molmo2 ir__aligned_dataset_cut_carrot_split_seg1_cut_carrot_ir__dynamic_counting__03__input_rgb: answered, source=ir, input=rgb, latency=10.05s, peak=14.11GB
molmo2 ir__aligned_dataset_cut_carrot_split_seg1_cut_carrot_ir__dynamic_counting__04__input_rgb: answered, source=ir, input=rgb, latency=10.10s, peak=14.11GB
molmo2 ir__aligned_dataset_cut_carrot_split_seg1_cut_carrot_ir__dynamic_counting__05__input_rgb: answered, source=ir, input=rgb, latency=10.07s, peak=14.11GB
molmo2 ir__aligned_dataset_cut_carrot_split_seg1_cut_carrot_ir__dynamic_counting__06__input_rgb: answered, source=ir, input=rgb, latency=10.13s, peak=14.11GB
molmo2 ir__aligned_dataset_cut_carrot_split_seg1_cut_carrot_ir__dynamic_counting__07__input_rgb: answered, source=ir, input=rgb, latency=10.13s, peak=14.11GB
molmo2 ir__aligned_dataset_cut_carrot_split_seg1_cut_carrot_ir__dynamic_counting__08__input_rgb: answered, source=ir, input=rgb, latency=10.12s, peak=14.11GB
molmo2 ir__aligned_dataset_cut_carrot_split_seg1_cut_carrot_ir__non_common__01__input_rgb: answered, source=ir, input=rgb, latency=10.17s, peak=14.11GB
molmo2 ir__aligned_dataset_cut_carrot_split_seg1_cut_carrot_ir__navigation__02__input_rgb: answered, source=ir, input=rgb, latency=10.13s, peak=14.11GB
molmo2 ir__aligned_dataset_cut_carrot_split_seg1_cut_carrot_ir__navigation__03__input_rgb: answered, source=ir, input=rgb, latency=10.15s, peak=14.11GB
molmo2 ir__aligned_dataset_cut_carrot_split_seg1_cut_carrot_ir__navigation__04__input_rgb: answered, source=ir, input=rgb, latency=10.15s, peak=14.11GB
molmo2 ir__aligned_dataset_cut_carrot_split_seg1_cut_carrot_ir__navigation__06__input_rgb: answered, source=ir, input=rgb, latency=10.12s, peak=14.11GB
molmo2 ir__aligned_dataset_cut_carrot_split_seg1_cut_carrot_ir__navigation__07__input_rgb: answered, source=ir, input=rgb, latency=10.06s, peak=14.11GB
molmo2 ir__aligned_dataset_cut_carrot_split_seg1_cut_carrot_ir__navigation__08__input_rgb: answered, source=ir, input=rgb, latency=10.07s, peak=14.11GB
molmo2 ir__aligned_dataset_cut_carrot_split_seg1_cut_carrot_ir__navigation__09__input_rgb: answered, source=ir, input=rgb, latency=8.55s, peak=14.11GB
molmo2 ir__aligned_dataset_cut_carrot_split_seg1_cut_carrot_ir__navigation__10__input_rgb: answered, source=ir, input=rgb, latency=10.06s, peak=14.11GB
molmo2 ir__aligned_dataset_cut_carrot_split_seg1_cut_carrot_ir__dynamic_recognition__01__input_rgb: answered, source=ir, input=rgb, latency=10.14s, peak=14.11GB
molmo2 ir__aligned_dataset_cut_carrot_split_seg1_cut_carrot_ir__dynamic_recognition__02__input_rgb: answered, source=ir, input=rgb, latency=10.13s, peak=14.11GB
molmo2 ir__aligned_dataset_cut_carrot_split_seg1_cut_carrot_ir__dynamic_recognition__05__input_rgb: answered, source=ir, input=rgb, latency=10.04s, peak=14.11GB
molmo2 ir__aligned_dataset_cut_carrot_split_seg1_cut_carrot_ir__dynamic_recognition__06__input_rgb: answered, source=ir, input=rgb, latency=10.08s, peak=14.11GB
molmo2 ir__aligned_dataset_cut_carrot_split_seg1_cut_carrot_ir__dynamic_recognition__07__input_rgb: answered, source=ir, input=rgb, latency=10.07s, peak=14.11GB
molmo2 ir__aligned_dataset_cut_carrot_split_seg1_cut_carrot_ir__dynamic_recognition__08__input_rgb: answered, source=ir, input=rgb, latency=10.10s, peak=14.11GB
molmo2 ir__aligned_dataset_cut_carrot_split_seg1_cut_carrot_ir__action__01__input_rgb: answered, source=ir, input=rgb, latency=7.13s, peak=14.11GB
molmo2 ir__aligned_dataset_cut_carrot_split_seg1_cut_carrot_ir__action__02__input_rgb: answered, source=ir, input=rgb, latency=10.07s, peak=14.11GB
molmo2 ir__aligned_dataset_cut_carrot_split_seg1_cut_carrot_ir__action__04__input_rgb: answered, source=ir, input=rgb, latency=10.15s, peak=14.11GB
molmo2 ir__aligned_dataset_cut_carrot_split_seg1_cut_carrot_ir__action__05__input_rgb: answered, source=ir, input=rgb, latency=10.14s, peak=14.11GB
molmo2 ir__aligned_dataset_cut_carrot_split_seg1_cut_carrot_ir__action__06__input_rgb: answered, source=ir, input=rgb, latency=10.17s, peak=14.11GB
molmo2 ir__aligned_dataset_cut_carrot_split_seg1_cut_carrot_ir__action__08__input_rgb: answered, source=ir, input=rgb, latency=10.12s, peak=14.11GB
molmo2 rgb__aligned_dataset_cut_carrot_split_seg1_cut_carrot_rgb__object_recognition__01__input_rgb: answered, source=rgb, input=rgb, latency=10.10s, peak=14.11GB
molmo2 rgb__aligned_dataset_cut_carrot_split_seg1_cut_carrot_rgb__spatial_reasoning__01__input_rgb: answered, source=rgb, input=rgb, latency=10.09s, peak=14.11GB
molmo2 rgb__aligned_dataset_cut_carrot_split_seg1_cut_carrot_rgb__text_recognition__01__input_rgb: answered, source=rgb, input=rgb, latency=10.07s, peak=14.11GB
molmo2 rgb__aligned_dataset_cut_carrot_split_seg1_cut_carrot_rgb__text_recognition__02__input_rgb: answered, source=rgb, input=rgb, latency=10.06s, peak=14.11GB
molmo2 rgb__aligned_dataset_cut_carrot_split_seg1_cut_carrot_rgb__text_recognition__03__input_rgb: answered, source=rgb, input=rgb, latency=10.11s, peak=14.11GB
molmo2 rgb__aligned_dataset_cut_carrot_split_seg1_cut_carrot_rgb__text_recognition__04__input_rgb: answered, source=rgb, input=rgb, latency=10.10s, peak=14.11GB
molmo2 rgb__aligned_dataset_cut_carrot_split_seg1_cut_carrot_rgb__text_recognition__05__input_rgb: answered, source=rgb, input=rgb, latency=10.10s, peak=14.11GB
molmo2 rgb__aligned_dataset_cut_carrot_split_seg1_cut_carrot_rgb__text_recognition__07__input_rgb: answered, source=rgb, input=rgb, latency=10.08s, peak=14.11GB
molmo2 rgb__aligned_dataset_cut_carrot_split_seg1_cut_carrot_rgb__text_recognition__08__input_rgb: answered, source=rgb, input=rgb, latency=10.09s, peak=14.11GB
molmo2 rgb__aligned_dataset_cut_carrot_split_seg1_cut_carrot_rgb__scene_sequence__03__input_rgb: answered, source=rgb, input=rgb, latency=10.08s, peak=14.11GB
molmo2 rgb__aligned_dataset_cut_carrot_split_seg1_cut_carrot_rgb__light_recognition__01__input_rgb: answered, source=rgb, input=rgb, latency=10.10s, peak=14.11GB
molmo2 rgb__aligned_dataset_cut_carrot_split_seg1_cut_carrot_rgb__light_change__01__input_rgb: answered, source=rgb, input=rgb, latency=10.08s, peak=14.11GB
molmo2 rgb__aligned_dataset_cut_carrot_split_seg1_cut_carrot_rgb__light_change__02__input_rgb: answered, source=rgb, input=rgb, latency=10.05s, peak=14.11GB
molmo2 rgb__aligned_dataset_cut_carrot_split_seg1_cut_carrot_rgb__light_change__03__input_rgb: answered, source=rgb, input=rgb, latency=10.06s, peak=14.11GB
molmo2 rgb__aligned_dataset_cut_carrot_split_seg1_cut_carrot_rgb__light_change__04__input_rgb: answered, source=rgb, input=rgb, latency=10.08s, peak=14.11GB
molmo2 rgb__aligned_dataset_cut_carrot_split_seg1_cut_carrot_rgb__light_change__05__input_rgb: answered, source=rgb, input=rgb, latency=10.10s, peak=14.11GB
molmo2 rgb__aligned_dataset_cut_carrot_split_seg1_cut_carrot_rgb__light_change__06__input_rgb: answered, source=rgb, input=rgb, latency=10.06s, peak=14.11GB
molmo2 rgb__aligned_dataset_cut_carrot_split_seg1_cut_carrot_rgb__light_change__07__input_rgb: answered, source=rgb, input=rgb, latency=10.07s, peak=14.11GB
molmo2 rgb__aligned_dataset_cut_carrot_split_seg1_cut_carrot_rgb__light_change__08__input_rgb: answered, source=rgb, input=rgb, latency=10.07s, peak=14.11GB
molmo2 rgb__aligned_dataset_cut_carrot_split_seg1_cut_carrot_rgb__counting__01__input_rgb: answered, source=rgb, input=rgb, latency=10.09s, peak=14.11GB
molmo2 rgb__aligned_dataset_cut_carrot_split_seg1_cut_carrot_rgb__counting__02__input_rgb: answered, source=rgb, input=rgb, latency=10.07s, peak=14.11GB
molmo2 rgb__aligned_dataset_cut_carrot_split_seg1_cut_carrot_rgb__counting__03__input_rgb: answered, source=rgb, input=rgb, latency=10.07s, peak=14.11GB
molmo2 rgb__aligned_dataset_cut_carrot_split_seg1_cut_carrot_rgb__counting__04__input_rgb: answered, source=rgb, input=rgb, latency=10.04s, peak=14.11GB
molmo2 rgb__aligned_dataset_cut_carrot_split_seg1_cut_carrot_rgb__counting__05__input_rgb: answered, source=rgb, input=rgb, latency=10.09s, peak=14.11GB
molmo2 rgb__aligned_dataset_cut_carrot_split_seg1_cut_carrot_rgb__counting__06__input_rgb: answered, source=rgb, input=rgb, latency=10.07s, peak=14.11GB
molmo2 rgb__aligned_dataset_cut_carrot_split_seg1_cut_carrot_rgb__counting__07__input_rgb: answered, source=rgb, input=rgb, latency=10.08s, peak=14.11GB
molmo2 rgb__aligned_dataset_cut_carrot_split_seg1_cut_carrot_rgb__counting__08__input_rgb: answered, source=rgb, input=rgb, latency=10.03s, peak=14.11GB
molmo2 rgb__aligned_dataset_cut_carrot_split_seg1_cut_carrot_rgb__counting__09__input_rgb: answered, source=rgb, input=rgb, latency=10.09s, peak=14.11GB
molmo2 rgb__aligned_dataset_cut_carrot_split_seg1_cut_carrot_rgb__dynamic_counting__01__input_rgb: answered, source=rgb, input=rgb, latency=10.08s, peak=14.11GB
molmo2 rgb__aligned_dataset_cut_carrot_split_seg1_cut_carrot_rgb__dynamic_counting__02__input_rgb: answered, source=rgb, input=rgb, latency=10.07s, peak=14.11GB
molmo2 rgb__aligned_dataset_cut_carrot_split_seg1_cut_carrot_rgb__dynamic_counting__03__input_rgb: answered, source=rgb, input=rgb, latency=10.09s, peak=14.11GB
molmo2 rgb__aligned_dataset_cut_carrot_split_seg1_cut_carrot_rgb__dynamic_counting__04__input_rgb: answered, source=rgb, input=rgb, latency=10.09s, peak=14.11GB
molmo2 rgb__aligned_dataset_cut_carrot_split_seg1_cut_carrot_rgb__dynamic_counting__05__input_rgb: answered, source=rgb, input=rgb, latency=10.06s, peak=14.11GB
molmo2 rgb__aligned_dataset_cut_carrot_split_seg1_cut_carrot_rgb__dynamic_counting__06__input_rgb: answered, source=rgb, input=rgb, latency=10.06s, peak=14.11GB
molmo2 rgb__aligned_dataset_cut_carrot_split_seg1_cut_carrot_rgb__dynamic_counting__08__input_rgb: answered, source=rgb, input=rgb, latency=10.06s, peak=14.11GB
molmo2 rgb__aligned_dataset_cut_carrot_split_seg1_cut_carrot_rgb__non_common__01__input_rgb: answered, source=rgb, input=rgb, latency=10.07s, peak=14.11GB
molmo2 rgb__aligned_dataset_cut_carrot_split_seg1_cut_carrot_rgb__navigation__01__input_rgb: answered, source=rgb, input=rgb, latency=10.06s, peak=14.11GB
molmo2 rgb__aligned_dataset_cut_carrot_split_seg1_cut_carrot_rgb__navigation__02__input_rgb: answered, source=rgb, input=rgb, latency=10.08s, peak=14.11GB
molmo2 rgb__aligned_dataset_cut_carrot_split_seg1_cut_carrot_rgb__navigation__03__input_rgb: answered, source=rgb, input=rgb, latency=10.07s, peak=14.11GB
molmo2 rgb__aligned_dataset_cut_carrot_split_seg1_cut_carrot_rgb__navigation__06__input_rgb: answered, source=rgb, input=rgb, latency=10.05s, peak=14.11GB
molmo2 rgb__aligned_dataset_cut_carrot_split_seg1_cut_carrot_rgb__navigation__07__input_rgb: answered, source=rgb, input=rgb, latency=10.11s, peak=14.11GB
molmo2 rgb__aligned_dataset_cut_carrot_split_seg1_cut_carrot_rgb__navigation__10__input_rgb: answered, source=rgb, input=rgb, latency=10.05s, peak=14.11GB
molmo2 rgb__aligned_dataset_cut_carrot_split_seg1_cut_carrot_rgb__dynamic_recognition__01__input_rgb: answered, source=rgb, input=rgb, latency=10.05s, peak=14.11GB
molmo2 rgb__aligned_dataset_cut_carrot_split_seg1_cut_carrot_rgb__action__01__input_rgb: answered, source=rgb, input=rgb, latency=10.09s, peak=14.11GB
molmo2 rgb__aligned_dataset_cut_carrot_split_seg1_cut_carrot_rgb__action__02__input_rgb: answered, source=rgb, input=rgb, latency=10.05s, peak=14.11GB
molmo2 rgb__aligned_dataset_cut_carrot_split_seg1_cut_carrot_rgb__action__03__input_rgb: answered, source=rgb, input=rgb, latency=10.07s, peak=14.11GB
molmo2 rgb__aligned_dataset_cut_carrot_split_seg1_cut_carrot_rgb__action__05__input_rgb: answered, source=rgb, input=rgb, latency=10.04s, peak=14.11GB
molmo2 rgb__aligned_dataset_cut_carrot_split_seg1_cut_carrot_rgb__action__07__input_rgb: answered, source=rgb, input=rgb, latency=10.12s, peak=14.11GB
molmo2 depth__cut_carrot_split_seg2_cut_carrot__depth_object_recognition__01__input_rgb: answered, source=depth, input=rgb, latency=10.22s, peak=14.11GB
molmo2 depth__cut_carrot_split_seg2_cut_carrot__depth_spatial_reasoning__01__input_rgb: answered, source=depth, input=rgb, latency=10.06s, peak=14.11GB
molmo2 depth__cut_carrot_split_seg2_cut_carrot__depth_scene_sequence__01__input_rgb: answered, source=depth, input=rgb, latency=10.07s, peak=14.11GB
molmo2 depth__cut_carrot_split_seg2_cut_carrot__depth_counting__01__input_rgb: answered, source=depth, input=rgb, latency=10.07s, peak=14.11GB
molmo2 depth__cut_carrot_split_seg2_cut_carrot__depth_counting__02__input_rgb: answered, source=depth, input=rgb, latency=10.07s, peak=14.11GB
molmo2 depth__cut_carrot_split_seg2_cut_carrot__depth_counting__03__input_rgb: answered, source=depth, input=rgb, latency=10.04s, peak=14.11GB
molmo2 depth__cut_carrot_split_seg2_cut_carrot__depth_counting__06__input_rgb: answered, source=depth, input=rgb, latency=10.07s, peak=14.11GB
molmo2 event__aligned_dataset_cut_carrot_split_seg2_cut_carrot_event__event_object_recognition__01__input_rgb: answered, source=event, input=rgb, latency=10.12s, peak=14.11GB
molmo2 depth__cut_carrot_split_seg2_cut_carrot__depth_counting__07__input_rgb: answered, source=depth, input=rgb, latency=10.07s, peak=14.11GB
molmo2 event__aligned_dataset_cut_carrot_split_seg2_cut_carrot_event__event_spatial_reasoning__01__input_rgb: answered, source=event, input=rgb, latency=10.10s, peak=14.11GB
molmo2 depth__cut_carrot_split_seg2_cut_carrot__depth_counting__08__input_rgb: answered, source=depth, input=rgb, latency=10.13s, peak=14.11GB
molmo2 event__aligned_dataset_cut_carrot_split_seg2_cut_carrot_event__event_scene_sequence__01__input_rgb: answered, source=event, input=rgb, latency=10.12s, peak=14.11GB
molmo2 depth__cut_carrot_split_seg2_cut_carrot__depth_dynamic_counting__01__input_rgb: answered, source=depth, input=rgb, latency=10.05s, peak=14.11GB
molmo2 event__aligned_dataset_cut_carrot_split_seg2_cut_carrot_event__event_counting__01__input_rgb: answered, source=event, input=rgb, latency=10.07s, peak=14.11GB
molmo2 event__aligned_dataset_cut_carrot_split_seg2_cut_carrot_event__event_dynamic_counting__01__input_rgb: answered, source=event, input=rgb, latency=10.08s, peak=14.11GB
molmo2 event__aligned_dataset_cut_carrot_split_seg2_cut_carrot_event__event_navigation__01__input_rgb: answered, source=event, input=rgb, latency=10.09s, peak=14.11GB
molmo2 event__aligned_dataset_cut_carrot_split_seg2_cut_carrot_event__event_dynamic_recognition__01__input_rgb: answered, source=event, input=rgb, latency=10.08s, peak=14.11GB
molmo2 depth__cut_carrot_split_seg2_cut_carrot__depth_dynamic_counting__05__input_rgb: answered, source=depth, input=rgb, latency=10.09s, peak=14.11GB
molmo2 event__aligned_dataset_cut_carrot_split_seg2_cut_carrot_event__event_action__01__input_rgb: answered, source=event, input=rgb, latency=10.09s, peak=14.11GB
molmo2 depth__cut_carrot_split_seg2_cut_carrot__depth_dynamic_counting__06__input_rgb: answered, source=depth, input=rgb, latency=10.11s, peak=14.11GB
molmo2 event__aligned_dataset_cut_carrot_split_seg2_cut_carrot_event__event_non_common__01__input_rgb: answered, source=event, input=rgb, latency=10.11s, peak=14.11GB
molmo2 depth__cut_carrot_split_seg2_cut_carrot__depth_dynamic_counting__08__input_rgb: answered, source=depth, input=rgb, latency=10.11s, peak=14.11GB
molmo2 depth__cut_carrot_split_seg2_cut_carrot__depth_navigation__01__input_rgb: answered, source=depth, input=rgb, latency=10.02s, peak=14.11GB
molmo2 depth__cut_carrot_split_seg2_cut_carrot__depth_dynamic_recognition__01__input_rgb: answered, source=depth, input=rgb, latency=10.09s, peak=14.11GB
molmo2 depth__cut_carrot_split_seg2_cut_carrot__depth_dynamic_recognition__02__input_rgb: answered, source=depth, input=rgb, latency=10.08s, peak=14.11GB
molmo2 depth__cut_carrot_split_seg2_cut_carrot__depth_dynamic_recognition__03__input_rgb: answered, source=depth, input=rgb, latency=10.08s, peak=14.11GB
molmo2 depth__cut_carrot_split_seg2_cut_carrot__depth_dynamic_recognition__04__input_rgb: answered, source=depth, input=rgb, latency=10.08s, peak=14.11GB
molmo2 depth__cut_carrot_split_seg2_cut_carrot__depth_dynamic_recognition__07__input_rgb: answered, source=depth, input=rgb, latency=10.11s, peak=14.11GB
molmo2 depth__cut_carrot_split_seg2_cut_carrot__depth_dynamic_recognition__08__input_rgb: answered, source=depth, input=rgb, latency=10.09s, peak=14.11GB
molmo2 depth__cut_carrot_split_seg2_cut_carrot__depth_action__01__input_rgb: answered, source=depth, input=rgb, latency=10.08s, peak=14.11GB
molmo2 depth__cut_carrot_split_seg2_cut_carrot__depth_action__02__input_rgb: answered, source=depth, input=rgb, latency=10.08s, peak=14.11GB
molmo2 depth__cut_carrot_split_seg2_cut_carrot__depth_action__03__input_rgb: answered, source=depth, input=rgb, latency=10.07s, peak=14.11GB
molmo2 depth__cut_carrot_split_seg2_cut_carrot__depth_action__04__input_rgb: answered, source=depth, input=rgb, latency=10.06s, peak=14.11GB
molmo2 depth__cut_carrot_split_seg2_cut_carrot__depth_action__05__input_rgb: answered, source=depth, input=rgb, latency=10.10s, peak=14.11GB
molmo2 depth__cut_carrot_split_seg2_cut_carrot__depth_action__07__input_rgb: answered, source=depth, input=rgb, latency=10.09s, peak=14.11GB
molmo2 depth__cut_carrot_split_seg2_cut_carrot__depth_action__08__input_rgb: answered, source=depth, input=rgb, latency=10.18s, peak=14.11GB
molmo2 depth__cut_carrot_split_seg2_cut_carrot__depth_non_common__01__input_rgb: answered, source=depth, input=rgb, latency=10.08s, peak=14.11GB
molmo2 ir__aligned_dataset_cut_carrot_split_seg2_cut_carrot_ir__object_recognition__01__input_rgb: answered, source=ir, input=rgb, latency=10.08s, peak=14.11GB
molmo2 ir__aligned_dataset_cut_carrot_split_seg2_cut_carrot_ir__spatial_reasoning__01__input_rgb: answered, source=ir, input=rgb, latency=10.09s, peak=14.11GB
molmo2 ir__aligned_dataset_cut_carrot_split_seg2_cut_carrot_ir__text_recognition__01__input_rgb: answered, source=ir, input=rgb, latency=10.09s, peak=14.11GB
molmo2 ir__aligned_dataset_cut_carrot_split_seg2_cut_carrot_ir__scene_sequence__01__input_rgb: answered, source=ir, input=rgb, latency=10.11s, peak=14.11GB
molmo2 ir__aligned_dataset_cut_carrot_split_seg2_cut_carrot_ir__light_change__01__input_rgb: answered, source=ir, input=rgb, latency=10.08s, peak=14.11GB
molmo2 ir__aligned_dataset_cut_carrot_split_seg2_cut_carrot_ir__counting__01__input_rgb: answered, source=ir, input=rgb, latency=10.05s, peak=14.11GB
molmo2 ir__aligned_dataset_cut_carrot_split_seg2_cut_carrot_ir__dynamic_counting__01__input_rgb: answered, source=ir, input=rgb, latency=10.08s, peak=14.11GB
molmo2 ir__aligned_dataset_cut_carrot_split_seg2_cut_carrot_ir__non_common__01__input_rgb: answered, source=ir, input=rgb, latency=10.08s, peak=14.11GB
molmo2 ir__aligned_dataset_cut_carrot_split_seg2_cut_carrot_ir__navigation__01__input_rgb: answered, source=ir, input=rgb, latency=10.04s, peak=14.11GB
molmo2 ir__aligned_dataset_cut_carrot_split_seg2_cut_carrot_ir__action__01__input_rgb: answered, source=ir, input=rgb, latency=10.09s, peak=14.11GB
molmo2 rgb__aligned_dataset_cut_carrot_split_seg2_cut_carrot_rgb__object_recognition__01__input_rgb: answered, source=rgb, input=rgb, latency=10.08s, peak=14.11GB
molmo2 rgb__aligned_dataset_cut_carrot_split_seg2_cut_carrot_rgb__spatial_reasoning__01__input_rgb: answered, source=rgb, input=rgb, latency=10.06s, peak=14.11GB
molmo2 rgb__aligned_dataset_cut_carrot_split_seg2_cut_carrot_rgb__text_recognition__01__input_rgb: answered, source=rgb, input=rgb, latency=10.09s, peak=14.11GB
molmo2 rgb__aligned_dataset_cut_carrot_split_seg2_cut_carrot_rgb__text_recognition__02__input_rgb: answered, source=rgb, input=rgb, latency=10.09s, peak=14.11GB
molmo2 rgb__aligned_dataset_cut_carrot_split_seg2_cut_carrot_rgb__text_recognition__03__input_rgb: answered, source=rgb, input=rgb, latency=10.12s, peak=14.11GB
molmo2 rgb__aligned_dataset_cut_carrot_split_seg2_cut_carrot_rgb__text_recognition__04__input_rgb: answered, source=rgb, input=rgb, latency=10.08s, peak=14.11GB
molmo2 rgb__aligned_dataset_cut_carrot_split_seg2_cut_carrot_rgb__text_recognition__05__input_rgb: answered, source=rgb, input=rgb, latency=10.09s, peak=14.11GB
molmo2 rgb__aligned_dataset_cut_carrot_split_seg2_cut_carrot_rgb__text_recognition__06__input_rgb: answered, source=rgb, input=rgb, latency=10.06s, peak=14.11GB
molmo2 rgb__aligned_dataset_cut_carrot_split_seg2_cut_carrot_rgb__text_recognition__07__input_rgb: answered, source=rgb, input=rgb, latency=10.04s, peak=14.11GB
molmo2 rgb__aligned_dataset_cut_carrot_split_seg2_cut_carrot_rgb__scene_sequence__01__input_rgb: answered, source=rgb, input=rgb, latency=10.07s, peak=14.11GB
molmo2 rgb__aligned_dataset_cut_carrot_split_seg2_cut_carrot_rgb__scene_sequence__02__input_rgb: answered, source=rgb, input=rgb, latency=10.06s, peak=14.11GB
molmo2 rgb__aligned_dataset_cut_carrot_split_seg2_cut_carrot_rgb__scene_sequence__03__input_rgb: answered, source=rgb, input=rgb, latency=10.14s, peak=14.11GB
molmo2 rgb__aligned_dataset_cut_carrot_split_seg2_cut_carrot_rgb__scene_sequence__05__input_rgb: answered, source=rgb, input=rgb, latency=10.09s, peak=14.11GB
molmo2 rgb__aligned_dataset_cut_carrot_split_seg2_cut_carrot_rgb__scene_sequence__06__input_rgb: answered, source=rgb, input=rgb, latency=10.10s, peak=14.11GB
molmo2 rgb__aligned_dataset_cut_carrot_split_seg2_cut_carrot_rgb__scene_sequence__07__input_rgb: answered, source=rgb, input=rgb, latency=10.08s, peak=14.11GB
molmo2 rgb__aligned_dataset_cut_carrot_split_seg2_cut_carrot_rgb__scene_sequence__10__input_rgb: answered, source=rgb, input=rgb, latency=10.07s, peak=14.11GB
molmo2 rgb__aligned_dataset_cut_carrot_split_seg2_cut_carrot_rgb__light_recognition__01__input_rgb: answered, source=rgb, input=rgb, latency=10.09s, peak=14.11GB
molmo2 rgb__aligned_dataset_cut_carrot_split_seg2_cut_carrot_rgb__light_change__01__input_rgb: answered, source=rgb, input=rgb, latency=5.18s, peak=14.11GB
molmo2 rgb__aligned_dataset_cut_carrot_split_seg2_cut_carrot_rgb__light_change__02__input_rgb: answered, source=rgb, input=rgb, latency=10.16s, peak=14.11GB
molmo2 rgb__aligned_dataset_cut_carrot_split_seg2_cut_carrot_rgb__light_change__03__input_rgb: answered, source=rgb, input=rgb, latency=10.04s, peak=14.11GB
molmo2 rgb__aligned_dataset_cut_carrot_split_seg2_cut_carrot_rgb__light_change__04__input_rgb: answered, source=rgb, input=rgb, latency=10.12s, peak=14.11GB
molmo2 rgb__aligned_dataset_cut_carrot_split_seg2_cut_carrot_rgb__light_change__05__input_rgb: answered, source=rgb, input=rgb, latency=10.02s, peak=14.11GB
molmo2 rgb__aligned_dataset_cut_carrot_split_seg2_cut_carrot_rgb__light_change__06__input_rgb: answered, source=rgb, input=rgb, latency=10.10s, peak=14.11GB
molmo2 rgb__aligned_dataset_cut_carrot_split_seg2_cut_carrot_rgb__light_change__08__input_rgb: answered, source=rgb, input=rgb, latency=10.09s, peak=14.11GB
molmo2 rgb__aligned_dataset_cut_carrot_split_seg2_cut_carrot_rgb__counting__01__input_rgb: answered, source=rgb, input=rgb, latency=10.08s, peak=14.11GB
molmo2 rgb__aligned_dataset_cut_carrot_split_seg2_cut_carrot_rgb__counting__02__input_rgb: answered, source=rgb, input=rgb, latency=10.10s, peak=14.11GB
molmo2 rgb__aligned_dataset_cut_carrot_split_seg2_cut_carrot_rgb__counting__03__input_rgb: answered, source=rgb, input=rgb, latency=10.09s, peak=14.11GB
molmo2 rgb__aligned_dataset_cut_carrot_split_seg2_cut_carrot_rgb__counting__04__input_rgb: answered, source=rgb, input=rgb, latency=10.10s, peak=14.11GB
molmo2 rgb__aligned_dataset_cut_carrot_split_seg2_cut_carrot_rgb__counting__05__input_rgb: answered, source=rgb, input=rgb, latency=10.09s, peak=14.11GB
molmo2 rgb__aligned_dataset_cut_carrot_split_seg2_cut_carrot_rgb__counting__06__input_rgb: answered, source=rgb, input=rgb, latency=10.08s, peak=14.11GB
molmo2 rgb__aligned_dataset_cut_carrot_split_seg2_cut_carrot_rgb__counting__08__input_rgb: answered, source=rgb, input=rgb, latency=10.10s, peak=14.11GB
molmo2 rgb__aligned_dataset_cut_carrot_split_seg2_cut_carrot_rgb__counting__10__input_rgb: answered, source=rgb, input=rgb, latency=10.10s, peak=14.11GB
molmo2 rgb__aligned_dataset_cut_carrot_split_seg2_cut_carrot_rgb__dynamic_counting__01__input_rgb: answered, source=rgb, input=rgb, latency=10.13s, peak=14.11GB
molmo2 rgb__aligned_dataset_cut_carrot_split_seg2_cut_carrot_rgb__dynamic_counting__02__input_rgb: answered, source=rgb, input=rgb, latency=10.02s, peak=14.11GB
molmo2 rgb__aligned_dataset_cut_carrot_split_seg2_cut_carrot_rgb__dynamic_counting__05__input_rgb: answered, source=rgb, input=rgb, latency=10.05s, peak=14.11GB
molmo2 rgb__aligned_dataset_cut_carrot_split_seg2_cut_carrot_rgb__dynamic_counting__06__input_rgb: answered, source=rgb, input=rgb, latency=10.05s, peak=14.11GB
molmo2 rgb__aligned_dataset_cut_carrot_split_seg2_cut_carrot_rgb__dynamic_counting__07__input_rgb: answered, source=rgb, input=rgb, latency=10.10s, peak=14.11GB
molmo2 rgb__aligned_dataset_cut_carrot_split_seg2_cut_carrot_rgb__dynamic_counting__08__input_rgb: answered, source=rgb, input=rgb, latency=10.11s, peak=14.11GB
molmo2 rgb__aligned_dataset_cut_carrot_split_seg2_cut_carrot_rgb__non_common__01__input_rgb: answered, source=rgb, input=rgb, latency=10.11s, peak=14.11GB
molmo2 rgb__aligned_dataset_cut_carrot_split_seg2_cut_carrot_rgb__navigation__01__input_rgb: answered, source=rgb, input=rgb, latency=10.04s, peak=14.11GB
molmo2 rgb__aligned_dataset_cut_carrot_split_seg2_cut_carrot_rgb__navigation__02__input_rgb: answered, source=rgb, input=rgb, latency=10.08s, peak=14.11GB
molmo2 rgb__aligned_dataset_cut_carrot_split_seg2_cut_carrot_rgb__navigation__05__input_rgb: answered, source=rgb, input=rgb, latency=10.09s, peak=14.11GB
molmo2 rgb__aligned_dataset_cut_carrot_split_seg2_cut_carrot_rgb__navigation__08__input_rgb: answered, source=rgb, input=rgb, latency=10.06s, peak=14.11GB
molmo2 rgb__aligned_dataset_cut_carrot_split_seg2_cut_carrot_rgb__navigation__10__input_rgb: answered, source=rgb, input=rgb, latency=10.11s, peak=14.11GB
molmo2 rgb__aligned_dataset_cut_carrot_split_seg2_cut_carrot_rgb__dynamic_recognition__01__input_rgb: answered, source=rgb, input=rgb, latency=10.06s, peak=14.11GB
molmo2 rgb__aligned_dataset_cut_carrot_split_seg2_cut_carrot_rgb__action__02__input_rgb: answered, source=rgb, input=rgb, latency=10.08s, peak=14.11GB
molmo2 rgb__aligned_dataset_cut_carrot_split_seg2_cut_carrot_rgb__action__04__input_rgb: answered, source=rgb, input=rgb, latency=10.10s, peak=14.11GB
molmo2 rgb__aligned_dataset_cut_carrot_split_seg2_cut_carrot_rgb__action__07__input_rgb: answered, source=rgb, input=rgb, latency=10.11s, peak=14.11GB
molmo2 event__aligned_dataset_cut_carrot_split_seg3_cut_carrot_event__event_object_recognition__01__input_rgb: answered, source=event, input=rgb, latency=10.18s, peak=14.11GB
molmo2 event__aligned_dataset_cut_carrot_split_seg3_cut_carrot_event__event_spatial_reasoning__01__input_rgb: answered, source=event, input=rgb, latency=6.35s, peak=14.11GB
molmo2 event__aligned_dataset_cut_carrot_split_seg3_cut_carrot_event__event_scene_sequence__01__input_rgb: answered, source=event, input=rgb, latency=10.13s, peak=14.11GB
molmo2 event__aligned_dataset_cut_carrot_split_seg3_cut_carrot_event__event_counting__01__input_rgb: answered, source=event, input=rgb, latency=10.08s, peak=14.11GB
molmo2 event__aligned_dataset_cut_carrot_split_seg3_cut_carrot_event__event_dynamic_counting__01__input_rgb: answered, source=event, input=rgb, latency=10.08s, peak=14.11GB
molmo2 event__aligned_dataset_cut_carrot_split_seg3_cut_carrot_event__event_navigation__01__input_rgb: answered, source=event, input=rgb, latency=10.19s, peak=14.11GB
molmo2 event__aligned_dataset_cut_carrot_split_seg3_cut_carrot_event__event_dynamic_recognition__01__input_rgb: answered, source=event, input=rgb, latency=10.07s, peak=14.11GB
molmo2 event__aligned_dataset_cut_carrot_split_seg3_cut_carrot_event__event_action__01__input_rgb: answered, source=event, input=rgb, latency=10.14s, peak=14.11GB
molmo2 event__aligned_dataset_cut_carrot_split_seg3_cut_carrot_event__event_non_common__01__input_rgb: answered, source=event, input=rgb, latency=10.10s, peak=14.11GB
molmo2 depth__cut_carrot_split_seg3_cut_carrot__depth_object_recognition__01__input_rgb: answered, source=depth, input=rgb, latency=10.11s, peak=14.11GB
molmo2 depth__cut_carrot_split_seg3_cut_carrot__depth_spatial_reasoning__01__input_rgb: answered, source=depth, input=rgb, latency=10.10s, peak=14.11GB
molmo2 depth__cut_carrot_split_seg3_cut_carrot__depth_scene_sequence__01__input_rgb: answered, source=depth, input=rgb, latency=10.07s, peak=14.11GB
molmo2 depth__cut_carrot_split_seg3_cut_carrot__depth_navigation__01__input_rgb: answered, source=depth, input=rgb, latency=5.09s, peak=14.11GB
molmo2 depth__cut_carrot_split_seg3_cut_carrot__depth_non_common__01__input_rgb: answered, source=depth, input=rgb, latency=10.08s, peak=14.11GB
molmo2 ir__aligned_dataset_cut_carrot_split_seg3_cut_carrot_ir__object_recognition__01__input_rgb: answered, source=ir, input=rgb, latency=10.10s, peak=14.11GB
molmo2 ir__aligned_dataset_cut_carrot_split_seg3_cut_carrot_ir__spatial_reasoning__01__input_rgb: answered, source=ir, input=rgb, latency=10.09s, peak=14.11GB
molmo2 ir__aligned_dataset_cut_carrot_split_seg3_cut_carrot_ir__text_recognition__01__input_rgb: answered, source=ir, input=rgb, latency=10.11s, peak=14.11GB
molmo2 ir__aligned_dataset_cut_carrot_split_seg3_cut_carrot_ir__scene_sequence__01__input_rgb: answered, source=ir, input=rgb, latency=10.08s, peak=14.11GB
molmo2 ir__aligned_dataset_cut_carrot_split_seg3_cut_carrot_ir__light_recognition__01__input_rgb: answered, source=ir, input=rgb, latency=10.11s, peak=14.11GB
molmo2 ir__aligned_dataset_cut_carrot_split_seg3_cut_carrot_ir__light_change__01__input_rgb: answered, source=ir, input=rgb, latency=10.09s, peak=14.11GB
molmo2 ir__aligned_dataset_cut_carrot_split_seg3_cut_carrot_ir__counting__01__input_rgb: answered, source=ir, input=rgb, latency=10.10s, peak=14.11GB
molmo2 ir__aligned_dataset_cut_carrot_split_seg3_cut_carrot_ir__dynamic_counting__01__input_rgb: answered, source=ir, input=rgb, latency=10.05s, peak=14.11GB
molmo2 ir__aligned_dataset_cut_carrot_split_seg3_cut_carrot_ir__non_common__01__input_rgb: answered, source=ir, input=rgb, latency=10.08s, peak=14.11GB
molmo2 ir__aligned_dataset_cut_carrot_split_seg3_cut_carrot_ir__navigation__01__input_rgb: answered, source=ir, input=rgb, latency=10.13s, peak=14.11GB
molmo2 ir__aligned_dataset_cut_carrot_split_seg3_cut_carrot_ir__dynamic_recognition__01__input_rgb: answered, source=ir, input=rgb, latency=10.10s, peak=14.11GB
molmo2 ir__aligned_dataset_cut_carrot_split_seg3_cut_carrot_ir__action__01__input_rgb: answered, source=ir, input=rgb, latency=10.07s, peak=14.11GB
molmo2 rgb__aligned_dataset_cut_carrot_split_seg3_cut_carrot_rgb__object_recognition__01__input_rgb: answered, source=rgb, input=rgb, latency=10.09s, peak=14.11GB
molmo2 rgb__aligned_dataset_cut_carrot_split_seg3_cut_carrot_rgb__spatial_reasoning__01__input_rgb: answered, source=rgb, input=rgb, latency=10.07s, peak=14.11GB
molmo2 rgb__aligned_dataset_cut_carrot_split_seg3_cut_carrot_rgb__text_recognition__01__input_rgb: answered, source=rgb, input=rgb, latency=10.12s, peak=14.11GB
molmo2 rgb__aligned_dataset_cut_carrot_split_seg3_cut_carrot_rgb__text_recognition__02__input_rgb: answered, source=rgb, input=rgb, latency=10.09s, peak=14.11GB
molmo2 rgb__aligned_dataset_cut_carrot_split_seg3_cut_carrot_rgb__text_recognition__03__input_rgb: answered, source=rgb, input=rgb, latency=10.08s, peak=14.11GB
molmo2 rgb__aligned_dataset_cut_carrot_split_seg3_cut_carrot_rgb__text_recognition__04__input_rgb: answered, source=rgb, input=rgb, latency=10.07s, peak=14.11GB
molmo2 rgb__aligned_dataset_cut_carrot_split_seg3_cut_carrot_rgb__text_recognition__05__input_rgb: answered, source=rgb, input=rgb, latency=4.69s, peak=14.11GB
molmo2 rgb__aligned_dataset_cut_carrot_split_seg3_cut_carrot_rgb__text_recognition__06__input_rgb: answered, source=rgb, input=rgb, latency=10.11s, peak=14.11GB
molmo2 rgb__aligned_dataset_cut_carrot_split_seg3_cut_carrot_rgb__text_recognition__07__input_rgb: answered, source=rgb, input=rgb, latency=10.15s, peak=14.11GB
molmo2 rgb__aligned_dataset_cut_carrot_split_seg3_cut_carrot_rgb__text_recognition__08__input_rgb: answered, source=rgb, input=rgb, latency=10.14s, peak=14.11GB
molmo2 rgb__aligned_dataset_cut_carrot_split_seg3_cut_carrot_rgb__scene_sequence__02__input_rgb: answered, source=rgb, input=rgb, latency=10.13s, peak=14.11GB
molmo2 rgb__aligned_dataset_cut_carrot_split_seg3_cut_carrot_rgb__scene_sequence__03__input_rgb: answered, source=rgb, input=rgb, latency=10.15s, peak=14.11GB
molmo2 rgb__aligned_dataset_cut_carrot_split_seg3_cut_carrot_rgb__scene_sequence__05__input_rgb: answered, source=rgb, input=rgb, latency=10.15s, peak=14.11GB
molmo2 rgb__aligned_dataset_cut_carrot_split_seg3_cut_carrot_rgb__scene_sequence__08__input_rgb: answered, source=rgb, input=rgb, latency=10.18s, peak=14.11GB
molmo2 rgb__aligned_dataset_cut_carrot_split_seg3_cut_carrot_rgb__light_recognition__01__input_rgb: answered, source=rgb, input=rgb, latency=10.07s, peak=14.11GB
molmo2 rgb__aligned_dataset_cut_carrot_split_seg3_cut_carrot_rgb__light_change__01__input_rgb: answered, source=rgb, input=rgb, latency=10.08s, peak=14.11GB
molmo2 rgb__aligned_dataset_cut_carrot_split_seg3_cut_carrot_rgb__light_change__02__input_rgb: answered, source=rgb, input=rgb, latency=10.10s, peak=14.11GB
molmo2 rgb__aligned_dataset_cut_carrot_split_seg3_cut_carrot_rgb__light_change__03__input_rgb: answered, source=rgb, input=rgb, latency=10.09s, peak=14.11GB
molmo2 rgb__aligned_dataset_cut_carrot_split_seg3_cut_carrot_rgb__light_change__04__input_rgb: answered, source=rgb, input=rgb, latency=10.08s, peak=14.11GB
molmo2 rgb__aligned_dataset_cut_carrot_split_seg3_cut_carrot_rgb__light_change__05__input_rgb: answered, source=rgb, input=rgb, latency=10.05s, peak=14.11GB
molmo2 rgb__aligned_dataset_cut_carrot_split_seg3_cut_carrot_rgb__light_change__07__input_rgb: answered, source=rgb, input=rgb, latency=10.05s, peak=14.11GB
molmo2 rgb__aligned_dataset_cut_carrot_split_seg3_cut_carrot_rgb__light_change__08__input_rgb: answered, source=rgb, input=rgb, latency=10.18s, peak=14.11GB
molmo2 rgb__aligned_dataset_cut_carrot_split_seg3_cut_carrot_rgb__counting__01__input_rgb: answered, source=rgb, input=rgb, latency=4.37s, peak=14.11GB
molmo2 rgb__aligned_dataset_cut_carrot_split_seg3_cut_carrot_rgb__counting__02__input_rgb: answered, source=rgb, input=rgb, latency=10.19s, peak=14.11GB
molmo2 rgb__aligned_dataset_cut_carrot_split_seg3_cut_carrot_rgb__counting__03__input_rgb: answered, source=rgb, input=rgb, latency=10.09s, peak=14.11GB
molmo2 rgb__aligned_dataset_cut_carrot_split_seg3_cut_carrot_rgb__counting__04__input_rgb: answered, source=rgb, input=rgb, latency=10.10s, peak=14.11GB
molmo2 rgb__aligned_dataset_cut_carrot_split_seg3_cut_carrot_rgb__counting__06__input_rgb: answered, source=rgb, input=rgb, latency=10.10s, peak=14.11GB
molmo2 rgb__aligned_dataset_cut_carrot_split_seg3_cut_carrot_rgb__counting__09__input_rgb: answered, source=rgb, input=rgb, latency=10.11s, peak=14.11GB
molmo2 rgb__aligned_dataset_cut_carrot_split_seg3_cut_carrot_rgb__counting__10__input_rgb: answered, source=rgb, input=rgb, latency=10.17s, peak=14.11GB
molmo2 rgb__aligned_dataset_cut_carrot_split_seg3_cut_carrot_rgb__dynamic_counting__02__input_rgb: answered, source=rgb, input=rgb, latency=10.13s, peak=14.11GB
molmo2 rgb__aligned_dataset_cut_carrot_split_seg3_cut_carrot_rgb__dynamic_counting__03__input_rgb: answered, source=rgb, input=rgb, latency=10.04s, peak=14.11GB
molmo2 rgb__aligned_dataset_cut_carrot_split_seg3_cut_carrot_rgb__dynamic_counting__04__input_rgb: answered, source=rgb, input=rgb, latency=10.07s, peak=14.11GB
molmo2 rgb__aligned_dataset_cut_carrot_split_seg3_cut_carrot_rgb__dynamic_counting__06__input_rgb: answered, source=rgb, input=rgb, latency=10.11s, peak=14.11GB
molmo2 rgb__aligned_dataset_cut_carrot_split_seg3_cut_carrot_rgb__dynamic_counting__07__input_rgb: answered, source=rgb, input=rgb, latency=10.10s, peak=14.11GB
molmo2 rgb__aligned_dataset_cut_carrot_split_seg3_cut_carrot_rgb__dynamic_counting__08__input_rgb: answered, source=rgb, input=rgb, latency=10.08s, peak=14.11GB
molmo2 rgb__aligned_dataset_cut_carrot_split_seg3_cut_carrot_rgb__non_common__01__input_rgb: answered, source=rgb, input=rgb, latency=10.13s, peak=14.11GB
molmo2 rgb__aligned_dataset_cut_carrot_split_seg3_cut_carrot_rgb__navigation__01__input_rgb: answered, source=rgb, input=rgb, latency=10.13s, peak=14.11GB
molmo2 rgb__aligned_dataset_cut_carrot_split_seg3_cut_carrot_rgb__navigation__10__input_rgb: answered, source=rgb, input=rgb, latency=10.13s, peak=14.11GB
molmo2 rgb__aligned_dataset_cut_carrot_split_seg3_cut_carrot_rgb__dynamic_recognition__01__input_rgb: answered, source=rgb, input=rgb, latency=10.18s, peak=14.11GB
molmo2 rgb__aligned_dataset_cut_carrot_split_seg3_cut_carrot_rgb__action__01__input_rgb: answered, source=rgb, input=rgb, latency=10.14s, peak=14.11GB
molmo2 rgb__aligned_dataset_cut_carrot_split_seg3_cut_carrot_rgb__action__02__input_rgb: answered, source=rgb, input=rgb, latency=10.13s, peak=14.11GB
molmo2 rgb__aligned_dataset_cut_carrot_split_seg3_cut_carrot_rgb__action__03__input_rgb: answered, source=rgb, input=rgb, latency=10.13s, peak=14.11GB
molmo2 rgb__aligned_dataset_cut_carrot_split_seg3_cut_carrot_rgb__action__04__input_rgb: answered, source=rgb, input=rgb, latency=10.15s, peak=14.11GB
molmo2 rgb__aligned_dataset_cut_carrot_split_seg3_cut_carrot_rgb__action__05__input_rgb: answered, source=rgb, input=rgb, latency=6.37s, peak=14.11GB
molmo2 rgb__aligned_dataset_cut_carrot_split_seg3_cut_carrot_rgb__action__06__input_rgb: answered, source=rgb, input=rgb, latency=10.04s, peak=14.11GB
molmo2 rgb__aligned_dataset_cut_carrot_split_seg3_cut_carrot_rgb__action__07__input_rgb: answered, source=rgb, input=rgb, latency=10.04s, peak=14.11GB
molmo2 event__aligned_dataset_cut_carrot_split_seg4_cut_carrot_event__event_object_recognition__01__input_rgb: answered, source=event, input=rgb, latency=10.14s, peak=14.11GB
molmo2 event__aligned_dataset_cut_carrot_split_seg4_cut_carrot_event__event_spatial_reasoning__01__input_rgb: answered, source=event, input=rgb, latency=10.07s, peak=14.11GB
molmo2 event__aligned_dataset_cut_carrot_split_seg4_cut_carrot_event__event_scene_sequence__01__input_rgb: answered, source=event, input=rgb, latency=4.74s, peak=14.11GB
molmo2 event__aligned_dataset_cut_carrot_split_seg4_cut_carrot_event__event_counting__01__input_rgb: answered, source=event, input=rgb, latency=10.09s, peak=14.11GB
molmo2 event__aligned_dataset_cut_carrot_split_seg4_cut_carrot_event__event_dynamic_counting__01__input_rgb: answered, source=event, input=rgb, latency=10.10s, peak=14.11GB
molmo2 event__aligned_dataset_cut_carrot_split_seg4_cut_carrot_event__event_navigation__01__input_rgb: answered, source=event, input=rgb, latency=10.09s, peak=14.11GB
molmo2 event__aligned_dataset_cut_carrot_split_seg4_cut_carrot_event__event_dynamic_recognition__01__input_rgb: answered, source=event, input=rgb, latency=10.10s, peak=14.11GB
molmo2 event__aligned_dataset_cut_carrot_split_seg4_cut_carrot_event__event_non_common__01__input_rgb: answered, source=event, input=rgb, latency=10.06s, peak=14.11GB
molmo2 depth__cut_carrot_split_seg4_cut_carrot__depth_object_recognition__01__input_rgb: answered, source=depth, input=rgb, latency=10.11s, peak=14.11GB
molmo2 depth__cut_carrot_split_seg4_cut_carrot__depth_spatial_reasoning__01__input_rgb: answered, source=depth, input=rgb, latency=10.12s, peak=14.11GB
molmo2 depth__cut_carrot_split_seg4_cut_carrot__depth_scene_sequence__01__input_rgb: answered, source=depth, input=rgb, latency=10.10s, peak=14.11GB
molmo2 depth__cut_carrot_split_seg4_cut_carrot__depth_counting__01__input_rgb: answered, source=depth, input=rgb, latency=10.07s, peak=14.11GB
molmo2 depth__cut_carrot_split_seg4_cut_carrot__depth_dynamic_counting__01__input_rgb: answered, source=depth, input=rgb, latency=7.57s, peak=14.11GB
molmo2 depth__cut_carrot_split_seg4_cut_carrot__depth_navigation__01__input_rgb: answered, source=depth, input=rgb, latency=10.10s, peak=14.11GB
molmo2 depth__cut_carrot_split_seg4_cut_carrot__depth_dynamic_recognition__01__input_rgb: answered, source=depth, input=rgb, latency=10.05s, peak=14.11GB
molmo2 depth__cut_carrot_split_seg4_cut_carrot__depth_action__01__input_rgb: answered, source=depth, input=rgb, latency=10.05s, peak=14.11GB
molmo2 depth__cut_carrot_split_seg4_cut_carrot__depth_non_common__01__input_rgb: answered, source=depth, input=rgb, latency=10.11s, peak=14.11GB
molmo2 ir__aligned_dataset_cut_carrot_split_seg4_cut_carrot_ir__object_recognition__01__input_rgb: answered, source=ir, input=rgb, latency=10.06s, peak=14.11GB
molmo2 ir__aligned_dataset_cut_carrot_split_seg4_cut_carrot_ir__spatial_reasoning__01__input_rgb: answered, source=ir, input=rgb, latency=10.08s, peak=14.11GB
molmo2 ir__aligned_dataset_cut_carrot_split_seg4_cut_carrot_ir__text_recognition__01__input_rgb: answered, source=ir, input=rgb, latency=10.11s, peak=14.11GB
molmo2 ir__aligned_dataset_cut_carrot_split_seg4_cut_carrot_ir__text_recognition__02__input_rgb: answered, source=ir, input=rgb, latency=10.07s, peak=14.11GB
molmo2 ir__aligned_dataset_cut_carrot_split_seg4_cut_carrot_ir__text_recognition__03__input_rgb: answered, source=ir, input=rgb, latency=10.06s, peak=14.11GB
molmo2 ir__aligned_dataset_cut_carrot_split_seg4_cut_carrot_ir__text_recognition__04__input_rgb: answered, source=ir, input=rgb, latency=10.12s, peak=14.11GB
molmo2 ir__aligned_dataset_cut_carrot_split_seg4_cut_carrot_ir__text_recognition__05__input_rgb: answered, source=ir, input=rgb, latency=10.13s, peak=14.11GB
molmo2 ir__aligned_dataset_cut_carrot_split_seg4_cut_carrot_ir__text_recognition__06__input_rgb: answered, source=ir, input=rgb, latency=10.06s, peak=14.11GB
molmo2 ir__aligned_dataset_cut_carrot_split_seg4_cut_carrot_ir__text_recognition__07__input_rgb: answered, source=ir, input=rgb, latency=10.11s, peak=14.11GB
molmo2 ir__aligned_dataset_cut_carrot_split_seg4_cut_carrot_ir__text_recognition__08__input_rgb: answered, source=ir, input=rgb, latency=10.05s, peak=14.11GB
molmo2 ir__aligned_dataset_cut_carrot_split_seg4_cut_carrot_ir__scene_sequence__01__input_rgb: answered, source=ir, input=rgb, latency=10.02s, peak=14.11GB
molmo2 ir__aligned_dataset_cut_carrot_split_seg4_cut_carrot_ir__scene_sequence__02__input_rgb: answered, source=ir, input=rgb, latency=10.09s, peak=14.11GB
molmo2 ir__aligned_dataset_cut_carrot_split_seg4_cut_carrot_ir__scene_sequence__04__input_rgb: answered, source=ir, input=rgb, latency=10.09s, peak=14.11GB
molmo2 ir__aligned_dataset_cut_carrot_split_seg4_cut_carrot_ir__scene_sequence__05__input_rgb: answered, source=ir, input=rgb, latency=6.07s, peak=14.11GB
molmo2 ir__aligned_dataset_cut_carrot_split_seg4_cut_carrot_ir__scene_sequence__06__input_rgb: answered, source=ir, input=rgb, latency=10.05s, peak=14.11GB
molmo2 ir__aligned_dataset_cut_carrot_split_seg4_cut_carrot_ir__scene_sequence__07__input_rgb: answered, source=ir, input=rgb, latency=10.09s, peak=14.11GB
molmo2 ir__aligned_dataset_cut_carrot_split_seg4_cut_carrot_ir__scene_sequence__08__input_rgb: answered, source=ir, input=rgb, latency=4.86s, peak=14.11GB
molmo2 ir__aligned_dataset_cut_carrot_split_seg4_cut_carrot_ir__light_recognition__01__input_rgb: answered, source=ir, input=rgb, latency=10.09s, peak=14.11GB
molmo2 ir__aligned_dataset_cut_carrot_split_seg4_cut_carrot_ir__light_change__01__input_rgb: answered, source=ir, input=rgb, latency=10.08s, peak=14.11GB
molmo2 ir__aligned_dataset_cut_carrot_split_seg4_cut_carrot_ir__light_change__02__input_rgb: answered, source=ir, input=rgb, latency=10.07s, peak=14.11GB
molmo2 ir__aligned_dataset_cut_carrot_split_seg4_cut_carrot_ir__light_change__03__input_rgb: answered, source=ir, input=rgb, latency=10.08s, peak=14.11GB
molmo2 ir__aligned_dataset_cut_carrot_split_seg4_cut_carrot_ir__light_change__04__input_rgb: answered, source=ir, input=rgb, latency=10.13s, peak=14.11GB
molmo2 ir__aligned_dataset_cut_carrot_split_seg4_cut_carrot_ir__light_change__05__input_rgb: answered, source=ir, input=rgb, latency=10.06s, peak=14.11GB
molmo2 ir__aligned_dataset_cut_carrot_split_seg4_cut_carrot_ir__light_change__06__input_rgb: answered, source=ir, input=rgb, latency=10.04s, peak=14.11GB
molmo2 ir__aligned_dataset_cut_carrot_split_seg4_cut_carrot_ir__light_change__07__input_rgb: answered, source=ir, input=rgb, latency=10.10s, peak=14.11GB
molmo2 ir__aligned_dataset_cut_carrot_split_seg4_cut_carrot_ir__light_change__08__input_rgb: answered, source=ir, input=rgb, latency=10.08s, peak=14.11GB
molmo2 ir__aligned_dataset_cut_carrot_split_seg4_cut_carrot_ir__counting__01__input_rgb: answered, source=ir, input=rgb, latency=10.08s, peak=14.11GB
molmo2 ir__aligned_dataset_cut_carrot_split_seg4_cut_carrot_ir__counting__02__input_rgb: answered, source=ir, input=rgb, latency=10.10s, peak=14.11GB
molmo2 ir__aligned_dataset_cut_carrot_split_seg4_cut_carrot_ir__counting__03__input_rgb: answered, source=ir, input=rgb, latency=10.07s, peak=14.11GB
molmo2 ir__aligned_dataset_cut_carrot_split_seg4_cut_carrot_ir__counting__04__input_rgb: answered, source=ir, input=rgb, latency=10.10s, peak=14.11GB
molmo2 ir__aligned_dataset_cut_carrot_split_seg4_cut_carrot_ir__counting__05__input_rgb: answered, source=ir, input=rgb, latency=10.07s, peak=14.11GB
molmo2 ir__aligned_dataset_cut_carrot_split_seg4_cut_carrot_ir__counting__08__input_rgb: answered, source=ir, input=rgb, latency=10.13s, peak=14.11GB
molmo2 ir__aligned_dataset_cut_carrot_split_seg4_cut_carrot_ir__dynamic_counting__07__input_rgb: answered, source=ir, input=rgb, latency=10.14s, peak=14.11GB
molmo2 ir__aligned_dataset_cut_carrot_split_seg4_cut_carrot_ir__dynamic_counting__08__input_rgb: answered, source=ir, input=rgb, latency=10.05s, peak=14.11GB
molmo2 ir__aligned_dataset_cut_carrot_split_seg4_cut_carrot_ir__non_common__01__input_rgb: answered, source=ir, input=rgb, latency=10.13s, peak=14.11GB
molmo2 ir__aligned_dataset_cut_carrot_split_seg4_cut_carrot_ir__navigation__01__input_rgb: answered, source=ir, input=rgb, latency=10.03s, peak=14.11GB
molmo2 ir__aligned_dataset_cut_carrot_split_seg4_cut_carrot_ir__navigation__02__input_rgb: answered, source=ir, input=rgb, latency=10.07s, peak=14.11GB
molmo2 ir__aligned_dataset_cut_carrot_split_seg4_cut_carrot_ir__navigation__03__input_rgb: answered, source=ir, input=rgb, latency=10.09s, peak=14.11GB
molmo2 ir__aligned_dataset_cut_carrot_split_seg4_cut_carrot_ir__navigation__04__input_rgb: answered, source=ir, input=rgb, latency=10.10s, peak=14.11GB
molmo2 ir__aligned_dataset_cut_carrot_split_seg4_cut_carrot_ir__navigation__06__input_rgb: answered, source=ir, input=rgb, latency=10.09s, peak=14.11GB
molmo2 ir__aligned_dataset_cut_carrot_split_seg4_cut_carrot_ir__navigation__07__input_rgb: answered, source=ir, input=rgb, latency=10.14s, peak=14.11GB
molmo2 ir__aligned_dataset_cut_carrot_split_seg4_cut_carrot_ir__navigation__08__input_rgb: answered, source=ir, input=rgb, latency=10.13s, peak=14.11GB
molmo2 ir__aligned_dataset_cut_carrot_split_seg4_cut_carrot_ir__navigation__09__input_rgb: answered, source=ir, input=rgb, latency=10.09s, peak=14.11GB
molmo2 ir__aligned_dataset_cut_carrot_split_seg4_cut_carrot_ir__navigation__10__input_rgb: answered, source=ir, input=rgb, latency=10.09s, peak=14.11GB
molmo2 ir__aligned_dataset_cut_carrot_split_seg4_cut_carrot_ir__dynamic_recognition__01__input_rgb: answered, source=ir, input=rgb, latency=10.05s, peak=14.11GB
molmo2 ir__aligned_dataset_cut_carrot_split_seg4_cut_carrot_ir__dynamic_recognition__02__input_rgb: answered, source=ir, input=rgb, latency=10.08s, peak=14.11GB
molmo2 ir__aligned_dataset_cut_carrot_split_seg4_cut_carrot_ir__dynamic_recognition__03__input_rgb: answered, source=ir, input=rgb, latency=7.61s, peak=14.11GB
molmo2 ir__aligned_dataset_cut_carrot_split_seg4_cut_carrot_ir__dynamic_recognition__04__input_rgb: answered, source=ir, input=rgb, latency=10.14s, peak=14.11GB
molmo2 ir__aligned_dataset_cut_carrot_split_seg4_cut_carrot_ir__action__01__input_rgb: answered, source=ir, input=rgb, latency=10.18s, peak=14.11GB
molmo2 ir__aligned_dataset_cut_carrot_split_seg4_cut_carrot_ir__action__02__input_rgb: answered, source=ir, input=rgb, latency=10.10s, peak=14.11GB
molmo2 ir__aligned_dataset_cut_carrot_split_seg4_cut_carrot_ir__action__03__input_rgb: answered, source=ir, input=rgb, latency=10.06s, peak=14.11GB
molmo2 ir__aligned_dataset_cut_carrot_split_seg4_cut_carrot_ir__action__05__input_rgb: answered, source=ir, input=rgb, latency=10.10s, peak=14.11GB
molmo2 ir__aligned_dataset_cut_carrot_split_seg4_cut_carrot_ir__action__06__input_rgb: answered, source=ir, input=rgb, latency=10.06s, peak=14.11GB
molmo2 rgb__aligned_dataset_cut_carrot_split_seg4_cut_carrot_rgb__object_recognition__01__input_rgb: answered, source=rgb, input=rgb, latency=10.09s, peak=14.11GB
molmo2 rgb__aligned_dataset_cut_carrot_split_seg4_cut_carrot_rgb__spatial_reasoning__01__input_rgb: answered, source=rgb, input=rgb, latency=10.13s, peak=14.11GB
molmo2 rgb__aligned_dataset_cut_carrot_split_seg4_cut_carrot_rgb__text_recognition__01__input_rgb: answered, source=rgb, input=rgb, latency=10.09s, peak=14.11GB
molmo2 rgb__aligned_dataset_cut_carrot_split_seg4_cut_carrot_rgb__text_recognition__02__input_rgb: answered, source=rgb, input=rgb, latency=10.10s, peak=14.11GB
molmo2 rgb__aligned_dataset_cut_carrot_split_seg4_cut_carrot_rgb__text_recognition__04__input_rgb: answered, source=rgb, input=rgb, latency=10.06s, peak=14.11GB
molmo2 rgb__aligned_dataset_cut_carrot_split_seg4_cut_carrot_rgb__text_recognition__06__input_rgb: answered, source=rgb, input=rgb, latency=10.08s, peak=14.11GB
molmo2 rgb__aligned_dataset_cut_carrot_split_seg4_cut_carrot_rgb__text_recognition__07__input_rgb: answered, source=rgb, input=rgb, latency=10.09s, peak=14.11GB
molmo2 rgb__aligned_dataset_cut_carrot_split_seg4_cut_carrot_rgb__scene_sequence__01__input_rgb: answered, source=rgb, input=rgb, latency=10.06s, peak=14.11GB
molmo2 rgb__aligned_dataset_cut_carrot_split_seg4_cut_carrot_rgb__scene_sequence__02__input_rgb: answered, source=rgb, input=rgb, latency=10.07s, peak=14.11GB
molmo2 rgb__aligned_dataset_cut_carrot_split_seg4_cut_carrot_rgb__scene_sequence__03__input_rgb: answered, source=rgb, input=rgb, latency=10.10s, peak=14.11GB
molmo2 rgb__aligned_dataset_cut_carrot_split_seg4_cut_carrot_rgb__scene_sequence__05__input_rgb: answered, source=rgb, input=rgb, latency=10.16s, peak=14.11GB
molmo2 rgb__aligned_dataset_cut_carrot_split_seg4_cut_carrot_rgb__scene_sequence__09__input_rgb: answered, source=rgb, input=rgb, latency=10.10s, peak=14.11GB
molmo2 rgb__aligned_dataset_cut_carrot_split_seg4_cut_carrot_rgb__scene_sequence__10__input_rgb: answered, source=rgb, input=rgb, latency=10.11s, peak=14.11GB
molmo2 rgb__aligned_dataset_cut_carrot_split_seg4_cut_carrot_rgb__light_recognition__01__input_rgb: answered, source=rgb, input=rgb, latency=10.07s, peak=14.11GB
molmo2 rgb__aligned_dataset_cut_carrot_split_seg4_cut_carrot_rgb__light_change__01__input_rgb: answered, source=rgb, input=rgb, latency=10.08s, peak=14.11GB
molmo2 rgb__aligned_dataset_cut_carrot_split_seg4_cut_carrot_rgb__light_change__02__input_rgb: answered, source=rgb, input=rgb, latency=10.10s, peak=14.11GB
molmo2 rgb__aligned_dataset_cut_carrot_split_seg4_cut_carrot_rgb__light_change__03__input_rgb: answered, source=rgb, input=rgb, latency=10.10s, peak=14.11GB
molmo2 rgb__aligned_dataset_cut_carrot_split_seg4_cut_carrot_rgb__light_change__05__input_rgb: answered, source=rgb, input=rgb, latency=10.12s, peak=14.11GB
molmo2 rgb__aligned_dataset_cut_carrot_split_seg4_cut_carrot_rgb__light_change__06__input_rgb: answered, source=rgb, input=rgb, latency=10.10s, peak=14.11GB
molmo2 rgb__aligned_dataset_cut_carrot_split_seg4_cut_carrot_rgb__light_change__07__input_rgb: answered, source=rgb, input=rgb, latency=10.12s, peak=14.11GB
molmo2 rgb__aligned_dataset_cut_carrot_split_seg4_cut_carrot_rgb__light_change__08__input_rgb: answered, source=rgb, input=rgb, latency=10.12s, peak=14.11GB
molmo2 rgb__aligned_dataset_cut_carrot_split_seg4_cut_carrot_rgb__counting__01__input_rgb: answered, source=rgb, input=rgb, latency=10.11s, peak=14.11GB
molmo2 rgb__aligned_dataset_cut_carrot_split_seg4_cut_carrot_rgb__counting__02__input_rgb: answered, source=rgb, input=rgb, latency=10.06s, peak=14.11GB
molmo2 rgb__aligned_dataset_cut_carrot_split_seg4_cut_carrot_rgb__counting__03__input_rgb: answered, source=rgb, input=rgb, latency=10.13s, peak=14.11GB
molmo2 rgb__aligned_dataset_cut_carrot_split_seg4_cut_carrot_rgb__counting__04__input_rgb: answered, source=rgb, input=rgb, latency=10.11s, peak=14.11GB
molmo2 rgb__aligned_dataset_cut_carrot_split_seg4_cut_carrot_rgb__counting__06__input_rgb: answered, source=rgb, input=rgb, latency=10.11s, peak=14.11GB
molmo2 rgb__aligned_dataset_cut_carrot_split_seg4_cut_carrot_rgb__counting__09__input_rgb: answered, source=rgb, input=rgb, latency=10.13s, peak=14.11GB
molmo2 rgb__aligned_dataset_cut_carrot_split_seg4_cut_carrot_rgb__dynamic_counting__01__input_rgb: answered, source=rgb, input=rgb, latency=10.12s, peak=14.11GB
molmo2 rgb__aligned_dataset_cut_carrot_split_seg4_cut_carrot_rgb__dynamic_counting__02__input_rgb: answered, source=rgb, input=rgb, latency=10.11s, peak=14.11GB
molmo2 rgb__aligned_dataset_cut_carrot_split_seg4_cut_carrot_rgb__dynamic_counting__03__input_rgb: answered, source=rgb, input=rgb, latency=10.11s, peak=14.11GB
molmo2 rgb__aligned_dataset_cut_carrot_split_seg4_cut_carrot_rgb__dynamic_counting__04__input_rgb: answered, source=rgb, input=rgb, latency=10.10s, peak=14.11GB
molmo2 rgb__aligned_dataset_cut_carrot_split_seg4_cut_carrot_rgb__dynamic_counting__05__input_rgb: answered, source=rgb, input=rgb, latency=10.10s, peak=14.11GB
molmo2 rgb__aligned_dataset_cut_carrot_split_seg4_cut_carrot_rgb__dynamic_counting__06__input_rgb: answered, source=rgb, input=rgb, latency=10.14s, peak=14.11GB
molmo2 rgb__aligned_dataset_cut_carrot_split_seg4_cut_carrot_rgb__dynamic_counting__07__input_rgb: answered, source=rgb, input=rgb, latency=10.16s, peak=14.11GB
molmo2 rgb__aligned_dataset_cut_carrot_split_seg4_cut_carrot_rgb__dynamic_counting__08__input_rgb: answered, source=rgb, input=rgb, latency=10.15s, peak=14.11GB
molmo2 rgb__aligned_dataset_cut_carrot_split_seg4_cut_carrot_rgb__non_common__01__input_rgb: answered, source=rgb, input=rgb, latency=10.17s, peak=14.11GB
molmo2 rgb__aligned_dataset_cut_carrot_split_seg4_cut_carrot_rgb__navigation__01__input_rgb: answered, source=rgb, input=rgb, latency=10.13s, peak=14.11GB
molmo2 rgb__aligned_dataset_cut_carrot_split_seg4_cut_carrot_rgb__navigation__03__input_rgb: answered, source=rgb, input=rgb, latency=10.15s, peak=14.11GB
molmo2 rgb__aligned_dataset_cut_carrot_split_seg4_cut_carrot_rgb__navigation__04__input_rgb: answered, source=rgb, input=rgb, latency=10.15s, peak=14.11GB
molmo2 rgb__aligned_dataset_cut_carrot_split_seg4_cut_carrot_rgb__navigation__06__input_rgb: answered, source=rgb, input=rgb, latency=10.06s, peak=14.11GB
molmo2 rgb__aligned_dataset_cut_carrot_split_seg4_cut_carrot_rgb__navigation__07__input_rgb: answered, source=rgb, input=rgb, latency=10.05s, peak=14.11GB
molmo2 rgb__aligned_dataset_cut_carrot_split_seg4_cut_carrot_rgb__navigation__08__input_rgb: answered, source=rgb, input=rgb, latency=10.07s, peak=14.11GB
molmo2 rgb__aligned_dataset_cut_carrot_split_seg4_cut_carrot_rgb__action__01__input_rgb: answered, source=rgb, input=rgb, latency=10.15s, peak=14.11GB
molmo2 rgb__aligned_dataset_cut_carrot_split_seg4_cut_carrot_rgb__action__02__input_rgb: answered, source=rgb, input=rgb, latency=10.09s, peak=14.11GB
molmo2 rgb__aligned_dataset_cut_carrot_split_seg4_cut_carrot_rgb__action__03__input_rgb: answered, source=rgb, input=rgb, latency=10.13s, peak=14.11GB
molmo2 rgb__aligned_dataset_cut_carrot_split_seg4_cut_carrot_rgb__action__04__input_rgb: answered, source=rgb, input=rgb, latency=10.13s, peak=14.11GB
molmo2 rgb__aligned_dataset_cut_carrot_split_seg4_cut_carrot_rgb__action__05__input_rgb: answered, source=rgb, input=rgb, latency=10.08s, peak=14.11GB
molmo2 rgb__aligned_dataset_cut_carrot_split_seg4_cut_carrot_rgb__action__06__input_rgb: answered, source=rgb, input=rgb, latency=10.08s, peak=14.11GB
molmo2 rgb__aligned_dataset_cut_carrot_split_seg4_cut_carrot_rgb__action__07__input_rgb: answered, source=rgb, input=rgb, latency=10.08s, peak=14.11GB
molmo2 rgb__aligned_dataset_cut_carrot_split_seg4_cut_carrot_rgb__scene_sequence__04__input_rgb: answered, source=rgb, input=rgb, latency=10.13s, peak=14.11GB
molmo2 event__aligned_dataset_cut_potato_and_carrot_split_seg1_cut_potato_and_carrot_event__event_object_recognition__01__input_rgb: answered, source=event, input=rgb, latency=10.15s, peak=14.11GB
molmo2 event__aligned_dataset_cut_potato_and_carrot_split_seg1_cut_potato_and_carrot_event__event_spatial_reasoning__01__input_rgb: answered, source=event, input=rgb, latency=10.10s, peak=14.11GB
molmo2 event__aligned_dataset_cut_potato_and_carrot_split_seg1_cut_potato_and_carrot_event__event_scene_sequence__01__input_rgb: answered, source=event, input=rgb, latency=10.12s, peak=14.11GB
molmo2 event__aligned_dataset_cut_potato_and_carrot_split_seg1_cut_potato_and_carrot_event__event_counting__01__input_rgb: answered, source=event, input=rgb, latency=10.08s, peak=14.11GB
molmo2 event__aligned_dataset_cut_potato_and_carrot_split_seg1_cut_potato_and_carrot_event__event_dynamic_counting__01__input_rgb: answered, source=event, input=rgb, latency=10.06s, peak=14.11GB
molmo2 event__aligned_dataset_cut_potato_and_carrot_split_seg1_cut_potato_and_carrot_event__event_dynamic_recognition__01__input_rgb: answered, source=event, input=rgb, latency=10.09s, peak=14.11GB
molmo2 event__aligned_dataset_cut_potato_and_carrot_split_seg1_cut_potato_and_carrot_event__event_action__01__input_rgb: answered, source=event, input=rgb, latency=10.06s, peak=14.11GB
molmo2 event__aligned_dataset_cut_potato_and_carrot_split_seg1_cut_potato_and_carrot_event__event_non_common__01__input_rgb: answered, source=event, input=rgb, latency=10.11s, peak=14.11GB
molmo2 depth__cut_potato_and_carrot_split_seg1_cut_potato_and_carrot__depth_object_recognition__01__input_rgb: answered, source=depth, input=rgb, latency=10.09s, peak=14.11GB
molmo2 depth__cut_potato_and_carrot_split_seg1_cut_potato_and_carrot__depth_spatial_reasoning__01__input_rgb: answered, source=depth, input=rgb, latency=10.09s, peak=14.11GB
molmo2 depth__cut_potato_and_carrot_split_seg1_cut_potato_and_carrot__depth_scene_sequence__01__input_rgb: answered, source=depth, input=rgb, latency=10.08s, peak=14.11GB
molmo2 depth__cut_potato_and_carrot_split_seg1_cut_potato_and_carrot__depth_dynamic_counting__01__input_rgb: answered, source=depth, input=rgb, latency=10.10s, peak=14.11GB
molmo2 depth__cut_potato_and_carrot_split_seg1_cut_potato_and_carrot__depth_navigation__01__input_rgb: answered, source=depth, input=rgb, latency=10.11s, peak=14.11GB
molmo2 depth__cut_potato_and_carrot_split_seg1_cut_potato_and_carrot__depth_dynamic_recognition__01__input_rgb: answered, source=depth, input=rgb, latency=10.12s, peak=14.11GB
molmo2 depth__cut_potato_and_carrot_split_seg1_cut_potato_and_carrot__depth_non_common__01__input_rgb: answered, source=depth, input=rgb, latency=10.11s, peak=14.11GB
molmo2 ir__aligned_dataset_cut_potato_and_carrot_split_seg1_cut_potato_and_carrot_ir__object_recognition__01__input_rgb: answered, source=ir, input=rgb, latency=10.10s, peak=14.11GB
molmo2 ir__aligned_dataset_cut_potato_and_carrot_split_seg1_cut_potato_and_carrot_ir__spatial_reasoning__01__input_rgb: answered, source=ir, input=rgb, latency=10.06s, peak=14.11GB
molmo2 ir__aligned_dataset_cut_potato_and_carrot_split_seg1_cut_potato_and_carrot_ir__text_recognition__01__input_rgb: answered, source=ir, input=rgb, latency=10.10s, peak=14.11GB
molmo2 ir__aligned_dataset_cut_potato_and_carrot_split_seg1_cut_potato_and_carrot_ir__scene_sequence__01__input_rgb: answered, source=ir, input=rgb, latency=10.13s, peak=14.11GB
molmo2 ir__aligned_dataset_cut_potato_and_carrot_split_seg1_cut_potato_and_carrot_ir__light_recognition__01__input_rgb: answered, source=ir, input=rgb, latency=10.10s, peak=14.11GB
molmo2 ir__aligned_dataset_cut_potato_and_carrot_split_seg1_cut_potato_and_carrot_ir__light_change__01__input_rgb: answered, source=ir, input=rgb, latency=10.10s, peak=14.11GB
molmo2 ir__aligned_dataset_cut_potato_and_carrot_split_seg1_cut_potato_and_carrot_ir__counting__01__input_rgb: answered, source=ir, input=rgb, latency=10.09s, peak=14.11GB
molmo2 ir__aligned_dataset_cut_potato_and_carrot_split_seg1_cut_potato_and_carrot_ir__dynamic_counting__01__input_rgb: answered, source=ir, input=rgb, latency=10.08s, peak=14.11GB
molmo2 ir__aligned_dataset_cut_potato_and_carrot_split_seg1_cut_potato_and_carrot_ir__non_common__01__input_rgb: answered, source=ir, input=rgb, latency=10.08s, peak=14.11GB
molmo2 ir__aligned_dataset_cut_potato_and_carrot_split_seg1_cut_potato_and_carrot_ir__navigation__01__input_rgb: answered, source=ir, input=rgb, latency=10.13s, peak=14.11GB
molmo2 ir__aligned_dataset_cut_potato_and_carrot_split_seg1_cut_potato_and_carrot_ir__dynamic_recognition__01__input_rgb: answered, source=ir, input=rgb, latency=10.08s, peak=14.11GB
molmo2 ir__aligned_dataset_cut_potato_and_carrot_split_seg1_cut_potato_and_carrot_ir__action__01__input_rgb: answered, source=ir, input=rgb, latency=10.10s, peak=14.11GB
molmo2 rgb__aligned_dataset_cut_potato_and_carrot_split_seg1_cut_potato_and_carrot_rgb__object_recognition__01__input_rgb: answered, source=rgb, input=rgb, latency=10.08s, peak=14.11GB
molmo2 rgb__aligned_dataset_cut_potato_and_carrot_split_seg1_cut_potato_and_carrot_rgb__spatial_reasoning__01__input_rgb: answered, source=rgb, input=rgb, latency=10.06s, peak=14.11GB
molmo2 rgb__aligned_dataset_cut_potato_and_carrot_split_seg1_cut_potato_and_carrot_rgb__text_recognition__01__input_rgb: answered, source=rgb, input=rgb, latency=10.09s, peak=14.11GB
molmo2 rgb__aligned_dataset_cut_potato_and_carrot_split_seg1_cut_potato_and_carrot_rgb__text_recognition__02__input_rgb: answered, source=rgb, input=rgb, latency=10.10s, peak=14.11GB
molmo2 rgb__aligned_dataset_cut_potato_and_carrot_split_seg1_cut_potato_and_carrot_rgb__text_recognition__03__input_rgb: answered, source=rgb, input=rgb, latency=10.13s, peak=14.11GB
molmo2 rgb__aligned_dataset_cut_potato_and_carrot_split_seg1_cut_potato_and_carrot_rgb__text_recognition__04__input_rgb: answered, source=rgb, input=rgb, latency=10.09s, peak=14.11GB
molmo2 rgb__aligned_dataset_cut_potato_and_carrot_split_seg1_cut_potato_and_carrot_rgb__text_recognition__05__input_rgb: answered, source=rgb, input=rgb, latency=10.08s, peak=14.11GB
molmo2 rgb__aligned_dataset_cut_potato_and_carrot_split_seg1_cut_potato_and_carrot_rgb__text_recognition__06__input_rgb: answered, source=rgb, input=rgb, latency=10.10s, peak=14.11GB
molmo2 rgb__aligned_dataset_cut_potato_and_carrot_split_seg1_cut_potato_and_carrot_rgb__text_recognition__07__input_rgb: answered, source=rgb, input=rgb, latency=10.13s, peak=14.11GB
molmo2 rgb__aligned_dataset_cut_potato_and_carrot_split_seg1_cut_potato_and_carrot_rgb__text_recognition__08__input_rgb: answered, source=rgb, input=rgb, latency=10.10s, peak=14.11GB
molmo2 rgb__aligned_dataset_cut_potato_and_carrot_split_seg1_cut_potato_and_carrot_rgb__scene_sequence__01__input_rgb: answered, source=rgb, input=rgb, latency=10.10s, peak=14.11GB
molmo2 rgb__aligned_dataset_cut_potato_and_carrot_split_seg1_cut_potato_and_carrot_rgb__scene_sequence__02__input_rgb: answered, source=rgb, input=rgb, latency=10.06s, peak=14.11GB
molmo2 rgb__aligned_dataset_cut_potato_and_carrot_split_seg1_cut_potato_and_carrot_rgb__scene_sequence__03__input_rgb: answered, source=rgb, input=rgb, latency=10.08s, peak=14.11GB
molmo2 rgb__aligned_dataset_cut_potato_and_carrot_split_seg1_cut_potato_and_carrot_rgb__scene_sequence__06__input_rgb: answered, source=rgb, input=rgb, latency=10.09s, peak=14.11GB
molmo2 rgb__aligned_dataset_cut_potato_and_carrot_split_seg1_cut_potato_and_carrot_rgb__scene_sequence__10__input_rgb: answered, source=rgb, input=rgb, latency=10.08s, peak=14.11GB
molmo2 rgb__aligned_dataset_cut_potato_and_carrot_split_seg1_cut_potato_and_carrot_rgb__light_recognition__01__input_rgb: answered, source=rgb, input=rgb, latency=10.14s, peak=14.11GB
molmo2 rgb__aligned_dataset_cut_potato_and_carrot_split_seg1_cut_potato_and_carrot_rgb__dynamic_counting__03__input_rgb: answered, source=rgb, input=rgb, latency=10.05s, peak=14.11GB
molmo2 rgb__aligned_dataset_cut_potato_and_carrot_split_seg1_cut_potato_and_carrot_rgb__dynamic_counting__05__input_rgb: answered, source=rgb, input=rgb, latency=10.09s, peak=14.11GB
molmo2 rgb__aligned_dataset_cut_potato_and_carrot_split_seg1_cut_potato_and_carrot_rgb__dynamic_counting__06__input_rgb: answered, source=rgb, input=rgb, latency=10.09s, peak=14.11GB
molmo2 rgb__aligned_dataset_cut_potato_and_carrot_split_seg1_cut_potato_and_carrot_rgb__scene_sequence__04__input_rgb: answered, source=rgb, input=rgb, latency=10.09s, peak=14.11GB
molmo2 rgb__aligned_dataset_cut_potato_and_carrot_split_seg1_cut_potato_and_carrot_rgb__scene_sequence__05__input_rgb: answered, source=rgb, input=rgb, latency=10.08s, peak=14.11GB
molmo2 rgb__aligned_dataset_cut_potato_and_carrot_split_seg1_cut_potato_and_carrot_rgb__scene_sequence__07__input_rgb: answered, source=rgb, input=rgb, latency=10.07s, peak=14.11GB
molmo2 rgb__aligned_dataset_cut_potato_and_carrot_split_seg1_cut_potato_and_carrot_rgb__light_change__01__input_rgb: answered, source=rgb, input=rgb, latency=10.08s, peak=14.11GB
molmo2 rgb__aligned_dataset_cut_potato_and_carrot_split_seg1_cut_potato_and_carrot_rgb__light_change__02__input_rgb: answered, source=rgb, input=rgb, latency=10.09s, peak=14.11GB
molmo2 rgb__aligned_dataset_cut_potato_and_carrot_split_seg1_cut_potato_and_carrot_rgb__light_change__03__input_rgb: answered, source=rgb, input=rgb, latency=10.05s, peak=14.11GB
molmo2 rgb__aligned_dataset_cut_potato_and_carrot_split_seg1_cut_potato_and_carrot_rgb__light_change__04__input_rgb: answered, source=rgb, input=rgb, latency=10.07s, peak=14.11GB
molmo2 rgb__aligned_dataset_cut_potato_and_carrot_split_seg1_cut_potato_and_carrot_rgb__light_change__05__input_rgb: answered, source=rgb, input=rgb, latency=10.11s, peak=14.11GB
molmo2 rgb__aligned_dataset_cut_potato_and_carrot_split_seg1_cut_potato_and_carrot_rgb__light_change__06__input_rgb: answered, source=rgb, input=rgb, latency=10.08s, peak=14.11GB
molmo2 rgb__aligned_dataset_cut_potato_and_carrot_split_seg1_cut_potato_and_carrot_rgb__light_change__07__input_rgb: answered, source=rgb, input=rgb, latency=10.08s, peak=14.11GB
molmo2 rgb__aligned_dataset_cut_potato_and_carrot_split_seg1_cut_potato_and_carrot_rgb__light_change__08__input_rgb: answered, source=rgb, input=rgb, latency=10.13s, peak=14.11GB
molmo2 rgb__aligned_dataset_cut_potato_and_carrot_split_seg1_cut_potato_and_carrot_rgb__counting__01__input_rgb: answered, source=rgb, input=rgb, latency=10.05s, peak=14.11GB
molmo2 rgb__aligned_dataset_cut_potato_and_carrot_split_seg1_cut_potato_and_carrot_rgb__counting__02__input_rgb: answered, source=rgb, input=rgb, latency=10.07s, peak=14.11GB
molmo2 rgb__aligned_dataset_cut_potato_and_carrot_split_seg1_cut_potato_and_carrot_rgb__counting__04__input_rgb: answered, source=rgb, input=rgb, latency=10.07s, peak=14.11GB
molmo2 rgb__aligned_dataset_cut_potato_and_carrot_split_seg1_cut_potato_and_carrot_rgb__counting__05__input_rgb: answered, source=rgb, input=rgb, latency=10.11s, peak=14.11GB
molmo2 rgb__aligned_dataset_cut_potato_and_carrot_split_seg1_cut_potato_and_carrot_rgb__dynamic_counting__01__input_rgb: answered, source=rgb, input=rgb, latency=10.13s, peak=14.11GB
molmo2 rgb__aligned_dataset_cut_potato_and_carrot_split_seg1_cut_potato_and_carrot_rgb__dynamic_counting__02__input_rgb: answered, source=rgb, input=rgb, latency=10.14s, peak=14.11GB
molmo2 rgb__aligned_dataset_cut_potato_and_carrot_split_seg1_cut_potato_and_carrot_rgb__dynamic_counting__04__input_rgb: answered, source=rgb, input=rgb, latency=10.10s, peak=14.11GB
molmo2 rgb__aligned_dataset_cut_potato_and_carrot_split_seg1_cut_potato_and_carrot_rgb__dynamic_counting__07__input_rgb: answered, source=rgb, input=rgb, latency=10.13s, peak=14.11GB
molmo2 rgb__aligned_dataset_cut_potato_and_carrot_split_seg1_cut_potato_and_carrot_rgb__dynamic_counting__08__input_rgb: answered, source=rgb, input=rgb, latency=10.13s, peak=14.11GB
molmo2 rgb__aligned_dataset_cut_potato_and_carrot_split_seg1_cut_potato_and_carrot_rgb__non_common__01__input_rgb: answered, source=rgb, input=rgb, latency=10.11s, peak=14.11GB
molmo2 rgb__aligned_dataset_cut_potato_and_carrot_split_seg1_cut_potato_and_carrot_rgb__navigation__02__input_rgb: answered, source=rgb, input=rgb, latency=10.12s, peak=14.11GB
molmo2 rgb__aligned_dataset_cut_potato_and_carrot_split_seg1_cut_potato_and_carrot_rgb__navigation__03__input_rgb: answered, source=rgb, input=rgb, latency=10.39s, peak=14.11GB
molmo2 rgb__aligned_dataset_cut_potato_and_carrot_split_seg1_cut_potato_and_carrot_rgb__navigation__04__input_rgb: answered, source=rgb, input=rgb, latency=10.14s, peak=14.11GB
molmo2 rgb__aligned_dataset_cut_potato_and_carrot_split_seg1_cut_potato_and_carrot_rgb__dynamic_recognition__01__input_rgb: answered, source=rgb, input=rgb, latency=10.16s, peak=14.11GB
molmo2 rgb__aligned_dataset_cut_potato_and_carrot_split_seg1_cut_potato_and_carrot_rgb__dynamic_recognition__02__input_rgb: answered, source=rgb, input=rgb, latency=10.12s, peak=14.11GB
molmo2 rgb__aligned_dataset_cut_potato_and_carrot_split_seg1_cut_potato_and_carrot_rgb__dynamic_recognition__03__input_rgb: answered, source=rgb, input=rgb, latency=10.14s, peak=14.11GB
molmo2 rgb__aligned_dataset_cut_potato_and_carrot_split_seg1_cut_potato_and_carrot_rgb__dynamic_recognition__04__input_rgb: answered, source=rgb, input=rgb, latency=10.13s, peak=14.11GB
molmo2 rgb__aligned_dataset_cut_potato_and_carrot_split_seg1_cut_potato_and_carrot_rgb__dynamic_recognition__05__input_rgb: answered, source=rgb, input=rgb, latency=10.14s, peak=14.11GB
molmo2 rgb__aligned_dataset_cut_potato_and_carrot_split_seg1_cut_potato_and_carrot_rgb__dynamic_recognition__06__input_rgb: answered, source=rgb, input=rgb, latency=10.12s, peak=14.11GB
molmo2 rgb__aligned_dataset_cut_potato_and_carrot_split_seg1_cut_potato_and_carrot_rgb__dynamic_recognition__07__input_rgb: answered, source=rgb, input=rgb, latency=10.11s, peak=14.11GB
molmo2 rgb__aligned_dataset_cut_potato_and_carrot_split_seg1_cut_potato_and_carrot_rgb__dynamic_recognition__08__input_rgb: answered, source=rgb, input=rgb, latency=10.16s, peak=14.11GB
molmo2 rgb__aligned_dataset_cut_potato_and_carrot_split_seg1_cut_potato_and_carrot_rgb__action__01__input_rgb: answered, source=rgb, input=rgb, latency=10.09s, peak=14.11GB
molmo2 rgb__aligned_dataset_cut_potato_and_carrot_split_seg1_cut_potato_and_carrot_rgb__action__02__input_rgb: answered, source=rgb, input=rgb, latency=10.12s, peak=14.11GB
molmo2 rgb__aligned_dataset_cut_potato_and_carrot_split_seg1_cut_potato_and_carrot_rgb__action__03__input_rgb: answered, source=rgb, input=rgb, latency=10.11s, peak=14.11GB
molmo2 rgb__aligned_dataset_cut_potato_and_carrot_split_seg1_cut_potato_and_carrot_rgb__action__04__input_rgb: answered, source=rgb, input=rgb, latency=10.07s, peak=14.11GB
molmo2 rgb__aligned_dataset_cut_potato_and_carrot_split_seg1_cut_potato_and_carrot_rgb__action__06__input_rgb: answered, source=rgb, input=rgb, latency=10.10s, peak=14.11GB
molmo2 rgb__aligned_dataset_cut_potato_and_carrot_split_seg1_cut_potato_and_carrot_rgb__action__07__input_rgb: answered, source=rgb, input=rgb, latency=10.08s, peak=14.11GB
molmo2 rgb__aligned_dataset_cut_potato_and_carrot_split_seg1_cut_potato_and_carrot_rgb__action__08__input_rgb: answered, source=rgb, input=rgb, latency=10.05s, peak=14.11GB
molmo2 event__aligned_dataset_cut_potato_and_carrot_split_seg2_cut_potato_and_carrot_event__event_object_recognition__01__input_rgb: answered, source=event, input=rgb, latency=10.14s, peak=14.11GB
molmo2 event__aligned_dataset_cut_potato_and_carrot_split_seg2_cut_potato_and_carrot_event__event_spatial_reasoning__01__input_rgb: answered, source=event, input=rgb, latency=10.13s, peak=14.11GB
molmo2 event__aligned_dataset_cut_potato_and_carrot_split_seg2_cut_potato_and_carrot_event__event_scene_sequence__01__input_rgb: answered, source=event, input=rgb, latency=10.13s, peak=14.11GB
molmo2 event__aligned_dataset_cut_potato_and_carrot_split_seg2_cut_potato_and_carrot_event__event_counting__01__input_rgb: answered, source=event, input=rgb, latency=10.10s, peak=14.11GB
molmo2 event__aligned_dataset_cut_potato_and_carrot_split_seg2_cut_potato_and_carrot_event__event_dynamic_counting__01__input_rgb: answered, source=event, input=rgb, latency=10.04s, peak=14.11GB
molmo2 event__aligned_dataset_cut_potato_and_carrot_split_seg2_cut_potato_and_carrot_event__event_navigation__01__input_rgb: answered, source=event, input=rgb, latency=10.07s, peak=14.11GB
molmo2 event__aligned_dataset_cut_potato_and_carrot_split_seg2_cut_potato_and_carrot_event__event_dynamic_recognition__01__input_rgb: answered, source=event, input=rgb, latency=10.07s, peak=14.11GB
molmo2 event__aligned_dataset_cut_potato_and_carrot_split_seg2_cut_potato_and_carrot_event__event_action__01__input_rgb: answered, source=event, input=rgb, latency=10.05s, peak=14.11GB
molmo2 event__aligned_dataset_cut_potato_and_carrot_split_seg2_cut_potato_and_carrot_event__event_non_common__01__input_rgb: answered, source=event, input=rgb, latency=10.09s, peak=14.11GB
molmo2 depth__cut_potato_and_carrot_split_seg2_cut_potato_and_carrot__depth_object_recognition__01__input_rgb: answered, source=depth, input=rgb, latency=10.11s, peak=14.11GB
molmo2 depth__cut_potato_and_carrot_split_seg2_cut_potato_and_carrot__depth_spatial_reasoning__01__input_rgb: answered, source=depth, input=rgb, latency=10.17s, peak=14.11GB
molmo2 depth__cut_potato_and_carrot_split_seg2_cut_potato_and_carrot__depth_scene_sequence__01__input_rgb: answered, source=depth, input=rgb, latency=10.08s, peak=14.11GB
molmo2 depth__cut_potato_and_carrot_split_seg2_cut_potato_and_carrot__depth_counting__01__input_rgb: answered, source=depth, input=rgb, latency=10.10s, peak=14.11GB
molmo2 depth__cut_potato_and_carrot_split_seg2_cut_potato_and_carrot__depth_dynamic_counting__01__input_rgb: answered, source=depth, input=rgb, latency=10.07s, peak=14.11GB
molmo2 depth__cut_potato_and_carrot_split_seg2_cut_potato_and_carrot__depth_navigation__01__input_rgb: answered, source=depth, input=rgb, latency=10.08s, peak=14.11GB
molmo2 depth__cut_potato_and_carrot_split_seg2_cut_potato_and_carrot__depth_dynamic_recognition__01__input_rgb: answered, source=depth, input=rgb, latency=10.06s, peak=14.11GB
molmo2 depth__cut_potato_and_carrot_split_seg2_cut_potato_and_carrot__depth_action__01__input_rgb: answered, source=depth, input=rgb, latency=10.04s, peak=14.11GB
molmo2 depth__cut_potato_and_carrot_split_seg2_cut_potato_and_carrot__depth_non_common__01__input_rgb: answered, source=depth, input=rgb, latency=10.08s, peak=14.11GB
molmo2 ir__aligned_dataset_cut_potato_and_carrot_split_seg2_cut_potato_and_carrot_ir__object_recognition__01__input_rgb: answered, source=ir, input=rgb, latency=10.11s, peak=14.11GB
molmo2 ir__aligned_dataset_cut_potato_and_carrot_split_seg2_cut_potato_and_carrot_ir__spatial_reasoning__01__input_rgb: answered, source=ir, input=rgb, latency=10.07s, peak=14.11GB
molmo2 ir__aligned_dataset_cut_potato_and_carrot_split_seg2_cut_potato_and_carrot_ir__text_recognition__01__input_rgb: answered, source=ir, input=rgb, latency=10.08s, peak=14.11GB
molmo2 ir__aligned_dataset_cut_potato_and_carrot_split_seg2_cut_potato_and_carrot_ir__scene_sequence__01__input_rgb: answered, source=ir, input=rgb, latency=10.06s, peak=14.11GB
molmo2 ir__aligned_dataset_cut_potato_and_carrot_split_seg2_cut_potato_and_carrot_ir__light_recognition__01__input_rgb: answered, source=ir, input=rgb, latency=10.11s, peak=14.11GB
molmo2 ir__aligned_dataset_cut_potato_and_carrot_split_seg2_cut_potato_and_carrot_ir__light_change__01__input_rgb: answered, source=ir, input=rgb, latency=10.10s, peak=14.11GB
molmo2 ir__aligned_dataset_cut_potato_and_carrot_split_seg2_cut_potato_and_carrot_ir__counting__01__input_rgb: answered, source=ir, input=rgb, latency=10.12s, peak=14.11GB
molmo2 ir__aligned_dataset_cut_potato_and_carrot_split_seg2_cut_potato_and_carrot_ir__dynamic_counting__01__input_rgb: answered, source=ir, input=rgb, latency=10.12s, peak=14.11GB
molmo2 ir__aligned_dataset_cut_potato_and_carrot_split_seg2_cut_potato_and_carrot_ir__non_common__01__input_rgb: answered, source=ir, input=rgb, latency=10.12s, peak=14.11GB
molmo2 ir__aligned_dataset_cut_potato_and_carrot_split_seg2_cut_potato_and_carrot_ir__action__01__input_rgb: answered, source=ir, input=rgb, latency=10.14s, peak=14.11GB
molmo2 rgb__aligned_dataset_cut_potato_and_carrot_split_seg2_cut_potato_and_carrot_rgb__spatial_reasoning__01__input_rgb: answered, source=rgb, input=rgb, latency=10.07s, peak=14.11GB
molmo2 rgb__aligned_dataset_cut_potato_and_carrot_split_seg2_cut_potato_and_carrot_rgb__text_recognition__01__input_rgb: answered, source=rgb, input=rgb, latency=10.02s, peak=14.11GB
molmo2 rgb__aligned_dataset_cut_potato_and_carrot_split_seg2_cut_potato_and_carrot_rgb__text_recognition__03__input_rgb: answered, source=rgb, input=rgb, latency=10.08s, peak=14.11GB
molmo2 rgb__aligned_dataset_cut_potato_and_carrot_split_seg2_cut_potato_and_carrot_rgb__text_recognition__04__input_rgb: answered, source=rgb, input=rgb, latency=10.12s, peak=14.11GB
molmo2 rgb__aligned_dataset_cut_potato_and_carrot_split_seg2_cut_potato_and_carrot_rgb__text_recognition__05__input_rgb: answered, source=rgb, input=rgb, latency=10.02s, peak=14.11GB
molmo2 rgb__aligned_dataset_cut_potato_and_carrot_split_seg2_cut_potato_and_carrot_rgb__text_recognition__07__input_rgb: answered, source=rgb, input=rgb, latency=10.07s, peak=14.11GB
molmo2 rgb__aligned_dataset_cut_potato_and_carrot_split_seg2_cut_potato_and_carrot_rgb__text_recognition__08__input_rgb: answered, source=rgb, input=rgb, latency=10.08s, peak=14.11GB
molmo2 rgb__aligned_dataset_cut_potato_and_carrot_split_seg2_cut_potato_and_carrot_rgb__scene_sequence__01__input_rgb: answered, source=rgb, input=rgb, latency=10.05s, peak=14.11GB
molmo2 rgb__aligned_dataset_cut_potato_and_carrot_split_seg2_cut_potato_and_carrot_rgb__scene_sequence__02__input_rgb: answered, source=rgb, input=rgb, latency=10.06s, peak=14.11GB
molmo2 rgb__aligned_dataset_cut_potato_and_carrot_split_seg2_cut_potato_and_carrot_rgb__scene_sequence__03__input_rgb: answered, source=rgb, input=rgb, latency=10.07s, peak=14.11GB
molmo2 rgb__aligned_dataset_cut_potato_and_carrot_split_seg2_cut_potato_and_carrot_rgb__scene_sequence__04__input_rgb: answered, source=rgb, input=rgb, latency=10.07s, peak=14.11GB
molmo2 rgb__aligned_dataset_cut_potato_and_carrot_split_seg2_cut_potato_and_carrot_rgb__scene_sequence__05__input_rgb: answered, source=rgb, input=rgb, latency=10.07s, peak=14.11GB
molmo2 rgb__aligned_dataset_cut_potato_and_carrot_split_seg2_cut_potato_and_carrot_rgb__scene_sequence__08__input_rgb: answered, source=rgb, input=rgb, latency=10.05s, peak=14.11GB
molmo2 rgb__aligned_dataset_cut_potato_and_carrot_split_seg2_cut_potato_and_carrot_rgb__scene_sequence__09__input_rgb: answered, source=rgb, input=rgb, latency=10.10s, peak=14.11GB
molmo2 rgb__aligned_dataset_cut_potato_and_carrot_split_seg2_cut_potato_and_carrot_rgb__scene_sequence__10__input_rgb: answered, source=rgb, input=rgb, latency=10.07s, peak=14.11GB
molmo2 rgb__aligned_dataset_cut_potato_and_carrot_split_seg2_cut_potato_and_carrot_rgb__light_recognition__01__input_rgb: answered, source=rgb, input=rgb, latency=10.13s, peak=14.11GB
molmo2 rgb__aligned_dataset_cut_potato_and_carrot_split_seg2_cut_potato_and_carrot_rgb__light_change__01__input_rgb: answered, source=rgb, input=rgb, latency=10.09s, peak=14.11GB
molmo2 rgb__aligned_dataset_cut_potato_and_carrot_split_seg2_cut_potato_and_carrot_rgb__light_change__02__input_rgb: answered, source=rgb, input=rgb, latency=10.02s, peak=14.11GB
molmo2 rgb__aligned_dataset_cut_potato_and_carrot_split_seg2_cut_potato_and_carrot_rgb__light_change__04__input_rgb: answered, source=rgb, input=rgb, latency=10.09s, peak=14.11GB
molmo2 rgb__aligned_dataset_cut_potato_and_carrot_split_seg2_cut_potato_and_carrot_rgb__light_change__05__input_rgb: answered, source=rgb, input=rgb, latency=10.05s, peak=14.11GB
molmo2 rgb__aligned_dataset_cut_potato_and_carrot_split_seg2_cut_potato_and_carrot_rgb__light_change__06__input_rgb: answered, source=rgb, input=rgb, latency=10.08s, peak=14.11GB
molmo2 rgb__aligned_dataset_cut_potato_and_carrot_split_seg2_cut_potato_and_carrot_rgb__light_change__07__input_rgb: answered, source=rgb, input=rgb, latency=10.07s, peak=14.11GB
molmo2 rgb__aligned_dataset_cut_potato_and_carrot_split_seg2_cut_potato_and_carrot_rgb__light_change__08__input_rgb: answered, source=rgb, input=rgb, latency=10.14s, peak=14.11GB
molmo2 rgb__aligned_dataset_cut_potato_and_carrot_split_seg2_cut_potato_and_carrot_rgb__counting__01__input_rgb: answered, source=rgb, input=rgb, latency=10.13s, peak=14.11GB
molmo2 rgb__aligned_dataset_cut_potato_and_carrot_split_seg2_cut_potato_and_carrot_rgb__counting__02__input_rgb: answered, source=rgb, input=rgb, latency=10.12s, peak=14.11GB
molmo2 rgb__aligned_dataset_cut_potato_and_carrot_split_seg2_cut_potato_and_carrot_rgb__counting__03__input_rgb: answered, source=rgb, input=rgb, latency=10.19s, peak=14.11GB
molmo2 rgb__aligned_dataset_cut_potato_and_carrot_split_seg2_cut_potato_and_carrot_rgb__counting__04__input_rgb: answered, source=rgb, input=rgb, latency=10.14s, peak=14.11GB
molmo2 rgb__aligned_dataset_cut_potato_and_carrot_split_seg2_cut_potato_and_carrot_rgb__counting__05__input_rgb: answered, source=rgb, input=rgb, latency=10.10s, peak=14.11GB
molmo2 rgb__aligned_dataset_cut_potato_and_carrot_split_seg2_cut_potato_and_carrot_rgb__counting__06__input_rgb: answered, source=rgb, input=rgb, latency=10.10s, peak=14.11GB
molmo2 rgb__aligned_dataset_cut_potato_and_carrot_split_seg2_cut_potato_and_carrot_rgb__counting__07__input_rgb: answered, source=rgb, input=rgb, latency=10.07s, peak=14.11GB
molmo2 rgb__aligned_dataset_cut_potato_and_carrot_split_seg2_cut_potato_and_carrot_rgb__counting__08__input_rgb: answered, source=rgb, input=rgb, latency=9.45s, peak=14.11GB
molmo2 rgb__aligned_dataset_cut_potato_and_carrot_split_seg2_cut_potato_and_carrot_rgb__dynamic_counting__01__input_rgb: answered, source=rgb, input=rgb, latency=10.08s, peak=14.11GB
molmo2 rgb__aligned_dataset_cut_potato_and_carrot_split_seg2_cut_potato_and_carrot_rgb__dynamic_counting__02__input_rgb: answered, source=rgb, input=rgb, latency=10.13s, peak=14.11GB
molmo2 rgb__aligned_dataset_cut_potato_and_carrot_split_seg2_cut_potato_and_carrot_rgb__dynamic_counting__03__input_rgb: answered, source=rgb, input=rgb, latency=10.13s, peak=14.11GB
molmo2 rgb__aligned_dataset_cut_potato_and_carrot_split_seg2_cut_potato_and_carrot_rgb__dynamic_counting__04__input_rgb: answered, source=rgb, input=rgb, latency=10.12s, peak=14.11GB
molmo2 rgb__aligned_dataset_cut_potato_and_carrot_split_seg2_cut_potato_and_carrot_rgb__dynamic_counting__05__input_rgb: answered, source=rgb, input=rgb, latency=10.10s, peak=14.11GB
molmo2 rgb__aligned_dataset_cut_potato_and_carrot_split_seg2_cut_potato_and_carrot_rgb__dynamic_counting__06__input_rgb: answered, source=rgb, input=rgb, latency=10.07s, peak=14.11GB
molmo2 rgb__aligned_dataset_cut_potato_and_carrot_split_seg2_cut_potato_and_carrot_rgb__dynamic_counting__08__input_rgb: answered, source=rgb, input=rgb, latency=10.12s, peak=14.11GB
molmo2 rgb__aligned_dataset_cut_potato_and_carrot_split_seg2_cut_potato_and_carrot_rgb__non_common__01__input_rgb: answered, source=rgb, input=rgb, latency=10.05s, peak=14.11GB
molmo2 rgb__aligned_dataset_cut_potato_and_carrot_split_seg2_cut_potato_and_carrot_rgb__navigation__02__input_rgb: answered, source=rgb, input=rgb, latency=10.11s, peak=14.11GB
molmo2 rgb__aligned_dataset_cut_potato_and_carrot_split_seg2_cut_potato_and_carrot_rgb__navigation__04__input_rgb: answered, source=rgb, input=rgb, latency=10.19s, peak=14.11GB
molmo2 rgb__aligned_dataset_cut_potato_and_carrot_split_seg2_cut_potato_and_carrot_rgb__navigation__05__input_rgb: answered, source=rgb, input=rgb, latency=10.22s, peak=14.11GB
molmo2 rgb__aligned_dataset_cut_potato_and_carrot_split_seg2_cut_potato_and_carrot_rgb__dynamic_recognition__01__input_rgb: answered, source=rgb, input=rgb, latency=10.20s, peak=14.11GB
molmo2 rgb__aligned_dataset_cut_potato_and_carrot_split_seg2_cut_potato_and_carrot_rgb__action__03__input_rgb: answered, source=rgb, input=rgb, latency=10.11s, peak=14.11GB
molmo2 rgb__aligned_dataset_cut_potato_and_carrot_split_seg2_cut_potato_and_carrot_rgb__action__04__input_rgb: answered, source=rgb, input=rgb, latency=10.09s, peak=14.11GB
