day_frame,day_time_seconds,night_frame,night_time_seconds,confidence,status
0,0.0,,,0.0,unmatched
1,0.033333,,,0.0,unmatched
2,0.066667,,,0.0,unmatched
3,0.1,,,0.0,unmatched
4,0.133333,,,0.0,unmatched
5,0.166667,,,0.0,unmatched
6,0.2,,,0.0,unmatched
7,0.233333,,,0.0,unmatched
8,0.266667,,,0.0,unmatched
9,0.3,,,0.0,unmatched
10,0.333333,,,0.0,unmatched
11,0.366667,,,0.0,unmatched
12,0.4,,,0.0,unmatched
13,0.433333,,,0.0,unmatched
14,0.466667,,,0.0,unmatched
15,0.5,,,0.0,unmatched
16,0.533333,,,0.0,unmatched
17,0.566667,,,0.0,unmatched
18,0.6,,,0.0,unmatched
19,0.633333,,,0.0,unmatched
20,0.666667,,,0.0,unmatched
21,0.7,,,0.0,unmatched
22,0.733333,,,0.0,unmatched
23,0.766667,,,0.0,unmatched
24,0.8,,,0.0,unmatched
25,0.833333,,,0.0,unmatched
26,0.866667,,,0.0,unmatched
27,0.9,,,0.0,unmatched
28,0.933333,,,0.0,unmatched
29,0.966667,,,0.0,unmatched
30,1.0,,,0.0,unmatched
31,1.033333,,,0.0,unmatched
32,1.066667,,,0.0,unmatched
33,1.1,,,0.0,unmatched
34,1.133333,,,0.0,unmatched
35,1.166667,,,0.0,unmatched
36,1.2,,,0.0,unmatched
37,1.233333,,,0.0,unmatched
38,1.266667,,,0.0,unmatched
39,1.3,,,0.0,unmatched
40,1.333333,,,0.0,unmatched
41,1.366667,,,0.0,unmatched
42,1.4,54,1.8,0.176327,review
43,1.433333,54,1.8,0.172143,review
44,1.466667,55,1.833333,0.167959,review
45,1.5,55,1.833333,0.163775,review
46,1.533333,56,1.866667,0.159591,review
47,1.566667,56,1.866667,0.155407,review
48,1.6,57,1.9,0.151223,review
49,1.633333,57,1.9,0.147038,review
50,1.666667,58,1.933333,0.142854,review
51,1.7,59,1.966667,0.13867,review
52,1.733333,59,1.966667,0.134486,review
53,1.766667,60,2.0,0.130302,review
54,1.8,60,2.0,0.126118,review
55,1.833333,61,2.033333,0.126977,review
56,1.866667,61,2.033333,0.127836,review
57,1.9,62,2.066667,0.128694,review
58,1.933333,62,2.066667,0.129553,review
59,1.966667,63,2.1,0.130412,review
60,2.0,63,2.1,0.131271,review
61,2.033333,64,2.133333,0.132129,review
62,2.066667,64,2.133333,0.132988,review
63,2.1,65,2.166667,0.133847,review
64,2.133333,65,2.166667,0.134706,review
65,2.166667,66,2.2,0.135564,review
66,2.2,66,2.2,0.136423,review
67,2.233333,68,2.266667,0.14068,review
68,2.266667,70,2.333333,0.144938,review
69,2.3,72,2.4,0.149195,review
70,2.333333,74,2.466667,0.153453,review
71,2.366667,76,2.533333,0.15771,review
72,2.4,78,2.6,0.161968,review
73,2.433333,80,2.666667,0.137405,review
74,2.466667,82,2.733333,0.112842,review
75,2.5,84,2.8,0.088279,review
76,2.533333,86,2.866667,0.063716,review
77,2.566667,88,2.933333,0.039153,review
78,2.6,90,3.0,0.01459,review
79,2.633333,92,3.066667,0.012158,review
80,2.666667,94,3.133333,0.009727,review
81,2.7,96,3.2,0.007295,review
82,2.733333,98,3.266667,0.004863,review
83,2.766667,100,3.333333,0.002432,review
84,2.8,102,3.4,0.0,review
85,2.833333,104,3.466667,0.018613,review
86,2.866667,106,3.533333,0.037225,review
87,2.9,108,3.6,0.055838,review
88,2.933333,110,3.666667,0.074451,review
89,2.966667,112,3.733333,0.093063,review
90,3.0,114,3.8,0.111676,review
91,3.033333,116,3.866667,0.093063,review
92,3.066667,118,3.933333,0.074451,review
93,3.1,120,4.0,0.055838,review
94,3.133333,122,4.066667,0.037225,review
95,3.166667,124,4.133333,0.018613,review
96,3.2,126,4.2,0.0,review
97,3.233333,128,4.266667,0.0,review
98,3.266667,130,4.333333,0.0,review
99,3.3,132,4.4,0.0,review
100,3.333333,134,4.466667,0.0,review
101,3.366667,136,4.533333,0.0,review
102,3.4,138,4.6,0.0,review
103,3.433333,138,4.6,0.00388,review
104,3.466667,139,4.633333,0.007759,review
105,3.5,139,4.633333,0.011639,review
106,3.533333,140,4.666667,0.015519,review
107,3.566667,141,4.7,0.019398,review
108,3.6,141,4.7,0.023278,review
109,3.633333,142,4.733333,0.027158,review
110,3.666667,142,4.733333,0.031037,review
111,3.7,143,4.766667,0.034917,review
112,3.733333,143,4.766667,0.038797,review
113,3.766667,144,4.8,0.042676,review
114,3.8,144,4.8,0.046556,review
115,3.833333,145,4.833333,0.042676,review
116,3.866667,145,4.833333,0.038797,review
117,3.9,146,4.866667,0.034917,review
118,3.933333,146,4.866667,0.031037,review
119,3.966667,147,4.9,0.027158,review
120,4.0,147,4.9,0.023278,review
121,4.033333,148,4.933333,0.019398,review
122,4.066667,148,4.933333,0.015519,review
123,4.1,149,4.966667,0.011639,review
124,4.133333,149,4.966667,0.007759,review
125,4.166667,150,5.0,0.00388,review
126,4.2,150,5.0,0.0,review
127,4.233333,151,5.033333,0.006454,review
128,4.266667,151,5.033333,0.012908,review
129,4.3,152,5.066667,0.019362,review
130,4.333333,152,5.066667,0.025815,review
131,4.366667,152,5.066667,0.032269,review
132,4.4,153,5.1,0.038723,review
133,4.433333,153,5.1,0.045177,review
134,4.466667,154,5.133333,0.051631,review
135,4.5,154,5.133333,0.058085,review
136,4.533333,155,5.166667,0.064538,review
137,4.566667,155,5.166667,0.070992,review
138,4.6,156,5.2,0.077446,review
139,4.633333,156,5.2,0.088535,review
140,4.666667,157,5.233333,0.099623,review
141,4.7,157,5.233333,0.110712,review
142,4.733333,158,5.266667,0.1218,review
143,4.766667,158,5.266667,0.132889,review
144,4.8,159,5.3,0.143977,review
145,4.833333,159,5.3,0.155066,review
146,4.866667,160,5.333333,0.166154,review
147,4.9,161,5.366667,0.177243,review
148,4.933333,161,5.366667,0.188331,review
149,4.966667,162,5.4,0.19942,review
150,5.0,162,5.4,0.210508,review
151,5.033333,163,5.433333,0.211165,review
152,5.066667,163,5.433333,0.211823,review
153,5.1,164,5.466667,0.21248,review
154,5.133333,164,5.466667,0.213137,review
155,5.166667,164,5.466667,0.213795,review
156,5.2,165,5.5,0.214452,review
157,5.233333,165,5.5,0.215109,review
158,5.266667,166,5.533333,0.215767,review
159,5.3,166,5.533333,0.216424,review
160,5.333333,167,5.566667,0.217081,review
161,5.366667,167,5.566667,0.217739,review
162,5.4,168,5.6,0.218396,review
163,5.433333,168,5.6,0.203072,review
164,5.466667,169,5.633333,0.187747,review
165,5.5,169,5.633333,0.172423,review
166,5.533333,170,5.666667,0.157098,review
167,5.566667,170,5.666667,0.141774,review
168,5.6,171,5.7,0.126449,review
169,5.633333,171,5.7,0.111125,review
170,5.666667,172,5.733333,0.0958,review
171,5.7,173,5.766667,0.080476,review
172,5.733333,173,5.766667,0.065151,review
173,5.766667,174,5.8,0.049827,review
174,5.8,174,5.8,0.034502,review
175,5.833333,175,5.833333,0.033552,review
176,5.866667,175,5.833333,0.032602,review
177,5.9,176,5.866667,0.031652,review
178,5.933333,176,5.866667,0.030702,review
179,5.966667,177,5.9,0.029752,review
180,6.0,177,5.9,0.028801,review
181,6.033333,178,5.933333,0.027851,review
182,6.066667,178,5.933333,0.026901,review
183,6.1,179,5.966667,0.025951,review
184,6.133333,179,5.966667,0.025001,review
185,6.166667,180,6.0,0.024051,review
186,6.2,180,6.0,0.023101,review
187,6.233333,181,6.033333,0.024875,review
188,6.266667,181,6.033333,0.026649,review
189,6.3,182,6.066667,0.028423,review
190,6.333333,182,6.066667,0.030197,review
191,6.366667,182,6.066667,0.031971,review
192,6.4,183,6.1,0.033746,review
193,6.433333,183,6.1,0.03552,review
194,6.466667,184,6.133333,0.037294,review
195,6.5,184,6.133333,0.039068,review
196,6.533333,185,6.166667,0.040842,review
197,6.566667,185,6.166667,0.042616,review
198,6.6,186,6.2,0.04439,review
199,6.633333,188,6.266667,0.036992,review
200,6.666667,190,6.333333,0.029593,review
201,6.7,192,6.4,0.022195,review
202,6.733333,194,6.466667,0.014797,review
203,6.766667,196,6.533333,0.007398,review
204,6.8,198,6.6,0.0,review
205,6.833333,198,6.6,0.0,review
206,6.866667,199,6.633333,0.0,review
207,6.9,199,6.633333,0.0,review
208,6.933333,200,6.666667,0.0,review
209,6.966667,201,6.7,0.0,review
210,7.0,201,6.7,0.0,review
211,7.033333,202,6.733333,0.0,review
212,7.066667,202,6.733333,0.0,review
213,7.1,203,6.766667,0.0,review
214,7.133333,203,6.766667,0.0,review
215,7.166667,204,6.8,0.0,review
216,7.2,204,6.8,0.0,review
217,7.233333,206,6.866667,0.0,review
218,7.266667,208,6.933333,0.0,review
219,7.3,210,7.0,0.0,review
220,7.333333,212,7.066667,0.0,review
221,7.366667,214,7.133333,0.0,review
222,7.4,216,7.2,0.0,review
223,7.433333,218,7.266667,0.0,review
224,7.466667,220,7.333333,0.0,review
225,7.5,222,7.4,0.0,review
226,7.533333,224,7.466667,0.0,review
227,7.566667,226,7.533333,0.0,review
228,7.6,228,7.6,0.0,review
229,7.633333,230,7.666667,0.0,review
230,7.666667,232,7.733333,0.0,review
231,7.7,234,7.8,0.0,review
232,7.733333,236,7.866667,0.0,review
233,7.766667,238,7.933333,0.0,review
234,7.8,240,8.0,0.0,review
235,7.833333,240,8.0,0.008024,review
236,7.866667,241,8.033333,0.016048,review
237,7.9,241,8.033333,0.024071,review
238,7.933333,242,8.066667,0.032095,review
239,7.966667,242,8.066667,0.040119,review
240,8.0,243,8.1,0.048143,review
241,8.033333,243,8.1,0.056167,review
242,8.066667,244,8.133333,0.064191,review
243,8.1,244,8.133333,0.072215,review
244,8.133333,245,8.166667,0.080238,review
245,8.166667,245,8.166667,0.088262,review
246,8.2,246,8.2,0.096286,review
247,8.233333,246,8.2,0.10051,review
248,8.266667,247,8.233333,0.104734,review
249,8.3,247,8.233333,0.108958,review
250,8.333333,248,8.266667,0.113182,review
251,8.366667,248,8.266667,0.117406,review
252,8.4,249,8.3,0.121629,review
253,8.433333,249,8.3,0.125853,review
254,8.466667,250,8.333333,0.130077,review
255,8.5,250,8.333333,0.134301,review
256,8.533333,251,8.366667,0.138525,review
257,8.566667,251,8.366667,0.142749,review
258,8.6,252,8.4,0.146973,review
259,8.633333,252,8.4,0.149101,review
260,8.666667,253,8.433333,0.151228,review
261,8.7,253,8.433333,0.153356,review
262,8.733333,254,8.466667,0.155483,review
263,8.766667,254,8.466667,0.157611,review
264,8.8,255,8.5,0.159738,review
265,8.833333,255,8.5,0.161866,review
266,8.866667,256,8.533333,0.163994,review
267,8.9,257,8.566667,0.166121,review
268,8.933333,257,8.566667,0.168249,review
269,8.966667,258,8.6,0.170376,review
270,9.0,258,8.6,0.172504,review
271,9.033333,259,8.633333,0.180301,review
272,9.066667,259,8.633333,0.188099,review
273,9.1,260,8.666667,0.195896,review
274,9.133333,260,8.666667,0.203693,review
275,9.166667,261,8.7,0.211491,review
276,9.2,261,8.7,0.219288,review
277,9.233333,262,8.733333,0.227085,review
278,9.266667,262,8.733333,0.234883,review
279,9.3,263,8.766667,0.24268,review
280,9.333333,263,8.766667,0.250477,review
281,9.366667,264,8.8,0.258275,review
282,9.4,264,8.8,0.266072,review
283,9.433333,265,8.833333,0.243899,review
284,9.466667,265,8.833333,0.221726,review
285,9.5,266,8.866667,0.199554,review
286,9.533333,266,8.866667,0.177381,review
287,9.566667,267,8.9,0.155209,review
288,9.6,267,8.9,0.133036,review
289,9.633333,268,8.933333,0.110863,review
290,9.666667,268,8.933333,0.088691,review
291,9.7,269,8.966667,0.066518,review
292,9.733333,269,8.966667,0.044345,review
293,9.766667,269,8.966667,0.022173,review
294,9.8,270,9.0,0.0,review
295,9.833333,270,9.0,0.019563,review
296,9.866667,271,9.033333,0.039126,review
297,9.9,271,9.033333,0.058689,review
298,9.933333,272,9.066667,0.078252,review
299,9.966667,272,9.066667,0.097815,review
300,10.0,273,9.1,0.117379,review
301,10.033333,273,9.1,0.136942,review
302,10.066667,274,9.133333,0.156505,review
303,10.1,274,9.133333,0.176068,review
304,10.133333,275,9.166667,0.195631,review
305,10.166667,275,9.166667,0.215194,review
306,10.2,276,9.2,0.234757,review
307,10.233333,276,9.2,0.228978,review
308,10.266667,277,9.233333,0.2232,review
309,10.3,277,9.233333,0.217421,review
310,10.333333,278,9.266667,0.211642,review
311,10.366667,278,9.266667,0.205864,review
312,10.4,279,9.3,0.200085,review
313,10.433333,279,9.3,0.194306,review
314,10.466667,280,9.333333,0.188528,review
315,10.5,280,9.333333,0.182749,review
316,10.533333,281,9.366667,0.17697,review
317,10.566667,281,9.366667,0.171192,review
318,10.6,282,9.4,0.165413,review
319,10.633333,282,9.4,0.157029,review
320,10.666667,283,9.433333,0.148645,review
321,10.7,283,9.433333,0.140262,review
322,10.733333,284,9.466667,0.131878,review
323,10.766667,284,9.466667,0.123494,review
324,10.8,285,9.5,0.11511,review
325,10.833333,285,9.5,0.106726,review
326,10.866667,286,9.533333,0.098342,review
327,10.9,287,9.566667,0.089959,review
328,10.933333,287,9.566667,0.081575,review
329,10.966667,288,9.6,0.073191,review
330,11.0,288,9.6,0.064807,review
331,11.033333,290,9.666667,0.054006,review
332,11.066667,292,9.733333,0.043205,review
333,11.1,294,9.8,0.032403,review
334,11.133333,296,9.866667,0.021602,review
335,11.166667,298,9.933333,0.010801,review
336,11.2,300,10.0,0.0,review
337,11.233333,302,10.066667,0.032206,review
338,11.266667,304,10.133333,0.064413,review
339,11.3,306,10.2,0.096619,review
340,11.333333,308,10.266667,0.128825,review
341,11.366667,310,10.333333,0.161031,review
342,11.4,312,10.4,0.193237,review
343,11.433333,312,10.4,0.185774,review
344,11.466667,313,10.433333,0.178311,review
345,11.5,313,10.433333,0.170848,review
346,11.533333,314,10.466667,0.163386,review
347,11.566667,315,10.5,0.155923,review
348,11.6,315,10.5,0.14846,review
349,11.633333,316,10.533333,0.140997,review
350,11.666667,316,10.533333,0.133534,review
351,11.7,317,10.566667,0.126072,review
352,11.733333,317,10.566667,0.118609,review
353,11.766667,318,10.6,0.111146,review
354,11.8,318,10.6,0.103683,review
355,11.833333,320,10.666667,0.113818,review
356,11.866667,322,10.733333,0.123954,review
357,11.9,324,10.8,0.134089,review
358,11.933333,326,10.866667,0.144225,review
359,11.966667,328,10.933333,0.15436,review
360,12.0,330,11.0,0.164496,review
361,12.033333,332,11.066667,0.169362,review
362,12.066667,334,11.133333,0.174227,review
363,12.1,336,11.2,0.179093,review
364,12.133333,338,11.266667,0.183958,review
365,12.166667,340,11.333333,0.188824,review
366,12.2,342,11.4,0.193689,review
367,12.233333,344,11.466667,0.203382,review
368,12.266667,346,11.533333,0.213074,review
369,12.3,348,11.6,0.222767,review
370,12.333333,350,11.666667,0.232459,review
371,12.366667,352,11.733333,0.242152,review
372,12.4,354,11.8,0.251844,review
373,12.433333,356,11.866667,0.249705,review
374,12.466667,358,11.933333,0.247566,review
375,12.5,360,12.0,0.245427,review
376,12.533333,362,12.066667,0.243289,review
377,12.566667,364,12.133333,0.24115,review
378,12.6,366,12.2,0.239011,review
379,12.633333,366,12.2,0.235678,review
380,12.666667,367,12.233333,0.232345,review
381,12.7,367,12.233333,0.229012,review
382,12.733333,368,12.266667,0.225679,review
383,12.766667,368,12.266667,0.222346,review
384,12.8,369,12.3,0.219013,review
385,12.833333,369,12.3,0.21568,review
386,12.866667,370,12.333333,0.212347,review
387,12.9,370,12.333333,0.209014,review
388,12.933333,371,12.366667,0.205681,review
389,12.966667,371,12.366667,0.202348,review
390,13.0,372,12.4,0.199015,review
391,13.033333,374,12.466667,0.190437,review
392,13.066667,376,12.533333,0.181859,review
393,13.1,378,12.6,0.173281,review
394,13.133333,380,12.666667,0.164703,review
395,13.166667,382,12.733333,0.156125,review
396,13.2,384,12.8,0.147547,review
397,13.233333,386,12.866667,0.127597,review
398,13.266667,388,12.933333,0.107648,review
399,13.3,390,13.0,0.087698,review
400,13.333333,392,13.066667,0.067748,review
401,13.366667,394,13.133333,0.047798,review
402,13.4,396,13.2,0.027849,review
403,13.433333,398,13.266667,0.031469,review
404,13.466667,400,13.333333,0.035089,review
405,13.5,402,13.4,0.03871,review
406,13.533333,404,13.466667,0.04233,review
407,13.566667,406,13.533333,0.04595,review
408,13.6,408,13.6,0.04957,review
409,13.633333,409,13.633333,0.065698,review
410,13.666667,409,13.633333,0.081826,review
411,13.7,410,13.666667,0.097954,review
412,13.733333,410,13.666667,0.114082,review
413,13.766667,411,13.7,0.130209,review
414,13.8,411,13.7,0.146337,review
415,13.833333,412,13.733333,0.162465,review
416,13.866667,412,13.733333,0.178593,review
417,13.9,413,13.766667,0.194721,review
418,13.933333,413,13.766667,0.210849,review
419,13.966667,414,13.8,0.226977,review
420,14.0,414,13.8,0.243105,review
421,14.033333,416,13.866667,0.202587,review
422,14.066667,418,13.933333,0.16207,review
423,14.1,420,14.0,0.121552,review
424,14.133333,422,14.066667,0.081035,review
425,14.166667,424,14.133333,0.040517,review
426,14.2,426,14.2,0.0,review
427,14.233333,428,14.266667,0.039697,review
428,14.266667,430,14.333333,0.079394,review
429,14.3,432,14.4,0.11909,review
430,14.333333,434,14.466667,0.158787,review
431,14.366667,436,14.533333,0.198484,review
432,14.4,438,14.6,0.23818,review
433,14.433333,440,14.666667,0.226756,review
434,14.466667,442,14.733333,0.215332,review
435,14.5,444,14.8,0.203908,review
436,14.533333,446,14.866667,0.192485,review
437,14.566667,448,14.933333,0.181061,review
438,14.6,450,15.0,0.169637,review
439,14.633333,452,15.066667,0.142204,review
440,14.666667,454,15.133333,0.114771,review
441,14.7,456,15.2,0.087337,review
442,14.733333,458,15.266667,0.059904,review
443,14.766667,460,15.333333,0.032471,review
444,14.8,462,15.4,0.005037,review
445,14.833333,464,15.466667,0.014752,review
446,14.866667,466,15.533333,0.024466,review
447,14.9,468,15.6,0.034181,review
448,14.933333,470,15.666667,0.043896,review
449,14.966667,472,15.733333,0.05361,review
450,15.0,474,15.8,0.063325,review
451,15.033333,476,15.866667,0.083188,review
452,15.066667,478,15.933333,0.10305,review
453,15.1,480,16.0,0.122913,review
454,15.133333,482,16.066667,0.142776,review
455,15.166667,484,16.133333,0.162638,review
456,15.2,486,16.2,0.182501,review
457,15.233333,488,16.266667,0.172728,review
458,15.266667,490,16.333333,0.162954,review
459,15.3,492,16.4,0.153181,review
460,15.333333,494,16.466667,0.143408,review
461,15.366667,496,16.533333,0.133634,review
462,15.4,498,16.6,0.123861,review
463,15.433333,500,16.666667,0.109423,review
464,15.466667,502,16.733333,0.094985,review
465,15.5,504,16.8,0.080547,review
466,15.533333,506,16.866667,0.066108,review
467,15.566667,508,16.933333,0.05167,review
468,15.6,510,17.0,0.037232,review
469,15.633333,512,17.066667,0.0317,review
470,15.666667,514,17.133333,0.026167,review
471,15.7,516,17.2,0.020635,review
472,15.733333,518,17.266667,0.015102,review
473,15.766667,520,17.333333,0.00957,review
474,15.8,522,17.4,0.004037,review
475,15.833333,524,17.466667,0.003364,review
476,15.866667,526,17.533333,0.002691,review
477,15.9,528,17.6,0.002019,review
478,15.933333,530,17.666667,0.001346,review
479,15.966667,532,17.733333,0.000673,review
480,16.0,534,17.8,0.0,review
481,16.033333,536,17.866667,0.007607,review
482,16.066667,538,17.933333,0.015215,review
483,16.1,540,18.0,0.022822,review
484,16.133333,542,18.066667,0.03043,review
485,16.166667,544,18.133333,0.038037,review
486,16.2,546,18.2,0.045645,review
487,16.233333,548,18.266667,0.04277,review
488,16.266667,550,18.333333,0.039894,review
489,16.3,552,18.4,0.037019,review
490,16.333333,554,18.466667,0.034144,review
491,16.366667,556,18.533333,0.031268,review
492,16.4,558,18.6,0.028393,review
493,16.433333,560,18.666667,0.023661,review
494,16.466667,562,18.733333,0.018929,review
495,16.5,564,18.8,0.014197,review
496,16.533333,566,18.866667,0.009464,review
497,16.566667,568,18.933333,0.004732,review
498,16.6,570,19.0,0.0,review
499,16.633333,572,19.066667,0.000774,review
500,16.666667,574,19.133333,0.001548,review
501,16.7,576,19.2,0.002323,review
502,16.733333,578,19.266667,0.003097,review
503,16.766667,580,19.333333,0.003871,review
504,16.8,582,19.4,0.004645,review
505,16.833333,582,19.4,0.005658,review
506,16.866667,583,19.433333,0.006671,review
507,16.9,584,19.466667,0.007684,review
508,16.933333,584,19.466667,0.008697,review
509,16.966667,584,19.466667,0.00971,review
510,17.0,585,19.5,0.010724,review
511,17.033333,586,19.533333,0.011737,review
512,17.066667,586,19.533333,0.01275,review
513,17.1,586,19.533333,0.013763,review
514,17.133333,587,19.566667,0.014776,review
515,17.166667,588,19.6,0.015789,review
516,17.2,588,19.6,0.016802,review
517,17.233333,588,19.6,0.015402,review
518,17.266667,589,19.633333,0.014002,review
519,17.3,589,19.633333,0.012602,review
520,17.333333,590,19.666667,0.011201,review
521,17.366667,590,19.666667,0.009801,review
522,17.4,591,19.7,0.008401,review
523,17.433333,591,19.7,0.007001,review
524,17.466667,592,19.733333,0.005601,review
525,17.5,592,19.733333,0.004201,review
526,17.533333,593,19.766667,0.0028,review
527,17.566667,593,19.766667,0.0014,review
528,17.6,594,19.8,0.0,review
529,17.633333,594,19.8,0.002287,review
530,17.666667,595,19.833333,0.004573,review
531,17.7,595,19.833333,0.00686,review
532,17.733333,596,19.866667,0.009147,review
533,17.766667,596,19.866667,0.011434,review
534,17.8,597,19.9,0.01372,review
535,17.833333,597,19.9,0.016007,review
536,17.866667,598,19.933333,0.018294,review
537,17.9,598,19.933333,0.020581,review
538,17.933333,599,19.966667,0.022867,review
539,17.966667,599,19.966667,0.025154,review
540,18.0,600,20.0,0.027441,review
541,18.033333,601,20.033333,0.027713,review
542,18.066667,601,20.033333,0.027985,review
543,18.1,602,20.066667,0.028257,review
544,18.133333,602,20.066667,0.028529,review
545,18.166667,603,20.1,0.028801,review
546,18.2,603,20.1,0.029073,review
547,18.233333,604,20.133333,0.029345,review
548,18.266667,604,20.133333,0.029617,review
549,18.3,605,20.166667,0.029889,review
550,18.333333,605,20.166667,0.030161,review
551,18.366667,606,20.2,0.030433,review
552,18.4,606,20.2,0.030705,review
553,18.433333,607,20.233333,0.028146,review
554,18.466667,607,20.233333,0.025587,review
555,18.5,608,20.266667,0.023029,review
556,18.533333,608,20.266667,0.02047,review
557,18.566667,609,20.3,0.017911,review
558,18.6,609,20.3,0.015352,review
559,18.633333,610,20.333333,0.012794,review
560,18.666667,610,20.333333,0.010235,review
561,18.7,611,20.366667,0.007676,review
562,18.733333,611,20.366667,0.005117,review
563,18.766667,612,20.4,0.002559,review
564,18.8,612,20.4,0.0,review
565,18.833333,614,20.466667,0.018244,review
566,18.866667,616,20.533333,0.036488,review
567,18.9,618,20.6,0.054732,review
568,18.933333,620,20.666667,0.072975,review
569,18.966667,622,20.733333,0.091219,review
570,19.0,624,20.8,0.109463,review
571,19.033333,624,20.8,0.104951,review
572,19.066667,625,20.833333,0.100439,review
573,19.1,625,20.833333,0.095927,review
574,19.133333,626,20.866667,0.091415,review
575,19.166667,626,20.866667,0.086903,review
576,19.2,627,20.9,0.08239,review
577,19.233333,627,20.9,0.077878,review
578,19.266667,628,20.933333,0.073366,review
579,19.3,628,20.933333,0.068854,review
580,19.333333,629,20.966667,0.064342,review
581,19.366667,630,21.0,0.05983,review
582,19.4,630,21.0,0.055318,review
583,19.433333,631,21.033333,0.053625,review
584,19.466667,631,21.033333,0.051933,review
585,19.5,632,21.066667,0.05024,review
586,19.533333,632,21.066667,0.048547,review
587,19.566667,633,21.1,0.046855,review
588,19.6,633,21.1,0.045162,review
589,19.633333,634,21.133333,0.043469,review
590,19.666667,634,21.133333,0.041777,review
591,19.7,635,21.166667,0.040084,review
592,19.733333,635,21.166667,0.038391,review
593,19.766667,636,21.2,0.036699,review
594,19.8,636,21.2,0.035006,review
595,19.833333,637,21.233333,0.032089,review
596,19.866667,637,21.233333,0.029172,review
597,19.9,638,21.266667,0.026254,review
598,19.933333,638,21.266667,0.023337,review
599,19.966667,639,21.3,0.02042,review
600,20.0,639,21.3,0.017503,review
601,20.033333,640,21.333333,0.014586,review
602,20.066667,640,21.333333,0.011669,review
603,20.1,640,21.333333,0.008752,review
604,20.133333,641,21.366667,0.005834,review
605,20.166667,641,21.366667,0.002917,review
606,20.2,642,21.4,0.0,review
607,20.233333,642,21.4,0.0,review
608,20.266667,643,21.433333,0.0,review
609,20.3,643,21.433333,0.0,review
610,20.333333,644,21.466667,0.0,review
611,20.366667,644,21.466667,0.0,review
612,20.4,645,21.5,0.0,review
613,20.433333,645,21.5,0.0,review
614,20.466667,646,21.533333,0.0,review
615,20.5,646,21.533333,0.0,review
616,20.533333,647,21.566667,0.0,review
617,20.566667,648,21.6,0.0,review
618,20.6,648,21.6,0.0,review
619,20.633333,650,21.666667,0.0,review
620,20.666667,652,21.733333,0.0,review
621,20.7,654,21.8,0.0,review
622,20.733333,656,21.866667,0.0,review
623,20.766667,658,21.933333,0.0,review
624,20.8,660,22.0,0.0,review
625,20.833333,661,22.033333,0.000446,review
626,20.866667,661,22.033333,0.000892,review
627,20.9,662,22.066667,0.001339,review
628,20.933333,662,22.066667,0.001785,review
629,20.966667,663,22.1,0.002231,review
630,21.0,663,22.1,0.002677,review
631,21.033333,664,22.133333,0.003123,review
632,21.066667,664,22.133333,0.003569,review
633,21.1,665,22.166667,0.004015,review
634,21.133333,665,22.166667,0.004462,review
635,21.166667,666,22.2,0.004908,review
636,21.2,666,22.2,0.005354,review
637,21.233333,668,22.266667,0.004462,review
638,21.266667,670,22.333333,0.003569,review
639,21.3,672,22.4,0.002677,review
640,21.333333,674,22.466667,0.001785,review
641,21.366667,676,22.533333,0.000892,review
642,21.4,678,22.6,0.0,review
643,21.433333,679,22.633333,0.0,review
644,21.466667,679,22.633333,0.0,review
645,21.5,680,22.666667,0.0,review
646,21.533333,680,22.666667,0.0,review
647,21.566667,681,22.7,0.0,review
648,21.6,681,22.7,0.0,review
649,21.633333,682,22.733333,0.0,review
650,21.666667,682,22.733333,0.0,review
651,21.7,682,22.733333,0.0,review
652,21.733333,683,22.766667,0.0,review
653,21.766667,683,22.766667,0.0,review
654,21.8,684,22.8,0.0,review
655,21.833333,686,22.866667,0.000343,review
656,21.866667,688,22.933333,0.000686,review
657,21.9,690,23.0,0.00103,review
658,21.933333,692,23.066667,0.001373,review
659,21.966667,694,23.133333,0.001716,review
660,22.0,696,23.2,0.002059,review
661,22.033333,697,23.233333,0.001887,review
662,22.066667,697,23.233333,0.001716,review
663,22.1,698,23.266667,0.001544,review
664,22.133333,698,23.266667,0.001373,review
665,22.166667,699,23.3,0.001201,review
666,22.2,699,23.3,0.001029,review
667,22.233333,700,23.333333,0.000858,review
668,22.266667,700,23.333333,0.000686,review
669,22.3,701,23.366667,0.000515,review
670,22.333333,701,23.366667,0.000343,review
671,22.366667,701,23.366667,0.000172,review
672,22.4,702,23.4,0.0,review
673,22.433333,704,23.466667,0.0,review
674,22.466667,706,23.533333,0.0,review
675,22.5,708,23.6,0.0,review
676,22.533333,710,23.666667,0.0,review
677,22.566667,712,23.733333,0.0,review
678,22.6,714,23.8,0.0,review
679,22.633333,716,23.866667,0.001364,review
680,22.666667,718,23.933333,0.002729,review
681,22.7,720,24.0,0.004094,review
682,22.733333,722,24.066667,0.005458,review
683,22.766667,724,24.133333,0.006823,review
684,22.8,726,24.2,0.008187,review
685,22.833333,728,24.266667,0.006822,review
686,22.866667,730,24.333333,0.005458,review
687,22.9,732,24.4,0.004093,review
688,22.933333,734,24.466667,0.002729,review
689,22.966667,736,24.533333,0.001364,review
690,23.0,738,24.6,0.0,review
691,23.033333,739,24.633333,0.001255,review
692,23.066667,739,24.633333,0.002511,review
693,23.1,740,24.666667,0.003766,review
694,23.133333,740,24.666667,0.005022,review
695,23.166667,740,24.666667,0.006277,review
696,23.2,741,24.7,0.007533,review
697,23.233333,741,24.7,0.008788,review
698,23.266667,742,24.733333,0.010043,review
699,23.3,742,24.733333,0.011299,review
700,23.333333,743,24.766667,0.012554,review
701,23.366667,743,24.766667,0.01381,review
702,23.4,744,24.8,0.015065,review
703,23.433333,746,24.866667,0.012554,review
704,23.466667,748,24.933333,0.010043,review
705,23.5,750,25.0,0.007533,review
706,23.533333,752,25.066667,0.005022,review
707,23.566667,754,25.133333,0.002511,review
708,23.6,756,25.2,0.0,review
709,23.633333,758,25.266667,0.000105,review
710,23.666667,760,25.333333,0.00021,review
711,23.7,762,25.4,0.000316,review
712,23.733333,764,25.466667,0.000421,review
713,23.766667,766,25.533333,0.000526,review
714,23.8,768,25.6,0.000631,review
715,23.833333,769,25.633333,0.004548,review
716,23.866667,769,25.633333,0.008464,review
717,23.9,770,25.666667,0.012381,review
718,23.933333,770,25.666667,0.016297,review
719,23.966667,770,25.666667,0.020214,review
720,24.0,771,25.7,0.024131,review
721,24.033333,771,25.7,0.028047,review
722,24.066667,772,25.733333,0.031964,review
723,24.1,772,25.733333,0.03588,review
724,24.133333,773,25.766667,0.039797,review
725,24.166667,773,25.766667,0.043713,review
726,24.2,774,25.8,0.04763,review
727,24.233333,774,25.8,0.047829,review
728,24.266667,775,25.833333,0.048028,review
729,24.3,775,25.833333,0.048226,review
730,24.333333,776,25.866667,0.048425,review
731,24.366667,776,25.866667,0.048624,review
732,24.4,777,25.9,0.048823,review
733,24.433333,777,25.9,0.049022,review
734,24.466667,778,25.933333,0.049221,review
735,24.5,778,25.933333,0.049419,review
736,24.533333,779,25.966667,0.049618,review
737,24.566667,779,25.966667,0.049817,review
738,24.6,780,26.0,0.050016,review
739,24.633333,782,26.066667,0.050832,review
740,24.666667,784,26.133333,0.051649,review
741,24.7,786,26.2,0.052466,review
742,24.733333,788,26.266667,0.053282,review
743,24.766667,790,26.333333,0.054099,review
744,24.8,792,26.4,0.054915,review
745,24.833333,794,26.466667,0.045762,review
746,24.866667,796,26.533333,0.03661,review
747,24.9,798,26.6,0.027457,review
748,24.933333,800,26.666667,0.018305,review
749,24.966667,802,26.733333,0.009152,review
750,25.0,804,26.8,0.0,review
751,25.033333,806,26.866667,0.019427,review
752,25.066667,808,26.933333,0.038854,review
753,25.1,810,27.0,0.058281,review
754,25.133333,812,27.066667,0.077708,review
755,25.166667,814,27.133333,0.097135,review
756,25.2,816,27.2,0.116562,review
757,25.233333,817,27.233333,0.117403,review
758,25.266667,817,27.233333,0.118244,review
759,25.3,818,27.266667,0.119086,review
760,25.333333,818,27.266667,0.119927,review
761,25.366667,818,27.266667,0.120768,review
762,25.4,819,27.3,0.121609,review
763,25.433333,819,27.3,0.122451,review
764,25.466667,820,27.333333,0.123292,review
765,25.5,820,27.333333,0.124133,review
766,25.533333,821,27.366667,0.124974,review
767,25.566667,821,27.366667,0.125816,review
768,25.6,822,27.4,0.126657,review
769,25.633333,824,27.466667,0.122434,review
770,25.666667,826,27.533333,0.118211,review
771,25.7,828,27.6,0.113988,review
772,25.733333,830,27.666667,0.109765,review
773,25.766667,832,27.733333,0.105542,review
774,25.8,834,27.8,0.101319,review
775,25.833333,836,27.866667,0.102074,review
776,25.866667,838,27.933333,0.102829,review
777,25.9,840,28.0,0.103585,review
778,25.933333,842,28.066667,0.10434,review
779,25.966667,844,28.133333,0.105095,review
780,26.0,846,28.2,0.10585,review
781,26.033333,847,28.233333,0.110327,review
782,26.066667,847,28.233333,0.114803,review
783,26.1,848,28.266667,0.11928,review
784,26.133333,848,28.266667,0.123756,review
785,26.166667,849,28.3,0.128233,review
786,26.2,849,28.3,0.13271,review
787,26.233333,850,28.333333,0.137186,review
788,26.266667,850,28.333333,0.141663,review
789,26.3,851,28.366667,0.146139,review
790,26.333333,851,28.366667,0.150616,review
791,26.366667,851,28.366667,0.155092,review
792,26.4,852,28.4,0.159569,review
793,26.433333,854,28.466667,0.162861,review
794,26.466667,856,28.533333,0.166153,review
795,26.5,858,28.6,0.169444,review
796,26.533333,860,28.666667,0.172736,review
797,26.566667,862,28.733333,0.176028,review
798,26.6,864,28.8,0.17932,review
799,26.633333,866,28.866667,0.171043,review
800,26.666667,868,28.933333,0.162765,review
801,26.7,870,29.0,0.154488,review
802,26.733333,872,29.066667,0.146211,review
803,26.766667,874,29.133333,0.137933,review
804,26.8,876,29.2,0.129656,review
805,26.833333,878,29.266667,0.120233,review
806,26.866667,880,29.333333,0.110811,review
807,26.9,882,29.4,0.101389,review
808,26.933333,884,29.466667,0.091967,review
809,26.966667,886,29.533333,0.082544,review
810,27.0,888,29.6,0.073122,review
811,27.033333,889,29.633333,0.072856,review
812,27.066667,889,29.633333,0.07259,review
813,27.1,890,29.666667,0.072324,review
814,27.133333,890,29.666667,0.072058,review
815,27.166667,890,29.666667,0.071792,review
816,27.2,891,29.7,0.071526,review
817,27.233333,891,29.7,0.071259,review
818,27.266667,892,29.733333,0.070993,review
819,27.3,892,29.733333,0.070727,review
820,27.333333,893,29.766667,0.070461,review
821,27.366667,893,29.766667,0.070195,review
822,27.4,894,29.8,0.069929,review
823,27.433333,896,29.866667,0.063523,review
824,27.466667,898,29.933333,0.057117,review
825,27.5,900,30.0,0.050711,review
826,27.533333,902,30.066667,0.044305,review
827,27.566667,904,30.133333,0.037899,review
828,27.6,906,30.2,0.031493,review
829,27.633333,907,30.233333,0.031512,review
830,27.666667,907,30.233333,0.03153,review
831,27.7,908,30.266667,0.031549,review
832,27.733333,908,30.266667,0.031568,review
833,27.766667,909,30.3,0.031586,review
834,27.8,909,30.3,0.031605,review
835,27.833333,910,30.333333,0.031624,review
836,27.866667,910,30.333333,0.031642,review
837,27.9,910,30.333333,0.031661,review
838,27.933333,911,30.366667,0.03168,review
839,27.966667,911,30.366667,0.031698,review
840,28.0,912,30.4,0.031717,review
841,28.033333,914,30.466667,0.046498,review
842,28.066667,916,30.533333,0.061279,review
843,28.1,918,30.6,0.07606,review
844,28.133333,920,30.666667,0.090841,review
845,28.166667,922,30.733333,0.105623,review
846,28.2,924,30.8,0.120404,review
847,28.233333,924,30.8,0.11834,review
848,28.266667,925,30.833333,0.116277,review
849,28.3,925,30.833333,0.114213,review
850,28.333333,926,30.866667,0.112149,review
851,28.366667,926,30.866667,0.110086,review
852,28.4,927,30.9,0.108022,review
853,28.433333,927,30.9,0.105958,review
854,28.466667,928,30.933333,0.103895,review
855,28.5,928,30.933333,0.101831,review
856,28.533333,929,30.966667,0.099767,review
857,28.566667,929,30.966667,0.097704,review
858,28.6,930,31.0,0.09564,review
859,28.633333,930,31.0,0.099051,review
860,28.666667,931,31.033333,0.102461,review
861,28.7,932,31.066667,0.105872,review
862,28.733333,932,31.066667,0.109283,review
863,28.766667,933,31.1,0.112693,review
864,28.8,933,31.1,0.116104,review
865,28.833333,934,31.133333,0.119515,review
866,28.866667,934,31.133333,0.122925,review
867,28.9,935,31.166667,0.126336,review
868,28.933333,935,31.166667,0.129747,review
869,28.966667,936,31.2,0.133157,review
870,29.0,936,31.2,0.136568,review
871,29.033333,938,31.266667,0.132778,review
872,29.066667,940,31.333333,0.128988,review
873,29.1,942,31.4,0.125198,review
874,29.133333,944,31.466667,0.121407,review
875,29.166667,946,31.533333,0.117617,review
876,29.2,948,31.6,0.113827,review
877,29.233333,948,31.6,0.104342,review
878,29.266667,949,31.633333,0.094856,review
879,29.3,949,31.633333,0.08537,review
880,29.333333,950,31.666667,0.075885,review
881,29.366667,950,31.666667,0.066399,review
882,29.4,951,31.7,0.056914,review
883,29.433333,951,31.7,0.047428,review
884,29.466667,952,31.733333,0.037942,review
885,29.5,952,31.733333,0.028457,review
886,29.533333,953,31.766667,0.018971,review
887,29.566667,953,31.766667,0.009486,review
888,29.6,954,31.8,0.0,review
889,29.633333,954,31.8,0.019737,review
890,29.666667,955,31.833333,0.039474,review
891,29.7,955,31.833333,0.059211,review
892,29.733333,956,31.866667,0.078948,review
893,29.766667,956,31.866667,0.098685,review
894,29.8,957,31.9,0.118422,review
895,29.833333,957,31.9,0.138159,review
896,29.866667,958,31.933333,0.157896,review
897,29.9,958,31.933333,0.177633,review
898,29.933333,959,31.966667,0.19737,review
899,29.966667,959,31.966667,0.217107,review
900,30.0,960,32.0,0.236844,review
901,30.033333,961,32.033333,0.227371,review
902,30.066667,961,32.033333,0.217898,review
903,30.1,962,32.066667,0.208424,review
904,30.133333,962,32.066667,0.198951,review
905,30.166667,963,32.1,0.189478,review
906,30.2,963,32.1,0.180005,review
907,30.233333,964,32.133333,0.170532,review
908,30.266667,964,32.133333,0.161059,review
909,30.3,965,32.166667,0.151585,review
910,30.333333,965,32.166667,0.142112,review
911,30.366667,966,32.2,0.132639,review
912,30.4,966,32.2,0.123166,review
913,30.433333,967,32.233333,0.131532,review
914,30.466667,967,32.233333,0.139898,review
915,30.5,968,32.266667,0.148265,review
916,30.533333,968,32.266667,0.156631,review
917,30.566667,969,32.3,0.164997,review
918,30.6,969,32.3,0.173363,review
919,30.633333,970,32.333333,0.181729,review
920,30.666667,970,32.333333,0.190095,review
921,30.7,971,32.366667,0.198462,review
922,30.733333,971,32.366667,0.206828,review
923,30.766667,972,32.4,0.215194,review
924,30.8,972,32.4,0.223559,review
925,30.833333,974,32.466667,0.188196,review
926,30.866667,976,32.533333,0.152833,review
927,30.9,978,32.6,0.117471,review
928,30.933333,980,32.666667,0.082108,review
929,30.966667,982,32.733333,0.046745,review
930,31.0,984,32.8,0.011382,review
931,31.033333,986,32.866667,0.019004,review
932,31.066667,988,32.933333,0.026627,review
933,31.1,990,33.0,0.034249,review
934,31.133333,992,33.066667,0.041872,review
935,31.166667,994,33.133333,0.049494,review
936,31.2,996,33.2,0.057117,review
937,31.233333,997,33.233333,0.066098,review
938,31.266667,997,33.233333,0.075079,review
939,31.3,998,33.266667,0.084061,review
940,31.333333,998,33.266667,0.093042,review
941,31.366667,999,33.3,0.102023,review
942,31.4,999,33.3,0.111004,review
943,31.433333,1000,33.333333,0.119986,review
944,31.466667,1000,33.333333,0.128967,review
945,31.5,1001,33.366667,0.137948,review
946,31.533333,1001,33.366667,0.146929,review
947,31.566667,1002,33.4,0.155911,review
948,31.6,1002,33.4,0.164892,review
949,31.633333,1004,33.466667,0.170812,review
950,31.666667,1006,33.533333,0.176732,review
951,31.7,1008,33.6,0.182652,review
952,31.733333,1010,33.666667,0.188571,review
953,31.766667,1012,33.733333,0.194491,review
954,31.8,1014,33.8,0.200411,review
955,31.833333,1014,33.8,0.205804,review
956,31.866667,1015,33.833333,0.211196,review
957,31.9,1015,33.833333,0.216589,review
958,31.933333,1016,33.866667,0.221981,review
959,31.966667,1016,33.866667,0.227374,review
960,32.0,1017,33.9,0.232766,review
961,32.033333,1017,33.9,0.238158,review
962,32.066667,1018,33.933333,0.243551,review
963,32.1,1018,33.933333,0.248943,review
964,32.133333,1019,33.966667,0.254336,review
965,32.166667,1019,33.966667,0.259728,review
966,32.2,1020,34.0,0.265121,review
967,32.233333,1020,34.0,0.252808,review
968,32.266667,1021,34.033333,0.240494,review
969,32.3,1022,34.066667,0.228181,review
970,32.333333,1022,34.066667,0.215867,review
971,32.366667,1023,34.1,0.203554,review
972,32.4,1023,34.1,0.19124,review
973,32.433333,1024,34.133333,0.178927,review
974,32.466667,1024,34.133333,0.166613,review
975,32.5,1025,34.166667,0.1543,review
976,32.533333,1025,34.166667,0.141986,review
977,32.566667,1026,34.2,0.129673,review
978,32.6,1026,34.2,0.117359,review
979,32.633333,1028,34.266667,0.09835,review
980,32.666667,1030,34.333333,0.07934,review
981,32.7,1032,34.4,0.060331,review
982,32.733333,1034,34.466667,0.041321,review
983,32.766667,1036,34.533333,0.022312,review
984,32.8,1038,34.6,0.003303,review
985,32.833333,1040,34.666667,0.007381,review
986,32.866667,1042,34.733333,0.011459,review
987,32.9,1044,34.8,0.015537,review
988,32.933333,1046,34.866667,0.019614,review
989,32.966667,1048,34.933333,0.023692,review
990,33.0,1050,35.0,0.02777,review
991,33.033333,1052,35.066667,0.028819,review
992,33.066667,1054,35.133333,0.029869,review
993,33.1,1056,35.2,0.030918,review
994,33.133333,1058,35.266667,0.031967,review
995,33.166667,1060,35.333333,0.033017,review
996,33.2,1062,35.4,0.034066,review
997,33.233333,1063,35.433333,0.037523,review
998,33.266667,1063,35.433333,0.04098,review
999,33.3,1064,35.466667,0.044436,review
1000,33.333333,1064,35.466667,0.047893,review
1001,33.366667,1065,35.5,0.05135,review
1002,33.4,1065,35.5,0.054807,review
1003,33.433333,1066,35.533333,0.058264,review
1004,33.466667,1066,35.533333,0.061721,review
1005,33.5,1066,35.533333,0.065178,review
1006,33.533333,1067,35.566667,0.068634,review
1007,33.566667,1067,35.566667,0.072091,review
1008,33.6,1068,35.6,0.075549,review
1009,33.633333,1068,35.6,0.088764,review
1010,33.666667,1069,35.633333,0.10198,review
1011,33.7,1069,35.633333,0.115196,review
1012,33.733333,1070,35.666667,0.128412,review
1013,33.766667,1070,35.666667,0.141628,review
1014,33.8,1071,35.7,0.154844,review
1015,33.833333,1071,35.7,0.16806,review
1016,33.866667,1072,35.733333,0.181276,review
1017,33.9,1072,35.733333,0.194491,review
1018,33.933333,1073,35.766667,0.207707,review
1019,33.966667,1073,35.766667,0.220923,review
1020,34.0,1074,35.8,0.234139,review
1021,34.033333,1076,35.866667,0.207542,review
1022,34.066667,1078,35.933333,0.180946,review
1023,34.1,1080,36.0,0.154349,review
1024,34.133333,1082,36.066667,0.127753,review
1025,34.166667,1084,36.133333,0.101156,review
1026,34.2,1086,36.2,0.07456,review
1027,34.233333,1088,36.266667,0.081087,review
1028,34.266667,1090,36.333333,0.087615,review
1029,34.3,1092,36.4,0.094143,review
1030,34.333333,1094,36.466667,0.100671,review
1031,34.366667,1096,36.533333,0.1072,review
1032,34.4,1098,36.6,0.113728,review
1033,34.433333,1100,36.666667,0.117558,review
1034,34.466667,1102,36.733333,0.121388,review
1035,34.5,1104,36.8,0.125218,review
1036,34.533333,1106,36.866667,0.129048,review
1037,34.566667,1108,36.933333,0.132878,review
1038,34.6,1110,37.0,0.136708,review
1039,34.633333,1111,37.033333,0.131764,review
1040,34.666667,1111,37.033333,0.12682,review
1041,34.7,1112,37.066667,0.121876,review
1042,34.733333,1112,37.066667,0.116933,review
1043,34.766667,1113,37.1,0.111989,review
1044,34.8,1113,37.1,0.107045,review
1045,34.833333,1114,37.133333,0.102101,review
1046,34.866667,1114,37.133333,0.097157,review
1047,34.9,1115,37.166667,0.092213,review
1048,34.933333,1115,37.166667,0.08727,review
1049,34.966667,1116,37.2,0.082326,review
1050,35.0,1116,37.2,0.077382,review
1051,35.033333,1117,37.233333,0.082305,review
1052,35.066667,1117,37.233333,0.087227,review
1053,35.1,1118,37.266667,0.09215,review
1054,35.133333,1118,37.266667,0.097073,review
1055,35.166667,1119,37.3,0.101996,review
1056,35.2,1119,37.3,0.106918,review
1057,35.233333,1120,37.333333,0.111841,review
1058,35.266667,1120,37.333333,0.116764,review
1059,35.3,1121,37.366667,0.121687,review
1060,35.333333,1121,37.366667,0.126609,review
1061,35.366667,1122,37.4,0.131532,review
1062,35.4,1122,37.4,0.136455,review
1063,35.433333,1124,37.466667,0.114461,review
1064,35.466667,1126,37.533333,0.092467,review
1065,35.5,1128,37.6,0.070472,review
1066,35.533333,1130,37.666667,0.048477,review
1067,35.566667,1132,37.733333,0.026483,review
1068,35.6,1134,37.8,0.00449,review
1069,35.633333,1136,37.866667,0.022577,review
1070,35.666667,1138,37.933333,0.040664,review
1071,35.7,1140,38.0,0.058751,review
1072,35.733333,1142,38.066667,0.076838,review
1073,35.766667,1144,38.133333,0.094925,review
1074,35.8,1146,38.2,0.113012,review
1075,35.833333,1148,38.266667,0.113901,review
1076,35.866667,1150,38.333333,0.11479,review
1077,35.9,1152,38.4,0.115679,review
1078,35.933333,1154,38.466667,0.116567,review
1079,35.966667,1156,38.533333,0.117456,review
1080,36.0,1158,38.6,0.118345,review
1081,36.033333,1160,38.666667,0.128797,review
1082,36.066667,1162,38.733333,0.139249,review
1083,36.1,1164,38.8,0.1497,review
1084,36.133333,1166,38.866667,0.160152,review
1085,36.166667,1168,38.933333,0.170604,review
1086,36.2,1170,39.0,0.181056,review
1087,36.233333,1170,39.0,0.171903,review
1088,36.266667,1171,39.033333,0.16275,review
1089,36.3,1172,39.066667,0.153597,review
1090,36.333333,1172,39.066667,0.144444,review
1091,36.366667,1173,39.1,0.135291,review
1092,36.4,1173,39.1,0.126138,review
1093,36.433333,1174,39.133333,0.116985,review
1094,36.466667,1174,39.133333,0.107832,review
1095,36.5,1175,39.166667,0.098679,review
1096,36.533333,1175,39.166667,0.089527,review
1097,36.566667,1176,39.2,0.080374,review
1098,36.6,1176,39.2,0.071221,review
1099,36.633333,1177,39.233333,0.065286,review
1100,36.666667,1177,39.233333,0.059351,review
1101,36.7,1178,39.266667,0.053416,review
1102,36.733333,1178,39.266667,0.04748,review
1103,36.766667,1179,39.3,0.041545,review
1104,36.8,1179,39.3,0.03561,review
1105,36.833333,1180,39.333333,0.029675,review
1106,36.866667,1180,39.333333,0.02374,review
1107,36.9,1181,39.366667,0.017805,review
1108,36.933333,1181,39.366667,0.01187,review
1109,36.966667,1182,39.4,0.005935,review
1110,37.0,1182,39.4,0.0,review
1111,37.033333,1183,39.433333,0.006983,review
1112,37.066667,1183,39.433333,0.013965,review
1113,37.1,1184,39.466667,0.020948,review
1114,37.133333,1184,39.466667,0.027931,review
1115,37.166667,1184,39.466667,0.034914,review
1116,37.2,1185,39.5,0.041896,review
1117,37.233333,1185,39.5,0.048879,review
1118,37.266667,1186,39.533333,0.055862,review
1119,37.3,1186,39.533333,0.062845,review
1120,37.333333,1187,39.566667,0.069827,review
1121,37.366667,1187,39.566667,0.07681,review
1122,37.4,1188,39.6,0.083793,review
1123,37.433333,1188,39.6,0.076811,review
1124,37.466667,1189,39.633333,0.069828,review
1125,37.5,1189,39.633333,0.062845,review
1126,37.533333,1190,39.666667,0.055862,review
1127,37.566667,1190,39.666667,0.048879,review
1128,37.6,1191,39.7,0.041897,review
1129,37.633333,1191,39.7,0.034914,review
1130,37.666667,1192,39.733333,0.027931,review
1131,37.7,1192,39.733333,0.020948,review
1132,37.733333,1193,39.766667,0.013965,review
1133,37.766667,1193,39.766667,0.006983,review
1134,37.8,1194,39.8,0.0,review
1135,37.833333,1196,39.866667,0.010269,review
1136,37.866667,1198,39.933333,0.020538,review
1137,37.9,1200,40.0,0.030807,review
1138,37.933333,1202,40.066667,0.041075,review
1139,37.966667,1204,40.133333,0.051344,review
1140,38.0,1206,40.2,0.061613,review
1141,38.033333,1208,40.266667,0.053049,review
1142,38.066667,1210,40.333333,0.044486,review
1143,38.1,1212,40.4,0.035922,review
1144,38.133333,1214,40.466667,0.027358,review
1145,38.166667,1216,40.533333,0.018795,review
1146,38.2,1218,40.6,0.010231,review
1147,38.233333,1218,40.6,0.01367,review
1148,38.266667,1219,40.633333,0.01711,review
1149,38.3,1219,40.633333,0.020549,review
1150,38.333333,1220,40.666667,0.023989,review
1151,38.366667,1220,40.666667,0.027429,review
1152,38.4,1221,40.7,0.030868,review
1153,38.433333,1221,40.7,0.034308,review
1154,38.466667,1222,40.733333,0.037747,review
1155,38.5,1222,40.733333,0.041187,review
1156,38.533333,1223,40.766667,0.044626,review
1157,38.566667,1223,40.766667,0.048066,review
1158,38.6,1224,40.8,0.051505,review
1159,38.633333,1224,40.8,0.05026,review
1160,38.666667,1225,40.833333,0.049015,review
1161,38.7,1226,40.866667,0.04777,review
1162,38.733333,1226,40.866667,0.046525,review
1163,38.766667,1226,40.866667,0.04528,review
1164,38.8,1227,40.9,0.044035,review
1165,38.833333,1228,40.933333,0.04279,review
1166,38.866667,1228,40.933333,0.041545,review
1167,38.9,1228,40.933333,0.0403,review
1168,38.933333,1229,40.966667,0.039055,review
1169,38.966667,1230,41.0,0.03781,review
1170,39.0,1230,41.0,0.036565,review
1171,39.033333,1230,41.0,0.037704,review
1172,39.066667,1231,41.033333,0.038842,review
1173,39.1,1232,41.066667,0.039981,review
1174,39.133333,1232,41.066667,0.04112,review
1175,39.166667,1232,41.066667,0.042259,review
1176,39.2,1233,41.1,0.043397,review
1177,39.233333,1234,41.133333,0.044536,review
1178,39.266667,1234,41.133333,0.045675,review
1179,39.3,1234,41.133333,0.046814,review
1180,39.333333,1235,41.166667,0.047952,review
1181,39.366667,1236,41.2,0.049091,review
1182,39.4,1236,41.2,0.05023,review
1183,39.433333,1237,41.233333,0.050672,review
1184,39.466667,1237,41.233333,0.051115,review
1185,39.5,1238,41.266667,0.051557,review
1186,39.533333,1238,41.266667,0.052,review
1187,39.566667,1239,41.3,0.052442,review
1188,39.6,1239,41.3,0.052884,review
1189,39.633333,1240,41.333333,0.053327,review
1190,39.666667,1240,41.333333,0.053769,review
1191,39.7,1241,41.366667,0.054212,review
1192,39.733333,1241,41.366667,0.054654,review
1193,39.766667,1242,41.4,0.055097,review
1194,39.8,1242,41.4,0.055539,review
1195,39.833333,1243,41.433333,0.056513,review
1196,39.866667,1243,41.433333,0.057488,review
1197,39.9,1244,41.466667,0.058462,review
1198,39.933333,1244,41.466667,0.059437,review
1199,39.966667,1245,41.5,0.060411,review
1200,40.0,1245,41.5,0.061385,review
1201,40.033333,1245,41.5,0.06236,review
1202,40.066667,1246,41.533333,0.063334,review
1203,40.1,1246,41.533333,0.064309,review
1204,40.133333,1247,41.566667,0.065283,review
1205,40.166667,1247,41.566667,0.066258,review
1206,40.2,1248,41.6,0.067232,review
1207,40.233333,1250,41.666667,0.069249,review
1208,40.266667,1252,41.733333,0.071266,review
1209,40.3,1254,41.8,0.073283,review
1210,40.333333,1256,41.866667,0.075301,review
1211,40.366667,1258,41.933333,0.077318,review
1212,40.4,1260,42.0,0.079335,review
1213,40.433333,1260,42.0,0.087096,review
1214,40.466667,1261,42.033333,0.094857,review
1215,40.5,1261,42.033333,0.102618,review
1216,40.533333,1262,42.066667,0.110379,review
1217,40.566667,1263,42.1,0.11814,review
1218,40.6,1263,42.1,0.125901,review
1219,40.633333,1264,42.133333,0.133662,review
1220,40.666667,1264,42.133333,0.141423,review
1221,40.7,1265,42.166667,0.149184,review
1222,40.733333,1265,42.166667,0.156945,review
1223,40.766667,1266,42.2,0.164706,review
1224,40.8,1266,42.2,0.172466,review
1225,40.833333,1268,42.266667,0.146133,review
1226,40.866667,1270,42.333333,0.119799,review
1227,40.9,1272,42.4,0.093466,review
1228,40.933333,1274,42.466667,0.067132,review
1229,40.966667,1276,42.533333,0.040799,review
1230,41.0,1278,42.6,0.014465,review
1231,41.033333,1278,42.6,0.017948,review
1232,41.066667,1279,42.633333,0.021431,review
1233,41.1,1279,42.633333,0.024913,review
1234,41.133333,1280,42.666667,0.028396,review
1235,41.166667,1280,42.666667,0.031879,review
1236,41.2,1281,42.7,0.035362,review
1237,41.233333,1281,42.7,0.038845,review
1238,41.266667,1282,42.733333,0.042328,review
1239,41.3,1282,42.733333,0.04581,review
1240,41.333333,1283,42.766667,0.049293,review
1241,41.366667,1283,42.766667,0.052776,review
1242,41.4,1284,42.8,0.056259,review
1243,41.433333,1286,42.866667,0.048745,review
1244,41.466667,1288,42.933333,0.04123,review
1245,41.5,1290,43.0,0.033716,review
1246,41.533333,1292,43.066667,0.026202,review
1247,41.566667,1294,43.133333,0.018687,review
1248,41.6,1296,43.2,0.011174,review
1249,41.633333,1298,43.266667,0.033805,review
1250,41.666667,1300,43.333333,0.056436,review
1251,41.7,1302,43.4,0.079066,review
1252,41.733333,1304,43.466667,0.101697,review
1253,41.766667,1306,43.533333,0.124328,review
1254,41.8,1308,43.6,0.146958,review
1255,41.833333,1310,43.666667,0.141428,review
1256,41.866667,1312,43.733333,0.135897,review
1257,41.9,1314,43.8,0.130367,review
1258,41.933333,1316,43.866667,0.124837,review
1259,41.966667,1318,43.933333,0.119306,review
1260,42.0,1320,44.0,0.113776,review
1261,42.033333,1322,44.066667,0.119238,review
1262,42.066667,1324,44.133333,0.124699,review
1263,42.1,1326,44.2,0.130161,review
1264,42.133333,1328,44.266667,0.135623,review
1265,42.166667,1330,44.333333,0.141084,review
1266,42.2,1332,44.4,0.146546,review
1267,42.233333,1333,44.433333,0.147639,review
1268,42.266667,1333,44.433333,0.148733,review
1269,42.3,1334,44.466667,0.149826,review
1270,42.333333,1334,44.466667,0.150919,review
1271,42.366667,1335,44.5,0.152013,review
1272,42.4,1335,44.5,0.153106,review
1273,42.433333,1336,44.533333,0.154199,review
1274,42.466667,1336,44.533333,0.155293,review
1275,42.5,1336,44.533333,0.156386,review
1276,42.533333,1337,44.566667,0.157479,review
1277,42.566667,1337,44.566667,0.158573,review
1278,42.6,1338,44.6,0.159666,review
1279,42.633333,1340,44.666667,0.162405,review
1280,42.666667,1342,44.733333,0.165143,review
1281,42.7,1344,44.8,0.167882,review
1282,42.733333,1346,44.866667,0.17062,review
1283,42.766667,1348,44.933333,0.173359,review
1284,42.8,1350,45.0,0.176097,review
1285,42.833333,1352,45.066667,0.170536,review
1286,42.866667,1354,45.133333,0.164975,review
1287,42.9,1356,45.2,0.159414,review
1288,42.933333,1358,45.266667,0.153854,review
1289,42.966667,1360,45.333333,0.148293,review
1290,43.0,1362,45.4,0.142732,review
1291,43.033333,1363,45.433333,0.143374,review
1292,43.066667,1363,45.433333,0.144016,review
1293,43.1,1364,45.466667,0.144658,review
1294,43.133333,1364,45.466667,0.145301,review
1295,43.166667,1364,45.466667,0.145943,review
1296,43.2,1365,45.5,0.146585,review
1297,43.233333,1365,45.5,0.147227,review
1298,43.266667,1366,45.533333,0.147869,review
1299,43.3,1366,45.533333,0.148511,review
1300,43.333333,1367,45.566667,0.149154,review
1301,43.366667,1367,45.566667,0.149796,review
1302,43.4,1368,45.6,0.150438,review
1303,43.433333,1368,45.6,0.145781,review
1304,43.466667,1369,45.633333,0.141124,review
1305,43.5,1369,45.633333,0.136467,review
1306,43.533333,1370,45.666667,0.13181,review
1307,43.566667,1370,45.666667,0.127153,review
1308,43.6,1371,45.7,0.122496,review
1309,43.633333,1371,45.7,0.117839,review
1310,43.666667,1372,45.733333,0.113182,review
1311,43.7,1372,45.733333,0.108525,review
1312,43.733333,1373,45.766667,0.103868,review
1313,43.766667,1373,45.766667,0.099211,review
1314,43.8,1374,45.8,0.094554,review
1315,43.833333,1374,45.8,0.094814,review
1316,43.866667,1375,45.833333,0.095074,review
1317,43.9,1375,45.833333,0.095334,review
1318,43.933333,1376,45.866667,0.095594,review
1319,43.966667,1376,45.866667,0.095854,review
1320,44.0,1377,45.9,0.096114,review
1321,44.033333,1377,45.9,0.096374,review
1322,44.066667,1378,45.933333,0.096634,review
1323,44.1,1378,45.933333,0.096894,review
1324,44.133333,1379,45.966667,0.097154,review
1325,44.166667,1379,45.966667,0.097414,review
1326,44.2,1380,46.0,0.097674,review
1327,44.233333,1380,46.0,0.101675,review
1328,44.266667,1381,46.033333,0.105676,review
1329,44.3,1382,46.066667,0.109676,review
1330,44.333333,1382,46.066667,0.113677,review
1331,44.366667,1383,46.1,0.117678,review
1332,44.4,1383,46.1,0.121679,review
1333,44.433333,1384,46.133333,0.12568,review
1334,44.466667,1384,46.133333,0.129681,review
1335,44.5,1385,46.166667,0.133682,review
1336,44.533333,1385,46.166667,0.137682,review
1337,44.566667,1386,46.2,0.141683,review
1338,44.6,1386,46.2,0.145684,review
1339,44.633333,1387,46.233333,0.140188,review
1340,44.666667,1387,46.233333,0.134693,review
1341,44.7,1388,46.266667,0.129198,review
1342,44.733333,1388,46.266667,0.123702,review
1343,44.766667,1389,46.3,0.118207,review
1344,44.8,1389,46.3,0.112711,review
1345,44.833333,1390,46.333333,0.107216,review
1346,44.866667,1390,46.333333,0.101721,review
1347,44.9,1391,46.366667,0.096225,review
1348,44.933333,1391,46.366667,0.09073,review
1349,44.966667,1392,46.4,0.085234,review
1350,45.0,1392,46.4,0.079739,review
1351,45.033333,1393,46.433333,0.086077,review
1352,45.066667,1393,46.433333,0.092416,review
1353,45.1,1394,46.466667,0.098754,review
1354,45.133333,1394,46.466667,0.105093,review
1355,45.166667,1394,46.466667,0.111431,review
1356,45.2,1395,46.5,0.117769,review
1357,45.233333,1395,46.5,0.124108,review
1358,45.266667,1396,46.533333,0.130446,review
1359,45.3,1396,46.533333,0.136785,review
1360,45.333333,1397,46.566667,0.143123,review
1361,45.366667,1397,46.566667,0.149461,review
1362,45.4,1398,46.6,0.1558,review
1363,45.433333,1400,46.666667,0.156156,review
1364,45.466667,1402,46.733333,0.156513,review
1365,45.5,1404,46.8,0.156869,review
1366,45.533333,1406,46.866667,0.157225,review
1367,45.566667,1408,46.933333,0.157582,review
1368,45.6,1410,47.0,0.157938,review
1369,45.633333,1411,47.033333,0.148293,review
1370,45.666667,1411,47.033333,0.138648,review
1371,45.7,1412,47.066667,0.129004,review
1372,45.733333,1412,47.066667,0.119359,review
1373,45.766667,1413,47.1,0.109715,review
1374,45.8,1413,47.1,0.10007,review
1375,45.833333,1414,47.133333,0.090426,review
1376,45.866667,1414,47.133333,0.080781,review
1377,45.9,1415,47.166667,0.071137,review
1378,45.933333,1415,47.166667,0.061492,review
1379,45.966667,1416,47.2,0.051848,review
1380,46.0,1416,47.2,0.042203,review
1381,46.033333,1417,47.233333,0.050296,review
1382,46.066667,1417,47.233333,0.058389,review
1383,46.1,1418,47.266667,0.066482,review
1384,46.133333,1418,47.266667,0.074575,review
1385,46.166667,1419,47.3,0.082667,review
1386,46.2,1419,47.3,0.09076,review
1387,46.233333,1420,47.333333,0.098853,review
1388,46.266667,1420,47.333333,0.106946,review
1389,46.3,1421,47.366667,0.115039,review
1390,46.333333,1421,47.366667,0.123132,review
1391,46.366667,1422,47.4,0.131225,review
1392,46.4,1422,47.4,0.139318,review
1393,46.433333,1424,47.466667,0.1463,review
1394,46.466667,1426,47.533333,0.153283,review
1395,46.5,1428,47.6,0.160265,review
1396,46.533333,1430,47.666667,0.167247,review
1397,46.566667,1432,47.733333,0.17423,review
1398,46.6,1434,47.8,0.181212,review
1399,46.633333,1436,47.866667,0.170573,review
1400,46.666667,1438,47.933333,0.159935,review
1401,46.7,1440,48.0,0.149297,review
1402,46.733333,1442,48.066667,0.138659,review
1403,46.766667,1444,48.133333,0.128021,review
1404,46.8,1446,48.2,0.117383,review
1405,46.833333,1447,48.233333,0.111582,review
1406,46.866667,1447,48.233333,0.105782,review
1407,46.9,1448,48.266667,0.099982,review
1408,46.933333,1448,48.266667,0.094181,review
1409,46.966667,1449,48.3,0.088381,review
1410,47.0,1449,48.3,0.082581,review
1411,47.033333,1450,48.333333,0.07678,review
1412,47.066667,1450,48.333333,0.07098,review
1413,47.1,1451,48.366667,0.065179,review
1414,47.133333,1451,48.366667,0.059379,review
1415,47.166667,1452,48.4,0.053579,review
1416,47.2,1452,48.4,0.047778,review
1417,47.233333,1454,48.466667,0.044798,review
1418,47.266667,1456,48.533333,0.041819,review
1419,47.3,1458,48.6,0.038839,review
1420,47.333333,1460,48.666667,0.035859,review
1421,47.366667,1462,48.733333,0.03288,review
1422,47.4,1464,48.8,0.0299,review
1423,47.433333,1464,48.8,0.027408,review
1424,47.466667,1465,48.833333,0.024917,review
1425,47.5,1465,48.833333,0.022425,review
1426,47.533333,1466,48.866667,0.019933,review
1427,47.566667,1466,48.866667,0.017442,review
1428,47.6,1467,48.9,0.01495,review
1429,47.633333,1467,48.9,0.012458,review
1430,47.666667,1468,48.933333,0.009967,review
1431,47.7,1468,48.933333,0.007475,review
1432,47.733333,1469,48.966667,0.004983,review
1433,47.766667,1470,49.0,0.002492,review
1434,47.8,1470,49.0,0.0,review
1435,47.833333,1472,49.066667,0.013395,review
1436,47.866667,1474,49.133333,0.02679,review
1437,47.9,1476,49.2,0.040184,review
1438,47.933333,1478,49.266667,0.053579,review
1439,47.966667,1480,49.333333,0.066973,review
1440,48.0,1482,49.4,0.080368,review
1441,48.033333,1483,49.433333,0.08009,review
1442,48.066667,1483,49.433333,0.079813,review
1443,48.1,1484,49.466667,0.079535,review
1444,48.133333,1484,49.466667,0.079258,review
1445,48.166667,1484,49.466667,0.07898,review
1446,48.2,1485,49.5,0.078703,review
1447,48.233333,1485,49.5,0.078425,review
1448,48.266667,1486,49.533333,0.078147,review
1449,48.3,1486,49.533333,0.07787,review
1450,48.333333,1487,49.566667,0.077592,review
1451,48.366667,1487,49.566667,0.077315,review
1452,48.4,1488,49.6,0.077037,review
1453,48.433333,1490,49.666667,0.067426,review
1454,48.466667,1492,49.733333,0.057815,review
1455,48.5,1494,49.8,0.048204,review
1456,48.533333,1496,49.866667,0.038593,review
1457,48.566667,1498,49.933333,0.028982,review
1458,48.6,1500,50.0,0.019371,review
1459,48.633333,1502,50.066667,0.026893,review
1460,48.666667,1504,50.133333,0.034415,review
1461,48.7,1506,50.2,0.041937,review
1462,48.733333,1508,50.266667,0.049459,review
1463,48.766667,1510,50.333333,0.05698,review
1464,48.8,1512,50.4,0.064502,review
1465,48.833333,1514,50.466667,0.081383,review
1466,48.866667,1516,50.533333,0.098264,review
1467,48.9,1518,50.6,0.115145,review
1468,48.933333,1520,50.666667,0.132025,review
1469,48.966667,1522,50.733333,0.148906,review
1470,49.0,1524,50.8,0.165787,review
1471,49.033333,1526,50.866667,0.138385,review
1472,49.066667,1528,50.933333,0.110983,review
1473,49.1,1530,51.0,0.083581,review
1474,49.133333,1532,51.066667,0.056179,review
1475,49.166667,1534,51.133333,0.028777,review
1476,49.2,1536,51.2,0.001375,review
1477,49.233333,1538,51.266667,0.018713,review
1478,49.266667,1540,51.333333,0.036051,review
1479,49.3,1542,51.4,0.05339,review
1480,49.333333,1544,51.466667,0.070729,review
1481,49.366667,1546,51.533333,0.088068,review
1482,49.4,1548,51.6,0.105407,review
1483,49.433333,1550,51.666667,0.087841,review
1484,49.466667,1552,51.733333,0.070272,review
1485,49.5,1554,51.8,0.052704,review
1486,49.533333,1556,51.866667,0.035136,review
1487,49.566667,1558,51.933333,0.017567,review
1488,49.6,1560,52.0,0.0,review
1489,49.633333,1562,52.066667,0.010207,review
1490,49.666667,1564,52.133333,0.020413,review
1491,49.7,1566,52.2,0.03062,review
1492,49.733333,1568,52.266667,0.040826,review
1493,49.766667,1570,52.333333,0.051033,review
1494,49.8,1572,52.4,0.061239,review
1495,49.833333,1573,52.433333,0.063526,review
1496,49.866667,1573,52.433333,0.065813,review
1497,49.9,1574,52.466667,0.068099,review
1498,49.933333,1574,52.466667,0.070386,review
1499,49.966667,1575,52.5,0.072673,review
1500,50.0,1575,52.5,0.074959,review
1501,50.033333,1575,52.5,0.077246,review
1502,50.066667,1576,52.533333,0.079533,review
1503,50.1,1576,52.533333,0.08182,review
1504,50.133333,1577,52.566667,0.084106,review
1505,50.166667,1577,52.566667,0.086393,review
1506,50.2,1578,52.6,0.08868,review
1507,50.233333,1580,52.666667,0.081607,review
1508,50.266667,1582,52.733333,0.074534,review
1509,50.3,1584,52.8,0.06746,review
1510,50.333333,1586,52.866667,0.060387,review
1511,50.366667,1588,52.933333,0.053314,review
1512,50.4,1590,53.0,0.04624,review
1513,50.433333,1590,53.0,0.050927,review
1514,50.466667,1591,53.033333,0.055614,review
1515,50.5,1591,53.033333,0.060301,review
1516,50.533333,1592,53.066667,0.064988,review
1517,50.566667,1593,53.1,0.069675,review
1518,50.6,1593,53.1,0.074362,review
1519,50.633333,1594,53.133333,0.079049,review
1520,50.666667,1594,53.133333,0.083736,review
1521,50.7,1595,53.166667,0.088423,review
1522,50.733333,1595,53.166667,0.09311,review
1523,50.766667,1596,53.2,0.097797,review
1524,50.8,1596,53.2,0.102484,review
1525,50.833333,1598,53.266667,0.11243,review
1526,50.866667,1600,53.333333,0.122375,review
1527,50.9,1602,53.4,0.132321,review
1528,50.933333,1604,53.466667,0.142267,review
1529,50.966667,1606,53.533333,0.152212,review
1530,51.0,1608,53.6,0.162158,review
1531,51.033333,1608,53.6,0.162552,review
1532,51.066667,1609,53.633333,0.162947,review
1533,51.1,1609,53.633333,0.163341,review
1534,51.133333,1610,53.666667,0.163736,review
1535,51.166667,1610,53.666667,0.16413,review
1536,51.2,1611,53.7,0.164525,review
1537,51.233333,1611,53.7,0.164919,review
1538,51.266667,1612,53.733333,0.165314,review
1539,51.3,1612,53.733333,0.165708,review
1540,51.333333,1613,53.766667,0.166103,review
1541,51.366667,1613,53.766667,0.166497,review
1542,51.4,1614,53.8,0.166892,review
1543,51.433333,1616,53.866667,0.176335,review
1544,51.466667,1618,53.933333,0.185778,review
1545,51.5,1620,54.0,0.195222,review
1546,51.533333,1622,54.066667,0.204665,review
1547,51.566667,1624,54.133333,0.214108,review
1548,51.6,1626,54.2,0.223552,review
1549,51.633333,1628,54.266667,0.237426,review
1550,51.666667,1630,54.333333,0.2513,review
1551,51.7,1632,54.4,0.265174,review
1552,51.733333,1634,54.466667,0.279048,review
1553,51.766667,1636,54.533333,0.292922,review
1554,51.8,1638,54.6,0.306796,review
1555,51.833333,1640,54.666667,0.290162,review
1556,51.866667,1642,54.733333,0.273528,review
1557,51.9,1644,54.8,0.256894,review
1558,51.933333,1646,54.866667,0.240261,review
1559,51.966667,1648,54.933333,0.223627,review
1560,52.0,1650,55.0,0.206993,review
1561,52.033333,1650,55.0,0.208946,review
1562,52.066667,1651,55.033333,0.210899,review
1563,52.1,1652,55.066667,0.212852,review
1564,52.133333,1652,55.066667,0.214805,review
1565,52.166667,1652,55.066667,0.216758,review
1566,52.2,1653,55.1,0.218711,review
1567,52.233333,1654,55.133333,0.220665,review
1568,52.266667,1654,55.133333,0.222618,review
1569,52.3,1654,55.133333,0.224571,review
1570,52.333333,1655,55.166667,0.226524,review
1571,52.366667,1656,55.2,0.228477,review
1572,52.4,1656,55.2,0.23043,review
1573,52.433333,1658,55.266667,0.235622,review
1574,52.466667,1660,55.333333,0.240814,review
1575,52.5,1662,55.4,0.246006,review
1576,52.533333,1664,55.466667,0.251198,review
1577,52.566667,1666,55.533333,0.25639,review
1578,52.6,1668,55.6,0.261582,review
1579,52.633333,1668,55.6,0.258844,review
1580,52.666667,1669,55.633333,0.256106,review
1581,52.7,1669,55.633333,0.253368,review
1582,52.733333,1670,55.666667,0.25063,review
1583,52.766667,1670,55.666667,0.247892,review
1584,52.8,1671,55.7,0.245153,review
1585,52.833333,1671,55.7,0.242415,review
1586,52.866667,1672,55.733333,0.239677,review
1587,52.9,1672,55.733333,0.236939,review
1588,52.933333,1673,55.766667,0.234201,review
1589,52.966667,1673,55.766667,0.231463,review
1590,53.0,1674,55.8,0.228725,review
1591,53.033333,1676,55.866667,0.213251,review
1592,53.066667,1678,55.933333,0.197777,review
1593,53.1,1680,56.0,0.182303,review
1594,53.133333,1682,56.066667,0.166829,review
1595,53.166667,1684,56.133333,0.151355,review
1596,53.2,1686,56.2,0.135881,review
1597,53.233333,1688,56.266667,0.116078,review
1598,53.266667,1690,56.333333,0.096274,review
1599,53.3,1692,56.4,0.07647,review
1600,53.333333,1694,56.466667,0.056666,review
1601,53.366667,1696,56.533333,0.036863,review
1602,53.4,1698,56.6,0.017059,review
1603,53.433333,1700,56.666667,0.036684,review
1604,53.466667,1702,56.733333,0.05631,review
1605,53.5,1704,56.8,0.075937,review
1606,53.533333,1706,56.866667,0.095563,review
1607,53.566667,1708,56.933333,0.115189,review
1608,53.6,1710,57.0,0.134816,review
1609,53.633333,1712,57.066667,0.146993,review
1610,53.666667,1714,57.133333,0.159169,review
1611,53.7,1716,57.2,0.171346,review
1612,53.733333,1718,57.266667,0.183523,review
1613,53.766667,1720,57.333333,0.1957,review
1614,53.8,1722,57.4,0.207877,review
1615,53.833333,1723,57.433333,0.219417,review
1616,53.866667,1723,57.433333,0.230956,review
1617,53.9,1724,57.466667,0.242495,review
1618,53.933333,1724,57.466667,0.254035,review
1619,53.966667,1725,57.5,0.265574,review
1620,54.0,1725,57.5,0.277114,review
1621,54.033333,1725,57.5,0.288653,review
1622,54.066667,1726,57.533333,0.300192,review
1623,54.1,1726,57.533333,0.311732,review
1624,54.133333,1727,57.566667,0.323271,review
1625,54.166667,1727,57.566667,0.33481,review
1626,54.2,1728,57.6,0.34635,review
1627,54.233333,1730,57.666667,0.336457,review
1628,54.266667,1732,57.733333,0.326564,review
1629,54.3,1734,57.8,0.316671,review
1630,54.333333,1736,57.866667,0.306778,review
1631,54.366667,1738,57.933333,0.296885,review
1632,54.4,1740,58.0,0.286991,review
1633,54.433333,1740,58.0,0.276811,review
1634,54.466667,1741,58.033333,0.26663,review
1635,54.5,1741,58.033333,0.25645,review
1636,54.533333,1742,58.066667,0.246269,review
1637,54.566667,1743,58.1,0.236088,review
1638,54.6,1743,58.1,0.225908,review
1639,54.633333,1744,58.133333,0.215727,review
1640,54.666667,1744,58.133333,0.205546,review
1641,54.7,1745,58.166667,0.195366,review
1642,54.733333,1745,58.166667,0.185185,review
1643,54.766667,1746,58.2,0.175004,review
1644,54.8,1746,58.2,0.164824,review
1645,54.833333,1748,58.266667,0.177732,review
1646,54.866667,1750,58.333333,0.190639,review
1647,54.9,1752,58.4,0.203547,review
1648,54.933333,1754,58.466667,0.216454,review
1649,54.966667,1756,58.533333,0.229362,review
1650,55.0,1758,58.6,0.242269,review
1651,55.033333,1760,58.666667,0.225264,review
1652,55.066667,1762,58.733333,0.208259,review
1653,55.1,1764,58.8,0.191254,review
1654,55.133333,1766,58.866667,0.174249,review
1655,55.166667,1768,58.933333,0.157244,review
1656,55.2,1770,59.0,0.140239,review
1657,55.233333,1772,59.066667,0.134418,review
1658,55.266667,1774,59.133333,0.128598,review
1659,55.3,1776,59.2,0.122777,review
1660,55.333333,1778,59.266667,0.116957,review
1661,55.366667,1780,59.333333,0.111136,review
1662,55.4,1782,59.4,0.105315,review
1663,55.433333,1783,59.433333,0.100407,review
1664,55.466667,1783,59.433333,0.0955,review
1665,55.5,1784,59.466667,0.090592,review
1666,55.533333,1784,59.466667,0.085684,review
1667,55.566667,1784,59.466667,0.080776,review
1668,55.6,1785,59.5,0.075869,review
1669,55.633333,1785,59.5,0.070961,review
1670,55.666667,1786,59.533333,0.066053,review
1671,55.7,1786,59.533333,0.061145,review
1672,55.733333,1787,59.566667,0.056237,review
1673,55.766667,1787,59.566667,0.05133,review
1674,55.8,1788,59.6,0.046423,review
1675,55.833333,1790,59.666667,0.070557,review
1676,55.866667,1792,59.733333,0.094692,review
1677,55.9,1794,59.8,0.118827,review
1678,55.933333,1796,59.866667,0.142962,review
1679,55.966667,1798,59.933333,0.167096,review
1680,56.0,1800,60.0,0.191231,review
1681,56.033333,1802,60.066667,0.220724,review
1682,56.066667,1804,60.133333,0.250217,review
1683,56.1,1806,60.2,0.27971,review
1684,56.133333,1808,60.266667,0.309203,review
1685,56.166667,1810,60.333333,0.338696,review
1686,56.2,1812,60.4,0.368189,matched
1687,56.233333,1814,60.466667,0.337153,review
1688,56.266667,1816,60.533333,0.306115,review
1689,56.3,1818,60.6,0.275078,review
1690,56.333333,1820,60.666667,0.24404,review
1691,56.366667,1822,60.733333,0.213002,review
1692,56.4,1824,60.8,0.181964,review
1693,56.433333,1826,60.866667,0.164198,review
1694,56.466667,1828,60.933333,0.146432,review
1695,56.5,1830,61.0,0.128665,review
1696,56.533333,1832,61.066667,0.110899,review
1697,56.566667,1834,61.133333,0.093133,review
1698,56.6,1836,61.2,0.075368,review
1699,56.633333,1837,61.233333,0.0746,review
1700,56.666667,1837,61.233333,0.073832,review
1701,56.7,1838,61.266667,0.073064,review
1702,56.733333,1838,61.266667,0.072296,review
1703,56.766667,1839,61.3,0.071528,review
1704,56.8,1839,61.3,0.070759,review
1705,56.833333,1840,61.333333,0.069991,review
1706,56.866667,1840,61.333333,0.069223,review
1707,56.9,1841,61.366667,0.068455,review
1708,56.933333,1841,61.366667,0.067687,review
1709,56.966667,1842,61.4,0.066919,review
1710,57.0,1842,61.4,0.066151,review
1711,57.033333,1843,61.433333,0.060638,review
1712,57.066667,1843,61.433333,0.055126,review
1713,57.1,1844,61.466667,0.049613,review
1714,57.133333,1844,61.466667,0.044101,review
1715,57.166667,1844,61.466667,0.038588,review
1716,57.2,1845,61.5,0.033076,review
1717,57.233333,1845,61.5,0.027563,review
1718,57.266667,1846,61.533333,0.022051,review
1719,57.3,1846,61.533333,0.016538,review
1720,57.333333,1847,61.566667,0.011025,review
1721,57.366667,1847,61.566667,0.005513,review
1722,57.4,1848,61.6,0.0,review
1723,57.433333,1848,61.6,0.0,review
1724,57.466667,1849,61.633333,0.0,review
1725,57.5,1849,61.633333,0.0,review
1726,57.533333,1850,61.666667,0.0,review
1727,57.566667,1850,61.666667,0.0,review
1728,57.6,1851,61.7,0.0,review
1729,57.633333,1851,61.7,0.0,review
1730,57.666667,1852,61.733333,0.0,review
1731,57.7,1852,61.733333,0.0,review
1732,57.733333,1853,61.766667,0.0,review
1733,57.766667,1853,61.766667,0.0,review
1734,57.8,1854,61.8,0.0,review
1735,57.833333,1854,61.8,0.0,review
1736,57.866667,1855,61.833333,0.0,review
1737,57.9,1855,61.833333,0.0,review
1738,57.933333,1856,61.866667,0.0,review
1739,57.966667,1856,61.866667,0.0,review
1740,58.0,1857,61.9,0.0,review
1741,58.033333,1857,61.9,0.0,review
1742,58.066667,1858,61.933333,0.0,review
1743,58.1,1858,61.933333,0.0,review
1744,58.133333,1859,61.966667,0.0,review
1745,58.166667,1859,61.966667,0.0,review
1746,58.2,1860,62.0,0.0,review
1747,58.233333,1860,62.0,0.011583,review
1748,58.266667,1861,62.033333,0.023167,review
1749,58.3,1862,62.066667,0.03475,review
1750,58.333333,1862,62.066667,0.046334,review
1751,58.366667,1863,62.1,0.057918,review
1752,58.4,1863,62.1,0.069501,review
1753,58.433333,1864,62.133333,0.081085,review
1754,58.466667,1864,62.133333,0.092668,review
1755,58.5,1865,62.166667,0.104252,review
1756,58.533333,1865,62.166667,0.115835,review
1757,58.566667,1866,62.2,0.127419,review
1758,58.6,1866,62.2,0.139003,review
1759,58.633333,1867,62.233333,0.167104,review
1760,58.666667,1867,62.233333,0.195205,review
1761,58.7,1868,62.266667,0.223305,review
1762,58.733333,1868,62.266667,0.251406,review
1763,58.766667,1869,62.3,0.279507,review
1764,58.8,1869,62.3,0.307608,review
1765,58.833333,1870,62.333333,0.335708,review
1766,58.866667,1870,62.333333,0.363809,matched
1767,58.9,1871,62.366667,0.39191,matched
1768,58.933333,1871,62.366667,0.420011,matched
1769,58.966667,1872,62.4,0.448111,matched
1770,59.0,1872,62.4,0.476212,matched
1771,59.033333,1873,62.433333,0.49096,matched
1772,59.066667,1873,62.433333,0.505708,matched
1773,59.1,1874,62.466667,0.520456,matched
1774,59.133333,1874,62.466667,0.535204,matched
1775,59.166667,1874,62.466667,0.549952,matched
1776,59.2,1875,62.5,0.5647,matched
1777,59.233333,1875,62.5,0.579448,matched
1778,59.266667,1876,62.533333,0.594196,matched
1779,59.3,1876,62.533333,0.608944,matched
1780,59.333333,1877,62.566667,0.623692,matched
1781,59.366667,1877,62.566667,0.63844,matched
1782,59.4,1878,62.6,0.653188,matched
1783,59.433333,1880,62.666667,0.641515,matched
1784,59.466667,1882,62.733333,0.629841,matched
1785,59.5,1884,62.8,0.618167,matched
1786,59.533333,1886,62.866667,0.606493,matched
1787,59.566667,1888,62.933333,0.594819,matched
1788,59.6,1890,63.0,0.583146,matched
1789,59.633333,1891,63.033333,0.599435,matched
1790,59.666667,1892,63.066667,0.615724,matched
1791,59.7,1893,63.1,0.632014,matched
1792,59.733333,1894,63.133333,0.648303,matched
1793,59.766667,1895,63.166667,0.664592,matched
1794,59.8,1896,63.2,0.680881,matched
1795,59.833333,1898,63.266667,0.68622,matched
1796,59.866667,1900,63.333333,0.691559,matched
1797,59.9,1902,63.4,0.696898,matched
1798,59.933333,1904,63.466667,0.702237,matched
1799,59.966667,1906,63.533333,0.707576,matched
1800,60.0,1908,63.6,0.712915,matched
1801,60.033333,1908,63.6,0.706143,matched
1802,60.066667,1909,63.633333,0.699371,matched
1803,60.1,1909,63.633333,0.692599,matched
1804,60.133333,1910,63.666667,0.685827,matched
1805,60.166667,1910,63.666667,0.679055,matched
1806,60.2,1911,63.7,0.672283,matched
1807,60.233333,1911,63.7,0.665511,matched
1808,60.266667,1912,63.733333,0.658739,matched
1809,60.3,1912,63.733333,0.651967,matched
1810,60.333333,1913,63.766667,0.645195,matched
1811,60.366667,1913,63.766667,0.638423,matched
1812,60.4,1914,63.8,0.631651,matched
1813,60.433333,1914,63.8,0.625632,matched
1814,60.466667,1915,63.833333,0.619613,matched
1815,60.5,1915,63.833333,0.613593,matched
1816,60.533333,1916,63.866667,0.607574,matched
1817,60.566667,1916,63.866667,0.601555,matched
1818,60.6,1917,63.9,0.595536,matched
1819,60.633333,1917,63.9,0.589516,matched
1820,60.666667,1918,63.933333,0.583497,matched
1821,60.7,1918,63.933333,0.577478,matched
1822,60.733333,1919,63.966667,0.571458,matched
1823,60.766667,1920,64.0,0.565439,matched
1824,60.8,1920,64.0,0.55942,matched
1825,60.833333,1922,64.066667,0.580167,matched
1826,60.866667,1924,64.133333,0.600914,matched
1827,60.9,1926,64.2,0.621661,matched
1828,60.933333,1928,64.266667,0.642408,matched
1829,60.966667,1930,64.333333,0.663155,matched
1830,61.0,1932,64.4,0.683902,matched
1831,61.033333,1933,64.433333,0.677987,matched
1832,61.066667,1933,64.433333,0.672071,matched
1833,61.1,1934,64.466667,0.666156,matched
1834,61.133333,1934,64.466667,0.66024,matched
1835,61.166667,1934,64.466667,0.654325,matched
1836,61.2,1935,64.5,0.648409,matched
1837,61.233333,1935,64.5,0.642494,matched
1838,61.266667,1936,64.533333,0.636578,matched
1839,61.3,1936,64.533333,0.630663,matched
1840,61.333333,1937,64.566667,0.624747,matched
1841,61.366667,1937,64.566667,0.618832,matched
1842,61.4,1938,64.6,0.612916,matched
1843,61.433333,1940,64.666667,0.613128,matched
1844,61.466667,1942,64.733333,0.61334,matched
1845,61.5,1944,64.8,0.613551,matched
1846,61.533333,1946,64.866667,0.613763,matched
1847,61.566667,1948,64.933333,0.613975,matched
1848,61.6,1950,65.0,0.614187,matched
1849,61.633333,1951,65.033333,0.607682,matched
1850,61.666667,1951,65.033333,0.601177,matched
1851,61.7,1951,65.033333,0.594672,matched
1852,61.733333,1952,65.066667,0.588167,matched
1853,61.766667,1952,65.066667,0.581662,matched
1854,61.8,1953,65.1,0.575157,matched
1855,61.833333,1953,65.1,0.568652,matched
1856,61.866667,1954,65.133333,0.562148,matched
1857,61.9,1954,65.133333,0.555643,matched
1858,61.933333,1955,65.166667,0.549138,matched
1859,61.966667,1955,65.166667,0.542633,matched
1860,62.0,1956,65.2,0.536128,matched
1861,62.033333,1956,65.2,0.523144,matched
1862,62.066667,1957,65.233333,0.51016,matched
1863,62.1,1957,65.233333,0.497176,matched
1864,62.133333,1958,65.266667,0.484192,matched
1865,62.166667,1958,65.266667,0.471208,matched
1866,62.2,1959,65.3,0.458224,matched
1867,62.233333,1959,65.3,0.44524,matched
1868,62.266667,1960,65.333333,0.432256,matched
1869,62.3,1960,65.333333,0.419272,matched
1870,62.333333,1961,65.366667,0.406289,matched
1871,62.366667,1962,65.4,0.393305,matched
1872,62.4,1962,65.4,0.380321,matched
1873,62.433333,1963,65.433333,0.38917,matched
1874,62.466667,1963,65.433333,0.398021,matched
1875,62.5,1964,65.466667,0.406872,matched
1876,62.533333,1964,65.466667,0.415722,matched
1877,62.566667,1964,65.466667,0.424573,matched
1878,62.6,1965,65.5,0.433424,matched
1879,62.633333,1965,65.5,0.442275,matched
1880,62.666667,1966,65.533333,0.451125,matched
1881,62.7,1966,65.533333,0.459976,matched
1882,62.733333,1967,65.566667,0.468827,matched
1883,62.766667,1967,65.566667,0.477677,matched
1884,62.8,1968,65.6,0.486528,matched
1885,62.833333,1970,65.666667,0.501955,matched
1886,62.866667,1972,65.733333,0.517382,matched
1887,62.9,1974,65.8,0.532809,matched
1888,62.933333,1976,65.866667,0.548235,matched
1889,62.966667,1978,65.933333,0.563662,matched
1890,63.0,1980,66.0,0.579089,matched
1891,63.033333,1982,66.066667,0.583879,matched
1892,63.066667,1984,66.133333,0.588669,matched
1893,63.1,1986,66.2,0.593459,matched
1894,63.133333,1988,66.266667,0.59825,matched
1895,63.166667,1990,66.333333,0.60304,matched
1896,63.2,1992,66.4,0.60783,matched
1897,63.233333,1993,66.433333,0.597697,matched
1898,63.266667,1993,66.433333,0.587565,matched
1899,63.3,1994,66.466667,0.577432,matched
1900,63.333333,1994,66.466667,0.567299,matched
1901,63.366667,1995,66.5,0.557167,matched
1902,63.4,1995,66.5,0.547034,matched
1903,63.433333,1996,66.533333,0.536901,matched
1904,63.466667,1996,66.533333,0.526768,matched
1905,63.5,1996,66.533333,0.516636,matched
1906,63.533333,1997,66.566667,0.506503,matched
1907,63.566667,1997,66.566667,0.49637,matched
1908,63.6,1998,66.6,0.486238,matched
1909,63.633333,1998,66.6,0.488424,matched
1910,63.666667,1999,66.633333,0.49061,matched
1911,63.7,2000,66.666667,0.492796,matched
1912,63.733333,2000,66.666667,0.494981,matched
1913,63.766667,2001,66.7,0.497167,matched
1914,63.8,2001,66.7,0.499353,matched
1915,63.833333,2002,66.733333,0.501539,matched
1916,63.866667,2002,66.733333,0.503725,matched
1917,63.9,2003,66.766667,0.505911,matched
1918,63.933333,2003,66.766667,0.508096,matched
1919,63.966667,2004,66.8,0.510282,matched
1920,64.0,2004,66.8,0.512468,matched
1921,64.033333,2005,66.833333,0.512391,matched
1922,64.066667,2005,66.833333,0.512314,matched
1923,64.1,2006,66.866667,0.512237,matched
1924,64.133333,2006,66.866667,0.512161,matched
1925,64.166667,2007,66.9,0.512084,matched
1926,64.2,2007,66.9,0.512007,matched
1927,64.233333,2008,66.933333,0.51193,matched
1928,64.266667,2008,66.933333,0.511853,matched
1929,64.3,2009,66.966667,0.511777,matched
1930,64.333333,2009,66.966667,0.5117,matched
1931,64.366667,2009,66.966667,0.511623,matched
1932,64.4,2010,67.0,0.511546,matched
1933,64.433333,2010,67.0,0.505409,matched
1934,64.466667,2011,67.033333,0.499272,matched
1935,64.5,2011,67.033333,0.493134,matched
1936,64.533333,2012,67.066667,0.486997,matched
1937,64.566667,2012,67.066667,0.48086,matched
1938,64.6,2013,67.1,0.474722,matched
1939,64.633333,2013,67.1,0.468585,matched
1940,64.666667,2014,67.133333,0.462448,matched
1941,64.7,2014,67.133333,0.456311,matched
1942,64.733333,2015,67.166667,0.450173,matched
1943,64.766667,2015,67.166667,0.444036,matched
1944,64.8,2016,67.2,0.437899,matched
1945,64.833333,2016,67.2,0.437085,matched
1946,64.866667,2017,67.233333,0.436271,matched
1947,64.9,2017,67.233333,0.435458,matched
1948,64.933333,2018,67.266667,0.434645,matched
1949,64.966667,2018,67.266667,0.433831,matched
1950,65.0,2019,67.3,0.433018,matched
1951,65.033333,2019,67.3,0.432205,matched
1952,65.066667,2020,67.333333,0.431391,matched
1953,65.1,2021,67.366667,0.430578,matched
1954,65.133333,2021,67.366667,0.429765,matched
1955,65.166667,2022,67.4,0.428951,matched
1956,65.2,2022,67.4,0.428137,matched
1957,65.233333,2023,67.433333,0.412091,matched
1958,65.266667,2023,67.433333,0.396046,matched
1959,65.3,2024,67.466667,0.380001,matched
1960,65.333333,2024,67.466667,0.363956,matched
1961,65.366667,2025,67.5,0.347911,review
1962,65.4,2025,67.5,0.331865,review
1963,65.433333,2026,67.533333,0.31582,review
1964,65.466667,2026,67.533333,0.299775,review
1965,65.5,2027,67.566667,0.28373,review
1966,65.533333,2027,67.566667,0.267685,review
1967,65.566667,2027,67.566667,0.251639,review
1968,65.6,2028,67.6,0.235596,review
1969,65.633333,2028,67.6,0.266382,review
1970,65.666667,2029,67.633333,0.297167,review
1971,65.7,2030,67.666667,0.327953,review
1972,65.733333,2030,67.666667,0.358738,matched
1973,65.766667,2031,67.7,0.389524,matched
1974,65.8,2031,67.7,0.420309,matched
1975,65.833333,2032,67.733333,0.451095,matched
1976,65.866667,2032,67.733333,0.48188,matched
1977,65.9,2033,67.766667,0.512666,matched
1978,65.933333,2033,67.766667,0.543451,matched
1979,65.966667,2034,67.8,0.574237,matched
1980,66.0,2034,67.8,0.605022,matched
1981,66.033333,2035,67.833333,0.589993,matched
1982,66.066667,2035,67.833333,0.574963,matched
1983,66.1,2036,67.866667,0.559934,matched
1984,66.133333,2036,67.866667,0.544905,matched
1985,66.166667,2037,67.9,0.529876,matched
1986,66.2,2037,67.9,0.514846,matched
1987,66.233333,2038,67.933333,0.499817,matched
1988,66.266667,2038,67.933333,0.484788,matched
1989,66.3,2039,67.966667,0.469759,matched
1990,66.333333,2039,67.966667,0.454729,matched
1991,66.366667,2039,67.966667,0.4397,matched
1992,66.4,2040,68.0,0.424671,matched
1993,66.433333,2042,68.066667,0.434829,matched
1994,66.466667,2044,68.133333,0.444989,matched
1995,66.5,2046,68.2,0.455148,matched
1996,66.533333,2048,68.266667,0.465308,matched
1997,66.566667,2050,68.333333,0.475467,matched
1998,66.6,2052,68.4,0.485627,matched
1999,66.633333,2054,68.466667,0.502203,matched
2000,66.666667,2056,68.533333,0.518779,matched
2001,66.7,2058,68.6,0.535356,matched
2002,66.733333,2060,68.666667,0.551932,matched
2003,66.766667,2062,68.733333,0.568508,matched
2004,66.8,2064,68.8,0.585084,matched
2005,66.833333,2065,68.833333,0.584594,matched
2006,66.866667,2065,68.833333,0.584102,matched
2007,66.9,2066,68.866667,0.583609,matched
2008,66.933333,2066,68.866667,0.583117,matched
2009,66.966667,2067,68.9,0.582625,matched
2010,67.0,2067,68.9,0.582132,matched
2011,67.033333,2068,68.933333,0.58164,matched
2012,67.066667,2068,68.933333,0.581148,matched
2013,67.1,2069,68.966667,0.580656,matched
2014,67.133333,2069,68.966667,0.580163,matched
2015,67.166667,2070,69.0,0.579671,matched
2016,67.2,2070,69.0,0.579176,matched
2017,67.233333,2072,69.066667,0.548887,matched
2018,67.266667,2074,69.133333,0.518598,matched
2019,67.3,2076,69.2,0.488309,matched
2020,67.333333,2078,69.266667,0.45802,matched
2021,67.366667,2080,69.333333,0.427731,matched
2022,67.4,2082,69.4,0.397442,matched
2023,67.433333,2083,69.433333,0.39987,matched
2024,67.466667,2083,69.433333,0.402298,matched
2025,67.5,2083,69.433333,0.404727,matched
2026,67.533333,2084,69.466667,0.407156,matched
2027,67.566667,2084,69.466667,0.409584,matched
2028,67.6,2085,69.5,0.412013,matched
2029,67.633333,2085,69.5,0.414441,matched
2030,67.666667,2086,69.533333,0.41687,matched
2031,67.7,2086,69.533333,0.419299,matched
2032,67.733333,2087,69.566667,0.421727,matched
2033,67.766667,2087,69.566667,0.424156,matched
2034,67.8,2088,69.6,0.426585,matched
2035,67.833333,2089,69.633333,0.42016,matched
2036,67.866667,2090,69.666667,0.413734,matched
2037,67.9,2091,69.7,0.407309,matched
2038,67.933333,2092,69.733333,0.400883,matched
2039,67.966667,2093,69.766667,0.394458,matched
2040,68.0,2094,69.8,0.388032,matched
2041,68.033333,2095,69.833333,0.364237,matched
2042,68.066667,2095,69.833333,0.340441,review
2043,68.1,2096,69.866667,0.316646,review
2044,68.133333,2096,69.866667,0.292851,review
2045,68.166667,2097,69.9,0.269055,review
2046,68.2,2097,69.9,0.24526,review
2047,68.233333,2098,69.933333,0.221465,review
2048,68.266667,2098,69.933333,0.197669,review
2049,68.3,2099,69.966667,0.173874,review
2050,68.333333,2099,69.966667,0.150079,review
2051,68.366667,2099,69.966667,0.126283,review
2052,68.4,2100,70.0,0.102488,review
2053,68.433333,2100,70.0,0.130304,review
2054,68.466667,2101,70.033333,0.158122,review
2055,68.5,2101,70.033333,0.185939,review
2056,68.533333,2102,70.066667,0.213757,review
2057,68.566667,2102,70.066667,0.241575,review
2058,68.6,2103,70.1,0.269393,review
2059,68.633333,2103,70.1,0.297211,review
2060,68.666667,2104,70.133333,0.325029,review
2061,68.7,2104,70.133333,0.352847,matched
2062,68.733333,2105,70.166667,0.380665,matched
2063,68.766667,2105,70.166667,0.408483,matched
2064,68.8,2106,70.2,0.4363,matched
2065,68.833333,2106,70.2,0.435988,matched
2066,68.866667,2107,70.233333,0.435673,matched
2067,68.9,2107,70.233333,0.435358,matched
2068,68.933333,2108,70.266667,0.435042,matched
2069,68.966667,2108,70.266667,0.434727,matched
2070,69.0,2109,70.3,0.434412,matched
2071,69.033333,2109,70.3,0.434097,matched
2072,69.066667,2110,70.333333,0.433782,matched
2073,69.1,2111,70.366667,0.433466,matched
2074,69.133333,2111,70.366667,0.433151,matched
2075,69.166667,2112,70.4,0.432836,matched
2076,69.2,2112,70.4,0.432522,matched
2077,69.233333,2113,70.433333,0.445823,matched
2078,69.266667,2113,70.433333,0.459123,matched
2079,69.3,2114,70.466667,0.472423,matched
2080,69.333333,2114,70.466667,0.485724,matched
2081,69.366667,2115,70.5,0.499024,matched
2082,69.4,2115,70.5,0.512324,matched
2083,69.433333,2116,70.533333,0.525625,matched
2084,69.466667,2116,70.533333,0.538925,matched
2085,69.5,2117,70.566667,0.552226,matched
2086,69.533333,2117,70.566667,0.565526,matched
2087,69.566667,2117,70.566667,0.578826,matched
2088,69.6,2118,70.6,0.592125,matched
2089,69.633333,2120,70.666667,0.578235,matched
2090,69.666667,2122,70.733333,0.564345,matched
2091,69.7,2124,70.8,0.550455,matched
2092,69.733333,2126,70.866667,0.536565,matched
2093,69.766667,2128,70.933333,0.522674,matched
2094,69.8,2130,71.0,0.508784,matched
2095,69.833333,2130,71.0,0.507818,matched
2096,69.866667,2131,71.033333,0.506852,matched
2097,69.9,2131,71.033333,0.505887,matched
2098,69.933333,2132,71.066667,0.504922,matched
2099,69.966667,2132,71.066667,0.503956,matched
2100,70.0,2133,71.1,0.502991,matched
2101,70.033333,2133,71.1,0.502026,matched
2102,70.066667,2134,71.133333,0.50106,matched
2103,70.1,2134,71.133333,0.500095,matched
2104,70.133333,2135,71.166667,0.49913,matched
2105,70.166667,2135,71.166667,0.498164,matched
2106,70.2,2136,71.2,0.4972,matched
2107,70.233333,2138,71.266667,0.507577,matched
2108,70.266667,2140,71.333333,0.517954,matched
2109,70.3,2142,71.4,0.528331,matched
2110,70.333333,2144,71.466667,0.538708,matched
2111,70.366667,2146,71.533333,0.549085,matched
2112,70.4,2148,71.6,0.559462,matched
2113,70.433333,2150,71.666667,0.554067,matched
2114,70.466667,2152,71.733333,0.548672,matched
2115,70.5,2154,71.8,0.543277,matched
2116,70.533333,2156,71.866667,0.537881,matched
2117,70.566667,2158,71.933333,0.532486,matched
2118,70.6,2160,72.0,0.527091,matched
2119,70.633333,2161,72.033333,0.521596,matched
2120,70.666667,2161,72.033333,0.5161,matched
2121,70.7,2161,72.033333,0.510605,matched
2122,70.733333,2162,72.066667,0.50511,matched
2123,70.766667,2162,72.066667,0.499615,matched
2124,70.8,2163,72.1,0.49412,matched
2125,70.833333,2163,72.1,0.488625,matched
2126,70.866667,2164,72.133333,0.48313,matched
2127,70.9,2164,72.133333,0.477634,matched
2128,70.933333,2165,72.166667,0.472139,matched
2129,70.966667,2165,72.166667,0.466644,matched
2130,71.0,2166,72.2,0.461149,matched
2131,71.033333,2168,72.266667,0.4638,matched
2132,71.066667,2170,72.333333,0.46645,matched
2133,71.1,2172,72.4,0.469101,matched
2134,71.133333,2174,72.466667,0.471751,matched
2135,71.166667,2176,72.533333,0.474402,matched
2136,71.2,2178,72.6,0.477053,matched
2137,71.233333,2179,72.633333,0.489772,matched
2138,71.266667,2179,72.633333,0.50249,matched
2139,71.3,2180,72.666667,0.515209,matched
2140,71.333333,2180,72.666667,0.527927,matched
2141,71.366667,2181,72.7,0.540645,matched
2142,71.4,2181,72.7,0.553364,matched
2143,71.433333,2182,72.733333,0.566082,matched
2144,71.466667,2182,72.733333,0.578801,matched
2145,71.5,2183,72.766667,0.591519,matched
2146,71.533333,2183,72.766667,0.604238,matched
2147,71.566667,2184,72.8,0.616956,matched
2148,71.6,2184,72.8,0.629674,matched
2149,71.633333,2186,72.866667,0.627024,matched
2150,71.666667,2188,72.933333,0.624373,matched
2151,71.7,2190,73.0,0.621723,matched
2152,71.733333,2192,73.066667,0.619073,matched
2153,71.766667,2194,73.133333,0.616422,matched
2154,71.8,2196,73.2,0.613772,matched
2155,71.833333,2198,73.266667,0.576793,matched
2156,71.866667,2200,73.333333,0.539812,matched
2157,71.9,2202,73.4,0.50283,matched
2158,71.933333,2204,73.466667,0.465848,matched
2159,71.966667,2206,73.533333,0.428866,matched
2160,72.0,2208,73.6,0.391884,matched
2161,72.033333,2210,73.666667,0.406067,matched
2162,72.066667,2212,73.733333,0.420249,matched
2163,72.1,2214,73.8,0.434432,matched
2164,72.133333,2216,73.866667,0.448615,matched
2165,72.166667,2218,73.933333,0.462798,matched
2166,72.2,2220,74.0,0.47698,matched
2167,72.233333,2221,74.033333,0.48424,matched
2168,72.266667,2221,74.033333,0.4915,matched
2169,72.3,2222,74.066667,0.49876,matched
2170,72.333333,2222,74.066667,0.50602,matched
2171,72.366667,2222,74.066667,0.51328,matched
2172,72.4,2223,74.1,0.52054,matched
2173,72.433333,2223,74.1,0.5278,matched
2174,72.466667,2224,74.133333,0.53506,matched
2175,72.5,2224,74.133333,0.54232,matched
2176,72.533333,2225,74.166667,0.54958,matched
2177,72.566667,2225,74.166667,0.55684,matched
2178,72.6,2226,74.2,0.564099,matched
2179,72.633333,2228,74.266667,0.552446,matched
2180,72.666667,2230,74.333333,0.540793,matched
2181,72.7,2232,74.4,0.529139,matched
2182,72.733333,2234,74.466667,0.517486,matched
2183,72.766667,2236,74.533333,0.505832,matched
2184,72.8,2238,74.6,0.494179,matched
2185,72.833333,2240,74.666667,0.513678,matched
2186,72.866667,2242,74.733333,0.533179,matched
2187,72.9,2244,74.8,0.552681,matched
2188,72.933333,2246,74.866667,0.572183,matched
2189,72.966667,2248,74.933333,0.591684,matched
2190,73.0,2250,75.0,0.611186,matched
2191,73.033333,2252,75.066667,0.61979,matched
2192,73.066667,2254,75.133333,0.628393,matched
2193,73.1,2256,75.2,0.636997,matched
2194,73.133333,2258,75.266667,0.645601,matched
2195,73.166667,2260,75.333333,0.654204,matched
2196,73.2,2262,75.4,0.662808,matched
2197,73.233333,2263,75.433333,0.668407,matched
2198,73.266667,2263,75.433333,0.674006,matched
2199,73.3,2264,75.466667,0.679606,matched
2200,73.333333,2264,75.466667,0.685205,matched
2201,73.366667,2265,75.5,0.690805,matched
2202,73.4,2265,75.5,0.696404,matched
2203,73.433333,2266,75.533333,0.702004,matched
2204,73.466667,2266,75.533333,0.707603,matched
2205,73.5,2267,75.566667,0.713203,matched
2206,73.533333,2267,75.566667,0.718802,matched
2207,73.566667,2267,75.566667,0.724402,matched
2208,73.6,2268,75.6,0.730001,matched
2209,73.633333,2268,75.6,0.722713,matched
2210,73.666667,2269,75.633333,0.715426,matched
2211,73.7,2270,75.666667,0.708138,matched
2212,73.733333,2270,75.666667,0.700851,matched
2213,73.766667,2271,75.7,0.693563,matched
2214,73.8,2271,75.7,0.686276,matched
2215,73.833333,2272,75.733333,0.678988,matched
2216,73.866667,2272,75.733333,0.671701,matched
2217,73.9,2273,75.766667,0.664413,matched
2218,73.933333,2273,75.766667,0.657126,matched
2219,73.966667,2274,75.8,0.649838,matched
2220,74.0,2274,75.8,0.642551,matched
2221,74.033333,2276,75.866667,0.652126,matched
2222,74.066667,2278,75.933333,0.661701,matched
2223,74.1,2280,76.0,0.671276,matched
2224,74.133333,2282,76.066667,0.680851,matched
2225,74.166667,2284,76.133333,0.690426,matched
2226,74.2,2286,76.2,0.7,matched
2227,74.233333,2288,76.266667,0.7,matched
2228,74.266667,2290,76.333333,0.7,matched
2229,74.3,2292,76.4,0.7,matched
2230,74.333333,2294,76.466667,0.7,matched
2231,74.366667,2296,76.533333,0.7,matched
2232,74.4,2298,76.6,0.7,matched
2233,74.433333,2298,76.6,0.698921,matched
2234,74.466667,2299,76.633333,0.697841,matched
2235,74.5,2299,76.633333,0.696762,matched
2236,74.533333,2300,76.666667,0.695683,matched
2237,74.566667,2300,76.666667,0.694603,matched
2238,74.6,2301,76.7,0.693524,matched
2239,74.633333,2301,76.7,0.692445,matched
2240,74.666667,2302,76.733333,0.691365,matched
2241,74.7,2303,76.766667,0.690286,matched
2242,74.733333,2303,76.766667,0.689207,matched
2243,74.766667,2304,76.8,0.688127,matched
2244,74.8,2304,76.8,0.687048,matched
2245,74.833333,2305,76.833333,0.686725,matched
2246,74.866667,2305,76.833333,0.686402,matched
2247,74.9,2306,76.866667,0.686078,matched
2248,74.933333,2306,76.866667,0.685755,matched
2249,74.966667,2307,76.9,0.685432,matched
2250,75.0,2307,76.9,0.685109,matched
2251,75.033333,2308,76.933333,0.684785,matched
2252,75.066667,2308,76.933333,0.684462,matched
2253,75.1,2309,76.966667,0.684139,matched
2254,75.133333,2309,76.966667,0.683815,matched
2255,75.166667,2310,77.0,0.683492,matched
2256,75.2,2310,77.0,0.68317,matched
2257,75.233333,2311,77.033333,0.690833,matched
2258,75.266667,2311,77.033333,0.698496,matched
2259,75.3,2312,77.066667,0.706159,matched
2260,75.333333,2312,77.066667,0.713823,matched
2261,75.366667,2312,77.066667,0.721486,matched
2262,75.4,2313,77.1,0.729149,matched
2263,75.433333,2313,77.1,0.736812,matched
2264,75.466667,2314,77.133333,0.744475,matched
2265,75.5,2314,77.133333,0.752139,matched
2266,75.533333,2315,77.166667,0.759802,matched
2267,75.566667,2315,77.166667,0.767465,matched
2268,75.6,2316,77.2,0.775128,matched
2269,75.633333,2318,77.266667,0.769699,matched
2270,75.666667,2320,77.333333,0.76427,matched
2271,75.7,2322,77.4,0.758841,matched
2272,75.733333,2324,77.466667,0.753412,matched
2273,75.766667,2326,77.533333,0.747983,matched
2274,75.8,2328,77.6,0.742553,matched
2275,75.833333,2328,77.6,0.739007,matched
2276,75.866667,2329,77.633333,0.735461,matched
2277,75.9,2329,77.633333,0.731915,matched
2278,75.933333,2330,77.666667,0.728369,matched
2279,75.966667,2331,77.7,0.724823,matched
2280,76.0,2331,77.7,0.721276,matched
2281,76.033333,2332,77.733333,0.71773,matched
2282,76.066667,2332,77.733333,0.714184,matched
2283,76.1,2333,77.766667,0.710638,matched
2284,76.133333,2333,77.766667,0.707092,matched
2285,76.166667,2334,77.8,0.703546,matched
2286,76.2,2334,77.8,0.7,matched
2287,76.233333,2335,77.833333,0.695412,matched
2288,76.266667,2335,77.833333,0.690824,matched
2289,76.3,2336,77.866667,0.686237,matched
2290,76.333333,2336,77.866667,0.681649,matched
2291,76.366667,2337,77.9,0.677062,matched
2292,76.4,2337,77.9,0.672474,matched
2293,76.433333,2338,77.933333,0.667887,matched
2294,76.466667,2338,77.933333,0.663299,matched
2295,76.5,2339,77.966667,0.658711,matched
2296,76.533333,2339,77.966667,0.654124,matched
2297,76.566667,2340,78.0,0.649536,matched
2298,76.6,2340,78.0,0.644949,matched
2299,76.633333,2341,78.033333,0.649537,matched
2300,76.666667,2341,78.033333,0.654124,matched
2301,76.7,2341,78.033333,0.658712,matched
2302,76.733333,2342,78.066667,0.663299,matched
2303,76.766667,2342,78.066667,0.667887,matched
2304,76.8,2343,78.1,0.672475,matched
2305,76.833333,2343,78.1,0.677062,matched
2306,76.866667,2344,78.133333,0.68165,matched
2307,76.9,2344,78.133333,0.686237,matched
2308,76.933333,2345,78.166667,0.690825,matched
2309,76.966667,2345,78.166667,0.695412,matched
2310,77.0,2346,78.2,0.7,matched
2311,77.033333,2348,78.266667,0.7,matched
2312,77.066667,2350,78.333333,0.7,matched
2313,77.1,2352,78.4,0.7,matched
2314,77.133333,2354,78.466667,0.7,matched
2315,77.166667,2356,78.533333,0.7,matched
2316,77.2,2358,78.6,0.7,matched
2317,77.233333,2359,78.633333,0.697424,matched
2318,77.266667,2359,78.633333,0.694848,matched
2319,77.3,2360,78.666667,0.692272,matched
2320,77.333333,2360,78.666667,0.689695,matched
2321,77.366667,2361,78.7,0.687119,matched
2322,77.4,2361,78.7,0.684543,matched
2323,77.433333,2362,78.733333,0.681967,matched
2324,77.466667,2362,78.733333,0.679391,matched
2325,77.5,2363,78.766667,0.676815,matched
2326,77.533333,2363,78.766667,0.674239,matched
2327,77.566667,2364,78.8,0.671663,matched
2328,77.6,2364,78.8,0.669087,matched
2329,77.633333,2365,78.833333,0.671369,matched
2330,77.666667,2365,78.833333,0.673652,matched
2331,77.7,2366,78.866667,0.675934,matched
2332,77.733333,2366,78.866667,0.678216,matched
2333,77.766667,2367,78.9,0.680498,matched
2334,77.8,2367,78.9,0.682781,matched
2335,77.833333,2368,78.933333,0.685063,matched
2336,77.866667,2368,78.933333,0.687345,matched
2337,77.9,2369,78.966667,0.689627,matched
2338,77.933333,2369,78.966667,0.69191,matched
2339,77.966667,2370,79.0,0.694192,matched
2340,78.0,2370,79.0,0.696474,matched
2341,78.033333,2370,79.0,0.699212,matched
2342,78.066667,2371,79.033333,0.701951,matched
2343,78.1,2371,79.033333,0.704689,matched
2344,78.133333,2372,79.066667,0.707428,matched
2345,78.166667,2372,79.066667,0.710166,matched
2346,78.2,2373,79.1,0.712904,matched
2347,78.233333,2373,79.1,0.715643,matched
2348,78.266667,2374,79.133333,0.718381,matched
2349,78.3,2374,79.133333,0.72112,matched
2350,78.333333,2375,79.166667,0.723858,matched
2351,78.366667,2375,79.166667,0.726596,matched
2352,78.4,2376,79.2,0.729335,matched
2353,78.433333,2378,79.266667,0.724446,matched
2354,78.466667,2380,79.333333,0.719557,matched
2355,78.5,2382,79.4,0.714667,matched
2356,78.533333,2384,79.466667,0.709778,matched
2357,78.566667,2386,79.533333,0.704889,matched
2358,78.6,2388,79.6,0.7,matched
2359,78.633333,2388,79.6,0.7,matched
2360,78.666667,2389,79.633333,0.7,matched
2361,78.7,2390,79.666667,0.7,matched
2362,78.733333,2390,79.666667,0.7,matched
2363,78.766667,2391,79.7,0.7,matched
2364,78.8,2391,79.7,0.7,matched
2365,78.833333,2392,79.733333,0.7,matched
2366,78.866667,2392,79.733333,0.7,matched
2367,78.9,2393,79.766667,0.7,matched
2368,78.933333,2393,79.766667,0.7,matched
2369,78.966667,2394,79.8,0.7,matched
2370,79.0,2394,79.8,0.7,matched
2371,79.033333,2395,79.833333,0.7,matched
2372,79.066667,2395,79.833333,0.7,matched
2373,79.1,2396,79.866667,0.7,matched
2374,79.133333,2396,79.866667,0.7,matched
2375,79.166667,2397,79.9,0.7,matched
2376,79.2,2397,79.9,0.7,matched
2377,79.233333,2398,79.933333,0.7,matched
2378,79.266667,2398,79.933333,0.7,matched
2379,79.3,2399,79.966667,0.7,matched
2380,79.333333,2399,79.966667,0.7,matched
2381,79.366667,2399,79.966667,0.7,matched
2382,79.4,2400,80.0,0.7,matched
2383,79.433333,2401,80.033333,0.7,matched
2384,79.466667,2402,80.066667,0.7,matched
2385,79.5,2403,80.1,0.7,matched
2386,79.533333,2404,80.133333,0.7,matched
2387,79.566667,2405,80.166667,0.7,matched
2388,79.6,2406,80.2,0.7,matched
2389,79.633333,2406,80.2,0.7,matched
2390,79.666667,2407,80.233333,0.7,matched
2391,79.7,2407,80.233333,0.7,matched
2392,79.733333,2408,80.266667,0.7,matched
2393,79.766667,2408,80.266667,0.7,matched
2394,79.8,2409,80.3,0.7,matched
2395,79.833333,2409,80.3,0.7,matched
2396,79.866667,2410,80.333333,0.7,matched
2397,79.9,2411,80.366667,0.7,matched
2398,79.933333,2411,80.366667,0.7,matched
2399,79.966667,2412,80.4,0.7,matched
2400,80.0,2412,80.4,0.7,matched
2401,80.033333,2413,80.433333,0.708998,matched
2402,80.066667,2414,80.466667,0.717996,matched
2403,80.1,2415,80.5,0.726994,matched
2404,80.133333,2416,80.533333,0.735993,matched
2405,80.166667,2417,80.566667,0.744991,matched
2406,80.2,2418,80.6,0.753987,matched
2407,80.233333,2419,80.633333,0.740365,matched
2408,80.266667,2419,80.633333,0.726743,matched
2409,80.3,2420,80.666667,0.713121,matched
2410,80.333333,2420,80.666667,0.699499,matched
2411,80.366667,2421,80.7,0.685877,matched
2412,80.4,2421,80.7,0.672255,matched
2413,80.433333,2422,80.733333,0.658633,matched
2414,80.466667,2422,80.733333,0.645011,matched
2415,80.5,2423,80.766667,0.631389,matched
2416,80.533333,2423,80.766667,0.617767,matched
2417,80.566667,2424,80.8,0.604145,matched
2418,80.6,2424,80.8,0.590524,matched
2419,80.633333,2425,80.833333,0.599647,matched
2420,80.666667,2425,80.833333,0.60877,matched
2421,80.7,2426,80.866667,0.617893,matched
2422,80.733333,2426,80.866667,0.627016,matched
2423,80.766667,2427,80.9,0.636139,matched
2424,80.8,2427,80.9,0.645262,matched
2425,80.833333,2428,80.933333,0.654385,matched
2426,80.866667,2428,80.933333,0.663508,matched
2427,80.9,2429,80.966667,0.672631,matched
2428,80.933333,2429,80.966667,0.681754,matched
2429,80.966667,2430,81.0,0.690877,matched
2430,81.0,2430,81.0,0.7,matched
2431,81.033333,2432,81.066667,0.7,matched
2432,81.066667,2434,81.133333,0.7,matched
2433,81.1,2436,81.2,0.7,matched
2434,81.133333,2438,81.266667,0.7,matched
2435,81.166667,2440,81.333333,0.7,matched
2436,81.2,2442,81.4,0.7,matched
2437,81.233333,2444,81.466667,0.699627,matched
2438,81.266667,2446,81.533333,0.699253,matched
2439,81.3,2448,81.6,0.69888,matched
2440,81.333333,2450,81.666667,0.698507,matched
2441,81.366667,2452,81.733333,0.698133,matched
2442,81.4,2454,81.8,0.69776,matched
2443,81.433333,2456,81.866667,0.690885,matched
2444,81.466667,2458,81.933333,0.68401,matched
2445,81.5,2460,82.0,0.677135,matched
2446,81.533333,2462,82.066667,0.67026,matched
2447,81.566667,2464,82.133333,0.663385,matched
2448,81.6,2466,82.2,0.656509,matched
2449,81.633333,2468,82.266667,0.628786,matched
2450,81.666667,2470,82.333333,0.601063,matched
2451,81.7,2472,82.4,0.57334,matched
2452,81.733333,2474,82.466667,0.545617,matched
2453,81.766667,2476,82.533333,0.517894,matched
2454,81.8,2478,82.6,0.490172,matched
2455,81.833333,2478,82.6,0.493405,matched
2456,81.866667,2479,82.633333,0.496642,matched
2457,81.9,2479,82.633333,0.499879,matched
2458,81.933333,2480,82.666667,0.503115,matched
2459,81.966667,2481,82.7,0.506352,matched
2460,82.0,2481,82.7,0.509588,matched
2461,82.033333,2482,82.733333,0.512825,matched
2462,82.066667,2482,82.733333,0.516062,matched
2463,82.1,2483,82.766667,0.519298,matched
2464,82.133333,2483,82.766667,0.522535,matched
2465,82.166667,2484,82.8,0.525772,matched
2466,82.2,2484,82.8,0.529009,matched
2467,82.233333,2485,82.833333,0.542216,matched
2468,82.266667,2485,82.833333,0.555422,matched
2469,82.3,2486,82.866667,0.568629,matched
2470,82.333333,2486,82.866667,0.581835,matched
2471,82.366667,2487,82.9,0.595042,matched
2472,82.4,2487,82.9,0.608248,matched
2473,82.433333,2488,82.933333,0.621455,matched
2474,82.466667,2488,82.933333,0.634661,matched
2475,82.5,2489,82.966667,0.647868,matched
2476,82.533333,2489,82.966667,0.661075,matched
2477,82.566667,2490,83.0,0.674281,matched
2478,82.6,2490,83.0,0.687486,matched
2479,82.633333,2492,83.066667,0.6698,matched
2480,82.666667,2494,83.133333,0.652115,matched
2481,82.7,2496,83.2,0.634429,matched
2482,82.733333,2498,83.266667,0.616743,matched
2483,82.766667,2500,83.333333,0.599057,matched
2484,82.8,2502,83.4,0.581372,matched
2485,82.833333,2503,83.433333,0.58811,matched
2486,82.866667,2504,83.466667,0.59485,matched
2487,82.9,2505,83.5,0.60159,matched
2488,82.933333,2506,83.533333,0.60833,matched
2489,82.966667,2507,83.566667,0.615071,matched
2490,83.0,2508,83.6,0.621811,matched
2491,83.033333,2510,83.666667,0.607303,matched
2492,83.066667,2512,83.733333,0.592795,matched
2493,83.1,2514,83.8,0.578287,matched
2494,83.133333,2516,83.866667,0.563779,matched
2495,83.166667,2518,83.933333,0.549271,matched
2496,83.2,2520,84.0,0.534765,matched
2497,83.233333,2521,84.033333,0.545736,matched
2498,83.266667,2521,84.033333,0.556708,matched
2499,83.3,2522,84.066667,0.567679,matched
2500,83.333333,2522,84.066667,0.578651,matched
2501,83.366667,2522,84.066667,0.589622,matched
2502,83.4,2523,84.1,0.600594,matched
2503,83.433333,2523,84.1,0.611565,matched
2504,83.466667,2524,84.133333,0.622537,matched
2505,83.5,2524,84.133333,0.633508,matched
2506,83.533333,2525,84.166667,0.64448,matched
2507,83.566667,2525,84.166667,0.655451,matched
2508,83.6,2526,84.2,0.666421,matched
2509,83.633333,2528,84.266667,0.645348,matched
2510,83.666667,2530,84.333333,0.624275,matched
2511,83.7,2532,84.4,0.603202,matched
2512,83.733333,2534,84.466667,0.58213,matched
2513,83.766667,2536,84.533333,0.561057,matched
2514,83.8,2538,84.6,0.539984,matched
2515,83.833333,2540,84.666667,0.542002,matched
2516,83.866667,2542,84.733333,0.544022,matched
2517,83.9,2544,84.8,0.546041,matched
2518,83.933333,2546,84.866667,0.548061,matched
2519,83.966667,2548,84.933333,0.550081,matched
2520,84.0,2550,85.0,0.552101,matched
2521,84.033333,2552,85.066667,0.489417,matched
2522,84.066667,2554,85.133333,0.426733,matched
2523,84.1,2556,85.2,0.364049,matched
2524,84.133333,2558,85.266667,0.301365,review
2525,84.166667,2560,85.333333,0.23868,review
2526,84.2,2562,85.4,0.176003,review
2527,84.233333,2564,85.466667,0.191709,review
2528,84.266667,2566,85.533333,0.207414,review
2529,84.3,2568,85.6,0.223119,review
2530,84.333333,2570,85.666667,0.238824,review
2531,84.366667,2572,85.733333,0.254529,review
2532,84.4,2574,85.8,0.270234,review
2533,84.433333,2576,85.866667,0.276096,review
2534,84.466667,2578,85.933333,0.281957,review
2535,84.5,2580,86.0,0.287818,review
2536,84.533333,2582,86.066667,0.293678,review
2537,84.566667,2584,86.133333,0.299539,review
2538,84.6,2586,86.2,0.305403,review
2539,84.633333,2588,86.266667,0.365398,matched
2540,84.666667,2590,86.333333,0.425392,matched
2541,84.7,2592,86.4,0.485387,matched
2542,84.733333,2594,86.466667,0.545382,matched
2543,84.766667,2596,86.533333,0.605377,matched
2544,84.8,2598,86.6,0.665372,matched
2545,84.833333,2598,86.6,0.655595,matched
2546,84.866667,2599,86.633333,0.645812,matched
2547,84.9,2599,86.633333,0.636029,matched
2548,84.933333,2600,86.666667,0.626246,matched
2549,84.966667,2601,86.7,0.616463,matched
2550,85.0,2601,86.7,0.606681,matched
2551,85.033333,2602,86.733333,0.596898,matched
2552,85.066667,2602,86.733333,0.587115,matched
2553,85.1,2603,86.766667,0.577332,matched
2554,85.133333,2603,86.766667,0.567549,matched
2555,85.166667,2604,86.8,0.557766,matched
2556,85.2,2604,86.8,0.547985,matched
2557,85.233333,2605,86.833333,0.560653,matched
2558,85.266667,2605,86.833333,0.573321,matched
2559,85.3,2606,86.866667,0.585989,matched
2560,85.333333,2606,86.866667,0.598657,matched
2561,85.366667,2607,86.9,0.611325,matched
2562,85.4,2607,86.9,0.623993,matched
2563,85.433333,2608,86.933333,0.636661,matched
2564,85.466667,2608,86.933333,0.649329,matched
2565,85.5,2609,86.966667,0.661997,matched
2566,85.533333,2609,86.966667,0.674665,matched
2567,85.566667,2610,87.0,0.687333,matched
2568,85.6,2610,87.0,0.699998,matched
2569,85.633333,2611,87.033333,0.663676,matched
2570,85.666667,2611,87.033333,0.627354,matched
2571,85.7,2611,87.033333,0.591032,matched
2572,85.733333,2612,87.066667,0.55471,matched
2573,85.766667,2612,87.066667,0.518387,matched
2574,85.8,2613,87.1,0.482065,matched
2575,85.833333,2613,87.1,0.445743,matched
2576,85.866667,2614,87.133333,0.409421,matched
2577,85.9,2614,87.133333,0.373099,matched
2578,85.933333,2615,87.166667,0.336776,review
2579,85.966667,2615,87.166667,0.300454,review
2580,86.0,2616,87.2,0.264132,review
2581,86.033333,2616,87.2,0.298893,review
2582,86.066667,2617,87.233333,0.333653,review
2583,86.1,2617,87.233333,0.368414,matched
2584,86.133333,2618,87.266667,0.403175,matched
2585,86.166667,2618,87.266667,0.437936,matched
2586,86.2,2619,87.3,0.472696,matched
2587,86.233333,2619,87.3,0.507457,matched
2588,86.266667,2620,87.333333,0.542218,matched
2589,86.3,2620,87.333333,0.576978,matched
2590,86.333333,2621,87.366667,0.611739,matched
2591,86.366667,2622,87.4,0.6465,matched
2592,86.4,2622,87.4,0.68126,matched
2593,86.433333,2623,87.433333,0.682823,matched
2594,86.466667,2623,87.433333,0.684385,matched
2595,86.5,2623,87.433333,0.685946,matched
2596,86.533333,2624,87.466667,0.687508,matched
2597,86.566667,2624,87.466667,0.689069,matched
2598,86.6,2625,87.5,0.690631,matched
2599,86.633333,2625,87.5,0.692192,matched
2600,86.666667,2626,87.533333,0.693754,matched
2601,86.7,2626,87.533333,0.695315,matched
2602,86.733333,2627,87.566667,0.696877,matched
2603,86.766667,2627,87.566667,0.698438,matched
2604,86.8,2628,87.6,0.7,matched
2605,86.833333,2629,87.633333,0.7,matched
2606,86.866667,2630,87.666667,0.7,matched
2607,86.9,2631,87.7,0.7,matched
2608,86.933333,2632,87.733333,0.7,matched
2609,86.966667,2633,87.766667,0.7,matched
2610,87.0,2634,87.8,0.7,matched
2611,87.033333,2635,87.833333,0.7,matched
2612,87.066667,2635,87.833333,0.7,matched
2613,87.1,2636,87.866667,0.7,matched
2614,87.133333,2636,87.866667,0.7,matched
2615,87.166667,2637,87.9,0.7,matched
2616,87.2,2637,87.9,0.7,matched
2617,87.233333,2638,87.933333,0.7,matched
2618,87.266667,2638,87.933333,0.7,matched
2619,87.3,2639,87.966667,0.7,matched
2620,87.333333,2639,87.966667,0.7,matched
2621,87.366667,2639,87.966667,0.7,matched
2622,87.4,2640,88.0,0.7,matched
2623,87.433333,2640,88.0,0.7,matched
2624,87.466667,2641,88.033333,0.7,matched
2625,87.5,2641,88.033333,0.7,matched
2626,87.533333,2642,88.066667,0.7,matched
2627,87.566667,2642,88.066667,0.7,matched
2628,87.6,2643,88.1,0.7,matched
2629,87.633333,2643,88.1,0.7,matched
2630,87.666667,2644,88.133333,0.7,matched
2631,87.7,2644,88.133333,0.7,matched
2632,87.733333,2645,88.166667,0.7,matched
2633,87.766667,2645,88.166667,0.7,matched
2634,87.8,2646,88.2,0.7,matched
2635,87.833333,2648,88.266667,0.679462,matched
2636,87.866667,2650,88.333333,0.658922,matched
2637,87.9,2652,88.4,0.638382,matched
2638,87.933333,2654,88.466667,0.617843,matched
2639,87.966667,2656,88.533333,0.597303,matched
2640,88.0,2658,88.6,0.576763,matched
2641,88.033333,2658,88.6,0.580316,matched
2642,88.066667,2659,88.633333,0.583869,matched
2643,88.1,2659,88.633333,0.587423,matched
2644,88.133333,2660,88.666667,0.590976,matched
2645,88.166667,2661,88.7,0.594529,matched
2646,88.2,2661,88.7,0.598082,matched
2647,88.233333,2662,88.733333,0.601636,matched
2648,88.266667,2662,88.733333,0.605189,matched
2649,88.3,2663,88.766667,0.608742,matched
2650,88.333333,2663,88.766667,0.612295,matched
2651,88.366667,2664,88.8,0.615849,matched
2652,88.4,2664,88.8,0.619402,matched
2653,88.433333,2665,88.833333,0.625879,matched
2654,88.466667,2665,88.833333,0.632355,matched
2655,88.5,2666,88.866667,0.638832,matched
2656,88.533333,2666,88.866667,0.645309,matched
2657,88.566667,2667,88.9,0.651786,matched
2658,88.6,2667,88.9,0.658263,matched
2659,88.633333,2668,88.933333,0.66474,matched
2660,88.666667,2668,88.933333,0.671217,matched
2661,88.7,2668,88.933333,0.677694,matched
2662,88.733333,2669,88.966667,0.684171,matched
2663,88.766667,2669,88.966667,0.690648,matched
2664,88.8,2670,89.0,0.697124,matched
2665,88.833333,2672,89.066667,0.680952,matched
2666,88.866667,2674,89.133333,0.664777,matched
2667,88.9,2676,89.2,0.648602,matched
2668,88.933333,2678,89.266667,0.632427,matched
2669,88.966667,2680,89.333333,0.616252,matched
2670,89.0,2682,89.4,0.600077,matched
2671,89.033333,2684,89.466667,0.55378,matched
2672,89.066667,2686,89.533333,0.507483,matched
2673,89.1,2688,89.6,0.461186,matched
2674,89.133333,2690,89.666667,0.414889,matched
2675,89.166667,2692,89.733333,0.368593,matched
2676,89.2,2694,89.8,0.322304,review
2677,89.233333,2696,89.866667,0.366132,matched
2678,89.266667,2698,89.933333,0.409961,matched
2679,89.3,2700,90.0,0.453789,matched
2680,89.333333,2702,90.066667,0.497617,matched
2681,89.366667,2704,90.133333,0.541446,matched
2682,89.4,2706,90.2,0.585274,matched
2683,89.433333,2708,90.266667,0.618253,matched
2684,89.466667,2710,90.333333,0.651231,matched
2685,89.5,2712,90.4,0.684209,matched
2686,89.533333,2714,90.466667,0.717187,matched
2687,89.566667,2716,90.533333,0.750165,matched
2688,89.6,2718,90.6,0.783142,matched
2689,89.633333,2720,90.666667,0.790097,matched
2690,89.666667,2722,90.733333,0.797052,matched
2691,89.7,2724,90.8,0.804006,matched
2692,89.733333,2726,90.866667,0.810961,matched
2693,89.766667,2728,90.933333,0.817916,matched
2694,89.8,2730,91.0,0.82487,matched
2695,89.833333,2732,91.066667,0.830194,matched
2696,89.866667,2734,91.133333,0.835518,matched
2697,89.9,2736,91.2,0.840842,matched
2698,89.933333,2738,91.266667,0.846166,matched
2699,89.966667,2740,91.333333,0.851489,matched
2700,90.0,2742,91.4,0.856813,matched
2701,90.033333,2744,91.466667,0.780791,matched
2702,90.066667,2746,91.533333,0.704768,matched
2703,90.1,2748,91.6,0.628746,matched
2704,90.133333,2750,91.666667,0.552723,matched
2705,90.166667,2752,91.733333,0.476701,matched
2706,90.2,2754,91.8,0.400689,matched
2707,90.233333,2756,91.866667,0.441143,matched
2708,90.266667,2758,91.933333,0.481598,matched
2709,90.3,2760,92.0,0.522052,matched
2710,90.333333,2762,92.066667,0.562506,matched
2711,90.366667,2764,92.133333,0.602961,matched
2712,90.4,2766,92.2,0.643415,matched
2713,90.433333,2768,92.266667,0.666849,matched
2714,90.466667,2770,92.333333,0.690282,matched
2715,90.5,2772,92.4,0.713715,matched
2716,90.533333,2774,92.466667,0.737147,matched
2717,90.566667,2776,92.533333,0.76058,matched
2718,90.6,2778,92.6,0.784012,matched
2719,90.633333,2780,92.666667,0.782185,matched
2720,90.666667,2782,92.733333,0.780359,matched
2721,90.7,2784,92.8,0.778533,matched
2722,90.733333,2786,92.866667,0.776706,matched
2723,90.766667,2788,92.933333,0.77488,matched
2724,90.8,2790,93.0,0.773053,matched
2725,90.833333,2792,93.066667,0.719918,matched
2726,90.866667,2794,93.133333,0.666779,matched
2727,90.9,2796,93.2,0.613639,matched
2728,90.933333,2798,93.266667,0.5605,matched
2729,90.966667,2800,93.333333,0.50736,matched
2730,91.0,2802,93.4,0.454221,matched
2731,91.033333,2804,93.466667,0.447021,matched
2732,91.066667,2806,93.533333,0.439821,matched
2733,91.1,2808,93.6,0.432621,matched
2734,91.133333,2810,93.666667,0.425421,matched
2735,91.166667,2812,93.733333,0.418221,matched
2736,91.2,2814,93.8,0.411026,matched
2737,91.233333,2816,93.866667,0.452951,matched
2738,91.266667,2818,93.933333,0.494875,matched
2739,91.3,2820,94.0,0.5368,matched
2740,91.333333,2822,94.066667,0.578725,matched
2741,91.366667,2824,94.133333,0.620649,matched
2742,91.4,2826,94.2,0.662574,matched
2743,91.433333,2828,94.266667,0.672202,matched
2744,91.466667,2830,94.333333,0.681828,matched
2745,91.5,2832,94.4,0.691454,matched
2746,91.533333,2834,94.466667,0.701079,matched
2747,91.566667,2836,94.533333,0.710705,matched
2748,91.6,2838,94.6,0.720329,matched
2749,91.633333,2840,94.666667,0.680067,matched
2750,91.666667,2842,94.733333,0.639804,matched
2751,91.7,2844,94.8,0.599541,matched
2752,91.733333,2846,94.866667,0.559279,matched
2753,91.766667,2848,94.933333,0.519016,matched
2754,91.8,2850,95.0,0.478754,matched
2755,91.833333,2852,95.066667,0.450651,matched
2756,91.866667,2854,95.133333,0.422549,matched
2757,91.9,2856,95.2,0.394448,matched
2758,91.933333,2858,95.266667,0.366346,matched
2759,91.966667,2860,95.333333,0.338245,review
2760,92.0,2862,95.4,0.310143,review
2761,92.033333,2864,95.466667,0.360179,matched
2762,92.066667,2866,95.533333,0.410215,matched
2763,92.1,2868,95.6,0.460251,matched
2764,92.133333,2870,95.666667,0.510287,matched
2765,92.166667,2872,95.733333,0.560323,matched
2766,92.2,2874,95.8,0.610353,matched
2767,92.233333,2875,95.833333,0.604068,matched
2768,92.266667,2875,95.833333,0.597782,matched
2769,92.3,2876,95.866667,0.591497,matched
2770,92.333333,2876,95.866667,0.585211,matched
2771,92.366667,2877,95.9,0.578925,matched
2772,92.4,2877,95.9,0.57264,matched
2773,92.433333,2878,95.933333,0.566354,matched
2774,92.466667,2878,95.933333,0.560068,matched
2775,92.5,2879,95.966667,0.553783,matched
2776,92.533333,2879,95.966667,0.547497,matched
2777,92.566667,2880,96.0,0.541211,matched
2778,92.6,2880,96.0,0.534924,matched
2779,92.633333,2882,96.066667,0.500034,matched
2780,92.666667,2884,96.133333,0.465144,matched
2781,92.7,2886,96.2,0.430254,matched
2782,92.733333,2888,96.266667,0.395364,matched
2783,92.766667,2890,96.333333,0.360474,matched
2784,92.8,2892,96.4,0.325584,review
2785,92.833333,2894,96.466667,0.345519,review
2786,92.866667,2896,96.533333,0.365458,matched
2787,92.9,2898,96.6,0.385398,matched
2788,92.933333,2900,96.666667,0.405337,matched
2789,92.966667,2902,96.733333,0.425277,matched
2790,93.0,2904,96.8,0.445216,matched
2791,93.033333,2906,96.866667,0.438244,matched
2792,93.066667,2908,96.933333,0.431273,matched
2793,93.1,2910,97.0,0.424301,matched
2794,93.133333,2912,97.066667,0.41733,matched
2795,93.166667,2914,97.133333,0.410358,matched
2796,93.2,2916,97.2,0.403385,matched
2797,93.233333,2918,97.266667,0.376337,matched
2798,93.266667,2920,97.333333,0.34929,review
2799,93.3,2922,97.4,0.322243,review
2800,93.333333,2924,97.466667,0.295196,review
2801,93.366667,2926,97.533333,0.268149,review
2802,93.4,2928,97.6,0.241102,review
2803,93.433333,2930,97.666667,0.25653,review
2804,93.466667,2932,97.733333,0.27196,review
2805,93.5,2934,97.8,0.287391,review
2806,93.533333,2936,97.866667,0.302821,review
2807,93.566667,2938,97.933333,0.318251,review
2808,93.6,2940,98.0,0.333679,review
2809,93.633333,2942,98.066667,0.317982,review
2810,93.666667,2944,98.133333,0.302285,review
2811,93.7,2946,98.2,0.286587,review
2812,93.733333,2948,98.266667,0.27089,review
2813,93.766667,2950,98.333333,0.255193,review
2814,93.8,2952,98.4,0.239495,review
2815,93.833333,2954,98.466667,0.268141,review
2816,93.866667,2956,98.533333,0.296792,review
2817,93.9,2958,98.6,0.325442,review
2818,93.933333,2960,98.666667,0.354092,matched
2819,93.966667,2962,98.733333,0.382742,matched
2820,94.0,2964,98.8,0.411392,matched
2821,94.033333,2965,98.833333,0.41987,matched
2822,94.066667,2965,98.833333,0.428348,matched
2823,94.1,2966,98.866667,0.436827,matched
2824,94.133333,2966,98.866667,0.445305,matched
2825,94.166667,2967,98.9,0.453783,matched
2826,94.2,2967,98.9,0.462261,matched
2827,94.233333,2968,98.933333,0.47074,matched
2828,94.266667,2968,98.933333,0.479218,matched
2829,94.3,2969,98.966667,0.487696,matched
2830,94.333333,2969,98.966667,0.496174,matched
2831,94.366667,2969,98.966667,0.504652,matched
2832,94.4,2970,99.0,0.513131,matched
2833,94.433333,2970,99.0,0.521278,matched
2834,94.466667,2971,99.033333,0.529425,matched
2835,94.5,2971,99.033333,0.537573,matched
2836,94.533333,2972,99.066667,0.54572,matched
2837,94.566667,2972,99.066667,0.553868,matched
2838,94.6,2973,99.1,0.562015,matched
2839,94.633333,2973,99.1,0.570162,matched
2840,94.666667,2974,99.133333,0.57831,matched
2841,94.7,2974,99.133333,0.586457,matched
2842,94.733333,2975,99.166667,0.594604,matched
2843,94.766667,2975,99.166667,0.602752,matched
2844,94.8,2976,99.2,0.610899,matched
2845,94.833333,2978,99.266667,0.625749,matched
2846,94.866667,2980,99.333333,0.640599,matched
2847,94.9,2982,99.4,0.655449,matched
2848,94.933333,2984,99.466667,0.6703,matched
2849,94.966667,2986,99.533333,0.68515,matched
2850,95.0,2988,99.6,0.7,matched
2851,95.033333,2990,99.666667,0.694641,matched
2852,95.066667,2992,99.733333,0.689281,matched
2853,95.1,2994,99.8,0.683922,matched
2854,95.133333,2996,99.866667,0.678563,matched
2855,95.166667,2998,99.933333,0.673204,matched
2856,95.2,3000,100.0,0.667846,matched
2857,95.233333,3002,100.066667,0.673205,matched
2858,95.266667,3004,100.133333,0.678564,matched
2859,95.3,3006,100.2,0.683923,matched
2860,95.333333,3008,100.266667,0.689282,matched
2861,95.366667,3010,100.333333,0.694641,matched
2862,95.4,3012,100.4,0.7,matched
2863,95.433333,3014,100.466667,0.7,matched
2864,95.466667,3016,100.533333,0.7,matched
2865,95.5,3018,100.6,0.7,matched
2866,95.533333,3020,100.666667,0.7,matched
2867,95.566667,3022,100.733333,0.7,matched
2868,95.6,3024,100.8,0.7,matched
2869,95.633333,3026,100.866667,0.7,matched
2870,95.666667,3028,100.933333,0.7,matched
2871,95.7,3030,101.0,0.7,matched
2872,95.733333,3032,101.066667,0.7,matched
2873,95.766667,3034,101.133333,0.7,matched
2874,95.8,3036,101.2,0.7,matched
2875,95.833333,3036,101.2,0.7,matched
2876,95.866667,3037,101.233333,0.7,matched
2877,95.9,3037,101.233333,0.7,matched
2878,95.933333,3038,101.266667,0.7,matched
2879,95.966667,3038,101.266667,0.7,matched
2880,96.0,3039,101.3,0.7,matched
2881,96.033333,3039,101.3,0.7,matched
2882,96.066667,3040,101.333333,0.7,matched
2883,96.1,3041,101.366667,0.7,matched
2884,96.133333,3041,101.366667,0.7,matched
2885,96.166667,3042,101.4,0.7,matched
2886,96.2,3042,101.4,0.699998,matched
2887,96.233333,3044,101.466667,0.680961,matched
2888,96.266667,3046,101.533333,0.661924,matched
2889,96.3,3048,101.6,0.642887,matched
2890,96.333333,3050,101.666667,0.62385,matched
2891,96.366667,3052,101.733333,0.604813,matched
2892,96.4,3054,101.8,0.585776,matched
2893,96.433333,3055,101.833333,0.577108,matched
2894,96.466667,3055,101.833333,0.56844,matched
2895,96.5,3056,101.866667,0.559772,matched
2896,96.533333,3056,101.866667,0.551104,matched
2897,96.566667,3057,101.9,0.542436,matched
2898,96.6,3057,101.9,0.533769,matched
2899,96.633333,3058,101.933333,0.525101,matched
2900,96.666667,3058,101.933333,0.516433,matched
2901,96.7,3058,101.933333,0.507765,matched
2902,96.733333,3059,101.966667,0.499097,matched
2903,96.766667,3059,101.966667,0.49043,matched
2904,96.8,3060,102.0,0.481762,matched
2905,96.833333,3062,102.066667,0.489319,matched
2906,96.866667,3064,102.133333,0.496878,matched
2907,96.9,3066,102.2,0.504436,matched
2908,96.933333,3068,102.266667,0.511995,matched
2909,96.966667,3070,102.333333,0.519553,matched
2910,97.0,3072,102.4,0.527112,matched
2911,97.033333,3074,102.466667,0.551516,matched
2912,97.066667,3076,102.533333,0.57592,matched
2913,97.1,3078,102.6,0.600324,matched
2914,97.133333,3080,102.666667,0.624728,matched
2915,97.166667,3082,102.733333,0.649131,matched
2916,97.2,3084,102.8,0.673533,matched
2917,97.233333,3085,102.833333,0.675739,matched
2918,97.266667,3085,102.833333,0.677944,matched
2919,97.3,3086,102.866667,0.68015,matched
2920,97.333333,3086,102.866667,0.682356,matched
2921,97.366667,3087,102.9,0.684561,matched
2922,97.4,3087,102.9,0.686767,matched
2923,97.433333,3088,102.933333,0.688972,matched
2924,97.466667,3088,102.933333,0.691178,matched
2925,97.5,3089,102.966667,0.693383,matched
2926,97.533333,3089,102.966667,0.695589,matched
2927,97.566667,3090,103.0,0.697795,matched
2928,97.6,3090,103.0,0.7,matched
2929,97.633333,3091,103.033333,0.69094,matched
2930,97.666667,3091,103.033333,0.681881,matched
2931,97.7,3091,103.033333,0.672821,matched
2932,97.733333,3092,103.066667,0.663762,matched
2933,97.766667,3092,103.066667,0.654702,matched
2934,97.8,3093,103.1,0.645643,matched
2935,97.833333,3093,103.1,0.636583,matched
2936,97.866667,3094,103.133333,0.627524,matched
2937,97.9,3094,103.133333,0.618464,matched
2938,97.933333,3095,103.166667,0.609405,matched
2939,97.966667,3095,103.166667,0.600345,matched
2940,98.0,3096,103.2,0.591286,matched
2941,98.033333,3098,103.266667,0.595379,matched
2942,98.066667,3100,103.333333,0.599471,matched
2943,98.1,3102,103.4,0.603564,matched
2944,98.133333,3104,103.466667,0.607656,matched
2945,98.166667,3106,103.533333,0.611749,matched
2946,98.2,3108,103.6,0.615841,matched
2947,98.233333,3109,103.633333,0.621359,matched
2948,98.266667,3110,103.666667,0.626876,matched
2949,98.3,3111,103.7,0.632393,matched
2950,98.333333,3112,103.733333,0.63791,matched
2951,98.366667,3113,103.766667,0.643428,matched
2952,98.4,3114,103.8,0.648945,matched
2953,98.433333,,,0.0,unmatched
2954,98.466667,,,0.0,unmatched
