night_frame,night_time_seconds,day_frame,day_time_seconds,confidence,status
0,0.0,0,0.0,0.454687,matched
1,0.033333,2,0.066667,0.47741,matched
2,0.066667,4,0.133333,0.500132,matched
3,0.1,6,0.2,0.522855,matched
4,0.133333,8,0.266667,0.545577,matched
5,0.166667,10,0.333333,0.5683,matched
6,0.2,12,0.4,0.591022,matched
7,0.233333,13,0.433333,0.577262,matched
8,0.266667,13,0.433333,0.563502,matched
9,0.3,14,0.466667,0.549741,matched
10,0.333333,14,0.466667,0.535981,matched
11,0.366667,15,0.5,0.522221,matched
12,0.4,15,0.5,0.508461,matched
13,0.433333,16,0.533333,0.4947,matched
14,0.466667,16,0.533333,0.48094,matched
15,0.5,17,0.566667,0.46718,matched
16,0.533333,17,0.566667,0.45342,matched
17,0.566667,18,0.6,0.439659,matched
18,0.6,18,0.6,0.425899,matched
19,0.633333,19,0.633333,0.448741,matched
20,0.666667,19,0.633333,0.471582,matched
21,0.7,20,0.666667,0.494424,matched
22,0.733333,20,0.666667,0.517266,matched
23,0.766667,21,0.7,0.540108,matched
24,0.8,21,0.7,0.562949,matched
25,0.833333,22,0.733333,0.585791,matched
26,0.866667,22,0.733333,0.608633,matched
27,0.9,23,0.766667,0.631475,matched
28,0.933333,23,0.766667,0.654316,matched
29,0.966667,24,0.8,0.677158,matched
30,1.0,24,0.8,0.7,matched
31,1.033333,26,0.866667,0.629913,matched
32,1.066667,28,0.933333,0.559825,matched
33,1.1,30,1.0,0.489738,matched
34,1.133333,32,1.066667,0.419651,matched
35,1.166667,34,1.133333,0.349563,review
36,1.2,36,1.2,0.279476,review
37,1.233333,38,1.266667,0.232897,review
38,1.266667,40,1.333333,0.186317,review
39,1.3,42,1.4,0.139738,review
40,1.333333,44,1.466667,0.093159,review
41,1.366667,46,1.533333,0.046579,review
42,1.4,48,1.6,0.0,review
43,1.433333,50,1.666667,0.054908,review
44,1.466667,52,1.733333,0.109816,review
45,1.5,54,1.8,0.164724,review
46,1.533333,56,1.866667,0.219632,review
47,1.566667,58,1.933333,0.27454,review
48,1.6,60,2.0,0.329448,review
49,1.633333,62,2.066667,0.353505,matched
50,1.666667,64,2.133333,0.377561,matched
51,1.7,66,2.2,0.401618,matched
52,1.733333,68,2.266667,0.425675,matched
53,1.766667,70,2.333333,0.449731,matched
54,1.8,72,2.4,0.473788,matched
55,1.833333,74,2.466667,0.424366,matched
56,1.866667,76,2.533333,0.374944,matched
57,1.9,78,2.6,0.325522,review
58,1.933333,80,2.666667,0.2761,review
59,1.966667,82,2.733333,0.226678,review
60,2.0,84,2.8,0.177256,review
61,2.033333,86,2.866667,0.217528,review
62,2.066667,88,2.933333,0.257801,review
63,2.1,90,3.0,0.298073,review
64,2.133333,92,3.066667,0.338346,review
65,2.166667,94,3.133333,0.378618,matched
66,2.2,96,3.2,0.418891,matched
67,2.233333,98,3.266667,0.369247,matched
68,2.266667,100,3.333333,0.319603,review
69,2.3,102,3.4,0.269959,review
70,2.333333,104,3.466667,0.220315,review
71,2.366667,106,3.533333,0.170671,review
72,2.4,108,3.6,0.121027,review
73,2.433333,110,3.666667,0.160075,review
74,2.466667,112,3.733333,0.199123,review
75,2.5,114,3.8,0.23817,review
76,2.533333,116,3.866667,0.277218,review
77,2.566667,118,3.933333,0.316266,review
78,2.6,120,4.0,0.355314,matched
79,2.633333,122,4.066667,0.374222,matched
80,2.666667,124,4.133333,0.39313,matched
81,2.7,126,4.2,0.412038,matched
82,2.733333,128,4.266667,0.430945,matched
83,2.766667,130,4.333333,0.449853,matched
84,2.8,132,4.4,0.468761,matched
85,2.833333,133,4.433333,0.481515,matched
86,2.866667,133,4.433333,0.494269,matched
87,2.9,134,4.466667,0.507023,matched
88,2.933333,134,4.466667,0.519777,matched
89,2.966667,135,4.5,0.532531,matched
90,3.0,135,4.5,0.545285,matched
91,3.033333,135,4.5,0.558039,matched
92,3.066667,136,4.533333,0.570793,matched
93,3.1,136,4.533333,0.583547,matched
94,3.133333,137,4.566667,0.596301,matched
95,3.166667,137,4.566667,0.609055,matched
96,3.2,138,4.6,0.621809,matched
97,3.233333,139,4.633333,0.634649,matched
98,3.266667,140,4.666667,0.647489,matched
99,3.3,141,4.7,0.660328,matched
100,3.333333,142,4.733333,0.673168,matched
101,3.366667,143,4.766667,0.686008,matched
102,3.4,144,4.8,0.698848,matched
103,3.433333,146,4.866667,0.64856,matched
104,3.466667,148,4.933333,0.598272,matched
105,3.5,150,5.0,0.547983,matched
106,3.533333,152,5.066667,0.497695,matched
107,3.566667,154,5.133333,0.447407,matched
108,3.6,156,5.2,0.397119,matched
109,3.633333,158,5.266667,0.409647,matched
110,3.666667,160,5.333333,0.422175,matched
111,3.7,162,5.4,0.434704,matched
112,3.733333,164,5.466667,0.447232,matched
113,3.766667,166,5.533333,0.45976,matched
114,3.8,168,5.6,0.472288,matched
115,3.833333,168,5.6,0.474926,matched
116,3.866667,169,5.633333,0.477563,matched
117,3.9,170,5.666667,0.480201,matched
118,3.933333,170,5.666667,0.482839,matched
119,3.966667,171,5.7,0.485476,matched
120,4.0,171,5.7,0.488114,matched
121,4.033333,172,5.733333,0.490752,matched
122,4.066667,172,5.733333,0.493389,matched
123,4.1,173,5.766667,0.496027,matched
124,4.133333,173,5.766667,0.498665,matched
125,4.166667,174,5.8,0.501302,matched
126,4.2,174,5.8,0.50394,matched
127,4.233333,175,5.833333,0.520278,matched
128,4.266667,175,5.833333,0.536617,matched
129,4.3,176,5.866667,0.552955,matched
130,4.333333,176,5.866667,0.569293,matched
131,4.366667,177,5.9,0.585632,matched
132,4.4,177,5.9,0.60197,matched
133,4.433333,178,5.933333,0.618308,matched
134,4.466667,178,5.933333,0.634647,matched
135,4.5,179,5.966667,0.650985,matched
136,4.533333,179,5.966667,0.667323,matched
137,4.566667,180,6.0,0.683662,matched
138,4.6,180,6.0,0.7,matched
139,4.633333,181,6.033333,0.694536,matched
140,4.666667,181,6.033333,0.689073,matched
141,4.7,181,6.033333,0.683609,matched
142,4.733333,182,6.066667,0.678146,matched
143,4.766667,182,6.066667,0.672682,matched
144,4.8,183,6.1,0.667218,matched
145,4.833333,183,6.1,0.661755,matched
146,4.866667,184,6.133333,0.656291,matched
147,4.9,184,6.133333,0.650828,matched
148,4.933333,185,6.166667,0.645364,matched
149,4.966667,185,6.166667,0.639901,matched
150,5.0,186,6.2,0.634437,matched
151,5.033333,186,6.2,0.631856,matched
152,5.066667,187,6.233333,0.629275,matched
153,5.1,187,6.233333,0.626694,matched
154,5.133333,188,6.266667,0.624112,matched
155,5.166667,188,6.266667,0.621531,matched
156,5.2,189,6.3,0.61895,matched
157,5.233333,189,6.3,0.616369,matched
158,5.266667,190,6.333333,0.613788,matched
159,5.3,190,6.333333,0.611207,matched
160,5.333333,191,6.366667,0.608625,matched
161,5.366667,192,6.4,0.606044,matched
162,5.4,192,6.4,0.603463,matched
163,5.433333,193,6.433333,0.583662,matched
164,5.466667,193,6.433333,0.563861,matched
165,5.5,193,6.433333,0.54406,matched
166,5.533333,194,6.466667,0.524258,matched
167,5.566667,194,6.466667,0.504457,matched
168,5.6,195,6.5,0.484656,matched
169,5.633333,195,6.5,0.464855,matched
170,5.666667,196,6.533333,0.445054,matched
171,5.7,196,6.533333,0.425253,matched
172,5.733333,197,6.566667,0.405451,matched
173,5.766667,197,6.566667,0.38565,matched
174,5.8,198,6.6,0.365849,matched
175,5.833333,198,6.6,0.393695,matched
176,5.866667,199,6.633333,0.421541,matched
177,5.9,199,6.633333,0.449387,matched
178,5.933333,200,6.666667,0.477233,matched
179,5.966667,201,6.7,0.505079,matched
180,6.0,201,6.7,0.532924,matched
181,6.033333,202,6.733333,0.56077,matched
182,6.066667,202,6.733333,0.588616,matched
183,6.1,203,6.766667,0.616462,matched
184,6.133333,203,6.766667,0.644308,matched
185,6.166667,204,6.8,0.672154,matched
186,6.2,204,6.8,0.7,matched
187,6.233333,206,6.866667,0.7,matched
188,6.266667,208,6.933333,0.7,matched
189,6.3,210,7.0,0.7,matched
190,6.333333,212,7.066667,0.7,matched
191,6.366667,214,7.133333,0.7,matched
192,6.4,216,7.2,0.7,matched
193,6.433333,218,7.266667,0.7,matched
194,6.466667,220,7.333333,0.7,matched
195,6.5,222,7.4,0.7,matched
196,6.533333,224,7.466667,0.7,matched
197,6.566667,226,7.533333,0.7,matched
198,6.6,228,7.6,0.7,matched
199,6.633333,230,7.666667,0.680586,matched
200,6.666667,232,7.733333,0.661172,matched
201,6.7,234,7.8,0.641758,matched
202,6.733333,236,7.866667,0.622344,matched
203,6.766667,238,7.933333,0.60293,matched
204,6.8,240,8.0,0.583516,matched
205,6.833333,240,8.0,0.592592,matched
206,6.866667,241,8.033333,0.601669,matched
207,6.9,241,8.033333,0.610745,matched
208,6.933333,242,8.066667,0.619822,matched
209,6.966667,242,8.066667,0.628898,matched
210,7.0,243,8.1,0.637975,matched
211,7.033333,243,8.1,0.647052,matched
212,7.066667,244,8.133333,0.656128,matched
213,7.1,244,8.133333,0.665205,matched
214,7.133333,245,8.166667,0.674281,matched
215,7.166667,245,8.166667,0.683358,matched
216,7.2,246,8.2,0.692434,matched
217,7.233333,248,8.266667,0.621739,matched
218,7.266667,250,8.333333,0.551044,matched
219,7.3,252,8.4,0.480349,matched
220,7.333333,254,8.466667,0.409655,matched
221,7.366667,256,8.533333,0.33896,review
222,7.4,258,8.6,0.268265,review
223,7.433333,260,8.666667,0.340221,review
224,7.466667,262,8.733333,0.412177,matched
225,7.5,264,8.8,0.484132,matched
226,7.533333,266,8.866667,0.556088,matched
227,7.566667,268,8.933333,0.628044,matched
228,7.6,270,9.0,0.7,matched
229,7.633333,272,9.066667,0.665522,matched
230,7.666667,274,9.133333,0.631044,matched
231,7.7,276,9.2,0.596566,matched
232,7.733333,278,9.266667,0.562088,matched
233,7.766667,280,9.333333,0.52761,matched
234,7.8,282,9.4,0.493132,matched
235,7.833333,282,9.4,0.510371,matched
236,7.866667,283,9.433333,0.52761,matched
237,7.9,283,9.433333,0.544849,matched
238,7.933333,284,9.466667,0.562088,matched
239,7.966667,284,9.466667,0.579327,matched
240,8.0,285,9.5,0.596566,matched
241,8.033333,286,9.533333,0.613805,matched
242,8.066667,286,9.533333,0.631044,matched
243,8.1,287,9.566667,0.648283,matched
244,8.133333,287,9.566667,0.665522,matched
245,8.166667,288,9.6,0.682761,matched
246,8.2,288,9.6,0.7,matched
247,8.233333,290,9.666667,0.7,matched
248,8.266667,292,9.733333,0.7,matched
249,8.3,294,9.8,0.7,matched
250,8.333333,296,9.866667,0.7,matched
251,8.366667,298,9.933333,0.7,matched
252,8.4,300,10.0,0.7,matched
253,8.433333,302,10.066667,0.688805,matched
254,8.466667,304,10.133333,0.677611,matched
255,8.5,306,10.2,0.666416,matched
256,8.533333,308,10.266667,0.655221,matched
257,8.566667,310,10.333333,0.644027,matched
258,8.6,312,10.4,0.632832,matched
259,8.633333,314,10.466667,0.644027,matched
260,8.666667,316,10.533333,0.655221,matched
261,8.7,318,10.6,0.666416,matched
262,8.733333,320,10.666667,0.677611,matched
263,8.766667,322,10.733333,0.688805,matched
264,8.8,324,10.8,0.7,matched
265,8.833333,326,10.866667,0.7,matched
266,8.866667,328,10.933333,0.7,matched
267,8.9,330,11.0,0.7,matched
268,8.933333,332,11.066667,0.7,matched
269,8.966667,334,11.133333,0.7,matched
270,9.0,336,11.2,0.7,matched
271,9.033333,336,11.2,0.7,matched
272,9.066667,337,11.233333,0.7,matched
273,9.1,337,11.233333,0.7,matched
274,9.133333,338,11.266667,0.7,matched
275,9.166667,338,11.266667,0.7,matched
276,9.2,339,11.3,0.7,matched
277,9.233333,339,11.3,0.7,matched
278,9.266667,340,11.333333,0.7,matched
279,9.3,340,11.333333,0.7,matched
280,9.333333,341,11.366667,0.7,matched
281,9.366667,341,11.366667,0.7,matched
282,9.4,342,11.4,0.7,matched
283,9.433333,342,11.4,0.699793,matched
284,9.466667,343,11.433333,0.699587,matched
285,9.5,343,11.433333,0.69938,matched
286,9.533333,344,11.466667,0.699174,matched
287,9.566667,345,11.5,0.698967,matched
288,9.6,345,11.5,0.69876,matched
289,9.633333,346,11.533333,0.698554,matched
290,9.666667,346,11.533333,0.698347,matched
291,9.7,347,11.566667,0.698141,matched
292,9.733333,347,11.566667,0.697934,matched
293,9.766667,348,11.6,0.697728,matched
294,9.8,348,11.6,0.697521,matched
295,9.833333,349,11.633333,0.697728,matched
296,9.866667,349,11.633333,0.697934,matched
297,9.9,350,11.666667,0.698141,matched
298,9.933333,350,11.666667,0.698347,matched
299,9.966667,351,11.7,0.698554,matched
300,10.0,351,11.7,0.69876,matched
301,10.033333,352,11.733333,0.698967,matched
302,10.066667,352,11.733333,0.699174,matched
303,10.1,353,11.766667,0.69938,matched
304,10.133333,353,11.766667,0.699587,matched
305,10.166667,354,11.8,0.699793,matched
306,10.2,354,11.8,0.7,matched
307,10.233333,356,11.866667,0.671843,matched
308,10.266667,358,11.933333,0.643686,matched
309,10.3,360,12.0,0.615529,matched
310,10.333333,362,12.066667,0.587372,matched
311,10.366667,364,12.133333,0.559216,matched
312,10.4,366,12.2,0.531059,matched
313,10.433333,368,12.266667,0.536036,matched
314,10.466667,370,12.333333,0.541012,matched
315,10.5,372,12.4,0.545989,matched
316,10.533333,374,12.466667,0.550966,matched
317,10.566667,376,12.533333,0.555942,matched
318,10.6,378,12.6,0.560919,matched
319,10.633333,379,12.633333,0.562935,matched
320,10.666667,379,12.633333,0.564951,matched
321,10.7,380,12.666667,0.566967,matched
322,10.733333,380,12.666667,0.568983,matched
323,10.766667,381,12.7,0.570999,matched
324,10.8,381,12.7,0.573014,matched
325,10.833333,382,12.733333,0.57503,matched
326,10.866667,382,12.733333,0.577046,matched
327,10.9,383,12.766667,0.579062,matched
328,10.933333,383,12.766667,0.581078,matched
329,10.966667,384,12.8,0.583094,matched
330,11.0,384,12.8,0.58511,matched
331,11.033333,386,12.866667,0.604258,matched
332,11.066667,388,12.933333,0.623407,matched
333,11.1,390,13.0,0.642555,matched
334,11.133333,392,13.066667,0.661703,matched
335,11.166667,394,13.133333,0.680852,matched
336,11.2,396,13.2,0.7,matched
337,11.233333,398,13.266667,0.7,matched
338,11.266667,400,13.333333,0.7,matched
339,11.3,402,13.4,0.7,matched
340,11.333333,404,13.466667,0.7,matched
341,11.366667,406,13.533333,0.7,matched
342,11.4,408,13.6,0.7,matched
343,11.433333,409,13.633333,0.685032,matched
344,11.466667,409,13.633333,0.670064,matched
345,11.5,410,13.666667,0.655096,matched
346,11.533333,410,13.666667,0.640128,matched
347,11.566667,411,13.7,0.62516,matched
348,11.6,411,13.7,0.610192,matched
349,11.633333,412,13.733333,0.595225,matched
350,11.666667,412,13.733333,0.580257,matched
351,11.7,413,13.766667,0.565289,matched
352,11.733333,413,13.766667,0.550321,matched
353,11.766667,414,13.8,0.535353,matched
354,11.8,414,13.8,0.520385,matched
355,11.833333,415,13.833333,0.508949,matched
356,11.866667,415,13.833333,0.497514,matched
357,11.9,416,13.866667,0.486078,matched
358,11.933333,416,13.866667,0.474642,matched
359,11.966667,417,13.9,0.463206,matched
360,12.0,417,13.9,0.451771,matched
361,12.033333,418,13.933333,0.440335,matched
362,12.066667,418,13.933333,0.428899,matched
363,12.1,419,13.966667,0.417463,matched
364,12.133333,419,13.966667,0.406027,matched
365,12.166667,420,14.0,0.394592,matched
366,12.2,420,14.0,0.383156,matched
367,12.233333,422,14.066667,0.430911,matched
368,12.266667,424,14.133333,0.478665,matched
369,12.3,426,14.2,0.52642,matched
370,12.333333,428,14.266667,0.574174,matched
371,12.366667,430,14.333333,0.621929,matched
372,12.4,432,14.4,0.669683,matched
373,12.433333,432,14.4,0.643148,matched
374,12.466667,433,14.433333,0.616614,matched
375,12.5,433,14.433333,0.59008,matched
376,12.533333,434,14.466667,0.563545,matched
377,12.566667,435,14.5,0.537011,matched
378,12.6,435,14.5,0.510476,matched
379,12.633333,436,14.533333,0.483942,matched
380,12.666667,436,14.533333,0.457408,matched
381,12.7,437,14.566667,0.430873,matched
382,12.733333,437,14.566667,0.404339,matched
383,12.766667,438,14.6,0.377805,matched
384,12.8,438,14.6,0.35127,matched
385,12.833333,440,14.666667,0.357468,matched
386,12.866667,442,14.733333,0.363667,matched
387,12.9,444,14.8,0.369865,matched
388,12.933333,446,14.866667,0.376063,matched
389,12.966667,448,14.933333,0.382262,matched
390,13.0,450,15.0,0.38846,matched
391,13.033333,452,15.066667,0.33833,review
392,13.066667,454,15.133333,0.288201,review
393,13.1,456,15.2,0.238071,review
394,13.133333,458,15.266667,0.187941,review
395,13.166667,460,15.333333,0.137811,review
396,13.2,462,15.4,0.087682,review
397,13.233333,462,15.4,0.112729,review
398,13.266667,463,15.433333,0.137777,review
399,13.3,463,15.433333,0.162824,review
400,13.333333,464,15.466667,0.187871,review
401,13.366667,464,15.466667,0.212919,review
402,13.4,465,15.5,0.237966,review
403,13.433333,465,15.5,0.263013,review
404,13.466667,466,15.533333,0.288061,review
405,13.5,467,15.566667,0.313108,review
406,13.533333,467,15.566667,0.338155,review
407,13.566667,468,15.6,0.363202,matched
408,13.6,468,15.6,0.38825,matched
409,13.633333,469,15.633333,0.372999,matched
410,13.666667,469,15.633333,0.357747,matched
411,13.7,470,15.666667,0.342495,review
412,13.733333,470,15.666667,0.327244,review
413,13.766667,471,15.7,0.311992,review
414,13.8,471,15.7,0.296741,review
415,13.833333,472,15.733333,0.281489,review
416,13.866667,472,15.733333,0.266237,review
417,13.9,473,15.766667,0.250986,review
418,13.933333,473,15.766667,0.235734,review
419,13.966667,474,15.8,0.220483,review
420,14.0,474,15.8,0.205231,review
421,14.033333,476,15.866667,0.212294,review
422,14.066667,478,15.933333,0.219356,review
423,14.1,480,16.0,0.226419,review
424,14.133333,482,16.066667,0.233482,review
425,14.166667,484,16.133333,0.240544,review
426,14.2,486,16.2,0.247607,review
427,14.233333,487,16.233333,0.257253,review
428,14.266667,487,16.233333,0.266899,review
429,14.3,488,16.266667,0.276544,review
430,14.333333,488,16.266667,0.28619,review
431,14.366667,489,16.3,0.295836,review
432,14.4,489,16.3,0.305481,review
433,14.433333,490,16.333333,0.315127,review
434,14.466667,490,16.333333,0.324773,review
435,14.5,490,16.333333,0.334419,review
436,14.533333,491,16.366667,0.344064,review
437,14.566667,491,16.366667,0.35371,matched
438,14.6,492,16.4,0.363356,matched
439,14.633333,494,16.466667,0.334314,review
440,14.666667,496,16.533333,0.305273,review
441,14.7,498,16.6,0.276231,review
442,14.733333,500,16.666667,0.247189,review
443,14.766667,502,16.733333,0.218147,review
444,14.8,504,16.8,0.189105,review
445,14.833333,506,16.866667,0.230519,review
446,14.866667,508,16.933333,0.271934,review
447,14.9,510,17.0,0.313348,review
448,14.933333,512,17.066667,0.354762,matched
449,14.966667,514,17.133333,0.396177,matched
450,15.0,516,17.2,0.437591,matched
451,15.033333,517,17.233333,0.423989,matched
452,15.066667,517,17.233333,0.410386,matched
453,15.1,518,17.266667,0.396784,matched
454,15.133333,518,17.266667,0.383182,matched
455,15.166667,519,17.3,0.369579,matched
456,15.2,519,17.3,0.355977,matched
457,15.233333,520,17.333333,0.342375,review
458,15.266667,520,17.333333,0.328772,review
459,15.3,521,17.366667,0.31517,review
460,15.333333,521,17.366667,0.301568,review
461,15.366667,521,17.366667,0.287965,review
462,15.4,522,17.4,0.274363,review
463,15.433333,522,17.4,0.293482,review
464,15.466667,523,17.433333,0.3126,review
465,15.5,523,17.433333,0.331718,review
466,15.533333,524,17.466667,0.350837,matched
467,15.566667,525,17.5,0.369955,matched
468,15.6,525,17.5,0.389074,matched
469,15.633333,526,17.533333,0.408192,matched
470,15.666667,526,17.533333,0.42731,matched
471,15.7,527,17.566667,0.446429,matched
472,15.733333,527,17.566667,0.465547,matched
473,15.766667,528,17.6,0.484666,matched
474,15.8,528,17.6,0.503784,matched
475,15.833333,529,17.633333,0.488623,matched
476,15.866667,529,17.633333,0.473463,matched
477,15.9,529,17.633333,0.458302,matched
478,15.933333,530,17.666667,0.443142,matched
479,15.966667,530,17.666667,0.427981,matched
480,16.0,531,17.7,0.41282,matched
481,16.033333,531,17.7,0.39766,matched
482,16.066667,532,17.733333,0.382499,matched
483,16.1,532,17.733333,0.367338,matched
484,16.133333,533,17.766667,0.352178,matched
485,16.166667,533,17.766667,0.337017,review
486,16.2,534,17.8,0.321856,review
487,16.233333,534,17.8,0.318503,review
488,16.266667,535,17.833333,0.31515,review
489,16.3,535,17.833333,0.311796,review
490,16.333333,536,17.866667,0.308443,review
491,16.366667,536,17.866667,0.30509,review
492,16.4,537,17.9,0.301737,review
493,16.433333,537,17.9,0.298383,review
494,16.466667,538,17.933333,0.29503,review
495,16.5,538,17.933333,0.291677,review
496,16.533333,539,17.966667,0.288324,review
497,16.566667,539,17.966667,0.28497,review
498,16.6,540,18.0,0.281617,review
499,16.633333,542,18.066667,0.336326,review
500,16.666667,544,18.133333,0.391035,matched
501,16.7,546,18.2,0.445744,matched
502,16.733333,548,18.266667,0.500454,matched
503,16.766667,550,18.333333,0.555163,matched
504,16.8,552,18.4,0.609871,matched
505,16.833333,552,18.4,0.61416,matched
506,16.866667,553,18.433333,0.61845,matched
507,16.9,554,18.466667,0.622739,matched
508,16.933333,554,18.466667,0.627029,matched
509,16.966667,554,18.466667,0.631318,matched
510,17.0,555,18.5,0.635607,matched
511,17.033333,556,18.533333,0.639897,matched
512,17.066667,556,18.533333,0.644186,matched
513,17.1,556,18.533333,0.648476,matched
514,17.133333,557,18.566667,0.652765,matched
515,17.166667,558,18.6,0.657054,matched
516,17.2,558,18.6,0.661344,matched
517,17.233333,558,18.6,0.648297,matched
518,17.266667,559,18.633333,0.63525,matched
519,17.3,559,18.633333,0.622203,matched
520,17.333333,560,18.666667,0.609156,matched
521,17.366667,560,18.666667,0.596109,matched
522,17.4,561,18.7,0.583062,matched
523,17.433333,561,18.7,0.570015,matched
524,17.466667,562,18.733333,0.556968,matched
525,17.5,562,18.733333,0.543921,matched
526,17.533333,563,18.766667,0.530874,matched
527,17.566667,563,18.766667,0.517827,matched
528,17.6,564,18.8,0.50478,matched
529,17.633333,564,18.8,0.521048,matched
530,17.666667,565,18.833333,0.537317,matched
531,17.7,565,18.833333,0.553585,matched
532,17.733333,566,18.866667,0.569853,matched
533,17.766667,566,18.866667,0.586122,matched
534,17.8,567,18.9,0.60239,matched
535,17.833333,567,18.9,0.618658,matched
536,17.866667,568,18.933333,0.634927,matched
537,17.9,568,18.933333,0.651195,matched
538,17.933333,569,18.966667,0.667463,matched
539,17.966667,569,18.966667,0.683732,matched
540,18.0,570,19.0,0.7,matched
541,18.033333,571,19.033333,0.696642,matched
542,18.066667,571,19.033333,0.693284,matched
543,18.1,572,19.066667,0.689926,matched
544,18.133333,572,19.066667,0.686568,matched
545,18.166667,573,19.1,0.68321,matched
546,18.2,573,19.1,0.679852,matched
547,18.233333,574,19.133333,0.676495,matched
548,18.266667,574,19.133333,0.673137,matched
549,18.3,575,19.166667,0.669779,matched
550,18.333333,575,19.166667,0.666421,matched
551,18.366667,576,19.2,0.663063,matched
552,18.4,576,19.2,0.659705,matched
553,18.433333,577,19.233333,0.663063,matched
554,18.466667,577,19.233333,0.666421,matched
555,18.5,578,19.266667,0.669779,matched
556,18.533333,578,19.266667,0.673137,matched
557,18.566667,579,19.3,0.676495,matched
558,18.6,579,19.3,0.679853,matched
559,18.633333,580,19.333333,0.68321,matched
560,18.666667,580,19.333333,0.686568,matched
561,18.7,581,19.366667,0.689926,matched
562,18.733333,581,19.366667,0.693284,matched
563,18.766667,582,19.4,0.696642,matched
564,18.8,582,19.4,0.7,matched
565,18.833333,582,19.4,0.690838,matched
566,18.866667,583,19.433333,0.681677,matched
567,18.9,584,19.466667,0.672516,matched
568,18.933333,584,19.466667,0.663354,matched
569,18.966667,584,19.466667,0.654193,matched
570,19.0,585,19.5,0.645031,matched
571,19.033333,586,19.533333,0.63587,matched
572,19.066667,586,19.533333,0.626709,matched
573,19.1,586,19.533333,0.617547,matched
574,19.133333,587,19.566667,0.608386,matched
575,19.166667,588,19.6,0.599225,matched
576,19.2,588,19.6,0.590063,matched
577,19.233333,588,19.6,0.599224,matched
578,19.266667,589,19.633333,0.608386,matched
579,19.3,589,19.633333,0.617547,matched
580,19.333333,590,19.666667,0.626708,matched
581,19.366667,590,19.666667,0.63587,matched
582,19.4,591,19.7,0.645031,matched
583,19.433333,591,19.7,0.654193,matched
584,19.466667,592,19.733333,0.663354,matched
585,19.5,592,19.733333,0.672516,matched
586,19.533333,593,19.766667,0.681677,matched
587,19.566667,593,19.766667,0.690838,matched
588,19.6,594,19.8,0.7,matched
589,19.633333,594,19.8,0.6986,matched
590,19.666667,595,19.833333,0.6972,matched
591,19.7,595,19.833333,0.6958,matched
592,19.733333,596,19.866667,0.6944,matched
593,19.766667,596,19.866667,0.693,matched
594,19.8,597,19.9,0.691601,matched
595,19.833333,597,19.9,0.690201,matched
596,19.866667,598,19.933333,0.688801,matched
597,19.9,598,19.933333,0.687401,matched
598,19.933333,599,19.966667,0.686001,matched
599,19.966667,599,19.966667,0.684601,matched
600,20.0,600,20.0,0.683201,matched
601,20.033333,601,20.033333,0.676031,matched
602,20.066667,601,20.033333,0.668861,matched
603,20.1,602,20.066667,0.66169,matched
604,20.133333,602,20.066667,0.65452,matched
605,20.166667,603,20.1,0.64735,matched
606,20.2,603,20.1,0.64018,matched
607,20.233333,604,20.133333,0.63301,matched
608,20.266667,604,20.133333,0.62584,matched
609,20.3,605,20.166667,0.618669,matched
610,20.333333,605,20.166667,0.611499,matched
611,20.366667,606,20.2,0.604329,matched
612,20.4,606,20.2,0.597159,matched
613,20.433333,607,20.233333,0.605729,matched
614,20.466667,607,20.233333,0.614299,matched
615,20.5,608,20.266667,0.622869,matched
616,20.533333,608,20.266667,0.631439,matched
617,20.566667,609,20.3,0.64001,matched
618,20.6,609,20.3,0.64858,matched
619,20.633333,610,20.333333,0.65715,matched
620,20.666667,610,20.333333,0.66572,matched
621,20.7,611,20.366667,0.67429,matched
622,20.733333,611,20.366667,0.68286,matched
623,20.766667,612,20.4,0.69143,matched
624,20.8,612,20.4,0.699999,matched
625,20.833333,614,20.466667,0.651022,matched
626,20.866667,616,20.533333,0.602046,matched
627,20.9,618,20.6,0.553069,matched
628,20.933333,620,20.666667,0.504092,matched
629,20.966667,622,20.733333,0.455116,matched
630,21.0,624,20.8,0.406139,matched
631,21.033333,626,20.866667,0.449007,matched
632,21.066667,628,20.933333,0.491875,matched
633,21.1,630,21.0,0.534743,matched
634,21.133333,632,21.066667,0.577612,matched
635,21.166667,634,21.133333,0.62048,matched
636,21.2,636,21.2,0.663348,matched
637,21.233333,638,21.266667,0.669457,matched
638,21.266667,640,21.333333,0.675566,matched
639,21.3,642,21.4,0.681674,matched
640,21.333333,644,21.466667,0.687783,matched
641,21.366667,646,21.533333,0.693892,matched
642,21.4,648,21.6,0.7,matched
643,21.433333,650,21.666667,0.683223,matched
644,21.466667,652,21.733333,0.666446,matched
645,21.5,654,21.8,0.649669,matched
646,21.533333,656,21.866667,0.632893,matched
647,21.566667,658,21.933333,0.616116,matched
648,21.6,660,22.0,0.599339,matched
649,21.633333,660,22.0,0.594666,matched
650,21.666667,661,22.033333,0.589993,matched
651,21.7,662,22.066667,0.58532,matched
652,21.733333,662,22.066667,0.580646,matched
653,21.766667,663,22.1,0.575973,matched
654,21.8,663,22.1,0.5713,matched
655,21.833333,664,22.133333,0.566627,matched
656,21.866667,664,22.133333,0.561954,matched
657,21.9,665,22.166667,0.557281,matched
658,21.933333,665,22.166667,0.552607,matched
659,21.966667,666,22.2,0.547934,matched
660,22.0,666,22.2,0.543261,matched
661,22.033333,667,22.233333,0.528763,matched
662,22.066667,667,22.233333,0.514265,matched
663,22.1,668,22.266667,0.499768,matched
664,22.133333,668,22.266667,0.48527,matched
665,22.166667,669,22.3,0.470772,matched
666,22.2,669,22.3,0.456274,matched
667,22.233333,670,22.333333,0.441777,matched
668,22.266667,670,22.333333,0.427279,matched
669,22.3,671,22.366667,0.412781,matched
670,22.333333,671,22.366667,0.398283,matched
671,22.366667,671,22.366667,0.383786,matched
672,22.4,672,22.4,0.369288,matched
673,22.433333,672,22.4,0.368637,matched
674,22.466667,673,22.433333,0.367986,matched
675,22.5,674,22.466667,0.367334,matched
676,22.533333,674,22.466667,0.366683,matched
677,22.566667,675,22.5,0.366032,matched
678,22.6,675,22.5,0.365381,matched
679,22.633333,676,22.533333,0.36473,matched
680,22.666667,676,22.533333,0.364079,matched
681,22.7,677,22.566667,0.363427,matched
682,22.733333,677,22.566667,0.362776,matched
683,22.766667,678,22.6,0.362125,matched
684,22.8,678,22.6,0.361473,matched
685,22.833333,680,22.666667,0.334684,review
686,22.866667,682,22.733333,0.307894,review
687,22.9,684,22.8,0.281105,review
688,22.933333,686,22.866667,0.254315,review
689,22.966667,688,22.933333,0.227526,review
690,23.0,690,23.0,0.200736,review
691,23.033333,691,23.033333,0.214978,review
692,23.066667,691,23.033333,0.22922,review
693,23.1,692,23.066667,0.243463,review
694,23.133333,692,23.066667,0.257705,review
695,23.166667,693,23.1,0.271947,review
696,23.2,693,23.1,0.286189,review
697,23.233333,694,23.133333,0.300431,review
698,23.266667,694,23.133333,0.314673,review
699,23.3,695,23.166667,0.328916,review
700,23.333333,695,23.166667,0.343158,review
701,23.366667,696,23.2,0.3574,matched
702,23.4,696,23.2,0.371641,matched
703,23.433333,698,23.266667,0.32345,review
704,23.466667,700,23.333333,0.275258,review
705,23.5,702,23.4,0.227066,review
706,23.533333,704,23.466667,0.178875,review
707,23.566667,706,23.533333,0.130683,review
708,23.6,708,23.6,0.082492,review
709,23.633333,710,23.666667,0.068743,review
710,23.666667,712,23.733333,0.054994,review
711,23.7,714,23.8,0.041245,review
712,23.733333,716,23.866667,0.027497,review
713,23.766667,718,23.933333,0.013748,review
714,23.8,720,24.0,1e-06,review
715,23.833333,722,24.066667,0.049458,review
716,23.866667,724,24.133333,0.098916,review
717,23.9,726,24.2,0.148373,review
718,23.933333,728,24.266667,0.19783,review
719,23.966667,730,24.333333,0.247288,review
720,24.0,732,24.4,0.296745,review
721,24.033333,734,24.466667,0.349691,review
722,24.066667,736,24.533333,0.402636,matched
723,24.1,738,24.6,0.455582,matched
724,24.133333,740,24.666667,0.508528,matched
725,24.166667,742,24.733333,0.561473,matched
726,24.2,744,24.8,0.614419,matched
727,24.233333,744,24.8,0.593269,matched
728,24.266667,745,24.833333,0.572118,matched
729,24.3,745,24.833333,0.550966,matched
730,24.333333,746,24.866667,0.529815,matched
731,24.366667,746,24.866667,0.508664,matched
732,24.4,747,24.9,0.487512,matched
733,24.433333,747,24.9,0.466361,matched
734,24.466667,748,24.933333,0.44521,matched
735,24.5,748,24.933333,0.424058,matched
736,24.533333,749,24.966667,0.402907,matched
737,24.566667,749,24.966667,0.381756,matched
738,24.6,750,25.0,0.360604,matched
739,24.633333,752,25.066667,0.383863,matched
740,24.666667,754,25.133333,0.407121,matched
741,24.7,756,25.2,0.43038,matched
742,24.733333,758,25.266667,0.453639,matched
743,24.766667,760,25.333333,0.476898,matched
744,24.8,762,25.4,0.500156,matched
745,24.833333,764,25.466667,0.501696,matched
746,24.866667,766,25.533333,0.503236,matched
747,24.9,768,25.6,0.504776,matched
748,24.933333,770,25.666667,0.506317,matched
749,24.966667,772,25.733333,0.507857,matched
750,25.0,774,25.8,0.509397,matched
751,25.033333,774,25.8,0.525281,matched
752,25.066667,775,25.833333,0.541164,matched
753,25.1,775,25.833333,0.557048,matched
754,25.133333,776,25.866667,0.572931,matched
755,25.166667,776,25.866667,0.588815,matched
756,25.2,777,25.9,0.604699,matched
757,25.233333,777,25.9,0.620582,matched
758,25.266667,778,25.933333,0.636466,matched
759,25.3,778,25.933333,0.652349,matched
760,25.333333,779,25.966667,0.668233,matched
761,25.366667,780,26.0,0.684117,matched
762,25.4,780,26.0,0.7,matched
763,25.433333,781,26.033333,0.672284,matched
764,25.466667,781,26.033333,0.644569,matched
765,25.5,782,26.066667,0.616854,matched
766,25.533333,782,26.066667,0.589139,matched
767,25.566667,783,26.1,0.561424,matched
768,25.6,783,26.1,0.533709,matched
769,25.633333,784,26.133333,0.505993,matched
770,25.666667,784,26.133333,0.478278,matched
771,25.7,785,26.166667,0.450563,matched
772,25.733333,785,26.166667,0.422848,matched
773,25.766667,786,26.2,0.395133,matched
774,25.8,786,26.2,0.367419,matched
775,25.833333,788,26.266667,0.404691,matched
776,25.866667,790,26.333333,0.441963,matched
777,25.9,792,26.4,0.479235,matched
778,25.933333,794,26.466667,0.516508,matched
779,25.966667,796,26.533333,0.55378,matched
780,26.0,798,26.6,0.591052,matched
781,26.033333,799,26.633333,0.594022,matched
782,26.066667,799,26.633333,0.596993,matched
783,26.1,800,26.666667,0.599963,matched
784,26.133333,800,26.666667,0.602934,matched
785,26.166667,800,26.666667,0.605904,matched
786,26.2,801,26.7,0.608875,matched
787,26.233333,801,26.7,0.611845,matched
788,26.266667,802,26.733333,0.614815,matched
789,26.3,802,26.733333,0.617786,matched
790,26.333333,803,26.766667,0.620756,matched
791,26.366667,803,26.766667,0.623727,matched
792,26.4,804,26.8,0.626697,matched
793,26.433333,806,26.866667,0.61061,matched
794,26.466667,808,26.933333,0.594524,matched
795,26.5,810,27.0,0.578437,matched
796,26.533333,812,27.066667,0.56235,matched
797,26.566667,814,27.133333,0.546264,matched
798,26.6,816,27.2,0.530177,matched
799,26.633333,817,27.233333,0.498905,matched
800,26.666667,817,27.233333,0.467632,matched
801,26.7,818,27.266667,0.43636,matched
802,26.733333,818,27.266667,0.405088,matched
803,26.766667,819,27.3,0.373815,matched
804,26.8,819,27.3,0.342543,review
805,26.833333,820,27.333333,0.31127,review
806,26.866667,820,27.333333,0.279998,review
807,26.9,820,27.333333,0.248725,review
808,26.933333,821,27.366667,0.217453,review
809,26.966667,821,27.366667,0.18618,review
810,27.0,822,27.4,0.154908,review
811,27.033333,822,27.4,0.184021,review
812,27.066667,823,27.433333,0.213133,review
813,27.1,823,27.433333,0.242246,review
814,27.133333,824,27.466667,0.271358,review
815,27.166667,825,27.5,0.300471,review
816,27.2,825,27.5,0.329583,review
817,27.233333,826,27.533333,0.358696,matched
818,27.266667,826,27.533333,0.387808,matched
819,27.3,827,27.566667,0.416921,matched
820,27.333333,827,27.566667,0.446033,matched
821,27.366667,828,27.6,0.475146,matched
822,27.4,828,27.6,0.504257,matched
823,27.433333,830,27.666667,0.433781,matched
824,27.466667,832,27.733333,0.363304,matched
825,27.5,834,27.8,0.292828,review
826,27.533333,836,27.866667,0.222352,review
827,27.566667,838,27.933333,0.151875,review
828,27.6,840,28.0,0.081399,review
829,27.633333,842,28.066667,0.067832,review
830,27.666667,844,28.133333,0.054265,review
831,27.7,846,28.2,0.040699,review
832,27.733333,848,28.266667,0.027133,review
833,27.766667,850,28.333333,0.013566,review
834,27.8,852,28.4,0.0,review
835,27.833333,852,28.4,0.013069,review
836,27.866667,853,28.433333,0.026138,review
837,27.9,854,28.466667,0.039207,review
838,27.933333,854,28.466667,0.052276,review
839,27.966667,854,28.466667,0.065345,review
840,28.0,855,28.5,0.078414,review
841,28.033333,856,28.533333,0.091482,review
842,28.066667,856,28.533333,0.104551,review
843,28.1,856,28.533333,0.11762,review
844,28.133333,857,28.566667,0.130689,review
845,28.166667,858,28.6,0.143758,review
846,28.2,858,28.6,0.156827,review
847,28.233333,858,28.6,0.182653,review
848,28.266667,859,28.633333,0.20848,review
849,28.3,859,28.633333,0.234307,review
850,28.333333,860,28.666667,0.260134,review
851,28.366667,860,28.666667,0.28596,review
852,28.4,861,28.7,0.311787,review
853,28.433333,861,28.7,0.337614,review
854,28.466667,862,28.733333,0.363441,matched
855,28.5,862,28.733333,0.389267,matched
856,28.533333,863,28.766667,0.415094,matched
857,28.566667,863,28.766667,0.440921,matched
858,28.6,864,28.8,0.466748,matched
859,28.633333,864,28.8,0.427853,matched
860,28.666667,865,28.833333,0.388957,matched
861,28.7,865,28.833333,0.350061,matched
862,28.733333,866,28.866667,0.311166,review
863,28.766667,866,28.866667,0.27227,review
864,28.8,867,28.9,0.233374,review
865,28.833333,867,28.9,0.194479,review
866,28.866667,868,28.933333,0.155583,review
867,28.9,868,28.933333,0.116687,review
868,28.933333,869,28.966667,0.077791,review
869,28.966667,869,28.966667,0.038896,review
870,29.0,870,29.0,0.0,review
871,29.033333,871,29.033333,0.031899,review
872,29.066667,871,29.033333,0.063799,review
873,29.1,872,29.066667,0.095698,review
874,29.133333,872,29.066667,0.127597,review
875,29.166667,873,29.1,0.159497,review
876,29.2,873,29.1,0.191396,review
877,29.233333,874,29.133333,0.223296,review
878,29.266667,874,29.133333,0.255195,review
879,29.3,875,29.166667,0.287094,review
880,29.333333,875,29.166667,0.318994,review
881,29.366667,876,29.2,0.350893,matched
882,29.4,876,29.2,0.382792,matched
883,29.433333,878,29.266667,0.379894,matched
884,29.466667,880,29.333333,0.376996,matched
885,29.5,882,29.4,0.374097,matched
886,29.533333,884,29.466667,0.371199,matched
887,29.566667,886,29.533333,0.368301,matched
888,29.6,888,29.6,0.365403,matched
889,29.633333,890,29.666667,0.359816,matched
890,29.666667,892,29.733333,0.354229,matched
891,29.7,894,29.8,0.348641,review
892,29.733333,896,29.866667,0.343054,review
893,29.766667,898,29.933333,0.337467,review
894,29.8,900,30.0,0.33188,review
895,29.833333,901,30.033333,0.34575,review
896,29.866667,901,30.033333,0.359619,matched
897,29.9,902,30.066667,0.373488,matched
898,29.933333,902,30.066667,0.387358,matched
899,29.966667,903,30.1,0.401227,matched
900,30.0,903,30.1,0.415097,matched
901,30.033333,904,30.133333,0.428966,matched
902,30.066667,904,30.133333,0.442835,matched
903,30.1,905,30.166667,0.456705,matched
904,30.133333,905,30.166667,0.470574,matched
905,30.166667,906,30.2,0.484443,matched
906,30.2,906,30.2,0.498313,matched
907,30.233333,907,30.233333,0.492849,matched
908,30.266667,907,30.233333,0.487385,matched
909,30.3,908,30.266667,0.481922,matched
910,30.333333,908,30.266667,0.476458,matched
911,30.366667,908,30.266667,0.470994,matched
912,30.4,909,30.3,0.46553,matched
913,30.433333,909,30.3,0.460066,matched
914,30.466667,910,30.333333,0.454602,matched
915,30.5,910,30.333333,0.449139,matched
916,30.533333,911,30.366667,0.443675,matched
917,30.566667,911,30.366667,0.438211,matched
918,30.6,912,30.4,0.432747,matched
919,30.633333,912,30.4,0.433445,matched
920,30.666667,913,30.433333,0.434143,matched
921,30.7,913,30.433333,0.434841,matched
922,30.733333,914,30.466667,0.435539,matched
923,30.766667,914,30.466667,0.436237,matched
924,30.8,915,30.5,0.436934,matched
925,30.833333,915,30.5,0.437632,matched
926,30.866667,916,30.533333,0.43833,matched
927,30.9,917,30.566667,0.439028,matched
928,30.933333,917,30.566667,0.439726,matched
929,30.966667,918,30.6,0.440424,matched
930,31.0,918,30.6,0.441122,matched
931,31.033333,919,30.633333,0.439575,matched
932,31.066667,919,30.633333,0.438029,matched
933,31.1,920,30.666667,0.436482,matched
934,31.133333,920,30.666667,0.434936,matched
935,31.166667,920,30.666667,0.433389,matched
936,31.2,921,30.7,0.431842,matched
937,31.233333,921,30.7,0.430296,matched
938,31.266667,922,30.733333,0.428749,matched
939,31.3,922,30.733333,0.427203,matched
940,31.333333,923,30.766667,0.425656,matched
941,31.366667,923,30.766667,0.42411,matched
942,31.4,924,30.8,0.422563,matched
943,31.433333,926,30.866667,0.395763,matched
944,31.466667,928,30.933333,0.368963,matched
945,31.5,930,31.0,0.342163,review
946,31.533333,932,31.066667,0.315364,review
947,31.566667,934,31.133333,0.288564,review
948,31.6,936,31.2,0.261764,review
949,31.633333,938,31.266667,0.256372,review
950,31.666667,940,31.333333,0.250979,review
951,31.7,942,31.4,0.245587,review
952,31.733333,944,31.466667,0.240195,review
953,31.766667,946,31.533333,0.234802,review
954,31.8,948,31.6,0.229411,review
955,31.833333,950,31.666667,0.257612,review
956,31.866667,952,31.733333,0.285813,review
957,31.9,954,31.8,0.314014,review
958,31.933333,956,31.866667,0.342216,review
959,31.966667,958,31.933333,0.370417,matched
960,32.0,960,32.0,0.398618,matched
961,32.033333,962,32.066667,0.393692,matched
962,32.066667,964,32.133333,0.388766,matched
963,32.1,966,32.2,0.38384,matched
964,32.133333,968,32.266667,0.378914,matched
965,32.166667,970,32.333333,0.373988,matched
966,32.2,972,32.4,0.369062,matched
967,32.233333,974,32.466667,0.401772,matched
968,32.266667,976,32.533333,0.434483,matched
969,32.3,978,32.6,0.467193,matched
970,32.333333,980,32.666667,0.499904,matched
971,32.366667,982,32.733333,0.532615,matched
972,32.4,984,32.8,0.565325,matched
973,32.433333,986,32.866667,0.558449,matched
974,32.466667,988,32.933333,0.55157,matched
975,32.5,990,33.0,0.544692,matched
976,32.533333,992,33.066667,0.537813,matched
977,32.566667,994,33.133333,0.530934,matched
978,32.6,996,33.2,0.524057,matched
979,32.633333,998,33.266667,0.549237,matched
980,32.666667,1000,33.333333,0.574417,matched
981,32.7,1002,33.4,0.599597,matched
982,32.733333,1004,33.466667,0.624777,matched
983,32.766667,1006,33.533333,0.649957,matched
984,32.8,1008,33.6,0.675137,matched
985,32.833333,1010,33.666667,0.675837,matched
986,32.866667,1012,33.733333,0.676537,matched
987,32.9,1014,33.8,0.677237,matched
988,32.933333,1016,33.866667,0.677937,matched
989,32.966667,1018,33.933333,0.678637,matched
990,33.0,1020,34.0,0.679337,matched
991,33.033333,1022,34.066667,0.636321,matched
992,33.066667,1024,34.133333,0.593305,matched
993,33.1,1026,34.2,0.550288,matched
994,33.133333,1028,34.266667,0.507272,matched
995,33.166667,1030,34.333333,0.464256,matched
996,33.2,1032,34.4,0.42124,matched
997,33.233333,1034,34.466667,0.365611,matched
998,33.266667,1036,34.533333,0.309982,review
999,33.3,1038,34.6,0.254352,review
1000,33.333333,1040,34.666667,0.198723,review
1001,33.366667,1042,34.733333,0.143094,review
1002,33.4,1044,34.8,0.087465,review
1003,33.433333,1046,34.866667,0.11008,review
1004,33.466667,1048,34.933333,0.132699,review
1005,33.5,1050,35.0,0.155319,review
1006,33.533333,1052,35.066667,0.177938,review
1007,33.566667,1054,35.133333,0.200557,review
1008,33.6,1056,35.2,0.223177,review
1009,33.633333,1058,35.266667,0.260147,review
1010,33.666667,1060,35.333333,0.297118,review
1011,33.7,1062,35.4,0.334088,review
1012,33.733333,1064,35.466667,0.371059,matched
1013,33.766667,1066,35.533333,0.408029,matched
1014,33.8,1068,35.6,0.444999,matched
1015,33.833333,1070,35.666667,0.444981,matched
1016,33.866667,1072,35.733333,0.444964,matched
1017,33.9,1074,35.8,0.444946,matched
1018,33.933333,1076,35.866667,0.444928,matched
1019,33.966667,1078,35.933333,0.444911,matched
1020,34.0,1080,36.0,0.444893,matched
1021,34.033333,1082,36.066667,0.446692,matched
1022,34.066667,1084,36.133333,0.44849,matched
1023,34.1,1086,36.2,0.450289,matched
1024,34.133333,1088,36.266667,0.452088,matched
1025,34.166667,1090,36.333333,0.453886,matched
1026,34.2,1092,36.4,0.455685,matched
1027,34.233333,1094,36.466667,0.473965,matched
1028,34.266667,1096,36.533333,0.492246,matched
1029,34.3,1098,36.6,0.510526,matched
1030,34.333333,1100,36.666667,0.528807,matched
1031,34.366667,1102,36.733333,0.547088,matched
1032,34.4,1104,36.8,0.565368,matched
1033,34.433333,1106,36.866667,0.582983,matched
1034,34.466667,1108,36.933333,0.600598,matched
1035,34.5,1110,37.0,0.618213,matched
1036,34.533333,1112,37.066667,0.635828,matched
1037,34.566667,1114,37.133333,0.653443,matched
1038,34.6,1116,37.2,0.671056,matched
1039,34.633333,1118,37.266667,0.640999,matched
1040,34.666667,1120,37.333333,0.610942,matched
1041,34.7,1122,37.4,0.580884,matched
1042,34.733333,1124,37.466667,0.550827,matched
1043,34.766667,1126,37.533333,0.52077,matched
1044,34.8,1128,37.6,0.490715,matched
1045,34.833333,1130,37.666667,0.525596,matched
1046,34.866667,1132,37.733333,0.560477,matched
1047,34.9,1134,37.8,0.595357,matched
1048,34.933333,1136,37.866667,0.630238,matched
1049,34.966667,1138,37.933333,0.665119,matched
1050,35.0,1140,38.0,0.7,matched
1051,35.033333,1142,38.066667,0.7,matched
1052,35.066667,1144,38.133333,0.7,matched
1053,35.1,1146,38.2,0.7,matched
1054,35.133333,1148,38.266667,0.7,matched
1055,35.166667,1150,38.333333,0.7,matched
1056,35.2,1152,38.4,0.7,matched
1057,35.233333,1153,38.433333,0.7,matched
1058,35.266667,1153,38.433333,0.7,matched
1059,35.3,1154,38.466667,0.7,matched
1060,35.333333,1154,38.466667,0.7,matched
1061,35.366667,1155,38.5,0.7,matched
1062,35.4,1155,38.5,0.7,matched
1063,35.433333,1156,38.533333,0.7,matched
1064,35.466667,1156,38.533333,0.7,matched
1065,35.5,1156,38.533333,0.7,matched
1066,35.533333,1157,38.566667,0.7,matched
1067,35.566667,1157,38.566667,0.7,matched
1068,35.6,1158,38.6,0.7,matched
1069,35.633333,1158,38.6,0.7,matched
1070,35.666667,1159,38.633333,0.7,matched
1071,35.7,1159,38.633333,0.7,matched
1072,35.733333,1160,38.666667,0.7,matched
1073,35.766667,1160,38.666667,0.7,matched
1074,35.8,1161,38.7,0.7,matched
1075,35.833333,1161,38.7,0.7,matched
1076,35.866667,1162,38.733333,0.7,matched
1077,35.9,1162,38.733333,0.7,matched
1078,35.933333,1163,38.766667,0.7,matched
1079,35.966667,1163,38.766667,0.7,matched
1080,36.0,1164,38.8,0.7,matched
1081,36.033333,1164,38.8,0.7,matched
1082,36.066667,1165,38.833333,0.7,matched
1083,36.1,1165,38.833333,0.7,matched
1084,36.133333,1166,38.866667,0.7,matched
1085,36.166667,1166,38.866667,0.7,matched
1086,36.2,1167,38.9,0.7,matched
1087,36.233333,1167,38.9,0.7,matched
1088,36.266667,1168,38.933333,0.7,matched
1089,36.3,1168,38.933333,0.7,matched
1090,36.333333,1169,38.966667,0.7,matched
1091,36.366667,1169,38.966667,0.7,matched
1092,36.4,1170,39.0,0.7,matched
1093,36.433333,1170,39.0,0.7,matched
1094,36.466667,1171,39.033333,0.7,matched
1095,36.5,1171,39.033333,0.7,matched
1096,36.533333,1172,39.066667,0.7,matched
1097,36.566667,1173,39.1,0.7,matched
1098,36.6,1173,39.1,0.7,matched
1099,36.633333,1174,39.133333,0.7,matched
1100,36.666667,1174,39.133333,0.7,matched
1101,36.7,1175,39.166667,0.7,matched
1102,36.733333,1175,39.166667,0.7,matched
1103,36.766667,1176,39.2,0.7,matched
1104,36.8,1176,39.2,0.7,matched
1105,36.833333,1177,39.233333,0.692825,matched
1106,36.866667,1177,39.233333,0.685651,matched
1107,36.9,1178,39.266667,0.678476,matched
1108,36.933333,1178,39.266667,0.671301,matched
1109,36.966667,1179,39.3,0.664127,matched
1110,37.0,1179,39.3,0.656952,matched
1111,37.033333,1180,39.333333,0.649777,matched
1112,37.066667,1180,39.333333,0.642603,matched
1113,37.1,1181,39.366667,0.635428,matched
1114,37.133333,1181,39.366667,0.628253,matched
1115,37.166667,1182,39.4,0.621079,matched
1116,37.2,1182,39.4,0.613904,matched
1117,37.233333,1183,39.433333,0.611337,matched
1118,37.266667,1183,39.433333,0.60877,matched
1119,37.3,1184,39.466667,0.606202,matched
1120,37.333333,1184,39.466667,0.603635,matched
1121,37.366667,1185,39.5,0.601068,matched
1122,37.4,1185,39.5,0.5985,matched
1123,37.433333,1186,39.533333,0.595933,matched
1124,37.466667,1186,39.533333,0.593366,matched
1125,37.5,1186,39.533333,0.590799,matched
1126,37.533333,1187,39.566667,0.588231,matched
1127,37.566667,1187,39.566667,0.585664,matched
1128,37.6,1188,39.6,0.583097,matched
1129,37.633333,1188,39.6,0.592839,matched
1130,37.666667,1189,39.633333,0.602581,matched
1131,37.7,1189,39.633333,0.612323,matched
1132,37.733333,1190,39.666667,0.622065,matched
1133,37.766667,1190,39.666667,0.631807,matched
1134,37.8,1191,39.7,0.641549,matched
1135,37.833333,1191,39.7,0.651291,matched
1136,37.866667,1192,39.733333,0.661032,matched
1137,37.9,1192,39.733333,0.670774,matched
1138,37.933333,1193,39.766667,0.680516,matched
1139,37.966667,1193,39.766667,0.690258,matched
1140,38.0,1194,39.8,0.7,matched
1141,38.033333,1194,39.8,0.7,matched
1142,38.066667,1195,39.833333,0.7,matched
1143,38.1,1195,39.833333,0.7,matched
1144,38.133333,1196,39.866667,0.7,matched
1145,38.166667,1196,39.866667,0.7,matched
1146,38.2,1197,39.9,0.7,matched
1147,38.233333,1197,39.9,0.7,matched
1148,38.266667,1198,39.933333,0.7,matched
1149,38.3,1198,39.933333,0.7,matched
1150,38.333333,1199,39.966667,0.7,matched
1151,38.366667,1199,39.966667,0.7,matched
1152,38.4,1200,40.0,0.7,matched
1153,38.433333,1200,40.0,0.699968,matched
1154,38.466667,1201,40.033333,0.699937,matched
1155,38.5,1201,40.033333,0.699905,matched
1156,38.533333,1202,40.066667,0.699874,matched
1157,38.566667,1203,40.1,0.699842,matched
1158,38.6,1203,40.1,0.699811,matched
1159,38.633333,1204,40.133333,0.699779,matched
1160,38.666667,1204,40.133333,0.699747,matched
1161,38.7,1205,40.166667,0.699716,matched
1162,38.733333,1205,40.166667,0.699684,matched
1163,38.766667,1206,40.2,0.699653,matched
1164,38.8,1206,40.2,0.699621,matched
1165,38.833333,1207,40.233333,0.699653,matched
1166,38.866667,1207,40.233333,0.699684,matched
1167,38.9,1208,40.266667,0.699716,matched
1168,38.933333,1208,40.266667,0.699747,matched
1169,38.966667,1209,40.3,0.699779,matched
1170,39.0,1209,40.3,0.699811,matched
1171,39.033333,1210,40.333333,0.699842,matched
1172,39.066667,1210,40.333333,0.699874,matched
1173,39.1,1211,40.366667,0.699905,matched
1174,39.133333,1211,40.366667,0.699937,matched
1175,39.166667,1212,40.4,0.699968,matched
1176,39.2,1212,40.4,0.7,matched
1177,39.233333,1214,40.466667,0.7,matched
1178,39.266667,1216,40.533333,0.7,matched
1179,39.3,1218,40.6,0.7,matched
1180,39.333333,1220,40.666667,0.7,matched
1181,39.366667,1222,40.733333,0.7,matched
1182,39.4,1224,40.8,0.7,matched
1183,39.433333,1226,40.866667,0.626434,matched
1184,39.466667,1228,40.933333,0.552864,matched
1185,39.5,1230,41.0,0.479294,matched
1186,39.533333,1232,41.066667,0.405724,matched
1187,39.566667,1234,41.133333,0.332154,review
1188,39.6,1236,41.2,0.25859,review
1189,39.633333,1238,41.266667,0.299087,review
1190,39.666667,1240,41.333333,0.339584,review
1191,39.7,1242,41.4,0.380081,matched
1192,39.733333,1244,41.466667,0.420578,matched
1193,39.766667,1246,41.533333,0.461075,matched
1194,39.8,1248,41.6,0.501571,matched
1195,39.833333,1250,41.666667,0.49676,matched
1196,39.866667,1252,41.733333,0.49195,matched
1197,39.9,1254,41.8,0.487139,matched
1198,39.933333,1256,41.866667,0.482328,matched
1199,39.966667,1258,41.933333,0.477518,matched
1200,40.0,1260,42.0,0.472707,matched
1201,40.033333,1262,42.066667,0.453803,matched
1202,40.066667,1264,42.133333,0.434899,matched
1203,40.1,1266,42.2,0.415995,matched
1204,40.133333,1268,42.266667,0.397091,matched
1205,40.166667,1270,42.333333,0.378187,matched
1206,40.2,1272,42.4,0.359283,matched
1207,40.233333,1274,42.466667,0.365536,matched
1208,40.266667,1276,42.533333,0.371789,matched
1209,40.3,1278,42.6,0.378042,matched
1210,40.333333,1280,42.666667,0.384295,matched
1211,40.366667,1282,42.733333,0.390548,matched
1212,40.4,1284,42.8,0.396801,matched
1213,40.433333,1286,42.866667,0.389223,matched
1214,40.466667,1288,42.933333,0.381645,matched
1215,40.5,1290,43.0,0.374067,matched
1216,40.533333,1292,43.066667,0.366489,matched
1217,40.566667,1294,43.133333,0.358911,matched
1218,40.6,1296,43.2,0.351332,matched
1219,40.633333,1298,43.266667,0.332674,review
1220,40.666667,1300,43.333333,0.314016,review
1221,40.7,1302,43.4,0.295358,review
1222,40.733333,1304,43.466667,0.2767,review
1223,40.766667,1306,43.533333,0.258042,review
1224,40.8,1308,43.6,0.239385,review
1225,40.833333,1310,43.666667,0.228204,review
1226,40.866667,1312,43.733333,0.217023,review
1227,40.9,1314,43.8,0.205843,review
1228,40.933333,1316,43.866667,0.194662,review
1229,40.966667,1318,43.933333,0.183482,review
1230,41.0,1320,44.0,0.172301,review
1231,41.033333,1322,44.066667,0.205727,review
1232,41.066667,1324,44.133333,0.239154,review
1233,41.1,1326,44.2,0.27258,review
1234,41.133333,1328,44.266667,0.306006,review
1235,41.166667,1330,44.333333,0.339433,review
1236,41.2,1332,44.4,0.372859,matched
1237,41.233333,1334,44.466667,0.373901,matched
1238,41.266667,1336,44.533333,0.374943,matched
1239,41.3,1338,44.6,0.375984,matched
1240,41.333333,1340,44.666667,0.377026,matched
1241,41.366667,1342,44.733333,0.378067,matched
1242,41.4,1344,44.8,0.379109,matched
1243,41.433333,1346,44.866667,0.3624,matched
1244,41.466667,1348,44.933333,0.345689,review
1245,41.5,1350,45.0,0.328979,review
1246,41.533333,1352,45.066667,0.312269,review
1247,41.566667,1354,45.133333,0.295558,review
1248,41.6,1356,45.2,0.278849,review
1249,41.633333,1358,45.266667,0.280808,review
1250,41.666667,1360,45.333333,0.282766,review
1251,41.7,1362,45.4,0.284725,review
1252,41.733333,1364,45.466667,0.286684,review
1253,41.766667,1366,45.533333,0.288642,review
1254,41.8,1368,45.6,0.2906,review
1255,41.833333,1370,45.666667,0.265919,review
1256,41.866667,1372,45.733333,0.241237,review
1257,41.9,1374,45.8,0.216555,review
1258,41.933333,1376,45.866667,0.191873,review
1259,41.966667,1378,45.933333,0.167191,review
1260,42.0,1380,46.0,0.142509,review
1261,42.033333,1382,46.066667,0.174891,review
1262,42.066667,1384,46.133333,0.207272,review
1263,42.1,1386,46.2,0.239654,review
1264,42.133333,1388,46.266667,0.272036,review
1265,42.166667,1390,46.333333,0.304418,review
1266,42.2,1392,46.4,0.336799,review
1267,42.233333,1394,46.466667,0.33904,review
1268,42.266667,1396,46.533333,0.34128,review
1269,42.3,1398,46.6,0.343519,review
1270,42.333333,1400,46.666667,0.345759,review
1271,42.366667,1402,46.733333,0.347999,review
1272,42.4,1404,46.8,0.350239,matched
1273,42.433333,1406,46.866667,0.374047,matched
1274,42.466667,1408,46.933333,0.397856,matched
1275,42.5,1410,47.0,0.421665,matched
1276,42.533333,1412,47.066667,0.445474,matched
1277,42.566667,1414,47.133333,0.469283,matched
1278,42.6,1416,47.2,0.493089,matched
1279,42.633333,1418,47.266667,0.452777,matched
1280,42.666667,1420,47.333333,0.412464,matched
1281,42.7,1422,47.4,0.372152,matched
1282,42.733333,1424,47.466667,0.331839,review
1283,42.766667,1426,47.533333,0.291527,review
1284,42.8,1428,47.6,0.251215,review
1285,42.833333,1430,47.666667,0.269672,review
1286,42.866667,1432,47.733333,0.288128,review
1287,42.9,1434,47.8,0.306585,review
1288,42.933333,1436,47.866667,0.325041,review
1289,42.966667,1438,47.933333,0.343498,review
1290,43.0,1440,48.0,0.361954,matched
1291,43.033333,1442,48.066667,0.357632,matched
1292,43.066667,1444,48.133333,0.353309,matched
1293,43.1,1446,48.2,0.348987,review
1294,43.133333,1448,48.266667,0.344665,review
1295,43.166667,1450,48.333333,0.340342,review
1296,43.2,1452,48.4,0.33602,review
1297,43.233333,1454,48.466667,0.320366,review
1298,43.266667,1456,48.533333,0.304711,review
1299,43.3,1458,48.6,0.289057,review
1300,43.333333,1460,48.666667,0.273402,review
1301,43.366667,1462,48.733333,0.257747,review
1302,43.4,1464,48.8,0.242093,review
1303,43.433333,1466,48.866667,0.267836,review
1304,43.466667,1468,48.933333,0.293581,review
1305,43.5,1470,49.0,0.319326,review
1306,43.533333,1472,49.066667,0.345071,review
1307,43.566667,1474,49.133333,0.370816,matched
1308,43.6,1476,49.2,0.39656,matched
1309,43.633333,1478,49.266667,0.39598,matched
1310,43.666667,1480,49.333333,0.3954,matched
1311,43.7,1482,49.4,0.39482,matched
1312,43.733333,1484,49.466667,0.39424,matched
1313,43.766667,1486,49.533333,0.39366,matched
1314,43.8,1488,49.6,0.393079,matched
1315,43.833333,1490,49.666667,0.357512,matched
1316,43.866667,1492,49.733333,0.321944,review
1317,43.9,1494,49.8,0.286377,review
1318,43.933333,1496,49.866667,0.250809,review
1319,43.966667,1498,49.933333,0.215242,review
1320,44.0,1500,50.0,0.179674,review
1321,44.033333,1502,50.066667,0.191496,review
1322,44.066667,1504,50.133333,0.203319,review
1323,44.1,1506,50.2,0.215141,review
1324,44.133333,1508,50.266667,0.226964,review
1325,44.166667,1510,50.333333,0.238786,review
1326,44.2,1512,50.4,0.250609,review
1327,44.233333,1514,50.466667,0.254121,review
1328,44.266667,1516,50.533333,0.257633,review
1329,44.3,1518,50.6,0.261145,review
1330,44.333333,1520,50.666667,0.264657,review
1331,44.366667,1522,50.733333,0.268169,review
1332,44.4,1524,50.8,0.271681,review
1333,44.433333,1526,50.866667,0.293447,review
1334,44.466667,1528,50.933333,0.315214,review
1335,44.5,1530,51.0,0.336982,review
1336,44.533333,1532,51.066667,0.358749,matched
1337,44.566667,1534,51.133333,0.380516,matched
1338,44.6,1536,51.2,0.402282,matched
1339,44.633333,1538,51.266667,0.391381,matched
1340,44.666667,1540,51.333333,0.380481,matched
1341,44.7,1542,51.4,0.36958,matched
1342,44.733333,1544,51.466667,0.35868,matched
1343,44.766667,1546,51.533333,0.347779,review
1344,44.8,1548,51.6,0.33688,review
1345,44.833333,1550,51.666667,0.361196,matched
1346,44.866667,1552,51.733333,0.385512,matched
1347,44.9,1554,51.8,0.409829,matched
1348,44.933333,1556,51.866667,0.434145,matched
1349,44.966667,1558,51.933333,0.458462,matched
1350,45.0,1560,52.0,0.482778,matched
1351,45.033333,1562,52.066667,0.504259,matched
1352,45.066667,1564,52.133333,0.525741,matched
1353,45.1,1566,52.2,0.547222,matched
1354,45.133333,1568,52.266667,0.568704,matched
1355,45.166667,1570,52.333333,0.590185,matched
1356,45.2,1572,52.4,0.611666,matched
1357,45.233333,1574,52.466667,0.570909,matched
1358,45.266667,1576,52.533333,0.53015,matched
1359,45.3,1578,52.6,0.489391,matched
1360,45.333333,1580,52.666667,0.448632,matched
1361,45.366667,1582,52.733333,0.407873,matched
1362,45.4,1584,52.8,0.367114,matched
1363,45.433333,1586,52.866667,0.374209,matched
1364,45.466667,1588,52.933333,0.381306,matched
1365,45.5,1590,53.0,0.388403,matched
1366,45.533333,1592,53.066667,0.395499,matched
1367,45.566667,1594,53.133333,0.402596,matched
1368,45.6,1596,53.2,0.409693,matched
1369,45.633333,1598,53.266667,0.412314,matched
1370,45.666667,1600,53.333333,0.414935,matched
1371,45.7,1602,53.4,0.417556,matched
1372,45.733333,1604,53.466667,0.420176,matched
1373,45.766667,1606,53.533333,0.422797,matched
1374,45.8,1608,53.6,0.425417,matched
1375,45.833333,1610,53.666667,0.383679,matched
1376,45.866667,1612,53.733333,0.34194,review
1377,45.9,1614,53.8,0.300202,review
1378,45.933333,1616,53.866667,0.258463,review
1379,45.966667,1618,53.933333,0.216725,review
1380,46.0,1620,54.0,0.174986,review
1381,46.033333,1622,54.066667,0.18934,review
1382,46.066667,1624,54.133333,0.203695,review
1383,46.1,1626,54.2,0.218049,review
1384,46.133333,1628,54.266667,0.232403,review
1385,46.166667,1630,54.333333,0.246757,review
1386,46.2,1632,54.4,0.261112,review
1387,46.233333,1634,54.466667,0.275528,review
1388,46.266667,1636,54.533333,0.289945,review
1389,46.3,1638,54.6,0.304362,review
1390,46.333333,1640,54.666667,0.318778,review
1391,46.366667,1642,54.733333,0.333195,review
1392,46.4,1644,54.8,0.347611,review
1393,46.433333,1646,54.866667,0.375276,matched
1394,46.466667,1648,54.933333,0.402941,matched
1395,46.5,1650,55.0,0.430606,matched
1396,46.533333,1652,55.066667,0.458271,matched
1397,46.566667,1654,55.133333,0.485936,matched
1398,46.6,1656,55.2,0.513599,matched
1399,46.633333,1658,55.266667,0.488382,matched
1400,46.666667,1660,55.333333,0.463165,matched
1401,46.7,1662,55.4,0.437948,matched
1402,46.733333,1664,55.466667,0.412731,matched
1403,46.766667,1666,55.533333,0.387513,matched
1404,46.8,1668,55.6,0.362297,matched
1405,46.833333,1670,55.666667,0.341393,review
1406,46.866667,1672,55.733333,0.320489,review
1407,46.9,1674,55.8,0.299585,review
1408,46.933333,1676,55.866667,0.278681,review
1409,46.966667,1678,55.933333,0.257777,review
1410,47.0,1680,56.0,0.236873,review
1411,47.033333,1682,56.066667,0.253409,review
1412,47.066667,1684,56.133333,0.269945,review
1413,47.1,1686,56.2,0.28648,review
1414,47.133333,1688,56.266667,0.303016,review
1415,47.166667,1690,56.333333,0.319552,review
1416,47.2,1692,56.4,0.336088,review
1417,47.233333,1694,56.466667,0.333408,review
1418,47.266667,1696,56.533333,0.330728,review
1419,47.3,1698,56.6,0.328049,review
1420,47.333333,1700,56.666667,0.325369,review
1421,47.366667,1702,56.733333,0.322689,review
1422,47.4,1704,56.8,0.320009,review
1423,47.433333,1706,56.866667,0.317266,review
1424,47.466667,1708,56.933333,0.314522,review
1425,47.5,1710,57.0,0.311779,review
1426,47.533333,1712,57.066667,0.309035,review
1427,47.566667,1714,57.133333,0.306291,review
1428,47.6,1716,57.2,0.303548,review
1429,47.633333,1718,57.266667,0.296826,review
1430,47.666667,1720,57.333333,0.290103,review
1431,47.7,1722,57.4,0.283381,review
1432,47.733333,1724,57.466667,0.276659,review
1433,47.766667,1726,57.533333,0.269937,review
1434,47.8,1728,57.6,0.263215,review
1435,47.833333,1730,57.666667,0.273625,review
1436,47.866667,1732,57.733333,0.284035,review
1437,47.9,1734,57.8,0.294445,review
1438,47.933333,1736,57.866667,0.304855,review
1439,47.966667,1738,57.933333,0.315265,review
1440,48.0,1740,58.0,0.325675,review
1441,48.033333,1742,58.066667,0.285793,review
1442,48.066667,1744,58.133333,0.245912,review
1443,48.1,1746,58.2,0.20603,review
1444,48.133333,1748,58.266667,0.166148,review
1445,48.166667,1750,58.333333,0.126267,review
1446,48.2,1752,58.4,0.086385,review
1447,48.233333,1754,58.466667,0.080432,review
1448,48.266667,1756,58.533333,0.074481,review
1449,48.3,1758,58.6,0.068529,review
1450,48.333333,1760,58.666667,0.062578,review
1451,48.366667,1762,58.733333,0.056626,review
1452,48.4,1764,58.8,0.050674,review
1453,48.433333,1766,58.866667,0.061817,review
1454,48.466667,1768,58.933333,0.07296,review
1455,48.5,1770,59.0,0.084103,review
1456,48.533333,1772,59.066667,0.095246,review
1457,48.566667,1774,59.133333,0.106389,review
1458,48.6,1776,59.2,0.117533,review
1459,48.633333,1778,59.266667,0.142346,review
1460,48.666667,1780,59.333333,0.167159,review
1461,48.7,1782,59.4,0.191971,review
1462,48.733333,1784,59.466667,0.216784,review
1463,48.766667,1786,59.533333,0.241597,review
1464,48.8,1788,59.6,0.266408,review
1465,48.833333,1790,59.666667,0.222007,review
1466,48.866667,1792,59.733333,0.177605,review
1467,48.9,1794,59.8,0.133204,review
1468,48.933333,1796,59.866667,0.088803,review
1469,48.966667,1798,59.933333,0.044401,review
1470,49.0,1800,60.0,0.0,review
1471,49.033333,1802,60.066667,0.015825,review
1472,49.066667,1804,60.133333,0.03165,review
1473,49.1,1806,60.2,0.047475,review
1474,49.133333,1808,60.266667,0.0633,review
1475,49.166667,1810,60.333333,0.079125,review
1476,49.2,1812,60.4,0.09495,review
1477,49.233333,1814,60.466667,0.12833,review
1478,49.266667,1816,60.533333,0.161711,review
1479,49.3,1818,60.6,0.195091,review
1480,49.333333,1820,60.666667,0.228472,review
1481,49.366667,1822,60.733333,0.261853,review
1482,49.4,1824,60.8,0.295233,review
1483,49.433333,1826,60.866667,0.262878,review
1484,49.466667,1828,60.933333,0.23052,review
1485,49.5,1830,61.0,0.198163,review
1486,49.533333,1832,61.066667,0.165805,review
1487,49.566667,1834,61.133333,0.133447,review
1488,49.6,1836,61.2,0.101091,review
1489,49.633333,1838,61.266667,0.113255,review
1490,49.666667,1840,61.333333,0.125418,review
1491,49.7,1842,61.4,0.137582,review
1492,49.733333,1844,61.466667,0.149746,review
1493,49.766667,1846,61.533333,0.16191,review
1494,49.8,1848,61.6,0.174074,review
1495,49.833333,1850,61.666667,0.181022,review
1496,49.866667,1852,61.733333,0.18797,review
1497,49.9,1854,61.8,0.194919,review
1498,49.933333,1856,61.866667,0.201867,review
1499,49.966667,1858,61.933333,0.208815,review
1500,50.0,1860,62.0,0.215763,review
1501,50.033333,1862,62.066667,0.20087,review
1502,50.066667,1864,62.133333,0.185977,review
1503,50.1,1866,62.2,0.171084,review
1504,50.133333,1868,62.266667,0.156191,review
1505,50.166667,1870,62.333333,0.141297,review
1506,50.2,1872,62.4,0.126404,review
1507,50.233333,1874,62.466667,0.116129,review
1508,50.266667,1876,62.533333,0.105854,review
1509,50.3,1878,62.6,0.095578,review
1510,50.333333,1880,62.666667,0.085303,review
1511,50.366667,1882,62.733333,0.075028,review
1512,50.4,1884,62.8,0.064752,review
1513,50.433333,1886,62.866667,0.05396,review
1514,50.466667,1888,62.933333,0.043168,review
1515,50.5,1890,63.0,0.032376,review
1516,50.533333,1892,63.066667,0.021584,review
1517,50.566667,1894,63.133333,0.010792,review
1518,50.6,1896,63.2,1e-06,review
1519,50.633333,1898,63.266667,0.03195,review
1520,50.666667,1900,63.333333,0.063898,review
1521,50.7,1902,63.4,0.095846,review
1522,50.733333,1904,63.466667,0.127794,review
1523,50.766667,1906,63.533333,0.159742,review
1524,50.8,1908,63.6,0.191689,review
1525,50.833333,1910,63.666667,0.184676,review
1526,50.866667,1912,63.733333,0.177663,review
1527,50.9,1914,63.8,0.170649,review
1528,50.933333,1916,63.866667,0.163636,review
1529,50.966667,1918,63.933333,0.156623,review
1530,51.0,1920,64.0,0.14961,review
1531,51.033333,1922,64.066667,0.159231,review
1532,51.066667,1924,64.133333,0.168851,review
1533,51.1,1926,64.2,0.178472,review
1534,51.133333,1928,64.266667,0.188093,review
1535,51.166667,1930,64.333333,0.197713,review
1536,51.2,1932,64.4,0.207334,review
1537,51.233333,1934,64.466667,0.193547,review
1538,51.266667,1936,64.533333,0.179759,review
1539,51.3,1938,64.6,0.165971,review
1540,51.333333,1940,64.666667,0.152183,review
1541,51.366667,1942,64.733333,0.138395,review
1542,51.4,1944,64.8,0.124608,review
1543,51.433333,1946,64.866667,0.135025,review
1544,51.466667,1948,64.933333,0.145444,review
1545,51.5,1950,65.0,0.155862,review
1546,51.533333,1952,65.066667,0.16628,review
1547,51.566667,1954,65.133333,0.176699,review
1548,51.6,1956,65.2,0.187117,review
1549,51.633333,1958,65.266667,0.182433,review
1550,51.666667,1960,65.333333,0.177749,review
1551,51.7,1962,65.4,0.173065,review
1552,51.733333,1964,65.466667,0.168381,review
1553,51.766667,1966,65.533333,0.163697,review
1554,51.8,1968,65.6,0.159013,review
1555,51.833333,1970,65.666667,0.15896,review
1556,51.866667,1972,65.733333,0.158907,review
1557,51.9,1974,65.8,0.158854,review
1558,51.933333,1976,65.866667,0.1588,review
1559,51.966667,1978,65.933333,0.158747,review
1560,52.0,1980,66.0,0.158694,review
1561,52.033333,1982,66.066667,0.149571,review
1562,52.066667,1984,66.133333,0.140448,review
1563,52.1,1986,66.2,0.131326,review
1564,52.133333,1988,66.266667,0.122203,review
1565,52.166667,1990,66.333333,0.11308,review
1566,52.2,1992,66.4,0.103957,review
1567,52.233333,1994,66.466667,0.106206,review
1568,52.266667,1996,66.533333,0.108454,review
1569,52.3,1998,66.6,0.110703,review
1570,52.333333,2000,66.666667,0.112952,review
1571,52.366667,2002,66.733333,0.1152,review
1572,52.4,2004,66.8,0.117449,review
1573,52.433333,2006,66.866667,0.109926,review
1574,52.466667,2008,66.933333,0.102403,review
1575,52.5,2010,67.0,0.09488,review
1576,52.533333,2012,67.066667,0.087357,review
1577,52.566667,2014,67.133333,0.079834,review
1578,52.6,2016,67.2,0.072311,review
1579,52.633333,2018,67.266667,0.063619,review
1580,52.666667,2020,67.333333,0.054928,review
1581,52.7,2022,67.4,0.046236,review
1582,52.733333,2024,67.466667,0.037545,review
1583,52.766667,2026,67.533333,0.028853,review
1584,52.8,2028,67.6,0.020162,review
1585,52.833333,2030,67.666667,0.026028,review
1586,52.866667,2032,67.733333,0.031893,review
1587,52.9,2034,67.8,0.037759,review
1588,52.933333,2036,67.866667,0.043624,review
1589,52.966667,2038,67.933333,0.04949,review
1590,53.0,2040,68.0,0.055355,review
1591,53.033333,2042,68.066667,0.062072,review
1592,53.066667,2044,68.133333,0.068788,review
1593,53.1,2046,68.2,0.075505,review
1594,53.133333,2048,68.266667,0.082222,review
1595,53.166667,2050,68.333333,0.088938,review
1596,53.2,2052,68.4,0.095655,review
1597,53.233333,2054,68.466667,0.093065,review
1598,53.266667,2056,68.533333,0.090476,review
1599,53.3,2058,68.6,0.087886,review
1600,53.333333,2060,68.666667,0.085296,review
1601,53.366667,2062,68.733333,0.082707,review
1602,53.4,2064,68.8,0.080117,review
1603,53.433333,2066,68.866667,0.089066,review
1604,53.466667,2068,68.933333,0.098016,review
1605,53.5,2070,69.0,0.106965,review
1606,53.533333,2072,69.066667,0.115914,review
1607,53.566667,2074,69.133333,0.124864,review
1608,53.6,2076,69.2,0.133814,review
1609,53.633333,2078,69.266667,0.149284,review
1610,53.666667,2080,69.333333,0.164755,review
1611,53.7,2082,69.4,0.180225,review
1612,53.733333,2084,69.466667,0.195695,review
1613,53.766667,2086,69.533333,0.211166,review
1614,53.8,2088,69.6,0.226635,review
1615,53.833333,2090,69.666667,0.198326,review
1616,53.866667,2092,69.733333,0.170016,review
1617,53.9,2094,69.8,0.141706,review
1618,53.933333,2096,69.866667,0.113396,review
1619,53.966667,2098,69.933333,0.085087,review
1620,54.0,2100,70.0,0.056777,review
1621,54.033333,2102,70.066667,0.066544,review
1622,54.066667,2104,70.133333,0.076311,review
1623,54.1,2106,70.2,0.086077,review
1624,54.133333,2108,70.266667,0.095844,review
1625,54.166667,2110,70.333333,0.105611,review
1626,54.2,2112,70.4,0.115378,review
1627,54.233333,2114,70.466667,0.105371,review
1628,54.266667,2116,70.533333,0.095363,review
1629,54.3,2118,70.6,0.085355,review
1630,54.333333,2120,70.666667,0.075348,review
1631,54.366667,2122,70.733333,0.06534,review
1632,54.4,2124,70.8,0.055332,review
1633,54.433333,2126,70.866667,0.065655,review
1634,54.466667,2128,70.933333,0.075979,review
1635,54.5,2130,71.0,0.086302,review
1636,54.533333,2132,71.066667,0.096625,review
1637,54.566667,2134,71.133333,0.106949,review
1638,54.6,2136,71.2,0.117273,review
1639,54.633333,2138,71.266667,0.138066,review
1640,54.666667,2140,71.333333,0.158858,review
1641,54.7,2142,71.4,0.179651,review
1642,54.733333,2144,71.466667,0.200444,review
1643,54.766667,2146,71.533333,0.221237,review
1644,54.8,2148,71.6,0.242028,review
1645,54.833333,2150,71.666667,0.20169,review
1646,54.866667,2152,71.733333,0.161352,review
1647,54.9,2154,71.8,0.121014,review
1648,54.933333,2156,71.866667,0.080676,review
1649,54.966667,2158,71.933333,0.040338,review
1650,55.0,2160,72.0,0.0,review
1651,55.033333,2162,72.066667,0.02346,review
1652,55.066667,2164,72.133333,0.04692,review
1653,55.1,2166,72.2,0.07038,review
1654,55.133333,2168,72.266667,0.09384,review
1655,55.166667,2170,72.333333,0.1173,review
1656,55.2,2172,72.4,0.140759,review
1657,55.233333,2174,72.466667,0.117301,review
1658,55.266667,2176,72.533333,0.093841,review
1659,55.3,2178,72.6,0.070381,review
1660,55.333333,2180,72.666667,0.046921,review
1661,55.366667,2182,72.733333,0.023461,review
1662,55.4,2184,72.8,1e-06,review
1663,55.433333,2186,72.866667,0.0,review
1664,55.466667,2188,72.933333,0.0,review
1665,55.5,2190,73.0,0.0,review
1666,55.533333,2192,73.066667,0.0,review
1667,55.566667,2194,73.133333,0.0,review
1668,55.6,2196,73.2,0.0,review
1669,55.633333,2198,73.266667,0.0,review
1670,55.666667,2200,73.333333,0.0,review
1671,55.7,2202,73.4,0.0,review
1672,55.733333,2204,73.466667,0.0,review
1673,55.766667,2206,73.533333,0.0,review
1674,55.8,2208,73.6,0.0,review
1675,55.833333,2210,73.666667,0.0,review
1676,55.866667,2212,73.733333,0.0,review
1677,55.9,2214,73.8,0.0,review
1678,55.933333,2216,73.866667,0.0,review
1679,55.966667,2218,73.933333,0.0,review
1680,56.0,2220,74.0,0.0,review
1681,56.033333,2222,74.066667,0.0,review
1682,56.066667,2224,74.133333,0.0,review
1683,56.1,2226,74.2,0.0,review
1684,56.133333,2228,74.266667,0.0,review
1685,56.166667,2230,74.333333,0.0,review
1686,56.2,2232,74.4,0.0,review
1687,56.233333,2234,74.466667,0.002328,review
1688,56.266667,2236,74.533333,0.004655,review
1689,56.3,2238,74.6,0.006983,review
1690,56.333333,2240,74.666667,0.009311,review
1691,56.366667,2242,74.733333,0.011638,review
1692,56.4,2244,74.8,0.013966,review
1693,56.433333,2246,74.866667,0.011638,review
1694,56.466667,2248,74.933333,0.009311,review
1695,56.5,2250,75.0,0.006983,review
1696,56.533333,2252,75.066667,0.004655,review
1697,56.566667,2254,75.133333,0.002328,review
1698,56.6,2256,75.2,0.0,review
1699,56.633333,2258,75.266667,0.0,review
1700,56.666667,2260,75.333333,0.0,review
1701,56.7,2262,75.4,0.0,review
1702,56.733333,2264,75.466667,0.0,review
1703,56.766667,2266,75.533333,0.0,review
1704,56.8,2268,75.6,0.0,review
1705,56.833333,2270,75.666667,0.000227,review
1706,56.866667,2272,75.733333,0.000455,review
1707,56.9,2274,75.8,0.000682,review
1708,56.933333,2276,75.866667,0.000909,review
1709,56.966667,2278,75.933333,0.001137,review
1710,57.0,2280,76.0,0.001364,review
1711,57.033333,2282,76.066667,0.007429,review
1712,57.066667,2284,76.133333,0.013495,review
1713,57.1,2286,76.2,0.01956,review
1714,57.133333,2288,76.266667,0.025625,review
1715,57.166667,2290,76.333333,0.031691,review
1716,57.2,2292,76.4,0.037756,review
1717,57.233333,2294,76.466667,0.031464,review
1718,57.266667,2296,76.533333,0.025171,review
1719,57.3,2298,76.6,0.018878,review
1720,57.333333,2300,76.666667,0.012586,review
1721,57.366667,2302,76.733333,0.006293,review
1722,57.4,2304,76.8,0.0,review
1723,57.433333,2306,76.866667,0.0,review
1724,57.466667,2308,76.933333,0.0,review
1725,57.5,2310,77.0,0.0,review
1726,57.533333,2312,77.066667,0.0,review
1727,57.566667,2314,77.133333,0.0,review
1728,57.6,2316,77.2,0.0,review
1729,57.633333,2318,77.266667,0.000658,review
1730,57.666667,2320,77.333333,0.001315,review
1731,57.7,2322,77.4,0.001973,review
1732,57.733333,2324,77.466667,0.002631,review
1733,57.766667,2326,77.533333,0.003288,review
1734,57.8,2328,77.6,0.003946,review
1735,57.833333,2330,77.666667,0.022942,review
1736,57.866667,2332,77.733333,0.041937,review
1737,57.9,2334,77.8,0.060932,review
1738,57.933333,2336,77.866667,0.079927,review
1739,57.966667,2338,77.933333,0.098923,review
1740,58.0,2340,78.0,0.117918,review
1741,58.033333,2342,78.066667,0.098338,review
1742,58.066667,2344,78.133333,0.078758,review
1743,58.1,2346,78.2,0.059178,review
1744,58.133333,2348,78.266667,0.039598,review
1745,58.166667,2350,78.333333,0.020018,review
1746,58.2,2352,78.4,0.000438,review
1747,58.233333,2354,78.466667,0.013115,review
1748,58.266667,2356,78.533333,0.025792,review
1749,58.3,2358,78.6,0.038469,review
1750,58.333333,2360,78.666667,0.051146,review
1751,58.366667,2362,78.733333,0.063822,review
1752,58.4,2364,78.8,0.076499,review
1753,58.433333,2366,78.866667,0.06375,review
1754,58.466667,2368,78.933333,0.051,review
1755,58.5,2370,79.0,0.03825,review
1756,58.533333,2372,79.066667,0.0255,review
1757,58.566667,2374,79.133333,0.01275,review
1758,58.6,2376,79.2,1e-06,review
1759,58.633333,2378,79.266667,0.01661,review
1760,58.666667,2380,79.333333,0.03322,review
1761,58.7,2382,79.4,0.049829,review
1762,58.733333,2384,79.466667,0.066439,review
1763,58.766667,2386,79.533333,0.083048,review
1764,58.8,2388,79.6,0.099657,review
1765,58.833333,2390,79.666667,0.083047,review
1766,58.866667,2392,79.733333,0.066438,review
1767,58.9,2394,79.8,0.049828,review
1768,58.933333,2396,79.866667,0.033219,review
1769,58.966667,2398,79.933333,0.016609,review
1770,59.0,2400,80.0,0.0,review
1771,59.033333,2402,80.066667,0.065913,review
1772,59.066667,2404,80.133333,0.131826,review
1773,59.1,2406,80.2,0.197739,review
1774,59.133333,2408,80.266667,0.263652,review
1775,59.166667,2410,80.333333,0.329565,review
1776,59.2,2412,80.4,0.395477,matched
1777,59.233333,2414,80.466667,0.360726,matched
1778,59.266667,2416,80.533333,0.325972,review
1779,59.3,2418,80.6,0.291219,review
1780,59.333333,2420,80.666667,0.256465,review
1781,59.366667,2422,80.733333,0.221711,review
1782,59.4,2424,80.8,0.186958,review
1783,59.433333,2425,80.833333,0.184637,review
1784,59.466667,2425,80.833333,0.182317,review
1785,59.5,2426,80.866667,0.179997,review
1786,59.533333,2426,80.866667,0.177678,review
1787,59.566667,2427,80.9,0.175358,review
1788,59.6,2427,80.9,0.173039,review
1789,59.633333,2428,80.933333,0.170719,review
1790,59.666667,2428,80.933333,0.168399,review
1791,59.7,2429,80.966667,0.16608,review
1792,59.733333,2429,80.966667,0.16376,review
1793,59.766667,2430,81.0,0.161441,review
1794,59.8,2430,81.0,0.159121,review
1795,59.833333,2431,81.033333,0.176724,review
1796,59.866667,2431,81.033333,0.194327,review
1797,59.9,2431,81.033333,0.211929,review
1798,59.933333,2432,81.066667,0.229532,review
1799,59.966667,2432,81.066667,0.247134,review
1800,60.0,2433,81.1,0.264737,review
1801,60.033333,2433,81.1,0.28234,review
1802,60.066667,2434,81.133333,0.299942,review
1803,60.1,2434,81.133333,0.317545,review
1804,60.133333,2435,81.166667,0.335147,review
1805,60.166667,2435,81.166667,0.35275,matched
1806,60.2,2436,81.2,0.370353,matched
1807,60.233333,2436,81.2,0.363269,matched
1808,60.266667,2437,81.233333,0.356184,matched
1809,60.3,2437,81.233333,0.3491,review
1810,60.333333,2438,81.266667,0.342016,review
1811,60.366667,2438,81.266667,0.334931,review
1812,60.4,2439,81.3,0.327847,review
1813,60.433333,2439,81.3,0.320763,review
1814,60.466667,2440,81.333333,0.313678,review
1815,60.5,2441,81.366667,0.306594,review
1816,60.533333,2441,81.366667,0.299509,review
1817,60.566667,2442,81.4,0.292425,review
1818,60.6,2442,81.4,0.285341,review
1819,60.633333,2443,81.433333,0.290842,review
1820,60.666667,2443,81.433333,0.296342,review
1821,60.7,2444,81.466667,0.301843,review
1822,60.733333,2444,81.466667,0.307344,review
1823,60.766667,2445,81.5,0.312844,review
1824,60.8,2445,81.5,0.318345,review
1825,60.833333,2446,81.533333,0.323845,review
1826,60.866667,2446,81.533333,0.329346,review
1827,60.9,2446,81.533333,0.334846,review
1828,60.933333,2447,81.566667,0.340347,review
1829,60.966667,2447,81.566667,0.345847,review
1830,61.0,2448,81.6,0.351348,matched
1831,61.033333,2448,81.6,0.339803,review
1832,61.066667,2449,81.633333,0.328257,review
1833,61.1,2449,81.633333,0.316712,review
1834,61.133333,2450,81.666667,0.305167,review
1835,61.166667,2451,81.7,0.293621,review
1836,61.2,2451,81.7,0.282076,review
1837,61.233333,2452,81.733333,0.27053,review
1838,61.266667,2452,81.733333,0.258985,review
1839,61.3,2453,81.766667,0.24744,review
1840,61.333333,2453,81.766667,0.235894,review
1841,61.366667,2454,81.8,0.224349,review
1842,61.4,2454,81.8,0.212804,review
1843,61.433333,2455,81.833333,0.22853,review
1844,61.466667,2455,81.833333,0.244257,review
1845,61.5,2456,81.866667,0.259985,review
1846,61.533333,2456,81.866667,0.275713,review
1847,61.566667,2457,81.9,0.29144,review
1848,61.6,2457,81.9,0.307168,review
1849,61.633333,2458,81.933333,0.322895,review
1850,61.666667,2458,81.933333,0.338623,review
1851,61.7,2459,81.966667,0.354351,matched
1852,61.733333,2459,81.966667,0.370078,matched
1853,61.766667,2460,82.0,0.385806,matched
1854,61.8,2460,82.0,0.401533,matched
1855,61.833333,2461,82.033333,0.401737,matched
1856,61.866667,2461,82.033333,0.401941,matched
1857,61.9,2461,82.033333,0.402144,matched
1858,61.933333,2462,82.066667,0.402348,matched
1859,61.966667,2462,82.066667,0.402552,matched
1860,62.0,2463,82.1,0.402755,matched
1861,62.033333,2463,82.1,0.402959,matched
1862,62.066667,2464,82.133333,0.403163,matched
1863,62.1,2464,82.133333,0.403367,matched
1864,62.133333,2465,82.166667,0.40357,matched
1865,62.166667,2465,82.166667,0.403774,matched
1866,62.2,2466,82.2,0.403978,matched
1867,62.233333,2466,82.2,0.428646,matched
1868,62.266667,2467,82.233333,0.453315,matched
1869,62.3,2467,82.233333,0.477983,matched
1870,62.333333,2468,82.266667,0.502652,matched
1871,62.366667,2468,82.266667,0.527321,matched
1872,62.4,2469,82.3,0.551989,matched
1873,62.433333,2469,82.3,0.576658,matched
1874,62.466667,2470,82.333333,0.601327,matched
1875,62.5,2471,82.366667,0.625995,matched
1876,62.533333,2471,82.366667,0.650664,matched
1877,62.566667,2472,82.4,0.675332,matched
1878,62.6,2472,82.4,0.7,matched
1879,62.633333,2473,82.433333,0.7,matched
1880,62.666667,2473,82.433333,0.7,matched
1881,62.7,2474,82.466667,0.7,matched
1882,62.733333,2474,82.466667,0.7,matched
1883,62.766667,2475,82.5,0.7,matched
1884,62.8,2475,82.5,0.7,matched
1885,62.833333,2476,82.533333,0.7,matched
1886,62.866667,2476,82.533333,0.7,matched
1887,62.9,2476,82.533333,0.7,matched
1888,62.933333,2477,82.566667,0.7,matched
1889,62.966667,2477,82.566667,0.7,matched
1890,63.0,2478,82.6,0.7,matched
1891,63.033333,2478,82.6,0.7,matched
1892,63.066667,2479,82.633333,0.7,matched
1893,63.1,2479,82.633333,0.7,matched
1894,63.133333,2480,82.666667,0.7,matched
1895,63.166667,2481,82.7,0.7,matched
1896,63.2,2481,82.7,0.7,matched
1897,63.233333,2482,82.733333,0.7,matched
1898,63.266667,2482,82.733333,0.7,matched
1899,63.3,2483,82.766667,0.7,matched
1900,63.333333,2483,82.766667,0.7,matched
1901,63.366667,2484,82.8,0.7,matched
1902,63.4,2484,82.8,0.7,matched
1903,63.433333,2485,82.833333,0.696683,matched
1904,63.466667,2485,82.833333,0.693367,matched
1905,63.5,2486,82.866667,0.69005,matched
1906,63.533333,2486,82.866667,0.686733,matched
1907,63.566667,2487,82.9,0.683416,matched
1908,63.6,2487,82.9,0.6801,matched
1909,63.633333,2488,82.933333,0.676783,matched
1910,63.666667,2488,82.933333,0.673466,matched
1911,63.7,2489,82.966667,0.670149,matched
1912,63.733333,2489,82.966667,0.666832,matched
1913,63.766667,2490,83.0,0.663516,matched
1914,63.8,2490,83.0,0.660198,matched
1915,63.833333,2491,83.033333,0.624404,matched
1916,63.866667,2491,83.033333,0.588611,matched
1917,63.9,2491,83.033333,0.552817,matched
1918,63.933333,2492,83.066667,0.517023,matched
1919,63.966667,2492,83.066667,0.481229,matched
1920,64.0,2493,83.1,0.445435,matched
1921,64.033333,2493,83.1,0.409642,matched
1922,64.066667,2494,83.133333,0.373848,matched
1923,64.1,2494,83.133333,0.338054,review
1924,64.133333,2495,83.166667,0.30226,review
1925,64.166667,2495,83.166667,0.266467,review
1926,64.2,2496,83.2,0.230675,review
1927,64.233333,2496,83.2,0.223332,review
1928,64.266667,2497,83.233333,0.215988,review
1929,64.3,2497,83.233333,0.208645,review
1930,64.333333,2498,83.266667,0.201301,review
1931,64.366667,2499,83.3,0.193958,review
1932,64.4,2499,83.3,0.186614,review
1933,64.433333,2500,83.333333,0.179271,review
1934,64.466667,2500,83.333333,0.171928,review
1935,64.5,2501,83.366667,0.164584,review
1936,64.533333,2501,83.366667,0.157241,review
1937,64.566667,2502,83.4,0.149897,review
1938,64.6,2502,83.4,0.142555,review
1939,64.633333,2503,83.433333,0.156264,review
1940,64.666667,2503,83.433333,0.169974,review
1941,64.7,2504,83.466667,0.183683,review
1942,64.733333,2504,83.466667,0.197393,review
1943,64.766667,2505,83.5,0.211102,review
1944,64.8,2505,83.5,0.224812,review
1945,64.833333,2506,83.533333,0.238521,review
1946,64.866667,2506,83.533333,0.252231,review
1947,64.9,2506,83.533333,0.26594,review
1948,64.933333,2507,83.566667,0.27965,review
1949,64.966667,2507,83.566667,0.293359,review
1950,65.0,2508,83.6,0.307069,review
1951,65.033333,2508,83.6,0.303558,review
1952,65.066667,2509,83.633333,0.300047,review
1953,65.1,2509,83.633333,0.296537,review
1954,65.133333,2510,83.666667,0.293026,review
1955,65.166667,2511,83.7,0.289515,review
1956,65.2,2511,83.7,0.286004,review
1957,65.233333,2512,83.733333,0.282493,review
1958,65.266667,2512,83.733333,0.278982,review
1959,65.3,2513,83.766667,0.275472,review
1960,65.333333,2513,83.766667,0.271961,review
1961,65.366667,2514,83.8,0.26845,review
1962,65.4,2514,83.8,0.264939,review
1963,65.433333,2515,83.833333,0.300308,review
1964,65.466667,2515,83.833333,0.335679,review
1965,65.5,2516,83.866667,0.37105,matched
1966,65.533333,2516,83.866667,0.406421,matched
1967,65.566667,2517,83.9,0.441791,matched
1968,65.6,2517,83.9,0.477162,matched
1969,65.633333,2518,83.933333,0.512533,matched
1970,65.666667,2518,83.933333,0.547904,matched
1971,65.7,2518,83.933333,0.583274,matched
1972,65.733333,2519,83.966667,0.618645,matched
1973,65.766667,2519,83.966667,0.654016,matched
1974,65.8,2520,84.0,0.689387,matched
1975,65.833333,2520,84.0,0.66841,matched
1976,65.866667,2521,84.033333,0.647428,matched
1977,65.9,2521,84.033333,0.626446,matched
1978,65.933333,2522,84.066667,0.605465,matched
1979,65.966667,2522,84.066667,0.584483,matched
1980,66.0,2523,84.1,0.563501,matched
1981,66.033333,2523,84.1,0.542519,matched
1982,66.066667,2524,84.133333,0.521537,matched
1983,66.1,2524,84.133333,0.500556,matched
1984,66.133333,2525,84.166667,0.479574,matched
1985,66.166667,2525,84.166667,0.458592,matched
1986,66.2,2526,84.2,0.437611,matched
1987,66.233333,2526,84.2,0.42852,matched
1988,66.266667,2527,84.233333,0.419429,matched
1989,66.3,2527,84.233333,0.410337,matched
1990,66.333333,2528,84.266667,0.401246,matched
1991,66.366667,2529,84.3,0.392155,matched
1992,66.4,2529,84.3,0.383063,matched
1993,66.433333,2530,84.333333,0.373972,matched
1994,66.466667,2530,84.333333,0.364881,matched
1995,66.5,2531,84.366667,0.355789,matched
1996,66.533333,2531,84.366667,0.346698,review
1997,66.566667,2532,84.4,0.337607,review
1998,66.6,2532,84.4,0.328516,review
1999,66.633333,2534,84.466667,0.328377,review
2000,66.666667,2536,84.533333,0.328239,review
2001,66.7,2538,84.6,0.3281,review
2002,66.733333,2540,84.666667,0.327961,review
2003,66.766667,2542,84.733333,0.327823,review
2004,66.8,2544,84.8,0.327684,review
2005,66.833333,2546,84.866667,0.311053,review
2006,66.866667,2548,84.933333,0.29442,review
2007,66.9,2550,85.0,0.277788,review
2008,66.933333,2552,85.066667,0.261155,review
2009,66.966667,2554,85.133333,0.244523,review
2010,67.0,2556,85.2,0.22789,review
2011,67.033333,2556,85.2,0.233772,review
2012,67.066667,2557,85.233333,0.239653,review
2013,67.1,2557,85.233333,0.245535,review
2014,67.133333,2558,85.266667,0.251417,review
2015,67.166667,2558,85.266667,0.257298,review
2016,67.2,2559,85.3,0.26318,review
2017,67.233333,2559,85.3,0.269062,review
2018,67.266667,2560,85.333333,0.274943,review
2019,67.3,2560,85.333333,0.280825,review
2020,67.333333,2561,85.366667,0.286706,review
2021,67.366667,2562,85.4,0.292588,review
2022,67.4,2562,85.4,0.29847,review
2023,67.433333,2563,85.433333,0.313076,review
2024,67.466667,2563,85.433333,0.327683,review
2025,67.5,2563,85.433333,0.342289,review
2026,67.533333,2564,85.466667,0.356896,matched
2027,67.566667,2564,85.466667,0.371502,matched
2028,67.6,2565,85.5,0.386109,matched
2029,67.633333,2565,85.5,0.400716,matched
2030,67.666667,2566,85.533333,0.415322,matched
2031,67.7,2566,85.533333,0.429929,matched
2032,67.733333,2567,85.566667,0.444535,matched
2033,67.766667,2567,85.566667,0.459142,matched
2034,67.8,2568,85.6,0.473749,matched
2035,67.833333,2570,85.666667,0.453938,matched
2036,67.866667,2572,85.733333,0.434123,matched
2037,67.9,2574,85.8,0.414309,matched
2038,67.933333,2576,85.866667,0.394495,matched
2039,67.966667,2578,85.933333,0.37468,matched
2040,68.0,2580,86.0,0.354866,matched
2041,68.033333,2580,86.0,0.334727,review
2042,68.066667,2581,86.033333,0.314589,review
2043,68.1,2581,86.033333,0.29445,review
2044,68.133333,2582,86.066667,0.274312,review
2045,68.166667,2582,86.066667,0.254173,review
2046,68.2,2583,86.1,0.234035,review
2047,68.233333,2583,86.1,0.213896,review
2048,68.266667,2584,86.133333,0.193758,review
2049,68.3,2584,86.133333,0.173619,review
2050,68.333333,2585,86.166667,0.153481,review
2051,68.366667,2585,86.166667,0.133342,review
2052,68.4,2586,86.2,0.113204,review
2053,68.433333,2588,86.266667,0.161549,review
2054,68.466667,2590,86.333333,0.209896,review
2055,68.5,2592,86.4,0.258244,review
2056,68.533333,2594,86.466667,0.306592,review
2057,68.566667,2596,86.533333,0.354939,matched
2058,68.6,2598,86.6,0.403284,matched
2059,68.633333,2598,86.6,0.379653,matched
2060,68.666667,2599,86.633333,0.356022,matched
2061,68.7,2600,86.666667,0.332392,review
2062,68.733333,2600,86.666667,0.308761,review
2063,68.766667,2601,86.7,0.28513,review
2064,68.8,2601,86.7,0.261499,review
2065,68.833333,2602,86.733333,0.237869,review
2066,68.866667,2602,86.733333,0.214238,review
2067,68.9,2603,86.766667,0.190607,review
2068,68.933333,2603,86.766667,0.166976,review
2069,68.966667,2604,86.8,0.143346,review
2070,69.0,2604,86.8,0.119715,review
2071,69.033333,2605,86.833333,0.118785,review
2072,69.066667,2605,86.833333,0.117855,review
2073,69.1,2606,86.866667,0.116925,review
2074,69.133333,2606,86.866667,0.115995,review
2075,69.166667,2607,86.9,0.115065,review
2076,69.2,2607,86.9,0.114135,review
2077,69.233333,2608,86.933333,0.113205,review
2078,69.266667,2608,86.933333,0.112275,review
2079,69.3,2609,86.966667,0.111345,review
2080,69.333333,2609,86.966667,0.110415,review
2081,69.366667,2609,86.966667,0.109485,review
2082,69.4,2610,87.0,0.108555,review
2083,69.433333,2610,87.0,0.103086,review
2084,69.466667,2611,87.033333,0.097616,review
2085,69.5,2611,87.033333,0.092147,review
2086,69.533333,2612,87.066667,0.086677,review
2087,69.566667,2612,87.066667,0.081207,review
2088,69.6,2613,87.1,0.075738,review
2089,69.633333,2613,87.1,0.070268,review
2090,69.666667,2614,87.133333,0.064799,review
2091,69.7,2614,87.133333,0.059329,review
2092,69.733333,2615,87.166667,0.05386,review
2093,69.766667,2615,87.166667,0.04839,review
2094,69.8,2616,87.2,0.042921,review
2095,69.833333,2618,87.266667,0.035767,review
2096,69.866667,2620,87.333333,0.028614,review
2097,69.9,2622,87.4,0.02146,review
2098,69.933333,2624,87.466667,0.014307,review
2099,69.966667,2626,87.533333,0.007153,review
2100,70.0,2628,87.6,0.0,review
2101,70.033333,2630,87.666667,0.079128,review
2102,70.066667,2632,87.733333,0.158256,review
2103,70.1,2634,87.8,0.237384,review
2104,70.133333,2636,87.866667,0.316511,review
2105,70.166667,2638,87.933333,0.395639,matched
2106,70.2,2640,88.0,0.474755,matched
2107,70.233333,2642,88.066667,0.416501,matched
2108,70.266667,2644,88.133333,0.358247,matched
2109,70.3,2646,88.2,0.299993,review
2110,70.333333,2648,88.266667,0.241739,review
2111,70.366667,2650,88.333333,0.183486,review
2112,70.4,2652,88.4,0.125232,review
2113,70.433333,2654,88.466667,0.201129,review
2114,70.466667,2656,88.533333,0.277033,review
2115,70.5,2658,88.6,0.352936,matched
2116,70.533333,2660,88.666667,0.428839,matched
2117,70.566667,2662,88.733333,0.504743,matched
2118,70.6,2664,88.8,0.580643,matched
2119,70.633333,2665,88.833333,0.59059,matched
2120,70.666667,2665,88.833333,0.600536,matched
2121,70.7,2666,88.866667,0.610483,matched
2122,70.733333,2666,88.866667,0.620429,matched
2123,70.766667,2667,88.9,0.630375,matched
2124,70.8,2667,88.9,0.640322,matched
2125,70.833333,2668,88.933333,0.650268,matched
2126,70.866667,2668,88.933333,0.660214,matched
2127,70.9,2669,88.966667,0.670161,matched
2128,70.933333,2669,88.966667,0.680107,matched
2129,70.966667,2670,89.0,0.690054,matched
2130,71.0,2670,89.0,0.7,matched
2131,71.033333,2672,89.066667,0.591729,matched
2132,71.066667,2674,89.133333,0.483458,matched
2133,71.1,2676,89.2,0.375188,matched
2134,71.133333,2678,89.266667,0.266917,review
2135,71.166667,2680,89.333333,0.158646,review
2136,71.2,2682,89.4,0.05039,review
2137,71.233333,2684,89.466667,0.106263,review
2138,71.266667,2686,89.533333,0.162135,review
2139,71.3,2688,89.6,0.218007,review
2140,71.333333,2690,89.666667,0.27388,review
2141,71.366667,2692,89.733333,0.329752,review
2142,71.4,2694,89.8,0.385624,matched
2143,71.433333,2696,89.866667,0.403673,matched
2144,71.466667,2698,89.933333,0.421719,matched
2145,71.5,2700,90.0,0.439766,matched
2146,71.533333,2702,90.066667,0.457813,matched
2147,71.566667,2704,90.133333,0.475859,matched
2148,71.6,2706,90.2,0.493903,matched
2149,71.633333,2708,90.266667,0.44709,matched
2150,71.666667,2710,90.333333,0.400278,matched
2151,71.7,2712,90.4,0.353466,matched
2152,71.733333,2714,90.466667,0.306653,review
2153,71.766667,2716,90.533333,0.259841,review
2154,71.8,2718,90.6,0.213028,review
2155,71.833333,2718,90.6,0.242677,review
2156,71.866667,2719,90.633333,0.272332,review
2157,71.9,2719,90.633333,0.301987,review
2158,71.933333,2720,90.666667,0.331642,review
2159,71.966667,2721,90.7,0.361298,matched
2160,72.0,2721,90.7,0.390953,matched
2161,72.033333,2722,90.733333,0.420608,matched
2162,72.066667,2722,90.733333,0.450264,matched
2163,72.1,2723,90.766667,0.479919,matched
2164,72.133333,2723,90.766667,0.509574,matched
2165,72.166667,2724,90.8,0.539229,matched
2166,72.2,2724,90.8,0.568879,matched
2167,72.233333,2726,90.866667,0.539578,matched
2168,72.266667,2728,90.933333,0.510277,matched
2169,72.3,2730,91.0,0.480976,matched
2170,72.333333,2732,91.066667,0.451675,matched
2171,72.366667,2734,91.133333,0.422374,matched
2172,72.4,2736,91.2,0.393073,matched
2173,72.433333,2738,91.266667,0.371697,matched
2174,72.466667,2740,91.333333,0.350322,matched
2175,72.5,2742,91.4,0.328946,review
2176,72.533333,2744,91.466667,0.30757,review
2177,72.566667,2746,91.533333,0.286195,review
2178,72.6,2748,91.6,0.264821,review
2179,72.633333,2750,91.666667,0.285878,review
2180,72.666667,2752,91.733333,0.306935,review
2181,72.7,2754,91.8,0.327992,review
2182,72.733333,2756,91.866667,0.349049,review
2183,72.766667,2758,91.933333,0.370106,matched
2184,72.8,2760,92.0,0.391163,matched
2185,72.833333,2760,92.0,0.404176,matched
2186,72.866667,2761,92.033333,0.417188,matched
2187,72.9,2761,92.033333,0.430199,matched
2188,72.933333,2762,92.066667,0.443211,matched
2189,72.966667,2762,92.066667,0.456223,matched
2190,73.0,2763,92.1,0.469235,matched
2191,73.033333,2763,92.1,0.482247,matched
2192,73.066667,2764,92.133333,0.495259,matched
2193,73.1,2764,92.133333,0.508271,matched
2194,73.133333,2765,92.166667,0.521282,matched
2195,73.166667,2765,92.166667,0.534294,matched
2196,73.2,2766,92.2,0.547303,matched
2197,73.233333,2766,92.2,0.525238,matched
2198,73.266667,2767,92.233333,0.503174,matched
2199,73.3,2767,92.233333,0.481109,matched
2200,73.333333,2768,92.266667,0.459044,matched
2201,73.366667,2769,92.3,0.43698,matched
2202,73.4,2769,92.3,0.414915,matched
2203,73.433333,2770,92.333333,0.39285,matched
2204,73.466667,2770,92.333333,0.370786,matched
2205,73.5,2771,92.366667,0.348721,review
2206,73.533333,2771,92.366667,0.326656,review
2207,73.566667,2772,92.4,0.304592,review
2208,73.6,2772,92.4,0.28253,review
2209,73.633333,2774,92.466667,0.330742,review
2210,73.666667,2776,92.533333,0.378953,matched
2211,73.7,2778,92.6,0.427165,matched
2212,73.733333,2780,92.666667,0.475376,matched
2213,73.766667,2782,92.733333,0.523588,matched
2214,73.8,2784,92.8,0.5718,matched
2215,73.833333,2786,92.866667,0.531621,matched
2216,73.866667,2788,92.933333,0.491433,matched
2217,73.9,2790,93.0,0.451246,matched
2218,73.933333,2792,93.066667,0.411059,matched
2219,73.966667,2794,93.133333,0.370872,matched
2220,74.0,2796,93.2,0.330685,review
2221,74.033333,2798,93.266667,0.29331,review
2222,74.066667,2800,93.333333,0.255934,review
2223,74.1,2802,93.4,0.218559,review
2224,74.133333,2804,93.466667,0.181183,review
2225,74.166667,2806,93.533333,0.143808,review
2226,74.2,2808,93.6,0.106435,review
2227,74.233333,2809,93.633333,0.098171,review
2228,74.266667,2809,93.633333,0.089906,review
2229,74.3,2810,93.666667,0.081641,review
2230,74.333333,2810,93.666667,0.073376,review
2231,74.366667,2811,93.7,0.065112,review
2232,74.4,2811,93.7,0.056847,review
2233,74.433333,2812,93.733333,0.048582,review
2234,74.466667,2812,93.733333,0.040317,review
2235,74.5,2813,93.766667,0.032053,review
2236,74.533333,2813,93.766667,0.023788,review
2237,74.566667,2814,93.8,0.015523,review
2238,74.6,2814,93.8,0.007263,review
2239,74.633333,2816,93.866667,0.094626,review
2240,74.666667,2818,93.933333,0.181989,review
2241,74.7,2820,94.0,0.269352,review
2242,74.733333,2822,94.066667,0.356715,matched
2243,74.766667,2824,94.133333,0.444078,matched
2244,74.8,2826,94.2,0.531441,matched
2245,74.833333,2826,94.2,0.548681,matched
2246,74.866667,2827,94.233333,0.565914,matched
2247,74.9,2827,94.233333,0.583147,matched
2248,74.933333,2828,94.266667,0.60038,matched
2249,74.966667,2828,94.266667,0.617614,matched
2250,75.0,2829,94.3,0.634847,matched
2251,75.033333,2829,94.3,0.65208,matched
2252,75.066667,2830,94.333333,0.669314,matched
2253,75.1,2831,94.366667,0.686547,matched
2254,75.133333,2831,94.366667,0.70378,matched
2255,75.166667,2832,94.4,0.721013,matched
2256,75.2,2832,94.4,0.738243,matched
2257,75.233333,2833,94.433333,0.719233,matched
2258,75.266667,2833,94.433333,0.700223,matched
2259,75.3,2834,94.466667,0.681213,matched
2260,75.333333,2834,94.466667,0.662203,matched
2261,75.366667,2835,94.5,0.643193,matched
2262,75.4,2835,94.5,0.624183,matched
2263,75.433333,2836,94.533333,0.605173,matched
2264,75.466667,2836,94.533333,0.586163,matched
2265,75.5,2837,94.566667,0.567152,matched
2266,75.533333,2837,94.566667,0.548142,matched
2267,75.566667,2837,94.566667,0.529132,matched
2268,75.6,2838,94.6,0.510124,matched
2269,75.633333,2838,94.6,0.525947,matched
2270,75.666667,2839,94.633333,0.54177,matched
2271,75.7,2840,94.666667,0.557593,matched
2272,75.733333,2840,94.666667,0.573416,matched
2273,75.766667,2841,94.7,0.589239,matched
2274,75.8,2841,94.7,0.605062,matched
2275,75.833333,2842,94.733333,0.620885,matched
2276,75.866667,2842,94.733333,0.636708,matched
2277,75.9,2843,94.766667,0.652531,matched
2278,75.933333,2843,94.766667,0.668354,matched
2279,75.966667,2844,94.8,0.684177,matched
2280,76.0,2844,94.8,0.7,matched
2281,76.033333,2845,94.833333,0.687458,matched
2282,76.066667,2845,94.833333,0.674916,matched
2283,76.1,2846,94.866667,0.662374,matched
2284,76.133333,2846,94.866667,0.649832,matched
2285,76.166667,2847,94.9,0.637289,matched
2286,76.2,2847,94.9,0.624747,matched
2287,76.233333,2848,94.933333,0.612205,matched
2288,76.266667,2848,94.933333,0.599663,matched
2289,76.3,2849,94.966667,0.587121,matched
2290,76.333333,2849,94.966667,0.574579,matched
2291,76.366667,2849,94.966667,0.562037,matched
2292,76.4,2850,95.0,0.549495,matched
2293,76.433333,2850,95.0,0.541281,matched
2294,76.466667,2851,95.033333,0.533068,matched
2295,76.5,2851,95.033333,0.524855,matched
2296,76.533333,2852,95.066667,0.516642,matched
2297,76.566667,2852,95.066667,0.508429,matched
2298,76.6,2853,95.1,0.500216,matched
2299,76.633333,2853,95.1,0.492003,matched
2300,76.666667,2854,95.133333,0.48379,matched
2301,76.7,2854,95.133333,0.475577,matched
2302,76.733333,2855,95.166667,0.467364,matched
2303,76.766667,2855,95.166667,0.459151,matched
2304,76.8,2856,95.2,0.450938,matched
2305,76.833333,2856,95.2,0.453341,matched
2306,76.866667,2857,95.233333,0.455745,matched
2307,76.9,2857,95.233333,0.458149,matched
2308,76.933333,2858,95.266667,0.460553,matched
2309,76.966667,2858,95.266667,0.462957,matched
2310,77.0,2859,95.3,0.465361,matched
2311,77.033333,2859,95.3,0.467764,matched
2312,77.066667,2860,95.333333,0.470168,matched
2313,77.1,2861,95.366667,0.472572,matched
2314,77.133333,2861,95.366667,0.474976,matched
2315,77.166667,2862,95.4,0.47738,matched
2316,77.2,2862,95.4,0.479786,matched
2317,77.233333,2863,95.433333,0.498137,matched
2318,77.266667,2863,95.433333,0.516488,matched
2319,77.3,2864,95.466667,0.534839,matched
2320,77.333333,2864,95.466667,0.553191,matched
2321,77.366667,2865,95.5,0.571542,matched
2322,77.4,2865,95.5,0.589893,matched
2323,77.433333,2866,95.533333,0.608245,matched
2324,77.466667,2866,95.533333,0.626596,matched
2325,77.5,2867,95.566667,0.644947,matched
2326,77.533333,2867,95.566667,0.663298,matched
2327,77.566667,2867,95.566667,0.68165,matched
2328,77.6,2868,95.6,0.7,matched
2329,77.633333,2868,95.6,0.689727,matched
2330,77.666667,2869,95.633333,0.679454,matched
2331,77.7,2870,95.666667,0.669181,matched
2332,77.733333,2870,95.666667,0.658908,matched
2333,77.766667,2871,95.7,0.648635,matched
2334,77.8,2871,95.7,0.638362,matched
2335,77.833333,2872,95.733333,0.628089,matched
2336,77.866667,2872,95.733333,0.617816,matched
2337,77.9,2873,95.766667,0.607543,matched
2338,77.933333,2873,95.766667,0.59727,matched
2339,77.966667,2874,95.8,0.586997,matched
2340,78.0,2874,95.8,0.576724,matched
2341,78.033333,2875,95.833333,0.581348,matched
2342,78.066667,2875,95.833333,0.585973,matched
2343,78.1,2876,95.866667,0.590597,matched
2344,78.133333,2876,95.866667,0.595221,matched
2345,78.166667,2877,95.9,0.599846,matched
2346,78.2,2877,95.9,0.60447,matched
2347,78.233333,2878,95.933333,0.609094,matched
2348,78.266667,2878,95.933333,0.613719,matched
2349,78.3,2879,95.966667,0.618343,matched
2350,78.333333,2879,95.966667,0.622967,matched
2351,78.366667,2879,95.966667,0.627591,matched
2352,78.4,2880,96.0,0.632216,matched
2353,78.433333,2880,96.0,0.637864,matched
2354,78.466667,2881,96.033333,0.643513,matched
2355,78.5,2881,96.033333,0.649162,matched
2356,78.533333,2882,96.066667,0.65481,matched
2357,78.566667,2882,96.066667,0.660459,matched
2358,78.6,2883,96.1,0.666108,matched
2359,78.633333,2883,96.1,0.671756,matched
2360,78.666667,2884,96.133333,0.677405,matched
2361,78.7,2884,96.133333,0.683054,matched
2362,78.733333,2885,96.166667,0.688702,matched
2363,78.766667,2885,96.166667,0.694351,matched
2364,78.8,2886,96.2,0.699999,matched
2365,78.833333,2886,96.2,0.677583,matched
2366,78.866667,2887,96.233333,0.655163,matched
2367,78.9,2887,96.233333,0.632744,matched
2368,78.933333,2888,96.266667,0.610324,matched
2369,78.966667,2888,96.266667,0.587905,matched
2370,79.0,2889,96.3,0.565485,matched
2371,79.033333,2889,96.3,0.543065,matched
2372,79.066667,2890,96.333333,0.520646,matched
2373,79.1,2891,96.366667,0.498226,matched
2374,79.133333,2891,96.366667,0.475807,matched
2375,79.166667,2892,96.4,0.453387,matched
2376,79.2,2892,96.4,0.430968,matched
2377,79.233333,2893,96.433333,0.40444,matched
2378,79.266667,2893,96.433333,0.377912,matched
2379,79.3,2894,96.466667,0.351384,matched
2380,79.333333,2894,96.466667,0.324856,review
2381,79.366667,2895,96.5,0.298328,review
2382,79.4,2895,96.5,0.2718,review
2383,79.433333,2896,96.533333,0.245272,review
2384,79.466667,2896,96.533333,0.218744,review
2385,79.5,2897,96.566667,0.192216,review
2386,79.533333,2897,96.566667,0.165689,review
2387,79.566667,2897,96.566667,0.139161,review
2388,79.6,2898,96.6,0.112634,review
2389,79.633333,2898,96.6,0.118322,review
2390,79.666667,2899,96.633333,0.124009,review
2391,79.7,2900,96.666667,0.129696,review
2392,79.733333,2900,96.666667,0.135384,review
2393,79.766667,2901,96.7,0.141071,review
2394,79.8,2901,96.7,0.146759,review
2395,79.833333,2902,96.733333,0.152446,review
2396,79.866667,2902,96.733333,0.158133,review
2397,79.9,2903,96.766667,0.163821,review
2398,79.933333,2903,96.766667,0.169508,review
2399,79.966667,2904,96.8,0.175196,review
2400,80.0,2904,96.8,0.180883,review
2401,80.033333,2905,96.833333,0.176335,review
2402,80.066667,2905,96.833333,0.171786,review
2403,80.1,2906,96.866667,0.167238,review
2404,80.133333,2906,96.866667,0.16269,review
2405,80.166667,2907,96.9,0.158141,review
2406,80.2,2907,96.9,0.153593,review
2407,80.233333,2908,96.933333,0.149045,review
2408,80.266667,2908,96.933333,0.144496,review
2409,80.3,2909,96.966667,0.139948,review
2410,80.333333,2909,96.966667,0.1354,review
2411,80.366667,2909,96.966667,0.130852,review
2412,80.4,2910,97.0,0.126303,review
2413,80.433333,2912,97.066667,0.221916,review
2414,80.466667,2914,97.133333,0.317534,review
2415,80.5,2916,97.2,0.413151,matched
2416,80.533333,2918,97.266667,0.508769,matched
2417,80.566667,2920,97.333333,0.604387,matched
2418,80.6,2922,97.4,0.699999,matched
2419,80.633333,2923,97.433333,0.682051,matched
2420,80.666667,2923,97.433333,0.664103,matched
2421,80.7,2924,97.466667,0.646155,matched
2422,80.733333,2924,97.466667,0.628207,matched
2423,80.766667,2925,97.5,0.61026,matched
2424,80.8,2925,97.5,0.592312,matched
2425,80.833333,2926,97.533333,0.574364,matched
2426,80.866667,2926,97.533333,0.556416,matched
2427,80.9,2926,97.533333,0.538468,matched
2428,80.933333,2927,97.566667,0.52052,matched
2429,80.966667,2927,97.566667,0.502572,matched
2430,81.0,2928,97.6,0.484624,matched
2431,81.033333,2928,97.6,0.465667,matched
2432,81.066667,2929,97.633333,0.44671,matched
2433,81.1,2929,97.633333,0.427754,matched
2434,81.133333,2930,97.666667,0.408797,matched
2435,81.166667,2931,97.7,0.38984,matched
2436,81.2,2931,97.7,0.370883,matched
2437,81.233333,2932,97.733333,0.351927,matched
2438,81.266667,2932,97.733333,0.33297,review
2439,81.3,2933,97.766667,0.314013,review
2440,81.333333,2933,97.766667,0.295056,review
2441,81.366667,2934,97.8,0.2761,review
2442,81.4,2934,97.8,0.257143,review
2443,81.433333,2935,97.833333,0.250073,review
2444,81.466667,2935,97.833333,0.243003,review
2445,81.5,2936,97.866667,0.235934,review
2446,81.533333,2936,97.866667,0.228864,review
2447,81.566667,2937,97.9,0.221795,review
2448,81.6,2937,97.9,0.214725,review
2449,81.633333,2938,97.933333,0.207655,review
2450,81.666667,2938,97.933333,0.200586,review
2451,81.7,2938,97.933333,0.193516,review
2452,81.733333,2939,97.966667,0.186447,review
2453,81.766667,2939,97.966667,0.179377,review
2454,81.8,2940,98.0,0.172308,review
2455,81.833333,2942,98.066667,0.174498,review
2456,81.866667,2944,98.133333,0.17669,review
2457,81.9,2946,98.2,0.178881,review
2458,81.933333,2948,98.266667,0.181072,review
2459,81.966667,2950,98.333333,0.183264,review
2460,82.0,2952,98.4,0.185455,review
2461,82.033333,2953,98.433333,0.184349,review
2462,82.066667,2953,98.433333,0.183242,review
2463,82.1,2954,98.466667,0.182136,review
2464,82.133333,2954,98.466667,0.181029,review
2465,82.166667,2954,98.466667,0.179923,review
2466,82.2,2955,98.5,0.178817,review
2467,82.233333,2955,98.5,0.17771,review
2468,82.266667,2956,98.533333,0.176604,review
2469,82.3,2956,98.533333,0.175497,review
2470,82.333333,2957,98.566667,0.174391,review
2471,82.366667,2957,98.566667,0.173284,review
2472,82.4,2958,98.6,0.172178,review
2473,82.433333,2958,98.6,0.182843,review
2474,82.466667,2959,98.633333,0.193508,review
2475,82.5,2959,98.633333,0.204173,review
2476,82.533333,2960,98.666667,0.214838,review
2477,82.566667,2960,98.666667,0.225504,review
2478,82.6,2961,98.7,0.236169,review
2479,82.633333,2961,98.7,0.246834,review
2480,82.666667,2962,98.733333,0.257499,review
2481,82.7,2963,98.766667,0.268164,review
2482,82.733333,2963,98.766667,0.27883,review
2483,82.766667,2964,98.8,0.289495,review
2484,82.8,2964,98.8,0.30016,review
2485,82.833333,2965,98.833333,0.307812,review
2486,82.866667,2965,98.833333,0.315464,review
2487,82.9,2966,98.866667,0.323115,review
2488,82.933333,2966,98.866667,0.330767,review
2489,82.966667,2967,98.9,0.338419,review
2490,83.0,2967,98.9,0.34607,review
2491,83.033333,2968,98.933333,0.353722,matched
2492,83.066667,2968,98.933333,0.361374,matched
2493,83.1,2969,98.966667,0.369026,matched
2494,83.133333,2969,98.966667,0.376677,matched
2495,83.166667,2970,99.0,0.384329,matched
2496,83.2,2970,99.0,0.39198,matched
2497,83.233333,2971,99.033333,0.393491,matched
2498,83.266667,2971,99.033333,0.395002,matched
2499,83.3,2972,99.066667,0.396513,matched
2500,83.333333,2972,99.066667,0.398024,matched
2501,83.366667,2972,99.066667,0.399535,matched
2502,83.4,2973,99.1,0.401046,matched
2503,83.433333,2973,99.1,0.402557,matched
2504,83.466667,2974,99.133333,0.404068,matched
2505,83.5,2974,99.133333,0.405579,matched
2506,83.533333,2975,99.166667,0.40709,matched
2507,83.566667,2975,99.166667,0.408601,matched
2508,83.6,2976,99.2,0.410109,matched
2509,83.633333,2978,99.266667,0.352944,matched
2510,83.666667,2980,99.333333,0.295778,review
2511,83.7,2982,99.4,0.238613,review
2512,83.733333,2984,99.466667,0.181447,review
2513,83.766667,2986,99.533333,0.124282,review
2514,83.8,2988,99.6,0.067116,review
2515,83.833333,2990,99.666667,0.05993,review
2516,83.866667,2992,99.733333,0.052748,review
2517,83.9,2994,99.8,0.045566,review
2518,83.933333,2996,99.866667,0.038385,review
2519,83.966667,2998,99.933333,0.031203,review
2520,84.0,3000,100.0,0.024021,review
2521,84.033333,3002,100.066667,0.076869,review
2522,84.066667,3004,100.133333,0.129717,review
2523,84.1,3006,100.2,0.182564,review
2524,84.133333,3008,100.266667,0.235412,review
2525,84.166667,3010,100.333333,0.28826,review
2526,84.2,3012,100.4,0.341108,review
2527,84.233333,3014,100.466667,0.390862,matched
2528,84.266667,3016,100.533333,0.440617,matched
2529,84.3,3018,100.6,0.490372,matched
2530,84.333333,3020,100.666667,0.540126,matched
2531,84.366667,3022,100.733333,0.589881,matched
2532,84.4,3024,100.8,0.639636,matched
2533,84.433333,3026,100.866667,0.571645,matched
2534,84.466667,3028,100.933333,0.50365,matched
2535,84.5,3030,101.0,0.435654,matched
2536,84.533333,3032,101.066667,0.367658,matched
2537,84.566667,3034,101.133333,0.299663,review
2538,84.6,3036,101.2,0.231669,review
2539,84.633333,3038,101.266667,0.213936,review
2540,84.666667,3040,101.333333,0.196203,review
2541,84.7,3042,101.4,0.17847,review
2542,84.733333,3044,101.466667,0.160737,review
2543,84.766667,3046,101.533333,0.143005,review
2544,84.8,3048,101.6,0.125272,review
2545,84.833333,3050,101.666667,0.110526,review
2546,84.866667,3052,101.733333,0.09578,review
2547,84.9,3054,101.8,0.081034,review
2548,84.933333,3056,101.866667,0.066288,review
2549,84.966667,3058,101.933333,0.051543,review
2550,85.0,3060,102.0,0.036797,review
2551,85.033333,3062,102.066667,0.062363,review
2552,85.066667,3064,102.133333,0.08793,review
2553,85.1,3066,102.2,0.113496,review
2554,85.133333,3068,102.266667,0.139063,review
2555,85.166667,3070,102.333333,0.164629,review
2556,85.2,3072,102.4,0.190192,review
2557,85.233333,3074,102.466667,0.184703,review
2558,85.266667,3076,102.533333,0.179213,review
2559,85.3,3078,102.6,0.173723,review
2560,85.333333,3080,102.666667,0.168234,review
2561,85.366667,3082,102.733333,0.162744,review
2562,85.4,3084,102.8,0.157254,review
2563,85.433333,3086,102.866667,0.131046,review
2564,85.466667,3088,102.933333,0.104836,review
2565,85.5,3090,103.0,0.078627,review
2566,85.533333,3092,103.066667,0.052418,review
2567,85.566667,3094,103.133333,0.026208,review
2568,85.6,3096,103.2,0.0,review
2569,85.633333,3098,103.266667,0.008185,review
2570,85.666667,3100,103.333333,0.016369,review
2571,85.7,3102,103.4,0.024554,review
2572,85.733333,3104,103.466667,0.032738,review
2573,85.766667,3106,103.533333,0.040923,review
2574,85.8,3108,103.6,0.049107,review
2575,85.833333,3110,103.666667,0.088406,review
2576,85.866667,3112,103.733333,0.127707,review
2577,85.9,3114,103.8,0.167008,review
2578,85.933333,3116,103.866667,0.206309,review
2579,85.966667,3118,103.933333,0.245611,review
2580,86.0,3120,104.0,0.284912,review
2581,86.033333,3120,104.0,0.290638,review
2582,86.066667,3121,104.033333,0.296364,review
2583,86.1,3121,104.033333,0.30209,review
2584,86.133333,3122,104.066667,0.307816,review
2585,86.166667,3122,104.066667,0.313541,review
2586,86.2,3123,104.1,0.319267,review
2587,86.233333,3123,104.1,0.324993,review
2588,86.266667,3124,104.133333,0.330719,review
2589,86.3,3124,104.133333,0.336445,review
2590,86.333333,3125,104.166667,0.342171,review
2591,86.366667,3125,104.166667,0.347897,review
2592,86.4,3126,104.2,0.353623,matched
2593,86.433333,3128,104.266667,0.300507,review
2594,86.466667,3130,104.333333,0.247388,review
2595,86.5,3132,104.4,0.19427,review
2596,86.533333,3134,104.466667,0.141152,review
2597,86.566667,3136,104.533333,0.088033,review
2598,86.6,3138,104.6,0.034917,review
2599,86.633333,3140,104.666667,0.03502,review
2600,86.666667,3142,104.733333,0.035122,review
2601,86.7,3144,104.8,0.035224,review
2602,86.733333,3146,104.866667,0.035327,review
2603,86.766667,3148,104.933333,0.035429,review
2604,86.8,3150,105.0,0.035532,review
2605,86.833333,3152,105.066667,0.060946,review
2606,86.866667,3154,105.133333,0.086362,review
2607,86.9,3156,105.2,0.111779,review
2608,86.933333,3158,105.266667,0.137195,review
2609,86.966667,3160,105.333333,0.162612,review
2610,87.0,3162,105.4,0.188028,review
2611,87.033333,3163,105.433333,0.185265,review
2612,87.066667,3163,105.433333,0.182502,review
2613,87.1,3164,105.466667,0.179739,review
2614,87.133333,3164,105.466667,0.176976,review
2615,87.166667,3164,105.466667,0.174213,review
2616,87.2,3165,105.5,0.17145,review
2617,87.233333,3165,105.5,0.168686,review
2618,87.266667,3166,105.533333,0.165923,review
2619,87.3,3166,105.533333,0.16316,review
2620,87.333333,3167,105.566667,0.160397,review
2621,87.366667,3167,105.566667,0.157634,review
2622,87.4,3168,105.6,0.154871,review
2623,87.433333,3168,105.6,0.142006,review
2624,87.466667,3169,105.633333,0.12914,review
2625,87.5,3169,105.633333,0.116274,review
2626,87.533333,3170,105.666667,0.103408,review
2627,87.566667,3170,105.666667,0.090542,review
2628,87.6,3171,105.7,0.077676,review
2629,87.633333,3171,105.7,0.064811,review
2630,87.666667,3172,105.733333,0.051945,review
2631,87.7,3173,105.766667,0.039079,review
2632,87.733333,3173,105.766667,0.026213,review
2633,87.766667,3174,105.8,0.013347,review
2634,87.8,3174,105.8,0.000481,review
2635,87.833333,3175,105.833333,0.012391,review
2636,87.866667,3175,105.833333,0.024302,review
2637,87.9,3176,105.866667,0.036214,review
2638,87.933333,3176,105.866667,0.048125,review
2639,87.966667,3177,105.9,0.060037,review
2640,88.0,3177,105.9,0.071949,review
2641,88.033333,3178,105.933333,0.08386,review
2642,88.066667,3178,105.933333,0.095772,review
2643,88.1,3179,105.966667,0.107683,review
2644,88.133333,3179,105.966667,0.119595,review
2645,88.166667,3180,106.0,0.131506,review
2646,88.2,3180,106.0,0.143418,review
2647,88.233333,3182,106.066667,0.158972,review
2648,88.266667,3184,106.133333,0.174526,review
2649,88.3,3186,106.2,0.190079,review
2650,88.333333,3188,106.266667,0.205633,review
2651,88.366667,3190,106.333333,0.221187,review
2652,88.4,3192,106.4,0.23674,review
2653,88.433333,3194,106.466667,0.272947,review
2654,88.466667,3196,106.533333,0.309155,review
2655,88.5,3198,106.6,0.345362,review
2656,88.533333,3200,106.666667,0.38157,matched
2657,88.566667,3202,106.733333,0.417778,matched
2658,88.6,3204,106.8,0.453983,matched
2659,88.633333,3205,106.833333,0.427674,matched
2660,88.666667,3205,106.833333,0.401365,matched
2661,88.7,3206,106.866667,0.375057,matched
2662,88.733333,3206,106.866667,0.348748,review
2663,88.766667,3207,106.9,0.322439,review
2664,88.8,3207,106.9,0.29613,review
2665,88.833333,3208,106.933333,0.269822,review
2666,88.866667,3208,106.933333,0.243513,review
2667,88.9,3209,106.966667,0.217204,review
2668,88.933333,3209,106.966667,0.190895,review
2669,88.966667,3210,107.0,0.164587,review
2670,89.0,3210,107.0,0.138278,review
2671,89.033333,3211,107.033333,0.164604,review
2672,89.066667,3212,107.066667,0.190929,review
2673,89.1,3213,107.1,0.217255,review
2674,89.133333,3214,107.133333,0.243581,review
2675,89.166667,3215,107.166667,0.269907,review
2676,89.2,3216,107.2,0.296228,review
2677,89.233333,3216,107.2,0.271625,review
2678,89.266667,3217,107.233333,0.247023,review
2679,89.3,3217,107.233333,0.222421,review
2680,89.333333,3218,107.266667,0.197819,review
2681,89.366667,3219,107.3,0.173217,review
2682,89.4,3219,107.3,0.148614,review
2683,89.433333,3220,107.333333,0.124012,review
2684,89.466667,3220,107.333333,0.09941,review
2685,89.5,3221,107.366667,0.074808,review
2686,89.533333,3221,107.366667,0.050205,review
2687,89.566667,3222,107.4,0.025603,review
2688,89.6,3222,107.4,0.001003,review
2689,89.633333,3223,107.433333,0.026092,review
2690,89.666667,3223,107.433333,0.05118,review
2691,89.7,3224,107.466667,0.076268,review
2692,89.733333,3224,107.466667,0.101357,review
2693,89.766667,3225,107.5,0.126445,review
2694,89.8,3225,107.5,0.151534,review
2695,89.833333,3226,107.533333,0.176622,review
2696,89.866667,3226,107.533333,0.20171,review
2697,89.9,3226,107.533333,0.226799,review
2698,89.933333,3227,107.566667,0.251887,review
2699,89.966667,3227,107.566667,0.276976,review
2700,90.0,3228,107.6,0.302064,review
2701,90.033333,3230,107.666667,0.293397,review
2702,90.066667,3232,107.733333,0.28473,review
2703,90.1,3234,107.8,0.276063,review
2704,90.133333,3236,107.866667,0.267396,review
2705,90.166667,3238,107.933333,0.258729,review
2706,90.2,3240,108.0,0.25006,review
2707,90.233333,3242,108.066667,0.21464,review
2708,90.266667,3244,108.133333,0.17922,review
2709,90.3,3246,108.2,0.1438,review
2710,90.333333,3248,108.266667,0.10838,review
2711,90.366667,3250,108.333333,0.07296,review
2712,90.4,3252,108.4,0.037541,review
2713,90.433333,3254,108.466667,0.058029,review
2714,90.466667,3256,108.533333,0.078519,review
2715,90.5,3258,108.6,0.09901,review
2716,90.533333,3260,108.666667,0.119501,review
2717,90.566667,3262,108.733333,0.139991,review
2718,90.6,3264,108.8,0.160482,review
2719,90.633333,3266,108.866667,0.171975,review
2720,90.666667,3268,108.933333,0.183469,review
2721,90.7,3270,109.0,0.194963,review
2722,90.733333,3272,109.066667,0.206457,review
2723,90.766667,3274,109.133333,0.217951,review
2724,90.8,3276,109.2,0.229445,review
2725,90.833333,3278,109.266667,0.221239,review
2726,90.866667,3280,109.333333,0.21303,review
2727,90.9,3282,109.4,0.204822,review
2728,90.933333,3284,109.466667,0.196614,review
2729,90.966667,3286,109.533333,0.188406,review
2730,91.0,3288,109.6,0.180198,review
2731,91.033333,3290,109.666667,0.188204,review
2732,91.066667,3292,109.733333,0.19621,review
2733,91.1,3294,109.8,0.204216,review
2734,91.133333,3296,109.866667,0.212222,review
2735,91.166667,3298,109.933333,0.220229,review
2736,91.2,3300,110.0,0.228234,review
2737,91.233333,3301,110.033333,0.22428,review
2738,91.266667,3301,110.033333,0.220326,review
2739,91.3,3302,110.066667,0.216372,review
2740,91.333333,3302,110.066667,0.212418,review
2741,91.366667,3302,110.066667,0.208464,review
2742,91.4,3303,110.1,0.20451,review
2743,91.433333,3303,110.1,0.200556,review
2744,91.466667,3304,110.133333,0.196602,review
2745,91.5,3304,110.133333,0.192648,review
2746,91.533333,3305,110.166667,0.188694,review
2747,91.566667,3305,110.166667,0.18474,review
2748,91.6,3306,110.2,0.180787,review
2749,91.633333,3306,110.2,0.192123,review
2750,91.666667,3307,110.233333,0.203459,review
2751,91.7,3307,110.233333,0.214795,review
2752,91.733333,3308,110.266667,0.226131,review
2753,91.766667,3308,110.266667,0.237468,review
2754,91.8,3309,110.3,0.248804,review
2755,91.833333,3309,110.3,0.26014,review
2756,91.866667,3310,110.333333,0.271476,review
2757,91.9,3311,110.366667,0.282812,review
2758,91.933333,3311,110.366667,0.294149,review
2759,91.966667,3312,110.4,0.305485,review
2760,92.0,3312,110.4,0.316821,review
2761,92.033333,3314,110.466667,0.339802,review
2762,92.066667,3316,110.533333,0.362784,matched
2763,92.1,3318,110.6,0.385765,matched
2764,92.133333,3320,110.666667,0.408746,matched
2765,92.166667,3322,110.733333,0.431728,matched
2766,92.2,3324,110.8,0.454705,matched
2767,92.233333,3326,110.866667,0.43502,matched
2768,92.266667,3328,110.933333,0.415336,matched
2769,92.3,3330,111.0,0.395651,matched
2770,92.333333,3332,111.066667,0.375966,matched
2771,92.366667,3334,111.133333,0.356282,matched
2772,92.4,3336,111.2,0.336597,review
2773,92.433333,3338,111.266667,0.301207,review
2774,92.466667,3340,111.333333,0.265817,review
2775,92.5,3342,111.4,0.230427,review
2776,92.533333,3344,111.466667,0.195036,review
2777,92.566667,3346,111.533333,0.159646,review
2778,92.6,3348,111.6,0.124259,review
2779,92.633333,3350,111.666667,0.165925,review
2780,92.666667,3352,111.733333,0.207591,review
2781,92.7,3354,111.8,0.249257,review
2782,92.733333,3356,111.866667,0.290922,review
2783,92.766667,3358,111.933333,0.332588,review
2784,92.8,3360,112.0,0.374254,matched
2785,92.833333,3360,112.0,0.381471,matched
2786,92.866667,3361,112.033333,0.388685,matched
2787,92.9,3361,112.033333,0.395898,matched
2788,92.933333,3362,112.066667,0.403112,matched
2789,92.966667,3362,112.066667,0.410326,matched
2790,93.0,3363,112.1,0.41754,matched
2791,93.033333,3363,112.1,0.424753,matched
2792,93.066667,3364,112.133333,0.431967,matched
2793,93.1,3364,112.133333,0.439181,matched
2794,93.133333,3365,112.166667,0.446394,matched
2795,93.166667,3365,112.166667,0.453608,matched
2796,93.2,3366,112.2,0.460816,matched
2797,93.233333,3368,112.266667,0.406454,matched
2798,93.266667,3370,112.333333,0.352092,matched
2799,93.3,3372,112.4,0.29773,review
2800,93.333333,3374,112.466667,0.243368,review
2801,93.366667,3376,112.533333,0.189006,review
2802,93.4,3378,112.6,0.134644,review
2803,93.433333,3378,112.6,0.130973,review
2804,93.466667,3379,112.633333,0.127305,review
2805,93.5,3379,112.633333,0.123636,review
2806,93.533333,3380,112.666667,0.119967,review
2807,93.566667,3380,112.666667,0.116298,review
2808,93.6,3381,112.7,0.112629,review
2809,93.633333,3381,112.7,0.10896,review
2810,93.666667,3382,112.733333,0.105292,review
2811,93.7,3383,112.766667,0.101623,review
2812,93.733333,3383,112.766667,0.097954,review
2813,93.766667,3384,112.8,0.094285,review
2814,93.8,3384,112.8,0.090616,review
2815,93.833333,3386,112.866667,0.104468,review
2816,93.866667,3388,112.933333,0.118322,review
2817,93.9,3390,113.0,0.132175,review
2818,93.933333,3392,113.066667,0.146029,review
2819,93.966667,3394,113.133333,0.159882,review
2820,94.0,3396,113.2,0.173736,review
2821,94.033333,3398,113.266667,0.169352,review
2822,94.066667,3400,113.333333,0.164968,review
2823,94.1,3402,113.4,0.160583,review
2824,94.133333,3404,113.466667,0.156199,review
2825,94.166667,3406,113.533333,0.151815,review
2826,94.2,3408,113.6,0.147431,review
2827,94.233333,3410,113.666667,0.151111,review
2828,94.266667,3412,113.733333,0.154791,review
2829,94.3,3414,113.8,0.15847,review
2830,94.333333,3416,113.866667,0.16215,review
2831,94.366667,3418,113.933333,0.165829,review
2832,94.4,3420,114.0,0.169509,review
2833,94.433333,3422,114.066667,0.141258,review
2834,94.466667,3424,114.133333,0.113006,review
2835,94.5,3426,114.2,0.084754,review
2836,94.533333,3428,114.266667,0.056503,review
2837,94.566667,3430,114.333333,0.028251,review
2838,94.6,3432,114.4,0.0,review
2839,94.633333,3434,114.466667,0.0,review
2840,94.666667,3436,114.533333,0.0,review
2841,94.7,3438,114.6,0.0,review
2842,94.733333,3440,114.666667,0.0,review
2843,94.766667,3442,114.733333,0.0,review
2844,94.8,3444,114.8,0.0,review
2845,94.833333,3446,114.866667,0.0,review
2846,94.866667,3448,114.933333,0.0,review
2847,94.9,3450,115.0,0.0,review
2848,94.933333,3452,115.066667,0.0,review
2849,94.966667,3454,115.133333,0.0,review
2850,95.0,3456,115.2,0.0,review
2851,95.033333,3458,115.266667,0.0,review
2852,95.066667,3460,115.333333,0.0,review
2853,95.1,3462,115.4,0.0,review
2854,95.133333,3464,115.466667,0.0,review
2855,95.166667,3466,115.533333,0.0,review
2856,95.2,3468,115.6,0.0,review
2857,95.233333,3470,115.666667,0.0,review
2858,95.266667,3472,115.733333,0.0,review
2859,95.3,3474,115.8,0.0,review
2860,95.333333,3476,115.866667,0.0,review
2861,95.366667,3478,115.933333,0.0,review
2862,95.4,3480,116.0,0.0,review
2863,95.433333,3482,116.066667,0.0,review
2864,95.466667,3484,116.133333,0.0,review
2865,95.5,3486,116.2,0.0,review
2866,95.533333,3488,116.266667,0.0,review
2867,95.566667,3490,116.333333,0.0,review
2868,95.6,3492,116.4,0.0,review
2869,95.633333,3494,116.466667,0.0,review
2870,95.666667,3496,116.533333,0.0,review
2871,95.7,3498,116.6,0.0,review
2872,95.733333,3500,116.666667,0.0,review
2873,95.766667,3502,116.733333,0.0,review
2874,95.8,3504,116.8,0.0,review
2875,95.833333,3506,116.866667,0.0,review
2876,95.866667,3508,116.933333,0.0,review
2877,95.9,3510,117.0,0.0,review
2878,95.933333,3512,117.066667,0.0,review
2879,95.966667,3514,117.133333,0.0,review
2880,96.0,3516,117.2,0.0,review
2881,96.033333,3518,117.266667,0.0,review
2882,96.066667,3520,117.333333,0.0,review
2883,96.1,3522,117.4,0.0,review
2884,96.133333,3524,117.466667,0.0,review
2885,96.166667,3526,117.533333,0.0,review
2886,96.2,3528,117.6,1e-06,review
2887,96.233333,3530,117.666667,0.007315,review
2888,96.266667,3532,117.733333,0.014629,review
2889,96.3,3534,117.8,0.021944,review
2890,96.333333,3536,117.866667,0.029258,review
2891,96.366667,3538,117.933333,0.036572,review
2892,96.4,3540,118.0,0.043887,review
2893,96.433333,3542,118.066667,0.036573,review
2894,96.466667,3544,118.133333,0.029258,review
2895,96.5,3546,118.2,0.021944,review
2896,96.533333,3548,118.266667,0.014629,review
2897,96.566667,3550,118.333333,0.007314,review
2898,96.6,3552,118.4,0.0,review
2899,96.633333,3554,118.466667,0.0,review
2900,96.666667,3556,118.533333,0.0,review
2901,96.7,3558,118.6,0.0,review
2902,96.733333,3560,118.666667,0.0,review
2903,96.766667,3562,118.733333,0.0,review
2904,96.8,3564,118.8,0.0,review
2905,96.833333,3566,118.866667,0.0,review
2906,96.866667,3568,118.933333,0.0,review
2907,96.9,3570,119.0,0.0,review
2908,96.933333,3572,119.066667,0.0,review
2909,96.966667,3574,119.133333,0.0,review
2910,97.0,3576,119.2,0.0,review
2911,97.033333,3578,119.266667,0.0,review
2912,97.066667,3580,119.333333,0.0,review
2913,97.1,3582,119.4,0.0,review
2914,97.133333,3584,119.466667,0.0,review
2915,97.166667,3586,119.533333,0.0,review
2916,97.2,3588,119.6,0.0,review
2917,97.233333,3590,119.666667,0.0,review
2918,97.266667,3592,119.733333,0.0,review
2919,97.3,3594,119.8,0.0,review
2920,97.333333,3596,119.866667,0.0,review
2921,97.366667,3598,119.933333,0.0,review
2922,97.4,3600,120.0,0.0,review
2923,97.433333,3602,120.066667,0.0,review
2924,97.466667,3604,120.133333,0.0,review
2925,97.5,3606,120.2,0.0,review
2926,97.533333,3608,120.266667,0.0,review
2927,97.566667,3610,120.333333,0.0,review
2928,97.6,3612,120.4,1e-06,review
2929,97.633333,3613,120.433333,0.02386,review
2930,97.666667,3613,120.433333,0.047718,review
2931,97.7,3614,120.466667,0.071576,review
2932,97.733333,3614,120.466667,0.095435,review
2933,97.766667,3615,120.5,0.119293,review
2934,97.8,3615,120.5,0.143152,review
2935,97.833333,3616,120.533333,0.16701,review
2936,97.866667,3616,120.533333,0.190868,review
2937,97.9,3616,120.533333,0.214727,review
2938,97.933333,3617,120.566667,0.238585,review
2939,97.966667,3617,120.566667,0.262444,review
2940,98.0,3618,120.6,0.286302,review
2941,98.033333,3618,120.6,0.298629,review
2942,98.066667,3619,120.633333,0.310955,review
2943,98.1,3619,120.633333,0.323282,review
2944,98.133333,3620,120.666667,0.335608,review
2945,98.166667,3621,120.7,0.347935,review
2946,98.2,3621,120.7,0.360261,matched
2947,98.233333,3622,120.733333,0.372588,matched
2948,98.266667,3622,120.733333,0.384914,matched
2949,98.3,3623,120.766667,0.397241,matched
2950,98.333333,3623,120.766667,0.409567,matched
2951,98.366667,3624,120.8,0.421894,matched
2952,98.4,3624,120.8,0.43422,matched
2953,98.433333,3626,120.866667,0.462206,matched
2954,98.466667,3628,120.933333,0.490192,matched
2955,98.5,3630,121.0,0.518177,matched
2956,98.533333,3632,121.066667,0.546163,matched
2957,98.566667,3634,121.133333,0.574149,matched
2958,98.6,3636,121.2,0.602132,matched
2959,98.633333,3636,121.2,0.569197,matched
2960,98.666667,3637,121.233333,0.536262,matched
2961,98.7,3637,121.233333,0.503327,matched
2962,98.733333,3638,121.266667,0.470392,matched
2963,98.766667,3638,121.266667,0.437457,matched
2964,98.8,3639,121.3,0.404522,matched
2965,98.833333,3639,121.3,0.371587,matched
2966,98.866667,3640,121.333333,0.338651,review
2967,98.9,3641,121.366667,0.305716,review
2968,98.933333,3641,121.366667,0.272781,review
2969,98.966667,3642,121.4,0.239846,review
2970,99.0,3642,121.4,0.206911,review
2971,99.033333,3643,121.433333,0.233343,review
2972,99.066667,3643,121.433333,0.259775,review
2973,99.1,3644,121.466667,0.286207,review
2974,99.133333,3644,121.466667,0.312639,review
2975,99.166667,3644,121.466667,0.33907,review
2976,99.2,3645,121.5,0.365502,matched
2977,99.233333,3645,121.5,0.391934,matched
2978,99.266667,3646,121.533333,0.418366,matched
2979,99.3,3646,121.533333,0.444798,matched
2980,99.333333,3647,121.566667,0.47123,matched
2981,99.366667,3647,121.566667,0.497662,matched
2982,99.4,3648,121.6,0.524094,matched
2983,99.433333,3648,121.6,0.485675,matched
2984,99.466667,3649,121.633333,0.447253,matched
2985,99.5,3649,121.633333,0.408831,matched
2986,99.533333,3650,121.666667,0.370409,matched
2987,99.566667,3650,121.666667,0.331987,review
2988,99.6,3651,121.7,0.293565,review
2989,99.633333,3651,121.7,0.255143,review
2990,99.666667,3652,121.733333,0.216721,review
2991,99.7,3653,121.766667,0.178299,review
2992,99.733333,3653,121.766667,0.139877,review
2993,99.766667,3654,121.8,0.101455,review
2994,99.8,3654,121.8,0.063034,review
2995,99.833333,3655,121.833333,0.068542,review
2996,99.866667,3655,121.833333,0.074055,review
2997,99.9,3656,121.866667,0.079567,review
2998,99.933333,3656,121.866667,0.08508,review
2999,99.966667,3657,121.9,0.090592,review
3000,100.0,3657,121.9,0.096105,review
3001,100.033333,3658,121.933333,0.101618,review
3002,100.066667,3658,121.933333,0.10713,review
3003,100.1,3659,121.966667,0.112643,review
3004,100.133333,3659,121.966667,0.118155,review
3005,100.166667,3660,122.0,0.123668,review
3006,100.2,3660,122.0,0.129181,review
3007,100.233333,3661,122.033333,0.138443,review
3008,100.266667,3661,122.033333,0.147705,review
3009,100.3,3662,122.066667,0.156967,review
3010,100.333333,3662,122.066667,0.166229,review
3011,100.366667,3662,122.066667,0.175491,review
3012,100.4,3663,122.1,0.184753,review
3013,100.433333,3663,122.1,0.194015,review
3014,100.466667,3664,122.133333,0.203277,review
3015,100.5,3664,122.133333,0.212539,review
3016,100.533333,3665,122.166667,0.2218,review
3017,100.566667,3665,122.166667,0.231062,review
3018,100.6,3666,122.2,0.240324,review
3019,100.633333,3666,122.2,0.241504,review
3020,100.666667,3667,122.233333,0.242684,review
3021,100.7,3667,122.233333,0.243863,review
3022,100.733333,3668,122.266667,0.245043,review
3023,100.766667,3668,122.266667,0.246223,review
3024,100.8,3669,122.3,0.247403,review
3025,100.833333,3669,122.3,0.248582,review
3026,100.866667,3670,122.333333,0.249762,review
3027,100.9,3671,122.366667,0.250942,review
3028,100.933333,3671,122.366667,0.252121,review
3029,100.966667,3672,122.4,0.253301,review
3030,101.0,3672,122.4,0.254481,review
3031,101.033333,3673,122.433333,0.255774,review
3032,101.066667,3673,122.433333,0.257067,review
3033,101.1,3674,122.466667,0.258359,review
3034,101.133333,3674,122.466667,0.259652,review
3035,101.166667,3674,122.466667,0.260945,review
3036,101.2,3675,122.5,0.262238,review
3037,101.233333,3675,122.5,0.263531,review
3038,101.266667,3676,122.533333,0.264824,review
3039,101.3,3676,122.533333,0.266116,review
3040,101.333333,3677,122.566667,0.267409,review
3041,101.366667,3677,122.566667,0.268702,review
3042,101.4,3678,122.6,0.269995,review
3043,101.433333,3678,122.6,0.29911,review
3044,101.466667,3679,122.633333,0.328225,review
3045,101.5,3679,122.633333,0.357341,matched
3046,101.533333,3680,122.666667,0.386457,matched
3047,101.566667,3680,122.666667,0.415573,matched
3048,101.6,3681,122.7,0.444689,matched
3049,101.633333,3681,122.7,0.473805,matched
3050,101.666667,3682,122.733333,0.502921,matched
3051,101.7,3683,122.766667,0.532037,matched
3052,101.733333,3683,122.766667,0.561153,matched
3053,101.766667,3684,122.8,0.590268,matched
3054,101.8,3684,122.8,0.619384,matched
3055,101.833333,3685,122.833333,0.599937,matched
3056,101.866667,3685,122.833333,0.580486,matched
3057,101.9,3686,122.866667,0.561034,matched
3058,101.933333,3686,122.866667,0.541583,matched
3059,101.966667,3687,122.9,0.522131,matched
3060,102.0,3687,122.9,0.50268,matched
3061,102.033333,3688,122.933333,0.483229,matched
3062,102.066667,3688,122.933333,0.463777,matched
3063,102.1,3689,122.966667,0.444326,matched
3064,102.133333,3689,122.966667,0.424874,matched
3065,102.166667,3690,123.0,0.405423,matched
3066,102.2,3690,123.0,0.385974,matched
3067,102.233333,3691,123.033333,0.401791,matched
3068,102.266667,3691,123.033333,0.417608,matched
3069,102.3,3692,123.066667,0.433424,matched
3070,102.333333,3692,123.066667,0.449241,matched
3071,102.366667,3692,123.066667,0.465057,matched
3072,102.4,3693,123.1,0.480874,matched
3073,102.433333,3693,123.1,0.496691,matched
3074,102.466667,3694,123.133333,0.512507,matched
3075,102.5,3694,123.133333,0.528324,matched
3076,102.533333,3695,123.166667,0.544141,matched
3077,102.566667,3695,123.166667,0.559957,matched
3078,102.6,3696,123.2,0.575773,matched
3079,102.633333,3696,123.2,0.581562,matched
3080,102.666667,3697,123.233333,0.587352,matched
3081,102.7,3697,123.233333,0.593141,matched
3082,102.733333,3698,123.266667,0.59893,matched
3083,102.766667,3698,123.266667,0.604719,matched
3084,102.8,3699,123.3,0.610508,matched
3085,102.833333,3699,123.3,0.616297,matched
3086,102.866667,3700,123.333333,0.622086,matched
3087,102.9,3701,123.366667,0.627876,matched
3088,102.933333,3701,123.366667,0.633665,matched
3089,102.966667,3702,123.4,0.639454,matched
3090,103.0,3702,123.4,0.645243,matched
3091,103.033333,3703,123.433333,0.631312,matched
3092,103.066667,3703,123.433333,0.61738,matched
3093,103.1,3704,123.466667,0.603449,matched
3094,103.133333,3704,123.466667,0.589518,matched
3095,103.166667,3704,123.466667,0.575587,matched
3096,103.2,3705,123.5,0.561655,matched
3097,103.233333,3705,123.5,0.547724,matched
3098,103.266667,3706,123.533333,0.533793,matched
3099,103.3,3706,123.533333,0.519861,matched
3100,103.333333,3707,123.566667,0.50593,matched
3101,103.366667,3707,123.566667,0.491999,matched
3102,103.4,3708,123.6,0.478068,matched
3103,103.433333,3708,123.6,0.47475,matched
3104,103.466667,3709,123.633333,0.471434,matched
3105,103.5,3709,123.633333,0.468117,matched
3106,103.533333,3710,123.666667,0.4648,matched
3107,103.566667,3710,123.666667,0.461483,matched
3108,103.6,3711,123.7,0.458166,matched
3109,103.633333,3711,123.7,0.454849,matched
3110,103.666667,3712,123.733333,0.451533,matched
3111,103.7,3713,123.766667,0.448216,matched
3112,103.733333,3713,123.766667,0.444899,matched
3113,103.766667,3714,123.8,0.441582,matched
3114,103.8,3714,123.8,0.438265,matched
3115,103.833333,3715,123.833333,0.418652,matched
3116,103.866667,3715,123.833333,0.399038,matched
3117,103.9,3716,123.866667,0.379423,matched
3118,103.933333,3716,123.866667,0.359809,matched
3119,103.966667,3717,123.9,0.340194,review
3120,104.0,3717,123.9,0.320579,review
3121,104.033333,3718,123.933333,0.300965,review
3122,104.066667,3718,123.933333,0.28135,review
3123,104.1,3719,123.966667,0.261736,review
3124,104.133333,3719,123.966667,0.242121,review
3125,104.166667,3720,124.0,0.222507,review
3126,104.2,3720,124.0,0.202898,review
3127,104.233333,3722,124.066667,0.242119,review
3128,104.266667,3724,124.133333,0.281341,review
3129,104.3,3726,124.2,0.320563,review
3130,104.333333,3728,124.266667,0.359785,matched
3131,104.366667,3730,124.333333,0.399006,matched
3132,104.4,3732,124.4,0.438228,matched
3133,104.433333,3733,124.433333,0.439337,matched
3134,104.466667,3733,124.433333,0.440444,matched
3135,104.5,3733,124.433333,0.441551,matched
3136,104.533333,3734,124.466667,0.442658,matched
3137,104.566667,3734,124.466667,0.443765,matched
3138,104.6,3735,124.5,0.444872,matched
3139,104.633333,3735,124.5,0.44598,matched
3140,104.666667,3736,124.533333,0.447087,matched
3141,104.7,3736,124.533333,0.448194,matched
3142,104.733333,3737,124.566667,0.449301,matched
3143,104.766667,3737,124.566667,0.450408,matched
3144,104.8,3738,124.6,0.451515,matched
3145,104.833333,3738,124.6,0.44093,matched
3146,104.866667,3739,124.633333,0.430344,matched
3147,104.9,3739,124.633333,0.419758,matched
3148,104.933333,3740,124.666667,0.409172,matched
3149,104.966667,3741,124.7,0.398586,matched
3150,105.0,3741,124.7,0.388,matched
3151,105.033333,3742,124.733333,0.377415,matched
3152,105.066667,3742,124.733333,0.366829,matched
3153,105.1,3743,124.766667,0.356243,matched
3154,105.133333,3743,124.766667,0.345657,review
3155,105.166667,3744,124.8,0.335071,review
3156,105.2,3744,124.8,0.324488,review
3157,105.233333,3746,124.866667,0.342922,review
3158,105.266667,3748,124.933333,0.361357,matched
3159,105.3,3750,125.0,0.379791,matched
3160,105.333333,3752,125.066667,0.398226,matched
3161,105.366667,3754,125.133333,0.416661,matched
3162,105.4,3756,125.2,0.435095,matched
3163,105.433333,3758,125.266667,0.401289,matched
3164,105.466667,3760,125.333333,0.367481,matched
3165,105.5,3762,125.4,0.333673,review
3166,105.533333,3764,125.466667,0.299865,review
3167,105.566667,3766,125.533333,0.266057,review
3168,105.6,3768,125.6,0.232251,review
3169,105.633333,3770,125.666667,0.263335,review
3170,105.666667,3772,125.733333,0.294418,review
3171,105.7,3774,125.8,0.325501,review
3172,105.733333,3776,125.866667,0.356584,matched
3173,105.766667,3778,125.933333,0.387667,matched
3174,105.8,3780,126.0,0.41875,matched
3175,105.833333,3782,126.066667,0.390908,matched
3176,105.866667,3784,126.133333,0.363061,matched
3177,105.9,3786,126.2,0.335214,review
3178,105.933333,3788,126.266667,0.307367,review
3179,105.966667,3790,126.333333,0.279519,review
3180,106.0,3792,126.4,0.251672,review
3181,106.033333,3794,126.466667,0.239129,review
3182,106.066667,3796,126.533333,0.226587,review
3183,106.1,3798,126.6,0.214044,review
3184,106.133333,3800,126.666667,0.201502,review
3185,106.166667,3802,126.733333,0.188959,review
3186,106.2,3804,126.8,0.176418,review
3187,106.233333,3805,126.833333,0.181161,review
3188,106.266667,3805,126.833333,0.185903,review
3189,106.3,3806,126.866667,0.190645,review
3190,106.333333,3806,126.866667,0.195387,review
3191,106.366667,3807,126.9,0.200129,review
3192,106.4,3807,126.9,0.204871,review
3193,106.433333,3808,126.933333,0.209613,review
3194,106.466667,3808,126.933333,0.214356,review
3195,106.5,3809,126.966667,0.219098,review
3196,106.533333,3809,126.966667,0.22384,review
3197,106.566667,3810,127.0,0.228582,review
3198,106.6,3810,127.0,0.233324,review
3199,106.633333,3811,127.033333,0.232758,review
3200,106.666667,3811,127.033333,0.232191,review
3201,106.7,3811,127.033333,0.231625,review
3202,106.733333,3812,127.066667,0.231059,review
3203,106.766667,3812,127.066667,0.230492,review
3204,106.8,3813,127.1,0.229926,review
3205,106.833333,3813,127.1,0.22936,review
3206,106.866667,3814,127.133333,0.228793,review
3207,106.9,3814,127.133333,0.228227,review
3208,106.933333,3815,127.166667,0.227661,review
3209,106.966667,3815,127.166667,0.227094,review
3210,107.0,3816,127.2,0.226528,review
3211,107.033333,3816,127.2,0.207651,review
3212,107.066667,3817,127.233333,0.188773,review
3213,107.1,3817,127.233333,0.169896,review
3214,107.133333,3818,127.266667,0.151019,review
3215,107.166667,3818,127.266667,0.132142,review
3216,107.2,3819,127.3,0.113264,review
3217,107.233333,3819,127.3,0.094387,review
3218,107.266667,3820,127.333333,0.07551,review
3219,107.3,3820,127.333333,0.056633,review
3220,107.333333,3821,127.366667,0.037755,review
3221,107.366667,3822,127.4,0.018878,review
3222,107.4,3822,127.4,1e-06,review
3223,107.433333,3823,127.433333,0.004816,review
3224,107.466667,3823,127.433333,0.009633,review
3225,107.5,3823,127.433333,0.014449,review
3226,107.533333,3824,127.466667,0.019266,review
3227,107.566667,3824,127.466667,0.024083,review
3228,107.6,3825,127.5,0.028899,review
3229,107.633333,3825,127.5,0.033716,review
3230,107.666667,3826,127.533333,0.038532,review
3231,107.7,3826,127.533333,0.043349,review
3232,107.733333,3827,127.566667,0.048165,review
3233,107.766667,3827,127.566667,0.052982,review
3234,107.8,3828,127.6,0.057799,review
3235,107.833333,3830,127.666667,0.048167,review
3236,107.866667,3832,127.733333,0.038533,review
3237,107.9,3834,127.8,0.0289,review
3238,107.933333,3836,127.866667,0.019267,review
3239,107.966667,3838,127.933333,0.009633,review
3240,108.0,3840,128.0,0.0,review
3241,108.033333,3842,128.066667,0.025062,review
3242,108.066667,3844,128.133333,0.050124,review
3243,108.1,3846,128.2,0.075186,review
3244,108.133333,3848,128.266667,0.100248,review
3245,108.166667,3850,128.333333,0.12531,review
3246,108.2,3852,128.4,0.15037,review
3247,108.233333,3854,128.466667,0.15184,review
3248,108.266667,3856,128.533333,0.153311,review
3249,108.3,3858,128.6,0.154781,review
3250,108.333333,3860,128.666667,0.156251,review
3251,108.366667,3862,128.733333,0.157722,review
3252,108.4,3864,128.8,0.159192,review
3253,108.433333,3866,128.866667,0.167602,review
3254,108.466667,3868,128.933333,0.176012,review
3255,108.5,3870,129.0,0.184421,review
3256,108.533333,3872,129.066667,0.192831,review
3257,108.566667,3874,129.133333,0.201241,review
3258,108.6,3876,129.2,0.209652,review
3259,108.633333,3878,129.266667,0.239708,review
3260,108.666667,3880,129.333333,0.269764,review
3261,108.7,3882,129.4,0.299819,review
3262,108.733333,3884,129.466667,0.329875,review
3263,108.766667,3886,129.533333,0.359931,matched
3264,108.8,3888,129.6,0.389986,matched
3265,108.833333,3890,129.666667,0.37195,matched
3266,108.866667,3892,129.733333,0.353909,matched
3267,108.9,3894,129.8,0.335868,review
3268,108.933333,3896,129.866667,0.317827,review
3269,108.966667,3898,129.933333,0.299786,review
3270,109.0,3900,130.0,0.281745,review
3271,109.033333,3902,130.066667,0.234787,review
3272,109.066667,3904,130.133333,0.187829,review
3273,109.1,3906,130.2,0.14087,review
3274,109.133333,3908,130.266667,0.093912,review
3275,109.166667,3910,130.333333,0.046954,review
3276,109.2,3912,130.4,4e-06,review
3277,109.233333,3914,130.466667,0.049036,review
3278,109.266667,3916,130.533333,0.098068,review
3279,109.3,3918,130.6,0.1471,review
3280,109.333333,3920,130.666667,0.196132,review
3281,109.366667,3922,130.733333,0.245164,review
3282,109.4,3924,130.8,0.294196,review
3283,109.433333,3926,130.866667,0.245167,review
3284,109.466667,3928,130.933333,0.196133,review
3285,109.5,3930,131.0,0.147099,review
3286,109.533333,3932,131.066667,0.098065,review
3287,109.566667,3934,131.133333,0.049032,review
3288,109.6,3936,131.2,0.0,review
3289,109.633333,3938,131.266667,0.0,review
3290,109.666667,3940,131.333333,0.0,review
3291,109.7,3942,131.4,0.0,review
3292,109.733333,3944,131.466667,0.0,review
3293,109.766667,3946,131.533333,0.0,review
3294,109.8,3948,131.6,0.0,review
3295,109.833333,3950,131.666667,0.025027,review
3296,109.866667,3952,131.733333,0.050056,review
3297,109.9,3954,131.8,0.075085,review
3298,109.933333,3956,131.866667,0.100114,review
3299,109.966667,3958,131.933333,0.125143,review
3300,110.0,3960,132.0,0.150172,review
3301,110.033333,3962,132.066667,0.125143,review
3302,110.066667,3964,132.133333,0.100114,review
3303,110.1,3966,132.2,0.075085,review
3304,110.133333,3968,132.266667,0.050056,review
3305,110.166667,3970,132.333333,0.025027,review
3306,110.2,3972,132.4,0.0,review
3307,110.233333,3974,132.466667,0.0,review
3308,110.266667,3976,132.533333,0.0,review
3309,110.3,3978,132.6,0.0,review
3310,110.333333,3980,132.666667,0.0,review
3311,110.366667,3982,132.733333,0.0,review
3312,110.4,3984,132.8,0.0,review
3313,110.433333,3986,132.866667,0.015733,review
3314,110.466667,3988,132.933333,0.031467,review
3315,110.5,3990,133.0,0.047201,review
3316,110.533333,3992,133.066667,0.062935,review
3317,110.566667,3994,133.133333,0.078669,review
3318,110.6,3996,133.2,0.094402,review
3319,110.633333,3998,133.266667,0.098452,review
3320,110.666667,4000,133.333333,0.102503,review
3321,110.7,4002,133.4,0.106553,review
3322,110.733333,4004,133.466667,0.110603,review
3323,110.766667,4006,133.533333,0.114653,review
3324,110.8,4008,133.6,0.118704,review
3325,110.833333,4010,133.666667,0.098922,review
3326,110.866667,4012,133.733333,0.079137,review
3327,110.9,4014,133.8,0.059353,review
3328,110.933333,4016,133.866667,0.039569,review
3329,110.966667,4018,133.933333,0.019784,review
3330,111.0,4020,134.0,0.0,review
3331,111.033333,4022,134.066667,0.0,review
3332,111.066667,4024,134.133333,0.0,review
3333,111.1,4026,134.2,0.0,review
3334,111.133333,4028,134.266667,0.0,review
3335,111.166667,4030,134.333333,0.0,review
3336,111.2,4032,134.4,0.0,review
3337,111.233333,4034,134.466667,0.0,review
3338,111.266667,4036,134.533333,0.0,review
3339,111.3,4038,134.6,0.0,review
3340,111.333333,4040,134.666667,0.0,review
3341,111.366667,4042,134.733333,0.0,review
3342,111.4,4044,134.8,0.0,review
3343,111.433333,4046,134.866667,0.0,review
3344,111.466667,4048,134.933333,0.0,review
3345,111.5,4050,135.0,0.0,review
3346,111.533333,4052,135.066667,0.0,review
3347,111.566667,4054,135.133333,0.0,review
3348,111.6,4056,135.2,0.0,review
3349,111.633333,4058,135.266667,0.0,review
3350,111.666667,4060,135.333333,0.0,review
3351,111.7,4062,135.4,0.0,review
3352,111.733333,4064,135.466667,0.0,review
3353,111.766667,4066,135.533333,0.0,review
3354,111.8,4068,135.6,0.0,review
3355,111.833333,4070,135.666667,0.003086,review
3356,111.866667,4072,135.733333,0.006172,review
3357,111.9,4074,135.8,0.009259,review
3358,111.933333,4076,135.866667,0.012345,review
3359,111.966667,4078,135.933333,0.015432,review
3360,112.0,4080,136.0,0.018518,review
3361,112.033333,4082,136.066667,0.016304,review
3362,112.066667,4084,136.133333,0.01409,review
3363,112.1,4086,136.2,0.011875,review
3364,112.133333,4088,136.266667,0.009661,review
3365,112.166667,4090,136.333333,0.007447,review
3366,112.2,4092,136.4,0.005233,review
3367,112.233333,4094,136.466667,0.00836,review
3368,112.266667,4096,136.533333,0.011486,review
3369,112.3,4098,136.6,0.014613,review
3370,112.333333,4100,136.666667,0.01774,review
3371,112.366667,4102,136.733333,0.020866,review
3372,112.4,4104,136.8,0.023993,review
3373,112.433333,4106,136.866667,0.019994,review
3374,112.466667,4108,136.933333,0.015995,review
3375,112.5,4110,137.0,0.011997,review
3376,112.533333,4112,137.066667,0.007998,review
3377,112.566667,4114,137.133333,0.003999,review
3378,112.6,4116,137.2,0.0,review
3379,112.633333,4118,137.266667,0.0,review
3380,112.666667,4120,137.333333,0.0,review
3381,112.7,4122,137.4,0.0,review
3382,112.733333,4124,137.466667,0.0,review
3383,112.766667,4126,137.533333,0.0,review
3384,112.8,4128,137.6,0.0,review
3385,112.833333,4129,137.633333,0.051793,review
3386,112.866667,4129,137.633333,0.103591,review
3387,112.9,4130,137.666667,0.155388,review
3388,112.933333,4130,137.666667,0.207186,review
3389,112.966667,4131,137.7,0.258983,review
3390,113.0,4131,137.7,0.310781,review
3391,113.033333,4132,137.733333,0.362579,matched
3392,113.066667,4132,137.733333,0.414376,matched
3393,113.1,4133,137.766667,0.466174,matched
3394,113.133333,4133,137.766667,0.517971,matched
3395,113.166667,4134,137.8,0.569769,matched
3396,113.2,4134,137.8,0.621563,matched
3397,113.233333,4135,137.833333,0.628099,matched
3398,113.266667,4135,137.833333,0.634636,matched
3399,113.3,4136,137.866667,0.641172,matched
3400,113.333333,4136,137.866667,0.647708,matched
3401,113.366667,4137,137.9,0.654245,matched
3402,113.4,4137,137.9,0.660781,matched
3403,113.433333,4138,137.933333,0.667318,matched
3404,113.466667,4138,137.933333,0.673854,matched
3405,113.5,4139,137.966667,0.680391,matched
3406,113.533333,4139,137.966667,0.686927,matched
3407,113.566667,4140,138.0,0.693464,matched
3408,113.6,4140,138.0,0.699999,matched
3409,113.633333,4141,138.033333,0.67333,matched
3410,113.666667,4141,138.033333,0.646662,matched
3411,113.7,4141,138.033333,0.619994,matched
3412,113.733333,4142,138.066667,0.593326,matched
3413,113.766667,4142,138.066667,0.566657,matched
3414,113.8,4143,138.1,0.539989,matched
3415,113.833333,4143,138.1,0.513321,matched
3416,113.866667,4144,138.133333,0.486652,matched
3417,113.9,4144,138.133333,0.459984,matched
3418,113.933333,4145,138.166667,0.433316,matched
3419,113.966667,4145,138.166667,0.406647,matched
3420,114.0,4146,138.2,0.379979,matched
3421,114.033333,4146,138.2,0.348314,review
3422,114.066667,4147,138.233333,0.316649,review
3423,114.1,4147,138.233333,0.284985,review
3424,114.133333,4148,138.266667,0.25332,review
3425,114.166667,4148,138.266667,0.221655,review
3426,114.2,4149,138.3,0.18999,review
3427,114.233333,4149,138.3,0.158325,review
3428,114.266667,4150,138.333333,0.126661,review
3429,114.3,4150,138.333333,0.094996,review
3430,114.333333,4151,138.366667,0.063331,review
3431,114.366667,4151,138.366667,0.031666,review
3432,114.4,4152,138.4,1e-06,review
3433,114.433333,4154,138.466667,0.0,review
3434,114.466667,4156,138.533333,0.0,review
3435,114.5,4158,138.6,0.0,review
3436,114.533333,4160,138.666667,0.0,review
3437,114.566667,4162,138.733333,0.0,review
3438,114.6,4164,138.8,3e-06,review
3439,114.633333,4165,138.833333,0.058809,review
3440,114.666667,4165,138.833333,0.117614,review
3441,114.7,4166,138.866667,0.17642,review
3442,114.733333,4166,138.866667,0.235226,review
3443,114.766667,4167,138.9,0.294032,review
3444,114.8,4167,138.9,0.352838,matched
3445,114.833333,4168,138.933333,0.411644,matched
3446,114.866667,4168,138.933333,0.47045,matched
3447,114.9,4169,138.966667,0.529255,matched
3448,114.933333,4169,138.966667,0.588061,matched
3449,114.966667,4170,139.0,0.646867,matched
3450,115.0,4170,139.0,0.705673,matched
3451,115.033333,4170,139.0,0.672412,matched
3452,115.066667,4171,139.033333,0.639152,matched
3453,115.1,4171,139.033333,0.605891,matched
3454,115.133333,4172,139.066667,0.57263,matched
3455,115.166667,4172,139.066667,0.539369,matched
3456,115.2,4173,139.1,0.506109,matched
3457,115.233333,4173,139.1,0.472848,matched
3458,115.266667,4174,139.133333,0.439587,matched
3459,115.3,4174,139.133333,0.406327,matched
3460,115.333333,4175,139.166667,0.373066,matched
3461,115.366667,4175,139.166667,0.339805,review
3462,115.4,4176,139.2,0.306545,review
3463,115.433333,4176,139.2,0.286426,review
3464,115.466667,4177,139.233333,0.266308,review
3465,115.5,4177,139.233333,0.24619,review
3466,115.533333,4178,139.266667,0.226072,review
3467,115.566667,4178,139.266667,0.205954,review
3468,115.6,4179,139.3,0.185836,review
3469,115.633333,4179,139.3,0.165718,review
3470,115.666667,4180,139.333333,0.145601,review
3471,115.7,4180,139.333333,0.125483,review
3472,115.733333,4181,139.366667,0.105365,review
3473,115.766667,4181,139.366667,0.085247,review
3474,115.8,4182,139.4,0.065129,review
3475,115.833333,4182,139.4,0.07102,review
3476,115.866667,4183,139.433333,0.076914,review
3477,115.9,4183,139.433333,0.082808,review
3478,115.933333,4184,139.466667,0.088702,review
3479,115.966667,4184,139.466667,0.094596,review
3480,116.0,4185,139.5,0.100491,review
3481,116.033333,4186,139.533333,0.106385,review
3482,116.066667,4186,139.533333,0.112279,review
3483,116.1,4187,139.566667,0.118173,review
3484,116.133333,4187,139.566667,0.124067,review
3485,116.166667,4188,139.6,0.129961,review
3486,116.2,4188,139.6,0.135858,review
3487,116.233333,4189,139.633333,0.18287,review
3488,116.266667,4189,139.633333,0.229882,review
3489,116.3,4190,139.666667,0.276894,review
3490,116.333333,4190,139.666667,0.323906,review
3491,116.366667,4191,139.7,0.370918,matched
3492,116.4,4191,139.7,0.41793,matched
3493,116.433333,4192,139.733333,0.464942,matched
3494,116.466667,4192,139.733333,0.511954,matched
3495,116.5,4193,139.766667,0.558966,matched
3496,116.533333,4193,139.766667,0.605978,matched
3497,116.566667,4194,139.8,0.65299,matched
3498,116.6,4194,139.8,0.699999,matched
3499,116.633333,4195,139.833333,0.685397,matched
3500,116.666667,4195,139.833333,0.670796,matched
3501,116.7,4196,139.866667,0.656194,matched
3502,116.733333,4196,139.866667,0.641592,matched
3503,116.766667,4197,139.9,0.62699,matched
3504,116.8,4197,139.9,0.612388,matched
3505,116.833333,4198,139.933333,0.597786,matched
3506,116.866667,4198,139.933333,0.583184,matched
3507,116.9,4199,139.966667,0.568583,matched
3508,116.933333,4199,139.966667,0.553981,matched
3509,116.966667,4200,140.0,0.539379,matched
3510,117.0,4200,140.0,0.524777,matched
3511,117.033333,4200,140.0,0.520569,matched
3512,117.066667,4201,140.033333,0.516362,matched
3513,117.1,4201,140.033333,0.512154,matched
3514,117.133333,4202,140.066667,0.507946,matched
3515,117.166667,4202,140.066667,0.503738,matched
3516,117.2,4203,140.1,0.499531,matched
3517,117.233333,4203,140.1,0.495323,matched
3518,117.266667,4204,140.133333,0.491115,matched
3519,117.3,4204,140.133333,0.486907,matched
3520,117.333333,4205,140.166667,0.4827,matched
3521,117.366667,4205,140.166667,0.478492,matched
3522,117.4,4206,140.2,0.474284,matched
3523,117.433333,4206,140.2,0.493068,matched
3524,117.466667,4207,140.233333,0.511853,matched
3525,117.5,4207,140.233333,0.530639,matched
3526,117.533333,4208,140.266667,0.549424,matched
3527,117.566667,4208,140.266667,0.568209,matched
3528,117.6,4209,140.3,0.586994,matched
3529,117.633333,4209,140.3,0.605779,matched
3530,117.666667,4210,140.333333,0.624565,matched
3531,117.7,4210,140.333333,0.64335,matched
3532,117.733333,4211,140.366667,0.662135,matched
3533,117.766667,4211,140.366667,0.68092,matched
3534,117.8,4212,140.4,0.699705,matched
3535,117.833333,4212,140.4,0.678327,matched
3536,117.866667,4213,140.433333,0.656944,matched
3537,117.9,4213,140.433333,0.635562,matched
3538,117.933333,4214,140.466667,0.61418,matched
3539,117.966667,4214,140.466667,0.592797,matched
3540,118.0,4215,140.5,0.571415,matched
3541,118.033333,4216,140.533333,0.550033,matched
3542,118.066667,4216,140.533333,0.52865,matched
3543,118.1,4217,140.566667,0.507268,matched
3544,118.133333,4217,140.566667,0.485886,matched
3545,118.166667,4218,140.6,0.464503,matched
3546,118.2,4218,140.6,0.443124,matched
3547,118.233333,4219,140.633333,0.453391,matched
3548,118.266667,4219,140.633333,0.463658,matched
3549,118.3,4220,140.666667,0.473924,matched
3550,118.333333,4220,140.666667,0.484191,matched
3551,118.366667,4221,140.7,0.494458,matched
3552,118.4,4221,140.7,0.504725,matched
3553,118.433333,4222,140.733333,0.514992,matched
3554,118.466667,4222,140.733333,0.525258,matched
3555,118.5,4223,140.766667,0.535525,matched
3556,118.533333,4223,140.766667,0.545792,matched
3557,118.566667,4224,140.8,0.556059,matched
3558,118.6,4224,140.8,0.566326,matched
3559,118.633333,4225,140.833333,0.577465,matched
3560,118.666667,4225,140.833333,0.588605,matched
3561,118.7,4226,140.866667,0.599744,matched
3562,118.733333,4226,140.866667,0.610884,matched
3563,118.766667,4227,140.9,0.622023,matched
3564,118.8,4227,140.9,0.633163,matched
3565,118.833333,4228,140.933333,0.644302,matched
3566,118.866667,4228,140.933333,0.655442,matched
3567,118.9,4229,140.966667,0.666581,matched
3568,118.933333,4229,140.966667,0.677721,matched
3569,118.966667,4230,141.0,0.68886,matched
3570,119.0,4230,141.0,0.7,matched
3571,119.033333,4230,141.0,0.672388,matched
3572,119.066667,4231,141.033333,0.644776,matched
3573,119.1,4231,141.033333,0.617164,matched
3574,119.133333,4232,141.066667,0.589552,matched
3575,119.166667,4232,141.066667,0.56194,matched
3576,119.2,4233,141.1,0.534328,matched
3577,119.233333,4233,141.1,0.506716,matched
3578,119.266667,4234,141.133333,0.479104,matched
3579,119.3,4234,141.133333,0.451491,matched
3580,119.333333,4235,141.166667,0.423879,matched
3581,119.366667,4235,141.166667,0.396267,matched
3582,119.4,4236,141.2,0.368655,matched
3583,119.433333,4236,141.2,0.359014,matched
3584,119.466667,4237,141.233333,0.349373,review
3585,119.5,4237,141.233333,0.339732,review
3586,119.533333,4238,141.266667,0.330092,review
3587,119.566667,4238,141.266667,0.320451,review
3588,119.6,4239,141.3,0.31081,review
3589,119.633333,4239,141.3,0.301169,review
3590,119.666667,4240,141.333333,0.291529,review
3591,119.7,4240,141.333333,0.281888,review
3592,119.733333,4241,141.366667,0.272247,review
3593,119.766667,4241,141.366667,0.262607,review
3594,119.8,4242,141.4,0.252966,review
3595,119.833333,4242,141.4,0.271285,review
3596,119.866667,4243,141.433333,0.289607,review
3597,119.9,4243,141.433333,0.307929,review
3598,119.933333,4244,141.466667,0.326251,review
3599,119.966667,4244,141.466667,0.344573,review
3600,120.0,4245,141.5,0.362896,matched
3601,120.033333,4246,141.533333,0.381218,matched
3602,120.066667,4246,141.533333,0.39954,matched
3603,120.1,4247,141.566667,0.417862,matched
3604,120.133333,4247,141.566667,0.436184,matched
3605,120.166667,4248,141.6,0.454506,matched
3606,120.2,4248,141.6,0.472826,matched
3607,120.233333,4249,141.633333,0.468966,matched
3608,120.266667,4249,141.633333,0.465106,matched
3609,120.3,4250,141.666667,0.461246,matched
3610,120.333333,4250,141.666667,0.457386,matched
3611,120.366667,4251,141.7,0.453526,matched
3612,120.4,4251,141.7,0.449666,matched
3613,120.433333,4252,141.733333,0.445806,matched
3614,120.466667,4252,141.733333,0.441946,matched
3615,120.5,4253,141.766667,0.438087,matched
3616,120.533333,4253,141.766667,0.434227,matched
3617,120.566667,4254,141.8,0.430367,matched
3618,120.6,4254,141.8,0.426507,matched
3619,120.633333,4255,141.833333,0.41793,matched
3620,120.666667,4255,141.833333,0.409354,matched
3621,120.7,4256,141.866667,0.400778,matched
3622,120.733333,4256,141.866667,0.392202,matched
3623,120.766667,4257,141.9,0.383626,matched
3624,120.8,4257,141.9,0.37505,matched
3625,120.833333,4258,141.933333,0.366474,matched
3626,120.866667,4258,141.933333,0.357898,matched
3627,120.9,4259,141.966667,0.349321,review
3628,120.933333,4259,141.966667,0.340745,review
3629,120.966667,4260,142.0,0.332169,review
3630,121.0,4260,142.0,0.323593,review
3631,121.033333,4260,142.0,0.331119,review
3632,121.066667,4261,142.033333,0.338646,review
3633,121.1,4261,142.033333,0.346172,review
3634,121.133333,4262,142.066667,0.353698,matched
3635,121.166667,4262,142.066667,0.361225,matched
3636,121.2,4263,142.1,0.368751,matched
3637,121.233333,4263,142.1,0.376277,matched
3638,121.266667,4264,142.133333,0.383803,matched
3639,121.3,4264,142.133333,0.39133,matched
3640,121.333333,4265,142.166667,0.398856,matched
3641,121.366667,4265,142.166667,0.406382,matched
3642,121.4,4266,142.2,0.413909,matched
3643,121.433333,4266,142.2,0.437749,matched
3644,121.466667,4267,142.233333,0.46159,matched
3645,121.5,4267,142.233333,0.48543,matched
3646,121.533333,4268,142.266667,0.509271,matched
3647,121.566667,4268,142.266667,0.533112,matched
3648,121.6,4269,142.3,0.556953,matched
3649,121.633333,4269,142.3,0.580794,matched
3650,121.666667,4270,142.333333,0.604635,matched
3651,121.7,4270,142.333333,0.628475,matched
3652,121.733333,4271,142.366667,0.652316,matched
3653,121.766667,4271,142.366667,0.676157,matched
3654,121.8,4272,142.4,0.699998,matched
3655,121.833333,4272,142.4,0.7,matched
3656,121.866667,4273,142.433333,0.7,matched
3657,121.9,4273,142.433333,0.7,matched
3658,121.933333,4274,142.466667,0.7,matched
3659,121.966667,4274,142.466667,0.7,matched
3660,122.0,4275,142.5,0.7,matched
3661,122.033333,4276,142.533333,0.7,matched
3662,122.066667,4276,142.533333,0.7,matched
3663,122.1,4277,142.566667,0.7,matched
3664,122.133333,4277,142.566667,0.7,matched
3665,122.166667,4278,142.6,0.7,matched
3666,122.2,4278,142.6,0.699999,matched
3667,122.233333,4279,142.633333,0.691526,matched
3668,122.266667,4279,142.633333,0.683053,matched
3669,122.3,4280,142.666667,0.674579,matched
3670,122.333333,4280,142.666667,0.666106,matched
3671,122.366667,4281,142.7,0.657633,matched
3672,122.4,4281,142.7,0.649159,matched
3673,122.433333,4282,142.733333,0.640686,matched
3674,122.466667,4282,142.733333,0.632213,matched
3675,122.5,4283,142.766667,0.62374,matched
3676,122.533333,4283,142.766667,0.615266,matched
3677,122.566667,4284,142.8,0.606793,matched
3678,122.6,4284,142.8,0.59832,matched
3679,122.633333,4285,142.833333,0.59033,matched
3680,122.666667,4285,142.833333,0.58234,matched
3681,122.7,4286,142.866667,0.57435,matched
3682,122.733333,4286,142.866667,0.56636,matched
3683,122.766667,4287,142.9,0.558371,matched
3684,122.8,4287,142.9,0.550381,matched
3685,122.833333,4288,142.933333,0.542391,matched
3686,122.866667,4288,142.933333,0.534401,matched
3687,122.9,4289,142.966667,0.526411,matched
3688,122.933333,4289,142.966667,0.518422,matched
3689,122.966667,4290,143.0,0.510432,matched
3690,123.0,4290,143.0,0.502442,matched
3691,123.033333,4290,143.0,0.511619,matched
3692,123.066667,4291,143.033333,0.520796,matched
3693,123.1,4291,143.033333,0.529974,matched
3694,123.133333,4292,143.066667,0.539151,matched
3695,123.166667,4292,143.066667,0.548328,matched
3696,123.2,4293,143.1,0.557505,matched
3697,123.233333,4293,143.1,0.566682,matched
3698,123.266667,4294,143.133333,0.57586,matched
3699,123.3,4294,143.133333,0.585037,matched
3700,123.333333,4295,143.166667,0.594214,matched
3701,123.366667,4295,143.166667,0.603391,matched
3702,123.4,4296,143.2,0.612569,matched
3703,123.433333,4296,143.2,0.614445,matched
3704,123.466667,4297,143.233333,0.616322,matched
3705,123.5,4297,143.233333,0.618199,matched
3706,123.533333,4298,143.266667,0.620075,matched
3707,123.566667,4298,143.266667,0.621952,matched
3708,123.6,4299,143.3,0.623828,matched
3709,123.633333,4299,143.3,0.625705,matched
3710,123.666667,4300,143.333333,0.627582,matched
3711,123.7,4300,143.333333,0.629458,matched
3712,123.733333,4301,143.366667,0.631335,matched
3713,123.766667,4301,143.366667,0.633211,matched
3714,123.8,4302,143.4,0.635088,matched
3715,123.833333,4302,143.4,0.626516,matched
3716,123.866667,4303,143.433333,0.617944,matched
3717,123.9,4303,143.433333,0.609372,matched
3718,123.933333,4304,143.466667,0.600799,matched
3719,123.966667,4304,143.466667,0.592227,matched
3720,124.0,4305,143.5,0.583655,matched
3721,124.033333,4306,143.533333,0.575082,matched
3722,124.066667,4306,143.533333,0.56651,matched
3723,124.1,4307,143.566667,0.557937,matched
3724,124.133333,4307,143.566667,0.549365,matched
3725,124.166667,4308,143.6,0.540793,matched
3726,124.2,4308,143.6,0.532221,matched
3727,124.233333,4309,143.633333,0.528246,matched
3728,124.266667,4309,143.633333,0.524271,matched
3729,124.3,4310,143.666667,0.520296,matched
3730,124.333333,4310,143.666667,0.516321,matched
3731,124.366667,4311,143.7,0.512346,matched
3732,124.4,4311,143.7,0.508371,matched
3733,124.433333,4312,143.733333,0.504396,matched
3734,124.466667,4312,143.733333,0.500421,matched
3735,124.5,4313,143.766667,0.496447,matched
3736,124.533333,4313,143.766667,0.492472,matched
3737,124.566667,4314,143.8,0.488497,matched
3738,124.6,4314,143.8,0.484522,matched
3739,124.633333,4315,143.833333,0.489254,matched
3740,124.666667,4315,143.833333,0.493987,matched
3741,124.7,4316,143.866667,0.498719,matched
3742,124.733333,4316,143.866667,0.503451,matched
3743,124.766667,4317,143.9,0.508183,matched
3744,124.8,4317,143.9,0.512916,matched
3745,124.833333,4318,143.933333,0.517648,matched
3746,124.866667,4318,143.933333,0.52238,matched
3747,124.9,4319,143.966667,0.527112,matched
3748,124.933333,4319,143.966667,0.531845,matched
3749,124.966667,4320,144.0,0.536577,matched
3750,125.0,4320,144.0,0.541309,matched
3751,125.033333,4320,144.0,0.534402,matched
3752,125.066667,4321,144.033333,0.527494,matched
3753,125.1,4321,144.033333,0.520587,matched
3754,125.133333,4322,144.066667,0.513679,matched
3755,125.166667,4322,144.066667,0.506772,matched
3756,125.2,4323,144.1,0.499865,matched
3757,125.233333,4323,144.1,0.492957,matched
3758,125.266667,4324,144.133333,0.48605,matched
3759,125.3,4324,144.133333,0.479142,matched
3760,125.333333,4325,144.166667,0.472235,matched
3761,125.366667,4325,144.166667,0.465328,matched
3762,125.4,4326,144.2,0.45842,matched
3763,125.433333,4326,144.2,0.456065,matched
3764,125.466667,4327,144.233333,0.453709,matched
3765,125.5,4327,144.233333,0.451353,matched
3766,125.533333,4328,144.266667,0.448998,matched
3767,125.566667,4328,144.266667,0.446642,matched
3768,125.6,4329,144.3,0.444287,matched
3769,125.633333,4329,144.3,0.441931,matched
3770,125.666667,4330,144.333333,0.439576,matched
3771,125.7,4330,144.333333,0.43722,matched
3772,125.733333,4331,144.366667,0.434864,matched
3773,125.766667,4331,144.366667,0.432509,matched
3774,125.8,4332,144.4,0.430153,matched
3775,125.833333,4334,144.466667,0.442903,matched
3776,125.866667,4336,144.533333,0.455655,matched
3777,125.9,4338,144.6,0.468406,matched
3778,125.933333,4340,144.666667,0.481157,matched
3779,125.966667,4342,144.733333,0.493909,matched
3780,126.0,4344,144.8,0.50666,matched
3781,126.033333,4345,144.833333,0.513238,matched
3782,126.066667,4345,144.833333,0.519816,matched
3783,126.1,4346,144.866667,0.526395,matched
3784,126.133333,4346,144.866667,0.532973,matched
3785,126.166667,4347,144.9,0.539551,matched
3786,126.2,4347,144.9,0.546129,matched
3787,126.233333,4348,144.933333,0.552708,matched
3788,126.266667,4348,144.933333,0.559286,matched
3789,126.3,4349,144.966667,0.565864,matched
3790,126.333333,4349,144.966667,0.572442,matched
3791,126.366667,4349,144.966667,0.57902,matched
3792,126.4,4350,145.0,0.585599,matched
3793,126.433333,4350,145.0,0.57371,matched
3794,126.466667,4351,145.033333,0.561821,matched
3795,126.5,4351,145.033333,0.549932,matched
3796,126.533333,4352,145.066667,0.538043,matched
3797,126.566667,4352,145.066667,0.526154,matched
3798,126.6,4353,145.1,0.514264,matched
3799,126.633333,4353,145.1,0.502375,matched
3800,126.666667,4354,145.133333,0.490486,matched
3801,126.7,4354,145.133333,0.478597,matched
3802,126.733333,4355,145.166667,0.466707,matched
3803,126.766667,4355,145.166667,0.454818,matched
3804,126.8,4356,145.2,0.442929,matched
3805,126.833333,4356,145.2,0.451522,matched
3806,126.866667,4357,145.233333,0.460116,matched
3807,126.9,4357,145.233333,0.468711,matched
3808,126.933333,4358,145.266667,0.477306,matched
3809,126.966667,4358,145.266667,0.4859,matched
3810,127.0,4359,145.3,0.494495,matched
3811,127.033333,4359,145.3,0.50309,matched
3812,127.066667,4360,145.333333,0.511684,matched
3813,127.1,4360,145.333333,0.520279,matched
3814,127.133333,4361,145.366667,0.528874,matched
3815,127.166667,4361,145.366667,0.537468,matched
3816,127.2,4362,145.4,0.546061,matched
3817,127.233333,4363,145.433333,0.533021,matched
3818,127.266667,4364,145.466667,0.519982,matched
3819,127.3,4365,145.5,0.506943,matched
3820,127.333333,4366,145.533333,0.493903,matched
3821,127.366667,4367,145.566667,0.480864,matched
3822,127.4,4368,145.6,0.467825,matched
3823,127.433333,4370,145.666667,0.45997,matched
3824,127.466667,4372,145.733333,0.452116,matched
3825,127.5,4374,145.8,0.444262,matched
3826,127.533333,4376,145.866667,0.436407,matched
3827,127.566667,4378,145.933333,0.428553,matched
3828,127.6,4380,146.0,0.420698,matched
3829,127.633333,4381,146.033333,0.398843,matched
3830,127.666667,4381,146.033333,0.376987,matched
3831,127.7,4381,146.033333,0.355132,matched
3832,127.733333,4382,146.066667,0.333277,review
3833,127.766667,4382,146.066667,0.311421,review
3834,127.8,4383,146.1,0.289566,review
3835,127.833333,4383,146.1,0.267711,review
3836,127.866667,4384,146.133333,0.245855,review
3837,127.9,4384,146.133333,0.224,review
3838,127.933333,4385,146.166667,0.202145,review
3839,127.966667,4385,146.166667,0.180289,review
3840,128.0,4386,146.2,0.158434,review
3841,128.033333,4386,146.2,0.149948,review
3842,128.066667,4387,146.233333,0.141463,review
3843,128.1,4387,146.233333,0.132977,review
3844,128.133333,4388,146.266667,0.124491,review
3845,128.166667,4388,146.266667,0.116006,review
3846,128.2,4389,146.3,0.10752,review
3847,128.233333,4389,146.3,0.099035,review
3848,128.266667,4390,146.333333,0.090549,review
3849,128.3,4390,146.333333,0.082063,review
3850,128.333333,4391,146.366667,0.073578,review
3851,128.366667,4391,146.366667,0.065092,review
3852,128.4,4392,146.4,0.056611,review
3853,128.433333,4392,146.4,0.071927,review
3854,128.466667,4393,146.433333,0.087242,review
3855,128.5,4393,146.433333,0.102558,review
3856,128.533333,4394,146.466667,0.117874,review
3857,128.566667,4395,146.5,0.133189,review
3858,128.6,4395,146.5,0.148505,review
3859,128.633333,4396,146.533333,0.163821,review
3860,128.666667,4396,146.533333,0.179137,review
3861,128.7,4397,146.566667,0.194452,review
3862,128.733333,4397,146.566667,0.209768,review
3863,128.766667,4398,146.6,0.225084,review
3864,128.8,4398,146.6,0.2404,review
3865,128.833333,4400,146.666667,0.217223,review
3866,128.866667,4402,146.733333,0.194043,review
3867,128.9,4404,146.8,0.170864,review
3868,128.933333,4406,146.866667,0.147684,review
3869,128.966667,4408,146.933333,0.124504,review
3870,129.0,4410,147.0,0.101324,review
3871,129.033333,4412,147.066667,0.141027,review
3872,129.066667,4414,147.133333,0.180729,review
3873,129.1,4416,147.2,0.220432,review
3874,129.133333,4418,147.266667,0.260134,review
3875,129.166667,4420,147.333333,0.299837,review
3876,129.2,4422,147.4,0.339535,review
3877,129.233333,4422,147.4,0.324244,review
3878,129.266667,4423,147.433333,0.308953,review
3879,129.3,4423,147.433333,0.293662,review
3880,129.333333,4424,147.466667,0.278371,review
3881,129.366667,4424,147.466667,0.26308,review
3882,129.4,4425,147.5,0.247789,review
3883,129.433333,4425,147.5,0.232498,review
3884,129.466667,4426,147.533333,0.217207,review
3885,129.5,4427,147.566667,0.201916,review
3886,129.533333,4427,147.566667,0.186625,review
3887,129.566667,4428,147.6,0.171334,review
3888,129.6,4428,147.6,0.156043,review
3889,129.633333,4430,147.666667,0.168876,review
3890,129.666667,4432,147.733333,0.181714,review
3891,129.7,4434,147.8,0.194553,review
3892,129.733333,4436,147.866667,0.207391,review
3893,129.766667,4438,147.933333,0.220229,review
3894,129.8,4440,148.0,0.233068,review
3895,129.833333,4442,148.066667,0.194227,review
3896,129.866667,4444,148.133333,0.155382,review
3897,129.9,4446,148.2,0.116536,review
3898,129.933333,4448,148.266667,0.077691,review
3899,129.966667,4450,148.333333,0.038845,review
3900,130.0,4452,148.4,0.0,review
3901,130.033333,4454,148.466667,0.009244,review
3902,130.066667,4456,148.533333,0.018489,review
3903,130.1,4458,148.6,0.027733,review
3904,130.133333,4460,148.666667,0.036977,review
3905,130.166667,4462,148.733333,0.046222,review
3906,130.2,4464,148.8,0.055466,review
3907,130.233333,4466,148.866667,0.063856,review
3908,130.266667,4468,148.933333,0.072246,review
3909,130.3,4470,149.0,0.080636,review
3910,130.333333,4472,149.066667,0.089026,review
3911,130.366667,4474,149.133333,0.097416,review
3912,130.4,4476,149.2,0.10581,review
3913,130.433333,4478,149.266667,0.136626,review
3914,130.466667,4480,149.333333,0.167442,review
3915,130.5,4482,149.4,0.198258,review
3916,130.533333,4484,149.466667,0.229074,review
3917,130.566667,4486,149.533333,0.25989,review
3918,130.6,4488,149.6,0.290706,review
3919,130.633333,4489,149.633333,0.296138,review
3920,130.666667,4489,149.633333,0.301566,review
3921,130.7,4490,149.666667,0.306993,review
3922,130.733333,4490,149.666667,0.31242,review
3923,130.766667,4491,149.7,0.317848,review
3924,130.8,4491,149.7,0.323275,review
3925,130.833333,4492,149.733333,0.328702,review
3926,130.866667,4492,149.733333,0.33413,review
3927,130.9,4493,149.766667,0.339557,review
3928,130.933333,4493,149.766667,0.344984,review
3929,130.966667,4494,149.8,0.350412,matched
3930,131.0,4494,149.8,0.355839,matched
3931,131.033333,4495,149.833333,0.356234,matched
3932,131.066667,4495,149.833333,0.356629,matched
3933,131.1,4496,149.866667,0.357025,matched
3934,131.133333,4496,149.866667,0.35742,matched
3935,131.166667,4497,149.9,0.357815,matched
3936,131.2,4497,149.9,0.35821,matched
3937,131.233333,4498,149.933333,0.358605,matched
3938,131.266667,4498,149.933333,0.359,matched
3939,131.3,4499,149.966667,0.359396,matched
3940,131.333333,4499,149.966667,0.359791,matched
3941,131.366667,4500,150.0,0.360186,matched
3942,131.4,4500,150.0,0.360578,matched
3943,131.433333,4501,150.033333,0.342244,review
3944,131.466667,4501,150.033333,0.32391,review
3945,131.5,4502,150.066667,0.305576,review
3946,131.533333,4502,150.066667,0.287243,review
3947,131.566667,4502,150.066667,0.268909,review
3948,131.6,4503,150.1,0.250575,review
3949,131.633333,4503,150.1,0.232241,review
3950,131.666667,4504,150.133333,0.213908,review
3951,131.7,4504,150.133333,0.195574,review
3952,131.733333,4505,150.166667,0.17724,review
3953,131.766667,4505,150.166667,0.158906,review
3954,131.8,4506,150.2,0.140573,review
3955,131.833333,4506,150.2,0.180583,review
3956,131.866667,4507,150.233333,0.220598,review
3957,131.9,4507,150.233333,0.260613,review
3958,131.933333,4508,150.266667,0.300628,review
3959,131.966667,4508,150.266667,0.340644,review
3960,132.0,4509,150.3,0.380659,matched
3961,132.033333,4509,150.3,0.420674,matched
3962,132.066667,4510,150.333333,0.46069,matched
3963,132.1,4510,150.333333,0.500705,matched
3964,132.133333,4511,150.366667,0.54072,matched
3965,132.166667,4511,150.366667,0.580735,matched
3966,132.2,4512,150.4,0.620745,matched
3967,132.233333,4512,150.4,0.599354,matched
3968,132.266667,4513,150.433333,0.577962,matched
3969,132.3,4513,150.433333,0.556571,matched
3970,132.333333,4514,150.466667,0.535179,matched
3971,132.366667,4514,150.466667,0.513788,matched
3972,132.4,4515,150.5,0.492396,matched
3973,132.433333,4515,150.5,0.471004,matched
3974,132.466667,4516,150.533333,0.449613,matched
3975,132.5,4517,150.566667,0.428221,matched
3976,132.533333,4517,150.566667,0.40683,matched
3977,132.566667,4518,150.6,0.385438,matched
3978,132.6,4518,150.6,0.364047,matched
3979,132.633333,4519,150.633333,0.356211,matched
3980,132.666667,4519,150.633333,0.348377,review
3981,132.7,4520,150.666667,0.340543,review
3982,132.733333,4520,150.666667,0.332709,review
3983,132.766667,4521,150.7,0.324875,review
3984,132.8,4521,150.7,0.317042,review
3985,132.833333,4522,150.733333,0.309208,review
3986,132.866667,4522,150.733333,0.301374,review
3987,132.9,4523,150.766667,0.29354,review
3988,132.933333,4523,150.766667,0.285707,review
3989,132.966667,4524,150.8,0.277873,review
3990,133.0,4524,150.8,0.270039,review
3991,133.033333,4526,150.866667,0.307061,review
3992,133.066667,4528,150.933333,0.344084,review
3993,133.1,4530,151.0,0.381106,matched
3994,133.133333,4532,151.066667,0.418129,matched
3995,133.166667,4534,151.133333,0.455151,matched
3996,133.2,4536,151.2,0.492172,matched
3997,133.233333,4538,151.266667,0.513457,matched
3998,133.266667,4540,151.333333,0.534742,matched
3999,133.3,4542,151.4,0.556026,matched
4000,133.333333,4544,151.466667,0.577311,matched
4001,133.366667,4546,151.533333,0.598596,matched
4002,133.4,4548,151.6,0.619874,matched
4003,133.433333,4550,151.666667,0.601635,matched
4004,133.466667,4552,151.733333,0.583396,matched
4005,133.5,4554,151.8,0.565158,matched
4006,133.533333,4556,151.866667,0.546919,matched
4007,133.566667,4558,151.933333,0.52868,matched
4008,133.6,4560,152.0,0.510441,matched
4009,133.633333,4560,152.0,0.499318,matched
4010,133.666667,4561,152.033333,0.488195,matched
4011,133.7,4561,152.033333,0.477073,matched
4012,133.733333,4562,152.066667,0.46595,matched
4013,133.766667,4562,152.066667,0.454828,matched
4014,133.8,4563,152.1,0.443705,matched
4015,133.833333,4563,152.1,0.432583,matched
4016,133.866667,4564,152.133333,0.42146,matched
4017,133.9,4564,152.133333,0.410338,matched
4018,133.933333,4565,152.166667,0.399215,matched
4019,133.966667,4565,152.166667,0.388092,matched
4020,134.0,4566,152.2,0.37697,matched
4021,134.033333,4568,152.266667,0.430053,matched
4022,134.066667,4570,152.333333,0.483135,matched
4023,134.1,4572,152.4,0.536218,matched
4024,134.133333,4574,152.466667,0.589301,matched
4025,134.166667,4576,152.533333,0.642383,matched
4026,134.2,4578,152.6,0.695461,matched
4027,134.233333,4579,152.633333,0.694038,matched
4028,134.266667,4579,152.633333,0.692614,matched
4029,134.3,4580,152.666667,0.691191,matched
4030,134.333333,4580,152.666667,0.689768,matched
4031,134.366667,4581,152.7,0.688344,matched
4032,134.4,4581,152.7,0.686921,matched
4033,134.433333,4582,152.733333,0.685498,matched
4034,134.466667,4582,152.733333,0.684074,matched
4035,134.5,4583,152.766667,0.682651,matched
4036,134.533333,4583,152.766667,0.681228,matched
4037,134.566667,4584,152.8,0.679805,matched
4038,134.6,4584,152.8,0.678381,matched
4039,134.633333,4586,152.866667,0.681984,matched
4040,134.666667,4588,152.933333,0.685587,matched
4041,134.7,4590,153.0,0.68919,matched
4042,134.733333,4592,153.066667,0.692793,matched
4043,134.766667,4594,153.133333,0.696396,matched
4044,134.8,4596,153.2,0.7,matched
4045,134.833333,4598,153.266667,0.7,matched
4046,134.866667,4600,153.333333,0.7,matched
4047,134.9,4602,153.4,0.7,matched
4048,134.933333,4604,153.466667,0.7,matched
4049,134.966667,4606,153.533333,0.7,matched
4050,135.0,4608,153.6,0.7,matched
4051,135.033333,4610,153.666667,0.619689,matched
4052,135.066667,4612,153.733333,0.539379,matched
4053,135.1,4614,153.8,0.459068,matched
4054,135.133333,4616,153.866667,0.378757,matched
4055,135.166667,4618,153.933333,0.298446,review
4056,135.2,4620,154.0,0.218148,review
4057,135.233333,4622,154.066667,0.267607,review
4058,135.266667,4624,154.133333,0.317066,review
4059,135.3,4626,154.2,0.366526,matched
4060,135.333333,4628,154.266667,0.415985,matched
4061,135.366667,4630,154.333333,0.465445,matched
4062,135.4,4632,154.4,0.514881,matched
4063,135.433333,4634,154.466667,0.440431,matched
4064,135.466667,4636,154.533333,0.365981,matched
4065,135.5,4638,154.6,0.291531,review
4066,135.533333,4640,154.666667,0.21708,review
4067,135.566667,4642,154.733333,0.14263,review
4068,135.6,4644,154.8,0.06818,review
4069,135.633333,4646,154.866667,0.170917,review
4070,135.666667,4648,154.933333,0.273687,review
4071,135.7,4650,155.0,0.376456,matched
4072,135.733333,4652,155.066667,0.479226,matched
4073,135.766667,4654,155.133333,0.581996,matched
4074,135.8,4656,155.2,0.684766,matched
4075,135.833333,4656,155.2,0.670741,matched
4076,135.866667,4657,155.233333,0.656707,matched
4077,135.9,4657,155.233333,0.642672,matched
4078,135.933333,4658,155.266667,0.628637,matched
4079,135.966667,4658,155.266667,0.614602,matched
4080,136.0,4659,155.3,0.600567,matched
4081,136.033333,4659,155.3,0.586533,matched
4082,136.066667,4660,155.333333,0.572498,matched
4083,136.1,4660,155.333333,0.558463,matched
4084,136.133333,4661,155.366667,0.544428,matched
4085,136.166667,4661,155.366667,0.530393,matched
4086,136.2,4662,155.4,0.516361,matched
4087,136.233333,4662,155.4,0.531664,matched
4088,136.266667,4663,155.433333,0.546967,matched
4089,136.3,4663,155.433333,0.56227,matched
4090,136.333333,4664,155.466667,0.577573,matched
4091,136.366667,4664,155.466667,0.592876,matched
4092,136.4,4665,155.5,0.608179,matched
4093,136.433333,4665,155.5,0.623482,matched
4094,136.466667,4666,155.533333,0.638785,matched
4095,136.5,4667,155.566667,0.654088,matched
4096,136.533333,4667,155.566667,0.669391,matched
4097,136.566667,4668,155.6,0.684694,matched
4098,136.6,4668,155.6,0.699997,matched
4099,136.633333,4669,155.633333,0.697853,matched
4100,136.666667,4669,155.633333,0.695705,matched
4101,136.7,4670,155.666667,0.693557,matched
4102,136.733333,4670,155.666667,0.691409,matched
4103,136.766667,4671,155.7,0.689261,matched
4104,136.8,4671,155.7,0.687114,matched
4105,136.833333,4672,155.733333,0.684966,matched
4106,136.866667,4672,155.733333,0.682818,matched
4107,136.9,4673,155.766667,0.68067,matched
4108,136.933333,4673,155.766667,0.678523,matched
4109,136.966667,4674,155.8,0.676375,matched
4110,137.0,4674,155.8,0.674227,matched
4111,137.033333,4675,155.833333,0.676375,matched
4112,137.066667,4675,155.833333,0.678523,matched
4113,137.1,4676,155.866667,0.68067,matched
4114,137.133333,4676,155.866667,0.682818,matched
4115,137.166667,4677,155.9,0.684966,matched
4116,137.2,4677,155.9,0.687114,matched
4117,137.233333,4678,155.933333,0.689261,matched
4118,137.266667,4678,155.933333,0.691409,matched
4119,137.3,4679,155.966667,0.693557,matched
4120,137.333333,4679,155.966667,0.695705,matched
4121,137.366667,4680,156.0,0.697853,matched
4122,137.4,4680,156.0,0.699992,matched
4123,137.433333,4682,156.066667,0.655093,matched
4124,137.466667,4684,156.133333,0.610194,matched
4125,137.5,4686,156.2,0.565294,matched
4126,137.533333,4688,156.266667,0.520395,matched
4127,137.566667,4690,156.333333,0.475496,matched
4128,137.6,4692,156.4,0.430597,matched
4129,137.633333,4694,156.466667,0.390846,matched
4130,137.666667,4696,156.533333,0.351096,matched
4131,137.7,4698,156.6,0.311345,review
4132,137.733333,4700,156.666667,0.271595,review
4133,137.766667,4702,156.733333,0.231845,review
4134,137.8,4704,156.8,0.192095,review
4135,137.833333,4706,156.866667,0.176534,review
4136,137.866667,4708,156.933333,0.160975,review
4137,137.9,4710,157.0,0.145416,review
4138,137.933333,4712,157.066667,0.129857,review
4139,137.966667,4714,157.133333,0.114299,review
4140,138.0,4716,157.2,0.09874,review
4141,138.033333,4718,157.266667,0.143261,review
4142,138.066667,4720,157.333333,0.187783,review
4143,138.1,4722,157.4,0.232304,review
4144,138.133333,4724,157.466667,0.276825,review
4145,138.166667,4726,157.533333,0.321347,review
4146,138.2,4728,157.6,0.365866,matched
4147,138.233333,4729,157.633333,0.390025,matched
4148,138.266667,4729,157.633333,0.414184,matched
4149,138.3,4730,157.666667,0.438344,matched
4150,138.333333,4730,157.666667,0.462503,matched
4151,138.366667,4731,157.7,0.486662,matched
4152,138.4,4731,157.7,0.510821,matched
4153,138.433333,4732,157.733333,0.53498,matched
4154,138.466667,4732,157.733333,0.559139,matched
4155,138.5,4733,157.766667,0.583298,matched
4156,138.533333,4733,157.766667,0.607457,matched
4157,138.566667,4734,157.8,0.631616,matched
4158,138.6,4734,157.8,0.655776,matched
4159,138.633333,4736,157.866667,0.632893,matched
4160,138.666667,4738,157.933333,0.610003,matched
4161,138.7,4740,158.0,0.587112,matched
4162,138.733333,4742,158.066667,0.564221,matched
4163,138.766667,4744,158.133333,0.54133,matched
4164,138.8,4746,158.2,0.518439,matched
4165,138.833333,4746,158.2,0.529203,matched
4166,138.866667,4747,158.233333,0.539969,matched
4167,138.9,4747,158.233333,0.550736,matched
4168,138.933333,4748,158.266667,0.561502,matched
4169,138.966667,4748,158.266667,0.572269,matched
4170,139.0,4749,158.3,0.583035,matched
4171,139.033333,4749,158.3,0.593802,matched
4172,139.066667,4750,158.333333,0.604568,matched
4173,139.1,4750,158.333333,0.615335,matched
4174,139.133333,4751,158.366667,0.626101,matched
4175,139.166667,4751,158.366667,0.636868,matched
4176,139.2,4752,158.4,0.647633,matched
4177,139.233333,4752,158.4,0.647431,matched
4178,139.266667,4753,158.433333,0.64723,matched
4179,139.3,4753,158.433333,0.647028,matched
4180,139.333333,4754,158.466667,0.646826,matched
4181,139.366667,4754,158.466667,0.646624,matched
4182,139.4,4755,158.5,0.646423,matched
4183,139.433333,4755,158.5,0.646221,matched
4184,139.466667,4756,158.533333,0.646019,matched
4185,139.5,4757,158.566667,0.645817,matched
4186,139.533333,4757,158.566667,0.645616,matched
4187,139.566667,4758,158.6,0.645414,matched
4188,139.6,4758,158.6,0.645212,matched
4189,139.633333,4759,158.633333,0.6438,matched
4190,139.666667,4759,158.633333,0.642388,matched
4191,139.7,4760,158.666667,0.640976,matched
4192,139.733333,4760,158.666667,0.639563,matched
4193,139.766667,4761,158.7,0.638151,matched
4194,139.8,4761,158.7,0.636739,matched
4195,139.833333,4762,158.733333,0.635327,matched
4196,139.866667,4762,158.733333,0.633915,matched
4197,139.9,4763,158.766667,0.632503,matched
4198,139.933333,4763,158.766667,0.63109,matched
4199,139.966667,4764,158.8,0.629678,matched
4200,140.0,4764,158.8,0.628266,matched
4201,140.033333,4766,158.866667,0.607183,matched
4202,140.066667,4768,158.933333,0.5861,matched
4203,140.1,4770,159.0,0.565018,matched
4204,140.133333,4772,159.066667,0.543935,matched
4205,140.166667,4774,159.133333,0.522852,matched
4206,140.2,4776,159.2,0.501774,matched
4207,140.233333,4778,159.266667,0.534813,matched
4208,140.266667,4780,159.333333,0.567851,matched
4209,140.3,4782,159.4,0.60089,matched
4210,140.333333,4784,159.466667,0.633929,matched
4211,140.366667,4786,159.533333,0.666967,matched
4212,140.4,4788,159.6,0.7,matched
4213,140.433333,4789,159.633333,0.7,matched
4214,140.466667,4789,159.633333,0.7,matched
4215,140.5,4790,159.666667,0.7,matched
4216,140.533333,4790,159.666667,0.7,matched
4217,140.566667,4791,159.7,0.7,matched
4218,140.6,4791,159.7,0.7,matched
4219,140.633333,4792,159.733333,0.7,matched
4220,140.666667,4792,159.733333,0.7,matched
4221,140.7,4793,159.766667,0.7,matched
4222,140.733333,4793,159.766667,0.7,matched
4223,140.766667,4794,159.8,0.7,matched
4224,140.8,4794,159.8,0.7,matched
4225,140.833333,4795,159.833333,0.7,matched
4226,140.866667,4795,159.833333,0.7,matched
4227,140.9,4796,159.866667,0.7,matched
4228,140.933333,4796,159.866667,0.7,matched
4229,140.966667,4797,159.9,0.7,matched
4230,141.0,4797,159.9,0.7,matched
4231,141.033333,4798,159.933333,0.7,matched
4232,141.066667,4798,159.933333,0.7,matched
4233,141.1,4799,159.966667,0.7,matched
4234,141.133333,4799,159.966667,0.7,matched
4235,141.166667,4800,160.0,0.7,matched
4236,141.2,4800,160.0,0.7,matched
4237,141.233333,4801,160.033333,0.699507,matched
4238,141.266667,4802,160.066667,0.699015,matched
4239,141.3,4803,160.1,0.698522,matched
4240,141.333333,4804,160.133333,0.69803,matched
4241,141.366667,4805,160.166667,0.697537,matched
4242,141.4,4806,160.2,0.697041,matched
4243,141.433333,4806,160.2,0.676332,matched
4244,141.466667,4807,160.233333,0.655623,matched
4245,141.5,4807,160.233333,0.634914,matched
4246,141.533333,4808,160.266667,0.614205,matched
4247,141.566667,4808,160.266667,0.593496,matched
4248,141.6,4809,160.3,0.572787,matched
4249,141.633333,4809,160.3,0.552077,matched
4250,141.666667,4810,160.333333,0.531368,matched
4251,141.7,4810,160.333333,0.510659,matched
4252,141.733333,4811,160.366667,0.48995,matched
4253,141.766667,4811,160.366667,0.469241,matched
4254,141.8,4812,160.4,0.448532,matched
4255,141.833333,4814,160.466667,0.436933,matched
4256,141.866667,4816,160.533333,0.425335,matched
4257,141.9,4818,160.6,0.413737,matched
4258,141.933333,4820,160.666667,0.402139,matched
4259,141.966667,4822,160.733333,0.390541,matched
4260,142.0,4824,160.8,0.378943,matched
4261,142.033333,4826,160.866667,0.349405,review
4262,142.066667,4828,160.933333,0.319868,review
4263,142.1,4830,161.0,0.29033,review
4264,142.133333,4832,161.066667,0.260793,review
4265,142.166667,4834,161.133333,0.231255,review
4266,142.2,4836,161.2,0.20172,review
4267,142.233333,4838,161.266667,0.204739,review
4268,142.266667,4840,161.333333,0.207758,review
4269,142.3,4842,161.4,0.210777,review
4270,142.333333,4844,161.466667,0.213796,review
4271,142.366667,4846,161.533333,0.216815,review
4272,142.4,4848,161.6,0.21984,review
4273,142.433333,4850,161.666667,0.259198,review
4274,142.466667,4852,161.733333,0.298556,review
4275,142.5,4854,161.8,0.337915,review
4276,142.533333,4856,161.866667,0.377273,matched
4277,142.566667,4858,161.933333,0.416631,matched
4278,142.6,4860,162.0,0.455989,matched
4279,142.633333,4862,162.066667,0.465199,matched
4280,142.666667,4864,162.133333,0.474403,matched
4281,142.7,4866,162.2,0.483608,matched
4282,142.733333,4868,162.266667,0.492812,matched
4283,142.766667,4870,162.333333,0.502017,matched
4284,142.8,4872,162.4,0.511221,matched
4285,142.833333,4874,162.466667,0.516218,matched
4286,142.866667,4876,162.533333,0.521214,matched
4287,142.9,4878,162.6,0.52621,matched
4288,142.933333,4880,162.666667,0.531206,matched
4289,142.966667,4882,162.733333,0.536202,matched
4290,143.0,4884,162.8,0.541198,matched
4291,143.033333,4886,162.866667,0.531021,matched
4292,143.066667,4888,162.933333,0.520844,matched
4293,143.1,4890,163.0,0.510667,matched
4294,143.133333,4892,163.066667,0.50049,matched
4295,143.166667,4894,163.133333,0.490313,matched
4296,143.2,4896,163.2,0.480134,matched
4297,143.233333,4898,163.266667,0.449279,matched
4298,143.266667,4900,163.333333,0.418424,matched
4299,143.3,4902,163.4,0.387568,matched
4300,143.333333,4904,163.466667,0.356713,matched
4301,143.366667,4906,163.533333,0.325858,review
4302,143.4,4908,163.6,0.295009,review
4303,143.433333,4909,163.633333,0.303051,review
4304,143.466667,4909,163.633333,0.311092,review
4305,143.5,4910,163.666667,0.319133,review
4306,143.533333,4910,163.666667,0.327174,review
4307,143.566667,4911,163.7,0.335216,review
4308,143.6,4911,163.7,0.343257,review
4309,143.633333,4912,163.733333,0.351298,matched
4310,143.666667,4912,163.733333,0.359339,matched
4311,143.7,4913,163.766667,0.367381,matched
4312,143.733333,4913,163.766667,0.375422,matched
4313,143.766667,4914,163.8,0.383463,matched
4314,143.8,4914,163.8,0.391504,matched
4315,143.833333,,,0.0,unmatched
4316,143.866667,,,0.0,unmatched
4317,143.9,,,0.0,unmatched
4318,143.933333,,,0.0,unmatched
4319,143.966667,,,0.0,unmatched
4320,144.0,,,0.0,unmatched
4321,144.033333,,,0.0,unmatched
4322,144.066667,,,0.0,unmatched
4323,144.1,,,0.0,unmatched
4324,144.133333,,,0.0,unmatched
4325,144.166667,,,0.0,unmatched
4326,144.2,,,0.0,unmatched
4327,144.233333,,,0.0,unmatched
4328,144.266667,,,0.0,unmatched
4329,144.3,,,0.0,unmatched
4330,144.333333,,,0.0,unmatched
4331,144.366667,,,0.0,unmatched
4332,144.4,,,0.0,unmatched
4333,144.433333,,,0.0,unmatched
4334,144.466667,,,0.0,unmatched
4335,144.5,,,0.0,unmatched
4336,144.533333,,,0.0,unmatched
4337,144.566667,,,0.0,unmatched
4338,144.6,,,0.0,unmatched
4339,144.633333,,,0.0,unmatched
4340,144.666667,,,0.0,unmatched
4341,144.7,,,0.0,unmatched
4342,144.733333,,,0.0,unmatched
4343,144.766667,,,0.0,unmatched
4344,144.8,,,0.0,unmatched
4345,144.833333,,,0.0,unmatched
4346,144.866667,,,0.0,unmatched
4347,144.9,,,0.0,unmatched
4348,144.933333,,,0.0,unmatched
4349,144.966667,,,0.0,unmatched
