input,model_family,modality,section,section_raw_4b,section_raw_8b,total_4b,total_8b,task_aware_score_4b,task_aware_score_8b,task_aware_score_delta_8b_minus_4b,token_f1_4b,token_f1_8b,token_f1_delta_8b_minus_4b,bleu_4_4b,bleu_4_8b,bleu_4_delta_8b_minus_4b,rouge_l_f1_4b,rouge_l_f1_8b,rouge_l_f1_delta_8b_minus_4b,meteor_4b,meteor_8b,meteor_delta_8b_minus_4b,judge_strict_accuracy_4b,judge_strict_accuracy_8b,judge_strict_accuracy_delta_8b_minus_4b,judge_soft_accuracy_4b,judge_soft_accuracy_8b,judge_soft_accuracy_delta_8b_minus_4b
frame 8,InternVL3.5,depth,ALL,ALL,ALL,764,764,0.39046684118673647,0.4500253937965672,0.05955855260983073,0.29973663112714544,0.32418882083765055,0.024452189710505112,0.5651497360997461,0.5733037978479496,0.008154061748203545,0.29973663112714544,0.3238615957067605,0.02412496457961505,0.14708372237256748,0.16396935871999593,0.016885636347428457,0.4410994764397906,0.49345549738219896,0.05235602094240838,0.45287958115183247,0.5104712041884817,0.05759162303664922
frame 8,InternVL3.5,depth,action,depth_action,depth_action,151,151,0.32796173657100813,0.31820374794663847,-0.009757988624369662,0.2995374750341638,0.2897269267545855,-0.00981054827957828,0.5745009851493363,0.591442814570079,0.016941829420742627,0.2995374750341638,0.2897269267545855,-0.00981054827957828,0.15831771233716896,0.15733768998181638,-0.0009800223553525778,0.3973509933774834,0.3576158940397351,-0.039735099337748325,0.4337748344370861,0.3973509933774834,-0.03642384105960267
frame 8,InternVL3.5,depth,counting,depth_counting,depth_counting,103,103,0.23300970873786409,0.2524271844660194,0.01941747572815533,0.14789644012944983,0.10906148867313915,-0.038834951456310676,0.5797748843380459,0.5750420332643765,-0.004732851073669386,0.14789644012944983,0.10906148867313915,-0.038834951456310676,0.07126235294349756,0.053972030999677116,-0.017290321943820443,0.23300970873786409,0.2524271844660194,0.01941747572815533,0.23300970873786409,0.2524271844660194,0.01941747572815533
frame 8,InternVL3.5,depth,dynamic_counting,depth_dynamic_counting,depth_dynamic_counting,118,118,0.288135593220339,0.4830508474576271,0.19491525423728812,0.16581920903954803,0.22937853107344633,0.0635593220338983,0.7000096044421215,0.7103274854340772,0.010317880991955741,0.16581920903954803,0.22937853107344633,0.0635593220338983,0.07816509321861687,0.10997661354485619,0.03181152032623932,0.3135593220338983,0.5169491525423728,0.20338983050847453,0.3135593220338983,0.5211864406779662,0.20762711864406785
frame 8,InternVL3.5,depth,dynamic_recognition,depth_dynamic_recognition,depth_dynamic_recognition,131,131,0.4424936386768448,0.4801708469647401,0.03767720828789528,0.3935478007997092,0.4295710650672483,0.0360232642675391,0.6344237616569227,0.635174685516729,0.0007509238598062407,0.3935478007997092,0.4295710650672483,0.0360232642675391,0.19358224935944376,0.21449895285449194,0.020916703495048178,0.5038167938931297,0.5267175572519084,0.022900763358778664,0.5152671755725191,0.549618320610687,0.03435114503816794
frame 8,InternVL3.5,depth,navigation,depth_navigation,depth_navigation,53,53,0.4528301886792453,0.6415094339622641,0.18867924528301883,0.284366576819407,0.39205888451171467,0.10769230769230764,0.33124315955947126,0.3558623939997846,0.02461923444031333,0.284366576819407,0.39205888451171467,0.10769230769230764,0.13090165135026638,0.1943648129529265,0.06346316160266013,0.5283018867924528,0.7169811320754716,0.18867924528301883,0.5283018867924528,0.7169811320754716,0.18867924528301883
frame 8,InternVL3.5,depth,non_common,depth_non_common,depth_non_common,56,56,0.6964285714285714,0.8075396825396826,0.11111111111111116,0.5977040816326531,0.7106009070294784,0.11289682539682533,0.7649147837963095,0.7537242874609352,-0.011190496335374278,0.5977040816326531,0.7106009070294784,0.11289682539682533,0.28877143609286465,0.3458241404669976,0.057052704374132956,0.6964285714285714,0.8035714285714286,0.1071428571428572,0.6964285714285714,0.8035714285714286,0.1071428571428572
frame 8,InternVL3.5,depth,object_recognition,depth_object_recognition,depth_object_recognition,49,49,0.1383219954648526,0.14512471655328799,0.006802721088435382,0.11689342403628118,0.12913832199546485,0.012244897959183668,0.49218032967112707,0.5092181489811202,0.017037819309993096,0.11689342403628118,0.12403628117913831,0.007142857142857131,0.07496843281617718,0.09356231536682665,0.018593882550649463,0.2653061224489796,0.2653061224489796,0.0,0.29591836734693877,0.3163265306122449,0.020408163265306145
frame 8,InternVL3.5,depth,scene_sequence,depth_scene_sequence,depth_scene_sequence,53,53,0.6855345911949686,0.660377358490566,-0.02515723270440262,0.4501418177333827,0.4113804896546295,-0.03876132807875321,0.34799245621656205,0.346024704989251,-0.0019677512273110764,0.4501418177333827,0.4113804896546295,-0.03876132807875321,0.21231298231572557,0.20297574582896338,-0.009337236486762185,0.7358490566037735,0.7169811320754716,-0.018867924528301883,0.7452830188679245,0.7358490566037735,-0.009433962264150941
frame 8,InternVL3.5,depth,spatial_reasoning,depth_spatial_reasoning,depth_spatial_reasoning,50,50,0.5343333333333333,0.5706984126984127,0.03636507936507938,0.3857142857142857,0.4130793650793651,0.027365079365079426,0.3329147750400385,0.3616022880260415,0.028687512986002972,0.3857142857142857,0.4130793650793651,0.027365079365079426,0.1701636419434839,0.19738243050115717,0.027218788557673262,0.62,0.66,0.040000000000000036,0.62,0.66,0.040000000000000036
frame 8,InternVL3.5,event,ALL,ALL,ALL,822,822,0.38310161047387326,0.4266635770285406,0.04356196655466732,0.3457177723601081,0.30676387683686956,-0.038953895523238524,0.6882999407978327,0.6821701408043147,-0.006129799993518037,0.34488830985181346,0.3061556043307868,-0.038732705521026645,0.1822744706644351,0.16725295882833927,-0.015021511836095847,0.43309002433090027,0.46958637469586373,0.03649635036496346,0.4555961070559611,0.4981751824817518,0.0425790754257907
frame 8,InternVL3.5,event,action,event_action,event_action,155,155,0.2995289298515105,0.27229390681003585,-0.027235023041474626,0.2909267793138761,0.26297491039426524,-0.02795186891961088,0.6448030278463256,0.6317126658545383,-0.013090361991787258,0.2909267793138761,0.26297491039426524,-0.02795186891961088,0.16570284149807837,0.14803516709395112,-0.017667674404127254,0.3870967741935484,0.36774193548387096,-0.019354838709677413,0.42258064516129035,0.4290322580645161,0.006451612903225767
frame 8,InternVL3.5,event,counting,event_counting,event_counting,139,139,0.41007194244604317,0.5755395683453237,0.16546762589928055,0.2589928057553957,0.14868105515587532,-0.11031175059952036,0.8287480823457433,0.8094239309745772,-0.019324151371166054,0.2589928057553957,0.14868105515587532,-0.11031175059952036,0.1279818250662628,0.07521255722694573,-0.05276926783931707,0.4028776978417266,0.5755395683453237,0.1726618705035971,0.4028776978417266,0.5755395683453237,0.1726618705035971
frame 8,InternVL3.5,event,dynamic_counting,event_dynamic_counting,event_dynamic_counting,130,130,0.3,0.47692307692307695,0.17692307692307696,0.22820512820512823,0.18205128205128207,-0.046153846153846156,0.8461583761653109,0.8298229433418907,-0.016335432823420204,0.22820512820512823,0.18205128205128207,-0.046153846153846156,0.11194331983805668,0.09313581155686418,-0.0188075082811925,0.3230769230769231,0.49230769230769234,0.16923076923076924,0.3230769230769231,0.49230769230769234,0.16923076923076924
frame 8,InternVL3.5,event,dynamic_recognition,event_dynamic_recognition,event_dynamic_recognition,123,123,0.5429087624209575,0.5571815718157181,0.01427280939476061,0.538843721770551,0.5401084010840109,0.001264679313459971,0.748876194643618,0.7666266975741625,0.017750502930544476,0.538843721770551,0.5401084010840109,0.001264679313459971,0.2703850350191814,0.27186230739636963,0.0014772723771882545,0.6422764227642277,0.5528455284552846,-0.08943089430894313,0.6747967479674797,0.5813008130081301,-0.0934959349593496
frame 8,InternVL3.5,event,navigation,event_navigation,event_navigation,54,54,0.154320987654321,0.18209876543209877,0.027777777777777762,0.22657527657527657,0.26141975308641974,0.03484447651114317,0.43601826064721444,0.4470542368840596,0.011035976236845157,0.21394901394901394,0.25679012345679014,0.0428411095077762,0.12911550960380944,0.1339660876241042,0.00485057802029476,0.24074074074074073,0.25925925925925924,0.018518518518518517,0.25925925925925924,0.2962962962962963,0.037037037037037035
frame 8,InternVL3.5,event,non_common,event_non_common,event_non_common,57,57,0.9649122807017544,0.8070175438596491,-0.1578947368421053,0.9140350877192983,0.7512670565302144,-0.1627680311890839,0.8985481708645318,0.8644989281950116,-0.03404924266952014,0.9140350877192983,0.7512670565302144,-0.1627680311890839,0.45121249068617486,0.374292248905252,-0.07692024178092288,0.9649122807017544,0.8070175438596491,-0.1578947368421053,0.9649122807017544,0.8157894736842105,-0.14912280701754388
frame 8,InternVL3.5,event,object_recognition,event_object_recognition,event_object_recognition,54,54,0.3006172839506173,0.3148148148148148,0.014197530864197505,0.3172229005562339,0.3392857142857143,0.02206281372948038,0.5264167638815967,0.5620641703731111,0.03564740649151432,0.3172229005562339,0.3346560846560847,0.017433184099850785,0.17282040163630902,0.2144253543517833,0.04160495271547429,0.3333333333333333,0.42592592592592593,0.09259259259259262,0.42592592592592593,0.48148148148148145,0.055555555555555525
frame 8,InternVL3.5,event,scene_sequence,event_scene_sequence,event_scene_sequence,55,55,0.06363636363636363,0.045454545454545456,-0.018181818181818174,0.08434030615848798,0.07866497139224413,-0.00567533476624385,0.3284871639444507,0.320979359629995,-0.0075078043144556905,0.08434030615848798,0.07866497139224413,-0.00567533476624385,0.05380166800220602,0.05127596582004989,-0.002525702182156128,0.10909090909090909,0.12727272727272726,0.018181818181818174,0.16363636363636364,0.2,0.036363636363636376
frame 8,InternVL3.5,event,spatial_reasoning,event_spatial_reasoning,event_spatial_reasoning,55,55,0.41160173160173164,0.4117316017316017,0.00012987012987009106,0.3825108225108225,0.3826406926406926,0.00012987012987009106,0.49589466636628105,0.485885491154666,-0.01000917521161504,0.3825108225108225,0.3826406926406926,0.00012987012987009106,0.246608490313575,0.28304076938620315,0.03643227907262814,0.4909090909090909,0.4909090909090909,0.0,0.4909090909090909,0.509090909090909,0.018181818181818132
frame 8,InternVL3.5,ir,ALL,ALL,ALL,1561,1561,0.37594574664794334,0.414784045251238,0.038838298603294685,0.29097660259696934,0.2838472358171149,-0.007129366779854429,0.43970562124116785,0.4443858474823552,0.004680226241187357,0.28916103628277845,0.28158703160622206,-0.0075740046765563895,0.14487908038496605,0.1462593335846046,0.0013802531996385536,0.478539397821909,0.5169762972453555,0.038436899423446524,0.4974375400384369,0.5422805893657912,0.04484304932735428
frame 8,InternVL3.5,ir,action,action,action,163,163,0.2856869442759013,0.26996299542311814,-0.015723948852783165,0.2643172437650965,0.23819643206146277,-0.026120811703633756,0.38270054682254234,0.36809994690273073,-0.014600599919811608,0.26256439538648124,0.23717393717393717,-0.02539045821254407,0.14071692230015515,0.11724968213540919,-0.023467240164745953,0.43558282208588955,0.4601226993865031,0.024539877300613522,0.49693251533742333,0.5337423312883436,0.036809815950920255
frame 8,InternVL3.5,ir,counting,counting,counting,177,177,0.4519774011299435,0.6666666666666666,0.21468926553672313,0.2721004670157212,0.13687602416415975,-0.13522444285156146,0.5665026939475685,0.5432638708771421,-0.02323882307042635,0.2721004670157212,0.13687602416415975,-0.13522444285156146,0.13042677383391088,0.06099861163183694,-0.06942816220207394,0.4576271186440678,0.6666666666666666,0.20903954802259883,0.4576271186440678,0.6694915254237288,0.211864406779661
frame 8,InternVL3.5,ir,dynamic_counting,dynamic_counting,dynamic_counting,170,170,0.45294117647058824,0.5529411764705883,0.10000000000000003,0.34278244631185806,0.3546311858076564,0.011848739495798344,0.6788227312491122,0.6834425147891052,0.004619783539993039,0.34278244631185806,0.3546311858076564,0.011848739495798344,0.16448546029406766,0.17378785430167096,0.009302394007603298,0.5235294117647059,0.6529411764705882,0.12941176470588234,0.5294117647058824,0.6588235294117647,0.12941176470588234
frame 8,InternVL3.5,ir,dynamic_recognition,dynamic_recognition,dynamic_recognition,165,165,0.40975556430101884,0.4857190957190957,0.07596353141807688,0.33731951550133366,0.42060034241852423,0.08328082691719058,0.5647257573169822,0.5797135323784278,0.014987775061445663,0.33731951550133366,0.42060034241852423,0.08328082691719058,0.16480903086258392,0.2061647322674209,0.04135570140483699,0.47878787878787876,0.5151515151515151,0.036363636363636376,0.48787878787878786,0.5303030303030303,0.04242424242424242
frame 8,InternVL3.5,ir,light_change,light_change,light_change,176,176,0.3808785595717414,0.3101350038850039,-0.07074355568673746,0.2694196586242041,0.20739140724100616,-0.062028251383197924,0.5042204427487693,0.492844621295434,-0.011375821453335322,0.2694196586242041,0.20739140724100616,-0.062028251383197924,0.12454636819948382,0.09595227094476551,-0.028594097254718315,0.4772727272727273,0.3977272727272727,-0.07954545454545459,0.48011363636363635,0.40625,-0.07386363636363635
frame 8,InternVL3.5,ir,light_recognition,light_recognition,light_recognition,52,52,0.2898684648684649,0.27469992928137726,-0.01516853558708764,0.23416305916305916,0.2205513001327481,-0.01361175903031106,0.23765913742137867,0.2705548821192837,0.032895744697905016,0.22775280275280277,0.21520941979086775,-0.012543382961935023,0.12151217204635888,0.12525140771347412,0.0037392356671152455,0.46153846153846156,0.5,0.038461538461538436,0.5,0.5192307692307693,0.019230769230769273
frame 8,InternVL3.5,ir,navigation,navigation,navigation,165,165,0.23333333333333334,0.25757575757575757,0.024242424242424232,0.24576793576793576,0.2659467265965755,0.020178790828639714,0.40062247405478923,0.4070696696647718,0.006447195609982581,0.24325378325378325,0.2625028481468844,0.01924906489310116,0.12650565390270255,0.14185902919775417,0.015353375295051624,0.3333333333333333,0.41818181818181815,0.08484848484848484,0.3484848484848485,0.42727272727272725,0.07878787878787874
frame 8,InternVL3.5,ir,non_common,non_common,non_common,56,56,0.8418367346938777,0.7164502164502166,-0.1253865182436611,0.4430497383913533,0.4111655866646099,-0.031884151726743415,0.3331011636522273,0.3167935209711756,-0.016307642681051726,0.4430497383913533,0.4084607179008351,-0.03458902049051821,0.2042322861249891,0.19511730264134572,-0.009114983483643369,0.9107142857142857,0.75,-0.1607142857142857,0.9285714285714286,0.7767857142857143,-0.1517857142857143
frame 8,InternVL3.5,ir,object_recognition,object_recognition,object_recognition,51,51,0.25252100840336134,0.23993577228871346,-0.012585236114647874,0.29607697185551857,0.29461065469533876,-0.0014663171601798086,0.26047048214333296,0.2845093088810951,0.024038826737762142,0.28580100961877203,0.27755701521409043,-0.008243994404681598,0.15757859034753544,0.16162578993501092,0.004047199587475486,0.37254901960784315,0.37254901960784315,0.0,0.45098039215686275,0.5,0.04901960784313725
frame 8,InternVL3.5,ir,scene_sequence,scene_sequence,scene_sequence,177,177,0.260075329566855,0.27325800376647835,0.013182674199623379,0.23708097888234703,0.25936828109343746,0.022287302211090432,0.2987067240564104,0.31067451518252187,0.01196779112611146,0.23418815146309888,0.2551419102863739,0.02095375882327502,0.10941746976853634,0.12953699816376285,0.020119528395226516,0.4463276836158192,0.4180790960451977,-0.028248587570621486,0.4689265536723164,0.4661016949152542,-0.0028248587570621764
frame 8,InternVL3.5,ir,spatial_reasoning,spatial_reasoning,spatial_reasoning,50,50,0.3435950715950716,0.4850272534483061,0.14143218185323453,0.3131838161838162,0.4723715757926284,0.1591877596088122,0.12377486927783032,0.2478563581083709,0.12408148883054057,0.3065171495171495,0.46602236944342207,0.1595052199262726,0.2046194673733061,0.353906441440011,0.14928697406670488,0.6,0.6,0.0,0.62,0.62,0.0
frame 8,InternVL3.5,ir,text_recognition,text_recognition,text_recognition,159,159,0.4517759015628766,0.4716110234978159,0.019835121934939304,0.3230123518596097,0.32023997714137326,-0.0027723747182364367,0.35816616265768353,0.36529389522034994,0.007127732562666411,0.3203030539227868,0.3175433848776334,-0.002759669045153401,0.1685171103345973,0.17761624865821463,0.009099138323617334,0.5345911949685535,0.5534591194968553,0.018867924528301883,0.5471698113207547,0.5660377358490566,0.018867924528301883
frame 8,InternVL3.5,rgb,ALL,ALL,ALL,2318,2318,0.3583272413761738,0.3885544264380843,0.030227185061910522,0.26157014849103716,0.23866976580366636,-0.022900382687370796,0.38264757999038035,0.38045901789940323,-0.0021885620909771197,0.26028430773053224,0.23768130663312748,-0.022603001097404762,0.12770085751589466,0.11683049406902174,-0.010870363446872922,0.4658008658008658,0.48792062122519414,0.022119755424328313,0.488961038961039,0.5163934426229508,0.027432403661911853
frame 8,InternVL3.5,rgb,action,action,action,266,266,0.33790368987737407,0.3238094955808357,-0.014094194296538354,0.2740562799773326,0.25479459235540614,-0.019261687621926482,0.3383868135290255,0.33384883983543684,-0.004537973693588659,0.2707772490667228,0.25395917046735267,-0.016818078599370123,0.13577417705458156,0.12437794964400305,-0.01139622741057851,0.5075187969924813,0.48120300751879697,-0.026315789473684292,0.5639097744360902,0.5375939849624061,-0.02631578947368418
frame 8,InternVL3.5,rgb,counting,counting,counting,273,273,0.4725274725274725,0.608058608058608,0.1355311355311355,0.2781073826104882,0.10398752651499905,-0.17411985609548913,0.5653864292271636,0.5387260757735411,-0.0266603534536225,0.2781073826104882,0.10398752651499905,-0.17411985609548913,0.13255195027460978,0.04686871656531403,-0.08568323370929576,0.47985347985347987,0.6153846153846154,0.13553113553113555,0.4816849816849817,0.6153846153846154,0.13369963369963372
frame 8,InternVL3.5,rgb,dynamic_counting,dynamic_counting,dynamic_counting,279,279,0.4574273197929112,0.5581441656710474,0.10071684587813623,0.34414058661370495,0.27989185247249765,-0.0642487341412073,0.5876155987778512,0.574280291516766,-0.013335307261085227,0.34414058661370495,0.27989185247249765,-0.0642487341412073,0.16563680842374312,0.13261610966164541,-0.033020698762097705,0.5089605734767025,0.6308243727598566,0.12186379928315405,0.514336917562724,0.6397849462365591,0.1254480286738351
frame 8,InternVL3.5,rgb,dynamic_recognition,dynamic_recognition,dynamic_recognition,157,157,0.3548880576980989,0.3787219327028244,0.023833875004725502,0.1941045029654996,0.230673123147507,0.03656862018200738,0.31751055781020104,0.3273676907875751,0.009857132977374061,0.1941045029654996,0.2295653967559257,0.03546089379042608,0.08896835812672572,0.10457380954469216,0.015605451417966432,0.445859872611465,0.46496815286624205,0.019108280254777066,0.46178343949044587,0.5,0.03821656050955413
frame 8,InternVL3.5,rgb,light_change,light_change,light_change,288,288,0.4250801667468334,0.39885912698412695,-0.026221039762706455,0.2775523116362577,0.257242791816934,-0.020309519819323718,0.4097455337313527,0.40643617742362276,-0.003309356307729938,0.2775523116362577,0.2569271352512774,-0.020625176384980293,0.13013337511726242,0.11968257355403408,-0.010450801563228335,0.4756944444444444,0.4375,-0.03819444444444442,0.4791666666666667,0.4375,-0.041666666666666685
frame 8,InternVL3.5,rgb,light_recognition,light_recognition,light_recognition,54,54,0.24642990754101865,0.2530440752662975,0.006614167725278869,0.2704451926674149,0.2761334344667678,0.0056882417993529,0.30194419839717535,0.3216261834856938,0.019681985088518428,0.261038961038961,0.2761334344667678,0.015094473427806787,0.12503755703407354,0.14053528041760638,0.015497723383532835,0.5,0.42592592592592593,-0.07407407407407407,0.5185185185185185,0.48148148148148145,-0.037037037037037035
frame 8,InternVL3.5,rgb,navigation,navigation,navigation,273,273,0.22527472527472528,0.27912087912087913,0.05384615384615385,0.19184213040148126,0.2522073917305368,0.060365261329055536,0.2534350043801938,0.27420014037369894,0.020765135993505157,0.19096815058013303,0.24860929479185603,0.057641144211723006,0.08913950921504792,0.12154970202527024,0.032410192810222324,0.3849056603773585,0.41025641025641024,0.025350749879051726,0.4037735849056604,0.43956043956043955,0.035786854654779154
frame 8,InternVL3.5,rgb,non_common,non_common,non_common,68,68,0.7604072398190045,0.7434348739495799,-0.016972365869424633,0.41656876620111916,0.40279487669193553,-0.013773889509183623,0.3332314040698975,0.3079108492005952,-0.025320554869302292,0.41656876620111916,0.40279487669193553,-0.013773889509183623,0.19309000657366437,0.18599066237258924,-0.007099344201075136,0.8235294117647058,0.75,-0.07352941176470584,0.8235294117647058,0.7647058823529411,-0.05882352941176472
frame 8,InternVL3.5,rgb,object_recognition,object_recognition,object_recognition,50,50,0.33076190476190476,0.2867619047619048,-0.043999999999999984,0.3570377668308703,0.30547763347763346,-0.05156013335323684,0.47372729383319334,0.4606753935496883,-0.013051900283505058,0.35427914614121514,0.3020913900913901,-0.05218775604982506,0.17912379298362333,0.15968142749814412,-0.0194423654854792,0.5,0.46,-0.03999999999999998,0.6,0.59,-0.010000000000000009
frame 8,InternVL3.5,rgb,scene_sequence,scene_sequence,scene_sequence,303,303,0.20693069306930695,0.2183718371837184,0.011441144114411439,0.2077235868701836,0.21495956695714877,0.00723598008696516,0.24366457440783792,0.25012088223805196,0.006456307830214031,0.2047421353636884,0.2137683303219645,0.009026194958276085,0.09917570416275058,0.09929576782126452,0.00012006365851394141,0.38943894389438943,0.40264026402640263,0.013201320132013195,0.44554455445544555,0.4570957095709571,0.011551155115511524
frame 8,InternVL3.5,rgb,spatial_reasoning,spatial_reasoning,spatial_reasoning,51,51,0.40786006556358045,0.398831209867451,-0.009028855696129434,0.37354634007338433,0.4197165336939513,0.04617019362056696,0.326229350075418,0.3543348198356124,0.0281054697601944,0.3702783662171752,0.41644855983774215,0.04617019362056696,0.2999113968172228,0.3503531782775758,0.050441781460353,0.6078431372549019,0.5098039215686274,-0.0980392156862745,0.6078431372549019,0.5196078431372549,-0.08823529411764697
frame 8,InternVL3.5,rgb,text_recognition,text_recognition,text_recognition,256,256,0.3101701671950483,0.30163959113292754,-0.008530576062120765,0.21846095812995484,0.2176370348106271,-0.0008239233193277351,0.34573505278530975,0.3410139950799424,-0.004721057705367349,0.2178599965914933,0.2171487535606271,-0.0007112430308661988,0.10753795546771348,0.10815932497260547,0.000621369504891986,0.3984375,0.40234375,0.00390625,0.41796875,0.431640625,0.013671875
frame 8,Molmo2,depth,ALL,ALL,ALL,764,764,0.3226461752134559,0.370513793173941,0.04786761796048511,0.21709060877674874,0.2670244944717535,0.04993388569500479,0.4829848189866606,0.5356058742151943,0.05262105522853372,0.21693662047985932,0.2668705061748641,0.04993388569500476,0.11325985032687894,0.1362293719251848,0.02296952159830587,0.35209424083769636,0.41492146596858637,0.06282722513089001,0.3586387434554974,0.42212041884816753,0.06348167539267013
frame 8,Molmo2,depth,action,depth_action,depth_action,151,151,0.3347320199068704,0.29761062683150724,-0.03712139307536316,0.3051882377140816,0.2692257850360694,-0.03596245267801218,0.548677546201758,0.5149248108357972,-0.033752735365960795,0.30440911811922383,0.2692257850360694,-0.03518333308315441,0.18292002314053987,0.1555250178909717,-0.02739500524956817,0.36423841059602646,0.3841059602649007,0.019867549668874218,0.38741721854304634,0.39403973509933776,0.0066225165562914245
frame 8,Molmo2,depth,counting,depth_counting,depth_counting,103,103,0.27184466019417475,0.17475728155339806,-0.09708737864077668,0.10258899676375405,0.0482200647249191,-0.05436893203883495,0.5742457252783053,0.5684665311227313,-0.005779194155574041,0.10258899676375405,0.0482200647249191,-0.05436893203883495,0.04702077204335273,0.025128942208215547,-0.02189182983513718,0.27184466019417475,0.18446601941747573,-0.08737864077669902,0.27184466019417475,0.18446601941747573,-0.08737864077669902
frame 8,Molmo2,depth,dynamic_counting,depth_dynamic_counting,depth_dynamic_counting,118,118,0.3389830508474576,0.3644067796610169,0.02542372881355931,0.12203389830508475,0.19265536723163842,0.07062146892655367,0.6776038868868061,0.7065601353461151,0.028956248459308997,0.12203389830508475,0.19265536723163842,0.07062146892655367,0.060467246907924876,0.09458856715770186,0.03412132024977699,0.3728813559322034,0.3728813559322034,0.0,0.3728813559322034,0.3855932203389831,0.012711864406779683
frame 8,Molmo2,depth,dynamic_recognition,depth_dynamic_recognition,depth_dynamic_recognition,131,131,0.30890585241730284,0.40992366412213743,0.10101781170483459,0.26962922573609593,0.3731915667030171,0.10356234096692118,0.49270058006627576,0.6215419147352337,0.12884133466895792,0.26962922573609593,0.3731915667030171,0.10356234096692118,0.1325606402960159,0.18581629020738577,0.05325564991136986,0.3511450381679389,0.44274809160305345,0.09160305343511455,0.3511450381679389,0.44274809160305345,0.09160305343511455
frame 8,Molmo2,depth,navigation,depth_navigation,depth_navigation,53,53,0.5094339622641509,0.660377358490566,0.15094339622641506,0.31059624170824496,0.4221557576718509,0.11155951596360592,0.3271895338371592,0.3093314524024364,-0.017858081434722783,0.31059624170824496,0.41993600184499186,0.1093397601367469,0.14009254449942127,0.19158372147788258,0.05149117697846131,0.5283018867924528,0.7358490566037735,0.2075471698113207,0.5377358490566038,0.7358490566037735,0.19811320754716977
frame 8,Molmo2,depth,non_common,depth_non_common,depth_non_common,56,56,0.03571428571428571,0.3968253968253968,0.3611111111111111,0.025181016214450864,0.3253968253968254,0.30021580918237456,0.13508954165207834,0.7195267574074069,0.5844372157553286,0.025181016214450864,0.3253968253968254,0.30021580918237456,0.03324092490071524,0.15507738722024436,0.12183646231952913,0.017857142857142856,0.4107142857142857,0.39285714285714285,0.017857142857142856,0.4107142857142857,0.39285714285714285
frame 8,Molmo2,depth,object_recognition,depth_object_recognition,depth_object_recognition,49,49,0.11564625850340135,0.17913832199546484,0.06349206349206349,0.10306122448979592,0.15975056689342404,0.05668934240362812,0.501085544403228,0.3540344714598194,-0.14705107294340852,0.10306122448979592,0.15975056689342404,0.05668934240362812,0.07199173965419937,0.10732759193579196,0.035335852281592584,0.16326530612244897,0.2653061224489796,0.10204081632653064,0.1836734693877551,0.29591836734693877,0.11224489795918366
frame 8,Molmo2,depth,scene_sequence,depth_scene_sequence,depth_scene_sequence,53,53,0.5283018867924528,0.5849056603773585,0.05660377358490565,0.34914046121593295,0.38752620545073374,0.03838574423480079,0.30956116918852616,0.3120539738842422,0.0024928046957160555,0.34914046121593295,0.38752620545073374,0.03838574423480079,0.16065600379521314,0.1877189171793695,0.027062913384156367,0.5660377358490566,0.6226415094339622,0.05660377358490565,0.5660377358490566,0.6415094339622641,0.07547169811320753
frame 8,Molmo2,depth,spatial_reasoning,depth_spatial_reasoning,depth_spatial_reasoning,50,50,0.49647619047619046,0.5286666666666666,0.03219047619047616,0.36119047619047623,0.35604761904761906,-0.005142857142857171,0.3327150923143335,0.3505297369572935,0.01781464464296001,0.36119047619047623,0.35604761904761906,-0.005142857142857171,0.16474247048047982,0.16913741844120142,0.004394947960721596,0.58,0.6,0.020000000000000018,0.58,0.6,0.020000000000000018
frame 8,Molmo2,event,ALL,ALL,ALL,822,822,0.36671231858870706,0.38169582512648204,0.014983506537774971,0.2578352340914315,0.27570207178854705,0.017866837697115556,0.6269783236407701,0.6662701789968616,0.039291855356091476,0.25689023930519583,0.2745812278776368,0.017690988572440947,0.139854406214392,0.14882103919969406,0.008966632985302064,0.4099756690997567,0.4367396593673966,0.026763990267639926,0.4276155717761557,0.45012165450121655,0.022506082725060828
frame 8,Molmo2,event,action,event_action,event_action,155,155,0.3490860215053764,0.36521249359959035,0.016126472094213973,0.3376164874551971,0.3596569380440348,0.02204045058883769,0.6205601541011775,0.638723433731182,0.018163279630004525,0.3376164874551971,0.3596569380440348,0.02204045058883769,0.18346938968027776,0.1977565873350955,0.01428719765481773,0.44516129032258067,0.4967741935483871,0.05161290322580642,0.49032258064516127,0.5193548387096775,0.029032258064516203
frame 8,Molmo2,event,counting,event_counting,event_counting,139,139,0.39568345323741005,0.3597122302158273,-0.03597122302158273,0.07194244604316546,0.03597122302158273,-0.03597122302158273,0.8000137021482946,0.7942905516178527,-0.005723150530441923,0.07194244604316546,0.03597122302158273,-0.03597122302158273,0.03597122302158273,0.017985611510791366,-0.017985611510791366,0.39568345323741005,0.3597122302158273,-0.03597122302158273,0.39568345323741005,0.3597122302158273,-0.03597122302158273
frame 8,Molmo2,event,dynamic_counting,event_dynamic_counting,event_dynamic_counting,130,130,0.47692307692307695,0.4846153846153846,0.007692307692307665,0.1,0.1076923076923077,0.007692307692307693,0.8302162336700912,0.8314401073989088,0.0012238737288176038,0.1,0.1076923076923077,0.007692307692307693,0.05,0.05384615384615385,0.0038461538461538464,0.49230769230769234,0.49230769230769234,0.0,0.49230769230769234,0.49230769230769234,0.0
frame 8,Molmo2,event,dynamic_recognition,event_dynamic_recognition,event_dynamic_recognition,123,123,0.5365853658536586,0.5138211382113821,-0.02276422764227648,0.532520325203252,0.5097560975609756,-0.02276422764227637,0.767011204294036,0.7483068310055191,-0.01870437328851693,0.532520325203252,0.5097560975609756,-0.02276422764227637,0.26455805198446075,0.25362449437302254,-0.010933557611438216,0.5040650406504065,0.4878048780487805,-0.016260162601625994,0.5121951219512195,0.5,-0.012195121951219523
frame 8,Molmo2,event,navigation,event_navigation,event_navigation,54,54,0.18518518518518517,0.1574074074074074,-0.027777777777777762,0.26790858318636096,0.2518968188323027,-0.016011764354058267,0.40122504006534465,0.3861688644693665,-0.01505617559597816,0.2535236625514403,0.24071743668517862,-0.012806225866261706,0.15371147674203017,0.13478165066447523,-0.018929826077554945,0.25925925925925924,0.37037037037037035,0.1111111111111111,0.2962962962962963,0.37962962962962965,0.08333333333333337
frame 8,Molmo2,event,non_common,event_non_common,event_non_common,57,57,0.2222222222222222,0.48538011695906436,0.26315789473684215,0.2227920227920228,0.4807017543859649,0.25790973159394215,0.2794355177959724,0.8190305953469735,0.5395950775510011,0.2227920227920228,0.4807017543859649,0.25790973159394215,0.11265512336292736,0.23921289710763394,0.12655777374470656,0.22807017543859648,0.49122807017543857,0.2631578947368421,0.22807017543859648,0.49122807017543857,0.2631578947368421
frame 8,Molmo2,event,object_recognition,event_object_recognition,event_object_recognition,54,54,0.33043478260869563,0.3790123456790123,0.04857756307031669,0.3367854112711523,0.3861204638982417,0.04933505262708937,0.5316648562899419,0.5689674969928384,0.03730264070289657,0.3367854112711523,0.3861204638982417,0.04933505262708937,0.18489639016754392,0.2236256905118552,0.038729300344311296,0.42592592592592593,0.46296296296296297,0.037037037037037035,0.46296296296296297,0.49074074074074076,0.02777777777777779
frame 8,Molmo2,event,scene_sequence,event_scene_sequence,event_scene_sequence,55,55,0.05454545454545454,0.07272727272727272,0.01818181818181818,0.10796978634004514,0.12753901696749906,0.019569230627453915,0.2520210821726481,0.2632193701005561,0.011198287927908002,0.10796978634004514,0.12176361589798035,0.013793829557935205,0.07740078604905501,0.07811694651063293,0.0007161604615779221,0.21818181818181817,0.2,-0.01818181818181816,0.2545454545454545,0.2727272727272727,0.018181818181818188
frame 8,Molmo2,event,spatial_reasoning,event_spatial_reasoning,event_spatial_reasoning,55,55,0.37852813852813855,0.36932178932178933,-0.009206349206349218,0.36034632034632036,0.36932178932178933,0.00897546897546897,0.4645804837470498,0.4617716590436601,-0.002808824703389723,0.36034632034632036,0.36932178932178933,0.00897546897546897,0.24579483702175645,0.24904085019245742,0.003246013170700973,0.45454545454545453,0.43636363636363634,-0.018181818181818188,0.4636363636363636,0.43636363636363634,-0.027272727272727282
frame 8,Molmo2,ir,ALL,ALL,ALL,1561,1561,0.3636734791669418,0.376031247255186,0.012357768088244181,0.28079451400270256,0.2794747255292806,-0.0013197884734219567,0.4284488934349711,0.4316646377586436,0.003215744323672498,0.2784367348306041,0.27755996478873257,-0.000876770041871533,0.1483490110159521,0.146269449519713,-0.002079561496239113,0.4823830877642537,0.5080076873798847,0.02562459961563096,0.5019218449711723,0.5294682895579756,0.02754644458680333
frame 8,Molmo2,ir,action,action,action,163,163,0.3032119596705272,0.33853976521450846,0.03532780554398124,0.2745275176840282,0.3062656634328187,0.03173814574879047,0.3380604647307959,0.3458655415278969,0.007805076797101018,0.2711296782965384,0.30341114921475265,0.03228147091821426,0.16823222401117474,0.16917691366736368,0.0009446896561889351,0.5521472392638037,0.5828220858895705,0.030674846625766805,0.5920245398773006,0.6411042944785276,0.04907975460122693
frame 8,Molmo2,ir,counting,counting,counting,177,177,0.3389830508474576,0.4180790960451977,0.0790960451977401,0.08265276699710242,0.09192897497982244,0.009276207982720025,0.5376025464610109,0.5390891533861593,0.0014866069251483482,0.08265276699710242,0.09192897497982244,0.009276207982720025,0.04064975363878967,0.04214285918448734,0.0014931055456976691,0.3333333333333333,0.4180790960451977,0.0847457627118644,0.3361581920903955,0.4180790960451977,0.08192090395480223
frame 8,Molmo2,ir,dynamic_counting,dynamic_counting,dynamic_counting,170,170,0.5470588235294118,0.5352941176470588,-0.01176470588235301,0.36750275867922927,0.3400093370681606,-0.027493421611068658,0.6875179601403648,0.681564087881337,-0.00595387225902777,0.36750275867922927,0.3400093370681606,-0.027493421611068658,0.18127878853962776,0.1670120619448169,-0.014266726594810847,0.6588235294117647,0.6941176470588235,0.03529411764705881,0.6617647058823529,0.6941176470588235,0.032352941176470584
frame 8,Molmo2,ir,dynamic_recognition,dynamic_recognition,dynamic_recognition,165,165,0.4910153482880755,0.49025012025012027,-0.0007652280379552567,0.4416320379956743,0.4281679599861418,-0.013464078009532476,0.5625896017404216,0.5687972282082309,0.006207626467809257,0.4416320379956743,0.4281679599861418,-0.013464078009532476,0.2143974936583413,0.20739568394882174,-0.007001809709519552,0.5333333333333333,0.5272727272727272,-0.0060606060606061,0.5363636363636364,0.5363636363636364,0.0
frame 8,Molmo2,ir,light_change,light_change,light_change,176,176,0.4007829214259205,0.3146042264955859,-0.08617869493033459,0.30202107720953075,0.23145971948744257,-0.07056135772208819,0.5058051948348559,0.501052397379302,-0.004752797455553903,0.3016767245924509,0.23145971948744257,-0.0702170051050083,0.14225021245443079,0.1101819910751185,-0.032068221379312284,0.5,0.4034090909090909,-0.09659090909090912,0.5,0.40625,-0.09375
frame 8,Molmo2,ir,light_recognition,light_recognition,light_recognition,52,52,0.30234245623921735,0.29456607369503296,-0.00777638254418439,0.24752766318913022,0.23815416295619915,-0.00937350023293107,0.2682224754877677,0.2681502827789834,-7.219270878427997e-05,0.24752766318913022,0.23815416295619915,-0.00937350023293107,0.15805556046217567,0.14769502982182936,-0.01036053064034631,0.4423076923076923,0.4807692307692308,0.03846153846153849,0.4807692307692308,0.5,0.019230769230769218
frame 8,Molmo2,ir,navigation,navigation,navigation,165,165,0.3,0.2727272727272727,-0.027272727272727282,0.2826948396821492,0.2687064761642643,-0.013988363517884905,0.3865869526775865,0.38096863047721014,-0.005618322200376391,0.2786840356713452,0.2647938336185062,-0.013890202052838974,0.13997388930612595,0.1400873945135244,0.0001135052073984455,0.4303030303030303,0.4303030303030303,0.0,0.45151515151515154,0.44545454545454544,-0.0060606060606061
frame 8,Molmo2,ir,non_common,non_common,non_common,56,56,0.19642857142857142,0.35108225108225105,0.15465367965367963,0.1892400589196687,0.25233482690360176,0.06309476798393307,0.16600132052509853,0.28539001356017957,0.11938869303508104,0.18434193979741162,0.24611136286763774,0.06176942307022612,0.11140185067680734,0.1378503838855641,0.026448533208756744,0.23214285714285715,0.42857142857142855,0.1964285714285714,0.23214285714285715,0.4375,0.20535714285714285
frame 8,Molmo2,ir,object_recognition,object_recognition,object_recognition,51,51,0.26339028778475143,0.2995840760546643,0.036193788269912874,0.3116425501574773,0.364142413577099,0.05249986341962165,0.2797702250301446,0.3114499678785828,0.03167974284843822,0.2929750883527606,0.3425767647526408,0.049601676399880223,0.19425892008276485,0.2547733803673583,0.06051446028459345,0.4117647058823529,0.47058823529411764,0.05882352941176472,0.5098039215686274,0.5980392156862745,0.08823529411764708
frame 8,Molmo2,ir,scene_sequence,scene_sequence,scene_sequence,177,177,0.20451977401129945,0.24661016949152542,0.04209039548022597,0.19949699763083792,0.23557574109434165,0.03607874346350373,0.3084658883442608,0.29779227888902315,-0.010673609455237654,0.19501868720545643,0.23449601730275343,0.03947733009729701,0.10708232988593537,0.12597872367002902,0.01889639378409365,0.3954802259887006,0.4632768361581921,0.06779661016949151,0.4406779661016949,0.5,0.05932203389830509
frame 8,Molmo2,ir,spatial_reasoning,spatial_reasoning,spatial_reasoning,50,50,0.2966766099397678,0.3008108003108003,0.00413419037103252,0.26684506467343994,0.3051524152176326,0.03830735054419265,0.11677919524274422,0.12880594362290423,0.012026748380160018,0.2647398015155452,0.3051524152176326,0.040412613702087374,0.1727451072445822,0.1911477653555686,0.018402658110986403,0.64,0.62,-0.020000000000000018,0.66,0.64,-0.020000000000000018
frame 8,Molmo2,ir,text_recognition,text_recognition,text_recognition,159,159,0.4592885661406019,0.48172208643906755,0.02243352029846568,0.3508284539518854,0.34279231532514814,-0.008036138626737244,0.3653205725353778,0.3541636364212318,-0.011156936114146032,0.3490674638951444,0.3412917084620785,-0.007775755433065912,0.1929296364589016,0.1756218301023586,-0.017307806356543,0.5408805031446541,0.5723270440251572,0.03144654088050314,0.559748427672956,0.5974842767295597,0.037735849056603765
frame 8,Molmo2,rgb,ALL,ALL,ALL,2318,2318,0.36952092020419813,0.38340440828836825,0.013883488084170115,0.2502290811487492,0.25567378837088567,0.005444707222136469,0.37245506443385185,0.378010152369866,0.005555087936014169,0.2473689759452072,0.2527217031289289,0.005352727183721678,0.139014887095641,0.1408741559266283,0.001859268830987304,0.4784296807592752,0.5163934426229508,0.037963761863675616,0.4987057808455565,0.5371009490940466,0.0383951682484901
frame 8,Molmo2,rgb,action,action,action,266,266,0.35107335259849115,0.37011960307912073,0.01904625048062958,0.3145306695714597,0.31279350156926355,-0.0017371680021961433,0.32475631549825995,0.32989480840393554,0.005138492905675585,0.3094949521999687,0.3092771399413751,-0.0002178122585935749,0.18965297118965657,0.17863281812803766,-0.01102015306161891,0.5526315789473685,0.5977443609022557,0.045112781954887216,0.5939849624060151,0.6259398496240601,0.03195488721804507
frame 8,Molmo2,rgb,counting,counting,counting,273,273,0.3626373626373626,0.39194139194139194,0.02930402930402931,0.05866940073040274,0.05536279270770586,-0.0033066080226968816,0.5165772911917668,0.5320318690679504,0.01545457787618365,0.05850660056760258,0.05501376208572239,-0.0034928384818801936,0.032389835162384556,0.025798856839503753,-0.006590978322880803,0.3626373626373626,0.3956043956043956,0.03296703296703296,0.3663003663003663,0.3974358974358974,0.031135531135531136
frame 8,Molmo2,rgb,dynamic_counting,dynamic_counting,dynamic_counting,279,279,0.5685384309040223,0.6223018717642373,0.053763440860215006,0.2681712950530155,0.2916226545258803,0.023451359472864808,0.5687689865399422,0.5774323055454117,0.008663319005469461,0.2681712950530155,0.2916226545258803,0.023451359472864808,0.12874688458019817,0.1400406162212828,0.011293731641084631,0.6666666666666666,0.7311827956989247,0.06451612903225812,0.6738351254480287,0.7383512544802867,0.06451612903225801
frame 8,Molmo2,rgb,dynamic_recognition,dynamic_recognition,dynamic_recognition,157,157,0.41264372570105057,0.4340301595078665,0.02138643380681593,0.2579722080508892,0.2714838234114131,0.013511615360523865,0.30924242918493355,0.29685889121293446,-0.012383537971999092,0.25669832270057075,0.27101201402240627,0.01431369132183552,0.1214729791214939,0.12447382107767883,0.003000841956184941,0.43312101910828027,0.5031847133757962,0.07006369426751591,0.44904458598726116,0.5159235668789809,0.06687898089171973
frame 8,Molmo2,rgb,light_change,light_change,light_change,288,288,0.4586371527777778,0.4833719135802469,0.024734760802469113,0.31722087065108556,0.3256053773976568,0.008384506746571263,0.40853159060401034,0.41136511935119496,0.0028335287471846216,0.3152101837052571,0.3242995844251972,0.009089400719940077,0.15195326643729695,0.1533964825736908,0.0014432161363938378,0.4861111111111111,0.53125,0.045138888888888895,0.4878472222222222,0.5329861111111112,0.04513888888888895
frame 8,Molmo2,rgb,light_recognition,light_recognition,light_recognition,54,54,0.21314593177338276,0.2114174515318306,-0.0017284802415521439,0.2273434626375803,0.2267907613495849,-0.0005527012879953941,0.29261484122249465,0.29330140289286505,0.0006865616703704003,0.22516481340010752,0.22596771608209515,0.0008029026819876273,0.1159039272115994,0.13815030503703665,0.022246377825437258,0.42592592592592593,0.4074074074074074,-0.018518518518518545,0.4351851851851852,0.4351851851851852,0.0
frame 8,Molmo2,rgb,navigation,navigation,navigation,273,273,0.29120879120879123,0.25457875457875456,-0.036630036630036666,0.2371844168533369,0.2332279279590835,-0.0039564888942534016,0.23693019960879977,0.24594254919868405,0.009012349589884283,0.2345631875867352,0.22583696479417972,-0.008726222792555471,0.12146058054768982,0.1320040296910636,0.010543449143373768,0.45787545787545786,0.47619047619047616,0.018315018315018305,0.4816849816849817,0.5128205128205128,0.03113553113553108
frame 8,Molmo2,rgb,non_common,non_common,non_common,68,68,0.3867239623121976,0.47944861299957653,0.09272465068737895,0.2551556837887431,0.27170097134369,0.016545287554946886,0.21547657503596096,0.29897187452089025,0.08349529948492929,0.2508686442528394,0.27090605878407154,0.020037414531232145,0.1511387571134013,0.15589838943722642,0.004759632323825119,0.4264705882352941,0.5147058823529411,0.08823529411764702,0.4338235294117647,0.5294117647058824,0.09558823529411764
frame 8,Molmo2,rgb,object_recognition,object_recognition,object_recognition,50,50,0.42298412698412696,0.35378151260504204,-0.06920261437908493,0.45558730158730154,0.3914383270549599,-0.06414897453234164,0.5089887194241471,0.5038339247026966,-0.0051547947214505285,0.45025396825396824,0.38977166038829325,-0.06048230786567499,0.2559936635179545,0.23994015876810934,-0.016053504749845154,0.6,0.62,0.020000000000000018,0.7,0.7,0.0
frame 8,Molmo2,rgb,scene_sequence,scene_sequence,scene_sequence,303,303,0.2149064906490649,0.2124312431243124,-0.0024752475247524774,0.2298382990001469,0.2446752301714847,0.014836931171337803,0.26502082647761543,0.2603091620976182,-0.00471166437999726,0.22095124655591877,0.23689989840092526,0.01594865184500649,0.152008518222765,0.15089027656420703,-0.001118241658557978,0.38943894389438943,0.4389438943894389,0.04950495049504949,0.41914191419141916,0.48514851485148514,0.06600660066006597
frame 8,Molmo2,rgb,spatial_reasoning,spatial_reasoning,spatial_reasoning,51,51,0.3174863049527134,0.4046494336787544,0.08716312872604098,0.3262009019026044,0.4065805091392416,0.08037960723663717,0.31479357207019465,0.3569876741683079,0.04219410209811325,0.3262009019026044,0.40377938869106234,0.07757848678845791,0.24925674114972884,0.32434363403608174,0.0750868928863529,0.49019607843137253,0.5098039215686274,0.019607843137254888,0.5196078431372549,0.5098039215686274,-0.009803921568627527
frame 8,Molmo2,rgb,text_recognition,text_recognition,text_recognition,256,256,0.3472828506382499,0.3362954067816321,-0.010987443856617762,0.27434754652981097,0.26459761515765645,-0.009749931372154519,0.36759601807804115,0.3572842870056033,-0.01031173107243788,0.27285342206951546,0.2620046224127096,-0.010848799656805852,0.16768308460678188,0.15952489433567724,-0.008158190271104648,0.46484375,0.45703125,-0.0078125,0.4921875,0.4765625,-0.015625
frame 8,Qwen3-VL,depth,ALL,ALL,ALL,764,764,0.3955049046052077,0.45201728788495116,0.05651238327974345,0.2918114158659075,0.3284455077664117,0.036634091900504206,0.5518299526407521,0.5650878633220113,0.013257910681259255,0.2918114158659075,0.3282273576791517,0.0364159418132442,0.14523250846377964,0.1644188055929089,0.019186297129129254,0.4319371727748691,0.5013089005235603,0.06937172774869116,0.44829842931937175,0.5085078534031413,0.06020942408376956
frame 8,Qwen3-VL,depth,action,depth_action,depth_action,151,151,0.3203563293141543,0.36343488914942385,0.043078559835269536,0.3001576538174656,0.3432218792013146,0.043064225383848964,0.5571817869630005,0.5858147054333349,0.028632918470334445,0.3001576538174656,0.3421181264419326,0.041960472624467005,0.16482942740261788,0.20174230002484322,0.03691287262222534,0.37748344370860926,0.4105960264900662,0.033112582781456956,0.4105960264900662,0.4271523178807947,0.016556291390728506
frame 8,Qwen3-VL,depth,counting,depth_counting,depth_counting,103,103,0.07766990291262135,0.1650485436893204,0.08737864077669905,0.019417475728155338,0.05080906148867314,0.0313915857605178,0.5613607587297377,0.5676205497423785,0.006259791012640847,0.019417475728155338,0.05080906148867314,0.0313915857605178,0.009708737864077669,0.023080592341248162,0.013371854477170493,0.07766990291262135,0.1650485436893204,0.08737864077669905,0.07766990291262135,0.1650485436893204,0.08737864077669905
frame 8,Qwen3-VL,depth,dynamic_counting,depth_dynamic_counting,depth_dynamic_counting,118,118,0.4491525423728814,0.4915254237288136,0.0423728813559322,0.192090395480226,0.21807909604519773,0.02598870056497174,0.7061367200062173,0.7093965455010371,0.0032598254948198457,0.192090395480226,0.21807909604519773,0.02598870056497174,0.09366636931311328,0.10551631024423175,0.011849940931118463,0.4830508474576271,0.5254237288135594,0.04237288135593226,0.4872881355932203,0.5254237288135594,0.03813559322033905
frame 8,Qwen3-VL,depth,dynamic_recognition,depth_dynamic_recognition,depth_dynamic_recognition,131,131,0.4366775717920756,0.48044347509996366,0.04376590330788804,0.3873682297346419,0.4238640494365685,0.03649581970192661,0.6233370800884778,0.6262430297989555,0.002905949710477751,0.3873682297346419,0.4238640494365685,0.03649581970192661,0.18964206185776378,0.2075069273827687,0.017864865525004936,0.4580152671755725,0.5038167938931297,0.04580152671755722,0.48091603053435117,0.5076335877862596,0.026717557251908386
frame 8,Qwen3-VL,depth,navigation,depth_navigation,depth_navigation,53,53,0.5283018867924528,0.6792452830188679,0.15094339622641506,0.31734052111410604,0.4444743935309973,0.12713387241689128,0.3291085732981265,0.33934816123796413,0.010239587939837647,0.31734052111410604,0.4444743935309973,0.12713387241689128,0.1328773728497402,0.19790915808403706,0.06503178523429687,0.5283018867924528,0.7735849056603774,0.24528301886792458,0.5471698113207547,0.7735849056603774,0.2264150943396227
frame 8,Qwen3-VL,depth,non_common,depth_non_common,depth_non_common,56,56,0.9642857142857143,0.9657142857142856,0.0014285714285713347,0.8566326530612246,0.8580612244897959,0.0014285714285713347,0.8009440861081358,0.7991439069202781,-0.0018001791878576867,0.8566326530612246,0.8580612244897959,0.0014285714285713347,0.41696021160306873,0.41878236903747107,0.0018221574344023383,0.9642857142857143,0.9642857142857143,0.0,0.9642857142857143,0.9642857142857143,0.0
frame 8,Qwen3-VL,depth,object_recognition,depth_object_recognition,depth_object_recognition,49,49,0.07959183673469387,0.07029478458049886,-0.009297052154195018,0.07585034013605442,0.07879818594104307,0.0029478458049886497,0.3878190095565721,0.47226755492800104,0.08444854537142893,0.07585034013605442,0.07879818594104307,0.0029478458049886497,0.062040417953177794,0.06132428383368233,-0.0007161341194954624,0.1836734693877551,0.2653061224489796,0.0816326530612245,0.20408163265306123,0.30612244897959184,0.10204081632653061
frame 8,Qwen3-VL,depth,scene_sequence,depth_scene_sequence,depth_scene_sequence,53,53,0.6037735849056604,0.5849056603773585,-0.018867924528301883,0.4021488469601677,0.3517608394641576,-0.050388007496010134,0.3256494371294128,0.31831582902711525,-0.007333608102297551,0.4021488469601677,0.3517608394641576,-0.050388007496010134,0.1894697178129904,0.1627140729651284,-0.026755644847861998,0.6792452830188679,0.660377358490566,-0.018867924528301883,0.7075471698113207,0.6698113207547169,-0.037735849056603765
frame 8,Qwen3-VL,depth,spatial_reasoning,depth_spatial_reasoning,depth_spatial_reasoning,50,50,0.35374358974358977,0.56,0.20625641025641028,0.24774358974358976,0.37,0.12225641025641024,0.32208021083294147,0.3261640139655141,0.0040838031325726165,0.24774358974358976,0.37,0.12225641025641024,0.1139700622323127,0.1514302648513175,0.037460202619004804,0.42,0.66,0.24000000000000005,0.43,0.66,0.23000000000000004
frame 8,Qwen3-VL,event,ALL,ALL,ALL,822,822,0.45860381317621457,0.49707836094697405,0.03847454777075948,0.32412280076272115,0.3557107381896456,0.03158793742692445,0.6857809278283723,0.7012960813908727,0.015515153562500439,0.3234169042741807,0.3546100546072102,0.031193150333029496,0.17385442636793724,0.19446242324411908,0.02060799687618184,0.5072992700729927,0.5559610705596107,0.048661800486618056,0.5298053527980535,0.5772506082725061,0.04744525547445255
frame 8,Qwen3-VL,event,action,event_action,event_action,155,155,0.37911076975593105,0.42932923707117254,0.05021846731524149,0.36764123570575186,0.42431131592421917,0.05667008021846731,0.6313149550384812,0.6717920848568338,0.04047712981835261,0.36748193662172157,0.42431131592421917,0.056829379302497596,0.19642067962729465,0.2341111327285113,0.03769045310121666,0.4838709677419355,0.5225806451612903,0.03870967741935483,0.5193548387096775,0.567741935483871,0.048387096774193505
frame 8,Qwen3-VL,event,counting,event_counting,event_counting,139,139,0.41007194244604317,0.5251798561151079,0.1151079136690647,0.07194244604316546,0.1079136690647482,0.03597122302158273,0.8000137021482946,0.8057368526787364,0.005723150530441812,0.07194244604316546,0.1079136690647482,0.03597122302158273,0.03597122302158273,0.0539568345323741,0.017985611510791366,0.41007194244604317,0.5251798561151079,0.1151079136690647,0.41007194244604317,0.5251798561151079,0.1151079136690647
frame 8,Qwen3-VL,event,dynamic_counting,event_dynamic_counting,event_dynamic_counting,130,130,0.5923076923076923,0.6,0.007692307692307665,0.1076923076923077,0.13076923076923078,0.023076923076923078,0.8314401073989088,0.8351117285853616,0.0036716211864528114,0.1076923076923077,0.13076923076923078,0.023076923076923078,0.05384615384615385,0.06538461538461539,0.011538461538461539,0.6230769230769231,0.6461538461538462,0.023076923076923106,0.6230769230769231,0.6461538461538462,0.023076923076923106
frame 8,Qwen3-VL,event,dynamic_recognition,event_dynamic_recognition,event_dynamic_recognition,123,123,0.5631436314363144,0.6070460704607047,0.04390243902439028,0.5590785907859078,0.5989159891598916,0.03983739837398381,0.804526712295078,0.8125740542125134,0.008047341917435391,0.5590785907859078,0.5989159891598916,0.03983739837398381,0.2827606231727342,0.301967773372315,0.019207150199580802,0.5121951219512195,0.5691056910569106,0.05691056910569103,0.5284552845528455,0.5813008130081301,0.05284552845528456
frame 8,Qwen3-VL,event,navigation,event_navigation,event_navigation,54,54,0.12654320987654322,0.17283950617283952,0.04629629629629631,0.15393298059964725,0.24165779675526264,0.08772481615561539,0.37851711141770616,0.4063213294624785,0.027804218044772344,0.1498177542621987,0.24165779675526264,0.09184004249306393,0.0802239002110093,0.13663436041410695,0.05641046020309766,0.25925925925925924,0.42592592592592593,0.16666666666666669,0.3055555555555556,0.46296296296296297,0.15740740740740738
frame 8,Qwen3-VL,event,non_common,event_non_common,event_non_common,57,57,0.9824561403508771,0.9824561403508771,0.0,0.9315789473684211,0.9315789473684211,0.0,0.9047287296287463,0.9047287296287463,0.0,0.9315789473684211,0.9315789473684211,0.0,0.4599844205107363,0.4599844205107363,0.0,0.9824561403508771,0.9824561403508771,0.0,0.9912280701754386,0.9912280701754386,0.0
frame 8,Qwen3-VL,event,object_recognition,event_object_recognition,event_object_recognition,54,54,0.40370370370370373,0.4228395061728395,0.019135802469135765,0.41746723380710304,0.4385521885521886,0.021084954745085538,0.5918065437175087,0.6192687141649139,0.027462170447405176,0.41129439430093023,0.42797017797017795,0.016675783669247712,0.23837529275113986,0.2597039367004271,0.021328643949287213,0.5370370370370371,0.5925925925925926,0.05555555555555547,0.5740740740740741,0.6296296296296297,0.05555555555555558
frame 8,Qwen3-VL,event,scene_sequence,event_scene_sequence,event_scene_sequence,55,55,0.045454545454545456,0.08636363636363636,0.04090909090909091,0.11840195144100069,0.14834398784214617,0.029942036401145483,0.2632560784378279,0.30261633320305714,0.03936025476522925,0.11840195144100069,0.1422833817815401,0.02388143034053941,0.08437739012292265,0.10158561565302739,0.01720822553010473,0.16363636363636364,0.2,0.036363636363636376,0.2727272727272727,0.2636363636363636,-0.009090909090909094
frame 8,Qwen3-VL,event,spatial_reasoning,event_spatial_reasoning,event_spatial_reasoning,55,55,0.5056393657941646,0.4267099567099567,-0.07892940908420787,0.47654845670325546,0.4176190476190476,-0.05892940908420785,0.5302927489267457,0.5133409376913052,-0.01695181123544054,0.47654845670325546,0.4176190476190476,-0.05892940908420785,0.3203518479297941,0.31291384244979215,-0.007438005480001952,0.6,0.4909090909090909,-0.10909090909090907,0.6,0.509090909090909,-0.09090909090909094
frame 8,Qwen3-VL,ir,ALL,ALL,ALL,1561,1561,0.46519048505435134,0.46054624301349384,-0.004644242040857505,0.3360072738653629,0.3261731231941561,-0.009834150671206798,0.44981960820476685,0.44458081361391977,-0.0052387945908470845,0.33332319953019546,0.3237772587633325,-0.009545940766862937,0.1723316845412053,0.16504232593067886,-0.007289358610526431,0.6060217809096733,0.6111467008327995,0.005124919923126248,0.6262011531069827,0.6329276105060858,0.006726457399103158
frame 8,Qwen3-VL,ir,action,action,action,163,163,0.34239261348560673,0.3745127451641345,0.032120131678527786,0.320592004415059,0.3352414166290023,0.014649412213943336,0.3741230464312859,0.36498125121733666,-0.009141795213949255,0.31829139091812647,0.3328896783876935,0.01459828746956704,0.16767907496287013,0.17246801732712683,0.004788942364256699,0.5705521472392638,0.6257668711656442,0.05521472392638038,0.6104294478527608,0.6748466257668712,0.06441717791411039
frame 8,Qwen3-VL,ir,counting,counting,counting,177,177,0.5875706214689266,0.5819209039548022,-0.005649717514124353,0.11242041072549547,0.11231279705855977,-0.00010761366693569363,0.5407039265414573,0.5406897155329218,-1.4211008535491843e-05,0.11242041072549547,0.11231279705855977,-0.00010761366693569363,0.05055097372863637,0.05049981009815502,-5.116363048135453e-05,0.5932203389830508,0.5875706214689266,-0.005649717514124242,0.5932203389830508,0.5875706214689266,-0.005649717514124242
frame 8,Qwen3-VL,ir,dynamic_counting,dynamic_counting,dynamic_counting,170,170,0.6058823529411764,0.6058823529411764,0.0,0.38454715219421104,0.36979458450046687,-0.014752567693744167,0.688128024094671,0.6862490577140619,-0.0018789663806091372,0.38454715219421104,0.36979458450046687,-0.014752567693744167,0.18866981595551208,0.18184980276966492,-0.006820013185847157,0.7235294117647059,0.7470588235294118,0.02352941176470591,0.7294117647058823,0.75,0.020588235294117685
frame 8,Qwen3-VL,ir,dynamic_recognition,dynamic_recognition,dynamic_recognition,165,165,0.552776381867291,0.5796959269686542,0.026919545101363296,0.49198811289720384,0.5113985004894096,0.019410387592205758,0.5983761120035272,0.5946191100996335,-0.0037570019038937197,0.49198811289720384,0.5113985004894096,0.019410387592205758,0.24916632242698195,0.25312809843173134,0.0039617760047493955,0.6121212121212121,0.6121212121212121,0.0,0.6272727272727273,0.6212121212121212,-0.0060606060606061
frame 8,Qwen3-VL,ir,light_change,light_change,light_change,176,176,0.5040743978243978,0.38234659910796276,-0.12172779871643502,0.37875095233049777,0.2793077707349098,-0.09944318159558796,0.5192749514370418,0.5061302433848307,-0.01314470805221113,0.37875095233049777,0.2793077707349098,-0.09944318159558796,0.17877289836165894,0.13109391723802225,-0.04767898112363669,0.5965909090909091,0.4659090909090909,-0.13068181818181818,0.5994318181818182,0.4659090909090909,-0.13352272727272735
frame 8,Qwen3-VL,ir,light_recognition,light_recognition,light_recognition,52,52,0.33800547742855436,0.36042351690541735,0.022418039476862994,0.26474998292305985,0.29746457204602,0.03271458912296016,0.2596179573758918,0.2787625163464416,0.01914455897054984,0.25505301322609014,0.2903420649235129,0.035289051697422746,0.14667932667976374,0.17724703607820233,0.030567709398438586,0.5384615384615384,0.5961538461538461,0.05769230769230771,0.5769230769230769,0.6538461538461539,0.07692307692307698
frame 8,Qwen3-VL,ir,navigation,navigation,navigation,165,165,0.32626262626262625,0.3242424242424242,-0.002020202020202033,0.3177006698901327,0.32331341881581116,0.005612748925678479,0.40591217494909226,0.3964868696327611,-0.009425305316331178,0.3141165834113094,0.3175593872723059,0.003442803860996546,0.15910779284753257,0.16069789667241002,0.0015901038248774535,0.5272727272727272,0.6,0.07272727272727275,0.5484848484848485,0.6151515151515151,0.06666666666666665
frame 8,Qwen3-VL,ir,non_common,non_common,non_common,56,56,0.8518145161290323,0.8431677018633541,-0.008646814265678149,0.4490372280576266,0.4451494007200529,-0.0038878273375737016,0.33747568476756146,0.3373315272868869,-0.00014415748067453382,0.44558100685946983,0.4451494007200529,-0.00043160613941695125,0.20837404498043544,0.2061991012375188,-0.0021749437429166296,0.8928571428571429,0.8928571428571429,0.0,0.9017857142857143,0.9017857142857143,0.0
frame 8,Qwen3-VL,ir,object_recognition,object_recognition,object_recognition,51,51,0.3577469257035821,0.2998292557116087,-0.0579176699919734,0.42021476845544686,0.34823070519664945,-0.07198406325879741,0.3160795722581583,0.2908449609400897,-0.02523461131806859,0.408292181238742,0.3347467691120942,-0.07354541212664778,0.25806498760935914,0.18968664671450033,-0.06837834089485881,0.5294117647058824,0.5490196078431373,0.019607843137254943,0.6274509803921569,0.6666666666666666,0.039215686274509776
frame 8,Qwen3-VL,ir,scene_sequence,scene_sequence,scene_sequence,177,177,0.25913370998116764,0.3088512241054614,0.04971751412429376,0.285611122749707,0.2970384958030716,0.011427373053364609,0.30975982695303955,0.31449523600883794,0.00473540905579839,0.27994136354887433,0.29377833327072567,0.013836969721851333,0.15239914371839858,0.1534236515837307,0.0010245078653321193,0.5141242937853108,0.5480225988700564,0.03389830508474567,0.5677966101694916,0.5932203389830508,0.025423728813559254
frame 8,Qwen3-VL,ir,spatial_reasoning,spatial_reasoning,spatial_reasoning,50,50,0.3055093269303796,0.36171908792961427,0.05620976099923469,0.30062837454942715,0.3405921038026301,0.03996372925320296,0.128520322867694,0.14462008123217862,0.01609975836448463,0.28669980312085575,0.32862240683293314,0.0419226037120774,0.19553208303019745,0.21762656248114845,0.022094479450951,0.6,0.66,0.06000000000000005,0.6,0.66,0.06000000000000005
frame 8,Qwen3-VL,ir,text_recognition,text_recognition,text_recognition,159,159,0.5341427475445234,0.512081454098186,-0.02206129344633745,0.38233954662922476,0.3592459529394967,-0.023093593689728076,0.38759558563232255,0.36733903729189576,-0.020256548340426783,0.3809706972026617,0.3581540591589236,-0.02281663804373807,0.20514831252531573,0.1876522231886256,-0.01749608933669014,0.6666666666666666,0.6289308176100629,-0.037735849056603765,0.6698113207547169,0.6540880503144654,-0.01572327044025157
frame 8,Qwen3-VL,rgb,ALL,ALL,ALL,2318,2318,0.44039636949525446,0.4453824977471884,0.004986128251933952,0.28282158408549884,0.28440896910058017,0.0015873850150813218,0.38715710854951163,0.3876915592280196,0.0005344506785079917,0.2802181652198696,0.2819568457062059,0.001738680486336297,0.146624397707479,0.1452752350974732,-0.0013491626100058107,0.5811044003451251,0.5815358067299397,0.00043140638481453664,0.6056945642795514,0.6037532355478861,-0.0019413287316653038
frame 8,Qwen3-VL,rgb,action,action,action,266,266,0.403765810542621,0.43150172717841895,0.02773591663579794,0.3439095223028741,0.35508487531928484,0.01117535301641076,0.33398946086282455,0.33447951780597157,0.0004900569431470214,0.34145742135453255,0.35307986278795656,0.011622441433424002,0.18017897993838095,0.16923358194677013,-0.010945397991610817,0.6654135338345865,0.6766917293233082,0.011278195488721776,0.7124060150375939,0.7142857142857143,0.00187969924812037
frame 8,Qwen3-VL,rgb,counting,counting,counting,273,273,0.5860805860805861,0.5897435897435898,0.00366300366300365,0.09400439768332745,0.08393464820263828,-0.010069749480689172,0.5362834295771689,0.535115093771428,-0.0011683358057409388,0.09400439768332745,0.08393464820263828,-0.010069749480689172,0.04085246333091197,0.03658831743248457,-0.004264145898427399,0.6043956043956044,0.608058608058608,0.00366300366300365,0.6043956043956044,0.608058608058608,0.00366300366300365
frame 8,Qwen3-VL,rgb,dynamic_counting,dynamic_counting,dynamic_counting,279,279,0.6724810832337714,0.649542015133413,-0.022939068100358395,0.3144024235422085,0.3094702788251175,-0.004932144717090969,0.582794280830853,0.5809799250448907,-0.0018143557859623405,0.3144024235422085,0.3094702788251175,-0.004932144717090969,0.15072347917880813,0.1483405856880941,-0.002382893490714022,0.7992831541218638,0.7706093189964157,-0.028673835125448077,0.8064516129032258,0.7795698924731183,-0.026881720430107503
frame 8,Qwen3-VL,rgb,dynamic_recognition,dynamic_recognition,dynamic_recognition,157,157,0.39839458655494625,0.43896080975390606,0.040566223198959805,0.25016822574896763,0.28198328012098445,0.031815054372016816,0.3339558075991902,0.3279312248489843,-0.006024582750205898,0.24878649825259044,0.2815440093105298,0.032757511057939365,0.12114274912609081,0.12597864661803618,0.004835897491945365,0.42038216560509556,0.445859872611465,0.02547770700636942,0.46178343949044587,0.4745222929936306,0.01273885350318471
frame 8,Qwen3-VL,rgb,light_change,light_change,light_change,288,288,0.504591049382716,0.4721064814814815,-0.03248456790123455,0.35411754390801176,0.32666746776734523,-0.027450076140666524,0.41800238064889256,0.4158402234155812,-0.002162157233311368,0.3535136791737122,0.32508918493906236,-0.028424494234649822,0.16563375026850782,0.1523322829301589,-0.013301467338348916,0.5486111111111112,0.5069444444444444,-0.04166666666666674,0.5520833333333334,0.5104166666666666,-0.04166666666666674
frame 8,Qwen3-VL,rgb,light_recognition,light_recognition,light_recognition,54,54,0.2760824868668006,0.3187963199591107,0.04271383309231008,0.30997431520307334,0.34808924925204,0.03811493404896665,0.327323165809771,0.3454504054078749,0.018127239598103917,0.2993261670549252,0.33762481656538507,0.03829864951045986,0.17901213735025548,0.1813835073127403,0.002371369962484826,0.6111111111111112,0.6666666666666666,0.05555555555555547,0.6481481481481481,0.6851851851851852,0.03703703703703709
frame 8,Qwen3-VL,rgb,navigation,navigation,navigation,273,273,0.3159340659340659,0.3269230769230769,0.010989010989011005,0.26617131447130465,0.26843050031760146,0.0022591858462968073,0.26688671870010366,0.257463922996747,-0.00942279570335669,0.26388378857475625,0.26581385673920677,0.0019300681644505158,0.12814872667987381,0.13117788213497816,0.0030291554551043487,0.5421245421245421,0.5714285714285714,0.02930402930402931,0.5769230769230769,0.6117216117216118,0.0347985347985349
frame 8,Qwen3-VL,rgb,non_common,non_common,non_common,68,68,0.8271485015410847,0.7877765208647561,-0.03937198067632852,0.44891566411707073,0.4297457036427625,-0.019169960474308245,0.3397725487047091,0.33623784855115124,-0.003534700153557835,0.44763689173855414,0.428520213446684,-0.019116678291870137,0.21354565571332348,0.203592689208208,-0.009952966505115485,0.8823529411764706,0.8235294117647058,-0.05882352941176472,0.8823529411764706,0.8235294117647058,-0.05882352941176472
frame 8,Qwen3-VL,rgb,object_recognition,object_recognition,object_recognition,50,50,0.3618487394957983,0.38130905695611583,0.01946031746031751,0.39423631270690096,0.4086020866317541,0.014365773924853165,0.49826385456966976,0.45236880699868615,-0.045895047570983616,0.3868184364654953,0.39672644014127395,0.009908003675778654,0.20571369730168138,0.2131057805060882,0.0073920832044068185,0.62,0.66,0.040000000000000036,0.69,0.72,0.030000000000000027
frame 8,Qwen3-VL,rgb,scene_sequence,scene_sequence,scene_sequence,303,303,0.2367986798679868,0.2629262926292629,0.02612761276127612,0.2570920266638783,0.27777746374634515,0.02068543708246684,0.2571803406234716,0.2706446696539093,0.013464329030437705,0.24825206731231425,0.27071800806457236,0.022465940752258107,0.14143952790321518,0.15393596971134138,0.012496441808126202,0.4521452145214521,0.44554455445544555,-0.0066006600660065695,0.49504950495049505,0.4966996699669967,0.0016501650165016701
frame 8,Qwen3-VL,rgb,spatial_reasoning,spatial_reasoning,spatial_reasoning,51,51,0.3563107225372751,0.39670887062983223,0.04039814809255715,0.36205443416333966,0.40288831210339127,0.04083387794005161,0.34342774583202995,0.3573355537616486,0.013907807929618654,0.3557698690552451,0.3966037469952968,0.04083387794005172,0.28906609449311815,0.3065845184749635,0.017518423981845332,0.45098039215686275,0.5686274509803921,0.11764705882352938,0.47058823529411764,0.5784313725490197,0.10784313725490202
frame 8,Qwen3-VL,rgb,text_recognition,text_recognition,text_recognition,256,256,0.36142909426679587,0.3574740535745385,-0.003955040692257383,0.2869204502549942,0.276384404041682,-0.010536046213312167,0.3624005606887601,0.37350172325597825,0.011101162567218159,0.28561085490243004,0.27555975126390425,-0.010051103638525793,0.17564314579703688,0.17313129185616755,-0.0025118539408693352,0.4921875,0.4921875,0.0,0.515625,0.501953125,-0.013671875
video,InternVL3.5,depth,ALL,ALL,ALL,764,764,0.40370137425111247,0.40205177312507157,-0.0016496011260409005,0.3085100254602872,0.28690537425138596,-0.02160465120890126,0.5539071584558388,0.5553417334147996,0.0014345749589608214,0.3085100254602872,0.28625092398960583,-0.022259101470681386,0.14966905247052975,0.1433750738836694,-0.006293978586860344,0.44502617801047123,0.4338138925294889,-0.011212285480982354,0.4568062827225131,0.4442988204456094,-0.012507462276903691
video,InternVL3.5,depth,action,depth_action,depth_action,151,151,0.3136397083416951,0.2975671127989009,-0.016072595542794166,0.30361132612788244,0.2712610053669656,-0.03235032076091682,0.5389893363371049,0.5464114644777803,0.007422128140675444,0.30361132612788244,0.2712610053669656,-0.03235032076091682,0.15614265084253948,0.15082371554118723,-0.005318935301352246,0.3973509933774834,0.36423841059602646,-0.033112582781456956,0.4370860927152318,0.39403973509933776,-0.04304635761589404
video,InternVL3.5,depth,counting,depth_counting,depth_counting,103,103,0.23300970873786409,0.1941747572815534,-0.03883495145631069,0.10420711974110032,0.05275080906148868,-0.05145631067961164,0.5755530764650681,0.5676210679298217,-0.007932008535246449,0.10420711974110032,0.05275080906148868,-0.05145631067961164,0.049086140191456205,0.023672588552472413,-0.025413551638983792,0.23300970873786409,0.1941747572815534,-0.03883495145631069,0.23300970873786409,0.1941747572815534,-0.03883495145631069
video,InternVL3.5,depth,dynamic_counting,depth_dynamic_counting,depth_dynamic_counting,118,118,0.423728813559322,0.4406779661016949,0.01694915254237289,0.2810734463276836,0.2062146892655367,-0.0748587570621469,0.7176105750305841,0.7079810803671589,-0.00962949466342522,0.2810734463276836,0.2062146892655367,-0.0748587570621469,0.13455779278705238,0.10013380909901873,-0.03442398368803365,0.4322033898305085,0.48717948717948717,0.05497609734897868,0.4322033898305085,0.48717948717948717,0.05497609734897868
video,InternVL3.5,depth,dynamic_recognition,depth_dynamic_recognition,depth_dynamic_recognition,131,131,0.4577608142493639,0.367175572519084,-0.09058524173027988,0.39878226099600145,0.32368229734641946,-0.07509996364958199,0.6134431511316203,0.6211521289241754,0.007708977792555083,0.39878226099600145,0.32368229734641946,-0.07509996364958199,0.1919680831460409,0.16013953866181138,-0.03182854448422953,0.5038167938931297,0.37404580152671757,-0.12977099236641215,0.5038167938931297,0.37404580152671757,-0.12977099236641215
video,InternVL3.5,depth,navigation,depth_navigation,depth_navigation,53,53,0.5283018867924528,0.5849056603773585,0.05660377358490565,0.3457322551662174,0.36765498652291106,0.021922731356693648,0.33035456613644876,0.3306993418255667,0.00034477568911794876,0.3457322551662174,0.36765498652291106,0.021922731356693648,0.15489887368737038,0.16410173708271805,0.009202863395347677,0.6037735849056604,0.6415094339622641,0.037735849056603765,0.6132075471698113,0.6509433962264151,0.037735849056603765
video,InternVL3.5,depth,non_common,depth_non_common,depth_non_common,56,56,0.5535714285714286,0.8392857142857143,0.2857142857142857,0.47831632653061223,0.7423469387755102,0.26403061224489793,0.7428192397060104,0.7850661410776194,0.042246901371609025,0.47831632653061223,0.7423469387755102,0.26403061224489793,0.23116350348493206,0.36097565561851275,0.1298121521335807,0.5535714285714286,0.8392857142857143,0.2857142857142857,0.5535714285714286,0.8392857142857143,0.2857142857142857
video,InternVL3.5,depth,object_recognition,depth_object_recognition,depth_object_recognition,49,49,0.1689342403628118,0.11564625850340136,-0.05328798185941043,0.14410430839002267,0.09965986394557823,-0.04444444444444444,0.4820228882524922,0.4271187915493035,-0.05490409670318869,0.14410430839002267,0.08945578231292516,-0.05464852607709751,0.08854830085361773,0.056102255585338295,-0.03244604526827943,0.1836734693877551,0.12244897959183673,-0.06122448979591838,0.22448979591836735,0.16326530612244897,-0.06122448979591838
video,InternVL3.5,depth,scene_sequence,depth_scene_sequence,depth_scene_sequence,53,53,0.569811320754717,0.6226415094339622,0.05283018867924527,0.36513926325247076,0.3878776667899864,0.02273840353751566,0.3311580438923987,0.336828622131226,0.005670578238827273,0.36513926325247076,0.3878776667899864,0.02273840353751566,0.17183834219098074,0.18642311474156112,0.014584772550580383,0.6037735849056604,0.6415094339622641,0.037735849056603765,0.6132075471698113,0.660377358490566,0.047169811320754707
video,InternVL3.5,depth,spatial_reasoning,depth_spatial_reasoning,depth_spatial_reasoning,50,50,0.5924761904761905,0.5093650793650794,-0.08311111111111114,0.44385714285714284,0.3913650793650794,-0.05249206349206342,0.3439888893233437,0.36247560095252346,0.018486711629179753,0.44385714285714284,0.3913650793650794,-0.05249206349206342,0.201740191020033,0.19980730712225805,-0.001932883897774934,0.7,0.58,-0.12,0.7,0.58,-0.12
video,InternVL3.5,event,ALL,ALL,ALL,822,822,0.39081324190813244,0.41903418965462763,0.028220947746495195,0.3566276374350616,0.2932548390169046,-0.06337279841815702,0.6801871312459269,0.6715330554767449,-0.00865407576918198,0.3561971676615262,0.2932548390169046,-0.06294232864462163,0.18346181564332437,0.1541737816114418,-0.02928803403188257,0.4209245742092457,0.4732360097323601,0.05231143552311435,0.4416058394160584,0.4981751824817518,0.05656934306569339
video,InternVL3.5,event,action,event_action,event_action,155,155,0.33085043988269797,0.28627286691802817,-0.0445775729646698,0.3286999022482893,0.2834054834054834,-0.04529441884280594,0.6089437335357542,0.6083980271623872,-0.0005457063733669276,0.3286999022482893,0.2834054834054834,-0.04529441884280594,0.1779409359544111,0.1578749934169672,-0.020065942537443898,0.3741935483870968,0.4129032258064516,0.03870967741935483,0.4096774193548387,0.45806451612903226,0.04838709677419356
video,InternVL3.5,event,counting,event_counting,event_counting,139,139,0.4172661870503597,0.5755395683453237,0.158273381294964,0.2853717026378897,0.11510791366906475,-0.17026378896882494,0.8326030585477842,0.8068814827848249,-0.025721575762959303,0.2853717026378897,0.11510791366906475,-0.17026378896882494,0.14066641423703144,0.05755395683453238,-0.08311245740249906,0.4172661870503597,0.5755395683453237,0.158273381294964,0.4172661870503597,0.5755395683453237,0.158273381294964
video,InternVL3.5,event,dynamic_counting,event_dynamic_counting,event_dynamic_counting,130,130,0.24615384615384617,0.4153846153846154,0.16923076923076924,0.18461538461538463,0.11282051282051282,-0.0717948717948718,0.8395887695378013,0.8318903453823306,-0.007698424155470618,0.18461538461538463,0.11282051282051282,-0.0717948717948718,0.09068825910931173,0.055870445344129556,-0.03481781376518218,0.26153846153846155,0.46923076923076923,0.20769230769230768,0.2653846153846154,0.47307692307692306,0.20769230769230768
video,InternVL3.5,event,dynamic_recognition,event_dynamic_recognition,event_dynamic_recognition,123,123,0.5553232675183895,0.5317073170731708,-0.023615950445218692,0.551258226867983,0.5195121951219512,-0.031746031746031744,0.7672648103028196,0.7496070768399746,-0.017657733462844938,0.551258226867983,0.5195121951219512,-0.031746031746031744,0.27791135494817093,0.25895109936321037,-0.01896025558496056,0.5528455284552846,0.5284552845528455,-0.024390243902439046,0.5650406504065041,0.5284552845528455,-0.03658536585365857
video,InternVL3.5,event,navigation,event_navigation,event_navigation,54,54,0.19135802469135804,0.16975308641975306,-0.02160493827160498,0.2348815309599623,0.24417989417989416,0.009298363219931854,0.4009395844476038,0.4402057400218399,0.03926615557423607,0.23203252811095948,0.24417989417989416,0.012147366068934684,0.11807102493210493,0.1289373715152974,0.01086634658319248,0.24074074074074073,0.2777777777777778,0.03703703703703706,0.28703703703703703,0.35185185185185186,0.06481481481481483
video,InternVL3.5,event,non_common,event_non_common,event_non_common,57,57,0.9649122807017544,0.9122807017543859,-0.052631578947368474,0.9140350877192983,0.8614035087719298,-0.052631578947368474,0.8985481708645318,0.8901742979831483,-0.00837387288138347,0.9140350877192983,0.8614035087719298,-0.052631578947368474,0.45121249068617486,0.4248967012124907,-0.02631578947368418,0.9649122807017544,0.9122807017543859,-0.052631578947368474,0.9649122807017544,0.9210526315789473,-0.04385964912280704
video,InternVL3.5,event,object_recognition,event_object_recognition,event_object_recognition,54,54,0.308641975308642,0.24012345679012345,-0.06851851851851856,0.3091947669062097,0.24938271604938272,-0.05981205085682695,0.515841534297275,0.5112387075311471,-0.004602826766127888,0.3091947669062097,0.24938271604938272,-0.05981205085682695,0.14351394760751487,0.12288848918272693,-0.02062545842478794,0.42592592592592593,0.3148148148148148,-0.1111111111111111,0.48148148148148145,0.37962962962962965,-0.1018518518518518
video,InternVL3.5,event,scene_sequence,event_scene_sequence,event_scene_sequence,55,55,0.11818181818181818,0.07272727272727272,-0.045454545454545456,0.13974508554598536,0.09578370790039718,-0.043961377645588176,0.33935499649112627,0.32740126271883657,-0.011953733772289699,0.13610872190962173,0.09578370790039718,-0.040325014009224544,0.0790752267193163,0.05402316139972879,-0.025052065319587508,0.16363636363636364,0.12727272727272726,-0.036363636363636376,0.21818181818181817,0.20909090909090908,-0.009090909090909094
video,InternVL3.5,event,spatial_reasoning,event_spatial_reasoning,event_spatial_reasoning,55,55,0.4211255411255411,0.4098268398268398,-0.011298701298701308,0.39203463203463207,0.3916450216450217,-0.0003896103896103842,0.47432100695078744,0.455809660566673,-0.018511346384114447,0.39203463203463207,0.3916450216450217,-0.0003896103896103842,0.2455586819687664,0.2610381648140572,0.015479482845290826,0.509090909090909,0.509090909090909,0.0,0.5272727272727272,0.5181818181818182,-0.009090909090909038
video,InternVL3.5,ir,ALL,ALL,ALL,1561,1561,0.41576976922198094,0.40662030580579445,-0.009149463416186498,0.3220277947437284,0.27665121390354075,-0.04537658084018764,0.4412240583177629,0.433978076416897,-0.007245981900865894,0.32054392266239856,0.27557375466448786,-0.044970167997910704,0.1596360742793272,0.1381215741931904,-0.021514500086136784,0.5387572069186419,0.521460602178091,-0.017296604740550947,0.5573350416399744,0.5416399743754003,-0.015695067264574036
video,InternVL3.5,ir,action,action,action,163,163,0.29385055980148006,0.27630259992223183,-0.01754795987924823,0.27329456501235644,0.23615689014462024,-0.0371376748677362,0.35656359349990624,0.34924990001003087,-0.0073136934898753725,0.27329456501235644,0.23521304870998122,-0.03808151630237522,0.13815579448587398,0.11380386413664123,-0.024351930349232748,0.5153374233128835,0.4785276073619632,-0.036809815950920255,0.558282208588957,0.5245398773006135,-0.033742331288343586
video,InternVL3.5,ir,counting,counting,counting,177,177,0.5254237288135594,0.5536723163841808,0.02824858757062143,0.2754371805219263,0.11037615868124344,-0.16506102184068283,0.5658504059592017,0.540873893009321,-0.02497651294988068,0.2754371805219263,0.11037615868124344,-0.16506102184068283,0.1304838139302709,0.05002105217078061,-0.08046276175949028,0.5254237288135594,0.559322033898305,0.03389830508474567,0.5254237288135594,0.559322033898305,0.03389830508474567
video,InternVL3.5,ir,dynamic_counting,dynamic_counting,dynamic_counting,170,170,0.5058823529411764,0.5352941176470588,0.02941176470588236,0.38739028944911297,0.33038366861896273,-0.057006620830150234,0.6859679790048914,0.681311774021966,-0.004656204982925405,0.38739028944911297,0.33038366861896273,-0.057006620830150234,0.18692644326620386,0.1632923387614259,-0.02363410450477796,0.6058823529411764,0.6352941176470588,0.02941176470588236,0.6147058823529412,0.6411764705882353,0.026470588235294135
video,InternVL3.5,ir,dynamic_recognition,dynamic_recognition,dynamic_recognition,165,165,0.4930865430865431,0.48044295771568496,-0.012643585370858135,0.42285623467441646,0.4041624032533123,-0.018693831421104146,0.5756462194882447,0.5707936953173323,-0.00485252417091242,0.42285623467441646,0.4041624032533123,-0.018693831421104146,0.20736785273245434,0.19647625485910017,-0.01089159787335417,0.5393939393939394,0.5151515151515151,-0.024242424242424288,0.5454545454545454,0.5242424242424243,-0.021212121212121127
video,InternVL3.5,ir,light_change,light_change,light_change,176,176,0.5051077394827396,0.40241494616494616,-0.10269279331779341,0.3913456493001947,0.2989105906719543,-0.09243505862824042,0.5238435007349526,0.507869623415397,-0.015973877319555574,0.3904715234260689,0.2989105906719543,-0.09156093275411459,0.1850847893564507,0.14054486160054863,-0.04453992775590207,0.6022727272727273,0.48863636363636365,-0.11363636363636365,0.6079545454545454,0.4943181818181818,-0.11363636363636359
video,InternVL3.5,ir,light_recognition,light_recognition,light_recognition,52,52,0.2691391941391941,0.2707699351930121,0.0016307410538179967,0.22032967032967032,0.20415946233253926,-0.016170207997131064,0.22323249756220062,0.23835328670843653,0.015120789146235908,0.22032967032967032,0.20415946233253926,-0.016170207997131064,0.12089796871058472,0.10636194839830239,-0.014536020312282336,0.5,0.5192307692307693,0.019230769230769273,0.5480769230769231,0.5576923076923077,0.009615384615384581
video,InternVL3.5,ir,navigation,navigation,navigation,165,165,0.30757575757575756,0.2606060606060606,-0.04696969696969694,0.2981142406810856,0.25486970545794074,-0.043244535223144864,0.4062748179498186,0.4001281736294229,-0.006146644320395744,0.2957332883001332,0.25344368050250404,-0.042289607797629136,0.15163738343814018,0.135031528431384,-0.01660585500675618,0.4484848484848485,0.43636363636363634,-0.012121212121212144,0.4727272727272727,0.4484848484848485,-0.024242424242424232
video,InternVL3.5,ir,non_common,non_common,non_common,56,56,0.842391304347826,0.8241071428571428,-0.018284161490683237,0.4422537678292154,0.43977312370169513,-0.0024806441275202484,0.3313324988138288,0.33174668548609443,0.0004141866722656151,0.4422537678292154,0.43888026655883794,-0.0033735012703774436,0.2041463393989238,0.2059680269003323,0.0018216875014085143,0.875,0.875,0.0,0.8839285714285714,0.8928571428571429,0.008928571428571508
video,InternVL3.5,ir,object_recognition,object_recognition,object_recognition,51,51,0.24659197012138187,0.1971224853577795,-0.049469484763602384,0.2876652678146031,0.22057245985096302,-0.06709280796364009,0.2864120194134953,0.24653379149430268,-0.03987822791919263,0.2740020247395953,0.2114647231890468,-0.06253730155054849,0.15854710737823452,0.11396684470186041,-0.044580262676374105,0.4117647058823529,0.3333333333333333,-0.0784313725490196,0.46078431372549017,0.4411764705882353,-0.019607843137254888
video,InternVL3.5,ir,scene_sequence,scene_sequence,scene_sequence,177,177,0.2702448210922787,0.2384180790960452,-0.031826741996233504,0.2541891292100436,0.21623763103294089,-0.03795149817710272,0.2930912468007517,0.2823855899858329,-0.010705656814918807,0.2526528025176063,0.21369077424879598,-0.03896202826881032,0.11773962269400008,0.09863311724538953,-0.019106505448610547,0.4632768361581921,0.4180790960451977,-0.04519774011299438,0.4971751412429379,0.4604519774011299,-0.03672316384180796
video,InternVL3.5,ir,spatial_reasoning,spatial_reasoning,spatial_reasoning,50,50,0.28391497391497394,0.4215264735264735,0.13761149961149954,0.2605816405816406,0.40532847853900483,0.14474683795736426,0.08593520810943137,0.16466796134833714,0.07873275323890577,0.2502786102786103,0.3987787709366657,0.14850016065805538,0.13610996499979286,0.27148241185327576,0.1353724468534829,0.64,0.54,-0.09999999999999998,0.65,0.56,-0.08999999999999997
video,InternVL3.5,ir,text_recognition,text_recognition,text_recognition,159,159,0.41092014531849325,0.4656556475962001,0.05473550227770685,0.294200252926668,0.32248640957020536,0.02828615664353734,0.3692059736804976,0.3623027967563144,-0.006903176924183241,0.2924033077334964,0.32248640957020536,0.03008310183670898,0.16690815604168877,0.17044101575457682,0.0035328597128880534,0.5157232704402516,0.5786163522012578,0.06289308176100628,0.5314465408805031,0.5880503144654088,0.05660377358490565
video,InternVL3.5,rgb,ALL,ALL,ALL,2318,2318,0.3827773884113793,0.3852877448462036,0.002510356434824279,0.2857970001778586,0.2385071546508023,-0.047289845527056285,0.3836617808561296,0.37651193196180516,-0.007149848894324462,0.2845014903318742,0.23773383077453128,-0.04676765955734294,0.13996891457442123,0.11705133995968799,-0.022917574614733247,0.49611734253666956,0.4924406047516199,-0.0036767377850496774,0.5232959447799828,0.5200863930885529,-0.0032095516914298905
video,InternVL3.5,rgb,action,action,action,266,266,0.36528659310614203,0.3349785687799841,-0.030308024326157923,0.2973888506451532,0.27311016358451123,-0.024278687060641957,0.3424894013604271,0.3354860737692775,-0.007003327591149577,0.2951958681890128,0.2710738227323809,-0.02412204545663188,0.15201671977639697,0.13910631728980263,-0.012910402486594336,0.556390977443609,0.5150375939849624,-0.041353383458646586,0.6090225563909775,0.5808270676691729,-0.02819548872180455
video,InternVL3.5,rgb,counting,counting,counting,273,273,0.5201465201465202,0.5384615384615384,0.01831501831501825,0.3141207998350855,0.08019272734225713,-0.23392807249282838,0.5696797878256527,0.5360271631534834,-0.03365262467216923,0.3141207998350855,0.08019272734225713,-0.23392807249282838,0.14890760401565423,0.03664306881226321,-0.11226453520339102,0.5384615384615384,0.5531135531135531,0.014652014652014711,0.5384615384615384,0.5531135531135531,0.014652014652014711
video,InternVL3.5,rgb,dynamic_counting,dynamic_counting,dynamic_counting,279,279,0.5031400300217505,0.5491835921943449,0.04604356217259442,0.36879168223254244,0.2751804547503472,-0.09361122748219525,0.5892939543306728,0.5727195944145705,-0.016574359916102233,0.36879168223254244,0.2751804547503472,-0.09361122748219525,0.17661074999998339,0.1292070466845552,-0.047403703315428175,0.5770609318996416,0.6415770609318996,0.06451612903225801,0.5842293906810035,0.6451612903225806,0.06093189964157708
video,InternVL3.5,rgb,dynamic_recognition,dynamic_recognition,dynamic_recognition,157,157,0.3901177378884385,0.37008819206271437,-0.020029545825724138,0.25575259842775766,0.23075624471278272,-0.02499635371497494,0.32001103278179394,0.316114028051152,-0.0038970047306419175,0.25575259842775766,0.23075624471278272,-0.02499635371497494,0.11990240377531207,0.10380765778092613,-0.016094745994385942,0.46496815286624205,0.4267515923566879,-0.03821656050955413,0.4968152866242038,0.4585987261146497,-0.03821656050955413
video,InternVL3.5,rgb,light_change,light_change,light_change,288,288,0.43452932098765434,0.42496141975308643,-0.00956790123456791,0.3158741367942757,0.29371893718454356,-0.022155199609732112,0.4165822960693826,0.40571943642772323,-0.01086285964165934,0.3150253713621769,0.29371893718454356,-0.021306434177633338,0.15002032029656745,0.13641384648418586,-0.013606473812381586,0.4652777777777778,0.4618055555555556,-0.00347222222222221,0.46875,0.4618055555555556,-0.00694444444444442
video,InternVL3.5,rgb,light_recognition,light_recognition,light_recognition,54,54,0.21869488536155204,0.21538934316712094,-0.0033055421944311048,0.23370076425631983,0.237126556571001,0.003425792314681181,0.2713480632895771,0.31103645122783474,0.03968838793825763,0.221766607877719,0.23183555127999572,0.010068943402276709,0.10280128998142662,0.12434522764194825,0.021543937660521623,0.5185185185185185,0.48148148148148145,-0.037037037037037035,0.5555555555555556,0.5185185185185185,-0.03703703703703709
video,InternVL3.5,rgb,navigation,navigation,navigation,273,273,0.2656898656898657,0.27289377289377287,0.007203907203907178,0.2186196241141296,0.223593046088198,0.004973421974068387,0.25724598846288843,0.26403062369731106,0.006784635234422631,0.21784632334082882,0.2226714808809185,0.004825157540089692,0.10413782437224375,0.10518471096611372,0.001046886593869964,0.42124542124542125,0.4117647058823529,-0.009480715363068326,0.45604395604395603,0.4375,-0.018543956043956034
video,InternVL3.5,rgb,non_common,non_common,non_common,68,68,0.8286172689286877,0.8115340253748559,-0.01708324355383184,0.44959078071102293,0.4289934042312935,-0.020597376479729423,0.3408080161116014,0.33404635903508967,-0.006761657076511718,0.44959078071102293,0.4289934042312935,-0.020597376479729423,0.2100127716008073,0.19773758946311376,-0.012275182137693547,0.8529411764705882,0.8208955223880597,-0.03204565408252846,0.8602941176470589,0.8432835820895522,-0.017010535557506645
video,InternVL3.5,rgb,object_recognition,object_recognition,object_recognition,50,50,0.24171428571428571,0.26104761904761903,0.019333333333333313,0.2546878306878307,0.26754978354978354,0.012861952861952852,0.42958101918059405,0.4407294324877155,0.011148413307121463,0.2532063492063492,0.26754978354978354,0.014343434343434325,0.12546418061824832,0.1276022180194436,0.0021380374011952807,0.44,0.42,-0.020000000000000018,0.52,0.48,-0.040000000000000036
video,InternVL3.5,rgb,scene_sequence,scene_sequence,scene_sequence,303,303,0.2446094609460946,0.2193069306930693,-0.025302530253025285,0.2285527612118007,0.21500690408306267,-0.013545857128738042,0.24480470403195206,0.2381868615440842,-0.00661784248786787,0.22572747868354787,0.21361439641124286,-0.012113082272305009,0.10961536841589839,0.10494717523258387,-0.004668193183314517,0.42574257425742573,0.3927392739273927,-0.033003300330033014,0.48184818481848185,0.45874587458745875,-0.023102310231023104
video,InternVL3.5,rgb,spatial_reasoning,spatial_reasoning,spatial_reasoning,51,51,0.334847015560911,0.40004300521510505,0.06519598965419404,0.3433140387338166,0.4044250610677491,0.06111102233393251,0.3202062330198543,0.32544003370462843,0.005233800684774137,0.3400460648776074,0.39870610681938307,0.058660041941775654,0.2448119852264989,0.30726918717004664,0.06245720194354773,0.5098039215686274,0.5098039215686274,0.0,0.5196078431372549,0.5392156862745098,0.019607843137254832
video,InternVL3.5,rgb,text_recognition,text_recognition,text_recognition,256,256,0.30224353408730675,0.3205383731179722,0.018294839030665422,0.23917648122874396,0.22873823767378454,-0.010438243554959425,0.34387308197238975,0.34577369822586274,0.0019006162534729865,0.23830594551445825,0.22873823767378454,-0.009567707840673706,0.12430058847510508,0.11702872556896915,-0.007271862906135934,0.42578125,0.4470588235294118,0.021277573529411786,0.455078125,0.46862745098039216,0.013549325980392157
video,Molmo2,depth,ALL,ALL,ALL,764,764,0.4191767858251469,0.41223639614725316,-0.006940389677893732,0.2971593930651253,0.2975134515897475,0.000354058524622225,0.5517319854950148,0.5561386925750451,0.004406707080030325,0.29705468102324045,0.2971666488869239,0.00011196786368344869,0.15156566938570373,0.14748427060083996,-0.004081398784863771,0.45287958115183247,0.43848167539267013,-0.014397905759162333,0.4640052356020942,0.4456806282722513,-0.018324607329842924
video,Molmo2,depth,action,depth_action,depth_action,151,151,0.34284053982297574,0.3199572299432878,-0.022883309879687952,0.3174910181158382,0.28982477961216196,-0.02766623850367622,0.5434876156556,0.571966968457155,0.028479352801555002,0.3169612167913348,0.2888059309111941,-0.028155285880140712,0.18812877368743888,0.15282947981704348,-0.035299293870395404,0.3841059602649007,0.3708609271523179,-0.013245033112582794,0.4205298013245033,0.39403973509933776,-0.02649006622516553
video,Molmo2,depth,counting,depth_counting,depth_counting,103,103,0.22330097087378642,0.17475728155339806,-0.048543689320388356,0.05081326440549742,0.06768457891171822,0.016871314506220807,0.5197273137882943,0.5544437321449353,0.034716418356640966,0.05081326440549742,0.06768457891171822,0.016871314506220807,0.026028129870332428,0.03494699819913517,0.008918868328802738,0.20388349514563106,0.20388349514563106,0.0,0.2087378640776699,0.20388349514563106,-0.004854368932038833
video,Molmo2,depth,dynamic_counting,depth_dynamic_counting,depth_dynamic_counting,118,118,0.4576271186440678,0.3813559322033898,-0.07627118644067798,0.19265536723163842,0.1683817594834544,-0.024273607748184017,0.7065601353461151,0.6450587865613263,-0.061501348784788745,0.19265536723163842,0.1683817594834544,-0.024273607748184017,0.09458856715770186,0.08532188522152839,-0.009266681936173471,0.4915254237288136,0.3389830508474576,-0.15254237288135597,0.4915254237288136,0.3389830508474576,-0.15254237288135597
video,Molmo2,depth,dynamic_recognition,depth_dynamic_recognition,depth_dynamic_recognition,131,131,0.46946564885496184,0.417557251908397,-0.05190839694656485,0.4140736701805404,0.367739003998546,-0.046334666181994444,0.6375906144569035,0.6309605721030823,-0.006630042353821142,0.4140736701805404,0.367739003998546,-0.046334666181994444,0.20222609706058067,0.18269345884027957,-0.019532638220301102,0.5114503816793893,0.44274809160305345,-0.06870229007633583,0.5114503816793893,0.44274809160305345,-0.06870229007633583
video,Molmo2,depth,navigation,depth_navigation,depth_navigation,53,53,0.41509433962264153,0.5849056603773585,0.16981132075471694,0.2729559748427673,0.35390835579514823,0.08095238095238094,0.31880552744687024,0.33438730992006294,0.015581782473192696,0.2729559748427673,0.35390835579514823,0.08095238095238094,0.12634104425531825,0.15749172757118754,0.031150683315869288,0.49056603773584906,0.6226415094339622,0.13207547169811318,0.49056603773584906,0.6226415094339622,0.13207547169811318
video,Molmo2,depth,non_common,depth_non_common,depth_non_common,56,56,0.75,0.8392857142857143,0.0892857142857143,0.6637755102040817,0.7227040816326531,0.05892857142857144,0.7702552292002817,0.7827306081871829,0.012475378986901209,0.6637755102040817,0.7227040816326531,0.05892857142857144,0.3228482424910996,0.3487204156847014,0.0258721731936018,0.7321428571428571,0.8392857142857143,0.1071428571428572,0.7410714285714286,0.8392857142857143,0.0982142857142857
video,Molmo2,depth,object_recognition,depth_object_recognition,depth_object_recognition,49,49,0.19591836734693877,0.17690608711016875,-0.019012280236770013,0.17108843537414964,0.1469741143210531,-0.02411432105309655,0.5261572086881415,0.5306487369505053,0.004491528262363764,0.17108843537414964,0.1469741143210531,-0.02411432105309655,0.11248363256205868,0.09298019753302987,-0.019503435029028807,0.24489795918367346,0.22448979591836735,-0.020408163265306117,0.2653061224489796,0.24489795918367346,-0.020408163265306145
video,Molmo2,depth,scene_sequence,depth_scene_sequence,depth_scene_sequence,53,53,0.5660377358490566,0.6415094339622641,0.07547169811320753,0.3378351539225422,0.4114405510631926,0.0736053971406504,0.3121531650457566,0.3296496044782474,0.01749643943249085,0.3378351539225422,0.40934411500449236,0.07150896108195015,0.1485778569921606,0.19368844511432984,0.045110588122169226,0.6037735849056604,0.6792452830188679,0.07547169811320753,0.6226415094339622,0.6981132075471698,0.07547169811320753
video,Molmo2,depth,spatial_reasoning,depth_spatial_reasoning,depth_spatial_reasoning,50,50,0.5276428571428571,0.5653333333333334,0.037690476190476274,0.37902380952380954,0.4057142857142857,0.026690476190476153,0.3333884081252308,0.3522762817493599,0.01888787362412908,0.37902380952380954,0.4057142857142857,0.026690476190476153,0.17785716453052858,0.18606885596292208,0.008211691432393503,0.62,0.66,0.040000000000000036,0.62,0.66,0.040000000000000036
video,Molmo2,event,ALL,ALL,ALL,822,822,0.42248521956551155,0.40546488520941076,-0.017020334356100786,0.29651707229102,0.28618900989124263,-0.010328062399777349,0.6813038723938142,0.6393299442779488,-0.04197392811586542,0.29484234798855846,0.28496671200084683,-0.009875635987711628,0.15987055224869112,0.15792343490399866,-0.0019471173446924672,0.49391727493917276,0.4562043795620438,-0.03771289537712896,0.5170316301703163,0.4750608272506083,-0.041970802919708006
video,Molmo2,event,action,event_action,event_action,155,155,0.3748942455394068,0.37412186379928314,-0.0007723817401236732,0.3643370607886737,0.3726164874551971,0.008279426666523426,0.6238914444995748,0.6573381143359588,0.033446669836384,0.3643370607886737,0.3726164874551971,0.008279426666523426,0.19939534429909234,0.21184041437927653,0.012445070080184195,0.5419354838709678,0.5096774193548387,-0.032258064516129115,0.5935483870967742,0.5387096774193548,-0.05483870967741933
video,Molmo2,event,counting,event_counting,event_counting,139,139,0.5251798561151079,0.5323741007194245,0.007194244604316613,0.1079136690647482,0.08153477218225419,-0.026378896882494007,0.8057368526787364,0.6791116640693454,-0.12662518860939098,0.1079136690647482,0.08153477218225419,-0.026378896882494007,0.0539568345323741,0.04774362328319163,-0.0062132112491824695,0.5251798561151079,0.48201438848920863,-0.043165467625899234,0.5251798561151079,0.48201438848920863,-0.043165467625899234
video,Molmo2,event,dynamic_counting,event_dynamic_counting,event_dynamic_counting,130,130,0.46923076923076923,0.38461538461538464,-0.08461538461538459,0.08461538461538462,0.08351648351648353,-0.001098901098901095,0.8216277558440769,0.657549876968443,-0.16407787887563385,0.08461538461538462,0.08351648351648353,-0.001098901098901095,0.04230769230769231,0.04895104895104895,0.006643356643356642,0.49230769230769234,0.3769230769230769,-0.11538461538461542,0.49615384615384617,0.38846153846153847,-0.1076923076923077
video,Molmo2,event,dynamic_recognition,event_dynamic_recognition,event_dynamic_recognition,123,123,0.5600271002710028,0.47804878048780486,-0.08197831978319792,0.5559620596205963,0.47398373983739833,-0.08197831978319797,0.7961832284427364,0.779875196654294,-0.016308031788442423,0.5559620596205963,0.47398373983739833,-0.08197831978319797,0.2777398140360714,0.23596259361608393,-0.041777220419987465,0.5609756097560976,0.4796747967479675,-0.08130081300813014,0.5772357723577236,0.4878048780487805,-0.08943089430894313
video,Molmo2,event,navigation,event_navigation,event_navigation,54,54,0.16358024691358025,0.13580246913580246,-0.02777777777777779,0.2702564492038176,0.20373151539818207,-0.06652493380563551,0.39143658533130854,0.4373265657266462,0.04588998039533765,0.24476342371079213,0.19597137430470765,-0.048792049406084476,0.1430829888821759,0.11811457338870722,-0.02496841549346869,0.3148148148148148,0.2777777777777778,-0.037037037037037035,0.3425925925925926,0.28703703703703703,-0.05555555555555558
video,Molmo2,event,non_common,event_non_common,event_non_common,57,57,0.43859649122807015,0.7543859649122807,0.31578947368421056,0.41754385964912283,0.7228070175438597,0.30526315789473685,0.8225276143915848,0.8693840437674034,0.046856429375818576,0.41754385964912283,0.7228070175438597,0.30526315789473685,0.20649596965386438,0.3579895685158843,0.15149359886201993,0.43859649122807015,0.7543859649122807,0.31578947368421056,0.4473684210526316,0.7543859649122807,0.30701754385964913
video,Molmo2,event,object_recognition,event_object_recognition,event_object_recognition,54,54,0.46851851851851856,0.37045855379188714,-0.09805996472663142,0.4833493666827,0.37901537158073106,-0.10433399510196895,0.6103539053323582,0.575631004063541,-0.034722901268817274,0.4833493666827,0.3768367223432583,-0.10651264433944169,0.27072241300308586,0.20676338464764535,-0.06395902835544051,0.6296296296296297,0.5555555555555556,-0.07407407407407407,0.6574074074074074,0.5925925925925926,-0.06481481481481488
video,Molmo2,event,scene_sequence,event_scene_sequence,event_scene_sequence,55,55,0.07272727272727272,0.024242424242424242,-0.04848484848484848,0.11325756094896287,0.07274880556163979,-0.040508755387323084,0.30011599942412914,0.2823607820147737,-0.017755217409355428,0.11325756094896287,0.06423909305192728,-0.049018467897035595,0.08225663380790364,0.053784717241102356,-0.028471916566801286,0.21818181818181817,0.10909090909090909,-0.10909090909090909,0.3,0.20909090909090908,-0.09090909090909091
video,Molmo2,event,spatial_reasoning,event_spatial_reasoning,event_spatial_reasoning,55,55,0.42104683195592285,0.3787603305785124,-0.04228650137741047,0.40286501377410466,0.3696694214876033,-0.033195592286501374,0.5291254699139035,0.5100856309120142,-0.019039839001889325,0.40286501377410466,0.3696694214876033,-0.033195592286501374,0.2673716658930708,0.25540773927075694,-0.01196392662231388,0.509090909090909,0.4909090909090909,-0.018181818181818132,0.5181818181818182,0.5,-0.018181818181818188
video,Molmo2,ir,ALL,ALL,ALL,1561,1561,0.40392368578363297,0.36741531523022497,-0.036508370553408,0.27751662322490606,0.2510592402275644,-0.026457382997341683,0.4377082452427296,0.4259540422125241,-0.011754203030205523,0.27534696297430983,0.2496385702436992,-0.025708392730610624,0.1419687764215955,0.1262672325341444,-0.015701543887451097,0.5048046124279308,0.48653846153846153,-0.018266150889469313,0.5246636771300448,0.5041666666666667,-0.02049701046337815
video,Molmo2,ir,action,action,action,163,163,0.35821680018863256,0.30548920279304526,-0.0527275973955873,0.32833199515045325,0.2758596469364955,-0.05247234821395774,0.3692516900133625,0.35723905193089167,-0.012012638082470828,0.32658323266549444,0.2718675347541993,-0.05471569791129516,0.18468003201661762,0.1417067730453298,-0.042973258971287814,0.5521472392638037,0.5705521472392638,0.018404907975460127,0.6196319018404908,0.6073619631901841,-0.012269938650306678
video,Molmo2,ir,counting,counting,counting,177,177,0.576271186440678,0.4689265536723164,-0.10734463276836159,0.10436324504121114,0.09766002829035456,-0.006703216750856583,0.5401933868371791,0.4688172201198775,-0.07137616671730163,0.10436324504121114,0.09766002829035456,-0.006703216750856583,0.047169327733431944,0.04665669582713559,-0.0005126319062963569,0.576271186440678,0.5170454545454546,-0.0592257318952234,0.576271186440678,0.5170454545454546,-0.0592257318952234
video,Molmo2,ir,dynamic_counting,dynamic_counting,dynamic_counting,170,170,0.5,0.4470588235294118,-0.052941176470588214,0.29519140989729226,0.2593604108309991,-0.03583099906629317,0.6749893160663399,0.6685509628026077,-0.0064383532637322105,0.29519140989729226,0.2593604108309991,-0.03583099906629317,0.14524968110315217,0.1277570820051458,-0.01749259909800638,0.6294117647058823,0.5647058823529412,-0.06470588235294117,0.6294117647058823,0.5705882352941176,-0.05882352941176472
video,Molmo2,ir,dynamic_recognition,dynamic_recognition,dynamic_recognition,165,165,0.4859066859066859,0.41924001924001925,-0.06666666666666665,0.41178101359919544,0.35815383269928724,-0.0536271808999082,0.5753705536301366,0.5660720015381487,-0.009298552091987822,0.41178101359919544,0.35815383269928724,-0.0536271808999082,0.2004494010946313,0.17398865480456932,-0.02646074629006198,0.5212121212121212,0.44242424242424244,-0.0787878787878788,0.5424242424242425,0.44545454545454544,-0.09696969696969704
video,Molmo2,ir,light_change,light_change,light_change,176,176,0.4067838832043378,0.30721130721130724,-0.09957257599303054,0.31306258556258554,0.21715392141528508,-0.09590866414730045,0.5109314677465506,0.496355028580367,-0.014576439166183619,0.3125460566369657,0.21715392141528508,-0.09539213522168064,0.15075872152215067,0.10018695256129231,-0.050571768960858354,0.48295454545454547,0.3806818181818182,-0.10227272727272729,0.48863636363636365,0.3806818181818182,-0.10795454545454547
video,Molmo2,ir,light_recognition,light_recognition,light_recognition,52,52,0.18771132713440405,0.21959610901918594,0.03188478188478189,0.13810815253122946,0.12777751095058787,-0.010330641580641592,0.24233958358901012,0.22512134983535276,-0.017218233753657358,0.13810815253122946,0.12777751095058787,-0.010330641580641592,0.06815960626399062,0.05695097638823368,-0.011208629875756937,0.2692307692307692,0.34615384615384615,0.07692307692307693,0.2692307692307692,0.34615384615384615,0.07692307692307693
video,Molmo2,ir,navigation,navigation,navigation,165,165,0.23939393939393938,0.2696969696969697,0.03030303030303033,0.21869692596965323,0.23860208018102752,0.019905154211374287,0.3822630184153819,0.4068002821234033,0.024537263708021395,0.21631597358870083,0.23571607729502467,0.019400103706323835,0.10760236146720452,0.11952839629531525,0.011926034828110735,0.3151515151515151,0.3515151515151515,0.036363636363636376,0.3212121212121212,0.3787878787878788,0.05757575757575756
video,Molmo2,ir,non_common,non_common,non_common,56,56,0.7976190476190476,0.7566964285714286,-0.04092261904761896,0.42862440139225855,0.4193458822923109,-0.009278519099947646,0.3349427805932218,0.3329915440982426,-0.0019512364949791916,0.4275083299636871,0.41860183467326323,-0.008906495290423866,0.19882372227807227,0.20210605707084123,0.0032823347927689595,0.8392857142857143,0.8214285714285714,-0.017857142857142905,0.8482142857142857,0.8392857142857143,-0.008928571428571397
video,Molmo2,ir,object_recognition,object_recognition,object_recognition,51,51,0.2826127261111781,0.2749120160884867,-0.007700710022691404,0.34962497201484827,0.3410906755328662,-0.008534296481982062,0.30484562366364987,0.2907272582624841,-0.014118365401165789,0.32409011775601515,0.32984048781209024,0.005750370056075094,0.23449137648665924,0.2115648910286311,-0.02292648545802814,0.43137254901960786,0.49019607843137253,0.05882352941176466,0.5196078431372549,0.6274509803921569,0.10784313725490191
video,Molmo2,ir,scene_sequence,scene_sequence,scene_sequence,177,177,0.21770244821092277,0.22617702448210922,0.008474576271186446,0.21178324063900006,0.21154498541620426,-0.00023825522279580236,0.3087183729286761,0.3088403250015199,0.00012195207284382281,0.20672335077266,0.20885947783155706,0.0021361270588970693,0.10922493288220297,0.11098291910622783,0.0017579862240248573,0.3785310734463277,0.3672316384180791,-0.011299435028248594,0.4124293785310734,0.3926553672316384,-0.019774011299435013
video,Molmo2,ir,spatial_reasoning,spatial_reasoning,spatial_reasoning,50,50,0.22622126762126762,0.23180031080031077,0.005579043179043147,0.202619536019536,0.20775269175269176,0.005133155733155759,0.07869704690994961,0.06462484850688349,-0.014072198403066116,0.19781953601953603,0.20775269175269176,0.00993315573315573,0.11407991470562173,0.10951889270913631,-0.00456102199648542,0.42,0.52,0.10000000000000003,0.44,0.54,0.10000000000000003
video,Molmo2,ir,text_recognition,text_recognition,text_recognition,159,159,0.4728406731774521,0.4877919145437878,0.014951241366335688,0.34761352280137026,0.3366221350018593,-0.010991387799510977,0.37292496364020483,0.37163939732146334,-0.0012855663187414934,0.34687360419241725,0.3366221350018593,-0.010251469190557971,0.1851108499301697,0.1746897425596847,-0.010421107370485017,0.5974842767295597,0.6352201257861635,0.037735849056603765,0.6132075471698113,0.6477987421383647,0.03459119496855345
video,Molmo2,rgb,ALL,ALL,ALL,2318,2318,0.39442979856176275,0.36897059956217615,-0.025459198999586596,0.24752815856933294,0.23179693038155363,-0.015731228187779306,0.3838409408472046,0.365139865150335,-0.01870107569686963,0.2450411647750009,0.23019860635145709,-0.014842558423543817,0.130320144789142,0.12000120952561084,-0.010318935263531157,0.5064710957722174,0.48058671268334774,-0.025884383088869645,0.5224331320103538,0.5043140638481449,-0.018119068162208873
video,Molmo2,rgb,action,action,action,266,266,0.3737792372802918,0.35377705615432287,-0.02000218112596891,0.31904253817191724,0.29935448642446316,-0.019688051747454083,0.32789029390000546,0.3408292369081571,0.012938943008151627,0.31043284761624323,0.2962100437087457,-0.014222803907497528,0.17860975460164,0.14965525609273783,-0.028954498508902166,0.6165413533834586,0.5789473684210527,-0.03759398496240596,0.6578947368421053,0.6259398496240601,-0.03195488721804518
video,Molmo2,rgb,counting,counting,counting,273,273,0.5934065934065934,0.5091575091575091,-0.08424908424908428,0.08215677403797468,0.06796986859895733,-0.01418690543901735,0.5297022093371746,0.4206585423536787,-0.10904366698349588,0.08215677403797468,0.06796986859895733,-0.01418690543901735,0.0389545725595933,0.04015193403987256,0.0011973614802792548,0.5787545787545788,0.5567765567765568,-0.02197802197802201,0.5842490842490843,0.5586080586080586,-0.02564102564102566
video,Molmo2,rgb,dynamic_counting,dynamic_counting,dynamic_counting,279,279,0.5484667463162086,0.556352050975707,0.007885304659498327,0.26060148533266814,0.2723997705063624,0.011798285173694245,0.5743802901903033,0.5350054354821159,-0.03937485470818747,0.26060148533266814,0.2723997705063624,0.011798285173694245,0.1240475625120623,0.13400433833792977,0.009956775825867473,0.6200716845878136,0.6344086021505376,0.014336917562724039,0.6236559139784946,0.6415770609318996,0.017921146953404965
video,Molmo2,rgb,dynamic_recognition,dynamic_recognition,dynamic_recognition,157,157,0.35680048896609406,0.37720999806987066,0.02040950910377659,0.2183722151875018,0.23421264323287555,0.01584042804537375,0.3233047414719376,0.3144086666602096,-0.008896074811727994,0.2183722151875018,0.23421264323287555,0.01584042804537375,0.10221957159768083,0.10447901981485364,0.0022594482171728048,0.43312101910828027,0.4394904458598726,0.006369426751592355,0.4394904458598726,0.46178343949044587,0.022292993630573243
video,Molmo2,rgb,light_change,light_change,light_change,288,288,0.4755407676538629,0.3653206713442221,-0.1102200963096408,0.3242226827113907,0.25044434680184363,-0.07377833590954708,0.4152352454972805,0.40640121861108736,-0.00883402688619317,0.3236884946772027,0.249861596219093,-0.07382689845810966,0.1539599603248908,0.11751373519915013,-0.03644622512574065,0.5243055555555556,0.4131944444444444,-0.11111111111111116,0.5260416666666666,0.4166666666666667,-0.10937499999999994
video,Molmo2,rgb,light_recognition,light_recognition,light_recognition,54,54,0.15310512532734755,0.09447383891828337,-0.058631286409064176,0.1690516273849607,0.10868555312999757,-0.06036607425496314,0.34501083267434285,0.3077122154169649,-0.03729861725737793,0.1608211747100636,0.10195154639599086,-0.05886962831407275,0.09531377125240556,0.06007355298275367,-0.03524021826965189,0.37037037037037035,0.2222222222222222,-0.14814814814814814,0.37037037037037035,0.25925925925925924,-0.1111111111111111
video,Molmo2,rgb,navigation,navigation,navigation,273,273,0.24358974358974358,0.228152799581371,-0.015436944008372588,0.2115385274355023,0.19604878829183936,-0.015489739143662945,0.25845114231714555,0.26885314918833203,0.010402006871186475,0.20948634018264614,0.1950138443997526,-0.01447249578289353,0.10123361318471764,0.10026835524326397,-0.000965257941453676,0.3992673992673993,0.3882783882783883,-0.010989010989011005,0.4157509157509158,0.41025641025641024,-0.0054945054945055305
video,Molmo2,rgb,non_common,non_common,non_common,68,68,0.7517719741185215,0.7663678804855276,0.01459590636700614,0.42027965108208076,0.4235564843653079,0.003276833283227143,0.3375429299808331,0.33372859037681996,-0.0038143396040131172,0.42027965108208076,0.423229686979687,0.002950035897606229,0.20061990658251716,0.2046340355899204,0.00401412900740325,0.7941176470588235,0.7941176470588235,0.0,0.7941176470588235,0.8161764705882353,0.022058823529411797
video,Molmo2,rgb,object_recognition,object_recognition,object_recognition,50,50,0.42636970047496364,0.35453968253968254,-0.0718300179352811,0.46009112524902,0.3822501202501203,-0.07784100499889973,0.5155482677776762,0.4979553401131518,-0.01759292766452436,0.45742445858235337,0.38076863876863876,-0.07665581981371461,0.27935164782636107,0.21973570443442472,-0.05961594339193635,0.62,0.54,-0.07999999999999996,0.68,0.62,-0.06000000000000005
video,Molmo2,rgb,scene_sequence,scene_sequence,scene_sequence,303,303,0.2183718371837184,0.22304730473047304,0.004675467546754658,0.2307432792304556,0.22698119366769132,-0.003762085562764278,0.2738453331312787,0.2698229428997461,-0.004022390231532558,0.22467961568165715,0.22139861227359262,-0.003281003408064531,0.13958340586350865,0.13150115333604073,-0.008082252527467915,0.37623762376237624,0.37623762376237624,0.0,0.40924092409240925,0.4273927392739274,0.01815181518151815
video,Molmo2,rgb,spatial_reasoning,spatial_reasoning,spatial_reasoning,51,51,0.36347780759545467,0.32898705468364914,-0.03449075291180553,0.3656564568329274,0.3364017852817707,-0.029254671551156686,0.3331066122657565,0.33423274926352886,0.0011261369977723645,0.36263986558104205,0.3364017852817707,-0.026238080299271327,0.27396761976242,0.23973891943203512,-0.03422870033038489,0.5686274509803921,0.5490196078431373,-0.019607843137254832,0.5784313725490197,0.5588235294117647,-0.019607843137254943
video,Molmo2,rgb,text_recognition,text_recognition,text_recognition,256,256,0.29279947261670963,0.31610794090720906,0.02330846829049943,0.23078789443150052,0.23822595905285768,0.007438064621357154,0.3493571518400695,0.34693249136687865,-0.0024246604731908428,0.23003919651483384,0.23718429238619101,0.007145095871357171,0.12609185415094737,0.12565620502372293,-0.0004356491272244356,0.40234375,0.3984375,-0.00390625,0.41796875,0.421875,0.00390625
video,Qwen3-VL,depth,ALL,ALL,ALL,764,764,0.39015151515151514,0.4046590241173892,0.01450750896587405,0.2838590477046613,0.29740350256284864,0.013544454858187338,0.5537811302814476,0.5409037215702516,-0.012877408711196026,0.2838590477046613,0.29714098296631536,0.013281935261654054,0.13951852178823776,0.1456215801387128,0.006103058350475032,0.4280104712041885,0.44502617801047123,0.017015706806282727,0.431282722513089,0.4548429319371728,0.023560209424083767
video,Qwen3-VL,depth,action,depth_action,depth_action,151,151,0.274473208910295,0.2673606638255042,-0.007112545084790756,0.2530236136196401,0.24767707294986036,-0.005346540669779742,0.5463292949326204,0.4973610543393236,-0.0489682405932968,0.2530236136196401,0.24634882810382452,-0.006674785515815573,0.1393984192582693,0.1289023211759838,-0.010496098082285493,0.2913907284768212,0.32450331125827814,0.033112582781456956,0.30132450331125826,0.3609271523178808,0.05960264900662254
video,Qwen3-VL,depth,counting,depth_counting,depth_counting,103,103,0.10679611650485436,0.1262135922330097,0.019417475728155345,0.04724919093851132,0.0313915857605178,-0.01585760517799352,0.5638923369172034,0.5645311597473051,0.0006388228301016374,0.04724919093851132,0.0313915857605178,-0.01585760517799352,0.021177440404231036,0.013371854477170497,-0.00780558592706054,0.10679611650485436,0.1262135922330097,0.019417475728155345,0.10679611650485436,0.1262135922330097,0.019417475728155345
video,Qwen3-VL,depth,dynamic_counting,depth_dynamic_counting,depth_dynamic_counting,118,118,0.4406779661016949,0.4406779661016949,0.0,0.17288135593220338,0.18418079096045198,0.011299435028248594,0.7030111538512505,0.7052117998821634,0.002200646030912967,0.17288135593220338,0.18418079096045198,0.011299435028248594,0.08410685440123442,0.09035127902210864,0.0062444246208742255,0.5084745762711864,0.5,-0.008474576271186418,0.5084745762711864,0.5,-0.008474576271186418
video,Qwen3-VL,depth,dynamic_recognition,depth_dynamic_recognition,depth_dynamic_recognition,131,131,0.421119592875318,0.46615776081424937,0.04503816793893134,0.3819520174482006,0.42648127953471465,0.04452926208651403,0.6343575351712524,0.6378678673126704,0.003510332141418049,0.3819520174482006,0.42648127953471465,0.04452926208651403,0.18614935392424825,0.20930266939419165,0.023153315469943397,0.45038167938931295,0.48091603053435117,0.03053435114503822,0.45038167938931295,0.48091603053435117,0.03053435114503822
video,Qwen3-VL,depth,navigation,depth_navigation,depth_navigation,53,53,0.6415094339622641,0.5660377358490566,-0.07547169811320753,0.382507429677241,0.37403414195867024,-0.008473287718570754,0.3181155613649015,0.3033102706812895,-0.014805290683611971,0.382507429677241,0.37403414195867024,-0.008473287718570754,0.16770959425870177,0.1679796683730181,0.00027007411431631545,0.6981132075471698,0.660377358490566,-0.037735849056603765,0.7075471698113207,0.6792452830188679,-0.028301886792452824
video,Qwen3-VL,depth,non_common,depth_non_common,depth_non_common,56,56,0.8928571428571429,0.9478021978021979,0.05494505494505497,0.7941326530612246,0.840149136577708,0.04601648351648335,0.7933464933380586,0.7962587020428529,0.00291220870479425,0.7941326530612246,0.840149136577708,0.04601648351648335,0.38698572180715035,0.4098173544602116,0.022831632653061262,0.8928571428571429,0.9464285714285714,0.05357142857142849,0.8928571428571429,0.9464285714285714,0.05357142857142849
video,Qwen3-VL,depth,object_recognition,depth_object_recognition,depth_object_recognition,49,49,0.10946196660482374,0.15873015873015872,0.04926819212533498,0.10572047000618429,0.16503267973856212,0.05931220973237783,0.4464540282570935,0.42093680289728164,-0.02551722535981188,0.10572047000618429,0.16503267973856212,0.05931220973237783,0.06400466385572158,0.1024974858554343,0.038492821999712726,0.16326530612244897,0.22448979591836735,0.06122448979591838,0.17346938775510204,0.24489795918367346,0.07142857142857142
video,Qwen3-VL,depth,scene_sequence,depth_scene_sequence,depth_scene_sequence,53,53,0.5660377358490566,0.5660377358490566,0.0,0.36386302759979705,0.3425640473746371,-0.02129898022515997,0.29976903836042734,0.2969814671012687,-0.0027875712591586277,0.36386302759979705,0.3425640473746371,-0.02129898022515997,0.1707891783410124,0.1627524092570431,-0.008036769083969303,0.6415094339622641,0.6037735849056604,-0.037735849056603765,0.6415094339622641,0.6037735849056604,-0.037735849056603765
video,Qwen3-VL,depth,spatial_reasoning,depth_spatial_reasoning,depth_spatial_reasoning,50,50,0.382,0.43733333333333335,0.055333333333333345,0.28300000000000003,0.31733333333333336,0.03433333333333333,0.3480892247775074,0.3238935771512933,-0.024195647626214123,0.28300000000000003,0.31733333333333336,0.03433333333333333,0.1260734979048273,0.13664572661850338,0.01057222871367608,0.48,0.5,0.020000000000000018,0.48,0.5,0.020000000000000018
video,Qwen3-VL,event,ALL,ALL,ALL,822,822,0.4694051144629004,0.4545558928770607,-0.014849221585839678,0.33198238167607974,0.33730670110577693,0.0053243194296971885,0.6844438661494059,0.6757574689421018,-0.00868639720730413,0.331712038340043,0.33663553855564093,0.0049235002155979535,0.17555979951502562,0.17441900182141934,-0.0011407976936062825,0.5255474452554745,0.524330900243309,-0.0012165450121655041,0.5462287104622872,0.5444038929440389,-0.0018248175182482562
video,Qwen3-VL,event,action,event_action,event_action,155,155,0.38240189917609274,0.43944188428059394,0.0570399851045012,0.38025136154168415,0.4387250384024577,0.05847367686077354,0.6191622666288227,0.5984004785612269,-0.020761788067595766,0.38025136154168415,0.4387250384024577,0.05847367686077354,0.20307380432495886,0.22449013767809006,0.0214163333531312,0.5161290322580645,0.5870967741935483,0.07096774193548383,0.5419354838709678,0.6290322580645161,0.08709677419354833
video,Qwen3-VL,event,counting,event_counting,event_counting,139,139,0.5251798561151079,0.45323741007194246,-0.07194244604316541,0.12709832134292567,0.1079136690647482,-0.019184652278177478,0.8084471987746891,0.8057368526787364,-0.002710346095952665,0.12709832134292567,0.1079136690647482,-0.019184652278177478,0.06304430140098448,0.0539568345323741,-0.00908746686861038,0.5251798561151079,0.45323741007194246,-0.07194244604316541,0.5251798561151079,0.45323741007194246,-0.07194244604316541
video,Qwen3-VL,event,dynamic_counting,event_dynamic_counting,event_dynamic_counting,130,130,0.5538461538461539,0.5,-0.05384615384615388,0.1,0.1076923076923077,0.007692307692307693,0.8302162336700912,0.8314401073989088,0.0012238737288176038,0.1,0.1076923076923077,0.007692307692307693,0.05,0.05384615384615385,0.0038461538461538464,0.5769230769230769,0.5307692307692308,-0.0461538461538461,0.5769230769230769,0.5346153846153846,-0.04230769230769227
video,Qwen3-VL,event,dynamic_recognition,event_dynamic_recognition,event_dynamic_recognition,123,123,0.5421602787456445,0.5040650406504065,-0.03809523809523807,0.5171376951864757,0.4959349593495935,-0.021202735836882203,0.7803683023254526,0.7910240074724136,0.010655705146961014,0.5171376951864757,0.4959349593495935,-0.021202735836882203,0.2605779331277773,0.24796747967479674,-0.012610453452980536,0.5203252032520326,0.5040650406504065,-0.016260162601626105,0.5203252032520326,0.5040650406504065,-0.016260162601626105
video,Qwen3-VL,event,navigation,event_navigation,event_navigation,54,54,0.10802469135802469,0.13580246913580246,0.027777777777777776,0.1950563136235651,0.20823178878734436,0.01317547516377926,0.40417250710470515,0.3979569717541764,-0.006215535350528767,0.19094108728611653,0.20823178878734436,0.01729070150122783,0.09173868608716301,0.10635936464614616,0.01462067855898315,0.24074074074074073,0.2962962962962963,0.05555555555555555,0.3148148148148148,0.3425925925925926,0.02777777777777779
video,Qwen3-VL,event,non_common,event_non_common,event_non_common,57,57,0.9824561403508771,0.9824561403508771,0.0,0.9315789473684211,0.9315789473684211,0.0,0.9047287296287463,0.9047287296287463,0.0,0.9315789473684211,0.9315789473684211,0.0,0.4599844205107363,0.4599844205107363,0.0,0.9824561403508771,0.9824561403508771,0.0,0.9912280701754386,0.9912280701754386,0.0
video,Qwen3-VL,event,object_recognition,event_object_recognition,event_object_recognition,54,54,0.4209595959595959,0.40557158890492223,-0.015388007054673691,0.4297926353481909,0.41208112874779546,-0.017711506600395444,0.6046280885271704,0.5895663009364834,-0.015061787590686992,0.4297926353481909,0.41208112874779546,-0.017711506600395444,0.2607804790457922,0.2358607032365557,-0.024919775809236516,0.5555555555555556,0.5370370370370371,-0.01851851851851849,0.6111111111111112,0.6111111111111112,0.0
video,Qwen3-VL,event,scene_sequence,event_scene_sequence,event_scene_sequence,55,55,0.07727272727272727,0.0984848484848485,0.021212121212121224,0.15193211571553816,0.15065897689243704,-0.001273138823101122,0.30096235688098133,0.27455571984812166,-0.02640663703285967,0.15193211571553816,0.14062814750676894,-0.011303968208769222,0.08232460491848682,0.08382498323326114,0.0015003783147743144,0.23636363636363636,0.2545454545454545,0.01818181818181816,0.3090909090909091,0.2909090909090909,-0.018181818181818188
video,Qwen3-VL,event,spatial_reasoning,event_spatial_reasoning,event_spatial_reasoning,55,55,0.47414261664261664,0.4523742923742924,-0.021768324268324257,0.44505170755170753,0.4432833832833833,-0.0017683242683242395,0.5046806376928362,0.46079303607867794,-0.04388760161415828,0.44505170755170753,0.4432833832833833,-0.0017683242683242395,0.2861176673585573,0.2594014262635544,-0.026716241095002924,0.509090909090909,0.5636363636363636,0.054545454545454564,0.5363636363636364,0.5727272727272728,0.036363636363636376
video,Qwen3-VL,ir,ALL,ALL,ALL,1561,1561,0.43772743685764026,0.4261219893214638,-0.011605447536176483,0.30721991323529785,0.3151525597892651,0.007932646553967249,0.44453301697041575,0.44009947417531164,-0.004433542795104106,0.30519867387657734,0.3134037946874434,0.008205120810866051,0.158944843534097,0.16236166424524928,0.003416820711152291,0.5637411915438821,0.5566944266495836,-0.007046764894298563,0.5845611787315823,0.5861627162075592,0.0016015374759769108
video,Qwen3-VL,ir,action,action,action,163,163,0.3595574247485965,0.3659418581739044,0.006384433425307923,0.33352190407215193,0.3407384636192502,0.007216559547098267,0.3693290196547075,0.35069804746856054,-0.018630972186146955,0.33143681645837436,0.33992046770922973,0.008483651250855373,0.18124951869954517,0.18553082472260307,0.004281306023057901,0.6012269938650306,0.5705521472392638,-0.030674846625766805,0.6503067484662577,0.6625766871165644,0.012269938650306678
video,Qwen3-VL,ir,counting,counting,counting,177,177,0.576271186440678,0.4745762711864407,-0.1016949152542373,0.10306291323240477,0.11415119720204467,0.0110882839696399,0.5399450033484873,0.5418914927468316,0.0019464893983442977,0.10306291323240477,0.11415119720204467,0.0110882839696399,0.04664790560562587,0.05241399089458952,0.005766085288963649,0.5819209039548022,0.480225988700565,-0.10169491525423724,0.5819209039548022,0.480225988700565,-0.10169491525423724
video,Qwen3-VL,ir,dynamic_counting,dynamic_counting,dynamic_counting,170,170,0.5764705882352941,0.5529411764705883,-0.0235294117647058,0.34169000933706817,0.34169000933706817,0.0,0.6815703939491099,0.6815703939491099,0.0,0.34169000933706817,0.34169000933706817,0.0,0.16754682130310566,0.16754682130310566,0.0,0.7058823529411765,0.7,-0.005882352941176561,0.711764705882353,0.7,-0.01176470588235301
video,Qwen3-VL,ir,dynamic_recognition,dynamic_recognition,dynamic_recognition,165,165,0.5130108948290767,0.581361063179245,0.06835016835016827,0.43751437115073477,0.5007615616706526,0.06324719051991778,0.5905414339796887,0.5925001139184273,0.00195867993873855,0.43751437115073477,0.5007615616706526,0.06324719051991778,0.21836617382005472,0.24723323728492436,0.02886706346486964,0.5393939393939394,0.6,0.06060606060606055,0.5484848484848485,0.6090909090909091,0.06060606060606066
video,Qwen3-VL,ir,light_change,light_change,light_change,176,176,0.3832140082140082,0.3616116522366522,-0.02160235597735599,0.28861608719563264,0.2772696867729859,-0.01134640042264673,0.5089135950057624,0.5115797430133457,0.0026661480075833577,0.2877419613215068,0.2772696867729859,-0.010472274548520899,0.13476600091533142,0.1348435487117445,7.754779641308551e-05,0.4715909090909091,0.4375,-0.034090909090909116,0.4744318181818182,0.4375,-0.03693181818181818
video,Qwen3-VL,ir,light_recognition,light_recognition,light_recognition,52,52,0.2756858526089295,0.2721242388478864,-0.0035616137610431364,0.22300910210002894,0.24887965935330686,0.025870557253277915,0.2416636643070778,0.20785499787036685,-0.03380866643671096,0.21751459660552344,0.24313388074167458,0.025619284136151138,0.12999573766072833,0.15209683661897955,0.022101098958251214,0.4230769230769231,0.4807692307692308,0.05769230769230771,0.46153846153846156,0.5480769230769231,0.08653846153846156
video,Qwen3-VL,ir,navigation,navigation,navigation,165,165,0.3,0.29393939393939394,-0.006060606060606044,0.3088217708217708,0.28890793074587545,-0.01991384007589536,0.3990513974973128,0.38694527563265374,-0.012106121864659036,0.30644081844081844,0.28460297644092114,-0.0218378419998973,0.1576941407885736,0.14727038271229162,-0.010423758076281986,0.4727272727272727,0.48484848484848486,0.012121212121212144,0.49393939393939396,0.5,0.006060606060606044
video,Qwen3-VL,ir,non_common,non_common,non_common,56,56,0.8581966279334701,0.842687074829932,-0.015509553103538076,0.4531417621643185,0.44263976763976765,-0.010501994524550862,0.3329802190899419,0.3368930438295249,0.003912824739582987,0.4531417621643185,0.44263976763976765,-0.010501994524550862,0.21981077101109045,0.20454841898833004,-0.015262352022760411,0.9107142857142857,0.8571428571428571,-0.0535714285714286,0.9196428571428571,0.875,-0.044642857142857095
video,Qwen3-VL,ir,object_recognition,object_recognition,object_recognition,51,51,0.2616137674961204,0.2682879212290977,0.006674153732977306,0.3204823754996765,0.323035019574812,0.0025526440751355017,0.29286822133227924,0.28308567851149125,-0.009782542820787998,0.30336158779065353,0.30337780891414107,1.622112348753646e-05,0.1867072346961912,0.17671084428499248,-0.009996390411198708,0.45098039215686275,0.43137254901960786,-0.019607843137254888,0.5294117647058824,0.5784313725490197,0.0490196078431373
video,Qwen3-VL,ir,scene_sequence,scene_sequence,scene_sequence,177,177,0.2530131826741996,0.24595103578154426,-0.00706214689265533,0.2551504222845462,0.26816474859382067,0.01301432630927446,0.3111252516666539,0.3086777360451456,-0.0024475156215083005,0.25163504249798,0.26599586211564635,0.014360819617666332,0.13575302845127557,0.1450902550713357,0.009337226620060118,0.423728813559322,0.4632768361581921,0.03954802259887008,0.4689265536723164,0.5310734463276836,0.062146892655367214
video,Qwen3-VL,ir,spatial_reasoning,spatial_reasoning,spatial_reasoning,50,50,0.29451443877759664,0.2816056721056721,-0.012908766671924532,0.2680287244918824,0.24555805305805303,-0.022470671433829387,0.09789413046335868,0.08489098132829995,-0.013003149135058734,0.26272346133398766,0.2438913863913864,-0.01883207494260125,0.16017263446037838,0.13868305107816858,-0.021489583382209798,0.56,0.58,0.019999999999999907,0.58,0.62,0.040000000000000036
video,Qwen3-VL,ir,text_recognition,text_recognition,text_recognition,159,159,0.5524916521625043,0.5460530735746231,-0.006438578587881216,0.3965711200337201,0.40929788189777094,0.012726761864050862,0.3981950228882678,0.39881046491991695,0.0006154420316491493,0.3951734959945866,0.4085579632888179,0.013384467294231261,0.2228468802520402,0.22407614997967895,0.0012292697276387599,0.6918238993710691,0.6918238993710691,0.0,0.7075471698113207,0.6981132075471698,-0.009433962264150941
video,Qwen3-VL,rgb,ALL,ALL,ALL,2318,2318,0.4310764825390187,0.42639556395137135,-0.004680918587647354,0.27386240296027575,0.27475824129751314,0.0008958383372373868,0.38547246370292954,0.38191511228473185,-0.003557351418197685,0.27200426345606515,0.27303296980846903,0.0010287063524038742,0.1391240055111775,0.13646560252097728,-0.0026584029902002315,0.5565142364106989,0.5703192407247627,0.01380500431406384,0.5785159620362381,0.5951251078515962,0.016609145815358106
video,Qwen3-VL,rgb,action,action,action,266,266,0.40558704585218236,0.4202753441870973,0.014688298334914918,0.33791134227422315,0.3472217735731363,0.00931043129891318,0.3380689892843981,0.3312021664527109,-0.006866822831687214,0.333456225215228,0.34300262179759355,0.009546396582365557,0.17408240170966954,0.17023682415209965,-0.003845577557569896,0.6428571428571429,0.6766917293233082,0.03383458646616533,0.6823308270676691,0.7330827067669173,0.050751879699248215
video,Qwen3-VL,rgb,counting,counting,counting,273,273,0.6117216117216118,0.5494505494505495,-0.06227106227106227,0.09459667976464274,0.08998760702057405,-0.004609072744068687,0.537157220151257,0.535610015373487,-0.0015472047777700393,0.09459667976464274,0.08998760702057405,-0.004609072744068687,0.04259105804585272,0.03886847490441223,-0.003722583141440486,0.6117216117216118,0.5531135531135531,-0.05860805860805862,0.6135531135531136,0.5567765567765568,-0.0567765567765568
video,Qwen3-VL,rgb,dynamic_counting,dynamic_counting,dynamic_counting,279,279,0.6151334129828754,0.617283950617284,0.0021505376344086446,0.29371888565436954,0.30213114245372313,0.00841225679935359,0.5802847880210537,0.5792745362576193,-0.0010102517634343888,0.29371888565436954,0.30213114245372313,0.00841225679935359,0.1408429931546782,0.1440265661288249,0.0031835729741467034,0.7096774193548387,0.7240143369175627,0.014336917562723928,0.7150537634408602,0.7293906810035843,0.014336917562724039
video,Qwen3-VL,rgb,dynamic_recognition,dynamic_recognition,dynamic_recognition,157,157,0.41364463561915793,0.40152158527954707,-0.012123050339610864,0.26437467864968806,0.24363896244553304,-0.020735716204155014,0.327011173009794,0.316209692431085,-0.010801480578709,0.26305361236046887,0.24363896244553304,-0.019414649914935828,0.12719901362090963,0.10888748414038282,-0.018311529480526806,0.4713375796178344,0.46496815286624205,-0.006369426751592355,0.49363057324840764,0.4968152866242038,0.0031847133757961776
video,Qwen3-VL,rgb,light_change,light_change,light_change,288,288,0.47357253086419754,0.45100308641975306,-0.022569444444444475,0.33492572525967135,0.30167438940416885,-0.033251335855502495,0.41523046533199753,0.4086102643410401,-0.006620200990957448,0.3334445675285136,0.300754398900845,-0.0326901686276686,0.15603339635431612,0.13890070174353872,-0.017132694610777405,0.5243055555555556,0.5069444444444444,-0.01736111111111116,0.5243055555555556,0.5086805555555556,-0.015625
video,Qwen3-VL,rgb,light_recognition,light_recognition,light_recognition,54,54,0.25063198118753677,0.33001175778953556,0.0793797766019988,0.2724867724867725,0.35042621987066436,0.07793944738389186,0.3097204875300263,0.314731767320608,0.005011279790581691,0.2687830687830688,0.3467225161669606,0.0779394473838918,0.1531806150334939,0.1771892410981369,0.02400862606464302,0.4444444444444444,0.5925925925925926,0.14814814814814814,0.48148148148148145,0.6296296296296297,0.1481481481481482
video,Qwen3-VL,rgb,navigation,navigation,navigation,273,273,0.3076923076923077,0.30952380952380953,0.001831501831501825,0.2588612816599072,0.26550122297223155,0.006639941312324371,0.26604359473174577,0.2573654513716812,-0.00867814336006456,0.25804476071954724,0.26300084083384034,0.004956080114293104,0.12474077002566239,0.13212567864236166,0.007384908616699271,0.5128205128205128,0.5347985347985348,0.02197802197802201,0.5439560439560439,0.5659340659340659,0.02197802197802201
video,Qwen3-VL,rgb,non_common,non_common,non_common,68,68,0.7979408051099228,0.803398603030956,0.005457797921033181,0.43925745414716,0.4460807982866806,0.006823344139520626,0.3369889450234689,0.34210386960390826,0.005114924580439384,0.4383383365001012,0.444242562992563,0.005904226492461806,0.20734081797751713,0.2115098548790445,0.004169036901527368,0.7941176470588235,0.8382352941176471,0.044117647058823595,0.8014705882352942,0.8455882352941176,0.044117647058823484
video,Qwen3-VL,rgb,object_recognition,object_recognition,object_recognition,50,50,0.4179047619047619,0.34647619047619044,-0.07142857142857145,0.4527745587745588,0.36770314675577837,-0.08507141201878043,0.4882528821082957,0.421933031760536,-0.06631985034775972,0.44207592407592405,0.36372166527429683,-0.07835425880162722,0.24055109014586373,0.1766245076584564,-0.06392658248740735,0.68,0.6,-0.08000000000000007,0.73,0.67,-0.05999999999999994
video,Qwen3-VL,rgb,scene_sequence,scene_sequence,scene_sequence,303,303,0.22739273927392742,0.2502200220022002,0.022827282728272807,0.22967848125404577,0.26945121189543825,0.03977273064139247,0.256639117518029,0.258934053898658,0.002294936380628998,0.22660621604639578,0.2648787785743171,0.0382725625279213,0.12077639189995742,0.13967590099710392,0.018899509097146494,0.40924092409240925,0.4752475247524752,0.06600660066006597,0.4636963696369637,0.528052805280528,0.0643564356435643
video,Qwen3-VL,rgb,spatial_reasoning,spatial_reasoning,spatial_reasoning,51,51,0.3884509872854437,0.30797299417769275,-0.08047799310775094,0.39934423347280745,0.3081597355409047,-0.09118449793190275,0.3425711913828039,0.28477831799157466,-0.05779287339122924,0.39088101912724016,0.3081597355409047,-0.08272128358633546,0.28592249599810493,0.16005369969821437,-0.12586879629989056,0.6274509803921569,0.6666666666666666,0.039215686274509776,0.6372549019607843,0.6764705882352942,0.03921568627450989
video,Qwen3-VL,rgb,text_recognition,text_recognition,text_recognition,256,256,0.3515448173712829,0.3736048315048144,0.02206001413353148,0.27867168267815884,0.2853535146914228,0.006681832013263944,0.36020637168959463,0.38054271646527976,0.020336344775685133,0.2782604984676325,0.2852761632062743,0.007015664738641791,0.1590746136514422,0.17114870007049787,0.012074086419055663,0.47265625,0.49609375,0.0234375,0.490234375,0.509765625,0.01953125
