qa_id,modality,section,pair_key,question,gold_answer,model_answer,score,numeric_score,reason
rgb__aligned_dataset_brew_tea_split_seg1_rgb__object_recognition__01,rgb,object_recognition,aligned_dataset/brew_tea_split/Seg1/rgb,What is the pattern on the white teacup located to the left of the tea tray?,A blue raindrop pattern.,Blue raindrop pattern.,correct,1.0,The model answer accurately identifies the pattern on the white teacup as mentioned in the caption.
rgb__aligned_dataset_brew_tea_split_seg1_rgb__spatial_reasoning__01,rgb,spatial_reasoning,aligned_dataset/brew_tea_split/Seg1/rgb,Where is the glass jar located relative to the patterned teacup?,It is located behind the teacup.,The glass jar is located behind the teacup.,correct,1.0,The model answer accurately identifies the position of the glass jar relative to the teacup as stated in the caption.
rgb__aligned_dataset_brew_tea_split_seg1_rgb__text_recognition__01,rgb,text_recognition,aligned_dataset/brew_tea_split/Seg1/rgb,What word is visible on one of the containers in the red basket?,KEEP.,KEEP or LOVE,partial,0.5,"The model included an extra word ('LOVE') that was also present on a container in the basket, making the answer less specific than the gold answer."
rgb__aligned_dataset_brew_tea_split_seg1_rgb__text_recognition__02,rgb,text_recognition,aligned_dataset/brew_tea_split/Seg1/rgb,What is the temperature shown on the digital display in frame 000600?,96.,96,correct,1.0,The model correctly identified the temperature 96 from the caption provided for the specified frame.
rgb__aligned_dataset_brew_tea_split_seg1_rgb__text_recognition__03,rgb,text_recognition,aligned_dataset/brew_tea_split/Seg1/rgb,What word is visible on another container near the first one in the red basket?,LOVE.,LOVE,correct,1.0,"The model correctly identified the word 'LOVE' as being on the container near the first one, matching the gold answer."
rgb__aligned_dataset_brew_tea_split_seg1_rgb__text_recognition__04,rgb,text_recognition,aligned_dataset/brew_tea_split/Seg1/rgb,What language are the characters on the tea tray in?,Chinese.,Chinese,correct,1.0,The model correctly identified the language mentioned in the caption.
rgb__aligned_dataset_brew_tea_split_seg1_rgb__text_recognition__05,rgb,text_recognition,aligned_dataset/brew_tea_split/Seg1/rgb,What is the temperature reading in frame 000690?,95.,95,correct,1.0,The model correctly identified the temperature reading from the provided caption for the specified frame.
rgb__aligned_dataset_brew_tea_split_seg1_rgb__text_recognition__06,rgb,text_recognition,aligned_dataset/brew_tea_split/Seg1/rgb,What temperature is displayed in frame 000840?,98.,98,correct,1.0,The model correctly identified the temperature 98 displayed in frame 000840 as specified in the caption.
rgb__aligned_dataset_brew_tea_split_seg1_rgb__text_recognition__07,rgb,text_recognition,aligned_dataset/brew_tea_split/Seg1/rgb,What is the final temperature shown in the video?,99.,99,correct,1.0,The model correctly identified the final temperature reading of 99 mentioned in the caption.
rgb__aligned_dataset_brew_tea_split_seg1_rgb__text_recognition__08,rgb,text_recognition,aligned_dataset/brew_tea_split/Seg1/rgb,What color are the characters on the tea tray?,Gold.,Gold,correct,1.0,"The model correctly identified the color of the characters as gold, which matches the gold answer and is supported by the caption."
rgb__aligned_dataset_brew_tea_split_seg1_rgb__scene_sequence__01,rgb,scene_sequence,aligned_dataset/brew_tea_split/Seg1/rgb,What is the first thing I see after the darkness?,A tea table setup.,A tea table setup.,correct,1.0,The model answer matches the gold answer and is directly supported by the caption.
rgb__aligned_dataset_brew_tea_split_seg1_rgb__scene_sequence__05,rgb,scene_sequence,aligned_dataset/brew_tea_split/Seg1/rgb,What did the hand interact with first?,The silver kettle.,The silver kettle.,correct,1.0,"The model correctly identified the silver kettle, which matches the gold answer and is supported by the caption."
rgb__aligned_dataset_brew_tea_split_seg1_rgb__scene_sequence__06,rgb,scene_sequence,aligned_dataset/brew_tea_split/Seg1/rgb,What is the final scene shown in the video?,The tea table with all objects.,"A tea table setup with a cup, sugarcane, and a basket in the background.",correct,1.0,"The model accurately describes the scene and objects present, which is semantically equivalent to the gold answer."
rgb__aligned_dataset_brew_tea_split_seg1_rgb__scene_sequence__07,rgb,scene_sequence,aligned_dataset/brew_tea_split/Seg1/rgb,Did the camera move between different rooms?,No.,No.,correct,1.0,"The model correctly answered 'No', which is supported by the caption stating the camera remains mostly stationary and focused on the tea preparation area."
rgb__aligned_dataset_brew_tea_split_seg1_rgb__scene_sequence__10,rgb,scene_sequence,aligned_dataset/brew_tea_split/Seg1/rgb,What is the color of the basket in the background?,Red.,The provided caption does not specify the color of the basket.,incorrect,0.0,"The model failed to answer the question, although it correctly identified that the information was missing from the provided caption."
rgb__aligned_dataset_brew_tea_split_seg1_rgb__light_recognition__01,rgb,light_recognition,aligned_dataset/brew_tea_split/Seg1/rgb,Where are the strongest light reflections visible in the scene?,On the metallic kettle and the pot lid.,On the metallic surfaces of the silver kettle and the large pot lid.,correct,1.0,The model answer accurately identifies the locations mentioned in the caption and gold answer.
rgb__aligned_dataset_brew_tea_split_seg1_rgb__light_change__01,rgb,light_change,aligned_dataset/brew_tea_split/Seg1/rgb,Did the lights turn on or off at the beginning?,Turn on.,The lights turned on.,correct,1.0,The model answer accurately reflects the gold answer and is supported by the caption stating the video transitions from darkness to a well-lit environment.
rgb__aligned_dataset_brew_tea_split_seg1_rgb__light_change__02,rgb,light_change,aligned_dataset/brew_tea_split/Seg1/rgb,Is the light getting brighter or darker after the initial transition?,"No, it remains consistent.",Neither; the light levels remain consistent.,correct,1.0,"The model correctly identifies that the light levels remain consistent after the initial transition, which aligns with the gold answer."
rgb__aligned_dataset_brew_tea_split_seg1_rgb__light_change__03,rgb,light_change,aligned_dataset/brew_tea_split/Seg1/rgb,Is the light source moving?,No.,No.,correct,1.0,"The model correctly answered 'No', which is consistent with the caption stating light levels and reflections remain consistent after the lights are turned on."
rgb__aligned_dataset_brew_tea_split_seg1_rgb__light_change__04,rgb,light_change,aligned_dataset/brew_tea_split/Seg1/rgb,Does the light color change?,No.,No.,correct,1.0,"The model correctly answered the question based on the caption, which states that light levels remain consistent without significant changes."
rgb__aligned_dataset_brew_tea_split_seg1_rgb__light_change__05,rgb,light_change,aligned_dataset/brew_tea_split/Seg1/rgb,Is there a flickering of the light?,No.,No.,correct,1.0,"The model correctly answered 'No', which aligns with the gold answer and the caption stating the light levels remain consistent once the lights are on."
rgb__aligned_dataset_brew_tea_split_seg1_rgb__light_change__06,rgb,light_change,aligned_dataset/brew_tea_split/Seg1/rgb,Are there shadows moving across the table?,No.,No.,correct,1.0,"The model answer correctly states 'No', which matches the gold answer and is consistent with the caption stating light levels remain consistent."
rgb__aligned_dataset_brew_tea_split_seg1_rgb__light_change__07,rgb,light_change,aligned_dataset/brew_tea_split/Seg1/rgb,Does any external light like a car's headlight pass by?,No.,No.,correct,1.0,"The model correctly answered 'No', which matches the gold answer and is consistent with the caption stating light levels remain constant after the lights are turned on."
rgb__aligned_dataset_brew_tea_split_seg1_rgb__light_change__08,rgb,light_change,aligned_dataset/brew_tea_split/Seg1/rgb,Is the final frame well-lit?,Yes.,Yes.,correct,1.0,"The model correctly identified that the final frame is well-lit, which is supported by the caption stating the video transitions to and remains in a well-lit environment."
rgb__aligned_dataset_brew_tea_split_seg1_rgb__counting__01,rgb,counting,aligned_dataset/brew_tea_split/Seg1/rgb,How many sugarcane stalks are visible?,6.,6,correct,1.0,The model answer correctly identifies the number of sugarcane stalks mentioned in the caption.
rgb__aligned_dataset_brew_tea_split_seg1_rgb__counting__02,rgb,counting,aligned_dataset/brew_tea_split/Seg1/rgb,How many teacups are on the table?,1.,1,correct,1.0,The model answer correctly identifies the number of teacups as stated in the caption.
rgb__aligned_dataset_brew_tea_split_seg1_rgb__counting__03,rgb,counting,aligned_dataset/brew_tea_split/Seg1/rgb,How many clay teapots are there?,1.,1,correct,1.0,The model correctly identified the number of clay teapots as stated in the caption.
rgb__aligned_dataset_brew_tea_split_seg1_rgb__counting__04,rgb,counting,aligned_dataset/brew_tea_split/Seg1/rgb,How many silver kettles do I see?,1.,1,correct,1.0,"The model correctly identified the number of silver kettles as 1, which matches the gold answer and the provided caption."
rgb__aligned_dataset_brew_tea_split_seg1_rgb__counting__05,rgb,counting,aligned_dataset/brew_tea_split/Seg1/rgb,How many glass jars are present?,1.,1,correct,1.0,"The model correctly identified the number of glass jars as 1, matching the gold answer."
rgb__aligned_dataset_brew_tea_split_seg1_rgb__counting__06,rgb,counting,aligned_dataset/brew_tea_split/Seg1/rgb,How many red baskets are in the background?,1.,1,correct,1.0,"The model correctly identified the number of red baskets as 1, matching the gold answer and the provided caption."
rgb__aligned_dataset_brew_tea_split_seg1_rgb__counting__07,rgb,counting,aligned_dataset/brew_tea_split/Seg1/rgb,How many large pots with glass lids are there?,1.,0,incorrect,0.0,"The caption mentions '1 large stainless steel pot', which implies the pot exists, but the model answered 0."
rgb__aligned_dataset_brew_tea_split_seg1_rgb__counting__09,rgb,counting,aligned_dataset/brew_tea_split/Seg1/rgb,How many tea tray units are on the table?,1.,1,correct,1.0,"The model answer correctly identifies the number of tea tray units as 1, which matches the gold answer and is supported by the caption."
rgb__aligned_dataset_brew_tea_split_seg1_rgb__dynamic_counting__01,rgb,dynamic_counting,aligned_dataset/brew_tea_split/Seg1/rgb,How many hands enter the frame to interact with the tea set?,One.,1,correct,1.0,"The model answer correctly identifies that only one hand enters the frame, matching the gold answer."
rgb__aligned_dataset_brew_tea_split_seg1_rgb__dynamic_counting__02,rgb,dynamic_counting,aligned_dataset/brew_tea_split/Seg1/rgb,Does any other person appear in the video?,No.,No.,correct,1.0,"The model correctly answered 'No', which matches the gold answer and is supported by the caption stating no other humans are present."
rgb__aligned_dataset_brew_tea_split_seg1_rgb__dynamic_counting__03,rgb,dynamic_counting,aligned_dataset/brew_tea_split/Seg1/rgb,Do any animals move across the scene?,No.,No.,correct,1.0,"The model correctly identified that no animals are present or moving in the scene, which is supported by the caption stating only the hand moves."
rgb__aligned_dataset_brew_tea_split_seg1_rgb__dynamic_counting__04,rgb,dynamic_counting,aligned_dataset/brew_tea_split/Seg1/rgb,Does the teapot move by itself?,No.,No.,correct,1.0,"The model correctly identifies that the teapot does not move by itself, as the caption states it is moved by the subject's hand."
rgb__aligned_dataset_brew_tea_split_seg1_rgb__dynamic_counting__05,rgb,dynamic_counting,aligned_dataset/brew_tea_split/Seg1/rgb,Are there any flying insects?,No.,No.,correct,1.0,"The caption explicitly states no other dynamic objects or humans are present, and the model correctly identified that there are no flying insects."
rgb__aligned_dataset_brew_tea_split_seg1_rgb__dynamic_counting__07,rgb,dynamic_counting,aligned_dataset/brew_tea_split/Seg1/rgb,Is there more than one person visible?,No.,No.,correct,1.0,"The model correctly identified that there is not more than one person, consistent with the caption stating no other humans are present."
rgb__aligned_dataset_brew_tea_split_seg1_rgb__dynamic_counting__08,rgb,dynamic_counting,aligned_dataset/brew_tea_split/Seg1/rgb,How many times does the hand enter the frame?,Multiple times.,Several times.,correct,1.0,The model answer 'several times' is semantically equivalent to 'multiple times' and is directly supported by the provided caption.
rgb__aligned_dataset_brew_tea_split_seg1_rgb__non_common__01,rgb,non_common,aligned_dataset/brew_tea_split/Seg1/rgb,What is slightly unusual about the placement of the sugarcane stalks?,They are lying on a towel on the tea table.,They are placed on a towel right next to a formal tea set.,correct,1.0,The model accurately identifies the location of the sugarcane stalks as described in the caption.
rgb__aligned_dataset_brew_tea_split_seg1_rgb__navigation__01,rgb,navigation,aligned_dataset/brew_tea_split/Seg1/rgb,Which direction are the sugarcane stalks relative to me?,Left.,To the left.,correct,1.0,The model answer accurately identifies the direction mentioned in the caption.
ir__aligned_dataset_brew_tea_split_seg1_ir__object_recognition__01,ir,object_recognition,aligned_dataset/brew_tea_split/Seg1/ir,What is the specific object located on the heating plate between the patterned cup and the electric kettle?,A ceramic teapot.,A ceramic teapot.,correct,1.0,"The model answer correctly identifies the object as a ceramic teapot, matching the gold answer and the provided caption."
event__aligned_dataset_brew_tea_split_seg1_event__event_object_recognition__01,event,event_object_recognition,aligned_dataset/brew_tea_split/Seg1/event,What primary items are being manipulated on the table?,A kettle and teapot.,"A kettle, a teapot with a lid, and several small teacups or bowls.",partial,0.5,"The model included the kettle and teapot but added extra items not listed in the gold answer, making it broader than required."
depth__check_mailbox_split_seg1_check_mailbox__depth_object_recognition__01,depth,depth_object_recognition,check_mailbox_split/Seg1/check_mailbox,What is the primary geometric structure visible that connects two distinct spaces?,A doorway.,A doorway.,correct,1.0,"The model correctly identified the doorway as the structure connecting the two spaces, which matches the gold answer."
ir__aligned_dataset_brew_tea_split_seg1_ir__spatial_reasoning__01,ir,spatial_reasoning,aligned_dataset/brew_tea_split/Seg1/ir,Where is the small glass jar positioned relative to the patterned tea cup?,Behind the cup.,Behind the patterned tea cup.,correct,1.0,"The model answer accurately identifies the position of the small glass jar relative to the tea cup, matching the gold answer."
event__aligned_dataset_brew_tea_split_seg1_event__event_spatial_reasoning__01,event,event_spatial_reasoning,aligned_dataset/brew_tea_split/Seg1/event,Where is the kettle positioned relative to the teapot?,To the right.,To the right of the teapot.,correct,1.0,The model answer accurately reflects the spatial relationship described in the caption.
depth__check_mailbox_split_seg1_check_mailbox__depth_spatial_reasoning__01,depth,depth_spatial_reasoning,check_mailbox_split/Seg1/check_mailbox,Is the table-like object closer to me than the items on the floor in the further room?,"Yes, it is closer.",Yes.,correct,1.0,"The model correctly confirms the table-like object is closer, consistent with the caption stating it is at the threshold while other items are in the further room."
ir__aligned_dataset_brew_tea_split_seg1_ir__text_recognition__01,ir,text_recognition,aligned_dataset/brew_tea_split/Seg1/ir,What number is initially displayed on the induction plate's digital screen?,96.,96,correct,1.0,"The model correctly identified the initial number displayed on the screen as 96, matching the gold answer."
event__aligned_dataset_brew_tea_split_seg1_event__event_scene_sequence__01,event,event_scene_sequence,aligned_dataset/brew_tea_split/Seg1/event,What is the sequence of the subject's activity?,Setting up and adjusting tea equipment.,"The subject adjusts the cups and pot, then makes a final adjustment to the tea lid.",partial,0.5,The model identifies the specific actions mentioned in the caption but misses the broader context of 'setting up' the equipment provided in the gold answer.
depth__check_mailbox_split_seg1_check_mailbox__depth_scene_sequence__01,depth,depth_scene_sequence,check_mailbox_split/Seg1/check_mailbox,What is the sequence of spaces I move through?,From a room through a doorway into a second room.,"A dark room, then a second, more illuminated room.",partial,0.5,"The model identifies the spaces correctly but omits the movement through the doorway, which was part of the gold answer."
ir__aligned_dataset_brew_tea_split_seg1_ir__text_recognition__02,ir,text_recognition,aligned_dataset/brew_tea_split/Seg1/ir,What does this number likely represent?,Temperature.,The temperature in degrees Celsius of the water being heated.,correct,1.0,The model answer accurately identifies that the number represents the temperature of the water.
event__aligned_dataset_brew_tea_split_seg1_event__event_counting__01,event,event_counting,aligned_dataset/brew_tea_split/Seg1/event,How many tea cups can be counted?,Four.,At least four.,correct,1.0,The model answer is semantically equivalent to the gold answer and accurately reflects the information provided in the caption.
rgb__aligned_dataset_brew_tea_split_seg1_rgb__navigation__07,rgb,navigation,aligned_dataset/brew_tea_split/Seg1/rgb,What is on the far left?,Sugarcane.,Sugarcane stalks.,correct,1.0,The model answer is semantically equivalent to the gold answer and supported by the caption.
ir__aligned_dataset_brew_tea_split_seg1_ir__text_recognition__03,ir,text_recognition,aligned_dataset/brew_tea_split/Seg1/ir,Which frame first clearly shows the number '97'?,Frame 000570.,000570,correct,1.0,The model answer correctly identifies the frame mentioned in the caption where the number '97' first appears.
event__aligned_dataset_brew_tea_split_seg1_event__event_counting__02,event,event_counting,aligned_dataset/brew_tea_split/Seg1/event,How many kettles are present?,One.,One.,correct,1.0,"The model answer correctly identifies that there is one kettle, matching the gold answer and the provided caption."
rgb__aligned_dataset_brew_tea_split_seg1_rgb__navigation__08,rgb,navigation,aligned_dataset/brew_tea_split/Seg1/rgb,What is behind the tray?,A red basket.,The red basket.,correct,1.0,"The model answer accurately identifies the red basket as being behind the tray, which is directly supported by the caption."
ir__aligned_dataset_brew_tea_split_seg1_ir__text_recognition__04,ir,text_recognition,aligned_dataset/brew_tea_split/Seg1/ir,What number is shown on the display at the very end of the video?,100.,100,correct,1.0,"The model correctly identified the number shown on the display at the end of the video as 100, matching the gold answer."
event__aligned_dataset_brew_tea_split_seg1_event__event_counting__03,event,event_counting,aligned_dataset/brew_tea_split/Seg1/event,How many teapots are in the scene?,One.,One.,correct,1.0,The model answer matches the gold answer and is supported by the caption.
depth__check_mailbox_split_seg1_check_mailbox__depth_navigation__01,depth,depth_navigation,check_mailbox_split/Seg1/check_mailbox,Is the pathway through the door clear for movement?,"Yes, it is clear.",Yes.,correct,1.0,"The model answer correctly confirms the pathway is clear, consistent with both the gold answer and the caption."
depth__check_mailbox_split_seg1_check_mailbox__depth_dynamic_recognition__01,depth,depth_dynamic_recognition,check_mailbox_split/Seg1/check_mailbox,Is the person moving closer to me?,"Yes, they are.",Yes.,correct,1.0,"The model correctly confirms the person's movement toward the camera, consistent with the caption stating the person moves from far depth to near depth."
ir__aligned_dataset_brew_tea_split_seg1_ir__text_recognition__06,ir,text_recognition,aligned_dataset/brew_tea_split/Seg1/ir,Where are the Chinese characters located?,On the black heating tray surface.,On the black surface of the heating tray.,correct,1.0,The model answer accurately reflects the information provided in the caption.
depth__check_mailbox_split_seg1_check_mailbox__depth_action__01,depth,depth_action,check_mailbox_split/Seg1/check_mailbox,What is my primary action in the video?,Moving through a doorway.,Navigating forward through the door.,correct,1.0,The model answer is semantically equivalent to the gold answer and fully supported by the provided caption.
rgb__aligned_dataset_brew_tea_split_seg1_rgb__dynamic_recognition__01,rgb,dynamic_recognition,aligned_dataset/brew_tea_split/Seg1/rgb,When does the hand first start interacting with the kettle?,Around frame 420.,000420,correct,1.0,The model answer matches the frame number specified in the caption for the start of the interaction.
ir__aligned_dataset_brew_tea_split_seg1_ir__text_recognition__07,ir,text_recognition,aligned_dataset/brew_tea_split/Seg1/ir,What is the purpose of the digital numbers on the tray?,To monitor water temperature.,They represent the temperature of the water being heated in degrees Celsius.,correct,1.0,The model answer accurately describes the purpose of the digital numbers as stated in the caption.
depth__check_mailbox_split_seg1_check_mailbox__depth_non_common__01,depth,depth_non_common,check_mailbox_split/Seg1/check_mailbox,Are there any floating objects or impossible geometry in the scene?,"No, there are none.",No.,correct,1.0,"The model correctly answered the question based on the caption, which explicitly states there are no floating or intersecting objects."
rgb__aligned_dataset_brew_tea_split_seg1_rgb__action__01,rgb,action,aligned_dataset/brew_tea_split/Seg1/rgb,What am I doing with my hand?,Moving it.,Reaching out to move the silver kettle.,correct,1.0,"The model answer accurately describes the action of moving the kettle, which is semantically equivalent to the gold answer and supported by the caption."
depth__check_mailbox_split_seg2_check_mailbox__depth_object_recognition__01,depth,depth_object_recognition,check_mailbox_split/Seg2/check_mailbox,What is the primary geometric structure visible in front of me?,An exterior stairwell.,An exterior stairwell.,correct,1.0,"The model correctly identified the primary geometric structure as an exterior stairwell, matching the gold answer."
rgb__aligned_dataset_brew_tea_split_seg1_rgb__action__02,rgb,action,aligned_dataset/brew_tea_split/Seg1/rgb,What object am I interacting with?,The silver kettle.,Silver kettle.,correct,1.0,The model correctly identified the object mentioned in both the caption and the gold answer.
event__aligned_dataset_brew_tea_split_seg1_event__event_counting__08,event,event_counting,aligned_dataset/brew_tea_split/Seg1/event,How many distinct pieces of teaware are there total?,Seven.,7,correct,1.0,The model correctly identified the total count of seven pieces of teaware mentioned in the caption (1 kettle + 1 teapot + 1 lid + 4 cups = 7).
depth__check_mailbox_split_seg2_check_mailbox__depth_spatial_reasoning__01,depth,depth_spatial_reasoning,check_mailbox_split/Seg2/check_mailbox,Is the staircase railing closer to me than the tree on the left?,"Yes, it is closer.",Yes.,correct,1.0,"The model correctly identifies that the staircase railing is closer, as supported by the caption stating it is the nearest object and the tree is further away."
rgb__aligned_dataset_brew_tea_split_seg1_rgb__action__03,rgb,action,aligned_dataset/brew_tea_split/Seg1/rgb,What is the purpose of moving the kettle?,Preparing to make tea.,To check the water level or temperature.,partial,0.5,"The model identifies the immediate purpose stated in the caption, but misses the broader context of preparing tea provided in the gold answer."
ir__aligned_dataset_brew_tea_split_seg1_ir__scene_sequence__02,ir,scene_sequence,aligned_dataset/brew_tea_split/Seg1/ir,What do I pass before reaching the tea table?,The sofa area.,The sofa and furniture.,correct,1.0,The model's answer is semantically equivalent to the gold answer and accurately reflects the furniture mentioned in the caption before reaching the tea table.
event__aligned_dataset_brew_tea_split_seg1_event__event_dynamic_counting__01,event,event_dynamic_counting,aligned_dataset/brew_tea_split/Seg1/event,How many hands are moving?,Two.,Two.,correct,1.0,The model answer correctly identifies the number of hands mentioned in the caption.
depth__check_mailbox_split_seg2_check_mailbox__depth_scene_sequence__01,depth,depth_scene_sequence,check_mailbox_split/Seg2/check_mailbox,Does the path I am following move along a single horizontal level?,"No, it moves vertically.",No.,partial,0.5,"The model correctly answered 'No', but failed to specify that the movement is vertical, as required by the gold answer."
rgb__aligned_dataset_brew_tea_split_seg1_rgb__action__04,rgb,action,aligned_dataset/brew_tea_split/Seg1/rgb,What does the digital display indicate?,Water temperature.,The temperature is around 100 degrees Celsius.,correct,1.0,"The model accurately identifies the information shown on the display, which is semantically equivalent to the gold answer."
ir__aligned_dataset_brew_tea_split_seg1_ir__scene_sequence__03,ir,scene_sequence,aligned_dataset/brew_tea_split/Seg1/ir,Which object is seen first on the left side?,Sugar cane stalks.,Sugar cane.,correct,1.0,"The model correctly identifies the sugar cane as the object on the left, which is semantically equivalent to the gold answer."
event__aligned_dataset_brew_tea_split_seg1_event__event_dynamic_counting__02,event,event_dynamic_counting,aligned_dataset/brew_tea_split/Seg1/event,Do the hands disappear?,No.,No.,correct,1.0,"The model correctly answered the question based on the caption, which states the hands appear throughout the sequence."
depth__check_mailbox_split_seg2_check_mailbox__depth_counting__01,depth,depth_counting,check_mailbox_split/Seg2/check_mailbox,How many main staircase levels can I see in the 3D scene?,Three levels.,3,correct,1.0,The model correctly identified the number of staircase levels stated in the caption.
rgb__aligned_dataset_brew_tea_split_seg1_rgb__action__05,rgb,action,aligned_dataset/brew_tea_split/Seg1/rgb,What is the overall activity?,Tea preparation.,Preparing tea.,correct,1.0,The model answer is semantically equivalent to the gold answer.
ir__aligned_dataset_brew_tea_split_seg1_ir__scene_sequence__04,ir,scene_sequence,aligned_dataset/brew_tea_split/Seg1/ir,What is the focus after moving closer to the table?,The induction tea tray.,The induction tray with the teapot.,correct,1.0,The model's answer is semantically identical to the gold answer and accurately reflects the information provided in the caption.
depth__check_mailbox_split_seg2_check_mailbox__depth_dynamic_counting__01,depth,depth_dynamic_counting,check_mailbox_split/Seg2/check_mailbox,How many moving people did I encounter during my descent?,Zero.,0,correct,1.0,The model answer is equivalent to the gold answer and supported by the caption stating there are no moving entities.
ir__aligned_dataset_brew_tea_split_seg1_ir__scene_sequence__05,ir,scene_sequence,aligned_dataset/brew_tea_split/Seg1/ir,When do I see the sofa in the sequence?,At the beginning.,At the start of the video.,correct,1.0,The model answer is semantically equivalent to the gold answer and correctly identifies the timing based on the caption.
depth__check_mailbox_split_seg2_check_mailbox__depth_navigation__01,depth,depth_navigation,check_mailbox_split/Seg2/check_mailbox,Is the staircase a safe path for moving between these levels?,"Yes, it is.",Yes.,correct,1.0,"The model correctly confirms the safety of the staircase, which is supported by the caption's description of safe landing areas."
rgb__aligned_dataset_brew_tea_split_seg1_rgb__action__07,rgb,action,aligned_dataset/brew_tea_split/Seg1/rgb,Is the kettle being poured?,Not in this segment.,No.,correct,1.0,"The model correctly states the kettle is not being poured, which is consistent with the gold answer."
ir__aligned_dataset_brew_tea_split_seg1_ir__scene_sequence__06,ir,scene_sequence,aligned_dataset/brew_tea_split/Seg1/ir,What part of the scene remains constant as the focus?,The tea table.,The induction tray with the teapot.,partial,0.5,"The model correctly identifies the specific object on the table, but the gold answer identifies the table itself as the constant focus area."
event__aligned_dataset_brew_tea_split_seg1_event__event_dynamic_counting__05,event,event_dynamic_counting,aligned_dataset/brew_tea_split/Seg1/event,Do any other objects move?,No.,No.,correct,1.0,"The model answer correctly identifies that no other objects move, consistent with the caption stating only the hands are dynamic."
depth__check_mailbox_split_seg2_check_mailbox__depth_dynamic_recognition__01,depth,depth_dynamic_recognition,check_mailbox_split/Seg2/check_mailbox,Are there any moving objects in this scene?,No.,No.,correct,1.0,"The model correctly identified that there are no moving objects, consistent with the caption stating the environment is static."
rgb__aligned_dataset_brew_tea_split_seg1_rgb__action__08,rgb,action,aligned_dataset/brew_tea_split/Seg1/rgb,What is the outcome of the action?,Adjusting the kettle's position.,The kettle is moved to check the water level or temperature.,correct,1.0,The model answer correctly identifies the outcome of the action described in the caption.
ir__aligned_dataset_brew_tea_split_seg1_ir__scene_sequence__07,ir,scene_sequence,aligned_dataset/brew_tea_split/Seg1/ir,What environmental elements are visible before the table?,Sofa and side table.,The sofa and furniture.,correct,1.0,"The model identifies the sofa and furniture, which is semantically equivalent to the gold answer based on the provided caption."
depth__check_mailbox_split_seg2_check_mailbox__depth_action__01,depth,depth_action,check_mailbox_split/Seg2/check_mailbox,What action am I performing as I move through this stairwell?,Descending the stairs.,Descending stairs.,correct,1.0,The model answer is semantically equivalent to the gold answer and supported by the caption.
rgb__aligned_dataset_check_mailbox_split_seg1_check_mailbox_rgb__object_recognition__01,rgb,object_recognition,aligned_dataset/check_mailbox_split/Seg1/check_mailbox_rgb,What color is the spray bottle located on top of the dresser?,The spray bottle on the dresser is red.,Red,correct,1.0,The model correctly identified the color of the spray bottle as stated in the caption.
ir__aligned_dataset_brew_tea_split_seg1_ir__scene_sequence__08,ir,scene_sequence,aligned_dataset/brew_tea_split/Seg1/ir,When does the kettle enter the frame?,From the start.,At the beginning of the video.,correct,1.0,The model's answer is semantically equivalent to the gold answer and supported by the caption stating the kettle is visible in the initial wide shot.
event__aligned_dataset_brew_tea_split_seg1_event__event_dynamic_counting__07,event,event_dynamic_counting,aligned_dataset/brew_tea_split/Seg1/event,Is there more than one person?,No.,No.,correct,1.0,"The model correctly answered based on the caption, which identifies only two hands as the dynamic entities, implying a single person."
depth__check_mailbox_split_seg2_check_mailbox__depth_non_common__01,depth,depth_non_common,check_mailbox_split/Seg2/check_mailbox,Are there any floating objects in the depth stream?,No.,No.,correct,1.0,"The model correctly answered 'No', which aligns with the gold answer and the caption stating there are no observed floating objects."
rgb__aligned_dataset_check_mailbox_split_seg1_check_mailbox_rgb__spatial_reasoning__01,rgb,spatial_reasoning,aligned_dataset/check_mailbox_split/Seg1/check_mailbox_rgb,Where is the grey floor mat located in relation to the shoe rack?,The grey floor mat is located on the floor to the left of the shoe rack.,To the left of the shoe rack.,correct,1.0,"The model answer accurately describes the location of the grey floor mat relative to the shoe rack, consistent with the caption."
event__aligned_dataset_brew_tea_split_seg1_event__event_dynamic_counting__08,event,event_dynamic_counting,aligned_dataset/brew_tea_split/Seg1/event,How often do the hands cross?,Frequently.,The provided caption does not state how often the hands cross.,incorrect,0.0,"The caption explicitly states the hands move 'frequently' between the teapot and cups, which directly answers the question based on the provided text."
depth__check_mailbox_split_seg3_check_mailbox__depth_object_recognition__01,depth,depth_object_recognition,check_mailbox_split/Seg3/check_mailbox,What is the primary architectural feature located to the right side of the corridor that defines the boundary of the space?,A balcony railing.,A balcony railing.,correct,1.0,The model answer correctly identifies the balcony railing as the architectural feature described in the caption.
rgb__aligned_dataset_check_mailbox_split_seg1_check_mailbox_rgb__text_recognition__01,rgb,text_recognition,aligned_dataset/check_mailbox_split/Seg1/check_mailbox_rgb,Please list the room numbers displayed on the sign at the end of the hallway.,"The room numbers are 1'233, 1'234, and 1'235.","1'233, 1'234, 1'235",correct,1.0,The model correctly identified all three room numbers listed in the caption.
ir__aligned_dataset_brew_tea_split_seg1_ir__scene_sequence__10,ir,scene_sequence,aligned_dataset/brew_tea_split/Seg1/ir,What is the final focused area of the video?,The tea tray controls.,The teapot and the controls on the induction tray.,correct,1.0,"The model correctly identifies the teapot and controls, which accurately reflects the focus described in the final part of the caption."
event__aligned_dataset_brew_tea_split_seg1_event__event_navigation__01,event,event_navigation,aligned_dataset/brew_tea_split/Seg1/event,Does the camera change its perspective during the video?,No.,No.,correct,1.0,"The model correctly answered 'No', which aligns with the caption stating the viewpoint does not change."
depth__check_mailbox_split_seg3_check_mailbox__depth_spatial_reasoning__01,depth,depth_spatial_reasoning,check_mailbox_split/Seg3/check_mailbox,Is the staircase located closer to me than the balcony railing?,"No, it is farther.",No.,correct,1.0,"The model correctly identifies that the staircase is not closer, which aligns with the gold answer's meaning."
rgb__aligned_dataset_check_mailbox_split_seg1_check_mailbox_rgb__scene_sequence__01,rgb,scene_sequence,aligned_dataset/check_mailbox_split/Seg1/check_mailbox_rgb,What is the sequence of main furniture items I pass while walking down the hallway?,I first pass a shoe rack on the right and then a wooden dresser on the left.,Shoe rack and wooden dresser.,correct,1.0,The model answer correctly identifies the two main furniture items mentioned in the caption in the correct order.
ir__aligned_dataset_brew_tea_split_seg1_ir__light_recognition__01,ir,light_recognition,aligned_dataset/brew_tea_split/Seg1/ir,What is the most distinct thermal light source on the table?,The digital temperature display.,The emissive digital display on the induction heating tray.,correct,1.0,"The model answer accurately identifies the digital display on the induction heating tray as the light source, which is semantically equivalent to the gold answer."
event__aligned_dataset_brew_tea_split_seg1_event__event_dynamic_recognition__01,event,event_dynamic_recognition,aligned_dataset/brew_tea_split/Seg1/event,When do the hands appear?,Start of video.,At the start.,correct,1.0,The model's answer is semantically identical to the gold answer and accurately reflects the provided caption.
depth__check_mailbox_split_seg3_check_mailbox__depth_scene_sequence__01,depth,depth_scene_sequence,check_mailbox_split/Seg3/check_mailbox,What structure do I pass immediately before entering the open area where cars are parked?,The stairwell and balcony.,A stairwell.,partial,0.5,"The model identifies the stairwell but omits the balcony, which is part of the gold answer."
rgb__aligned_dataset_check_mailbox_split_seg1_check_mailbox_rgb__light_recognition__01,rgb,light_recognition,aligned_dataset/check_mailbox_split/Seg1/check_mailbox_rgb,What is providing the most significant light source at the very beginning of the video?,The most significant light source is a glowing screen or tablet on a desk.,A digital screen.,correct,1.0,"The model answer correctly identifies the light source, which is semantically equivalent to the gold answer."
ir__aligned_dataset_brew_tea_split_seg1_ir__light_change__01,ir,light_change,aligned_dataset/brew_tea_split/Seg1/ir,Did any overhead lights turn off?,No.,No.,correct,1.0,"The model correctly answered 'No', which matches the gold answer and is supported by the caption stating no lights were turned on or off."
event__aligned_dataset_brew_tea_split_seg1_event__event_dynamic_recognition__02,event,event_dynamic_recognition,aligned_dataset/brew_tea_split/Seg1/event,Are the hands moving constantly?,Yes.,Yes.,correct,1.0,"The model answer correctly confirms that the hands are moving, which is supported by the caption stating they perform repetitive, rhythmic motions throughout the video."
depth__check_mailbox_split_seg3_check_mailbox__depth_counting__01,depth,depth_counting,check_mailbox_split/Seg3/check_mailbox,How many cars are visible in the parking area at the end of the sequence?,Two.,At least 2.,correct,1.0,"The model's answer is consistent with the information provided in the caption, which states there are at least 2 distinct cars."
rgb__aligned_dataset_check_mailbox_split_seg1_check_mailbox_rgb__light_change__01,rgb,light_change,aligned_dataset/check_mailbox_split/Seg1/check_mailbox_rgb,Does the environment get significantly darker after leaving the first room?,"Yes, the scene becomes much darker as I move away from the glowing screen and into the hallway.",Yes.,correct,1.0,"The model correctly confirms the environment gets darker, which is supported by the caption stating the hallway becomes almost entirely dark."
ir__aligned_dataset_brew_tea_split_seg1_ir__light_change__02,ir,light_change,aligned_dataset/brew_tea_split/Seg1/ir,Is the room getting significantly brighter?,No.,No.,correct,1.0,"The model answer correctly states 'No', which is consistent with the caption noting that illumination remains consistent."
event__aligned_dataset_brew_tea_split_seg1_event__event_dynamic_recognition__03,event,event_dynamic_recognition,aligned_dataset/brew_tea_split/Seg1/event,Do the hands leave the frame?,No.,No.,correct,1.0,"The model answer correctly states that the hands do not leave the frame, which is consistent with the caption stating they remain active throughout the video."
depth__check_mailbox_split_seg3_check_mailbox__depth_dynamic_counting__01,depth,depth_dynamic_counting,check_mailbox_split/Seg3/check_mailbox,How many people walk past me during the sequence?,Zero.,0,correct,1.0,"The model correctly identified that there are zero people, consistent with the caption stating there are no moving entities."
ir__aligned_dataset_brew_tea_split_seg1_ir__light_change__03,ir,light_change,aligned_dataset/brew_tea_split/Seg1/ir,Does the light from the digital display change?,"Yes, as digits change.",Yes.,correct,1.0,"The model correctly answered the question, which is supported by the caption stating the light from the digital display changes as the numbers shift."
depth__check_mailbox_split_seg3_check_mailbox__depth_navigation__01,depth,depth_navigation,check_mailbox_split/Seg3/check_mailbox,Is the current path I am following a dead-end or does it lead to an open area?,It leads to an open area.,It leads to an open area.,correct,1.0,The model answer matches the gold answer and is fully supported by the caption.
rgb__aligned_dataset_check_mailbox_split_seg1_check_mailbox_rgb__dynamic_counting__01,rgb,dynamic_counting,aligned_dataset/check_mailbox_split/Seg1/check_mailbox_rgb,How many other people besides me are moving in the hallway?,There are no other people moving in the hallway.,Zero.,correct,1.0,The model answer is semantically equivalent to the gold answer and supported by the caption.
ir__aligned_dataset_brew_tea_split_seg1_ir__light_change__04,ir,light_change,aligned_dataset/brew_tea_split/Seg1/ir,Is there a new light source appearing from the left?,No.,No.,correct,1.0,"The model correctly answered 'No', which is consistent with the caption stating there are no lights being turned on or off."
rgb__aligned_dataset_check_mailbox_split_seg1_check_mailbox_rgb__non_common__01,rgb,non_common,aligned_dataset/check_mailbox_split/Seg1/check_mailbox_rgb,Are there any objects floating in the air or clipping through the walls in the hallway?,"No, all objects appear to be placed normally on the floor or furniture surfaces.",No.,correct,1.0,"The model correctly answered the question, which is consistent with the caption stating there are no physics-defying objects or unrealistic mesh clipping."
ir__aligned_dataset_brew_tea_split_seg1_ir__light_change__05,ir,light_change,aligned_dataset/brew_tea_split/Seg1/ir,Does the reflection on the kettle move?,"Yes, due to camera movement.",Yes.,partial,0.5,The model answered correctly but failed to mention the cause (camera movement) as specified in the gold answer.
depth__check_mailbox_split_seg3_check_mailbox__depth_action__01,depth,depth_action,check_mailbox_split/Seg3/check_mailbox,What is the primary action I am performing as the camera moves?,Moving forward.,Navigating through a corridor.,partial,0.5,"While 'navigating' is correct, the gold answer specifically identifies the primary movement action as 'moving forward,' which is more precise based on the caption."
rgb__aligned_dataset_check_mailbox_split_seg1_check_mailbox_rgb__navigation__01,rgb,navigation,aligned_dataset/check_mailbox_split/Seg1/check_mailbox_rgb,Which way should I turn after exiting the first room to reach the shoe rack?,I should turn to the right.,Right.,correct,1.0,"The model correctly identified the direction as right, which is consistent with the caption and the gold answer."
ir__aligned_dataset_brew_tea_split_seg1_ir__light_change__06,ir,light_change,aligned_dataset/brew_tea_split/Seg1/ir,Is the scene getting darker?,No.,No.,correct,1.0,"The model correctly answered 'No', which aligns with the caption stating that the overall illumination remains consistent."
event__aligned_dataset_brew_tea_split_seg1_event__event_dynamic_recognition__07,event,event_dynamic_recognition,aligned_dataset/brew_tea_split/Seg1/event,Does the subject stop moving?,No.,No.,correct,1.0,"The model correctly answered 'No', which aligns with the caption stating the hands remain active throughout the video."
depth__check_mailbox_split_seg3_check_mailbox__depth_non_common__01,depth,depth_non_common,check_mailbox_split/Seg3/check_mailbox,Are there any floating objects or depth artifacts visible in the corridor walls?,No.,No.,correct,1.0,The model's answer matches the gold answer and is consistent with the provided caption.
rgb__aligned_dataset_check_mailbox_split_seg1_check_mailbox_rgb__dynamic_recognition__01,rgb,dynamic_recognition,aligned_dataset/check_mailbox_split/Seg1/check_mailbox_rgb,What dynamic action involving my hand occurs toward the end of the sequence?,My hand reaches down to adjust or touch a white sneaker on the floor.,Adjusting a shoe.,partial,0.5,The model answer is correct but lacks the detail provided in the gold answer regarding the action being performed on a sneaker.
ir__aligned_dataset_brew_tea_split_seg1_ir__light_change__07,ir,light_change,aligned_dataset/brew_tea_split/Seg1/ir,Do headlights pass by the window?,No.,No.,correct,1.0,"The model correctly answered 'No', which matches the gold answer and is consistent with the provided caption describing consistent illumination."
depth__check_mailbox_split_seg4_check_mailbox__depth_object_recognition__01,depth,depth_object_recognition,check_mailbox_split/Seg4/check_mailbox,What is the 3D shape of the mailbox slots seen at the end of the video?,Rectangular.,Rectangular.,correct,1.0,"The model answer correctly identifies the shape as rectangular, matching both the caption and the gold answer."
rgb__aligned_dataset_check_mailbox_split_seg1_check_mailbox_rgb__action__01,rgb,action,aligned_dataset/check_mailbox_split/Seg1/check_mailbox_rgb,What action am I performing at the beginning of the video in the dark room?,I am drawing or writing on a brightly lit screen or whiteboard.,Drawing or interacting with a lit screen.,correct,1.0,The model answer accurately reflects the initial action described in the caption.
ir__aligned_dataset_brew_tea_split_seg1_ir__light_change__08,ir,light_change,aligned_dataset/brew_tea_split/Seg1/ir,Is there a flash of light at any point?,No.,No.,correct,1.0,"The model answer correctly states 'No', which matches the gold answer and is supported by the caption stating illumination remains consistent."
event__aligned_dataset_brew_tea_split_seg1_event__event_action__01,event,event_action,aligned_dataset/brew_tea_split/Seg1/event,What is the subject doing?,Preparing tea.,Performing a tea preparation ceremony.,correct,1.0,The model answer is semantically equivalent to the gold answer and fully supported by the caption.
depth__check_mailbox_split_seg4_check_mailbox__depth_spatial_reasoning__01,depth,depth_spatial_reasoning,check_mailbox_split/Seg4/check_mailbox,"As I walk toward the mailboxes, is the staircase on my left or my right?",Right.,Right.,correct,1.0,The model correctly identified the location of the staircase based on the provided caption.
ir__aligned_dataset_brew_tea_split_seg1_ir__counting__01,ir,counting,aligned_dataset/brew_tea_split/Seg1/ir,How many electric kettles are on the table?,One.,1,correct,1.0,The model answer correctly identifies the number of electric kettles as stated in the caption.
event__aligned_dataset_brew_tea_split_seg1_event__event_action__02,event,event_action,aligned_dataset/brew_tea_split/Seg1/event,Are the movements hurried?,"No, calm.",No.,partial,0.5,The model answered correctly but lacked the detail provided in the gold answer regarding the calm nature of the movements.
depth__check_mailbox_split_seg4_check_mailbox__depth_scene_sequence__01,depth,depth_scene_sequence,check_mailbox_split/Seg4/check_mailbox,Where am I between passing through the first and second doorway?,Outdoors.,On an outdoor path.,correct,1.0,The model answer is semantically equivalent to the gold answer and supported by the caption.
rgb__aligned_dataset_check_mailbox_split_seg2_check_mailbox_rgb__spatial_reasoning__01,rgb,spatial_reasoning,aligned_dataset/check_mailbox_split/Seg2/check_mailbox_rgb,Where is the metal staircase located relative to my path as I reach the end of the corridor?,The staircase is located directly ahead and slightly to the left.,"At the end of the corridor, requiring a left turn.",partial,0.5,"The model identifies the location as the end of the corridor and mentions the turn, but fails to specify the staircase's relative position as requested."
ir__aligned_dataset_brew_tea_split_seg1_ir__counting__02,ir,counting,aligned_dataset/brew_tea_split/Seg1/ir,How many tea cups are visible?,One.,1,correct,1.0,The model correctly identified the number of tea cups based on the caption.
depth__check_mailbox_split_seg4_check_mailbox__depth_counting__01,depth,depth_counting,check_mailbox_split/Seg4/check_mailbox,How many people are walking in the distance?,One.,1,correct,1.0,"The model answer correctly identifies the number of people walking, matching the gold answer based on the caption."
rgb__aligned_dataset_check_mailbox_split_seg2_check_mailbox_rgb__text_recognition__01,rgb,text_recognition,aligned_dataset/check_mailbox_split/Seg2/check_mailbox_rgb,What is the first room number listed on the wall?,1233.,1233,correct,1.0,The model correctly identified the first room number '1233' from the caption.
event__aligned_dataset_brew_tea_split_seg1_event__event_action__04,event,event_action,aligned_dataset/brew_tea_split/Seg1/event,Is the subject cleaning or setting up?,Setting up.,Setting up.,correct,1.0,"The model correctly identified that the subject is setting up, which matches the gold answer."
depth__check_mailbox_split_seg4_check_mailbox__depth_counting__02,depth,depth_counting,check_mailbox_split/Seg4/check_mailbox,How many staircases are visible?,One.,1,correct,1.0,The model answer correctly identifies the number of staircases as stated in the caption.
rgb__aligned_dataset_check_mailbox_split_seg2_check_mailbox_rgb__text_recognition__02,rgb,text_recognition,aligned_dataset/check_mailbox_split/Seg2/check_mailbox_rgb,What are the three specific numbers displayed in the room directory?,"1233, 1234, and 1235.","1233, 1234, and 1235",correct,1.0,The model correctly identified the three numbers displayed in the room directory as stated in the caption.
ir__aligned_dataset_brew_tea_split_seg1_ir__counting__04,ir,counting,aligned_dataset/brew_tea_split/Seg1/ir,Count the number of teapots.,One.,1,correct,1.0,"The model correctly identified the number of teapots as 1, which matches the gold answer."
rgb__aligned_dataset_check_mailbox_split_seg2_check_mailbox_rgb__text_recognition__03,rgb,text_recognition,aligned_dataset/check_mailbox_split/Seg2/check_mailbox_rgb,What prefix precedes the numbers on the wall?,N°.,N°,correct,1.0,"The model correctly identifies 'N°' as the prefix, which matches the gold answer."
ir__aligned_dataset_brew_tea_split_seg1_ir__counting__05,ir,counting,aligned_dataset/brew_tea_split/Seg1/ir,How many mobile phones are used?,One.,1,correct,1.0,The model correctly identified the number of mobile phones as stated in the caption.
event__aligned_dataset_brew_tea_split_seg1_event__event_action__06,event,event_action,aligned_dataset/brew_tea_split/Seg1/event,Is the action continuous?,Yes.,Yes.,correct,1.0,"The model answer correctly identifies that the action is continuous, which is supported by the description of a methodical, intentional process."
rgb__aligned_dataset_check_mailbox_split_seg2_check_mailbox_rgb__text_recognition__04,rgb,text_recognition,aligned_dataset/check_mailbox_split/Seg2/check_mailbox_rgb,What color is the text for the room numbers?,White.,White,correct,1.0,"The model answer accurately identifies the color of the room numbers as white, matching the gold answer and the provided caption."
ir__aligned_dataset_brew_tea_split_seg1_ir__counting__06,ir,counting,aligned_dataset/brew_tea_split/Seg1/ir,How many glass jars with lids are there?,One.,1,correct,1.0,The model correctly identified the quantity of glass jars stated in the caption.
depth__check_mailbox_split_seg4_check_mailbox__depth_counting__05,depth,depth_counting,check_mailbox_split/Seg4/check_mailbox,How many distinct outdoor garden areas do I visit?,One.,1,correct,1.0,"The model answer correctly identifies that there is one outdoor area, matching the gold answer."
rgb__aligned_dataset_check_mailbox_split_seg2_check_mailbox_rgb__text_recognition__05,rgb,text_recognition,aligned_dataset/check_mailbox_split/Seg2/check_mailbox_rgb,What symbol is used to separate the room numbers on the wall?,Vertical bars (|).,|,correct,1.0,The model correctly identified the vertical bar symbol used to separate the room numbers.
depth__check_mailbox_split_seg4_check_mailbox__depth_counting__06,depth,depth_counting,check_mailbox_split/Seg4/check_mailbox,How many times do I pass through a doorway transition?,Two.,2,correct,1.0,The model answer correctly identifies the number of doorway transitions mentioned in the caption.
rgb__aligned_dataset_check_mailbox_split_seg2_check_mailbox_rgb__text_recognition__06,rgb,text_recognition,aligned_dataset/check_mailbox_split/Seg2/check_mailbox_rgb,What does the green sign on the ceiling represent?,An emergency exit.,Emergency exit.,correct,1.0,The model answer accurately identifies the sign described in the caption.
event__aligned_dataset_brew_tea_split_seg1_event__event_non_common__01,event,event_non_common,aligned_dataset/brew_tea_split/Seg1/event,Are there any floating objects or broken physics visible?,No.,No.,correct,1.0,The model answer matches the gold answer and is consistent with the provided caption.
depth__check_mailbox_split_seg4_check_mailbox__depth_counting__07,depth,depth_counting,check_mailbox_split/Seg4/check_mailbox,How many human figures appear in the building hallways?,One.,1,correct,1.0,The model answer correctly identifies the number of human figures as stated in the caption.
rgb__aligned_dataset_check_mailbox_split_seg2_check_mailbox_rgb__text_recognition__07,rgb,text_recognition,aligned_dataset/check_mailbox_split/Seg2/check_mailbox_rgb,Which direction does the arrow on the exit sign point?,Left.,Left.,correct,1.0,The model answer correctly identifies the direction mentioned in the caption.
ir__aligned_dataset_brew_tea_split_seg1_ir__counting__10,ir,counting,aligned_dataset/brew_tea_split/Seg1/ir,How many main tables are in the room?,Two.,2,correct,1.0,"The model correctly identified the number of tables as 2, matching the gold answer."
event__aligned_dataset_check_mailbox_split_seg1_check_mailbox_event__event_spatial_reasoning__01,event,event_spatial_reasoning,aligned_dataset/check_mailbox_split/Seg1/check_mailbox_event,Is the shoe rack located behind or in front of the chest of drawers relative to the camera's path?,Behind the chest.,Behind.,correct,1.0,"The model correctly identifies that the shoe rack is behind the chest of drawers, matching the gold answer."
depth__check_mailbox_split_seg4_check_mailbox__depth_dynamic_counting__01,depth,depth_dynamic_counting,check_mailbox_split/Seg4/check_mailbox,How many people approach me from the front?,Zero.,0,correct,1.0,"The model correctly identified that there are zero people approaching, consistent with the caption stating the person is walking away."
rgb__aligned_dataset_check_mailbox_split_seg2_check_mailbox_rgb__scene_sequence__01,rgb,scene_sequence,aligned_dataset/check_mailbox_split/Seg2/check_mailbox_rgb,What is the sequence of scenes I passed through?,"Indoor corridor, outdoor corridor extension, external staircase, and courtyard view.","Indoors corridor, outdoor area with railing, and external metal staircase.",partial,0.5,"The model answer is correct but incomplete, as it fails to mention the courtyard view which was explicitly included in the gold answer."
ir__aligned_dataset_brew_tea_split_seg1_ir__dynamic_counting__01,ir,dynamic_counting,aligned_dataset/brew_tea_split/Seg1/ir,How many people walk past the table?,Zero.,0,correct,1.0,"The model correctly identified that there are zero people, which is consistent with the caption stating no other people are visible."
event__aligned_dataset_check_mailbox_split_seg1_check_mailbox_event__event_scene_sequence__01,event,event_scene_sequence,aligned_dataset/check_mailbox_split/Seg1/check_mailbox_event,What is the final area visible after moving through the doorway?,The balcony.,A balcony.,correct,1.0,"The model correctly identifies the balcony as the final area, matching the gold answer."
depth__check_mailbox_split_seg4_check_mailbox__depth_dynamic_counting__02,depth,depth_dynamic_counting,check_mailbox_split/Seg4/check_mailbox,How many people do I see walking away?,One.,One.,correct,1.0,The model answer matches the gold answer and is directly supported by the caption.
rgb__aligned_dataset_check_mailbox_split_seg2_check_mailbox_rgb__scene_sequence__02,rgb,scene_sequence,aligned_dataset/check_mailbox_split/Seg2/check_mailbox_rgb,What did I pass just before reaching the staircase?,A ceiling-mounted exit sign and a section of the corridor with a railing.,An exit sign.,partial,0.5,"The model identifies the exit sign but fails to mention the corridor area with the railing, which was part of the gold answer."
ir__aligned_dataset_brew_tea_split_seg1_ir__dynamic_counting__02,ir,dynamic_counting,aligned_dataset/brew_tea_split/Seg1/ir,Do any pets enter the scene?,No.,No.,correct,1.0,"The model answer correctly states 'No', which matches the gold answer and is supported by the caption stating no pets are visible."
event__aligned_dataset_check_mailbox_split_seg1_check_mailbox_event__event_counting__01,event,event_counting,aligned_dataset/check_mailbox_split/Seg1/check_mailbox_event,How many major pieces of furniture are visible in the room?,"Two, the dresser and the shoe rack.",2,correct,1.0,The model correctly identified the number of major pieces of furniture mentioned in the gold answer.
depth__check_mailbox_split_seg4_check_mailbox__depth_dynamic_counting__03,depth,depth_dynamic_counting,check_mailbox_split/Seg4/check_mailbox,How many vehicles are moving in the scene?,Zero.,0,correct,1.0,"The model correctly identified that there are zero moving vehicles, matching the gold answer."
ir__aligned_dataset_brew_tea_split_seg1_ir__dynamic_counting__03,ir,dynamic_counting,aligned_dataset/brew_tea_split/Seg1/ir,How many cars are seen through a window?,Zero.,0,correct,1.0,The model correctly identified that there are zero cars based on the provided caption stating there are no external dynamic entities visible.
event__aligned_dataset_check_mailbox_split_seg1_check_mailbox_event__event_dynamic_counting__01,event,event_dynamic_counting,aligned_dataset/check_mailbox_split/Seg1/check_mailbox_event,How many people walk past the camera?,Zero.,0,correct,1.0,"The model correctly identified that there are zero people walking past the camera, which is consistent with the caption stating no moving humans are present."
ir__aligned_dataset_brew_tea_split_seg1_ir__dynamic_counting__04,ir,dynamic_counting,aligned_dataset/brew_tea_split/Seg1/ir,Does any object fall off the table?,No.,No.,correct,1.0,"The model answer correctly states no objects fall off the table, which is consistent with the provided caption."
event__aligned_dataset_check_mailbox_split_seg1_check_mailbox_event__event_navigation__01,event,event_navigation,aligned_dataset/check_mailbox_split/Seg1/check_mailbox_event,What is the primary direction of the camera's movement?,Forward towards the doorway.,Linear (from inside to outside).,correct,1.0,"The model correctly identifies the linear movement from inside to outside, which is semantically equivalent to the gold answer."
depth__check_mailbox_split_seg4_check_mailbox__depth_dynamic_counting__05,depth,depth_dynamic_counting,check_mailbox_split/Seg4/check_mailbox,How many moving objects pass me on the left?,Zero.,Zero.,correct,1.0,"The model correctly identified that zero moving objects passed on the left, consistent with the caption stating only one person is walking away."
rgb__aligned_dataset_check_mailbox_split_seg2_check_mailbox_rgb__scene_sequence__05,rgb,scene_sequence,aligned_dataset/check_mailbox_split/Seg2/check_mailbox_rgb,What was the transition point from indoors to outdoors?,The point where the solid wall on the left was replaced by a metal railing.,The corridor opening up to an outdoor area with a metal railing.,correct,1.0,The model accurately identifies the transition point mentioned in the caption as the corridor opening to an outdoor area with a metal railing.
ir__aligned_dataset_brew_tea_split_seg1_ir__dynamic_counting__05,ir,dynamic_counting,aligned_dataset/brew_tea_split/Seg1/ir,Are there any other moving hands besides mine?,No.,No.,correct,1.0,The model answer matches the gold answer and is consistent with the provided caption.
event__aligned_dataset_check_mailbox_split_seg1_check_mailbox_event__event_dynamic_recognition__01,event,event_dynamic_recognition,aligned_dataset/check_mailbox_split/Seg1/check_mailbox_event,Are there any moving objects in the room?,No.,No.,correct,1.0,The model answer matches the gold answer and is consistent with the provided caption.
depth__check_mailbox_split_seg4_check_mailbox__depth_dynamic_counting__06,depth,depth_dynamic_counting,check_mailbox_split/Seg4/check_mailbox,How many dynamic entities appear in the outdoor section?,One.,One.,correct,1.0,The model answer correctly identifies the number of dynamic entities mentioned in the caption.
rgb__aligned_dataset_check_mailbox_split_seg2_check_mailbox_rgb__scene_sequence__06,rgb,scene_sequence,aligned_dataset/check_mailbox_split/Seg2/check_mailbox_rgb,What did I see after turning left at the end of the hallway?,An external metal staircase leading down.,An external metal staircase.,correct,1.0,"The model correctly identifies the external metal staircase, which is the main subject seen after turning left at the end of the hallway."
ir__aligned_dataset_brew_tea_split_seg1_ir__dynamic_counting__06,ir,dynamic_counting,aligned_dataset/brew_tea_split/Seg1/ir,Does the kettle move by itself?,No.,No.,correct,1.0,"The model correctly answered the question, which is supported by the caption stating no moving objects exist other than the hands."
event__aligned_dataset_check_mailbox_split_seg1_check_mailbox_event__event_action__01,event,event_action,aligned_dataset/check_mailbox_split/Seg1/check_mailbox_event,What action is being performed by the camera holder?,Walking forward.,Walking forward.,correct,1.0,The model answer is identical to the gold answer and accurately reflects the action described in the caption.
rgb__aligned_dataset_check_mailbox_split_seg2_check_mailbox_rgb__scene_sequence__07,rgb,scene_sequence,aligned_dataset/check_mailbox_split/Seg2/check_mailbox_rgb,What environment did the stairs lead towards?,A ground-level courtyard with grass and concrete elements.,A courtyard.,partial,0.5,The model answer is correct but lacks the descriptive detail provided in the gold answer regarding the courtyard's specific features.
ir__aligned_dataset_brew_tea_split_seg1_ir__dynamic_counting__07,ir,dynamic_counting,aligned_dataset/brew_tea_split/Seg1/ir,How many dynamic objects are in the background?,Zero.,0,correct,1.0,"The model correctly identified that there are zero dynamic objects in the background, which aligns with the caption."
event__aligned_dataset_check_mailbox_split_seg1_check_mailbox_event__event_non_common__01,event,event_non_common,aligned_dataset/check_mailbox_split/Seg1/check_mailbox_event,Are there any floating or impossible objects visible?,No.,No.,correct,1.0,"The model answer correctly states that there are no impossible objects, matching the gold answer and the caption's description of normal motion patterns."
depth__check_mailbox_split_seg4_check_mailbox__depth_dynamic_counting__08,depth,depth_dynamic_counting,check_mailbox_split/Seg4/check_mailbox,How many human figures are seen throughout the entire sequence?,One.,1,correct,1.0,"The model answer correctly identifies the number of human figures as one, matching the gold answer."
ir__aligned_dataset_brew_tea_split_seg1_ir__dynamic_counting__08,ir,dynamic_counting,aligned_dataset/brew_tea_split/Seg1/ir,Do any doors open or close?,No.,No.,correct,1.0,"The model correctly answered 'No', which aligns with the gold answer and the provided caption."
event__aligned_dataset_check_mailbox_split_seg2_check_mailbox_event__event_object_recognition__01,event,event_object_recognition,aligned_dataset/check_mailbox_split/Seg2/check_mailbox_event,What primary architectural features are identified by the motion in this hallway?,A staircase railing and doorways.,"Staircase railing, doorways, and numbered markings.",partial,0.5,"The model included an extra detail ('numbered markings') not listed in the gold answer, though it is supported by the caption."
depth__check_mailbox_split_seg4_check_mailbox__depth_navigation__01,depth,depth_navigation,check_mailbox_split/Seg4/check_mailbox,What landmark is visible on the right side of the hallway as I approach the end of my path?,A staircase.,A staircase.,correct,1.0,"The model correctly identified the staircase as the landmark, which matches both the gold answer and the provided caption."
rgb__aligned_dataset_check_mailbox_split_seg2_check_mailbox_rgb__scene_sequence__09,rgb,scene_sequence,aligned_dataset/check_mailbox_split/Seg2/check_mailbox_rgb,Describe the progression from the first frame to the last.,"Start in the dark hallway, walk past room numbers, reach the exit sign, turn onto the stairs, and descend into the courtyard.","The subject walks through an indoor corridor, exits to an outdoor area with a railing, descends multiple flights of an external metal staircase overlooking a courtyard, and finishes at the bottom landing.",correct,1.0,"The model answer accurately captures the progression described in the caption and gold answer, covering all major sequence points."
event__aligned_dataset_check_mailbox_split_seg2_check_mailbox_event__event_spatial_reasoning__01,event,event_spatial_reasoning,aligned_dataset/check_mailbox_split/Seg2/check_mailbox_event,Are the doorways located closer or farther than the staircase railing from my perspective?,Farther.,Farther.,correct,1.0,"The model answer correctly identifies that the doorways are farther than the railing, which is consistent with the caption stating the railing is closer than the doors."
depth__check_mailbox_split_seg4_check_mailbox__depth_dynamic_recognition__01,depth,depth_dynamic_recognition,check_mailbox_split/Seg4/check_mailbox,Is the person in the distance moving toward me?,No.,No.,correct,1.0,"The model correctly answered no, which aligns with the caption stating the figure is moving away from the camera."
rgb__aligned_dataset_check_mailbox_split_seg2_check_mailbox_rgb__scene_sequence__10,rgb,scene_sequence,aligned_dataset/check_mailbox_split/Seg2/check_mailbox_rgb,Which scene followed the passage of the exit sign?,The start of the metal staircase descent.,An external metal staircase.,correct,1.0,"The model identifies the external metal staircase, which is the immediate scene following the exit sign as described in the caption."
ir__aligned_dataset_brew_tea_split_seg1_ir__navigation__01,ir,navigation,aligned_dataset/brew_tea_split/Seg1/ir,How many steps do I take to reach the table?,Two steps.,Approximately 2 steps.,correct,1.0,The model answer is semantically equivalent to the gold answer and supported by the provided caption.
event__aligned_dataset_check_mailbox_split_seg2_check_mailbox_event__event_scene_sequence__01,event,event_scene_sequence,aligned_dataset/check_mailbox_split/Seg2/check_mailbox_event,What is the final part of the sequence I observe before the movement ends?,The stairs.,The camera turns towards the stairs.,correct,1.0,"The model correctly identifies the stairs as the final focus of the sequence, matching the gold answer."
depth__check_mailbox_split_seg4_check_mailbox__depth_dynamic_recognition__02,depth,depth_dynamic_recognition,check_mailbox_split/Seg4/check_mailbox,Does the person vanish behind a wall?,Yes.,No.,incorrect,0.0,"The model contradicts the caption, which explicitly states the figure vanishes behind a door frame."
ir__aligned_dataset_brew_tea_split_seg1_ir__navigation__02,ir,navigation,aligned_dataset/brew_tea_split/Seg1/ir,Do I turn left at any point?,No.,No.,correct,1.0,"The model correctly answered 'No', which matches the gold answer and is explicitly supported by the caption stating no turns were performed."
event__aligned_dataset_check_mailbox_split_seg2_check_mailbox_event__event_counting__01,event,event_counting,aligned_dataset/check_mailbox_split/Seg2/check_mailbox_event,How many doorway frames can I distinguish in the video?,Three.,3,correct,1.0,The model correctly identified the number of doorways mentioned in the caption.
depth__check_mailbox_split_seg4_check_mailbox__depth_dynamic_recognition__03,depth,depth_dynamic_recognition,check_mailbox_split/Seg4/check_mailbox,At what frame does the person first appear in the distance?,Frame 300.,Frame 300,correct,1.0,"The model answer correctly identifies frame 300 as the time the person first appears, matching the gold answer."
rgb__aligned_dataset_check_mailbox_split_seg2_check_mailbox_rgb__light_change__01,rgb,light_change,aligned_dataset/check_mailbox_split/Seg2/check_mailbox_rgb,Did the lights in the corridor turn off at any point?,"No, the lights stayed on.",No.,correct,1.0,"The model correctly answers the question, consistent with the gold answer and the caption stating that lighting was provided by evenly spaced ceiling lights."
ir__aligned_dataset_brew_tea_split_seg1_ir__navigation__03,ir,navigation,aligned_dataset/brew_tea_split/Seg1/ir,What is my first navigation action?,Moving forward.,Take approximately 2 steps forward.,correct,1.0,The model answer accurately identifies the first navigation action described in the caption.
event__aligned_dataset_check_mailbox_split_seg2_check_mailbox_event__event_dynamic_counting__01,event,event_dynamic_counting,aligned_dataset/check_mailbox_split/Seg2/check_mailbox_event,How many people do I see walking in this hallway?,Zero.,0,correct,1.0,"The model correctly identified that there are zero people walking in the hallway, consistent with the caption stating no objects or humans are moving."
depth__check_mailbox_split_seg4_check_mailbox__depth_dynamic_recognition__04,depth,depth_dynamic_recognition,check_mailbox_split/Seg4/check_mailbox,Is there a car moving in the background?,No.,No.,correct,1.0,"The model correctly answered no, which aligns with the gold answer and the provided caption."
rgb__aligned_dataset_check_mailbox_split_seg2_check_mailbox_rgb__light_change__02,rgb,light_change,aligned_dataset/check_mailbox_split/Seg2/check_mailbox_rgb,Does the scene get brighter or darker as I go down the stairs?,The scene becomes noticeably darker as I descend the stairs.,Darker.,correct,1.0,"The model correctly identifies that the scene gets darker, which is semantically equivalent to the gold answer and supported by the caption."
ir__aligned_dataset_brew_tea_split_seg1_ir__navigation__04,ir,navigation,aligned_dataset/brew_tea_split/Seg1/ir,Do I turn right to see the kettle?,No.,No.,correct,1.0,"The model correctly answered 'No', which is consistent with the caption stating no turns were performed."
event__aligned_dataset_check_mailbox_split_seg2_check_mailbox_event__event_navigation__01,event,event_navigation,aligned_dataset/check_mailbox_split/Seg2/check_mailbox_event,What is the main direction of my movement in this corridor?,Forward.,Forward.,correct,1.0,The model answer matches the gold answer and is directly supported by the caption stating the camera proceeds forward.
depth__check_mailbox_split_seg4_check_mailbox__depth_dynamic_recognition__05,depth,depth_dynamic_recognition,check_mailbox_split/Seg4/check_mailbox,Does the human figure enter a doorway?,Yes.,Yes.,correct,1.0,The model answer correctly confirms the action described in the caption.
rgb__aligned_dataset_check_mailbox_split_seg2_check_mailbox_rgb__light_change__03,rgb,light_change,aligned_dataset/check_mailbox_split/Seg2/check_mailbox_rgb,Is the light source approaching me or am I moving away from it?,I am moving away from the ceiling light sources.,You are moving away from the light source.,correct,1.0,"The model correctly identified that the subject is moving away from the light source, which matches the gold answer."
ir__aligned_dataset_brew_tea_split_seg1_ir__navigation__05,ir,navigation,aligned_dataset/brew_tea_split/Seg1/ir,How many steps back do I take?,Zero.,Zero.,correct,1.0,"The model correctly identified that no steps back were taken, which is consistent with the provided caption."
event__aligned_dataset_check_mailbox_split_seg2_check_mailbox_event__event_dynamic_recognition__01,event,event_dynamic_recognition,aligned_dataset/check_mailbox_split/Seg2/check_mailbox_event,Did any person or vehicle pass by while I was walking?,No.,No.,correct,1.0,"The model answer correctly reflects the information provided in the caption, which states there are no dynamic entities moving."
depth__check_mailbox_split_seg4_check_mailbox__depth_dynamic_recognition__06,depth,depth_dynamic_recognition,check_mailbox_split/Seg4/check_mailbox,Is the dynamic object a person?,Yes.,Yes.,correct,1.0,"The model correctly identifies the dynamic object as a person, consistent with the caption and the gold answer."
ir__aligned_dataset_brew_tea_split_seg1_ir__navigation__06,ir,navigation,aligned_dataset/brew_tea_split/Seg1/ir,Which direction do I face while heating the water?,Forward towards the table.,Forward.,correct,1.0,The model answer is semantically equivalent to the gold answer and supported by the caption indicating a forward approach without turns.
event__aligned_dataset_check_mailbox_split_seg2_check_mailbox_event__event_action__01,event,event_action,aligned_dataset/check_mailbox_split/Seg2/check_mailbox_event,What is my primary action in this scene?,Walking down the hall.,Walking.,partial,0.5,The answer is technically correct but lacks the specific detail provided in the gold answer regarding the location.
rgb__aligned_dataset_check_mailbox_split_seg2_check_mailbox_rgb__light_change__05,rgb,light_change,aligned_dataset/check_mailbox_split/Seg2/check_mailbox_rgb,Does the color of the light change during the video?,"No, the light remains a consistent cool white from the interior and green from the exit sign.",No.,partial,0.5,"The model correctly identifies that the light color does not change, but it lacks the specific descriptive details provided in the gold answer."
ir__aligned_dataset_brew_tea_split_seg1_ir__navigation__07,ir,navigation,aligned_dataset/brew_tea_split/Seg1/ir,Do I navigate around the sofa?,No.,No.,correct,1.0,"The model answer correctly states 'No', which matches the gold answer and is supported by the caption describing a direct approach without navigation."
event__aligned_dataset_check_mailbox_split_seg2_check_mailbox_event__event_non_common__01,event,event_non_common,aligned_dataset/check_mailbox_split/Seg2/check_mailbox_event,Do I see any objects floating or moving in an impossible way?,No.,No.,correct,1.0,"The model answer correctly states that there are no objects moving in an impossible way, which is consistent with the provided caption."
rgb__aligned_dataset_check_mailbox_split_seg2_check_mailbox_rgb__light_change__06,rgb,light_change,aligned_dataset/check_mailbox_split/Seg2/check_mailbox_rgb,Is there a point where I enter a completely pitch-black area?,"No, although it gets very dark on the stairs, details are still visible.",No.,partial,0.5,"The model correctly answers 'no', but fails to provide the necessary context or reasoning as requested by the nature of the question."
ir__aligned_dataset_brew_tea_split_seg1_ir__navigation__08,ir,navigation,aligned_dataset/brew_tea_split/Seg1/ir,How do I reach the tea tray?,By walking forward.,Take approximately 2 steps forward from a standing position.,correct,1.0,The model answer accurately describes the action of walking forward as specified in the caption and gold answer.
event__aligned_dataset_check_mailbox_split_seg3_check_mailbox_event__event_object_recognition__01,event,event_object_recognition,aligned_dataset/check_mailbox_split/Seg3/check_mailbox_event,What object with numerical labels do I pass on the right wall inside the building?,Mailboxes.,Mailboxes,correct,1.0,"The model answer correctly identifies the mailboxes, which matches the gold answer and is supported by the caption."
depth__check_mailbox_split_seg4_check_mailbox__depth_action__01,depth,depth_action,check_mailbox_split/Seg4/check_mailbox,What is my primary action during the video?,Walking forward.,Walking forward.,correct,1.0,The model answer is semantically identical to the gold answer and fully supported by the caption.
event__aligned_dataset_check_mailbox_split_seg3_check_mailbox_event__event_spatial_reasoning__01,event,event_spatial_reasoning,aligned_dataset/check_mailbox_split/Seg3/check_mailbox_event,Is the parked car located inside or outside the building relative to my path?,Outside.,Outside.,correct,1.0,"The model answer correctly identifies that the car is outside, which is explicitly supported by the caption."
depth__check_mailbox_split_seg4_check_mailbox__depth_action__02,depth,depth_action,check_mailbox_split/Seg4/check_mailbox,Which object do I interact with at the end?,Mailboxes.,Mailboxes.,correct,1.0,The model answer matches the gold answer and is directly supported by the provided caption.
ir__aligned_dataset_brew_tea_split_seg1_ir__navigation__10,ir,navigation,aligned_dataset/brew_tea_split/Seg1/ir,What is the total number of turns made?,Zero.,0,correct,1.0,"The model correctly identified that zero turns were made, which is consistent with the caption stating no left or right turns were performed."
event__aligned_dataset_check_mailbox_split_seg3_check_mailbox_event__event_scene_sequence__01,event,event_scene_sequence,aligned_dataset/check_mailbox_split/Seg3/check_mailbox_event,What scene change occurs immediately after I move along the outdoor walkway?,Entering an indoor hallway.,The camera passes through a doorway into an internal hall.,correct,1.0,The model answer accurately describes the scene change as stated in the caption.
depth__check_mailbox_split_seg4_check_mailbox__depth_action__03,depth,depth_action,check_mailbox_split/Seg4/check_mailbox,Do I use my hand to reach for the mailboxes?,Yes.,Yes.,correct,1.0,The model answer is semantically equivalent to the gold answer and supported by the provided caption.
rgb__aligned_dataset_check_mailbox_split_seg2_check_mailbox_rgb__counting__01,rgb,counting,aligned_dataset/check_mailbox_split/Seg2/check_mailbox_rgb,How many orange trash bins are in the courtyard area?,One.,1,correct,1.0,The model answer correctly identifies the number of orange trash bins as stated in the caption.
ir__aligned_dataset_brew_tea_split_seg1_ir__dynamic_recognition__01,ir,dynamic_recognition,aligned_dataset/brew_tea_split/Seg1/ir,When does a hand first appear to touch the controls?,Frame 000090.,Frame 000090.,correct,1.0,The model answer matches the gold answer and is directly supported by the provided caption.
event__aligned_dataset_check_mailbox_split_seg3_check_mailbox_event__event_counting__01,event,event_counting,aligned_dataset/check_mailbox_split/Seg3/check_mailbox_event,How many car(s) are visible through the glass?,One.,One.,correct,1.0,"The model answer correctly identifies one car, which matches the gold answer and is supported by the caption."
depth__check_mailbox_split_seg4_check_mailbox__depth_action__04,depth,depth_action,check_mailbox_split/Seg4/check_mailbox,Am I climbing the stairs?,No.,No.,correct,1.0,"The model correctly answered 'No', which aligns with the gold answer and is supported by the caption describing walking forward through doorways."
ir__aligned_dataset_brew_tea_split_seg1_ir__dynamic_recognition__02,ir,dynamic_recognition,aligned_dataset/brew_tea_split/Seg1/ir,Does the teapot move?,No.,No.,correct,1.0,"The model answer correctly states that the teapot does not move, which is consistent with the provided caption."
event__aligned_dataset_check_mailbox_split_seg3_check_mailbox_event__event_counting__02,event,event_counting,aligned_dataset/check_mailbox_split/Seg3/check_mailbox_event,How many bank(s) of mailboxes do I pass?,One.,1,correct,1.0,The model answer correctly identifies the quantity of mailbox banks mentioned in the caption.
depth__check_mailbox_split_seg4_check_mailbox__depth_action__05,depth,depth_action,check_mailbox_split/Seg4/check_mailbox,Do I walk through any doors?,Yes.,Yes.,correct,1.0,"The model correctly confirmed that the person walked through doors, which is explicitly stated in the provided caption."
rgb__aligned_dataset_check_mailbox_split_seg2_check_mailbox_rgb__counting__03,rgb,counting,aligned_dataset/check_mailbox_split/Seg2/check_mailbox_rgb,How many green exit signs are seen in the video?,One.,1,correct,1.0,The model correctly identified the number of exit signs as stated in the caption.
ir__aligned_dataset_brew_tea_split_seg1_ir__dynamic_recognition__03,ir,dynamic_recognition,aligned_dataset/brew_tea_split/Seg1/ir,What changes on the digital screen?,The numbers increase.,The numbers change from '96' to '100'.,correct,1.0,"The model provides a more specific version of the gold answer, accurately reflecting the information provided in the caption."
event__aligned_dataset_check_mailbox_split_seg3_check_mailbox_event__event_counting__03,event,event_counting,aligned_dataset/check_mailbox_split/Seg3/check_mailbox_event,How many main railing(s) are on the walkway?,One.,One.,correct,1.0,The model answer matches the gold answer and is directly supported by the caption stating there is one long railing.
depth__check_mailbox_split_seg4_check_mailbox__depth_action__06,depth,depth_action,check_mailbox_split/Seg4/check_mailbox,Do I stop to look at the outdoor bushes?,No.,No.,correct,1.0,"The model correctly answered 'No', which aligns with the gold answer and is consistent with the actions described in the caption."
ir__aligned_dataset_brew_tea_split_seg1_ir__dynamic_recognition__04,ir,dynamic_recognition,aligned_dataset/brew_tea_split/Seg1/ir,Does the kettle move?,No.,No.,correct,1.0,"The model answer correctly states 'No', which is consistent with the gold answer and the provided caption."
event__aligned_dataset_check_mailbox_split_seg3_check_mailbox_event__event_counting__04,event,event_counting,aligned_dataset/check_mailbox_split/Seg3/check_mailbox_event,How many person(s) are seen moving in the corridor?,One.,One.,correct,1.0,"The model answer correctly identifies that one person is seen, matching the gold answer and the provided caption."
depth__check_mailbox_split_seg4_check_mailbox__depth_action__07,depth,depth_action,check_mailbox_split/Seg4/check_mailbox,What is the spatial result of my final hand movement?,Reaching the mailboxes.,The hand reaches toward the mailboxes.,correct,1.0,The model answer is semantically equivalent to the gold answer and fully supported by the provided caption.
ir__aligned_dataset_brew_tea_split_seg1_ir__dynamic_recognition__05,ir,dynamic_recognition,aligned_dataset/brew_tea_split/Seg1/ir,When does the temperature reach 100?,Frame 000870.,Frame 000870.,correct,1.0,The model answer matches the gold answer and is directly supported by the caption.
depth__check_mailbox_split_seg4_check_mailbox__depth_action__08,depth,depth_action,check_mailbox_split/Seg4/check_mailbox,Do I turn around and go back?,No.,No.,correct,1.0,"The model correctly answered the question, which is supported by the caption indicating forward movement."
rgb__aligned_dataset_check_mailbox_split_seg2_check_mailbox_rgb__counting__06,rgb,counting,aligned_dataset/check_mailbox_split/Seg2/check_mailbox_rgb,How many trees are planted near the building across the courtyard?,Approximately four trees/large bushes.,4,correct,1.0,The model correctly identified the number of trees based on the caption provided.
ir__aligned_dataset_brew_tea_split_seg1_ir__dynamic_recognition__06,ir,dynamic_recognition,aligned_dataset/brew_tea_split/Seg1/ir,Does any object disappear?,No.,No.,correct,1.0,"The model correctly answered the question based on the caption, which does not describe any objects disappearing."
event__aligned_dataset_check_mailbox_split_seg3_check_mailbox_event__event_counting__06,event,event_counting,aligned_dataset/check_mailbox_split/Seg3/check_mailbox_event,How many distinct numerical label(s) are on the mailboxes?,Six.,Six.,correct,1.0,The model answer matches the gold answer and is directly supported by the provided caption.
depth__check_mailbox_split_seg4_check_mailbox__depth_non_common__01,depth,depth_non_common,check_mailbox_split/Seg4/check_mailbox,"Are there any physically impossible occurrences, like floating objects, in the depth stream?",No.,No.,correct,1.0,"The model answer correctly states 'No', which is consistent with the caption stating that no floating objects are visible."
ir__aligned_dataset_brew_tea_split_seg1_ir__dynamic_recognition__07,ir,dynamic_recognition,aligned_dataset/brew_tea_split/Seg1/ir,Does a person walk into view?,No.,No.,correct,1.0,"The model correctly answered 'No', which aligns with the gold answer and is supported by the caption describing only hand movements."
event__aligned_dataset_check_mailbox_split_seg3_check_mailbox_event__event_counting__07,event,event_counting,aligned_dataset/check_mailbox_split/Seg3/check_mailbox_event,How many level(s) of stairs are visible?,Two.,Two.,correct,1.0,The model answer accurately reflects the information provided in the caption.
depth__check_mailbox_split_seg5_check_mailbox__depth_object_recognition__01,depth,depth_object_recognition,check_mailbox_split/Seg5/check_mailbox,Are the stairs located closer or further away from me than the balcony railing?,The stairs are further away.,The stairs are further away than the railing.,correct,1.0,"The model answer correctly identifies that the stairs are further away than the railing, matching the gold answer."
rgb__aligned_dataset_check_mailbox_split_seg2_check_mailbox_rgb__counting__08,rgb,counting,aligned_dataset/check_mailbox_split/Seg2/check_mailbox_rgb,How many doors did I pass on my right in the corridor?,Three doors.,At least 3.,correct,1.0,The model answer is semantically equivalent to the gold answer and aligns with the information provided in the caption.
ir__aligned_dataset_brew_tea_split_seg1_ir__dynamic_recognition__08,ir,dynamic_recognition,aligned_dataset/brew_tea_split/Seg1/ir,How long does the hand interact with the lid?,Briefly around frame 000630.,The caption does not provide enough information to determine the duration of the lid interaction.,incorrect,0.0,"The caption mentions the interaction occurs around frame 000630, which the gold answer reflects. The model failed to utilize the information provided."
depth__check_mailbox_split_seg5_check_mailbox__depth_spatial_reasoning__01,depth,depth_spatial_reasoning,check_mailbox_split/Seg5/check_mailbox,Is the railing positioned between me and the stairs?,"Yes, the railing is between me and the stairs.",Yes.,correct,1.0,The model correctly confirmed the relative positioning described in the caption.
ir__aligned_dataset_brew_tea_split_seg1_ir__action__01,ir,action,aligned_dataset/brew_tea_split/Seg1/ir,What is my main action?,Making tea.,Preparing tea.,correct,1.0,The model answer 'Preparing tea' is semantically equivalent to the gold answer 'Making tea' and is directly supported by the caption.
event__aligned_dataset_check_mailbox_split_seg3_check_mailbox_event__event_dynamic_counting__01,event,event_dynamic_counting,aligned_dataset/check_mailbox_split/Seg3/check_mailbox_event,How many people pass by me in the corridor?,One.,One person.,correct,1.0,The model correctly identifies the number of people mentioned in the caption.
depth__check_mailbox_split_seg5_check_mailbox__depth_scene_sequence__01,depth,depth_scene_sequence,check_mailbox_split/Seg5/check_mailbox,Do I walk down the stairs to reach the lower level of the balcony?,"Yes, I move down the stairs.",Yes.,correct,1.0,The model answer is semantically equivalent to the gold answer and supported by the caption stating the video proceeds down a set of stairs.
ir__aligned_dataset_brew_tea_split_seg1_ir__action__02,ir,action,aligned_dataset/brew_tea_split/Seg1/ir,What object do I interact with first?,The heating tray controls.,Induction tray.,correct,1.0,"The model identifies the induction tray, which contains the controls mentioned in the gold answer, as the first object interacted with."
event__aligned_dataset_check_mailbox_split_seg3_check_mailbox_event__event_dynamic_counting__02,event,event_dynamic_counting,aligned_dataset/check_mailbox_split/Seg3/check_mailbox_event,How many cars move while I walk?,Zero.,0,correct,1.0,"The model correctly identified that no cars move, matching the gold answer."
depth__check_mailbox_split_seg5_check_mailbox__depth_counting__01,depth,depth_counting,check_mailbox_split/Seg5/check_mailbox,How many distinct depth layers can I observe in the scene?,Five depth layers.,5,correct,1.0,The model correctly identified the count of distinct depth layers mentioned in the caption.
rgb__aligned_dataset_check_mailbox_split_seg2_check_mailbox_rgb__dynamic_counting__01,rgb,dynamic_counting,aligned_dataset/check_mailbox_split/Seg2/check_mailbox_rgb,How many people are walking in the courtyard below?,None.,0,correct,1.0,"The model correctly identified that there are zero people, matching the gold answer 'None'."
ir__aligned_dataset_brew_tea_split_seg1_ir__action__03,ir,action,aligned_dataset/brew_tea_split/Seg1/ir,Why am I looking at the digital display?,To check temperature.,To check the temperature.,correct,1.0,The model answer perfectly matches the gold answer and is directly supported by the provided caption.
depth__check_mailbox_split_seg5_check_mailbox__depth_dynamic_counting__01,depth,depth_dynamic_counting,check_mailbox_split/Seg5/check_mailbox,How many dynamic entities move through the scene?,Zero.,0,correct,1.0,"The model correctly identified that there are zero dynamic entities, consistent with the caption stating no objects are moving independently."
rgb__aligned_dataset_check_mailbox_split_seg2_check_mailbox_rgb__dynamic_counting__02,rgb,dynamic_counting,aligned_dataset/check_mailbox_split/Seg2/check_mailbox_rgb,How many cars pass by on the ground level?,Zero.,0,correct,1.0,"The model correctly identified that there are zero cars, which is consistent with the caption stating there are no moving vehicles."
depth__check_mailbox_split_seg5_check_mailbox__depth_navigation__01,depth,depth_navigation,check_mailbox_split/Seg5/check_mailbox,Is the path I am following a direct descent?,"Yes, it is a direct descent.",Yes.,correct,1.0,"The model answer correctly affirms the gold answer, which is supported by the caption describing a descending staircase."
rgb__aligned_dataset_check_mailbox_split_seg2_check_mailbox_rgb__dynamic_counting__03,rgb,dynamic_counting,aligned_dataset/check_mailbox_split/Seg2/check_mailbox_rgb,Do any birds fly across the sky?,No.,No.,correct,1.0,"The model answer correctly states that no birds are visible, consistent with the caption stating no animals are present."
event__aligned_dataset_check_mailbox_split_seg3_check_mailbox_event__event_dynamic_counting__05,event,event_dynamic_counting,aligned_dataset/check_mailbox_split/Seg3/check_mailbox_event,How many objects move across my path?,One.,One.,correct,1.0,"The model correctly identified that one person moves across the path, matching the gold answer."
depth__check_mailbox_split_seg5_check_mailbox__depth_dynamic_recognition__01,depth,depth_dynamic_recognition,check_mailbox_split/Seg5/check_mailbox,Is there any object moving toward me?,No.,No.,correct,1.0,"The model correctly identified that there is no movement in the scene, consistent with both the gold answer and the caption."
rgb__aligned_dataset_check_mailbox_split_seg2_check_mailbox_rgb__dynamic_counting__04,rgb,dynamic_counting,aligned_dataset/check_mailbox_split/Seg2/check_mailbox_rgb,How many other residents are seen in the corridor?,None.,0,correct,1.0,"The model correctly identified that there are zero residents, which is semantically equivalent to 'none'."
ir__aligned_dataset_brew_tea_split_seg1_ir__action__06,ir,action,aligned_dataset/brew_tea_split/Seg1/ir,Do I pour water in the video?,No.,No.,correct,1.0,"The model correctly answered 'No', which matches the gold answer and is consistent with the provided caption."
event__aligned_dataset_check_mailbox_split_seg3_check_mailbox_event__event_dynamic_counting__06,event,event_dynamic_counting,aligned_dataset/check_mailbox_split/Seg3/check_mailbox_event,How many animals are seen?,Zero.,0,correct,1.0,"The model correctly identified that zero animals are seen, which matches the gold answer."
depth__check_mailbox_split_seg5_check_mailbox__depth_action__01,depth,depth_action,check_mailbox_split/Seg5/check_mailbox,Am I descending or ascending the stairs?,I am descending.,Descending.,correct,1.0,"The model correctly identified that the action is descending, which matches the gold answer and is supported by the caption."
rgb__aligned_dataset_check_mailbox_split_seg2_check_mailbox_rgb__dynamic_counting__05,rgb,dynamic_counting,aligned_dataset/check_mailbox_split/Seg2/check_mailbox_rgb,Are there any moving elevators visible through the windows?,No.,No.,correct,1.0,"The model correctly answered 'No', which matches the gold answer and is supported by the caption stating there are no moving elevators."
ir__aligned_dataset_brew_tea_split_seg1_ir__action__07,ir,action,aligned_dataset/brew_tea_split/Seg1/ir,What is the goal of the action?,Boiling water.,To boil water for brewing tea.,correct,1.0,"The model correctly identifies the goal of boiling water, adding the context of brewing tea which is explicitly mentioned in the caption."
event__aligned_dataset_check_mailbox_split_seg3_check_mailbox_event__event_dynamic_counting__07,event,event_dynamic_counting,aligned_dataset/check_mailbox_split/Seg3/check_mailbox_event,How many dynamic human(s) are in the night sequence?,One.,1,correct,1.0,"The model correctly identified that there is one person, matching the gold answer."
depth__check_mailbox_split_seg5_check_mailbox__depth_non_common__01,depth,depth_non_common,check_mailbox_split/Seg5/check_mailbox,Are there any floating objects in the scene?,"No, there are no floating objects.",No.,correct,1.0,"The model correctly answered the question based on the caption, which explicitly states there are no floating objects."
rgb__aligned_dataset_check_mailbox_split_seg2_check_mailbox_rgb__dynamic_counting__06,rgb,dynamic_counting,aligned_dataset/check_mailbox_split/Seg2/check_mailbox_rgb,"Do any dynamic light sources, like car lights, move in the courtyard?",No.,No.,correct,1.0,"The model answer correctly states that there are no moving light sources, which is supported by the caption stating there are no moving vehicles or other dynamic objects."
event__aligned_dataset_check_mailbox_split_seg3_check_mailbox_event__event_dynamic_counting__08,event,event_dynamic_counting,aligned_dataset/check_mailbox_split/Seg3/check_mailbox_event,How many vehicles enter the frame?,Zero.,Zero.,correct,1.0,"The model correctly identified that zero vehicles enter the frame, which matches the gold answer and is supported by the caption stating no vehicles are seen."
depth__check_mailbox_split_seg6_check_mailbox__depth_object_recognition__01,depth,depth_object_recognition,check_mailbox_split/Seg6/check_mailbox,What is the primary furniture object visible in the room after I pass the first landing?,A table.,Rectangular table.,correct,1.0,The model correctly identified the rectangular table mentioned in the caption.
rgb__aligned_dataset_check_mailbox_split_seg2_check_mailbox_rgb__dynamic_counting__07,rgb,dynamic_counting,aligned_dataset/check_mailbox_split/Seg2/check_mailbox_rgb,How many dynamic objects enter the frame from the left?,Zero.,0,correct,1.0,"The model correctly identified that there are zero dynamic objects, matching the gold answer."
event__aligned_dataset_check_mailbox_split_seg3_check_mailbox_event__event_navigation__01,event,event_navigation,aligned_dataset/check_mailbox_split/Seg3/check_mailbox_event,What is the sequence of directions I take from the outdoor walkway to the indoor corridor?,Forward then slightly right.,"Straight line, then a slight right turn.",correct,1.0,The model's answer is semantically identical to the gold answer and accurately reflects the provided caption.
depth__check_mailbox_split_seg6_check_mailbox__depth_spatial_reasoning__01,depth,depth_spatial_reasoning,check_mailbox_split/Seg6/check_mailbox,Are the chairs located in front of or behind the table from my perspective when I enter the room?,Behind.,Behind the table.,correct,1.0,"The model correctly identified that the chairs are behind the table, matching the gold answer and the provided caption."
rgb__aligned_dataset_check_mailbox_split_seg2_check_mailbox_rgb__dynamic_counting__08,rgb,dynamic_counting,aligned_dataset/check_mailbox_split/Seg2/check_mailbox_rgb,Are there any animals moving in the grass area?,No.,No.,correct,1.0,"The model answer correctly states 'No', which matches the gold answer and is supported by the caption stating there are no animals visible."
event__aligned_dataset_check_mailbox_split_seg3_check_mailbox_event__event_dynamic_recognition__01,event,event_dynamic_recognition,aligned_dataset/check_mailbox_split/Seg3/check_mailbox_event,Did a person appear in the hallway?,Yes.,No.,incorrect,0.0,"The caption explicitly states a person appears in a doorway at frame 420, contradicting the model's 'No' answer."
depth__check_mailbox_split_seg6_check_mailbox__depth_scene_sequence__01,depth,depth_scene_sequence,check_mailbox_split/Seg6/check_mailbox,What is the sequence of spaces I move through from the start to the end of the video?,"Landing, room, closet, stairs, corridor.","Lower-level landing, open room, closet or storage nook, staircase, and upper-floor corridor.",correct,1.0,"The model answer accurately mirrors the gold answer and the caption, providing the correct sequence of spaces."
rgb__aligned_dataset_check_mailbox_split_seg2_check_mailbox_rgb__non_common__01,rgb,non_common,aligned_dataset/check_mailbox_split/Seg2/check_mailbox_rgb,Are there any furniture items or obstacles inappropriately placed in the middle of the hallway or stairs?,"No, the hallway and stairs are completely clear of any obstacles.",No.,partial,0.5,The model answer is correct but lacks the detail provided in the gold answer confirming that both the hallway and stairs are clear.
ir__aligned_dataset_check_mailbox_split_seg1_check_mailbox_ir__text_recognition__01,ir,text_recognition,aligned_dataset/check_mailbox_split/Seg1/check_mailbox_ir,What word is prominently displayed on the magazine at the very beginning of the video?,REVOLUTION,REVOLUTION,correct,1.0,The model correctly identified the word 'REVOLUTION' from the magazine as mentioned in the caption.
event__aligned_dataset_check_mailbox_split_seg3_check_mailbox_event__event_dynamic_recognition__02,event,event_dynamic_recognition,aligned_dataset/check_mailbox_split/Seg3/check_mailbox_event,When did the figure become most distinct at night?,Frame 420.,Frame 420.,correct,1.0,The model answer matches the gold answer and is directly supported by the caption.
rgb__aligned_dataset_check_mailbox_split_seg2_check_mailbox_rgb__navigation__01,rgb,navigation,aligned_dataset/check_mailbox_split/Seg2/check_mailbox_rgb,Which way should I turn to reach the staircase from the corridor?,Turn left.,Left,correct,1.0,The model answer correctly identifies the turn direction mentioned in the caption.
ir__aligned_dataset_check_mailbox_split_seg1_check_mailbox_ir__scene_sequence__01,ir,scene_sequence,aligned_dataset/check_mailbox_split/Seg1/check_mailbox_ir,What is the sequence of rooms or areas I pass through from the start to the end?,"Bedroom, hallway, shoe area, exit hallway, corridor, workshop.","Bedroom, hallway, kitchen area, shoe storage area, hallway, exit door, common building corridor, workshop or office area.",correct,1.0,The model provides a more detailed and accurate sequence of the locations described in the caption compared to the gold answer.
event__aligned_dataset_check_mailbox_split_seg3_check_mailbox_event__event_dynamic_recognition__03,event,event_dynamic_recognition,aligned_dataset/check_mailbox_split/Seg3/check_mailbox_event,Did I pass a parked car?,Yes.,No.,incorrect,0.0,"The caption states a parked car is recognized near frame 810, so the model answer 'No' contradicts the provided information."
ir__aligned_dataset_check_mailbox_split_seg1_check_mailbox_ir__light_recognition__01,ir,light_recognition,aligned_dataset/check_mailbox_split/Seg1/check_mailbox_ir,Where is the strongest source of light located throughout the sequence?,The common hallway.,The exit to the common corridor.,correct,1.0,"The model identifies the exit to the common corridor as the source, which matches the caption's description of the significant light source at the exit to the corridor."
event__aligned_dataset_check_mailbox_split_seg3_check_mailbox_event__event_dynamic_recognition__04,event,event_dynamic_recognition,aligned_dataset/check_mailbox_split/Seg3/check_mailbox_event,Was the car moving when I passed?,No.,No.,correct,1.0,"The model correctly identified that the car was not moving, matching the gold answer based on the context provided."
rgb__aligned_dataset_check_mailbox_split_seg2_check_mailbox_rgb__navigation__03,rgb,navigation,aligned_dataset/check_mailbox_split/Seg2/check_mailbox_rgb,"After the first flight of stairs, what action do I take to continue down?",Make a 180-degree turn on the landing.,Turn 180 degrees on the landing.,correct,1.0,The model answer is semantically identical to the gold answer and accurately reflects the provided caption.
ir__aligned_dataset_check_mailbox_split_seg1_check_mailbox_ir__light_change__01,ir,light_change,aligned_dataset/check_mailbox_split/Seg1/check_mailbox_ir,Does it get brighter or darker as I open the door to exit the apartment?,It gets brighter.,It gets brighter.,correct,1.0,"The model correctly identified that the scene becomes brighter, which is supported by the caption."
event__aligned_dataset_check_mailbox_split_seg3_check_mailbox_event__event_dynamic_recognition__05,event,event_dynamic_recognition,aligned_dataset/check_mailbox_split/Seg3/check_mailbox_event,Did I pass through an entrance door?,Yes.,Yes.,correct,1.0,"The model answer is correct and supported by the caption, which explicitly states the person moved through a main entrance door."
rgb__aligned_dataset_check_mailbox_split_seg2_check_mailbox_rgb__navigation__04,rgb,navigation,aligned_dataset/check_mailbox_split/Seg2/check_mailbox_rgb,Where is the courtyard located relative to my starting point?,Below and to the left of the starting point.,Down two flights of stairs at the end of the walkway.,partial,0.5,The model identifies the movement but fails to describe the courtyard's relative location (direction/position) compared to the start.
event__aligned_dataset_check_mailbox_split_seg3_check_mailbox_event__event_dynamic_recognition__06,event,event_dynamic_recognition,aligned_dataset/check_mailbox_split/Seg3/check_mailbox_event,Did a person exit a room?,Yes.,Yes.,correct,1.0,"The model answer correctly confirms the gold answer, which is supported by the caption noting a person appearing in a doorway."
ir__aligned_dataset_check_mailbox_split_seg1_check_mailbox_ir__dynamic_counting__01,ir,dynamic_counting,aligned_dataset/check_mailbox_split/Seg1/check_mailbox_ir,How many other people do I see moving or standing in the background during the entire video?,One person.,1,correct,1.0,The model correctly identified the number of people mentioned in the caption.
event__aligned_dataset_check_mailbox_split_seg3_check_mailbox_event__event_dynamic_recognition__07,event,event_dynamic_recognition,aligned_dataset/check_mailbox_split/Seg3/check_mailbox_event,Has any mailbox been opened?,No.,No.,correct,1.0,"The model answer correctly states no mailbox was opened, consistent with the gold answer and the provided caption."
depth__check_mailbox_split_seg6_check_mailbox__depth_non_common__01,depth,depth_non_common,check_mailbox_split/Seg6/check_mailbox,Do any chairs or tables appear to be floating above the floor in the depth frames?,No.,No.,correct,1.0,"The model answer correctly states that no objects are floating, which is consistent with the provided caption."
rgb__aligned_dataset_check_mailbox_split_seg2_check_mailbox_rgb__navigation__06,rgb,navigation,aligned_dataset/check_mailbox_split/Seg2/check_mailbox_rgb,What is the fastest way to get to the grass area from the hallway?,Walk down the corridor and then down two flights of the external metal stairs.,"Walk straight, turn left at the end of the walkway, descend two flights of stairs to the ground level courtyard.",correct,1.0,The model answer correctly captures the navigation steps described in the caption to reach the destination.
ir__aligned_dataset_check_mailbox_split_seg1_check_mailbox_ir__non_common__01,ir,non_common,aligned_dataset/check_mailbox_split/Seg1/check_mailbox_ir,What is a layout design drawback seen in the hallway area?,Cluttered shoe storage.,Cluttered shoe storage.,correct,1.0,The model answer accurately identifies the cluttered shoe storage as the layout design drawback mentioned in the caption.
ir__aligned_dataset_check_mailbox_split_seg1_check_mailbox_ir__navigation__01,ir,navigation,aligned_dataset/check_mailbox_split/Seg1/check_mailbox_ir,How many steps do I take from the shoe area to reach the exit door?,8 steps.,8 steps,correct,1.0,The model correctly identified the number of steps mentioned in the caption.
event__aligned_dataset_check_mailbox_split_seg3_check_mailbox_event__event_action__01,event,event_action,aligned_dataset/check_mailbox_split/Seg3/check_mailbox_event,What is my main action at the start?,Walking forward.,Walking forward.,correct,1.0,The model answer matches the gold answer and is directly supported by the caption.
depth__cut_carrot_split_seg1_cut_carrot__depth_spatial_reasoning__01,depth,depth_spatial_reasoning,cut_carrot_split/Seg1/cut_carrot,Is the knife in front of or behind the vegetable peeler on the cutting board?,Behind.,Behind.,correct,1.0,"The model answer correctly identifies that the knife is behind the peeler, which matches the gold answer and is supported by the caption."
ir__aligned_dataset_check_mailbox_split_seg1_check_mailbox_ir__dynamic_recognition__01,ir,dynamic_recognition,aligned_dataset/check_mailbox_split/Seg1/check_mailbox_ir,When does a person first appear in the background of a room?,Frame 810.,Frame 810.,correct,1.0,"The model answer correctly identifies frame 810 as the moment the person appears, matching the gold answer."
event__aligned_dataset_check_mailbox_split_seg3_check_mailbox_event__event_action__02,event,event_action,aligned_dataset/check_mailbox_split/Seg3/check_mailbox_event,What feature do I use to enter the building?,A door.,A door.,correct,1.0,The model answer correctly identifies the feature used to enter the building as stated in the caption.
depth__cut_carrot_split_seg1_cut_carrot__depth_scene_sequence__01,depth,depth_scene_sequence,cut_carrot_split/Seg1/cut_carrot,Does the camera move between different rooms or spaces during the sequence?,No.,No.,correct,1.0,"The model correctly answered 'No', which aligns with the gold answer and is supported by the caption stating the camera shows no transition between different rooms."
rgb__aligned_dataset_check_mailbox_split_seg2_check_mailbox_rgb__navigation__09,rgb,navigation,aligned_dataset/check_mailbox_split/Seg2/check_mailbox_rgb,What is the final destination reached in the video sequence?,Ground level of the courtyard.,Ground level courtyard.,correct,1.0,"The model answer accurately identifies the final destination, which is semantically equivalent to the gold answer."
ir__aligned_dataset_check_mailbox_split_seg1_check_mailbox_ir__action__01,ir,action,aligned_dataset/check_mailbox_split/Seg1/check_mailbox_ir,What am I doing when I stop in the hallway with the shoes?,Putting on sneakers.,Interacting with the sneakers.,partial,0.5,"The model answer is correct but less specific than the gold answer, as it fails to capture the action of putting on the shoes mentioned in the caption."
event__aligned_dataset_check_mailbox_split_seg3_check_mailbox_event__event_action__03,event,event_action,aligned_dataset/check_mailbox_split/Seg3/check_mailbox_event,Do I stop to pick up mail?,No.,No.,correct,1.0,"The model correctly answered the question based on the caption, which does not mention picking up any mail."
ir__aligned_dataset_check_mailbox_split_seg2_check_mailbox_ir__object_recognition__01,ir,object_recognition,aligned_dataset/check_mailbox_split/Seg2/check_mailbox_ir,What architectural feature connects the different levels of the walkway?,A set of metal stairs.,Metal stairs.,correct,1.0,The model answer accurately identifies the architectural feature mentioned in both the gold answer and the caption.
event__aligned_dataset_check_mailbox_split_seg3_check_mailbox_event__event_action__04,event,event_action,aligned_dataset/check_mailbox_split/Seg3/check_mailbox_event,Am I moving up or down the stairs at the end?,Down.,Down.,correct,1.0,"The model correctly identified that the person is walking downstairs, matching the gold answer."
ir__aligned_dataset_check_mailbox_split_seg2_check_mailbox_ir__spatial_reasoning__01,ir,spatial_reasoning,aligned_dataset/check_mailbox_split/Seg2/check_mailbox_ir,What is the relative position of the stairs compared to the walkway?,The stairs are perpendicular to the walkway.,The stairs are perpendicular to the walkway.,correct,1.0,The model's answer is identical to the gold answer and accurately reflects the provided caption.
event__aligned_dataset_check_mailbox_split_seg3_check_mailbox_event__event_action__05,event,event_action,aligned_dataset/check_mailbox_split/Seg3/check_mailbox_event,Am I running or walking?,Walking.,Walking.,correct,1.0,"The model answer correctly identifies the action as walking, which is explicitly stated in the caption."
rgb__aligned_dataset_check_mailbox_split_seg2_check_mailbox_rgb__action__01,rgb,action,aligned_dataset/check_mailbox_split/Seg2/check_mailbox_rgb,What is my primary action at the beginning of the video?,Walking forward down a corridor.,Walking through a building corridor.,correct,1.0,The model's answer is semantically equivalent to the gold answer and accurately reflects the action described in the caption.
ir__aligned_dataset_check_mailbox_split_seg2_check_mailbox_ir__text_recognition__01,ir,text_recognition,aligned_dataset/check_mailbox_split/Seg2/check_mailbox_ir,What text appears on the door near the beginning?,The sign displays 'N° 1'233 | 1'234 | 1'235'.,N° 1'233 | 1'234 | 1'235,correct,1.0,The model answer accurately identifies the text on the sign as described in the caption and gold answer.
depth__cut_carrot_split_seg1_cut_carrot__depth_counting__04,depth,depth_counting,cut_carrot_split/Seg1/cut_carrot,Are there more than two tools present on the table?,Yes.,Yes.,correct,1.0,"The caption identifies a peeler and a knife as tools, confirming there are at least two. The answer is correct."
ir__aligned_dataset_check_mailbox_split_seg2_check_mailbox_ir__text_recognition__02,ir,text_recognition,aligned_dataset/check_mailbox_split/Seg2/check_mailbox_ir,What room numbers are grouped on the sign?,"1233, 1234, and 1235.","1'233, 1'234, and 1'235",correct,1.0,"The model answer accurately reflects the numbers provided in the caption, including the formatting used in the source text."
event__aligned_dataset_check_mailbox_split_seg3_check_mailbox_event__event_action__07,event,event_action,aligned_dataset/check_mailbox_split/Seg3/check_mailbox_event,Do I turn back?,No.,No.,correct,1.0,"The model correctly answered the question based on the caption, which describes continuous forward motion without mentioning turning back."
rgb__aligned_dataset_check_mailbox_split_seg2_check_mailbox_rgb__action__03,rgb,action,aligned_dataset/check_mailbox_split/Seg2/check_mailbox_rgb,Am I running or walking?,Walking at a steady pace.,Walking.,correct,1.0,"The model correctly identifies the movement as walking, which is consistent with the caption and the gold answer."
ir__aligned_dataset_check_mailbox_split_seg2_check_mailbox_ir__text_recognition__03,ir,text_recognition,aligned_dataset/check_mailbox_split/Seg2/check_mailbox_ir,Is the sign at the start of the hallway?,"Yes, it is visible at the start.",The provided caption does not specify if the sign is at the start of the hallway.,incorrect,0.0,"The caption explicitly states the sign is visible at frame 0, which corresponds to the start of the video/hallway context provided in the gold answer."
event__aligned_dataset_check_mailbox_split_seg3_check_mailbox_event__event_action__08,event,event_action,aligned_dataset/check_mailbox_split/Seg3/check_mailbox_event,Where am I going in the final frames?,Downstairs.,Downstairs.,correct,1.0,The model answer matches the gold answer and is directly supported by the caption.
ir__aligned_dataset_check_mailbox_split_seg2_check_mailbox_ir__text_recognition__04,ir,text_recognition,aligned_dataset/check_mailbox_split/Seg2/check_mailbox_ir,Does the sign include room 1236?,No.,No.,correct,1.0,"The model correctly answered 'No', which aligns with the gold answer and the provided caption."
event__aligned_dataset_check_mailbox_split_seg3_check_mailbox_event__event_non_common__01,event,event_non_common,aligned_dataset/check_mailbox_split/Seg3/check_mailbox_event,"Are there any physically implausible events, such as objects floating in the hallway?",No.,No.,correct,1.0,The model answer matches the gold answer and is directly supported by the caption stating no physically implausible events are visible.
rgb__aligned_dataset_check_mailbox_split_seg2_check_mailbox_rgb__action__05,rgb,action,aligned_dataset/check_mailbox_split/Seg2/check_mailbox_rgb,Do I stop to read the room numbers on the wall?,"No, I pass them without stopping.",No.,partial,0.5,The model answered correctly but lacked the detail provided in the gold answer regarding the action taken at the room numbers.
ir__aligned_dataset_check_mailbox_split_seg2_check_mailbox_ir__text_recognition__05,ir,text_recognition,aligned_dataset/check_mailbox_split/Seg2/check_mailbox_ir,What format is used to list the rooms?,The format uses apostrophes as separators for the thousands.,N° 1'233 | 1'234 | 1'235,partial,0.5,The model provided the content of the sign rather than explaining the specific formatting style (using apostrophes as thousands separators) requested by the question.
event__aligned_dataset_check_mailbox_split_seg4_check_mailbox_event__event_object_recognition__01,event,event_object_recognition,aligned_dataset/check_mailbox_split/Seg4/check_mailbox_event,What specific object am I interacting with at the beginning of the video?,A mailbox lock.,A key and a lock on a mailbox.,correct,1.0,The model correctly identifies the object (a lock on a mailbox) and adds context (a key) that is consistent with the caption.
depth__cut_carrot_split_seg1_cut_carrot__depth_counting__08,depth,depth_counting,cut_carrot_split/Seg1/cut_carrot,Are there any objects besides the board and tools visible?,"Yes, one.","Yes, there is a round object.",correct,1.0,The model correctly identifies the round object mentioned in the caption as an additional item besides the board and tools.
rgb__aligned_dataset_check_mailbox_split_seg2_check_mailbox_rgb__action__06,rgb,action,aligned_dataset/check_mailbox_split/Seg2/check_mailbox_rgb,What is my final action before the video ends?,Descending the final steps of the stair flight.,Descending the stairs.,correct,1.0,The model answer is semantically equivalent to the gold answer and accurately reflects the action described in the caption.
ir__aligned_dataset_check_mailbox_split_seg2_check_mailbox_ir__text_recognition__06,ir,text_recognition,aligned_dataset/check_mailbox_split/Seg2/check_mailbox_ir,Are there multiple room numbers on one sign?,Yes.,Yes.,correct,1.0,"The model correctly identified that there are multiple room numbers on the sign, consistent with the caption stating 'N° 1'233 | 1'234 | 1'235'."
event__aligned_dataset_check_mailbox_split_seg4_check_mailbox_event__event_spatial_reasoning__01,event,event_spatial_reasoning,aligned_dataset/check_mailbox_split/Seg4/check_mailbox_event,Where is the person walking relative to me when they first appear?,Farther away in front.,"In the background, positioned centrally relative to the hallway's walls.",correct,1.0,"The model answer correctly identifies the person's position as being in the background and central, which is semantically equivalent to 'farther away in front'."
rgb__aligned_dataset_check_mailbox_split_seg2_check_mailbox_rgb__action__07,rgb,action,aligned_dataset/check_mailbox_split/Seg2/check_mailbox_rgb,Do I use a door to exit the building interior?,"No, the corridor leads directly into the outdoor stairwell.",Yes.,incorrect,0.0,The model answer contradicts the gold answer; the caption indicates the subject transitions through stairs rather than a door to reach the exterior.
event__aligned_dataset_check_mailbox_split_seg4_check_mailbox_event__event_scene_sequence__01,event,event_scene_sequence,aligned_dataset/check_mailbox_split/Seg4/check_mailbox_event,What is the sequence of environments I move through after interacting with the mailboxes?,Hallway then corridor.,"A wide hallway, then a second hallway, and finally a corridor towards a staircase.",correct,1.0,"The model accurately describes the sequence of environments as a wide hallway, a second hallway, and a corridor, which is consistent with the caption."
ir__aligned_dataset_check_mailbox_split_seg2_check_mailbox_ir__text_recognition__08,ir,text_recognition,aligned_dataset/check_mailbox_split/Seg2/check_mailbox_ir,How many total room numbers are listed on the sign?,Three.,3,correct,1.0,The model correctly identified the number of room numbers listed on the sign based on the provided caption.
event__aligned_dataset_check_mailbox_split_seg4_check_mailbox_event__event_counting__01,event,event_counting,aligned_dataset/check_mailbox_split/Seg4/check_mailbox_event,How many people do I see walking in the hallway?,1,1,correct,1.0,The model answer correctly identifies the number of people mentioned in the caption.
rgb__aligned_dataset_check_mailbox_split_seg3_check_mailbox_rgb__object_recognition__01,rgb,object_recognition,aligned_dataset/check_mailbox_split/Seg3/check_mailbox_rgb,What kind of seating is located in the indoor lobby area at the end of the video?,A black sofa with red cushions.,A black fabric sofa.,partial,0.5,The model identifies the sofa correctly but omits the red cushions mentioned in the gold answer.
ir__aligned_dataset_check_mailbox_split_seg2_check_mailbox_ir__scene_sequence__01,ir,scene_sequence,aligned_dataset/check_mailbox_split/Seg2/check_mailbox_ir,Which sign do I see first?,1'233 | 1'234 | 1'235.,A door sign (1'233-1'235).,correct,1.0,The model correctly identifies the sign seen first as stated in the caption.
event__aligned_dataset_check_mailbox_split_seg4_check_mailbox_event__event_dynamic_counting__01,event,event_dynamic_counting,aligned_dataset/check_mailbox_split/Seg4/check_mailbox_event,How many dynamic moving people do I encounter during the video?,1,1,correct,1.0,The model answer correctly identifies the number of people mentioned in the caption.
ir__aligned_dataset_check_mailbox_split_seg2_check_mailbox_ir__scene_sequence__02,ir,scene_sequence,aligned_dataset/check_mailbox_split/Seg2/check_mailbox_ir,What do I pass before reaching the second sign?,A staircase and several doors.,The staircase and several doors.,correct,1.0,The model accurately identified the items passed as mentioned in the caption.
event__aligned_dataset_check_mailbox_split_seg4_check_mailbox_event__event_navigation__01,event,event_navigation,aligned_dataset/check_mailbox_split/Seg4/check_mailbox_event,Which way do I turn after passing through the first glass door?,Left.,Left.,correct,1.0,"The model answer correctly identifies that the turn made after passing through the door is to the left, which matches the gold answer and caption."
depth__cut_carrot_split_seg1_cut_carrot__depth_dynamic_counting__05,depth,depth_dynamic_counting,cut_carrot_split/Seg1/cut_carrot,Are there any objects that move between the foreground and background?,No.,No.,correct,1.0,"The model answer correctly states that no objects move between the foreground and background, which matches the gold answer."
rgb__aligned_dataset_check_mailbox_split_seg3_check_mailbox_rgb__text_recognition__01,rgb,text_recognition,aligned_dataset/check_mailbox_split/Seg3/check_mailbox_rgb,What pictogram is visible on the green sign at the start?,A running man.,A running man.,correct,1.0,The model answer perfectly matches the gold answer and is supported by the caption.
ir__aligned_dataset_check_mailbox_split_seg2_check_mailbox_ir__scene_sequence__03,ir,scene_sequence,aligned_dataset/check_mailbox_split/Seg2/check_mailbox_ir,Is there a staircase in the scene?,Yes.,Yes.,correct,1.0,"The model answer correctly confirms the presence of a staircase, which is explicitly mentioned in the provided caption."
event__aligned_dataset_check_mailbox_split_seg4_check_mailbox_event__event_dynamic_recognition__01,event,event_dynamic_recognition,aligned_dataset/check_mailbox_split/Seg4/check_mailbox_event,Does a person walk through a door ahead of me?,Yes.,Yes.,correct,1.0,"The model correctly confirmed the event based on the caption, which states a person walks through a door."
depth__cut_carrot_split_seg1_cut_carrot__depth_dynamic_counting__06,depth,depth_dynamic_counting,cut_carrot_split/Seg1/cut_carrot,How many objects are manipulated by the hands?,One.,1,correct,1.0,"The model answer correctly identifies the number of objects, matching the gold answer."
event__aligned_dataset_check_mailbox_split_seg4_check_mailbox_event__event_action__01,event,event_action,aligned_dataset/check_mailbox_split/Seg4/check_mailbox_event,What action am I performing with the key at the start?,Unlocking a mailbox.,Inserting and turning the key in a mailbox lock.,correct,1.0,"The model accurately describes the action of inserting and turning the key, which is semantically equivalent to unlocking the mailbox."
ir__aligned_dataset_check_mailbox_split_seg2_check_mailbox_ir__scene_sequence__05,ir,scene_sequence,aligned_dataset/check_mailbox_split/Seg2/check_mailbox_ir,What is the last sign I see?,N° 1'129 | 1'130.,N° 1'129 | 1'130,correct,1.0,The model answer matches the gold answer perfectly.
event__aligned_dataset_check_mailbox_split_seg4_check_mailbox_event__event_non_common__01,event,event_non_common,aligned_dataset/check_mailbox_split/Seg4/check_mailbox_event,Are there any physically impossible motions detected in the hallway?,No.,No.,correct,1.0,"The model answer matches the gold answer and is consistent with the caption, which states that no unusual motion patterns were detected."
depth__cut_carrot_split_seg1_cut_carrot__depth_dynamic_counting__08,depth,depth_dynamic_counting,cut_carrot_split/Seg1/cut_carrot,Does the number of moving objects increase over the sequence?,No.,No.,correct,1.0,"The model correctly identified that the number of moving objects does not increase over the sequence, matching the gold answer."
ir__aligned_dataset_check_mailbox_split_seg2_check_mailbox_ir__scene_sequence__06,ir,scene_sequence,aligned_dataset/check_mailbox_split/Seg2/check_mailbox_ir,Does the path lead away from the stairs?,Yes.,Yes.,correct,1.0,"The model answer correctly confirms the gold answer, which is supported by the caption stating the camera passes the staircase and continues down the corridor."
event__aligned_dataset_check_mailbox_split_seg5_check_mailbox_event__event_object_recognition__01,event,event_object_recognition,aligned_dataset/check_mailbox_split/Seg5/check_mailbox_event,What primary structures do I move past in this hallway?,Doors and a stairwell.,Multiple doors.,partial,0.5,"The model identifies the doors but fails to mention the stairwell, which was also part of the gold answer."
depth__cut_carrot_split_seg1_cut_carrot__depth_navigation__01,depth,depth_navigation,cut_carrot_split/Seg1/cut_carrot,Is the area shown in the video a walkable path or a static workspace?,Static workspace.,Static workspace.,correct,1.0,The model answer matches the gold answer and is directly supported by the caption.
rgb__aligned_dataset_check_mailbox_split_seg3_check_mailbox_rgb__text_recognition__05,rgb,text_recognition,aligned_dataset/check_mailbox_split/Seg3/check_mailbox_rgb,What does the red box on the wall likely contain?,Firefighting equipment or information.,German text likely saying 'Feuerwehr',partial,0.5,"The model identifies the text on the box but fails to explain what the box contains or its purpose, which the gold answer provides."
event__aligned_dataset_check_mailbox_split_seg5_check_mailbox_event__event_spatial_reasoning__01,event,event_spatial_reasoning,aligned_dataset/check_mailbox_split/Seg5/check_mailbox_event,Are the doors located closer to me than the stairs?,"Yes, they appear first.",Yes.,correct,1.0,"The model correctly answered the question, which is supported by the caption stating the doors are closer than the stairs."
depth__cut_carrot_split_seg1_cut_carrot__depth_dynamic_recognition__01,depth,depth_dynamic_recognition,cut_carrot_split/Seg1/cut_carrot,Is the round object moving towards me during the sequence?,No.,No.,correct,1.0,"The model correctly answered 'No', which aligns with the gold answer and the caption stating the object remains within the workspace at a consistent distance."
rgb__aligned_dataset_check_mailbox_split_seg3_check_mailbox_rgb__text_recognition__06,rgb,text_recognition,aligned_dataset/check_mailbox_split/Seg3/check_mailbox_rgb,How many digits are used for the mailbox identification?,Four digits.,Four.,correct,1.0,"The model correctly identifies the number of digits as four, which matches the gold answer."
event__aligned_dataset_check_mailbox_split_seg5_check_mailbox_event__event_scene_sequence__01,event,event_scene_sequence,aligned_dataset/check_mailbox_split/Seg5/check_mailbox_event,What is the order of the environments I traverse?,Hallway then stairs.,"Hallway, then stairs.",correct,1.0,The model answer is semantically identical to the gold answer and accurately reflects the sequence described in the caption.
rgb__aligned_dataset_check_mailbox_split_seg3_check_mailbox_rgb__text_recognition__07,rgb,text_recognition,aligned_dataset/check_mailbox_split/Seg3/check_mailbox_rgb,Is there text on the sofa?,No.,No.,correct,1.0,"The model correctly answered no, which is consistent with the provided caption which does not mention any sofa or text on a sofa."
event__aligned_dataset_check_mailbox_split_seg5_check_mailbox_event__event_counting__01,event,event_counting,aligned_dataset/check_mailbox_split/Seg5/check_mailbox_event,How many doors are visible in the hallway?,4 doors.,4,correct,1.0,The model correctly identifies the number of doors mentioned in the caption.
depth__cut_carrot_split_seg1_cut_carrot__depth_dynamic_recognition__03,depth,depth_dynamic_recognition,cut_carrot_split/Seg1/cut_carrot,Does the object vanish from the field of view?,No.,No.,correct,1.0,"The model correctly answered that the object does not vanish, which is consistent with the caption stating the object remains within the workspace."
event__aligned_dataset_check_mailbox_split_seg5_check_mailbox_event__event_dynamic_counting__01,event,event_dynamic_counting,aligned_dataset/check_mailbox_split/Seg5/check_mailbox_event,How many people do I pass in the hallway?,Zero.,0,correct,1.0,"The model answer correctly identifies that there are no people, matching the gold answer provided."
rgb__aligned_dataset_check_mailbox_split_seg3_check_mailbox_rgb__scene_sequence__01,rgb,scene_sequence,aligned_dataset/check_mailbox_split/Seg3/check_mailbox_rgb,What is the first scene in the video?,A dark corridor.,A dark interior corridor.,correct,1.0,The model's answer is semantically identical to the gold answer and accurately reflected in the provided caption.
ir__aligned_dataset_check_mailbox_split_seg2_check_mailbox_ir__light_recognition__01,ir,light_recognition,aligned_dataset/check_mailbox_split/Seg2/check_mailbox_ir,What is the primary light source in this walkway?,Overhead artificial lights.,Overhead artificial lights.,correct,1.0,The model answer is identical to the gold answer and directly supported by the provided caption.
event__aligned_dataset_check_mailbox_split_seg5_check_mailbox_event__event_navigation__01,event,event_navigation,aligned_dataset/check_mailbox_split/Seg5/check_mailbox_event,In which direction do I turn to reach the stairs?,Left.,Left.,correct,1.0,"The model answer correctly identifies 'Left' as the direction to reach the stairs, which is consistent with both the caption and the gold answer."
ir__aligned_dataset_check_mailbox_split_seg2_check_mailbox_ir__light_change__01,ir,light_change,aligned_dataset/check_mailbox_split/Seg2/check_mailbox_ir,Does the light intensity change as I move?,"Yes, the intensity fluctuates.",Yes.,partial,0.5,The model answer is correct but lacks the specific detail provided in the gold answer regarding the fluctuation of intensity.
event__aligned_dataset_check_mailbox_split_seg5_check_mailbox_event__event_dynamic_recognition__01,event,event_dynamic_recognition,aligned_dataset/check_mailbox_split/Seg5/check_mailbox_event,Did any person walk past me?,No.,No.,correct,1.0,"The model answer correctly states 'No', which is supported by the caption stating no humans were detected."
rgb__aligned_dataset_check_mailbox_split_seg3_check_mailbox_rgb__scene_sequence__03,rgb,scene_sequence,aligned_dataset/check_mailbox_split/Seg3/check_mailbox_rgb,Where do the metal stairs lead?,To an outdoor walkway.,A covered walkway.,correct,1.0,"The model answer correctly identifies the covered walkway as the destination following the stairs, which is consistent with the caption."
ir__aligned_dataset_check_mailbox_split_seg2_check_mailbox_ir__light_change__02,ir,light_change,aligned_dataset/check_mailbox_split/Seg2/check_mailbox_ir,Is there a consistent light source throughout?,"Yes, overhead fixtures.",No.,incorrect,0.0,"The model contradicts the caption, which explicitly mentions the presence of overhead light fixtures."
event__aligned_dataset_check_mailbox_split_seg5_check_mailbox_event__event_action__01,event,event_action,aligned_dataset/check_mailbox_split/Seg5/check_mailbox_event,What am I doing after walking down the hallway?,Descending stairs.,Descending a flight of stairs.,correct,1.0,The model answer is semantically equivalent to the gold answer and directly supported by the caption.
depth__cut_carrot_split_seg1_cut_carrot__depth_dynamic_recognition__07,depth,depth_dynamic_recognition,cut_carrot_split/Seg1/cut_carrot,Is the hand moving away from the workspace?,No.,No.,correct,1.0,"The model answer correctly states 'No', which matches the gold answer and is supported by the caption stating the object remains within the workspace."
rgb__aligned_dataset_check_mailbox_split_seg3_check_mailbox_rgb__scene_sequence__04,rgb,scene_sequence,aligned_dataset/check_mailbox_split/Seg3/check_mailbox_rgb,What type of walkway do I pass through after the stairs?,A semi-enclosed walkway with glass windows.,A covered walkway.,partial,0.5,"The model identifies the walkway as covered, which is supported by the caption, but misses the additional detail about it being glass-walled."
ir__aligned_dataset_check_mailbox_split_seg2_check_mailbox_ir__light_change__03,ir,light_change,aligned_dataset/check_mailbox_split/Seg2/check_mailbox_ir,Do any lights turn off?,No.,No.,correct,1.0,"The model answer correctly states that no lights turn off, which is consistent with the caption provided."
event__aligned_dataset_check_mailbox_split_seg5_check_mailbox_event__event_non_common__01,event,event_non_common,aligned_dataset/check_mailbox_split/Seg5/check_mailbox_event,Is there any physically implausible motion or object behavior?,No.,No.,correct,1.0,"The model answer correctly states that there is no physically implausible motion, which matches the gold answer and is supported by the caption."
rgb__aligned_dataset_check_mailbox_split_seg3_check_mailbox_rgb__scene_sequence__05,rgb,scene_sequence,aligned_dataset/check_mailbox_split/Seg3/check_mailbox_rgb,What do I pass immediately before entering the lobby?,A glass entrance door.,A glass door entryway.,correct,1.0,The model answer is semantically identical to the gold answer and accurately identifies the location based on the provided caption.
ir__aligned_dataset_check_mailbox_split_seg2_check_mailbox_ir__light_change__04,ir,light_change,aligned_dataset/check_mailbox_split/Seg2/check_mailbox_ir,Does the path get darker?,The light becomes more sparse as I move away.,Yes.,partial,0.5,"The model answer is correct in confirming the light intensity changes, but it lacks the necessary context provided in the gold answer regarding why."
event__aligned_dataset_check_mailbox_split_seg6_check_mailbox_event__event_object_recognition__01,event,event_object_recognition,aligned_dataset/check_mailbox_split/Seg6/check_mailbox_event,What object do I interact with to enter the room?,door,Door.,correct,1.0,"The model correctly identified the door as the object interacted with to enter the room, which is supported by the caption."
depth__cut_carrot_split_seg1_cut_carrot__depth_action__01,depth,depth_action,cut_carrot_split/Seg1/cut_carrot,What is the main action the subject is performing?,Peeling a vegetable.,Peeling a vegetable.,correct,1.0,The model answer is semantically identical to the gold answer and supported by the caption.
ir__aligned_dataset_check_mailbox_split_seg2_check_mailbox_ir__light_change__05,ir,light_change,aligned_dataset/check_mailbox_split/Seg2/check_mailbox_ir,Is there a flicker in the lights?,No.,No.,correct,1.0,"The model answer matches the gold answer and is consistent with the caption, which describes consistent lighting rather than a flicker."
event__aligned_dataset_check_mailbox_split_seg6_check_mailbox_event__event_spatial_reasoning__01,event,event_spatial_reasoning,aligned_dataset/check_mailbox_split/Seg6/check_mailbox_event,Where is the office chair located relative to the desk?,behind it,Behind the desk.,correct,1.0,"The model correctly identified the position of the office chair as behind the desk, matching the gold answer."
depth__cut_carrot_split_seg1_cut_carrot__depth_action__02,depth,depth_action,cut_carrot_split/Seg1/cut_carrot,With which object is the subject interacting to prepare the food?,A round vegetable.,A peeler.,partial,0.5,"The model identifies the tool being used rather than the object being prepared, which was the focus of the gold answer."
rgb__aligned_dataset_check_mailbox_split_seg3_check_mailbox_rgb__scene_sequence__07,rgb,scene_sequence,aligned_dataset/check_mailbox_split/Seg3/check_mailbox_rgb,What is next to the sofa?,A notice board and mailboxes.,A notice board.,partial,0.5,The model identifies the notice board but misses the mailboxes mentioned in the gold answer.
ir__aligned_dataset_check_mailbox_split_seg2_check_mailbox_ir__light_change__06,ir,light_change,aligned_dataset/check_mailbox_split/Seg2/check_mailbox_ir,Does the light source move?,No.,No.,correct,1.0,"The model correctly answered that the light source does not move, which is consistent with the caption describing stationary overhead light fixtures."
event__aligned_dataset_check_mailbox_split_seg6_check_mailbox_event__event_scene_sequence__01,event,event_scene_sequence,aligned_dataset/check_mailbox_split/Seg6/check_mailbox_event,What do I do after reaching the landing for the first time?,open a door,I approach a numbered door and push it open.,correct,1.0,"The model answer correctly identifies that the user approaches and opens the door, which is semantically equivalent to the gold answer."
depth__cut_carrot_split_seg1_cut_carrot__depth_action__03,depth,depth_action,cut_carrot_split/Seg1/cut_carrot,Does the subject move the object while working?,Yes.,Yes.,correct,1.0,"The model correctly identified that the subject moves the object, which is consistent with the action of holding and peeling a vegetable."
ir__aligned_dataset_check_mailbox_split_seg2_check_mailbox_ir__light_change__07,ir,light_change,aligned_dataset/check_mailbox_split/Seg2/check_mailbox_ir,Is the light coming from the front or side?,From the top.,The provided caption does not specify the direction of the light source.,incorrect,0.0,"The model failed to answer the question, and although the caption is vague, the gold answer identifies light from overhead fixtures, which is supported by the caption."
event__aligned_dataset_check_mailbox_split_seg6_check_mailbox_event__event_counting__01,event,event_counting,aligned_dataset/check_mailbox_split/Seg6/check_mailbox_event,How many steps are in the first flight of stairs?,12,12,correct,1.0,"The model answer correctly identifies the number of steps as 12, which matches the gold answer and is supported by the caption."
depth__cut_carrot_split_seg1_cut_carrot__depth_action__04,depth,depth_action,cut_carrot_split/Seg1/cut_carrot,Is the subject using a tool to manipulate the object?,Yes.,Yes.,correct,1.0,"The model correctly identifies that the subject is using a peeler, which is a tool, consistent with the caption and gold answer."
ir__aligned_dataset_check_mailbox_split_seg2_check_mailbox_ir__light_change__08,ir,light_change,aligned_dataset/check_mailbox_split/Seg2/check_mailbox_ir,Do the ceiling lights provide sufficient coverage?,"Yes, they provide steady illumination.",Yes.,partial,0.5,The answer is correct but lacks the supporting detail provided in the gold answer regarding steady illumination.
event__aligned_dataset_check_mailbox_split_seg6_check_mailbox_event__event_dynamic_counting__01,event,event_dynamic_counting,aligned_dataset/check_mailbox_split/Seg6/check_mailbox_event,How many other people pass by me in the hallway?,0,Zero.,correct,1.0,"The model correctly identified that no other people pass by, matching the gold answer and supported by the caption."
rgb__aligned_dataset_check_mailbox_split_seg3_check_mailbox_rgb__scene_sequence__10,rgb,scene_sequence,aligned_dataset/check_mailbox_split/Seg3/check_mailbox_rgb,Describe the full sequence of major areas I navigate.,"Interior corridor, outdoor stairs, building walkway, lobby entrance, mailbox area.","Dark interior corridor, outdoor metal staircase, covered walkway, glass door entryway, and a brightly lit interior lobby.",correct,1.0,"The model accurately describes the sequence of areas mentioned in the caption, matching the gold answer's intent and level of detail."
ir__aligned_dataset_check_mailbox_split_seg2_check_mailbox_ir__counting__01,ir,counting,aligned_dataset/check_mailbox_split/Seg2/check_mailbox_ir,How many door signs do I see?,2.,2,correct,1.0,"The model answer correctly identifies the number of door signs as 2, which matches the gold answer and the caption."
event__aligned_dataset_check_mailbox_split_seg6_check_mailbox_event__event_navigation__01,event,event_navigation,aligned_dataset/check_mailbox_split/Seg6/check_mailbox_event,What is my final direction change before reaching the stairs again?,right turn,A right turn.,correct,1.0,"The model correctly identified the final direction change as a right turn, matching the gold answer."
depth__cut_carrot_split_seg1_cut_carrot__depth_action__06,depth,depth_action,cut_carrot_split/Seg1/cut_carrot,Are the subject's hands actively moving?,Yes.,Yes.,correct,1.0,"The model answer correctly confirms the subject's hands are moving, which is consistent with the caption describing the act of peeling a vegetable."
rgb__aligned_dataset_check_mailbox_split_seg3_check_mailbox_rgb__light_recognition__01,rgb,light_recognition,aligned_dataset/check_mailbox_split/Seg3/check_mailbox_rgb,What is the primary shape of the light fixtures in the lobby at the end of the video?,"They are long, rectangular strip lights.",Rectangular.,partial,0.5,The answer is correct but lacks the descriptive detail provided in the gold answer regarding the length/shape configuration.
ir__aligned_dataset_check_mailbox_split_seg2_check_mailbox_ir__counting__02,ir,counting,aligned_dataset/check_mailbox_split/Seg2/check_mailbox_ir,How many staircases are visible?,1.,1,correct,1.0,The model answer correctly identifies the number of staircases as stated in the caption.
depth__cut_carrot_split_seg1_cut_carrot__depth_action__07,depth,depth_action,cut_carrot_split/Seg1/cut_carrot,What is the spatial relationship between the subject's hands and the cutting board?,The hands are hovering over the board.,The subject's hands are positioned directly above the cutting board.,correct,1.0,The model's answer is semantically equivalent to the gold answer and aligns with the caption's description of the subject leaning over a horizontal surface.
rgb__aligned_dataset_check_mailbox_split_seg3_check_mailbox_rgb__light_change__01,rgb,light_change,aligned_dataset/check_mailbox_split/Seg3/check_mailbox_rgb,Does it get darker or brighter when I step onto the metal stairs?,It gets darker.,It gets darker.,correct,1.0,The model answer matches the gold answer and is directly supported by the caption stating the light level drops significantly upon stepping onto the stairs.
ir__aligned_dataset_check_mailbox_split_seg2_check_mailbox_ir__counting__03,ir,counting,aligned_dataset/check_mailbox_split/Seg2/check_mailbox_ir,How many doors can be counted along the wall?,4.,4,correct,1.0,The model correctly identified the number of doors stated in the caption.
event__aligned_dataset_check_mailbox_split_seg6_check_mailbox_event__event_action__01,event,event_action,aligned_dataset/check_mailbox_split/Seg6/check_mailbox_event,What am I doing at the very beginning of the video?,climbing stairs,"Walking through an office or residential building, climbing stairs, and traversing hallways.",correct,1.0,The model correctly identifies the action of climbing stairs as mentioned at the beginning of the caption.
depth__cut_carrot_split_seg1_cut_carrot__depth_action__08,depth,depth_action,cut_carrot_split/Seg1/cut_carrot,Does the subject's action change during the sequence?,No.,No.,correct,1.0,The model correctly identified that the subject's action remains consistent throughout the sequence as described in the caption.
rgb__aligned_dataset_check_mailbox_split_seg3_check_mailbox_rgb__light_change__02,rgb,light_change,aligned_dataset/check_mailbox_split/Seg3/check_mailbox_rgb,Is the lobby brighter than the initial corridor?,"Yes, significantly.",Yes.,partial,0.5,The model answered correctly but failed to capture the degree of brightness mentioned in the gold answer.
ir__aligned_dataset_check_mailbox_split_seg2_check_mailbox_ir__counting__04,ir,counting,aligned_dataset/check_mailbox_split/Seg2/check_mailbox_ir,How many light fixtures are on the ceiling?,6.,6,correct,1.0,"The model correctly identified the number of ceiling lights as 6, which matches both the gold answer and the provided caption."
event__aligned_dataset_check_mailbox_split_seg6_check_mailbox_event__event_non_common__01,event,event_non_common,aligned_dataset/check_mailbox_split/Seg6/check_mailbox_event,Are there any objects floating in the hallway?,no,No.,correct,1.0,"The model correctly answered the question based on the caption, which explicitly states no floating objects are present."
depth__cut_carrot_split_seg1_cut_carrot__depth_non_common__01,depth,depth_non_common,cut_carrot_split/Seg1/cut_carrot,Are there any floating objects or depth artifacts indicating impossible physical geometry in the scene?,No.,No.,correct,1.0,The model answer matches the gold answer and is consistent with the provided caption.
rgb__aligned_dataset_check_mailbox_split_seg3_check_mailbox_rgb__light_change__03,rgb,light_change,aligned_dataset/check_mailbox_split/Seg3/check_mailbox_rgb,Do the lights in the lobby turn on as I enter?,"No, they are already on.",No.,partial,0.5,"The model answered 'no', which is correct, but failed to provide the necessary context that the lights were already on as indicated in the gold answer."
ir__aligned_dataset_check_mailbox_split_seg2_check_mailbox_ir__counting__05,ir,counting,aligned_dataset/check_mailbox_split/Seg2/check_mailbox_ir,Are there more than 5 windows visible in the building wing?,Yes.,Yes.,correct,1.0,"The model correctly answered yes, which is supported by the caption stating there are 12 visible windows."
event__aligned_dataset_cut_carrot_split_seg1_cut_carrot_event__event_object_recognition__01,event,event_object_recognition,aligned_dataset/cut_carrot_split/Seg1/cut_carrot_event,What tool do I use to interact with the vegetable?,A peeler,A peeler.,correct,1.0,"The model answer correctly identifies the peeler as the tool used to interact with the vegetable, consistent with the caption and gold answer."
depth__cut_carrot_split_seg2_cut_carrot__depth_object_recognition__01,depth,depth_object_recognition,cut_carrot_split/Seg2/cut_carrot,"What is the relative depth order of my hands, the cutting board, and the background spheres?","Hands, board, spheres.","Hands (closest), cutting board (mid-ground), background spheres (distant).",correct,1.0,"The model correctly identified the relative depth order of the hands, cutting board, and background spheres as described in the caption."
event__aligned_dataset_cut_carrot_split_seg1_cut_carrot_event__event_spatial_reasoning__01,event,event_spatial_reasoning,aligned_dataset/cut_carrot_split/Seg1/cut_carrot_event,Where is the knife relative to the cutting board?,On the right,On the right side of the cutting board.,correct,1.0,"The model accurately identifies the position of the knife as being on the right side, which matches the gold answer."
depth__cut_carrot_split_seg2_cut_carrot__depth_spatial_reasoning__01,depth,depth_spatial_reasoning,cut_carrot_split/Seg2/cut_carrot,Where is the circular bowl located relative to the cutting board?,Beside it to the right.,Adjacent to the right edge.,correct,1.0,The model's answer is semantically identical to the gold answer and accurately reflects the information provided in the caption.
event__aligned_dataset_cut_carrot_split_seg1_cut_carrot_event__event_scene_sequence__01,event,event_scene_sequence,aligned_dataset/cut_carrot_split/Seg1/cut_carrot_event,What occurs after the initial view of the static tools?,Peeling a vegetable,Hands enter the frame to peel.,correct,1.0,The model correctly identifies the peeling activity mentioned in the caption as occurring after the static tools.
depth__cut_carrot_split_seg2_cut_carrot__depth_scene_sequence__01,depth,depth_scene_sequence,cut_carrot_split/Seg2/cut_carrot,How does the 3D structure on the cutting board change from the start to the end of the video?,From one object to multiple.,It changes from a single long vegetable to a pile of detached thin slices.,correct,1.0,"The model answer accurately describes the change in 3D structure from a single object to multiple pieces, matching the gold answer's meaning."
rgb__aligned_dataset_check_mailbox_split_seg3_check_mailbox_rgb__light_change__06,rgb,light_change,aligned_dataset/check_mailbox_split/Seg3/check_mailbox_rgb,Does the light source in the lobby come from the walls?,"No, it comes from the ceiling.",No.,partial,0.5,"The answer is correct, but it fails to provide the supporting information mentioned in the gold answer regarding the light coming from the ceiling."
event__aligned_dataset_cut_carrot_split_seg1_cut_carrot_event__event_counting__01,event,event_counting,aligned_dataset/cut_carrot_split/Seg1/cut_carrot_event,How many cutting boards are visible?,1,1,correct,1.0,"The model correctly identified the number of cutting boards as 1, which matches the gold answer and is supported by the caption."
depth__cut_carrot_split_seg2_cut_carrot__depth_counting__01,depth,depth_counting,cut_carrot_split/Seg2/cut_carrot,How many knives are being used at once?,One.,One.,correct,1.0,"The model correctly identified that only one knife is used at a time, which is consistent with the caption stating two tools were used sequentially."
ir__aligned_dataset_check_mailbox_split_seg2_check_mailbox_ir__counting__09,ir,counting,aligned_dataset/check_mailbox_split/Seg2/check_mailbox_ir,Is there more than one staircase?,No.,No.,correct,1.0,The model correctly identified that there is only one staircase based on the caption.
event__aligned_dataset_cut_carrot_split_seg1_cut_carrot_event__event_dynamic_counting__01,event,event_dynamic_counting,aligned_dataset/cut_carrot_split/Seg1/cut_carrot_event,How many hands enter the scene to peel?,2,Two.,correct,1.0,The model answer correctly identifies the number of hands mentioned in the caption.
depth__cut_carrot_split_seg2_cut_carrot__depth_counting__02,depth,depth_counting,cut_carrot_split/Seg2/cut_carrot,How many hands are visible in the close-range workspace?,Two.,Two.,correct,1.0,The model answer correctly identifies the number of hands mentioned in the caption.
rgb__aligned_dataset_check_mailbox_split_seg3_check_mailbox_rgb__light_change__08,rgb,light_change,aligned_dataset/check_mailbox_split/Seg3/check_mailbox_rgb,Is the transition to the lobby light sudden?,"Yes, upon passing through the door.",Yes.,correct,1.0,"The model correctly confirms the transition is sudden, which aligns with the gold answer's description of the light change upon entering the lobby."
ir__aligned_dataset_check_mailbox_split_seg2_check_mailbox_ir__counting__10,ir,counting,aligned_dataset/check_mailbox_split/Seg2/check_mailbox_ir,How many doors are on the main corridor side?,4.,4,correct,1.0,The model answer correctly identifies the number of doors based on the provided caption.
event__aligned_dataset_cut_carrot_split_seg1_cut_carrot_event__event_navigation__01,event,event_navigation,aligned_dataset/cut_carrot_split/Seg1/cut_carrot_event,How does my viewpoint change after the peeling task?,Shifts to a torso,It shifts from the counter to the person's torso and surrounding space.,correct,1.0,The model answer accurately reflects the viewpoint change described in the caption.
depth__cut_carrot_split_seg2_cut_carrot__depth_counting__03,depth,depth_counting,cut_carrot_split/Seg2/cut_carrot,How many cutting boards are laid out?,One.,One.,correct,1.0,"The model answer correctly identifies one cutting board, matching the gold answer and the provided caption."
rgb__aligned_dataset_check_mailbox_split_seg3_check_mailbox_rgb__counting__01,rgb,counting,aligned_dataset/check_mailbox_split/Seg3/check_mailbox_rgb,How many sofas are in the lobby?,One.,1,correct,1.0,"The model correctly identified the number of sofas as 1, which matches the gold answer."
ir__aligned_dataset_check_mailbox_split_seg2_check_mailbox_ir__dynamic_counting__01,ir,dynamic_counting,aligned_dataset/check_mailbox_split/Seg2/check_mailbox_ir,How many people are in the hall?,0.,0,correct,1.0,"The model correctly identified that there are no people in the video, matching the gold answer based on the provided caption."
event__aligned_dataset_cut_carrot_split_seg1_cut_carrot_event__event_dynamic_recognition__01,event,event_dynamic_recognition,aligned_dataset/cut_carrot_split/Seg1/cut_carrot_event,When do my hands first appear?,Frame 60,Frame 60.,correct,1.0,The model correctly identified the frame number mentioned in the caption.
rgb__aligned_dataset_check_mailbox_split_seg3_check_mailbox_rgb__counting__02,rgb,counting,aligned_dataset/check_mailbox_split/Seg3/check_mailbox_rgb,How many red cushions are on the sofa?,Two.,2,correct,1.0,The model correctly identified the number of red cushions mentioned in the caption.
ir__aligned_dataset_check_mailbox_split_seg2_check_mailbox_ir__dynamic_counting__02,ir,dynamic_counting,aligned_dataset/check_mailbox_split/Seg2/check_mailbox_ir,How many cars pass by?,0.,0,correct,1.0,"The model correctly identified that no cars passed by, consistent with the caption stating no dynamic objects were detected."
event__aligned_dataset_cut_carrot_split_seg1_cut_carrot_event__event_action__01,event,event_action,aligned_dataset/cut_carrot_split/Seg1/cut_carrot_event,What am I doing with the vegetable?,Peeling it,Peeling it.,correct,1.0,The model answer accurately identifies the action described in the caption and matches the gold answer.
rgb__aligned_dataset_check_mailbox_split_seg3_check_mailbox_rgb__counting__03,rgb,counting,aligned_dataset/check_mailbox_split/Seg3/check_mailbox_rgb,How many notice boards are visible?,One.,1,correct,1.0,"The model correctly identified the number of notice boards as 1, which matches the gold answer."
ir__aligned_dataset_check_mailbox_split_seg2_check_mailbox_ir__dynamic_counting__03,ir,dynamic_counting,aligned_dataset/check_mailbox_split/Seg2/check_mailbox_ir,Are there any moving pets?,0.,No.,correct,1.0,The model answer 'No' is semantically equivalent to the gold answer '0' and is supported by the caption stating no dynamic objects or humans are detected.
event__aligned_dataset_cut_carrot_split_seg1_cut_carrot_event__event_non_common__01,event,event_non_common,aligned_dataset/cut_carrot_split/Seg1/cut_carrot_event,Are there any floating objects in the kitchen?,No,No.,correct,1.0,"The model answer correctly states no, which is consistent with the caption stating no physically implausible situations were detected."
depth__cut_carrot_split_seg2_cut_carrot__depth_counting__06,depth,depth_counting,cut_carrot_split/Seg2/cut_carrot,How many background spheres are on the string?,Four.,Four.,correct,1.0,The model answer correctly identifies the number of spheres as stated in the caption.
ir__aligned_dataset_check_mailbox_split_seg2_check_mailbox_ir__dynamic_counting__04,ir,dynamic_counting,aligned_dataset/check_mailbox_split/Seg2/check_mailbox_ir,How many objects fall?,0.,0,correct,1.0,"The model correctly identified that zero objects fall, which is consistent with the caption stating no dynamic objects are present."
event__aligned_dataset_cut_carrot_split_seg2_cut_carrot_event__event_object_recognition__01,event,event_object_recognition,aligned_dataset/cut_carrot_split/Seg2/cut_carrot_event,What tool do I use initially to interact with the cylindrical object?,A Y-peeler.,A Y-shaped peeler.,correct,1.0,The model answer is semantically identical to the gold answer and supported by the caption.
depth__cut_carrot_split_seg2_cut_carrot__depth_counting__07,depth,depth_counting,cut_carrot_split/Seg2/cut_carrot,How many tools (knife and peeler) are used in total?,Two.,Two.,correct,1.0,"The model answer correctly identifies the number of tools as two, matching the gold answer and the caption information."
rgb__aligned_dataset_check_mailbox_split_seg3_check_mailbox_rgb__counting__05,rgb,counting,aligned_dataset/check_mailbox_split/Seg3/check_mailbox_rgb,How many red boxes are on the walls?,One.,1,correct,1.0,"The model correctly identified the number of red boxes as 1, matching the gold answer."
ir__aligned_dataset_check_mailbox_split_seg2_check_mailbox_ir__dynamic_counting__05,ir,dynamic_counting,aligned_dataset/check_mailbox_split/Seg2/check_mailbox_ir,Are there any flying insects?,0.,No.,correct,1.0,The model correctly identifies that there are no insects based on the caption stating there are no dynamic objects.
event__aligned_dataset_cut_carrot_split_seg2_cut_carrot_event__event_spatial_reasoning__01,event,event_spatial_reasoning,aligned_dataset/cut_carrot_split/Seg2/cut_carrot_event,Where is the vegetable located relative to the cutting board?,Centrally on top.,Centrally.,partial,0.5,The model identifies the position correctly but misses the 'on top' (surface) aspect mentioned in the gold answer.
depth__cut_carrot_split_seg2_cut_carrot__depth_counting__08,depth,depth_counting,cut_carrot_split/Seg2/cut_carrot,How many primary workspaces are defined by boards?,One.,One.,correct,1.0,"The model correctly identified that there is one primary cutting board, matching the gold answer."
ir__aligned_dataset_check_mailbox_split_seg2_check_mailbox_ir__dynamic_counting__06,ir,dynamic_counting,aligned_dataset/check_mailbox_split/Seg2/check_mailbox_ir,How many people enter a room?,0.,0,correct,1.0,"The model answer correctly identifies that no people enter the room, matching the gold answer and the provided caption."
event__aligned_dataset_cut_carrot_split_seg2_cut_carrot_event__event_scene_sequence__01,event,event_scene_sequence,aligned_dataset/cut_carrot_split/Seg2/cut_carrot_event,What activity follows the peeling phase in the sequence?,Slicing the vegetable.,Repetitive downward slicing.,correct,1.0,"The model answer correctly identifies the slicing activity, which is semantically equivalent to the gold answer."
depth__cut_carrot_split_seg2_cut_carrot__depth_dynamic_counting__01,depth,depth_dynamic_counting,cut_carrot_split/Seg2/cut_carrot,How many hands are actively moving in the workspace?,Two.,Two hands.,correct,1.0,The model answer correctly identifies the number of hands mentioned in the caption.
ir__aligned_dataset_check_mailbox_split_seg2_check_mailbox_ir__dynamic_counting__07,ir,dynamic_counting,aligned_dataset/check_mailbox_split/Seg2/check_mailbox_ir,Are there any moving shadows?,0.,No.,correct,1.0,"The model answer correctly implies there are no moving objects, including shadows, consistent with the caption stating no dynamic objects are detected."
event__aligned_dataset_cut_carrot_split_seg2_cut_carrot_event__event_counting__01,event,event_counting,aligned_dataset/cut_carrot_split/Seg2/cut_carrot_event,How many hands are visible interacting with the objects?,Two.,Two hands.,correct,1.0,The model correctly identified the number of hands as stated in the caption.
ir__aligned_dataset_check_mailbox_split_seg2_check_mailbox_ir__dynamic_counting__08,ir,dynamic_counting,aligned_dataset/check_mailbox_split/Seg2/check_mailbox_ir,How many doors open?,0.,0,correct,1.0,"The model correctly identified that no doors opened, which is consistent with the caption stating there are no dynamic objects."
event__aligned_dataset_cut_carrot_split_seg2_cut_carrot_event__event_dynamic_counting__01,event,event_dynamic_counting,aligned_dataset/cut_carrot_split/Seg2/cut_carrot_event,How many times do I rotate the vegetable with my left hand?,Twice.,Twice.,correct,1.0,The model answer matches the gold answer and is directly supported by the caption.
ir__aligned_dataset_check_mailbox_split_seg2_check_mailbox_ir__non_common__01,ir,non_common,aligned_dataset/check_mailbox_split/Seg2/check_mailbox_ir,Are there any floating objects or structural impossibilities in the walkway design?,"No, the design appears standard.",No.,correct,1.0,"The model correctly answered the question, which is supported by the caption stating no violations or weird design elements are observed."
event__aligned_dataset_cut_carrot_split_seg2_cut_carrot_event__event_navigation__01,event,event_navigation,aligned_dataset/cut_carrot_split/Seg2/cut_carrot_event,Does the camera move between different rooms during this task?,"No, it is stationary.",No.,correct,1.0,"The model correctly answered 'No', which is semantically equivalent to the gold answer and supported by the caption stating the camera is stationary."
event__aligned_dataset_cut_carrot_split_seg2_cut_carrot_event__event_dynamic_recognition__01,event,event_dynamic_recognition,aligned_dataset/cut_carrot_split/Seg2/cut_carrot_event,At approximately which point in the video do I begin the slicing motion with the knife?,Around frame 000450.,Frame 000450,correct,1.0,The model answer accurately identifies the frame mentioned in the caption and gold answer.
depth__cut_carrot_split_seg2_cut_carrot__depth_dynamic_counting__05,depth,depth_dynamic_counting,cut_carrot_split/Seg2/cut_carrot,How many peelers are seen moving in the first half?,One.,One.,correct,1.0,"The model correctly identified that one peeler is seen, consistent with the mention of the tool swap process in the caption."
rgb__aligned_dataset_check_mailbox_split_seg3_check_mailbox_rgb__dynamic_counting__01,rgb,dynamic_counting,aligned_dataset/check_mailbox_split/Seg3/check_mailbox_rgb,How many people can be seen moving inside the building as I approach the door?,One.,1,correct,1.0,The model answer correctly identifies the number of people mentioned in the caption.
ir__aligned_dataset_check_mailbox_split_seg2_check_mailbox_ir__dynamic_recognition__01,ir,dynamic_recognition,aligned_dataset/check_mailbox_split/Seg2/check_mailbox_ir,Did any new object appear?,No.,No.,correct,1.0,"The model correctly identified that no new objects appeared, which aligns with the provided caption stating the scene is static."
event__aligned_dataset_cut_carrot_split_seg2_cut_carrot_event__event_action__01,event,event_action,aligned_dataset/cut_carrot_split/Seg2/cut_carrot_event,What am I doing at the very beginning of the video?,Peeling a vegetable.,Peeling the skin off the vegetable.,correct,1.0,The model answer is semantically equivalent to the gold answer and supported by the caption.
depth__cut_carrot_split_seg2_cut_carrot__depth_dynamic_counting__06,depth,depth_dynamic_counting,cut_carrot_split/Seg2/cut_carrot,How many slices are seen falling away from the vegetable?,Several.,Several.,correct,1.0,The model answer matches the gold answer perfectly.
ir__aligned_dataset_check_mailbox_split_seg2_check_mailbox_ir__dynamic_recognition__02,ir,dynamic_recognition,aligned_dataset/check_mailbox_split/Seg2/check_mailbox_ir,Did a door close?,No.,No.,correct,1.0,"The model correctly identified that the scene is static and no action, such as a door closing, occurred."
event__aligned_dataset_cut_carrot_split_seg2_cut_carrot_event__event_non_common__01,event,event_non_common,aligned_dataset/cut_carrot_split/Seg2/cut_carrot_event,Is there any unrealistic object behavior visible in the event stream?,No.,No.,correct,1.0,The model answer matches the gold answer and is consistent with the provided caption.
rgb__aligned_dataset_check_mailbox_split_seg3_check_mailbox_rgb__dynamic_counting__03,rgb,dynamic_counting,aligned_dataset/check_mailbox_split/Seg3/check_mailbox_rgb,Are there any animals moving in the walkway?,No.,No.,correct,1.0,"The model correctly answered 'No', which aligns with the gold answer and is supported by the caption stating no other moving objects are visible."
ir__aligned_dataset_check_mailbox_split_seg2_check_mailbox_ir__dynamic_recognition__03,ir,dynamic_recognition,aligned_dataset/check_mailbox_split/Seg2/check_mailbox_ir,Did a person walk into the frame?,No.,No.,correct,1.0,"The model answer correctly states 'No', which matches the gold answer and is supported by the caption stating there are no humans identified."
event__aligned_dataset_cut_carrot_split_seg3_cut_carrot_event__event_object_recognition__01,event,event_object_recognition,aligned_dataset/cut_carrot_split/Seg3/cut_carrot_event,What linear object am I moving vertically in my workspace?,A knife.,A cutting tool.,partial,0.5,"The model identifies the object as a 'cutting tool', which is accurate based on the caption, but fails to identify it as a 'knife' as specified."
depth__cut_carrot_split_seg2_cut_carrot__depth_dynamic_counting__08,depth,depth_dynamic_counting,cut_carrot_split/Seg2/cut_carrot,How many times is a tool swapped in the sequence?,Once.,1,correct,1.0,"The model correctly identified that the tool was swapped once, matching the gold answer."
rgb__aligned_dataset_check_mailbox_split_seg3_check_mailbox_rgb__dynamic_counting__04,rgb,dynamic_counting,aligned_dataset/check_mailbox_split/Seg3/check_mailbox_rgb,Does the person seen inside stop to talk?,"No, they continue walking.",No.,correct,1.0,"The model correctly answered 'No', which aligns with the gold answer's conclusion that the person continues walking rather than stopping."
ir__aligned_dataset_check_mailbox_split_seg2_check_mailbox_ir__dynamic_recognition__04,ir,dynamic_recognition,aligned_dataset/check_mailbox_split/Seg2/check_mailbox_ir,Is there any traffic?,No.,No.,correct,1.0,"The model answer correctly states that there is no traffic, which is consistent with the caption stating the scene is static and contains no dynamic objects."
event__aligned_dataset_cut_carrot_split_seg3_cut_carrot_event__event_spatial_reasoning__01,event,event_spatial_reasoning,aligned_dataset/cut_carrot_split/Seg3/cut_carrot_event,Is the knife positioned between my right hand and the cutting board surface?,Yes.,Yes.,correct,1.0,The model answer correctly confirms the position described in the caption.
depth__cut_carrot_split_seg2_cut_carrot__depth_navigation__01,depth,depth_navigation,cut_carrot_split/Seg2/cut_carrot,Is there a clear path for large-scale forward movement in this 3D scene?,No.,No.,correct,1.0,"The model answer correctly states 'No', which aligns with the gold answer and the caption's description of the scene as a confined workspace."
ir__aligned_dataset_check_mailbox_split_seg2_check_mailbox_ir__dynamic_recognition__05,ir,dynamic_recognition,aligned_dataset/check_mailbox_split/Seg2/check_mailbox_ir,Did a light flicker out?,No.,No.,correct,1.0,"The model answer correctly states 'No', which matches the gold answer and is consistent with the caption describing a static scene."
event__aligned_dataset_cut_carrot_split_seg3_cut_carrot_event__event_scene_sequence__01,event,event_scene_sequence,aligned_dataset/cut_carrot_split/Seg3/cut_carrot_event,What is the order of my main hand actions during the sequence?,"Positioning, slicing, and guiding.","Positioning the object, then performing repetitive vertical strokes with the knife.",partial,0.5,The model identifies the first two actions correctly but misses the 'guiding' action of the left hand described in the caption.
depth__cut_carrot_split_seg2_cut_carrot__depth_dynamic_recognition__01,depth,depth_dynamic_recognition,cut_carrot_split/Seg2/cut_carrot,Is my right hand moving toward the cutting board to slice?,Yes.,Yes.,correct,1.0,"The model answer correctly confirms the right hand's movement toward the board, as supported by the caption stating the knife moves vertically toward the board."
rgb__aligned_dataset_check_mailbox_split_seg3_check_mailbox_rgb__dynamic_counting__06,rgb,dynamic_counting,aligned_dataset/check_mailbox_split/Seg3/check_mailbox_rgb,Are there any cyclists visible?,No.,No.,correct,1.0,"The model answer correctly states that no cyclists are visible, which aligns with the gold answer and the provided caption."
event__aligned_dataset_cut_carrot_split_seg3_cut_carrot_event__event_counting__01,event,event_counting,aligned_dataset/cut_carrot_split/Seg3/cut_carrot_event,How many cutting boards are visible?,1,One.,correct,1.0,"The model answer correctly identifies that there is one cutting board, matching the gold answer and the provided caption."
depth__cut_carrot_split_seg2_cut_carrot__depth_dynamic_recognition__02,depth,depth_dynamic_recognition,cut_carrot_split/Seg2/cut_carrot,When does the knife first appear in the right hand?,Around frame 240.,Frame 240,correct,1.0,The model answer accurately identifies the frame mentioned in the caption where the right hand initiates the action with the knife.
rgb__aligned_dataset_check_mailbox_split_seg3_check_mailbox_rgb__dynamic_counting__07,rgb,dynamic_counting,aligned_dataset/check_mailbox_split/Seg3/check_mailbox_rgb,Do any other pedestrians appear in the lobby?,No.,No.,correct,1.0,"The model answer correctly states that no other pedestrians appear, which is consistent with the caption stating only a single person is visible."
ir__aligned_dataset_check_mailbox_split_seg2_check_mailbox_ir__dynamic_recognition__07,ir,dynamic_recognition,aligned_dataset/check_mailbox_split/Seg2/check_mailbox_ir,Was there any sudden motion?,No.,No.,correct,1.0,"The model answer correctly states no based on the caption, which confirms the scene is static."
event__aligned_dataset_cut_carrot_split_seg3_cut_carrot_event__event_dynamic_counting__01,event,event_dynamic_counting,aligned_dataset/cut_carrot_split/Seg3/cut_carrot_event,How many full downward strokes do I make with the knife?,10,At least ten.,correct,1.0,The model answer is semantically equivalent to the gold answer based on the provided caption.
depth__cut_carrot_split_seg2_cut_carrot__depth_dynamic_recognition__03,depth,depth_dynamic_recognition,cut_carrot_split/Seg2/cut_carrot,Does the vegetable move closer to me during the video?,No.,No.,correct,1.0,"The caption states the vegetable is stabilized at a near-constant depth, confirming it does not move closer to the camera."
ir__aligned_dataset_check_mailbox_split_seg2_check_mailbox_ir__dynamic_recognition__08,ir,dynamic_recognition,aligned_dataset/check_mailbox_split/Seg2/check_mailbox_ir,Does the scene change dynamically?,"No, it is a static environment.",No.,correct,1.0,"The model correctly answered 'No', which is semantically equivalent to the gold answer and supported by the caption stating the scene is static."
event__aligned_dataset_cut_carrot_split_seg3_cut_carrot_event__event_navigation__01,event,event_navigation,aligned_dataset/cut_carrot_split/Seg3/cut_carrot_event,In what direction am I primarily moving the knife?,Vertically down and up.,Vertical.,correct,1.0,The model correctly identified the vertical direction of the knife movement as specified in the gold answer.
depth__cut_carrot_split_seg2_cut_carrot__depth_dynamic_recognition__04,depth,depth_dynamic_recognition,cut_carrot_split/Seg2/cut_carrot,Do the slices move once they are on the board?,No.,No.,correct,1.0,"The model correctly answered the question, matching the gold answer and the caption's description of stationary background objects."
rgb__aligned_dataset_check_mailbox_split_seg3_check_mailbox_rgb__non_common__01,rgb,non_common,aligned_dataset/check_mailbox_split/Seg3/check_mailbox_rgb,What is wrong with the ceiling in the walkway leading to the lobby?,The ceiling surface is peeling and damaged.,"The ceiling panels have significant damage, with large sections of the surface layer peeling away and hanging down.",correct,1.0,The model answer accurately reflects the information provided in the caption regarding the ceiling damage.
ir__aligned_dataset_check_mailbox_split_seg2_check_mailbox_ir__action__01,ir,action,aligned_dataset/check_mailbox_split/Seg2/check_mailbox_ir,What is the primary action I am performing?,Walking along a corridor.,Walking forward.,partial,0.5,The model answer is correct but lacks the context of the location (the corridor) mentioned in the gold answer.
event__aligned_dataset_cut_carrot_split_seg3_cut_carrot_event__event_dynamic_recognition__01,event,event_dynamic_recognition,aligned_dataset/cut_carrot_split/Seg3/cut_carrot_event,Is my right hand holding the moving knife?,Yes,Yes.,correct,1.0,"The model answer correctly confirms the right hand is holding the knife, which is supported by the caption stating the right hand drives the knife."
rgb__aligned_dataset_check_mailbox_split_seg3_check_mailbox_rgb__navigation__01,rgb,navigation,aligned_dataset/check_mailbox_split/Seg3/check_mailbox_rgb,Which way should I turn to reach the stairs from the first corridor?,Turn right.,Right.,correct,1.0,The model answer correctly identifies the turn direction as specified in the caption.
ir__aligned_dataset_check_mailbox_split_seg2_check_mailbox_ir__action__02,ir,action,aligned_dataset/check_mailbox_split/Seg2/check_mailbox_ir,Am I interacting with any objects?,No.,No.,correct,1.0,"The model correctly identified that the subject is only walking, not interacting with any objects, consistent with the gold answer."
event__aligned_dataset_cut_carrot_split_seg3_cut_carrot_event__event_action__01,event,event_action,aligned_dataset/cut_carrot_split/Seg3/cut_carrot_event,What am I doing with the knife?,Chopping,Performing a rhythmic chopping action.,correct,1.0,"The model answer correctly identifies the action as chopping, which is semantically equivalent to the gold answer and supported by the caption."
rgb__aligned_dataset_check_mailbox_split_seg3_check_mailbox_rgb__navigation__02,rgb,navigation,aligned_dataset/check_mailbox_split/Seg3/check_mailbox_rgb,How do I get to the lobby from the stairs?,Walk along the exterior walkway to the glass door.,"Turn left, walk along the building exterior for 15 steps, and pass through a glass door on the right.",correct,1.0,"The model answer accurately describes the path from the stairs to the lobby, matching the gold answer's meaning and the caption's details."
ir__aligned_dataset_check_mailbox_split_seg2_check_mailbox_ir__action__03,ir,action,aligned_dataset/check_mailbox_split/Seg2/check_mailbox_ir,What is the probable purpose of my movement?,Navigating the building.,To inspect or navigate through the building's residential units.,correct,1.0,The model answer is semantically equivalent to the gold answer and accurately reflects the information provided in the caption.
event__aligned_dataset_cut_carrot_split_seg3_cut_carrot_event__event_non_common__01,event,event_non_common,aligned_dataset/cut_carrot_split/Seg3/cut_carrot_event,Are there any objects floating in the air against gravity?,No,No.,correct,1.0,"The model answer correctly states 'No', which aligns with the gold answer and the caption's assertion that there are no floating objects."
depth__cut_carrot_split_seg2_cut_carrot__depth_dynamic_recognition__07,depth,depth_dynamic_recognition,cut_carrot_split/Seg2/cut_carrot,When do the individual slices start appearing as distinct volumes?,Around frame 360.,Around frame 360.,correct,1.0,The model answer matches the gold answer and is directly supported by the provided caption.
ir__aligned_dataset_check_mailbox_split_seg2_check_mailbox_ir__action__04,ir,action,aligned_dataset/check_mailbox_split/Seg2/check_mailbox_ir,Am I walking towards a destination?,Yes.,Yes.,correct,1.0,The model correctly identifies that the subject is walking toward a destination based on the caption.
event__aligned_dataset_cut_carrot_split_seg4_cut_carrot_event__event_object_recognition__01,event,event_object_recognition,aligned_dataset/cut_carrot_split/Seg4/cut_carrot_event,What object do I use to cut the elongated bundle?,A knife.,A knife.,correct,1.0,"The model answer correctly identifies the knife as the object used for cutting, matching the gold answer and the provided caption."
depth__cut_carrot_split_seg2_cut_carrot__depth_dynamic_recognition__08,depth,depth_dynamic_recognition,cut_carrot_split/Seg2/cut_carrot,Does any background object move toward the camera?,No.,No.,correct,1.0,"The model correctly identified that no background objects move, consistent with the caption stating they remain stationary."
rgb__aligned_dataset_check_mailbox_split_seg3_check_mailbox_rgb__navigation__04,rgb,navigation,aligned_dataset/check_mailbox_split/Seg3/check_mailbox_rgb,How many steps to the stairs?,About 10 steps.,10 steps.,correct,1.0,The model answer is semantically equivalent to the gold answer and accurately reflects the information provided in the caption.
ir__aligned_dataset_check_mailbox_split_seg2_check_mailbox_ir__action__05,ir,action,aligned_dataset/check_mailbox_split/Seg2/check_mailbox_ir,Do I stop at any doors?,No.,No.,correct,1.0,"The model answer correctly states that the subject does not stop at any doors, which is consistent with the caption describing the action as walking forward."
event__aligned_dataset_cut_carrot_split_seg4_cut_carrot_event__event_spatial_reasoning__01,event,event_spatial_reasoning,aligned_dataset/cut_carrot_split/Seg4/cut_carrot_event,In what direction relative to the main bundle do the chopped pieces accumulate?,To the right.,Upper-right.,partial,0.5,"The model specifies 'upper-right' while the gold answer is 'right'. While more precise, it deviates from the specific directional label provided."
depth__cut_carrot_split_seg2_cut_carrot__depth_action__01,depth,depth_action,cut_carrot_split/Seg2/cut_carrot,What am I doing with the small tool at the start?,Peeling.,Peeling a long vegetable.,correct,1.0,"The model answer correctly identifies the action as peeling, matching the gold answer while providing additional context from the caption."
ir__aligned_dataset_check_mailbox_split_seg2_check_mailbox_ir__action__06,ir,action,aligned_dataset/check_mailbox_split/Seg2/check_mailbox_ir,Is this a casual walk or a purposeful movement?,Purposeful movement.,Purposeful movement.,correct,1.0,The model answer matches the gold answer and correctly interprets the caption's description of the subject's movement.
event__aligned_dataset_cut_carrot_split_seg4_cut_carrot_event__event_scene_sequence__01,event,event_scene_sequence,aligned_dataset/cut_carrot_split/Seg4/cut_carrot_event,What is the final action I perform with the knife in this sequence?,Sweeping chopped pieces aside.,Moving the piled fragments toward the edge of the board.,correct,1.0,The model's answer is semantically identical to the gold answer and accurately reflects the caption's description of the final action.
depth__cut_carrot_split_seg2_cut_carrot__depth_action__02,depth,depth_action,cut_carrot_split/Seg2/cut_carrot,Which object am I interacting with using the knife?,Long vegetable.,A long vegetable.,correct,1.0,The model answer is semantically equivalent to the gold answer and supported by the caption.
rgb__aligned_dataset_check_mailbox_split_seg3_check_mailbox_rgb__navigation__06,rgb,navigation,aligned_dataset/check_mailbox_split/Seg3/check_mailbox_rgb,Do I need to go up or down the metal stairs?,Down.,Down.,correct,1.0,"The model answer correctly identifies that the path goes down the metal stairs, as stated in the caption."
event__aligned_dataset_cut_carrot_split_seg4_cut_carrot_event__event_counting__01,event,event_counting,aligned_dataset/cut_carrot_split/Seg4/cut_carrot_event,How many knives am I holding in my right hand?,One.,One.,correct,1.0,"The model answer correctly identifies that one knife is held, which matches the gold answer and is supported by the caption."
depth__cut_carrot_split_seg2_cut_carrot__depth_action__03,depth,depth_action,cut_carrot_split/Seg2/cut_carrot,What is the spatial consequence of the downward knife motion?,Creating a slice.,Each slice creates a new detached volume on the cutting board.,correct,1.0,The model answer accurately describes the spatial consequence (creating detached volumes) as stated in the caption.
rgb__aligned_dataset_check_mailbox_split_seg3_check_mailbox_rgb__navigation__07,rgb,navigation,aligned_dataset/check_mailbox_split/Seg3/check_mailbox_rgb,What is the fastest way to the mailboxes from the start?,"Follow the corridor, stairs, and walkway into the lobby.","Walk straight 10 steps through the door, turn right down 12 steps, turn left, walk 15 steps, and enter the lobby through the glass door on the right, walking 5 steps forward.",correct,1.0,"The model provides a detailed, accurate summary of the path described in the caption, which is semantically equivalent to the gold answer."
event__aligned_dataset_cut_carrot_split_seg4_cut_carrot_event__event_dynamic_counting__01,event,event_dynamic_counting,aligned_dataset/cut_carrot_split/Seg4/cut_carrot_event,How many times does the knife sweep pieces to the right?,One.,1,correct,1.0,"The model answer correctly identifies that the knife sweeps the pieces once, which matches the gold answer."
depth__cut_carrot_split_seg2_cut_carrot__depth_action__04,depth,depth_action,cut_carrot_split/Seg2/cut_carrot,Am I using my left hand to hold the vegetable steady?,Yes.,Yes.,correct,1.0,The model answer correctly confirms the action described in the caption.
rgb__aligned_dataset_check_mailbox_split_seg3_check_mailbox_rgb__navigation__08,rgb,navigation,aligned_dataset/check_mailbox_split/Seg3/check_mailbox_rgb,Which door leads to the interior lobby?,The glass door at the end of the walkway.,The glass door.,correct,1.0,"The model answer correctly identifies the glass door as the entry to the lobby, matching the gold answer's meaning."
ir__aligned_dataset_check_mailbox_split_seg3_check_mailbox_ir__object_recognition__01,ir,object_recognition,aligned_dataset/check_mailbox_split/Seg3/check_mailbox_ir,What is the label of the fire safety box mounted on the wall?,Feuerwehr Laufkarten,Feuerwehr Laufkarten,correct,1.0,The model answer matches the gold answer and is directly supported by the caption.
event__aligned_dataset_cut_carrot_split_seg4_cut_carrot_event__event_navigation__01,event,event_navigation,aligned_dataset/cut_carrot_split/Seg4/cut_carrot_event,Do I navigate through any doors or turns in this video?,No.,No.,correct,1.0,"The model answer correctly states no navigation occurs, which is supported by the caption noting the workspace is fixed and there is no travel between rooms."
depth__cut_carrot_split_seg2_cut_carrot__depth_action__05,depth,depth_action,cut_carrot_split/Seg2/cut_carrot,What action do I perform before starting to slice?,Peeling.,Peeling.,correct,1.0,"The model correctly identified that peeling is the action performed before slicing, as stated in the caption."
rgb__aligned_dataset_check_mailbox_split_seg3_check_mailbox_rgb__navigation__09,rgb,navigation,aligned_dataset/check_mailbox_split/Seg3/check_mailbox_rgb,How many turns are made in total?,Three major turns.,2,incorrect,0.0,"The model identified two turns, but the caption describes three: turning right onto stairs, turning left onto the exterior, and turning right into the lobby."
ir__aligned_dataset_check_mailbox_split_seg3_check_mailbox_ir__spatial_reasoning__01,ir,spatial_reasoning,aligned_dataset/check_mailbox_split/Seg3/check_mailbox_ir,Where is the fire safety box located relative to the entrance door?,It is mounted on the dark wall to the right of the entrance door.,On the dark wall to the right of the entrance door.,correct,1.0,The model answer is semantically identical to the gold answer and accurately identifies the location based on the caption.
event__aligned_dataset_cut_carrot_split_seg4_cut_carrot_event__event_dynamic_recognition__01,event,event_dynamic_recognition,aligned_dataset/cut_carrot_split/Seg4/cut_carrot_event,Do the chopped pieces stay attached to the main bundle?,No.,No.,correct,1.0,"The model correctly answered 'No', which matches the gold answer and is supported by the caption stating that chopped pieces fly and settle on the board."
ir__aligned_dataset_check_mailbox_split_seg3_check_mailbox_ir__text_recognition__01,ir,text_recognition,aligned_dataset/check_mailbox_split/Seg3/check_mailbox_ir,What text is displayed on the fire safety box?,Feuerwehr Laufkarten,Feuerwehr Laufkarten,correct,1.0,"The model correctly identified the text displayed on the fire safety box, matching the gold answer."
depth__cut_carrot_split_seg2_cut_carrot__depth_action__07,depth,depth_action,cut_carrot_split/Seg2/cut_carrot,Am I putting the slices into the bowl?,No.,No.,correct,1.0,"The model answer correctly states 'No', which matches the gold answer and is supported by the caption describing slices landing on the cutting board."
rgb__aligned_dataset_check_mailbox_split_seg3_check_mailbox_rgb__dynamic_recognition__01,rgb,dynamic_recognition,aligned_dataset/check_mailbox_split/Seg3/check_mailbox_rgb,When does a person appear walking inside the building?,Between frames 630 and 750.,From frame 630 to frame 750.,correct,1.0,The model answer is semantically identical to the gold answer and directly supported by the caption.
ir__aligned_dataset_check_mailbox_split_seg3_check_mailbox_ir__scene_sequence__01,ir,scene_sequence,aligned_dataset/check_mailbox_split/Seg3/check_mailbox_ir,Which object do I encounter after passing the building entrance?,The wall-mounted fire safety box.,A wall-mounted safety box.,correct,1.0,The model answer is semantically equivalent to the gold answer and correctly identifies the object described in the caption.
event__aligned_dataset_cut_carrot_split_seg4_cut_carrot_event__event_non_common__01,event,event_non_common,aligned_dataset/cut_carrot_split/Seg4/cut_carrot_event,"Is there any physically impossible motion, such as floating objects?",No.,No.,correct,1.0,"The model answer correctly states 'No', which matches the gold answer and is supported by the provided caption."
depth__cut_carrot_split_seg2_cut_carrot__depth_action__08,depth,depth_action,cut_carrot_split/Seg2/cut_carrot,What is the right hand doing at the end of the video?,Retracting.,Moving away from the workspace center.,correct,1.0,"The model answer is semantically equivalent to 'retracting', as moving away from the workspace center describes the action of the hand at the end of the video."
rgb__aligned_dataset_check_mailbox_split_seg3_check_mailbox_rgb__action__01,rgb,action,aligned_dataset/check_mailbox_split/Seg3/check_mailbox_rgb,What am I doing at the start of the video?,Walking through a dark corridor.,Walking through a building complex at night.,partial,0.5,"The model answer is correct but less specific than the gold answer, which identifies the corridor environment mentioned in the caption."
ir__aligned_dataset_check_mailbox_split_seg3_check_mailbox_ir__light_recognition__01,ir,light_recognition,aligned_dataset/check_mailbox_split/Seg3/check_mailbox_ir,What is the shape of the artificial light sources in the corridor?,Circular,Circular.,correct,1.0,"The model answer accurately identifies the shape of the artificial light sources as circular, matching both the caption and the gold answer."
event__aligned_dataset_cut_potato_and_carrot_split_seg1_cut_potato_and_carrot_event__event_object_recognition__01,event,event_object_recognition,aligned_dataset/cut_potato_and_carrot_split/Seg1/cut_potato_and_carrot_event,What moving part of my body is visible interacting with the counter at the start of the video?,My hands.,Two hands.,correct,1.0,"The model correctly identified that two hands are the body parts interacting with the counter, which matches the gold answer."
depth__cut_carrot_split_seg2_cut_carrot__depth_non_common__01,depth,depth_non_common,cut_carrot_split/Seg2/cut_carrot,Are there any objects appearing to float or pass through each other unnaturally?,No.,No.,correct,1.0,"The model answer correctly states 'No', which matches the gold answer and is supported by the caption stating no floating artifacts or intersecting geometries are observed."
ir__aligned_dataset_check_mailbox_split_seg3_check_mailbox_ir__light_change__01,ir,light_change,aligned_dataset/check_mailbox_split/Seg3/check_mailbox_ir,Are the lights in the corridor turned on or off during the night sequence?,They are turned on.,On.,correct,1.0,"The model correctly states the lights are on, which is supported by the caption mentioning artificial illumination."
event__aligned_dataset_cut_potato_and_carrot_split_seg1_cut_potato_and_carrot_event__event_spatial_reasoning__01,event,event_spatial_reasoning,aligned_dataset/cut_potato_and_carrot_split/Seg1/cut_potato_and_carrot_event,Where are my hands located relative to the whisk and grater in the first few seconds?,In front of them.,In the immediate foreground.,partial,0.5,The model identifies the location but fails to mention the relative position to the whisk and grater as requested by the question.
depth__cut_carrot_split_seg3_cut_carrot__depth_object_recognition__01,depth,depth_object_recognition,cut_carrot_split/Seg3/cut_carrot,Which object is closest to me in this scene?,The kitchen knife.,The knife.,correct,1.0,"The model correctly identifies the knife as the closest object, which is semantically equivalent to the gold answer."
rgb__aligned_dataset_check_mailbox_split_seg3_check_mailbox_rgb__action__03,rgb,action,aligned_dataset/check_mailbox_split/Seg3/check_mailbox_rgb,What is my final destination?,The mailbox area in the lobby.,The bank of mailboxes.,correct,1.0,The model's answer is semantically equivalent to the gold answer and accurately identified based on the provided caption.
ir__aligned_dataset_check_mailbox_split_seg3_check_mailbox_ir__counting__01,ir,counting,aligned_dataset/check_mailbox_split/Seg3/check_mailbox_ir,How many fire safety boxes are visible on the wall?,One,1,correct,1.0,The model answer '1' is numerically equivalent to the gold answer 'One' and is supported by the caption.
event__aligned_dataset_cut_potato_and_carrot_split_seg1_cut_potato_and_carrot_event__event_scene_sequence__01,event,event_scene_sequence,aligned_dataset/cut_potato_and_carrot_split/Seg1/cut_potato_and_carrot_event,What do I see first when the camera transitions from the manual work to the wider kitchen view?,The oven and cabinets.,The oven and cabinetry.,correct,1.0,The model answer is semantically identical to the gold answer and accurately reflects the caption.
depth__cut_carrot_split_seg3_cut_carrot__depth_spatial_reasoning__01,depth,depth_spatial_reasoning,cut_carrot_split/Seg3/cut_carrot,Is the bowl closer or farther than the cutting board?,Farther.,Farther.,correct,1.0,"The model correctly identified that the bowl is farther than the cutting board, as stated in the caption."
rgb__aligned_dataset_check_mailbox_split_seg3_check_mailbox_rgb__action__04,rgb,action,aligned_dataset/check_mailbox_split/Seg3/check_mailbox_rgb,Am I interacting with the sofa?,No.,No.,correct,1.0,"The model correctly answered no, which is consistent with the caption describing walking through a corridor and building complex."
ir__aligned_dataset_check_mailbox_split_seg3_check_mailbox_ir__dynamic_counting__01,ir,dynamic_counting,aligned_dataset/check_mailbox_split/Seg3/check_mailbox_ir,How many people are seen walking through the entrance area?,One,1,correct,1.0,The model answer correctly identifies the number of people mentioned in the caption.
event__aligned_dataset_cut_potato_and_carrot_split_seg1_cut_potato_and_carrot_event__event_counting__01,event,event_counting,aligned_dataset/cut_potato_and_carrot_split/Seg1/cut_potato_and_carrot_event,How many hands are moving at the start?,2,Two.,correct,1.0,The model correctly identified the number of moving hands as stated in the caption.
depth__cut_carrot_split_seg3_cut_carrot__depth_scene_sequence__01,depth,depth_scene_sequence,cut_carrot_split/Seg3/cut_carrot,Does the camera move to a different room during the video?,"No, it remains static.",No.,correct,1.0,"The model correctly answered the question, which is supported by the caption stating the camera remains fixed on the workspace."
rgb__aligned_dataset_check_mailbox_split_seg3_check_mailbox_rgb__action__05,rgb,action,aligned_dataset/check_mailbox_split/Seg3/check_mailbox_rgb,Do I open a mailbox?,"No, just approaching them.",No.,correct,1.0,"The model answer correctly states 'No', which aligns with the gold answer's indication that the person is only approaching the mailboxes."
ir__aligned_dataset_check_mailbox_split_seg3_check_mailbox_ir__non_common__01,ir,non_common,aligned_dataset/check_mailbox_split/Seg3/check_mailbox_ir,What structural issue is visible on the ceiling of the outdoor corridor?,"Peeling paint, likely due to water damage.",Peeling paint.,partial,0.5,The model identifies the peeling paint but fails to include the potential cause (water damage) mentioned in the gold answer.
event__aligned_dataset_cut_potato_and_carrot_split_seg1_cut_potato_and_carrot_event__event_dynamic_counting__01,event,event_dynamic_counting,aligned_dataset/cut_potato_and_carrot_split/Seg1/cut_potato_and_carrot_event,How many other people walk past me in the kitchen?,0,0,correct,1.0,"The model correctly identified that there are no other people, consistent with the caption stating no other humans enter the scene."
rgb__aligned_dataset_check_mailbox_split_seg3_check_mailbox_rgb__action__06,rgb,action,aligned_dataset/check_mailbox_split/Seg3/check_mailbox_rgb,Am I running or walking?,Walking.,Walking.,correct,1.0,"The model answer correctly identifies the action as walking, which matches the gold answer and the provided caption."
ir__aligned_dataset_check_mailbox_split_seg3_check_mailbox_ir__navigation__01,ir,navigation,aligned_dataset/check_mailbox_split/Seg3/check_mailbox_ir,Which direction should I turn after moving along the corridor to enter the courtyard?,Turn left.,Left.,correct,1.0,The model correctly identified the turning direction as specified in the caption.
rgb__aligned_dataset_check_mailbox_split_seg3_check_mailbox_rgb__action__07,rgb,action,aligned_dataset/check_mailbox_split/Seg3/check_mailbox_rgb,Do I use an elevator?,No.,No.,correct,1.0,"The model correctly identified that the caption does not mention using an elevator, matching the gold answer."
ir__aligned_dataset_check_mailbox_split_seg3_check_mailbox_ir__dynamic_recognition__01,ir,dynamic_recognition,aligned_dataset/check_mailbox_split/Seg3/check_mailbox_ir,During which frames does the person move through the entrance area?,Between frame 000570 and 000660.,000570-000660,correct,1.0,The model answer accurately reflects the frame range provided in the caption and gold answer.
event__aligned_dataset_cut_potato_and_carrot_split_seg1_cut_potato_and_carrot_event__event_dynamic_recognition__01,event,event_dynamic_recognition,aligned_dataset/cut_potato_and_carrot_split/Seg1/cut_potato_and_carrot_event,Did another person enter the kitchen during the recording?,No,No.,correct,1.0,"The model answer correctly states 'No', which matches the gold answer and is supported by the caption stating no other dynamic objects or humans were detected."
depth__cut_carrot_split_seg3_cut_carrot__depth_navigation__01,depth,depth_navigation,cut_carrot_split/Seg3/cut_carrot,Is there a navigable corridor visible in the scene?,No.,No.,correct,1.0,"The model answer correctly states 'No,' which matches the gold answer and is supported by the caption stating there is no navigable path."
rgb__aligned_dataset_check_mailbox_split_seg3_check_mailbox_rgb__action__08,rgb,action,aligned_dataset/check_mailbox_split/Seg3/check_mailbox_rgb,What is the purpose of going into the lobby?,To reach the mailboxes.,Checking mail.,correct,1.0,"The model answer accurately reflects the purpose stated in the caption, which is semantically equivalent to reaching the mailboxes."
ir__aligned_dataset_check_mailbox_split_seg3_check_mailbox_ir__action__01,ir,action,aligned_dataset/check_mailbox_split/Seg3/check_mailbox_ir,What is the likely purpose of walking through the building area?,Inspection or facility checking.,Navigation or facility checking.,correct,1.0,The model's answer is semantically equivalent to the gold answer and accurately reflects the purpose stated in the caption.
event__aligned_dataset_cut_potato_and_carrot_split_seg1_cut_potato_and_carrot_event__event_action__01,event,event_action,aligned_dataset/cut_potato_and_carrot_split/Seg1/cut_potato_and_carrot_event,What specific action am I performing at the start of the video?,Kneading.,Kneading dough.,correct,1.0,"The model correctly identifies the action of kneading dough, which is semantically equivalent to the gold answer and supported by the caption."
rgb__aligned_dataset_check_mailbox_split_seg4_check_mailbox_rgb__object_recognition__01,rgb,object_recognition,aligned_dataset/check_mailbox_split/Seg4/check_mailbox_rgb,What is the primary color of the mailbox lockers located in the center of the mailbox bank?,The primary color is green.,Grey and green.,partial,0.5,"The model mentions both colors present in the bank rather than specifically identifying the primary color requested, making the answer incomplete."
ir__aligned_dataset_check_mailbox_split_seg4_check_mailbox_ir__object_recognition__01,ir,object_recognition,aligned_dataset/check_mailbox_split/Seg4/check_mailbox_ir,What is the physical structure that covers a large portion of the wall in the scene?,A grid of numbered mailboxes.,A grid of numbered mailboxes.,correct,1.0,The model answer is identical to the gold answer and fully supported by the caption.
event__aligned_dataset_cut_potato_and_carrot_split_seg1_cut_potato_and_carrot_event__event_non_common__01,event,event_non_common,aligned_dataset/cut_potato_and_carrot_split/Seg1/cut_potato_and_carrot_event,Are there any physically impossible or strange object behaviors visible?,No.,No.,correct,1.0,"The model answer correctly states that there are no physically impossible behaviors, which matches the gold answer and is supported by the caption."
rgb__aligned_dataset_check_mailbox_split_seg4_check_mailbox_rgb__spatial_reasoning__01,rgb,spatial_reasoning,aligned_dataset/check_mailbox_split/Seg4/check_mailbox_rgb,Where is the white pillar located in relation to the mailbox area?,The white pillar is located in front of the mailbox area.,About 3 steps in front of the mailbox bank.,correct,1.0,"The model answer provides the exact relative location and distance mentioned in the caption, which is semantically equivalent to the gold answer."
ir__aligned_dataset_check_mailbox_split_seg4_check_mailbox_ir__spatial_reasoning__01,ir,spatial_reasoning,aligned_dataset/check_mailbox_split/Seg4/check_mailbox_ir,Where is the glass entrance door located in relation to the mailbox grid?,The door is to the left of the mailbox grid.,To the left of the mailbox grid.,correct,1.0,The model answer is semantically equivalent to the gold answer and correctly identifies the spatial relationship based on the caption.
event__aligned_dataset_cut_potato_and_carrot_split_seg2_cut_potato_and_carrot_event__event_object_recognition__01,event,event_object_recognition,aligned_dataset/cut_potato_and_carrot_split/Seg2/cut_potato_and_carrot_event,What object is being moved repetitively across the surface of the vegetable I am holding?,A peeler.,A peeler.,correct,1.0,"The model correctly identified the object being used on the vegetable, which is supported by the caption."
depth__cut_carrot_split_seg3_cut_carrot__depth_non_common__01,depth,depth_non_common,cut_carrot_split/Seg3/cut_carrot,Are there any physically implausible objects like floating items in the scene?,No.,No.,correct,1.0,"The model answer correctly states 'No', which is consistent with both the gold answer and the caption provided."
rgb__aligned_dataset_check_mailbox_split_seg4_check_mailbox_rgb__text_recognition__01,rgb,text_recognition,aligned_dataset/check_mailbox_split/Seg4/check_mailbox_rgb,What is the number on the mailbox directly below 1'223?,1'224.,1'224,correct,1.0,"The model correctly identified the mailbox number as 1'224, matching the gold answer provided in the caption."
event__aligned_dataset_cut_potato_and_carrot_split_seg2_cut_potato_and_carrot_event__event_spatial_reasoning__01,event,event_spatial_reasoning,aligned_dataset/cut_potato_and_carrot_split/Seg2/cut_potato_and_carrot_event,Where are the soap bottles located relative to the sink basin?,Behind the sink.,Behind the sink basin.,correct,1.0,The model answer is semantically equivalent to the gold answer and supported by the caption.
depth__cut_carrot_split_seg4_cut_carrot__depth_object_recognition__01,depth,depth_object_recognition,cut_carrot_split/Seg4/cut_carrot,What is the shape of the container located in the top right of my view?,Circular.,Circular,correct,1.0,"The model answer correctly identifies the shape as circular, matching the gold answer and the provided caption."
ir__aligned_dataset_check_mailbox_split_seg4_check_mailbox_ir__scene_sequence__01,ir,scene_sequence,aligned_dataset/check_mailbox_split/Seg4/check_mailbox_ir,What is the last area I encounter after passing through the glass doorway and the hallway?,An outdoor area.,An outdoor area.,correct,1.0,The model answer matches the gold answer and is directly supported by the caption.
event__aligned_dataset_cut_potato_and_carrot_split_seg2_cut_potato_and_carrot_event__event_scene_sequence__01,event,event_scene_sequence,aligned_dataset/cut_potato_and_carrot_split/Seg2/cut_potato_and_carrot_event,What action defines the final part of the sequence?,Peeling a vegetable.,Peeling a vegetable.,correct,1.0,The model answer perfectly matches the gold answer and is directly supported by the caption.
depth__cut_carrot_split_seg4_cut_carrot__depth_spatial_reasoning__01,depth,depth_spatial_reasoning,cut_carrot_split/Seg4/cut_carrot,"Between the knife and the cutting board, which is closer to me?",Knife.,The knife.,correct,1.0,"The model correctly identified the knife as closer, which matches the gold answer and the caption's assertion that the hands and knife are the topmost objects."
rgb__aligned_dataset_check_mailbox_split_seg4_check_mailbox_rgb__text_recognition__03,rgb,text_recognition,aligned_dataset/check_mailbox_split/Seg4/check_mailbox_rgb,Which room is indicated by the text on the grey door at the end of the hall?,Müllraum.,Garbage room,correct,1.0,"The model correctly identified the room as a 'garbage room', which is the translation and meaning of the gold answer 'Müllraum' provided in the caption."
ir__aligned_dataset_check_mailbox_split_seg4_check_mailbox_ir__light_recognition__01,ir,light_recognition,aligned_dataset/check_mailbox_split/Seg4/check_mailbox_ir,What kind of light sources are visible on the ceiling in the hallway?,Linear fluorescent or LED light fixtures.,Ceiling-mounted fluorescent or LED light fixtures.,correct,1.0,"The model answer accurately describes the light sources as ceiling-mounted fluorescent or LED fixtures, which is semantically equivalent to the gold answer."
event__aligned_dataset_cut_potato_and_carrot_split_seg2_cut_potato_and_carrot_event__event_counting__01,event,event_counting,aligned_dataset/cut_potato_and_carrot_split/Seg2/cut_potato_and_carrot_event,How many soap bottles are on the counter?,Three.,Three.,correct,1.0,The model answer matches the gold answer and is directly supported by the provided caption.
depth__cut_carrot_split_seg4_cut_carrot__depth_scene_sequence__01,depth,depth_scene_sequence,cut_carrot_split/Seg4/cut_carrot,What action marks the transition in the scene layout halfway through?,Lifting the board.,Lifting the cutting board from the table.,correct,1.0,The model's answer is semantically identical to the gold answer and accurately identifies the action described in the caption.
rgb__aligned_dataset_check_mailbox_split_seg4_check_mailbox_rgb__text_recognition__04,rgb,text_recognition,aligned_dataset/check_mailbox_split/Seg4/check_mailbox_rgb,What word is printed on the keychain tag?,HALLELUJA.,HALLELUJA,correct,1.0,The model correctly identified the word on the keychain as mentioned in the caption.
ir__aligned_dataset_check_mailbox_split_seg4_check_mailbox_ir__light_change__01,ir,light_change,aligned_dataset/check_mailbox_split/Seg4/check_mailbox_ir,Does the overall scene become brighter or darker as I move towards the exit?,The scene becomes darker as you exit the building.,Brighter.,incorrect,0.0,"The model answer contradicts the gold answer and the provided caption, which states the scene transitions to a potentially darker environment."
event__aligned_dataset_cut_potato_and_carrot_split_seg2_cut_potato_and_carrot_event__event_dynamic_counting__01,event,event_dynamic_counting,aligned_dataset/cut_potato_and_carrot_split/Seg2/cut_potato_and_carrot_event,How many hands are actively moving?,Two.,Two.,correct,1.0,"The model correctly identified the number of hands, matching both the gold answer and the caption."
depth__cut_carrot_split_seg4_cut_carrot__depth_counting__01,depth,depth_counting,cut_carrot_split/Seg4/cut_carrot,How many cutting boards are visible?,1,One.,correct,1.0,"The model correctly identified that there is one cutting board, which is consistent with the caption and the gold answer."
rgb__aligned_dataset_check_mailbox_split_seg4_check_mailbox_rgb__text_recognition__05,rgb,text_recognition,aligned_dataset/check_mailbox_split/Seg4/check_mailbox_rgb,What are the numbers on the mailboxes in the second bank shown?,1'004 to 1'010.,1'004 to 1'010,correct,1.0,The model answer correctly identifies the range of mailbox numbers mentioned in the caption for the second bank.
ir__aligned_dataset_check_mailbox_split_seg4_check_mailbox_ir__counting__01,ir,counting,aligned_dataset/check_mailbox_split/Seg4/check_mailbox_ir,How many major structural pillars are visible in the entrance hall?,One.,1,correct,1.0,"The model correctly identified the number of structural pillars as one, which matches the gold answer."
event__aligned_dataset_cut_potato_and_carrot_split_seg2_cut_potato_and_carrot_event__event_navigation__01,event,event_navigation,aligned_dataset/cut_potato_and_carrot_split/Seg2/cut_potato_and_carrot_event,How does my viewpoint change as I approach the sink?,It tilts downward.,The viewpoint tilts downward.,correct,1.0,The model answer accurately reflects the gold answer and is supported by the provided caption.
depth__cut_carrot_split_seg4_cut_carrot__depth_dynamic_counting__01,depth,depth_dynamic_counting,cut_carrot_split/Seg4/cut_carrot,How many knives are used to cut?,1,One.,correct,1.0,The model answer correctly identifies the number of knives mentioned in the caption.
ir__aligned_dataset_check_mailbox_split_seg4_check_mailbox_ir__dynamic_counting__01,ir,dynamic_counting,aligned_dataset/check_mailbox_split/Seg4/check_mailbox_ir,How many people are visible walking outside the building?,One.,1,correct,1.0,"The model correctly identified that there is one person visible, which matches the gold answer."
event__aligned_dataset_cut_potato_and_carrot_split_seg2_cut_potato_and_carrot_event__event_dynamic_recognition__01,event,event_dynamic_recognition,aligned_dataset/cut_potato_and_carrot_split/Seg2/cut_potato_and_carrot_event,Did a second person enter the kitchen?,No.,No.,correct,1.0,"The model correctly answered the question based on the provided caption, which mentions only one set of hands and no additional people."
depth__cut_carrot_split_seg4_cut_carrot__depth_navigation__01,depth,depth_navigation,cut_carrot_split/Seg4/cut_carrot,In which direction is the bowl relative to the cutting board?,Top right.,Top right.,correct,1.0,The model answer matches the gold answer and is directly supported by the provided caption.
ir__aligned_dataset_check_mailbox_split_seg4_check_mailbox_ir__non_common__01,ir,non_common,aligned_dataset/check_mailbox_split/Seg4/check_mailbox_ir,Is there any object or furniture that appears to be floating or placed in an illogical position?,No.,No.,correct,1.0,"The model answer correctly states 'No', which matches the gold answer and is supported by the caption stating no major layout violations are present."
event__aligned_dataset_cut_potato_and_carrot_split_seg2_cut_potato_and_carrot_event__event_action__01,event,event_action,aligned_dataset/cut_potato_and_carrot_split/Seg2/cut_potato_and_carrot_event,What is the primary task I am performing?,Peeling a vegetable.,Peeling a vegetable.,correct,1.0,The model answer perfectly matches the gold answer and is supported by the provided caption.
depth__cut_carrot_split_seg4_cut_carrot__depth_dynamic_recognition__01,depth,depth_dynamic_recognition,cut_carrot_split/Seg4/cut_carrot,Is the knife moving back and forth?,Yes.,Yes.,correct,1.0,"The model answer is correct and supported by the caption, which states the knife is reciprocating."
ir__aligned_dataset_check_mailbox_split_seg4_check_mailbox_ir__navigation__01,ir,navigation,aligned_dataset/check_mailbox_split/Seg4/check_mailbox_ir,"To exit the building from the mailbox area, which direction should I head first?",Turn right and head towards the glass entrance door.,Right.,partial,0.5,The model identifies the correct direction but fails to mention the destination (the glass entrance door) as specified in the gold answer.
event__aligned_dataset_cut_potato_and_carrot_split_seg2_cut_potato_and_carrot_event__event_non_common__01,event,event_non_common,aligned_dataset/cut_potato_and_carrot_split/Seg2/cut_potato_and_carrot_event,Is there any unrealistic motion or floating objects in the sink area?,No.,No.,correct,1.0,The model answer matches the gold answer and is consistent with the provided caption.
depth__cut_carrot_split_seg4_cut_carrot__depth_action__01,depth,depth_action,cut_carrot_split/Seg4/cut_carrot,What am I doing with the knife initially?,Slicing vegetables.,Slicing a vegetable into strips.,correct,1.0,The model answer is semantically equivalent to the gold answer and accurately reflects the action described in the caption.
rgb__aligned_dataset_check_mailbox_split_seg4_check_mailbox_rgb__scene_sequence__01,rgb,scene_sequence,aligned_dataset/check_mailbox_split/Seg4/check_mailbox_rgb,What is the sequence of scenes I just passed?,"Dark foyer, mailbox area, door lock interaction, outdoor corridor.","Foyer, mailbox area, glass exit door, outdoor corridor.",partial,0.5,"The model identifies the key locations but omits the specific action of interacting with the door lock, which was part of the gold answer."
ir__aligned_dataset_check_mailbox_split_seg4_check_mailbox_ir__dynamic_recognition__01,ir,dynamic_recognition,aligned_dataset/check_mailbox_split/Seg4/check_mailbox_ir,During which frame interval is the person visible outside?,Between frame 000570 and 000870.,000570-000870,correct,1.0,The model answer provides the exact frame interval specified in the gold answer and caption.
event__aligned_dataset_cut_potato_and_carrot_split_seg3_cut_potato_and_carrot_event__event_object_recognition__01,event,event_object_recognition,aligned_dataset/cut_potato_and_carrot_split/Seg3/cut_potato_and_carrot_event,What tool am I moving across the surface of the round object?,A Y-shaped peeler.,A Y-shaped peeler.,correct,1.0,"The model answer correctly identifies the tool as a Y-shaped peeler, matching the gold answer and the provided caption."
depth__cut_carrot_split_seg4_cut_carrot__depth_non_common__01,depth,depth_non_common,cut_carrot_split/Seg4/cut_carrot,Are there any objects floating in mid-air without support?,No.,No.,correct,1.0,"The model answer correctly states that no objects are floating, which is consistent with the gold answer and supported by the caption."
rgb__aligned_dataset_check_mailbox_split_seg4_check_mailbox_rgb__scene_sequence__02,rgb,scene_sequence,aligned_dataset/check_mailbox_split/Seg4/check_mailbox_rgb,What did I pass before the mailboxes?,The building entrance area and fire alarm box.,A red fire alarm box.,partial,0.5,The model identifies the fire alarm box but omits the building entrance/foyer area mentioned in the gold answer.
ir__aligned_dataset_check_mailbox_split_seg4_check_mailbox_ir__action__01,ir,action,aligned_dataset/check_mailbox_split/Seg4/check_mailbox_ir,What is the primary action I perform at the mailbox labeled 1'235?,I unlock and open the mailbox.,Retrieving mail.,partial,0.5,The model identifies the intent (retrieving mail) but misses the specific physical actions (unlocking and opening) stated in the gold answer.
event__aligned_dataset_cut_potato_and_carrot_split_seg3_cut_potato_and_carrot_event__event_spatial_reasoning__01,event,event_spatial_reasoning,aligned_dataset/cut_potato_and_carrot_split/Seg3/cut_potato_and_carrot_event,Is the cheese grater to the left or right of my hands in the early part of the video?,To the left.,To the left.,correct,1.0,The model answer correctly identifies the position of the cheese grater as stated in the caption.
depth__cut_potato_and_carrot_split_seg1_cut_potato_and_carrot__depth_object_recognition__01,depth,depth_object_recognition,cut_potato_and_carrot_split/Seg1/cut_potato_and_carrot,What large furniture object is positioned at a mid-range distance of approximately 2 to 3 meters at the start of the video?,A sofa.,Sofa.,correct,1.0,The model answer matches the gold answer and is directly supported by the caption.
rgb__aligned_dataset_check_mailbox_split_seg4_check_mailbox_rgb__scene_sequence__03,rgb,scene_sequence,aligned_dataset/check_mailbox_split/Seg4/check_mailbox_rgb,What room or area follows the mailbox bank?,The glass exit door and doorway.,A glass exit door.,correct,1.0,"The model correctly identifies the glass exit door, which follows the mailbox bank according to the caption."
ir__aligned_dataset_check_mailbox_split_seg5_check_mailbox_ir__object_recognition__01,ir,object_recognition,aligned_dataset/check_mailbox_split/Seg5/check_mailbox_ir,What kind of structures are present in the outdoor courtyard besides the main building and the stairs?,Rectangular benches.,Rectangular seating.,correct,1.0,The model's answer 'rectangular seating' is semantically equivalent to the gold answer 'rectangular benches' and is supported by the caption.
event__aligned_dataset_cut_potato_and_carrot_split_seg3_cut_potato_and_carrot_event__event_scene_sequence__01,event,event_scene_sequence,aligned_dataset/cut_potato_and_carrot_split/Seg3/cut_potato_and_carrot_event,What environmental change occurs halfway through the sequence?,Camera moves closer to the sink.,The camera shifts from a wide view of the counter to a close-up of the sink basin.,correct,1.0,"The model accurately describes the shift from the counter to the sink basin, which matches the gold answer's description of the camera moving closer to the sink."
depth__cut_potato_and_carrot_split_seg1_cut_potato_and_carrot__depth_spatial_reasoning__01,depth,depth_spatial_reasoning,cut_potato_and_carrot_split/Seg1/cut_potato_and_carrot,"When my hand appears in the kitchen area, what is its spatial relationship to the countertop and appliances?",In front of them.,"The hand is in front of the countertop and appliances, occluding them.",correct,1.0,"The model correctly identifies the spatial relationship, stating the hand is in front of the countertop and appliances, matching the gold answer."
rgb__aligned_dataset_check_mailbox_split_seg4_check_mailbox_rgb__scene_sequence__04,rgb,scene_sequence,aligned_dataset/check_mailbox_split/Seg4/check_mailbox_rgb,What do I interact with before entering the outdoor corridor?,A lock cylinder with a key.,A key and a lock.,correct,1.0,"The model correctly identifies the key and lock as the items interacted with before exiting, which is semantically equivalent to the gold answer."
ir__aligned_dataset_check_mailbox_split_seg5_check_mailbox_ir__spatial_reasoning__01,ir,spatial_reasoning,aligned_dataset/check_mailbox_split/Seg5/check_mailbox_ir,What is the spatial relationship between the set of stairs and the seating area in the courtyard?,The seating area is located in front of the stairs across the paved courtyard.,The stairs are approximately 15 steps away from the central seating area.,partial,0.5,The model provides the correct distance but fails to describe the relative positioning or the path connecting them as requested.
event__aligned_dataset_cut_potato_and_carrot_split_seg3_cut_potato_and_carrot_event__event_counting__01,event,event_counting,aligned_dataset/cut_potato_and_carrot_split/Seg3/cut_potato_and_carrot_event,How many hands are visible moving in the scene?,Two.,Two.,correct,1.0,The model answer matches the gold answer and is directly supported by the caption.
depth__cut_potato_and_carrot_split_seg1_cut_potato_and_carrot__depth_scene_sequence__01,depth,depth_scene_sequence,cut_potato_and_carrot_split/Seg1/cut_potato_and_carrot,Into which room does the camera move after leaving the initial living area?,The kitchen.,Kitchen.,correct,1.0,"The model correctly identified the kitchen as the room entered after the living area, matching the gold answer."
rgb__aligned_dataset_check_mailbox_split_seg4_check_mailbox_rgb__scene_sequence__05,rgb,scene_sequence,aligned_dataset/check_mailbox_split/Seg4/check_mailbox_rgb,Where am I at the very beginning of the video?,In a dark building entrance foyer.,In the dark interior foyer of a building.,correct,1.0,The model answer is semantically equivalent to the gold answer and directly supported by the provided caption.
ir__aligned_dataset_check_mailbox_split_seg5_check_mailbox_ir__text_recognition__01,ir,text_recognition,aligned_dataset/check_mailbox_split/Seg5/check_mailbox_ir,What does the text on the door in frame 540 likely indicate?,Room numbers.,Room numbers 1131/1132.,correct,1.0,"The model answer provides the correct information based on the caption, including the specific room numbers mentioned."
event__aligned_dataset_cut_potato_and_carrot_split_seg3_cut_potato_and_carrot_event__event_dynamic_counting__01,event,event_dynamic_counting,aligned_dataset/cut_potato_and_carrot_split/Seg3/cut_potato_and_carrot_event,How many tools are being moved by my right hand?,One.,One.,correct,1.0,"The model correctly identified that the right hand is moving only one tool, the peeler, as stated in the caption."
rgb__aligned_dataset_check_mailbox_split_seg4_check_mailbox_rgb__scene_sequence__06,rgb,scene_sequence,aligned_dataset/check_mailbox_split/Seg4/check_mailbox_rgb,Where do I end up at the conclusion of the video?,"In an outdoor, covered corridor.",In a well-lit outdoor corridor.,correct,1.0,The model's answer is semantically equivalent to the gold answer and supported by the caption.
ir__aligned_dataset_check_mailbox_split_seg5_check_mailbox_ir__scene_sequence__01,ir,scene_sequence,aligned_dataset/check_mailbox_split/Seg5/check_mailbox_ir,What sequence of areas do I traverse through in the video?,"I traverse from an exterior courtyard with stairs, through an outdoor hallway, and into an interior lobby with an elevator.","Courtyard, outdoor corridor, and interior lobby.",correct,1.0,The model answer accurately summarizes the sequence of areas mentioned in the caption and gold answer.
event__aligned_dataset_cut_potato_and_carrot_split_seg3_cut_potato_and_carrot_event__event_navigation__01,event,event_navigation,aligned_dataset/cut_potato_and_carrot_split/Seg3/cut_potato_and_carrot_event,In which direction does the camera move after I finish the initial peeling on the counter?,Forward and downward toward the sink.,Forward and downward.,correct,1.0,"The model answer correctly identifies the movement direction, which is semantically equivalent to the gold answer."
depth__cut_potato_and_carrot_split_seg1_cut_potato_and_carrot__depth_dynamic_counting__01,depth,depth_dynamic_counting,cut_potato_and_carrot_split/Seg1/cut_potato_and_carrot,8. How many dynamic entities are present in the final close-up of the wall?,8. 0,Zero.,correct,1.0,"The model correctly identified that there are zero dynamic entities, consistent with the caption stating there are no independent moving objects."
rgb__aligned_dataset_check_mailbox_split_seg4_check_mailbox_rgb__scene_sequence__07,rgb,scene_sequence,aligned_dataset/check_mailbox_split/Seg4/check_mailbox_rgb,Which object do I pass on the wall before reaching the mailboxes?,A red fire alarm box.,A red fire alarm box.,correct,1.0,The model answer perfectly matches the gold answer and is directly supported by the provided caption.
ir__aligned_dataset_check_mailbox_split_seg5_check_mailbox_ir__light_recognition__01,ir,light_recognition,aligned_dataset/check_mailbox_split/Seg5/check_mailbox_ir,What is the primary source of illumination in the interior hallway segment?,Artificial ceiling lights.,Natural daylight and artificial lighting from ceiling-mounted fixtures.,partial,0.5,"The model included natural daylight, while the gold answer specifies artificial ceiling lights as the primary source described in the caption."
event__aligned_dataset_cut_potato_and_carrot_split_seg3_cut_potato_and_carrot_event__event_dynamic_recognition__01,event,event_dynamic_recognition,aligned_dataset/cut_potato_and_carrot_split/Seg3/cut_potato_and_carrot_event,Did I drop the peeler at any point?,No.,No.,correct,1.0,"The model answer correctly states no, which is consistent with the caption describing rhythmic peeling throughout the segment."
depth__cut_potato_and_carrot_split_seg1_cut_potato_and_carrot__depth_navigation__01,depth,depth_navigation,cut_potato_and_carrot_split/Seg1/cut_potato_and_carrot,What major horizontal structure defines the navigable path as I move through the kitchen?,The kitchen countertop.,The long countertop.,correct,1.0,"The model correctly identified the long countertop as the structure defining the navigable path, which is semantically equivalent to the gold answer."
ir__aligned_dataset_check_mailbox_split_seg5_check_mailbox_ir__light_change__01,ir,light_change,aligned_dataset/check_mailbox_split/Seg5/check_mailbox_ir,How does the intensity of light change as I move from the outside hallway into the building lobby?,The light intensity increases as I enter the well-lit lobby.,It transitions from lower intensity artificial light to a well-lit environment.,correct,1.0,"The model correctly identifies the transition to a well-lit environment, which is semantically equivalent to the gold answer regarding the increase in light intensity."
depth__cut_potato_and_carrot_split_seg1_cut_potato_and_carrot__depth_dynamic_recognition__01,depth,depth_dynamic_recognition,cut_potato_and_carrot_split/Seg1/cut_potato_and_carrot,8. Does my hand reappear at a close distance later in the kitchen sequence?,"8. Yes, around frame 000570",Yes.,partial,0.5,"The model correctly answered 'yes', but failed to include the specific timing information requested in the gold answer."
rgb__aligned_dataset_check_mailbox_split_seg4_check_mailbox_rgb__scene_sequence__09,rgb,scene_sequence,aligned_dataset/check_mailbox_split/Seg4/check_mailbox_rgb,Is the mailbox area located before or after the fire alarm box?,After.,After.,correct,1.0,The model correctly identified that the mailbox area follows the fire alarm box based on the sequence described in the caption.
ir__aligned_dataset_check_mailbox_split_seg5_check_mailbox_ir__counting__01,ir,counting,aligned_dataset/check_mailbox_split/Seg5/check_mailbox_ir,How many rectangular benches are visible in the courtyard?,Two.,Two.,correct,1.0,The model answer correctly identifies the number of benches stated in the caption.
event__aligned_dataset_cut_potato_and_carrot_split_seg3_cut_potato_and_carrot_event__event_non_common__01,event,event_non_common,aligned_dataset/cut_potato_and_carrot_split/Seg3/cut_potato_and_carrot_event,Are there any floating objects or physically impossible movements in the scene?,No.,No.,correct,1.0,"The model answer correctly states 'No', which is consistent with the caption and the gold answer."
ir__aligned_dataset_check_mailbox_split_seg5_check_mailbox_ir__dynamic_counting__01,ir,dynamic_counting,aligned_dataset/check_mailbox_split/Seg5/check_mailbox_ir,Are there any moving vehicles or people approaching me in the video?,No.,No.,correct,1.0,"The model correctly answered 'No', which aligns with the gold answer and is supported by the caption stating there are no significant moving objects or people."
event__aligned_dataset_cut_potato_and_carrot_split_seg4_cut_potato_and_carrot_event__event_object_recognition__01,event,event_object_recognition,aligned_dataset/cut_potato_and_carrot_split/Seg4/cut_potato_and_carrot_event,What handheld tool am I using to manipulate the round object at the beginning?,A peeler.,A peeler.,correct,1.0,"The model correctly identified the tool as a peeler, which matches the gold answer and is supported by the caption."
depth__cut_potato_and_carrot_split_seg1_cut_potato_and_carrot__depth_non_common__01,depth,depth_non_common,cut_potato_and_carrot_split/Seg1/cut_potato_and_carrot,What unusual visual artifact occurs in the depth map when the camera is extremely close to the wall at the end?,Heavy depth noise.,"Heavy noise, appearing as a chaotic field of varying depth values.",correct,1.0,The model answer accurately describes the heavy depth noise and the chaotic field of values mentioned in the caption.
ir__aligned_dataset_check_mailbox_split_seg5_check_mailbox_ir__non_common__01,ir,non_common,aligned_dataset/check_mailbox_split/Seg5/check_mailbox_ir,Is there any object in the scene that appears to be floating or violating physical laws?,No.,No.,correct,1.0,"The model answer correctly states 'No', which matches the gold answer and is supported by the caption stating no objects are floating or clipping."
event__aligned_dataset_cut_potato_and_carrot_split_seg4_cut_potato_and_carrot_event__event_spatial_reasoning__01,event,event_spatial_reasoning,aligned_dataset/cut_potato_and_carrot_split/Seg4/cut_potato_and_carrot_event,Where is the cutlery basket located within the dishwasher rack relative to the plates?,In front of them.,In the front section.,partial,0.5,The model identifies the location of the cutlery basket but fails to state its position relative to the plates as requested.
depth__cut_potato_and_carrot_split_seg2_cut_potato_and_carrot__depth_object_recognition__01,depth,depth_object_recognition,cut_potato_and_carrot_split/Seg2/cut_potato_and_carrot,Which objects in the scene are positioned closest to me?,The bottles.,The bottles.,correct,1.0,"The model correctly identified the bottles as the objects closest to the camera, consistent with the caption and gold answer."
rgb__aligned_dataset_check_mailbox_split_seg4_check_mailbox_rgb__light_change__01,rgb,light_change,aligned_dataset/check_mailbox_split/Seg4/check_mailbox_rgb,Does the scene get brighter or darker as the video progresses?,Brighter.,It gets brighter.,correct,1.0,"The model correctly identified that the scene gets brighter, matching the gold answer and supported by the caption."
ir__aligned_dataset_check_mailbox_split_seg5_check_mailbox_ir__navigation__01,ir,navigation,aligned_dataset/check_mailbox_split/Seg5/check_mailbox_ir,"After walking down the stairs, what is the next step to enter the building?",Walk along the outdoor corridor towards the building entrance.,Walking along an outdoor balcony.,partial,0.5,The model identifies the next step correctly but misses the destination aspect mentioned in the gold answer.
event__aligned_dataset_cut_potato_and_carrot_split_seg4_cut_potato_and_carrot_event__event_scene_sequence__01,event,event_scene_sequence,aligned_dataset/cut_potato_and_carrot_split/Seg4/cut_potato_and_carrot_event,What is the sequence of the two main activities I perform?,Peeling then organizing dishes.,"Peeling items over a sink, then interacting with plates and utensils in a dishwasher.",correct,1.0,"The model answer correctly identifies both activities and their order, matching the gold answer's meaning."
depth__cut_potato_and_carrot_split_seg2_cut_potato_and_carrot__depth_spatial_reasoning__01,depth,depth_spatial_reasoning,cut_potato_and_carrot_split/Seg2/cut_potato_and_carrot,Are the bottles in front of or behind the container of brushes?,In front of.,In front of.,correct,1.0,"The model answer correctly identifies that the bottles are in front of the container of brushes, which is consistent with both the caption and gold answer."
rgb__aligned_dataset_check_mailbox_split_seg4_check_mailbox_rgb__light_change__02,rgb,light_change,aligned_dataset/check_mailbox_split/Seg4/check_mailbox_rgb,Is the light approaching me as I walk down the hall?,"Yes, as I move toward the bright exterior.",Yes.,partial,0.5,The model answered correctly but lacked the specific context provided in the gold answer regarding moving toward the bright exterior.
ir__aligned_dataset_check_mailbox_split_seg5_check_mailbox_ir__dynamic_recognition__01,ir,dynamic_recognition,aligned_dataset/check_mailbox_split/Seg5/check_mailbox_ir,Does any independent dynamic object appear in the hallway while I am walking?,No.,No.,correct,1.0,"The model answer correctly states that no independent dynamic objects appear, which aligns with the provided caption."
event__aligned_dataset_cut_potato_and_carrot_split_seg4_cut_potato_and_carrot_event__event_counting__01,event,event_counting,aligned_dataset/cut_potato_and_carrot_split/Seg4/cut_potato_and_carrot_event,How many hands are visible interacting with the objects throughout the video?,2,2,correct,1.0,The model answer correctly identifies the number of hands mentioned in the caption.
depth__cut_potato_and_carrot_split_seg2_cut_potato_and_carrot__depth_scene_sequence__01,depth,depth_scene_sequence,cut_potato_and_carrot_split/Seg2/cut_potato_and_carrot,Does the camera move into any other rooms during the video?,No.,No.,correct,1.0,"The model answer correctly states no, which is supported by the caption stating the camera remains in a stable position with no transitions to other rooms."
ir__aligned_dataset_check_mailbox_split_seg5_check_mailbox_ir__action__01,ir,action,aligned_dataset/check_mailbox_split/Seg5/check_mailbox_ir,What is my primary action during the middle segment of the video?,Walking along an outdoor corridor.,Descending a flight of metal stairs.,partial,0.5,"The model identifies an action mentioned in the caption, but the gold answer identifies walking along the corridor, which is also a significant middle segment action."
event__aligned_dataset_cut_potato_and_carrot_split_seg4_cut_potato_and_carrot_event__event_dynamic_counting__01,event,event_dynamic_counting,aligned_dataset/cut_potato_and_carrot_split/Seg4/cut_potato_and_carrot_event,How many peelers am I moving?,1,1,correct,1.0,"The model answer correctly identifies that there is 1 peeler, which is explicitly stated in the caption."
depth__cut_potato_and_carrot_split_seg2_cut_potato_and_carrot__depth_counting__01,depth,depth_counting,cut_potato_and_carrot_split/Seg2/cut_potato_and_carrot,How many distinct bottles are visible on the counter?,Two.,2,correct,1.0,The model correctly identified the number of bottles as stated in the caption.
event__aligned_dataset_cut_potato_and_carrot_split_seg4_cut_potato_and_carrot_event__event_navigation__01,event,event_navigation,aligned_dataset/cut_potato_and_carrot_split/Seg4/cut_potato_and_carrot_event,In what direction do I rotate my viewpoint to move from the sink to the dishwasher?,Down and right.,Downward and to the right.,correct,1.0,The model answer is semantically identical to the gold answer and fully supported by the caption.
depth__cut_potato_and_carrot_split_seg2_cut_potato_and_carrot__depth_dynamic_counting__01,depth,depth_dynamic_counting,cut_potato_and_carrot_split/Seg2/cut_potato_and_carrot,How many moving objects are present in the video?,None.,0,correct,1.0,"The model correctly identified that there are zero moving objects, which is semantically equivalent to the gold answer 'None'."
rgb__aligned_dataset_check_mailbox_split_seg4_check_mailbox_rgb__light_change__05,rgb,light_change,aligned_dataset/check_mailbox_split/Seg4/check_mailbox_rgb,Is there a sudden flash of light?,No.,No.,correct,1.0,"The model answer correctly identifies that there is no sudden flash of light, which is consistent with the caption describing gradual light changes."
event__aligned_dataset_cut_potato_and_carrot_split_seg4_cut_potato_and_carrot_event__event_dynamic_recognition__01,event,event_dynamic_recognition,aligned_dataset/cut_potato_and_carrot_split/Seg4/cut_potato_and_carrot_event,Did I move a plate in the dishwasher?,Yes.,Yes.,correct,1.0,The model answer correctly confirms the action described in the caption.
depth__cut_potato_and_carrot_split_seg2_cut_potato_and_carrot__depth_navigation__01,depth,depth_navigation,cut_potato_and_carrot_split/Seg2/cut_potato_and_carrot,"Is there a clear, navigable path leading forward in this scene?","No, it is a static workspace.",No.,correct,1.0,"The model answer correctly identifies that there is no navigable path, matching the gold answer's intent."
ir__aligned_dataset_check_mailbox_split_seg6_check_mailbox_ir__text_recognition__01,ir,text_recognition,aligned_dataset/check_mailbox_split/Seg6/check_mailbox_ir,What are the numbers displayed on the door in the hallway?,"The numbers are 1233, 1234, and 1235.","1'233, 1'234, and 1'235",correct,1.0,The model answer accurately reflects the numbers provided in the caption.
event__aligned_dataset_cut_potato_and_carrot_split_seg4_cut_potato_and_carrot_event__event_action__01,event,event_action,aligned_dataset/cut_potato_and_carrot_split/Seg4/cut_potato_and_carrot_event,Which hand am I using to hold the peeler?,Right hand.,Right hand.,correct,1.0,"The model correctly identified the right hand as the one holding the peeler, which matches the caption and gold answer."
depth__cut_potato_and_carrot_split_seg2_cut_potato_and_carrot__depth_dynamic_recognition__01,depth,depth_dynamic_recognition,cut_potato_and_carrot_split/Seg2/cut_potato_and_carrot,Do any objects change their depth position during the recording?,No.,No.,correct,1.0,"The model answer correctly states 'No', which matches the gold answer and is supported by the caption stating there is no change in object depth."
rgb__aligned_dataset_check_mailbox_split_seg4_check_mailbox_rgb__light_change__07,rgb,light_change,aligned_dataset/check_mailbox_split/Seg4/check_mailbox_rgb,Are there any moving headlights visible?,No.,No.,correct,1.0,"The model correctly answered the question based on the caption, which describes illumination from overhead lights and natural light, not headlights."
ir__aligned_dataset_check_mailbox_split_seg6_check_mailbox_ir__scene_sequence__01,ir,scene_sequence,aligned_dataset/check_mailbox_split/Seg6/check_mailbox_ir,What sequence of areas do I transition through in the video?,"I move from the external corridor, through a doorway, and into the apartment's dining area.","Exterior apartment corridor, apartment unit (dining area), and storage area.",correct,1.0,The model correctly identifies the sequence of areas described in the caption.
event__aligned_dataset_cut_potato_and_carrot_split_seg4_cut_potato_and_carrot_event__event_non_common__01,event,event_non_common,aligned_dataset/cut_potato_and_carrot_split/Seg4/cut_potato_and_carrot_event,Are there any floating objects or unrealistic motions observed in the sink area?,No.,No.,correct,1.0,"The model answer correctly states 'No', which is semantically equivalent to the gold answer and supported by the caption."
depth__cut_potato_and_carrot_split_seg2_cut_potato_and_carrot__depth_action__01,depth,depth_action,cut_potato_and_carrot_split/Seg2/cut_potato_and_carrot,What is the subject doing in the scene?,"Observing, no action performed.",The subject is observing the scene.,correct,1.0,"The model correctly identifies that the subject is observing, which aligns with the gold answer and the provided caption."
rgb__aligned_dataset_check_mailbox_split_seg4_check_mailbox_rgb__light_change__08,rgb,light_change,aligned_dataset/check_mailbox_split/Seg4/check_mailbox_rgb,Does the light source change from artificial to natural?,Yes.,Yes.,correct,1.0,The model answer correctly confirms the transition described in the caption.
ir__aligned_dataset_check_mailbox_split_seg6_check_mailbox_ir__light_recognition__01,ir,light_recognition,aligned_dataset/check_mailbox_split/Seg6/check_mailbox_ir,Are there any artificial light sources visible in the corridor?,"Yes, overhead lights are visible along the corridor ceiling.",Yes.,partial,0.5,The model answer is correct but lacks the specific detail provided in the gold answer regarding the location of the lights.
event__aligned_dataset_cut_potato_and_carrot_split_seg5_cut_potato_and_carrot_event__event_object_recognition__01,event,event_object_recognition,aligned_dataset/cut_potato_and_carrot_split/Seg5/cut_potato_and_carrot_event,What rectangular object do I pick up from the counter?,A cutting board.,A cutting board.,correct,1.0,The model answer matches the gold answer and is supported by the caption.
depth__cut_potato_and_carrot_split_seg2_cut_potato_and_carrot__depth_non_common__01,depth,depth_non_common,cut_potato_and_carrot_split/Seg2/cut_potato_and_carrot,Are there any floating objects or depth artifacts visible in the scene?,No.,No.,correct,1.0,"The model correctly answered 'No', which is consistent with both the gold answer and the provided caption."
rgb__aligned_dataset_check_mailbox_split_seg4_check_mailbox_rgb__counting__01,rgb,counting,aligned_dataset/check_mailbox_split/Seg4/check_mailbox_rgb,How many red fire alarm boxes are on the wall?,One.,1,correct,1.0,"The model correctly identified the count of the red fire alarm box as one, matching the gold answer."
ir__aligned_dataset_check_mailbox_split_seg6_check_mailbox_ir__light_change__01,ir,light_change,aligned_dataset/check_mailbox_split/Seg6/check_mailbox_ir,Does the overall thermal brightness change when entering the room?,"Yes, it becomes brighter as the indoor environment is warmer than the exterior corridor.",Yes.,partial,0.5,The model correctly answers the binary question but fails to provide the requested explanation regarding the change in thermal intensity.
event__aligned_dataset_cut_potato_and_carrot_split_seg5_cut_potato_and_carrot_event__event_spatial_reasoning__01,event,event_spatial_reasoning,aligned_dataset/cut_potato_and_carrot_split/Seg5/cut_potato_and_carrot_event,Where is the faucet located relative to the sink?,Behind it.,At the rear of the sink basin.,correct,1.0,The model's answer is semantically equivalent to the gold answer and accurately reflects the provided caption.
rgb__aligned_dataset_check_mailbox_split_seg4_check_mailbox_rgb__counting__02,rgb,counting,aligned_dataset/check_mailbox_split/Seg4/check_mailbox_rgb,How many white pillars are in the entrance area?,One.,1,correct,1.0,"The model correctly identified the count of white pillars as 1, which matches the gold answer and is supported by the caption."
ir__aligned_dataset_check_mailbox_split_seg6_check_mailbox_ir__counting__01,ir,counting,aligned_dataset/check_mailbox_split/Seg6/check_mailbox_ir,How many chairs are visible in the room?,There are 3 chairs.,3,correct,1.0,The model correctly identified the number of chairs stated in the caption.
event__aligned_dataset_cut_potato_and_carrot_split_seg5_cut_potato_and_carrot_event__event_scene_sequence__01,event,event_scene_sequence,aligned_dataset/cut_potato_and_carrot_split/Seg5/cut_potato_and_carrot_event,What do I see first before panning to the stove?,Sink and dish rack.,A hand lifting a cutting board.,partial,0.5,"The model identifies the hand and cutting board, but the caption explicitly states the kitchen sink and dish rack are visible first."
depth__cut_potato_and_carrot_split_seg3_cut_potato_and_carrot__depth_spatial_reasoning__01,depth,depth_spatial_reasoning,cut_potato_and_carrot_split/Seg3/cut_potato_and_carrot,Is the dish brush positioned in front of or behind the cylindrical container?,Behind the container.,Behind.,correct,1.0,"The model answer correctly identifies that the brush is behind the container, as stated in the caption."
ir__aligned_dataset_check_mailbox_split_seg6_check_mailbox_ir__dynamic_counting__01,ir,dynamic_counting,aligned_dataset/check_mailbox_split/Seg6/check_mailbox_ir,How many moving objects are there in the video?,Zero.,0,correct,1.0,"The model answer correctly identifies the number of moving objects as zero, which matches the gold answer and the provided caption."
event__aligned_dataset_cut_potato_and_carrot_split_seg5_cut_potato_and_carrot_event__event_counting__01,event,event_counting,aligned_dataset/cut_potato_and_carrot_split/Seg5/cut_potato_and_carrot_event,How many circular stove burners are clearly visible?,2,Two.,correct,1.0,The model answer correctly identifies the number of stove burners as stated in the caption.
depth__cut_potato_and_carrot_split_seg3_cut_potato_and_carrot__depth_scene_sequence__01,depth,depth_scene_sequence,cut_potato_and_carrot_split/Seg3/cut_potato_and_carrot,Does the camera move into any other rooms during the video?,No.,No.,correct,1.0,"The model correctly answered the question based on the caption, which states the camera does not transition to other rooms."
rgb__aligned_dataset_check_mailbox_split_seg4_check_mailbox_rgb__counting__04,rgb,counting,aligned_dataset/check_mailbox_split/Seg4/check_mailbox_rgb,How many red cars are visible outside?,One.,1,correct,1.0,"The model answer correctly identifies the number of red cars as 1, which matches the gold answer and the provided caption."
ir__aligned_dataset_check_mailbox_split_seg6_check_mailbox_ir__non_common__01,ir,non_common,aligned_dataset/check_mailbox_split/Seg6/check_mailbox_ir,Are there any floating objects in the room?,No.,No.,correct,1.0,"The model correctly answered the question based on the caption, which explicitly states no floating objects were detected."
event__aligned_dataset_cut_potato_and_carrot_split_seg5_cut_potato_and_carrot_event__event_dynamic_counting__01,event,event_dynamic_counting,aligned_dataset/cut_potato_and_carrot_split/Seg5/cut_potato_and_carrot_event,How many times do I lift the cutting board?,1,1,correct,1.0,The model answer correctly identifies the number of times the cutting board was lifted as stated in the caption.
depth__cut_potato_and_carrot_split_seg3_cut_potato_and_carrot__depth_counting__01,depth,depth_counting,cut_potato_and_carrot_split/Seg3/cut_potato_and_carrot,How many distinct bottles are visible at the bottom left of the scene?,Two.,2,correct,1.0,The model answer correctly identifies the number of bottles specified in the caption.
ir__aligned_dataset_check_mailbox_split_seg6_check_mailbox_ir__navigation__01,ir,navigation,aligned_dataset/check_mailbox_split/Seg6/check_mailbox_ir,How do I enter the apartment from the corridor?,I walk forward in the corridor and step through the doorway into the room.,"Walk forward, turn slightly right to face the door, and enter through it.",correct,1.0,The model answer accurately captures the steps provided in the caption to enter the apartment from the corridor.
event__aligned_dataset_cut_potato_and_carrot_split_seg5_cut_potato_and_carrot_event__event_navigation__01,event,event_navigation,aligned_dataset/cut_potato_and_carrot_split/Seg5/cut_potato_and_carrot_event,In which direction do I pan the camera after picking up the board?,To the left.,Left.,correct,1.0,"The model correctly identified that the camera pans to the left after grabbing the board, matching the gold answer."
rgb__aligned_dataset_check_mailbox_split_seg4_check_mailbox_rgb__counting__06,rgb,counting,aligned_dataset/check_mailbox_split/Seg4/check_mailbox_rgb,How many grey doors are visible in the outdoor corridor?,One.,1,correct,1.0,"The model answer correctly identifies the number of grey doors as 1, which matches the gold answer and the provided caption."
ir__aligned_dataset_check_mailbox_split_seg6_check_mailbox_ir__dynamic_recognition__01,ir,dynamic_recognition,aligned_dataset/check_mailbox_split/Seg6/check_mailbox_ir,Does any person appear in the video?,No.,No.,correct,1.0,"The model answer correctly states 'No', which matches the gold answer and is consistent with the caption stating no dynamic entities are present."
event__aligned_dataset_cut_potato_and_carrot_split_seg5_cut_potato_and_carrot_event__event_dynamic_recognition__01,event,event_dynamic_recognition,aligned_dataset/cut_potato_and_carrot_split/Seg5/cut_potato_and_carrot_event,When did the hand first appear?,Approx frame 150,Frame 150,correct,1.0,The model answer accurately identifies the frame number provided in the caption.
depth__cut_potato_and_carrot_split_seg3_cut_potato_and_carrot__depth_navigation__01,depth,depth_navigation,cut_potato_and_carrot_split/Seg3/cut_potato_and_carrot,Is there a navigable path forward in this scene?,No.,No.,correct,1.0,"The model correctly identified that there is no navigable path, which is consistent with the caption stating the viewpoint is stationary and movement is restricted."
rgb__aligned_dataset_check_mailbox_split_seg4_check_mailbox_rgb__counting__07,rgb,counting,aligned_dataset/check_mailbox_split/Seg4/check_mailbox_rgb,How many name tags can be read on the mailboxes?,Four.,4,correct,1.0,"The model correctly identified the number of name tags as 4, which matches the gold answer."
ir__aligned_dataset_check_mailbox_split_seg6_check_mailbox_ir__action__01,ir,action,aligned_dataset/check_mailbox_split/Seg6/check_mailbox_ir,What is my primary action in the video?,Walking through a corridor and entering a room.,Entering a room.,partial,0.5,The model answer mentions entering the room but omits the key action of walking along the corridor described in the gold answer.
event__aligned_dataset_cut_potato_and_carrot_split_seg5_cut_potato_and_carrot_event__event_action__01,event,event_action,aligned_dataset/cut_potato_and_carrot_split/Seg5/cut_potato_and_carrot_event,What action am I performing with my hand?,Picking up a board.,Picking up a cutting board.,correct,1.0,The model answer is semantically equivalent to the gold answer and accurately identifies the specific object mentioned in the caption.
ir__aligned_dataset_cut_carrot_split_seg1_cut_carrot_ir__object_recognition__01,ir,object_recognition,aligned_dataset/cut_carrot_split/Seg1/cut_carrot_ir,What items are placed on the white cutting board?,"A vegetable peeler, a carrot, and a kitchen knife are on the cutting board.","A vegetable peeler, a carrot, and a kitchen knife.",correct,1.0,The model correctly identified all three items listed in the gold answer and supported by the caption.
event__aligned_dataset_cut_potato_and_carrot_split_seg5_cut_potato_and_carrot_event__event_non_common__01,event,event_non_common,aligned_dataset/cut_potato_and_carrot_split/Seg5/cut_potato_and_carrot_event,Are there any objects floating in the air without support?,No.,No.,correct,1.0,"The model answer correctly states 'No', which matches the gold answer and is supported by the caption stating there are no floating objects."
depth__cut_potato_and_carrot_split_seg3_cut_potato_and_carrot__depth_action__01,depth,depth_action,cut_potato_and_carrot_split/Seg3/cut_potato_and_carrot,What is the primary action performed by the hands?,Manipulating an object.,Manipulating an object.,correct,1.0,The model answer is identical to the gold answer and fully supported by the provided caption.
ir__aligned_dataset_cut_carrot_split_seg1_cut_carrot_ir__spatial_reasoning__01,ir,spatial_reasoning,aligned_dataset/cut_carrot_split/Seg1/cut_carrot_ir,What is the relative position of the carrot compared to the peeler and the knife on the cutting board?,The carrot is positioned between the peeler on its left and the knife on its right.,The carrot is between the peeler and the knife.,correct,1.0,The model answer accurately reflects the spatial relationship described in the caption and gold answer.
depth__cut_potato_and_carrot_split_seg3_cut_potato_and_carrot__depth_non_common__01,depth,depth_non_common,cut_potato_and_carrot_split/Seg3/cut_potato_and_carrot,Are there any objects in the scene that appear to be floating or intersecting impossibly?,No.,No.,correct,1.0,The model answer matches the gold answer and is consistent with the provided caption.
ir__aligned_dataset_cut_carrot_split_seg1_cut_carrot_ir__text_recognition__01,ir,text_recognition,aligned_dataset/cut_carrot_split/Seg1/cut_carrot_ir,What is the text-like pattern seen on the left side of the scene?,Keyboard keys.,Standard character markings for a laptop keyboard.,correct,1.0,The model answer is semantically equivalent to the gold answer and supported by the provided caption.
rgb__aligned_dataset_check_mailbox_split_seg4_check_mailbox_rgb__dynamic_counting__01,rgb,dynamic_counting,aligned_dataset/check_mailbox_split/Seg4/check_mailbox_rgb,How many people are moving in the hallway outside?,One person is seen walking.,2,incorrect,0.0,"The model provides a count of 2, while the caption clarifies that one person is walking through the corridor and another appears briefly in a doorway."
ir__aligned_dataset_cut_carrot_split_seg1_cut_carrot_ir__text_recognition__02,ir,text_recognition,aligned_dataset/cut_carrot_split/Seg1/cut_carrot_ir,Is there any text on the cutting board?,No.,No.,correct,1.0,"The model correctly answered 'No', which aligns with the gold answer and the caption stating no text patterns are present other than on the keyboard."
event__aligned_dataset_make_coffee_split_seg1_make_coffee_event__event_scene_sequence__01,event,event_scene_sequence,aligned_dataset/make_coffee_split/Seg1/make_coffee_event,"What is the order of the surfaces I interact with, starting from the beginning?",Shelf then countertop.,"Shelf, countertop.",correct,1.0,The model correctly identifies the two surfaces mentioned in the caption in the correct chronological order.
depth__cut_potato_and_carrot_split_seg4_cut_potato_and_carrot__depth_spatial_reasoning__01,depth,depth_spatial_reasoning,cut_potato_and_carrot_split/Seg4/cut_potato_and_carrot,Is the dish rack closer to me than the bottles on the surface?,"No, it is farther.",No.,correct,1.0,"The model correctly answered the question, which is consistent with the caption stating the bottles are behind the hands and the dish rack is further back."
rgb__aligned_dataset_check_mailbox_split_seg4_check_mailbox_rgb__dynamic_counting__02,rgb,dynamic_counting,aligned_dataset/check_mailbox_split/Seg4/check_mailbox_rgb,Does anyone approach me from behind?,No.,No.,correct,1.0,"The model answer matches the gold answer, which is supported by the caption as no one approaches the man."
ir__aligned_dataset_cut_carrot_split_seg1_cut_carrot_ir__text_recognition__03,ir,text_recognition,aligned_dataset/cut_carrot_split/Seg1/cut_carrot_ir,Does the text pattern appear on the bowl?,No.,No.,correct,1.0,"The model correctly identified that the text pattern does not appear on the bowl, consistent with the caption stating text is only on the keyboard."
ir__aligned_dataset_cut_carrot_split_seg1_cut_carrot_ir__text_recognition__04,ir,text_recognition,aligned_dataset/cut_carrot_split/Seg1/cut_carrot_ir,What is the implied use of the keyboard markings?,Inputting text.,Typing.,correct,1.0,The model answer 'typing' is semantically equivalent to 'inputting text' in the context of keyboard markings.
ir__aligned_dataset_cut_carrot_split_seg1_cut_carrot_ir__text_recognition__05,ir,text_recognition,aligned_dataset/cut_carrot_split/Seg1/cut_carrot_ir,Are there any labels on the knife?,No.,No.,correct,1.0,"The model correctly answered the question based on the caption, which states no text-like patterns are present other than on the keyboard."
event__aligned_dataset_make_coffee_split_seg1_make_coffee_event__event_navigation__01,event,event_navigation,aligned_dataset/make_coffee_split/Seg1/make_coffee_event,In what direction does the camera move after viewing the shelf?,Downward and rightward.,Down and rightward.,correct,1.0,The model answer is semantically equivalent to the gold answer and supported by the caption.
ir__aligned_dataset_cut_carrot_split_seg1_cut_carrot_ir__text_recognition__06,ir,text_recognition,aligned_dataset/cut_carrot_split/Seg1/cut_carrot_ir,Can you read any text on the power strip?,No.,No.,correct,1.0,"The model correctly answered 'No', which matches the gold answer and is consistent with the caption stating no text patterns are present on the power strip."
rgb__aligned_dataset_check_mailbox_split_seg4_check_mailbox_rgb__dynamic_counting__06,rgb,dynamic_counting,aligned_dataset/check_mailbox_split/Seg4/check_mailbox_rgb,Do I see anyone opening another door?,No.,No.,correct,1.0,"The model correctly answered 'No', which aligns with the gold answer and is supported by the caption describing the limited actions present."
ir__aligned_dataset_cut_carrot_split_seg1_cut_carrot_ir__text_recognition__07,ir,text_recognition,aligned_dataset/cut_carrot_split/Seg1/cut_carrot_ir,Does the laptop display any visible text-like thermal intensity?,Yes.,Yes.,correct,1.0,The model answer correctly confirms the presence of text-like patterns as stated in the caption.
event__aligned_dataset_make_coffee_split_seg1_make_coffee_event__event_action__01,event,event_action,aligned_dataset/make_coffee_split/Seg1/make_coffee_event,What primary task am I performing with the objects?,Organizing coffee workspace.,Organizing a coffee-making area.,correct,1.0,The model answer is semantically equivalent to the gold answer and directly supported by the caption.
ir__aligned_dataset_cut_carrot_split_seg1_cut_carrot_ir__text_recognition__08,ir,text_recognition,aligned_dataset/cut_carrot_split/Seg1/cut_carrot_ir,How many times does the keyboard text pattern appear in the sequence?,It appears continuously throughout the video.,Several times.,partial,0.5,"The model answer is vague compared to the gold answer, which specifies that the text appears continuously throughout the video."
event__aligned_dataset_make_coffee_split_seg1_make_coffee_event__event_non_common__01,event,event_non_common,aligned_dataset/make_coffee_split/Seg1/make_coffee_event,Are there any floating objects or physically impossible movements in this video?,No.,No.,correct,1.0,"The model answer correctly states 'No', which matches the gold answer and is supported by the caption stating no implausible behaviors were observed."
rgb__aligned_dataset_check_mailbox_split_seg4_check_mailbox_rgb__dynamic_counting__08,rgb,dynamic_counting,aligned_dataset/check_mailbox_split/Seg4/check_mailbox_rgb,Is there a group of people visible at the end?,"No, just two individuals.",No.,correct,1.0,"The model correctly answered the binary question based on the caption, which describes two individuals rather than a group."
ir__aligned_dataset_cut_carrot_split_seg1_cut_carrot_ir__scene_sequence__01,ir,scene_sequence,aligned_dataset/cut_carrot_split/Seg1/cut_carrot_ir,What is the sequence of rooms I pass?,"None, I stay in the kitchen.",None.,correct,1.0,"The model correctly identifies that there is no sequence of rooms, consistent with the caption stating the camera remains in a fixed kitchen scene."
event__aligned_dataset_make_coffee_split_seg2_make_coffee_event__event_object_recognition__01,event,event_object_recognition,aligned_dataset/make_coffee_split/Seg2/make_coffee_event,Are there any moving objects visible in the video frames?,No.,No.,correct,1.0,"The model answer correctly states that there are no moving objects, which is consistent with the caption stating there are no moving entities."
depth__cut_potato_and_carrot_split_seg4_cut_potato_and_carrot__depth_counting__06,depth,depth_counting,cut_potato_and_carrot_split/Seg4/cut_potato_and_carrot,What is the total count of identifiable kitchen items?,Seven.,7,correct,1.0,"The model answer correctly identifies the total count as seven, which matches the gold answer."
rgb__aligned_dataset_check_mailbox_split_seg4_check_mailbox_rgb__non_common__01,rgb,non_common,aligned_dataset/check_mailbox_split/Seg4/check_mailbox_rgb,Is there anything unusual about the placement of the fire alarm box?,It appears to be mounted quite high on the wall.,"Yes, it is placed very high on the wall, which might be inconvenient for access.",correct,1.0,The model answer accurately reflects the information provided in the caption regarding the fire alarm's high placement.
ir__aligned_dataset_cut_carrot_split_seg1_cut_carrot_ir__scene_sequence__02,ir,scene_sequence,aligned_dataset/cut_carrot_split/Seg1/cut_carrot_ir,What object is visible from the start?,The laptop.,"A laptop, cutting board, and bowl.",partial,0.5,The model included the correct answer but added extra objects that were not specified as being visible from the start in the gold answer.
event__aligned_dataset_make_coffee_split_seg2_make_coffee_event__event_spatial_reasoning__01,event,event_spatial_reasoning,aligned_dataset/make_coffee_split/Seg2/make_coffee_event,"Which object is closer to the viewer, the coffee bag or the tamper?",The tamper.,The tamper.,correct,1.0,"The model answer correctly identifies the tamper as being closer to the viewer, which is supported by the caption."
rgb__aligned_dataset_check_mailbox_split_seg4_check_mailbox_rgb__navigation__01,rgb,navigation,aligned_dataset/check_mailbox_split/Seg4/check_mailbox_rgb,Which way should I turn to see the mailboxes from the entrance?,Turn left.,Slightly left.,correct,1.0,The model answer 'Slightly left' is semantically consistent with the caption's 'turn slightly left' and directly answers the question.
ir__aligned_dataset_cut_carrot_split_seg1_cut_carrot_ir__scene_sequence__03,ir,scene_sequence,aligned_dataset/cut_carrot_split/Seg1/cut_carrot_ir,Does the camera move to a different room?,No.,No.,correct,1.0,"The model correctly answered 'No', which aligns with the caption stating the camera remains in a fixed position with no movement between rooms."
event__aligned_dataset_make_coffee_split_seg2_make_coffee_event__event_scene_sequence__01,event,event_scene_sequence,aligned_dataset/make_coffee_split/Seg2/make_coffee_event,What is the primary activity performed by the hand in the video?,Tamping coffee.,Tamping coffee grounds.,correct,1.0,The model answer is semantically equivalent to the gold answer and supported by the caption.
rgb__aligned_dataset_check_mailbox_split_seg4_check_mailbox_rgb__navigation__02,rgb,navigation,aligned_dataset/check_mailbox_split/Seg4/check_mailbox_rgb,How many steps do I take to reach the glass door?,About 6 steps.,13 steps,incorrect,0.0,The model incorrectly totaled steps from the entire sequence instead of identifying the 6 steps taken specifically to reach the door.
ir__aligned_dataset_cut_carrot_split_seg1_cut_carrot_ir__scene_sequence__04,ir,scene_sequence,aligned_dataset/cut_carrot_split/Seg1/cut_carrot_ir,Is there a change in the environment?,No.,No.,correct,1.0,"The model correctly identified that there is no change in the environment, consistent with the caption stating the scene remains static."
event__aligned_dataset_make_coffee_split_seg2_make_coffee_event__event_counting__01,event,event_counting,aligned_dataset/make_coffee_split/Seg2/make_coffee_event,How many distinct objects are visible in the scene?,Five.,5,correct,1.0,The model correctly identified the number of objects specified in the caption.
depth__cut_potato_and_carrot_split_seg4_cut_potato_and_carrot__depth_dynamic_counting__01,depth,depth_dynamic_counting,cut_potato_and_carrot_split/Seg4/cut_potato_and_carrot,How many independent humans enter my view?,Zero.,0,correct,1.0,"The model correctly identified that zero humans enter the view, which matches the gold answer."
ir__aligned_dataset_cut_carrot_split_seg1_cut_carrot_ir__scene_sequence__05,ir,scene_sequence,aligned_dataset/cut_carrot_split/Seg1/cut_carrot_ir,What follows the initial view?,The same static view.,Nothing; the scene remains static.,correct,1.0,"The model correctly identifies that the scene does not change, which is semantically equivalent to the gold answer stating the view remains the same."
event__aligned_dataset_make_coffee_split_seg2_make_coffee_event__event_dynamic_counting__01,event,event_dynamic_counting,aligned_dataset/make_coffee_split/Seg2/make_coffee_event,How many hands are visible in the scene?,One.,One.,correct,1.0,The model answer matches the gold answer and is directly supported by the provided caption.
depth__cut_potato_and_carrot_split_seg4_cut_potato_and_carrot__depth_dynamic_counting__02,depth,depth_dynamic_counting,cut_potato_and_carrot_split/Seg4/cut_potato_and_carrot,How many dynamic objects are moving independently of my actions?,Zero.,0,correct,1.0,"The model answer correctly identifies that there are zero independently moving objects, matching the gold answer."
rgb__aligned_dataset_check_mailbox_split_seg4_check_mailbox_rgb__navigation__04,rgb,navigation,aligned_dataset/check_mailbox_split/Seg4/check_mailbox_rgb,Do I need to turn left or right after passing the mailboxes to reach the exit?,Turn right.,Right.,correct,1.0,The model answer is semantically equivalent to the gold answer and supported by the caption.
ir__aligned_dataset_cut_carrot_split_seg1_cut_carrot_ir__scene_sequence__06,ir,scene_sequence,aligned_dataset/cut_carrot_split/Seg1/cut_carrot_ir,Are there multiple scenes shown?,No.,No.,correct,1.0,"The model correctly identified that there is only a single static scene, which aligns with both the gold answer and the provided caption."
event__aligned_dataset_make_coffee_split_seg2_make_coffee_event__event_navigation__01,event,event_navigation,aligned_dataset/make_coffee_split/Seg2/make_coffee_event,Does the camera move to navigate through the space?,No.,No.,correct,1.0,"The model answer correctly states that the camera does not move, which is consistent with the provided caption."
ir__aligned_dataset_cut_carrot_split_seg1_cut_carrot_ir__scene_sequence__07,ir,scene_sequence,aligned_dataset/cut_carrot_split/Seg1/cut_carrot_ir,Did I move from the kitchen?,No.,No.,correct,1.0,"The model answer correctly states no movement occurred, which aligns with the caption describing a static kitchen scene."
event__aligned_dataset_make_coffee_split_seg2_make_coffee_event__event_dynamic_recognition__01,event,event_dynamic_recognition,aligned_dataset/make_coffee_split/Seg2/make_coffee_event,When does the hand enter the scene?,At the start.,At the beginning of the sequence.,correct,1.0,The model's answer is semantically identical to the gold answer and accurately reflects the provided caption.
event__aligned_dataset_make_coffee_split_seg2_make_coffee_event__event_action__01,event,event_action,aligned_dataset/make_coffee_split/Seg2/make_coffee_event,What is the person doing with the tamper?,Compressing coffee grounds.,Compressing coffee grounds inside a metal portafilter.,correct,1.0,"The model answer is accurate, semantically equivalent to the gold answer, and fully supported by the caption."
rgb__aligned_dataset_check_mailbox_split_seg4_check_mailbox_rgb__navigation__07,rgb,navigation,aligned_dataset/check_mailbox_split/Seg4/check_mailbox_rgb,Do I pass through any more doors after the glass one?,No.,No.,correct,1.0,"The model correctly answered 'No', which matches the gold answer and is supported by the caption describing only walking down a corridor after opening the door."
ir__aligned_dataset_cut_carrot_split_seg1_cut_carrot_ir__scene_sequence__09,ir,scene_sequence,aligned_dataset/cut_carrot_split/Seg1/cut_carrot_ir,Is there any transition between areas?,No.,No.,correct,1.0,"The model answer correctly states 'No', which matches the gold answer and is supported by the caption stating there is no movement between different rooms or sequences."
event__aligned_dataset_make_coffee_split_seg2_make_coffee_event__event_non_common__01,event,event_non_common,aligned_dataset/make_coffee_split/Seg2/make_coffee_event,Is there any physically implausible motion occurring in the video?,No.,No.,correct,1.0,The model answer matches the gold answer and is consistent with the provided caption.
ir__aligned_dataset_cut_carrot_split_seg1_cut_carrot_ir__scene_sequence__10,ir,scene_sequence,aligned_dataset/cut_carrot_split/Seg1/cut_carrot_ir,How many distinct locations are depicted?,One.,1,correct,1.0,"The model correctly identified that there is only one location, consistent with the caption stating the video shows a single static scene."
ir__aligned_dataset_cut_carrot_split_seg1_cut_carrot_ir__light_recognition__01,ir,light_recognition,aligned_dataset/cut_carrot_split/Seg1/cut_carrot_ir,What is the primary source of thermal contrast in the scene?,"The ambient temperature difference between the materials like the metal counter, plastic, and organic matter.",Ambient room lighting.,partial,0.5,"The model identifies ambient lighting, but the gold answer specifies that the contrast arises from the ambient temperature differences between the materials, which is the correct thermal mechanism."
event__aligned_dataset_make_coffee_split_seg3_make_coffee_event__event_spatial_reasoning__01,event,event_spatial_reasoning,aligned_dataset/make_coffee_split/Seg3/make_coffee_event,Is the digital scale positioned closer to the coffee bag or the portafilter?,It is between them.,The digital scale is positioned closer to the coffee bag.,incorrect,0.0,"The caption states the scale is in the upper-center, between the bag on the left and the portafilter on the right, contradicting the model's claim."
ir__aligned_dataset_cut_carrot_split_seg1_cut_carrot_ir__light_change__01,ir,light_change,aligned_dataset/cut_carrot_split/Seg1/cut_carrot_ir,Did the lights turn on or off?,No.,No.,correct,1.0,"The model correctly identified that the lighting remained consistent, matching the gold answer."
event__aligned_dataset_make_coffee_split_seg3_make_coffee_event__event_scene_sequence__01,event,event_scene_sequence,aligned_dataset/make_coffee_split/Seg3/make_coffee_event,What is the final activity shown in the sequence after the coffee preparation?,Cleaning at the sink.,Moving to the kitchen sink area.,correct,1.0,"The model answer correctly identifies the final activity described in the caption as moving to the sink area, which is semantically equivalent to cleaning at the sink."
rgb__aligned_dataset_check_mailbox_split_seg4_check_mailbox_rgb__dynamic_recognition__01,rgb,dynamic_recognition,aligned_dataset/check_mailbox_split/Seg4/check_mailbox_rgb,When does the person in the pink shirt first appear in the video?,Around frame 000450.,000450,correct,1.0,The model accurately identified the frame number mentioned in the caption where the man in the pink shirt first appears.
ir__aligned_dataset_cut_carrot_split_seg1_cut_carrot_ir__light_change__02,ir,light_change,aligned_dataset/cut_carrot_split/Seg1/cut_carrot_ir,Is it getting darker or brighter?,No.,No.,correct,1.0,The model correctly answered 'No' based on the caption stating the illumination remains consistent.
event__aligned_dataset_make_coffee_split_seg3_make_coffee_event__event_counting__01,event,event_counting,aligned_dataset/make_coffee_split/Seg3/make_coffee_event,How many coffee bags are in the frame?,One.,1,correct,1.0,The model answer correctly identifies the quantity of coffee bags as stated in the caption.
depth__cut_potato_and_carrot_split_seg4_cut_potato_and_carrot__depth_dynamic_recognition__01,depth,depth_dynamic_recognition,cut_potato_and_carrot_split/Seg4/cut_potato_and_carrot,Is there any object moving toward me independently?,No.,No.,correct,1.0,"The model correctly identifies that no objects move independently toward the camera, consistent with the caption stating all motion is performed by the user."
rgb__aligned_dataset_check_mailbox_split_seg4_check_mailbox_rgb__action__01,rgb,action,aligned_dataset/check_mailbox_split/Seg4/check_mailbox_rgb,What am I doing with the keys?,Inserting a key into a lock.,Inserting a key into a lock cylinder to unlock or buzz a door.,correct,1.0,The model answer is semantically equivalent to the gold answer and accurately reflects the action described in the caption.
ir__aligned_dataset_cut_carrot_split_seg1_cut_carrot_ir__light_change__03,ir,light_change,aligned_dataset/cut_carrot_split/Seg1/cut_carrot_ir,Is the light approaching me?,No.,No.,correct,1.0,"The model answer correctly states 'No', which is consistent with both the gold answer and the caption stating the illumination remains consistent."
event__aligned_dataset_make_coffee_split_seg3_make_coffee_event__event_counting__02,event,event_counting,aligned_dataset/make_coffee_split/Seg3/make_coffee_event,How many digital scales are visible?,One.,1,correct,1.0,The model correctly identified the number of digital scales as specified in the caption.
rgb__aligned_dataset_check_mailbox_split_seg4_check_mailbox_rgb__action__02,rgb,action,aligned_dataset/check_mailbox_split/Seg4/check_mailbox_rgb,Why am I stopping at the mailboxes?,To identify specific units or names.,To check the numbers.,correct,1.0,The model answer is semantically equivalent to the gold answer and directly supported by the provided caption.
ir__aligned_dataset_cut_carrot_split_seg1_cut_carrot_ir__light_change__04,ir,light_change,aligned_dataset/cut_carrot_split/Seg1/cut_carrot_ir,Did a car's headlights pass by?,No.,No.,correct,1.0,"The model correctly answered 'No', which aligns with the gold answer and is supported by the caption stating the scene is static with consistent illumination."
event__aligned_dataset_make_coffee_split_seg3_make_coffee_event__event_counting__03,event,event_counting,aligned_dataset/make_coffee_split/Seg3/make_coffee_event,How many portafilters are present?,One.,1,correct,1.0,"The model answer correctly identifies the number of portafilters as 1, which matches the gold answer."
depth__cut_potato_and_carrot_split_seg4_cut_potato_and_carrot__depth_dynamic_recognition__03,depth,depth_dynamic_recognition,cut_potato_and_carrot_split/Seg4/cut_potato_and_carrot,Does any object vanish behind a larger structure?,No.,No.,correct,1.0,The model answer matches the gold answer correctly based on the provided caption.
rgb__aligned_dataset_check_mailbox_split_seg4_check_mailbox_rgb__action__03,rgb,action,aligned_dataset/check_mailbox_split/Seg4/check_mailbox_rgb,What is the purpose of inserting the key into the wall lock?,Likely to unlock the main door or buzz someone in.,To unlock or buzz a door for access.,correct,1.0,The model answer is semantically identical to the gold answer and accurately reflects the provided caption.
ir__aligned_dataset_cut_carrot_split_seg1_cut_carrot_ir__light_change__05,ir,light_change,aligned_dataset/cut_carrot_split/Seg1/cut_carrot_ir,Was there a change in light intensity?,No.,No.,correct,1.0,"The model answer correctly states 'No', which matches the gold answer and is supported by the caption stating the illumination remains consistent."
event__aligned_dataset_make_coffee_split_seg3_make_coffee_event__event_counting__04,event,event_counting,aligned_dataset/make_coffee_split/Seg3/make_coffee_event,How many tampers are being used?,One.,1,correct,1.0,"The model correctly identified the number of tampers as 1, which matches the gold answer."
depth__cut_potato_and_carrot_split_seg4_cut_potato_and_carrot__depth_dynamic_recognition__04,depth,depth_dynamic_recognition,cut_potato_and_carrot_split/Seg4/cut_potato_and_carrot,Is the plate moving away from me as I place it down?,Yes.,Yes.,correct,1.0,"The model answer correctly confirms the action described in the question, consistent with the caption's mention of shifting items between depth layers."
ir__aligned_dataset_cut_carrot_split_seg1_cut_carrot_ir__light_change__06,ir,light_change,aligned_dataset/cut_carrot_split/Seg1/cut_carrot_ir,Did the ambient light shift?,No.,No.,correct,1.0,"The model answer correctly states 'No', which matches the gold answer and is supported by the caption stating the illumination remains consistent."
event__aligned_dataset_make_coffee_split_seg3_make_coffee_event__event_counting__05,event,event_counting,aligned_dataset/make_coffee_split/Seg3/make_coffee_event,How many sinks are in the scene?,One.,1,correct,1.0,The model correctly identified the number of sinks mentioned in the caption.
ir__aligned_dataset_cut_carrot_split_seg1_cut_carrot_ir__light_change__07,ir,light_change,aligned_dataset/cut_carrot_split/Seg1/cut_carrot_ir,Is the light flickering?,No.,No.,correct,1.0,The model answer is correct and consistent with the caption stating there are no significant changes in light intensity.
event__aligned_dataset_make_coffee_split_seg3_make_coffee_event__event_counting__06,event,event_counting,aligned_dataset/make_coffee_split/Seg3/make_coffee_event,How many group heads are involved in the process?,One.,1,correct,1.0,"The model correctly identified the count of group heads as 1, which matches the gold answer."
rgb__aligned_dataset_check_mailbox_split_seg4_check_mailbox_rgb__action__06,rgb,action,aligned_dataset/check_mailbox_split/Seg4/check_mailbox_rgb,Do I successfully unlock the door?,Yes.,Yes.,correct,1.0,The model answer correctly confirms the successful outcome described in the caption.
ir__aligned_dataset_cut_carrot_split_seg1_cut_carrot_ir__light_change__08,ir,light_change,aligned_dataset/cut_carrot_split/Seg1/cut_carrot_ir,Did the brightness increase?,No.,No.,correct,1.0,"The model answer correctly states 'No', which matches the gold answer and is supported by the caption stating the illumination remains consistent."
depth__cut_potato_and_carrot_split_seg4_cut_potato_and_carrot__depth_dynamic_recognition__07,depth,depth_dynamic_recognition,cut_potato_and_carrot_split/Seg4/cut_potato_and_carrot,Do I manipulate objects at a consistent depth?,"No, I vary the depth.",No.,partial,0.5,"The model correctly identifies that the depth is not consistent, but it fails to explain that the user varies the depth as requested by the gold answer."
ir__aligned_dataset_cut_carrot_split_seg1_cut_carrot_ir__counting__01,ir,counting,aligned_dataset/cut_carrot_split/Seg1/cut_carrot_ir,How many knives are on the cutting board?,1.,1,correct,1.0,The model correctly identified the number of knives as stated in the gold answer and supported by the caption.
event__aligned_dataset_make_coffee_split_seg3_make_coffee_event__event_counting__08,event,event_counting,aligned_dataset/make_coffee_split/Seg3/make_coffee_event,How many total items are used for coffee preparation in the video?,Eight items.,7,incorrect,0.0,The model provided an incorrect count (7) compared to the gold answer (8) derived from the provided caption.
depth__cut_potato_and_carrot_split_seg4_cut_potato_and_carrot__depth_dynamic_recognition__08,depth,depth_dynamic_recognition,cut_potato_and_carrot_split/Seg4/cut_potato_and_carrot,Does the sink area change its depth position?,No.,No.,correct,1.0,"The model correctly answered that the sink area does not change its depth position, which is consistent with the caption stating objects remain stationary unless manipulated."
rgb__aligned_dataset_check_mailbox_split_seg4_check_mailbox_rgb__action__08,rgb,action,aligned_dataset/check_mailbox_split/Seg4/check_mailbox_rgb,Do I interact with the red fire alarm box?,No.,No.,correct,1.0,"The caption does not mention a fire alarm box, and the model correctly answers no based on the provided actions."
ir__aligned_dataset_cut_carrot_split_seg1_cut_carrot_ir__counting__02,ir,counting,aligned_dataset/cut_carrot_split/Seg1/cut_carrot_ir,How many carrots are present?,1.,1,correct,1.0,The model correctly identified the number of carrots mentioned in the caption.
depth__cut_potato_and_carrot_split_seg4_cut_potato_and_carrot__depth_action__01,depth,depth_action,cut_potato_and_carrot_split/Seg4/cut_potato_and_carrot,What is the primary task I am performing in the scene?,Organizing dishes.,Organizing or cleaning kitchen items.,correct,1.0,The model answer accurately reflects the primary task described in the caption.
rgb__aligned_dataset_check_mailbox_split_seg5_check_mailbox_rgb__object_recognition__01,rgb,object_recognition,aligned_dataset/check_mailbox_split/Seg5/check_mailbox_rgb,What is the primary color of the panels on the building facade seen across the courtyard?,The primary colors are red and grey.,"Red, grey, and glass.",correct,1.0,"The model correctly identifies the colors mentioned in the caption, including the glass panels."
ir__aligned_dataset_cut_carrot_split_seg1_cut_carrot_ir__counting__03,ir,counting,aligned_dataset/cut_carrot_split/Seg1/cut_carrot_ir,How many bowls are visible?,1.,1,correct,1.0,"The model correctly identified the number of bowls as 1, which matches the gold answer and is supported by the caption."
ir__aligned_dataset_cut_carrot_split_seg1_cut_carrot_ir__counting__04,ir,counting,aligned_dataset/cut_carrot_split/Seg1/cut_carrot_ir,How many laptops are on the counter?,1.,1,correct,1.0,The model answer correctly identifies the number of laptops mentioned in the caption.
depth__cut_potato_and_carrot_split_seg4_cut_potato_and_carrot__depth_action__03,depth,depth_action,cut_potato_and_carrot_split/Seg4/cut_potato_and_carrot,How does my hand position change relative to the rack?,My hand moves from the middle-depth toward the near-depth.,The hand moves from the rack toward the foreground as items are picked up.,correct,1.0,"The model answer correctly describes the hand moving from the rack (middle-depth) to the foreground (near-depth), which is semantically equivalent to the gold answer."
ir__aligned_dataset_cut_carrot_split_seg1_cut_carrot_ir__counting__05,ir,counting,aligned_dataset/cut_carrot_split/Seg1/cut_carrot_ir,How many peelers are in the scene?,1.,1,correct,1.0,"The model correctly identified that there is one vegetable peeler, matching both the gold answer and the provided caption."
depth__cut_potato_and_carrot_split_seg4_cut_potato_and_carrot__depth_action__04,depth,depth_action,cut_potato_and_carrot_split/Seg4/cut_potato_and_carrot,Am I moving objects toward or away from the camera?,Both.,Toward.,partial,0.5,The model identifies movement toward the camera but fails to acknowledge the movement away from the camera mentioned in the gold answer.
rgb__aligned_dataset_check_mailbox_split_seg5_check_mailbox_rgb__scene_sequence__01,rgb,scene_sequence,aligned_dataset/check_mailbox_split/Seg5/check_mailbox_rgb,What is the sequence of environments I navigate through in the video?,"I move from an indoor hallway to an outdoor covered walkway, then climb a metal staircase, and end in an upper-level hallway.","Indoor hallway, outdoor covered walkway, metal external staircase, and upper-level outdoor hallway.",correct,1.0,The model accurately lists the environments in the correct sequence as described in the caption.
ir__aligned_dataset_cut_carrot_split_seg1_cut_carrot_ir__counting__06,ir,counting,aligned_dataset/cut_carrot_split/Seg1/cut_carrot_ir,How many cutting boards are there?,1.,1,correct,1.0,The model answer correctly identifies the number of cutting boards mentioned in the caption.
rgb__aligned_dataset_check_mailbox_split_seg5_check_mailbox_rgb__light_recognition__01,rgb,light_recognition,aligned_dataset/check_mailbox_split/Seg5/check_mailbox_rgb,What is the shape of the light sources located on the ceiling of the outdoor walkway?,The light sources are rectangular.,Rectangular.,correct,1.0,"The model correctly identified the shape as rectangular, which matches the gold answer and is supported by the caption."
rgb__aligned_dataset_check_mailbox_split_seg5_check_mailbox_rgb__light_change__01,rgb,light_change,aligned_dataset/check_mailbox_split/Seg5/check_mailbox_rgb,Does the overall brightness of my immediate surroundings change significantly as I climb the stairs?,"No, the immediate area remains consistently lit by the overhead walkway lights.",No.,correct,1.0,"The model correctly answered the question, which is supported by the caption stating the lighting remains relatively constant."
depth__cut_potato_and_carrot_split_seg4_cut_potato_and_carrot__depth_action__07,depth,depth_action,cut_potato_and_carrot_split/Seg4/cut_potato_and_carrot,Is my movement primarily horizontal or depth-oriented?,Depth-oriented.,Depth-oriented.,correct,1.0,"The model answer correctly identifies the movement as depth-oriented, which aligns with the gold answer and the caption's description of significant depth shifts."
rgb__aligned_dataset_check_mailbox_split_seg5_check_mailbox_rgb__counting__01,rgb,counting,aligned_dataset/check_mailbox_split/Seg5/check_mailbox_rgb,How many large rectangular benches are visible in the courtyard from the stairs?,There are 2 benches visible in the courtyard.,2,correct,1.0,The model correctly identified the number of benches stated in the caption.
ir__aligned_dataset_cut_carrot_split_seg1_cut_carrot_ir__counting__09,ir,counting,aligned_dataset/cut_carrot_split/Seg1/cut_carrot_ir,How many distinct electronic devices are in the view?,2 (laptop and power strip).,2,correct,1.0,"The model correctly identified the count of 2, matching the gold answer."
event__aligned_dataset_make_coffee_split_seg3_make_coffee_event__event_dynamic_counting__08,event,event_dynamic_counting,aligned_dataset/make_coffee_split/Seg3/make_coffee_event,How many times does a dynamic entity other than myself appear?,Zero.,0,correct,1.0,"The caption explicitly states there are no other moving humans, and the model correctly identified zero dynamic entities."
rgb__aligned_dataset_check_mailbox_split_seg5_check_mailbox_rgb__dynamic_counting__01,rgb,dynamic_counting,aligned_dataset/check_mailbox_split/Seg5/check_mailbox_rgb,How many other people or moving objects do I pass while walking?,Zero.,0,correct,1.0,"The model correctly identified that there are zero moving objects, matching the gold answer."
ir__aligned_dataset_cut_carrot_split_seg1_cut_carrot_ir__counting__10,ir,counting,aligned_dataset/cut_carrot_split/Seg1/cut_carrot_ir,How many kitchen tools are on the board?,2 (knife and peeler).,2,correct,1.0,The model correctly identified the number of kitchen tools mentioned in the caption (knife and peeler).
event__aligned_dataset_make_coffee_split_seg3_make_coffee_event__event_navigation__01,event,event_navigation,aligned_dataset/make_coffee_split/Seg3/make_coffee_event,Does the camera move towards the sink during the sequence?,Yes.,Yes.,correct,1.0,"The model answer correctly confirms the camera's movement toward the sink, as stated in the caption."
depth__cut_potato_and_carrot_split_seg4_cut_potato_and_carrot__depth_non_common__01,depth,depth_non_common,cut_potato_and_carrot_split/Seg4/cut_potato_and_carrot,Are there any floating objects in the scene?,No floating objects.,No.,correct,1.0,The model answer is semantically equivalent to the gold answer and directly supported by the caption.
rgb__aligned_dataset_check_mailbox_split_seg5_check_mailbox_rgb__non_common__01,rgb,non_common,aligned_dataset/check_mailbox_split/Seg5/check_mailbox_rgb,Is there anything unrealistic about the placement of the staircase or the building layout?,"No, the scene appears realistic and follows standard architectural design.",No.,partial,0.5,The model answer is correct but lacks the supportive explanation provided in the gold answer regarding the scene's realism and architectural design.
ir__aligned_dataset_cut_carrot_split_seg1_cut_carrot_ir__dynamic_counting__01,ir,dynamic_counting,aligned_dataset/cut_carrot_split/Seg1/cut_carrot_ir,How many people are in the kitchen?,0.,0,correct,1.0,"The model correctly identified that there are zero people, consistent with the caption stating no humans are in the video."
event__aligned_dataset_make_coffee_split_seg3_make_coffee_event__event_dynamic_recognition__01,event,event_dynamic_recognition,aligned_dataset/make_coffee_split/Seg3/make_coffee_event,Did I handle a coffee bag?,Yes.,Yes.,correct,1.0,The model answer is correct and explicitly supported by the caption stating the user handled a coffee bag.
depth__cut_potato_and_carrot_split_seg5_cut_potato_and_carrot__depth_object_recognition__01,depth,depth_object_recognition,cut_potato_and_carrot_split/Seg5/cut_potato_and_carrot,What is the primary rectangular object I am holding in the foreground?,A cutting board.,A cutting board.,correct,1.0,The model answer matches the gold answer and is supported by the caption.
ir__aligned_dataset_cut_carrot_split_seg1_cut_carrot_ir__dynamic_counting__02,ir,dynamic_counting,aligned_dataset/cut_carrot_split/Seg1/cut_carrot_ir,How many moving objects are there?,0.,0,correct,1.0,"The model correctly identified that there are zero moving objects, which matches both the gold answer and the provided caption."
event__aligned_dataset_make_coffee_split_seg3_make_coffee_event__event_dynamic_recognition__02,event,event_dynamic_recognition,aligned_dataset/make_coffee_split/Seg3/make_coffee_event,When did I start using the tamper?,In the middle of the sequence.,Mid-sequence.,correct,1.0,The model answer is semantically identical to the gold answer and accurately reflects the provided caption.
depth__cut_potato_and_carrot_split_seg5_cut_potato_and_carrot__depth_spatial_reasoning__01,depth,depth_spatial_reasoning,cut_potato_and_carrot_split/Seg5/cut_potato_and_carrot,Is the cutting board I'm holding closer or further than the kitchen bowls behind it?,Closer.,Closer.,correct,1.0,"The model correctly identified that the cutting board is closer, which matches both the gold answer and the provided caption."
rgb__aligned_dataset_check_mailbox_split_seg5_check_mailbox_rgb__dynamic_recognition__01,rgb,dynamic_recognition,aligned_dataset/check_mailbox_split/Seg5/check_mailbox_rgb,Did any new dynamic objects enter the frame while I was on the stairs?,No dynamic objects appeared.,No.,correct,1.0,"The model correctly answered 'No', which aligns with the gold answer and the caption stating no dynamic objects appear."
ir__aligned_dataset_cut_carrot_split_seg1_cut_carrot_ir__dynamic_counting__03,ir,dynamic_counting,aligned_dataset/cut_carrot_split/Seg1/cut_carrot_ir,Are there any cars passing?,No.,No.,correct,1.0,"The model answer correctly states 'No', which matches the gold answer and is supported by the caption stating there are no moving objects."
event__aligned_dataset_make_coffee_split_seg3_make_coffee_event__event_dynamic_recognition__03,event,event_dynamic_recognition,aligned_dataset/make_coffee_split/Seg3/make_coffee_event,Did I wash any equipment in the sink?,Yes.,Yes.,correct,1.0,"The model correctly confirmed that the equipment was washed in the sink, which is explicitly stated in the caption."
depth__cut_potato_and_carrot_split_seg5_cut_potato_and_carrot__depth_scene_sequence__01,depth,depth_scene_sequence,cut_potato_and_carrot_split/Seg5/cut_potato_and_carrot,Does my position in the kitchen change throughout the video?,"No, it remains stationary.",No.,correct,1.0,"The model correctly states that the position does not change, which is consistent with the caption describing a stationary perspective."
rgb__aligned_dataset_check_mailbox_split_seg5_check_mailbox_rgb__action__01,rgb,action,aligned_dataset/check_mailbox_split/Seg5/check_mailbox_rgb,What primary action am I performing during the middle section of the video?,I am climbing a metal staircase.,Climbing a metal staircase.,correct,1.0,The model accurately identified the action described in the caption for the middle section of the video.
ir__aligned_dataset_cut_carrot_split_seg1_cut_carrot_ir__dynamic_counting__04,ir,dynamic_counting,aligned_dataset/cut_carrot_split/Seg1/cut_carrot_ir,How many pets are visible?,0.,0,correct,1.0,"The model correctly identified that there are no pets, consistent with the caption stating the scene is static and devoid of moving objects or humans."
depth__cut_potato_and_carrot_split_seg5_cut_potato_and_carrot__depth_counting__01,depth,depth_counting,cut_potato_and_carrot_split/Seg5/cut_potato_and_carrot,How many bottles are visible in the scene based on depth layers?,4 bottles.,4,correct,1.0,The model correctly identified the number of bottles as stated in the caption.
ir__aligned_dataset_cut_carrot_split_seg1_cut_carrot_ir__dynamic_counting__05,ir,dynamic_counting,aligned_dataset/cut_carrot_split/Seg1/cut_carrot_ir,Are there any dynamic objects present?,No.,No.,correct,1.0,"The model answer correctly states 'No', which matches the gold answer and is supported by the caption stating there are no moving objects."
depth__cut_potato_and_carrot_split_seg5_cut_potato_and_carrot__depth_counting__02,depth,depth_counting,cut_potato_and_carrot_split/Seg5/cut_potato_and_carrot,How many distinct objects on the counter can be counted?,8 distinct objects.,8,correct,1.0,The model correctly identified the total count of 8 objects based on the provided caption (1+1+4+1+1=8).
rgb__aligned_dataset_check_mailbox_split_seg6_check_mailbox_rgb__spatial_reasoning__01,rgb,spatial_reasoning,aligned_dataset/check_mailbox_split/Seg6/check_mailbox_rgb,Where is the shoe rack positioned relative to the entrance door when I enter the apartment?,The shoe rack is located on the floor to the right side immediately after entering through the doorway.,To the right of the entrance.,correct,1.0,The model's answer accurately captures the spatial relationship described in the caption.
ir__aligned_dataset_cut_carrot_split_seg1_cut_carrot_ir__dynamic_counting__06,ir,dynamic_counting,aligned_dataset/cut_carrot_split/Seg1/cut_carrot_ir,Did any object move?,No.,No.,correct,1.0,"The model answer correctly states that no objects moved, which is supported by the caption stating the scene remains static."
event__aligned_dataset_make_coffee_split_seg3_make_coffee_event__event_dynamic_recognition__06,event,event_dynamic_recognition,aligned_dataset/make_coffee_split/Seg3/make_coffee_event,When did the cleaning action happen?,At the end.,At the end.,correct,1.0,The model answer matches the gold answer and is supported by the caption.
depth__cut_potato_and_carrot_split_seg5_cut_potato_and_carrot__depth_counting__03,depth,depth_counting,cut_potato_and_carrot_split/Seg5/cut_potato_and_carrot,Are there more than three containers visible on the surface?,Yes.,Yes.,correct,1.0,"The caption mentions four bottles and one utensil holder, which confirms there are more than three containers."
rgb__aligned_dataset_check_mailbox_split_seg6_check_mailbox_rgb__text_recognition__01,rgb,text_recognition,aligned_dataset/check_mailbox_split/Seg6/check_mailbox_rgb,What are the specific numbers shown on the wall sign before I enter?,"The numbers are 1'233, 1'234, and 1'235.",N° 1'233 | 1'234 | 1'235,correct,1.0,"The model correctly identified the numbers shown on the wall sign, matching the information provided in the caption."
ir__aligned_dataset_cut_carrot_split_seg1_cut_carrot_ir__dynamic_counting__07,ir,dynamic_counting,aligned_dataset/cut_carrot_split/Seg1/cut_carrot_ir,Is there a person walking in the background?,No.,No.,correct,1.0,"The model correctly answered no, which aligns with the caption stating there are no humans in the video."
rgb__aligned_dataset_check_mailbox_split_seg6_check_mailbox_rgb__text_recognition__02,rgb,text_recognition,aligned_dataset/check_mailbox_split/Seg6/check_mailbox_rgb,What text is visible on the straps of the slides on the floor?,The slides have the word 'SENT' on them.,SENT,correct,1.0,"The model correctly identified the text on the slides as 'SENT', which matches the gold answer."
ir__aligned_dataset_cut_carrot_split_seg1_cut_carrot_ir__dynamic_counting__08,ir,dynamic_counting,aligned_dataset/cut_carrot_split/Seg1/cut_carrot_ir,How many things are currently in motion?,0.,0,correct,1.0,"The model correctly identified that there are zero moving objects, which is consistent with the caption stating the scene is static."
depth__cut_potato_and_carrot_split_seg5_cut_potato_and_carrot__depth_counting__05,depth,depth_counting,cut_potato_and_carrot_split/Seg5/cut_potato_and_carrot,Is there one or multiple cutting boards visible?,One.,One.,correct,1.0,"The model correctly identified that there is one cutting board, which matches the gold answer and is supported by the caption."
rgb__aligned_dataset_check_mailbox_split_seg6_check_mailbox_rgb__text_recognition__03,rgb,text_recognition,aligned_dataset/check_mailbox_split/Seg6/check_mailbox_rgb,Is there an exit sign visible in the hallway?,"Yes, there is an exit sign.",Yes.,correct,1.0,"The model correctly confirmed the presence of the exit sign, which is explicitly mentioned in the caption."
ir__aligned_dataset_cut_carrot_split_seg1_cut_carrot_ir__non_common__01,ir,non_common,aligned_dataset/cut_carrot_split/Seg1/cut_carrot_ir,Is there any object in the video that appears to be floating or clipping through another object in a way that violates physics?,"No, all objects are placed realistically on the surfaces.",No.,correct,1.0,"The model correctly answered the question, matching the gold answer's meaning based on the provided caption."
event__aligned_dataset_make_coffee_split_seg3_make_coffee_event__event_action__01,event,event_action,aligned_dataset/make_coffee_split/Seg3/make_coffee_event,What am I preparing?,Espresso.,Espresso.,correct,1.0,The model answer is identical to the gold answer and accurately reflects the information provided in the caption.
rgb__aligned_dataset_check_mailbox_split_seg6_check_mailbox_rgb__text_recognition__04,rgb,text_recognition,aligned_dataset/check_mailbox_split/Seg6/check_mailbox_rgb,Where is the exit sign located?,It is hanging from the ceiling in the hallway.,On the hallway ceiling.,correct,1.0,The model answer accurately identifies the location of the exit sign as stated in the caption.
event__aligned_dataset_make_coffee_split_seg3_make_coffee_event__event_action__02,event,event_action,aligned_dataset/make_coffee_split/Seg3/make_coffee_event,What object do I use to compress the grounds?,A tamper.,Portafilter.,incorrect,0.0,The model identified the container (portafilter) rather than the tool used to compress the grounds (tamper).
depth__cut_potato_and_carrot_split_seg5_cut_potato_and_carrot__depth_counting__07,depth,depth_counting,cut_potato_and_carrot_split/Seg5/cut_potato_and_carrot,How many stationary items are placed on the counter area?,8 items.,8,correct,1.0,The model correctly identified the total count of 8 items based on the provided caption (1+1+4+1+1=8).
rgb__aligned_dataset_check_mailbox_split_seg6_check_mailbox_rgb__text_recognition__05,rgb,text_recognition,aligned_dataset/check_mailbox_split/Seg6/check_mailbox_rgb,What is the symbol on the exit sign?,It shows a figure running towards a door.,A running figure and a door.,correct,1.0,The model answer accurately identifies the symbols described in the caption.
ir__aligned_dataset_cut_carrot_split_seg1_cut_carrot_ir__navigation__02,ir,navigation,aligned_dataset/cut_carrot_split/Seg1/cut_carrot_ir,What is the fastest way to the living room?,Not applicable.,Information not provided.,correct,1.0,"The model correctly identifies that the provided information does not contain the answer, which is equivalent to the gold answer."
event__aligned_dataset_make_coffee_split_seg3_make_coffee_event__event_action__03,event,event_action,aligned_dataset/make_coffee_split/Seg3/make_coffee_event,Where do I wash the portafilter?,In the sink.,In the sink.,correct,1.0,The model answer matches the gold answer and is supported by the provided caption.
rgb__aligned_dataset_check_mailbox_split_seg6_check_mailbox_rgb__text_recognition__06,rgb,text_recognition,aligned_dataset/check_mailbox_split/Seg6/check_mailbox_rgb,How many sets of numbers are separated by vertical bars on the sign?,Three sets of numbers.,3,correct,1.0,The model correctly identified the number of sets described in the caption.
ir__aligned_dataset_cut_carrot_split_seg1_cut_carrot_ir__navigation__03,ir,navigation,aligned_dataset/cut_carrot_split/Seg1/cut_carrot_ir,How do I get to the bus stop?,Not applicable.,There is no information provided to answer this question.,correct,1.0,"The model correctly identified that the provided caption does not contain the information needed to answer the question, which is consistent with the gold answer."
event__aligned_dataset_make_coffee_split_seg3_make_coffee_event__event_action__04,event,event_action,aligned_dataset/make_coffee_split/Seg3/make_coffee_event,What is the final action I perform in the video?,Rinsing equipment.,Rinsing the portafilter in the sink.,correct,1.0,The model's answer is semantically identical to the gold answer and accurately reflects the information provided in the caption.
depth__cut_potato_and_carrot_split_seg5_cut_potato_and_carrot__depth_dynamic_counting__01,depth,depth_dynamic_counting,cut_potato_and_carrot_split/Seg5/cut_potato_and_carrot,How many moving people are observed in the sequence?,Zero.,0,correct,1.0,"The model correctly identified that there are zero moving people in the sequence, which matches the gold answer."
rgb__aligned_dataset_check_mailbox_split_seg6_check_mailbox_rgb__text_recognition__07,rgb,text_recognition,aligned_dataset/check_mailbox_split/Seg6/check_mailbox_rgb,What does the 'N°' prefix on the sign stand for?,It stands for 'Number'.,Number,correct,1.0,"The model correctly identified that 'N°' stands for 'Number', which is semantically equivalent to the gold answer."
ir__aligned_dataset_cut_carrot_split_seg1_cut_carrot_ir__navigation__04,ir,navigation,aligned_dataset/cut_carrot_split/Seg1/cut_carrot_ir,Should I turn left or right?,No navigation requested.,Neither.,correct,1.0,"The model correctly indicates that no turning is necessary, which is semantically equivalent to the gold answer based on the caption."
event__aligned_dataset_make_coffee_split_seg3_make_coffee_event__event_action__05,event,event_action,aligned_dataset/make_coffee_split/Seg3/make_coffee_event,Do I interact with the coffee bag at the start?,Yes.,Yes.,correct,1.0,The model answer correctly confirms the action mentioned in the caption.
depth__cut_potato_and_carrot_split_seg5_cut_potato_and_carrot__depth_dynamic_counting__02,depth,depth_dynamic_counting,cut_potato_and_carrot_split/Seg5/cut_potato_and_carrot,Are there any other entities besides my hand that change position?,No.,No.,correct,1.0,"The model answer correctly states that there are no other moving entities, consistent with both the caption and the gold answer."
depth__cut_potato_and_carrot_split_seg5_cut_potato_and_carrot__depth_dynamic_counting__03,depth,depth_dynamic_counting,cut_potato_and_carrot_split/Seg5/cut_potato_and_carrot,How many times does an object shift its depth position?,Zero.,Zero.,correct,1.0,"The model correctly identified that there were zero shifts in depth position, matching the gold answer."
rgb__aligned_dataset_check_mailbox_split_seg6_check_mailbox_rgb__scene_sequence__01,rgb,scene_sequence,aligned_dataset/check_mailbox_split/Seg6/check_mailbox_rgb,What is the first scene I pass through?,An external metal staircase.,Climbing outdoor metal stairs.,correct,1.0,The model answer is semantically equivalent to the gold answer and supported by the caption.
ir__aligned_dataset_cut_carrot_split_seg1_cut_carrot_ir__navigation__06,ir,navigation,aligned_dataset/cut_carrot_split/Seg1/cut_carrot_ir,Is there a path forward?,No.,No.,correct,1.0,"The model answer correctly states 'No', which matches the gold answer and is consistent with the caption stating no navigation actions are performed."
event__aligned_dataset_make_coffee_split_seg3_make_coffee_event__event_action__07,event,event_action,aligned_dataset/make_coffee_split/Seg3/make_coffee_event,What is the purpose of the manual force I apply?,To tamp the grounds.,To tamp the grounds.,correct,1.0,The model answer matches the gold answer and is accurately supported by the provided caption.
rgb__aligned_dataset_check_mailbox_split_seg6_check_mailbox_rgb__scene_sequence__02,rgb,scene_sequence,aligned_dataset/check_mailbox_split/Seg6/check_mailbox_rgb,What environment is entered after the outdoor balcony?,An indoor hallway.,An indoor hallway.,correct,1.0,"The model answer accurately identifies the environment as an indoor hallway, matching the gold answer and the provided caption."
ir__aligned_dataset_cut_carrot_split_seg1_cut_carrot_ir__navigation__07,ir,navigation,aligned_dataset/cut_carrot_split/Seg1/cut_carrot_ir,Which direction is the exit?,Not visible.,The caption does not provide this information.,correct,1.0,"The model correctly identified that the provided information (the caption) does not contain the location of the exit, which aligns with the gold answer."
depth__cut_potato_and_carrot_split_seg5_cut_potato_and_carrot__depth_dynamic_counting__05,depth,depth_dynamic_counting,cut_potato_and_carrot_split/Seg5/cut_potato_and_carrot,Does any entity other than my hand enter the scene?,No.,No.,correct,1.0,"The model correctly identified that no other entities enter the scene, which aligns with the provided caption and gold answer."
rgb__aligned_dataset_check_mailbox_split_seg6_check_mailbox_rgb__scene_sequence__03,rgb,scene_sequence,aligned_dataset/check_mailbox_split/Seg6/check_mailbox_rgb,Where do I go immediately after finishing the metal stairs?,An outdoor walkway or balcony area.,Walking along an open-air balcony or corridor.,correct,1.0,"The model answer accurately reflects the caption, which states the stairs are followed by walking along an open-air balcony or corridor."
ir__aligned_dataset_cut_carrot_split_seg1_cut_carrot_ir__navigation__08,ir,navigation,aligned_dataset/cut_carrot_split/Seg1/cut_carrot_ir,How do I navigate to the next room?,No navigation possible.,No navigation is possible as the camera is stationary.,correct,1.0,The model accurately identifies that navigation is not possible and provides the correct reason based on the caption.
event__aligned_dataset_make_coffee_split_seg3_make_coffee_event__event_non_common__01,event,event_non_common,aligned_dataset/make_coffee_split/Seg3/make_coffee_event,Is there any physically impossible object movement in the video?,No.,No.,correct,1.0,"The model answer correctly states 'No', which matches the gold answer and is supported by the caption stating no implausible events were observed."
rgb__aligned_dataset_check_mailbox_split_seg6_check_mailbox_rgb__scene_sequence__04,rgb,scene_sequence,aligned_dataset/check_mailbox_split/Seg6/check_mailbox_rgb,What is the sequence of environments from the start to the end of the video?,"Metal stairs, outdoor walkway, indoor hallway, and finally the interior of an apartment.","Outdoor metal stairs, open-air balcony/corridor, indoor hallway, and small apartment living space.",correct,1.0,"The model accurately describes the sequence of environments as supported by the caption, which is semantically equivalent to the gold answer."
ir__aligned_dataset_cut_carrot_split_seg1_cut_carrot_ir__navigation__09,ir,navigation,aligned_dataset/cut_carrot_split/Seg1/cut_carrot_ir,Where do I go to leave the kitchen?,Not visible.,"No navigation actions are performed, so there is no path to leave the kitchen.",correct,1.0,The model correctly identifies that no navigation is possible and that it cannot leave based on the static caption.
event__aligned_dataset_make_coffee_split_seg4_make_coffee_event__event_object_recognition__01,event,event_object_recognition,aligned_dataset/make_coffee_split/Seg4/make_coffee_event,What objects are visible in the sink area besides the cleaning bottles?,Portafilter and dish rack.,A portafilter and a dish rack filled with plates.,correct,1.0,"The model correctly identified the portafilter and dish rack, including the additional detail about the plates which is supported by the caption."
depth__cut_potato_and_carrot_split_seg5_cut_potato_and_carrot__depth_dynamic_counting__07,depth,depth_dynamic_counting,cut_potato_and_carrot_split/Seg5/cut_potato_and_carrot,Are there any entities moving toward me?,No.,No.,correct,1.0,"The model answer correctly states 'No', which matches the gold answer and is supported by the caption stating no independent moving entities are detected."
rgb__aligned_dataset_check_mailbox_split_seg6_check_mailbox_rgb__scene_sequence__05,rgb,scene_sequence,aligned_dataset/check_mailbox_split/Seg6/check_mailbox_rgb,What do I pass before reaching the indoor hallway?,An outdoor walkway with metal railings.,An open-air balcony or corridor with railings.,correct,1.0,The model answer is semantically equivalent to the gold answer and supported by the provided caption.
ir__aligned_dataset_cut_carrot_split_seg1_cut_carrot_ir__navigation__10,ir,navigation,aligned_dataset/cut_carrot_split/Seg1/cut_carrot_ir,Is there a clear path to move?,No.,No.,correct,1.0,"The model correctly answered the question based on the caption, which states that no navigation actions are performed and the camera is stationary."
event__aligned_dataset_make_coffee_split_seg4_make_coffee_event__event_spatial_reasoning__01,event,event_spatial_reasoning,aligned_dataset/make_coffee_split/Seg4/make_coffee_event,Where is the portafilter located relative to the cleaning bottles?,To the right of them.,The portafilter is to the right of the cleaning bottles.,correct,1.0,The model answer is semantically equivalent to the gold answer and correctly identifies the spatial relationship based on the caption.
depth__cut_potato_and_carrot_split_seg5_cut_potato_and_carrot__depth_dynamic_counting__08,depth,depth_dynamic_counting,cut_potato_and_carrot_split/Seg5/cut_potato_and_carrot,How many dynamic entities are counted throughout the entire sequence?,One (my hand).,1,correct,1.0,"The model correctly identifies the number of dynamic entities as 1, which matches the gold answer."
rgb__aligned_dataset_check_mailbox_split_seg6_check_mailbox_rgb__scene_sequence__06,rgb,scene_sequence,aligned_dataset/check_mailbox_split/Seg6/check_mailbox_rgb,Which area connects the indoor hallway to the living space?,A doorway.,A small apartment foyer.,partial,0.5,"The model identifies the foyer, but the transition specifically occurs through a doorway connecting the hallway to the foyer and then the living space."
ir__aligned_dataset_cut_carrot_split_seg1_cut_carrot_ir__dynamic_recognition__01,ir,dynamic_recognition,aligned_dataset/cut_carrot_split/Seg1/cut_carrot_ir,Did a new object appear?,No.,No.,correct,1.0,"The model correctly identified that no new object appeared, which is consistent with the caption stating no movement was detected."
event__aligned_dataset_make_coffee_split_seg4_make_coffee_event__event_scene_sequence__01,event,event_scene_sequence,aligned_dataset/make_coffee_split/Seg4/make_coffee_event,What is the sequence of the main activity in the video?,"Hands enter, prepare portafilter, and exit.","Hands enter from the right to prepare a portafilter, then exit the scene.",correct,1.0,The model answer accurately describes the sequence of events provided in the caption and matches the gold answer.
depth__cut_potato_and_carrot_split_seg5_cut_potato_and_carrot__depth_navigation__01,depth,depth_navigation,cut_potato_and_carrot_split/Seg5/cut_potato_and_carrot,Is there a navigable path or corridor I am moving through?,"No, it is a static workspace.",No.,correct,1.0,"The model correctly answered the question, aligning with the gold answer that the workspace is static and lacks corridors."
rgb__aligned_dataset_check_mailbox_split_seg6_check_mailbox_rgb__scene_sequence__07,rgb,scene_sequence,aligned_dataset/check_mailbox_split/Seg6/check_mailbox_rgb,What is the final indoor area shown?,"The interior of an apartment, specifically a foyer and living area.",A small apartment foyer that opens into a living space.,correct,1.0,"The model answer accurately identifies the final area described in the caption as an apartment foyer and living space, matching the gold answer."
ir__aligned_dataset_cut_carrot_split_seg1_cut_carrot_ir__dynamic_recognition__02,ir,dynamic_recognition,aligned_dataset/cut_carrot_split/Seg1/cut_carrot_ir,Did a car approach?,No.,No.,correct,1.0,"The model answer correctly states 'No', which matches the gold answer and is supported by the caption indicating no movement."
event__aligned_dataset_make_coffee_split_seg4_make_coffee_event__event_counting__01,event,event_counting,aligned_dataset/make_coffee_split/Seg4/make_coffee_event,How many objects are on the counter in total?,Six objects.,6,correct,1.0,The model correctly identified the total count of the six objects listed in the caption.
depth__cut_potato_and_carrot_split_seg5_cut_potato_and_carrot__depth_dynamic_recognition__01,depth,depth_dynamic_recognition,cut_potato_and_carrot_split/Seg5/cut_potato_and_carrot,What is the distance range of my hand?,Near-depth range.,Near-depth range.,correct,1.0,The model answer matches the gold answer and is directly supported by the provided caption.
event__aligned_dataset_make_coffee_split_seg4_make_coffee_event__event_dynamic_counting__01,event,event_dynamic_counting,aligned_dataset/make_coffee_split/Seg4/make_coffee_event,How many people are interacting with the objects?,One person.,1,correct,1.0,"The model answer correctly identifies that one person is interacting with the objects, which is semantically equivalent to the gold answer."
depth__cut_potato_and_carrot_split_seg5_cut_potato_and_carrot__depth_dynamic_recognition__02,depth,depth_dynamic_recognition,cut_potato_and_carrot_split/Seg5/cut_potato_and_carrot,Does my hand move toward or away from me initially?,Toward.,Toward.,correct,1.0,"The model answer correctly identifies that the hand moves toward the center, which matches the gold answer."
rgb__aligned_dataset_check_mailbox_split_seg6_check_mailbox_rgb__scene_sequence__09,rgb,scene_sequence,aligned_dataset/check_mailbox_split/Seg6/check_mailbox_rgb,Does the subject go up or down the metal stairs?,Up the stairs.,The caption does not specify whether the subject goes up or down the stairs.,incorrect,0.0,"The caption explicitly states 'climbing outdoor metal stairs', which implies moving upwards."
event__aligned_dataset_make_coffee_split_seg4_make_coffee_event__event_navigation__01,event,event_navigation,aligned_dataset/make_coffee_split/Seg4/make_coffee_event,Does the camera move or change its viewpoint during the session?,"No, it remains static.",No.,correct,1.0,"The model correctly answered the question, which is semantically consistent with the gold answer provided."
ir__aligned_dataset_cut_carrot_split_seg1_cut_carrot_ir__dynamic_recognition__05,ir,dynamic_recognition,aligned_dataset/cut_carrot_split/Seg1/cut_carrot_ir,Did a person walk to me?,No.,No.,correct,1.0,"The model answer correctly states 'No', which matches the gold answer and is supported by the caption stating no human movement is detected."
event__aligned_dataset_make_coffee_split_seg4_make_coffee_event__event_dynamic_recognition__01,event,event_dynamic_recognition,aligned_dataset/make_coffee_split/Seg4/make_coffee_event,When do the hands enter the scene?,In the middle frames.,At the beginning of the video.,incorrect,0.0,"The caption states the action happens in the middle section, contradicting the model's claim that the hands enter at the beginning."
depth__cut_potato_and_carrot_split_seg5_cut_potato_and_carrot__depth_dynamic_recognition__04,depth,depth_dynamic_recognition,cut_potato_and_carrot_split/Seg5/cut_potato_and_carrot,Does the hand disappear at any point in the sequence?,No.,Yes.,incorrect,0.0,"The caption states the hand moves into view, moves toward the center, and then retreats, implying it remains present throughout the sequence described."
rgb__aligned_dataset_check_mailbox_split_seg6_check_mailbox_rgb__light_recognition__01,rgb,light_recognition,aligned_dataset/check_mailbox_split/Seg6/check_mailbox_rgb,What is the shape of the light sources on the ceiling in the indoor hallway?,The lights in the hallway are rectangular or elongated tube-like fixtures mounted on the ceiling.,Rectangular.,correct,1.0,"The model correctly identifies the shape of the lights as rectangular, which is supported by the caption."
ir__aligned_dataset_cut_carrot_split_seg1_cut_carrot_ir__dynamic_recognition__06,ir,dynamic_recognition,aligned_dataset/cut_carrot_split/Seg1/cut_carrot_ir,Is anything changing position?,No.,No.,correct,1.0,The model answer matches the gold answer and is consistent with the provided caption stating no movement is detected.
event__aligned_dataset_make_coffee_split_seg4_make_coffee_event__event_action__01,event,event_action,aligned_dataset/make_coffee_split/Seg4/make_coffee_event,What action is the subject performing with the portafilter?,Tamping coffee grounds.,Tamping coffee grounds into the portafilter.,correct,1.0,The model answer is semantically equivalent to the gold answer and accurately describes the action based on the caption.
rgb__aligned_dataset_check_mailbox_split_seg6_check_mailbox_rgb__light_change__01,rgb,light_change,aligned_dataset/check_mailbox_split/Seg6/check_mailbox_rgb,Does the environment get significantly brighter when I enter the building?,"Yes, it becomes much brighter.",Yes.,correct,1.0,The model answer is semantically equivalent to the gold answer and directly supported by the caption.
ir__aligned_dataset_cut_carrot_split_seg1_cut_carrot_ir__dynamic_recognition__07,ir,dynamic_recognition,aligned_dataset/cut_carrot_split/Seg1/cut_carrot_ir,Was there any movement observed?,No.,No.,correct,1.0,"The model answer correctly states 'No', which matches the gold answer and is fully supported by the caption."
event__aligned_dataset_make_coffee_split_seg4_make_coffee_event__event_non_common__01,event,event_non_common,aligned_dataset/make_coffee_split/Seg4/make_coffee_event,Are there any physically implausible events in the scene?,No.,No.,correct,1.0,"The model answer matches the gold answer and is consistent with the caption, which states no implausible motion is observed."
depth__cut_potato_and_carrot_split_seg5_cut_potato_and_carrot__depth_dynamic_recognition__06,depth,depth_dynamic_recognition,cut_potato_and_carrot_split/Seg5/cut_potato_and_carrot,Does my hand move to a further depth layer at the end?,Yes.,Yes.,correct,1.0,"The model answer correctly confirms the hand moves to a further depth layer, which is supported by the caption describing the hand retreating."
rgb__aligned_dataset_check_mailbox_split_seg6_check_mailbox_rgb__light_change__02,rgb,light_change,aligned_dataset/check_mailbox_split/Seg6/check_mailbox_rgb,Does the light source type change from outdoors to indoors?,"Yes, it transitions from sparse outdoor lighting to indoor fluorescent fixtures.",Yes.,partial,0.5,The model answered correctly but failed to provide the explanation required by the gold answer for a complete response.
ir__aligned_dataset_cut_carrot_split_seg1_cut_carrot_ir__dynamic_recognition__08,ir,dynamic_recognition,aligned_dataset/cut_carrot_split/Seg1/cut_carrot_ir,Did an object leave the scene?,No.,No.,correct,1.0,The model answer correctly matches the gold answer and is consistent with the caption stating no movement occurred.
event__aligned_dataset_make_coffee_split_seg5_make_coffee_event__event_object_recognition__01,event,event_object_recognition,aligned_dataset/make_coffee_split/Seg5/make_coffee_event,What primary object am I using to compress the coffee grounds in the portafilter?,The coffee tamper.,Coffee tamper.,correct,1.0,"The model correctly identified the coffee tamper as the object used to compress the grounds, matching the gold answer."
depth__cut_potato_and_carrot_split_seg5_cut_potato_and_carrot__depth_dynamic_recognition__07,depth,depth_dynamic_recognition,cut_potato_and_carrot_split/Seg5/cut_potato_and_carrot,Is there any other object moving in the background?,No.,No.,correct,1.0,"The model correctly answered the question based on the provided caption, which mentions no other moving objects in the background."
rgb__aligned_dataset_check_mailbox_split_seg6_check_mailbox_rgb__light_change__03,rgb,light_change,aligned_dataset/check_mailbox_split/Seg6/check_mailbox_rgb,Is the hallway darker or brighter than the staircase?,The hallway is much brighter.,The hallway is brighter than the staircase.,correct,1.0,"The model correctly identifies that the hallway is brighter than the staircase, which is supported by the caption describing a sharp increase in brightness."
ir__aligned_dataset_cut_carrot_split_seg1_cut_carrot_ir__action__01,ir,action,aligned_dataset/cut_carrot_split/Seg1/cut_carrot_ir,What is being peeled?,The carrot.,A carrot.,correct,1.0,"The model correctly identified that a carrot is being peeled, which matches the gold answer."
event__aligned_dataset_make_coffee_split_seg5_make_coffee_event__event_spatial_reasoning__01,event,event_spatial_reasoning,aligned_dataset/make_coffee_split/Seg5/make_coffee_event,Where is the portafilter located relative to the espresso machine's group head during the preparation?,It is positioned directly underneath the group head.,"In the central foreground, held against the group head.",correct,1.0,"The model correctly identifies that the portafilter is held against the group head, which aligns with the spatial relationship described in the caption."
rgb__aligned_dataset_check_mailbox_split_seg6_check_mailbox_rgb__light_change__04,rgb,light_change,aligned_dataset/check_mailbox_split/Seg6/check_mailbox_rgb,Do the interior lights in the room appear warmer than the hallway lights?,"Yes, the interior lighting in the apartment appears warmer.",Yes.,correct,1.0,The model correctly confirmed the comparison between the hallway and apartment lighting based on the caption's description of a warmer glow in the apartment.
ir__aligned_dataset_cut_carrot_split_seg1_cut_carrot_ir__action__02,ir,action,aligned_dataset/cut_carrot_split/Seg1/cut_carrot_ir,What tool is being used for the peeling?,A vegetable peeler.,A peeler.,correct,1.0,The model answer is semantically equivalent to the gold answer and supported by the caption.
event__aligned_dataset_make_coffee_split_seg5_make_coffee_event__event_scene_sequence__01,event,event_scene_sequence,aligned_dataset/make_coffee_split/Seg5/make_coffee_event,What is the final action performed after locking the portafilter into the machine?,Starting the brewing process.,Initiating the coffee brewing process.,correct,1.0,The model answer is semantically equivalent to the gold answer and supported by the caption.
depth__cut_potato_and_carrot_split_seg5_cut_potato_and_carrot__depth_action__01,depth,depth_action,cut_potato_and_carrot_split/Seg5/cut_potato_and_carrot,What action am I performing with my hand?,Picking up a cutting board.,Picking up.,partial,0.5,"The model identifies the action correctly but fails to mention the object being picked up, which is specified in the gold answer."
rgb__aligned_dataset_check_mailbox_split_seg6_check_mailbox_rgb__light_change__05,rgb,light_change,aligned_dataset/check_mailbox_split/Seg6/check_mailbox_rgb,Is there light coming from a window in the final room?,"Yes, a large window is letting in daylight.",Yes.,correct,1.0,The model correctly confirmed the presence of light from a window as stated in the caption.
event__aligned_dataset_make_coffee_split_seg5_make_coffee_event__event_counting__01,event,event_counting,aligned_dataset/make_coffee_split/Seg5/make_coffee_event,How many distinct physical objects are being manipulated or interacted with during the coffee preparation?,There are 8 distinct objects.,7,incorrect,0.0,"The model identified 7 objects, but the provided caption lists 8 distinct items being interacted with."
depth__cut_potato_and_carrot_split_seg5_cut_potato_and_carrot__depth_action__02,depth,depth_action,cut_potato_and_carrot_split/Seg5/cut_potato_and_carrot,Which object am I interacting with in the foreground?,The cutting board.,A cutting board.,correct,1.0,"The model correctly identifies the cutting board as the object being interacted with, matching the gold answer."
rgb__aligned_dataset_check_mailbox_split_seg6_check_mailbox_rgb__light_change__06,rgb,light_change,aligned_dataset/check_mailbox_split/Seg6/check_mailbox_rgb,Did the ceiling lights in the hallway turn on as I walked past?,"No, they are already on.","The caption does not specify whether the lights turned on as you walked past, only that there is a sharp increase in brightness as you enter the hallway.",correct,1.0,The model correctly identifies that the caption describes the brightness increase but does not state the lights were triggered by the person's movement.
ir__aligned_dataset_cut_carrot_split_seg1_cut_carrot_ir__action__04,ir,action,aligned_dataset/cut_carrot_split/Seg1/cut_carrot_ir,What is the purpose of the action?,To remove the skin from the carrot.,To remove the outer layer of the carrot for cooking or eating.,correct,1.0,The model answer accurately conveys the purpose described in the caption and is semantically equivalent to the gold answer.
event__aligned_dataset_make_coffee_split_seg5_make_coffee_event__event_dynamic_counting__01,event,event_dynamic_counting,aligned_dataset/make_coffee_split/Seg5/make_coffee_event,How many hands are visible manipulating the coffee equipment throughout the video?,Two hands.,Two.,correct,1.0,The model answer correctly identifies the number of hands mentioned in the caption.
rgb__aligned_dataset_check_mailbox_split_seg6_check_mailbox_rgb__light_change__07,rgb,light_change,aligned_dataset/check_mailbox_split/Seg6/check_mailbox_rgb,Does the light intensity decrease when entering the apartment foyer?,"No, it remains well-lit.",No.,correct,1.0,"The model correctly answered the question, agreeing with the gold answer's assessment that the light does not decrease."
ir__aligned_dataset_cut_carrot_split_seg1_cut_carrot_ir__action__05,ir,action,aligned_dataset/cut_carrot_split/Seg1/cut_carrot_ir,Is the knife being used?,No.,No.,correct,1.0,"The model correctly identified that the knife is not being used, which is consistent with the caption stating a peeler is being used."
event__aligned_dataset_make_coffee_split_seg5_make_coffee_event__event_navigation__01,event,event_navigation,aligned_dataset/make_coffee_split/Seg5/make_coffee_event,What direction does the camera move during the coffee preparation?,It does not move.,The camera does not move.,correct,1.0,"The model answer accurately reflects the caption stating the camera remains in a static, fixed position."
ir__aligned_dataset_cut_carrot_split_seg1_cut_carrot_ir__action__06,ir,action,aligned_dataset/cut_carrot_split/Seg1/cut_carrot_ir,What will the result of this action be?,A peeled carrot.,The carrot will have its outer layer removed.,correct,1.0,"The model answer accurately describes the result of the action, which is semantically equivalent to the gold answer."
depth__cut_potato_and_carrot_split_seg5_cut_potato_and_carrot__depth_action__05,depth,depth_action,cut_potato_and_carrot_split/Seg5/cut_potato_and_carrot,Do I place the object down during the sequence?,No.,No.,correct,1.0,"The model correctly identifies that the subject does not place the object down, matching the gold answer."
rgb__aligned_dataset_check_mailbox_split_seg6_check_mailbox_rgb__counting__01,rgb,counting,aligned_dataset/check_mailbox_split/Seg6/check_mailbox_rgb,How many green exit signs are hanging in the hallway?,One.,1,correct,1.0,"The model correctly identified the number of green exit signs as 1, which matches the gold answer."
event__aligned_dataset_make_coffee_split_seg5_make_coffee_event__event_action__01,event,event_action,aligned_dataset/make_coffee_split/Seg5/make_coffee_event,What is the final step I take to begin the extraction of the coffee?,I press the machine button.,Pressing a button.,correct,1.0,The model answer accurately identifies the final step mentioned in the caption and is semantically equivalent to the gold answer.
depth__cut_potato_and_carrot_split_seg5_cut_potato_and_carrot__depth_action__06,depth,depth_action,cut_potato_and_carrot_split/Seg5/cut_potato_and_carrot,Does my hand remain in the near-field throughout the action?,Yes.,Yes.,correct,1.0,"The model correctly identifies that the hand remains in the near-field, consistent with the gold answer."
rgb__aligned_dataset_check_mailbox_split_seg6_check_mailbox_rgb__counting__02,rgb,counting,aligned_dataset/check_mailbox_split/Seg6/check_mailbox_rgb,How many pairs of shoes are on the floor in the foyer?,At least four distinct pairs are visible.,Approximately 4.,correct,1.0,The model answer is semantically equivalent to the gold answer and supported by the provided caption.
ir__aligned_dataset_cut_carrot_split_seg1_cut_carrot_ir__action__08,ir,action,aligned_dataset/cut_carrot_split/Seg1/cut_carrot_ir,What is the consequence of this action?,The vegetable is prepared for consumption or cooking.,The outer layer of the carrot is removed.,partial,0.5,"The model answer correctly identifies the immediate physical consequence, but fails to mention the broader purpose of the action as stated in the gold answer."
event__aligned_dataset_make_coffee_split_seg5_make_coffee_event__event_non_common__01,event,event_non_common,aligned_dataset/make_coffee_split/Seg5/make_coffee_event,Are there any physically implausible or floating objects observed in this coffee preparation sequence?,"No, everything is normal.",No.,correct,1.0,"The model correctly answered the question, which is semantically equivalent to the gold answer."
depth__cut_potato_and_carrot_split_seg5_cut_potato_and_carrot__depth_action__07,depth,depth_action,cut_potato_and_carrot_split/Seg5/cut_potato_and_carrot,What is the spatial effect of my movement on the cutting board?,It is lifted from the counter.,It changes the spatial layout.,partial,0.5,The model answer is vague and repeats the caption rather than describing the specific spatial effect of lifting the board from the counter.
ir__aligned_dataset_cut_carrot_split_seg2_cut_carrot_ir__object_recognition__01,ir,object_recognition,aligned_dataset/cut_carrot_split/Seg2/cut_carrot_ir,What items are present on the white cutting board besides the vegetable slices?,A metal knife and a peeler.,A metal knife and a peeler.,correct,1.0,The model answer perfectly matches the gold answer and is supported by the provided caption.
event__aligned_dataset_marinate_meat_split_seg1_marinate_meat_event__event_object_recognition__01,event,event_object_recognition,aligned_dataset/marinate_meat_split/Seg1/marinate_meat_event,What rectangular object do I pick up from the counter after passing the sink area?,A cutting board.,A cutting board.,correct,1.0,"The model answer correctly identifies the rectangular object as a cutting board, which is explicitly stated in the caption."
depth__cut_potato_and_carrot_split_seg5_cut_potato_and_carrot__depth_action__08,depth,depth_action,cut_potato_and_carrot_split/Seg5/cut_potato_and_carrot,Am I holding the object with one hand?,Yes.,Yes.,correct,1.0,"The model answer correctly confirms the gold answer, which is supported by the caption mentioning the subject uses their hand to hold the object."
ir__aligned_dataset_cut_carrot_split_seg2_cut_carrot_ir__spatial_reasoning__01,ir,spatial_reasoning,aligned_dataset/cut_carrot_split/Seg2/cut_carrot_ir,"Relative to the bowl, where is the knife positioned?",The knife is positioned to the right of the bowl on the cutting board.,To the right of the bowl.,correct,1.0,The model answer correctly identifies the knife's position relative to the bowl based on the provided caption.
event__aligned_dataset_marinate_meat_split_seg1_marinate_meat_event__event_spatial_reasoning__01,event,event_spatial_reasoning,aligned_dataset/marinate_meat_split/Seg1/marinate_meat_event,Which item is closer to me when I stop moving to prepare food: the sink or the cutting board?,The cutting board.,The cutting board.,correct,1.0,"The model answer correctly identifies the cutting board as the closer item, which is directly supported by the provided caption."
depth__cut_potato_and_carrot_split_seg5_cut_potato_and_carrot__depth_non_common__01,depth,depth_non_common,cut_potato_and_carrot_split/Seg5/cut_potato_and_carrot,Are there any floating or unnaturally ordered objects in the scene?,No.,No.,correct,1.0,The model answer matches the gold answer and is consistent with the provided caption.
ir__aligned_dataset_cut_carrot_split_seg2_cut_carrot_ir__text_recognition__01,ir,text_recognition,aligned_dataset/cut_carrot_split/Seg2/cut_carrot_ir,Are there any labels or brand names visible on the power strip?,"No, no labels or brand names are legible.",No.,correct,1.0,"The model correctly answered 'No', which is semantically equivalent to the gold answer and supported by the caption stating no explicit text is visible."
event__aligned_dataset_marinate_meat_split_seg1_marinate_meat_event__event_scene_sequence__01,event,event_scene_sequence,aligned_dataset/marinate_meat_split/Seg1/marinate_meat_event,What do I do after I stop the camera in front of the counter workspace?,Pick up a board.,Lift a cutting board.,correct,1.0,The model answer 'lift a cutting board' is semantically identical to the gold answer 'pick up a board' and is supported by the caption.
depth__make_coffee_split_seg1_make_coffee__depth_object_recognition__01,depth,depth_object_recognition,make_coffee_split/Seg1/make_coffee,"Which object is situated closer to me, the table or the shelf unit?",The table.,The table.,correct,1.0,"The model correctly identified that the table is closer, as stated in the caption."
ir__aligned_dataset_cut_carrot_split_seg2_cut_carrot_ir__scene_sequence__01,ir,scene_sequence,aligned_dataset/cut_carrot_split/Seg2/cut_carrot_ir,What is the sequence of tasks performed by me in the video?,"First, I peel the vegetable into a bowl, and then I slice the vegetable on the cutting board.","Peeling a vegetable, then slicing it.",correct,1.0,The model answer accurately summarizes the sequence of tasks described in the caption and gold answer.
event__aligned_dataset_marinate_meat_split_seg1_marinate_meat_event__event_counting__01,event,event_counting,aligned_dataset/marinate_meat_split/Seg1/marinate_meat_event,How many stove burners are visible?,Four.,4,correct,1.0,"The model correctly identified the number of stove burners as 4, which matches the gold answer and is supported by the caption."
depth__make_coffee_split_seg1_make_coffee__depth_spatial_reasoning__01,depth,depth_spatial_reasoning,make_coffee_split/Seg1/make_coffee,Is the chair closer to me than the shelf unit?,"Yes, the chair is closer.",Yes.,correct,1.0,"The model correctly answered the question, which is supported by the caption stating the table (with the chair) is in the immediate foreground while the shelf is farther back."
rgb__aligned_dataset_check_mailbox_split_seg6_check_mailbox_rgb__counting__07,rgb,counting,aligned_dataset/check_mailbox_split/Seg6/check_mailbox_rgb,How many jackets are hanging on the wall hooks?,One green jacket.,1,correct,1.0,The model correctly identified the number of jackets mentioned in the caption.
event__aligned_dataset_marinate_meat_split_seg1_marinate_meat_event__event_counting__02,event,event_counting,aligned_dataset/marinate_meat_split/Seg1/marinate_meat_event,How many oven handles do I pass?,One.,1,correct,1.0,"The model correctly identified the number of oven handles as 1, matching the gold answer."
depth__make_coffee_split_seg1_make_coffee__depth_scene_sequence__01,depth,depth_scene_sequence,make_coffee_split/Seg1/make_coffee,Does the camera move from the table area toward the shelf unit?,Yes.,Yes.,correct,1.0,The model answer correctly confirms the camera movement described in the caption.
ir__aligned_dataset_cut_carrot_split_seg2_cut_carrot_ir__light_change__01,ir,light_change,aligned_dataset/cut_carrot_split/Seg2/cut_carrot_ir,Does the overall thermal intensity of the scene change?,"No, the thermal intensity remains stable.",No.,correct,1.0,"The model correctly answers 'No', which is semantically equivalent to the gold answer and supported by the caption."
event__aligned_dataset_marinate_meat_split_seg1_marinate_meat_event__event_counting__03,event,event_counting,aligned_dataset/marinate_meat_split/Seg1/marinate_meat_event,How many sink basins are there?,One.,1,correct,1.0,The model answer correctly identifies the number of sink basins as stated in the caption.
ir__aligned_dataset_cut_carrot_split_seg2_cut_carrot_ir__counting__01,ir,counting,aligned_dataset/cut_carrot_split/Seg2/cut_carrot_ir,How many kitchen tools are visible on the counter?,"There are 3 kitchen tools: a knife, a peeler, and a bowl.",4,incorrect,0.0,The model provided an incorrect number and failed to identify the specific tools listed in the gold answer.
event__aligned_dataset_marinate_meat_split_seg1_marinate_meat_event__event_counting__04,event,event_counting,aligned_dataset/marinate_meat_split/Seg1/marinate_meat_event,How many dish racks are visible?,One.,1,correct,1.0,"The model correctly identified the number of dish racks as 1, which matches the gold answer."
depth__make_coffee_split_seg1_make_coffee__depth_dynamic_counting__01,depth,depth_dynamic_counting,make_coffee_split/Seg1/make_coffee,How many moving people appear in the video?,Zero.,0,correct,1.0,"The model correctly identified that there are zero moving people in the video, consistent with the caption stating no humans are present."
ir__aligned_dataset_cut_carrot_split_seg2_cut_carrot_ir__dynamic_counting__01,ir,dynamic_counting,aligned_dataset/cut_carrot_split/Seg2/cut_carrot_ir,How many moving objects are in the kitchen besides my hands?,Zero.,0,correct,1.0,"The model correctly identified that there are zero moving objects besides the hands, matching the gold answer."
event__aligned_dataset_marinate_meat_split_seg1_marinate_meat_event__event_counting__05,event,event_counting,aligned_dataset/marinate_meat_split/Seg1/marinate_meat_event,How many knives do I use?,One.,1,correct,1.0,"The model correctly identified the number of knives as 1, which matches the gold answer."
depth__make_coffee_split_seg1_make_coffee__depth_navigation__01,depth,depth_navigation,make_coffee_split/Seg1/make_coffee,Is the path between the table and the shelf navigable?,"Yes, it is navigable.",Yes.,correct,1.0,"The model correctly confirms the path is navigable, which is supported by the caption stating the floor provides clear navigable space."
rgb__aligned_dataset_check_mailbox_split_seg6_check_mailbox_rgb__dynamic_counting__01,rgb,dynamic_counting,aligned_dataset/check_mailbox_split/Seg6/check_mailbox_rgb,How many people are seen walking in the hallway?,Zero.,0,correct,1.0,"The model correctly identified that there are zero people walking in the hallway, consistent with the caption stating no humans are moving."
ir__aligned_dataset_cut_carrot_split_seg2_cut_carrot_ir__non_common__01,ir,non_common,aligned_dataset/cut_carrot_split/Seg2/cut_carrot_ir,Is there any object floating or placed in a physically impossible location?,No.,No.,correct,1.0,The model answer matches the gold answer and is consistent with the provided caption.
depth__make_coffee_split_seg1_make_coffee__depth_dynamic_recognition__01,depth,depth_dynamic_recognition,make_coffee_split/Seg1/make_coffee,Are there any moving objects in the field of view?,No.,No.,correct,1.0,"The model correctly answered 'No', which matches the gold answer and is supported by the caption stating there are no moving objects."
rgb__aligned_dataset_check_mailbox_split_seg6_check_mailbox_rgb__dynamic_counting__02,rgb,dynamic_counting,aligned_dataset/check_mailbox_split/Seg6/check_mailbox_rgb,How many cars pass by the window in the final scene?,Zero.,0,correct,1.0,"The model correctly identified that no cars pass by, consistent with the caption stating there are no moving objects."
ir__aligned_dataset_cut_carrot_split_seg2_cut_carrot_ir__navigation__01,ir,navigation,aligned_dataset/cut_carrot_split/Seg2/cut_carrot_ir,Do I move between different rooms in this video?,No.,No.,correct,1.0,The model correctly identified that there is no movement between rooms based on the caption.
event__aligned_dataset_marinate_meat_split_seg1_marinate_meat_event__event_counting__07,event,event_counting,aligned_dataset/marinate_meat_split/Seg1/marinate_meat_event,How many electrical sockets are on the wall?,Two.,2,correct,1.0,The model answer correctly identifies the number of electrical sockets as specified in the caption.
depth__make_coffee_split_seg1_make_coffee__depth_action__01,depth,depth_action,make_coffee_split/Seg1/make_coffee,What action is being performed by the camera operator?,Navigating toward the shelf.,Navigating through the room.,partial,0.5,"The model answer is correct but less specific than the gold answer, as it omits the destination (the shelf) mentioned in the caption."
rgb__aligned_dataset_check_mailbox_split_seg6_check_mailbox_rgb__dynamic_counting__03,rgb,dynamic_counting,aligned_dataset/check_mailbox_split/Seg6/check_mailbox_rgb,Do any dynamic objects move past me on the stairs?,No.,No.,correct,1.0,"The model answer correctly states 'No', which matches the gold answer and is supported by the caption stating there are no dynamic objects moving."
event__aligned_dataset_marinate_meat_split_seg1_marinate_meat_event__event_counting__08,event,event_counting,aligned_dataset/marinate_meat_split/Seg1/marinate_meat_event,How many hands appear in the workspace?,Two.,2,correct,1.0,"The model correctly identified the number of hands as 2, matching the gold answer."
depth__make_coffee_split_seg1_make_coffee__depth_non_common__01,depth,depth_non_common,make_coffee_split/Seg1/make_coffee,Are there any floating objects in this scene?,No.,No.,correct,1.0,The model answer matches the gold answer and is directly supported by the caption stating no floating objects are observed.
rgb__aligned_dataset_check_mailbox_split_seg6_check_mailbox_rgb__dynamic_counting__04,rgb,dynamic_counting,aligned_dataset/check_mailbox_split/Seg6/check_mailbox_rgb,Does anyone open the apartment door for me?,No.,No.,correct,1.0,"The model correctly answered 'No', which aligns with the gold answer and the caption stating there are no humans moving."
ir__aligned_dataset_cut_carrot_split_seg2_cut_carrot_ir__action__01,ir,action,aligned_dataset/cut_carrot_split/Seg2/cut_carrot_ir,What is the main action I am performing with the vegetable?,I am peeling and then slicing the vegetable.,Peeling and slicing.,correct,1.0,The model answer accurately summarizes the main actions of peeling and slicing described in the caption.
event__aligned_dataset_marinate_meat_split_seg1_marinate_meat_event__event_dynamic_counting__01,event,event_dynamic_counting,aligned_dataset/marinate_meat_split/Seg1/marinate_meat_event,How many hands appear to lift the board?,Two.,Two.,correct,1.0,"The model answer correctly identifies that two hands appear, matching the caption and the gold answer."
depth__make_coffee_split_seg2_make_coffee__depth_object_recognition__01,depth,depth_object_recognition,make_coffee_split/Seg2/make_coffee,Which object in the workspace is the furthest away from me based on the depth map?,The cylindrical container.,The cylindrical container.,correct,1.0,"The model correctly identified the cylindrical container as the furthest object, matching the gold answer based on the provided caption."
rgb__aligned_dataset_check_mailbox_split_seg6_check_mailbox_rgb__dynamic_counting__05,rgb,dynamic_counting,aligned_dataset/check_mailbox_split/Seg6/check_mailbox_rgb,Are there any pets moving inside the room?,No.,No.,correct,1.0,"The model correctly answered 'No', which aligns with the caption stating there are no moving objects or humans in the video."
ir__aligned_dataset_cut_carrot_split_seg3_cut_carrot_ir__object_recognition__01,ir,object_recognition,aligned_dataset/cut_carrot_split/Seg3/cut_carrot_ir,What is the primary tool I am using on the cutting board?,A kitchen knife.,A kitchen knife.,correct,1.0,The model answer matches the gold answer and is supported by the caption provided.
event__aligned_dataset_marinate_meat_split_seg1_marinate_meat_event__event_dynamic_counting__02,event,event_dynamic_counting,aligned_dataset/marinate_meat_split/Seg1/marinate_meat_event,How many times is the board lifted?,Once.,Once.,correct,1.0,"The model answer matches the gold answer, which is explicitly supported by the caption stating the board is lifted exactly once."
depth__make_coffee_split_seg2_make_coffee__depth_spatial_reasoning__01,depth,depth_spatial_reasoning,make_coffee_split/Seg2/make_coffee,Is the cylindrical container located in front of or behind the lamp head in the depth field?,Behind the lamp head.,Behind.,correct,1.0,"The model answer correctly identifies that the cylindrical container is behind the lamp head, matching the gold answer."
rgb__aligned_dataset_check_mailbox_split_seg6_check_mailbox_rgb__dynamic_counting__06,rgb,dynamic_counting,aligned_dataset/check_mailbox_split/Seg6/check_mailbox_rgb,How many people are sitting at the dining table?,Zero.,0,correct,1.0,"The model correctly identified that there are zero people, which is consistent with the caption stating no humans are moving."
ir__aligned_dataset_cut_carrot_split_seg3_cut_carrot_ir__spatial_reasoning__01,ir,spatial_reasoning,aligned_dataset/cut_carrot_split/Seg3/cut_carrot_ir,Where is the peeler located relative to the cutting board?,The peeler is located to the right of the cutting board.,To the right of the cutting board.,correct,1.0,The model answer accurately describes the location of the peeler relative to the cutting board as stated in the caption.
event__aligned_dataset_marinate_meat_split_seg1_marinate_meat_event__event_dynamic_counting__03,event,event_dynamic_counting,aligned_dataset/marinate_meat_split/Seg1/marinate_meat_event,How many slicing motions do I make?,Five.,Five.,correct,1.0,The model answer matches the gold answer and is directly supported by the provided caption.
depth__make_coffee_split_seg2_make_coffee__depth_scene_sequence__01,depth,depth_scene_sequence,make_coffee_split/Seg2/make_coffee,Does the camera move into a different room during the recording?,"No, it remains stationary.",No.,correct,1.0,"The model correctly answers the question, consistent with the gold answer and the provided caption."
rgb__aligned_dataset_check_mailbox_split_seg6_check_mailbox_rgb__dynamic_counting__07,rgb,dynamic_counting,aligned_dataset/check_mailbox_split/Seg6/check_mailbox_rgb,Is there any movement visible through the apartment window?,No.,No.,correct,1.0,"The model correctly identified that there is no movement, which aligns with the caption stating no objects or humans are moving."
ir__aligned_dataset_cut_carrot_split_seg3_cut_carrot_ir__text_recognition__01,ir,text_recognition,aligned_dataset/cut_carrot_split/Seg3/cut_carrot_ir,Are there any labels or brand names visible on the kitchen tools?,"No, there are no visible labels or brand names on the tools.",No.,correct,1.0,The model answer is semantically equivalent to the gold answer and supported by the provided caption.
event__aligned_dataset_marinate_meat_split_seg1_marinate_meat_event__event_dynamic_counting__04,event,event_dynamic_counting,aligned_dataset/marinate_meat_split/Seg1/marinate_meat_event,How many knives move?,One.,1,correct,1.0,"The model answer correctly identifies that one knife is moving, which aligns with the gold answer."
depth__make_coffee_split_seg2_make_coffee__depth_counting__01,depth,depth_counting,make_coffee_split/Seg2/make_coffee,How many distinct objects can be identified on the workspace surface based on depth?,Four.,Four.,correct,1.0,The model answer correctly identifies the number of objects stated in the caption.
rgb__aligned_dataset_check_mailbox_split_seg6_check_mailbox_rgb__dynamic_counting__08,rgb,dynamic_counting,aligned_dataset/check_mailbox_split/Seg6/check_mailbox_rgb,Do any other doors in the hallway open as I walk by?,No.,No.,correct,1.0,"The model answer correctly states 'No', which matches the gold answer and is consistent with the caption stating that all doors are stationary."
ir__aligned_dataset_cut_carrot_split_seg3_cut_carrot_ir__scene_sequence__01,ir,scene_sequence,aligned_dataset/cut_carrot_split/Seg3/cut_carrot_ir,Does the scene change or move to a different room throughout the video?,"No, the scene remains in the same kitchen area throughout the video.",No.,correct,1.0,"The model correctly answers the question, and its brevity is sufficient given the context."
event__aligned_dataset_marinate_meat_split_seg1_marinate_meat_event__event_dynamic_counting__05,event,event_dynamic_counting,aligned_dataset/marinate_meat_split/Seg1/marinate_meat_event,How many major camera movements along the counter occur?,One.,One.,correct,1.0,"The model correctly identified that there is one continuous movement along the counter, matching the gold answer."
depth__make_coffee_split_seg2_make_coffee__depth_dynamic_counting__01,depth,depth_dynamic_counting,make_coffee_split/Seg2/make_coffee,How many other people or moving entities besides me are visible in the depth stream?,Zero.,Zero.,correct,1.0,"The model answer correctly identifies that there are zero other moving entities, matching the gold answer and the provided caption."
rgb__aligned_dataset_check_mailbox_split_seg6_check_mailbox_rgb__non_common__01,rgb,non_common,aligned_dataset/check_mailbox_split/Seg6/check_mailbox_rgb,Is there any unrealistic object placement or violation of common sense in the living room area?,"The scene is realistic, though placing an ironing board right next to the dining table is a bit unconventional for a standard living room layout.","Yes, the ironing board is placed very close to the dining table.",correct,1.0,The model correctly identifies the unconventional object placement mentioned in the caption and gold answer.
ir__aligned_dataset_cut_carrot_split_seg3_cut_carrot_ir__light_recognition__01,ir,light_recognition,aligned_dataset/cut_carrot_split/Seg3/cut_carrot_ir,Are there any obvious thermal hotspots indicating a heat source like a stove or light bulb?,"No, there are no significant thermal hotspots visible.",No.,correct,1.0,The model answer is concise and directly addresses the question based on the provided caption.
depth__make_coffee_split_seg2_make_coffee__depth_navigation__01,depth,depth_navigation,make_coffee_split/Seg2/make_coffee,Is there a navigable path visible beyond the immediate workspace area?,No.,No.,correct,1.0,"The model answer correctly states that there is no navigable path, which aligns with the provided gold answer and caption."
rgb__aligned_dataset_check_mailbox_split_seg6_check_mailbox_rgb__navigation__01,rgb,navigation,aligned_dataset/check_mailbox_split/Seg6/check_mailbox_rgb,How do I get from the stairs to the interior hallway?,Climb the stairs and walk along the outdoor balcony.,"Climb 15 steps, turn left, walk 5 steps along the balcony, and enter the doorway.",correct,1.0,"The model provides a complete and accurate path from the stairs to the interior hallway, consistent with the caption."
ir__aligned_dataset_cut_carrot_split_seg3_cut_carrot_ir__light_change__01,ir,light_change,aligned_dataset/cut_carrot_split/Seg3/cut_carrot_ir,Did the brightness of the scene change during the vegetable preparation?,"No, the brightness remained consistent throughout the video.",No.,correct,1.0,"The model answer correctly states 'No', which is semantically equivalent to the gold answer and supported by the caption."
event__aligned_dataset_marinate_meat_split_seg1_marinate_meat_event__event_dynamic_counting__07,event,event_dynamic_counting,aligned_dataset/marinate_meat_split/Seg1/marinate_meat_event,How many hands are involved in the cutting action?,Two.,Two hands.,correct,1.0,The model answer correctly identifies the number of hands mentioned in the caption.
depth__make_coffee_split_seg2_make_coffee__depth_dynamic_recognition__01,depth,depth_dynamic_recognition,make_coffee_split/Seg2/make_coffee,Are my hands moving toward the cylindrical container at the start of the sequence?,"Yes, they are.",Yes.,correct,1.0,The model correctly confirmed that the hands move toward the cylindrical container as described in the caption.
rgb__aligned_dataset_check_mailbox_split_seg6_check_mailbox_rgb__navigation__02,rgb,navigation,aligned_dataset/check_mailbox_split/Seg6/check_mailbox_rgb,Which way do I turn after entering the building?,Walk straight and then turn right.,Right,partial,0.5,"The model answer is incomplete; it fails to mention the initial walk straight required before turning right, as specified in the gold answer and caption."
ir__aligned_dataset_cut_carrot_split_seg3_cut_carrot_ir__counting__01,ir,counting,aligned_dataset/cut_carrot_split/Seg3/cut_carrot_ir,How many kitchen tools are clearly visible on the counter besides the cutting board?,There are two kitchen tools visible on the counter: the knife and the peeler.,3,incorrect,0.0,"The model provided the wrong number; there are two tools (knife and peeler) besides the cutting board, while the model answered 3."
event__aligned_dataset_marinate_meat_split_seg1_marinate_meat_event__event_dynamic_counting__08,event,event_dynamic_counting,aligned_dataset/marinate_meat_split/Seg1/marinate_meat_event,How many times does the knife touch the board surface?,Five.,5,correct,1.0,"The model correctly identified the number of slicing strokes, which corresponds to the number of times the knife touches the board."
rgb__aligned_dataset_check_mailbox_split_seg6_check_mailbox_rgb__navigation__03,rgb,navigation,aligned_dataset/check_mailbox_split/Seg6/check_mailbox_rgb,Do I climb up or down the metal stairs?,Up.,Climb up.,correct,1.0,"The model correctly identified that the action is to climb up the stairs, which matches the gold answer."
ir__aligned_dataset_cut_carrot_split_seg3_cut_carrot_ir__dynamic_counting__01,ir,dynamic_counting,aligned_dataset/cut_carrot_split/Seg3/cut_carrot_ir,How many independent dynamic objects move in the scene?,"None, only the hands of the subject are moving.",0,correct,1.0,"The model correctly identifies that there are zero independent dynamic objects, which is semantically equivalent to the gold answer."
event__aligned_dataset_marinate_meat_split_seg1_marinate_meat_event__event_navigation__01,event,event_navigation,aligned_dataset/marinate_meat_split/Seg1/marinate_meat_event,What sequence of kitchen features do I pass before stopping at the workspace?,"Oven, stovetop, and sink.","Oven, stovetop, and sink.",correct,1.0,The model answer perfectly matches the gold answer and is fully supported by the provided caption.
depth__make_coffee_split_seg2_make_coffee__depth_non_common__01,depth,depth_non_common,make_coffee_split/Seg2/make_coffee,Are there any floating objects or physically impossible depth structures in the scene?,No.,No.,correct,1.0,"The model correctly answered the question, matching the gold answer and the information provided in the caption."
ir__aligned_dataset_cut_carrot_split_seg3_cut_carrot_ir__non_common__01,ir,non_common,aligned_dataset/cut_carrot_split/Seg3/cut_carrot_ir,Is there any object floating or placed in a way that violates physical common sense?,"No, all objects are placed realistically on the surface.",No.,correct,1.0,"The model correctly answered the question, agreeing with the gold answer that there are no physical violations."
event__aligned_dataset_marinate_meat_split_seg1_marinate_meat_event__event_dynamic_recognition__01,event,event_dynamic_recognition,aligned_dataset/marinate_meat_split/Seg1/marinate_meat_event,Did my hands appear around frame 360?,Yes.,Yes.,correct,1.0,The model answer correctly confirms the information provided in the caption.
rgb__aligned_dataset_check_mailbox_split_seg6_check_mailbox_rgb__navigation__05,rgb,navigation,aligned_dataset/check_mailbox_split/Seg6/check_mailbox_rgb,How many turns do I make in the indoor hallway?,One right turn.,1,correct,1.0,"The model correctly identifies the number of turns, which matches the gold answer."
ir__aligned_dataset_cut_carrot_split_seg3_cut_carrot_ir__navigation__01,ir,navigation,aligned_dataset/cut_carrot_split/Seg3/cut_carrot_ir,How many steps should I take to exit the kitchen from this position?,The video does not provide enough information to determine the distance to the exit.,None; the video is stationary and does not provide navigation.,correct,1.0,The model correctly identifies that the video is stationary and lacks the information required to provide a navigation-based answer.
event__aligned_dataset_marinate_meat_split_seg1_marinate_meat_event__event_dynamic_recognition__02,event,event_dynamic_recognition,aligned_dataset/marinate_meat_split/Seg1/marinate_meat_event,When did I start lifting the board?,Frame 360.,Frame 360,correct,1.0,"The model answer correctly identifies frame 360 as the start time, matching both the gold answer and the provided caption."
depth__make_coffee_split_seg3_make_coffee__depth_spatial_reasoning__01,depth,depth_spatial_reasoning,make_coffee_split/Seg3/make_coffee,Are the cylindrical containers closer to the coffee machine or to me?,To the coffee machine.,They are closer to the coffee machine.,correct,1.0,The model correctly identified that the containers are closer to the coffee machine based on the spatial relationships described in the caption.
rgb__aligned_dataset_check_mailbox_split_seg6_check_mailbox_rgb__navigation__06,rgb,navigation,aligned_dataset/check_mailbox_split/Seg6/check_mailbox_rgb,Is the target door at the beginning or end of the corridor?,Near the end of the hallway.,End.,correct,1.0,"The model answer correctly identifies the location of the target door as being at the end of the corridor, consistent with the gold answer."
ir__aligned_dataset_cut_carrot_split_seg3_cut_carrot_ir__dynamic_recognition__01,ir,dynamic_recognition,aligned_dataset/cut_carrot_split/Seg3/cut_carrot_ir,What is the duration of the slicing action performed by my hands?,The slicing action persists throughout the entire video duration.,870 frames,partial,0.5,The model identifies the frame count correctly but fails to state that the action persists throughout the entire duration as requested by the gold answer.
event__aligned_dataset_marinate_meat_split_seg1_marinate_meat_event__event_dynamic_recognition__03,event,event_dynamic_recognition,aligned_dataset/marinate_meat_split/Seg1/marinate_meat_event,When did the knife first appear in motion?,Frame 510.,Frame 510,correct,1.0,"The model answer correctly identifies frame 510, matching the gold answer provided in the caption."
depth__make_coffee_split_seg3_make_coffee__depth_scene_sequence__01,depth,depth_scene_sequence,make_coffee_split/Seg3/make_coffee,Does the spatial arrangement of the coffee machine and counter change as I perform my tasks?,"No, it stays fixed.",No.,correct,1.0,"The model correctly answered 'No', which is semantically equivalent to the gold answer and supported by the caption stating the layout remains consistent."
ir__aligned_dataset_cut_carrot_split_seg3_cut_carrot_ir__action__01,ir,action,aligned_dataset/cut_carrot_split/Seg3/cut_carrot_ir,What is the primary action I am performing in the video?,I am slicing vegetables on a cutting board.,Slicing vegetable strips.,correct,1.0,The model accurately identifies the primary action described in the caption and gold answer.
depth__make_coffee_split_seg3_make_coffee__depth_counting__01,depth,depth_counting,make_coffee_split/Seg3/make_coffee,How many main stationary objects are on the desk?,Five.,4,incorrect,0.0,"The model counted 4 objects, while the caption lists five distinct objects (coffee machine, mug, small container, circular object, and cables)."
rgb__aligned_dataset_check_mailbox_split_seg6_check_mailbox_rgb__navigation__08,rgb,navigation,aligned_dataset/check_mailbox_split/Seg6/check_mailbox_rgb,How many steps along the balcony before the door?,About 5 steps.,5 steps,correct,1.0,The model answer is semantically equivalent to the gold answer and supported by the caption.
ir__aligned_dataset_cut_carrot_split_seg4_cut_carrot_ir__object_recognition__01,ir,object_recognition,aligned_dataset/cut_carrot_split/Seg4/cut_carrot_ir,What tools and objects are visible on the kitchen surface besides the vegetables being sliced?,"A knife, a white cutting board, a bowl, and a vegetable peeler.","A white cutting board, a knife, a bowl, and a vegetable peeler.",correct,1.0,The model correctly identified all the tools and objects mentioned in the gold answer.
event__aligned_dataset_marinate_meat_split_seg1_marinate_meat_event__event_dynamic_recognition__05,event,event_dynamic_recognition,aligned_dataset/marinate_meat_split/Seg1/marinate_meat_event,Is the knife performing a slicing motion?,Yes.,Yes.,correct,1.0,"The model answer correctly confirms the slicing motion, which is supported by the caption stating the knife begins a back-and-forth slicing motion at frame 510."
rgb__aligned_dataset_check_mailbox_split_seg6_check_mailbox_rgb__navigation__09,rgb,navigation,aligned_dataset/check_mailbox_split/Seg6/check_mailbox_rgb,What is the first navigational action?,Climbing the metal stairs.,Climb up approximately 15 steps.,correct,1.0,The model correctly identifies the first action described in the caption.
ir__aligned_dataset_cut_carrot_split_seg4_cut_carrot_ir__spatial_reasoning__01,ir,spatial_reasoning,aligned_dataset/cut_carrot_split/Seg4/cut_carrot_ir,Is the bowl located to the left or right of the cutting board in the scene?,The bowl is located to the right of the cutting board.,Right.,correct,1.0,"The model correctly identifies that the bowl is to the right of the cutting board, matching the gold answer."
event__aligned_dataset_marinate_meat_split_seg1_marinate_meat_event__event_dynamic_recognition__06,event,event_dynamic_recognition,aligned_dataset/marinate_meat_split/Seg1/marinate_meat_event,When did the slicing action stop?,Frame 630.,Frame 630.,correct,1.0,The model answer matches the gold answer and is directly supported by the provided caption.
rgb__aligned_dataset_check_mailbox_split_seg6_check_mailbox_rgb__navigation__10,rgb,navigation,aligned_dataset/check_mailbox_split/Seg6/check_mailbox_rgb,Which way do I turn to find the final apartment door at the end of the hall?,Right.,Right,correct,1.0,"The model answer correctly identifies 'right' as the direction to turn, matching the gold answer and the caption information."
ir__aligned_dataset_cut_carrot_split_seg4_cut_carrot_ir__text_recognition__01,ir,text_recognition,aligned_dataset/cut_carrot_split/Seg4/cut_carrot_ir,Is there any text visible on the cutting board?,No.,No.,correct,1.0,"The model correctly identified that there is no text visible, matching the gold answer and the provided caption."
rgb__aligned_dataset_check_mailbox_split_seg6_check_mailbox_rgb__dynamic_recognition__01,rgb,dynamic_recognition,aligned_dataset/check_mailbox_split/Seg6/check_mailbox_rgb,Did any dynamic object appear or change state independently of my movement during the video?,"No, all objects in the scene remained static throughout the entire video.",No.,correct,1.0,"The model correctly answered the question, which aligns with the caption stating no dynamic objects or changes occurred."
ir__aligned_dataset_cut_carrot_split_seg4_cut_carrot_ir__text_recognition__02,ir,text_recognition,aligned_dataset/cut_carrot_split/Seg4/cut_carrot_ir,Can you identify any brand names on the tools?,No.,No.,correct,1.0,"The model answer correctly states that no brand names are identified, consistent with the gold answer and the provided caption."
event__aligned_dataset_marinate_meat_split_seg1_marinate_meat_event__event_dynamic_recognition__08,event,event_dynamic_recognition,aligned_dataset/marinate_meat_split/Seg1/marinate_meat_event,Did any other person enter the frame?,No.,No.,correct,1.0,"The model answer correctly states 'No', which is consistent with the caption describing only hands and the actions performed."
rgb__aligned_dataset_check_mailbox_split_seg6_check_mailbox_rgb__action__01,rgb,action,aligned_dataset/check_mailbox_split/Seg6/check_mailbox_rgb,What action am I performing at the very start of the video?,Climbing external metal stairs.,Climbing a set of external metal stairs.,correct,1.0,The model answer accurately reflects the action described at the start of the caption.
ir__aligned_dataset_cut_carrot_split_seg4_cut_carrot_ir__text_recognition__03,ir,text_recognition,aligned_dataset/cut_carrot_split/Seg4/cut_carrot_ir,Is there any text on the bowl?,No.,No.,correct,1.0,"The model answer correctly states that there is no text, which aligns with both the gold answer and the provided caption."
event__aligned_dataset_marinate_meat_split_seg1_marinate_meat_event__event_action__01,event,event_action,aligned_dataset/marinate_meat_split/Seg1/marinate_meat_event,What am I doing initially?,Walking through kitchen.,Walking through the kitchen to reach a preparation area.,correct,1.0,The model answer accurately reflects the initial action described in the caption.
depth__make_coffee_split_seg3_make_coffee__depth_counting__06,depth,depth_counting,make_coffee_split/Seg3/make_coffee,Are there more than two objects placed on the desk surface?,Yes.,Yes.,correct,1.0,"The caption lists five distinct objects (coffee machine, mug, container, circular object, cables), confirming there are more than two."
ir__aligned_dataset_cut_carrot_split_seg4_cut_carrot_ir__text_recognition__04,ir,text_recognition,aligned_dataset/cut_carrot_split/Seg4/cut_carrot_ir,Does the counter have any markings?,No.,No.,correct,1.0,The model answer matches the gold answer and is consistent with the provided caption.
ir__aligned_dataset_cut_carrot_split_seg4_cut_carrot_ir__text_recognition__05,ir,text_recognition,aligned_dataset/cut_carrot_split/Seg4/cut_carrot_ir,Is there any instructional text in the frame?,No.,No.,correct,1.0,"The model answer correctly states that there is no instructional text, which aligns with the provided caption and gold answer."
rgb__aligned_dataset_check_mailbox_split_seg6_check_mailbox_rgb__action__04,rgb,action,aligned_dataset/check_mailbox_split/Seg6/check_mailbox_rgb,Am I walking or running through the hallway?,Walking.,Walking.,correct,1.0,"The model correctly identified that the person is walking, which matches the gold answer and is supported by the caption."
