
===== Benchmark log started 2026-06-14 20:13:25 =====
Log path: outputs/benchmarks/aligned_qa_frame_answers_allenai_Molmo2-4B.log
Local Molmo2 runtime: provider=molmo2, model=allenai/Molmo2-4B, cuda_available=True, gpu=NVIDIA GeForce RTX 4080, auto_processor_available=True, image_text_model_available=True, causal_lm_available=True, pillow_available=True, max_tokens=128, max_image_size=0, frame_input_mode=contact_sheet, contact_sheet_cell_size=320, dtype=float16, device_map=cuda:0, quantization=none, cuda_alloc_conf=expandable_segments:True
Molmo2 frame-input answer benchmark resume scan: 0 complete skipped, 10 pending selected, 5725 valid total, model=allenai/Molmo2-4B.
Loading checkpoint shards:   0%|          | 0/4 [00:00<?, ?it/s]Loading checkpoint shards:  25%|##5       | 1/4 [00:00<00:01,  1.91it/s]Loading checkpoint shards:  50%|#####     | 2/4 [00:01<00:00,  2.00it/s]Loading checkpoint shards:  75%|#######5  | 3/4 [00:01<00:00,  2.08it/s]Loading checkpoint shards: 100%|##########| 4/4 [00:01<00:00,  1.99it/s]Loading checkpoint shards: 100%|##########| 4/4 [00:01<00:00,  2.00it/s]
Running Molmo2 frame-answer batch 1: 1 item(s)
Checkpoint saved: 1 frame answer item(s)
Running Molmo2 frame-answer batch 2: 1 item(s)
Checkpoint saved: 2 frame answer item(s)
Running Molmo2 frame-answer batch 3: 1 item(s)
Checkpoint saved: 3 frame answer item(s)
Running Molmo2 frame-answer batch 4: 1 item(s)
Checkpoint saved: 4 frame answer item(s)
Running Molmo2 frame-answer batch 5: 1 item(s)
Checkpoint saved: 5 frame answer item(s)
Running Molmo2 frame-answer batch 6: 1 item(s)
Checkpoint saved: 6 frame answer item(s)
Running Molmo2 frame-answer batch 7: 1 item(s)
Checkpoint saved: 7 frame answer item(s)
Running Molmo2 frame-answer batch 8: 1 item(s)
Checkpoint saved: 8 frame answer item(s)
Running Molmo2 frame-answer batch 9: 1 item(s)
Checkpoint saved: 9 frame answer item(s)
Running Molmo2 frame-answer batch 10: 1 item(s)
Checkpoint saved: 10 frame answer item(s)
===== Benchmark log ended 2026-06-14 20:13:40 =====

===== Benchmark log started 2026-06-14 20:14:19 =====
Log path: outputs/benchmarks/aligned_qa_frame_answers_allenai_Molmo2-4B.log
Local Molmo2 runtime: provider=molmo2, model=allenai/Molmo2-4B, cuda_available=True, gpu=NVIDIA GeForce RTX 4080, auto_processor_available=True, image_text_model_available=True, causal_lm_available=True, pillow_available=True, max_tokens=128, max_image_size=0, frame_input_mode=contact_sheet, contact_sheet_cell_size=320, dtype=float16, device_map=cuda:0, quantization=none, cuda_alloc_conf=expandable_segments:True
Molmo2 frame-input answer benchmark resume scan: 10 complete skipped, 5715 pending selected, 5725 valid total, model=allenai/Molmo2-4B.
Loading checkpoint shards:   0%|          | 0/4 [00:00<?, ?it/s]Loading checkpoint shards:  25%|##5       | 1/4 [00:00<00:01,  1.89it/s]Loading checkpoint shards:  50%|#####     | 2/4 [00:01<00:01,  1.99it/s]Loading checkpoint shards:  75%|#######5  | 3/4 [00:01<00:00,  2.08it/s]Loading checkpoint shards: 100%|##########| 4/4 [00:02<00:00,  1.99it/s]Loading checkpoint shards: 100%|##########| 4/4 [00:02<00:00,  2.00it/s]
Running Molmo2 frame-answer batch 1: 1 item(s)
Checkpoint saved: 11 frame answer item(s)
Running Molmo2 frame-answer batch 2: 1 item(s)
Checkpoint saved: 12 frame answer item(s)
Running Molmo2 frame-answer batch 3: 1 item(s)
Checkpoint saved: 13 frame answer item(s)
Running Molmo2 frame-answer batch 4: 1 item(s)
Checkpoint saved: 14 frame answer item(s)
Running Molmo2 frame-answer batch 5: 1 item(s)
Checkpoint saved: 15 frame answer item(s)
Running Molmo2 frame-answer batch 6: 1 item(s)
Checkpoint saved: 16 frame answer item(s)
Running Molmo2 frame-answer batch 7: 1 item(s)
Checkpoint saved: 17 frame answer item(s)
Running Molmo2 frame-answer batch 8: 1 item(s)
Checkpoint saved: 18 frame answer item(s)
Running Molmo2 frame-answer batch 9: 1 item(s)
Checkpoint saved: 19 frame answer item(s)
Running Molmo2 frame-answer batch 10: 1 item(s)
Checkpoint saved: 20 frame answer item(s)
Running Molmo2 frame-answer batch 11: 1 item(s)
Checkpoint saved: 21 frame answer item(s)
Running Molmo2 frame-answer batch 12: 1 item(s)
Checkpoint saved: 22 frame answer item(s)
Running Molmo2 frame-answer batch 13: 1 item(s)
Checkpoint saved: 23 frame answer item(s)
Running Molmo2 frame-answer batch 14: 1 item(s)
Checkpoint saved: 24 frame answer item(s)
Running Molmo2 frame-answer batch 15: 1 item(s)
Checkpoint saved: 25 frame answer item(s)
Running Molmo2 frame-answer batch 16: 1 item(s)
Checkpoint saved: 26 frame answer item(s)
Running Molmo2 frame-answer batch 17: 1 item(s)
Checkpoint saved: 27 frame answer item(s)
Running Molmo2 frame-answer batch 18: 1 item(s)
Checkpoint saved: 28 frame answer item(s)
Running Molmo2 frame-answer batch 19: 1 item(s)
Checkpoint saved: 29 frame answer item(s)
Running Molmo2 frame-answer batch 20: 1 item(s)
Checkpoint saved: 30 frame answer item(s)
Running Molmo2 frame-answer batch 21: 1 item(s)
Checkpoint saved: 31 frame answer item(s)
Running Molmo2 frame-answer batch 22: 1 item(s)
Checkpoint saved: 32 frame answer item(s)
Running Molmo2 frame-answer batch 23: 1 item(s)
Checkpoint saved: 33 frame answer item(s)
Running Molmo2 frame-answer batch 24: 1 item(s)
Checkpoint saved: 34 frame answer item(s)
Running Molmo2 frame-answer batch 25: 1 item(s)
Checkpoint saved: 35 frame answer item(s)
Running Molmo2 frame-answer batch 26: 1 item(s)
Checkpoint saved: 36 frame answer item(s)
Running Molmo2 frame-answer batch 27: 1 item(s)
Checkpoint saved: 37 frame answer item(s)
Running Molmo2 frame-answer batch 28: 1 item(s)
Checkpoint saved: 38 frame answer item(s)
Running Molmo2 frame-answer batch 29: 1 item(s)
Checkpoint saved: 39 frame answer item(s)
Running Molmo2 frame-answer batch 30: 1 item(s)
Checkpoint saved: 40 frame answer item(s)
Running Molmo2 frame-answer batch 31: 1 item(s)
Checkpoint saved: 41 frame answer item(s)
Running Molmo2 frame-answer batch 32: 1 item(s)
Checkpoint saved: 42 frame answer item(s)
Running Molmo2 frame-answer batch 33: 1 item(s)
Checkpoint saved: 43 frame answer item(s)
Running Molmo2 frame-answer batch 34: 1 item(s)
Checkpoint saved: 44 frame answer item(s)
Running Molmo2 frame-answer batch 35: 1 item(s)
Checkpoint saved: 45 frame answer item(s)
Running Molmo2 frame-answer batch 36: 1 item(s)
Checkpoint saved: 46 frame answer item(s)
Running Molmo2 frame-answer batch 37: 1 item(s)
Checkpoint saved: 47 frame answer item(s)
Running Molmo2 frame-answer batch 38: 1 item(s)
Checkpoint saved: 48 frame answer item(s)
Running Molmo2 frame-answer batch 39: 1 item(s)
Checkpoint saved: 49 frame answer item(s)
Running Molmo2 frame-answer batch 40: 1 item(s)
Checkpoint saved: 50 frame answer item(s)
Running Molmo2 frame-answer batch 41: 1 item(s)
Checkpoint saved: 51 frame answer item(s)
Running Molmo2 frame-answer batch 42: 1 item(s)
Checkpoint saved: 52 frame answer item(s)
Running Molmo2 frame-answer batch 43: 1 item(s)
Checkpoint saved: 53 frame answer item(s)
Running Molmo2 frame-answer batch 44: 1 item(s)
Checkpoint saved: 54 frame answer item(s)
Running Molmo2 frame-answer batch 45: 1 item(s)
Checkpoint saved: 55 frame answer item(s)
Running Molmo2 frame-answer batch 46: 1 item(s)
Checkpoint saved: 56 frame answer item(s)
Running Molmo2 frame-answer batch 47: 1 item(s)
Checkpoint saved: 57 frame answer item(s)
Running Molmo2 frame-answer batch 48: 1 item(s)
Checkpoint saved: 58 frame answer item(s)
Running Molmo2 frame-answer batch 49: 1 item(s)
Checkpoint saved: 59 frame answer item(s)
Running Molmo2 frame-answer batch 50: 1 item(s)
Checkpoint saved: 60 frame answer item(s)
Running Molmo2 frame-answer batch 51: 1 item(s)
Checkpoint saved: 61 frame answer item(s)
Running Molmo2 frame-answer batch 52: 1 item(s)
Checkpoint saved: 62 frame answer item(s)
Running Molmo2 frame-answer batch 53: 1 item(s)
Checkpoint saved: 63 frame answer item(s)
Running Molmo2 frame-answer batch 54: 1 item(s)
Checkpoint saved: 64 frame answer item(s)
Running Molmo2 frame-answer batch 55: 1 item(s)
Checkpoint saved: 65 frame answer item(s)
Running Molmo2 frame-answer batch 56: 1 item(s)
Checkpoint saved: 66 frame answer item(s)
Running Molmo2 frame-answer batch 57: 1 item(s)
Checkpoint saved: 67 frame answer item(s)
Running Molmo2 frame-answer batch 58: 1 item(s)
Checkpoint saved: 68 frame answer item(s)
Running Molmo2 frame-answer batch 59: 1 item(s)
Checkpoint saved: 69 frame answer item(s)
Running Molmo2 frame-answer batch 60: 1 item(s)
Checkpoint saved: 70 frame answer item(s)
Running Molmo2 frame-answer batch 61: 1 item(s)
Checkpoint saved: 71 frame answer item(s)
Running Molmo2 frame-answer batch 62: 1 item(s)
Checkpoint saved: 72 frame answer item(s)
Running Molmo2 frame-answer batch 63: 1 item(s)
Checkpoint saved: 73 frame answer item(s)
Running Molmo2 frame-answer batch 64: 1 item(s)
Checkpoint saved: 74 frame answer item(s)
Running Molmo2 frame-answer batch 65: 1 item(s)
Checkpoint saved: 75 frame answer item(s)
Running Molmo2 frame-answer batch 66: 1 item(s)
Checkpoint saved: 76 frame answer item(s)
Running Molmo2 frame-answer batch 67: 1 item(s)
Checkpoint saved: 77 frame answer item(s)
Running Molmo2 frame-answer batch 68: 1 item(s)
Checkpoint saved: 78 frame answer item(s)
Running Molmo2 frame-answer batch 69: 1 item(s)
Checkpoint saved: 79 frame answer item(s)
Running Molmo2 frame-answer batch 70: 1 item(s)
Checkpoint saved: 80 frame answer item(s)
Running Molmo2 frame-answer batch 71: 1 item(s)
Checkpoint saved: 81 frame answer item(s)
Running Molmo2 frame-answer batch 72: 1 item(s)
Checkpoint saved: 82 frame answer item(s)
Running Molmo2 frame-answer batch 73: 1 item(s)
Checkpoint saved: 83 frame answer item(s)
Running Molmo2 frame-answer batch 74: 1 item(s)
Checkpoint saved: 84 frame answer item(s)
Running Molmo2 frame-answer batch 75: 1 item(s)
Checkpoint saved: 85 frame answer item(s)
Running Molmo2 frame-answer batch 76: 1 item(s)
Checkpoint saved: 86 frame answer item(s)
Running Molmo2 frame-answer batch 77: 1 item(s)
Checkpoint saved: 87 frame answer item(s)
Running Molmo2 frame-answer batch 78: 1 item(s)
Checkpoint saved: 88 frame answer item(s)
Running Molmo2 frame-answer batch 79: 1 item(s)
Checkpoint saved: 89 frame answer item(s)
Running Molmo2 frame-answer batch 80: 1 item(s)
Checkpoint saved: 90 frame answer item(s)
Running Molmo2 frame-answer batch 81: 1 item(s)
Checkpoint saved: 91 frame answer item(s)
Running Molmo2 frame-answer batch 82: 1 item(s)
Checkpoint saved: 92 frame answer item(s)
Running Molmo2 frame-answer batch 83: 1 item(s)
Checkpoint saved: 93 frame answer item(s)
Running Molmo2 frame-answer batch 84: 1 item(s)
Checkpoint saved: 94 frame answer item(s)
Running Molmo2 frame-answer batch 85: 1 item(s)
Checkpoint saved: 95 frame answer item(s)
Running Molmo2 frame-answer batch 86: 1 item(s)
Checkpoint saved: 96 frame answer item(s)
Running Molmo2 frame-answer batch 87: 1 item(s)
Checkpoint saved: 97 frame answer item(s)
Running Molmo2 frame-answer batch 88: 1 item(s)
Checkpoint saved: 98 frame answer item(s)
Running Molmo2 frame-answer batch 89: 1 item(s)
Checkpoint saved: 99 frame answer item(s)
Running Molmo2 frame-answer batch 90: 1 item(s)
Checkpoint saved: 100 frame answer item(s)
Running Molmo2 frame-answer batch 91: 1 item(s)
Checkpoint saved: 101 frame answer item(s)
Running Molmo2 frame-answer batch 92: 1 item(s)
Checkpoint saved: 102 frame answer item(s)
Running Molmo2 frame-answer batch 93: 1 item(s)
Checkpoint saved: 103 frame answer item(s)
Running Molmo2 frame-answer batch 94: 1 item(s)
Checkpoint saved: 104 frame answer item(s)
Running Molmo2 frame-answer batch 95: 1 item(s)
Checkpoint saved: 105 frame answer item(s)
Running Molmo2 frame-answer batch 96: 1 item(s)
Checkpoint saved: 106 frame answer item(s)
Running Molmo2 frame-answer batch 97: 1 item(s)
Checkpoint saved: 107 frame answer item(s)
Running Molmo2 frame-answer batch 98: 1 item(s)
Checkpoint saved: 108 frame answer item(s)
Running Molmo2 frame-answer batch 99: 1 item(s)
Checkpoint saved: 109 frame answer item(s)
Running Molmo2 frame-answer batch 100: 1 item(s)
Checkpoint saved: 110 frame answer item(s)
Running Molmo2 frame-answer batch 101: 1 item(s)
Checkpoint saved: 111 frame answer item(s)
Running Molmo2 frame-answer batch 102: 1 item(s)
Checkpoint saved: 112 frame answer item(s)
Running Molmo2 frame-answer batch 103: 1 item(s)
Checkpoint saved: 113 frame answer item(s)
Running Molmo2 frame-answer batch 104: 1 item(s)
Checkpoint saved: 114 frame answer item(s)
Running Molmo2 frame-answer batch 105: 1 item(s)
Checkpoint saved: 115 frame answer item(s)
Running Molmo2 frame-answer batch 106: 1 item(s)
Checkpoint saved: 116 frame answer item(s)
Running Molmo2 frame-answer batch 107: 1 item(s)
Checkpoint saved: 117 frame answer item(s)
Running Molmo2 frame-answer batch 108: 1 item(s)
Checkpoint saved: 118 frame answer item(s)
Running Molmo2 frame-answer batch 109: 1 item(s)
Checkpoint saved: 119 frame answer item(s)
Running Molmo2 frame-answer batch 110: 1 item(s)
Checkpoint saved: 120 frame answer item(s)
Running Molmo2 frame-answer batch 111: 1 item(s)
Checkpoint saved: 121 frame answer item(s)
Running Molmo2 frame-answer batch 112: 1 item(s)
Checkpoint saved: 122 frame answer item(s)
Running Molmo2 frame-answer batch 113: 1 item(s)
Checkpoint saved: 123 frame answer item(s)
Running Molmo2 frame-answer batch 114: 1 item(s)
Checkpoint saved: 124 frame answer item(s)
Running Molmo2 frame-answer batch 115: 1 item(s)
Checkpoint saved: 125 frame answer item(s)
Running Molmo2 frame-answer batch 116: 1 item(s)
Checkpoint saved: 126 frame answer item(s)
Running Molmo2 frame-answer batch 117: 1 item(s)
Checkpoint saved: 127 frame answer item(s)
Running Molmo2 frame-answer batch 118: 1 item(s)
Checkpoint saved: 128 frame answer item(s)
Running Molmo2 frame-answer batch 119: 1 item(s)
Checkpoint saved: 129 frame answer item(s)
Running Molmo2 frame-answer batch 120: 1 item(s)
Checkpoint saved: 130 frame answer item(s)
Running Molmo2 frame-answer batch 121: 1 item(s)
Checkpoint saved: 131 frame answer item(s)
Running Molmo2 frame-answer batch 122: 1 item(s)
Checkpoint saved: 132 frame answer item(s)
Running Molmo2 frame-answer batch 123: 1 item(s)
Checkpoint saved: 133 frame answer item(s)
Running Molmo2 frame-answer batch 124: 1 item(s)
Checkpoint saved: 134 frame answer item(s)
Running Molmo2 frame-answer batch 125: 1 item(s)
Checkpoint saved: 135 frame answer item(s)
Running Molmo2 frame-answer batch 126: 1 item(s)
Checkpoint saved: 136 frame answer item(s)
Running Molmo2 frame-answer batch 127: 1 item(s)
Checkpoint saved: 137 frame answer item(s)
Running Molmo2 frame-answer batch 128: 1 item(s)
Checkpoint saved: 138 frame answer item(s)
Running Molmo2 frame-answer batch 129: 1 item(s)
Checkpoint saved: 139 frame answer item(s)
Running Molmo2 frame-answer batch 130: 1 item(s)
Checkpoint saved: 140 frame answer item(s)
Running Molmo2 frame-answer batch 131: 1 item(s)
Checkpoint saved: 141 frame answer item(s)
Running Molmo2 frame-answer batch 132: 1 item(s)
Checkpoint saved: 142 frame answer item(s)
Running Molmo2 frame-answer batch 133: 1 item(s)
Checkpoint saved: 143 frame answer item(s)
Running Molmo2 frame-answer batch 134: 1 item(s)
Checkpoint saved: 144 frame answer item(s)
Running Molmo2 frame-answer batch 135: 1 item(s)
Checkpoint saved: 145 frame answer item(s)
Running Molmo2 frame-answer batch 136: 1 item(s)
Checkpoint saved: 146 frame answer item(s)
Running Molmo2 frame-answer batch 137: 1 item(s)
Checkpoint saved: 147 frame answer item(s)
Running Molmo2 frame-answer batch 138: 1 item(s)
Checkpoint saved: 148 frame answer item(s)
Running Molmo2 frame-answer batch 139: 1 item(s)
Checkpoint saved: 149 frame answer item(s)
Running Molmo2 frame-answer batch 140: 1 item(s)
Checkpoint saved: 150 frame answer item(s)
Running Molmo2 frame-answer batch 141: 1 item(s)
Checkpoint saved: 151 frame answer item(s)
Running Molmo2 frame-answer batch 142: 1 item(s)
Checkpoint saved: 152 frame answer item(s)
Running Molmo2 frame-answer batch 143: 1 item(s)
Checkpoint saved: 153 frame answer item(s)
Running Molmo2 frame-answer batch 144: 1 item(s)
Checkpoint saved: 154 frame answer item(s)
Running Molmo2 frame-answer batch 145: 1 item(s)
Checkpoint saved: 155 frame answer item(s)
Running Molmo2 frame-answer batch 146: 1 item(s)
Checkpoint saved: 156 frame answer item(s)
Running Molmo2 frame-answer batch 147: 1 item(s)
Checkpoint saved: 157 frame answer item(s)
Running Molmo2 frame-answer batch 148: 1 item(s)
Checkpoint saved: 158 frame answer item(s)
Running Molmo2 frame-answer batch 149: 1 item(s)
Checkpoint saved: 159 frame answer item(s)
Running Molmo2 frame-answer batch 150: 1 item(s)
Checkpoint saved: 160 frame answer item(s)
Running Molmo2 frame-answer batch 151: 1 item(s)
Checkpoint saved: 161 frame answer item(s)
Running Molmo2 frame-answer batch 152: 1 item(s)
Checkpoint saved: 162 frame answer item(s)
Running Molmo2 frame-answer batch 153: 1 item(s)
Checkpoint saved: 163 frame answer item(s)
Running Molmo2 frame-answer batch 154: 1 item(s)
Checkpoint saved: 164 frame answer item(s)
Running Molmo2 frame-answer batch 155: 1 item(s)
Checkpoint saved: 165 frame answer item(s)
Running Molmo2 frame-answer batch 156: 1 item(s)
Checkpoint saved: 166 frame answer item(s)
Running Molmo2 frame-answer batch 157: 1 item(s)
Checkpoint saved: 167 frame answer item(s)
Running Molmo2 frame-answer batch 158: 1 item(s)
Checkpoint saved: 168 frame answer item(s)
Running Molmo2 frame-answer batch 159: 1 item(s)
Checkpoint saved: 169 frame answer item(s)
Running Molmo2 frame-answer batch 160: 1 item(s)
Checkpoint saved: 170 frame answer item(s)
Running Molmo2 frame-answer batch 161: 1 item(s)
Checkpoint saved: 171 frame answer item(s)
Running Molmo2 frame-answer batch 162: 1 item(s)
Checkpoint saved: 172 frame answer item(s)
Running Molmo2 frame-answer batch 163: 1 item(s)
Checkpoint saved: 173 frame answer item(s)
Running Molmo2 frame-answer batch 164: 1 item(s)
Checkpoint saved: 174 frame answer item(s)
Running Molmo2 frame-answer batch 165: 1 item(s)
Checkpoint saved: 175 frame answer item(s)
Running Molmo2 frame-answer batch 166: 1 item(s)
Checkpoint saved: 176 frame answer item(s)
Running Molmo2 frame-answer batch 167: 1 item(s)
Checkpoint saved: 177 frame answer item(s)
Running Molmo2 frame-answer batch 168: 1 item(s)
Checkpoint saved: 178 frame answer item(s)
Running Molmo2 frame-answer batch 169: 1 item(s)
Checkpoint saved: 179 frame answer item(s)
Running Molmo2 frame-answer batch 170: 1 item(s)
Checkpoint saved: 180 frame answer item(s)
Running Molmo2 frame-answer batch 171: 1 item(s)
Checkpoint saved: 181 frame answer item(s)
Running Molmo2 frame-answer batch 172: 1 item(s)
Checkpoint saved: 182 frame answer item(s)
Running Molmo2 frame-answer batch 173: 1 item(s)
Checkpoint saved: 183 frame answer item(s)
Running Molmo2 frame-answer batch 174: 1 item(s)
Checkpoint saved: 184 frame answer item(s)
Running Molmo2 frame-answer batch 175: 1 item(s)
Checkpoint saved: 185 frame answer item(s)
Running Molmo2 frame-answer batch 176: 1 item(s)
Checkpoint saved: 186 frame answer item(s)
Running Molmo2 frame-answer batch 177: 1 item(s)
Checkpoint saved: 187 frame answer item(s)
Running Molmo2 frame-answer batch 178: 1 item(s)
Checkpoint saved: 188 frame answer item(s)
Running Molmo2 frame-answer batch 179: 1 item(s)
Checkpoint saved: 189 frame answer item(s)
Running Molmo2 frame-answer batch 180: 1 item(s)
Checkpoint saved: 190 frame answer item(s)
Running Molmo2 frame-answer batch 181: 1 item(s)
Checkpoint saved: 191 frame answer item(s)
Running Molmo2 frame-answer batch 182: 1 item(s)
Checkpoint saved: 192 frame answer item(s)
Running Molmo2 frame-answer batch 183: 1 item(s)
Checkpoint saved: 193 frame answer item(s)
Running Molmo2 frame-answer batch 184: 1 item(s)
Checkpoint saved: 194 frame answer item(s)
Running Molmo2 frame-answer batch 185: 1 item(s)
Checkpoint saved: 195 frame answer item(s)
Running Molmo2 frame-answer batch 186: 1 item(s)
Checkpoint saved: 196 frame answer item(s)
Running Molmo2 frame-answer batch 187: 1 item(s)
Checkpoint saved: 197 frame answer item(s)
Running Molmo2 frame-answer batch 188: 1 item(s)
Checkpoint saved: 198 frame answer item(s)
Running Molmo2 frame-answer batch 189: 1 item(s)
Checkpoint saved: 199 frame answer item(s)
Running Molmo2 frame-answer batch 190: 1 item(s)
Checkpoint saved: 200 frame answer item(s)
Running Molmo2 frame-answer batch 191: 1 item(s)
Checkpoint saved: 201 frame answer item(s)
Running Molmo2 frame-answer batch 192: 1 item(s)
Checkpoint saved: 202 frame answer item(s)
Running Molmo2 frame-answer batch 193: 1 item(s)
Checkpoint saved: 203 frame answer item(s)
Running Molmo2 frame-answer batch 194: 1 item(s)
Checkpoint saved: 204 frame answer item(s)
Running Molmo2 frame-answer batch 195: 1 item(s)
Checkpoint saved: 205 frame answer item(s)
Running Molmo2 frame-answer batch 196: 1 item(s)
Checkpoint saved: 206 frame answer item(s)
Running Molmo2 frame-answer batch 197: 1 item(s)
Checkpoint saved: 207 frame answer item(s)
Running Molmo2 frame-answer batch 198: 1 item(s)
Checkpoint saved: 208 frame answer item(s)
Running Molmo2 frame-answer batch 199: 1 item(s)
Checkpoint saved: 209 frame answer item(s)
Running Molmo2 frame-answer batch 200: 1 item(s)
Checkpoint saved: 210 frame answer item(s)
Running Molmo2 frame-answer batch 201: 1 item(s)
Checkpoint saved: 211 frame answer item(s)
Running Molmo2 frame-answer batch 202: 1 item(s)
Checkpoint saved: 212 frame answer item(s)
Running Molmo2 frame-answer batch 203: 1 item(s)
Checkpoint saved: 213 frame answer item(s)
Running Molmo2 frame-answer batch 204: 1 item(s)
Checkpoint saved: 214 frame answer item(s)
Running Molmo2 frame-answer batch 205: 1 item(s)
Checkpoint saved: 215 frame answer item(s)
Running Molmo2 frame-answer batch 206: 1 item(s)
Checkpoint saved: 216 frame answer item(s)
Running Molmo2 frame-answer batch 207: 1 item(s)
Checkpoint saved: 217 frame answer item(s)
Running Molmo2 frame-answer batch 208: 1 item(s)
Checkpoint saved: 218 frame answer item(s)
Running Molmo2 frame-answer batch 209: 1 item(s)
Checkpoint saved: 219 frame answer item(s)
Running Molmo2 frame-answer batch 210: 1 item(s)
Checkpoint saved: 220 frame answer item(s)
Running Molmo2 frame-answer batch 211: 1 item(s)
Checkpoint saved: 221 frame answer item(s)
Running Molmo2 frame-answer batch 212: 1 item(s)
Checkpoint saved: 222 frame answer item(s)
Running Molmo2 frame-answer batch 213: 1 item(s)
Checkpoint saved: 223 frame answer item(s)
Running Molmo2 frame-answer batch 214: 1 item(s)
Checkpoint saved: 224 frame answer item(s)
Running Molmo2 frame-answer batch 215: 1 item(s)
Checkpoint saved: 225 frame answer item(s)
Running Molmo2 frame-answer batch 216: 1 item(s)
Checkpoint saved: 226 frame answer item(s)
Running Molmo2 frame-answer batch 217: 1 item(s)
Checkpoint saved: 227 frame answer item(s)
Running Molmo2 frame-answer batch 218: 1 item(s)
Checkpoint saved: 228 frame answer item(s)
Running Molmo2 frame-answer batch 219: 1 item(s)
Checkpoint saved: 229 frame answer item(s)
Running Molmo2 frame-answer batch 220: 1 item(s)
Checkpoint saved: 230 frame answer item(s)
Running Molmo2 frame-answer batch 221: 1 item(s)
Checkpoint saved: 231 frame answer item(s)
Running Molmo2 frame-answer batch 222: 1 item(s)
Checkpoint saved: 232 frame answer item(s)
Running Molmo2 frame-answer batch 223: 1 item(s)
Checkpoint saved: 233 frame answer item(s)
Running Molmo2 frame-answer batch 224: 1 item(s)
Checkpoint saved: 234 frame answer item(s)
Running Molmo2 frame-answer batch 225: 1 item(s)
Checkpoint saved: 235 frame answer item(s)
Running Molmo2 frame-answer batch 226: 1 item(s)
Checkpoint saved: 236 frame answer item(s)
Running Molmo2 frame-answer batch 227: 1 item(s)
Checkpoint saved: 237 frame answer item(s)
Running Molmo2 frame-answer batch 228: 1 item(s)
Checkpoint saved: 238 frame answer item(s)
Running Molmo2 frame-answer batch 229: 1 item(s)
Checkpoint saved: 239 frame answer item(s)
Running Molmo2 frame-answer batch 230: 1 item(s)
Checkpoint saved: 240 frame answer item(s)
Running Molmo2 frame-answer batch 231: 1 item(s)
Checkpoint saved: 241 frame answer item(s)
Running Molmo2 frame-answer batch 232: 1 item(s)
Checkpoint saved: 242 frame answer item(s)
Running Molmo2 frame-answer batch 233: 1 item(s)
Checkpoint saved: 243 frame answer item(s)
Running Molmo2 frame-answer batch 234: 1 item(s)
Checkpoint saved: 244 frame answer item(s)
Running Molmo2 frame-answer batch 235: 1 item(s)
Checkpoint saved: 245 frame answer item(s)
Running Molmo2 frame-answer batch 236: 1 item(s)
Checkpoint saved: 246 frame answer item(s)
Running Molmo2 frame-answer batch 237: 1 item(s)
Checkpoint saved: 247 frame answer item(s)
Running Molmo2 frame-answer batch 238: 1 item(s)
Checkpoint saved: 248 frame answer item(s)
Running Molmo2 frame-answer batch 239: 1 item(s)
Checkpoint saved: 249 frame answer item(s)
Running Molmo2 frame-answer batch 240: 1 item(s)
Checkpoint saved: 250 frame answer item(s)
Running Molmo2 frame-answer batch 241: 1 item(s)
Checkpoint saved: 251 frame answer item(s)
Running Molmo2 frame-answer batch 242: 1 item(s)
Checkpoint saved: 252 frame answer item(s)
Running Molmo2 frame-answer batch 243: 1 item(s)
Checkpoint saved: 253 frame answer item(s)
Running Molmo2 frame-answer batch 244: 1 item(s)
Checkpoint saved: 254 frame answer item(s)
Running Molmo2 frame-answer batch 245: 1 item(s)
Checkpoint saved: 255 frame answer item(s)
Running Molmo2 frame-answer batch 246: 1 item(s)
Checkpoint saved: 256 frame answer item(s)
Running Molmo2 frame-answer batch 247: 1 item(s)
Checkpoint saved: 257 frame answer item(s)
Running Molmo2 frame-answer batch 248: 1 item(s)
Checkpoint saved: 258 frame answer item(s)
Running Molmo2 frame-answer batch 249: 1 item(s)
Checkpoint saved: 259 frame answer item(s)
Running Molmo2 frame-answer batch 250: 1 item(s)
Checkpoint saved: 260 frame answer item(s)
Running Molmo2 frame-answer batch 251: 1 item(s)
Checkpoint saved: 261 frame answer item(s)
Running Molmo2 frame-answer batch 252: 1 item(s)
Checkpoint saved: 262 frame answer item(s)
Running Molmo2 frame-answer batch 253: 1 item(s)
Checkpoint saved: 263 frame answer item(s)
Running Molmo2 frame-answer batch 254: 1 item(s)
Checkpoint saved: 264 frame answer item(s)
Running Molmo2 frame-answer batch 255: 1 item(s)
Checkpoint saved: 265 frame answer item(s)
Running Molmo2 frame-answer batch 256: 1 item(s)
Checkpoint saved: 266 frame answer item(s)
Running Molmo2 frame-answer batch 257: 1 item(s)
Checkpoint saved: 267 frame answer item(s)
Running Molmo2 frame-answer batch 258: 1 item(s)
Checkpoint saved: 268 frame answer item(s)
Running Molmo2 frame-answer batch 259: 1 item(s)
Checkpoint saved: 269 frame answer item(s)
Running Molmo2 frame-answer batch 260: 1 item(s)
Checkpoint saved: 270 frame answer item(s)
Running Molmo2 frame-answer batch 261: 1 item(s)
Checkpoint saved: 271 frame answer item(s)
Running Molmo2 frame-answer batch 262: 1 item(s)
Checkpoint saved: 272 frame answer item(s)
Running Molmo2 frame-answer batch 263: 1 item(s)
Checkpoint saved: 273 frame answer item(s)
Running Molmo2 frame-answer batch 264: 1 item(s)
Checkpoint saved: 274 frame answer item(s)
Running Molmo2 frame-answer batch 265: 1 item(s)
Checkpoint saved: 275 frame answer item(s)
Running Molmo2 frame-answer batch 266: 1 item(s)
Checkpoint saved: 276 frame answer item(s)
Running Molmo2 frame-answer batch 267: 1 item(s)
Checkpoint saved: 277 frame answer item(s)
Running Molmo2 frame-answer batch 268: 1 item(s)
Checkpoint saved: 278 frame answer item(s)
Running Molmo2 frame-answer batch 269: 1 item(s)
Checkpoint saved: 279 frame answer item(s)
Running Molmo2 frame-answer batch 270: 1 item(s)
Checkpoint saved: 280 frame answer item(s)
Running Molmo2 frame-answer batch 271: 1 item(s)
Checkpoint saved: 281 frame answer item(s)
Running Molmo2 frame-answer batch 272: 1 item(s)
Checkpoint saved: 282 frame answer item(s)
Running Molmo2 frame-answer batch 273: 1 item(s)
Checkpoint saved: 283 frame answer item(s)
Running Molmo2 frame-answer batch 274: 1 item(s)
Checkpoint saved: 284 frame answer item(s)
Running Molmo2 frame-answer batch 275: 1 item(s)
Checkpoint saved: 285 frame answer item(s)
Running Molmo2 frame-answer batch 276: 1 item(s)
Checkpoint saved: 286 frame answer item(s)
Running Molmo2 frame-answer batch 277: 1 item(s)
Checkpoint saved: 287 frame answer item(s)
Running Molmo2 frame-answer batch 278: 1 item(s)
Checkpoint saved: 288 frame answer item(s)
Running Molmo2 frame-answer batch 279: 1 item(s)
Checkpoint saved: 289 frame answer item(s)
Running Molmo2 frame-answer batch 280: 1 item(s)
Checkpoint saved: 290 frame answer item(s)
Running Molmo2 frame-answer batch 281: 1 item(s)
Checkpoint saved: 291 frame answer item(s)
Running Molmo2 frame-answer batch 282: 1 item(s)
Checkpoint saved: 292 frame answer item(s)
Running Molmo2 frame-answer batch 283: 1 item(s)
Checkpoint saved: 293 frame answer item(s)
Running Molmo2 frame-answer batch 284: 1 item(s)
Checkpoint saved: 294 frame answer item(s)
Running Molmo2 frame-answer batch 285: 1 item(s)
Checkpoint saved: 295 frame answer item(s)
Running Molmo2 frame-answer batch 286: 1 item(s)
Checkpoint saved: 296 frame answer item(s)
Running Molmo2 frame-answer batch 287: 1 item(s)
Checkpoint saved: 297 frame answer item(s)
Running Molmo2 frame-answer batch 288: 1 item(s)
Checkpoint saved: 298 frame answer item(s)
Running Molmo2 frame-answer batch 289: 1 item(s)
Checkpoint saved: 299 frame answer item(s)
Running Molmo2 frame-answer batch 290: 1 item(s)
Checkpoint saved: 300 frame answer item(s)
Running Molmo2 frame-answer batch 291: 1 item(s)
Checkpoint saved: 301 frame answer item(s)
Running Molmo2 frame-answer batch 292: 1 item(s)
Checkpoint saved: 302 frame answer item(s)
Running Molmo2 frame-answer batch 293: 1 item(s)
Checkpoint saved: 303 frame answer item(s)
Running Molmo2 frame-answer batch 294: 1 item(s)
Checkpoint saved: 304 frame answer item(s)
Running Molmo2 frame-answer batch 295: 1 item(s)
Checkpoint saved: 305 frame answer item(s)
Running Molmo2 frame-answer batch 296: 1 item(s)
Checkpoint saved: 306 frame answer item(s)
Running Molmo2 frame-answer batch 297: 1 item(s)
Checkpoint saved: 307 frame answer item(s)
Running Molmo2 frame-answer batch 298: 1 item(s)
Checkpoint saved: 308 frame answer item(s)
Running Molmo2 frame-answer batch 299: 1 item(s)
Checkpoint saved: 309 frame answer item(s)
Running Molmo2 frame-answer batch 300: 1 item(s)
Checkpoint saved: 310 frame answer item(s)
Running Molmo2 frame-answer batch 301: 1 item(s)
Checkpoint saved: 311 frame answer item(s)
Running Molmo2 frame-answer batch 302: 1 item(s)
Checkpoint saved: 312 frame answer item(s)
Running Molmo2 frame-answer batch 303: 1 item(s)
Checkpoint saved: 313 frame answer item(s)
Running Molmo2 frame-answer batch 304: 1 item(s)
Checkpoint saved: 314 frame answer item(s)
Running Molmo2 frame-answer batch 305: 1 item(s)
Checkpoint saved: 315 frame answer item(s)
Running Molmo2 frame-answer batch 306: 1 item(s)
Checkpoint saved: 316 frame answer item(s)
Running Molmo2 frame-answer batch 307: 1 item(s)
Checkpoint saved: 317 frame answer item(s)
Running Molmo2 frame-answer batch 308: 1 item(s)
Checkpoint saved: 318 frame answer item(s)
Running Molmo2 frame-answer batch 309: 1 item(s)
Checkpoint saved: 319 frame answer item(s)
Running Molmo2 frame-answer batch 310: 1 item(s)
Checkpoint saved: 320 frame answer item(s)
Running Molmo2 frame-answer batch 311: 1 item(s)
Checkpoint saved: 321 frame answer item(s)
Running Molmo2 frame-answer batch 312: 1 item(s)
Checkpoint saved: 322 frame answer item(s)
Running Molmo2 frame-answer batch 313: 1 item(s)
Checkpoint saved: 323 frame answer item(s)
Running Molmo2 frame-answer batch 314: 1 item(s)
Checkpoint saved: 324 frame answer item(s)
Running Molmo2 frame-answer batch 315: 1 item(s)
Checkpoint saved: 325 frame answer item(s)
Running Molmo2 frame-answer batch 316: 1 item(s)
Checkpoint saved: 326 frame answer item(s)
Running Molmo2 frame-answer batch 317: 1 item(s)
Checkpoint saved: 327 frame answer item(s)
Running Molmo2 frame-answer batch 318: 1 item(s)
Checkpoint saved: 328 frame answer item(s)
Running Molmo2 frame-answer batch 319: 1 item(s)
Checkpoint saved: 329 frame answer item(s)
Running Molmo2 frame-answer batch 320: 1 item(s)
Checkpoint saved: 330 frame answer item(s)
Running Molmo2 frame-answer batch 321: 1 item(s)
Checkpoint saved: 331 frame answer item(s)
Running Molmo2 frame-answer batch 322: 1 item(s)
Checkpoint saved: 332 frame answer item(s)
Running Molmo2 frame-answer batch 323: 1 item(s)
Checkpoint saved: 333 frame answer item(s)
Running Molmo2 frame-answer batch 324: 1 item(s)
Checkpoint saved: 334 frame answer item(s)
Running Molmo2 frame-answer batch 325: 1 item(s)
Checkpoint saved: 335 frame answer item(s)
Running Molmo2 frame-answer batch 326: 1 item(s)
Checkpoint saved: 336 frame answer item(s)
Running Molmo2 frame-answer batch 327: 1 item(s)
Checkpoint saved: 337 frame answer item(s)
Running Molmo2 frame-answer batch 328: 1 item(s)
Checkpoint saved: 338 frame answer item(s)
Running Molmo2 frame-answer batch 329: 1 item(s)
Checkpoint saved: 339 frame answer item(s)
Running Molmo2 frame-answer batch 330: 1 item(s)
Checkpoint saved: 340 frame answer item(s)
Running Molmo2 frame-answer batch 331: 1 item(s)
Checkpoint saved: 341 frame answer item(s)
Running Molmo2 frame-answer batch 332: 1 item(s)
Checkpoint saved: 342 frame answer item(s)
Running Molmo2 frame-answer batch 333: 1 item(s)
Checkpoint saved: 343 frame answer item(s)
Running Molmo2 frame-answer batch 334: 1 item(s)
Checkpoint saved: 344 frame answer item(s)
Running Molmo2 frame-answer batch 335: 1 item(s)
Checkpoint saved: 345 frame answer item(s)
Running Molmo2 frame-answer batch 336: 1 item(s)
Checkpoint saved: 346 frame answer item(s)
Running Molmo2 frame-answer batch 337: 1 item(s)
Checkpoint saved: 347 frame answer item(s)
Running Molmo2 frame-answer batch 338: 1 item(s)
Checkpoint saved: 348 frame answer item(s)
Running Molmo2 frame-answer batch 339: 1 item(s)
Checkpoint saved: 349 frame answer item(s)
Running Molmo2 frame-answer batch 340: 1 item(s)
Checkpoint saved: 350 frame answer item(s)
Running Molmo2 frame-answer batch 341: 1 item(s)
Checkpoint saved: 351 frame answer item(s)
Running Molmo2 frame-answer batch 342: 1 item(s)
Checkpoint saved: 352 frame answer item(s)
Running Molmo2 frame-answer batch 343: 1 item(s)
Checkpoint saved: 353 frame answer item(s)
Running Molmo2 frame-answer batch 344: 1 item(s)
Checkpoint saved: 354 frame answer item(s)
Running Molmo2 frame-answer batch 345: 1 item(s)
Checkpoint saved: 355 frame answer item(s)
Running Molmo2 frame-answer batch 346: 1 item(s)
Checkpoint saved: 356 frame answer item(s)
Running Molmo2 frame-answer batch 347: 1 item(s)
Checkpoint saved: 357 frame answer item(s)
Running Molmo2 frame-answer batch 348: 1 item(s)
Checkpoint saved: 358 frame answer item(s)
Running Molmo2 frame-answer batch 349: 1 item(s)
Checkpoint saved: 359 frame answer item(s)
Running Molmo2 frame-answer batch 350: 1 item(s)
Checkpoint saved: 360 frame answer item(s)
Running Molmo2 frame-answer batch 351: 1 item(s)
Checkpoint saved: 361 frame answer item(s)
Running Molmo2 frame-answer batch 352: 1 item(s)
Checkpoint saved: 362 frame answer item(s)
Running Molmo2 frame-answer batch 353: 1 item(s)
Checkpoint saved: 363 frame answer item(s)
Running Molmo2 frame-answer batch 354: 1 item(s)
Checkpoint saved: 364 frame answer item(s)
Running Molmo2 frame-answer batch 355: 1 item(s)
Checkpoint saved: 365 frame answer item(s)
Running Molmo2 frame-answer batch 356: 1 item(s)
Checkpoint saved: 366 frame answer item(s)
Running Molmo2 frame-answer batch 357: 1 item(s)
Checkpoint saved: 367 frame answer item(s)
Running Molmo2 frame-answer batch 358: 1 item(s)
Checkpoint saved: 368 frame answer item(s)
Running Molmo2 frame-answer batch 359: 1 item(s)
Checkpoint saved: 369 frame answer item(s)
Running Molmo2 frame-answer batch 360: 1 item(s)
Checkpoint saved: 370 frame answer item(s)
Running Molmo2 frame-answer batch 361: 1 item(s)
Checkpoint saved: 371 frame answer item(s)
Running Molmo2 frame-answer batch 362: 1 item(s)
Checkpoint saved: 372 frame answer item(s)
Running Molmo2 frame-answer batch 363: 1 item(s)
Checkpoint saved: 373 frame answer item(s)
Running Molmo2 frame-answer batch 364: 1 item(s)
Checkpoint saved: 374 frame answer item(s)
Running Molmo2 frame-answer batch 365: 1 item(s)
Checkpoint saved: 375 frame answer item(s)
Running Molmo2 frame-answer batch 366: 1 item(s)
Checkpoint saved: 376 frame answer item(s)
Running Molmo2 frame-answer batch 367: 1 item(s)
Checkpoint saved: 377 frame answer item(s)
Running Molmo2 frame-answer batch 368: 1 item(s)
Checkpoint saved: 378 frame answer item(s)
Running Molmo2 frame-answer batch 369: 1 item(s)
Checkpoint saved: 379 frame answer item(s)
Running Molmo2 frame-answer batch 370: 1 item(s)
Checkpoint saved: 380 frame answer item(s)
Running Molmo2 frame-answer batch 371: 1 item(s)
Checkpoint saved: 381 frame answer item(s)
Running Molmo2 frame-answer batch 372: 1 item(s)
Checkpoint saved: 382 frame answer item(s)
Running Molmo2 frame-answer batch 373: 1 item(s)
Checkpoint saved: 383 frame answer item(s)
Running Molmo2 frame-answer batch 374: 1 item(s)
Checkpoint saved: 384 frame answer item(s)
Running Molmo2 frame-answer batch 375: 1 item(s)
Checkpoint saved: 385 frame answer item(s)
Running Molmo2 frame-answer batch 376: 1 item(s)
Checkpoint saved: 386 frame answer item(s)
Running Molmo2 frame-answer batch 377: 1 item(s)
Checkpoint saved: 387 frame answer item(s)
Running Molmo2 frame-answer batch 378: 1 item(s)
Checkpoint saved: 388 frame answer item(s)
Running Molmo2 frame-answer batch 379: 1 item(s)
Checkpoint saved: 389 frame answer item(s)
Running Molmo2 frame-answer batch 380: 1 item(s)
Checkpoint saved: 390 frame answer item(s)
Running Molmo2 frame-answer batch 381: 1 item(s)
Checkpoint saved: 391 frame answer item(s)
Running Molmo2 frame-answer batch 382: 1 item(s)
Checkpoint saved: 392 frame answer item(s)
Running Molmo2 frame-answer batch 383: 1 item(s)
Checkpoint saved: 393 frame answer item(s)
Running Molmo2 frame-answer batch 384: 1 item(s)
Checkpoint saved: 394 frame answer item(s)
Running Molmo2 frame-answer batch 385: 1 item(s)
Checkpoint saved: 395 frame answer item(s)
Running Molmo2 frame-answer batch 386: 1 item(s)
Checkpoint saved: 396 frame answer item(s)
Running Molmo2 frame-answer batch 387: 1 item(s)
Checkpoint saved: 397 frame answer item(s)
Running Molmo2 frame-answer batch 388: 1 item(s)
Checkpoint saved: 398 frame answer item(s)
Running Molmo2 frame-answer batch 389: 1 item(s)
Checkpoint saved: 399 frame answer item(s)
Running Molmo2 frame-answer batch 390: 1 item(s)
Checkpoint saved: 400 frame answer item(s)
Running Molmo2 frame-answer batch 391: 1 item(s)
Checkpoint saved: 401 frame answer item(s)
Running Molmo2 frame-answer batch 392: 1 item(s)
Checkpoint saved: 402 frame answer item(s)
Running Molmo2 frame-answer batch 393: 1 item(s)
Checkpoint saved: 403 frame answer item(s)
Running Molmo2 frame-answer batch 394: 1 item(s)
Checkpoint saved: 404 frame answer item(s)
Running Molmo2 frame-answer batch 395: 1 item(s)
Checkpoint saved: 405 frame answer item(s)
Running Molmo2 frame-answer batch 396: 1 item(s)
Checkpoint saved: 406 frame answer item(s)
Running Molmo2 frame-answer batch 397: 1 item(s)
Checkpoint saved: 407 frame answer item(s)
Running Molmo2 frame-answer batch 398: 1 item(s)
Checkpoint saved: 408 frame answer item(s)
Running Molmo2 frame-answer batch 399: 1 item(s)
Checkpoint saved: 409 frame answer item(s)
Running Molmo2 frame-answer batch 400: 1 item(s)
Checkpoint saved: 410 frame answer item(s)
Running Molmo2 frame-answer batch 401: 1 item(s)
Checkpoint saved: 411 frame answer item(s)
Running Molmo2 frame-answer batch 402: 1 item(s)
Checkpoint saved: 412 frame answer item(s)
Running Molmo2 frame-answer batch 403: 1 item(s)
Checkpoint saved: 413 frame answer item(s)
Running Molmo2 frame-answer batch 404: 1 item(s)
Checkpoint saved: 414 frame answer item(s)
Running Molmo2 frame-answer batch 405: 1 item(s)
Checkpoint saved: 415 frame answer item(s)
Running Molmo2 frame-answer batch 406: 1 item(s)
Checkpoint saved: 416 frame answer item(s)
Running Molmo2 frame-answer batch 407: 1 item(s)
Checkpoint saved: 417 frame answer item(s)
Running Molmo2 frame-answer batch 408: 1 item(s)
Checkpoint saved: 418 frame answer item(s)
Running Molmo2 frame-answer batch 409: 1 item(s)
Checkpoint saved: 419 frame answer item(s)
Running Molmo2 frame-answer batch 410: 1 item(s)
Checkpoint saved: 420 frame answer item(s)
Running Molmo2 frame-answer batch 411: 1 item(s)
Checkpoint saved: 421 frame answer item(s)
Running Molmo2 frame-answer batch 412: 1 item(s)
Checkpoint saved: 422 frame answer item(s)
Running Molmo2 frame-answer batch 413: 1 item(s)
Checkpoint saved: 423 frame answer item(s)
Running Molmo2 frame-answer batch 414: 1 item(s)
Checkpoint saved: 424 frame answer item(s)
Running Molmo2 frame-answer batch 415: 1 item(s)
Checkpoint saved: 425 frame answer item(s)
Running Molmo2 frame-answer batch 416: 1 item(s)
Checkpoint saved: 426 frame answer item(s)
Running Molmo2 frame-answer batch 417: 1 item(s)
Checkpoint saved: 427 frame answer item(s)
Running Molmo2 frame-answer batch 418: 1 item(s)
Checkpoint saved: 428 frame answer item(s)
Running Molmo2 frame-answer batch 419: 1 item(s)
Checkpoint saved: 429 frame answer item(s)
Running Molmo2 frame-answer batch 420: 1 item(s)
Checkpoint saved: 430 frame answer item(s)
Running Molmo2 frame-answer batch 421: 1 item(s)
Checkpoint saved: 431 frame answer item(s)
Running Molmo2 frame-answer batch 422: 1 item(s)
Checkpoint saved: 432 frame answer item(s)
Running Molmo2 frame-answer batch 423: 1 item(s)
Checkpoint saved: 433 frame answer item(s)
Running Molmo2 frame-answer batch 424: 1 item(s)
Checkpoint saved: 434 frame answer item(s)
Running Molmo2 frame-answer batch 425: 1 item(s)
Checkpoint saved: 435 frame answer item(s)
Running Molmo2 frame-answer batch 426: 1 item(s)
Checkpoint saved: 436 frame answer item(s)
Running Molmo2 frame-answer batch 427: 1 item(s)
Checkpoint saved: 437 frame answer item(s)
Running Molmo2 frame-answer batch 428: 1 item(s)
Checkpoint saved: 438 frame answer item(s)
Running Molmo2 frame-answer batch 429: 1 item(s)
Checkpoint saved: 439 frame answer item(s)
Running Molmo2 frame-answer batch 430: 1 item(s)
Checkpoint saved: 440 frame answer item(s)
Running Molmo2 frame-answer batch 431: 1 item(s)
Checkpoint saved: 441 frame answer item(s)
Running Molmo2 frame-answer batch 432: 1 item(s)
Checkpoint saved: 442 frame answer item(s)
Running Molmo2 frame-answer batch 433: 1 item(s)
Checkpoint saved: 443 frame answer item(s)
Running Molmo2 frame-answer batch 434: 1 item(s)
Checkpoint saved: 444 frame answer item(s)
Running Molmo2 frame-answer batch 435: 1 item(s)
Checkpoint saved: 445 frame answer item(s)
Running Molmo2 frame-answer batch 436: 1 item(s)
Checkpoint saved: 446 frame answer item(s)
Running Molmo2 frame-answer batch 437: 1 item(s)
Checkpoint saved: 447 frame answer item(s)
Running Molmo2 frame-answer batch 438: 1 item(s)
Checkpoint saved: 448 frame answer item(s)
Running Molmo2 frame-answer batch 439: 1 item(s)
Checkpoint saved: 449 frame answer item(s)
Running Molmo2 frame-answer batch 440: 1 item(s)
Checkpoint saved: 450 frame answer item(s)
Running Molmo2 frame-answer batch 441: 1 item(s)
Checkpoint saved: 451 frame answer item(s)
Running Molmo2 frame-answer batch 442: 1 item(s)
Checkpoint saved: 452 frame answer item(s)
Running Molmo2 frame-answer batch 443: 1 item(s)
Checkpoint saved: 453 frame answer item(s)
Running Molmo2 frame-answer batch 444: 1 item(s)
Checkpoint saved: 454 frame answer item(s)
Running Molmo2 frame-answer batch 445: 1 item(s)
Checkpoint saved: 455 frame answer item(s)
Running Molmo2 frame-answer batch 446: 1 item(s)
Checkpoint saved: 456 frame answer item(s)
Running Molmo2 frame-answer batch 447: 1 item(s)
Checkpoint saved: 457 frame answer item(s)
Running Molmo2 frame-answer batch 448: 1 item(s)
Checkpoint saved: 458 frame answer item(s)
Running Molmo2 frame-answer batch 449: 1 item(s)
Checkpoint saved: 459 frame answer item(s)
Running Molmo2 frame-answer batch 450: 1 item(s)
Checkpoint saved: 460 frame answer item(s)
Running Molmo2 frame-answer batch 451: 1 item(s)
Checkpoint saved: 461 frame answer item(s)
Running Molmo2 frame-answer batch 452: 1 item(s)
Checkpoint saved: 462 frame answer item(s)
Running Molmo2 frame-answer batch 453: 1 item(s)
Checkpoint saved: 463 frame answer item(s)
Running Molmo2 frame-answer batch 454: 1 item(s)
Checkpoint saved: 464 frame answer item(s)
Running Molmo2 frame-answer batch 455: 1 item(s)
Checkpoint saved: 465 frame answer item(s)
Running Molmo2 frame-answer batch 456: 1 item(s)
Checkpoint saved: 466 frame answer item(s)
Running Molmo2 frame-answer batch 457: 1 item(s)
Checkpoint saved: 467 frame answer item(s)
Running Molmo2 frame-answer batch 458: 1 item(s)
Checkpoint saved: 468 frame answer item(s)
Running Molmo2 frame-answer batch 459: 1 item(s)
Checkpoint saved: 469 frame answer item(s)
Running Molmo2 frame-answer batch 460: 1 item(s)
Checkpoint saved: 470 frame answer item(s)
Running Molmo2 frame-answer batch 461: 1 item(s)
Checkpoint saved: 471 frame answer item(s)
Running Molmo2 frame-answer batch 462: 1 item(s)
Checkpoint saved: 472 frame answer item(s)
Running Molmo2 frame-answer batch 463: 1 item(s)
Checkpoint saved: 473 frame answer item(s)
Running Molmo2 frame-answer batch 464: 1 item(s)
Checkpoint saved: 474 frame answer item(s)
Running Molmo2 frame-answer batch 465: 1 item(s)
Checkpoint saved: 475 frame answer item(s)
Running Molmo2 frame-answer batch 466: 1 item(s)
Checkpoint saved: 476 frame answer item(s)
Running Molmo2 frame-answer batch 467: 1 item(s)
Checkpoint saved: 477 frame answer item(s)
Running Molmo2 frame-answer batch 468: 1 item(s)
Checkpoint saved: 478 frame answer item(s)
Running Molmo2 frame-answer batch 469: 1 item(s)
Checkpoint saved: 479 frame answer item(s)
Running Molmo2 frame-answer batch 470: 1 item(s)
Checkpoint saved: 480 frame answer item(s)
Running Molmo2 frame-answer batch 471: 1 item(s)
Checkpoint saved: 481 frame answer item(s)
Running Molmo2 frame-answer batch 472: 1 item(s)
Checkpoint saved: 482 frame answer item(s)
Running Molmo2 frame-answer batch 473: 1 item(s)
Checkpoint saved: 483 frame answer item(s)
Running Molmo2 frame-answer batch 474: 1 item(s)
Checkpoint saved: 484 frame answer item(s)
Running Molmo2 frame-answer batch 475: 1 item(s)
Checkpoint saved: 485 frame answer item(s)
Running Molmo2 frame-answer batch 476: 1 item(s)
Checkpoint saved: 486 frame answer item(s)
Running Molmo2 frame-answer batch 477: 1 item(s)
Checkpoint saved: 487 frame answer item(s)
Running Molmo2 frame-answer batch 478: 1 item(s)
Checkpoint saved: 488 frame answer item(s)
Running Molmo2 frame-answer batch 479: 1 item(s)
Checkpoint saved: 489 frame answer item(s)
Running Molmo2 frame-answer batch 480: 1 item(s)
Checkpoint saved: 490 frame answer item(s)
Running Molmo2 frame-answer batch 481: 1 item(s)
Checkpoint saved: 491 frame answer item(s)
Running Molmo2 frame-answer batch 482: 1 item(s)
Checkpoint saved: 492 frame answer item(s)
Running Molmo2 frame-answer batch 483: 1 item(s)
Checkpoint saved: 493 frame answer item(s)
Running Molmo2 frame-answer batch 484: 1 item(s)
Checkpoint saved: 494 frame answer item(s)
Running Molmo2 frame-answer batch 485: 1 item(s)
Checkpoint saved: 495 frame answer item(s)
Running Molmo2 frame-answer batch 486: 1 item(s)
Checkpoint saved: 496 frame answer item(s)
Running Molmo2 frame-answer batch 487: 1 item(s)
Checkpoint saved: 497 frame answer item(s)
Running Molmo2 frame-answer batch 488: 1 item(s)
Checkpoint saved: 498 frame answer item(s)
Running Molmo2 frame-answer batch 489: 1 item(s)
Checkpoint saved: 499 frame answer item(s)
Running Molmo2 frame-answer batch 490: 1 item(s)
Checkpoint saved: 500 frame answer item(s)
Running Molmo2 frame-answer batch 491: 1 item(s)
Checkpoint saved: 501 frame answer item(s)
Running Molmo2 frame-answer batch 492: 1 item(s)
Checkpoint saved: 502 frame answer item(s)
Running Molmo2 frame-answer batch 493: 1 item(s)
Checkpoint saved: 503 frame answer item(s)
Running Molmo2 frame-answer batch 494: 1 item(s)
Checkpoint saved: 504 frame answer item(s)
Running Molmo2 frame-answer batch 495: 1 item(s)
Checkpoint saved: 505 frame answer item(s)
Running Molmo2 frame-answer batch 496: 1 item(s)
Checkpoint saved: 506 frame answer item(s)
Running Molmo2 frame-answer batch 497: 1 item(s)
Checkpoint saved: 507 frame answer item(s)
Running Molmo2 frame-answer batch 498: 1 item(s)
Checkpoint saved: 508 frame answer item(s)
Running Molmo2 frame-answer batch 499: 1 item(s)
Checkpoint saved: 509 frame answer item(s)
Running Molmo2 frame-answer batch 500: 1 item(s)
Checkpoint saved: 510 frame answer item(s)
Running Molmo2 frame-answer batch 501: 1 item(s)
Checkpoint saved: 511 frame answer item(s)
Running Molmo2 frame-answer batch 502: 1 item(s)
Checkpoint saved: 512 frame answer item(s)
Running Molmo2 frame-answer batch 503: 1 item(s)
Checkpoint saved: 513 frame answer item(s)
Running Molmo2 frame-answer batch 504: 1 item(s)
Checkpoint saved: 514 frame answer item(s)
Running Molmo2 frame-answer batch 505: 1 item(s)
Checkpoint saved: 515 frame answer item(s)
Running Molmo2 frame-answer batch 506: 1 item(s)
Checkpoint saved: 516 frame answer item(s)
Running Molmo2 frame-answer batch 507: 1 item(s)
Checkpoint saved: 517 frame answer item(s)
Running Molmo2 frame-answer batch 508: 1 item(s)
Checkpoint saved: 518 frame answer item(s)
Running Molmo2 frame-answer batch 509: 1 item(s)
Checkpoint saved: 519 frame answer item(s)
Running Molmo2 frame-answer batch 510: 1 item(s)
Checkpoint saved: 520 frame answer item(s)
Running Molmo2 frame-answer batch 511: 1 item(s)
Checkpoint saved: 521 frame answer item(s)
Running Molmo2 frame-answer batch 512: 1 item(s)
Checkpoint saved: 522 frame answer item(s)
Running Molmo2 frame-answer batch 513: 1 item(s)
Checkpoint saved: 523 frame answer item(s)
Running Molmo2 frame-answer batch 514: 1 item(s)
Checkpoint saved: 524 frame answer item(s)
Running Molmo2 frame-answer batch 515: 1 item(s)
Checkpoint saved: 525 frame answer item(s)
Running Molmo2 frame-answer batch 516: 1 item(s)
Checkpoint saved: 526 frame answer item(s)
Running Molmo2 frame-answer batch 517: 1 item(s)
Checkpoint saved: 527 frame answer item(s)
Running Molmo2 frame-answer batch 518: 1 item(s)
Checkpoint saved: 528 frame answer item(s)
Running Molmo2 frame-answer batch 519: 1 item(s)
Checkpoint saved: 529 frame answer item(s)
Running Molmo2 frame-answer batch 520: 1 item(s)
Checkpoint saved: 530 frame answer item(s)
Running Molmo2 frame-answer batch 521: 1 item(s)
Checkpoint saved: 531 frame answer item(s)
Running Molmo2 frame-answer batch 522: 1 item(s)
Checkpoint saved: 532 frame answer item(s)
Running Molmo2 frame-answer batch 523: 1 item(s)
Checkpoint saved: 533 frame answer item(s)
Running Molmo2 frame-answer batch 524: 1 item(s)
Checkpoint saved: 534 frame answer item(s)
Running Molmo2 frame-answer batch 525: 1 item(s)
Checkpoint saved: 535 frame answer item(s)
Running Molmo2 frame-answer batch 526: 1 item(s)
Checkpoint saved: 536 frame answer item(s)
Running Molmo2 frame-answer batch 527: 1 item(s)
Checkpoint saved: 537 frame answer item(s)
Running Molmo2 frame-answer batch 528: 1 item(s)
Checkpoint saved: 538 frame answer item(s)
Running Molmo2 frame-answer batch 529: 1 item(s)
Checkpoint saved: 539 frame answer item(s)
Running Molmo2 frame-answer batch 530: 1 item(s)
Checkpoint saved: 540 frame answer item(s)
Running Molmo2 frame-answer batch 531: 1 item(s)
Checkpoint saved: 541 frame answer item(s)
Running Molmo2 frame-answer batch 532: 1 item(s)
Checkpoint saved: 542 frame answer item(s)
Running Molmo2 frame-answer batch 533: 1 item(s)
Checkpoint saved: 543 frame answer item(s)
Running Molmo2 frame-answer batch 534: 1 item(s)
Checkpoint saved: 544 frame answer item(s)
Running Molmo2 frame-answer batch 535: 1 item(s)
Checkpoint saved: 545 frame answer item(s)
Running Molmo2 frame-answer batch 536: 1 item(s)
Checkpoint saved: 546 frame answer item(s)
Running Molmo2 frame-answer batch 537: 1 item(s)
Checkpoint saved: 547 frame answer item(s)
Running Molmo2 frame-answer batch 538: 1 item(s)
Checkpoint saved: 548 frame answer item(s)
Running Molmo2 frame-answer batch 539: 1 item(s)
Checkpoint saved: 549 frame answer item(s)
Running Molmo2 frame-answer batch 540: 1 item(s)
Checkpoint saved: 550 frame answer item(s)
Running Molmo2 frame-answer batch 541: 1 item(s)
Checkpoint saved: 551 frame answer item(s)
Running Molmo2 frame-answer batch 542: 1 item(s)
Checkpoint saved: 552 frame answer item(s)
Running Molmo2 frame-answer batch 543: 1 item(s)
Checkpoint saved: 553 frame answer item(s)
Running Molmo2 frame-answer batch 544: 1 item(s)
Checkpoint saved: 554 frame answer item(s)
Running Molmo2 frame-answer batch 545: 1 item(s)
Checkpoint saved: 555 frame answer item(s)
Running Molmo2 frame-answer batch 546: 1 item(s)
Checkpoint saved: 556 frame answer item(s)
Running Molmo2 frame-answer batch 547: 1 item(s)
Checkpoint saved: 557 frame answer item(s)
Running Molmo2 frame-answer batch 548: 1 item(s)
Checkpoint saved: 558 frame answer item(s)
Running Molmo2 frame-answer batch 549: 1 item(s)
Checkpoint saved: 559 frame answer item(s)
Running Molmo2 frame-answer batch 550: 1 item(s)
Checkpoint saved: 560 frame answer item(s)
Running Molmo2 frame-answer batch 551: 1 item(s)
Checkpoint saved: 561 frame answer item(s)
Running Molmo2 frame-answer batch 552: 1 item(s)
Checkpoint saved: 562 frame answer item(s)
Running Molmo2 frame-answer batch 553: 1 item(s)
Checkpoint saved: 563 frame answer item(s)
Running Molmo2 frame-answer batch 554: 1 item(s)
Checkpoint saved: 564 frame answer item(s)
Running Molmo2 frame-answer batch 555: 1 item(s)
Checkpoint saved: 565 frame answer item(s)
Running Molmo2 frame-answer batch 556: 1 item(s)
Checkpoint saved: 566 frame answer item(s)
Running Molmo2 frame-answer batch 557: 1 item(s)
Checkpoint saved: 567 frame answer item(s)
Running Molmo2 frame-answer batch 558: 1 item(s)
Checkpoint saved: 568 frame answer item(s)
Running Molmo2 frame-answer batch 559: 1 item(s)
Checkpoint saved: 569 frame answer item(s)
Running Molmo2 frame-answer batch 560: 1 item(s)
Checkpoint saved: 570 frame answer item(s)
Running Molmo2 frame-answer batch 561: 1 item(s)
Checkpoint saved: 571 frame answer item(s)
Running Molmo2 frame-answer batch 562: 1 item(s)
Checkpoint saved: 572 frame answer item(s)
Running Molmo2 frame-answer batch 563: 1 item(s)
Checkpoint saved: 573 frame answer item(s)
Running Molmo2 frame-answer batch 564: 1 item(s)
Checkpoint saved: 574 frame answer item(s)
Running Molmo2 frame-answer batch 565: 1 item(s)
Checkpoint saved: 575 frame answer item(s)
Running Molmo2 frame-answer batch 566: 1 item(s)
Checkpoint saved: 576 frame answer item(s)
Running Molmo2 frame-answer batch 567: 1 item(s)
Checkpoint saved: 577 frame answer item(s)
Running Molmo2 frame-answer batch 568: 1 item(s)
Checkpoint saved: 578 frame answer item(s)
Running Molmo2 frame-answer batch 569: 1 item(s)
Checkpoint saved: 579 frame answer item(s)
Running Molmo2 frame-answer batch 570: 1 item(s)
Checkpoint saved: 580 frame answer item(s)
Running Molmo2 frame-answer batch 571: 1 item(s)
Checkpoint saved: 581 frame answer item(s)
Running Molmo2 frame-answer batch 572: 1 item(s)
Checkpoint saved: 582 frame answer item(s)
Running Molmo2 frame-answer batch 573: 1 item(s)
Checkpoint saved: 583 frame answer item(s)
Running Molmo2 frame-answer batch 574: 1 item(s)
Checkpoint saved: 584 frame answer item(s)
Running Molmo2 frame-answer batch 575: 1 item(s)
Checkpoint saved: 585 frame answer item(s)
Running Molmo2 frame-answer batch 576: 1 item(s)
Checkpoint saved: 586 frame answer item(s)
Running Molmo2 frame-answer batch 577: 1 item(s)
Checkpoint saved: 587 frame answer item(s)
Running Molmo2 frame-answer batch 578: 1 item(s)
Checkpoint saved: 588 frame answer item(s)
Running Molmo2 frame-answer batch 579: 1 item(s)
Checkpoint saved: 589 frame answer item(s)
Running Molmo2 frame-answer batch 580: 1 item(s)
Checkpoint saved: 590 frame answer item(s)
Running Molmo2 frame-answer batch 581: 1 item(s)
Checkpoint saved: 591 frame answer item(s)
Running Molmo2 frame-answer batch 582: 1 item(s)
Checkpoint saved: 592 frame answer item(s)
Running Molmo2 frame-answer batch 583: 1 item(s)
Checkpoint saved: 593 frame answer item(s)
Running Molmo2 frame-answer batch 584: 1 item(s)
Checkpoint saved: 594 frame answer item(s)
Running Molmo2 frame-answer batch 585: 1 item(s)
Checkpoint saved: 595 frame answer item(s)
Running Molmo2 frame-answer batch 586: 1 item(s)
Checkpoint saved: 596 frame answer item(s)
Running Molmo2 frame-answer batch 587: 1 item(s)
Checkpoint saved: 597 frame answer item(s)
Running Molmo2 frame-answer batch 588: 1 item(s)
Checkpoint saved: 598 frame answer item(s)
Running Molmo2 frame-answer batch 589: 1 item(s)
Checkpoint saved: 599 frame answer item(s)
Running Molmo2 frame-answer batch 590: 1 item(s)
Checkpoint saved: 600 frame answer item(s)
Running Molmo2 frame-answer batch 591: 1 item(s)
Checkpoint saved: 601 frame answer item(s)
Running Molmo2 frame-answer batch 592: 1 item(s)
Checkpoint saved: 602 frame answer item(s)
Running Molmo2 frame-answer batch 593: 1 item(s)
Checkpoint saved: 603 frame answer item(s)
Running Molmo2 frame-answer batch 594: 1 item(s)
Checkpoint saved: 604 frame answer item(s)
Running Molmo2 frame-answer batch 595: 1 item(s)
Checkpoint saved: 605 frame answer item(s)
Running Molmo2 frame-answer batch 596: 1 item(s)
Checkpoint saved: 606 frame answer item(s)
Running Molmo2 frame-answer batch 597: 1 item(s)
Checkpoint saved: 607 frame answer item(s)
Running Molmo2 frame-answer batch 598: 1 item(s)
Checkpoint saved: 608 frame answer item(s)
Running Molmo2 frame-answer batch 599: 1 item(s)
Checkpoint saved: 609 frame answer item(s)
Running Molmo2 frame-answer batch 600: 1 item(s)
Checkpoint saved: 610 frame answer item(s)
Running Molmo2 frame-answer batch 601: 1 item(s)
Checkpoint saved: 611 frame answer item(s)
Running Molmo2 frame-answer batch 602: 1 item(s)
Checkpoint saved: 612 frame answer item(s)
Running Molmo2 frame-answer batch 603: 1 item(s)
Checkpoint saved: 613 frame answer item(s)
Running Molmo2 frame-answer batch 604: 1 item(s)
Checkpoint saved: 614 frame answer item(s)
Running Molmo2 frame-answer batch 605: 1 item(s)
Checkpoint saved: 615 frame answer item(s)
Running Molmo2 frame-answer batch 606: 1 item(s)
Checkpoint saved: 616 frame answer item(s)
Running Molmo2 frame-answer batch 607: 1 item(s)
Checkpoint saved: 617 frame answer item(s)
Running Molmo2 frame-answer batch 608: 1 item(s)
Checkpoint saved: 618 frame answer item(s)
Running Molmo2 frame-answer batch 609: 1 item(s)
Checkpoint saved: 619 frame answer item(s)
Running Molmo2 frame-answer batch 610: 1 item(s)
Checkpoint saved: 620 frame answer item(s)
Running Molmo2 frame-answer batch 611: 1 item(s)
Checkpoint saved: 621 frame answer item(s)
Running Molmo2 frame-answer batch 612: 1 item(s)
Checkpoint saved: 622 frame answer item(s)
Running Molmo2 frame-answer batch 613: 1 item(s)
Checkpoint saved: 623 frame answer item(s)
Running Molmo2 frame-answer batch 614: 1 item(s)
Checkpoint saved: 624 frame answer item(s)
Running Molmo2 frame-answer batch 615: 1 item(s)
Checkpoint saved: 625 frame answer item(s)
Running Molmo2 frame-answer batch 616: 1 item(s)
Checkpoint saved: 626 frame answer item(s)
Running Molmo2 frame-answer batch 617: 1 item(s)
Checkpoint saved: 627 frame answer item(s)
Running Molmo2 frame-answer batch 618: 1 item(s)
Checkpoint saved: 628 frame answer item(s)
Running Molmo2 frame-answer batch 619: 1 item(s)
Checkpoint saved: 629 frame answer item(s)
Running Molmo2 frame-answer batch 620: 1 item(s)
Checkpoint saved: 630 frame answer item(s)
Running Molmo2 frame-answer batch 621: 1 item(s)
Checkpoint saved: 631 frame answer item(s)
Running Molmo2 frame-answer batch 622: 1 item(s)
Checkpoint saved: 632 frame answer item(s)
Running Molmo2 frame-answer batch 623: 1 item(s)
Checkpoint saved: 633 frame answer item(s)
Running Molmo2 frame-answer batch 624: 1 item(s)
Checkpoint saved: 634 frame answer item(s)
Running Molmo2 frame-answer batch 625: 1 item(s)
Checkpoint saved: 635 frame answer item(s)
Running Molmo2 frame-answer batch 626: 1 item(s)
Checkpoint saved: 636 frame answer item(s)
Running Molmo2 frame-answer batch 627: 1 item(s)
Checkpoint saved: 637 frame answer item(s)
Running Molmo2 frame-answer batch 628: 1 item(s)
Checkpoint saved: 638 frame answer item(s)
Running Molmo2 frame-answer batch 629: 1 item(s)
Checkpoint saved: 639 frame answer item(s)
Running Molmo2 frame-answer batch 630: 1 item(s)
Checkpoint saved: 640 frame answer item(s)
Running Molmo2 frame-answer batch 631: 1 item(s)
Checkpoint saved: 641 frame answer item(s)
Running Molmo2 frame-answer batch 632: 1 item(s)
Checkpoint saved: 642 frame answer item(s)
Running Molmo2 frame-answer batch 633: 1 item(s)
Checkpoint saved: 643 frame answer item(s)
Running Molmo2 frame-answer batch 634: 1 item(s)
Checkpoint saved: 644 frame answer item(s)
Running Molmo2 frame-answer batch 635: 1 item(s)
Checkpoint saved: 645 frame answer item(s)
Running Molmo2 frame-answer batch 636: 1 item(s)
Checkpoint saved: 646 frame answer item(s)
Running Molmo2 frame-answer batch 637: 1 item(s)
Checkpoint saved: 647 frame answer item(s)
Running Molmo2 frame-answer batch 638: 1 item(s)
Checkpoint saved: 648 frame answer item(s)
Running Molmo2 frame-answer batch 639: 1 item(s)
Checkpoint saved: 649 frame answer item(s)
Running Molmo2 frame-answer batch 640: 1 item(s)
Checkpoint saved: 650 frame answer item(s)
Running Molmo2 frame-answer batch 641: 1 item(s)
Checkpoint saved: 651 frame answer item(s)
Running Molmo2 frame-answer batch 642: 1 item(s)
Checkpoint saved: 652 frame answer item(s)
Running Molmo2 frame-answer batch 643: 1 item(s)
Checkpoint saved: 653 frame answer item(s)
Running Molmo2 frame-answer batch 644: 1 item(s)
Checkpoint saved: 654 frame answer item(s)
Running Molmo2 frame-answer batch 645: 1 item(s)
Checkpoint saved: 655 frame answer item(s)
Running Molmo2 frame-answer batch 646: 1 item(s)
Checkpoint saved: 656 frame answer item(s)
Running Molmo2 frame-answer batch 647: 1 item(s)
Checkpoint saved: 657 frame answer item(s)
Running Molmo2 frame-answer batch 648: 1 item(s)
Checkpoint saved: 658 frame answer item(s)
Running Molmo2 frame-answer batch 649: 1 item(s)
Checkpoint saved: 659 frame answer item(s)
Running Molmo2 frame-answer batch 650: 1 item(s)
Checkpoint saved: 660 frame answer item(s)
Running Molmo2 frame-answer batch 651: 1 item(s)
Checkpoint saved: 661 frame answer item(s)
Running Molmo2 frame-answer batch 652: 1 item(s)
Checkpoint saved: 662 frame answer item(s)
Running Molmo2 frame-answer batch 653: 1 item(s)
Checkpoint saved: 663 frame answer item(s)
Running Molmo2 frame-answer batch 654: 1 item(s)
Checkpoint saved: 664 frame answer item(s)
Running Molmo2 frame-answer batch 655: 1 item(s)
Checkpoint saved: 665 frame answer item(s)
Running Molmo2 frame-answer batch 656: 1 item(s)
Checkpoint saved: 666 frame answer item(s)
Running Molmo2 frame-answer batch 657: 1 item(s)
Checkpoint saved: 667 frame answer item(s)
Running Molmo2 frame-answer batch 658: 1 item(s)
Checkpoint saved: 668 frame answer item(s)
Running Molmo2 frame-answer batch 659: 1 item(s)
Checkpoint saved: 669 frame answer item(s)
Running Molmo2 frame-answer batch 660: 1 item(s)
Checkpoint saved: 670 frame answer item(s)
Running Molmo2 frame-answer batch 661: 1 item(s)
Checkpoint saved: 671 frame answer item(s)
Running Molmo2 frame-answer batch 662: 1 item(s)
Checkpoint saved: 672 frame answer item(s)
Running Molmo2 frame-answer batch 663: 1 item(s)
Checkpoint saved: 673 frame answer item(s)
Running Molmo2 frame-answer batch 664: 1 item(s)
Checkpoint saved: 674 frame answer item(s)
Running Molmo2 frame-answer batch 665: 1 item(s)
Checkpoint saved: 675 frame answer item(s)
Running Molmo2 frame-answer batch 666: 1 item(s)
Checkpoint saved: 676 frame answer item(s)
Running Molmo2 frame-answer batch 667: 1 item(s)
Checkpoint saved: 677 frame answer item(s)
Running Molmo2 frame-answer batch 668: 1 item(s)
Checkpoint saved: 678 frame answer item(s)
Running Molmo2 frame-answer batch 669: 1 item(s)
Checkpoint saved: 679 frame answer item(s)
Running Molmo2 frame-answer batch 670: 1 item(s)
Checkpoint saved: 680 frame answer item(s)
Running Molmo2 frame-answer batch 671: 1 item(s)
Checkpoint saved: 681 frame answer item(s)
Running Molmo2 frame-answer batch 672: 1 item(s)
Checkpoint saved: 682 frame answer item(s)
Running Molmo2 frame-answer batch 673: 1 item(s)
Checkpoint saved: 683 frame answer item(s)
Running Molmo2 frame-answer batch 674: 1 item(s)
Checkpoint saved: 684 frame answer item(s)
Running Molmo2 frame-answer batch 675: 1 item(s)
Checkpoint saved: 685 frame answer item(s)
Running Molmo2 frame-answer batch 676: 1 item(s)
Checkpoint saved: 686 frame answer item(s)
Running Molmo2 frame-answer batch 677: 1 item(s)
Checkpoint saved: 687 frame answer item(s)
Running Molmo2 frame-answer batch 678: 1 item(s)
Checkpoint saved: 688 frame answer item(s)
Running Molmo2 frame-answer batch 679: 1 item(s)
Checkpoint saved: 689 frame answer item(s)
Running Molmo2 frame-answer batch 680: 1 item(s)
Checkpoint saved: 690 frame answer item(s)
Running Molmo2 frame-answer batch 681: 1 item(s)
Checkpoint saved: 691 frame answer item(s)
Running Molmo2 frame-answer batch 682: 1 item(s)
Checkpoint saved: 692 frame answer item(s)
Running Molmo2 frame-answer batch 683: 1 item(s)
Checkpoint saved: 693 frame answer item(s)
Running Molmo2 frame-answer batch 684: 1 item(s)
Checkpoint saved: 694 frame answer item(s)
Running Molmo2 frame-answer batch 685: 1 item(s)
Checkpoint saved: 695 frame answer item(s)
Running Molmo2 frame-answer batch 686: 1 item(s)
Checkpoint saved: 696 frame answer item(s)
Running Molmo2 frame-answer batch 687: 1 item(s)
Checkpoint saved: 697 frame answer item(s)
Running Molmo2 frame-answer batch 688: 1 item(s)
Checkpoint saved: 698 frame answer item(s)
Running Molmo2 frame-answer batch 689: 1 item(s)
Checkpoint saved: 699 frame answer item(s)
Running Molmo2 frame-answer batch 690: 1 item(s)
Checkpoint saved: 700 frame answer item(s)
Running Molmo2 frame-answer batch 691: 1 item(s)
Checkpoint saved: 701 frame answer item(s)
Running Molmo2 frame-answer batch 692: 1 item(s)
Checkpoint saved: 702 frame answer item(s)
Running Molmo2 frame-answer batch 693: 1 item(s)
Checkpoint saved: 703 frame answer item(s)
Running Molmo2 frame-answer batch 694: 1 item(s)
Checkpoint saved: 704 frame answer item(s)
Running Molmo2 frame-answer batch 695: 1 item(s)
Checkpoint saved: 705 frame answer item(s)
Running Molmo2 frame-answer batch 696: 1 item(s)
Checkpoint saved: 706 frame answer item(s)
Running Molmo2 frame-answer batch 697: 1 item(s)
Checkpoint saved: 707 frame answer item(s)
Running Molmo2 frame-answer batch 698: 1 item(s)
Checkpoint saved: 708 frame answer item(s)
Running Molmo2 frame-answer batch 699: 1 item(s)
Checkpoint saved: 709 frame answer item(s)
Running Molmo2 frame-answer batch 700: 1 item(s)
Checkpoint saved: 710 frame answer item(s)
Running Molmo2 frame-answer batch 701: 1 item(s)
Checkpoint saved: 711 frame answer item(s)
Running Molmo2 frame-answer batch 702: 1 item(s)
Checkpoint saved: 712 frame answer item(s)
Running Molmo2 frame-answer batch 703: 1 item(s)
Checkpoint saved: 713 frame answer item(s)
Running Molmo2 frame-answer batch 704: 1 item(s)
Checkpoint saved: 714 frame answer item(s)
Running Molmo2 frame-answer batch 705: 1 item(s)
Checkpoint saved: 715 frame answer item(s)
Running Molmo2 frame-answer batch 706: 1 item(s)
Checkpoint saved: 716 frame answer item(s)
Running Molmo2 frame-answer batch 707: 1 item(s)
Checkpoint saved: 717 frame answer item(s)
Running Molmo2 frame-answer batch 708: 1 item(s)
Checkpoint saved: 718 frame answer item(s)
Running Molmo2 frame-answer batch 709: 1 item(s)
Checkpoint saved: 719 frame answer item(s)
Running Molmo2 frame-answer batch 710: 1 item(s)
Checkpoint saved: 720 frame answer item(s)
Running Molmo2 frame-answer batch 711: 1 item(s)
Checkpoint saved: 721 frame answer item(s)
Running Molmo2 frame-answer batch 712: 1 item(s)
Checkpoint saved: 722 frame answer item(s)
Running Molmo2 frame-answer batch 713: 1 item(s)
Checkpoint saved: 723 frame answer item(s)
Running Molmo2 frame-answer batch 714: 1 item(s)
Checkpoint saved: 724 frame answer item(s)
Running Molmo2 frame-answer batch 715: 1 item(s)
Checkpoint saved: 725 frame answer item(s)
Running Molmo2 frame-answer batch 716: 1 item(s)
Checkpoint saved: 726 frame answer item(s)
Running Molmo2 frame-answer batch 717: 1 item(s)
Checkpoint saved: 727 frame answer item(s)
Running Molmo2 frame-answer batch 718: 1 item(s)
Checkpoint saved: 728 frame answer item(s)
Running Molmo2 frame-answer batch 719: 1 item(s)
Checkpoint saved: 729 frame answer item(s)
Running Molmo2 frame-answer batch 720: 1 item(s)
Checkpoint saved: 730 frame answer item(s)
Running Molmo2 frame-answer batch 721: 1 item(s)
Checkpoint saved: 731 frame answer item(s)
Running Molmo2 frame-answer batch 722: 1 item(s)
Checkpoint saved: 732 frame answer item(s)
Running Molmo2 frame-answer batch 723: 1 item(s)
Checkpoint saved: 733 frame answer item(s)
Running Molmo2 frame-answer batch 724: 1 item(s)
Checkpoint saved: 734 frame answer item(s)
Running Molmo2 frame-answer batch 725: 1 item(s)
Checkpoint saved: 735 frame answer item(s)
Running Molmo2 frame-answer batch 726: 1 item(s)
Checkpoint saved: 736 frame answer item(s)
Running Molmo2 frame-answer batch 727: 1 item(s)
Checkpoint saved: 737 frame answer item(s)
Running Molmo2 frame-answer batch 728: 1 item(s)
Checkpoint saved: 738 frame answer item(s)
Running Molmo2 frame-answer batch 729: 1 item(s)
Checkpoint saved: 739 frame answer item(s)
Running Molmo2 frame-answer batch 730: 1 item(s)
Checkpoint saved: 740 frame answer item(s)
Running Molmo2 frame-answer batch 731: 1 item(s)
Checkpoint saved: 741 frame answer item(s)
Running Molmo2 frame-answer batch 732: 1 item(s)
Checkpoint saved: 742 frame answer item(s)
Running Molmo2 frame-answer batch 733: 1 item(s)
Checkpoint saved: 743 frame answer item(s)
Running Molmo2 frame-answer batch 734: 1 item(s)
Checkpoint saved: 744 frame answer item(s)
Running Molmo2 frame-answer batch 735: 1 item(s)
Checkpoint saved: 745 frame answer item(s)
Running Molmo2 frame-answer batch 736: 1 item(s)
Checkpoint saved: 746 frame answer item(s)
Running Molmo2 frame-answer batch 737: 1 item(s)
Checkpoint saved: 747 frame answer item(s)
Running Molmo2 frame-answer batch 738: 1 item(s)
Checkpoint saved: 748 frame answer item(s)
Running Molmo2 frame-answer batch 739: 1 item(s)
Checkpoint saved: 749 frame answer item(s)
Running Molmo2 frame-answer batch 740: 1 item(s)
Checkpoint saved: 750 frame answer item(s)
Running Molmo2 frame-answer batch 741: 1 item(s)
Checkpoint saved: 751 frame answer item(s)
Running Molmo2 frame-answer batch 742: 1 item(s)
Checkpoint saved: 752 frame answer item(s)
Running Molmo2 frame-answer batch 743: 1 item(s)
Checkpoint saved: 753 frame answer item(s)
Running Molmo2 frame-answer batch 744: 1 item(s)
Checkpoint saved: 754 frame answer item(s)
Running Molmo2 frame-answer batch 745: 1 item(s)
Checkpoint saved: 755 frame answer item(s)
Running Molmo2 frame-answer batch 746: 1 item(s)
Checkpoint saved: 756 frame answer item(s)
Running Molmo2 frame-answer batch 747: 1 item(s)
Checkpoint saved: 757 frame answer item(s)
Running Molmo2 frame-answer batch 748: 1 item(s)
Checkpoint saved: 758 frame answer item(s)
Running Molmo2 frame-answer batch 749: 1 item(s)
Checkpoint saved: 759 frame answer item(s)
Running Molmo2 frame-answer batch 750: 1 item(s)
Checkpoint saved: 760 frame answer item(s)
Running Molmo2 frame-answer batch 751: 1 item(s)
Checkpoint saved: 761 frame answer item(s)
Running Molmo2 frame-answer batch 752: 1 item(s)
Checkpoint saved: 762 frame answer item(s)
Running Molmo2 frame-answer batch 753: 1 item(s)
Checkpoint saved: 763 frame answer item(s)
Running Molmo2 frame-answer batch 754: 1 item(s)
Checkpoint saved: 764 frame answer item(s)
Running Molmo2 frame-answer batch 755: 1 item(s)
Checkpoint saved: 765 frame answer item(s)
Running Molmo2 frame-answer batch 756: 1 item(s)
Checkpoint saved: 766 frame answer item(s)
Running Molmo2 frame-answer batch 757: 1 item(s)
Checkpoint saved: 767 frame answer item(s)
Running Molmo2 frame-answer batch 758: 1 item(s)
Checkpoint saved: 768 frame answer item(s)
Running Molmo2 frame-answer batch 759: 1 item(s)
Checkpoint saved: 769 frame answer item(s)
Running Molmo2 frame-answer batch 760: 1 item(s)
Checkpoint saved: 770 frame answer item(s)
Running Molmo2 frame-answer batch 761: 1 item(s)
Checkpoint saved: 771 frame answer item(s)
Running Molmo2 frame-answer batch 762: 1 item(s)
Checkpoint saved: 772 frame answer item(s)
Running Molmo2 frame-answer batch 763: 1 item(s)
Checkpoint saved: 773 frame answer item(s)
Running Molmo2 frame-answer batch 764: 1 item(s)
Checkpoint saved: 774 frame answer item(s)
Running Molmo2 frame-answer batch 765: 1 item(s)
Checkpoint saved: 775 frame answer item(s)
Running Molmo2 frame-answer batch 766: 1 item(s)
Checkpoint saved: 776 frame answer item(s)
Running Molmo2 frame-answer batch 767: 1 item(s)
Checkpoint saved: 777 frame answer item(s)
Running Molmo2 frame-answer batch 768: 1 item(s)
Checkpoint saved: 778 frame answer item(s)
Running Molmo2 frame-answer batch 769: 1 item(s)
Checkpoint saved: 779 frame answer item(s)
Running Molmo2 frame-answer batch 770: 1 item(s)
Checkpoint saved: 780 frame answer item(s)
Running Molmo2 frame-answer batch 771: 1 item(s)
Checkpoint saved: 781 frame answer item(s)
Running Molmo2 frame-answer batch 772: 1 item(s)
Checkpoint saved: 782 frame answer item(s)
Running Molmo2 frame-answer batch 773: 1 item(s)
Checkpoint saved: 783 frame answer item(s)
Running Molmo2 frame-answer batch 774: 1 item(s)
Checkpoint saved: 784 frame answer item(s)
Running Molmo2 frame-answer batch 775: 1 item(s)
Checkpoint saved: 785 frame answer item(s)
Running Molmo2 frame-answer batch 776: 1 item(s)
Checkpoint saved: 786 frame answer item(s)
Running Molmo2 frame-answer batch 777: 1 item(s)
Checkpoint saved: 787 frame answer item(s)
Running Molmo2 frame-answer batch 778: 1 item(s)
Checkpoint saved: 788 frame answer item(s)
Running Molmo2 frame-answer batch 779: 1 item(s)
Checkpoint saved: 789 frame answer item(s)
Running Molmo2 frame-answer batch 780: 1 item(s)
Checkpoint saved: 790 frame answer item(s)
Running Molmo2 frame-answer batch 781: 1 item(s)
Checkpoint saved: 791 frame answer item(s)
Running Molmo2 frame-answer batch 782: 1 item(s)
Checkpoint saved: 792 frame answer item(s)
Running Molmo2 frame-answer batch 783: 1 item(s)
Checkpoint saved: 793 frame answer item(s)
Running Molmo2 frame-answer batch 784: 1 item(s)
Checkpoint saved: 794 frame answer item(s)
Running Molmo2 frame-answer batch 785: 1 item(s)
Checkpoint saved: 795 frame answer item(s)
Running Molmo2 frame-answer batch 786: 1 item(s)
Checkpoint saved: 796 frame answer item(s)
Running Molmo2 frame-answer batch 787: 1 item(s)
Checkpoint saved: 797 frame answer item(s)
Running Molmo2 frame-answer batch 788: 1 item(s)
Checkpoint saved: 798 frame answer item(s)
Running Molmo2 frame-answer batch 789: 1 item(s)
Checkpoint saved: 799 frame answer item(s)
Running Molmo2 frame-answer batch 790: 1 item(s)
Checkpoint saved: 800 frame answer item(s)
Running Molmo2 frame-answer batch 791: 1 item(s)
Checkpoint saved: 801 frame answer item(s)
Running Molmo2 frame-answer batch 792: 1 item(s)
Checkpoint saved: 802 frame answer item(s)
Running Molmo2 frame-answer batch 793: 1 item(s)
Checkpoint saved: 803 frame answer item(s)
Running Molmo2 frame-answer batch 794: 1 item(s)
Checkpoint saved: 804 frame answer item(s)
Running Molmo2 frame-answer batch 795: 1 item(s)
Checkpoint saved: 805 frame answer item(s)
Running Molmo2 frame-answer batch 796: 1 item(s)
Checkpoint saved: 806 frame answer item(s)
Running Molmo2 frame-answer batch 797: 1 item(s)
Checkpoint saved: 807 frame answer item(s)
Running Molmo2 frame-answer batch 798: 1 item(s)
Checkpoint saved: 808 frame answer item(s)
Running Molmo2 frame-answer batch 799: 1 item(s)
Checkpoint saved: 809 frame answer item(s)
Running Molmo2 frame-answer batch 800: 1 item(s)
Checkpoint saved: 810 frame answer item(s)
Running Molmo2 frame-answer batch 801: 1 item(s)
Checkpoint saved: 811 frame answer item(s)
Running Molmo2 frame-answer batch 802: 1 item(s)
Checkpoint saved: 812 frame answer item(s)
Running Molmo2 frame-answer batch 803: 1 item(s)
Checkpoint saved: 813 frame answer item(s)
Running Molmo2 frame-answer batch 804: 1 item(s)
Checkpoint saved: 814 frame answer item(s)
Running Molmo2 frame-answer batch 805: 1 item(s)
Checkpoint saved: 815 frame answer item(s)
Running Molmo2 frame-answer batch 806: 1 item(s)
Checkpoint saved: 816 frame answer item(s)
Running Molmo2 frame-answer batch 807: 1 item(s)
Checkpoint saved: 817 frame answer item(s)
Running Molmo2 frame-answer batch 808: 1 item(s)
Checkpoint saved: 818 frame answer item(s)
Running Molmo2 frame-answer batch 809: 1 item(s)
Checkpoint saved: 819 frame answer item(s)
Running Molmo2 frame-answer batch 810: 1 item(s)
Checkpoint saved: 820 frame answer item(s)
Running Molmo2 frame-answer batch 811: 1 item(s)
Checkpoint saved: 821 frame answer item(s)
Running Molmo2 frame-answer batch 812: 1 item(s)
Checkpoint saved: 822 frame answer item(s)
Running Molmo2 frame-answer batch 813: 1 item(s)
Checkpoint saved: 823 frame answer item(s)
Running Molmo2 frame-answer batch 814: 1 item(s)
Checkpoint saved: 824 frame answer item(s)
Running Molmo2 frame-answer batch 815: 1 item(s)
Checkpoint saved: 825 frame answer item(s)
Running Molmo2 frame-answer batch 816: 1 item(s)
Checkpoint saved: 826 frame answer item(s)
Running Molmo2 frame-answer batch 817: 1 item(s)
Checkpoint saved: 827 frame answer item(s)
Running Molmo2 frame-answer batch 818: 1 item(s)
Checkpoint saved: 828 frame answer item(s)
Running Molmo2 frame-answer batch 819: 1 item(s)
Checkpoint saved: 829 frame answer item(s)
Running Molmo2 frame-answer batch 820: 1 item(s)
Checkpoint saved: 830 frame answer item(s)
Running Molmo2 frame-answer batch 821: 1 item(s)
Checkpoint saved: 831 frame answer item(s)
Running Molmo2 frame-answer batch 822: 1 item(s)
Checkpoint saved: 832 frame answer item(s)
Running Molmo2 frame-answer batch 823: 1 item(s)
Checkpoint saved: 833 frame answer item(s)
Running Molmo2 frame-answer batch 824: 1 item(s)
Checkpoint saved: 834 frame answer item(s)
Running Molmo2 frame-answer batch 825: 1 item(s)
Checkpoint saved: 835 frame answer item(s)
Running Molmo2 frame-answer batch 826: 1 item(s)
Checkpoint saved: 836 frame answer item(s)
Running Molmo2 frame-answer batch 827: 1 item(s)
Checkpoint saved: 837 frame answer item(s)
Running Molmo2 frame-answer batch 828: 1 item(s)
Checkpoint saved: 838 frame answer item(s)
Running Molmo2 frame-answer batch 829: 1 item(s)
Checkpoint saved: 839 frame answer item(s)
Running Molmo2 frame-answer batch 830: 1 item(s)
Checkpoint saved: 840 frame answer item(s)
Running Molmo2 frame-answer batch 831: 1 item(s)
Checkpoint saved: 841 frame answer item(s)
Running Molmo2 frame-answer batch 832: 1 item(s)
Checkpoint saved: 842 frame answer item(s)
Running Molmo2 frame-answer batch 833: 1 item(s)
Checkpoint saved: 843 frame answer item(s)
Running Molmo2 frame-answer batch 834: 1 item(s)
Checkpoint saved: 844 frame answer item(s)
Running Molmo2 frame-answer batch 835: 1 item(s)
Checkpoint saved: 845 frame answer item(s)
Running Molmo2 frame-answer batch 836: 1 item(s)
Checkpoint saved: 846 frame answer item(s)
Running Molmo2 frame-answer batch 837: 1 item(s)
Checkpoint saved: 847 frame answer item(s)
Running Molmo2 frame-answer batch 838: 1 item(s)
Checkpoint saved: 848 frame answer item(s)
Running Molmo2 frame-answer batch 839: 1 item(s)
Checkpoint saved: 849 frame answer item(s)
Running Molmo2 frame-answer batch 840: 1 item(s)
Checkpoint saved: 850 frame answer item(s)
Running Molmo2 frame-answer batch 841: 1 item(s)
Checkpoint saved: 851 frame answer item(s)
Running Molmo2 frame-answer batch 842: 1 item(s)
Checkpoint saved: 852 frame answer item(s)
Running Molmo2 frame-answer batch 843: 1 item(s)
Checkpoint saved: 853 frame answer item(s)
Running Molmo2 frame-answer batch 844: 1 item(s)
Checkpoint saved: 854 frame answer item(s)
Running Molmo2 frame-answer batch 845: 1 item(s)
Checkpoint saved: 855 frame answer item(s)
Running Molmo2 frame-answer batch 846: 1 item(s)
Checkpoint saved: 856 frame answer item(s)
Running Molmo2 frame-answer batch 847: 1 item(s)
Checkpoint saved: 857 frame answer item(s)
Running Molmo2 frame-answer batch 848: 1 item(s)
Checkpoint saved: 858 frame answer item(s)
Running Molmo2 frame-answer batch 849: 1 item(s)
Checkpoint saved: 859 frame answer item(s)
Running Molmo2 frame-answer batch 850: 1 item(s)
Checkpoint saved: 860 frame answer item(s)
Running Molmo2 frame-answer batch 851: 1 item(s)
Checkpoint saved: 861 frame answer item(s)
Running Molmo2 frame-answer batch 852: 1 item(s)
Checkpoint saved: 862 frame answer item(s)
Running Molmo2 frame-answer batch 853: 1 item(s)
Checkpoint saved: 863 frame answer item(s)
Running Molmo2 frame-answer batch 854: 1 item(s)
Checkpoint saved: 864 frame answer item(s)
Running Molmo2 frame-answer batch 855: 1 item(s)
Checkpoint saved: 865 frame answer item(s)
Running Molmo2 frame-answer batch 856: 1 item(s)
Checkpoint saved: 866 frame answer item(s)
Running Molmo2 frame-answer batch 857: 1 item(s)
Checkpoint saved: 867 frame answer item(s)
Running Molmo2 frame-answer batch 858: 1 item(s)
Checkpoint saved: 868 frame answer item(s)
Running Molmo2 frame-answer batch 859: 1 item(s)
Checkpoint saved: 869 frame answer item(s)
Running Molmo2 frame-answer batch 860: 1 item(s)
Checkpoint saved: 870 frame answer item(s)
Running Molmo2 frame-answer batch 861: 1 item(s)
Checkpoint saved: 871 frame answer item(s)
Running Molmo2 frame-answer batch 862: 1 item(s)
Checkpoint saved: 872 frame answer item(s)
Running Molmo2 frame-answer batch 863: 1 item(s)
Checkpoint saved: 873 frame answer item(s)
Running Molmo2 frame-answer batch 864: 1 item(s)
Checkpoint saved: 874 frame answer item(s)
Running Molmo2 frame-answer batch 865: 1 item(s)
Checkpoint saved: 875 frame answer item(s)
Running Molmo2 frame-answer batch 866: 1 item(s)
Checkpoint saved: 876 frame answer item(s)
Running Molmo2 frame-answer batch 867: 1 item(s)
Checkpoint saved: 877 frame answer item(s)
Running Molmo2 frame-answer batch 868: 1 item(s)
Checkpoint saved: 878 frame answer item(s)
Running Molmo2 frame-answer batch 869: 1 item(s)
Checkpoint saved: 879 frame answer item(s)
Running Molmo2 frame-answer batch 870: 1 item(s)
Checkpoint saved: 880 frame answer item(s)
Running Molmo2 frame-answer batch 871: 1 item(s)
Checkpoint saved: 881 frame answer item(s)
Running Molmo2 frame-answer batch 872: 1 item(s)
Checkpoint saved: 882 frame answer item(s)
Running Molmo2 frame-answer batch 873: 1 item(s)
Checkpoint saved: 883 frame answer item(s)
Running Molmo2 frame-answer batch 874: 1 item(s)
Checkpoint saved: 884 frame answer item(s)
Running Molmo2 frame-answer batch 875: 1 item(s)
Checkpoint saved: 885 frame answer item(s)
Running Molmo2 frame-answer batch 876: 1 item(s)
Checkpoint saved: 886 frame answer item(s)
Running Molmo2 frame-answer batch 877: 1 item(s)
Checkpoint saved: 887 frame answer item(s)
Running Molmo2 frame-answer batch 878: 1 item(s)
Checkpoint saved: 888 frame answer item(s)
Running Molmo2 frame-answer batch 879: 1 item(s)
Checkpoint saved: 889 frame answer item(s)
Running Molmo2 frame-answer batch 880: 1 item(s)
Checkpoint saved: 890 frame answer item(s)
Running Molmo2 frame-answer batch 881: 1 item(s)
Checkpoint saved: 891 frame answer item(s)
Running Molmo2 frame-answer batch 882: 1 item(s)
Checkpoint saved: 892 frame answer item(s)
Running Molmo2 frame-answer batch 883: 1 item(s)
Checkpoint saved: 893 frame answer item(s)
Running Molmo2 frame-answer batch 884: 1 item(s)
Checkpoint saved: 894 frame answer item(s)
Running Molmo2 frame-answer batch 885: 1 item(s)
Checkpoint saved: 895 frame answer item(s)
Running Molmo2 frame-answer batch 886: 1 item(s)
Checkpoint saved: 896 frame answer item(s)
Running Molmo2 frame-answer batch 887: 1 item(s)
Checkpoint saved: 897 frame answer item(s)
Running Molmo2 frame-answer batch 888: 1 item(s)
Checkpoint saved: 898 frame answer item(s)
Running Molmo2 frame-answer batch 889: 1 item(s)
Checkpoint saved: 899 frame answer item(s)
Running Molmo2 frame-answer batch 890: 1 item(s)
Checkpoint saved: 900 frame answer item(s)
Running Molmo2 frame-answer batch 891: 1 item(s)
Checkpoint saved: 901 frame answer item(s)
Running Molmo2 frame-answer batch 892: 1 item(s)
Checkpoint saved: 902 frame answer item(s)
Running Molmo2 frame-answer batch 893: 1 item(s)
Checkpoint saved: 903 frame answer item(s)
Running Molmo2 frame-answer batch 894: 1 item(s)
Checkpoint saved: 904 frame answer item(s)
Running Molmo2 frame-answer batch 895: 1 item(s)
Checkpoint saved: 905 frame answer item(s)
Running Molmo2 frame-answer batch 896: 1 item(s)
Checkpoint saved: 906 frame answer item(s)
Running Molmo2 frame-answer batch 897: 1 item(s)
Checkpoint saved: 907 frame answer item(s)
Running Molmo2 frame-answer batch 898: 1 item(s)
Checkpoint saved: 908 frame answer item(s)
Running Molmo2 frame-answer batch 899: 1 item(s)
Checkpoint saved: 909 frame answer item(s)
Running Molmo2 frame-answer batch 900: 1 item(s)
Checkpoint saved: 910 frame answer item(s)
Running Molmo2 frame-answer batch 901: 1 item(s)
Checkpoint saved: 911 frame answer item(s)
Running Molmo2 frame-answer batch 902: 1 item(s)
Checkpoint saved: 912 frame answer item(s)
Running Molmo2 frame-answer batch 903: 1 item(s)
Checkpoint saved: 913 frame answer item(s)
Running Molmo2 frame-answer batch 904: 1 item(s)
Checkpoint saved: 914 frame answer item(s)
Running Molmo2 frame-answer batch 905: 1 item(s)
Checkpoint saved: 915 frame answer item(s)
Running Molmo2 frame-answer batch 906: 1 item(s)
Checkpoint saved: 916 frame answer item(s)
Running Molmo2 frame-answer batch 907: 1 item(s)
Checkpoint saved: 917 frame answer item(s)
Running Molmo2 frame-answer batch 908: 1 item(s)
Checkpoint saved: 918 frame answer item(s)
Running Molmo2 frame-answer batch 909: 1 item(s)
Checkpoint saved: 919 frame answer item(s)
Running Molmo2 frame-answer batch 910: 1 item(s)
Checkpoint saved: 920 frame answer item(s)
Running Molmo2 frame-answer batch 911: 1 item(s)
Checkpoint saved: 921 frame answer item(s)
Running Molmo2 frame-answer batch 912: 1 item(s)
Checkpoint saved: 922 frame answer item(s)
Running Molmo2 frame-answer batch 913: 1 item(s)
Checkpoint saved: 923 frame answer item(s)
Running Molmo2 frame-answer batch 914: 1 item(s)
Checkpoint saved: 924 frame answer item(s)
Running Molmo2 frame-answer batch 915: 1 item(s)
Checkpoint saved: 925 frame answer item(s)
Running Molmo2 frame-answer batch 916: 1 item(s)
Checkpoint saved: 926 frame answer item(s)
Running Molmo2 frame-answer batch 917: 1 item(s)
Checkpoint saved: 927 frame answer item(s)
Running Molmo2 frame-answer batch 918: 1 item(s)
Checkpoint saved: 928 frame answer item(s)
Running Molmo2 frame-answer batch 919: 1 item(s)
Checkpoint saved: 929 frame answer item(s)
Running Molmo2 frame-answer batch 920: 1 item(s)
Checkpoint saved: 930 frame answer item(s)
Running Molmo2 frame-answer batch 921: 1 item(s)
Checkpoint saved: 931 frame answer item(s)
Running Molmo2 frame-answer batch 922: 1 item(s)
Checkpoint saved: 932 frame answer item(s)
Running Molmo2 frame-answer batch 923: 1 item(s)
Checkpoint saved: 933 frame answer item(s)
Running Molmo2 frame-answer batch 924: 1 item(s)
Checkpoint saved: 934 frame answer item(s)
Running Molmo2 frame-answer batch 925: 1 item(s)
Checkpoint saved: 935 frame answer item(s)
Running Molmo2 frame-answer batch 926: 1 item(s)
Checkpoint saved: 936 frame answer item(s)
Running Molmo2 frame-answer batch 927: 1 item(s)
Checkpoint saved: 937 frame answer item(s)
Running Molmo2 frame-answer batch 928: 1 item(s)
Checkpoint saved: 938 frame answer item(s)
Running Molmo2 frame-answer batch 929: 1 item(s)
Checkpoint saved: 939 frame answer item(s)
Running Molmo2 frame-answer batch 930: 1 item(s)
Checkpoint saved: 940 frame answer item(s)
Running Molmo2 frame-answer batch 931: 1 item(s)
Checkpoint saved: 941 frame answer item(s)
Running Molmo2 frame-answer batch 932: 1 item(s)
Checkpoint saved: 942 frame answer item(s)
Running Molmo2 frame-answer batch 933: 1 item(s)
Checkpoint saved: 943 frame answer item(s)
Running Molmo2 frame-answer batch 934: 1 item(s)
Checkpoint saved: 944 frame answer item(s)
Running Molmo2 frame-answer batch 935: 1 item(s)
Checkpoint saved: 945 frame answer item(s)
Running Molmo2 frame-answer batch 936: 1 item(s)
Checkpoint saved: 946 frame answer item(s)
Running Molmo2 frame-answer batch 937: 1 item(s)
Checkpoint saved: 947 frame answer item(s)
Running Molmo2 frame-answer batch 938: 1 item(s)
Checkpoint saved: 948 frame answer item(s)
Running Molmo2 frame-answer batch 939: 1 item(s)
Checkpoint saved: 949 frame answer item(s)
Running Molmo2 frame-answer batch 940: 1 item(s)
Checkpoint saved: 950 frame answer item(s)
Running Molmo2 frame-answer batch 941: 1 item(s)
Checkpoint saved: 951 frame answer item(s)
Running Molmo2 frame-answer batch 942: 1 item(s)
Checkpoint saved: 952 frame answer item(s)
Running Molmo2 frame-answer batch 943: 1 item(s)
Checkpoint saved: 953 frame answer item(s)
Running Molmo2 frame-answer batch 944: 1 item(s)
Checkpoint saved: 954 frame answer item(s)
Running Molmo2 frame-answer batch 945: 1 item(s)
Checkpoint saved: 955 frame answer item(s)
Running Molmo2 frame-answer batch 946: 1 item(s)
Checkpoint saved: 956 frame answer item(s)
Running Molmo2 frame-answer batch 947: 1 item(s)
Checkpoint saved: 957 frame answer item(s)
Running Molmo2 frame-answer batch 948: 1 item(s)
Checkpoint saved: 958 frame answer item(s)
Running Molmo2 frame-answer batch 949: 1 item(s)
Checkpoint saved: 959 frame answer item(s)
Running Molmo2 frame-answer batch 950: 1 item(s)
Checkpoint saved: 960 frame answer item(s)
Running Molmo2 frame-answer batch 951: 1 item(s)
Checkpoint saved: 961 frame answer item(s)
Running Molmo2 frame-answer batch 952: 1 item(s)
Checkpoint saved: 962 frame answer item(s)
Running Molmo2 frame-answer batch 953: 1 item(s)
Checkpoint saved: 963 frame answer item(s)
Running Molmo2 frame-answer batch 954: 1 item(s)
Checkpoint saved: 964 frame answer item(s)
Running Molmo2 frame-answer batch 955: 1 item(s)
Checkpoint saved: 965 frame answer item(s)
Running Molmo2 frame-answer batch 956: 1 item(s)
Checkpoint saved: 966 frame answer item(s)
Running Molmo2 frame-answer batch 957: 1 item(s)
Checkpoint saved: 967 frame answer item(s)
Running Molmo2 frame-answer batch 958: 1 item(s)
Checkpoint saved: 968 frame answer item(s)
Running Molmo2 frame-answer batch 959: 1 item(s)
Checkpoint saved: 969 frame answer item(s)
Running Molmo2 frame-answer batch 960: 1 item(s)
Checkpoint saved: 970 frame answer item(s)
Running Molmo2 frame-answer batch 961: 1 item(s)
Checkpoint saved: 971 frame answer item(s)
Running Molmo2 frame-answer batch 962: 1 item(s)
Checkpoint saved: 972 frame answer item(s)
Running Molmo2 frame-answer batch 963: 1 item(s)
Checkpoint saved: 973 frame answer item(s)
Running Molmo2 frame-answer batch 964: 1 item(s)
Checkpoint saved: 974 frame answer item(s)
Running Molmo2 frame-answer batch 965: 1 item(s)
Checkpoint saved: 975 frame answer item(s)
Running Molmo2 frame-answer batch 966: 1 item(s)
Checkpoint saved: 976 frame answer item(s)
Running Molmo2 frame-answer batch 967: 1 item(s)
Checkpoint saved: 977 frame answer item(s)
Running Molmo2 frame-answer batch 968: 1 item(s)
Checkpoint saved: 978 frame answer item(s)
Running Molmo2 frame-answer batch 969: 1 item(s)
Checkpoint saved: 979 frame answer item(s)
Running Molmo2 frame-answer batch 970: 1 item(s)
Checkpoint saved: 980 frame answer item(s)
Running Molmo2 frame-answer batch 971: 1 item(s)
Checkpoint saved: 981 frame answer item(s)
Running Molmo2 frame-answer batch 972: 1 item(s)
Checkpoint saved: 982 frame answer item(s)
Running Molmo2 frame-answer batch 973: 1 item(s)
Checkpoint saved: 983 frame answer item(s)
Running Molmo2 frame-answer batch 974: 1 item(s)
Checkpoint saved: 984 frame answer item(s)
Running Molmo2 frame-answer batch 975: 1 item(s)
Checkpoint saved: 985 frame answer item(s)
Running Molmo2 frame-answer batch 976: 1 item(s)
Checkpoint saved: 986 frame answer item(s)
Running Molmo2 frame-answer batch 977: 1 item(s)
Checkpoint saved: 987 frame answer item(s)
Running Molmo2 frame-answer batch 978: 1 item(s)
Checkpoint saved: 988 frame answer item(s)
Running Molmo2 frame-answer batch 979: 1 item(s)
Checkpoint saved: 989 frame answer item(s)
Running Molmo2 frame-answer batch 980: 1 item(s)
Checkpoint saved: 990 frame answer item(s)
Running Molmo2 frame-answer batch 981: 1 item(s)
Checkpoint saved: 991 frame answer item(s)
Running Molmo2 frame-answer batch 982: 1 item(s)
Checkpoint saved: 992 frame answer item(s)
Running Molmo2 frame-answer batch 983: 1 item(s)
Checkpoint saved: 993 frame answer item(s)
Running Molmo2 frame-answer batch 984: 1 item(s)
Checkpoint saved: 994 frame answer item(s)
Running Molmo2 frame-answer batch 985: 1 item(s)
Checkpoint saved: 995 frame answer item(s)
Running Molmo2 frame-answer batch 986: 1 item(s)
Checkpoint saved: 996 frame answer item(s)
Running Molmo2 frame-answer batch 987: 1 item(s)
Checkpoint saved: 997 frame answer item(s)
Running Molmo2 frame-answer batch 988: 1 item(s)
Checkpoint saved: 998 frame answer item(s)
Running Molmo2 frame-answer batch 989: 1 item(s)
Checkpoint saved: 999 frame answer item(s)
Running Molmo2 frame-answer batch 990: 1 item(s)
Checkpoint saved: 1000 frame answer item(s)
Running Molmo2 frame-answer batch 991: 1 item(s)
Checkpoint saved: 1001 frame answer item(s)
Running Molmo2 frame-answer batch 992: 1 item(s)
Checkpoint saved: 1002 frame answer item(s)
Running Molmo2 frame-answer batch 993: 1 item(s)
Checkpoint saved: 1003 frame answer item(s)
Running Molmo2 frame-answer batch 994: 1 item(s)
Checkpoint saved: 1004 frame answer item(s)
Running Molmo2 frame-answer batch 995: 1 item(s)
Checkpoint saved: 1005 frame answer item(s)
Running Molmo2 frame-answer batch 996: 1 item(s)
Checkpoint saved: 1006 frame answer item(s)
Running Molmo2 frame-answer batch 997: 1 item(s)
Checkpoint saved: 1007 frame answer item(s)
Running Molmo2 frame-answer batch 998: 1 item(s)
Checkpoint saved: 1008 frame answer item(s)
Running Molmo2 frame-answer batch 999: 1 item(s)
Checkpoint saved: 1009 frame answer item(s)
Running Molmo2 frame-answer batch 1000: 1 item(s)
Checkpoint saved: 1010 frame answer item(s)
Running Molmo2 frame-answer batch 1001: 1 item(s)
Checkpoint saved: 1011 frame answer item(s)
Running Molmo2 frame-answer batch 1002: 1 item(s)
Checkpoint saved: 1012 frame answer item(s)
Running Molmo2 frame-answer batch 1003: 1 item(s)
Checkpoint saved: 1013 frame answer item(s)
Running Molmo2 frame-answer batch 1004: 1 item(s)
Checkpoint saved: 1014 frame answer item(s)
Running Molmo2 frame-answer batch 1005: 1 item(s)
Checkpoint saved: 1015 frame answer item(s)
Running Molmo2 frame-answer batch 1006: 1 item(s)
Checkpoint saved: 1016 frame answer item(s)
Running Molmo2 frame-answer batch 1007: 1 item(s)
Checkpoint saved: 1017 frame answer item(s)
Running Molmo2 frame-answer batch 1008: 1 item(s)
Checkpoint saved: 1018 frame answer item(s)
Running Molmo2 frame-answer batch 1009: 1 item(s)
Checkpoint saved: 1019 frame answer item(s)
Running Molmo2 frame-answer batch 1010: 1 item(s)
Checkpoint saved: 1020 frame answer item(s)
Running Molmo2 frame-answer batch 1011: 1 item(s)
Checkpoint saved: 1021 frame answer item(s)
Running Molmo2 frame-answer batch 1012: 1 item(s)
Checkpoint saved: 1022 frame answer item(s)
Running Molmo2 frame-answer batch 1013: 1 item(s)
Checkpoint saved: 1023 frame answer item(s)
Running Molmo2 frame-answer batch 1014: 1 item(s)
Checkpoint saved: 1024 frame answer item(s)
Running Molmo2 frame-answer batch 1015: 1 item(s)
Checkpoint saved: 1025 frame answer item(s)
Running Molmo2 frame-answer batch 1016: 1 item(s)
Checkpoint saved: 1026 frame answer item(s)
Running Molmo2 frame-answer batch 1017: 1 item(s)
Checkpoint saved: 1027 frame answer item(s)
Running Molmo2 frame-answer batch 1018: 1 item(s)
Checkpoint saved: 1028 frame answer item(s)
Running Molmo2 frame-answer batch 1019: 1 item(s)
Checkpoint saved: 1029 frame answer item(s)
Running Molmo2 frame-answer batch 1020: 1 item(s)
Checkpoint saved: 1030 frame answer item(s)
Running Molmo2 frame-answer batch 1021: 1 item(s)
Checkpoint saved: 1031 frame answer item(s)
Running Molmo2 frame-answer batch 1022: 1 item(s)
Checkpoint saved: 1032 frame answer item(s)
Running Molmo2 frame-answer batch 1023: 1 item(s)
Checkpoint saved: 1033 frame answer item(s)
Running Molmo2 frame-answer batch 1024: 1 item(s)
Checkpoint saved: 1034 frame answer item(s)
Running Molmo2 frame-answer batch 1025: 1 item(s)
Checkpoint saved: 1035 frame answer item(s)
Running Molmo2 frame-answer batch 1026: 1 item(s)
Checkpoint saved: 1036 frame answer item(s)
Running Molmo2 frame-answer batch 1027: 1 item(s)
Checkpoint saved: 1037 frame answer item(s)
Running Molmo2 frame-answer batch 1028: 1 item(s)
Checkpoint saved: 1038 frame answer item(s)
Running Molmo2 frame-answer batch 1029: 1 item(s)
Checkpoint saved: 1039 frame answer item(s)
Running Molmo2 frame-answer batch 1030: 1 item(s)
Checkpoint saved: 1040 frame answer item(s)
Running Molmo2 frame-answer batch 1031: 1 item(s)
Checkpoint saved: 1041 frame answer item(s)
Running Molmo2 frame-answer batch 1032: 1 item(s)
Checkpoint saved: 1042 frame answer item(s)
Running Molmo2 frame-answer batch 1033: 1 item(s)
Checkpoint saved: 1043 frame answer item(s)
Running Molmo2 frame-answer batch 1034: 1 item(s)
Checkpoint saved: 1044 frame answer item(s)
Running Molmo2 frame-answer batch 1035: 1 item(s)
Checkpoint saved: 1045 frame answer item(s)
Running Molmo2 frame-answer batch 1036: 1 item(s)
Checkpoint saved: 1046 frame answer item(s)
Running Molmo2 frame-answer batch 1037: 1 item(s)
Checkpoint saved: 1047 frame answer item(s)
Running Molmo2 frame-answer batch 1038: 1 item(s)
Checkpoint saved: 1048 frame answer item(s)
Running Molmo2 frame-answer batch 1039: 1 item(s)
Checkpoint saved: 1049 frame answer item(s)
Running Molmo2 frame-answer batch 1040: 1 item(s)
Checkpoint saved: 1050 frame answer item(s)
Running Molmo2 frame-answer batch 1041: 1 item(s)
Checkpoint saved: 1051 frame answer item(s)
Running Molmo2 frame-answer batch 1042: 1 item(s)
Checkpoint saved: 1052 frame answer item(s)
Running Molmo2 frame-answer batch 1043: 1 item(s)
Checkpoint saved: 1053 frame answer item(s)
Running Molmo2 frame-answer batch 1044: 1 item(s)
Checkpoint saved: 1054 frame answer item(s)
Running Molmo2 frame-answer batch 1045: 1 item(s)
Checkpoint saved: 1055 frame answer item(s)
Running Molmo2 frame-answer batch 1046: 1 item(s)
Checkpoint saved: 1056 frame answer item(s)
Running Molmo2 frame-answer batch 1047: 1 item(s)
Checkpoint saved: 1057 frame answer item(s)
Running Molmo2 frame-answer batch 1048: 1 item(s)
Checkpoint saved: 1058 frame answer item(s)
Running Molmo2 frame-answer batch 1049: 1 item(s)
Checkpoint saved: 1059 frame answer item(s)
Running Molmo2 frame-answer batch 1050: 1 item(s)
Checkpoint saved: 1060 frame answer item(s)
Running Molmo2 frame-answer batch 1051: 1 item(s)
Checkpoint saved: 1061 frame answer item(s)
Running Molmo2 frame-answer batch 1052: 1 item(s)
Checkpoint saved: 1062 frame answer item(s)
Running Molmo2 frame-answer batch 1053: 1 item(s)
Checkpoint saved: 1063 frame answer item(s)
Running Molmo2 frame-answer batch 1054: 1 item(s)
Checkpoint saved: 1064 frame answer item(s)
Running Molmo2 frame-answer batch 1055: 1 item(s)
Checkpoint saved: 1065 frame answer item(s)
Running Molmo2 frame-answer batch 1056: 1 item(s)
Checkpoint saved: 1066 frame answer item(s)
Running Molmo2 frame-answer batch 1057: 1 item(s)
Checkpoint saved: 1067 frame answer item(s)
Running Molmo2 frame-answer batch 1058: 1 item(s)
Checkpoint saved: 1068 frame answer item(s)
Running Molmo2 frame-answer batch 1059: 1 item(s)
Checkpoint saved: 1069 frame answer item(s)
Running Molmo2 frame-answer batch 1060: 1 item(s)
Checkpoint saved: 1070 frame answer item(s)
Running Molmo2 frame-answer batch 1061: 1 item(s)
Checkpoint saved: 1071 frame answer item(s)
Running Molmo2 frame-answer batch 1062: 1 item(s)
Checkpoint saved: 1072 frame answer item(s)
Running Molmo2 frame-answer batch 1063: 1 item(s)
Checkpoint saved: 1073 frame answer item(s)
Running Molmo2 frame-answer batch 1064: 1 item(s)
Checkpoint saved: 1074 frame answer item(s)
Running Molmo2 frame-answer batch 1065: 1 item(s)
Checkpoint saved: 1075 frame answer item(s)
Running Molmo2 frame-answer batch 1066: 1 item(s)
Checkpoint saved: 1076 frame answer item(s)
Running Molmo2 frame-answer batch 1067: 1 item(s)
Checkpoint saved: 1077 frame answer item(s)
Running Molmo2 frame-answer batch 1068: 1 item(s)
Checkpoint saved: 1078 frame answer item(s)
Running Molmo2 frame-answer batch 1069: 1 item(s)
Checkpoint saved: 1079 frame answer item(s)
Running Molmo2 frame-answer batch 1070: 1 item(s)
Checkpoint saved: 1080 frame answer item(s)
Running Molmo2 frame-answer batch 1071: 1 item(s)
Checkpoint saved: 1081 frame answer item(s)
Running Molmo2 frame-answer batch 1072: 1 item(s)
Checkpoint saved: 1082 frame answer item(s)
Running Molmo2 frame-answer batch 1073: 1 item(s)
Checkpoint saved: 1083 frame answer item(s)
Running Molmo2 frame-answer batch 1074: 1 item(s)
Checkpoint saved: 1084 frame answer item(s)
Running Molmo2 frame-answer batch 1075: 1 item(s)
Checkpoint saved: 1085 frame answer item(s)
Running Molmo2 frame-answer batch 1076: 1 item(s)
Checkpoint saved: 1086 frame answer item(s)
Running Molmo2 frame-answer batch 1077: 1 item(s)
Checkpoint saved: 1087 frame answer item(s)
Running Molmo2 frame-answer batch 1078: 1 item(s)
Checkpoint saved: 1088 frame answer item(s)
Running Molmo2 frame-answer batch 1079: 1 item(s)
Checkpoint saved: 1089 frame answer item(s)
Running Molmo2 frame-answer batch 1080: 1 item(s)
Checkpoint saved: 1090 frame answer item(s)
Running Molmo2 frame-answer batch 1081: 1 item(s)
Checkpoint saved: 1091 frame answer item(s)
Running Molmo2 frame-answer batch 1082: 1 item(s)
Checkpoint saved: 1092 frame answer item(s)
Running Molmo2 frame-answer batch 1083: 1 item(s)
Checkpoint saved: 1093 frame answer item(s)
Running Molmo2 frame-answer batch 1084: 1 item(s)
Checkpoint saved: 1094 frame answer item(s)
Running Molmo2 frame-answer batch 1085: 1 item(s)
Checkpoint saved: 1095 frame answer item(s)
Running Molmo2 frame-answer batch 1086: 1 item(s)
Checkpoint saved: 1096 frame answer item(s)
Running Molmo2 frame-answer batch 1087: 1 item(s)
Checkpoint saved: 1097 frame answer item(s)
Running Molmo2 frame-answer batch 1088: 1 item(s)
Checkpoint saved: 1098 frame answer item(s)
Running Molmo2 frame-answer batch 1089: 1 item(s)
Checkpoint saved: 1099 frame answer item(s)
Running Molmo2 frame-answer batch 1090: 1 item(s)
Checkpoint saved: 1100 frame answer item(s)
Running Molmo2 frame-answer batch 1091: 1 item(s)
Checkpoint saved: 1101 frame answer item(s)
Running Molmo2 frame-answer batch 1092: 1 item(s)
Checkpoint saved: 1102 frame answer item(s)
Running Molmo2 frame-answer batch 1093: 1 item(s)
Checkpoint saved: 1103 frame answer item(s)
Running Molmo2 frame-answer batch 1094: 1 item(s)
Checkpoint saved: 1104 frame answer item(s)
Running Molmo2 frame-answer batch 1095: 1 item(s)
Checkpoint saved: 1105 frame answer item(s)
Running Molmo2 frame-answer batch 1096: 1 item(s)
Checkpoint saved: 1106 frame answer item(s)
Running Molmo2 frame-answer batch 1097: 1 item(s)
Checkpoint saved: 1107 frame answer item(s)
Running Molmo2 frame-answer batch 1098: 1 item(s)
Checkpoint saved: 1108 frame answer item(s)
Running Molmo2 frame-answer batch 1099: 1 item(s)
Checkpoint saved: 1109 frame answer item(s)
Running Molmo2 frame-answer batch 1100: 1 item(s)
Checkpoint saved: 1110 frame answer item(s)
Running Molmo2 frame-answer batch 1101: 1 item(s)
Checkpoint saved: 1111 frame answer item(s)
Running Molmo2 frame-answer batch 1102: 1 item(s)
Checkpoint saved: 1112 frame answer item(s)
Running Molmo2 frame-answer batch 1103: 1 item(s)
Checkpoint saved: 1113 frame answer item(s)
Running Molmo2 frame-answer batch 1104: 1 item(s)
Checkpoint saved: 1114 frame answer item(s)
Running Molmo2 frame-answer batch 1105: 1 item(s)
Checkpoint saved: 1115 frame answer item(s)
Running Molmo2 frame-answer batch 1106: 1 item(s)
Checkpoint saved: 1116 frame answer item(s)
Running Molmo2 frame-answer batch 1107: 1 item(s)
Checkpoint saved: 1117 frame answer item(s)
Running Molmo2 frame-answer batch 1108: 1 item(s)
Checkpoint saved: 1118 frame answer item(s)
Running Molmo2 frame-answer batch 1109: 1 item(s)
Checkpoint saved: 1119 frame answer item(s)
Running Molmo2 frame-answer batch 1110: 1 item(s)
Checkpoint saved: 1120 frame answer item(s)
Running Molmo2 frame-answer batch 1111: 1 item(s)
Checkpoint saved: 1121 frame answer item(s)
Running Molmo2 frame-answer batch 1112: 1 item(s)
Checkpoint saved: 1122 frame answer item(s)
Running Molmo2 frame-answer batch 1113: 1 item(s)
Checkpoint saved: 1123 frame answer item(s)
Running Molmo2 frame-answer batch 1114: 1 item(s)
Checkpoint saved: 1124 frame answer item(s)
Running Molmo2 frame-answer batch 1115: 1 item(s)
Checkpoint saved: 1125 frame answer item(s)
Running Molmo2 frame-answer batch 1116: 1 item(s)
Checkpoint saved: 1126 frame answer item(s)
Running Molmo2 frame-answer batch 1117: 1 item(s)
Checkpoint saved: 1127 frame answer item(s)
Running Molmo2 frame-answer batch 1118: 1 item(s)
Checkpoint saved: 1128 frame answer item(s)
Running Molmo2 frame-answer batch 1119: 1 item(s)
Checkpoint saved: 1129 frame answer item(s)
Running Molmo2 frame-answer batch 1120: 1 item(s)
Checkpoint saved: 1130 frame answer item(s)
Running Molmo2 frame-answer batch 1121: 1 item(s)
Checkpoint saved: 1131 frame answer item(s)
Running Molmo2 frame-answer batch 1122: 1 item(s)
Checkpoint saved: 1132 frame answer item(s)
Running Molmo2 frame-answer batch 1123: 1 item(s)
Checkpoint saved: 1133 frame answer item(s)
Running Molmo2 frame-answer batch 1124: 1 item(s)
Checkpoint saved: 1134 frame answer item(s)
Running Molmo2 frame-answer batch 1125: 1 item(s)
Checkpoint saved: 1135 frame answer item(s)
Running Molmo2 frame-answer batch 1126: 1 item(s)
Checkpoint saved: 1136 frame answer item(s)
Running Molmo2 frame-answer batch 1127: 1 item(s)
Checkpoint saved: 1137 frame answer item(s)
Running Molmo2 frame-answer batch 1128: 1 item(s)
Checkpoint saved: 1138 frame answer item(s)
Running Molmo2 frame-answer batch 1129: 1 item(s)
Checkpoint saved: 1139 frame answer item(s)
Running Molmo2 frame-answer batch 1130: 1 item(s)
Checkpoint saved: 1140 frame answer item(s)
Running Molmo2 frame-answer batch 1131: 1 item(s)
Checkpoint saved: 1141 frame answer item(s)
Running Molmo2 frame-answer batch 1132: 1 item(s)
Checkpoint saved: 1142 frame answer item(s)
Running Molmo2 frame-answer batch 1133: 1 item(s)
Checkpoint saved: 1143 frame answer item(s)
Running Molmo2 frame-answer batch 1134: 1 item(s)
Checkpoint saved: 1144 frame answer item(s)
Running Molmo2 frame-answer batch 1135: 1 item(s)
Checkpoint saved: 1145 frame answer item(s)
Running Molmo2 frame-answer batch 1136: 1 item(s)
Checkpoint saved: 1146 frame answer item(s)
Running Molmo2 frame-answer batch 1137: 1 item(s)
Checkpoint saved: 1147 frame answer item(s)
Running Molmo2 frame-answer batch 1138: 1 item(s)
Checkpoint saved: 1148 frame answer item(s)
Running Molmo2 frame-answer batch 1139: 1 item(s)
Checkpoint saved: 1149 frame answer item(s)
Running Molmo2 frame-answer batch 1140: 1 item(s)
Checkpoint saved: 1150 frame answer item(s)
Running Molmo2 frame-answer batch 1141: 1 item(s)
Checkpoint saved: 1151 frame answer item(s)
Running Molmo2 frame-answer batch 1142: 1 item(s)
Checkpoint saved: 1152 frame answer item(s)
Running Molmo2 frame-answer batch 1143: 1 item(s)
Checkpoint saved: 1153 frame answer item(s)
Running Molmo2 frame-answer batch 1144: 1 item(s)
Checkpoint saved: 1154 frame answer item(s)
Running Molmo2 frame-answer batch 1145: 1 item(s)
Checkpoint saved: 1155 frame answer item(s)
Running Molmo2 frame-answer batch 1146: 1 item(s)
Checkpoint saved: 1156 frame answer item(s)
Running Molmo2 frame-answer batch 1147: 1 item(s)
Checkpoint saved: 1157 frame answer item(s)
Running Molmo2 frame-answer batch 1148: 1 item(s)
Checkpoint saved: 1158 frame answer item(s)
Running Molmo2 frame-answer batch 1149: 1 item(s)
Checkpoint saved: 1159 frame answer item(s)
Running Molmo2 frame-answer batch 1150: 1 item(s)
Checkpoint saved: 1160 frame answer item(s)
Running Molmo2 frame-answer batch 1151: 1 item(s)
Checkpoint saved: 1161 frame answer item(s)
Running Molmo2 frame-answer batch 1152: 1 item(s)
Checkpoint saved: 1162 frame answer item(s)
Running Molmo2 frame-answer batch 1153: 1 item(s)
Checkpoint saved: 1163 frame answer item(s)
Running Molmo2 frame-answer batch 1154: 1 item(s)
Checkpoint saved: 1164 frame answer item(s)
Running Molmo2 frame-answer batch 1155: 1 item(s)
Checkpoint saved: 1165 frame answer item(s)
Running Molmo2 frame-answer batch 1156: 1 item(s)
Checkpoint saved: 1166 frame answer item(s)
Running Molmo2 frame-answer batch 1157: 1 item(s)
Checkpoint saved: 1167 frame answer item(s)
Running Molmo2 frame-answer batch 1158: 1 item(s)
Checkpoint saved: 1168 frame answer item(s)
Running Molmo2 frame-answer batch 1159: 1 item(s)
Checkpoint saved: 1169 frame answer item(s)
Running Molmo2 frame-answer batch 1160: 1 item(s)
Checkpoint saved: 1170 frame answer item(s)
Running Molmo2 frame-answer batch 1161: 1 item(s)
Checkpoint saved: 1171 frame answer item(s)
Running Molmo2 frame-answer batch 1162: 1 item(s)
Checkpoint saved: 1172 frame answer item(s)
Running Molmo2 frame-answer batch 1163: 1 item(s)
Checkpoint saved: 1173 frame answer item(s)
Running Molmo2 frame-answer batch 1164: 1 item(s)
Checkpoint saved: 1174 frame answer item(s)
Running Molmo2 frame-answer batch 1165: 1 item(s)
Checkpoint saved: 1175 frame answer item(s)
Running Molmo2 frame-answer batch 1166: 1 item(s)
Checkpoint saved: 1176 frame answer item(s)
Running Molmo2 frame-answer batch 1167: 1 item(s)
Checkpoint saved: 1177 frame answer item(s)
Running Molmo2 frame-answer batch 1168: 1 item(s)
Checkpoint saved: 1178 frame answer item(s)
Running Molmo2 frame-answer batch 1169: 1 item(s)
Checkpoint saved: 1179 frame answer item(s)
Running Molmo2 frame-answer batch 1170: 1 item(s)
Checkpoint saved: 1180 frame answer item(s)
Running Molmo2 frame-answer batch 1171: 1 item(s)
Checkpoint saved: 1181 frame answer item(s)
Running Molmo2 frame-answer batch 1172: 1 item(s)
Checkpoint saved: 1182 frame answer item(s)
Running Molmo2 frame-answer batch 1173: 1 item(s)
Checkpoint saved: 1183 frame answer item(s)
Running Molmo2 frame-answer batch 1174: 1 item(s)
Checkpoint saved: 1184 frame answer item(s)
Running Molmo2 frame-answer batch 1175: 1 item(s)
Checkpoint saved: 1185 frame answer item(s)
Running Molmo2 frame-answer batch 1176: 1 item(s)
Checkpoint saved: 1186 frame answer item(s)
Running Molmo2 frame-answer batch 1177: 1 item(s)
Checkpoint saved: 1187 frame answer item(s)
Running Molmo2 frame-answer batch 1178: 1 item(s)
Checkpoint saved: 1188 frame answer item(s)
Running Molmo2 frame-answer batch 1179: 1 item(s)
Checkpoint saved: 1189 frame answer item(s)
Running Molmo2 frame-answer batch 1180: 1 item(s)
Checkpoint saved: 1190 frame answer item(s)
Running Molmo2 frame-answer batch 1181: 1 item(s)
Checkpoint saved: 1191 frame answer item(s)
Running Molmo2 frame-answer batch 1182: 1 item(s)
Checkpoint saved: 1192 frame answer item(s)
Running Molmo2 frame-answer batch 1183: 1 item(s)
Checkpoint saved: 1193 frame answer item(s)
Running Molmo2 frame-answer batch 1184: 1 item(s)
Checkpoint saved: 1194 frame answer item(s)
Running Molmo2 frame-answer batch 1185: 1 item(s)
Checkpoint saved: 1195 frame answer item(s)
Running Molmo2 frame-answer batch 1186: 1 item(s)
Checkpoint saved: 1196 frame answer item(s)
Running Molmo2 frame-answer batch 1187: 1 item(s)
Checkpoint saved: 1197 frame answer item(s)
Running Molmo2 frame-answer batch 1188: 1 item(s)
Checkpoint saved: 1198 frame answer item(s)
Running Molmo2 frame-answer batch 1189: 1 item(s)
Checkpoint saved: 1199 frame answer item(s)
Running Molmo2 frame-answer batch 1190: 1 item(s)
Checkpoint saved: 1200 frame answer item(s)
Running Molmo2 frame-answer batch 1191: 1 item(s)
Checkpoint saved: 1201 frame answer item(s)
Running Molmo2 frame-answer batch 1192: 1 item(s)
Checkpoint saved: 1202 frame answer item(s)
Running Molmo2 frame-answer batch 1193: 1 item(s)
Checkpoint saved: 1203 frame answer item(s)
Running Molmo2 frame-answer batch 1194: 1 item(s)
Checkpoint saved: 1204 frame answer item(s)
Running Molmo2 frame-answer batch 1195: 1 item(s)
Checkpoint saved: 1205 frame answer item(s)
Running Molmo2 frame-answer batch 1196: 1 item(s)
Checkpoint saved: 1206 frame answer item(s)
Running Molmo2 frame-answer batch 1197: 1 item(s)
Checkpoint saved: 1207 frame answer item(s)
Running Molmo2 frame-answer batch 1198: 1 item(s)
Checkpoint saved: 1208 frame answer item(s)
Running Molmo2 frame-answer batch 1199: 1 item(s)
Checkpoint saved: 1209 frame answer item(s)
Running Molmo2 frame-answer batch 1200: 1 item(s)
Checkpoint saved: 1210 frame answer item(s)
Running Molmo2 frame-answer batch 1201: 1 item(s)
Checkpoint saved: 1211 frame answer item(s)
Running Molmo2 frame-answer batch 1202: 1 item(s)
Checkpoint saved: 1212 frame answer item(s)
Running Molmo2 frame-answer batch 1203: 1 item(s)
Checkpoint saved: 1213 frame answer item(s)
Running Molmo2 frame-answer batch 1204: 1 item(s)
Checkpoint saved: 1214 frame answer item(s)
Running Molmo2 frame-answer batch 1205: 1 item(s)
Checkpoint saved: 1215 frame answer item(s)
Running Molmo2 frame-answer batch 1206: 1 item(s)
Checkpoint saved: 1216 frame answer item(s)
Running Molmo2 frame-answer batch 1207: 1 item(s)
Checkpoint saved: 1217 frame answer item(s)
Running Molmo2 frame-answer batch 1208: 1 item(s)
Checkpoint saved: 1218 frame answer item(s)
Running Molmo2 frame-answer batch 1209: 1 item(s)
Checkpoint saved: 1219 frame answer item(s)
Running Molmo2 frame-answer batch 1210: 1 item(s)
Checkpoint saved: 1220 frame answer item(s)
Running Molmo2 frame-answer batch 1211: 1 item(s)
Checkpoint saved: 1221 frame answer item(s)
Running Molmo2 frame-answer batch 1212: 1 item(s)
Checkpoint saved: 1222 frame answer item(s)
Running Molmo2 frame-answer batch 1213: 1 item(s)
Checkpoint saved: 1223 frame answer item(s)
Running Molmo2 frame-answer batch 1214: 1 item(s)
Checkpoint saved: 1224 frame answer item(s)
Running Molmo2 frame-answer batch 1215: 1 item(s)
Checkpoint saved: 1225 frame answer item(s)
Running Molmo2 frame-answer batch 1216: 1 item(s)
Checkpoint saved: 1226 frame answer item(s)
Running Molmo2 frame-answer batch 1217: 1 item(s)
Checkpoint saved: 1227 frame answer item(s)
Running Molmo2 frame-answer batch 1218: 1 item(s)
Checkpoint saved: 1228 frame answer item(s)
Running Molmo2 frame-answer batch 1219: 1 item(s)
Checkpoint saved: 1229 frame answer item(s)
Running Molmo2 frame-answer batch 1220: 1 item(s)
Checkpoint saved: 1230 frame answer item(s)
Running Molmo2 frame-answer batch 1221: 1 item(s)
Checkpoint saved: 1231 frame answer item(s)
Running Molmo2 frame-answer batch 1222: 1 item(s)
Checkpoint saved: 1232 frame answer item(s)
Running Molmo2 frame-answer batch 1223: 1 item(s)
Checkpoint saved: 1233 frame answer item(s)
Running Molmo2 frame-answer batch 1224: 1 item(s)
Checkpoint saved: 1234 frame answer item(s)
Running Molmo2 frame-answer batch 1225: 1 item(s)
Checkpoint saved: 1235 frame answer item(s)
Running Molmo2 frame-answer batch 1226: 1 item(s)
Checkpoint saved: 1236 frame answer item(s)
Running Molmo2 frame-answer batch 1227: 1 item(s)
Checkpoint saved: 1237 frame answer item(s)
Running Molmo2 frame-answer batch 1228: 1 item(s)
Checkpoint saved: 1238 frame answer item(s)
Running Molmo2 frame-answer batch 1229: 1 item(s)
Checkpoint saved: 1239 frame answer item(s)
Running Molmo2 frame-answer batch 1230: 1 item(s)
Checkpoint saved: 1240 frame answer item(s)
Running Molmo2 frame-answer batch 1231: 1 item(s)
Checkpoint saved: 1241 frame answer item(s)
Running Molmo2 frame-answer batch 1232: 1 item(s)
Checkpoint saved: 1242 frame answer item(s)
Running Molmo2 frame-answer batch 1233: 1 item(s)
Checkpoint saved: 1243 frame answer item(s)
Running Molmo2 frame-answer batch 1234: 1 item(s)
Checkpoint saved: 1244 frame answer item(s)
Running Molmo2 frame-answer batch 1235: 1 item(s)
Checkpoint saved: 1245 frame answer item(s)
Running Molmo2 frame-answer batch 1236: 1 item(s)
Checkpoint saved: 1246 frame answer item(s)
Running Molmo2 frame-answer batch 1237: 1 item(s)
Checkpoint saved: 1247 frame answer item(s)
Running Molmo2 frame-answer batch 1238: 1 item(s)
Checkpoint saved: 1248 frame answer item(s)
Running Molmo2 frame-answer batch 1239: 1 item(s)
Checkpoint saved: 1249 frame answer item(s)
Running Molmo2 frame-answer batch 1240: 1 item(s)
Checkpoint saved: 1250 frame answer item(s)
Running Molmo2 frame-answer batch 1241: 1 item(s)
Checkpoint saved: 1251 frame answer item(s)
Running Molmo2 frame-answer batch 1242: 1 item(s)
Checkpoint saved: 1252 frame answer item(s)
Running Molmo2 frame-answer batch 1243: 1 item(s)
Checkpoint saved: 1253 frame answer item(s)
Running Molmo2 frame-answer batch 1244: 1 item(s)
Checkpoint saved: 1254 frame answer item(s)
Running Molmo2 frame-answer batch 1245: 1 item(s)
Checkpoint saved: 1255 frame answer item(s)
Running Molmo2 frame-answer batch 1246: 1 item(s)
Checkpoint saved: 1256 frame answer item(s)
Running Molmo2 frame-answer batch 1247: 1 item(s)
Checkpoint saved: 1257 frame answer item(s)
Running Molmo2 frame-answer batch 1248: 1 item(s)
Checkpoint saved: 1258 frame answer item(s)
Running Molmo2 frame-answer batch 1249: 1 item(s)
Checkpoint saved: 1259 frame answer item(s)
Running Molmo2 frame-answer batch 1250: 1 item(s)
Checkpoint saved: 1260 frame answer item(s)
Running Molmo2 frame-answer batch 1251: 1 item(s)
Checkpoint saved: 1261 frame answer item(s)
Running Molmo2 frame-answer batch 1252: 1 item(s)
Checkpoint saved: 1262 frame answer item(s)
Running Molmo2 frame-answer batch 1253: 1 item(s)
Checkpoint saved: 1263 frame answer item(s)
Running Molmo2 frame-answer batch 1254: 1 item(s)
Checkpoint saved: 1264 frame answer item(s)
Running Molmo2 frame-answer batch 1255: 1 item(s)
Checkpoint saved: 1265 frame answer item(s)
Running Molmo2 frame-answer batch 1256: 1 item(s)
Checkpoint saved: 1266 frame answer item(s)
Running Molmo2 frame-answer batch 1257: 1 item(s)
Checkpoint saved: 1267 frame answer item(s)
Running Molmo2 frame-answer batch 1258: 1 item(s)
Checkpoint saved: 1268 frame answer item(s)
Running Molmo2 frame-answer batch 1259: 1 item(s)
Checkpoint saved: 1269 frame answer item(s)
Running Molmo2 frame-answer batch 1260: 1 item(s)
Checkpoint saved: 1270 frame answer item(s)
Running Molmo2 frame-answer batch 1261: 1 item(s)
Checkpoint saved: 1271 frame answer item(s)
Running Molmo2 frame-answer batch 1262: 1 item(s)
Checkpoint saved: 1272 frame answer item(s)
Running Molmo2 frame-answer batch 1263: 1 item(s)
Checkpoint saved: 1273 frame answer item(s)
Running Molmo2 frame-answer batch 1264: 1 item(s)
Checkpoint saved: 1274 frame answer item(s)
Running Molmo2 frame-answer batch 1265: 1 item(s)
Checkpoint saved: 1275 frame answer item(s)
Running Molmo2 frame-answer batch 1266: 1 item(s)
Checkpoint saved: 1276 frame answer item(s)
Running Molmo2 frame-answer batch 1267: 1 item(s)
Checkpoint saved: 1277 frame answer item(s)
Running Molmo2 frame-answer batch 1268: 1 item(s)
Checkpoint saved: 1278 frame answer item(s)
Running Molmo2 frame-answer batch 1269: 1 item(s)
Checkpoint saved: 1279 frame answer item(s)
Running Molmo2 frame-answer batch 1270: 1 item(s)
Checkpoint saved: 1280 frame answer item(s)
Running Molmo2 frame-answer batch 1271: 1 item(s)
Checkpoint saved: 1281 frame answer item(s)
Running Molmo2 frame-answer batch 1272: 1 item(s)
Checkpoint saved: 1282 frame answer item(s)
Running Molmo2 frame-answer batch 1273: 1 item(s)
Checkpoint saved: 1283 frame answer item(s)
Running Molmo2 frame-answer batch 1274: 1 item(s)
Checkpoint saved: 1284 frame answer item(s)
Running Molmo2 frame-answer batch 1275: 1 item(s)
Checkpoint saved: 1285 frame answer item(s)
Running Molmo2 frame-answer batch 1276: 1 item(s)
Checkpoint saved: 1286 frame answer item(s)
Running Molmo2 frame-answer batch 1277: 1 item(s)
Checkpoint saved: 1287 frame answer item(s)
Running Molmo2 frame-answer batch 1278: 1 item(s)
Checkpoint saved: 1288 frame answer item(s)
Running Molmo2 frame-answer batch 1279: 1 item(s)
Checkpoint saved: 1289 frame answer item(s)
Running Molmo2 frame-answer batch 1280: 1 item(s)
Checkpoint saved: 1290 frame answer item(s)
Running Molmo2 frame-answer batch 1281: 1 item(s)
Checkpoint saved: 1291 frame answer item(s)
Running Molmo2 frame-answer batch 1282: 1 item(s)
Checkpoint saved: 1292 frame answer item(s)
Running Molmo2 frame-answer batch 1283: 1 item(s)
Checkpoint saved: 1293 frame answer item(s)
Running Molmo2 frame-answer batch 1284: 1 item(s)
Checkpoint saved: 1294 frame answer item(s)
Running Molmo2 frame-answer batch 1285: 1 item(s)
Checkpoint saved: 1295 frame answer item(s)
Running Molmo2 frame-answer batch 1286: 1 item(s)
Checkpoint saved: 1296 frame answer item(s)
Running Molmo2 frame-answer batch 1287: 1 item(s)
Checkpoint saved: 1297 frame answer item(s)
Running Molmo2 frame-answer batch 1288: 1 item(s)
Checkpoint saved: 1298 frame answer item(s)
Running Molmo2 frame-answer batch 1289: 1 item(s)
Checkpoint saved: 1299 frame answer item(s)
Running Molmo2 frame-answer batch 1290: 1 item(s)
Checkpoint saved: 1300 frame answer item(s)
Running Molmo2 frame-answer batch 1291: 1 item(s)
Checkpoint saved: 1301 frame answer item(s)
Running Molmo2 frame-answer batch 1292: 1 item(s)
Checkpoint saved: 1302 frame answer item(s)
Running Molmo2 frame-answer batch 1293: 1 item(s)
Checkpoint saved: 1303 frame answer item(s)
Running Molmo2 frame-answer batch 1294: 1 item(s)
Checkpoint saved: 1304 frame answer item(s)
Running Molmo2 frame-answer batch 1295: 1 item(s)
Checkpoint saved: 1305 frame answer item(s)
Running Molmo2 frame-answer batch 1296: 1 item(s)
Checkpoint saved: 1306 frame answer item(s)
Running Molmo2 frame-answer batch 1297: 1 item(s)
Checkpoint saved: 1307 frame answer item(s)
Running Molmo2 frame-answer batch 1298: 1 item(s)
Checkpoint saved: 1308 frame answer item(s)
Running Molmo2 frame-answer batch 1299: 1 item(s)
Checkpoint saved: 1309 frame answer item(s)
Running Molmo2 frame-answer batch 1300: 1 item(s)
Checkpoint saved: 1310 frame answer item(s)
Running Molmo2 frame-answer batch 1301: 1 item(s)
Checkpoint saved: 1311 frame answer item(s)
Running Molmo2 frame-answer batch 1302: 1 item(s)
Checkpoint saved: 1312 frame answer item(s)
Running Molmo2 frame-answer batch 1303: 1 item(s)
Checkpoint saved: 1313 frame answer item(s)
Running Molmo2 frame-answer batch 1304: 1 item(s)
Checkpoint saved: 1314 frame answer item(s)
Running Molmo2 frame-answer batch 1305: 1 item(s)
Checkpoint saved: 1315 frame answer item(s)
Running Molmo2 frame-answer batch 1306: 1 item(s)
Checkpoint saved: 1316 frame answer item(s)
Running Molmo2 frame-answer batch 1307: 1 item(s)
Checkpoint saved: 1317 frame answer item(s)
Running Molmo2 frame-answer batch 1308: 1 item(s)
Checkpoint saved: 1318 frame answer item(s)
Running Molmo2 frame-answer batch 1309: 1 item(s)
Checkpoint saved: 1319 frame answer item(s)
Running Molmo2 frame-answer batch 1310: 1 item(s)
Checkpoint saved: 1320 frame answer item(s)
Running Molmo2 frame-answer batch 1311: 1 item(s)
Checkpoint saved: 1321 frame answer item(s)
Running Molmo2 frame-answer batch 1312: 1 item(s)
Checkpoint saved: 1322 frame answer item(s)
Running Molmo2 frame-answer batch 1313: 1 item(s)
Checkpoint saved: 1323 frame answer item(s)
Running Molmo2 frame-answer batch 1314: 1 item(s)
Checkpoint saved: 1324 frame answer item(s)
Running Molmo2 frame-answer batch 1315: 1 item(s)
Checkpoint saved: 1325 frame answer item(s)
Running Molmo2 frame-answer batch 1316: 1 item(s)
Checkpoint saved: 1326 frame answer item(s)
Running Molmo2 frame-answer batch 1317: 1 item(s)
Checkpoint saved: 1327 frame answer item(s)
Running Molmo2 frame-answer batch 1318: 1 item(s)
Checkpoint saved: 1328 frame answer item(s)
Running Molmo2 frame-answer batch 1319: 1 item(s)
Checkpoint saved: 1329 frame answer item(s)
Running Molmo2 frame-answer batch 1320: 1 item(s)
Checkpoint saved: 1330 frame answer item(s)
Running Molmo2 frame-answer batch 1321: 1 item(s)
Checkpoint saved: 1331 frame answer item(s)
Running Molmo2 frame-answer batch 1322: 1 item(s)
Checkpoint saved: 1332 frame answer item(s)
Running Molmo2 frame-answer batch 1323: 1 item(s)
Checkpoint saved: 1333 frame answer item(s)
Running Molmo2 frame-answer batch 1324: 1 item(s)
Checkpoint saved: 1334 frame answer item(s)
Running Molmo2 frame-answer batch 1325: 1 item(s)
Checkpoint saved: 1335 frame answer item(s)
Running Molmo2 frame-answer batch 1326: 1 item(s)
Checkpoint saved: 1336 frame answer item(s)
Running Molmo2 frame-answer batch 1327: 1 item(s)
Checkpoint saved: 1337 frame answer item(s)
Running Molmo2 frame-answer batch 1328: 1 item(s)
Checkpoint saved: 1338 frame answer item(s)
Running Molmo2 frame-answer batch 1329: 1 item(s)
Checkpoint saved: 1339 frame answer item(s)
Running Molmo2 frame-answer batch 1330: 1 item(s)
Checkpoint saved: 1340 frame answer item(s)
Running Molmo2 frame-answer batch 1331: 1 item(s)
Checkpoint saved: 1341 frame answer item(s)
Running Molmo2 frame-answer batch 1332: 1 item(s)
Checkpoint saved: 1342 frame answer item(s)
Running Molmo2 frame-answer batch 1333: 1 item(s)
Checkpoint saved: 1343 frame answer item(s)
Running Molmo2 frame-answer batch 1334: 1 item(s)
Checkpoint saved: 1344 frame answer item(s)
Running Molmo2 frame-answer batch 1335: 1 item(s)
Checkpoint saved: 1345 frame answer item(s)
Running Molmo2 frame-answer batch 1336: 1 item(s)
Checkpoint saved: 1346 frame answer item(s)
Running Molmo2 frame-answer batch 1337: 1 item(s)
Checkpoint saved: 1347 frame answer item(s)
Running Molmo2 frame-answer batch 1338: 1 item(s)
Checkpoint saved: 1348 frame answer item(s)
Running Molmo2 frame-answer batch 1339: 1 item(s)
Checkpoint saved: 1349 frame answer item(s)
Running Molmo2 frame-answer batch 1340: 1 item(s)
Checkpoint saved: 1350 frame answer item(s)
Running Molmo2 frame-answer batch 1341: 1 item(s)
Checkpoint saved: 1351 frame answer item(s)
Running Molmo2 frame-answer batch 1342: 1 item(s)
Checkpoint saved: 1352 frame answer item(s)
Running Molmo2 frame-answer batch 1343: 1 item(s)
Checkpoint saved: 1353 frame answer item(s)
Running Molmo2 frame-answer batch 1344: 1 item(s)
Checkpoint saved: 1354 frame answer item(s)
Running Molmo2 frame-answer batch 1345: 1 item(s)
Checkpoint saved: 1355 frame answer item(s)
Running Molmo2 frame-answer batch 1346: 1 item(s)
Checkpoint saved: 1356 frame answer item(s)
Running Molmo2 frame-answer batch 1347: 1 item(s)
Checkpoint saved: 1357 frame answer item(s)
Running Molmo2 frame-answer batch 1348: 1 item(s)
Checkpoint saved: 1358 frame answer item(s)
Running Molmo2 frame-answer batch 1349: 1 item(s)
Checkpoint saved: 1359 frame answer item(s)
Running Molmo2 frame-answer batch 1350: 1 item(s)
Checkpoint saved: 1360 frame answer item(s)
Running Molmo2 frame-answer batch 1351: 1 item(s)
Checkpoint saved: 1361 frame answer item(s)
Running Molmo2 frame-answer batch 1352: 1 item(s)
Checkpoint saved: 1362 frame answer item(s)
Running Molmo2 frame-answer batch 1353: 1 item(s)
Checkpoint saved: 1363 frame answer item(s)
Running Molmo2 frame-answer batch 1354: 1 item(s)
Checkpoint saved: 1364 frame answer item(s)
Running Molmo2 frame-answer batch 1355: 1 item(s)
Checkpoint saved: 1365 frame answer item(s)
Running Molmo2 frame-answer batch 1356: 1 item(s)
Checkpoint saved: 1366 frame answer item(s)
Running Molmo2 frame-answer batch 1357: 1 item(s)
Checkpoint saved: 1367 frame answer item(s)
Running Molmo2 frame-answer batch 1358: 1 item(s)
Checkpoint saved: 1368 frame answer item(s)
Running Molmo2 frame-answer batch 1359: 1 item(s)
Checkpoint saved: 1369 frame answer item(s)
Running Molmo2 frame-answer batch 1360: 1 item(s)
Checkpoint saved: 1370 frame answer item(s)
Running Molmo2 frame-answer batch 1361: 1 item(s)
Checkpoint saved: 1371 frame answer item(s)
Running Molmo2 frame-answer batch 1362: 1 item(s)
Checkpoint saved: 1372 frame answer item(s)
Running Molmo2 frame-answer batch 1363: 1 item(s)
Checkpoint saved: 1373 frame answer item(s)
Running Molmo2 frame-answer batch 1364: 1 item(s)
Checkpoint saved: 1374 frame answer item(s)
Running Molmo2 frame-answer batch 1365: 1 item(s)
Checkpoint saved: 1375 frame answer item(s)
Running Molmo2 frame-answer batch 1366: 1 item(s)
Checkpoint saved: 1376 frame answer item(s)
Running Molmo2 frame-answer batch 1367: 1 item(s)
Checkpoint saved: 1377 frame answer item(s)
Running Molmo2 frame-answer batch 1368: 1 item(s)
Checkpoint saved: 1378 frame answer item(s)
Running Molmo2 frame-answer batch 1369: 1 item(s)
Checkpoint saved: 1379 frame answer item(s)
Running Molmo2 frame-answer batch 1370: 1 item(s)
Checkpoint saved: 1380 frame answer item(s)
Running Molmo2 frame-answer batch 1371: 1 item(s)
Checkpoint saved: 1381 frame answer item(s)
Running Molmo2 frame-answer batch 1372: 1 item(s)
Checkpoint saved: 1382 frame answer item(s)
Running Molmo2 frame-answer batch 1373: 1 item(s)
Checkpoint saved: 1383 frame answer item(s)
Running Molmo2 frame-answer batch 1374: 1 item(s)
Checkpoint saved: 1384 frame answer item(s)
Running Molmo2 frame-answer batch 1375: 1 item(s)
Checkpoint saved: 1385 frame answer item(s)
Running Molmo2 frame-answer batch 1376: 1 item(s)
Checkpoint saved: 1386 frame answer item(s)
Running Molmo2 frame-answer batch 1377: 1 item(s)
Checkpoint saved: 1387 frame answer item(s)
Running Molmo2 frame-answer batch 1378: 1 item(s)
Checkpoint saved: 1388 frame answer item(s)
Running Molmo2 frame-answer batch 1379: 1 item(s)
Checkpoint saved: 1389 frame answer item(s)
Running Molmo2 frame-answer batch 1380: 1 item(s)
Checkpoint saved: 1390 frame answer item(s)
Running Molmo2 frame-answer batch 1381: 1 item(s)
Checkpoint saved: 1391 frame answer item(s)
Running Molmo2 frame-answer batch 1382: 1 item(s)
Checkpoint saved: 1392 frame answer item(s)
Running Molmo2 frame-answer batch 1383: 1 item(s)
Checkpoint saved: 1393 frame answer item(s)
Running Molmo2 frame-answer batch 1384: 1 item(s)
Checkpoint saved: 1394 frame answer item(s)
Running Molmo2 frame-answer batch 1385: 1 item(s)
Checkpoint saved: 1395 frame answer item(s)
Running Molmo2 frame-answer batch 1386: 1 item(s)
Checkpoint saved: 1396 frame answer item(s)
Running Molmo2 frame-answer batch 1387: 1 item(s)
Checkpoint saved: 1397 frame answer item(s)
Running Molmo2 frame-answer batch 1388: 1 item(s)
Checkpoint saved: 1398 frame answer item(s)
Running Molmo2 frame-answer batch 1389: 1 item(s)
Checkpoint saved: 1399 frame answer item(s)
Running Molmo2 frame-answer batch 1390: 1 item(s)
Checkpoint saved: 1400 frame answer item(s)
Running Molmo2 frame-answer batch 1391: 1 item(s)
Checkpoint saved: 1401 frame answer item(s)
Running Molmo2 frame-answer batch 1392: 1 item(s)
Checkpoint saved: 1402 frame answer item(s)
Running Molmo2 frame-answer batch 1393: 1 item(s)
Checkpoint saved: 1403 frame answer item(s)
Running Molmo2 frame-answer batch 1394: 1 item(s)
Checkpoint saved: 1404 frame answer item(s)
Running Molmo2 frame-answer batch 1395: 1 item(s)
Checkpoint saved: 1405 frame answer item(s)
Running Molmo2 frame-answer batch 1396: 1 item(s)
Checkpoint saved: 1406 frame answer item(s)
Running Molmo2 frame-answer batch 1397: 1 item(s)
Checkpoint saved: 1407 frame answer item(s)
Running Molmo2 frame-answer batch 1398: 1 item(s)
Checkpoint saved: 1408 frame answer item(s)
Running Molmo2 frame-answer batch 1399: 1 item(s)
Checkpoint saved: 1409 frame answer item(s)
Running Molmo2 frame-answer batch 1400: 1 item(s)
Checkpoint saved: 1410 frame answer item(s)
Running Molmo2 frame-answer batch 1401: 1 item(s)
Checkpoint saved: 1411 frame answer item(s)
Running Molmo2 frame-answer batch 1402: 1 item(s)
Checkpoint saved: 1412 frame answer item(s)
Running Molmo2 frame-answer batch 1403: 1 item(s)
Checkpoint saved: 1413 frame answer item(s)
Running Molmo2 frame-answer batch 1404: 1 item(s)
Checkpoint saved: 1414 frame answer item(s)
Running Molmo2 frame-answer batch 1405: 1 item(s)
Checkpoint saved: 1415 frame answer item(s)
Running Molmo2 frame-answer batch 1406: 1 item(s)
Checkpoint saved: 1416 frame answer item(s)
Running Molmo2 frame-answer batch 1407: 1 item(s)
Checkpoint saved: 1417 frame answer item(s)
Running Molmo2 frame-answer batch 1408: 1 item(s)
Checkpoint saved: 1418 frame answer item(s)
Running Molmo2 frame-answer batch 1409: 1 item(s)
Checkpoint saved: 1419 frame answer item(s)
Running Molmo2 frame-answer batch 1410: 1 item(s)
Checkpoint saved: 1420 frame answer item(s)
Running Molmo2 frame-answer batch 1411: 1 item(s)
Checkpoint saved: 1421 frame answer item(s)
Running Molmo2 frame-answer batch 1412: 1 item(s)
Checkpoint saved: 1422 frame answer item(s)
Running Molmo2 frame-answer batch 1413: 1 item(s)
Checkpoint saved: 1423 frame answer item(s)
Running Molmo2 frame-answer batch 1414: 1 item(s)
Checkpoint saved: 1424 frame answer item(s)
Running Molmo2 frame-answer batch 1415: 1 item(s)
Checkpoint saved: 1425 frame answer item(s)
Running Molmo2 frame-answer batch 1416: 1 item(s)
Checkpoint saved: 1426 frame answer item(s)
Running Molmo2 frame-answer batch 1417: 1 item(s)
Checkpoint saved: 1427 frame answer item(s)
Running Molmo2 frame-answer batch 1418: 1 item(s)
Checkpoint saved: 1428 frame answer item(s)
Running Molmo2 frame-answer batch 1419: 1 item(s)
Checkpoint saved: 1429 frame answer item(s)
Running Molmo2 frame-answer batch 1420: 1 item(s)
Checkpoint saved: 1430 frame answer item(s)
Running Molmo2 frame-answer batch 1421: 1 item(s)
Checkpoint saved: 1431 frame answer item(s)
Running Molmo2 frame-answer batch 1422: 1 item(s)
Checkpoint saved: 1432 frame answer item(s)
Running Molmo2 frame-answer batch 1423: 1 item(s)
Checkpoint saved: 1433 frame answer item(s)
Running Molmo2 frame-answer batch 1424: 1 item(s)
Checkpoint saved: 1434 frame answer item(s)
Running Molmo2 frame-answer batch 1425: 1 item(s)
Checkpoint saved: 1435 frame answer item(s)
Running Molmo2 frame-answer batch 1426: 1 item(s)
Checkpoint saved: 1436 frame answer item(s)
Running Molmo2 frame-answer batch 1427: 1 item(s)
Checkpoint saved: 1437 frame answer item(s)
Running Molmo2 frame-answer batch 1428: 1 item(s)
Checkpoint saved: 1438 frame answer item(s)
Running Molmo2 frame-answer batch 1429: 1 item(s)
Checkpoint saved: 1439 frame answer item(s)
Running Molmo2 frame-answer batch 1430: 1 item(s)
Checkpoint saved: 1440 frame answer item(s)
Running Molmo2 frame-answer batch 1431: 1 item(s)
Checkpoint saved: 1441 frame answer item(s)
Running Molmo2 frame-answer batch 1432: 1 item(s)
Checkpoint saved: 1442 frame answer item(s)
Running Molmo2 frame-answer batch 1433: 1 item(s)
Checkpoint saved: 1443 frame answer item(s)
Running Molmo2 frame-answer batch 1434: 1 item(s)
Checkpoint saved: 1444 frame answer item(s)
Running Molmo2 frame-answer batch 1435: 1 item(s)
Checkpoint saved: 1445 frame answer item(s)
Running Molmo2 frame-answer batch 1436: 1 item(s)
Checkpoint saved: 1446 frame answer item(s)
Running Molmo2 frame-answer batch 1437: 1 item(s)
Checkpoint saved: 1447 frame answer item(s)
Running Molmo2 frame-answer batch 1438: 1 item(s)
Checkpoint saved: 1448 frame answer item(s)
Running Molmo2 frame-answer batch 1439: 1 item(s)
Checkpoint saved: 1449 frame answer item(s)
Running Molmo2 frame-answer batch 1440: 1 item(s)
Checkpoint saved: 1450 frame answer item(s)
Running Molmo2 frame-answer batch 1441: 1 item(s)
Checkpoint saved: 1451 frame answer item(s)
Running Molmo2 frame-answer batch 1442: 1 item(s)
Checkpoint saved: 1452 frame answer item(s)
Running Molmo2 frame-answer batch 1443: 1 item(s)
Checkpoint saved: 1453 frame answer item(s)
Running Molmo2 frame-answer batch 1444: 1 item(s)
Checkpoint saved: 1454 frame answer item(s)
Running Molmo2 frame-answer batch 1445: 1 item(s)
Checkpoint saved: 1455 frame answer item(s)
Running Molmo2 frame-answer batch 1446: 1 item(s)
Checkpoint saved: 1456 frame answer item(s)
Running Molmo2 frame-answer batch 1447: 1 item(s)
Checkpoint saved: 1457 frame answer item(s)
Running Molmo2 frame-answer batch 1448: 1 item(s)
Checkpoint saved: 1458 frame answer item(s)
Running Molmo2 frame-answer batch 1449: 1 item(s)
Checkpoint saved: 1459 frame answer item(s)
Running Molmo2 frame-answer batch 1450: 1 item(s)
Checkpoint saved: 1460 frame answer item(s)
Running Molmo2 frame-answer batch 1451: 1 item(s)
Checkpoint saved: 1461 frame answer item(s)
Running Molmo2 frame-answer batch 1452: 1 item(s)
Checkpoint saved: 1462 frame answer item(s)
Running Molmo2 frame-answer batch 1453: 1 item(s)
Checkpoint saved: 1463 frame answer item(s)
Running Molmo2 frame-answer batch 1454: 1 item(s)
Checkpoint saved: 1464 frame answer item(s)
Running Molmo2 frame-answer batch 1455: 1 item(s)
Checkpoint saved: 1465 frame answer item(s)
Running Molmo2 frame-answer batch 1456: 1 item(s)
Checkpoint saved: 1466 frame answer item(s)
Running Molmo2 frame-answer batch 1457: 1 item(s)
Checkpoint saved: 1467 frame answer item(s)
Running Molmo2 frame-answer batch 1458: 1 item(s)
Checkpoint saved: 1468 frame answer item(s)
Running Molmo2 frame-answer batch 1459: 1 item(s)
Checkpoint saved: 1469 frame answer item(s)
Running Molmo2 frame-answer batch 1460: 1 item(s)
Checkpoint saved: 1470 frame answer item(s)
Running Molmo2 frame-answer batch 1461: 1 item(s)
Checkpoint saved: 1471 frame answer item(s)
Running Molmo2 frame-answer batch 1462: 1 item(s)
Checkpoint saved: 1472 frame answer item(s)
Running Molmo2 frame-answer batch 1463: 1 item(s)
Checkpoint saved: 1473 frame answer item(s)
Running Molmo2 frame-answer batch 1464: 1 item(s)
Checkpoint saved: 1474 frame answer item(s)
Running Molmo2 frame-answer batch 1465: 1 item(s)
Checkpoint saved: 1475 frame answer item(s)
Running Molmo2 frame-answer batch 1466: 1 item(s)
Checkpoint saved: 1476 frame answer item(s)
Running Molmo2 frame-answer batch 1467: 1 item(s)
Checkpoint saved: 1477 frame answer item(s)
Running Molmo2 frame-answer batch 1468: 1 item(s)
Checkpoint saved: 1478 frame answer item(s)
Running Molmo2 frame-answer batch 1469: 1 item(s)
Checkpoint saved: 1479 frame answer item(s)
Running Molmo2 frame-answer batch 1470: 1 item(s)
Checkpoint saved: 1480 frame answer item(s)
Running Molmo2 frame-answer batch 1471: 1 item(s)
Checkpoint saved: 1481 frame answer item(s)
Running Molmo2 frame-answer batch 1472: 1 item(s)
Checkpoint saved: 1482 frame answer item(s)
Running Molmo2 frame-answer batch 1473: 1 item(s)
Checkpoint saved: 1483 frame answer item(s)
Running Molmo2 frame-answer batch 1474: 1 item(s)
Checkpoint saved: 1484 frame answer item(s)
Running Molmo2 frame-answer batch 1475: 1 item(s)
Checkpoint saved: 1485 frame answer item(s)
Running Molmo2 frame-answer batch 1476: 1 item(s)
Checkpoint saved: 1486 frame answer item(s)
Running Molmo2 frame-answer batch 1477: 1 item(s)
Checkpoint saved: 1487 frame answer item(s)
Running Molmo2 frame-answer batch 1478: 1 item(s)
Checkpoint saved: 1488 frame answer item(s)
Running Molmo2 frame-answer batch 1479: 1 item(s)
Checkpoint saved: 1489 frame answer item(s)
Running Molmo2 frame-answer batch 1480: 1 item(s)
Checkpoint saved: 1490 frame answer item(s)
Running Molmo2 frame-answer batch 1481: 1 item(s)
Checkpoint saved: 1491 frame answer item(s)
Running Molmo2 frame-answer batch 1482: 1 item(s)
Checkpoint saved: 1492 frame answer item(s)
Running Molmo2 frame-answer batch 1483: 1 item(s)
Checkpoint saved: 1493 frame answer item(s)
Running Molmo2 frame-answer batch 1484: 1 item(s)
Checkpoint saved: 1494 frame answer item(s)
Running Molmo2 frame-answer batch 1485: 1 item(s)
Checkpoint saved: 1495 frame answer item(s)
Running Molmo2 frame-answer batch 1486: 1 item(s)
Checkpoint saved: 1496 frame answer item(s)
Running Molmo2 frame-answer batch 1487: 1 item(s)
Checkpoint saved: 1497 frame answer item(s)
Running Molmo2 frame-answer batch 1488: 1 item(s)
Checkpoint saved: 1498 frame answer item(s)
Running Molmo2 frame-answer batch 1489: 1 item(s)
Checkpoint saved: 1499 frame answer item(s)
Running Molmo2 frame-answer batch 1490: 1 item(s)
Checkpoint saved: 1500 frame answer item(s)
Running Molmo2 frame-answer batch 1491: 1 item(s)
Checkpoint saved: 1501 frame answer item(s)
Running Molmo2 frame-answer batch 1492: 1 item(s)
Checkpoint saved: 1502 frame answer item(s)
Running Molmo2 frame-answer batch 1493: 1 item(s)
Checkpoint saved: 1503 frame answer item(s)
Running Molmo2 frame-answer batch 1494: 1 item(s)
Checkpoint saved: 1504 frame answer item(s)
Running Molmo2 frame-answer batch 1495: 1 item(s)
Checkpoint saved: 1505 frame answer item(s)
Running Molmo2 frame-answer batch 1496: 1 item(s)
Checkpoint saved: 1506 frame answer item(s)
Running Molmo2 frame-answer batch 1497: 1 item(s)
Checkpoint saved: 1507 frame answer item(s)
Running Molmo2 frame-answer batch 1498: 1 item(s)
Checkpoint saved: 1508 frame answer item(s)
Running Molmo2 frame-answer batch 1499: 1 item(s)
Checkpoint saved: 1509 frame answer item(s)
Running Molmo2 frame-answer batch 1500: 1 item(s)
Checkpoint saved: 1510 frame answer item(s)
Running Molmo2 frame-answer batch 1501: 1 item(s)
Checkpoint saved: 1511 frame answer item(s)
Running Molmo2 frame-answer batch 1502: 1 item(s)
Checkpoint saved: 1512 frame answer item(s)
Running Molmo2 frame-answer batch 1503: 1 item(s)
Checkpoint saved: 1513 frame answer item(s)
Running Molmo2 frame-answer batch 1504: 1 item(s)
Checkpoint saved: 1514 frame answer item(s)
Running Molmo2 frame-answer batch 1505: 1 item(s)
Checkpoint saved: 1515 frame answer item(s)
Running Molmo2 frame-answer batch 1506: 1 item(s)
Checkpoint saved: 1516 frame answer item(s)
Running Molmo2 frame-answer batch 1507: 1 item(s)
Checkpoint saved: 1517 frame answer item(s)
Running Molmo2 frame-answer batch 1508: 1 item(s)
Checkpoint saved: 1518 frame answer item(s)
Running Molmo2 frame-answer batch 1509: 1 item(s)
Checkpoint saved: 1519 frame answer item(s)
Running Molmo2 frame-answer batch 1510: 1 item(s)
Checkpoint saved: 1520 frame answer item(s)
Running Molmo2 frame-answer batch 1511: 1 item(s)
Checkpoint saved: 1521 frame answer item(s)
Running Molmo2 frame-answer batch 1512: 1 item(s)
Checkpoint saved: 1522 frame answer item(s)
Running Molmo2 frame-answer batch 1513: 1 item(s)
Checkpoint saved: 1523 frame answer item(s)
Running Molmo2 frame-answer batch 1514: 1 item(s)
Checkpoint saved: 1524 frame answer item(s)
Running Molmo2 frame-answer batch 1515: 1 item(s)
Checkpoint saved: 1525 frame answer item(s)
Running Molmo2 frame-answer batch 1516: 1 item(s)
Checkpoint saved: 1526 frame answer item(s)
Running Molmo2 frame-answer batch 1517: 1 item(s)
Checkpoint saved: 1527 frame answer item(s)
Running Molmo2 frame-answer batch 1518: 1 item(s)
Checkpoint saved: 1528 frame answer item(s)
Running Molmo2 frame-answer batch 1519: 1 item(s)
Checkpoint saved: 1529 frame answer item(s)
Running Molmo2 frame-answer batch 1520: 1 item(s)
Checkpoint saved: 1530 frame answer item(s)
Running Molmo2 frame-answer batch 1521: 1 item(s)
Checkpoint saved: 1531 frame answer item(s)
Running Molmo2 frame-answer batch 1522: 1 item(s)
Checkpoint saved: 1532 frame answer item(s)
Running Molmo2 frame-answer batch 1523: 1 item(s)
Checkpoint saved: 1533 frame answer item(s)
Running Molmo2 frame-answer batch 1524: 1 item(s)
Checkpoint saved: 1534 frame answer item(s)
Running Molmo2 frame-answer batch 1525: 1 item(s)
Checkpoint saved: 1535 frame answer item(s)
Running Molmo2 frame-answer batch 1526: 1 item(s)
Checkpoint saved: 1536 frame answer item(s)
Running Molmo2 frame-answer batch 1527: 1 item(s)
Checkpoint saved: 1537 frame answer item(s)
Running Molmo2 frame-answer batch 1528: 1 item(s)
Checkpoint saved: 1538 frame answer item(s)
Running Molmo2 frame-answer batch 1529: 1 item(s)
Checkpoint saved: 1539 frame answer item(s)
Running Molmo2 frame-answer batch 1530: 1 item(s)
Checkpoint saved: 1540 frame answer item(s)
Running Molmo2 frame-answer batch 1531: 1 item(s)
Checkpoint saved: 1541 frame answer item(s)
Running Molmo2 frame-answer batch 1532: 1 item(s)
Checkpoint saved: 1542 frame answer item(s)
Running Molmo2 frame-answer batch 1533: 1 item(s)
Checkpoint saved: 1543 frame answer item(s)
Running Molmo2 frame-answer batch 1534: 1 item(s)
Checkpoint saved: 1544 frame answer item(s)
Running Molmo2 frame-answer batch 1535: 1 item(s)
Checkpoint saved: 1545 frame answer item(s)
Running Molmo2 frame-answer batch 1536: 1 item(s)
Checkpoint saved: 1546 frame answer item(s)
Running Molmo2 frame-answer batch 1537: 1 item(s)
Checkpoint saved: 1547 frame answer item(s)
Running Molmo2 frame-answer batch 1538: 1 item(s)
Checkpoint saved: 1548 frame answer item(s)
Running Molmo2 frame-answer batch 1539: 1 item(s)
Checkpoint saved: 1549 frame answer item(s)
Running Molmo2 frame-answer batch 1540: 1 item(s)
Checkpoint saved: 1550 frame answer item(s)
Running Molmo2 frame-answer batch 1541: 1 item(s)
Checkpoint saved: 1551 frame answer item(s)
Running Molmo2 frame-answer batch 1542: 1 item(s)
Checkpoint saved: 1552 frame answer item(s)
Running Molmo2 frame-answer batch 1543: 1 item(s)
Checkpoint saved: 1553 frame answer item(s)
Running Molmo2 frame-answer batch 1544: 1 item(s)
Checkpoint saved: 1554 frame answer item(s)
Running Molmo2 frame-answer batch 1545: 1 item(s)
Checkpoint saved: 1555 frame answer item(s)
Running Molmo2 frame-answer batch 1546: 1 item(s)
Checkpoint saved: 1556 frame answer item(s)
Running Molmo2 frame-answer batch 1547: 1 item(s)
Checkpoint saved: 1557 frame answer item(s)
Running Molmo2 frame-answer batch 1548: 1 item(s)
Checkpoint saved: 1558 frame answer item(s)
Running Molmo2 frame-answer batch 1549: 1 item(s)
Checkpoint saved: 1559 frame answer item(s)
Running Molmo2 frame-answer batch 1550: 1 item(s)
Checkpoint saved: 1560 frame answer item(s)
Running Molmo2 frame-answer batch 1551: 1 item(s)
Checkpoint saved: 1561 frame answer item(s)
Running Molmo2 frame-answer batch 1552: 1 item(s)
Checkpoint saved: 1562 frame answer item(s)
Running Molmo2 frame-answer batch 1553: 1 item(s)
Checkpoint saved: 1563 frame answer item(s)
Running Molmo2 frame-answer batch 1554: 1 item(s)
Checkpoint saved: 1564 frame answer item(s)
Running Molmo2 frame-answer batch 1555: 1 item(s)
Checkpoint saved: 1565 frame answer item(s)
Running Molmo2 frame-answer batch 1556: 1 item(s)
Checkpoint saved: 1566 frame answer item(s)
Running Molmo2 frame-answer batch 1557: 1 item(s)
Checkpoint saved: 1567 frame answer item(s)
Running Molmo2 frame-answer batch 1558: 1 item(s)
Checkpoint saved: 1568 frame answer item(s)
Running Molmo2 frame-answer batch 1559: 1 item(s)
Checkpoint saved: 1569 frame answer item(s)
Running Molmo2 frame-answer batch 1560: 1 item(s)
Checkpoint saved: 1570 frame answer item(s)
Running Molmo2 frame-answer batch 1561: 1 item(s)
Checkpoint saved: 1571 frame answer item(s)
Running Molmo2 frame-answer batch 1562: 1 item(s)
Checkpoint saved: 1572 frame answer item(s)
Running Molmo2 frame-answer batch 1563: 1 item(s)
Checkpoint saved: 1573 frame answer item(s)
Running Molmo2 frame-answer batch 1564: 1 item(s)
Checkpoint saved: 1574 frame answer item(s)
Running Molmo2 frame-answer batch 1565: 1 item(s)
Checkpoint saved: 1575 frame answer item(s)
Running Molmo2 frame-answer batch 1566: 1 item(s)
Checkpoint saved: 1576 frame answer item(s)
Running Molmo2 frame-answer batch 1567: 1 item(s)
Checkpoint saved: 1577 frame answer item(s)
Running Molmo2 frame-answer batch 1568: 1 item(s)
Checkpoint saved: 1578 frame answer item(s)
Running Molmo2 frame-answer batch 1569: 1 item(s)
Checkpoint saved: 1579 frame answer item(s)
Running Molmo2 frame-answer batch 1570: 1 item(s)
Checkpoint saved: 1580 frame answer item(s)
Running Molmo2 frame-answer batch 1571: 1 item(s)
Checkpoint saved: 1581 frame answer item(s)
Running Molmo2 frame-answer batch 1572: 1 item(s)
Checkpoint saved: 1582 frame answer item(s)
Running Molmo2 frame-answer batch 1573: 1 item(s)
Checkpoint saved: 1583 frame answer item(s)
Running Molmo2 frame-answer batch 1574: 1 item(s)
Checkpoint saved: 1584 frame answer item(s)
Running Molmo2 frame-answer batch 1575: 1 item(s)
Checkpoint saved: 1585 frame answer item(s)
Running Molmo2 frame-answer batch 1576: 1 item(s)
Checkpoint saved: 1586 frame answer item(s)
Running Molmo2 frame-answer batch 1577: 1 item(s)
Checkpoint saved: 1587 frame answer item(s)
Running Molmo2 frame-answer batch 1578: 1 item(s)
Checkpoint saved: 1588 frame answer item(s)
Running Molmo2 frame-answer batch 1579: 1 item(s)
Checkpoint saved: 1589 frame answer item(s)
Running Molmo2 frame-answer batch 1580: 1 item(s)
Checkpoint saved: 1590 frame answer item(s)
Running Molmo2 frame-answer batch 1581: 1 item(s)
Checkpoint saved: 1591 frame answer item(s)
Running Molmo2 frame-answer batch 1582: 1 item(s)
Checkpoint saved: 1592 frame answer item(s)
Running Molmo2 frame-answer batch 1583: 1 item(s)
Checkpoint saved: 1593 frame answer item(s)
Running Molmo2 frame-answer batch 1584: 1 item(s)
Checkpoint saved: 1594 frame answer item(s)
Running Molmo2 frame-answer batch 1585: 1 item(s)
Checkpoint saved: 1595 frame answer item(s)
Running Molmo2 frame-answer batch 1586: 1 item(s)
Checkpoint saved: 1596 frame answer item(s)
Running Molmo2 frame-answer batch 1587: 1 item(s)
Checkpoint saved: 1597 frame answer item(s)
Running Molmo2 frame-answer batch 1588: 1 item(s)
Checkpoint saved: 1598 frame answer item(s)
Running Molmo2 frame-answer batch 1589: 1 item(s)
Checkpoint saved: 1599 frame answer item(s)
Running Molmo2 frame-answer batch 1590: 1 item(s)
Checkpoint saved: 1600 frame answer item(s)
Running Molmo2 frame-answer batch 1591: 1 item(s)
Checkpoint saved: 1601 frame answer item(s)
Running Molmo2 frame-answer batch 1592: 1 item(s)
Checkpoint saved: 1602 frame answer item(s)
Running Molmo2 frame-answer batch 1593: 1 item(s)
Checkpoint saved: 1603 frame answer item(s)
Running Molmo2 frame-answer batch 1594: 1 item(s)
Checkpoint saved: 1604 frame answer item(s)
Running Molmo2 frame-answer batch 1595: 1 item(s)
Checkpoint saved: 1605 frame answer item(s)
Running Molmo2 frame-answer batch 1596: 1 item(s)
Checkpoint saved: 1606 frame answer item(s)
Running Molmo2 frame-answer batch 1597: 1 item(s)
Checkpoint saved: 1607 frame answer item(s)
Running Molmo2 frame-answer batch 1598: 1 item(s)
Checkpoint saved: 1608 frame answer item(s)
Running Molmo2 frame-answer batch 1599: 1 item(s)
Checkpoint saved: 1609 frame answer item(s)
Running Molmo2 frame-answer batch 1600: 1 item(s)
Checkpoint saved: 1610 frame answer item(s)
Running Molmo2 frame-answer batch 1601: 1 item(s)
Checkpoint saved: 1611 frame answer item(s)
Running Molmo2 frame-answer batch 1602: 1 item(s)
Checkpoint saved: 1612 frame answer item(s)
Running Molmo2 frame-answer batch 1603: 1 item(s)
Checkpoint saved: 1613 frame answer item(s)
Running Molmo2 frame-answer batch 1604: 1 item(s)
Checkpoint saved: 1614 frame answer item(s)
Running Molmo2 frame-answer batch 1605: 1 item(s)
Checkpoint saved: 1615 frame answer item(s)
Running Molmo2 frame-answer batch 1606: 1 item(s)
Checkpoint saved: 1616 frame answer item(s)
Running Molmo2 frame-answer batch 1607: 1 item(s)
Checkpoint saved: 1617 frame answer item(s)
Running Molmo2 frame-answer batch 1608: 1 item(s)
Checkpoint saved: 1618 frame answer item(s)
Running Molmo2 frame-answer batch 1609: 1 item(s)
Checkpoint saved: 1619 frame answer item(s)
Running Molmo2 frame-answer batch 1610: 1 item(s)
Checkpoint saved: 1620 frame answer item(s)
Running Molmo2 frame-answer batch 1611: 1 item(s)
Checkpoint saved: 1621 frame answer item(s)
Running Molmo2 frame-answer batch 1612: 1 item(s)
Checkpoint saved: 1622 frame answer item(s)
Running Molmo2 frame-answer batch 1613: 1 item(s)
Checkpoint saved: 1623 frame answer item(s)
Running Molmo2 frame-answer batch 1614: 1 item(s)
Checkpoint saved: 1624 frame answer item(s)
Running Molmo2 frame-answer batch 1615: 1 item(s)
Checkpoint saved: 1625 frame answer item(s)
Running Molmo2 frame-answer batch 1616: 1 item(s)
Checkpoint saved: 1626 frame answer item(s)
Running Molmo2 frame-answer batch 1617: 1 item(s)
Checkpoint saved: 1627 frame answer item(s)
Running Molmo2 frame-answer batch 1618: 1 item(s)
Checkpoint saved: 1628 frame answer item(s)
Running Molmo2 frame-answer batch 1619: 1 item(s)
Checkpoint saved: 1629 frame answer item(s)
Running Molmo2 frame-answer batch 1620: 1 item(s)
Checkpoint saved: 1630 frame answer item(s)
Running Molmo2 frame-answer batch 1621: 1 item(s)
Checkpoint saved: 1631 frame answer item(s)
Running Molmo2 frame-answer batch 1622: 1 item(s)
Checkpoint saved: 1632 frame answer item(s)
Running Molmo2 frame-answer batch 1623: 1 item(s)
Checkpoint saved: 1633 frame answer item(s)
Running Molmo2 frame-answer batch 1624: 1 item(s)
Checkpoint saved: 1634 frame answer item(s)
Running Molmo2 frame-answer batch 1625: 1 item(s)
Checkpoint saved: 1635 frame answer item(s)
Running Molmo2 frame-answer batch 1626: 1 item(s)
Checkpoint saved: 1636 frame answer item(s)
Running Molmo2 frame-answer batch 1627: 1 item(s)
Checkpoint saved: 1637 frame answer item(s)
Running Molmo2 frame-answer batch 1628: 1 item(s)
Checkpoint saved: 1638 frame answer item(s)
Running Molmo2 frame-answer batch 1629: 1 item(s)
Checkpoint saved: 1639 frame answer item(s)
Running Molmo2 frame-answer batch 1630: 1 item(s)
Checkpoint saved: 1640 frame answer item(s)
Running Molmo2 frame-answer batch 1631: 1 item(s)
Checkpoint saved: 1641 frame answer item(s)
Running Molmo2 frame-answer batch 1632: 1 item(s)
Checkpoint saved: 1642 frame answer item(s)
Running Molmo2 frame-answer batch 1633: 1 item(s)
Checkpoint saved: 1643 frame answer item(s)
Running Molmo2 frame-answer batch 1634: 1 item(s)
Checkpoint saved: 1644 frame answer item(s)
Running Molmo2 frame-answer batch 1635: 1 item(s)
Checkpoint saved: 1645 frame answer item(s)
Running Molmo2 frame-answer batch 1636: 1 item(s)
Checkpoint saved: 1646 frame answer item(s)
Running Molmo2 frame-answer batch 1637: 1 item(s)
Checkpoint saved: 1647 frame answer item(s)
Running Molmo2 frame-answer batch 1638: 1 item(s)
Checkpoint saved: 1648 frame answer item(s)
Running Molmo2 frame-answer batch 1639: 1 item(s)
Checkpoint saved: 1649 frame answer item(s)
Running Molmo2 frame-answer batch 1640: 1 item(s)
Checkpoint saved: 1650 frame answer item(s)
Running Molmo2 frame-answer batch 1641: 1 item(s)
Checkpoint saved: 1651 frame answer item(s)
Running Molmo2 frame-answer batch 1642: 1 item(s)
Checkpoint saved: 1652 frame answer item(s)
Running Molmo2 frame-answer batch 1643: 1 item(s)
Checkpoint saved: 1653 frame answer item(s)
Running Molmo2 frame-answer batch 1644: 1 item(s)
Checkpoint saved: 1654 frame answer item(s)
Running Molmo2 frame-answer batch 1645: 1 item(s)
Checkpoint saved: 1655 frame answer item(s)
Running Molmo2 frame-answer batch 1646: 1 item(s)
Checkpoint saved: 1656 frame answer item(s)
Running Molmo2 frame-answer batch 1647: 1 item(s)
Checkpoint saved: 1657 frame answer item(s)
Running Molmo2 frame-answer batch 1648: 1 item(s)
Checkpoint saved: 1658 frame answer item(s)
Running Molmo2 frame-answer batch 1649: 1 item(s)
Checkpoint saved: 1659 frame answer item(s)
Running Molmo2 frame-answer batch 1650: 1 item(s)
Checkpoint saved: 1660 frame answer item(s)
Running Molmo2 frame-answer batch 1651: 1 item(s)
Checkpoint saved: 1661 frame answer item(s)
Running Molmo2 frame-answer batch 1652: 1 item(s)
Checkpoint saved: 1662 frame answer item(s)
Running Molmo2 frame-answer batch 1653: 1 item(s)
Checkpoint saved: 1663 frame answer item(s)
Running Molmo2 frame-answer batch 1654: 1 item(s)
Checkpoint saved: 1664 frame answer item(s)
Running Molmo2 frame-answer batch 1655: 1 item(s)
Checkpoint saved: 1665 frame answer item(s)
Running Molmo2 frame-answer batch 1656: 1 item(s)
Checkpoint saved: 1666 frame answer item(s)
Running Molmo2 frame-answer batch 1657: 1 item(s)
Checkpoint saved: 1667 frame answer item(s)
Running Molmo2 frame-answer batch 1658: 1 item(s)
Checkpoint saved: 1668 frame answer item(s)
Running Molmo2 frame-answer batch 1659: 1 item(s)
Checkpoint saved: 1669 frame answer item(s)
Running Molmo2 frame-answer batch 1660: 1 item(s)
Checkpoint saved: 1670 frame answer item(s)
Running Molmo2 frame-answer batch 1661: 1 item(s)
Checkpoint saved: 1671 frame answer item(s)
Running Molmo2 frame-answer batch 1662: 1 item(s)
Checkpoint saved: 1672 frame answer item(s)
Running Molmo2 frame-answer batch 1663: 1 item(s)
Checkpoint saved: 1673 frame answer item(s)
Running Molmo2 frame-answer batch 1664: 1 item(s)
Checkpoint saved: 1674 frame answer item(s)
Running Molmo2 frame-answer batch 1665: 1 item(s)
Checkpoint saved: 1675 frame answer item(s)
Running Molmo2 frame-answer batch 1666: 1 item(s)
Checkpoint saved: 1676 frame answer item(s)
Running Molmo2 frame-answer batch 1667: 1 item(s)
Checkpoint saved: 1677 frame answer item(s)
Running Molmo2 frame-answer batch 1668: 1 item(s)
Checkpoint saved: 1678 frame answer item(s)
Running Molmo2 frame-answer batch 1669: 1 item(s)
Checkpoint saved: 1679 frame answer item(s)
Running Molmo2 frame-answer batch 1670: 1 item(s)
Checkpoint saved: 1680 frame answer item(s)
Running Molmo2 frame-answer batch 1671: 1 item(s)
Checkpoint saved: 1681 frame answer item(s)
Running Molmo2 frame-answer batch 1672: 1 item(s)
Checkpoint saved: 1682 frame answer item(s)
Running Molmo2 frame-answer batch 1673: 1 item(s)
Checkpoint saved: 1683 frame answer item(s)
Running Molmo2 frame-answer batch 1674: 1 item(s)
Checkpoint saved: 1684 frame answer item(s)
Running Molmo2 frame-answer batch 1675: 1 item(s)
Checkpoint saved: 1685 frame answer item(s)
Running Molmo2 frame-answer batch 1676: 1 item(s)
Checkpoint saved: 1686 frame answer item(s)
Running Molmo2 frame-answer batch 1677: 1 item(s)
Checkpoint saved: 1687 frame answer item(s)
Running Molmo2 frame-answer batch 1678: 1 item(s)
Checkpoint saved: 1688 frame answer item(s)
Running Molmo2 frame-answer batch 1679: 1 item(s)
Checkpoint saved: 1689 frame answer item(s)
Running Molmo2 frame-answer batch 1680: 1 item(s)
Checkpoint saved: 1690 frame answer item(s)
Running Molmo2 frame-answer batch 1681: 1 item(s)
Checkpoint saved: 1691 frame answer item(s)
Running Molmo2 frame-answer batch 1682: 1 item(s)
Checkpoint saved: 1692 frame answer item(s)
Running Molmo2 frame-answer batch 1683: 1 item(s)
Checkpoint saved: 1693 frame answer item(s)
Running Molmo2 frame-answer batch 1684: 1 item(s)
Checkpoint saved: 1694 frame answer item(s)
Running Molmo2 frame-answer batch 1685: 1 item(s)
Checkpoint saved: 1695 frame answer item(s)
Running Molmo2 frame-answer batch 1686: 1 item(s)
Checkpoint saved: 1696 frame answer item(s)
Running Molmo2 frame-answer batch 1687: 1 item(s)
Checkpoint saved: 1697 frame answer item(s)
Running Molmo2 frame-answer batch 1688: 1 item(s)
Checkpoint saved: 1698 frame answer item(s)
Running Molmo2 frame-answer batch 1689: 1 item(s)
Checkpoint saved: 1699 frame answer item(s)
Running Molmo2 frame-answer batch 1690: 1 item(s)
Checkpoint saved: 1700 frame answer item(s)
Running Molmo2 frame-answer batch 1691: 1 item(s)
Checkpoint saved: 1701 frame answer item(s)
Running Molmo2 frame-answer batch 1692: 1 item(s)
Checkpoint saved: 1702 frame answer item(s)
Running Molmo2 frame-answer batch 1693: 1 item(s)
Checkpoint saved: 1703 frame answer item(s)
Running Molmo2 frame-answer batch 1694: 1 item(s)
Checkpoint saved: 1704 frame answer item(s)
Running Molmo2 frame-answer batch 1695: 1 item(s)
Checkpoint saved: 1705 frame answer item(s)
Running Molmo2 frame-answer batch 1696: 1 item(s)
Checkpoint saved: 1706 frame answer item(s)
Running Molmo2 frame-answer batch 1697: 1 item(s)
Checkpoint saved: 1707 frame answer item(s)
Running Molmo2 frame-answer batch 1698: 1 item(s)
Checkpoint saved: 1708 frame answer item(s)
Running Molmo2 frame-answer batch 1699: 1 item(s)
Checkpoint saved: 1709 frame answer item(s)
Running Molmo2 frame-answer batch 1700: 1 item(s)
Checkpoint saved: 1710 frame answer item(s)
Running Molmo2 frame-answer batch 1701: 1 item(s)
Checkpoint saved: 1711 frame answer item(s)
Running Molmo2 frame-answer batch 1702: 1 item(s)
Checkpoint saved: 1712 frame answer item(s)
Running Molmo2 frame-answer batch 1703: 1 item(s)
Checkpoint saved: 1713 frame answer item(s)
Running Molmo2 frame-answer batch 1704: 1 item(s)
Checkpoint saved: 1714 frame answer item(s)
Running Molmo2 frame-answer batch 1705: 1 item(s)
Checkpoint saved: 1715 frame answer item(s)
Running Molmo2 frame-answer batch 1706: 1 item(s)
Checkpoint saved: 1716 frame answer item(s)
Running Molmo2 frame-answer batch 1707: 1 item(s)
Checkpoint saved: 1717 frame answer item(s)
Running Molmo2 frame-answer batch 1708: 1 item(s)
Checkpoint saved: 1718 frame answer item(s)
Running Molmo2 frame-answer batch 1709: 1 item(s)
Checkpoint saved: 1719 frame answer item(s)
Running Molmo2 frame-answer batch 1710: 1 item(s)
Checkpoint saved: 1720 frame answer item(s)
Running Molmo2 frame-answer batch 1711: 1 item(s)
Checkpoint saved: 1721 frame answer item(s)
Running Molmo2 frame-answer batch 1712: 1 item(s)
Checkpoint saved: 1722 frame answer item(s)
Running Molmo2 frame-answer batch 1713: 1 item(s)
Checkpoint saved: 1723 frame answer item(s)
Running Molmo2 frame-answer batch 1714: 1 item(s)
Checkpoint saved: 1724 frame answer item(s)
Running Molmo2 frame-answer batch 1715: 1 item(s)
Checkpoint saved: 1725 frame answer item(s)
Running Molmo2 frame-answer batch 1716: 1 item(s)
Checkpoint saved: 1726 frame answer item(s)
Running Molmo2 frame-answer batch 1717: 1 item(s)
Checkpoint saved: 1727 frame answer item(s)
Running Molmo2 frame-answer batch 1718: 1 item(s)
Checkpoint saved: 1728 frame answer item(s)
Running Molmo2 frame-answer batch 1719: 1 item(s)
Checkpoint saved: 1729 frame answer item(s)
Running Molmo2 frame-answer batch 1720: 1 item(s)
Checkpoint saved: 1730 frame answer item(s)
Running Molmo2 frame-answer batch 1721: 1 item(s)
Checkpoint saved: 1731 frame answer item(s)
Running Molmo2 frame-answer batch 1722: 1 item(s)
Checkpoint saved: 1732 frame answer item(s)
Running Molmo2 frame-answer batch 1723: 1 item(s)
Checkpoint saved: 1733 frame answer item(s)
Running Molmo2 frame-answer batch 1724: 1 item(s)
Checkpoint saved: 1734 frame answer item(s)
Running Molmo2 frame-answer batch 1725: 1 item(s)
Checkpoint saved: 1735 frame answer item(s)
Running Molmo2 frame-answer batch 1726: 1 item(s)
Checkpoint saved: 1736 frame answer item(s)
Running Molmo2 frame-answer batch 1727: 1 item(s)
Checkpoint saved: 1737 frame answer item(s)
Running Molmo2 frame-answer batch 1728: 1 item(s)
Checkpoint saved: 1738 frame answer item(s)
Running Molmo2 frame-answer batch 1729: 1 item(s)
Checkpoint saved: 1739 frame answer item(s)
Running Molmo2 frame-answer batch 1730: 1 item(s)
Checkpoint saved: 1740 frame answer item(s)
Running Molmo2 frame-answer batch 1731: 1 item(s)
Checkpoint saved: 1741 frame answer item(s)
Running Molmo2 frame-answer batch 1732: 1 item(s)
Checkpoint saved: 1742 frame answer item(s)
Running Molmo2 frame-answer batch 1733: 1 item(s)
Checkpoint saved: 1743 frame answer item(s)
Running Molmo2 frame-answer batch 1734: 1 item(s)
Checkpoint saved: 1744 frame answer item(s)
Running Molmo2 frame-answer batch 1735: 1 item(s)
Checkpoint saved: 1745 frame answer item(s)
Running Molmo2 frame-answer batch 1736: 1 item(s)
Checkpoint saved: 1746 frame answer item(s)
Running Molmo2 frame-answer batch 1737: 1 item(s)
Checkpoint saved: 1747 frame answer item(s)
Running Molmo2 frame-answer batch 1738: 1 item(s)
Checkpoint saved: 1748 frame answer item(s)
Running Molmo2 frame-answer batch 1739: 1 item(s)
Checkpoint saved: 1749 frame answer item(s)
Running Molmo2 frame-answer batch 1740: 1 item(s)
Checkpoint saved: 1750 frame answer item(s)
Running Molmo2 frame-answer batch 1741: 1 item(s)
Checkpoint saved: 1751 frame answer item(s)
Running Molmo2 frame-answer batch 1742: 1 item(s)
Checkpoint saved: 1752 frame answer item(s)
Running Molmo2 frame-answer batch 1743: 1 item(s)
Checkpoint saved: 1753 frame answer item(s)
Running Molmo2 frame-answer batch 1744: 1 item(s)
Checkpoint saved: 1754 frame answer item(s)
Running Molmo2 frame-answer batch 1745: 1 item(s)
Checkpoint saved: 1755 frame answer item(s)
Running Molmo2 frame-answer batch 1746: 1 item(s)
Checkpoint saved: 1756 frame answer item(s)
Running Molmo2 frame-answer batch 1747: 1 item(s)
Checkpoint saved: 1757 frame answer item(s)
Running Molmo2 frame-answer batch 1748: 1 item(s)
Checkpoint saved: 1758 frame answer item(s)
Running Molmo2 frame-answer batch 1749: 1 item(s)
Checkpoint saved: 1759 frame answer item(s)
Running Molmo2 frame-answer batch 1750: 1 item(s)
Checkpoint saved: 1760 frame answer item(s)
Running Molmo2 frame-answer batch 1751: 1 item(s)
Checkpoint saved: 1761 frame answer item(s)
Running Molmo2 frame-answer batch 1752: 1 item(s)
Checkpoint saved: 1762 frame answer item(s)
Running Molmo2 frame-answer batch 1753: 1 item(s)
Checkpoint saved: 1763 frame answer item(s)
Running Molmo2 frame-answer batch 1754: 1 item(s)
Checkpoint saved: 1764 frame answer item(s)
Running Molmo2 frame-answer batch 1755: 1 item(s)
Checkpoint saved: 1765 frame answer item(s)
Running Molmo2 frame-answer batch 1756: 1 item(s)
Checkpoint saved: 1766 frame answer item(s)
Running Molmo2 frame-answer batch 1757: 1 item(s)
Checkpoint saved: 1767 frame answer item(s)
Running Molmo2 frame-answer batch 1758: 1 item(s)
Checkpoint saved: 1768 frame answer item(s)
Running Molmo2 frame-answer batch 1759: 1 item(s)
Checkpoint saved: 1769 frame answer item(s)
Running Molmo2 frame-answer batch 1760: 1 item(s)
Checkpoint saved: 1770 frame answer item(s)
Running Molmo2 frame-answer batch 1761: 1 item(s)
Checkpoint saved: 1771 frame answer item(s)
Running Molmo2 frame-answer batch 1762: 1 item(s)
Checkpoint saved: 1772 frame answer item(s)
Running Molmo2 frame-answer batch 1763: 1 item(s)
Checkpoint saved: 1773 frame answer item(s)
Running Molmo2 frame-answer batch 1764: 1 item(s)
Checkpoint saved: 1774 frame answer item(s)
Running Molmo2 frame-answer batch 1765: 1 item(s)
Checkpoint saved: 1775 frame answer item(s)
Running Molmo2 frame-answer batch 1766: 1 item(s)
Checkpoint saved: 1776 frame answer item(s)
Running Molmo2 frame-answer batch 1767: 1 item(s)
Checkpoint saved: 1777 frame answer item(s)
Running Molmo2 frame-answer batch 1768: 1 item(s)
Checkpoint saved: 1778 frame answer item(s)
Running Molmo2 frame-answer batch 1769: 1 item(s)
Checkpoint saved: 1779 frame answer item(s)
Running Molmo2 frame-answer batch 1770: 1 item(s)
Checkpoint saved: 1780 frame answer item(s)
Running Molmo2 frame-answer batch 1771: 1 item(s)
Checkpoint saved: 1781 frame answer item(s)
Running Molmo2 frame-answer batch 1772: 1 item(s)
Checkpoint saved: 1782 frame answer item(s)
Running Molmo2 frame-answer batch 1773: 1 item(s)
Checkpoint saved: 1783 frame answer item(s)
Running Molmo2 frame-answer batch 1774: 1 item(s)
Checkpoint saved: 1784 frame answer item(s)
Running Molmo2 frame-answer batch 1775: 1 item(s)
Checkpoint saved: 1785 frame answer item(s)
Running Molmo2 frame-answer batch 1776: 1 item(s)
Checkpoint saved: 1786 frame answer item(s)
Running Molmo2 frame-answer batch 1777: 1 item(s)
Checkpoint saved: 1787 frame answer item(s)
Running Molmo2 frame-answer batch 1778: 1 item(s)
Checkpoint saved: 1788 frame answer item(s)
Running Molmo2 frame-answer batch 1779: 1 item(s)
Checkpoint saved: 1789 frame answer item(s)
Running Molmo2 frame-answer batch 1780: 1 item(s)
Checkpoint saved: 1790 frame answer item(s)
Running Molmo2 frame-answer batch 1781: 1 item(s)
Checkpoint saved: 1791 frame answer item(s)
Running Molmo2 frame-answer batch 1782: 1 item(s)
Checkpoint saved: 1792 frame answer item(s)
Running Molmo2 frame-answer batch 1783: 1 item(s)
Checkpoint saved: 1793 frame answer item(s)
Running Molmo2 frame-answer batch 1784: 1 item(s)
Checkpoint saved: 1794 frame answer item(s)
Running Molmo2 frame-answer batch 1785: 1 item(s)
Checkpoint saved: 1795 frame answer item(s)
Running Molmo2 frame-answer batch 1786: 1 item(s)
Checkpoint saved: 1796 frame answer item(s)
Running Molmo2 frame-answer batch 1787: 1 item(s)
Checkpoint saved: 1797 frame answer item(s)
Running Molmo2 frame-answer batch 1788: 1 item(s)
Checkpoint saved: 1798 frame answer item(s)
Running Molmo2 frame-answer batch 1789: 1 item(s)
Checkpoint saved: 1799 frame answer item(s)
Running Molmo2 frame-answer batch 1790: 1 item(s)
Checkpoint saved: 1800 frame answer item(s)
Running Molmo2 frame-answer batch 1791: 1 item(s)
Checkpoint saved: 1801 frame answer item(s)
Running Molmo2 frame-answer batch 1792: 1 item(s)
Checkpoint saved: 1802 frame answer item(s)
Running Molmo2 frame-answer batch 1793: 1 item(s)
Checkpoint saved: 1803 frame answer item(s)
Running Molmo2 frame-answer batch 1794: 1 item(s)
Checkpoint saved: 1804 frame answer item(s)
Running Molmo2 frame-answer batch 1795: 1 item(s)
Checkpoint saved: 1805 frame answer item(s)
Running Molmo2 frame-answer batch 1796: 1 item(s)
Checkpoint saved: 1806 frame answer item(s)
Running Molmo2 frame-answer batch 1797: 1 item(s)
Checkpoint saved: 1807 frame answer item(s)
Running Molmo2 frame-answer batch 1798: 1 item(s)
Checkpoint saved: 1808 frame answer item(s)
Running Molmo2 frame-answer batch 1799: 1 item(s)
Checkpoint saved: 1809 frame answer item(s)
Running Molmo2 frame-answer batch 1800: 1 item(s)
Checkpoint saved: 1810 frame answer item(s)
Running Molmo2 frame-answer batch 1801: 1 item(s)
Checkpoint saved: 1811 frame answer item(s)
Running Molmo2 frame-answer batch 1802: 1 item(s)
Checkpoint saved: 1812 frame answer item(s)
Running Molmo2 frame-answer batch 1803: 1 item(s)
Checkpoint saved: 1813 frame answer item(s)
Running Molmo2 frame-answer batch 1804: 1 item(s)
Checkpoint saved: 1814 frame answer item(s)
Running Molmo2 frame-answer batch 1805: 1 item(s)
Checkpoint saved: 1815 frame answer item(s)
Running Molmo2 frame-answer batch 1806: 1 item(s)
Checkpoint saved: 1816 frame answer item(s)
Running Molmo2 frame-answer batch 1807: 1 item(s)
Checkpoint saved: 1817 frame answer item(s)
Running Molmo2 frame-answer batch 1808: 1 item(s)
Checkpoint saved: 1818 frame answer item(s)
Running Molmo2 frame-answer batch 1809: 1 item(s)
Checkpoint saved: 1819 frame answer item(s)
Running Molmo2 frame-answer batch 1810: 1 item(s)
Checkpoint saved: 1820 frame answer item(s)
Running Molmo2 frame-answer batch 1811: 1 item(s)
Checkpoint saved: 1821 frame answer item(s)
Running Molmo2 frame-answer batch 1812: 1 item(s)
Checkpoint saved: 1822 frame answer item(s)
Running Molmo2 frame-answer batch 1813: 1 item(s)
Checkpoint saved: 1823 frame answer item(s)
Running Molmo2 frame-answer batch 1814: 1 item(s)
Checkpoint saved: 1824 frame answer item(s)
Running Molmo2 frame-answer batch 1815: 1 item(s)
Checkpoint saved: 1825 frame answer item(s)
Running Molmo2 frame-answer batch 1816: 1 item(s)
Checkpoint saved: 1826 frame answer item(s)
Running Molmo2 frame-answer batch 1817: 1 item(s)
Checkpoint saved: 1827 frame answer item(s)
Running Molmo2 frame-answer batch 1818: 1 item(s)
Checkpoint saved: 1828 frame answer item(s)
Running Molmo2 frame-answer batch 1819: 1 item(s)
Checkpoint saved: 1829 frame answer item(s)
Running Molmo2 frame-answer batch 1820: 1 item(s)
Checkpoint saved: 1830 frame answer item(s)
Running Molmo2 frame-answer batch 1821: 1 item(s)
Checkpoint saved: 1831 frame answer item(s)
Running Molmo2 frame-answer batch 1822: 1 item(s)
Checkpoint saved: 1832 frame answer item(s)
Running Molmo2 frame-answer batch 1823: 1 item(s)
Checkpoint saved: 1833 frame answer item(s)
Running Molmo2 frame-answer batch 1824: 1 item(s)
Checkpoint saved: 1834 frame answer item(s)
Running Molmo2 frame-answer batch 1825: 1 item(s)
Checkpoint saved: 1835 frame answer item(s)
Running Molmo2 frame-answer batch 1826: 1 item(s)
Checkpoint saved: 1836 frame answer item(s)
Running Molmo2 frame-answer batch 1827: 1 item(s)
Checkpoint saved: 1837 frame answer item(s)
Running Molmo2 frame-answer batch 1828: 1 item(s)
Checkpoint saved: 1838 frame answer item(s)
Running Molmo2 frame-answer batch 1829: 1 item(s)
Checkpoint saved: 1839 frame answer item(s)
Running Molmo2 frame-answer batch 1830: 1 item(s)
Checkpoint saved: 1840 frame answer item(s)
Running Molmo2 frame-answer batch 1831: 1 item(s)
Checkpoint saved: 1841 frame answer item(s)
Running Molmo2 frame-answer batch 1832: 1 item(s)
Checkpoint saved: 1842 frame answer item(s)
Running Molmo2 frame-answer batch 1833: 1 item(s)
Checkpoint saved: 1843 frame answer item(s)
Running Molmo2 frame-answer batch 1834: 1 item(s)
Checkpoint saved: 1844 frame answer item(s)
Running Molmo2 frame-answer batch 1835: 1 item(s)
Checkpoint saved: 1845 frame answer item(s)
Running Molmo2 frame-answer batch 1836: 1 item(s)
Checkpoint saved: 1846 frame answer item(s)
Running Molmo2 frame-answer batch 1837: 1 item(s)
Checkpoint saved: 1847 frame answer item(s)
Running Molmo2 frame-answer batch 1838: 1 item(s)
Checkpoint saved: 1848 frame answer item(s)
Running Molmo2 frame-answer batch 1839: 1 item(s)
Checkpoint saved: 1849 frame answer item(s)
Running Molmo2 frame-answer batch 1840: 1 item(s)
Checkpoint saved: 1850 frame answer item(s)
Running Molmo2 frame-answer batch 1841: 1 item(s)
Checkpoint saved: 1851 frame answer item(s)
Running Molmo2 frame-answer batch 1842: 1 item(s)
Checkpoint saved: 1852 frame answer item(s)
Running Molmo2 frame-answer batch 1843: 1 item(s)
Checkpoint saved: 1853 frame answer item(s)
Running Molmo2 frame-answer batch 1844: 1 item(s)
Checkpoint saved: 1854 frame answer item(s)
Running Molmo2 frame-answer batch 1845: 1 item(s)
Checkpoint saved: 1855 frame answer item(s)
Running Molmo2 frame-answer batch 1846: 1 item(s)
Checkpoint saved: 1856 frame answer item(s)
Running Molmo2 frame-answer batch 1847: 1 item(s)
Checkpoint saved: 1857 frame answer item(s)
Running Molmo2 frame-answer batch 1848: 1 item(s)
Checkpoint saved: 1858 frame answer item(s)
Running Molmo2 frame-answer batch 1849: 1 item(s)
Checkpoint saved: 1859 frame answer item(s)
Running Molmo2 frame-answer batch 1850: 1 item(s)
Checkpoint saved: 1860 frame answer item(s)
Running Molmo2 frame-answer batch 1851: 1 item(s)
Checkpoint saved: 1861 frame answer item(s)
Running Molmo2 frame-answer batch 1852: 1 item(s)
Checkpoint saved: 1862 frame answer item(s)
Running Molmo2 frame-answer batch 1853: 1 item(s)
Checkpoint saved: 1863 frame answer item(s)
Running Molmo2 frame-answer batch 1854: 1 item(s)
Checkpoint saved: 1864 frame answer item(s)
Running Molmo2 frame-answer batch 1855: 1 item(s)
Checkpoint saved: 1865 frame answer item(s)
Running Molmo2 frame-answer batch 1856: 1 item(s)
Checkpoint saved: 1866 frame answer item(s)
Running Molmo2 frame-answer batch 1857: 1 item(s)
Checkpoint saved: 1867 frame answer item(s)
Running Molmo2 frame-answer batch 1858: 1 item(s)
Checkpoint saved: 1868 frame answer item(s)
Running Molmo2 frame-answer batch 1859: 1 item(s)
Checkpoint saved: 1869 frame answer item(s)
Running Molmo2 frame-answer batch 1860: 1 item(s)
Checkpoint saved: 1870 frame answer item(s)
Running Molmo2 frame-answer batch 1861: 1 item(s)
Checkpoint saved: 1871 frame answer item(s)
Running Molmo2 frame-answer batch 1862: 1 item(s)
Checkpoint saved: 1872 frame answer item(s)
Running Molmo2 frame-answer batch 1863: 1 item(s)
Checkpoint saved: 1873 frame answer item(s)
Running Molmo2 frame-answer batch 1864: 1 item(s)
Checkpoint saved: 1874 frame answer item(s)
Running Molmo2 frame-answer batch 1865: 1 item(s)
Checkpoint saved: 1875 frame answer item(s)
Running Molmo2 frame-answer batch 1866: 1 item(s)
Checkpoint saved: 1876 frame answer item(s)
Running Molmo2 frame-answer batch 1867: 1 item(s)
Checkpoint saved: 1877 frame answer item(s)
Running Molmo2 frame-answer batch 1868: 1 item(s)
Checkpoint saved: 1878 frame answer item(s)
Running Molmo2 frame-answer batch 1869: 1 item(s)
Checkpoint saved: 1879 frame answer item(s)
Running Molmo2 frame-answer batch 1870: 1 item(s)
Checkpoint saved: 1880 frame answer item(s)
Running Molmo2 frame-answer batch 1871: 1 item(s)
Checkpoint saved: 1881 frame answer item(s)
Running Molmo2 frame-answer batch 1872: 1 item(s)
Checkpoint saved: 1882 frame answer item(s)
Running Molmo2 frame-answer batch 1873: 1 item(s)
Checkpoint saved: 1883 frame answer item(s)
Running Molmo2 frame-answer batch 1874: 1 item(s)
Checkpoint saved: 1884 frame answer item(s)
Running Molmo2 frame-answer batch 1875: 1 item(s)
Checkpoint saved: 1885 frame answer item(s)
Running Molmo2 frame-answer batch 1876: 1 item(s)
Checkpoint saved: 1886 frame answer item(s)
Running Molmo2 frame-answer batch 1877: 1 item(s)
Checkpoint saved: 1887 frame answer item(s)
Running Molmo2 frame-answer batch 1878: 1 item(s)
Checkpoint saved: 1888 frame answer item(s)
Running Molmo2 frame-answer batch 1879: 1 item(s)
Checkpoint saved: 1889 frame answer item(s)
Running Molmo2 frame-answer batch 1880: 1 item(s)
Checkpoint saved: 1890 frame answer item(s)
Running Molmo2 frame-answer batch 1881: 1 item(s)
Checkpoint saved: 1891 frame answer item(s)
Running Molmo2 frame-answer batch 1882: 1 item(s)
Checkpoint saved: 1892 frame answer item(s)
Running Molmo2 frame-answer batch 1883: 1 item(s)
Checkpoint saved: 1893 frame answer item(s)
Running Molmo2 frame-answer batch 1884: 1 item(s)
Checkpoint saved: 1894 frame answer item(s)
Running Molmo2 frame-answer batch 1885: 1 item(s)
Checkpoint saved: 1895 frame answer item(s)
Running Molmo2 frame-answer batch 1886: 1 item(s)
Checkpoint saved: 1896 frame answer item(s)
Running Molmo2 frame-answer batch 1887: 1 item(s)
Checkpoint saved: 1897 frame answer item(s)
Running Molmo2 frame-answer batch 1888: 1 item(s)
Checkpoint saved: 1898 frame answer item(s)
Running Molmo2 frame-answer batch 1889: 1 item(s)
Checkpoint saved: 1899 frame answer item(s)
Running Molmo2 frame-answer batch 1890: 1 item(s)
Checkpoint saved: 1900 frame answer item(s)
Running Molmo2 frame-answer batch 1891: 1 item(s)
Checkpoint saved: 1901 frame answer item(s)
Running Molmo2 frame-answer batch 1892: 1 item(s)
Checkpoint saved: 1902 frame answer item(s)
Running Molmo2 frame-answer batch 1893: 1 item(s)
Checkpoint saved: 1903 frame answer item(s)
Running Molmo2 frame-answer batch 1894: 1 item(s)
Checkpoint saved: 1904 frame answer item(s)
Running Molmo2 frame-answer batch 1895: 1 item(s)
Checkpoint saved: 1905 frame answer item(s)
Running Molmo2 frame-answer batch 1896: 1 item(s)
Checkpoint saved: 1906 frame answer item(s)
Running Molmo2 frame-answer batch 1897: 1 item(s)
Checkpoint saved: 1907 frame answer item(s)
Running Molmo2 frame-answer batch 1898: 1 item(s)
Checkpoint saved: 1908 frame answer item(s)
Running Molmo2 frame-answer batch 1899: 1 item(s)
Checkpoint saved: 1909 frame answer item(s)
Running Molmo2 frame-answer batch 1900: 1 item(s)
Checkpoint saved: 1910 frame answer item(s)
Running Molmo2 frame-answer batch 1901: 1 item(s)
Checkpoint saved: 1911 frame answer item(s)
Running Molmo2 frame-answer batch 1902: 1 item(s)
Checkpoint saved: 1912 frame answer item(s)
Running Molmo2 frame-answer batch 1903: 1 item(s)
Checkpoint saved: 1913 frame answer item(s)
Running Molmo2 frame-answer batch 1904: 1 item(s)
Checkpoint saved: 1914 frame answer item(s)
Running Molmo2 frame-answer batch 1905: 1 item(s)
Checkpoint saved: 1915 frame answer item(s)
Running Molmo2 frame-answer batch 1906: 1 item(s)
Checkpoint saved: 1916 frame answer item(s)
Running Molmo2 frame-answer batch 1907: 1 item(s)
Checkpoint saved: 1917 frame answer item(s)
Running Molmo2 frame-answer batch 1908: 1 item(s)
Checkpoint saved: 1918 frame answer item(s)
Running Molmo2 frame-answer batch 1909: 1 item(s)
Checkpoint saved: 1919 frame answer item(s)
Running Molmo2 frame-answer batch 1910: 1 item(s)
Checkpoint saved: 1920 frame answer item(s)
Running Molmo2 frame-answer batch 1911: 1 item(s)
Checkpoint saved: 1921 frame answer item(s)
Running Molmo2 frame-answer batch 1912: 1 item(s)
Checkpoint saved: 1922 frame answer item(s)
Running Molmo2 frame-answer batch 1913: 1 item(s)
Checkpoint saved: 1923 frame answer item(s)
Running Molmo2 frame-answer batch 1914: 1 item(s)
Checkpoint saved: 1924 frame answer item(s)
Running Molmo2 frame-answer batch 1915: 1 item(s)
Checkpoint saved: 1925 frame answer item(s)
Running Molmo2 frame-answer batch 1916: 1 item(s)
Checkpoint saved: 1926 frame answer item(s)
Running Molmo2 frame-answer batch 1917: 1 item(s)
Checkpoint saved: 1927 frame answer item(s)
Running Molmo2 frame-answer batch 1918: 1 item(s)
Checkpoint saved: 1928 frame answer item(s)
Running Molmo2 frame-answer batch 1919: 1 item(s)
Checkpoint saved: 1929 frame answer item(s)
Running Molmo2 frame-answer batch 1920: 1 item(s)
Checkpoint saved: 1930 frame answer item(s)
Running Molmo2 frame-answer batch 1921: 1 item(s)
Checkpoint saved: 1931 frame answer item(s)
Running Molmo2 frame-answer batch 1922: 1 item(s)
Checkpoint saved: 1932 frame answer item(s)
Running Molmo2 frame-answer batch 1923: 1 item(s)
Checkpoint saved: 1933 frame answer item(s)
Running Molmo2 frame-answer batch 1924: 1 item(s)
Checkpoint saved: 1934 frame answer item(s)
Running Molmo2 frame-answer batch 1925: 1 item(s)
Checkpoint saved: 1935 frame answer item(s)
Running Molmo2 frame-answer batch 1926: 1 item(s)
Checkpoint saved: 1936 frame answer item(s)
Running Molmo2 frame-answer batch 1927: 1 item(s)
Checkpoint saved: 1937 frame answer item(s)
Running Molmo2 frame-answer batch 1928: 1 item(s)
Checkpoint saved: 1938 frame answer item(s)
Running Molmo2 frame-answer batch 1929: 1 item(s)
Checkpoint saved: 1939 frame answer item(s)
Running Molmo2 frame-answer batch 1930: 1 item(s)
Checkpoint saved: 1940 frame answer item(s)
Running Molmo2 frame-answer batch 1931: 1 item(s)
Checkpoint saved: 1941 frame answer item(s)
Running Molmo2 frame-answer batch 1932: 1 item(s)
Checkpoint saved: 1942 frame answer item(s)
Running Molmo2 frame-answer batch 1933: 1 item(s)
Checkpoint saved: 1943 frame answer item(s)
Running Molmo2 frame-answer batch 1934: 1 item(s)
Checkpoint saved: 1944 frame answer item(s)
Running Molmo2 frame-answer batch 1935: 1 item(s)
Checkpoint saved: 1945 frame answer item(s)
Running Molmo2 frame-answer batch 1936: 1 item(s)
Checkpoint saved: 1946 frame answer item(s)
Running Molmo2 frame-answer batch 1937: 1 item(s)
Checkpoint saved: 1947 frame answer item(s)
Running Molmo2 frame-answer batch 1938: 1 item(s)
Checkpoint saved: 1948 frame answer item(s)
Running Molmo2 frame-answer batch 1939: 1 item(s)
Checkpoint saved: 1949 frame answer item(s)
Running Molmo2 frame-answer batch 1940: 1 item(s)
Checkpoint saved: 1950 frame answer item(s)
Running Molmo2 frame-answer batch 1941: 1 item(s)
Checkpoint saved: 1951 frame answer item(s)
Running Molmo2 frame-answer batch 1942: 1 item(s)
Checkpoint saved: 1952 frame answer item(s)
Running Molmo2 frame-answer batch 1943: 1 item(s)
Checkpoint saved: 1953 frame answer item(s)
Running Molmo2 frame-answer batch 1944: 1 item(s)
Checkpoint saved: 1954 frame answer item(s)
Running Molmo2 frame-answer batch 1945: 1 item(s)
Checkpoint saved: 1955 frame answer item(s)
Running Molmo2 frame-answer batch 1946: 1 item(s)
Checkpoint saved: 1956 frame answer item(s)
Running Molmo2 frame-answer batch 1947: 1 item(s)
Checkpoint saved: 1957 frame answer item(s)
Running Molmo2 frame-answer batch 1948: 1 item(s)
Checkpoint saved: 1958 frame answer item(s)
Running Molmo2 frame-answer batch 1949: 1 item(s)
Checkpoint saved: 1959 frame answer item(s)
Running Molmo2 frame-answer batch 1950: 1 item(s)
Checkpoint saved: 1960 frame answer item(s)
Running Molmo2 frame-answer batch 1951: 1 item(s)
Checkpoint saved: 1961 frame answer item(s)
Running Molmo2 frame-answer batch 1952: 1 item(s)
Checkpoint saved: 1962 frame answer item(s)
Running Molmo2 frame-answer batch 1953: 1 item(s)
Checkpoint saved: 1963 frame answer item(s)
Running Molmo2 frame-answer batch 1954: 1 item(s)
Checkpoint saved: 1964 frame answer item(s)
Running Molmo2 frame-answer batch 1955: 1 item(s)
Checkpoint saved: 1965 frame answer item(s)
Running Molmo2 frame-answer batch 1956: 1 item(s)
Checkpoint saved: 1966 frame answer item(s)
Running Molmo2 frame-answer batch 1957: 1 item(s)
Checkpoint saved: 1967 frame answer item(s)
Running Molmo2 frame-answer batch 1958: 1 item(s)
Checkpoint saved: 1968 frame answer item(s)
Running Molmo2 frame-answer batch 1959: 1 item(s)
Checkpoint saved: 1969 frame answer item(s)
Running Molmo2 frame-answer batch 1960: 1 item(s)
Checkpoint saved: 1970 frame answer item(s)
Running Molmo2 frame-answer batch 1961: 1 item(s)
Checkpoint saved: 1971 frame answer item(s)
Running Molmo2 frame-answer batch 1962: 1 item(s)
Checkpoint saved: 1972 frame answer item(s)
Running Molmo2 frame-answer batch 1963: 1 item(s)
Checkpoint saved: 1973 frame answer item(s)
Running Molmo2 frame-answer batch 1964: 1 item(s)
Checkpoint saved: 1974 frame answer item(s)
Running Molmo2 frame-answer batch 1965: 1 item(s)
Checkpoint saved: 1975 frame answer item(s)
Running Molmo2 frame-answer batch 1966: 1 item(s)
Checkpoint saved: 1976 frame answer item(s)
Running Molmo2 frame-answer batch 1967: 1 item(s)
Checkpoint saved: 1977 frame answer item(s)
Running Molmo2 frame-answer batch 1968: 1 item(s)
Checkpoint saved: 1978 frame answer item(s)
Running Molmo2 frame-answer batch 1969: 1 item(s)
Checkpoint saved: 1979 frame answer item(s)
Running Molmo2 frame-answer batch 1970: 1 item(s)
Checkpoint saved: 1980 frame answer item(s)
Running Molmo2 frame-answer batch 1971: 1 item(s)
Checkpoint saved: 1981 frame answer item(s)
Running Molmo2 frame-answer batch 1972: 1 item(s)
Checkpoint saved: 1982 frame answer item(s)
Running Molmo2 frame-answer batch 1973: 1 item(s)
Checkpoint saved: 1983 frame answer item(s)
Running Molmo2 frame-answer batch 1974: 1 item(s)
Checkpoint saved: 1984 frame answer item(s)
Running Molmo2 frame-answer batch 1975: 1 item(s)
Checkpoint saved: 1985 frame answer item(s)
Running Molmo2 frame-answer batch 1976: 1 item(s)
Checkpoint saved: 1986 frame answer item(s)
Running Molmo2 frame-answer batch 1977: 1 item(s)
Checkpoint saved: 1987 frame answer item(s)
Running Molmo2 frame-answer batch 1978: 1 item(s)
Checkpoint saved: 1988 frame answer item(s)
Running Molmo2 frame-answer batch 1979: 1 item(s)
Checkpoint saved: 1989 frame answer item(s)
Running Molmo2 frame-answer batch 1980: 1 item(s)
Checkpoint saved: 1990 frame answer item(s)
Running Molmo2 frame-answer batch 1981: 1 item(s)
Checkpoint saved: 1991 frame answer item(s)
Running Molmo2 frame-answer batch 1982: 1 item(s)
Checkpoint saved: 1992 frame answer item(s)
Running Molmo2 frame-answer batch 1983: 1 item(s)
Checkpoint saved: 1993 frame answer item(s)
Running Molmo2 frame-answer batch 1984: 1 item(s)
Checkpoint saved: 1994 frame answer item(s)
Running Molmo2 frame-answer batch 1985: 1 item(s)
Checkpoint saved: 1995 frame answer item(s)
Running Molmo2 frame-answer batch 1986: 1 item(s)
Checkpoint saved: 1996 frame answer item(s)
Running Molmo2 frame-answer batch 1987: 1 item(s)
Checkpoint saved: 1997 frame answer item(s)
Running Molmo2 frame-answer batch 1988: 1 item(s)
Checkpoint saved: 1998 frame answer item(s)
Running Molmo2 frame-answer batch 1989: 1 item(s)
Checkpoint saved: 1999 frame answer item(s)
Running Molmo2 frame-answer batch 1990: 1 item(s)
Checkpoint saved: 2000 frame answer item(s)
Running Molmo2 frame-answer batch 1991: 1 item(s)
Checkpoint saved: 2001 frame answer item(s)
Running Molmo2 frame-answer batch 1992: 1 item(s)
Checkpoint saved: 2002 frame answer item(s)
Running Molmo2 frame-answer batch 1993: 1 item(s)
Checkpoint saved: 2003 frame answer item(s)
Running Molmo2 frame-answer batch 1994: 1 item(s)
Checkpoint saved: 2004 frame answer item(s)
Running Molmo2 frame-answer batch 1995: 1 item(s)
Checkpoint saved: 2005 frame answer item(s)
Running Molmo2 frame-answer batch 1996: 1 item(s)
Checkpoint saved: 2006 frame answer item(s)
Running Molmo2 frame-answer batch 1997: 1 item(s)
Checkpoint saved: 2007 frame answer item(s)
Running Molmo2 frame-answer batch 1998: 1 item(s)
Checkpoint saved: 2008 frame answer item(s)
Running Molmo2 frame-answer batch 1999: 1 item(s)
Checkpoint saved: 2009 frame answer item(s)
Running Molmo2 frame-answer batch 2000: 1 item(s)
Checkpoint saved: 2010 frame answer item(s)
Running Molmo2 frame-answer batch 2001: 1 item(s)
Checkpoint saved: 2011 frame answer item(s)
Running Molmo2 frame-answer batch 2002: 1 item(s)
Checkpoint saved: 2012 frame answer item(s)
Running Molmo2 frame-answer batch 2003: 1 item(s)
Checkpoint saved: 2013 frame answer item(s)
Running Molmo2 frame-answer batch 2004: 1 item(s)
Checkpoint saved: 2014 frame answer item(s)
Running Molmo2 frame-answer batch 2005: 1 item(s)
Checkpoint saved: 2015 frame answer item(s)
Running Molmo2 frame-answer batch 2006: 1 item(s)
Checkpoint saved: 2016 frame answer item(s)
Running Molmo2 frame-answer batch 2007: 1 item(s)
Checkpoint saved: 2017 frame answer item(s)
Running Molmo2 frame-answer batch 2008: 1 item(s)
Checkpoint saved: 2018 frame answer item(s)
Running Molmo2 frame-answer batch 2009: 1 item(s)
Checkpoint saved: 2019 frame answer item(s)
Running Molmo2 frame-answer batch 2010: 1 item(s)
Checkpoint saved: 2020 frame answer item(s)
Running Molmo2 frame-answer batch 2011: 1 item(s)
Checkpoint saved: 2021 frame answer item(s)
Running Molmo2 frame-answer batch 2012: 1 item(s)
Checkpoint saved: 2022 frame answer item(s)
Running Molmo2 frame-answer batch 2013: 1 item(s)
Checkpoint saved: 2023 frame answer item(s)
Running Molmo2 frame-answer batch 2014: 1 item(s)
Checkpoint saved: 2024 frame answer item(s)
Running Molmo2 frame-answer batch 2015: 1 item(s)
Checkpoint saved: 2025 frame answer item(s)
Running Molmo2 frame-answer batch 2016: 1 item(s)
Checkpoint saved: 2026 frame answer item(s)
Running Molmo2 frame-answer batch 2017: 1 item(s)
Checkpoint saved: 2027 frame answer item(s)
Running Molmo2 frame-answer batch 2018: 1 item(s)
Checkpoint saved: 2028 frame answer item(s)
Running Molmo2 frame-answer batch 2019: 1 item(s)
Checkpoint saved: 2029 frame answer item(s)
Running Molmo2 frame-answer batch 2020: 1 item(s)
Checkpoint saved: 2030 frame answer item(s)
Running Molmo2 frame-answer batch 2021: 1 item(s)
Checkpoint saved: 2031 frame answer item(s)
Running Molmo2 frame-answer batch 2022: 1 item(s)
Checkpoint saved: 2032 frame answer item(s)
Running Molmo2 frame-answer batch 2023: 1 item(s)
Checkpoint saved: 2033 frame answer item(s)
Running Molmo2 frame-answer batch 2024: 1 item(s)
Checkpoint saved: 2034 frame answer item(s)
Running Molmo2 frame-answer batch 2025: 1 item(s)
Checkpoint saved: 2035 frame answer item(s)
Running Molmo2 frame-answer batch 2026: 1 item(s)
Checkpoint saved: 2036 frame answer item(s)
Running Molmo2 frame-answer batch 2027: 1 item(s)
Checkpoint saved: 2037 frame answer item(s)
Running Molmo2 frame-answer batch 2028: 1 item(s)
Checkpoint saved: 2038 frame answer item(s)
Running Molmo2 frame-answer batch 2029: 1 item(s)
Checkpoint saved: 2039 frame answer item(s)
Running Molmo2 frame-answer batch 2030: 1 item(s)
Checkpoint saved: 2040 frame answer item(s)
Running Molmo2 frame-answer batch 2031: 1 item(s)
Checkpoint saved: 2041 frame answer item(s)
Running Molmo2 frame-answer batch 2032: 1 item(s)
Checkpoint saved: 2042 frame answer item(s)
Running Molmo2 frame-answer batch 2033: 1 item(s)
Checkpoint saved: 2043 frame answer item(s)
Running Molmo2 frame-answer batch 2034: 1 item(s)
Checkpoint saved: 2044 frame answer item(s)
Running Molmo2 frame-answer batch 2035: 1 item(s)
Checkpoint saved: 2045 frame answer item(s)
Running Molmo2 frame-answer batch 2036: 1 item(s)
Checkpoint saved: 2046 frame answer item(s)
Running Molmo2 frame-answer batch 2037: 1 item(s)
Checkpoint saved: 2047 frame answer item(s)
Running Molmo2 frame-answer batch 2038: 1 item(s)
Checkpoint saved: 2048 frame answer item(s)
Running Molmo2 frame-answer batch 2039: 1 item(s)
Checkpoint saved: 2049 frame answer item(s)
Running Molmo2 frame-answer batch 2040: 1 item(s)
Checkpoint saved: 2050 frame answer item(s)
Running Molmo2 frame-answer batch 2041: 1 item(s)
Checkpoint saved: 2051 frame answer item(s)
Running Molmo2 frame-answer batch 2042: 1 item(s)
Checkpoint saved: 2052 frame answer item(s)
Running Molmo2 frame-answer batch 2043: 1 item(s)
Checkpoint saved: 2053 frame answer item(s)
Running Molmo2 frame-answer batch 2044: 1 item(s)
Checkpoint saved: 2054 frame answer item(s)
Running Molmo2 frame-answer batch 2045: 1 item(s)
Checkpoint saved: 2055 frame answer item(s)
Running Molmo2 frame-answer batch 2046: 1 item(s)
Checkpoint saved: 2056 frame answer item(s)
Running Molmo2 frame-answer batch 2047: 1 item(s)
Checkpoint saved: 2057 frame answer item(s)
Running Molmo2 frame-answer batch 2048: 1 item(s)
Checkpoint saved: 2058 frame answer item(s)
Running Molmo2 frame-answer batch 2049: 1 item(s)
Checkpoint saved: 2059 frame answer item(s)
Running Molmo2 frame-answer batch 2050: 1 item(s)
Checkpoint saved: 2060 frame answer item(s)
Running Molmo2 frame-answer batch 2051: 1 item(s)
Checkpoint saved: 2061 frame answer item(s)
Running Molmo2 frame-answer batch 2052: 1 item(s)
Checkpoint saved: 2062 frame answer item(s)
Running Molmo2 frame-answer batch 2053: 1 item(s)
Checkpoint saved: 2063 frame answer item(s)
Running Molmo2 frame-answer batch 2054: 1 item(s)
Checkpoint saved: 2064 frame answer item(s)
Running Molmo2 frame-answer batch 2055: 1 item(s)
Checkpoint saved: 2065 frame answer item(s)
Running Molmo2 frame-answer batch 2056: 1 item(s)
Checkpoint saved: 2066 frame answer item(s)
Running Molmo2 frame-answer batch 2057: 1 item(s)
Checkpoint saved: 2067 frame answer item(s)
Running Molmo2 frame-answer batch 2058: 1 item(s)
Checkpoint saved: 2068 frame answer item(s)
Running Molmo2 frame-answer batch 2059: 1 item(s)
Checkpoint saved: 2069 frame answer item(s)
Running Molmo2 frame-answer batch 2060: 1 item(s)
Checkpoint saved: 2070 frame answer item(s)
Running Molmo2 frame-answer batch 2061: 1 item(s)
Checkpoint saved: 2071 frame answer item(s)
Running Molmo2 frame-answer batch 2062: 1 item(s)
Checkpoint saved: 2072 frame answer item(s)
Running Molmo2 frame-answer batch 2063: 1 item(s)
Checkpoint saved: 2073 frame answer item(s)
Running Molmo2 frame-answer batch 2064: 1 item(s)
Checkpoint saved: 2074 frame answer item(s)
Running Molmo2 frame-answer batch 2065: 1 item(s)
Checkpoint saved: 2075 frame answer item(s)
Running Molmo2 frame-answer batch 2066: 1 item(s)
Checkpoint saved: 2076 frame answer item(s)
Running Molmo2 frame-answer batch 2067: 1 item(s)
Checkpoint saved: 2077 frame answer item(s)
Running Molmo2 frame-answer batch 2068: 1 item(s)
Checkpoint saved: 2078 frame answer item(s)
Running Molmo2 frame-answer batch 2069: 1 item(s)
Checkpoint saved: 2079 frame answer item(s)
Running Molmo2 frame-answer batch 2070: 1 item(s)
Checkpoint saved: 2080 frame answer item(s)
Running Molmo2 frame-answer batch 2071: 1 item(s)
Checkpoint saved: 2081 frame answer item(s)
Running Molmo2 frame-answer batch 2072: 1 item(s)
Checkpoint saved: 2082 frame answer item(s)
Running Molmo2 frame-answer batch 2073: 1 item(s)
Checkpoint saved: 2083 frame answer item(s)
Running Molmo2 frame-answer batch 2074: 1 item(s)
Checkpoint saved: 2084 frame answer item(s)
Running Molmo2 frame-answer batch 2075: 1 item(s)
Checkpoint saved: 2085 frame answer item(s)
Running Molmo2 frame-answer batch 2076: 1 item(s)
Checkpoint saved: 2086 frame answer item(s)
Running Molmo2 frame-answer batch 2077: 1 item(s)
Checkpoint saved: 2087 frame answer item(s)
Running Molmo2 frame-answer batch 2078: 1 item(s)
Checkpoint saved: 2088 frame answer item(s)
Running Molmo2 frame-answer batch 2079: 1 item(s)
Checkpoint saved: 2089 frame answer item(s)
Running Molmo2 frame-answer batch 2080: 1 item(s)
Checkpoint saved: 2090 frame answer item(s)
Running Molmo2 frame-answer batch 2081: 1 item(s)
Checkpoint saved: 2091 frame answer item(s)
Running Molmo2 frame-answer batch 2082: 1 item(s)
Checkpoint saved: 2092 frame answer item(s)
Running Molmo2 frame-answer batch 2083: 1 item(s)
Checkpoint saved: 2093 frame answer item(s)
Running Molmo2 frame-answer batch 2084: 1 item(s)
Checkpoint saved: 2094 frame answer item(s)
Running Molmo2 frame-answer batch 2085: 1 item(s)
Checkpoint saved: 2095 frame answer item(s)
Running Molmo2 frame-answer batch 2086: 1 item(s)
Checkpoint saved: 2096 frame answer item(s)
Running Molmo2 frame-answer batch 2087: 1 item(s)
Checkpoint saved: 2097 frame answer item(s)
Running Molmo2 frame-answer batch 2088: 1 item(s)
Checkpoint saved: 2098 frame answer item(s)
Running Molmo2 frame-answer batch 2089: 1 item(s)
Checkpoint saved: 2099 frame answer item(s)
Running Molmo2 frame-answer batch 2090: 1 item(s)
Checkpoint saved: 2100 frame answer item(s)
Running Molmo2 frame-answer batch 2091: 1 item(s)
Checkpoint saved: 2101 frame answer item(s)
Running Molmo2 frame-answer batch 2092: 1 item(s)
Checkpoint saved: 2102 frame answer item(s)
Running Molmo2 frame-answer batch 2093: 1 item(s)
Checkpoint saved: 2103 frame answer item(s)
Running Molmo2 frame-answer batch 2094: 1 item(s)
Checkpoint saved: 2104 frame answer item(s)
Running Molmo2 frame-answer batch 2095: 1 item(s)
Checkpoint saved: 2105 frame answer item(s)
Running Molmo2 frame-answer batch 2096: 1 item(s)
Checkpoint saved: 2106 frame answer item(s)
Running Molmo2 frame-answer batch 2097: 1 item(s)
Checkpoint saved: 2107 frame answer item(s)
Running Molmo2 frame-answer batch 2098: 1 item(s)
Checkpoint saved: 2108 frame answer item(s)
Running Molmo2 frame-answer batch 2099: 1 item(s)
Checkpoint saved: 2109 frame answer item(s)
Running Molmo2 frame-answer batch 2100: 1 item(s)
Checkpoint saved: 2110 frame answer item(s)
Running Molmo2 frame-answer batch 2101: 1 item(s)
Checkpoint saved: 2111 frame answer item(s)
Running Molmo2 frame-answer batch 2102: 1 item(s)
Checkpoint saved: 2112 frame answer item(s)
Running Molmo2 frame-answer batch 2103: 1 item(s)
Checkpoint saved: 2113 frame answer item(s)
Running Molmo2 frame-answer batch 2104: 1 item(s)
Checkpoint saved: 2114 frame answer item(s)
Running Molmo2 frame-answer batch 2105: 1 item(s)
Checkpoint saved: 2115 frame answer item(s)
Running Molmo2 frame-answer batch 2106: 1 item(s)
Checkpoint saved: 2116 frame answer item(s)
Running Molmo2 frame-answer batch 2107: 1 item(s)
Checkpoint saved: 2117 frame answer item(s)
Running Molmo2 frame-answer batch 2108: 1 item(s)
Checkpoint saved: 2118 frame answer item(s)
Running Molmo2 frame-answer batch 2109: 1 item(s)
Checkpoint saved: 2119 frame answer item(s)
Running Molmo2 frame-answer batch 2110: 1 item(s)
Checkpoint saved: 2120 frame answer item(s)
Running Molmo2 frame-answer batch 2111: 1 item(s)
Checkpoint saved: 2121 frame answer item(s)
Running Molmo2 frame-answer batch 2112: 1 item(s)
Checkpoint saved: 2122 frame answer item(s)
Running Molmo2 frame-answer batch 2113: 1 item(s)
Checkpoint saved: 2123 frame answer item(s)
Running Molmo2 frame-answer batch 2114: 1 item(s)
Checkpoint saved: 2124 frame answer item(s)
Running Molmo2 frame-answer batch 2115: 1 item(s)
Checkpoint saved: 2125 frame answer item(s)
Running Molmo2 frame-answer batch 2116: 1 item(s)
Checkpoint saved: 2126 frame answer item(s)
Running Molmo2 frame-answer batch 2117: 1 item(s)
Checkpoint saved: 2127 frame answer item(s)
Running Molmo2 frame-answer batch 2118: 1 item(s)
Checkpoint saved: 2128 frame answer item(s)
Running Molmo2 frame-answer batch 2119: 1 item(s)
Checkpoint saved: 2129 frame answer item(s)
Running Molmo2 frame-answer batch 2120: 1 item(s)
Checkpoint saved: 2130 frame answer item(s)
Running Molmo2 frame-answer batch 2121: 1 item(s)
Checkpoint saved: 2131 frame answer item(s)
Running Molmo2 frame-answer batch 2122: 1 item(s)
Checkpoint saved: 2132 frame answer item(s)
Running Molmo2 frame-answer batch 2123: 1 item(s)
Checkpoint saved: 2133 frame answer item(s)
Running Molmo2 frame-answer batch 2124: 1 item(s)
Checkpoint saved: 2134 frame answer item(s)
Running Molmo2 frame-answer batch 2125: 1 item(s)
Checkpoint saved: 2135 frame answer item(s)
Running Molmo2 frame-answer batch 2126: 1 item(s)
Checkpoint saved: 2136 frame answer item(s)
Running Molmo2 frame-answer batch 2127: 1 item(s)
Checkpoint saved: 2137 frame answer item(s)
Running Molmo2 frame-answer batch 2128: 1 item(s)
Checkpoint saved: 2138 frame answer item(s)
Running Molmo2 frame-answer batch 2129: 1 item(s)
Checkpoint saved: 2139 frame answer item(s)
Running Molmo2 frame-answer batch 2130: 1 item(s)
Checkpoint saved: 2140 frame answer item(s)
Running Molmo2 frame-answer batch 2131: 1 item(s)
Checkpoint saved: 2141 frame answer item(s)
Running Molmo2 frame-answer batch 2132: 1 item(s)
Checkpoint saved: 2142 frame answer item(s)
Running Molmo2 frame-answer batch 2133: 1 item(s)
Checkpoint saved: 2143 frame answer item(s)
Running Molmo2 frame-answer batch 2134: 1 item(s)
Checkpoint saved: 2144 frame answer item(s)
Running Molmo2 frame-answer batch 2135: 1 item(s)
Checkpoint saved: 2145 frame answer item(s)
Running Molmo2 frame-answer batch 2136: 1 item(s)
Checkpoint saved: 2146 frame answer item(s)
Running Molmo2 frame-answer batch 2137: 1 item(s)
Checkpoint saved: 2147 frame answer item(s)
Running Molmo2 frame-answer batch 2138: 1 item(s)
Checkpoint saved: 2148 frame answer item(s)
Running Molmo2 frame-answer batch 2139: 1 item(s)
Checkpoint saved: 2149 frame answer item(s)
Running Molmo2 frame-answer batch 2140: 1 item(s)
Checkpoint saved: 2150 frame answer item(s)
Running Molmo2 frame-answer batch 2141: 1 item(s)
Checkpoint saved: 2151 frame answer item(s)
Running Molmo2 frame-answer batch 2142: 1 item(s)
Checkpoint saved: 2152 frame answer item(s)
Running Molmo2 frame-answer batch 2143: 1 item(s)
Checkpoint saved: 2153 frame answer item(s)
Running Molmo2 frame-answer batch 2144: 1 item(s)
Checkpoint saved: 2154 frame answer item(s)
Running Molmo2 frame-answer batch 2145: 1 item(s)
Checkpoint saved: 2155 frame answer item(s)
Running Molmo2 frame-answer batch 2146: 1 item(s)
Checkpoint saved: 2156 frame answer item(s)
Running Molmo2 frame-answer batch 2147: 1 item(s)
Checkpoint saved: 2157 frame answer item(s)
Running Molmo2 frame-answer batch 2148: 1 item(s)
Checkpoint saved: 2158 frame answer item(s)
Running Molmo2 frame-answer batch 2149: 1 item(s)
Checkpoint saved: 2159 frame answer item(s)
Running Molmo2 frame-answer batch 2150: 1 item(s)
Checkpoint saved: 2160 frame answer item(s)
Running Molmo2 frame-answer batch 2151: 1 item(s)
Checkpoint saved: 2161 frame answer item(s)
Running Molmo2 frame-answer batch 2152: 1 item(s)
Checkpoint saved: 2162 frame answer item(s)
Running Molmo2 frame-answer batch 2153: 1 item(s)
Checkpoint saved: 2163 frame answer item(s)
Running Molmo2 frame-answer batch 2154: 1 item(s)
Checkpoint saved: 2164 frame answer item(s)
Running Molmo2 frame-answer batch 2155: 1 item(s)
Checkpoint saved: 2165 frame answer item(s)
Running Molmo2 frame-answer batch 2156: 1 item(s)
Checkpoint saved: 2166 frame answer item(s)
Running Molmo2 frame-answer batch 2157: 1 item(s)
Checkpoint saved: 2167 frame answer item(s)
Running Molmo2 frame-answer batch 2158: 1 item(s)
Checkpoint saved: 2168 frame answer item(s)
Running Molmo2 frame-answer batch 2159: 1 item(s)
Checkpoint saved: 2169 frame answer item(s)
Running Molmo2 frame-answer batch 2160: 1 item(s)
Checkpoint saved: 2170 frame answer item(s)
Running Molmo2 frame-answer batch 2161: 1 item(s)
Checkpoint saved: 2171 frame answer item(s)
Running Molmo2 frame-answer batch 2162: 1 item(s)
Checkpoint saved: 2172 frame answer item(s)
Running Molmo2 frame-answer batch 2163: 1 item(s)
Checkpoint saved: 2173 frame answer item(s)
Running Molmo2 frame-answer batch 2164: 1 item(s)
Checkpoint saved: 2174 frame answer item(s)
Running Molmo2 frame-answer batch 2165: 1 item(s)
Checkpoint saved: 2175 frame answer item(s)
Running Molmo2 frame-answer batch 2166: 1 item(s)
Checkpoint saved: 2176 frame answer item(s)
Running Molmo2 frame-answer batch 2167: 1 item(s)
Checkpoint saved: 2177 frame answer item(s)
Running Molmo2 frame-answer batch 2168: 1 item(s)
Checkpoint saved: 2178 frame answer item(s)
Running Molmo2 frame-answer batch 2169: 1 item(s)
Checkpoint saved: 2179 frame answer item(s)
Running Molmo2 frame-answer batch 2170: 1 item(s)
Checkpoint saved: 2180 frame answer item(s)
Running Molmo2 frame-answer batch 2171: 1 item(s)
Checkpoint saved: 2181 frame answer item(s)
Running Molmo2 frame-answer batch 2172: 1 item(s)
Checkpoint saved: 2182 frame answer item(s)
Running Molmo2 frame-answer batch 2173: 1 item(s)
Checkpoint saved: 2183 frame answer item(s)
Running Molmo2 frame-answer batch 2174: 1 item(s)
Checkpoint saved: 2184 frame answer item(s)
Running Molmo2 frame-answer batch 2175: 1 item(s)
Checkpoint saved: 2185 frame answer item(s)
Running Molmo2 frame-answer batch 2176: 1 item(s)
Checkpoint saved: 2186 frame answer item(s)
Running Molmo2 frame-answer batch 2177: 1 item(s)
Checkpoint saved: 2187 frame answer item(s)
Running Molmo2 frame-answer batch 2178: 1 item(s)
Checkpoint saved: 2188 frame answer item(s)
Running Molmo2 frame-answer batch 2179: 1 item(s)
Checkpoint saved: 2189 frame answer item(s)
Running Molmo2 frame-answer batch 2180: 1 item(s)
Checkpoint saved: 2190 frame answer item(s)
Running Molmo2 frame-answer batch 2181: 1 item(s)
Checkpoint saved: 2191 frame answer item(s)
Running Molmo2 frame-answer batch 2182: 1 item(s)
Checkpoint saved: 2192 frame answer item(s)
Running Molmo2 frame-answer batch 2183: 1 item(s)
Checkpoint saved: 2193 frame answer item(s)
Running Molmo2 frame-answer batch 2184: 1 item(s)
Checkpoint saved: 2194 frame answer item(s)
Running Molmo2 frame-answer batch 2185: 1 item(s)
Checkpoint saved: 2195 frame answer item(s)
Running Molmo2 frame-answer batch 2186: 1 item(s)
Checkpoint saved: 2196 frame answer item(s)
Running Molmo2 frame-answer batch 2187: 1 item(s)
Checkpoint saved: 2197 frame answer item(s)
Running Molmo2 frame-answer batch 2188: 1 item(s)
Checkpoint saved: 2198 frame answer item(s)
Running Molmo2 frame-answer batch 2189: 1 item(s)
Checkpoint saved: 2199 frame answer item(s)
Running Molmo2 frame-answer batch 2190: 1 item(s)
Checkpoint saved: 2200 frame answer item(s)
Running Molmo2 frame-answer batch 2191: 1 item(s)
Checkpoint saved: 2201 frame answer item(s)
Running Molmo2 frame-answer batch 2192: 1 item(s)
Checkpoint saved: 2202 frame answer item(s)
Running Molmo2 frame-answer batch 2193: 1 item(s)
Checkpoint saved: 2203 frame answer item(s)
Running Molmo2 frame-answer batch 2194: 1 item(s)
Checkpoint saved: 2204 frame answer item(s)
Running Molmo2 frame-answer batch 2195: 1 item(s)
Checkpoint saved: 2205 frame answer item(s)
Running Molmo2 frame-answer batch 2196: 1 item(s)
Checkpoint saved: 2206 frame answer item(s)
Running Molmo2 frame-answer batch 2197: 1 item(s)
Checkpoint saved: 2207 frame answer item(s)
Running Molmo2 frame-answer batch 2198: 1 item(s)
Checkpoint saved: 2208 frame answer item(s)
Running Molmo2 frame-answer batch 2199: 1 item(s)
Checkpoint saved: 2209 frame answer item(s)
Running Molmo2 frame-answer batch 2200: 1 item(s)
Checkpoint saved: 2210 frame answer item(s)
Running Molmo2 frame-answer batch 2201: 1 item(s)
Checkpoint saved: 2211 frame answer item(s)
Running Molmo2 frame-answer batch 2202: 1 item(s)
Checkpoint saved: 2212 frame answer item(s)
Running Molmo2 frame-answer batch 2203: 1 item(s)
Checkpoint saved: 2213 frame answer item(s)
Running Molmo2 frame-answer batch 2204: 1 item(s)
Checkpoint saved: 2214 frame answer item(s)
Running Molmo2 frame-answer batch 2205: 1 item(s)
Checkpoint saved: 2215 frame answer item(s)
Running Molmo2 frame-answer batch 2206: 1 item(s)
Checkpoint saved: 2216 frame answer item(s)
Running Molmo2 frame-answer batch 2207: 1 item(s)
Checkpoint saved: 2217 frame answer item(s)
Running Molmo2 frame-answer batch 2208: 1 item(s)
Checkpoint saved: 2218 frame answer item(s)
Running Molmo2 frame-answer batch 2209: 1 item(s)
Checkpoint saved: 2219 frame answer item(s)
Running Molmo2 frame-answer batch 2210: 1 item(s)
Checkpoint saved: 2220 frame answer item(s)
Running Molmo2 frame-answer batch 2211: 1 item(s)
Checkpoint saved: 2221 frame answer item(s)
Running Molmo2 frame-answer batch 2212: 1 item(s)
Checkpoint saved: 2222 frame answer item(s)
Running Molmo2 frame-answer batch 2213: 1 item(s)
Checkpoint saved: 2223 frame answer item(s)
Running Molmo2 frame-answer batch 2214: 1 item(s)
Checkpoint saved: 2224 frame answer item(s)
Running Molmo2 frame-answer batch 2215: 1 item(s)
Checkpoint saved: 2225 frame answer item(s)
Running Molmo2 frame-answer batch 2216: 1 item(s)
Checkpoint saved: 2226 frame answer item(s)
Running Molmo2 frame-answer batch 2217: 1 item(s)
Checkpoint saved: 2227 frame answer item(s)
Running Molmo2 frame-answer batch 2218: 1 item(s)
Checkpoint saved: 2228 frame answer item(s)
Running Molmo2 frame-answer batch 2219: 1 item(s)
Checkpoint saved: 2229 frame answer item(s)
Running Molmo2 frame-answer batch 2220: 1 item(s)
Checkpoint saved: 2230 frame answer item(s)
Running Molmo2 frame-answer batch 2221: 1 item(s)
Checkpoint saved: 2231 frame answer item(s)
Running Molmo2 frame-answer batch 2222: 1 item(s)
Checkpoint saved: 2232 frame answer item(s)
Running Molmo2 frame-answer batch 2223: 1 item(s)
Checkpoint saved: 2233 frame answer item(s)
Running Molmo2 frame-answer batch 2224: 1 item(s)
Checkpoint saved: 2234 frame answer item(s)
Running Molmo2 frame-answer batch 2225: 1 item(s)
Checkpoint saved: 2235 frame answer item(s)
Running Molmo2 frame-answer batch 2226: 1 item(s)
Checkpoint saved: 2236 frame answer item(s)
Running Molmo2 frame-answer batch 2227: 1 item(s)
Checkpoint saved: 2237 frame answer item(s)
Running Molmo2 frame-answer batch 2228: 1 item(s)
Checkpoint saved: 2238 frame answer item(s)
Running Molmo2 frame-answer batch 2229: 1 item(s)
Checkpoint saved: 2239 frame answer item(s)
Running Molmo2 frame-answer batch 2230: 1 item(s)
Checkpoint saved: 2240 frame answer item(s)
Running Molmo2 frame-answer batch 2231: 1 item(s)
Checkpoint saved: 2241 frame answer item(s)
Running Molmo2 frame-answer batch 2232: 1 item(s)
Checkpoint saved: 2242 frame answer item(s)
Running Molmo2 frame-answer batch 2233: 1 item(s)
Checkpoint saved: 2243 frame answer item(s)
Running Molmo2 frame-answer batch 2234: 1 item(s)
Checkpoint saved: 2244 frame answer item(s)
Running Molmo2 frame-answer batch 2235: 1 item(s)
Checkpoint saved: 2245 frame answer item(s)
Running Molmo2 frame-answer batch 2236: 1 item(s)
Checkpoint saved: 2246 frame answer item(s)
Running Molmo2 frame-answer batch 2237: 1 item(s)
Checkpoint saved: 2247 frame answer item(s)
Running Molmo2 frame-answer batch 2238: 1 item(s)
Checkpoint saved: 2248 frame answer item(s)
Running Molmo2 frame-answer batch 2239: 1 item(s)
Checkpoint saved: 2249 frame answer item(s)
Running Molmo2 frame-answer batch 2240: 1 item(s)
Checkpoint saved: 2250 frame answer item(s)
Running Molmo2 frame-answer batch 2241: 1 item(s)
Checkpoint saved: 2251 frame answer item(s)
Running Molmo2 frame-answer batch 2242: 1 item(s)
Checkpoint saved: 2252 frame answer item(s)
Running Molmo2 frame-answer batch 2243: 1 item(s)
Checkpoint saved: 2253 frame answer item(s)
Running Molmo2 frame-answer batch 2244: 1 item(s)
Checkpoint saved: 2254 frame answer item(s)
Running Molmo2 frame-answer batch 2245: 1 item(s)
Checkpoint saved: 2255 frame answer item(s)
Running Molmo2 frame-answer batch 2246: 1 item(s)
Checkpoint saved: 2256 frame answer item(s)
Running Molmo2 frame-answer batch 2247: 1 item(s)
Checkpoint saved: 2257 frame answer item(s)
Running Molmo2 frame-answer batch 2248: 1 item(s)
Checkpoint saved: 2258 frame answer item(s)
Running Molmo2 frame-answer batch 2249: 1 item(s)
Checkpoint saved: 2259 frame answer item(s)
Running Molmo2 frame-answer batch 2250: 1 item(s)
Checkpoint saved: 2260 frame answer item(s)
Running Molmo2 frame-answer batch 2251: 1 item(s)
Checkpoint saved: 2261 frame answer item(s)
Running Molmo2 frame-answer batch 2252: 1 item(s)
Checkpoint saved: 2262 frame answer item(s)
Running Molmo2 frame-answer batch 2253: 1 item(s)
Checkpoint saved: 2263 frame answer item(s)
Running Molmo2 frame-answer batch 2254: 1 item(s)
Checkpoint saved: 2264 frame answer item(s)
Running Molmo2 frame-answer batch 2255: 1 item(s)
Checkpoint saved: 2265 frame answer item(s)
Running Molmo2 frame-answer batch 2256: 1 item(s)
Checkpoint saved: 2266 frame answer item(s)
Running Molmo2 frame-answer batch 2257: 1 item(s)
Checkpoint saved: 2267 frame answer item(s)
Running Molmo2 frame-answer batch 2258: 1 item(s)
Checkpoint saved: 2268 frame answer item(s)
Running Molmo2 frame-answer batch 2259: 1 item(s)
Checkpoint saved: 2269 frame answer item(s)
Running Molmo2 frame-answer batch 2260: 1 item(s)
Checkpoint saved: 2270 frame answer item(s)
Running Molmo2 frame-answer batch 2261: 1 item(s)
Checkpoint saved: 2271 frame answer item(s)
Running Molmo2 frame-answer batch 2262: 1 item(s)
Checkpoint saved: 2272 frame answer item(s)
Running Molmo2 frame-answer batch 2263: 1 item(s)
Checkpoint saved: 2273 frame answer item(s)
Running Molmo2 frame-answer batch 2264: 1 item(s)
Checkpoint saved: 2274 frame answer item(s)
Running Molmo2 frame-answer batch 2265: 1 item(s)
Checkpoint saved: 2275 frame answer item(s)
Running Molmo2 frame-answer batch 2266: 1 item(s)
Checkpoint saved: 2276 frame answer item(s)
Running Molmo2 frame-answer batch 2267: 1 item(s)
Checkpoint saved: 2277 frame answer item(s)
Running Molmo2 frame-answer batch 2268: 1 item(s)
Checkpoint saved: 2278 frame answer item(s)
Running Molmo2 frame-answer batch 2269: 1 item(s)
Checkpoint saved: 2279 frame answer item(s)
Running Molmo2 frame-answer batch 2270: 1 item(s)
Checkpoint saved: 2280 frame answer item(s)
Running Molmo2 frame-answer batch 2271: 1 item(s)
Checkpoint saved: 2281 frame answer item(s)
Running Molmo2 frame-answer batch 2272: 1 item(s)
Checkpoint saved: 2282 frame answer item(s)
Running Molmo2 frame-answer batch 2273: 1 item(s)
Checkpoint saved: 2283 frame answer item(s)
Running Molmo2 frame-answer batch 2274: 1 item(s)
Checkpoint saved: 2284 frame answer item(s)
Running Molmo2 frame-answer batch 2275: 1 item(s)
Checkpoint saved: 2285 frame answer item(s)
Running Molmo2 frame-answer batch 2276: 1 item(s)
Checkpoint saved: 2286 frame answer item(s)
Running Molmo2 frame-answer batch 2277: 1 item(s)
Checkpoint saved: 2287 frame answer item(s)
Running Molmo2 frame-answer batch 2278: 1 item(s)
Checkpoint saved: 2288 frame answer item(s)
Running Molmo2 frame-answer batch 2279: 1 item(s)
Checkpoint saved: 2289 frame answer item(s)
Running Molmo2 frame-answer batch 2280: 1 item(s)
Checkpoint saved: 2290 frame answer item(s)
Running Molmo2 frame-answer batch 2281: 1 item(s)
Checkpoint saved: 2291 frame answer item(s)
Running Molmo2 frame-answer batch 2282: 1 item(s)
Checkpoint saved: 2292 frame answer item(s)
Running Molmo2 frame-answer batch 2283: 1 item(s)
Checkpoint saved: 2293 frame answer item(s)
Running Molmo2 frame-answer batch 2284: 1 item(s)
Checkpoint saved: 2294 frame answer item(s)
Running Molmo2 frame-answer batch 2285: 1 item(s)
Checkpoint saved: 2295 frame answer item(s)
Running Molmo2 frame-answer batch 2286: 1 item(s)
Checkpoint saved: 2296 frame answer item(s)
Running Molmo2 frame-answer batch 2287: 1 item(s)
Checkpoint saved: 2297 frame answer item(s)
Running Molmo2 frame-answer batch 2288: 1 item(s)
Checkpoint saved: 2298 frame answer item(s)
Running Molmo2 frame-answer batch 2289: 1 item(s)
Checkpoint saved: 2299 frame answer item(s)
Running Molmo2 frame-answer batch 2290: 1 item(s)
Checkpoint saved: 2300 frame answer item(s)
Running Molmo2 frame-answer batch 2291: 1 item(s)
Checkpoint saved: 2301 frame answer item(s)
Running Molmo2 frame-answer batch 2292: 1 item(s)
Checkpoint saved: 2302 frame answer item(s)
Running Molmo2 frame-answer batch 2293: 1 item(s)
Checkpoint saved: 2303 frame answer item(s)
Running Molmo2 frame-answer batch 2294: 1 item(s)
Checkpoint saved: 2304 frame answer item(s)
Running Molmo2 frame-answer batch 2295: 1 item(s)
Checkpoint saved: 2305 frame answer item(s)
Running Molmo2 frame-answer batch 2296: 1 item(s)
Checkpoint saved: 2306 frame answer item(s)
Running Molmo2 frame-answer batch 2297: 1 item(s)
Checkpoint saved: 2307 frame answer item(s)
Running Molmo2 frame-answer batch 2298: 1 item(s)
Checkpoint saved: 2308 frame answer item(s)
Running Molmo2 frame-answer batch 2299: 1 item(s)
Checkpoint saved: 2309 frame answer item(s)
Running Molmo2 frame-answer batch 2300: 1 item(s)
Checkpoint saved: 2310 frame answer item(s)
Running Molmo2 frame-answer batch 2301: 1 item(s)
Checkpoint saved: 2311 frame answer item(s)
Running Molmo2 frame-answer batch 2302: 1 item(s)
Checkpoint saved: 2312 frame answer item(s)
Running Molmo2 frame-answer batch 2303: 1 item(s)
Checkpoint saved: 2313 frame answer item(s)
Running Molmo2 frame-answer batch 2304: 1 item(s)
Checkpoint saved: 2314 frame answer item(s)
Running Molmo2 frame-answer batch 2305: 1 item(s)
Checkpoint saved: 2315 frame answer item(s)
Running Molmo2 frame-answer batch 2306: 1 item(s)
Checkpoint saved: 2316 frame answer item(s)
Running Molmo2 frame-answer batch 2307: 1 item(s)
Checkpoint saved: 2317 frame answer item(s)
Running Molmo2 frame-answer batch 2308: 1 item(s)
Checkpoint saved: 2318 frame answer item(s)
Running Molmo2 frame-answer batch 2309: 1 item(s)
Checkpoint saved: 2319 frame answer item(s)
Running Molmo2 frame-answer batch 2310: 1 item(s)
Checkpoint saved: 2320 frame answer item(s)
Running Molmo2 frame-answer batch 2311: 1 item(s)
Checkpoint saved: 2321 frame answer item(s)
Running Molmo2 frame-answer batch 2312: 1 item(s)
Checkpoint saved: 2322 frame answer item(s)
Running Molmo2 frame-answer batch 2313: 1 item(s)
Checkpoint saved: 2323 frame answer item(s)
Running Molmo2 frame-answer batch 2314: 1 item(s)
Checkpoint saved: 2324 frame answer item(s)
Running Molmo2 frame-answer batch 2315: 1 item(s)
Checkpoint saved: 2325 frame answer item(s)
Running Molmo2 frame-answer batch 2316: 1 item(s)
Checkpoint saved: 2326 frame answer item(s)
Running Molmo2 frame-answer batch 2317: 1 item(s)
Checkpoint saved: 2327 frame answer item(s)
Running Molmo2 frame-answer batch 2318: 1 item(s)
Checkpoint saved: 2328 frame answer item(s)
Running Molmo2 frame-answer batch 2319: 1 item(s)
Checkpoint saved: 2329 frame answer item(s)
Running Molmo2 frame-answer batch 2320: 1 item(s)
Checkpoint saved: 2330 frame answer item(s)
Running Molmo2 frame-answer batch 2321: 1 item(s)
Checkpoint saved: 2331 frame answer item(s)
Running Molmo2 frame-answer batch 2322: 1 item(s)
Checkpoint saved: 2332 frame answer item(s)
Running Molmo2 frame-answer batch 2323: 1 item(s)
Checkpoint saved: 2333 frame answer item(s)
Running Molmo2 frame-answer batch 2324: 1 item(s)
Checkpoint saved: 2334 frame answer item(s)
Running Molmo2 frame-answer batch 2325: 1 item(s)
Checkpoint saved: 2335 frame answer item(s)
Running Molmo2 frame-answer batch 2326: 1 item(s)
Checkpoint saved: 2336 frame answer item(s)
Running Molmo2 frame-answer batch 2327: 1 item(s)
Checkpoint saved: 2337 frame answer item(s)
Running Molmo2 frame-answer batch 2328: 1 item(s)
Checkpoint saved: 2338 frame answer item(s)
Running Molmo2 frame-answer batch 2329: 1 item(s)
Checkpoint saved: 2339 frame answer item(s)
Running Molmo2 frame-answer batch 2330: 1 item(s)
Checkpoint saved: 2340 frame answer item(s)
Running Molmo2 frame-answer batch 2331: 1 item(s)
Checkpoint saved: 2341 frame answer item(s)
Running Molmo2 frame-answer batch 2332: 1 item(s)
Checkpoint saved: 2342 frame answer item(s)
Running Molmo2 frame-answer batch 2333: 1 item(s)
Checkpoint saved: 2343 frame answer item(s)
Running Molmo2 frame-answer batch 2334: 1 item(s)
Checkpoint saved: 2344 frame answer item(s)
Running Molmo2 frame-answer batch 2335: 1 item(s)
Checkpoint saved: 2345 frame answer item(s)
Running Molmo2 frame-answer batch 2336: 1 item(s)
Checkpoint saved: 2346 frame answer item(s)
Running Molmo2 frame-answer batch 2337: 1 item(s)
Checkpoint saved: 2347 frame answer item(s)
Running Molmo2 frame-answer batch 2338: 1 item(s)
Checkpoint saved: 2348 frame answer item(s)
Running Molmo2 frame-answer batch 2339: 1 item(s)
Checkpoint saved: 2349 frame answer item(s)
Running Molmo2 frame-answer batch 2340: 1 item(s)
Checkpoint saved: 2350 frame answer item(s)
Running Molmo2 frame-answer batch 2341: 1 item(s)
Checkpoint saved: 2351 frame answer item(s)
Running Molmo2 frame-answer batch 2342: 1 item(s)
Checkpoint saved: 2352 frame answer item(s)
Running Molmo2 frame-answer batch 2343: 1 item(s)
Checkpoint saved: 2353 frame answer item(s)
Running Molmo2 frame-answer batch 2344: 1 item(s)
Checkpoint saved: 2354 frame answer item(s)
Running Molmo2 frame-answer batch 2345: 1 item(s)
Checkpoint saved: 2355 frame answer item(s)
Running Molmo2 frame-answer batch 2346: 1 item(s)
Checkpoint saved: 2356 frame answer item(s)
Running Molmo2 frame-answer batch 2347: 1 item(s)
Checkpoint saved: 2357 frame answer item(s)
Running Molmo2 frame-answer batch 2348: 1 item(s)
Checkpoint saved: 2358 frame answer item(s)
Running Molmo2 frame-answer batch 2349: 1 item(s)
Checkpoint saved: 2359 frame answer item(s)
Running Molmo2 frame-answer batch 2350: 1 item(s)
Checkpoint saved: 2360 frame answer item(s)
Running Molmo2 frame-answer batch 2351: 1 item(s)
Checkpoint saved: 2361 frame answer item(s)
Running Molmo2 frame-answer batch 2352: 1 item(s)
Checkpoint saved: 2362 frame answer item(s)
Running Molmo2 frame-answer batch 2353: 1 item(s)
Checkpoint saved: 2363 frame answer item(s)
Running Molmo2 frame-answer batch 2354: 1 item(s)
Checkpoint saved: 2364 frame answer item(s)
Running Molmo2 frame-answer batch 2355: 1 item(s)
Checkpoint saved: 2365 frame answer item(s)
Running Molmo2 frame-answer batch 2356: 1 item(s)
Checkpoint saved: 2366 frame answer item(s)
Running Molmo2 frame-answer batch 2357: 1 item(s)
Checkpoint saved: 2367 frame answer item(s)
Running Molmo2 frame-answer batch 2358: 1 item(s)
Checkpoint saved: 2368 frame answer item(s)
Running Molmo2 frame-answer batch 2359: 1 item(s)
Checkpoint saved: 2369 frame answer item(s)
Running Molmo2 frame-answer batch 2360: 1 item(s)
Checkpoint saved: 2370 frame answer item(s)
Running Molmo2 frame-answer batch 2361: 1 item(s)
Checkpoint saved: 2371 frame answer item(s)
Running Molmo2 frame-answer batch 2362: 1 item(s)
Checkpoint saved: 2372 frame answer item(s)
Running Molmo2 frame-answer batch 2363: 1 item(s)
Checkpoint saved: 2373 frame answer item(s)
Running Molmo2 frame-answer batch 2364: 1 item(s)
Checkpoint saved: 2374 frame answer item(s)
Running Molmo2 frame-answer batch 2365: 1 item(s)
Checkpoint saved: 2375 frame answer item(s)
Running Molmo2 frame-answer batch 2366: 1 item(s)
Checkpoint saved: 2376 frame answer item(s)
Running Molmo2 frame-answer batch 2367: 1 item(s)
Checkpoint saved: 2377 frame answer item(s)
Running Molmo2 frame-answer batch 2368: 1 item(s)
Checkpoint saved: 2378 frame answer item(s)
Running Molmo2 frame-answer batch 2369: 1 item(s)
Checkpoint saved: 2379 frame answer item(s)
Running Molmo2 frame-answer batch 2370: 1 item(s)
Checkpoint saved: 2380 frame answer item(s)
Running Molmo2 frame-answer batch 2371: 1 item(s)
Checkpoint saved: 2381 frame answer item(s)
Running Molmo2 frame-answer batch 2372: 1 item(s)
Checkpoint saved: 2382 frame answer item(s)
Running Molmo2 frame-answer batch 2373: 1 item(s)
Checkpoint saved: 2383 frame answer item(s)
Running Molmo2 frame-answer batch 2374: 1 item(s)
Checkpoint saved: 2384 frame answer item(s)
Running Molmo2 frame-answer batch 2375: 1 item(s)
Checkpoint saved: 2385 frame answer item(s)
Running Molmo2 frame-answer batch 2376: 1 item(s)
Checkpoint saved: 2386 frame answer item(s)
Running Molmo2 frame-answer batch 2377: 1 item(s)
Checkpoint saved: 2387 frame answer item(s)
Running Molmo2 frame-answer batch 2378: 1 item(s)
Checkpoint saved: 2388 frame answer item(s)
Running Molmo2 frame-answer batch 2379: 1 item(s)
Checkpoint saved: 2389 frame answer item(s)
Running Molmo2 frame-answer batch 2380: 1 item(s)
Checkpoint saved: 2390 frame answer item(s)
Running Molmo2 frame-answer batch 2381: 1 item(s)
Checkpoint saved: 2391 frame answer item(s)
Running Molmo2 frame-answer batch 2382: 1 item(s)
Checkpoint saved: 2392 frame answer item(s)
Running Molmo2 frame-answer batch 2383: 1 item(s)
Checkpoint saved: 2393 frame answer item(s)
Running Molmo2 frame-answer batch 2384: 1 item(s)
Checkpoint saved: 2394 frame answer item(s)
Running Molmo2 frame-answer batch 2385: 1 item(s)
Checkpoint saved: 2395 frame answer item(s)
Running Molmo2 frame-answer batch 2386: 1 item(s)
Checkpoint saved: 2396 frame answer item(s)
Running Molmo2 frame-answer batch 2387: 1 item(s)
Checkpoint saved: 2397 frame answer item(s)
Running Molmo2 frame-answer batch 2388: 1 item(s)
Checkpoint saved: 2398 frame answer item(s)
Running Molmo2 frame-answer batch 2389: 1 item(s)
Checkpoint saved: 2399 frame answer item(s)
Running Molmo2 frame-answer batch 2390: 1 item(s)
Checkpoint saved: 2400 frame answer item(s)
Running Molmo2 frame-answer batch 2391: 1 item(s)
Checkpoint saved: 2401 frame answer item(s)
Running Molmo2 frame-answer batch 2392: 1 item(s)
Checkpoint saved: 2402 frame answer item(s)
Running Molmo2 frame-answer batch 2393: 1 item(s)
Checkpoint saved: 2403 frame answer item(s)
Running Molmo2 frame-answer batch 2394: 1 item(s)
Checkpoint saved: 2404 frame answer item(s)
Running Molmo2 frame-answer batch 2395: 1 item(s)
Checkpoint saved: 2405 frame answer item(s)
Running Molmo2 frame-answer batch 2396: 1 item(s)
Checkpoint saved: 2406 frame answer item(s)
Running Molmo2 frame-answer batch 2397: 1 item(s)
Checkpoint saved: 2407 frame answer item(s)
Running Molmo2 frame-answer batch 2398: 1 item(s)
Checkpoint saved: 2408 frame answer item(s)
Running Molmo2 frame-answer batch 2399: 1 item(s)
Checkpoint saved: 2409 frame answer item(s)
Running Molmo2 frame-answer batch 2400: 1 item(s)
Checkpoint saved: 2410 frame answer item(s)
Running Molmo2 frame-answer batch 2401: 1 item(s)
Checkpoint saved: 2411 frame answer item(s)
Running Molmo2 frame-answer batch 2402: 1 item(s)
Checkpoint saved: 2412 frame answer item(s)
Running Molmo2 frame-answer batch 2403: 1 item(s)
Checkpoint saved: 2413 frame answer item(s)
Running Molmo2 frame-answer batch 2404: 1 item(s)
Checkpoint saved: 2414 frame answer item(s)
Running Molmo2 frame-answer batch 2405: 1 item(s)
Checkpoint saved: 2415 frame answer item(s)
Running Molmo2 frame-answer batch 2406: 1 item(s)
Checkpoint saved: 2416 frame answer item(s)
Running Molmo2 frame-answer batch 2407: 1 item(s)
Checkpoint saved: 2417 frame answer item(s)
Running Molmo2 frame-answer batch 2408: 1 item(s)
Checkpoint saved: 2418 frame answer item(s)
Running Molmo2 frame-answer batch 2409: 1 item(s)
Checkpoint saved: 2419 frame answer item(s)
Running Molmo2 frame-answer batch 2410: 1 item(s)
Checkpoint saved: 2420 frame answer item(s)
Running Molmo2 frame-answer batch 2411: 1 item(s)
Checkpoint saved: 2421 frame answer item(s)
Running Molmo2 frame-answer batch 2412: 1 item(s)
Checkpoint saved: 2422 frame answer item(s)
Running Molmo2 frame-answer batch 2413: 1 item(s)
Checkpoint saved: 2423 frame answer item(s)
Running Molmo2 frame-answer batch 2414: 1 item(s)
Checkpoint saved: 2424 frame answer item(s)
Running Molmo2 frame-answer batch 2415: 1 item(s)
Checkpoint saved: 2425 frame answer item(s)
Running Molmo2 frame-answer batch 2416: 1 item(s)
Checkpoint saved: 2426 frame answer item(s)
Running Molmo2 frame-answer batch 2417: 1 item(s)
Checkpoint saved: 2427 frame answer item(s)
Running Molmo2 frame-answer batch 2418: 1 item(s)
Checkpoint saved: 2428 frame answer item(s)
Running Molmo2 frame-answer batch 2419: 1 item(s)
Checkpoint saved: 2429 frame answer item(s)
Running Molmo2 frame-answer batch 2420: 1 item(s)
Checkpoint saved: 2430 frame answer item(s)
Running Molmo2 frame-answer batch 2421: 1 item(s)
Checkpoint saved: 2431 frame answer item(s)
Running Molmo2 frame-answer batch 2422: 1 item(s)
Checkpoint saved: 2432 frame answer item(s)
Running Molmo2 frame-answer batch 2423: 1 item(s)
Checkpoint saved: 2433 frame answer item(s)
Running Molmo2 frame-answer batch 2424: 1 item(s)
Checkpoint saved: 2434 frame answer item(s)
Running Molmo2 frame-answer batch 2425: 1 item(s)
Checkpoint saved: 2435 frame answer item(s)
Running Molmo2 frame-answer batch 2426: 1 item(s)
Checkpoint saved: 2436 frame answer item(s)
Running Molmo2 frame-answer batch 2427: 1 item(s)
Checkpoint saved: 2437 frame answer item(s)
Running Molmo2 frame-answer batch 2428: 1 item(s)
Checkpoint saved: 2438 frame answer item(s)
Running Molmo2 frame-answer batch 2429: 1 item(s)
Checkpoint saved: 2439 frame answer item(s)
Running Molmo2 frame-answer batch 2430: 1 item(s)
Checkpoint saved: 2440 frame answer item(s)
Running Molmo2 frame-answer batch 2431: 1 item(s)
Checkpoint saved: 2441 frame answer item(s)
Running Molmo2 frame-answer batch 2432: 1 item(s)
Checkpoint saved: 2442 frame answer item(s)
Running Molmo2 frame-answer batch 2433: 1 item(s)
Checkpoint saved: 2443 frame answer item(s)
Running Molmo2 frame-answer batch 2434: 1 item(s)
Checkpoint saved: 2444 frame answer item(s)
Running Molmo2 frame-answer batch 2435: 1 item(s)
Checkpoint saved: 2445 frame answer item(s)
Running Molmo2 frame-answer batch 2436: 1 item(s)
Checkpoint saved: 2446 frame answer item(s)
Running Molmo2 frame-answer batch 2437: 1 item(s)
Checkpoint saved: 2447 frame answer item(s)
Running Molmo2 frame-answer batch 2438: 1 item(s)
Checkpoint saved: 2448 frame answer item(s)
Running Molmo2 frame-answer batch 2439: 1 item(s)
Checkpoint saved: 2449 frame answer item(s)
Running Molmo2 frame-answer batch 2440: 1 item(s)
Checkpoint saved: 2450 frame answer item(s)
Running Molmo2 frame-answer batch 2441: 1 item(s)
Checkpoint saved: 2451 frame answer item(s)
Running Molmo2 frame-answer batch 2442: 1 item(s)
Checkpoint saved: 2452 frame answer item(s)
Running Molmo2 frame-answer batch 2443: 1 item(s)
Checkpoint saved: 2453 frame answer item(s)
Running Molmo2 frame-answer batch 2444: 1 item(s)
Checkpoint saved: 2454 frame answer item(s)
Running Molmo2 frame-answer batch 2445: 1 item(s)
Checkpoint saved: 2455 frame answer item(s)
Running Molmo2 frame-answer batch 2446: 1 item(s)
Checkpoint saved: 2456 frame answer item(s)
Running Molmo2 frame-answer batch 2447: 1 item(s)
Checkpoint saved: 2457 frame answer item(s)
Running Molmo2 frame-answer batch 2448: 1 item(s)
Checkpoint saved: 2458 frame answer item(s)
Running Molmo2 frame-answer batch 2449: 1 item(s)
Checkpoint saved: 2459 frame answer item(s)
Running Molmo2 frame-answer batch 2450: 1 item(s)
Checkpoint saved: 2460 frame answer item(s)
Running Molmo2 frame-answer batch 2451: 1 item(s)
Checkpoint saved: 2461 frame answer item(s)
Running Molmo2 frame-answer batch 2452: 1 item(s)
Checkpoint saved: 2462 frame answer item(s)
Running Molmo2 frame-answer batch 2453: 1 item(s)
Checkpoint saved: 2463 frame answer item(s)
Running Molmo2 frame-answer batch 2454: 1 item(s)
Checkpoint saved: 2464 frame answer item(s)
Running Molmo2 frame-answer batch 2455: 1 item(s)
Checkpoint saved: 2465 frame answer item(s)
Running Molmo2 frame-answer batch 2456: 1 item(s)
Checkpoint saved: 2466 frame answer item(s)
Running Molmo2 frame-answer batch 2457: 1 item(s)
Checkpoint saved: 2467 frame answer item(s)
Running Molmo2 frame-answer batch 2458: 1 item(s)
Checkpoint saved: 2468 frame answer item(s)
Running Molmo2 frame-answer batch 2459: 1 item(s)
Checkpoint saved: 2469 frame answer item(s)
Running Molmo2 frame-answer batch 2460: 1 item(s)
Checkpoint saved: 2470 frame answer item(s)
Running Molmo2 frame-answer batch 2461: 1 item(s)
Checkpoint saved: 2471 frame answer item(s)
Running Molmo2 frame-answer batch 2462: 1 item(s)
Checkpoint saved: 2472 frame answer item(s)
Running Molmo2 frame-answer batch 2463: 1 item(s)
Checkpoint saved: 2473 frame answer item(s)
Running Molmo2 frame-answer batch 2464: 1 item(s)
Checkpoint saved: 2474 frame answer item(s)
Running Molmo2 frame-answer batch 2465: 1 item(s)
Checkpoint saved: 2475 frame answer item(s)
Running Molmo2 frame-answer batch 2466: 1 item(s)
Checkpoint saved: 2476 frame answer item(s)
Running Molmo2 frame-answer batch 2467: 1 item(s)
Checkpoint saved: 2477 frame answer item(s)
Running Molmo2 frame-answer batch 2468: 1 item(s)
Checkpoint saved: 2478 frame answer item(s)
Running Molmo2 frame-answer batch 2469: 1 item(s)
Checkpoint saved: 2479 frame answer item(s)
Running Molmo2 frame-answer batch 2470: 1 item(s)
Checkpoint saved: 2480 frame answer item(s)
Running Molmo2 frame-answer batch 2471: 1 item(s)
Checkpoint saved: 2481 frame answer item(s)
Running Molmo2 frame-answer batch 2472: 1 item(s)
Checkpoint saved: 2482 frame answer item(s)
Running Molmo2 frame-answer batch 2473: 1 item(s)
Checkpoint saved: 2483 frame answer item(s)
Running Molmo2 frame-answer batch 2474: 1 item(s)
Checkpoint saved: 2484 frame answer item(s)
Running Molmo2 frame-answer batch 2475: 1 item(s)
Checkpoint saved: 2485 frame answer item(s)
Running Molmo2 frame-answer batch 2476: 1 item(s)
Checkpoint saved: 2486 frame answer item(s)
Running Molmo2 frame-answer batch 2477: 1 item(s)
Checkpoint saved: 2487 frame answer item(s)
Running Molmo2 frame-answer batch 2478: 1 item(s)
Checkpoint saved: 2488 frame answer item(s)
Running Molmo2 frame-answer batch 2479: 1 item(s)
Checkpoint saved: 2489 frame answer item(s)
Running Molmo2 frame-answer batch 2480: 1 item(s)
Checkpoint saved: 2490 frame answer item(s)
Running Molmo2 frame-answer batch 2481: 1 item(s)
Checkpoint saved: 2491 frame answer item(s)
Running Molmo2 frame-answer batch 2482: 1 item(s)
Checkpoint saved: 2492 frame answer item(s)
Running Molmo2 frame-answer batch 2483: 1 item(s)
Checkpoint saved: 2493 frame answer item(s)
Running Molmo2 frame-answer batch 2484: 1 item(s)
Checkpoint saved: 2494 frame answer item(s)
Running Molmo2 frame-answer batch 2485: 1 item(s)
Checkpoint saved: 2495 frame answer item(s)
Running Molmo2 frame-answer batch 2486: 1 item(s)
Checkpoint saved: 2496 frame answer item(s)
Running Molmo2 frame-answer batch 2487: 1 item(s)
Checkpoint saved: 2497 frame answer item(s)
Running Molmo2 frame-answer batch 2488: 1 item(s)
Checkpoint saved: 2498 frame answer item(s)
Running Molmo2 frame-answer batch 2489: 1 item(s)
Checkpoint saved: 2499 frame answer item(s)
Running Molmo2 frame-answer batch 2490: 1 item(s)
Checkpoint saved: 2500 frame answer item(s)
Running Molmo2 frame-answer batch 2491: 1 item(s)
Checkpoint saved: 2501 frame answer item(s)
Running Molmo2 frame-answer batch 2492: 1 item(s)
Checkpoint saved: 2502 frame answer item(s)
Running Molmo2 frame-answer batch 2493: 1 item(s)
Checkpoint saved: 2503 frame answer item(s)
Running Molmo2 frame-answer batch 2494: 1 item(s)
Checkpoint saved: 2504 frame answer item(s)
Running Molmo2 frame-answer batch 2495: 1 item(s)
Checkpoint saved: 2505 frame answer item(s)
Running Molmo2 frame-answer batch 2496: 1 item(s)
Checkpoint saved: 2506 frame answer item(s)
Running Molmo2 frame-answer batch 2497: 1 item(s)
Checkpoint saved: 2507 frame answer item(s)
Running Molmo2 frame-answer batch 2498: 1 item(s)
Checkpoint saved: 2508 frame answer item(s)
Running Molmo2 frame-answer batch 2499: 1 item(s)
Checkpoint saved: 2509 frame answer item(s)
Running Molmo2 frame-answer batch 2500: 1 item(s)
Checkpoint saved: 2510 frame answer item(s)
Running Molmo2 frame-answer batch 2501: 1 item(s)
Checkpoint saved: 2511 frame answer item(s)
Running Molmo2 frame-answer batch 2502: 1 item(s)
Checkpoint saved: 2512 frame answer item(s)
Running Molmo2 frame-answer batch 2503: 1 item(s)
Checkpoint saved: 2513 frame answer item(s)
Running Molmo2 frame-answer batch 2504: 1 item(s)
Checkpoint saved: 2514 frame answer item(s)
Running Molmo2 frame-answer batch 2505: 1 item(s)
Checkpoint saved: 2515 frame answer item(s)
Running Molmo2 frame-answer batch 2506: 1 item(s)
Checkpoint saved: 2516 frame answer item(s)
Running Molmo2 frame-answer batch 2507: 1 item(s)
Checkpoint saved: 2517 frame answer item(s)
Running Molmo2 frame-answer batch 2508: 1 item(s)
Checkpoint saved: 2518 frame answer item(s)
Running Molmo2 frame-answer batch 2509: 1 item(s)
Checkpoint saved: 2519 frame answer item(s)
Running Molmo2 frame-answer batch 2510: 1 item(s)
Checkpoint saved: 2520 frame answer item(s)
Running Molmo2 frame-answer batch 2511: 1 item(s)
Checkpoint saved: 2521 frame answer item(s)
Running Molmo2 frame-answer batch 2512: 1 item(s)
Checkpoint saved: 2522 frame answer item(s)
Running Molmo2 frame-answer batch 2513: 1 item(s)
Checkpoint saved: 2523 frame answer item(s)
Running Molmo2 frame-answer batch 2514: 1 item(s)
Checkpoint saved: 2524 frame answer item(s)
Running Molmo2 frame-answer batch 2515: 1 item(s)
Checkpoint saved: 2525 frame answer item(s)
Running Molmo2 frame-answer batch 2516: 1 item(s)
Checkpoint saved: 2526 frame answer item(s)
Running Molmo2 frame-answer batch 2517: 1 item(s)
Checkpoint saved: 2527 frame answer item(s)
Running Molmo2 frame-answer batch 2518: 1 item(s)
Checkpoint saved: 2528 frame answer item(s)
Running Molmo2 frame-answer batch 2519: 1 item(s)
Checkpoint saved: 2529 frame answer item(s)
Running Molmo2 frame-answer batch 2520: 1 item(s)
Checkpoint saved: 2530 frame answer item(s)
Running Molmo2 frame-answer batch 2521: 1 item(s)
Checkpoint saved: 2531 frame answer item(s)
Running Molmo2 frame-answer batch 2522: 1 item(s)
Checkpoint saved: 2532 frame answer item(s)
Running Molmo2 frame-answer batch 2523: 1 item(s)
Checkpoint saved: 2533 frame answer item(s)
Running Molmo2 frame-answer batch 2524: 1 item(s)
Checkpoint saved: 2534 frame answer item(s)
Running Molmo2 frame-answer batch 2525: 1 item(s)
Checkpoint saved: 2535 frame answer item(s)
Running Molmo2 frame-answer batch 2526: 1 item(s)
Checkpoint saved: 2536 frame answer item(s)
Running Molmo2 frame-answer batch 2527: 1 item(s)
Checkpoint saved: 2537 frame answer item(s)
Running Molmo2 frame-answer batch 2528: 1 item(s)
Checkpoint saved: 2538 frame answer item(s)
Running Molmo2 frame-answer batch 2529: 1 item(s)
Checkpoint saved: 2539 frame answer item(s)
Running Molmo2 frame-answer batch 2530: 1 item(s)
Checkpoint saved: 2540 frame answer item(s)
Running Molmo2 frame-answer batch 2531: 1 item(s)
Checkpoint saved: 2541 frame answer item(s)
Running Molmo2 frame-answer batch 2532: 1 item(s)
Checkpoint saved: 2542 frame answer item(s)
Running Molmo2 frame-answer batch 2533: 1 item(s)
Checkpoint saved: 2543 frame answer item(s)
Running Molmo2 frame-answer batch 2534: 1 item(s)
Checkpoint saved: 2544 frame answer item(s)
Running Molmo2 frame-answer batch 2535: 1 item(s)
Checkpoint saved: 2545 frame answer item(s)
Running Molmo2 frame-answer batch 2536: 1 item(s)
Checkpoint saved: 2546 frame answer item(s)
Running Molmo2 frame-answer batch 2537: 1 item(s)
Checkpoint saved: 2547 frame answer item(s)
Running Molmo2 frame-answer batch 2538: 1 item(s)
Checkpoint saved: 2548 frame answer item(s)
Running Molmo2 frame-answer batch 2539: 1 item(s)
Checkpoint saved: 2549 frame answer item(s)
Running Molmo2 frame-answer batch 2540: 1 item(s)
Checkpoint saved: 2550 frame answer item(s)
Running Molmo2 frame-answer batch 2541: 1 item(s)
Checkpoint saved: 2551 frame answer item(s)
Running Molmo2 frame-answer batch 2542: 1 item(s)
Checkpoint saved: 2552 frame answer item(s)
Running Molmo2 frame-answer batch 2543: 1 item(s)
Checkpoint saved: 2553 frame answer item(s)
Running Molmo2 frame-answer batch 2544: 1 item(s)
Checkpoint saved: 2554 frame answer item(s)
Running Molmo2 frame-answer batch 2545: 1 item(s)
Checkpoint saved: 2555 frame answer item(s)
Running Molmo2 frame-answer batch 2546: 1 item(s)
Checkpoint saved: 2556 frame answer item(s)
Running Molmo2 frame-answer batch 2547: 1 item(s)
Checkpoint saved: 2557 frame answer item(s)
Running Molmo2 frame-answer batch 2548: 1 item(s)
Checkpoint saved: 2558 frame answer item(s)
Running Molmo2 frame-answer batch 2549: 1 item(s)
Checkpoint saved: 2559 frame answer item(s)
Running Molmo2 frame-answer batch 2550: 1 item(s)
Checkpoint saved: 2560 frame answer item(s)
Running Molmo2 frame-answer batch 2551: 1 item(s)
Checkpoint saved: 2561 frame answer item(s)
Running Molmo2 frame-answer batch 2552: 1 item(s)
Checkpoint saved: 2562 frame answer item(s)
Running Molmo2 frame-answer batch 2553: 1 item(s)
Checkpoint saved: 2563 frame answer item(s)
Running Molmo2 frame-answer batch 2554: 1 item(s)
Checkpoint saved: 2564 frame answer item(s)
Running Molmo2 frame-answer batch 2555: 1 item(s)
Checkpoint saved: 2565 frame answer item(s)
Running Molmo2 frame-answer batch 2556: 1 item(s)
Checkpoint saved: 2566 frame answer item(s)
Running Molmo2 frame-answer batch 2557: 1 item(s)
Checkpoint saved: 2567 frame answer item(s)
Running Molmo2 frame-answer batch 2558: 1 item(s)
Checkpoint saved: 2568 frame answer item(s)
Running Molmo2 frame-answer batch 2559: 1 item(s)
Checkpoint saved: 2569 frame answer item(s)
Running Molmo2 frame-answer batch 2560: 1 item(s)
Checkpoint saved: 2570 frame answer item(s)
Running Molmo2 frame-answer batch 2561: 1 item(s)
Checkpoint saved: 2571 frame answer item(s)
Running Molmo2 frame-answer batch 2562: 1 item(s)
Checkpoint saved: 2572 frame answer item(s)
Running Molmo2 frame-answer batch 2563: 1 item(s)
Checkpoint saved: 2573 frame answer item(s)
Running Molmo2 frame-answer batch 2564: 1 item(s)
Checkpoint saved: 2574 frame answer item(s)
Running Molmo2 frame-answer batch 2565: 1 item(s)
Checkpoint saved: 2575 frame answer item(s)
Running Molmo2 frame-answer batch 2566: 1 item(s)
Checkpoint saved: 2576 frame answer item(s)
Running Molmo2 frame-answer batch 2567: 1 item(s)
Checkpoint saved: 2577 frame answer item(s)
Running Molmo2 frame-answer batch 2568: 1 item(s)
Checkpoint saved: 2578 frame answer item(s)
Running Molmo2 frame-answer batch 2569: 1 item(s)
Checkpoint saved: 2579 frame answer item(s)
Running Molmo2 frame-answer batch 2570: 1 item(s)
Checkpoint saved: 2580 frame answer item(s)
Running Molmo2 frame-answer batch 2571: 1 item(s)
Checkpoint saved: 2581 frame answer item(s)
Running Molmo2 frame-answer batch 2572: 1 item(s)
Checkpoint saved: 2582 frame answer item(s)
Running Molmo2 frame-answer batch 2573: 1 item(s)
Checkpoint saved: 2583 frame answer item(s)
Running Molmo2 frame-answer batch 2574: 1 item(s)
Checkpoint saved: 2584 frame answer item(s)
Running Molmo2 frame-answer batch 2575: 1 item(s)
Checkpoint saved: 2585 frame answer item(s)
Running Molmo2 frame-answer batch 2576: 1 item(s)
Checkpoint saved: 2586 frame answer item(s)
Running Molmo2 frame-answer batch 2577: 1 item(s)
Checkpoint saved: 2587 frame answer item(s)
Running Molmo2 frame-answer batch 2578: 1 item(s)
Checkpoint saved: 2588 frame answer item(s)
Running Molmo2 frame-answer batch 2579: 1 item(s)
Checkpoint saved: 2589 frame answer item(s)
Running Molmo2 frame-answer batch 2580: 1 item(s)
Checkpoint saved: 2590 frame answer item(s)
Running Molmo2 frame-answer batch 2581: 1 item(s)
Checkpoint saved: 2591 frame answer item(s)
Running Molmo2 frame-answer batch 2582: 1 item(s)
Checkpoint saved: 2592 frame answer item(s)
Running Molmo2 frame-answer batch 2583: 1 item(s)
Checkpoint saved: 2593 frame answer item(s)
Running Molmo2 frame-answer batch 2584: 1 item(s)
Checkpoint saved: 2594 frame answer item(s)
Running Molmo2 frame-answer batch 2585: 1 item(s)
Checkpoint saved: 2595 frame answer item(s)
Running Molmo2 frame-answer batch 2586: 1 item(s)
Checkpoint saved: 2596 frame answer item(s)
Running Molmo2 frame-answer batch 2587: 1 item(s)
Checkpoint saved: 2597 frame answer item(s)
Running Molmo2 frame-answer batch 2588: 1 item(s)
Checkpoint saved: 2598 frame answer item(s)
Running Molmo2 frame-answer batch 2589: 1 item(s)
Checkpoint saved: 2599 frame answer item(s)
Running Molmo2 frame-answer batch 2590: 1 item(s)
Checkpoint saved: 2600 frame answer item(s)
Running Molmo2 frame-answer batch 2591: 1 item(s)
Checkpoint saved: 2601 frame answer item(s)
Running Molmo2 frame-answer batch 2592: 1 item(s)
Checkpoint saved: 2602 frame answer item(s)
Running Molmo2 frame-answer batch 2593: 1 item(s)
Checkpoint saved: 2603 frame answer item(s)
Running Molmo2 frame-answer batch 2594: 1 item(s)
Checkpoint saved: 2604 frame answer item(s)
Running Molmo2 frame-answer batch 2595: 1 item(s)
Checkpoint saved: 2605 frame answer item(s)
Running Molmo2 frame-answer batch 2596: 1 item(s)
Checkpoint saved: 2606 frame answer item(s)
Running Molmo2 frame-answer batch 2597: 1 item(s)
Checkpoint saved: 2607 frame answer item(s)
Running Molmo2 frame-answer batch 2598: 1 item(s)
Checkpoint saved: 2608 frame answer item(s)
Running Molmo2 frame-answer batch 2599: 1 item(s)
Checkpoint saved: 2609 frame answer item(s)
Running Molmo2 frame-answer batch 2600: 1 item(s)
Checkpoint saved: 2610 frame answer item(s)
Running Molmo2 frame-answer batch 2601: 1 item(s)
Checkpoint saved: 2611 frame answer item(s)
Running Molmo2 frame-answer batch 2602: 1 item(s)
Checkpoint saved: 2612 frame answer item(s)
Running Molmo2 frame-answer batch 2603: 1 item(s)
Checkpoint saved: 2613 frame answer item(s)
Running Molmo2 frame-answer batch 2604: 1 item(s)
Checkpoint saved: 2614 frame answer item(s)
Running Molmo2 frame-answer batch 2605: 1 item(s)
Checkpoint saved: 2615 frame answer item(s)
Running Molmo2 frame-answer batch 2606: 1 item(s)
Checkpoint saved: 2616 frame answer item(s)
Running Molmo2 frame-answer batch 2607: 1 item(s)
Checkpoint saved: 2617 frame answer item(s)
Running Molmo2 frame-answer batch 2608: 1 item(s)
Checkpoint saved: 2618 frame answer item(s)
Running Molmo2 frame-answer batch 2609: 1 item(s)
Checkpoint saved: 2619 frame answer item(s)
Running Molmo2 frame-answer batch 2610: 1 item(s)
Checkpoint saved: 2620 frame answer item(s)
Running Molmo2 frame-answer batch 2611: 1 item(s)
Checkpoint saved: 2621 frame answer item(s)
Running Molmo2 frame-answer batch 2612: 1 item(s)
Checkpoint saved: 2622 frame answer item(s)
Running Molmo2 frame-answer batch 2613: 1 item(s)
Checkpoint saved: 2623 frame answer item(s)
Running Molmo2 frame-answer batch 2614: 1 item(s)
Checkpoint saved: 2624 frame answer item(s)
Running Molmo2 frame-answer batch 2615: 1 item(s)
Checkpoint saved: 2625 frame answer item(s)
Running Molmo2 frame-answer batch 2616: 1 item(s)
Checkpoint saved: 2626 frame answer item(s)
Running Molmo2 frame-answer batch 2617: 1 item(s)
Checkpoint saved: 2627 frame answer item(s)
Running Molmo2 frame-answer batch 2618: 1 item(s)
Checkpoint saved: 2628 frame answer item(s)
Running Molmo2 frame-answer batch 2619: 1 item(s)
Checkpoint saved: 2629 frame answer item(s)
Running Molmo2 frame-answer batch 2620: 1 item(s)
Checkpoint saved: 2630 frame answer item(s)
Running Molmo2 frame-answer batch 2621: 1 item(s)
Checkpoint saved: 2631 frame answer item(s)
Running Molmo2 frame-answer batch 2622: 1 item(s)
Checkpoint saved: 2632 frame answer item(s)
Running Molmo2 frame-answer batch 2623: 1 item(s)
Checkpoint saved: 2633 frame answer item(s)
Running Molmo2 frame-answer batch 2624: 1 item(s)
Checkpoint saved: 2634 frame answer item(s)
Running Molmo2 frame-answer batch 2625: 1 item(s)
Checkpoint saved: 2635 frame answer item(s)
Running Molmo2 frame-answer batch 2626: 1 item(s)
Checkpoint saved: 2636 frame answer item(s)
Running Molmo2 frame-answer batch 2627: 1 item(s)
Checkpoint saved: 2637 frame answer item(s)
Running Molmo2 frame-answer batch 2628: 1 item(s)
Checkpoint saved: 2638 frame answer item(s)
Running Molmo2 frame-answer batch 2629: 1 item(s)
Checkpoint saved: 2639 frame answer item(s)
Running Molmo2 frame-answer batch 2630: 1 item(s)
Checkpoint saved: 2640 frame answer item(s)
Running Molmo2 frame-answer batch 2631: 1 item(s)
Checkpoint saved: 2641 frame answer item(s)
Running Molmo2 frame-answer batch 2632: 1 item(s)
Checkpoint saved: 2642 frame answer item(s)
Running Molmo2 frame-answer batch 2633: 1 item(s)
Checkpoint saved: 2643 frame answer item(s)
Running Molmo2 frame-answer batch 2634: 1 item(s)
Checkpoint saved: 2644 frame answer item(s)
Running Molmo2 frame-answer batch 2635: 1 item(s)
Checkpoint saved: 2645 frame answer item(s)
Running Molmo2 frame-answer batch 2636: 1 item(s)
Checkpoint saved: 2646 frame answer item(s)
Running Molmo2 frame-answer batch 2637: 1 item(s)
Checkpoint saved: 2647 frame answer item(s)
Running Molmo2 frame-answer batch 2638: 1 item(s)
Checkpoint saved: 2648 frame answer item(s)
Running Molmo2 frame-answer batch 2639: 1 item(s)
Checkpoint saved: 2649 frame answer item(s)
Running Molmo2 frame-answer batch 2640: 1 item(s)
Checkpoint saved: 2650 frame answer item(s)
Running Molmo2 frame-answer batch 2641: 1 item(s)
Checkpoint saved: 2651 frame answer item(s)
Running Molmo2 frame-answer batch 2642: 1 item(s)
Checkpoint saved: 2652 frame answer item(s)
Running Molmo2 frame-answer batch 2643: 1 item(s)
Checkpoint saved: 2653 frame answer item(s)
Running Molmo2 frame-answer batch 2644: 1 item(s)
Checkpoint saved: 2654 frame answer item(s)
Running Molmo2 frame-answer batch 2645: 1 item(s)
Checkpoint saved: 2655 frame answer item(s)
Running Molmo2 frame-answer batch 2646: 1 item(s)
Checkpoint saved: 2656 frame answer item(s)
Running Molmo2 frame-answer batch 2647: 1 item(s)
Checkpoint saved: 2657 frame answer item(s)
Running Molmo2 frame-answer batch 2648: 1 item(s)
Checkpoint saved: 2658 frame answer item(s)
Running Molmo2 frame-answer batch 2649: 1 item(s)
Checkpoint saved: 2659 frame answer item(s)
Running Molmo2 frame-answer batch 2650: 1 item(s)
Checkpoint saved: 2660 frame answer item(s)
Running Molmo2 frame-answer batch 2651: 1 item(s)
Checkpoint saved: 2661 frame answer item(s)
Running Molmo2 frame-answer batch 2652: 1 item(s)
Checkpoint saved: 2662 frame answer item(s)
Running Molmo2 frame-answer batch 2653: 1 item(s)
Checkpoint saved: 2663 frame answer item(s)
Running Molmo2 frame-answer batch 2654: 1 item(s)
Checkpoint saved: 2664 frame answer item(s)
Running Molmo2 frame-answer batch 2655: 1 item(s)
Checkpoint saved: 2665 frame answer item(s)
Running Molmo2 frame-answer batch 2656: 1 item(s)
Checkpoint saved: 2666 frame answer item(s)
Running Molmo2 frame-answer batch 2657: 1 item(s)
Checkpoint saved: 2667 frame answer item(s)
Running Molmo2 frame-answer batch 2658: 1 item(s)
Checkpoint saved: 2668 frame answer item(s)
Running Molmo2 frame-answer batch 2659: 1 item(s)
Checkpoint saved: 2669 frame answer item(s)
Running Molmo2 frame-answer batch 2660: 1 item(s)
Checkpoint saved: 2670 frame answer item(s)
Running Molmo2 frame-answer batch 2661: 1 item(s)
Checkpoint saved: 2671 frame answer item(s)
Running Molmo2 frame-answer batch 2662: 1 item(s)
Checkpoint saved: 2672 frame answer item(s)
Running Molmo2 frame-answer batch 2663: 1 item(s)
Checkpoint saved: 2673 frame answer item(s)
Running Molmo2 frame-answer batch 2664: 1 item(s)
Checkpoint saved: 2674 frame answer item(s)
Running Molmo2 frame-answer batch 2665: 1 item(s)
Checkpoint saved: 2675 frame answer item(s)
Running Molmo2 frame-answer batch 2666: 1 item(s)
Checkpoint saved: 2676 frame answer item(s)
Running Molmo2 frame-answer batch 2667: 1 item(s)
Checkpoint saved: 2677 frame answer item(s)
Running Molmo2 frame-answer batch 2668: 1 item(s)
Checkpoint saved: 2678 frame answer item(s)
Running Molmo2 frame-answer batch 2669: 1 item(s)
Checkpoint saved: 2679 frame answer item(s)
Running Molmo2 frame-answer batch 2670: 1 item(s)
Checkpoint saved: 2680 frame answer item(s)
Running Molmo2 frame-answer batch 2671: 1 item(s)
Checkpoint saved: 2681 frame answer item(s)
Running Molmo2 frame-answer batch 2672: 1 item(s)
Checkpoint saved: 2682 frame answer item(s)
Running Molmo2 frame-answer batch 2673: 1 item(s)
Checkpoint saved: 2683 frame answer item(s)
Running Molmo2 frame-answer batch 2674: 1 item(s)
Checkpoint saved: 2684 frame answer item(s)
Running Molmo2 frame-answer batch 2675: 1 item(s)
Checkpoint saved: 2685 frame answer item(s)
Running Molmo2 frame-answer batch 2676: 1 item(s)
Checkpoint saved: 2686 frame answer item(s)
Running Molmo2 frame-answer batch 2677: 1 item(s)
Checkpoint saved: 2687 frame answer item(s)
Running Molmo2 frame-answer batch 2678: 1 item(s)
Checkpoint saved: 2688 frame answer item(s)
Running Molmo2 frame-answer batch 2679: 1 item(s)
Checkpoint saved: 2689 frame answer item(s)
Running Molmo2 frame-answer batch 2680: 1 item(s)
Checkpoint saved: 2690 frame answer item(s)
Running Molmo2 frame-answer batch 2681: 1 item(s)
Checkpoint saved: 2691 frame answer item(s)
Running Molmo2 frame-answer batch 2682: 1 item(s)
Checkpoint saved: 2692 frame answer item(s)
Running Molmo2 frame-answer batch 2683: 1 item(s)
Checkpoint saved: 2693 frame answer item(s)
Running Molmo2 frame-answer batch 2684: 1 item(s)
Checkpoint saved: 2694 frame answer item(s)
Running Molmo2 frame-answer batch 2685: 1 item(s)
Checkpoint saved: 2695 frame answer item(s)
Running Molmo2 frame-answer batch 2686: 1 item(s)
Checkpoint saved: 2696 frame answer item(s)
Running Molmo2 frame-answer batch 2687: 1 item(s)
Checkpoint saved: 2697 frame answer item(s)
Running Molmo2 frame-answer batch 2688: 1 item(s)
Checkpoint saved: 2698 frame answer item(s)
Running Molmo2 frame-answer batch 2689: 1 item(s)
Checkpoint saved: 2699 frame answer item(s)
Running Molmo2 frame-answer batch 2690: 1 item(s)
Checkpoint saved: 2700 frame answer item(s)
Running Molmo2 frame-answer batch 2691: 1 item(s)
Checkpoint saved: 2701 frame answer item(s)
Running Molmo2 frame-answer batch 2692: 1 item(s)
Checkpoint saved: 2702 frame answer item(s)
Running Molmo2 frame-answer batch 2693: 1 item(s)
Checkpoint saved: 2703 frame answer item(s)
Running Molmo2 frame-answer batch 2694: 1 item(s)
Checkpoint saved: 2704 frame answer item(s)
Running Molmo2 frame-answer batch 2695: 1 item(s)
Checkpoint saved: 2705 frame answer item(s)
Running Molmo2 frame-answer batch 2696: 1 item(s)
Checkpoint saved: 2706 frame answer item(s)
Running Molmo2 frame-answer batch 2697: 1 item(s)
Checkpoint saved: 2707 frame answer item(s)
Running Molmo2 frame-answer batch 2698: 1 item(s)
Checkpoint saved: 2708 frame answer item(s)
Running Molmo2 frame-answer batch 2699: 1 item(s)
Checkpoint saved: 2709 frame answer item(s)
Running Molmo2 frame-answer batch 2700: 1 item(s)
Checkpoint saved: 2710 frame answer item(s)
Running Molmo2 frame-answer batch 2701: 1 item(s)
Checkpoint saved: 2711 frame answer item(s)
Running Molmo2 frame-answer batch 2702: 1 item(s)
Checkpoint saved: 2712 frame answer item(s)
Running Molmo2 frame-answer batch 2703: 1 item(s)
Checkpoint saved: 2713 frame answer item(s)
Running Molmo2 frame-answer batch 2704: 1 item(s)
Checkpoint saved: 2714 frame answer item(s)
Running Molmo2 frame-answer batch 2705: 1 item(s)
Checkpoint saved: 2715 frame answer item(s)
Running Molmo2 frame-answer batch 2706: 1 item(s)
Checkpoint saved: 2716 frame answer item(s)
Running Molmo2 frame-answer batch 2707: 1 item(s)
Checkpoint saved: 2717 frame answer item(s)
Running Molmo2 frame-answer batch 2708: 1 item(s)
Checkpoint saved: 2718 frame answer item(s)
Running Molmo2 frame-answer batch 2709: 1 item(s)
Checkpoint saved: 2719 frame answer item(s)
Running Molmo2 frame-answer batch 2710: 1 item(s)
Checkpoint saved: 2720 frame answer item(s)
Running Molmo2 frame-answer batch 2711: 1 item(s)
Checkpoint saved: 2721 frame answer item(s)
Running Molmo2 frame-answer batch 2712: 1 item(s)
Checkpoint saved: 2722 frame answer item(s)
Running Molmo2 frame-answer batch 2713: 1 item(s)
Checkpoint saved: 2723 frame answer item(s)
Running Molmo2 frame-answer batch 2714: 1 item(s)
Checkpoint saved: 2724 frame answer item(s)
Running Molmo2 frame-answer batch 2715: 1 item(s)
Checkpoint saved: 2725 frame answer item(s)
Running Molmo2 frame-answer batch 2716: 1 item(s)
Checkpoint saved: 2726 frame answer item(s)
Running Molmo2 frame-answer batch 2717: 1 item(s)
Checkpoint saved: 2727 frame answer item(s)
Running Molmo2 frame-answer batch 2718: 1 item(s)
Checkpoint saved: 2728 frame answer item(s)
Running Molmo2 frame-answer batch 2719: 1 item(s)
Checkpoint saved: 2729 frame answer item(s)
Running Molmo2 frame-answer batch 2720: 1 item(s)
Checkpoint saved: 2730 frame answer item(s)
Running Molmo2 frame-answer batch 2721: 1 item(s)
Checkpoint saved: 2731 frame answer item(s)
Running Molmo2 frame-answer batch 2722: 1 item(s)
Checkpoint saved: 2732 frame answer item(s)
Running Molmo2 frame-answer batch 2723: 1 item(s)
Checkpoint saved: 2733 frame answer item(s)
Running Molmo2 frame-answer batch 2724: 1 item(s)
Checkpoint saved: 2734 frame answer item(s)
Running Molmo2 frame-answer batch 2725: 1 item(s)
Checkpoint saved: 2735 frame answer item(s)
Running Molmo2 frame-answer batch 2726: 1 item(s)
Checkpoint saved: 2736 frame answer item(s)
Running Molmo2 frame-answer batch 2727: 1 item(s)
Checkpoint saved: 2737 frame answer item(s)
Running Molmo2 frame-answer batch 2728: 1 item(s)
Checkpoint saved: 2738 frame answer item(s)
Running Molmo2 frame-answer batch 2729: 1 item(s)
Checkpoint saved: 2739 frame answer item(s)
Running Molmo2 frame-answer batch 2730: 1 item(s)
Checkpoint saved: 2740 frame answer item(s)
Running Molmo2 frame-answer batch 2731: 1 item(s)
Checkpoint saved: 2741 frame answer item(s)
Running Molmo2 frame-answer batch 2732: 1 item(s)
Checkpoint saved: 2742 frame answer item(s)
Running Molmo2 frame-answer batch 2733: 1 item(s)
Checkpoint saved: 2743 frame answer item(s)
Running Molmo2 frame-answer batch 2734: 1 item(s)
Checkpoint saved: 2744 frame answer item(s)
Running Molmo2 frame-answer batch 2735: 1 item(s)
Checkpoint saved: 2745 frame answer item(s)
Running Molmo2 frame-answer batch 2736: 1 item(s)
Checkpoint saved: 2746 frame answer item(s)
Running Molmo2 frame-answer batch 2737: 1 item(s)
Checkpoint saved: 2747 frame answer item(s)
Running Molmo2 frame-answer batch 2738: 1 item(s)
Checkpoint saved: 2748 frame answer item(s)
Running Molmo2 frame-answer batch 2739: 1 item(s)
Checkpoint saved: 2749 frame answer item(s)
Running Molmo2 frame-answer batch 2740: 1 item(s)
Checkpoint saved: 2750 frame answer item(s)
Running Molmo2 frame-answer batch 2741: 1 item(s)
Checkpoint saved: 2751 frame answer item(s)
Running Molmo2 frame-answer batch 2742: 1 item(s)
Checkpoint saved: 2752 frame answer item(s)
Running Molmo2 frame-answer batch 2743: 1 item(s)
Checkpoint saved: 2753 frame answer item(s)
Running Molmo2 frame-answer batch 2744: 1 item(s)
Checkpoint saved: 2754 frame answer item(s)
Running Molmo2 frame-answer batch 2745: 1 item(s)
Checkpoint saved: 2755 frame answer item(s)
Running Molmo2 frame-answer batch 2746: 1 item(s)
Checkpoint saved: 2756 frame answer item(s)
Running Molmo2 frame-answer batch 2747: 1 item(s)
Checkpoint saved: 2757 frame answer item(s)
Running Molmo2 frame-answer batch 2748: 1 item(s)
Checkpoint saved: 2758 frame answer item(s)
Running Molmo2 frame-answer batch 2749: 1 item(s)
Checkpoint saved: 2759 frame answer item(s)
Running Molmo2 frame-answer batch 2750: 1 item(s)
Checkpoint saved: 2760 frame answer item(s)
Running Molmo2 frame-answer batch 2751: 1 item(s)
Checkpoint saved: 2761 frame answer item(s)
Running Molmo2 frame-answer batch 2752: 1 item(s)
Checkpoint saved: 2762 frame answer item(s)
Running Molmo2 frame-answer batch 2753: 1 item(s)
Checkpoint saved: 2763 frame answer item(s)
Running Molmo2 frame-answer batch 2754: 1 item(s)
Checkpoint saved: 2764 frame answer item(s)
Running Molmo2 frame-answer batch 2755: 1 item(s)
Checkpoint saved: 2765 frame answer item(s)
Running Molmo2 frame-answer batch 2756: 1 item(s)
Checkpoint saved: 2766 frame answer item(s)
Running Molmo2 frame-answer batch 2757: 1 item(s)
Checkpoint saved: 2767 frame answer item(s)
Running Molmo2 frame-answer batch 2758: 1 item(s)
Checkpoint saved: 2768 frame answer item(s)
Running Molmo2 frame-answer batch 2759: 1 item(s)
Checkpoint saved: 2769 frame answer item(s)
Running Molmo2 frame-answer batch 2760: 1 item(s)
Checkpoint saved: 2770 frame answer item(s)
Running Molmo2 frame-answer batch 2761: 1 item(s)
Checkpoint saved: 2771 frame answer item(s)
Running Molmo2 frame-answer batch 2762: 1 item(s)
Checkpoint saved: 2772 frame answer item(s)
Running Molmo2 frame-answer batch 2763: 1 item(s)
Checkpoint saved: 2773 frame answer item(s)
Running Molmo2 frame-answer batch 2764: 1 item(s)
Checkpoint saved: 2774 frame answer item(s)
Running Molmo2 frame-answer batch 2765: 1 item(s)
Checkpoint saved: 2775 frame answer item(s)
Running Molmo2 frame-answer batch 2766: 1 item(s)
Checkpoint saved: 2776 frame answer item(s)
Running Molmo2 frame-answer batch 2767: 1 item(s)
Checkpoint saved: 2777 frame answer item(s)
Running Molmo2 frame-answer batch 2768: 1 item(s)
Checkpoint saved: 2778 frame answer item(s)
Running Molmo2 frame-answer batch 2769: 1 item(s)
Checkpoint saved: 2779 frame answer item(s)
Running Molmo2 frame-answer batch 2770: 1 item(s)
Checkpoint saved: 2780 frame answer item(s)
Running Molmo2 frame-answer batch 2771: 1 item(s)
Checkpoint saved: 2781 frame answer item(s)
Running Molmo2 frame-answer batch 2772: 1 item(s)
Checkpoint saved: 2782 frame answer item(s)
Running Molmo2 frame-answer batch 2773: 1 item(s)
Checkpoint saved: 2783 frame answer item(s)
Running Molmo2 frame-answer batch 2774: 1 item(s)
Checkpoint saved: 2784 frame answer item(s)
Running Molmo2 frame-answer batch 2775: 1 item(s)
Checkpoint saved: 2785 frame answer item(s)
Running Molmo2 frame-answer batch 2776: 1 item(s)
Checkpoint saved: 2786 frame answer item(s)
Running Molmo2 frame-answer batch 2777: 1 item(s)
Checkpoint saved: 2787 frame answer item(s)
Running Molmo2 frame-answer batch 2778: 1 item(s)
Checkpoint saved: 2788 frame answer item(s)
Running Molmo2 frame-answer batch 2779: 1 item(s)
Checkpoint saved: 2789 frame answer item(s)
Running Molmo2 frame-answer batch 2780: 1 item(s)
Checkpoint saved: 2790 frame answer item(s)
Running Molmo2 frame-answer batch 2781: 1 item(s)
Checkpoint saved: 2791 frame answer item(s)
Running Molmo2 frame-answer batch 2782: 1 item(s)
Checkpoint saved: 2792 frame answer item(s)
Running Molmo2 frame-answer batch 2783: 1 item(s)
Checkpoint saved: 2793 frame answer item(s)
Running Molmo2 frame-answer batch 2784: 1 item(s)
Checkpoint saved: 2794 frame answer item(s)
Running Molmo2 frame-answer batch 2785: 1 item(s)
Checkpoint saved: 2795 frame answer item(s)
Running Molmo2 frame-answer batch 2786: 1 item(s)
Checkpoint saved: 2796 frame answer item(s)
Running Molmo2 frame-answer batch 2787: 1 item(s)
Checkpoint saved: 2797 frame answer item(s)
Running Molmo2 frame-answer batch 2788: 1 item(s)
Checkpoint saved: 2798 frame answer item(s)
Running Molmo2 frame-answer batch 2789: 1 item(s)
Checkpoint saved: 2799 frame answer item(s)
Running Molmo2 frame-answer batch 2790: 1 item(s)
Checkpoint saved: 2800 frame answer item(s)
Running Molmo2 frame-answer batch 2791: 1 item(s)
Checkpoint saved: 2801 frame answer item(s)
Running Molmo2 frame-answer batch 2792: 1 item(s)
Checkpoint saved: 2802 frame answer item(s)
Running Molmo2 frame-answer batch 2793: 1 item(s)
Checkpoint saved: 2803 frame answer item(s)
Running Molmo2 frame-answer batch 2794: 1 item(s)
Checkpoint saved: 2804 frame answer item(s)
Running Molmo2 frame-answer batch 2795: 1 item(s)
Checkpoint saved: 2805 frame answer item(s)
Running Molmo2 frame-answer batch 2796: 1 item(s)
Checkpoint saved: 2806 frame answer item(s)
Running Molmo2 frame-answer batch 2797: 1 item(s)
Checkpoint saved: 2807 frame answer item(s)
Running Molmo2 frame-answer batch 2798: 1 item(s)
Checkpoint saved: 2808 frame answer item(s)
Running Molmo2 frame-answer batch 2799: 1 item(s)
Checkpoint saved: 2809 frame answer item(s)
Running Molmo2 frame-answer batch 2800: 1 item(s)
Checkpoint saved: 2810 frame answer item(s)
Running Molmo2 frame-answer batch 2801: 1 item(s)
Checkpoint saved: 2811 frame answer item(s)
Running Molmo2 frame-answer batch 2802: 1 item(s)
Checkpoint saved: 2812 frame answer item(s)
Running Molmo2 frame-answer batch 2803: 1 item(s)
Checkpoint saved: 2813 frame answer item(s)
Running Molmo2 frame-answer batch 2804: 1 item(s)
Checkpoint saved: 2814 frame answer item(s)
Running Molmo2 frame-answer batch 2805: 1 item(s)
Checkpoint saved: 2815 frame answer item(s)
Running Molmo2 frame-answer batch 2806: 1 item(s)
Checkpoint saved: 2816 frame answer item(s)
Running Molmo2 frame-answer batch 2807: 1 item(s)
Checkpoint saved: 2817 frame answer item(s)
Running Molmo2 frame-answer batch 2808: 1 item(s)
Checkpoint saved: 2818 frame answer item(s)
Running Molmo2 frame-answer batch 2809: 1 item(s)
Checkpoint saved: 2819 frame answer item(s)
Running Molmo2 frame-answer batch 2810: 1 item(s)
Checkpoint saved: 2820 frame answer item(s)
Running Molmo2 frame-answer batch 2811: 1 item(s)
Checkpoint saved: 2821 frame answer item(s)
Running Molmo2 frame-answer batch 2812: 1 item(s)
Checkpoint saved: 2822 frame answer item(s)
Running Molmo2 frame-answer batch 2813: 1 item(s)
Checkpoint saved: 2823 frame answer item(s)
Running Molmo2 frame-answer batch 2814: 1 item(s)
Checkpoint saved: 2824 frame answer item(s)
Running Molmo2 frame-answer batch 2815: 1 item(s)
Checkpoint saved: 2825 frame answer item(s)
Running Molmo2 frame-answer batch 2816: 1 item(s)
Checkpoint saved: 2826 frame answer item(s)
Running Molmo2 frame-answer batch 2817: 1 item(s)
Checkpoint saved: 2827 frame answer item(s)
Running Molmo2 frame-answer batch 2818: 1 item(s)
Checkpoint saved: 2828 frame answer item(s)
Running Molmo2 frame-answer batch 2819: 1 item(s)
Checkpoint saved: 2829 frame answer item(s)
Running Molmo2 frame-answer batch 2820: 1 item(s)
Checkpoint saved: 2830 frame answer item(s)
Running Molmo2 frame-answer batch 2821: 1 item(s)
Checkpoint saved: 2831 frame answer item(s)
Running Molmo2 frame-answer batch 2822: 1 item(s)
Checkpoint saved: 2832 frame answer item(s)
Running Molmo2 frame-answer batch 2823: 1 item(s)
Checkpoint saved: 2833 frame answer item(s)
Running Molmo2 frame-answer batch 2824: 1 item(s)
Checkpoint saved: 2834 frame answer item(s)
Running Molmo2 frame-answer batch 2825: 1 item(s)
Checkpoint saved: 2835 frame answer item(s)
Running Molmo2 frame-answer batch 2826: 1 item(s)
Checkpoint saved: 2836 frame answer item(s)
Running Molmo2 frame-answer batch 2827: 1 item(s)
Checkpoint saved: 2837 frame answer item(s)
Running Molmo2 frame-answer batch 2828: 1 item(s)
Checkpoint saved: 2838 frame answer item(s)
Running Molmo2 frame-answer batch 2829: 1 item(s)
Checkpoint saved: 2839 frame answer item(s)
Running Molmo2 frame-answer batch 2830: 1 item(s)
Checkpoint saved: 2840 frame answer item(s)
Running Molmo2 frame-answer batch 2831: 1 item(s)
Checkpoint saved: 2841 frame answer item(s)
Running Molmo2 frame-answer batch 2832: 1 item(s)
Checkpoint saved: 2842 frame answer item(s)
Running Molmo2 frame-answer batch 2833: 1 item(s)
Checkpoint saved: 2843 frame answer item(s)
Running Molmo2 frame-answer batch 2834: 1 item(s)
Checkpoint saved: 2844 frame answer item(s)
Running Molmo2 frame-answer batch 2835: 1 item(s)
Checkpoint saved: 2845 frame answer item(s)
Running Molmo2 frame-answer batch 2836: 1 item(s)
Checkpoint saved: 2846 frame answer item(s)
Running Molmo2 frame-answer batch 2837: 1 item(s)
Checkpoint saved: 2847 frame answer item(s)
Running Molmo2 frame-answer batch 2838: 1 item(s)
Checkpoint saved: 2848 frame answer item(s)
Running Molmo2 frame-answer batch 2839: 1 item(s)
Checkpoint saved: 2849 frame answer item(s)
Running Molmo2 frame-answer batch 2840: 1 item(s)
Checkpoint saved: 2850 frame answer item(s)
Running Molmo2 frame-answer batch 2841: 1 item(s)
Checkpoint saved: 2851 frame answer item(s)
Running Molmo2 frame-answer batch 2842: 1 item(s)
Checkpoint saved: 2852 frame answer item(s)
Running Molmo2 frame-answer batch 2843: 1 item(s)
Checkpoint saved: 2853 frame answer item(s)
Running Molmo2 frame-answer batch 2844: 1 item(s)
Checkpoint saved: 2854 frame answer item(s)
Running Molmo2 frame-answer batch 2845: 1 item(s)
Checkpoint saved: 2855 frame answer item(s)
Running Molmo2 frame-answer batch 2846: 1 item(s)
Checkpoint saved: 2856 frame answer item(s)
Running Molmo2 frame-answer batch 2847: 1 item(s)
Checkpoint saved: 2857 frame answer item(s)
Running Molmo2 frame-answer batch 2848: 1 item(s)
Checkpoint saved: 2858 frame answer item(s)
Running Molmo2 frame-answer batch 2849: 1 item(s)
Checkpoint saved: 2859 frame answer item(s)
Running Molmo2 frame-answer batch 2850: 1 item(s)
Checkpoint saved: 2860 frame answer item(s)
Running Molmo2 frame-answer batch 2851: 1 item(s)
Checkpoint saved: 2861 frame answer item(s)
Running Molmo2 frame-answer batch 2852: 1 item(s)
Checkpoint saved: 2862 frame answer item(s)
Running Molmo2 frame-answer batch 2853: 1 item(s)
Checkpoint saved: 2863 frame answer item(s)
Running Molmo2 frame-answer batch 2854: 1 item(s)
Checkpoint saved: 2864 frame answer item(s)
Running Molmo2 frame-answer batch 2855: 1 item(s)
Checkpoint saved: 2865 frame answer item(s)
Running Molmo2 frame-answer batch 2856: 1 item(s)
Checkpoint saved: 2866 frame answer item(s)
Running Molmo2 frame-answer batch 2857: 1 item(s)
Checkpoint saved: 2867 frame answer item(s)
Running Molmo2 frame-answer batch 2858: 1 item(s)
Checkpoint saved: 2868 frame answer item(s)
Running Molmo2 frame-answer batch 2859: 1 item(s)
Checkpoint saved: 2869 frame answer item(s)
Running Molmo2 frame-answer batch 2860: 1 item(s)
Checkpoint saved: 2870 frame answer item(s)
Running Molmo2 frame-answer batch 2861: 1 item(s)
Checkpoint saved: 2871 frame answer item(s)
Running Molmo2 frame-answer batch 2862: 1 item(s)
Checkpoint saved: 2872 frame answer item(s)
Running Molmo2 frame-answer batch 2863: 1 item(s)
Checkpoint saved: 2873 frame answer item(s)
Running Molmo2 frame-answer batch 2864: 1 item(s)
Checkpoint saved: 2874 frame answer item(s)
Running Molmo2 frame-answer batch 2865: 1 item(s)
Checkpoint saved: 2875 frame answer item(s)
Running Molmo2 frame-answer batch 2866: 1 item(s)
Checkpoint saved: 2876 frame answer item(s)
Running Molmo2 frame-answer batch 2867: 1 item(s)
Checkpoint saved: 2877 frame answer item(s)
Running Molmo2 frame-answer batch 2868: 1 item(s)
Checkpoint saved: 2878 frame answer item(s)
Running Molmo2 frame-answer batch 2869: 1 item(s)
Checkpoint saved: 2879 frame answer item(s)
Running Molmo2 frame-answer batch 2870: 1 item(s)
Checkpoint saved: 2880 frame answer item(s)
Running Molmo2 frame-answer batch 2871: 1 item(s)
Checkpoint saved: 2881 frame answer item(s)
Running Molmo2 frame-answer batch 2872: 1 item(s)
Checkpoint saved: 2882 frame answer item(s)
Running Molmo2 frame-answer batch 2873: 1 item(s)
Checkpoint saved: 2883 frame answer item(s)
Running Molmo2 frame-answer batch 2874: 1 item(s)
Checkpoint saved: 2884 frame answer item(s)
Running Molmo2 frame-answer batch 2875: 1 item(s)
Checkpoint saved: 2885 frame answer item(s)
Running Molmo2 frame-answer batch 2876: 1 item(s)
Checkpoint saved: 2886 frame answer item(s)
Running Molmo2 frame-answer batch 2877: 1 item(s)
Checkpoint saved: 2887 frame answer item(s)
Running Molmo2 frame-answer batch 2878: 1 item(s)
Checkpoint saved: 2888 frame answer item(s)
Running Molmo2 frame-answer batch 2879: 1 item(s)
Checkpoint saved: 2889 frame answer item(s)
Running Molmo2 frame-answer batch 2880: 1 item(s)
Checkpoint saved: 2890 frame answer item(s)
Running Molmo2 frame-answer batch 2881: 1 item(s)
Checkpoint saved: 2891 frame answer item(s)
Running Molmo2 frame-answer batch 2882: 1 item(s)
Checkpoint saved: 2892 frame answer item(s)
Running Molmo2 frame-answer batch 2883: 1 item(s)
Checkpoint saved: 2893 frame answer item(s)
Running Molmo2 frame-answer batch 2884: 1 item(s)
Checkpoint saved: 2894 frame answer item(s)
Running Molmo2 frame-answer batch 2885: 1 item(s)
Checkpoint saved: 2895 frame answer item(s)
Running Molmo2 frame-answer batch 2886: 1 item(s)
Checkpoint saved: 2896 frame answer item(s)
Running Molmo2 frame-answer batch 2887: 1 item(s)
Checkpoint saved: 2897 frame answer item(s)
Running Molmo2 frame-answer batch 2888: 1 item(s)
Checkpoint saved: 2898 frame answer item(s)
Running Molmo2 frame-answer batch 2889: 1 item(s)
Checkpoint saved: 2899 frame answer item(s)
Running Molmo2 frame-answer batch 2890: 1 item(s)
Checkpoint saved: 2900 frame answer item(s)
Running Molmo2 frame-answer batch 2891: 1 item(s)
Checkpoint saved: 2901 frame answer item(s)
Running Molmo2 frame-answer batch 2892: 1 item(s)
Checkpoint saved: 2902 frame answer item(s)
Running Molmo2 frame-answer batch 2893: 1 item(s)
Checkpoint saved: 2903 frame answer item(s)
Running Molmo2 frame-answer batch 2894: 1 item(s)
Checkpoint saved: 2904 frame answer item(s)
Running Molmo2 frame-answer batch 2895: 1 item(s)
Checkpoint saved: 2905 frame answer item(s)
Running Molmo2 frame-answer batch 2896: 1 item(s)
Checkpoint saved: 2906 frame answer item(s)
Running Molmo2 frame-answer batch 2897: 1 item(s)
Checkpoint saved: 2907 frame answer item(s)
Running Molmo2 frame-answer batch 2898: 1 item(s)
Checkpoint saved: 2908 frame answer item(s)
Running Molmo2 frame-answer batch 2899: 1 item(s)
Checkpoint saved: 2909 frame answer item(s)
Running Molmo2 frame-answer batch 2900: 1 item(s)
Checkpoint saved: 2910 frame answer item(s)
Running Molmo2 frame-answer batch 2901: 1 item(s)
Checkpoint saved: 2911 frame answer item(s)
Running Molmo2 frame-answer batch 2902: 1 item(s)
Checkpoint saved: 2912 frame answer item(s)
Running Molmo2 frame-answer batch 2903: 1 item(s)
Checkpoint saved: 2913 frame answer item(s)
Running Molmo2 frame-answer batch 2904: 1 item(s)
Checkpoint saved: 2914 frame answer item(s)
Running Molmo2 frame-answer batch 2905: 1 item(s)
Checkpoint saved: 2915 frame answer item(s)
Running Molmo2 frame-answer batch 2906: 1 item(s)
Checkpoint saved: 2916 frame answer item(s)
Running Molmo2 frame-answer batch 2907: 1 item(s)
Checkpoint saved: 2917 frame answer item(s)
Running Molmo2 frame-answer batch 2908: 1 item(s)
Checkpoint saved: 2918 frame answer item(s)
Running Molmo2 frame-answer batch 2909: 1 item(s)
Checkpoint saved: 2919 frame answer item(s)
Running Molmo2 frame-answer batch 2910: 1 item(s)
Checkpoint saved: 2920 frame answer item(s)
Running Molmo2 frame-answer batch 2911: 1 item(s)
Checkpoint saved: 2921 frame answer item(s)
Running Molmo2 frame-answer batch 2912: 1 item(s)
Checkpoint saved: 2922 frame answer item(s)
Running Molmo2 frame-answer batch 2913: 1 item(s)
Checkpoint saved: 2923 frame answer item(s)
Running Molmo2 frame-answer batch 2914: 1 item(s)
Checkpoint saved: 2924 frame answer item(s)
Running Molmo2 frame-answer batch 2915: 1 item(s)
Checkpoint saved: 2925 frame answer item(s)
Running Molmo2 frame-answer batch 2916: 1 item(s)
Checkpoint saved: 2926 frame answer item(s)
Running Molmo2 frame-answer batch 2917: 1 item(s)
Checkpoint saved: 2927 frame answer item(s)
Running Molmo2 frame-answer batch 2918: 1 item(s)
Checkpoint saved: 2928 frame answer item(s)
Running Molmo2 frame-answer batch 2919: 1 item(s)
Checkpoint saved: 2929 frame answer item(s)
Running Molmo2 frame-answer batch 2920: 1 item(s)
Checkpoint saved: 2930 frame answer item(s)
Running Molmo2 frame-answer batch 2921: 1 item(s)
Checkpoint saved: 2931 frame answer item(s)
Running Molmo2 frame-answer batch 2922: 1 item(s)
Checkpoint saved: 2932 frame answer item(s)
Running Molmo2 frame-answer batch 2923: 1 item(s)
Checkpoint saved: 2933 frame answer item(s)
Running Molmo2 frame-answer batch 2924: 1 item(s)
Checkpoint saved: 2934 frame answer item(s)
Running Molmo2 frame-answer batch 2925: 1 item(s)
Checkpoint saved: 2935 frame answer item(s)
Running Molmo2 frame-answer batch 2926: 1 item(s)
Checkpoint saved: 2936 frame answer item(s)
Running Molmo2 frame-answer batch 2927: 1 item(s)
Checkpoint saved: 2937 frame answer item(s)
Running Molmo2 frame-answer batch 2928: 1 item(s)
Checkpoint saved: 2938 frame answer item(s)
Running Molmo2 frame-answer batch 2929: 1 item(s)
Checkpoint saved: 2939 frame answer item(s)
Running Molmo2 frame-answer batch 2930: 1 item(s)
Checkpoint saved: 2940 frame answer item(s)
Running Molmo2 frame-answer batch 2931: 1 item(s)
Checkpoint saved: 2941 frame answer item(s)
Running Molmo2 frame-answer batch 2932: 1 item(s)
Checkpoint saved: 2942 frame answer item(s)
Running Molmo2 frame-answer batch 2933: 1 item(s)
Checkpoint saved: 2943 frame answer item(s)
Running Molmo2 frame-answer batch 2934: 1 item(s)
Checkpoint saved: 2944 frame answer item(s)
Running Molmo2 frame-answer batch 2935: 1 item(s)
Checkpoint saved: 2945 frame answer item(s)
Running Molmo2 frame-answer batch 2936: 1 item(s)
Checkpoint saved: 2946 frame answer item(s)
Running Molmo2 frame-answer batch 2937: 1 item(s)
Checkpoint saved: 2947 frame answer item(s)
Running Molmo2 frame-answer batch 2938: 1 item(s)
Checkpoint saved: 2948 frame answer item(s)
Running Molmo2 frame-answer batch 2939: 1 item(s)
Checkpoint saved: 2949 frame answer item(s)
Running Molmo2 frame-answer batch 2940: 1 item(s)
Checkpoint saved: 2950 frame answer item(s)
Running Molmo2 frame-answer batch 2941: 1 item(s)
Checkpoint saved: 2951 frame answer item(s)
Running Molmo2 frame-answer batch 2942: 1 item(s)
Checkpoint saved: 2952 frame answer item(s)
Running Molmo2 frame-answer batch 2943: 1 item(s)
Checkpoint saved: 2953 frame answer item(s)
Running Molmo2 frame-answer batch 2944: 1 item(s)
Checkpoint saved: 2954 frame answer item(s)
Running Molmo2 frame-answer batch 2945: 1 item(s)
Checkpoint saved: 2955 frame answer item(s)
Running Molmo2 frame-answer batch 2946: 1 item(s)
Checkpoint saved: 2956 frame answer item(s)
Running Molmo2 frame-answer batch 2947: 1 item(s)
Checkpoint saved: 2957 frame answer item(s)
Running Molmo2 frame-answer batch 2948: 1 item(s)
Checkpoint saved: 2958 frame answer item(s)
Running Molmo2 frame-answer batch 2949: 1 item(s)
Checkpoint saved: 2959 frame answer item(s)
Running Molmo2 frame-answer batch 2950: 1 item(s)
Checkpoint saved: 2960 frame answer item(s)
Running Molmo2 frame-answer batch 2951: 1 item(s)
Checkpoint saved: 2961 frame answer item(s)
Running Molmo2 frame-answer batch 2952: 1 item(s)
Checkpoint saved: 2962 frame answer item(s)
Running Molmo2 frame-answer batch 2953: 1 item(s)
Checkpoint saved: 2963 frame answer item(s)
Running Molmo2 frame-answer batch 2954: 1 item(s)
Checkpoint saved: 2964 frame answer item(s)
Running Molmo2 frame-answer batch 2955: 1 item(s)
Checkpoint saved: 2965 frame answer item(s)
Running Molmo2 frame-answer batch 2956: 1 item(s)
Checkpoint saved: 2966 frame answer item(s)
Running Molmo2 frame-answer batch 2957: 1 item(s)
Checkpoint saved: 2967 frame answer item(s)
Running Molmo2 frame-answer batch 2958: 1 item(s)
Checkpoint saved: 2968 frame answer item(s)
Running Molmo2 frame-answer batch 2959: 1 item(s)
Checkpoint saved: 2969 frame answer item(s)
Running Molmo2 frame-answer batch 2960: 1 item(s)
Checkpoint saved: 2970 frame answer item(s)
Running Molmo2 frame-answer batch 2961: 1 item(s)
Checkpoint saved: 2971 frame answer item(s)
Running Molmo2 frame-answer batch 2962: 1 item(s)
Checkpoint saved: 2972 frame answer item(s)
Running Molmo2 frame-answer batch 2963: 1 item(s)
Checkpoint saved: 2973 frame answer item(s)
Running Molmo2 frame-answer batch 2964: 1 item(s)
Checkpoint saved: 2974 frame answer item(s)
Running Molmo2 frame-answer batch 2965: 1 item(s)
Checkpoint saved: 2975 frame answer item(s)
Running Molmo2 frame-answer batch 2966: 1 item(s)
Checkpoint saved: 2976 frame answer item(s)
Running Molmo2 frame-answer batch 2967: 1 item(s)
Checkpoint saved: 2977 frame answer item(s)
Running Molmo2 frame-answer batch 2968: 1 item(s)
Checkpoint saved: 2978 frame answer item(s)
Running Molmo2 frame-answer batch 2969: 1 item(s)
Checkpoint saved: 2979 frame answer item(s)
Running Molmo2 frame-answer batch 2970: 1 item(s)
Checkpoint saved: 2980 frame answer item(s)
Running Molmo2 frame-answer batch 2971: 1 item(s)
Checkpoint saved: 2981 frame answer item(s)
Running Molmo2 frame-answer batch 2972: 1 item(s)
Checkpoint saved: 2982 frame answer item(s)
Running Molmo2 frame-answer batch 2973: 1 item(s)
Checkpoint saved: 2983 frame answer item(s)
Running Molmo2 frame-answer batch 2974: 1 item(s)
Checkpoint saved: 2984 frame answer item(s)
Running Molmo2 frame-answer batch 2975: 1 item(s)
Checkpoint saved: 2985 frame answer item(s)
Running Molmo2 frame-answer batch 2976: 1 item(s)
Checkpoint saved: 2986 frame answer item(s)
Running Molmo2 frame-answer batch 2977: 1 item(s)
Checkpoint saved: 2987 frame answer item(s)
Running Molmo2 frame-answer batch 2978: 1 item(s)
Checkpoint saved: 2988 frame answer item(s)
Running Molmo2 frame-answer batch 2979: 1 item(s)
Checkpoint saved: 2989 frame answer item(s)
Running Molmo2 frame-answer batch 2980: 1 item(s)
Checkpoint saved: 2990 frame answer item(s)
Running Molmo2 frame-answer batch 2981: 1 item(s)
Checkpoint saved: 2991 frame answer item(s)
Running Molmo2 frame-answer batch 2982: 1 item(s)
Checkpoint saved: 2992 frame answer item(s)
Running Molmo2 frame-answer batch 2983: 1 item(s)
Checkpoint saved: 2993 frame answer item(s)
Running Molmo2 frame-answer batch 2984: 1 item(s)
Checkpoint saved: 2994 frame answer item(s)
Running Molmo2 frame-answer batch 2985: 1 item(s)
Checkpoint saved: 2995 frame answer item(s)
Running Molmo2 frame-answer batch 2986: 1 item(s)
Checkpoint saved: 2996 frame answer item(s)
Running Molmo2 frame-answer batch 2987: 1 item(s)
Checkpoint saved: 2997 frame answer item(s)
Running Molmo2 frame-answer batch 2988: 1 item(s)
Checkpoint saved: 2998 frame answer item(s)
Running Molmo2 frame-answer batch 2989: 1 item(s)
Checkpoint saved: 2999 frame answer item(s)
Running Molmo2 frame-answer batch 2990: 1 item(s)
Checkpoint saved: 3000 frame answer item(s)
Running Molmo2 frame-answer batch 2991: 1 item(s)
Checkpoint saved: 3001 frame answer item(s)
Running Molmo2 frame-answer batch 2992: 1 item(s)
Checkpoint saved: 3002 frame answer item(s)
Running Molmo2 frame-answer batch 2993: 1 item(s)
Checkpoint saved: 3003 frame answer item(s)
Running Molmo2 frame-answer batch 2994: 1 item(s)
Checkpoint saved: 3004 frame answer item(s)
Running Molmo2 frame-answer batch 2995: 1 item(s)
Checkpoint saved: 3005 frame answer item(s)
Running Molmo2 frame-answer batch 2996: 1 item(s)
Checkpoint saved: 3006 frame answer item(s)
Running Molmo2 frame-answer batch 2997: 1 item(s)
Checkpoint saved: 3007 frame answer item(s)
Running Molmo2 frame-answer batch 2998: 1 item(s)
Checkpoint saved: 3008 frame answer item(s)
Running Molmo2 frame-answer batch 2999: 1 item(s)
Checkpoint saved: 3009 frame answer item(s)
Running Molmo2 frame-answer batch 3000: 1 item(s)
Checkpoint saved: 3010 frame answer item(s)
Running Molmo2 frame-answer batch 3001: 1 item(s)
Checkpoint saved: 3011 frame answer item(s)
Running Molmo2 frame-answer batch 3002: 1 item(s)
Checkpoint saved: 3012 frame answer item(s)
Running Molmo2 frame-answer batch 3003: 1 item(s)
Checkpoint saved: 3013 frame answer item(s)
Running Molmo2 frame-answer batch 3004: 1 item(s)
Checkpoint saved: 3014 frame answer item(s)
Running Molmo2 frame-answer batch 3005: 1 item(s)
Checkpoint saved: 3015 frame answer item(s)
Running Molmo2 frame-answer batch 3006: 1 item(s)
Checkpoint saved: 3016 frame answer item(s)
Running Molmo2 frame-answer batch 3007: 1 item(s)
Checkpoint saved: 3017 frame answer item(s)
Running Molmo2 frame-answer batch 3008: 1 item(s)
Checkpoint saved: 3018 frame answer item(s)
Running Molmo2 frame-answer batch 3009: 1 item(s)
Checkpoint saved: 3019 frame answer item(s)
Running Molmo2 frame-answer batch 3010: 1 item(s)
Checkpoint saved: 3020 frame answer item(s)
Running Molmo2 frame-answer batch 3011: 1 item(s)
Checkpoint saved: 3021 frame answer item(s)
Running Molmo2 frame-answer batch 3012: 1 item(s)
Checkpoint saved: 3022 frame answer item(s)
Running Molmo2 frame-answer batch 3013: 1 item(s)
Checkpoint saved: 3023 frame answer item(s)
Running Molmo2 frame-answer batch 3014: 1 item(s)
Checkpoint saved: 3024 frame answer item(s)
Running Molmo2 frame-answer batch 3015: 1 item(s)
Checkpoint saved: 3025 frame answer item(s)
Running Molmo2 frame-answer batch 3016: 1 item(s)
Checkpoint saved: 3026 frame answer item(s)
Running Molmo2 frame-answer batch 3017: 1 item(s)
Checkpoint saved: 3027 frame answer item(s)
Running Molmo2 frame-answer batch 3018: 1 item(s)
Checkpoint saved: 3028 frame answer item(s)
Running Molmo2 frame-answer batch 3019: 1 item(s)
Checkpoint saved: 3029 frame answer item(s)
Running Molmo2 frame-answer batch 3020: 1 item(s)
Checkpoint saved: 3030 frame answer item(s)
Running Molmo2 frame-answer batch 3021: 1 item(s)
Checkpoint saved: 3031 frame answer item(s)
Running Molmo2 frame-answer batch 3022: 1 item(s)
Checkpoint saved: 3032 frame answer item(s)
Running Molmo2 frame-answer batch 3023: 1 item(s)
Checkpoint saved: 3033 frame answer item(s)
Running Molmo2 frame-answer batch 3024: 1 item(s)
Checkpoint saved: 3034 frame answer item(s)
Running Molmo2 frame-answer batch 3025: 1 item(s)
Checkpoint saved: 3035 frame answer item(s)
Running Molmo2 frame-answer batch 3026: 1 item(s)
Checkpoint saved: 3036 frame answer item(s)
Running Molmo2 frame-answer batch 3027: 1 item(s)
Checkpoint saved: 3037 frame answer item(s)
Running Molmo2 frame-answer batch 3028: 1 item(s)
Checkpoint saved: 3038 frame answer item(s)
Running Molmo2 frame-answer batch 3029: 1 item(s)
Checkpoint saved: 3039 frame answer item(s)
Running Molmo2 frame-answer batch 3030: 1 item(s)
Checkpoint saved: 3040 frame answer item(s)
Running Molmo2 frame-answer batch 3031: 1 item(s)
Checkpoint saved: 3041 frame answer item(s)
Running Molmo2 frame-answer batch 3032: 1 item(s)
Checkpoint saved: 3042 frame answer item(s)
Running Molmo2 frame-answer batch 3033: 1 item(s)
Checkpoint saved: 3043 frame answer item(s)
Running Molmo2 frame-answer batch 3034: 1 item(s)
Checkpoint saved: 3044 frame answer item(s)
Running Molmo2 frame-answer batch 3035: 1 item(s)
Checkpoint saved: 3045 frame answer item(s)
Running Molmo2 frame-answer batch 3036: 1 item(s)
Checkpoint saved: 3046 frame answer item(s)
Running Molmo2 frame-answer batch 3037: 1 item(s)
Checkpoint saved: 3047 frame answer item(s)
Running Molmo2 frame-answer batch 3038: 1 item(s)
Checkpoint saved: 3048 frame answer item(s)
Running Molmo2 frame-answer batch 3039: 1 item(s)
Checkpoint saved: 3049 frame answer item(s)
Running Molmo2 frame-answer batch 3040: 1 item(s)
Checkpoint saved: 3050 frame answer item(s)
Running Molmo2 frame-answer batch 3041: 1 item(s)
Checkpoint saved: 3051 frame answer item(s)
Running Molmo2 frame-answer batch 3042: 1 item(s)
Checkpoint saved: 3052 frame answer item(s)
Running Molmo2 frame-answer batch 3043: 1 item(s)
Checkpoint saved: 3053 frame answer item(s)
Running Molmo2 frame-answer batch 3044: 1 item(s)
Checkpoint saved: 3054 frame answer item(s)
Running Molmo2 frame-answer batch 3045: 1 item(s)
Checkpoint saved: 3055 frame answer item(s)
Running Molmo2 frame-answer batch 3046: 1 item(s)
Checkpoint saved: 3056 frame answer item(s)
Running Molmo2 frame-answer batch 3047: 1 item(s)
Checkpoint saved: 3057 frame answer item(s)
Running Molmo2 frame-answer batch 3048: 1 item(s)
Checkpoint saved: 3058 frame answer item(s)
Running Molmo2 frame-answer batch 3049: 1 item(s)
Checkpoint saved: 3059 frame answer item(s)
Running Molmo2 frame-answer batch 3050: 1 item(s)
Checkpoint saved: 3060 frame answer item(s)
Running Molmo2 frame-answer batch 3051: 1 item(s)
Checkpoint saved: 3061 frame answer item(s)
Running Molmo2 frame-answer batch 3052: 1 item(s)
Checkpoint saved: 3062 frame answer item(s)
Running Molmo2 frame-answer batch 3053: 1 item(s)
Checkpoint saved: 3063 frame answer item(s)
Running Molmo2 frame-answer batch 3054: 1 item(s)
Checkpoint saved: 3064 frame answer item(s)
Running Molmo2 frame-answer batch 3055: 1 item(s)
Checkpoint saved: 3065 frame answer item(s)
Running Molmo2 frame-answer batch 3056: 1 item(s)
Checkpoint saved: 3066 frame answer item(s)
Running Molmo2 frame-answer batch 3057: 1 item(s)
Checkpoint saved: 3067 frame answer item(s)
Running Molmo2 frame-answer batch 3058: 1 item(s)
Checkpoint saved: 3068 frame answer item(s)
Running Molmo2 frame-answer batch 3059: 1 item(s)
Checkpoint saved: 3069 frame answer item(s)
Running Molmo2 frame-answer batch 3060: 1 item(s)
Checkpoint saved: 3070 frame answer item(s)
Running Molmo2 frame-answer batch 3061: 1 item(s)
Checkpoint saved: 3071 frame answer item(s)
Running Molmo2 frame-answer batch 3062: 1 item(s)
Checkpoint saved: 3072 frame answer item(s)
Running Molmo2 frame-answer batch 3063: 1 item(s)
Checkpoint saved: 3073 frame answer item(s)
Running Molmo2 frame-answer batch 3064: 1 item(s)
Checkpoint saved: 3074 frame answer item(s)
Running Molmo2 frame-answer batch 3065: 1 item(s)
Checkpoint saved: 3075 frame answer item(s)
Running Molmo2 frame-answer batch 3066: 1 item(s)
Checkpoint saved: 3076 frame answer item(s)
Running Molmo2 frame-answer batch 3067: 1 item(s)
Checkpoint saved: 3077 frame answer item(s)
Running Molmo2 frame-answer batch 3068: 1 item(s)
Checkpoint saved: 3078 frame answer item(s)
Running Molmo2 frame-answer batch 3069: 1 item(s)
Checkpoint saved: 3079 frame answer item(s)
Running Molmo2 frame-answer batch 3070: 1 item(s)
Checkpoint saved: 3080 frame answer item(s)
Running Molmo2 frame-answer batch 3071: 1 item(s)
Checkpoint saved: 3081 frame answer item(s)
Running Molmo2 frame-answer batch 3072: 1 item(s)
Checkpoint saved: 3082 frame answer item(s)
Running Molmo2 frame-answer batch 3073: 1 item(s)
Checkpoint saved: 3083 frame answer item(s)
Running Molmo2 frame-answer batch 3074: 1 item(s)
Checkpoint saved: 3084 frame answer item(s)
Running Molmo2 frame-answer batch 3075: 1 item(s)
Checkpoint saved: 3085 frame answer item(s)
Running Molmo2 frame-answer batch 3076: 1 item(s)
Checkpoint saved: 3086 frame answer item(s)
Running Molmo2 frame-answer batch 3077: 1 item(s)
Checkpoint saved: 3087 frame answer item(s)
Running Molmo2 frame-answer batch 3078: 1 item(s)
Checkpoint saved: 3088 frame answer item(s)
Running Molmo2 frame-answer batch 3079: 1 item(s)
Checkpoint saved: 3089 frame answer item(s)
Running Molmo2 frame-answer batch 3080: 1 item(s)
Checkpoint saved: 3090 frame answer item(s)
Running Molmo2 frame-answer batch 3081: 1 item(s)
Checkpoint saved: 3091 frame answer item(s)
Running Molmo2 frame-answer batch 3082: 1 item(s)
Checkpoint saved: 3092 frame answer item(s)
Running Molmo2 frame-answer batch 3083: 1 item(s)
Checkpoint saved: 3093 frame answer item(s)
Running Molmo2 frame-answer batch 3084: 1 item(s)
Checkpoint saved: 3094 frame answer item(s)
Running Molmo2 frame-answer batch 3085: 1 item(s)
Checkpoint saved: 3095 frame answer item(s)
Running Molmo2 frame-answer batch 3086: 1 item(s)
Checkpoint saved: 3096 frame answer item(s)
Running Molmo2 frame-answer batch 3087: 1 item(s)
Checkpoint saved: 3097 frame answer item(s)
Running Molmo2 frame-answer batch 3088: 1 item(s)
Checkpoint saved: 3098 frame answer item(s)
Running Molmo2 frame-answer batch 3089: 1 item(s)
Checkpoint saved: 3099 frame answer item(s)
Running Molmo2 frame-answer batch 3090: 1 item(s)
Checkpoint saved: 3100 frame answer item(s)
Running Molmo2 frame-answer batch 3091: 1 item(s)
Checkpoint saved: 3101 frame answer item(s)
Running Molmo2 frame-answer batch 3092: 1 item(s)
Checkpoint saved: 3102 frame answer item(s)
Running Molmo2 frame-answer batch 3093: 1 item(s)
Checkpoint saved: 3103 frame answer item(s)
Running Molmo2 frame-answer batch 3094: 1 item(s)
Checkpoint saved: 3104 frame answer item(s)
Running Molmo2 frame-answer batch 3095: 1 item(s)
Checkpoint saved: 3105 frame answer item(s)
Running Molmo2 frame-answer batch 3096: 1 item(s)
Checkpoint saved: 3106 frame answer item(s)
Running Molmo2 frame-answer batch 3097: 1 item(s)
Checkpoint saved: 3107 frame answer item(s)
Running Molmo2 frame-answer batch 3098: 1 item(s)
Checkpoint saved: 3108 frame answer item(s)
Running Molmo2 frame-answer batch 3099: 1 item(s)
Checkpoint saved: 3109 frame answer item(s)
Running Molmo2 frame-answer batch 3100: 1 item(s)
Checkpoint saved: 3110 frame answer item(s)
Running Molmo2 frame-answer batch 3101: 1 item(s)
Checkpoint saved: 3111 frame answer item(s)
Running Molmo2 frame-answer batch 3102: 1 item(s)
Checkpoint saved: 3112 frame answer item(s)
Running Molmo2 frame-answer batch 3103: 1 item(s)
Checkpoint saved: 3113 frame answer item(s)
Running Molmo2 frame-answer batch 3104: 1 item(s)
Checkpoint saved: 3114 frame answer item(s)
Running Molmo2 frame-answer batch 3105: 1 item(s)
Checkpoint saved: 3115 frame answer item(s)
Running Molmo2 frame-answer batch 3106: 1 item(s)
Checkpoint saved: 3116 frame answer item(s)
Running Molmo2 frame-answer batch 3107: 1 item(s)
Checkpoint saved: 3117 frame answer item(s)
Running Molmo2 frame-answer batch 3108: 1 item(s)
Checkpoint saved: 3118 frame answer item(s)
Running Molmo2 frame-answer batch 3109: 1 item(s)
Checkpoint saved: 3119 frame answer item(s)
Running Molmo2 frame-answer batch 3110: 1 item(s)
Checkpoint saved: 3120 frame answer item(s)
Running Molmo2 frame-answer batch 3111: 1 item(s)
Checkpoint saved: 3121 frame answer item(s)
Running Molmo2 frame-answer batch 3112: 1 item(s)
Checkpoint saved: 3122 frame answer item(s)
Running Molmo2 frame-answer batch 3113: 1 item(s)
Checkpoint saved: 3123 frame answer item(s)
Running Molmo2 frame-answer batch 3114: 1 item(s)
Checkpoint saved: 3124 frame answer item(s)
Running Molmo2 frame-answer batch 3115: 1 item(s)
Checkpoint saved: 3125 frame answer item(s)
Running Molmo2 frame-answer batch 3116: 1 item(s)
Checkpoint saved: 3126 frame answer item(s)
Running Molmo2 frame-answer batch 3117: 1 item(s)
Checkpoint saved: 3127 frame answer item(s)
Running Molmo2 frame-answer batch 3118: 1 item(s)
Checkpoint saved: 3128 frame answer item(s)
Running Molmo2 frame-answer batch 3119: 1 item(s)
Checkpoint saved: 3129 frame answer item(s)
Running Molmo2 frame-answer batch 3120: 1 item(s)
Checkpoint saved: 3130 frame answer item(s)
Running Molmo2 frame-answer batch 3121: 1 item(s)
Checkpoint saved: 3131 frame answer item(s)
Running Molmo2 frame-answer batch 3122: 1 item(s)
Checkpoint saved: 3132 frame answer item(s)
Running Molmo2 frame-answer batch 3123: 1 item(s)
Checkpoint saved: 3133 frame answer item(s)
Running Molmo2 frame-answer batch 3124: 1 item(s)
Checkpoint saved: 3134 frame answer item(s)
Running Molmo2 frame-answer batch 3125: 1 item(s)
Checkpoint saved: 3135 frame answer item(s)
Running Molmo2 frame-answer batch 3126: 1 item(s)
Checkpoint saved: 3136 frame answer item(s)
Running Molmo2 frame-answer batch 3127: 1 item(s)
Checkpoint saved: 3137 frame answer item(s)
Running Molmo2 frame-answer batch 3128: 1 item(s)
Checkpoint saved: 3138 frame answer item(s)
Running Molmo2 frame-answer batch 3129: 1 item(s)
Checkpoint saved: 3139 frame answer item(s)
Running Molmo2 frame-answer batch 3130: 1 item(s)
Checkpoint saved: 3140 frame answer item(s)
Running Molmo2 frame-answer batch 3131: 1 item(s)
Checkpoint saved: 3141 frame answer item(s)
Running Molmo2 frame-answer batch 3132: 1 item(s)
Checkpoint saved: 3142 frame answer item(s)
Running Molmo2 frame-answer batch 3133: 1 item(s)
Checkpoint saved: 3143 frame answer item(s)
Running Molmo2 frame-answer batch 3134: 1 item(s)
Checkpoint saved: 3144 frame answer item(s)
Running Molmo2 frame-answer batch 3135: 1 item(s)
Checkpoint saved: 3145 frame answer item(s)
Running Molmo2 frame-answer batch 3136: 1 item(s)
Checkpoint saved: 3146 frame answer item(s)
Running Molmo2 frame-answer batch 3137: 1 item(s)
Checkpoint saved: 3147 frame answer item(s)
Running Molmo2 frame-answer batch 3138: 1 item(s)
Checkpoint saved: 3148 frame answer item(s)
Running Molmo2 frame-answer batch 3139: 1 item(s)
Checkpoint saved: 3149 frame answer item(s)
Running Molmo2 frame-answer batch 3140: 1 item(s)
Checkpoint saved: 3150 frame answer item(s)
Running Molmo2 frame-answer batch 3141: 1 item(s)
Checkpoint saved: 3151 frame answer item(s)
Running Molmo2 frame-answer batch 3142: 1 item(s)
Checkpoint saved: 3152 frame answer item(s)
Running Molmo2 frame-answer batch 3143: 1 item(s)
Checkpoint saved: 3153 frame answer item(s)
Running Molmo2 frame-answer batch 3144: 1 item(s)
Checkpoint saved: 3154 frame answer item(s)
Running Molmo2 frame-answer batch 3145: 1 item(s)
Checkpoint saved: 3155 frame answer item(s)
Running Molmo2 frame-answer batch 3146: 1 item(s)
Checkpoint saved: 3156 frame answer item(s)
Running Molmo2 frame-answer batch 3147: 1 item(s)
Checkpoint saved: 3157 frame answer item(s)
Running Molmo2 frame-answer batch 3148: 1 item(s)
Checkpoint saved: 3158 frame answer item(s)
Running Molmo2 frame-answer batch 3149: 1 item(s)
Checkpoint saved: 3159 frame answer item(s)
Running Molmo2 frame-answer batch 3150: 1 item(s)
Checkpoint saved: 3160 frame answer item(s)
Running Molmo2 frame-answer batch 3151: 1 item(s)
Checkpoint saved: 3161 frame answer item(s)
Running Molmo2 frame-answer batch 3152: 1 item(s)
Checkpoint saved: 3162 frame answer item(s)
Running Molmo2 frame-answer batch 3153: 1 item(s)
Checkpoint saved: 3163 frame answer item(s)
Running Molmo2 frame-answer batch 3154: 1 item(s)
Checkpoint saved: 3164 frame answer item(s)
Running Molmo2 frame-answer batch 3155: 1 item(s)
Checkpoint saved: 3165 frame answer item(s)
Running Molmo2 frame-answer batch 3156: 1 item(s)
Checkpoint saved: 3166 frame answer item(s)
Running Molmo2 frame-answer batch 3157: 1 item(s)
Checkpoint saved: 3167 frame answer item(s)
Running Molmo2 frame-answer batch 3158: 1 item(s)
Checkpoint saved: 3168 frame answer item(s)
Running Molmo2 frame-answer batch 3159: 1 item(s)
Checkpoint saved: 3169 frame answer item(s)
Running Molmo2 frame-answer batch 3160: 1 item(s)
Checkpoint saved: 3170 frame answer item(s)
Running Molmo2 frame-answer batch 3161: 1 item(s)
Checkpoint saved: 3171 frame answer item(s)
Running Molmo2 frame-answer batch 3162: 1 item(s)
Checkpoint saved: 3172 frame answer item(s)
Running Molmo2 frame-answer batch 3163: 1 item(s)
Checkpoint saved: 3173 frame answer item(s)
Running Molmo2 frame-answer batch 3164: 1 item(s)
Checkpoint saved: 3174 frame answer item(s)
Running Molmo2 frame-answer batch 3165: 1 item(s)
Checkpoint saved: 3175 frame answer item(s)
Running Molmo2 frame-answer batch 3166: 1 item(s)
Checkpoint saved: 3176 frame answer item(s)
Running Molmo2 frame-answer batch 3167: 1 item(s)
Checkpoint saved: 3177 frame answer item(s)
Running Molmo2 frame-answer batch 3168: 1 item(s)
Checkpoint saved: 3178 frame answer item(s)
Running Molmo2 frame-answer batch 3169: 1 item(s)
Checkpoint saved: 3179 frame answer item(s)
Running Molmo2 frame-answer batch 3170: 1 item(s)
Checkpoint saved: 3180 frame answer item(s)
Running Molmo2 frame-answer batch 3171: 1 item(s)
Checkpoint saved: 3181 frame answer item(s)
Running Molmo2 frame-answer batch 3172: 1 item(s)
Checkpoint saved: 3182 frame answer item(s)
Running Molmo2 frame-answer batch 3173: 1 item(s)
Checkpoint saved: 3183 frame answer item(s)
Running Molmo2 frame-answer batch 3174: 1 item(s)
Checkpoint saved: 3184 frame answer item(s)
Running Molmo2 frame-answer batch 3175: 1 item(s)
Checkpoint saved: 3185 frame answer item(s)
Running Molmo2 frame-answer batch 3176: 1 item(s)
Checkpoint saved: 3186 frame answer item(s)
Running Molmo2 frame-answer batch 3177: 1 item(s)
Checkpoint saved: 3187 frame answer item(s)
Running Molmo2 frame-answer batch 3178: 1 item(s)
Checkpoint saved: 3188 frame answer item(s)
Running Molmo2 frame-answer batch 3179: 1 item(s)
Checkpoint saved: 3189 frame answer item(s)
Running Molmo2 frame-answer batch 3180: 1 item(s)
Checkpoint saved: 3190 frame answer item(s)
Running Molmo2 frame-answer batch 3181: 1 item(s)
Checkpoint saved: 3191 frame answer item(s)
Running Molmo2 frame-answer batch 3182: 1 item(s)
Checkpoint saved: 3192 frame answer item(s)
Running Molmo2 frame-answer batch 3183: 1 item(s)
Checkpoint saved: 3193 frame answer item(s)
Running Molmo2 frame-answer batch 3184: 1 item(s)
Checkpoint saved: 3194 frame answer item(s)
Running Molmo2 frame-answer batch 3185: 1 item(s)
Checkpoint saved: 3195 frame answer item(s)
Running Molmo2 frame-answer batch 3186: 1 item(s)
Checkpoint saved: 3196 frame answer item(s)
Running Molmo2 frame-answer batch 3187: 1 item(s)
Checkpoint saved: 3197 frame answer item(s)
Running Molmo2 frame-answer batch 3188: 1 item(s)
Checkpoint saved: 3198 frame answer item(s)
Running Molmo2 frame-answer batch 3189: 1 item(s)
Checkpoint saved: 3199 frame answer item(s)
Running Molmo2 frame-answer batch 3190: 1 item(s)
Checkpoint saved: 3200 frame answer item(s)
Running Molmo2 frame-answer batch 3191: 1 item(s)
Checkpoint saved: 3201 frame answer item(s)
Running Molmo2 frame-answer batch 3192: 1 item(s)
Checkpoint saved: 3202 frame answer item(s)
Running Molmo2 frame-answer batch 3193: 1 item(s)
Checkpoint saved: 3203 frame answer item(s)
Running Molmo2 frame-answer batch 3194: 1 item(s)
Checkpoint saved: 3204 frame answer item(s)
Running Molmo2 frame-answer batch 3195: 1 item(s)
Checkpoint saved: 3205 frame answer item(s)
Running Molmo2 frame-answer batch 3196: 1 item(s)
Checkpoint saved: 3206 frame answer item(s)
Running Molmo2 frame-answer batch 3197: 1 item(s)
Checkpoint saved: 3207 frame answer item(s)
Running Molmo2 frame-answer batch 3198: 1 item(s)
Checkpoint saved: 3208 frame answer item(s)
Running Molmo2 frame-answer batch 3199: 1 item(s)
Checkpoint saved: 3209 frame answer item(s)
Running Molmo2 frame-answer batch 3200: 1 item(s)
Checkpoint saved: 3210 frame answer item(s)
Running Molmo2 frame-answer batch 3201: 1 item(s)
Checkpoint saved: 3211 frame answer item(s)
Running Molmo2 frame-answer batch 3202: 1 item(s)
Checkpoint saved: 3212 frame answer item(s)
Running Molmo2 frame-answer batch 3203: 1 item(s)
Checkpoint saved: 3213 frame answer item(s)
Running Molmo2 frame-answer batch 3204: 1 item(s)
Checkpoint saved: 3214 frame answer item(s)
Running Molmo2 frame-answer batch 3205: 1 item(s)
Checkpoint saved: 3215 frame answer item(s)
Running Molmo2 frame-answer batch 3206: 1 item(s)
Checkpoint saved: 3216 frame answer item(s)
Running Molmo2 frame-answer batch 3207: 1 item(s)
Checkpoint saved: 3217 frame answer item(s)
Running Molmo2 frame-answer batch 3208: 1 item(s)
Checkpoint saved: 3218 frame answer item(s)
Running Molmo2 frame-answer batch 3209: 1 item(s)
Checkpoint saved: 3219 frame answer item(s)
Running Molmo2 frame-answer batch 3210: 1 item(s)
Checkpoint saved: 3220 frame answer item(s)
Running Molmo2 frame-answer batch 3211: 1 item(s)
Checkpoint saved: 3221 frame answer item(s)
Running Molmo2 frame-answer batch 3212: 1 item(s)
Checkpoint saved: 3222 frame answer item(s)
Running Molmo2 frame-answer batch 3213: 1 item(s)
Checkpoint saved: 3223 frame answer item(s)
Running Molmo2 frame-answer batch 3214: 1 item(s)
Checkpoint saved: 3224 frame answer item(s)
Running Molmo2 frame-answer batch 3215: 1 item(s)
Checkpoint saved: 3225 frame answer item(s)
Running Molmo2 frame-answer batch 3216: 1 item(s)
Checkpoint saved: 3226 frame answer item(s)
Running Molmo2 frame-answer batch 3217: 1 item(s)
Checkpoint saved: 3227 frame answer item(s)
Running Molmo2 frame-answer batch 3218: 1 item(s)
Checkpoint saved: 3228 frame answer item(s)
Running Molmo2 frame-answer batch 3219: 1 item(s)
Checkpoint saved: 3229 frame answer item(s)
Running Molmo2 frame-answer batch 3220: 1 item(s)
Checkpoint saved: 3230 frame answer item(s)
Running Molmo2 frame-answer batch 3221: 1 item(s)
Checkpoint saved: 3231 frame answer item(s)
Running Molmo2 frame-answer batch 3222: 1 item(s)
Checkpoint saved: 3232 frame answer item(s)
Running Molmo2 frame-answer batch 3223: 1 item(s)
Checkpoint saved: 3233 frame answer item(s)
Running Molmo2 frame-answer batch 3224: 1 item(s)
Checkpoint saved: 3234 frame answer item(s)
Running Molmo2 frame-answer batch 3225: 1 item(s)
Checkpoint saved: 3235 frame answer item(s)
Running Molmo2 frame-answer batch 3226: 1 item(s)
Checkpoint saved: 3236 frame answer item(s)
Running Molmo2 frame-answer batch 3227: 1 item(s)
Checkpoint saved: 3237 frame answer item(s)
Running Molmo2 frame-answer batch 3228: 1 item(s)
Checkpoint saved: 3238 frame answer item(s)
Running Molmo2 frame-answer batch 3229: 1 item(s)
Checkpoint saved: 3239 frame answer item(s)
Running Molmo2 frame-answer batch 3230: 1 item(s)
Checkpoint saved: 3240 frame answer item(s)
Running Molmo2 frame-answer batch 3231: 1 item(s)
Checkpoint saved: 3241 frame answer item(s)
Running Molmo2 frame-answer batch 3232: 1 item(s)
Checkpoint saved: 3242 frame answer item(s)
Running Molmo2 frame-answer batch 3233: 1 item(s)
Checkpoint saved: 3243 frame answer item(s)
Running Molmo2 frame-answer batch 3234: 1 item(s)
Checkpoint saved: 3244 frame answer item(s)
Running Molmo2 frame-answer batch 3235: 1 item(s)
Checkpoint saved: 3245 frame answer item(s)
Running Molmo2 frame-answer batch 3236: 1 item(s)
Checkpoint saved: 3246 frame answer item(s)
Running Molmo2 frame-answer batch 3237: 1 item(s)
Checkpoint saved: 3247 frame answer item(s)
Running Molmo2 frame-answer batch 3238: 1 item(s)
Checkpoint saved: 3248 frame answer item(s)
Running Molmo2 frame-answer batch 3239: 1 item(s)
Checkpoint saved: 3249 frame answer item(s)
Running Molmo2 frame-answer batch 3240: 1 item(s)
Checkpoint saved: 3250 frame answer item(s)
Running Molmo2 frame-answer batch 3241: 1 item(s)
Checkpoint saved: 3251 frame answer item(s)
Running Molmo2 frame-answer batch 3242: 1 item(s)
Checkpoint saved: 3252 frame answer item(s)
Running Molmo2 frame-answer batch 3243: 1 item(s)
Checkpoint saved: 3253 frame answer item(s)
Running Molmo2 frame-answer batch 3244: 1 item(s)
Checkpoint saved: 3254 frame answer item(s)
Running Molmo2 frame-answer batch 3245: 1 item(s)
Checkpoint saved: 3255 frame answer item(s)
Running Molmo2 frame-answer batch 3246: 1 item(s)
Checkpoint saved: 3256 frame answer item(s)
Running Molmo2 frame-answer batch 3247: 1 item(s)
Checkpoint saved: 3257 frame answer item(s)
Running Molmo2 frame-answer batch 3248: 1 item(s)
Checkpoint saved: 3258 frame answer item(s)
Running Molmo2 frame-answer batch 3249: 1 item(s)
Checkpoint saved: 3259 frame answer item(s)
Running Molmo2 frame-answer batch 3250: 1 item(s)
Checkpoint saved: 3260 frame answer item(s)
Running Molmo2 frame-answer batch 3251: 1 item(s)
Checkpoint saved: 3261 frame answer item(s)
Running Molmo2 frame-answer batch 3252: 1 item(s)
Checkpoint saved: 3262 frame answer item(s)
Running Molmo2 frame-answer batch 3253: 1 item(s)
Checkpoint saved: 3263 frame answer item(s)
Running Molmo2 frame-answer batch 3254: 1 item(s)
Checkpoint saved: 3264 frame answer item(s)
Running Molmo2 frame-answer batch 3255: 1 item(s)
Checkpoint saved: 3265 frame answer item(s)
Running Molmo2 frame-answer batch 3256: 1 item(s)
Checkpoint saved: 3266 frame answer item(s)
Running Molmo2 frame-answer batch 3257: 1 item(s)
Checkpoint saved: 3267 frame answer item(s)
Running Molmo2 frame-answer batch 3258: 1 item(s)
Checkpoint saved: 3268 frame answer item(s)
Running Molmo2 frame-answer batch 3259: 1 item(s)
Checkpoint saved: 3269 frame answer item(s)
Running Molmo2 frame-answer batch 3260: 1 item(s)
Checkpoint saved: 3270 frame answer item(s)
Running Molmo2 frame-answer batch 3261: 1 item(s)
Checkpoint saved: 3271 frame answer item(s)
Running Molmo2 frame-answer batch 3262: 1 item(s)
Checkpoint saved: 3272 frame answer item(s)
Running Molmo2 frame-answer batch 3263: 1 item(s)
Checkpoint saved: 3273 frame answer item(s)
Running Molmo2 frame-answer batch 3264: 1 item(s)
Checkpoint saved: 3274 frame answer item(s)
Running Molmo2 frame-answer batch 3265: 1 item(s)
Checkpoint saved: 3275 frame answer item(s)
Running Molmo2 frame-answer batch 3266: 1 item(s)
Checkpoint saved: 3276 frame answer item(s)
Running Molmo2 frame-answer batch 3267: 1 item(s)
Checkpoint saved: 3277 frame answer item(s)
Running Molmo2 frame-answer batch 3268: 1 item(s)
Checkpoint saved: 3278 frame answer item(s)
Running Molmo2 frame-answer batch 3269: 1 item(s)
Checkpoint saved: 3279 frame answer item(s)
Running Molmo2 frame-answer batch 3270: 1 item(s)
Checkpoint saved: 3280 frame answer item(s)
Running Molmo2 frame-answer batch 3271: 1 item(s)
Checkpoint saved: 3281 frame answer item(s)
Running Molmo2 frame-answer batch 3272: 1 item(s)
Checkpoint saved: 3282 frame answer item(s)
Running Molmo2 frame-answer batch 3273: 1 item(s)
Checkpoint saved: 3283 frame answer item(s)
Running Molmo2 frame-answer batch 3274: 1 item(s)
Checkpoint saved: 3284 frame answer item(s)
Running Molmo2 frame-answer batch 3275: 1 item(s)
Checkpoint saved: 3285 frame answer item(s)
Running Molmo2 frame-answer batch 3276: 1 item(s)
Checkpoint saved: 3286 frame answer item(s)
Running Molmo2 frame-answer batch 3277: 1 item(s)
Checkpoint saved: 3287 frame answer item(s)
Running Molmo2 frame-answer batch 3278: 1 item(s)
Checkpoint saved: 3288 frame answer item(s)
Running Molmo2 frame-answer batch 3279: 1 item(s)
Checkpoint saved: 3289 frame answer item(s)
Running Molmo2 frame-answer batch 3280: 1 item(s)
Checkpoint saved: 3290 frame answer item(s)
Running Molmo2 frame-answer batch 3281: 1 item(s)
Checkpoint saved: 3291 frame answer item(s)
Running Molmo2 frame-answer batch 3282: 1 item(s)
Checkpoint saved: 3292 frame answer item(s)
Running Molmo2 frame-answer batch 3283: 1 item(s)
Checkpoint saved: 3293 frame answer item(s)
Running Molmo2 frame-answer batch 3284: 1 item(s)
Checkpoint saved: 3294 frame answer item(s)
Running Molmo2 frame-answer batch 3285: 1 item(s)
Checkpoint saved: 3295 frame answer item(s)
Running Molmo2 frame-answer batch 3286: 1 item(s)
Checkpoint saved: 3296 frame answer item(s)
Running Molmo2 frame-answer batch 3287: 1 item(s)
Checkpoint saved: 3297 frame answer item(s)
Running Molmo2 frame-answer batch 3288: 1 item(s)
Checkpoint saved: 3298 frame answer item(s)
Running Molmo2 frame-answer batch 3289: 1 item(s)
Checkpoint saved: 3299 frame answer item(s)
Running Molmo2 frame-answer batch 3290: 1 item(s)
Checkpoint saved: 3300 frame answer item(s)
Running Molmo2 frame-answer batch 3291: 1 item(s)
Checkpoint saved: 3301 frame answer item(s)
Running Molmo2 frame-answer batch 3292: 1 item(s)
Checkpoint saved: 3302 frame answer item(s)
Running Molmo2 frame-answer batch 3293: 1 item(s)
Checkpoint saved: 3303 frame answer item(s)
Running Molmo2 frame-answer batch 3294: 1 item(s)
Checkpoint saved: 3304 frame answer item(s)
Running Molmo2 frame-answer batch 3295: 1 item(s)
Checkpoint saved: 3305 frame answer item(s)
Running Molmo2 frame-answer batch 3296: 1 item(s)
Checkpoint saved: 3306 frame answer item(s)
Running Molmo2 frame-answer batch 3297: 1 item(s)
Checkpoint saved: 3307 frame answer item(s)
Running Molmo2 frame-answer batch 3298: 1 item(s)
Checkpoint saved: 3308 frame answer item(s)
Running Molmo2 frame-answer batch 3299: 1 item(s)
Checkpoint saved: 3309 frame answer item(s)
Running Molmo2 frame-answer batch 3300: 1 item(s)
Checkpoint saved: 3310 frame answer item(s)
Running Molmo2 frame-answer batch 3301: 1 item(s)
Checkpoint saved: 3311 frame answer item(s)
Running Molmo2 frame-answer batch 3302: 1 item(s)
Checkpoint saved: 3312 frame answer item(s)
Running Molmo2 frame-answer batch 3303: 1 item(s)
Checkpoint saved: 3313 frame answer item(s)
Running Molmo2 frame-answer batch 3304: 1 item(s)
Checkpoint saved: 3314 frame answer item(s)
Running Molmo2 frame-answer batch 3305: 1 item(s)
Checkpoint saved: 3315 frame answer item(s)
Running Molmo2 frame-answer batch 3306: 1 item(s)
Checkpoint saved: 3316 frame answer item(s)
Running Molmo2 frame-answer batch 3307: 1 item(s)
Checkpoint saved: 3317 frame answer item(s)
Running Molmo2 frame-answer batch 3308: 1 item(s)
Checkpoint saved: 3318 frame answer item(s)
Running Molmo2 frame-answer batch 3309: 1 item(s)
Checkpoint saved: 3319 frame answer item(s)
Running Molmo2 frame-answer batch 3310: 1 item(s)
Checkpoint saved: 3320 frame answer item(s)
Running Molmo2 frame-answer batch 3311: 1 item(s)
Checkpoint saved: 3321 frame answer item(s)
Running Molmo2 frame-answer batch 3312: 1 item(s)
Checkpoint saved: 3322 frame answer item(s)
Running Molmo2 frame-answer batch 3313: 1 item(s)
Checkpoint saved: 3323 frame answer item(s)
Running Molmo2 frame-answer batch 3314: 1 item(s)
Checkpoint saved: 3324 frame answer item(s)
Running Molmo2 frame-answer batch 3315: 1 item(s)
Checkpoint saved: 3325 frame answer item(s)
Running Molmo2 frame-answer batch 3316: 1 item(s)
Checkpoint saved: 3326 frame answer item(s)
Running Molmo2 frame-answer batch 3317: 1 item(s)
Checkpoint saved: 3327 frame answer item(s)
Running Molmo2 frame-answer batch 3318: 1 item(s)
Checkpoint saved: 3328 frame answer item(s)
Running Molmo2 frame-answer batch 3319: 1 item(s)
Checkpoint saved: 3329 frame answer item(s)
Running Molmo2 frame-answer batch 3320: 1 item(s)
Checkpoint saved: 3330 frame answer item(s)
Running Molmo2 frame-answer batch 3321: 1 item(s)
Checkpoint saved: 3331 frame answer item(s)
Running Molmo2 frame-answer batch 3322: 1 item(s)
Checkpoint saved: 3332 frame answer item(s)
Running Molmo2 frame-answer batch 3323: 1 item(s)
Checkpoint saved: 3333 frame answer item(s)
Running Molmo2 frame-answer batch 3324: 1 item(s)
Checkpoint saved: 3334 frame answer item(s)
Running Molmo2 frame-answer batch 3325: 1 item(s)
Checkpoint saved: 3335 frame answer item(s)
Running Molmo2 frame-answer batch 3326: 1 item(s)
Checkpoint saved: 3336 frame answer item(s)
Running Molmo2 frame-answer batch 3327: 1 item(s)
Checkpoint saved: 3337 frame answer item(s)
Running Molmo2 frame-answer batch 3328: 1 item(s)
Checkpoint saved: 3338 frame answer item(s)
Running Molmo2 frame-answer batch 3329: 1 item(s)
Checkpoint saved: 3339 frame answer item(s)
Running Molmo2 frame-answer batch 3330: 1 item(s)
Checkpoint saved: 3340 frame answer item(s)
Running Molmo2 frame-answer batch 3331: 1 item(s)
Checkpoint saved: 3341 frame answer item(s)
Running Molmo2 frame-answer batch 3332: 1 item(s)
Checkpoint saved: 3342 frame answer item(s)
Running Molmo2 frame-answer batch 3333: 1 item(s)
Checkpoint saved: 3343 frame answer item(s)
Running Molmo2 frame-answer batch 3334: 1 item(s)
Checkpoint saved: 3344 frame answer item(s)
Running Molmo2 frame-answer batch 3335: 1 item(s)
Checkpoint saved: 3345 frame answer item(s)
Running Molmo2 frame-answer batch 3336: 1 item(s)
Checkpoint saved: 3346 frame answer item(s)
Running Molmo2 frame-answer batch 3337: 1 item(s)
Checkpoint saved: 3347 frame answer item(s)
Running Molmo2 frame-answer batch 3338: 1 item(s)
Checkpoint saved: 3348 frame answer item(s)
Running Molmo2 frame-answer batch 3339: 1 item(s)
Checkpoint saved: 3349 frame answer item(s)
Running Molmo2 frame-answer batch 3340: 1 item(s)
Checkpoint saved: 3350 frame answer item(s)
Running Molmo2 frame-answer batch 3341: 1 item(s)
Checkpoint saved: 3351 frame answer item(s)
Running Molmo2 frame-answer batch 3342: 1 item(s)
Checkpoint saved: 3352 frame answer item(s)
Running Molmo2 frame-answer batch 3343: 1 item(s)
Checkpoint saved: 3353 frame answer item(s)
Running Molmo2 frame-answer batch 3344: 1 item(s)
Checkpoint saved: 3354 frame answer item(s)
Running Molmo2 frame-answer batch 3345: 1 item(s)
Checkpoint saved: 3355 frame answer item(s)
Running Molmo2 frame-answer batch 3346: 1 item(s)
Checkpoint saved: 3356 frame answer item(s)
Running Molmo2 frame-answer batch 3347: 1 item(s)
Checkpoint saved: 3357 frame answer item(s)
Running Molmo2 frame-answer batch 3348: 1 item(s)
Checkpoint saved: 3358 frame answer item(s)
Running Molmo2 frame-answer batch 3349: 1 item(s)
Checkpoint saved: 3359 frame answer item(s)
Running Molmo2 frame-answer batch 3350: 1 item(s)
Checkpoint saved: 3360 frame answer item(s)
Running Molmo2 frame-answer batch 3351: 1 item(s)
Checkpoint saved: 3361 frame answer item(s)
Running Molmo2 frame-answer batch 3352: 1 item(s)
Checkpoint saved: 3362 frame answer item(s)
Running Molmo2 frame-answer batch 3353: 1 item(s)
Checkpoint saved: 3363 frame answer item(s)
Running Molmo2 frame-answer batch 3354: 1 item(s)
Checkpoint saved: 3364 frame answer item(s)
Running Molmo2 frame-answer batch 3355: 1 item(s)
Checkpoint saved: 3365 frame answer item(s)
Running Molmo2 frame-answer batch 3356: 1 item(s)
Checkpoint saved: 3366 frame answer item(s)
Running Molmo2 frame-answer batch 3357: 1 item(s)
Checkpoint saved: 3367 frame answer item(s)
Running Molmo2 frame-answer batch 3358: 1 item(s)
Checkpoint saved: 3368 frame answer item(s)
Running Molmo2 frame-answer batch 3359: 1 item(s)
Checkpoint saved: 3369 frame answer item(s)
Running Molmo2 frame-answer batch 3360: 1 item(s)
Checkpoint saved: 3370 frame answer item(s)
Running Molmo2 frame-answer batch 3361: 1 item(s)
Checkpoint saved: 3371 frame answer item(s)
Running Molmo2 frame-answer batch 3362: 1 item(s)
Checkpoint saved: 3372 frame answer item(s)
Running Molmo2 frame-answer batch 3363: 1 item(s)
Checkpoint saved: 3373 frame answer item(s)
Running Molmo2 frame-answer batch 3364: 1 item(s)
Checkpoint saved: 3374 frame answer item(s)
Running Molmo2 frame-answer batch 3365: 1 item(s)
Checkpoint saved: 3375 frame answer item(s)
Running Molmo2 frame-answer batch 3366: 1 item(s)
Checkpoint saved: 3376 frame answer item(s)
Running Molmo2 frame-answer batch 3367: 1 item(s)
Checkpoint saved: 3377 frame answer item(s)
Running Molmo2 frame-answer batch 3368: 1 item(s)
Checkpoint saved: 3378 frame answer item(s)
Running Molmo2 frame-answer batch 3369: 1 item(s)
Checkpoint saved: 3379 frame answer item(s)
Running Molmo2 frame-answer batch 3370: 1 item(s)
Checkpoint saved: 3380 frame answer item(s)
Running Molmo2 frame-answer batch 3371: 1 item(s)
Checkpoint saved: 3381 frame answer item(s)
Running Molmo2 frame-answer batch 3372: 1 item(s)
Checkpoint saved: 3382 frame answer item(s)
Running Molmo2 frame-answer batch 3373: 1 item(s)
Checkpoint saved: 3383 frame answer item(s)
Running Molmo2 frame-answer batch 3374: 1 item(s)
Checkpoint saved: 3384 frame answer item(s)
Running Molmo2 frame-answer batch 3375: 1 item(s)
Checkpoint saved: 3385 frame answer item(s)
Running Molmo2 frame-answer batch 3376: 1 item(s)
Checkpoint saved: 3386 frame answer item(s)
Running Molmo2 frame-answer batch 3377: 1 item(s)
Checkpoint saved: 3387 frame answer item(s)
Running Molmo2 frame-answer batch 3378: 1 item(s)
Checkpoint saved: 3388 frame answer item(s)
Running Molmo2 frame-answer batch 3379: 1 item(s)
Checkpoint saved: 3389 frame answer item(s)
Running Molmo2 frame-answer batch 3380: 1 item(s)
Checkpoint saved: 3390 frame answer item(s)
Running Molmo2 frame-answer batch 3381: 1 item(s)
Checkpoint saved: 3391 frame answer item(s)
Running Molmo2 frame-answer batch 3382: 1 item(s)
Checkpoint saved: 3392 frame answer item(s)
Running Molmo2 frame-answer batch 3383: 1 item(s)
Checkpoint saved: 3393 frame answer item(s)
Running Molmo2 frame-answer batch 3384: 1 item(s)
Checkpoint saved: 3394 frame answer item(s)
Running Molmo2 frame-answer batch 3385: 1 item(s)
Checkpoint saved: 3395 frame answer item(s)
Running Molmo2 frame-answer batch 3386: 1 item(s)
Checkpoint saved: 3396 frame answer item(s)
Running Molmo2 frame-answer batch 3387: 1 item(s)
Checkpoint saved: 3397 frame answer item(s)
Running Molmo2 frame-answer batch 3388: 1 item(s)
Checkpoint saved: 3398 frame answer item(s)
Running Molmo2 frame-answer batch 3389: 1 item(s)
Checkpoint saved: 3399 frame answer item(s)
Running Molmo2 frame-answer batch 3390: 1 item(s)
Checkpoint saved: 3400 frame answer item(s)
Running Molmo2 frame-answer batch 3391: 1 item(s)
Checkpoint saved: 3401 frame answer item(s)
Running Molmo2 frame-answer batch 3392: 1 item(s)
Checkpoint saved: 3402 frame answer item(s)
Running Molmo2 frame-answer batch 3393: 1 item(s)
Checkpoint saved: 3403 frame answer item(s)
Running Molmo2 frame-answer batch 3394: 1 item(s)
Checkpoint saved: 3404 frame answer item(s)
Running Molmo2 frame-answer batch 3395: 1 item(s)
Checkpoint saved: 3405 frame answer item(s)
Running Molmo2 frame-answer batch 3396: 1 item(s)
Checkpoint saved: 3406 frame answer item(s)
Running Molmo2 frame-answer batch 3397: 1 item(s)
Checkpoint saved: 3407 frame answer item(s)
Running Molmo2 frame-answer batch 3398: 1 item(s)
Checkpoint saved: 3408 frame answer item(s)
Running Molmo2 frame-answer batch 3399: 1 item(s)
Checkpoint saved: 3409 frame answer item(s)
Running Molmo2 frame-answer batch 3400: 1 item(s)
Checkpoint saved: 3410 frame answer item(s)
Running Molmo2 frame-answer batch 3401: 1 item(s)
Checkpoint saved: 3411 frame answer item(s)
Running Molmo2 frame-answer batch 3402: 1 item(s)
Checkpoint saved: 3412 frame answer item(s)
Running Molmo2 frame-answer batch 3403: 1 item(s)
Checkpoint saved: 3413 frame answer item(s)
Running Molmo2 frame-answer batch 3404: 1 item(s)
Checkpoint saved: 3414 frame answer item(s)
Running Molmo2 frame-answer batch 3405: 1 item(s)
Checkpoint saved: 3415 frame answer item(s)
Running Molmo2 frame-answer batch 3406: 1 item(s)
Checkpoint saved: 3416 frame answer item(s)
Running Molmo2 frame-answer batch 3407: 1 item(s)
Checkpoint saved: 3417 frame answer item(s)
Running Molmo2 frame-answer batch 3408: 1 item(s)
Checkpoint saved: 3418 frame answer item(s)
Running Molmo2 frame-answer batch 3409: 1 item(s)
Checkpoint saved: 3419 frame answer item(s)
Running Molmo2 frame-answer batch 3410: 1 item(s)
Checkpoint saved: 3420 frame answer item(s)
Running Molmo2 frame-answer batch 3411: 1 item(s)
Checkpoint saved: 3421 frame answer item(s)
Running Molmo2 frame-answer batch 3412: 1 item(s)
Checkpoint saved: 3422 frame answer item(s)
Running Molmo2 frame-answer batch 3413: 1 item(s)
Checkpoint saved: 3423 frame answer item(s)
Running Molmo2 frame-answer batch 3414: 1 item(s)
Checkpoint saved: 3424 frame answer item(s)
Running Molmo2 frame-answer batch 3415: 1 item(s)
Checkpoint saved: 3425 frame answer item(s)
Running Molmo2 frame-answer batch 3416: 1 item(s)
Checkpoint saved: 3426 frame answer item(s)
Running Molmo2 frame-answer batch 3417: 1 item(s)
Checkpoint saved: 3427 frame answer item(s)
Running Molmo2 frame-answer batch 3418: 1 item(s)
Checkpoint saved: 3428 frame answer item(s)
Running Molmo2 frame-answer batch 3419: 1 item(s)
Checkpoint saved: 3429 frame answer item(s)
Running Molmo2 frame-answer batch 3420: 1 item(s)
Checkpoint saved: 3430 frame answer item(s)
Running Molmo2 frame-answer batch 3421: 1 item(s)
Checkpoint saved: 3431 frame answer item(s)
Running Molmo2 frame-answer batch 3422: 1 item(s)
Checkpoint saved: 3432 frame answer item(s)
Running Molmo2 frame-answer batch 3423: 1 item(s)
Checkpoint saved: 3433 frame answer item(s)
Running Molmo2 frame-answer batch 3424: 1 item(s)
Checkpoint saved: 3434 frame answer item(s)
Running Molmo2 frame-answer batch 3425: 1 item(s)
Checkpoint saved: 3435 frame answer item(s)
Running Molmo2 frame-answer batch 3426: 1 item(s)
Checkpoint saved: 3436 frame answer item(s)
Running Molmo2 frame-answer batch 3427: 1 item(s)
Checkpoint saved: 3437 frame answer item(s)
Running Molmo2 frame-answer batch 3428: 1 item(s)
Checkpoint saved: 3438 frame answer item(s)
Running Molmo2 frame-answer batch 3429: 1 item(s)
Checkpoint saved: 3439 frame answer item(s)
Running Molmo2 frame-answer batch 3430: 1 item(s)
Checkpoint saved: 3440 frame answer item(s)
Running Molmo2 frame-answer batch 3431: 1 item(s)
Checkpoint saved: 3441 frame answer item(s)
Running Molmo2 frame-answer batch 3432: 1 item(s)
Checkpoint saved: 3442 frame answer item(s)
Running Molmo2 frame-answer batch 3433: 1 item(s)
Checkpoint saved: 3443 frame answer item(s)
Running Molmo2 frame-answer batch 3434: 1 item(s)
Checkpoint saved: 3444 frame answer item(s)
Running Molmo2 frame-answer batch 3435: 1 item(s)
Checkpoint saved: 3445 frame answer item(s)
Running Molmo2 frame-answer batch 3436: 1 item(s)
Checkpoint saved: 3446 frame answer item(s)
Running Molmo2 frame-answer batch 3437: 1 item(s)
Checkpoint saved: 3447 frame answer item(s)
Running Molmo2 frame-answer batch 3438: 1 item(s)
Checkpoint saved: 3448 frame answer item(s)
Running Molmo2 frame-answer batch 3439: 1 item(s)
Checkpoint saved: 3449 frame answer item(s)
Running Molmo2 frame-answer batch 3440: 1 item(s)
Checkpoint saved: 3450 frame answer item(s)
Running Molmo2 frame-answer batch 3441: 1 item(s)
Checkpoint saved: 3451 frame answer item(s)
Running Molmo2 frame-answer batch 3442: 1 item(s)
Checkpoint saved: 3452 frame answer item(s)
Running Molmo2 frame-answer batch 3443: 1 item(s)
Checkpoint saved: 3453 frame answer item(s)
Running Molmo2 frame-answer batch 3444: 1 item(s)
Checkpoint saved: 3454 frame answer item(s)
Running Molmo2 frame-answer batch 3445: 1 item(s)
Checkpoint saved: 3455 frame answer item(s)
Running Molmo2 frame-answer batch 3446: 1 item(s)
Checkpoint saved: 3456 frame answer item(s)
Running Molmo2 frame-answer batch 3447: 1 item(s)
Checkpoint saved: 3457 frame answer item(s)
Running Molmo2 frame-answer batch 3448: 1 item(s)
Checkpoint saved: 3458 frame answer item(s)
Running Molmo2 frame-answer batch 3449: 1 item(s)
Checkpoint saved: 3459 frame answer item(s)
Running Molmo2 frame-answer batch 3450: 1 item(s)
Checkpoint saved: 3460 frame answer item(s)
Running Molmo2 frame-answer batch 3451: 1 item(s)
Checkpoint saved: 3461 frame answer item(s)
Running Molmo2 frame-answer batch 3452: 1 item(s)
Checkpoint saved: 3462 frame answer item(s)
Running Molmo2 frame-answer batch 3453: 1 item(s)
Checkpoint saved: 3463 frame answer item(s)
Running Molmo2 frame-answer batch 3454: 1 item(s)
Checkpoint saved: 3464 frame answer item(s)
Running Molmo2 frame-answer batch 3455: 1 item(s)
Checkpoint saved: 3465 frame answer item(s)
Running Molmo2 frame-answer batch 3456: 1 item(s)
Checkpoint saved: 3466 frame answer item(s)
Running Molmo2 frame-answer batch 3457: 1 item(s)
Checkpoint saved: 3467 frame answer item(s)
Running Molmo2 frame-answer batch 3458: 1 item(s)
Checkpoint saved: 3468 frame answer item(s)
Running Molmo2 frame-answer batch 3459: 1 item(s)
Checkpoint saved: 3469 frame answer item(s)
Running Molmo2 frame-answer batch 3460: 1 item(s)
Checkpoint saved: 3470 frame answer item(s)
Running Molmo2 frame-answer batch 3461: 1 item(s)
Checkpoint saved: 3471 frame answer item(s)
Running Molmo2 frame-answer batch 3462: 1 item(s)
Checkpoint saved: 3472 frame answer item(s)
Running Molmo2 frame-answer batch 3463: 1 item(s)
Checkpoint saved: 3473 frame answer item(s)
Running Molmo2 frame-answer batch 3464: 1 item(s)
Checkpoint saved: 3474 frame answer item(s)
Running Molmo2 frame-answer batch 3465: 1 item(s)
Checkpoint saved: 3475 frame answer item(s)
Running Molmo2 frame-answer batch 3466: 1 item(s)
Checkpoint saved: 3476 frame answer item(s)
Running Molmo2 frame-answer batch 3467: 1 item(s)
Checkpoint saved: 3477 frame answer item(s)
Running Molmo2 frame-answer batch 3468: 1 item(s)
Checkpoint saved: 3478 frame answer item(s)
Running Molmo2 frame-answer batch 3469: 1 item(s)
Checkpoint saved: 3479 frame answer item(s)
Running Molmo2 frame-answer batch 3470: 1 item(s)
Checkpoint saved: 3480 frame answer item(s)
Running Molmo2 frame-answer batch 3471: 1 item(s)
Checkpoint saved: 3481 frame answer item(s)
Running Molmo2 frame-answer batch 3472: 1 item(s)
Checkpoint saved: 3482 frame answer item(s)
Running Molmo2 frame-answer batch 3473: 1 item(s)
Checkpoint saved: 3483 frame answer item(s)
Running Molmo2 frame-answer batch 3474: 1 item(s)
Checkpoint saved: 3484 frame answer item(s)
Running Molmo2 frame-answer batch 3475: 1 item(s)
Checkpoint saved: 3485 frame answer item(s)
Running Molmo2 frame-answer batch 3476: 1 item(s)
Checkpoint saved: 3486 frame answer item(s)
Running Molmo2 frame-answer batch 3477: 1 item(s)
Checkpoint saved: 3487 frame answer item(s)
Running Molmo2 frame-answer batch 3478: 1 item(s)
Checkpoint saved: 3488 frame answer item(s)
Running Molmo2 frame-answer batch 3479: 1 item(s)
Checkpoint saved: 3489 frame answer item(s)
Running Molmo2 frame-answer batch 3480: 1 item(s)
Checkpoint saved: 3490 frame answer item(s)
Running Molmo2 frame-answer batch 3481: 1 item(s)
Checkpoint saved: 3491 frame answer item(s)
Running Molmo2 frame-answer batch 3482: 1 item(s)
Checkpoint saved: 3492 frame answer item(s)
Running Molmo2 frame-answer batch 3483: 1 item(s)
Checkpoint saved: 3493 frame answer item(s)
Running Molmo2 frame-answer batch 3484: 1 item(s)
Checkpoint saved: 3494 frame answer item(s)
Running Molmo2 frame-answer batch 3485: 1 item(s)
Checkpoint saved: 3495 frame answer item(s)
Running Molmo2 frame-answer batch 3486: 1 item(s)
Checkpoint saved: 3496 frame answer item(s)
Running Molmo2 frame-answer batch 3487: 1 item(s)
Checkpoint saved: 3497 frame answer item(s)
Running Molmo2 frame-answer batch 3488: 1 item(s)
Checkpoint saved: 3498 frame answer item(s)
Running Molmo2 frame-answer batch 3489: 1 item(s)
Checkpoint saved: 3499 frame answer item(s)
Running Molmo2 frame-answer batch 3490: 1 item(s)
Checkpoint saved: 3500 frame answer item(s)
Running Molmo2 frame-answer batch 3491: 1 item(s)
Checkpoint saved: 3501 frame answer item(s)
Running Molmo2 frame-answer batch 3492: 1 item(s)
Checkpoint saved: 3502 frame answer item(s)
Running Molmo2 frame-answer batch 3493: 1 item(s)
Checkpoint saved: 3503 frame answer item(s)
Running Molmo2 frame-answer batch 3494: 1 item(s)
Checkpoint saved: 3504 frame answer item(s)
Running Molmo2 frame-answer batch 3495: 1 item(s)
Checkpoint saved: 3505 frame answer item(s)
Running Molmo2 frame-answer batch 3496: 1 item(s)
Checkpoint saved: 3506 frame answer item(s)
Running Molmo2 frame-answer batch 3497: 1 item(s)
Checkpoint saved: 3507 frame answer item(s)
Running Molmo2 frame-answer batch 3498: 1 item(s)
Checkpoint saved: 3508 frame answer item(s)
Running Molmo2 frame-answer batch 3499: 1 item(s)
Checkpoint saved: 3509 frame answer item(s)
Running Molmo2 frame-answer batch 3500: 1 item(s)
Checkpoint saved: 3510 frame answer item(s)
Running Molmo2 frame-answer batch 3501: 1 item(s)
Checkpoint saved: 3511 frame answer item(s)
Running Molmo2 frame-answer batch 3502: 1 item(s)
Checkpoint saved: 3512 frame answer item(s)
Running Molmo2 frame-answer batch 3503: 1 item(s)
Checkpoint saved: 3513 frame answer item(s)
Running Molmo2 frame-answer batch 3504: 1 item(s)
Checkpoint saved: 3514 frame answer item(s)
Running Molmo2 frame-answer batch 3505: 1 item(s)
Checkpoint saved: 3515 frame answer item(s)
Running Molmo2 frame-answer batch 3506: 1 item(s)
Checkpoint saved: 3516 frame answer item(s)
Running Molmo2 frame-answer batch 3507: 1 item(s)
Checkpoint saved: 3517 frame answer item(s)
Running Molmo2 frame-answer batch 3508: 1 item(s)
Checkpoint saved: 3518 frame answer item(s)
Running Molmo2 frame-answer batch 3509: 1 item(s)
Checkpoint saved: 3519 frame answer item(s)
Running Molmo2 frame-answer batch 3510: 1 item(s)
Checkpoint saved: 3520 frame answer item(s)
Running Molmo2 frame-answer batch 3511: 1 item(s)
Checkpoint saved: 3521 frame answer item(s)
Running Molmo2 frame-answer batch 3512: 1 item(s)
Checkpoint saved: 3522 frame answer item(s)
Running Molmo2 frame-answer batch 3513: 1 item(s)
Checkpoint saved: 3523 frame answer item(s)
Running Molmo2 frame-answer batch 3514: 1 item(s)
Checkpoint saved: 3524 frame answer item(s)
Running Molmo2 frame-answer batch 3515: 1 item(s)
Checkpoint saved: 3525 frame answer item(s)
Running Molmo2 frame-answer batch 3516: 1 item(s)
Checkpoint saved: 3526 frame answer item(s)
Running Molmo2 frame-answer batch 3517: 1 item(s)
Checkpoint saved: 3527 frame answer item(s)
Running Molmo2 frame-answer batch 3518: 1 item(s)
Checkpoint saved: 3528 frame answer item(s)
Running Molmo2 frame-answer batch 3519: 1 item(s)
Checkpoint saved: 3529 frame answer item(s)
Running Molmo2 frame-answer batch 3520: 1 item(s)
Checkpoint saved: 3530 frame answer item(s)
Running Molmo2 frame-answer batch 3521: 1 item(s)
Checkpoint saved: 3531 frame answer item(s)
Running Molmo2 frame-answer batch 3522: 1 item(s)
Checkpoint saved: 3532 frame answer item(s)
Running Molmo2 frame-answer batch 3523: 1 item(s)
Checkpoint saved: 3533 frame answer item(s)
Running Molmo2 frame-answer batch 3524: 1 item(s)
Checkpoint saved: 3534 frame answer item(s)
Running Molmo2 frame-answer batch 3525: 1 item(s)
Checkpoint saved: 3535 frame answer item(s)
Running Molmo2 frame-answer batch 3526: 1 item(s)
Checkpoint saved: 3536 frame answer item(s)
Running Molmo2 frame-answer batch 3527: 1 item(s)
Checkpoint saved: 3537 frame answer item(s)
Running Molmo2 frame-answer batch 3528: 1 item(s)
Checkpoint saved: 3538 frame answer item(s)
Running Molmo2 frame-answer batch 3529: 1 item(s)
Checkpoint saved: 3539 frame answer item(s)
Running Molmo2 frame-answer batch 3530: 1 item(s)
Checkpoint saved: 3540 frame answer item(s)
Running Molmo2 frame-answer batch 3531: 1 item(s)
Checkpoint saved: 3541 frame answer item(s)
Running Molmo2 frame-answer batch 3532: 1 item(s)
Checkpoint saved: 3542 frame answer item(s)
Running Molmo2 frame-answer batch 3533: 1 item(s)
Checkpoint saved: 3543 frame answer item(s)
Running Molmo2 frame-answer batch 3534: 1 item(s)
Checkpoint saved: 3544 frame answer item(s)
Running Molmo2 frame-answer batch 3535: 1 item(s)
Checkpoint saved: 3545 frame answer item(s)
Running Molmo2 frame-answer batch 3536: 1 item(s)
Checkpoint saved: 3546 frame answer item(s)
Running Molmo2 frame-answer batch 3537: 1 item(s)
Checkpoint saved: 3547 frame answer item(s)
Running Molmo2 frame-answer batch 3538: 1 item(s)
Checkpoint saved: 3548 frame answer item(s)
Running Molmo2 frame-answer batch 3539: 1 item(s)
Checkpoint saved: 3549 frame answer item(s)
Running Molmo2 frame-answer batch 3540: 1 item(s)
Checkpoint saved: 3550 frame answer item(s)
Running Molmo2 frame-answer batch 3541: 1 item(s)
Checkpoint saved: 3551 frame answer item(s)
Running Molmo2 frame-answer batch 3542: 1 item(s)
Checkpoint saved: 3552 frame answer item(s)
Running Molmo2 frame-answer batch 3543: 1 item(s)
Checkpoint saved: 3553 frame answer item(s)
Running Molmo2 frame-answer batch 3544: 1 item(s)
Checkpoint saved: 3554 frame answer item(s)
Running Molmo2 frame-answer batch 3545: 1 item(s)
Checkpoint saved: 3555 frame answer item(s)
Running Molmo2 frame-answer batch 3546: 1 item(s)
Checkpoint saved: 3556 frame answer item(s)
Running Molmo2 frame-answer batch 3547: 1 item(s)
Checkpoint saved: 3557 frame answer item(s)
Running Molmo2 frame-answer batch 3548: 1 item(s)
Checkpoint saved: 3558 frame answer item(s)
Running Molmo2 frame-answer batch 3549: 1 item(s)
Checkpoint saved: 3559 frame answer item(s)
Running Molmo2 frame-answer batch 3550: 1 item(s)
Checkpoint saved: 3560 frame answer item(s)
Running Molmo2 frame-answer batch 3551: 1 item(s)
Checkpoint saved: 3561 frame answer item(s)
Running Molmo2 frame-answer batch 3552: 1 item(s)
Checkpoint saved: 3562 frame answer item(s)
Running Molmo2 frame-answer batch 3553: 1 item(s)
Checkpoint saved: 3563 frame answer item(s)
Running Molmo2 frame-answer batch 3554: 1 item(s)
Checkpoint saved: 3564 frame answer item(s)
Running Molmo2 frame-answer batch 3555: 1 item(s)
Checkpoint saved: 3565 frame answer item(s)
Running Molmo2 frame-answer batch 3556: 1 item(s)
Checkpoint saved: 3566 frame answer item(s)
Running Molmo2 frame-answer batch 3557: 1 item(s)
Checkpoint saved: 3567 frame answer item(s)
Running Molmo2 frame-answer batch 3558: 1 item(s)
Checkpoint saved: 3568 frame answer item(s)
Running Molmo2 frame-answer batch 3559: 1 item(s)
Checkpoint saved: 3569 frame answer item(s)
Running Molmo2 frame-answer batch 3560: 1 item(s)
Checkpoint saved: 3570 frame answer item(s)
Running Molmo2 frame-answer batch 3561: 1 item(s)
Checkpoint saved: 3571 frame answer item(s)
Running Molmo2 frame-answer batch 3562: 1 item(s)
Checkpoint saved: 3572 frame answer item(s)
Running Molmo2 frame-answer batch 3563: 1 item(s)
Checkpoint saved: 3573 frame answer item(s)
Running Molmo2 frame-answer batch 3564: 1 item(s)
Checkpoint saved: 3574 frame answer item(s)
Running Molmo2 frame-answer batch 3565: 1 item(s)
Checkpoint saved: 3575 frame answer item(s)
Running Molmo2 frame-answer batch 3566: 1 item(s)
Checkpoint saved: 3576 frame answer item(s)
Running Molmo2 frame-answer batch 3567: 1 item(s)
Checkpoint saved: 3577 frame answer item(s)
Running Molmo2 frame-answer batch 3568: 1 item(s)
Checkpoint saved: 3578 frame answer item(s)
Running Molmo2 frame-answer batch 3569: 1 item(s)
Checkpoint saved: 3579 frame answer item(s)
Running Molmo2 frame-answer batch 3570: 1 item(s)
Checkpoint saved: 3580 frame answer item(s)
Running Molmo2 frame-answer batch 3571: 1 item(s)
Checkpoint saved: 3581 frame answer item(s)
Running Molmo2 frame-answer batch 3572: 1 item(s)
Checkpoint saved: 3582 frame answer item(s)
Running Molmo2 frame-answer batch 3573: 1 item(s)
Checkpoint saved: 3583 frame answer item(s)
Running Molmo2 frame-answer batch 3574: 1 item(s)
Checkpoint saved: 3584 frame answer item(s)
Running Molmo2 frame-answer batch 3575: 1 item(s)
Checkpoint saved: 3585 frame answer item(s)
Running Molmo2 frame-answer batch 3576: 1 item(s)
Checkpoint saved: 3586 frame answer item(s)
Running Molmo2 frame-answer batch 3577: 1 item(s)
Checkpoint saved: 3587 frame answer item(s)
Running Molmo2 frame-answer batch 3578: 1 item(s)
Checkpoint saved: 3588 frame answer item(s)
Running Molmo2 frame-answer batch 3579: 1 item(s)
Checkpoint saved: 3589 frame answer item(s)
Running Molmo2 frame-answer batch 3580: 1 item(s)
Checkpoint saved: 3590 frame answer item(s)
Running Molmo2 frame-answer batch 3581: 1 item(s)
Checkpoint saved: 3591 frame answer item(s)
Running Molmo2 frame-answer batch 3582: 1 item(s)
Checkpoint saved: 3592 frame answer item(s)
Running Molmo2 frame-answer batch 3583: 1 item(s)
Checkpoint saved: 3593 frame answer item(s)
Running Molmo2 frame-answer batch 3584: 1 item(s)
Checkpoint saved: 3594 frame answer item(s)
Running Molmo2 frame-answer batch 3585: 1 item(s)
Checkpoint saved: 3595 frame answer item(s)
Running Molmo2 frame-answer batch 3586: 1 item(s)
Checkpoint saved: 3596 frame answer item(s)
Running Molmo2 frame-answer batch 3587: 1 item(s)
Checkpoint saved: 3597 frame answer item(s)
Running Molmo2 frame-answer batch 3588: 1 item(s)
Checkpoint saved: 3598 frame answer item(s)
Running Molmo2 frame-answer batch 3589: 1 item(s)
Checkpoint saved: 3599 frame answer item(s)
Running Molmo2 frame-answer batch 3590: 1 item(s)
Checkpoint saved: 3600 frame answer item(s)
Running Molmo2 frame-answer batch 3591: 1 item(s)
Checkpoint saved: 3601 frame answer item(s)
Running Molmo2 frame-answer batch 3592: 1 item(s)
Checkpoint saved: 3602 frame answer item(s)
Running Molmo2 frame-answer batch 3593: 1 item(s)
Checkpoint saved: 3603 frame answer item(s)
Running Molmo2 frame-answer batch 3594: 1 item(s)
Checkpoint saved: 3604 frame answer item(s)
Running Molmo2 frame-answer batch 3595: 1 item(s)
Checkpoint saved: 3605 frame answer item(s)
Running Molmo2 frame-answer batch 3596: 1 item(s)
Checkpoint saved: 3606 frame answer item(s)
Running Molmo2 frame-answer batch 3597: 1 item(s)
Checkpoint saved: 3607 frame answer item(s)
Running Molmo2 frame-answer batch 3598: 1 item(s)
Checkpoint saved: 3608 frame answer item(s)
Running Molmo2 frame-answer batch 3599: 1 item(s)
Checkpoint saved: 3609 frame answer item(s)
Running Molmo2 frame-answer batch 3600: 1 item(s)
Checkpoint saved: 3610 frame answer item(s)
Running Molmo2 frame-answer batch 3601: 1 item(s)
Checkpoint saved: 3611 frame answer item(s)
Running Molmo2 frame-answer batch 3602: 1 item(s)
Checkpoint saved: 3612 frame answer item(s)
Running Molmo2 frame-answer batch 3603: 1 item(s)
Checkpoint saved: 3613 frame answer item(s)
Running Molmo2 frame-answer batch 3604: 1 item(s)
Checkpoint saved: 3614 frame answer item(s)
Running Molmo2 frame-answer batch 3605: 1 item(s)
Checkpoint saved: 3615 frame answer item(s)
Running Molmo2 frame-answer batch 3606: 1 item(s)
Checkpoint saved: 3616 frame answer item(s)
Running Molmo2 frame-answer batch 3607: 1 item(s)
Checkpoint saved: 3617 frame answer item(s)
Running Molmo2 frame-answer batch 3608: 1 item(s)
Checkpoint saved: 3618 frame answer item(s)
Running Molmo2 frame-answer batch 3609: 1 item(s)
Checkpoint saved: 3619 frame answer item(s)
Running Molmo2 frame-answer batch 3610: 1 item(s)
Checkpoint saved: 3620 frame answer item(s)
Running Molmo2 frame-answer batch 3611: 1 item(s)
Checkpoint saved: 3621 frame answer item(s)
Running Molmo2 frame-answer batch 3612: 1 item(s)
Checkpoint saved: 3622 frame answer item(s)
Running Molmo2 frame-answer batch 3613: 1 item(s)
Checkpoint saved: 3623 frame answer item(s)
Running Molmo2 frame-answer batch 3614: 1 item(s)
Checkpoint saved: 3624 frame answer item(s)
Running Molmo2 frame-answer batch 3615: 1 item(s)
Checkpoint saved: 3625 frame answer item(s)
Running Molmo2 frame-answer batch 3616: 1 item(s)
Checkpoint saved: 3626 frame answer item(s)
Running Molmo2 frame-answer batch 3617: 1 item(s)
Checkpoint saved: 3627 frame answer item(s)
Running Molmo2 frame-answer batch 3618: 1 item(s)
Checkpoint saved: 3628 frame answer item(s)
Running Molmo2 frame-answer batch 3619: 1 item(s)
Checkpoint saved: 3629 frame answer item(s)
Running Molmo2 frame-answer batch 3620: 1 item(s)
Checkpoint saved: 3630 frame answer item(s)
Running Molmo2 frame-answer batch 3621: 1 item(s)
Checkpoint saved: 3631 frame answer item(s)
Running Molmo2 frame-answer batch 3622: 1 item(s)
Checkpoint saved: 3632 frame answer item(s)
Running Molmo2 frame-answer batch 3623: 1 item(s)
Checkpoint saved: 3633 frame answer item(s)
Running Molmo2 frame-answer batch 3624: 1 item(s)
Checkpoint saved: 3634 frame answer item(s)
Running Molmo2 frame-answer batch 3625: 1 item(s)
Checkpoint saved: 3635 frame answer item(s)
Running Molmo2 frame-answer batch 3626: 1 item(s)
Checkpoint saved: 3636 frame answer item(s)
Running Molmo2 frame-answer batch 3627: 1 item(s)
Checkpoint saved: 3637 frame answer item(s)
Running Molmo2 frame-answer batch 3628: 1 item(s)
Checkpoint saved: 3638 frame answer item(s)
Running Molmo2 frame-answer batch 3629: 1 item(s)
Checkpoint saved: 3639 frame answer item(s)
Running Molmo2 frame-answer batch 3630: 1 item(s)
Checkpoint saved: 3640 frame answer item(s)
Running Molmo2 frame-answer batch 3631: 1 item(s)
Checkpoint saved: 3641 frame answer item(s)
Running Molmo2 frame-answer batch 3632: 1 item(s)
Checkpoint saved: 3642 frame answer item(s)
Running Molmo2 frame-answer batch 3633: 1 item(s)
Checkpoint saved: 3643 frame answer item(s)
Running Molmo2 frame-answer batch 3634: 1 item(s)
Checkpoint saved: 3644 frame answer item(s)
Running Molmo2 frame-answer batch 3635: 1 item(s)
Checkpoint saved: 3645 frame answer item(s)
Running Molmo2 frame-answer batch 3636: 1 item(s)
Checkpoint saved: 3646 frame answer item(s)
Running Molmo2 frame-answer batch 3637: 1 item(s)
Checkpoint saved: 3647 frame answer item(s)
Running Molmo2 frame-answer batch 3638: 1 item(s)
Checkpoint saved: 3648 frame answer item(s)
Running Molmo2 frame-answer batch 3639: 1 item(s)
Checkpoint saved: 3649 frame answer item(s)
Running Molmo2 frame-answer batch 3640: 1 item(s)
Checkpoint saved: 3650 frame answer item(s)
Running Molmo2 frame-answer batch 3641: 1 item(s)
Checkpoint saved: 3651 frame answer item(s)
Running Molmo2 frame-answer batch 3642: 1 item(s)
Checkpoint saved: 3652 frame answer item(s)
Running Molmo2 frame-answer batch 3643: 1 item(s)
Checkpoint saved: 3653 frame answer item(s)
Running Molmo2 frame-answer batch 3644: 1 item(s)
Checkpoint saved: 3654 frame answer item(s)
Running Molmo2 frame-answer batch 3645: 1 item(s)
Checkpoint saved: 3655 frame answer item(s)
Running Molmo2 frame-answer batch 3646: 1 item(s)
Checkpoint saved: 3656 frame answer item(s)
Running Molmo2 frame-answer batch 3647: 1 item(s)
Checkpoint saved: 3657 frame answer item(s)
Running Molmo2 frame-answer batch 3648: 1 item(s)
Checkpoint saved: 3658 frame answer item(s)
Running Molmo2 frame-answer batch 3649: 1 item(s)
Checkpoint saved: 3659 frame answer item(s)
Running Molmo2 frame-answer batch 3650: 1 item(s)
Checkpoint saved: 3660 frame answer item(s)
Running Molmo2 frame-answer batch 3651: 1 item(s)
Checkpoint saved: 3661 frame answer item(s)
Running Molmo2 frame-answer batch 3652: 1 item(s)
Checkpoint saved: 3662 frame answer item(s)
Running Molmo2 frame-answer batch 3653: 1 item(s)
Checkpoint saved: 3663 frame answer item(s)
Running Molmo2 frame-answer batch 3654: 1 item(s)
Checkpoint saved: 3664 frame answer item(s)
Running Molmo2 frame-answer batch 3655: 1 item(s)
Checkpoint saved: 3665 frame answer item(s)
Running Molmo2 frame-answer batch 3656: 1 item(s)
Checkpoint saved: 3666 frame answer item(s)
Running Molmo2 frame-answer batch 3657: 1 item(s)
Checkpoint saved: 3667 frame answer item(s)
Running Molmo2 frame-answer batch 3658: 1 item(s)
Checkpoint saved: 3668 frame answer item(s)
Running Molmo2 frame-answer batch 3659: 1 item(s)
Checkpoint saved: 3669 frame answer item(s)
Running Molmo2 frame-answer batch 3660: 1 item(s)
Checkpoint saved: 3670 frame answer item(s)
Running Molmo2 frame-answer batch 3661: 1 item(s)
Checkpoint saved: 3671 frame answer item(s)
Running Molmo2 frame-answer batch 3662: 1 item(s)
Checkpoint saved: 3672 frame answer item(s)
Running Molmo2 frame-answer batch 3663: 1 item(s)
Checkpoint saved: 3673 frame answer item(s)
Running Molmo2 frame-answer batch 3664: 1 item(s)
Checkpoint saved: 3674 frame answer item(s)
Running Molmo2 frame-answer batch 3665: 1 item(s)
Checkpoint saved: 3675 frame answer item(s)
Running Molmo2 frame-answer batch 3666: 1 item(s)
Checkpoint saved: 3676 frame answer item(s)
Running Molmo2 frame-answer batch 3667: 1 item(s)
Checkpoint saved: 3677 frame answer item(s)
Running Molmo2 frame-answer batch 3668: 1 item(s)
Checkpoint saved: 3678 frame answer item(s)
Running Molmo2 frame-answer batch 3669: 1 item(s)
Checkpoint saved: 3679 frame answer item(s)
Running Molmo2 frame-answer batch 3670: 1 item(s)
Checkpoint saved: 3680 frame answer item(s)
Running Molmo2 frame-answer batch 3671: 1 item(s)
Checkpoint saved: 3681 frame answer item(s)
Running Molmo2 frame-answer batch 3672: 1 item(s)
Checkpoint saved: 3682 frame answer item(s)
Running Molmo2 frame-answer batch 3673: 1 item(s)
Checkpoint saved: 3683 frame answer item(s)
Running Molmo2 frame-answer batch 3674: 1 item(s)
Checkpoint saved: 3684 frame answer item(s)
Running Molmo2 frame-answer batch 3675: 1 item(s)
Checkpoint saved: 3685 frame answer item(s)
Running Molmo2 frame-answer batch 3676: 1 item(s)
Checkpoint saved: 3686 frame answer item(s)
Running Molmo2 frame-answer batch 3677: 1 item(s)
Checkpoint saved: 3687 frame answer item(s)
Running Molmo2 frame-answer batch 3678: 1 item(s)
Checkpoint saved: 3688 frame answer item(s)
Running Molmo2 frame-answer batch 3679: 1 item(s)
Checkpoint saved: 3689 frame answer item(s)
Running Molmo2 frame-answer batch 3680: 1 item(s)
Checkpoint saved: 3690 frame answer item(s)
Running Molmo2 frame-answer batch 3681: 1 item(s)
Checkpoint saved: 3691 frame answer item(s)
Running Molmo2 frame-answer batch 3682: 1 item(s)
Checkpoint saved: 3692 frame answer item(s)
Running Molmo2 frame-answer batch 3683: 1 item(s)
Checkpoint saved: 3693 frame answer item(s)
Running Molmo2 frame-answer batch 3684: 1 item(s)
Checkpoint saved: 3694 frame answer item(s)
Running Molmo2 frame-answer batch 3685: 1 item(s)
Checkpoint saved: 3695 frame answer item(s)
Running Molmo2 frame-answer batch 3686: 1 item(s)
Checkpoint saved: 3696 frame answer item(s)
Running Molmo2 frame-answer batch 3687: 1 item(s)
Checkpoint saved: 3697 frame answer item(s)
Running Molmo2 frame-answer batch 3688: 1 item(s)
Checkpoint saved: 3698 frame answer item(s)
Running Molmo2 frame-answer batch 3689: 1 item(s)
Checkpoint saved: 3699 frame answer item(s)
Running Molmo2 frame-answer batch 3690: 1 item(s)
Checkpoint saved: 3700 frame answer item(s)
Running Molmo2 frame-answer batch 3691: 1 item(s)
Checkpoint saved: 3701 frame answer item(s)
Running Molmo2 frame-answer batch 3692: 1 item(s)
Checkpoint saved: 3702 frame answer item(s)
Running Molmo2 frame-answer batch 3693: 1 item(s)
Checkpoint saved: 3703 frame answer item(s)
Running Molmo2 frame-answer batch 3694: 1 item(s)
Checkpoint saved: 3704 frame answer item(s)
Running Molmo2 frame-answer batch 3695: 1 item(s)
Checkpoint saved: 3705 frame answer item(s)
Running Molmo2 frame-answer batch 3696: 1 item(s)
Checkpoint saved: 3706 frame answer item(s)
Running Molmo2 frame-answer batch 3697: 1 item(s)
Checkpoint saved: 3707 frame answer item(s)
Running Molmo2 frame-answer batch 3698: 1 item(s)
Checkpoint saved: 3708 frame answer item(s)
Running Molmo2 frame-answer batch 3699: 1 item(s)
Checkpoint saved: 3709 frame answer item(s)
Running Molmo2 frame-answer batch 3700: 1 item(s)
Checkpoint saved: 3710 frame answer item(s)
Running Molmo2 frame-answer batch 3701: 1 item(s)
Checkpoint saved: 3711 frame answer item(s)
Running Molmo2 frame-answer batch 3702: 1 item(s)
Checkpoint saved: 3712 frame answer item(s)
Running Molmo2 frame-answer batch 3703: 1 item(s)
Checkpoint saved: 3713 frame answer item(s)
Running Molmo2 frame-answer batch 3704: 1 item(s)
Checkpoint saved: 3714 frame answer item(s)
Running Molmo2 frame-answer batch 3705: 1 item(s)
Checkpoint saved: 3715 frame answer item(s)
Running Molmo2 frame-answer batch 3706: 1 item(s)
Checkpoint saved: 3716 frame answer item(s)
Running Molmo2 frame-answer batch 3707: 1 item(s)
Checkpoint saved: 3717 frame answer item(s)
Running Molmo2 frame-answer batch 3708: 1 item(s)
Checkpoint saved: 3718 frame answer item(s)
Running Molmo2 frame-answer batch 3709: 1 item(s)
Checkpoint saved: 3719 frame answer item(s)
Running Molmo2 frame-answer batch 3710: 1 item(s)
Checkpoint saved: 3720 frame answer item(s)
Running Molmo2 frame-answer batch 3711: 1 item(s)
Checkpoint saved: 3721 frame answer item(s)
Running Molmo2 frame-answer batch 3712: 1 item(s)
Checkpoint saved: 3722 frame answer item(s)
Running Molmo2 frame-answer batch 3713: 1 item(s)
Checkpoint saved: 3723 frame answer item(s)
Running Molmo2 frame-answer batch 3714: 1 item(s)
Checkpoint saved: 3724 frame answer item(s)
Running Molmo2 frame-answer batch 3715: 1 item(s)
Checkpoint saved: 3725 frame answer item(s)
Running Molmo2 frame-answer batch 3716: 1 item(s)
Checkpoint saved: 3726 frame answer item(s)
Running Molmo2 frame-answer batch 3717: 1 item(s)
Checkpoint saved: 3727 frame answer item(s)
Running Molmo2 frame-answer batch 3718: 1 item(s)
Checkpoint saved: 3728 frame answer item(s)
Running Molmo2 frame-answer batch 3719: 1 item(s)
Checkpoint saved: 3729 frame answer item(s)
Running Molmo2 frame-answer batch 3720: 1 item(s)
Checkpoint saved: 3730 frame answer item(s)
Running Molmo2 frame-answer batch 3721: 1 item(s)
Checkpoint saved: 3731 frame answer item(s)
Running Molmo2 frame-answer batch 3722: 1 item(s)
Checkpoint saved: 3732 frame answer item(s)
Running Molmo2 frame-answer batch 3723: 1 item(s)
Checkpoint saved: 3733 frame answer item(s)
Running Molmo2 frame-answer batch 3724: 1 item(s)
Checkpoint saved: 3734 frame answer item(s)
Running Molmo2 frame-answer batch 3725: 1 item(s)
Checkpoint saved: 3735 frame answer item(s)
Running Molmo2 frame-answer batch 3726: 1 item(s)
Checkpoint saved: 3736 frame answer item(s)
Running Molmo2 frame-answer batch 3727: 1 item(s)
Checkpoint saved: 3737 frame answer item(s)
Running Molmo2 frame-answer batch 3728: 1 item(s)
Checkpoint saved: 3738 frame answer item(s)
Running Molmo2 frame-answer batch 3729: 1 item(s)
Checkpoint saved: 3739 frame answer item(s)
Running Molmo2 frame-answer batch 3730: 1 item(s)
Checkpoint saved: 3740 frame answer item(s)
Running Molmo2 frame-answer batch 3731: 1 item(s)
Checkpoint saved: 3741 frame answer item(s)
Running Molmo2 frame-answer batch 3732: 1 item(s)
Checkpoint saved: 3742 frame answer item(s)
Running Molmo2 frame-answer batch 3733: 1 item(s)
Checkpoint saved: 3743 frame answer item(s)
Running Molmo2 frame-answer batch 3734: 1 item(s)
Checkpoint saved: 3744 frame answer item(s)
Running Molmo2 frame-answer batch 3735: 1 item(s)
Checkpoint saved: 3745 frame answer item(s)
Running Molmo2 frame-answer batch 3736: 1 item(s)
Checkpoint saved: 3746 frame answer item(s)
Running Molmo2 frame-answer batch 3737: 1 item(s)
Checkpoint saved: 3747 frame answer item(s)
Running Molmo2 frame-answer batch 3738: 1 item(s)
Checkpoint saved: 3748 frame answer item(s)
Running Molmo2 frame-answer batch 3739: 1 item(s)
Checkpoint saved: 3749 frame answer item(s)
Running Molmo2 frame-answer batch 3740: 1 item(s)
Checkpoint saved: 3750 frame answer item(s)
Running Molmo2 frame-answer batch 3741: 1 item(s)
Checkpoint saved: 3751 frame answer item(s)
Running Molmo2 frame-answer batch 3742: 1 item(s)
Checkpoint saved: 3752 frame answer item(s)
Running Molmo2 frame-answer batch 3743: 1 item(s)
Checkpoint saved: 3753 frame answer item(s)
Running Molmo2 frame-answer batch 3744: 1 item(s)
Checkpoint saved: 3754 frame answer item(s)
Running Molmo2 frame-answer batch 3745: 1 item(s)
Checkpoint saved: 3755 frame answer item(s)
Running Molmo2 frame-answer batch 3746: 1 item(s)
Checkpoint saved: 3756 frame answer item(s)
Running Molmo2 frame-answer batch 3747: 1 item(s)
Checkpoint saved: 3757 frame answer item(s)
Running Molmo2 frame-answer batch 3748: 1 item(s)
Checkpoint saved: 3758 frame answer item(s)
Running Molmo2 frame-answer batch 3749: 1 item(s)
Checkpoint saved: 3759 frame answer item(s)
Running Molmo2 frame-answer batch 3750: 1 item(s)
Checkpoint saved: 3760 frame answer item(s)
Running Molmo2 frame-answer batch 3751: 1 item(s)
Checkpoint saved: 3761 frame answer item(s)
Running Molmo2 frame-answer batch 3752: 1 item(s)
Checkpoint saved: 3762 frame answer item(s)
Running Molmo2 frame-answer batch 3753: 1 item(s)
Checkpoint saved: 3763 frame answer item(s)
Running Molmo2 frame-answer batch 3754: 1 item(s)
Checkpoint saved: 3764 frame answer item(s)
Running Molmo2 frame-answer batch 3755: 1 item(s)
Checkpoint saved: 3765 frame answer item(s)
Running Molmo2 frame-answer batch 3756: 1 item(s)
Checkpoint saved: 3766 frame answer item(s)
Running Molmo2 frame-answer batch 3757: 1 item(s)
Checkpoint saved: 3767 frame answer item(s)
Running Molmo2 frame-answer batch 3758: 1 item(s)
Checkpoint saved: 3768 frame answer item(s)
Running Molmo2 frame-answer batch 3759: 1 item(s)
Checkpoint saved: 3769 frame answer item(s)
Running Molmo2 frame-answer batch 3760: 1 item(s)
Checkpoint saved: 3770 frame answer item(s)
Running Molmo2 frame-answer batch 3761: 1 item(s)
Checkpoint saved: 3771 frame answer item(s)
Running Molmo2 frame-answer batch 3762: 1 item(s)
Checkpoint saved: 3772 frame answer item(s)
Running Molmo2 frame-answer batch 3763: 1 item(s)
Checkpoint saved: 3773 frame answer item(s)
Running Molmo2 frame-answer batch 3764: 1 item(s)
Checkpoint saved: 3774 frame answer item(s)
Running Molmo2 frame-answer batch 3765: 1 item(s)
Checkpoint saved: 3775 frame answer item(s)
Running Molmo2 frame-answer batch 3766: 1 item(s)
Checkpoint saved: 3776 frame answer item(s)
Running Molmo2 frame-answer batch 3767: 1 item(s)
Checkpoint saved: 3777 frame answer item(s)
Running Molmo2 frame-answer batch 3768: 1 item(s)
Checkpoint saved: 3778 frame answer item(s)
Running Molmo2 frame-answer batch 3769: 1 item(s)
Checkpoint saved: 3779 frame answer item(s)
Running Molmo2 frame-answer batch 3770: 1 item(s)
Checkpoint saved: 3780 frame answer item(s)
Running Molmo2 frame-answer batch 3771: 1 item(s)
Checkpoint saved: 3781 frame answer item(s)
Running Molmo2 frame-answer batch 3772: 1 item(s)
Checkpoint saved: 3782 frame answer item(s)
Running Molmo2 frame-answer batch 3773: 1 item(s)
Checkpoint saved: 3783 frame answer item(s)
Running Molmo2 frame-answer batch 3774: 1 item(s)
Checkpoint saved: 3784 frame answer item(s)
Running Molmo2 frame-answer batch 3775: 1 item(s)
Checkpoint saved: 3785 frame answer item(s)
Running Molmo2 frame-answer batch 3776: 1 item(s)
Checkpoint saved: 3786 frame answer item(s)
Running Molmo2 frame-answer batch 3777: 1 item(s)
Checkpoint saved: 3787 frame answer item(s)
Running Molmo2 frame-answer batch 3778: 1 item(s)
Checkpoint saved: 3788 frame answer item(s)
Running Molmo2 frame-answer batch 3779: 1 item(s)
Checkpoint saved: 3789 frame answer item(s)
Running Molmo2 frame-answer batch 3780: 1 item(s)
Checkpoint saved: 3790 frame answer item(s)
Running Molmo2 frame-answer batch 3781: 1 item(s)
Checkpoint saved: 3791 frame answer item(s)
Running Molmo2 frame-answer batch 3782: 1 item(s)
Checkpoint saved: 3792 frame answer item(s)
Running Molmo2 frame-answer batch 3783: 1 item(s)
Checkpoint saved: 3793 frame answer item(s)
Running Molmo2 frame-answer batch 3784: 1 item(s)
Checkpoint saved: 3794 frame answer item(s)
Running Molmo2 frame-answer batch 3785: 1 item(s)
Checkpoint saved: 3795 frame answer item(s)
Running Molmo2 frame-answer batch 3786: 1 item(s)
Checkpoint saved: 3796 frame answer item(s)
Running Molmo2 frame-answer batch 3787: 1 item(s)
Checkpoint saved: 3797 frame answer item(s)
Running Molmo2 frame-answer batch 3788: 1 item(s)
Checkpoint saved: 3798 frame answer item(s)
Running Molmo2 frame-answer batch 3789: 1 item(s)
Checkpoint saved: 3799 frame answer item(s)
Running Molmo2 frame-answer batch 3790: 1 item(s)
Checkpoint saved: 3800 frame answer item(s)
Running Molmo2 frame-answer batch 3791: 1 item(s)
Checkpoint saved: 3801 frame answer item(s)
Running Molmo2 frame-answer batch 3792: 1 item(s)
Checkpoint saved: 3802 frame answer item(s)
Running Molmo2 frame-answer batch 3793: 1 item(s)
Checkpoint saved: 3803 frame answer item(s)
Running Molmo2 frame-answer batch 3794: 1 item(s)
Checkpoint saved: 3804 frame answer item(s)
Running Molmo2 frame-answer batch 3795: 1 item(s)
Checkpoint saved: 3805 frame answer item(s)
Running Molmo2 frame-answer batch 3796: 1 item(s)
Checkpoint saved: 3806 frame answer item(s)
Running Molmo2 frame-answer batch 3797: 1 item(s)
Checkpoint saved: 3807 frame answer item(s)
Running Molmo2 frame-answer batch 3798: 1 item(s)
Checkpoint saved: 3808 frame answer item(s)
Running Molmo2 frame-answer batch 3799: 1 item(s)
Checkpoint saved: 3809 frame answer item(s)
Running Molmo2 frame-answer batch 3800: 1 item(s)
Checkpoint saved: 3810 frame answer item(s)
Running Molmo2 frame-answer batch 3801: 1 item(s)
Checkpoint saved: 3811 frame answer item(s)
Running Molmo2 frame-answer batch 3802: 1 item(s)
Checkpoint saved: 3812 frame answer item(s)
Running Molmo2 frame-answer batch 3803: 1 item(s)
Checkpoint saved: 3813 frame answer item(s)
Running Molmo2 frame-answer batch 3804: 1 item(s)
Checkpoint saved: 3814 frame answer item(s)
Running Molmo2 frame-answer batch 3805: 1 item(s)
Checkpoint saved: 3815 frame answer item(s)
Running Molmo2 frame-answer batch 3806: 1 item(s)
Checkpoint saved: 3816 frame answer item(s)
Running Molmo2 frame-answer batch 3807: 1 item(s)
Checkpoint saved: 3817 frame answer item(s)
Running Molmo2 frame-answer batch 3808: 1 item(s)
Checkpoint saved: 3818 frame answer item(s)
Running Molmo2 frame-answer batch 3809: 1 item(s)
Checkpoint saved: 3819 frame answer item(s)
Running Molmo2 frame-answer batch 3810: 1 item(s)
Checkpoint saved: 3820 frame answer item(s)
Running Molmo2 frame-answer batch 3811: 1 item(s)
Checkpoint saved: 3821 frame answer item(s)
Running Molmo2 frame-answer batch 3812: 1 item(s)
Checkpoint saved: 3822 frame answer item(s)
Running Molmo2 frame-answer batch 3813: 1 item(s)
Checkpoint saved: 3823 frame answer item(s)
Running Molmo2 frame-answer batch 3814: 1 item(s)
Checkpoint saved: 3824 frame answer item(s)
Running Molmo2 frame-answer batch 3815: 1 item(s)
Checkpoint saved: 3825 frame answer item(s)
Running Molmo2 frame-answer batch 3816: 1 item(s)
Checkpoint saved: 3826 frame answer item(s)
Running Molmo2 frame-answer batch 3817: 1 item(s)
Checkpoint saved: 3827 frame answer item(s)
Running Molmo2 frame-answer batch 3818: 1 item(s)
Checkpoint saved: 3828 frame answer item(s)
Running Molmo2 frame-answer batch 3819: 1 item(s)
Checkpoint saved: 3829 frame answer item(s)
Running Molmo2 frame-answer batch 3820: 1 item(s)
Checkpoint saved: 3830 frame answer item(s)
Running Molmo2 frame-answer batch 3821: 1 item(s)
Checkpoint saved: 3831 frame answer item(s)
Running Molmo2 frame-answer batch 3822: 1 item(s)
Checkpoint saved: 3832 frame answer item(s)
Running Molmo2 frame-answer batch 3823: 1 item(s)
Checkpoint saved: 3833 frame answer item(s)
Running Molmo2 frame-answer batch 3824: 1 item(s)
Checkpoint saved: 3834 frame answer item(s)
Running Molmo2 frame-answer batch 3825: 1 item(s)
Checkpoint saved: 3835 frame answer item(s)
Running Molmo2 frame-answer batch 3826: 1 item(s)
Checkpoint saved: 3836 frame answer item(s)
Running Molmo2 frame-answer batch 3827: 1 item(s)
Checkpoint saved: 3837 frame answer item(s)
Running Molmo2 frame-answer batch 3828: 1 item(s)
Checkpoint saved: 3838 frame answer item(s)
Running Molmo2 frame-answer batch 3829: 1 item(s)
Checkpoint saved: 3839 frame answer item(s)
Running Molmo2 frame-answer batch 3830: 1 item(s)
Checkpoint saved: 3840 frame answer item(s)
Running Molmo2 frame-answer batch 3831: 1 item(s)
Checkpoint saved: 3841 frame answer item(s)
Running Molmo2 frame-answer batch 3832: 1 item(s)
Checkpoint saved: 3842 frame answer item(s)
Running Molmo2 frame-answer batch 3833: 1 item(s)
Checkpoint saved: 3843 frame answer item(s)
Running Molmo2 frame-answer batch 3834: 1 item(s)
Checkpoint saved: 3844 frame answer item(s)
Running Molmo2 frame-answer batch 3835: 1 item(s)
Checkpoint saved: 3845 frame answer item(s)
Running Molmo2 frame-answer batch 3836: 1 item(s)
Checkpoint saved: 3846 frame answer item(s)
Running Molmo2 frame-answer batch 3837: 1 item(s)
Checkpoint saved: 3847 frame answer item(s)
Running Molmo2 frame-answer batch 3838: 1 item(s)
Checkpoint saved: 3848 frame answer item(s)
Running Molmo2 frame-answer batch 3839: 1 item(s)
Checkpoint saved: 3849 frame answer item(s)
Running Molmo2 frame-answer batch 3840: 1 item(s)
Checkpoint saved: 3850 frame answer item(s)
Running Molmo2 frame-answer batch 3841: 1 item(s)
Checkpoint saved: 3851 frame answer item(s)
Running Molmo2 frame-answer batch 3842: 1 item(s)
Checkpoint saved: 3852 frame answer item(s)
Running Molmo2 frame-answer batch 3843: 1 item(s)
Checkpoint saved: 3853 frame answer item(s)
Running Molmo2 frame-answer batch 3844: 1 item(s)
Checkpoint saved: 3854 frame answer item(s)
Running Molmo2 frame-answer batch 3845: 1 item(s)
Checkpoint saved: 3855 frame answer item(s)
Running Molmo2 frame-answer batch 3846: 1 item(s)
Checkpoint saved: 3856 frame answer item(s)
Running Molmo2 frame-answer batch 3847: 1 item(s)
Checkpoint saved: 3857 frame answer item(s)
Running Molmo2 frame-answer batch 3848: 1 item(s)
Checkpoint saved: 3858 frame answer item(s)
Running Molmo2 frame-answer batch 3849: 1 item(s)
Checkpoint saved: 3859 frame answer item(s)
Running Molmo2 frame-answer batch 3850: 1 item(s)
Checkpoint saved: 3860 frame answer item(s)
Running Molmo2 frame-answer batch 3851: 1 item(s)
Checkpoint saved: 3861 frame answer item(s)
Running Molmo2 frame-answer batch 3852: 1 item(s)
Checkpoint saved: 3862 frame answer item(s)
Running Molmo2 frame-answer batch 3853: 1 item(s)
Checkpoint saved: 3863 frame answer item(s)
Running Molmo2 frame-answer batch 3854: 1 item(s)
Checkpoint saved: 3864 frame answer item(s)
Running Molmo2 frame-answer batch 3855: 1 item(s)
Checkpoint saved: 3865 frame answer item(s)
Running Molmo2 frame-answer batch 3856: 1 item(s)
Checkpoint saved: 3866 frame answer item(s)
Running Molmo2 frame-answer batch 3857: 1 item(s)
Checkpoint saved: 3867 frame answer item(s)
Running Molmo2 frame-answer batch 3858: 1 item(s)
Checkpoint saved: 3868 frame answer item(s)
Running Molmo2 frame-answer batch 3859: 1 item(s)
Checkpoint saved: 3869 frame answer item(s)
Running Molmo2 frame-answer batch 3860: 1 item(s)
Checkpoint saved: 3870 frame answer item(s)
Running Molmo2 frame-answer batch 3861: 1 item(s)
Checkpoint saved: 3871 frame answer item(s)
Running Molmo2 frame-answer batch 3862: 1 item(s)
Checkpoint saved: 3872 frame answer item(s)
Running Molmo2 frame-answer batch 3863: 1 item(s)
Checkpoint saved: 3873 frame answer item(s)
Running Molmo2 frame-answer batch 3864: 1 item(s)
Checkpoint saved: 3874 frame answer item(s)
Running Molmo2 frame-answer batch 3865: 1 item(s)
Checkpoint saved: 3875 frame answer item(s)
Running Molmo2 frame-answer batch 3866: 1 item(s)
Checkpoint saved: 3876 frame answer item(s)
Running Molmo2 frame-answer batch 3867: 1 item(s)
Checkpoint saved: 3877 frame answer item(s)
Running Molmo2 frame-answer batch 3868: 1 item(s)
Checkpoint saved: 3878 frame answer item(s)
Running Molmo2 frame-answer batch 3869: 1 item(s)
Checkpoint saved: 3879 frame answer item(s)
Running Molmo2 frame-answer batch 3870: 1 item(s)
Checkpoint saved: 3880 frame answer item(s)
Running Molmo2 frame-answer batch 3871: 1 item(s)
Checkpoint saved: 3881 frame answer item(s)
Running Molmo2 frame-answer batch 3872: 1 item(s)
Checkpoint saved: 3882 frame answer item(s)
Running Molmo2 frame-answer batch 3873: 1 item(s)
Checkpoint saved: 3883 frame answer item(s)
Running Molmo2 frame-answer batch 3874: 1 item(s)
Checkpoint saved: 3884 frame answer item(s)
Running Molmo2 frame-answer batch 3875: 1 item(s)
Checkpoint saved: 3885 frame answer item(s)
Running Molmo2 frame-answer batch 3876: 1 item(s)
Checkpoint saved: 3886 frame answer item(s)
Running Molmo2 frame-answer batch 3877: 1 item(s)
Checkpoint saved: 3887 frame answer item(s)
Running Molmo2 frame-answer batch 3878: 1 item(s)
Checkpoint saved: 3888 frame answer item(s)
Running Molmo2 frame-answer batch 3879: 1 item(s)
Checkpoint saved: 3889 frame answer item(s)
Running Molmo2 frame-answer batch 3880: 1 item(s)
Checkpoint saved: 3890 frame answer item(s)
Running Molmo2 frame-answer batch 3881: 1 item(s)
Checkpoint saved: 3891 frame answer item(s)
Running Molmo2 frame-answer batch 3882: 1 item(s)
Checkpoint saved: 3892 frame answer item(s)
Running Molmo2 frame-answer batch 3883: 1 item(s)
Checkpoint saved: 3893 frame answer item(s)
Running Molmo2 frame-answer batch 3884: 1 item(s)
Checkpoint saved: 3894 frame answer item(s)
Running Molmo2 frame-answer batch 3885: 1 item(s)
Checkpoint saved: 3895 frame answer item(s)
Running Molmo2 frame-answer batch 3886: 1 item(s)
Checkpoint saved: 3896 frame answer item(s)
Running Molmo2 frame-answer batch 3887: 1 item(s)
Checkpoint saved: 3897 frame answer item(s)
Running Molmo2 frame-answer batch 3888: 1 item(s)
Checkpoint saved: 3898 frame answer item(s)
Running Molmo2 frame-answer batch 3889: 1 item(s)
Checkpoint saved: 3899 frame answer item(s)
Running Molmo2 frame-answer batch 3890: 1 item(s)
Checkpoint saved: 3900 frame answer item(s)
Running Molmo2 frame-answer batch 3891: 1 item(s)
Checkpoint saved: 3901 frame answer item(s)
Running Molmo2 frame-answer batch 3892: 1 item(s)
Checkpoint saved: 3902 frame answer item(s)
Running Molmo2 frame-answer batch 3893: 1 item(s)
Checkpoint saved: 3903 frame answer item(s)
Running Molmo2 frame-answer batch 3894: 1 item(s)
Checkpoint saved: 3904 frame answer item(s)
Running Molmo2 frame-answer batch 3895: 1 item(s)
Checkpoint saved: 3905 frame answer item(s)
Running Molmo2 frame-answer batch 3896: 1 item(s)
Checkpoint saved: 3906 frame answer item(s)
Running Molmo2 frame-answer batch 3897: 1 item(s)
Checkpoint saved: 3907 frame answer item(s)
Running Molmo2 frame-answer batch 3898: 1 item(s)
Checkpoint saved: 3908 frame answer item(s)
Running Molmo2 frame-answer batch 3899: 1 item(s)
Checkpoint saved: 3909 frame answer item(s)
Running Molmo2 frame-answer batch 3900: 1 item(s)
Checkpoint saved: 3910 frame answer item(s)
Running Molmo2 frame-answer batch 3901: 1 item(s)
Checkpoint saved: 3911 frame answer item(s)
Running Molmo2 frame-answer batch 3902: 1 item(s)
Checkpoint saved: 3912 frame answer item(s)
Running Molmo2 frame-answer batch 3903: 1 item(s)
Checkpoint saved: 3913 frame answer item(s)
Running Molmo2 frame-answer batch 3904: 1 item(s)
Checkpoint saved: 3914 frame answer item(s)
Running Molmo2 frame-answer batch 3905: 1 item(s)
Checkpoint saved: 3915 frame answer item(s)
Running Molmo2 frame-answer batch 3906: 1 item(s)
Checkpoint saved: 3916 frame answer item(s)
Running Molmo2 frame-answer batch 3907: 1 item(s)
Checkpoint saved: 3917 frame answer item(s)
Running Molmo2 frame-answer batch 3908: 1 item(s)
Checkpoint saved: 3918 frame answer item(s)
Running Molmo2 frame-answer batch 3909: 1 item(s)
Checkpoint saved: 3919 frame answer item(s)
Running Molmo2 frame-answer batch 3910: 1 item(s)
Checkpoint saved: 3920 frame answer item(s)
Running Molmo2 frame-answer batch 3911: 1 item(s)
Checkpoint saved: 3921 frame answer item(s)
Running Molmo2 frame-answer batch 3912: 1 item(s)
Checkpoint saved: 3922 frame answer item(s)
Running Molmo2 frame-answer batch 3913: 1 item(s)
Checkpoint saved: 3923 frame answer item(s)
Running Molmo2 frame-answer batch 3914: 1 item(s)
Checkpoint saved: 3924 frame answer item(s)
Running Molmo2 frame-answer batch 3915: 1 item(s)
Checkpoint saved: 3925 frame answer item(s)
Running Molmo2 frame-answer batch 3916: 1 item(s)
Checkpoint saved: 3926 frame answer item(s)
Running Molmo2 frame-answer batch 3917: 1 item(s)
Checkpoint saved: 3927 frame answer item(s)
Running Molmo2 frame-answer batch 3918: 1 item(s)
Checkpoint saved: 3928 frame answer item(s)
Running Molmo2 frame-answer batch 3919: 1 item(s)
Checkpoint saved: 3929 frame answer item(s)
Running Molmo2 frame-answer batch 3920: 1 item(s)
Checkpoint saved: 3930 frame answer item(s)
Running Molmo2 frame-answer batch 3921: 1 item(s)
Checkpoint saved: 3931 frame answer item(s)
Running Molmo2 frame-answer batch 3922: 1 item(s)
Checkpoint saved: 3932 frame answer item(s)
Running Molmo2 frame-answer batch 3923: 1 item(s)
Checkpoint saved: 3933 frame answer item(s)
Running Molmo2 frame-answer batch 3924: 1 item(s)
Checkpoint saved: 3934 frame answer item(s)
Running Molmo2 frame-answer batch 3925: 1 item(s)
Checkpoint saved: 3935 frame answer item(s)
Running Molmo2 frame-answer batch 3926: 1 item(s)
Checkpoint saved: 3936 frame answer item(s)
Running Molmo2 frame-answer batch 3927: 1 item(s)
Checkpoint saved: 3937 frame answer item(s)
Running Molmo2 frame-answer batch 3928: 1 item(s)
Checkpoint saved: 3938 frame answer item(s)
Running Molmo2 frame-answer batch 3929: 1 item(s)
Checkpoint saved: 3939 frame answer item(s)
Running Molmo2 frame-answer batch 3930: 1 item(s)
Checkpoint saved: 3940 frame answer item(s)
Running Molmo2 frame-answer batch 3931: 1 item(s)
Checkpoint saved: 3941 frame answer item(s)
Running Molmo2 frame-answer batch 3932: 1 item(s)
Checkpoint saved: 3942 frame answer item(s)
Running Molmo2 frame-answer batch 3933: 1 item(s)
Checkpoint saved: 3943 frame answer item(s)
Running Molmo2 frame-answer batch 3934: 1 item(s)
Checkpoint saved: 3944 frame answer item(s)
Running Molmo2 frame-answer batch 3935: 1 item(s)
Checkpoint saved: 3945 frame answer item(s)
Running Molmo2 frame-answer batch 3936: 1 item(s)
Checkpoint saved: 3946 frame answer item(s)
Running Molmo2 frame-answer batch 3937: 1 item(s)
Checkpoint saved: 3947 frame answer item(s)
Running Molmo2 frame-answer batch 3938: 1 item(s)
Checkpoint saved: 3948 frame answer item(s)
Running Molmo2 frame-answer batch 3939: 1 item(s)
Checkpoint saved: 3949 frame answer item(s)
Running Molmo2 frame-answer batch 3940: 1 item(s)
Checkpoint saved: 3950 frame answer item(s)
Running Molmo2 frame-answer batch 3941: 1 item(s)
Checkpoint saved: 3951 frame answer item(s)
Running Molmo2 frame-answer batch 3942: 1 item(s)
Checkpoint saved: 3952 frame answer item(s)
Running Molmo2 frame-answer batch 3943: 1 item(s)
Checkpoint saved: 3953 frame answer item(s)
Running Molmo2 frame-answer batch 3944: 1 item(s)
Checkpoint saved: 3954 frame answer item(s)
Running Molmo2 frame-answer batch 3945: 1 item(s)
Checkpoint saved: 3955 frame answer item(s)
Running Molmo2 frame-answer batch 3946: 1 item(s)
Checkpoint saved: 3956 frame answer item(s)
Running Molmo2 frame-answer batch 3947: 1 item(s)
Checkpoint saved: 3957 frame answer item(s)
Running Molmo2 frame-answer batch 3948: 1 item(s)
Checkpoint saved: 3958 frame answer item(s)
Running Molmo2 frame-answer batch 3949: 1 item(s)
Checkpoint saved: 3959 frame answer item(s)
Running Molmo2 frame-answer batch 3950: 1 item(s)
Checkpoint saved: 3960 frame answer item(s)
Running Molmo2 frame-answer batch 3951: 1 item(s)
Checkpoint saved: 3961 frame answer item(s)
Running Molmo2 frame-answer batch 3952: 1 item(s)
Checkpoint saved: 3962 frame answer item(s)
Running Molmo2 frame-answer batch 3953: 1 item(s)
Checkpoint saved: 3963 frame answer item(s)
Running Molmo2 frame-answer batch 3954: 1 item(s)
Checkpoint saved: 3964 frame answer item(s)
Running Molmo2 frame-answer batch 3955: 1 item(s)
Checkpoint saved: 3965 frame answer item(s)
Running Molmo2 frame-answer batch 3956: 1 item(s)
Checkpoint saved: 3966 frame answer item(s)
Running Molmo2 frame-answer batch 3957: 1 item(s)
Checkpoint saved: 3967 frame answer item(s)
Running Molmo2 frame-answer batch 3958: 1 item(s)
Checkpoint saved: 3968 frame answer item(s)
Running Molmo2 frame-answer batch 3959: 1 item(s)
Checkpoint saved: 3969 frame answer item(s)
Running Molmo2 frame-answer batch 3960: 1 item(s)
Checkpoint saved: 3970 frame answer item(s)
Running Molmo2 frame-answer batch 3961: 1 item(s)
Checkpoint saved: 3971 frame answer item(s)
Running Molmo2 frame-answer batch 3962: 1 item(s)
Checkpoint saved: 3972 frame answer item(s)
Running Molmo2 frame-answer batch 3963: 1 item(s)
Checkpoint saved: 3973 frame answer item(s)
Running Molmo2 frame-answer batch 3964: 1 item(s)
Checkpoint saved: 3974 frame answer item(s)
Running Molmo2 frame-answer batch 3965: 1 item(s)
Checkpoint saved: 3975 frame answer item(s)
Running Molmo2 frame-answer batch 3966: 1 item(s)
Checkpoint saved: 3976 frame answer item(s)
Running Molmo2 frame-answer batch 3967: 1 item(s)
Checkpoint saved: 3977 frame answer item(s)
Running Molmo2 frame-answer batch 3968: 1 item(s)
Checkpoint saved: 3978 frame answer item(s)
Running Molmo2 frame-answer batch 3969: 1 item(s)
Checkpoint saved: 3979 frame answer item(s)
Running Molmo2 frame-answer batch 3970: 1 item(s)
Checkpoint saved: 3980 frame answer item(s)
Running Molmo2 frame-answer batch 3971: 1 item(s)
Checkpoint saved: 3981 frame answer item(s)
Running Molmo2 frame-answer batch 3972: 1 item(s)
Checkpoint saved: 3982 frame answer item(s)
Running Molmo2 frame-answer batch 3973: 1 item(s)
Checkpoint saved: 3983 frame answer item(s)
Running Molmo2 frame-answer batch 3974: 1 item(s)
Checkpoint saved: 3984 frame answer item(s)
Running Molmo2 frame-answer batch 3975: 1 item(s)
Checkpoint saved: 3985 frame answer item(s)
Running Molmo2 frame-answer batch 3976: 1 item(s)
Checkpoint saved: 3986 frame answer item(s)
Running Molmo2 frame-answer batch 3977: 1 item(s)
Checkpoint saved: 3987 frame answer item(s)
Running Molmo2 frame-answer batch 3978: 1 item(s)
Checkpoint saved: 3988 frame answer item(s)
Running Molmo2 frame-answer batch 3979: 1 item(s)
Checkpoint saved: 3989 frame answer item(s)
Running Molmo2 frame-answer batch 3980: 1 item(s)
Checkpoint saved: 3990 frame answer item(s)
Running Molmo2 frame-answer batch 3981: 1 item(s)
Checkpoint saved: 3991 frame answer item(s)
Running Molmo2 frame-answer batch 3982: 1 item(s)
Checkpoint saved: 3992 frame answer item(s)
Running Molmo2 frame-answer batch 3983: 1 item(s)
Checkpoint saved: 3993 frame answer item(s)
Running Molmo2 frame-answer batch 3984: 1 item(s)
Checkpoint saved: 3994 frame answer item(s)
Running Molmo2 frame-answer batch 3985: 1 item(s)
Checkpoint saved: 3995 frame answer item(s)
Running Molmo2 frame-answer batch 3986: 1 item(s)
Checkpoint saved: 3996 frame answer item(s)
Running Molmo2 frame-answer batch 3987: 1 item(s)
Checkpoint saved: 3997 frame answer item(s)
Running Molmo2 frame-answer batch 3988: 1 item(s)
Checkpoint saved: 3998 frame answer item(s)
Running Molmo2 frame-answer batch 3989: 1 item(s)
Checkpoint saved: 3999 frame answer item(s)
Running Molmo2 frame-answer batch 3990: 1 item(s)
Checkpoint saved: 4000 frame answer item(s)
Running Molmo2 frame-answer batch 3991: 1 item(s)
Checkpoint saved: 4001 frame answer item(s)
Running Molmo2 frame-answer batch 3992: 1 item(s)
Checkpoint saved: 4002 frame answer item(s)
Running Molmo2 frame-answer batch 3993: 1 item(s)
Checkpoint saved: 4003 frame answer item(s)
Running Molmo2 frame-answer batch 3994: 1 item(s)
Checkpoint saved: 4004 frame answer item(s)
Running Molmo2 frame-answer batch 3995: 1 item(s)
Checkpoint saved: 4005 frame answer item(s)
Running Molmo2 frame-answer batch 3996: 1 item(s)
Checkpoint saved: 4006 frame answer item(s)
Running Molmo2 frame-answer batch 3997: 1 item(s)
Checkpoint saved: 4007 frame answer item(s)
Running Molmo2 frame-answer batch 3998: 1 item(s)
Checkpoint saved: 4008 frame answer item(s)
Running Molmo2 frame-answer batch 3999: 1 item(s)
Checkpoint saved: 4009 frame answer item(s)
Running Molmo2 frame-answer batch 4000: 1 item(s)
Checkpoint saved: 4010 frame answer item(s)
Running Molmo2 frame-answer batch 4001: 1 item(s)
Checkpoint saved: 4011 frame answer item(s)
Running Molmo2 frame-answer batch 4002: 1 item(s)
Checkpoint saved: 4012 frame answer item(s)
Running Molmo2 frame-answer batch 4003: 1 item(s)
Checkpoint saved: 4013 frame answer item(s)
Running Molmo2 frame-answer batch 4004: 1 item(s)
Checkpoint saved: 4014 frame answer item(s)
Running Molmo2 frame-answer batch 4005: 1 item(s)
Checkpoint saved: 4015 frame answer item(s)
Running Molmo2 frame-answer batch 4006: 1 item(s)
Checkpoint saved: 4016 frame answer item(s)
Running Molmo2 frame-answer batch 4007: 1 item(s)
Checkpoint saved: 4017 frame answer item(s)
Running Molmo2 frame-answer batch 4008: 1 item(s)
Checkpoint saved: 4018 frame answer item(s)
Running Molmo2 frame-answer batch 4009: 1 item(s)
Checkpoint saved: 4019 frame answer item(s)
Running Molmo2 frame-answer batch 4010: 1 item(s)
Checkpoint saved: 4020 frame answer item(s)
Running Molmo2 frame-answer batch 4011: 1 item(s)
Checkpoint saved: 4021 frame answer item(s)
Running Molmo2 frame-answer batch 4012: 1 item(s)
Checkpoint saved: 4022 frame answer item(s)
Running Molmo2 frame-answer batch 4013: 1 item(s)
Checkpoint saved: 4023 frame answer item(s)
Running Molmo2 frame-answer batch 4014: 1 item(s)
Checkpoint saved: 4024 frame answer item(s)
Running Molmo2 frame-answer batch 4015: 1 item(s)
Checkpoint saved: 4025 frame answer item(s)
Running Molmo2 frame-answer batch 4016: 1 item(s)
Checkpoint saved: 4026 frame answer item(s)
Running Molmo2 frame-answer batch 4017: 1 item(s)
Checkpoint saved: 4027 frame answer item(s)
Running Molmo2 frame-answer batch 4018: 1 item(s)
Checkpoint saved: 4028 frame answer item(s)
Running Molmo2 frame-answer batch 4019: 1 item(s)
Checkpoint saved: 4029 frame answer item(s)
Running Molmo2 frame-answer batch 4020: 1 item(s)
Checkpoint saved: 4030 frame answer item(s)
Running Molmo2 frame-answer batch 4021: 1 item(s)
Checkpoint saved: 4031 frame answer item(s)
Running Molmo2 frame-answer batch 4022: 1 item(s)
Checkpoint saved: 4032 frame answer item(s)
Running Molmo2 frame-answer batch 4023: 1 item(s)
Checkpoint saved: 4033 frame answer item(s)
Running Molmo2 frame-answer batch 4024: 1 item(s)
Checkpoint saved: 4034 frame answer item(s)
Running Molmo2 frame-answer batch 4025: 1 item(s)
Checkpoint saved: 4035 frame answer item(s)
Running Molmo2 frame-answer batch 4026: 1 item(s)
Checkpoint saved: 4036 frame answer item(s)
Running Molmo2 frame-answer batch 4027: 1 item(s)
Checkpoint saved: 4037 frame answer item(s)
Running Molmo2 frame-answer batch 4028: 1 item(s)
Checkpoint saved: 4038 frame answer item(s)
Running Molmo2 frame-answer batch 4029: 1 item(s)
Checkpoint saved: 4039 frame answer item(s)
Running Molmo2 frame-answer batch 4030: 1 item(s)
Checkpoint saved: 4040 frame answer item(s)
Running Molmo2 frame-answer batch 4031: 1 item(s)
Checkpoint saved: 4041 frame answer item(s)
Running Molmo2 frame-answer batch 4032: 1 item(s)
Checkpoint saved: 4042 frame answer item(s)
Running Molmo2 frame-answer batch 4033: 1 item(s)
Checkpoint saved: 4043 frame answer item(s)
Running Molmo2 frame-answer batch 4034: 1 item(s)
Checkpoint saved: 4044 frame answer item(s)
Running Molmo2 frame-answer batch 4035: 1 item(s)
Checkpoint saved: 4045 frame answer item(s)
Running Molmo2 frame-answer batch 4036: 1 item(s)
Checkpoint saved: 4046 frame answer item(s)
Running Molmo2 frame-answer batch 4037: 1 item(s)
Checkpoint saved: 4047 frame answer item(s)
Running Molmo2 frame-answer batch 4038: 1 item(s)
Checkpoint saved: 4048 frame answer item(s)
Running Molmo2 frame-answer batch 4039: 1 item(s)
Checkpoint saved: 4049 frame answer item(s)
Running Molmo2 frame-answer batch 4040: 1 item(s)
Checkpoint saved: 4050 frame answer item(s)
Running Molmo2 frame-answer batch 4041: 1 item(s)
Checkpoint saved: 4051 frame answer item(s)
Running Molmo2 frame-answer batch 4042: 1 item(s)
Checkpoint saved: 4052 frame answer item(s)
Running Molmo2 frame-answer batch 4043: 1 item(s)
Checkpoint saved: 4053 frame answer item(s)
Running Molmo2 frame-answer batch 4044: 1 item(s)
Checkpoint saved: 4054 frame answer item(s)
Running Molmo2 frame-answer batch 4045: 1 item(s)
Checkpoint saved: 4055 frame answer item(s)
Running Molmo2 frame-answer batch 4046: 1 item(s)
Checkpoint saved: 4056 frame answer item(s)
Running Molmo2 frame-answer batch 4047: 1 item(s)
Checkpoint saved: 4057 frame answer item(s)
Running Molmo2 frame-answer batch 4048: 1 item(s)
Checkpoint saved: 4058 frame answer item(s)
Running Molmo2 frame-answer batch 4049: 1 item(s)
Checkpoint saved: 4059 frame answer item(s)
Running Molmo2 frame-answer batch 4050: 1 item(s)
Checkpoint saved: 4060 frame answer item(s)
Running Molmo2 frame-answer batch 4051: 1 item(s)
Checkpoint saved: 4061 frame answer item(s)
Running Molmo2 frame-answer batch 4052: 1 item(s)
Checkpoint saved: 4062 frame answer item(s)
Running Molmo2 frame-answer batch 4053: 1 item(s)
Checkpoint saved: 4063 frame answer item(s)
Running Molmo2 frame-answer batch 4054: 1 item(s)
Checkpoint saved: 4064 frame answer item(s)
Running Molmo2 frame-answer batch 4055: 1 item(s)
Checkpoint saved: 4065 frame answer item(s)
Running Molmo2 frame-answer batch 4056: 1 item(s)
Checkpoint saved: 4066 frame answer item(s)
Running Molmo2 frame-answer batch 4057: 1 item(s)
Checkpoint saved: 4067 frame answer item(s)
Running Molmo2 frame-answer batch 4058: 1 item(s)
Checkpoint saved: 4068 frame answer item(s)
Running Molmo2 frame-answer batch 4059: 1 item(s)
Checkpoint saved: 4069 frame answer item(s)
Running Molmo2 frame-answer batch 4060: 1 item(s)
Checkpoint saved: 4070 frame answer item(s)
Running Molmo2 frame-answer batch 4061: 1 item(s)
Checkpoint saved: 4071 frame answer item(s)
Running Molmo2 frame-answer batch 4062: 1 item(s)
Checkpoint saved: 4072 frame answer item(s)
Running Molmo2 frame-answer batch 4063: 1 item(s)
Checkpoint saved: 4073 frame answer item(s)
Running Molmo2 frame-answer batch 4064: 1 item(s)
Checkpoint saved: 4074 frame answer item(s)
Running Molmo2 frame-answer batch 4065: 1 item(s)
Checkpoint saved: 4075 frame answer item(s)
Running Molmo2 frame-answer batch 4066: 1 item(s)
Checkpoint saved: 4076 frame answer item(s)
Running Molmo2 frame-answer batch 4067: 1 item(s)
Checkpoint saved: 4077 frame answer item(s)
Running Molmo2 frame-answer batch 4068: 1 item(s)
Checkpoint saved: 4078 frame answer item(s)
Running Molmo2 frame-answer batch 4069: 1 item(s)
Checkpoint saved: 4079 frame answer item(s)
Running Molmo2 frame-answer batch 4070: 1 item(s)
Checkpoint saved: 4080 frame answer item(s)
Running Molmo2 frame-answer batch 4071: 1 item(s)
Checkpoint saved: 4081 frame answer item(s)
Running Molmo2 frame-answer batch 4072: 1 item(s)
Checkpoint saved: 4082 frame answer item(s)
Running Molmo2 frame-answer batch 4073: 1 item(s)
Checkpoint saved: 4083 frame answer item(s)
Running Molmo2 frame-answer batch 4074: 1 item(s)
Checkpoint saved: 4084 frame answer item(s)
Running Molmo2 frame-answer batch 4075: 1 item(s)
Checkpoint saved: 4085 frame answer item(s)
Running Molmo2 frame-answer batch 4076: 1 item(s)
Checkpoint saved: 4086 frame answer item(s)
Running Molmo2 frame-answer batch 4077: 1 item(s)
Checkpoint saved: 4087 frame answer item(s)
Running Molmo2 frame-answer batch 4078: 1 item(s)
Checkpoint saved: 4088 frame answer item(s)
Running Molmo2 frame-answer batch 4079: 1 item(s)
Checkpoint saved: 4089 frame answer item(s)
Running Molmo2 frame-answer batch 4080: 1 item(s)
Checkpoint saved: 4090 frame answer item(s)
Running Molmo2 frame-answer batch 4081: 1 item(s)
Checkpoint saved: 4091 frame answer item(s)
Running Molmo2 frame-answer batch 4082: 1 item(s)
Checkpoint saved: 4092 frame answer item(s)
Running Molmo2 frame-answer batch 4083: 1 item(s)
Checkpoint saved: 4093 frame answer item(s)
Running Molmo2 frame-answer batch 4084: 1 item(s)
Checkpoint saved: 4094 frame answer item(s)
Running Molmo2 frame-answer batch 4085: 1 item(s)
Checkpoint saved: 4095 frame answer item(s)
Running Molmo2 frame-answer batch 4086: 1 item(s)
Checkpoint saved: 4096 frame answer item(s)
Running Molmo2 frame-answer batch 4087: 1 item(s)
Checkpoint saved: 4097 frame answer item(s)
Running Molmo2 frame-answer batch 4088: 1 item(s)
Checkpoint saved: 4098 frame answer item(s)
Running Molmo2 frame-answer batch 4089: 1 item(s)
Checkpoint saved: 4099 frame answer item(s)
Running Molmo2 frame-answer batch 4090: 1 item(s)
Checkpoint saved: 4100 frame answer item(s)
Running Molmo2 frame-answer batch 4091: 1 item(s)
Checkpoint saved: 4101 frame answer item(s)
Running Molmo2 frame-answer batch 4092: 1 item(s)
Checkpoint saved: 4102 frame answer item(s)
Running Molmo2 frame-answer batch 4093: 1 item(s)
Checkpoint saved: 4103 frame answer item(s)
Running Molmo2 frame-answer batch 4094: 1 item(s)
Checkpoint saved: 4104 frame answer item(s)
Running Molmo2 frame-answer batch 4095: 1 item(s)
Checkpoint saved: 4105 frame answer item(s)
Running Molmo2 frame-answer batch 4096: 1 item(s)
Checkpoint saved: 4106 frame answer item(s)
Running Molmo2 frame-answer batch 4097: 1 item(s)
Checkpoint saved: 4107 frame answer item(s)
Running Molmo2 frame-answer batch 4098: 1 item(s)
Checkpoint saved: 4108 frame answer item(s)
Running Molmo2 frame-answer batch 4099: 1 item(s)
Checkpoint saved: 4109 frame answer item(s)
Running Molmo2 frame-answer batch 4100: 1 item(s)
Checkpoint saved: 4110 frame answer item(s)
Running Molmo2 frame-answer batch 4101: 1 item(s)
Checkpoint saved: 4111 frame answer item(s)
Running Molmo2 frame-answer batch 4102: 1 item(s)
Checkpoint saved: 4112 frame answer item(s)
Running Molmo2 frame-answer batch 4103: 1 item(s)
Checkpoint saved: 4113 frame answer item(s)
Running Molmo2 frame-answer batch 4104: 1 item(s)
Checkpoint saved: 4114 frame answer item(s)
Running Molmo2 frame-answer batch 4105: 1 item(s)
Checkpoint saved: 4115 frame answer item(s)
Running Molmo2 frame-answer batch 4106: 1 item(s)
Checkpoint saved: 4116 frame answer item(s)
Running Molmo2 frame-answer batch 4107: 1 item(s)
Checkpoint saved: 4117 frame answer item(s)
Running Molmo2 frame-answer batch 4108: 1 item(s)
Checkpoint saved: 4118 frame answer item(s)
Running Molmo2 frame-answer batch 4109: 1 item(s)
Checkpoint saved: 4119 frame answer item(s)
Running Molmo2 frame-answer batch 4110: 1 item(s)
Checkpoint saved: 4120 frame answer item(s)
Running Molmo2 frame-answer batch 4111: 1 item(s)
Checkpoint saved: 4121 frame answer item(s)
Running Molmo2 frame-answer batch 4112: 1 item(s)
Checkpoint saved: 4122 frame answer item(s)
Running Molmo2 frame-answer batch 4113: 1 item(s)
Checkpoint saved: 4123 frame answer item(s)
Running Molmo2 frame-answer batch 4114: 1 item(s)
Checkpoint saved: 4124 frame answer item(s)
Running Molmo2 frame-answer batch 4115: 1 item(s)
Checkpoint saved: 4125 frame answer item(s)
Running Molmo2 frame-answer batch 4116: 1 item(s)
Checkpoint saved: 4126 frame answer item(s)
Running Molmo2 frame-answer batch 4117: 1 item(s)
Checkpoint saved: 4127 frame answer item(s)
Running Molmo2 frame-answer batch 4118: 1 item(s)
Checkpoint saved: 4128 frame answer item(s)
Running Molmo2 frame-answer batch 4119: 1 item(s)
Checkpoint saved: 4129 frame answer item(s)
Running Molmo2 frame-answer batch 4120: 1 item(s)
Checkpoint saved: 4130 frame answer item(s)
Running Molmo2 frame-answer batch 4121: 1 item(s)
Checkpoint saved: 4131 frame answer item(s)
Running Molmo2 frame-answer batch 4122: 1 item(s)
Checkpoint saved: 4132 frame answer item(s)
Running Molmo2 frame-answer batch 4123: 1 item(s)
Checkpoint saved: 4133 frame answer item(s)
Running Molmo2 frame-answer batch 4124: 1 item(s)
Checkpoint saved: 4134 frame answer item(s)
Running Molmo2 frame-answer batch 4125: 1 item(s)
Checkpoint saved: 4135 frame answer item(s)
Running Molmo2 frame-answer batch 4126: 1 item(s)
Checkpoint saved: 4136 frame answer item(s)
Running Molmo2 frame-answer batch 4127: 1 item(s)
Checkpoint saved: 4137 frame answer item(s)
Running Molmo2 frame-answer batch 4128: 1 item(s)
Checkpoint saved: 4138 frame answer item(s)
Running Molmo2 frame-answer batch 4129: 1 item(s)
Checkpoint saved: 4139 frame answer item(s)
Running Molmo2 frame-answer batch 4130: 1 item(s)
Checkpoint saved: 4140 frame answer item(s)
Running Molmo2 frame-answer batch 4131: 1 item(s)
Checkpoint saved: 4141 frame answer item(s)
Running Molmo2 frame-answer batch 4132: 1 item(s)
Checkpoint saved: 4142 frame answer item(s)
Running Molmo2 frame-answer batch 4133: 1 item(s)
Checkpoint saved: 4143 frame answer item(s)
Running Molmo2 frame-answer batch 4134: 1 item(s)
Checkpoint saved: 4144 frame answer item(s)
Running Molmo2 frame-answer batch 4135: 1 item(s)
Checkpoint saved: 4145 frame answer item(s)
Running Molmo2 frame-answer batch 4136: 1 item(s)
Checkpoint saved: 4146 frame answer item(s)
Running Molmo2 frame-answer batch 4137: 1 item(s)
Checkpoint saved: 4147 frame answer item(s)
Running Molmo2 frame-answer batch 4138: 1 item(s)
Checkpoint saved: 4148 frame answer item(s)
Running Molmo2 frame-answer batch 4139: 1 item(s)
Checkpoint saved: 4149 frame answer item(s)
Running Molmo2 frame-answer batch 4140: 1 item(s)
Checkpoint saved: 4150 frame answer item(s)
Running Molmo2 frame-answer batch 4141: 1 item(s)
Checkpoint saved: 4151 frame answer item(s)
Running Molmo2 frame-answer batch 4142: 1 item(s)
Checkpoint saved: 4152 frame answer item(s)
Running Molmo2 frame-answer batch 4143: 1 item(s)
Checkpoint saved: 4153 frame answer item(s)
Running Molmo2 frame-answer batch 4144: 1 item(s)
Checkpoint saved: 4154 frame answer item(s)
Running Molmo2 frame-answer batch 4145: 1 item(s)
Checkpoint saved: 4155 frame answer item(s)
Running Molmo2 frame-answer batch 4146: 1 item(s)
Checkpoint saved: 4156 frame answer item(s)
Running Molmo2 frame-answer batch 4147: 1 item(s)
Checkpoint saved: 4157 frame answer item(s)
Running Molmo2 frame-answer batch 4148: 1 item(s)
Checkpoint saved: 4158 frame answer item(s)
Running Molmo2 frame-answer batch 4149: 1 item(s)
Checkpoint saved: 4159 frame answer item(s)
Running Molmo2 frame-answer batch 4150: 1 item(s)
Checkpoint saved: 4160 frame answer item(s)
Running Molmo2 frame-answer batch 4151: 1 item(s)
Checkpoint saved: 4161 frame answer item(s)
Running Molmo2 frame-answer batch 4152: 1 item(s)
Checkpoint saved: 4162 frame answer item(s)
Running Molmo2 frame-answer batch 4153: 1 item(s)
Checkpoint saved: 4163 frame answer item(s)
Running Molmo2 frame-answer batch 4154: 1 item(s)
Checkpoint saved: 4164 frame answer item(s)
Running Molmo2 frame-answer batch 4155: 1 item(s)
Checkpoint saved: 4165 frame answer item(s)
Running Molmo2 frame-answer batch 4156: 1 item(s)
Checkpoint saved: 4166 frame answer item(s)
Running Molmo2 frame-answer batch 4157: 1 item(s)
Checkpoint saved: 4167 frame answer item(s)
Running Molmo2 frame-answer batch 4158: 1 item(s)
Checkpoint saved: 4168 frame answer item(s)
Running Molmo2 frame-answer batch 4159: 1 item(s)
Checkpoint saved: 4169 frame answer item(s)
Running Molmo2 frame-answer batch 4160: 1 item(s)
Checkpoint saved: 4170 frame answer item(s)
Running Molmo2 frame-answer batch 4161: 1 item(s)
Checkpoint saved: 4171 frame answer item(s)
Running Molmo2 frame-answer batch 4162: 1 item(s)
Checkpoint saved: 4172 frame answer item(s)
Running Molmo2 frame-answer batch 4163: 1 item(s)
Checkpoint saved: 4173 frame answer item(s)
Running Molmo2 frame-answer batch 4164: 1 item(s)
Checkpoint saved: 4174 frame answer item(s)
Running Molmo2 frame-answer batch 4165: 1 item(s)
Checkpoint saved: 4175 frame answer item(s)
Running Molmo2 frame-answer batch 4166: 1 item(s)
Checkpoint saved: 4176 frame answer item(s)
Running Molmo2 frame-answer batch 4167: 1 item(s)
Checkpoint saved: 4177 frame answer item(s)
Running Molmo2 frame-answer batch 4168: 1 item(s)
Checkpoint saved: 4178 frame answer item(s)
Running Molmo2 frame-answer batch 4169: 1 item(s)
Checkpoint saved: 4179 frame answer item(s)
Running Molmo2 frame-answer batch 4170: 1 item(s)
Checkpoint saved: 4180 frame answer item(s)
Running Molmo2 frame-answer batch 4171: 1 item(s)
Checkpoint saved: 4181 frame answer item(s)
Running Molmo2 frame-answer batch 4172: 1 item(s)
Checkpoint saved: 4182 frame answer item(s)
Running Molmo2 frame-answer batch 4173: 1 item(s)
Checkpoint saved: 4183 frame answer item(s)
Running Molmo2 frame-answer batch 4174: 1 item(s)
Checkpoint saved: 4184 frame answer item(s)
Running Molmo2 frame-answer batch 4175: 1 item(s)
Checkpoint saved: 4185 frame answer item(s)
Running Molmo2 frame-answer batch 4176: 1 item(s)
Checkpoint saved: 4186 frame answer item(s)
Running Molmo2 frame-answer batch 4177: 1 item(s)
Checkpoint saved: 4187 frame answer item(s)
Running Molmo2 frame-answer batch 4178: 1 item(s)
Checkpoint saved: 4188 frame answer item(s)
Running Molmo2 frame-answer batch 4179: 1 item(s)
Checkpoint saved: 4189 frame answer item(s)
Running Molmo2 frame-answer batch 4180: 1 item(s)
Checkpoint saved: 4190 frame answer item(s)
Running Molmo2 frame-answer batch 4181: 1 item(s)
Checkpoint saved: 4191 frame answer item(s)
Running Molmo2 frame-answer batch 4182: 1 item(s)
Checkpoint saved: 4192 frame answer item(s)
Running Molmo2 frame-answer batch 4183: 1 item(s)
Checkpoint saved: 4193 frame answer item(s)
Running Molmo2 frame-answer batch 4184: 1 item(s)
Checkpoint saved: 4194 frame answer item(s)
Running Molmo2 frame-answer batch 4185: 1 item(s)
Checkpoint saved: 4195 frame answer item(s)
Running Molmo2 frame-answer batch 4186: 1 item(s)
Checkpoint saved: 4196 frame answer item(s)
Running Molmo2 frame-answer batch 4187: 1 item(s)
Checkpoint saved: 4197 frame answer item(s)
Running Molmo2 frame-answer batch 4188: 1 item(s)
Checkpoint saved: 4198 frame answer item(s)
Running Molmo2 frame-answer batch 4189: 1 item(s)
Checkpoint saved: 4199 frame answer item(s)
Running Molmo2 frame-answer batch 4190: 1 item(s)
Checkpoint saved: 4200 frame answer item(s)
Running Molmo2 frame-answer batch 4191: 1 item(s)
Checkpoint saved: 4201 frame answer item(s)
Running Molmo2 frame-answer batch 4192: 1 item(s)
Checkpoint saved: 4202 frame answer item(s)
Running Molmo2 frame-answer batch 4193: 1 item(s)
Checkpoint saved: 4203 frame answer item(s)
Running Molmo2 frame-answer batch 4194: 1 item(s)
Checkpoint saved: 4204 frame answer item(s)
Running Molmo2 frame-answer batch 4195: 1 item(s)
Checkpoint saved: 4205 frame answer item(s)
Running Molmo2 frame-answer batch 4196: 1 item(s)
Checkpoint saved: 4206 frame answer item(s)
Running Molmo2 frame-answer batch 4197: 1 item(s)
Checkpoint saved: 4207 frame answer item(s)
Running Molmo2 frame-answer batch 4198: 1 item(s)
Checkpoint saved: 4208 frame answer item(s)
Running Molmo2 frame-answer batch 4199: 1 item(s)
Checkpoint saved: 4209 frame answer item(s)
Running Molmo2 frame-answer batch 4200: 1 item(s)
Checkpoint saved: 4210 frame answer item(s)
Running Molmo2 frame-answer batch 4201: 1 item(s)
Checkpoint saved: 4211 frame answer item(s)
Running Molmo2 frame-answer batch 4202: 1 item(s)
Checkpoint saved: 4212 frame answer item(s)
Running Molmo2 frame-answer batch 4203: 1 item(s)
Checkpoint saved: 4213 frame answer item(s)
Running Molmo2 frame-answer batch 4204: 1 item(s)
Checkpoint saved: 4214 frame answer item(s)
Running Molmo2 frame-answer batch 4205: 1 item(s)
Checkpoint saved: 4215 frame answer item(s)
Running Molmo2 frame-answer batch 4206: 1 item(s)
Checkpoint saved: 4216 frame answer item(s)
Running Molmo2 frame-answer batch 4207: 1 item(s)
Checkpoint saved: 4217 frame answer item(s)
Running Molmo2 frame-answer batch 4208: 1 item(s)
Checkpoint saved: 4218 frame answer item(s)
Running Molmo2 frame-answer batch 4209: 1 item(s)
Checkpoint saved: 4219 frame answer item(s)
Running Molmo2 frame-answer batch 4210: 1 item(s)
Checkpoint saved: 4220 frame answer item(s)
Running Molmo2 frame-answer batch 4211: 1 item(s)
Checkpoint saved: 4221 frame answer item(s)
Running Molmo2 frame-answer batch 4212: 1 item(s)
Checkpoint saved: 4222 frame answer item(s)
Running Molmo2 frame-answer batch 4213: 1 item(s)
Checkpoint saved: 4223 frame answer item(s)
Running Molmo2 frame-answer batch 4214: 1 item(s)
Checkpoint saved: 4224 frame answer item(s)
Running Molmo2 frame-answer batch 4215: 1 item(s)
Checkpoint saved: 4225 frame answer item(s)
Running Molmo2 frame-answer batch 4216: 1 item(s)
Checkpoint saved: 4226 frame answer item(s)
Running Molmo2 frame-answer batch 4217: 1 item(s)
Checkpoint saved: 4227 frame answer item(s)
Running Molmo2 frame-answer batch 4218: 1 item(s)
Checkpoint saved: 4228 frame answer item(s)
Running Molmo2 frame-answer batch 4219: 1 item(s)
Checkpoint saved: 4229 frame answer item(s)
Running Molmo2 frame-answer batch 4220: 1 item(s)
Checkpoint saved: 4230 frame answer item(s)
Running Molmo2 frame-answer batch 4221: 1 item(s)
Checkpoint saved: 4231 frame answer item(s)
Running Molmo2 frame-answer batch 4222: 1 item(s)
Checkpoint saved: 4232 frame answer item(s)
Running Molmo2 frame-answer batch 4223: 1 item(s)
Checkpoint saved: 4233 frame answer item(s)
Running Molmo2 frame-answer batch 4224: 1 item(s)
Checkpoint saved: 4234 frame answer item(s)
Running Molmo2 frame-answer batch 4225: 1 item(s)
Checkpoint saved: 4235 frame answer item(s)
Running Molmo2 frame-answer batch 4226: 1 item(s)
Checkpoint saved: 4236 frame answer item(s)
Running Molmo2 frame-answer batch 4227: 1 item(s)
Checkpoint saved: 4237 frame answer item(s)
Running Molmo2 frame-answer batch 4228: 1 item(s)
Checkpoint saved: 4238 frame answer item(s)
Running Molmo2 frame-answer batch 4229: 1 item(s)
Checkpoint saved: 4239 frame answer item(s)
Running Molmo2 frame-answer batch 4230: 1 item(s)
Checkpoint saved: 4240 frame answer item(s)
Running Molmo2 frame-answer batch 4231: 1 item(s)
Checkpoint saved: 4241 frame answer item(s)
Running Molmo2 frame-answer batch 4232: 1 item(s)
Checkpoint saved: 4242 frame answer item(s)
Running Molmo2 frame-answer batch 4233: 1 item(s)
Checkpoint saved: 4243 frame answer item(s)
Running Molmo2 frame-answer batch 4234: 1 item(s)
Checkpoint saved: 4244 frame answer item(s)
Running Molmo2 frame-answer batch 4235: 1 item(s)
Checkpoint saved: 4245 frame answer item(s)
Running Molmo2 frame-answer batch 4236: 1 item(s)
Checkpoint saved: 4246 frame answer item(s)
Running Molmo2 frame-answer batch 4237: 1 item(s)
Checkpoint saved: 4247 frame answer item(s)
Running Molmo2 frame-answer batch 4238: 1 item(s)
Checkpoint saved: 4248 frame answer item(s)
Running Molmo2 frame-answer batch 4239: 1 item(s)
Checkpoint saved: 4249 frame answer item(s)
Running Molmo2 frame-answer batch 4240: 1 item(s)
Checkpoint saved: 4250 frame answer item(s)
Running Molmo2 frame-answer batch 4241: 1 item(s)
Checkpoint saved: 4251 frame answer item(s)
Running Molmo2 frame-answer batch 4242: 1 item(s)
Checkpoint saved: 4252 frame answer item(s)
Running Molmo2 frame-answer batch 4243: 1 item(s)
Checkpoint saved: 4253 frame answer item(s)
Running Molmo2 frame-answer batch 4244: 1 item(s)
Checkpoint saved: 4254 frame answer item(s)
Running Molmo2 frame-answer batch 4245: 1 item(s)
Checkpoint saved: 4255 frame answer item(s)
Running Molmo2 frame-answer batch 4246: 1 item(s)
Checkpoint saved: 4256 frame answer item(s)
Running Molmo2 frame-answer batch 4247: 1 item(s)
Checkpoint saved: 4257 frame answer item(s)
Running Molmo2 frame-answer batch 4248: 1 item(s)
Checkpoint saved: 4258 frame answer item(s)
Running Molmo2 frame-answer batch 4249: 1 item(s)
Checkpoint saved: 4259 frame answer item(s)
Running Molmo2 frame-answer batch 4250: 1 item(s)
Checkpoint saved: 4260 frame answer item(s)
Running Molmo2 frame-answer batch 4251: 1 item(s)
Checkpoint saved: 4261 frame answer item(s)
Running Molmo2 frame-answer batch 4252: 1 item(s)
Checkpoint saved: 4262 frame answer item(s)
Running Molmo2 frame-answer batch 4253: 1 item(s)
Checkpoint saved: 4263 frame answer item(s)
Running Molmo2 frame-answer batch 4254: 1 item(s)
Checkpoint saved: 4264 frame answer item(s)
Running Molmo2 frame-answer batch 4255: 1 item(s)
Checkpoint saved: 4265 frame answer item(s)
Running Molmo2 frame-answer batch 4256: 1 item(s)
Checkpoint saved: 4266 frame answer item(s)
Running Molmo2 frame-answer batch 4257: 1 item(s)
Checkpoint saved: 4267 frame answer item(s)
Running Molmo2 frame-answer batch 4258: 1 item(s)
Checkpoint saved: 4268 frame answer item(s)
Running Molmo2 frame-answer batch 4259: 1 item(s)
Checkpoint saved: 4269 frame answer item(s)
Running Molmo2 frame-answer batch 4260: 1 item(s)
Checkpoint saved: 4270 frame answer item(s)
Running Molmo2 frame-answer batch 4261: 1 item(s)
Checkpoint saved: 4271 frame answer item(s)
Running Molmo2 frame-answer batch 4262: 1 item(s)
Checkpoint saved: 4272 frame answer item(s)
Running Molmo2 frame-answer batch 4263: 1 item(s)
Checkpoint saved: 4273 frame answer item(s)
Running Molmo2 frame-answer batch 4264: 1 item(s)
Checkpoint saved: 4274 frame answer item(s)
Running Molmo2 frame-answer batch 4265: 1 item(s)
Checkpoint saved: 4275 frame answer item(s)
Running Molmo2 frame-answer batch 4266: 1 item(s)
Checkpoint saved: 4276 frame answer item(s)
Running Molmo2 frame-answer batch 4267: 1 item(s)
Checkpoint saved: 4277 frame answer item(s)
Running Molmo2 frame-answer batch 4268: 1 item(s)
Checkpoint saved: 4278 frame answer item(s)
Running Molmo2 frame-answer batch 4269: 1 item(s)
Checkpoint saved: 4279 frame answer item(s)
Running Molmo2 frame-answer batch 4270: 1 item(s)
Checkpoint saved: 4280 frame answer item(s)
Running Molmo2 frame-answer batch 4271: 1 item(s)
Checkpoint saved: 4281 frame answer item(s)
Running Molmo2 frame-answer batch 4272: 1 item(s)
Checkpoint saved: 4282 frame answer item(s)
Running Molmo2 frame-answer batch 4273: 1 item(s)
Checkpoint saved: 4283 frame answer item(s)
Running Molmo2 frame-answer batch 4274: 1 item(s)
Checkpoint saved: 4284 frame answer item(s)
Running Molmo2 frame-answer batch 4275: 1 item(s)
Checkpoint saved: 4285 frame answer item(s)
Running Molmo2 frame-answer batch 4276: 1 item(s)
Checkpoint saved: 4286 frame answer item(s)
Running Molmo2 frame-answer batch 4277: 1 item(s)
Checkpoint saved: 4287 frame answer item(s)
Running Molmo2 frame-answer batch 4278: 1 item(s)
Checkpoint saved: 4288 frame answer item(s)
Running Molmo2 frame-answer batch 4279: 1 item(s)
Checkpoint saved: 4289 frame answer item(s)
Running Molmo2 frame-answer batch 4280: 1 item(s)
Checkpoint saved: 4290 frame answer item(s)
Running Molmo2 frame-answer batch 4281: 1 item(s)
Checkpoint saved: 4291 frame answer item(s)
Running Molmo2 frame-answer batch 4282: 1 item(s)
Checkpoint saved: 4292 frame answer item(s)
Running Molmo2 frame-answer batch 4283: 1 item(s)
Checkpoint saved: 4293 frame answer item(s)
Running Molmo2 frame-answer batch 4284: 1 item(s)
Checkpoint saved: 4294 frame answer item(s)
Running Molmo2 frame-answer batch 4285: 1 item(s)
Checkpoint saved: 4295 frame answer item(s)
Running Molmo2 frame-answer batch 4286: 1 item(s)
Checkpoint saved: 4296 frame answer item(s)
Running Molmo2 frame-answer batch 4287: 1 item(s)
Checkpoint saved: 4297 frame answer item(s)
Running Molmo2 frame-answer batch 4288: 1 item(s)
Checkpoint saved: 4298 frame answer item(s)
Running Molmo2 frame-answer batch 4289: 1 item(s)
Checkpoint saved: 4299 frame answer item(s)
Running Molmo2 frame-answer batch 4290: 1 item(s)
Checkpoint saved: 4300 frame answer item(s)
Running Molmo2 frame-answer batch 4291: 1 item(s)
Checkpoint saved: 4301 frame answer item(s)
Running Molmo2 frame-answer batch 4292: 1 item(s)
Checkpoint saved: 4302 frame answer item(s)
Running Molmo2 frame-answer batch 4293: 1 item(s)
Checkpoint saved: 4303 frame answer item(s)
Running Molmo2 frame-answer batch 4294: 1 item(s)
Checkpoint saved: 4304 frame answer item(s)
Running Molmo2 frame-answer batch 4295: 1 item(s)
Checkpoint saved: 4305 frame answer item(s)
Running Molmo2 frame-answer batch 4296: 1 item(s)
Checkpoint saved: 4306 frame answer item(s)
Running Molmo2 frame-answer batch 4297: 1 item(s)
Checkpoint saved: 4307 frame answer item(s)
Running Molmo2 frame-answer batch 4298: 1 item(s)
Checkpoint saved: 4308 frame answer item(s)
Running Molmo2 frame-answer batch 4299: 1 item(s)
Checkpoint saved: 4309 frame answer item(s)
Running Molmo2 frame-answer batch 4300: 1 item(s)
Checkpoint saved: 4310 frame answer item(s)
Running Molmo2 frame-answer batch 4301: 1 item(s)
Checkpoint saved: 4311 frame answer item(s)
Running Molmo2 frame-answer batch 4302: 1 item(s)
Checkpoint saved: 4312 frame answer item(s)
Running Molmo2 frame-answer batch 4303: 1 item(s)
Checkpoint saved: 4313 frame answer item(s)
Running Molmo2 frame-answer batch 4304: 1 item(s)
Checkpoint saved: 4314 frame answer item(s)
Running Molmo2 frame-answer batch 4305: 1 item(s)
Checkpoint saved: 4315 frame answer item(s)
Running Molmo2 frame-answer batch 4306: 1 item(s)
Checkpoint saved: 4316 frame answer item(s)
Running Molmo2 frame-answer batch 4307: 1 item(s)
Checkpoint saved: 4317 frame answer item(s)
Running Molmo2 frame-answer batch 4308: 1 item(s)
Checkpoint saved: 4318 frame answer item(s)
Running Molmo2 frame-answer batch 4309: 1 item(s)
Checkpoint saved: 4319 frame answer item(s)
Running Molmo2 frame-answer batch 4310: 1 item(s)
Checkpoint saved: 4320 frame answer item(s)
Running Molmo2 frame-answer batch 4311: 1 item(s)
Checkpoint saved: 4321 frame answer item(s)
Running Molmo2 frame-answer batch 4312: 1 item(s)
Checkpoint saved: 4322 frame answer item(s)
Running Molmo2 frame-answer batch 4313: 1 item(s)
Checkpoint saved: 4323 frame answer item(s)
Running Molmo2 frame-answer batch 4314: 1 item(s)
Checkpoint saved: 4324 frame answer item(s)
Running Molmo2 frame-answer batch 4315: 1 item(s)
Checkpoint saved: 4325 frame answer item(s)
Running Molmo2 frame-answer batch 4316: 1 item(s)
Checkpoint saved: 4326 frame answer item(s)
Running Molmo2 frame-answer batch 4317: 1 item(s)
Checkpoint saved: 4327 frame answer item(s)
Running Molmo2 frame-answer batch 4318: 1 item(s)
Checkpoint saved: 4328 frame answer item(s)
Running Molmo2 frame-answer batch 4319: 1 item(s)
Checkpoint saved: 4329 frame answer item(s)
Running Molmo2 frame-answer batch 4320: 1 item(s)
Checkpoint saved: 4330 frame answer item(s)
Running Molmo2 frame-answer batch 4321: 1 item(s)
Checkpoint saved: 4331 frame answer item(s)
Running Molmo2 frame-answer batch 4322: 1 item(s)
Checkpoint saved: 4332 frame answer item(s)
Running Molmo2 frame-answer batch 4323: 1 item(s)
Checkpoint saved: 4333 frame answer item(s)
Running Molmo2 frame-answer batch 4324: 1 item(s)
Checkpoint saved: 4334 frame answer item(s)
Running Molmo2 frame-answer batch 4325: 1 item(s)
Checkpoint saved: 4335 frame answer item(s)
Running Molmo2 frame-answer batch 4326: 1 item(s)
Checkpoint saved: 4336 frame answer item(s)
Running Molmo2 frame-answer batch 4327: 1 item(s)
Checkpoint saved: 4337 frame answer item(s)
Running Molmo2 frame-answer batch 4328: 1 item(s)
Checkpoint saved: 4338 frame answer item(s)
Running Molmo2 frame-answer batch 4329: 1 item(s)
Checkpoint saved: 4339 frame answer item(s)
Running Molmo2 frame-answer batch 4330: 1 item(s)
Checkpoint saved: 4340 frame answer item(s)
Running Molmo2 frame-answer batch 4331: 1 item(s)
Checkpoint saved: 4341 frame answer item(s)
Running Molmo2 frame-answer batch 4332: 1 item(s)
Checkpoint saved: 4342 frame answer item(s)
Running Molmo2 frame-answer batch 4333: 1 item(s)
Checkpoint saved: 4343 frame answer item(s)
Running Molmo2 frame-answer batch 4334: 1 item(s)
Checkpoint saved: 4344 frame answer item(s)
Running Molmo2 frame-answer batch 4335: 1 item(s)
Checkpoint saved: 4345 frame answer item(s)
Running Molmo2 frame-answer batch 4336: 1 item(s)
Checkpoint saved: 4346 frame answer item(s)
Running Molmo2 frame-answer batch 4337: 1 item(s)
Checkpoint saved: 4347 frame answer item(s)
Running Molmo2 frame-answer batch 4338: 1 item(s)
Checkpoint saved: 4348 frame answer item(s)
Running Molmo2 frame-answer batch 4339: 1 item(s)
Checkpoint saved: 4349 frame answer item(s)
Running Molmo2 frame-answer batch 4340: 1 item(s)
Checkpoint saved: 4350 frame answer item(s)
Running Molmo2 frame-answer batch 4341: 1 item(s)
Checkpoint saved: 4351 frame answer item(s)
Running Molmo2 frame-answer batch 4342: 1 item(s)
Checkpoint saved: 4352 frame answer item(s)
Running Molmo2 frame-answer batch 4343: 1 item(s)
Checkpoint saved: 4353 frame answer item(s)
Running Molmo2 frame-answer batch 4344: 1 item(s)
Checkpoint saved: 4354 frame answer item(s)
Running Molmo2 frame-answer batch 4345: 1 item(s)
Checkpoint saved: 4355 frame answer item(s)
Running Molmo2 frame-answer batch 4346: 1 item(s)
Checkpoint saved: 4356 frame answer item(s)
Running Molmo2 frame-answer batch 4347: 1 item(s)
Checkpoint saved: 4357 frame answer item(s)
Running Molmo2 frame-answer batch 4348: 1 item(s)
Checkpoint saved: 4358 frame answer item(s)
Running Molmo2 frame-answer batch 4349: 1 item(s)
Checkpoint saved: 4359 frame answer item(s)
Running Molmo2 frame-answer batch 4350: 1 item(s)
Checkpoint saved: 4360 frame answer item(s)
Running Molmo2 frame-answer batch 4351: 1 item(s)
Checkpoint saved: 4361 frame answer item(s)
Running Molmo2 frame-answer batch 4352: 1 item(s)
Checkpoint saved: 4362 frame answer item(s)
Running Molmo2 frame-answer batch 4353: 1 item(s)
Checkpoint saved: 4363 frame answer item(s)
Running Molmo2 frame-answer batch 4354: 1 item(s)
Checkpoint saved: 4364 frame answer item(s)
Running Molmo2 frame-answer batch 4355: 1 item(s)
Checkpoint saved: 4365 frame answer item(s)
Running Molmo2 frame-answer batch 4356: 1 item(s)
Checkpoint saved: 4366 frame answer item(s)
Running Molmo2 frame-answer batch 4357: 1 item(s)
Checkpoint saved: 4367 frame answer item(s)
Running Molmo2 frame-answer batch 4358: 1 item(s)
Checkpoint saved: 4368 frame answer item(s)
Running Molmo2 frame-answer batch 4359: 1 item(s)
Checkpoint saved: 4369 frame answer item(s)
Running Molmo2 frame-answer batch 4360: 1 item(s)
Checkpoint saved: 4370 frame answer item(s)
Running Molmo2 frame-answer batch 4361: 1 item(s)
Checkpoint saved: 4371 frame answer item(s)
Running Molmo2 frame-answer batch 4362: 1 item(s)
Checkpoint saved: 4372 frame answer item(s)
Running Molmo2 frame-answer batch 4363: 1 item(s)
Checkpoint saved: 4373 frame answer item(s)
Running Molmo2 frame-answer batch 4364: 1 item(s)
Checkpoint saved: 4374 frame answer item(s)
Running Molmo2 frame-answer batch 4365: 1 item(s)
Checkpoint saved: 4375 frame answer item(s)
Running Molmo2 frame-answer batch 4366: 1 item(s)
Checkpoint saved: 4376 frame answer item(s)
Running Molmo2 frame-answer batch 4367: 1 item(s)
Checkpoint saved: 4377 frame answer item(s)
Running Molmo2 frame-answer batch 4368: 1 item(s)
Checkpoint saved: 4378 frame answer item(s)
Running Molmo2 frame-answer batch 4369: 1 item(s)
Checkpoint saved: 4379 frame answer item(s)
Running Molmo2 frame-answer batch 4370: 1 item(s)
Checkpoint saved: 4380 frame answer item(s)
Running Molmo2 frame-answer batch 4371: 1 item(s)
Checkpoint saved: 4381 frame answer item(s)
Running Molmo2 frame-answer batch 4372: 1 item(s)
Checkpoint saved: 4382 frame answer item(s)
Running Molmo2 frame-answer batch 4373: 1 item(s)
Checkpoint saved: 4383 frame answer item(s)
Running Molmo2 frame-answer batch 4374: 1 item(s)
Checkpoint saved: 4384 frame answer item(s)
Running Molmo2 frame-answer batch 4375: 1 item(s)
Checkpoint saved: 4385 frame answer item(s)
Running Molmo2 frame-answer batch 4376: 1 item(s)
Checkpoint saved: 4386 frame answer item(s)
Running Molmo2 frame-answer batch 4377: 1 item(s)
Checkpoint saved: 4387 frame answer item(s)
Running Molmo2 frame-answer batch 4378: 1 item(s)
Checkpoint saved: 4388 frame answer item(s)
Running Molmo2 frame-answer batch 4379: 1 item(s)
Checkpoint saved: 4389 frame answer item(s)
Running Molmo2 frame-answer batch 4380: 1 item(s)
Checkpoint saved: 4390 frame answer item(s)
Running Molmo2 frame-answer batch 4381: 1 item(s)
Checkpoint saved: 4391 frame answer item(s)
Running Molmo2 frame-answer batch 4382: 1 item(s)
Checkpoint saved: 4392 frame answer item(s)
Running Molmo2 frame-answer batch 4383: 1 item(s)
Checkpoint saved: 4393 frame answer item(s)
Running Molmo2 frame-answer batch 4384: 1 item(s)
Checkpoint saved: 4394 frame answer item(s)
Running Molmo2 frame-answer batch 4385: 1 item(s)
Checkpoint saved: 4395 frame answer item(s)
Running Molmo2 frame-answer batch 4386: 1 item(s)
Checkpoint saved: 4396 frame answer item(s)
Running Molmo2 frame-answer batch 4387: 1 item(s)
Checkpoint saved: 4397 frame answer item(s)
Running Molmo2 frame-answer batch 4388: 1 item(s)
Checkpoint saved: 4398 frame answer item(s)
Running Molmo2 frame-answer batch 4389: 1 item(s)
Checkpoint saved: 4399 frame answer item(s)
Running Molmo2 frame-answer batch 4390: 1 item(s)
Checkpoint saved: 4400 frame answer item(s)
Running Molmo2 frame-answer batch 4391: 1 item(s)
Checkpoint saved: 4401 frame answer item(s)
Running Molmo2 frame-answer batch 4392: 1 item(s)
Checkpoint saved: 4402 frame answer item(s)
Running Molmo2 frame-answer batch 4393: 1 item(s)
Checkpoint saved: 4403 frame answer item(s)
Running Molmo2 frame-answer batch 4394: 1 item(s)
Checkpoint saved: 4404 frame answer item(s)
Running Molmo2 frame-answer batch 4395: 1 item(s)
Checkpoint saved: 4405 frame answer item(s)
Running Molmo2 frame-answer batch 4396: 1 item(s)
Checkpoint saved: 4406 frame answer item(s)
Running Molmo2 frame-answer batch 4397: 1 item(s)
Checkpoint saved: 4407 frame answer item(s)
Running Molmo2 frame-answer batch 4398: 1 item(s)
Checkpoint saved: 4408 frame answer item(s)
Running Molmo2 frame-answer batch 4399: 1 item(s)
Checkpoint saved: 4409 frame answer item(s)
Running Molmo2 frame-answer batch 4400: 1 item(s)
Checkpoint saved: 4410 frame answer item(s)
Running Molmo2 frame-answer batch 4401: 1 item(s)
Checkpoint saved: 4411 frame answer item(s)
Running Molmo2 frame-answer batch 4402: 1 item(s)
Checkpoint saved: 4412 frame answer item(s)
Running Molmo2 frame-answer batch 4403: 1 item(s)
Checkpoint saved: 4413 frame answer item(s)
Running Molmo2 frame-answer batch 4404: 1 item(s)
Checkpoint saved: 4414 frame answer item(s)
Running Molmo2 frame-answer batch 4405: 1 item(s)
Checkpoint saved: 4415 frame answer item(s)
Running Molmo2 frame-answer batch 4406: 1 item(s)
Checkpoint saved: 4416 frame answer item(s)
Running Molmo2 frame-answer batch 4407: 1 item(s)
Checkpoint saved: 4417 frame answer item(s)
Running Molmo2 frame-answer batch 4408: 1 item(s)
Checkpoint saved: 4418 frame answer item(s)
Running Molmo2 frame-answer batch 4409: 1 item(s)
Checkpoint saved: 4419 frame answer item(s)
Running Molmo2 frame-answer batch 4410: 1 item(s)
Checkpoint saved: 4420 frame answer item(s)
Running Molmo2 frame-answer batch 4411: 1 item(s)
Checkpoint saved: 4421 frame answer item(s)
Running Molmo2 frame-answer batch 4412: 1 item(s)
Checkpoint saved: 4422 frame answer item(s)
Running Molmo2 frame-answer batch 4413: 1 item(s)
Checkpoint saved: 4423 frame answer item(s)
Running Molmo2 frame-answer batch 4414: 1 item(s)
Checkpoint saved: 4424 frame answer item(s)
Running Molmo2 frame-answer batch 4415: 1 item(s)
Checkpoint saved: 4425 frame answer item(s)
Running Molmo2 frame-answer batch 4416: 1 item(s)
Checkpoint saved: 4426 frame answer item(s)
Running Molmo2 frame-answer batch 4417: 1 item(s)
Checkpoint saved: 4427 frame answer item(s)
Running Molmo2 frame-answer batch 4418: 1 item(s)
Checkpoint saved: 4428 frame answer item(s)
Running Molmo2 frame-answer batch 4419: 1 item(s)
Checkpoint saved: 4429 frame answer item(s)
Running Molmo2 frame-answer batch 4420: 1 item(s)
Checkpoint saved: 4430 frame answer item(s)
Running Molmo2 frame-answer batch 4421: 1 item(s)
Checkpoint saved: 4431 frame answer item(s)
Running Molmo2 frame-answer batch 4422: 1 item(s)
Checkpoint saved: 4432 frame answer item(s)
Running Molmo2 frame-answer batch 4423: 1 item(s)
Checkpoint saved: 4433 frame answer item(s)
Running Molmo2 frame-answer batch 4424: 1 item(s)
Checkpoint saved: 4434 frame answer item(s)
Running Molmo2 frame-answer batch 4425: 1 item(s)
Checkpoint saved: 4435 frame answer item(s)
Running Molmo2 frame-answer batch 4426: 1 item(s)
Checkpoint saved: 4436 frame answer item(s)
Running Molmo2 frame-answer batch 4427: 1 item(s)
Checkpoint saved: 4437 frame answer item(s)
Running Molmo2 frame-answer batch 4428: 1 item(s)
Checkpoint saved: 4438 frame answer item(s)
Running Molmo2 frame-answer batch 4429: 1 item(s)
Checkpoint saved: 4439 frame answer item(s)
Running Molmo2 frame-answer batch 4430: 1 item(s)
Checkpoint saved: 4440 frame answer item(s)
Running Molmo2 frame-answer batch 4431: 1 item(s)
Checkpoint saved: 4441 frame answer item(s)
Running Molmo2 frame-answer batch 4432: 1 item(s)
Checkpoint saved: 4442 frame answer item(s)
Running Molmo2 frame-answer batch 4433: 1 item(s)
Checkpoint saved: 4443 frame answer item(s)
Running Molmo2 frame-answer batch 4434: 1 item(s)
Checkpoint saved: 4444 frame answer item(s)
Running Molmo2 frame-answer batch 4435: 1 item(s)
Checkpoint saved: 4445 frame answer item(s)
Running Molmo2 frame-answer batch 4436: 1 item(s)
Checkpoint saved: 4446 frame answer item(s)
Running Molmo2 frame-answer batch 4437: 1 item(s)
Checkpoint saved: 4447 frame answer item(s)
Running Molmo2 frame-answer batch 4438: 1 item(s)
Checkpoint saved: 4448 frame answer item(s)
Running Molmo2 frame-answer batch 4439: 1 item(s)
Checkpoint saved: 4449 frame answer item(s)
Running Molmo2 frame-answer batch 4440: 1 item(s)
Checkpoint saved: 4450 frame answer item(s)
Running Molmo2 frame-answer batch 4441: 1 item(s)
Checkpoint saved: 4451 frame answer item(s)
Running Molmo2 frame-answer batch 4442: 1 item(s)
Checkpoint saved: 4452 frame answer item(s)
Running Molmo2 frame-answer batch 4443: 1 item(s)
Checkpoint saved: 4453 frame answer item(s)
Running Molmo2 frame-answer batch 4444: 1 item(s)
Checkpoint saved: 4454 frame answer item(s)
Running Molmo2 frame-answer batch 4445: 1 item(s)
Checkpoint saved: 4455 frame answer item(s)
Running Molmo2 frame-answer batch 4446: 1 item(s)
Checkpoint saved: 4456 frame answer item(s)
Running Molmo2 frame-answer batch 4447: 1 item(s)
Checkpoint saved: 4457 frame answer item(s)
Running Molmo2 frame-answer batch 4448: 1 item(s)
Checkpoint saved: 4458 frame answer item(s)
Running Molmo2 frame-answer batch 4449: 1 item(s)
Checkpoint saved: 4459 frame answer item(s)
Running Molmo2 frame-answer batch 4450: 1 item(s)
Checkpoint saved: 4460 frame answer item(s)
Running Molmo2 frame-answer batch 4451: 1 item(s)
Checkpoint saved: 4461 frame answer item(s)
Running Molmo2 frame-answer batch 4452: 1 item(s)
Checkpoint saved: 4462 frame answer item(s)
Running Molmo2 frame-answer batch 4453: 1 item(s)
Checkpoint saved: 4463 frame answer item(s)
Running Molmo2 frame-answer batch 4454: 1 item(s)
Checkpoint saved: 4464 frame answer item(s)
Running Molmo2 frame-answer batch 4455: 1 item(s)
Checkpoint saved: 4465 frame answer item(s)
Running Molmo2 frame-answer batch 4456: 1 item(s)
Checkpoint saved: 4466 frame answer item(s)
Running Molmo2 frame-answer batch 4457: 1 item(s)
Checkpoint saved: 4467 frame answer item(s)
Running Molmo2 frame-answer batch 4458: 1 item(s)
Checkpoint saved: 4468 frame answer item(s)
Running Molmo2 frame-answer batch 4459: 1 item(s)
Checkpoint saved: 4469 frame answer item(s)
Running Molmo2 frame-answer batch 4460: 1 item(s)
Checkpoint saved: 4470 frame answer item(s)
Running Molmo2 frame-answer batch 4461: 1 item(s)
Checkpoint saved: 4471 frame answer item(s)
Running Molmo2 frame-answer batch 4462: 1 item(s)
Checkpoint saved: 4472 frame answer item(s)
Running Molmo2 frame-answer batch 4463: 1 item(s)
Checkpoint saved: 4473 frame answer item(s)
Running Molmo2 frame-answer batch 4464: 1 item(s)
Checkpoint saved: 4474 frame answer item(s)
Running Molmo2 frame-answer batch 4465: 1 item(s)
Checkpoint saved: 4475 frame answer item(s)
Running Molmo2 frame-answer batch 4466: 1 item(s)
Checkpoint saved: 4476 frame answer item(s)
Running Molmo2 frame-answer batch 4467: 1 item(s)
Checkpoint saved: 4477 frame answer item(s)
Running Molmo2 frame-answer batch 4468: 1 item(s)
Checkpoint saved: 4478 frame answer item(s)
Running Molmo2 frame-answer batch 4469: 1 item(s)
Checkpoint saved: 4479 frame answer item(s)
Running Molmo2 frame-answer batch 4470: 1 item(s)
Checkpoint saved: 4480 frame answer item(s)
Running Molmo2 frame-answer batch 4471: 1 item(s)
Checkpoint saved: 4481 frame answer item(s)
Running Molmo2 frame-answer batch 4472: 1 item(s)
Checkpoint saved: 4482 frame answer item(s)
Running Molmo2 frame-answer batch 4473: 1 item(s)
Checkpoint saved: 4483 frame answer item(s)
Running Molmo2 frame-answer batch 4474: 1 item(s)
Checkpoint saved: 4484 frame answer item(s)
Running Molmo2 frame-answer batch 4475: 1 item(s)
Checkpoint saved: 4485 frame answer item(s)
Running Molmo2 frame-answer batch 4476: 1 item(s)
Checkpoint saved: 4486 frame answer item(s)
Running Molmo2 frame-answer batch 4477: 1 item(s)
Checkpoint saved: 4487 frame answer item(s)
Running Molmo2 frame-answer batch 4478: 1 item(s)
Checkpoint saved: 4488 frame answer item(s)
Running Molmo2 frame-answer batch 4479: 1 item(s)
Checkpoint saved: 4489 frame answer item(s)
Running Molmo2 frame-answer batch 4480: 1 item(s)
Checkpoint saved: 4490 frame answer item(s)
Running Molmo2 frame-answer batch 4481: 1 item(s)
Checkpoint saved: 4491 frame answer item(s)
Running Molmo2 frame-answer batch 4482: 1 item(s)
Checkpoint saved: 4492 frame answer item(s)
Running Molmo2 frame-answer batch 4483: 1 item(s)
Checkpoint saved: 4493 frame answer item(s)
Running Molmo2 frame-answer batch 4484: 1 item(s)
Checkpoint saved: 4494 frame answer item(s)
Running Molmo2 frame-answer batch 4485: 1 item(s)
Checkpoint saved: 4495 frame answer item(s)
Running Molmo2 frame-answer batch 4486: 1 item(s)
Checkpoint saved: 4496 frame answer item(s)
Running Molmo2 frame-answer batch 4487: 1 item(s)
Checkpoint saved: 4497 frame answer item(s)
Running Molmo2 frame-answer batch 4488: 1 item(s)
Checkpoint saved: 4498 frame answer item(s)
Running Molmo2 frame-answer batch 4489: 1 item(s)
Checkpoint saved: 4499 frame answer item(s)
Running Molmo2 frame-answer batch 4490: 1 item(s)
Checkpoint saved: 4500 frame answer item(s)
Running Molmo2 frame-answer batch 4491: 1 item(s)
Checkpoint saved: 4501 frame answer item(s)
Running Molmo2 frame-answer batch 4492: 1 item(s)
Checkpoint saved: 4502 frame answer item(s)
Running Molmo2 frame-answer batch 4493: 1 item(s)
Checkpoint saved: 4503 frame answer item(s)
Running Molmo2 frame-answer batch 4494: 1 item(s)
Checkpoint saved: 4504 frame answer item(s)
Running Molmo2 frame-answer batch 4495: 1 item(s)
Checkpoint saved: 4505 frame answer item(s)
Running Molmo2 frame-answer batch 4496: 1 item(s)
Checkpoint saved: 4506 frame answer item(s)
Running Molmo2 frame-answer batch 4497: 1 item(s)
Checkpoint saved: 4507 frame answer item(s)
Running Molmo2 frame-answer batch 4498: 1 item(s)
Checkpoint saved: 4508 frame answer item(s)
Running Molmo2 frame-answer batch 4499: 1 item(s)
Checkpoint saved: 4509 frame answer item(s)
Running Molmo2 frame-answer batch 4500: 1 item(s)
Checkpoint saved: 4510 frame answer item(s)
Running Molmo2 frame-answer batch 4501: 1 item(s)
Checkpoint saved: 4511 frame answer item(s)
Running Molmo2 frame-answer batch 4502: 1 item(s)
Checkpoint saved: 4512 frame answer item(s)
Running Molmo2 frame-answer batch 4503: 1 item(s)
Checkpoint saved: 4513 frame answer item(s)
Running Molmo2 frame-answer batch 4504: 1 item(s)
Checkpoint saved: 4514 frame answer item(s)
Running Molmo2 frame-answer batch 4505: 1 item(s)
Checkpoint saved: 4515 frame answer item(s)
Running Molmo2 frame-answer batch 4506: 1 item(s)
Checkpoint saved: 4516 frame answer item(s)
Running Molmo2 frame-answer batch 4507: 1 item(s)
Checkpoint saved: 4517 frame answer item(s)
Running Molmo2 frame-answer batch 4508: 1 item(s)
Checkpoint saved: 4518 frame answer item(s)
Running Molmo2 frame-answer batch 4509: 1 item(s)
Checkpoint saved: 4519 frame answer item(s)
Running Molmo2 frame-answer batch 4510: 1 item(s)
Checkpoint saved: 4520 frame answer item(s)
Running Molmo2 frame-answer batch 4511: 1 item(s)
Checkpoint saved: 4521 frame answer item(s)
Running Molmo2 frame-answer batch 4512: 1 item(s)
Checkpoint saved: 4522 frame answer item(s)
Running Molmo2 frame-answer batch 4513: 1 item(s)
Checkpoint saved: 4523 frame answer item(s)
Running Molmo2 frame-answer batch 4514: 1 item(s)
Checkpoint saved: 4524 frame answer item(s)
Running Molmo2 frame-answer batch 4515: 1 item(s)
Checkpoint saved: 4525 frame answer item(s)
Running Molmo2 frame-answer batch 4516: 1 item(s)
Checkpoint saved: 4526 frame answer item(s)
Running Molmo2 frame-answer batch 4517: 1 item(s)
Checkpoint saved: 4527 frame answer item(s)
Running Molmo2 frame-answer batch 4518: 1 item(s)
Checkpoint saved: 4528 frame answer item(s)
Running Molmo2 frame-answer batch 4519: 1 item(s)
Checkpoint saved: 4529 frame answer item(s)
Running Molmo2 frame-answer batch 4520: 1 item(s)
Checkpoint saved: 4530 frame answer item(s)
Running Molmo2 frame-answer batch 4521: 1 item(s)
Checkpoint saved: 4531 frame answer item(s)
Running Molmo2 frame-answer batch 4522: 1 item(s)
Checkpoint saved: 4532 frame answer item(s)
Running Molmo2 frame-answer batch 4523: 1 item(s)
Checkpoint saved: 4533 frame answer item(s)
Running Molmo2 frame-answer batch 4524: 1 item(s)
Checkpoint saved: 4534 frame answer item(s)
Running Molmo2 frame-answer batch 4525: 1 item(s)
Checkpoint saved: 4535 frame answer item(s)
Running Molmo2 frame-answer batch 4526: 1 item(s)
Checkpoint saved: 4536 frame answer item(s)
Running Molmo2 frame-answer batch 4527: 1 item(s)
Checkpoint saved: 4537 frame answer item(s)
Running Molmo2 frame-answer batch 4528: 1 item(s)
Checkpoint saved: 4538 frame answer item(s)
Running Molmo2 frame-answer batch 4529: 1 item(s)
Checkpoint saved: 4539 frame answer item(s)
Running Molmo2 frame-answer batch 4530: 1 item(s)
Checkpoint saved: 4540 frame answer item(s)
Running Molmo2 frame-answer batch 4531: 1 item(s)
Checkpoint saved: 4541 frame answer item(s)
Running Molmo2 frame-answer batch 4532: 1 item(s)
Checkpoint saved: 4542 frame answer item(s)
Running Molmo2 frame-answer batch 4533: 1 item(s)
Checkpoint saved: 4543 frame answer item(s)
Running Molmo2 frame-answer batch 4534: 1 item(s)
Checkpoint saved: 4544 frame answer item(s)
Running Molmo2 frame-answer batch 4535: 1 item(s)
Checkpoint saved: 4545 frame answer item(s)
Running Molmo2 frame-answer batch 4536: 1 item(s)
Checkpoint saved: 4546 frame answer item(s)
Running Molmo2 frame-answer batch 4537: 1 item(s)
Checkpoint saved: 4547 frame answer item(s)
Running Molmo2 frame-answer batch 4538: 1 item(s)
Checkpoint saved: 4548 frame answer item(s)
Running Molmo2 frame-answer batch 4539: 1 item(s)
Checkpoint saved: 4549 frame answer item(s)
Running Molmo2 frame-answer batch 4540: 1 item(s)
Checkpoint saved: 4550 frame answer item(s)
Running Molmo2 frame-answer batch 4541: 1 item(s)
Checkpoint saved: 4551 frame answer item(s)
Running Molmo2 frame-answer batch 4542: 1 item(s)
Checkpoint saved: 4552 frame answer item(s)
Running Molmo2 frame-answer batch 4543: 1 item(s)
Checkpoint saved: 4553 frame answer item(s)
Running Molmo2 frame-answer batch 4544: 1 item(s)
Checkpoint saved: 4554 frame answer item(s)
Running Molmo2 frame-answer batch 4545: 1 item(s)
Checkpoint saved: 4555 frame answer item(s)
Running Molmo2 frame-answer batch 4546: 1 item(s)
Checkpoint saved: 4556 frame answer item(s)
Running Molmo2 frame-answer batch 4547: 1 item(s)
Checkpoint saved: 4557 frame answer item(s)
Running Molmo2 frame-answer batch 4548: 1 item(s)
Checkpoint saved: 4558 frame answer item(s)
Running Molmo2 frame-answer batch 4549: 1 item(s)
Checkpoint saved: 4559 frame answer item(s)
Running Molmo2 frame-answer batch 4550: 1 item(s)
Checkpoint saved: 4560 frame answer item(s)
Running Molmo2 frame-answer batch 4551: 1 item(s)
Checkpoint saved: 4561 frame answer item(s)
Running Molmo2 frame-answer batch 4552: 1 item(s)
Checkpoint saved: 4562 frame answer item(s)
Running Molmo2 frame-answer batch 4553: 1 item(s)
Checkpoint saved: 4563 frame answer item(s)
Running Molmo2 frame-answer batch 4554: 1 item(s)
Checkpoint saved: 4564 frame answer item(s)
Running Molmo2 frame-answer batch 4555: 1 item(s)
Checkpoint saved: 4565 frame answer item(s)
Running Molmo2 frame-answer batch 4556: 1 item(s)
Checkpoint saved: 4566 frame answer item(s)
Running Molmo2 frame-answer batch 4557: 1 item(s)
Checkpoint saved: 4567 frame answer item(s)
Running Molmo2 frame-answer batch 4558: 1 item(s)
Checkpoint saved: 4568 frame answer item(s)
Running Molmo2 frame-answer batch 4559: 1 item(s)
Checkpoint saved: 4569 frame answer item(s)
Running Molmo2 frame-answer batch 4560: 1 item(s)
Checkpoint saved: 4570 frame answer item(s)
Running Molmo2 frame-answer batch 4561: 1 item(s)
Checkpoint saved: 4571 frame answer item(s)
Running Molmo2 frame-answer batch 4562: 1 item(s)
Checkpoint saved: 4572 frame answer item(s)
Running Molmo2 frame-answer batch 4563: 1 item(s)
Checkpoint saved: 4573 frame answer item(s)
Running Molmo2 frame-answer batch 4564: 1 item(s)
Checkpoint saved: 4574 frame answer item(s)
Running Molmo2 frame-answer batch 4565: 1 item(s)
Checkpoint saved: 4575 frame answer item(s)
Running Molmo2 frame-answer batch 4566: 1 item(s)
Checkpoint saved: 4576 frame answer item(s)
Running Molmo2 frame-answer batch 4567: 1 item(s)
Checkpoint saved: 4577 frame answer item(s)
Running Molmo2 frame-answer batch 4568: 1 item(s)
Checkpoint saved: 4578 frame answer item(s)
Running Molmo2 frame-answer batch 4569: 1 item(s)
Checkpoint saved: 4579 frame answer item(s)
Running Molmo2 frame-answer batch 4570: 1 item(s)
Checkpoint saved: 4580 frame answer item(s)
Running Molmo2 frame-answer batch 4571: 1 item(s)
Checkpoint saved: 4581 frame answer item(s)
Running Molmo2 frame-answer batch 4572: 1 item(s)
Checkpoint saved: 4582 frame answer item(s)
Running Molmo2 frame-answer batch 4573: 1 item(s)
Checkpoint saved: 4583 frame answer item(s)
Running Molmo2 frame-answer batch 4574: 1 item(s)
Checkpoint saved: 4584 frame answer item(s)
Running Molmo2 frame-answer batch 4575: 1 item(s)
Checkpoint saved: 4585 frame answer item(s)
Running Molmo2 frame-answer batch 4576: 1 item(s)
Checkpoint saved: 4586 frame answer item(s)
Running Molmo2 frame-answer batch 4577: 1 item(s)
Checkpoint saved: 4587 frame answer item(s)
Running Molmo2 frame-answer batch 4578: 1 item(s)
Checkpoint saved: 4588 frame answer item(s)
Running Molmo2 frame-answer batch 4579: 1 item(s)
Checkpoint saved: 4589 frame answer item(s)
Running Molmo2 frame-answer batch 4580: 1 item(s)
Checkpoint saved: 4590 frame answer item(s)
Running Molmo2 frame-answer batch 4581: 1 item(s)
Checkpoint saved: 4591 frame answer item(s)
Running Molmo2 frame-answer batch 4582: 1 item(s)
Checkpoint saved: 4592 frame answer item(s)
Running Molmo2 frame-answer batch 4583: 1 item(s)
Checkpoint saved: 4593 frame answer item(s)
Running Molmo2 frame-answer batch 4584: 1 item(s)
Checkpoint saved: 4594 frame answer item(s)
Running Molmo2 frame-answer batch 4585: 1 item(s)
Checkpoint saved: 4595 frame answer item(s)
Running Molmo2 frame-answer batch 4586: 1 item(s)
Checkpoint saved: 4596 frame answer item(s)
Running Molmo2 frame-answer batch 4587: 1 item(s)
Checkpoint saved: 4597 frame answer item(s)
Running Molmo2 frame-answer batch 4588: 1 item(s)
Checkpoint saved: 4598 frame answer item(s)
Running Molmo2 frame-answer batch 4589: 1 item(s)
Checkpoint saved: 4599 frame answer item(s)
Running Molmo2 frame-answer batch 4590: 1 item(s)
Checkpoint saved: 4600 frame answer item(s)
Running Molmo2 frame-answer batch 4591: 1 item(s)
Checkpoint saved: 4601 frame answer item(s)
Running Molmo2 frame-answer batch 4592: 1 item(s)
Checkpoint saved: 4602 frame answer item(s)
Running Molmo2 frame-answer batch 4593: 1 item(s)
Checkpoint saved: 4603 frame answer item(s)
Running Molmo2 frame-answer batch 4594: 1 item(s)
Checkpoint saved: 4604 frame answer item(s)
Running Molmo2 frame-answer batch 4595: 1 item(s)
Checkpoint saved: 4605 frame answer item(s)
Running Molmo2 frame-answer batch 4596: 1 item(s)
Checkpoint saved: 4606 frame answer item(s)
Running Molmo2 frame-answer batch 4597: 1 item(s)
Checkpoint saved: 4607 frame answer item(s)
Running Molmo2 frame-answer batch 4598: 1 item(s)
Checkpoint saved: 4608 frame answer item(s)
Running Molmo2 frame-answer batch 4599: 1 item(s)
Checkpoint saved: 4609 frame answer item(s)
Running Molmo2 frame-answer batch 4600: 1 item(s)
Checkpoint saved: 4610 frame answer item(s)
Running Molmo2 frame-answer batch 4601: 1 item(s)
Checkpoint saved: 4611 frame answer item(s)
Running Molmo2 frame-answer batch 4602: 1 item(s)
Checkpoint saved: 4612 frame answer item(s)
Running Molmo2 frame-answer batch 4603: 1 item(s)
Checkpoint saved: 4613 frame answer item(s)
Running Molmo2 frame-answer batch 4604: 1 item(s)
Checkpoint saved: 4614 frame answer item(s)
Running Molmo2 frame-answer batch 4605: 1 item(s)
Checkpoint saved: 4615 frame answer item(s)
Running Molmo2 frame-answer batch 4606: 1 item(s)
Checkpoint saved: 4616 frame answer item(s)
Running Molmo2 frame-answer batch 4607: 1 item(s)
Checkpoint saved: 4617 frame answer item(s)
Running Molmo2 frame-answer batch 4608: 1 item(s)
Checkpoint saved: 4618 frame answer item(s)
Running Molmo2 frame-answer batch 4609: 1 item(s)
Checkpoint saved: 4619 frame answer item(s)
Running Molmo2 frame-answer batch 4610: 1 item(s)
Checkpoint saved: 4620 frame answer item(s)
Running Molmo2 frame-answer batch 4611: 1 item(s)
Checkpoint saved: 4621 frame answer item(s)
Running Molmo2 frame-answer batch 4612: 1 item(s)
Checkpoint saved: 4622 frame answer item(s)
Running Molmo2 frame-answer batch 4613: 1 item(s)
Checkpoint saved: 4623 frame answer item(s)
Running Molmo2 frame-answer batch 4614: 1 item(s)
Checkpoint saved: 4624 frame answer item(s)
Running Molmo2 frame-answer batch 4615: 1 item(s)
Checkpoint saved: 4625 frame answer item(s)
Running Molmo2 frame-answer batch 4616: 1 item(s)
Checkpoint saved: 4626 frame answer item(s)
Running Molmo2 frame-answer batch 4617: 1 item(s)
Checkpoint saved: 4627 frame answer item(s)
Running Molmo2 frame-answer batch 4618: 1 item(s)
Checkpoint saved: 4628 frame answer item(s)
Running Molmo2 frame-answer batch 4619: 1 item(s)
Checkpoint saved: 4629 frame answer item(s)
Running Molmo2 frame-answer batch 4620: 1 item(s)
Checkpoint saved: 4630 frame answer item(s)
Running Molmo2 frame-answer batch 4621: 1 item(s)
Checkpoint saved: 4631 frame answer item(s)
Running Molmo2 frame-answer batch 4622: 1 item(s)
Checkpoint saved: 4632 frame answer item(s)
Running Molmo2 frame-answer batch 4623: 1 item(s)
Checkpoint saved: 4633 frame answer item(s)
Running Molmo2 frame-answer batch 4624: 1 item(s)
Checkpoint saved: 4634 frame answer item(s)
Running Molmo2 frame-answer batch 4625: 1 item(s)
Checkpoint saved: 4635 frame answer item(s)
Running Molmo2 frame-answer batch 4626: 1 item(s)
Checkpoint saved: 4636 frame answer item(s)
Running Molmo2 frame-answer batch 4627: 1 item(s)
Checkpoint saved: 4637 frame answer item(s)
Running Molmo2 frame-answer batch 4628: 1 item(s)
Checkpoint saved: 4638 frame answer item(s)
Running Molmo2 frame-answer batch 4629: 1 item(s)
Checkpoint saved: 4639 frame answer item(s)
Running Molmo2 frame-answer batch 4630: 1 item(s)
Checkpoint saved: 4640 frame answer item(s)
Running Molmo2 frame-answer batch 4631: 1 item(s)
Checkpoint saved: 4641 frame answer item(s)
Running Molmo2 frame-answer batch 4632: 1 item(s)
Checkpoint saved: 4642 frame answer item(s)
Running Molmo2 frame-answer batch 4633: 1 item(s)
Checkpoint saved: 4643 frame answer item(s)
Running Molmo2 frame-answer batch 4634: 1 item(s)
Checkpoint saved: 4644 frame answer item(s)
Running Molmo2 frame-answer batch 4635: 1 item(s)
Checkpoint saved: 4645 frame answer item(s)
Running Molmo2 frame-answer batch 4636: 1 item(s)
Checkpoint saved: 4646 frame answer item(s)
Running Molmo2 frame-answer batch 4637: 1 item(s)
Checkpoint saved: 4647 frame answer item(s)
Running Molmo2 frame-answer batch 4638: 1 item(s)
Checkpoint saved: 4648 frame answer item(s)
Running Molmo2 frame-answer batch 4639: 1 item(s)
Checkpoint saved: 4649 frame answer item(s)
Running Molmo2 frame-answer batch 4640: 1 item(s)
Checkpoint saved: 4650 frame answer item(s)
Running Molmo2 frame-answer batch 4641: 1 item(s)
Checkpoint saved: 4651 frame answer item(s)
Running Molmo2 frame-answer batch 4642: 1 item(s)
Checkpoint saved: 4652 frame answer item(s)
Running Molmo2 frame-answer batch 4643: 1 item(s)
Checkpoint saved: 4653 frame answer item(s)
Running Molmo2 frame-answer batch 4644: 1 item(s)
Checkpoint saved: 4654 frame answer item(s)
Running Molmo2 frame-answer batch 4645: 1 item(s)
Checkpoint saved: 4655 frame answer item(s)
Running Molmo2 frame-answer batch 4646: 1 item(s)
Checkpoint saved: 4656 frame answer item(s)
Running Molmo2 frame-answer batch 4647: 1 item(s)
Checkpoint saved: 4657 frame answer item(s)
Running Molmo2 frame-answer batch 4648: 1 item(s)
Checkpoint saved: 4658 frame answer item(s)
Running Molmo2 frame-answer batch 4649: 1 item(s)
Checkpoint saved: 4659 frame answer item(s)
Running Molmo2 frame-answer batch 4650: 1 item(s)
Checkpoint saved: 4660 frame answer item(s)
Running Molmo2 frame-answer batch 4651: 1 item(s)
Checkpoint saved: 4661 frame answer item(s)
Running Molmo2 frame-answer batch 4652: 1 item(s)
Checkpoint saved: 4662 frame answer item(s)
Running Molmo2 frame-answer batch 4653: 1 item(s)
Checkpoint saved: 4663 frame answer item(s)
Running Molmo2 frame-answer batch 4654: 1 item(s)
Checkpoint saved: 4664 frame answer item(s)
Running Molmo2 frame-answer batch 4655: 1 item(s)
Checkpoint saved: 4665 frame answer item(s)
Running Molmo2 frame-answer batch 4656: 1 item(s)
Checkpoint saved: 4666 frame answer item(s)
Running Molmo2 frame-answer batch 4657: 1 item(s)
Checkpoint saved: 4667 frame answer item(s)
Running Molmo2 frame-answer batch 4658: 1 item(s)
Checkpoint saved: 4668 frame answer item(s)
Running Molmo2 frame-answer batch 4659: 1 item(s)
Checkpoint saved: 4669 frame answer item(s)
Running Molmo2 frame-answer batch 4660: 1 item(s)
Checkpoint saved: 4670 frame answer item(s)
Running Molmo2 frame-answer batch 4661: 1 item(s)
Checkpoint saved: 4671 frame answer item(s)
Running Molmo2 frame-answer batch 4662: 1 item(s)
Checkpoint saved: 4672 frame answer item(s)
Running Molmo2 frame-answer batch 4663: 1 item(s)
Checkpoint saved: 4673 frame answer item(s)
Running Molmo2 frame-answer batch 4664: 1 item(s)
Checkpoint saved: 4674 frame answer item(s)
Running Molmo2 frame-answer batch 4665: 1 item(s)
Checkpoint saved: 4675 frame answer item(s)
Running Molmo2 frame-answer batch 4666: 1 item(s)
Checkpoint saved: 4676 frame answer item(s)
Running Molmo2 frame-answer batch 4667: 1 item(s)
Checkpoint saved: 4677 frame answer item(s)
Running Molmo2 frame-answer batch 4668: 1 item(s)
Checkpoint saved: 4678 frame answer item(s)
Running Molmo2 frame-answer batch 4669: 1 item(s)
Checkpoint saved: 4679 frame answer item(s)
Running Molmo2 frame-answer batch 4670: 1 item(s)
Checkpoint saved: 4680 frame answer item(s)
Running Molmo2 frame-answer batch 4671: 1 item(s)
Checkpoint saved: 4681 frame answer item(s)
Running Molmo2 frame-answer batch 4672: 1 item(s)
Checkpoint saved: 4682 frame answer item(s)
Running Molmo2 frame-answer batch 4673: 1 item(s)
Checkpoint saved: 4683 frame answer item(s)
Running Molmo2 frame-answer batch 4674: 1 item(s)
Checkpoint saved: 4684 frame answer item(s)
Running Molmo2 frame-answer batch 4675: 1 item(s)
Checkpoint saved: 4685 frame answer item(s)
Running Molmo2 frame-answer batch 4676: 1 item(s)
Checkpoint saved: 4686 frame answer item(s)
Running Molmo2 frame-answer batch 4677: 1 item(s)
Checkpoint saved: 4687 frame answer item(s)
Running Molmo2 frame-answer batch 4678: 1 item(s)
Checkpoint saved: 4688 frame answer item(s)
Running Molmo2 frame-answer batch 4679: 1 item(s)
Checkpoint saved: 4689 frame answer item(s)
Running Molmo2 frame-answer batch 4680: 1 item(s)
Checkpoint saved: 4690 frame answer item(s)
Running Molmo2 frame-answer batch 4681: 1 item(s)
Checkpoint saved: 4691 frame answer item(s)
Running Molmo2 frame-answer batch 4682: 1 item(s)
Checkpoint saved: 4692 frame answer item(s)
Running Molmo2 frame-answer batch 4683: 1 item(s)
Checkpoint saved: 4693 frame answer item(s)
Running Molmo2 frame-answer batch 4684: 1 item(s)
Checkpoint saved: 4694 frame answer item(s)
Running Molmo2 frame-answer batch 4685: 1 item(s)
Checkpoint saved: 4695 frame answer item(s)
Running Molmo2 frame-answer batch 4686: 1 item(s)
Checkpoint saved: 4696 frame answer item(s)
Running Molmo2 frame-answer batch 4687: 1 item(s)
Checkpoint saved: 4697 frame answer item(s)
Running Molmo2 frame-answer batch 4688: 1 item(s)
Checkpoint saved: 4698 frame answer item(s)
Running Molmo2 frame-answer batch 4689: 1 item(s)
Checkpoint saved: 4699 frame answer item(s)
Running Molmo2 frame-answer batch 4690: 1 item(s)
Checkpoint saved: 4700 frame answer item(s)
Running Molmo2 frame-answer batch 4691: 1 item(s)
Checkpoint saved: 4701 frame answer item(s)
Running Molmo2 frame-answer batch 4692: 1 item(s)
Checkpoint saved: 4702 frame answer item(s)
Running Molmo2 frame-answer batch 4693: 1 item(s)
Checkpoint saved: 4703 frame answer item(s)
Running Molmo2 frame-answer batch 4694: 1 item(s)
Checkpoint saved: 4704 frame answer item(s)
Running Molmo2 frame-answer batch 4695: 1 item(s)
Checkpoint saved: 4705 frame answer item(s)
Running Molmo2 frame-answer batch 4696: 1 item(s)
Checkpoint saved: 4706 frame answer item(s)
Running Molmo2 frame-answer batch 4697: 1 item(s)
Checkpoint saved: 4707 frame answer item(s)
Running Molmo2 frame-answer batch 4698: 1 item(s)
Checkpoint saved: 4708 frame answer item(s)
Running Molmo2 frame-answer batch 4699: 1 item(s)
Checkpoint saved: 4709 frame answer item(s)
Running Molmo2 frame-answer batch 4700: 1 item(s)
Checkpoint saved: 4710 frame answer item(s)
Running Molmo2 frame-answer batch 4701: 1 item(s)
Checkpoint saved: 4711 frame answer item(s)
Running Molmo2 frame-answer batch 4702: 1 item(s)
Checkpoint saved: 4712 frame answer item(s)
Running Molmo2 frame-answer batch 4703: 1 item(s)
Checkpoint saved: 4713 frame answer item(s)
Running Molmo2 frame-answer batch 4704: 1 item(s)
Checkpoint saved: 4714 frame answer item(s)
Running Molmo2 frame-answer batch 4705: 1 item(s)
Checkpoint saved: 4715 frame answer item(s)
Running Molmo2 frame-answer batch 4706: 1 item(s)
Checkpoint saved: 4716 frame answer item(s)
Running Molmo2 frame-answer batch 4707: 1 item(s)
Checkpoint saved: 4717 frame answer item(s)
Running Molmo2 frame-answer batch 4708: 1 item(s)
Checkpoint saved: 4718 frame answer item(s)
Running Molmo2 frame-answer batch 4709: 1 item(s)
Checkpoint saved: 4719 frame answer item(s)
Running Molmo2 frame-answer batch 4710: 1 item(s)
Checkpoint saved: 4720 frame answer item(s)
Running Molmo2 frame-answer batch 4711: 1 item(s)
Checkpoint saved: 4721 frame answer item(s)
Running Molmo2 frame-answer batch 4712: 1 item(s)
Checkpoint saved: 4722 frame answer item(s)
Running Molmo2 frame-answer batch 4713: 1 item(s)
Checkpoint saved: 4723 frame answer item(s)
Running Molmo2 frame-answer batch 4714: 1 item(s)
Checkpoint saved: 4724 frame answer item(s)
Running Molmo2 frame-answer batch 4715: 1 item(s)
Checkpoint saved: 4725 frame answer item(s)
Running Molmo2 frame-answer batch 4716: 1 item(s)
Checkpoint saved: 4726 frame answer item(s)
Running Molmo2 frame-answer batch 4717: 1 item(s)
Checkpoint saved: 4727 frame answer item(s)
Running Molmo2 frame-answer batch 4718: 1 item(s)
Checkpoint saved: 4728 frame answer item(s)
Running Molmo2 frame-answer batch 4719: 1 item(s)
Checkpoint saved: 4729 frame answer item(s)
Running Molmo2 frame-answer batch 4720: 1 item(s)
Checkpoint saved: 4730 frame answer item(s)
Running Molmo2 frame-answer batch 4721: 1 item(s)
Checkpoint saved: 4731 frame answer item(s)
Running Molmo2 frame-answer batch 4722: 1 item(s)
Checkpoint saved: 4732 frame answer item(s)
Running Molmo2 frame-answer batch 4723: 1 item(s)
Checkpoint saved: 4733 frame answer item(s)
Running Molmo2 frame-answer batch 4724: 1 item(s)
Checkpoint saved: 4734 frame answer item(s)
Running Molmo2 frame-answer batch 4725: 1 item(s)
Checkpoint saved: 4735 frame answer item(s)
Running Molmo2 frame-answer batch 4726: 1 item(s)
Checkpoint saved: 4736 frame answer item(s)
Running Molmo2 frame-answer batch 4727: 1 item(s)
Checkpoint saved: 4737 frame answer item(s)
Running Molmo2 frame-answer batch 4728: 1 item(s)
Checkpoint saved: 4738 frame answer item(s)
Running Molmo2 frame-answer batch 4729: 1 item(s)
Checkpoint saved: 4739 frame answer item(s)
Running Molmo2 frame-answer batch 4730: 1 item(s)
Checkpoint saved: 4740 frame answer item(s)
Running Molmo2 frame-answer batch 4731: 1 item(s)
Checkpoint saved: 4741 frame answer item(s)
Running Molmo2 frame-answer batch 4732: 1 item(s)
Checkpoint saved: 4742 frame answer item(s)
Running Molmo2 frame-answer batch 4733: 1 item(s)
Checkpoint saved: 4743 frame answer item(s)
Running Molmo2 frame-answer batch 4734: 1 item(s)
Checkpoint saved: 4744 frame answer item(s)
Running Molmo2 frame-answer batch 4735: 1 item(s)
Checkpoint saved: 4745 frame answer item(s)
Running Molmo2 frame-answer batch 4736: 1 item(s)
Checkpoint saved: 4746 frame answer item(s)
Running Molmo2 frame-answer batch 4737: 1 item(s)
Checkpoint saved: 4747 frame answer item(s)
Running Molmo2 frame-answer batch 4738: 1 item(s)
Checkpoint saved: 4748 frame answer item(s)
Running Molmo2 frame-answer batch 4739: 1 item(s)
Checkpoint saved: 4749 frame answer item(s)
Running Molmo2 frame-answer batch 4740: 1 item(s)
Checkpoint saved: 4750 frame answer item(s)
Running Molmo2 frame-answer batch 4741: 1 item(s)
Checkpoint saved: 4751 frame answer item(s)
Running Molmo2 frame-answer batch 4742: 1 item(s)
Checkpoint saved: 4752 frame answer item(s)
Running Molmo2 frame-answer batch 4743: 1 item(s)
Checkpoint saved: 4753 frame answer item(s)
Running Molmo2 frame-answer batch 4744: 1 item(s)
Checkpoint saved: 4754 frame answer item(s)
Running Molmo2 frame-answer batch 4745: 1 item(s)
Checkpoint saved: 4755 frame answer item(s)
Running Molmo2 frame-answer batch 4746: 1 item(s)
Checkpoint saved: 4756 frame answer item(s)
Running Molmo2 frame-answer batch 4747: 1 item(s)
Checkpoint saved: 4757 frame answer item(s)
Running Molmo2 frame-answer batch 4748: 1 item(s)
Checkpoint saved: 4758 frame answer item(s)
Running Molmo2 frame-answer batch 4749: 1 item(s)
Checkpoint saved: 4759 frame answer item(s)
Running Molmo2 frame-answer batch 4750: 1 item(s)
Checkpoint saved: 4760 frame answer item(s)
Running Molmo2 frame-answer batch 4751: 1 item(s)
Checkpoint saved: 4761 frame answer item(s)
Running Molmo2 frame-answer batch 4752: 1 item(s)
Checkpoint saved: 4762 frame answer item(s)
Running Molmo2 frame-answer batch 4753: 1 item(s)
Checkpoint saved: 4763 frame answer item(s)
Running Molmo2 frame-answer batch 4754: 1 item(s)
Checkpoint saved: 4764 frame answer item(s)
Running Molmo2 frame-answer batch 4755: 1 item(s)
Checkpoint saved: 4765 frame answer item(s)
Running Molmo2 frame-answer batch 4756: 1 item(s)
Checkpoint saved: 4766 frame answer item(s)
Running Molmo2 frame-answer batch 4757: 1 item(s)
Checkpoint saved: 4767 frame answer item(s)
Running Molmo2 frame-answer batch 4758: 1 item(s)
Checkpoint saved: 4768 frame answer item(s)
Running Molmo2 frame-answer batch 4759: 1 item(s)
Checkpoint saved: 4769 frame answer item(s)
Running Molmo2 frame-answer batch 4760: 1 item(s)
Checkpoint saved: 4770 frame answer item(s)
Running Molmo2 frame-answer batch 4761: 1 item(s)
Checkpoint saved: 4771 frame answer item(s)
Running Molmo2 frame-answer batch 4762: 1 item(s)
Checkpoint saved: 4772 frame answer item(s)
Running Molmo2 frame-answer batch 4763: 1 item(s)
Checkpoint saved: 4773 frame answer item(s)
Running Molmo2 frame-answer batch 4764: 1 item(s)
Checkpoint saved: 4774 frame answer item(s)
Running Molmo2 frame-answer batch 4765: 1 item(s)
Checkpoint saved: 4775 frame answer item(s)
Running Molmo2 frame-answer batch 4766: 1 item(s)
Checkpoint saved: 4776 frame answer item(s)
Running Molmo2 frame-answer batch 4767: 1 item(s)
Checkpoint saved: 4777 frame answer item(s)
Running Molmo2 frame-answer batch 4768: 1 item(s)
Checkpoint saved: 4778 frame answer item(s)
Running Molmo2 frame-answer batch 4769: 1 item(s)
Checkpoint saved: 4779 frame answer item(s)
Running Molmo2 frame-answer batch 4770: 1 item(s)
Checkpoint saved: 4780 frame answer item(s)
Running Molmo2 frame-answer batch 4771: 1 item(s)
Checkpoint saved: 4781 frame answer item(s)
Running Molmo2 frame-answer batch 4772: 1 item(s)
Checkpoint saved: 4782 frame answer item(s)
Running Molmo2 frame-answer batch 4773: 1 item(s)
Checkpoint saved: 4783 frame answer item(s)
Running Molmo2 frame-answer batch 4774: 1 item(s)
Checkpoint saved: 4784 frame answer item(s)
Running Molmo2 frame-answer batch 4775: 1 item(s)
Checkpoint saved: 4785 frame answer item(s)
Running Molmo2 frame-answer batch 4776: 1 item(s)
Checkpoint saved: 4786 frame answer item(s)
Running Molmo2 frame-answer batch 4777: 1 item(s)
Checkpoint saved: 4787 frame answer item(s)
Running Molmo2 frame-answer batch 4778: 1 item(s)
Checkpoint saved: 4788 frame answer item(s)
Running Molmo2 frame-answer batch 4779: 1 item(s)
Checkpoint saved: 4789 frame answer item(s)
Running Molmo2 frame-answer batch 4780: 1 item(s)
Checkpoint saved: 4790 frame answer item(s)
Running Molmo2 frame-answer batch 4781: 1 item(s)
Checkpoint saved: 4791 frame answer item(s)
Running Molmo2 frame-answer batch 4782: 1 item(s)
Checkpoint saved: 4792 frame answer item(s)
Running Molmo2 frame-answer batch 4783: 1 item(s)
Checkpoint saved: 4793 frame answer item(s)
Running Molmo2 frame-answer batch 4784: 1 item(s)
Checkpoint saved: 4794 frame answer item(s)
Running Molmo2 frame-answer batch 4785: 1 item(s)
Checkpoint saved: 4795 frame answer item(s)
Running Molmo2 frame-answer batch 4786: 1 item(s)
Checkpoint saved: 4796 frame answer item(s)
Running Molmo2 frame-answer batch 4787: 1 item(s)
Checkpoint saved: 4797 frame answer item(s)
Running Molmo2 frame-answer batch 4788: 1 item(s)
Checkpoint saved: 4798 frame answer item(s)
Running Molmo2 frame-answer batch 4789: 1 item(s)
Checkpoint saved: 4799 frame answer item(s)
Running Molmo2 frame-answer batch 4790: 1 item(s)
Checkpoint saved: 4800 frame answer item(s)
Running Molmo2 frame-answer batch 4791: 1 item(s)
Checkpoint saved: 4801 frame answer item(s)
Running Molmo2 frame-answer batch 4792: 1 item(s)
Checkpoint saved: 4802 frame answer item(s)
Running Molmo2 frame-answer batch 4793: 1 item(s)
Checkpoint saved: 4803 frame answer item(s)
Running Molmo2 frame-answer batch 4794: 1 item(s)
Checkpoint saved: 4804 frame answer item(s)
Running Molmo2 frame-answer batch 4795: 1 item(s)
Checkpoint saved: 4805 frame answer item(s)
Running Molmo2 frame-answer batch 4796: 1 item(s)
Checkpoint saved: 4806 frame answer item(s)
Running Molmo2 frame-answer batch 4797: 1 item(s)
Checkpoint saved: 4807 frame answer item(s)
Running Molmo2 frame-answer batch 4798: 1 item(s)
Checkpoint saved: 4808 frame answer item(s)
Running Molmo2 frame-answer batch 4799: 1 item(s)
Checkpoint saved: 4809 frame answer item(s)
Running Molmo2 frame-answer batch 4800: 1 item(s)
Checkpoint saved: 4810 frame answer item(s)
Running Molmo2 frame-answer batch 4801: 1 item(s)
Checkpoint saved: 4811 frame answer item(s)
Running Molmo2 frame-answer batch 4802: 1 item(s)
Checkpoint saved: 4812 frame answer item(s)
Running Molmo2 frame-answer batch 4803: 1 item(s)
Checkpoint saved: 4813 frame answer item(s)
Running Molmo2 frame-answer batch 4804: 1 item(s)
Checkpoint saved: 4814 frame answer item(s)
Running Molmo2 frame-answer batch 4805: 1 item(s)
Checkpoint saved: 4815 frame answer item(s)
Running Molmo2 frame-answer batch 4806: 1 item(s)
Checkpoint saved: 4816 frame answer item(s)
Running Molmo2 frame-answer batch 4807: 1 item(s)
Checkpoint saved: 4817 frame answer item(s)
Running Molmo2 frame-answer batch 4808: 1 item(s)
Checkpoint saved: 4818 frame answer item(s)
Running Molmo2 frame-answer batch 4809: 1 item(s)
Checkpoint saved: 4819 frame answer item(s)
Running Molmo2 frame-answer batch 4810: 1 item(s)
Checkpoint saved: 4820 frame answer item(s)
Running Molmo2 frame-answer batch 4811: 1 item(s)
Checkpoint saved: 4821 frame answer item(s)
Running Molmo2 frame-answer batch 4812: 1 item(s)
Checkpoint saved: 4822 frame answer item(s)
Running Molmo2 frame-answer batch 4813: 1 item(s)
Checkpoint saved: 4823 frame answer item(s)
Running Molmo2 frame-answer batch 4814: 1 item(s)
Checkpoint saved: 4824 frame answer item(s)
Running Molmo2 frame-answer batch 4815: 1 item(s)
Checkpoint saved: 4825 frame answer item(s)
Running Molmo2 frame-answer batch 4816: 1 item(s)
Checkpoint saved: 4826 frame answer item(s)
Running Molmo2 frame-answer batch 4817: 1 item(s)
Checkpoint saved: 4827 frame answer item(s)
Running Molmo2 frame-answer batch 4818: 1 item(s)
Checkpoint saved: 4828 frame answer item(s)
Running Molmo2 frame-answer batch 4819: 1 item(s)
Checkpoint saved: 4829 frame answer item(s)
Running Molmo2 frame-answer batch 4820: 1 item(s)
Checkpoint saved: 4830 frame answer item(s)
Running Molmo2 frame-answer batch 4821: 1 item(s)
Checkpoint saved: 4831 frame answer item(s)
Running Molmo2 frame-answer batch 4822: 1 item(s)
Checkpoint saved: 4832 frame answer item(s)
Running Molmo2 frame-answer batch 4823: 1 item(s)
Checkpoint saved: 4833 frame answer item(s)
Running Molmo2 frame-answer batch 4824: 1 item(s)
Checkpoint saved: 4834 frame answer item(s)
Running Molmo2 frame-answer batch 4825: 1 item(s)
Checkpoint saved: 4835 frame answer item(s)
Running Molmo2 frame-answer batch 4826: 1 item(s)
Checkpoint saved: 4836 frame answer item(s)
Running Molmo2 frame-answer batch 4827: 1 item(s)
Checkpoint saved: 4837 frame answer item(s)
Running Molmo2 frame-answer batch 4828: 1 item(s)
Checkpoint saved: 4838 frame answer item(s)
Running Molmo2 frame-answer batch 4829: 1 item(s)
Checkpoint saved: 4839 frame answer item(s)
Running Molmo2 frame-answer batch 4830: 1 item(s)
Checkpoint saved: 4840 frame answer item(s)
Running Molmo2 frame-answer batch 4831: 1 item(s)
Checkpoint saved: 4841 frame answer item(s)
Running Molmo2 frame-answer batch 4832: 1 item(s)
Checkpoint saved: 4842 frame answer item(s)
Running Molmo2 frame-answer batch 4833: 1 item(s)
Checkpoint saved: 4843 frame answer item(s)
Running Molmo2 frame-answer batch 4834: 1 item(s)
Checkpoint saved: 4844 frame answer item(s)
Running Molmo2 frame-answer batch 4835: 1 item(s)
Checkpoint saved: 4845 frame answer item(s)
Running Molmo2 frame-answer batch 4836: 1 item(s)
Checkpoint saved: 4846 frame answer item(s)
Running Molmo2 frame-answer batch 4837: 1 item(s)
Checkpoint saved: 4847 frame answer item(s)
Running Molmo2 frame-answer batch 4838: 1 item(s)
Checkpoint saved: 4848 frame answer item(s)
Running Molmo2 frame-answer batch 4839: 1 item(s)
Checkpoint saved: 4849 frame answer item(s)
Running Molmo2 frame-answer batch 4840: 1 item(s)
Checkpoint saved: 4850 frame answer item(s)
Running Molmo2 frame-answer batch 4841: 1 item(s)
Checkpoint saved: 4851 frame answer item(s)
Running Molmo2 frame-answer batch 4842: 1 item(s)
Checkpoint saved: 4852 frame answer item(s)
Running Molmo2 frame-answer batch 4843: 1 item(s)
Checkpoint saved: 4853 frame answer item(s)
Running Molmo2 frame-answer batch 4844: 1 item(s)
Checkpoint saved: 4854 frame answer item(s)
Running Molmo2 frame-answer batch 4845: 1 item(s)
Checkpoint saved: 4855 frame answer item(s)
Running Molmo2 frame-answer batch 4846: 1 item(s)
Checkpoint saved: 4856 frame answer item(s)
Running Molmo2 frame-answer batch 4847: 1 item(s)
Checkpoint saved: 4857 frame answer item(s)
Running Molmo2 frame-answer batch 4848: 1 item(s)
Checkpoint saved: 4858 frame answer item(s)
Running Molmo2 frame-answer batch 4849: 1 item(s)
Checkpoint saved: 4859 frame answer item(s)
Running Molmo2 frame-answer batch 4850: 1 item(s)
Checkpoint saved: 4860 frame answer item(s)
Running Molmo2 frame-answer batch 4851: 1 item(s)
Checkpoint saved: 4861 frame answer item(s)
Running Molmo2 frame-answer batch 4852: 1 item(s)
Checkpoint saved: 4862 frame answer item(s)
Running Molmo2 frame-answer batch 4853: 1 item(s)
Checkpoint saved: 4863 frame answer item(s)
Running Molmo2 frame-answer batch 4854: 1 item(s)
Checkpoint saved: 4864 frame answer item(s)
Running Molmo2 frame-answer batch 4855: 1 item(s)
Checkpoint saved: 4865 frame answer item(s)
Running Molmo2 frame-answer batch 4856: 1 item(s)
Checkpoint saved: 4866 frame answer item(s)
Running Molmo2 frame-answer batch 4857: 1 item(s)
Checkpoint saved: 4867 frame answer item(s)
Running Molmo2 frame-answer batch 4858: 1 item(s)
Checkpoint saved: 4868 frame answer item(s)
Running Molmo2 frame-answer batch 4859: 1 item(s)
Checkpoint saved: 4869 frame answer item(s)
Running Molmo2 frame-answer batch 4860: 1 item(s)
Checkpoint saved: 4870 frame answer item(s)
Running Molmo2 frame-answer batch 4861: 1 item(s)
Checkpoint saved: 4871 frame answer item(s)
Running Molmo2 frame-answer batch 4862: 1 item(s)
Checkpoint saved: 4872 frame answer item(s)
Running Molmo2 frame-answer batch 4863: 1 item(s)
Checkpoint saved: 4873 frame answer item(s)
Running Molmo2 frame-answer batch 4864: 1 item(s)
Checkpoint saved: 4874 frame answer item(s)
Running Molmo2 frame-answer batch 4865: 1 item(s)
Checkpoint saved: 4875 frame answer item(s)
Running Molmo2 frame-answer batch 4866: 1 item(s)
Checkpoint saved: 4876 frame answer item(s)
Running Molmo2 frame-answer batch 4867: 1 item(s)
Checkpoint saved: 4877 frame answer item(s)
Running Molmo2 frame-answer batch 4868: 1 item(s)
Checkpoint saved: 4878 frame answer item(s)
Running Molmo2 frame-answer batch 4869: 1 item(s)
Checkpoint saved: 4879 frame answer item(s)
Running Molmo2 frame-answer batch 4870: 1 item(s)
Checkpoint saved: 4880 frame answer item(s)
Running Molmo2 frame-answer batch 4871: 1 item(s)
Checkpoint saved: 4881 frame answer item(s)
Running Molmo2 frame-answer batch 4872: 1 item(s)
Checkpoint saved: 4882 frame answer item(s)
Running Molmo2 frame-answer batch 4873: 1 item(s)
Checkpoint saved: 4883 frame answer item(s)
Running Molmo2 frame-answer batch 4874: 1 item(s)
Checkpoint saved: 4884 frame answer item(s)
Running Molmo2 frame-answer batch 4875: 1 item(s)
Checkpoint saved: 4885 frame answer item(s)
Running Molmo2 frame-answer batch 4876: 1 item(s)
Checkpoint saved: 4886 frame answer item(s)
Running Molmo2 frame-answer batch 4877: 1 item(s)
Checkpoint saved: 4887 frame answer item(s)
Running Molmo2 frame-answer batch 4878: 1 item(s)
Checkpoint saved: 4888 frame answer item(s)
Running Molmo2 frame-answer batch 4879: 1 item(s)
Checkpoint saved: 4889 frame answer item(s)
Running Molmo2 frame-answer batch 4880: 1 item(s)
Checkpoint saved: 4890 frame answer item(s)
Running Molmo2 frame-answer batch 4881: 1 item(s)
Checkpoint saved: 4891 frame answer item(s)
Running Molmo2 frame-answer batch 4882: 1 item(s)
Checkpoint saved: 4892 frame answer item(s)
Running Molmo2 frame-answer batch 4883: 1 item(s)
Checkpoint saved: 4893 frame answer item(s)
Running Molmo2 frame-answer batch 4884: 1 item(s)
Checkpoint saved: 4894 frame answer item(s)
Running Molmo2 frame-answer batch 4885: 1 item(s)
Checkpoint saved: 4895 frame answer item(s)
Running Molmo2 frame-answer batch 4886: 1 item(s)
Checkpoint saved: 4896 frame answer item(s)
Running Molmo2 frame-answer batch 4887: 1 item(s)
Checkpoint saved: 4897 frame answer item(s)
Running Molmo2 frame-answer batch 4888: 1 item(s)
Checkpoint saved: 4898 frame answer item(s)
Running Molmo2 frame-answer batch 4889: 1 item(s)
Checkpoint saved: 4899 frame answer item(s)
Running Molmo2 frame-answer batch 4890: 1 item(s)
Checkpoint saved: 4900 frame answer item(s)
Running Molmo2 frame-answer batch 4891: 1 item(s)
Checkpoint saved: 4901 frame answer item(s)
Running Molmo2 frame-answer batch 4892: 1 item(s)
Checkpoint saved: 4902 frame answer item(s)
Running Molmo2 frame-answer batch 4893: 1 item(s)
Checkpoint saved: 4903 frame answer item(s)
Running Molmo2 frame-answer batch 4894: 1 item(s)
Checkpoint saved: 4904 frame answer item(s)
Running Molmo2 frame-answer batch 4895: 1 item(s)
Checkpoint saved: 4905 frame answer item(s)
Running Molmo2 frame-answer batch 4896: 1 item(s)
Checkpoint saved: 4906 frame answer item(s)
Running Molmo2 frame-answer batch 4897: 1 item(s)
Checkpoint saved: 4907 frame answer item(s)
Running Molmo2 frame-answer batch 4898: 1 item(s)
Checkpoint saved: 4908 frame answer item(s)
Running Molmo2 frame-answer batch 4899: 1 item(s)
Checkpoint saved: 4909 frame answer item(s)
Running Molmo2 frame-answer batch 4900: 1 item(s)
Checkpoint saved: 4910 frame answer item(s)
Running Molmo2 frame-answer batch 4901: 1 item(s)
Checkpoint saved: 4911 frame answer item(s)
Running Molmo2 frame-answer batch 4902: 1 item(s)
Checkpoint saved: 4912 frame answer item(s)
Running Molmo2 frame-answer batch 4903: 1 item(s)
Checkpoint saved: 4913 frame answer item(s)
Running Molmo2 frame-answer batch 4904: 1 item(s)
Checkpoint saved: 4914 frame answer item(s)
Running Molmo2 frame-answer batch 4905: 1 item(s)
Checkpoint saved: 4915 frame answer item(s)
Running Molmo2 frame-answer batch 4906: 1 item(s)
Checkpoint saved: 4916 frame answer item(s)
Running Molmo2 frame-answer batch 4907: 1 item(s)
Checkpoint saved: 4917 frame answer item(s)
Running Molmo2 frame-answer batch 4908: 1 item(s)
Checkpoint saved: 4918 frame answer item(s)
Running Molmo2 frame-answer batch 4909: 1 item(s)
Checkpoint saved: 4919 frame answer item(s)
Running Molmo2 frame-answer batch 4910: 1 item(s)
Checkpoint saved: 4920 frame answer item(s)
Running Molmo2 frame-answer batch 4911: 1 item(s)
Checkpoint saved: 4921 frame answer item(s)
Running Molmo2 frame-answer batch 4912: 1 item(s)
Checkpoint saved: 4922 frame answer item(s)
Running Molmo2 frame-answer batch 4913: 1 item(s)
Checkpoint saved: 4923 frame answer item(s)
Running Molmo2 frame-answer batch 4914: 1 item(s)
Checkpoint saved: 4924 frame answer item(s)
Running Molmo2 frame-answer batch 4915: 1 item(s)
Checkpoint saved: 4925 frame answer item(s)
Running Molmo2 frame-answer batch 4916: 1 item(s)
Checkpoint saved: 4926 frame answer item(s)
Running Molmo2 frame-answer batch 4917: 1 item(s)
Checkpoint saved: 4927 frame answer item(s)
Running Molmo2 frame-answer batch 4918: 1 item(s)
Checkpoint saved: 4928 frame answer item(s)
Running Molmo2 frame-answer batch 4919: 1 item(s)
Checkpoint saved: 4929 frame answer item(s)
Running Molmo2 frame-answer batch 4920: 1 item(s)
Checkpoint saved: 4930 frame answer item(s)
Running Molmo2 frame-answer batch 4921: 1 item(s)
Checkpoint saved: 4931 frame answer item(s)
Running Molmo2 frame-answer batch 4922: 1 item(s)
Checkpoint saved: 4932 frame answer item(s)
Running Molmo2 frame-answer batch 4923: 1 item(s)
Checkpoint saved: 4933 frame answer item(s)
Running Molmo2 frame-answer batch 4924: 1 item(s)
Checkpoint saved: 4934 frame answer item(s)
Running Molmo2 frame-answer batch 4925: 1 item(s)
Checkpoint saved: 4935 frame answer item(s)
Running Molmo2 frame-answer batch 4926: 1 item(s)
Checkpoint saved: 4936 frame answer item(s)
Running Molmo2 frame-answer batch 4927: 1 item(s)
Checkpoint saved: 4937 frame answer item(s)
Running Molmo2 frame-answer batch 4928: 1 item(s)
Checkpoint saved: 4938 frame answer item(s)
Running Molmo2 frame-answer batch 4929: 1 item(s)
Checkpoint saved: 4939 frame answer item(s)
Running Molmo2 frame-answer batch 4930: 1 item(s)
Checkpoint saved: 4940 frame answer item(s)
Running Molmo2 frame-answer batch 4931: 1 item(s)
Checkpoint saved: 4941 frame answer item(s)
Running Molmo2 frame-answer batch 4932: 1 item(s)
Checkpoint saved: 4942 frame answer item(s)
Running Molmo2 frame-answer batch 4933: 1 item(s)
Checkpoint saved: 4943 frame answer item(s)
Running Molmo2 frame-answer batch 4934: 1 item(s)
Checkpoint saved: 4944 frame answer item(s)
Running Molmo2 frame-answer batch 4935: 1 item(s)
Checkpoint saved: 4945 frame answer item(s)
Running Molmo2 frame-answer batch 4936: 1 item(s)
Checkpoint saved: 4946 frame answer item(s)
Running Molmo2 frame-answer batch 4937: 1 item(s)
Checkpoint saved: 4947 frame answer item(s)
Running Molmo2 frame-answer batch 4938: 1 item(s)
Checkpoint saved: 4948 frame answer item(s)
Running Molmo2 frame-answer batch 4939: 1 item(s)
Checkpoint saved: 4949 frame answer item(s)
Running Molmo2 frame-answer batch 4940: 1 item(s)
Checkpoint saved: 4950 frame answer item(s)
Running Molmo2 frame-answer batch 4941: 1 item(s)
Checkpoint saved: 4951 frame answer item(s)
Running Molmo2 frame-answer batch 4942: 1 item(s)
Checkpoint saved: 4952 frame answer item(s)
Running Molmo2 frame-answer batch 4943: 1 item(s)
Checkpoint saved: 4953 frame answer item(s)
Running Molmo2 frame-answer batch 4944: 1 item(s)
Checkpoint saved: 4954 frame answer item(s)
Running Molmo2 frame-answer batch 4945: 1 item(s)
Checkpoint saved: 4955 frame answer item(s)
Running Molmo2 frame-answer batch 4946: 1 item(s)
Checkpoint saved: 4956 frame answer item(s)
Running Molmo2 frame-answer batch 4947: 1 item(s)
Checkpoint saved: 4957 frame answer item(s)
Running Molmo2 frame-answer batch 4948: 1 item(s)
Checkpoint saved: 4958 frame answer item(s)
Running Molmo2 frame-answer batch 4949: 1 item(s)
Checkpoint saved: 4959 frame answer item(s)
Running Molmo2 frame-answer batch 4950: 1 item(s)
Checkpoint saved: 4960 frame answer item(s)
Running Molmo2 frame-answer batch 4951: 1 item(s)
Checkpoint saved: 4961 frame answer item(s)
Running Molmo2 frame-answer batch 4952: 1 item(s)
Checkpoint saved: 4962 frame answer item(s)
Running Molmo2 frame-answer batch 4953: 1 item(s)
Checkpoint saved: 4963 frame answer item(s)
Running Molmo2 frame-answer batch 4954: 1 item(s)
Checkpoint saved: 4964 frame answer item(s)
Running Molmo2 frame-answer batch 4955: 1 item(s)
Checkpoint saved: 4965 frame answer item(s)
Running Molmo2 frame-answer batch 4956: 1 item(s)
Checkpoint saved: 4966 frame answer item(s)
Running Molmo2 frame-answer batch 4957: 1 item(s)
Checkpoint saved: 4967 frame answer item(s)
Running Molmo2 frame-answer batch 4958: 1 item(s)
Checkpoint saved: 4968 frame answer item(s)
Running Molmo2 frame-answer batch 4959: 1 item(s)
Checkpoint saved: 4969 frame answer item(s)
Running Molmo2 frame-answer batch 4960: 1 item(s)
Checkpoint saved: 4970 frame answer item(s)
Running Molmo2 frame-answer batch 4961: 1 item(s)
Checkpoint saved: 4971 frame answer item(s)
Running Molmo2 frame-answer batch 4962: 1 item(s)
Checkpoint saved: 4972 frame answer item(s)
Running Molmo2 frame-answer batch 4963: 1 item(s)
Checkpoint saved: 4973 frame answer item(s)
Running Molmo2 frame-answer batch 4964: 1 item(s)
Checkpoint saved: 4974 frame answer item(s)
Running Molmo2 frame-answer batch 4965: 1 item(s)
Checkpoint saved: 4975 frame answer item(s)
Running Molmo2 frame-answer batch 4966: 1 item(s)
Checkpoint saved: 4976 frame answer item(s)
Running Molmo2 frame-answer batch 4967: 1 item(s)
Checkpoint saved: 4977 frame answer item(s)
Running Molmo2 frame-answer batch 4968: 1 item(s)
Checkpoint saved: 4978 frame answer item(s)
Running Molmo2 frame-answer batch 4969: 1 item(s)
Checkpoint saved: 4979 frame answer item(s)
Running Molmo2 frame-answer batch 4970: 1 item(s)
Checkpoint saved: 4980 frame answer item(s)
Running Molmo2 frame-answer batch 4971: 1 item(s)
Checkpoint saved: 4981 frame answer item(s)
Running Molmo2 frame-answer batch 4972: 1 item(s)
Checkpoint saved: 4982 frame answer item(s)
Running Molmo2 frame-answer batch 4973: 1 item(s)
Checkpoint saved: 4983 frame answer item(s)
Running Molmo2 frame-answer batch 4974: 1 item(s)
Checkpoint saved: 4984 frame answer item(s)
Running Molmo2 frame-answer batch 4975: 1 item(s)
Checkpoint saved: 4985 frame answer item(s)
Running Molmo2 frame-answer batch 4976: 1 item(s)
Checkpoint saved: 4986 frame answer item(s)
Running Molmo2 frame-answer batch 4977: 1 item(s)
Checkpoint saved: 4987 frame answer item(s)
Running Molmo2 frame-answer batch 4978: 1 item(s)
Checkpoint saved: 4988 frame answer item(s)
Running Molmo2 frame-answer batch 4979: 1 item(s)
Checkpoint saved: 4989 frame answer item(s)
Running Molmo2 frame-answer batch 4980: 1 item(s)
Checkpoint saved: 4990 frame answer item(s)
Running Molmo2 frame-answer batch 4981: 1 item(s)
Checkpoint saved: 4991 frame answer item(s)
Running Molmo2 frame-answer batch 4982: 1 item(s)
Checkpoint saved: 4992 frame answer item(s)
Running Molmo2 frame-answer batch 4983: 1 item(s)
Checkpoint saved: 4993 frame answer item(s)
Running Molmo2 frame-answer batch 4984: 1 item(s)
Checkpoint saved: 4994 frame answer item(s)
Running Molmo2 frame-answer batch 4985: 1 item(s)
Checkpoint saved: 4995 frame answer item(s)
Running Molmo2 frame-answer batch 4986: 1 item(s)
Checkpoint saved: 4996 frame answer item(s)
Running Molmo2 frame-answer batch 4987: 1 item(s)
Checkpoint saved: 4997 frame answer item(s)
Running Molmo2 frame-answer batch 4988: 1 item(s)
Checkpoint saved: 4998 frame answer item(s)
Running Molmo2 frame-answer batch 4989: 1 item(s)
Checkpoint saved: 4999 frame answer item(s)
Running Molmo2 frame-answer batch 4990: 1 item(s)
Checkpoint saved: 5000 frame answer item(s)
Running Molmo2 frame-answer batch 4991: 1 item(s)
Checkpoint saved: 5001 frame answer item(s)
Running Molmo2 frame-answer batch 4992: 1 item(s)
Checkpoint saved: 5002 frame answer item(s)
Running Molmo2 frame-answer batch 4993: 1 item(s)
Checkpoint saved: 5003 frame answer item(s)
Running Molmo2 frame-answer batch 4994: 1 item(s)
Checkpoint saved: 5004 frame answer item(s)
Running Molmo2 frame-answer batch 4995: 1 item(s)
Checkpoint saved: 5005 frame answer item(s)
Running Molmo2 frame-answer batch 4996: 1 item(s)
Checkpoint saved: 5006 frame answer item(s)
Running Molmo2 frame-answer batch 4997: 1 item(s)
Checkpoint saved: 5007 frame answer item(s)
Running Molmo2 frame-answer batch 4998: 1 item(s)
Checkpoint saved: 5008 frame answer item(s)
Running Molmo2 frame-answer batch 4999: 1 item(s)
Checkpoint saved: 5009 frame answer item(s)
Running Molmo2 frame-answer batch 5000: 1 item(s)
Checkpoint saved: 5010 frame answer item(s)
Running Molmo2 frame-answer batch 5001: 1 item(s)
Checkpoint saved: 5011 frame answer item(s)
Running Molmo2 frame-answer batch 5002: 1 item(s)
Checkpoint saved: 5012 frame answer item(s)
Running Molmo2 frame-answer batch 5003: 1 item(s)
Checkpoint saved: 5013 frame answer item(s)
Running Molmo2 frame-answer batch 5004: 1 item(s)
Checkpoint saved: 5014 frame answer item(s)
Running Molmo2 frame-answer batch 5005: 1 item(s)
Checkpoint saved: 5015 frame answer item(s)
Running Molmo2 frame-answer batch 5006: 1 item(s)
Checkpoint saved: 5016 frame answer item(s)
Running Molmo2 frame-answer batch 5007: 1 item(s)
Checkpoint saved: 5017 frame answer item(s)
Running Molmo2 frame-answer batch 5008: 1 item(s)
Checkpoint saved: 5018 frame answer item(s)
Running Molmo2 frame-answer batch 5009: 1 item(s)
Checkpoint saved: 5019 frame answer item(s)
Running Molmo2 frame-answer batch 5010: 1 item(s)
Checkpoint saved: 5020 frame answer item(s)
Running Molmo2 frame-answer batch 5011: 1 item(s)
Checkpoint saved: 5021 frame answer item(s)
Running Molmo2 frame-answer batch 5012: 1 item(s)
Checkpoint saved: 5022 frame answer item(s)
Running Molmo2 frame-answer batch 5013: 1 item(s)
Checkpoint saved: 5023 frame answer item(s)
Running Molmo2 frame-answer batch 5014: 1 item(s)
Checkpoint saved: 5024 frame answer item(s)
Running Molmo2 frame-answer batch 5015: 1 item(s)
Checkpoint saved: 5025 frame answer item(s)
Running Molmo2 frame-answer batch 5016: 1 item(s)
Checkpoint saved: 5026 frame answer item(s)
Running Molmo2 frame-answer batch 5017: 1 item(s)
Checkpoint saved: 5027 frame answer item(s)
Running Molmo2 frame-answer batch 5018: 1 item(s)
Checkpoint saved: 5028 frame answer item(s)
Running Molmo2 frame-answer batch 5019: 1 item(s)
Checkpoint saved: 5029 frame answer item(s)
Running Molmo2 frame-answer batch 5020: 1 item(s)
Checkpoint saved: 5030 frame answer item(s)
Running Molmo2 frame-answer batch 5021: 1 item(s)
Checkpoint saved: 5031 frame answer item(s)
Running Molmo2 frame-answer batch 5022: 1 item(s)
Checkpoint saved: 5032 frame answer item(s)
Running Molmo2 frame-answer batch 5023: 1 item(s)
Checkpoint saved: 5033 frame answer item(s)
Running Molmo2 frame-answer batch 5024: 1 item(s)
Checkpoint saved: 5034 frame answer item(s)
Running Molmo2 frame-answer batch 5025: 1 item(s)
Checkpoint saved: 5035 frame answer item(s)
Running Molmo2 frame-answer batch 5026: 1 item(s)
Checkpoint saved: 5036 frame answer item(s)
Running Molmo2 frame-answer batch 5027: 1 item(s)
Checkpoint saved: 5037 frame answer item(s)
Running Molmo2 frame-answer batch 5028: 1 item(s)
Checkpoint saved: 5038 frame answer item(s)
Running Molmo2 frame-answer batch 5029: 1 item(s)
Checkpoint saved: 5039 frame answer item(s)
Running Molmo2 frame-answer batch 5030: 1 item(s)
Checkpoint saved: 5040 frame answer item(s)
Running Molmo2 frame-answer batch 5031: 1 item(s)
Checkpoint saved: 5041 frame answer item(s)
Running Molmo2 frame-answer batch 5032: 1 item(s)
Checkpoint saved: 5042 frame answer item(s)
Running Molmo2 frame-answer batch 5033: 1 item(s)
Checkpoint saved: 5043 frame answer item(s)
Running Molmo2 frame-answer batch 5034: 1 item(s)
Checkpoint saved: 5044 frame answer item(s)
Running Molmo2 frame-answer batch 5035: 1 item(s)
Checkpoint saved: 5045 frame answer item(s)
Running Molmo2 frame-answer batch 5036: 1 item(s)
Checkpoint saved: 5046 frame answer item(s)
Running Molmo2 frame-answer batch 5037: 1 item(s)
Checkpoint saved: 5047 frame answer item(s)
Running Molmo2 frame-answer batch 5038: 1 item(s)
Checkpoint saved: 5048 frame answer item(s)
Running Molmo2 frame-answer batch 5039: 1 item(s)
Checkpoint saved: 5049 frame answer item(s)
Running Molmo2 frame-answer batch 5040: 1 item(s)
Checkpoint saved: 5050 frame answer item(s)
Running Molmo2 frame-answer batch 5041: 1 item(s)
Checkpoint saved: 5051 frame answer item(s)
Running Molmo2 frame-answer batch 5042: 1 item(s)
Checkpoint saved: 5052 frame answer item(s)
Running Molmo2 frame-answer batch 5043: 1 item(s)
Checkpoint saved: 5053 frame answer item(s)
Running Molmo2 frame-answer batch 5044: 1 item(s)
Checkpoint saved: 5054 frame answer item(s)
Running Molmo2 frame-answer batch 5045: 1 item(s)
Checkpoint saved: 5055 frame answer item(s)
Running Molmo2 frame-answer batch 5046: 1 item(s)
Checkpoint saved: 5056 frame answer item(s)
Running Molmo2 frame-answer batch 5047: 1 item(s)
Checkpoint saved: 5057 frame answer item(s)
Running Molmo2 frame-answer batch 5048: 1 item(s)
Checkpoint saved: 5058 frame answer item(s)
Running Molmo2 frame-answer batch 5049: 1 item(s)
Checkpoint saved: 5059 frame answer item(s)
Running Molmo2 frame-answer batch 5050: 1 item(s)
Checkpoint saved: 5060 frame answer item(s)
Running Molmo2 frame-answer batch 5051: 1 item(s)
Checkpoint saved: 5061 frame answer item(s)
Running Molmo2 frame-answer batch 5052: 1 item(s)
Checkpoint saved: 5062 frame answer item(s)
Running Molmo2 frame-answer batch 5053: 1 item(s)
Checkpoint saved: 5063 frame answer item(s)
Running Molmo2 frame-answer batch 5054: 1 item(s)
Checkpoint saved: 5064 frame answer item(s)
Running Molmo2 frame-answer batch 5055: 1 item(s)
Checkpoint saved: 5065 frame answer item(s)
Running Molmo2 frame-answer batch 5056: 1 item(s)
Checkpoint saved: 5066 frame answer item(s)
Running Molmo2 frame-answer batch 5057: 1 item(s)
Checkpoint saved: 5067 frame answer item(s)
Running Molmo2 frame-answer batch 5058: 1 item(s)
Checkpoint saved: 5068 frame answer item(s)
Running Molmo2 frame-answer batch 5059: 1 item(s)
Checkpoint saved: 5069 frame answer item(s)
Running Molmo2 frame-answer batch 5060: 1 item(s)
Checkpoint saved: 5070 frame answer item(s)
Running Molmo2 frame-answer batch 5061: 1 item(s)
Checkpoint saved: 5071 frame answer item(s)
Running Molmo2 frame-answer batch 5062: 1 item(s)
Checkpoint saved: 5072 frame answer item(s)
Running Molmo2 frame-answer batch 5063: 1 item(s)
Checkpoint saved: 5073 frame answer item(s)
Running Molmo2 frame-answer batch 5064: 1 item(s)
Checkpoint saved: 5074 frame answer item(s)
Running Molmo2 frame-answer batch 5065: 1 item(s)
Checkpoint saved: 5075 frame answer item(s)
Running Molmo2 frame-answer batch 5066: 1 item(s)
Checkpoint saved: 5076 frame answer item(s)
Running Molmo2 frame-answer batch 5067: 1 item(s)
Checkpoint saved: 5077 frame answer item(s)
Running Molmo2 frame-answer batch 5068: 1 item(s)
Checkpoint saved: 5078 frame answer item(s)
Running Molmo2 frame-answer batch 5069: 1 item(s)
Checkpoint saved: 5079 frame answer item(s)
Running Molmo2 frame-answer batch 5070: 1 item(s)
Checkpoint saved: 5080 frame answer item(s)
Running Molmo2 frame-answer batch 5071: 1 item(s)
Checkpoint saved: 5081 frame answer item(s)
Running Molmo2 frame-answer batch 5072: 1 item(s)
Checkpoint saved: 5082 frame answer item(s)
Running Molmo2 frame-answer batch 5073: 1 item(s)
Checkpoint saved: 5083 frame answer item(s)
Running Molmo2 frame-answer batch 5074: 1 item(s)
Checkpoint saved: 5084 frame answer item(s)
Running Molmo2 frame-answer batch 5075: 1 item(s)
Checkpoint saved: 5085 frame answer item(s)
Running Molmo2 frame-answer batch 5076: 1 item(s)
Checkpoint saved: 5086 frame answer item(s)
Running Molmo2 frame-answer batch 5077: 1 item(s)
Checkpoint saved: 5087 frame answer item(s)
Running Molmo2 frame-answer batch 5078: 1 item(s)
Checkpoint saved: 5088 frame answer item(s)
Running Molmo2 frame-answer batch 5079: 1 item(s)
Checkpoint saved: 5089 frame answer item(s)
Running Molmo2 frame-answer batch 5080: 1 item(s)
Checkpoint saved: 5090 frame answer item(s)
Running Molmo2 frame-answer batch 5081: 1 item(s)
Checkpoint saved: 5091 frame answer item(s)
Running Molmo2 frame-answer batch 5082: 1 item(s)
Checkpoint saved: 5092 frame answer item(s)
Running Molmo2 frame-answer batch 5083: 1 item(s)
Checkpoint saved: 5093 frame answer item(s)
Running Molmo2 frame-answer batch 5084: 1 item(s)
Checkpoint saved: 5094 frame answer item(s)
Running Molmo2 frame-answer batch 5085: 1 item(s)
Checkpoint saved: 5095 frame answer item(s)
Running Molmo2 frame-answer batch 5086: 1 item(s)
Checkpoint saved: 5096 frame answer item(s)
Running Molmo2 frame-answer batch 5087: 1 item(s)
Checkpoint saved: 5097 frame answer item(s)
Running Molmo2 frame-answer batch 5088: 1 item(s)
Checkpoint saved: 5098 frame answer item(s)
Running Molmo2 frame-answer batch 5089: 1 item(s)
Checkpoint saved: 5099 frame answer item(s)
Running Molmo2 frame-answer batch 5090: 1 item(s)
Checkpoint saved: 5100 frame answer item(s)
Running Molmo2 frame-answer batch 5091: 1 item(s)
Checkpoint saved: 5101 frame answer item(s)
Running Molmo2 frame-answer batch 5092: 1 item(s)
Checkpoint saved: 5102 frame answer item(s)
Running Molmo2 frame-answer batch 5093: 1 item(s)
Checkpoint saved: 5103 frame answer item(s)
Running Molmo2 frame-answer batch 5094: 1 item(s)
Checkpoint saved: 5104 frame answer item(s)
Running Molmo2 frame-answer batch 5095: 1 item(s)
Checkpoint saved: 5105 frame answer item(s)
Running Molmo2 frame-answer batch 5096: 1 item(s)
Checkpoint saved: 5106 frame answer item(s)
Running Molmo2 frame-answer batch 5097: 1 item(s)
Checkpoint saved: 5107 frame answer item(s)
Running Molmo2 frame-answer batch 5098: 1 item(s)
Checkpoint saved: 5108 frame answer item(s)
Running Molmo2 frame-answer batch 5099: 1 item(s)
Checkpoint saved: 5109 frame answer item(s)
Running Molmo2 frame-answer batch 5100: 1 item(s)
Checkpoint saved: 5110 frame answer item(s)
Running Molmo2 frame-answer batch 5101: 1 item(s)
Checkpoint saved: 5111 frame answer item(s)
Running Molmo2 frame-answer batch 5102: 1 item(s)
Checkpoint saved: 5112 frame answer item(s)
Running Molmo2 frame-answer batch 5103: 1 item(s)
Checkpoint saved: 5113 frame answer item(s)
Running Molmo2 frame-answer batch 5104: 1 item(s)
Checkpoint saved: 5114 frame answer item(s)
Running Molmo2 frame-answer batch 5105: 1 item(s)
Checkpoint saved: 5115 frame answer item(s)
Running Molmo2 frame-answer batch 5106: 1 item(s)
Checkpoint saved: 5116 frame answer item(s)
Running Molmo2 frame-answer batch 5107: 1 item(s)
Checkpoint saved: 5117 frame answer item(s)
Running Molmo2 frame-answer batch 5108: 1 item(s)
Checkpoint saved: 5118 frame answer item(s)
Running Molmo2 frame-answer batch 5109: 1 item(s)
Checkpoint saved: 5119 frame answer item(s)
Running Molmo2 frame-answer batch 5110: 1 item(s)
Checkpoint saved: 5120 frame answer item(s)
Running Molmo2 frame-answer batch 5111: 1 item(s)
Checkpoint saved: 5121 frame answer item(s)
Running Molmo2 frame-answer batch 5112: 1 item(s)
Checkpoint saved: 5122 frame answer item(s)
Running Molmo2 frame-answer batch 5113: 1 item(s)
Checkpoint saved: 5123 frame answer item(s)
Running Molmo2 frame-answer batch 5114: 1 item(s)
Checkpoint saved: 5124 frame answer item(s)
Running Molmo2 frame-answer batch 5115: 1 item(s)
Checkpoint saved: 5125 frame answer item(s)
Running Molmo2 frame-answer batch 5116: 1 item(s)
Checkpoint saved: 5126 frame answer item(s)
Running Molmo2 frame-answer batch 5117: 1 item(s)
Checkpoint saved: 5127 frame answer item(s)
Running Molmo2 frame-answer batch 5118: 1 item(s)
Checkpoint saved: 5128 frame answer item(s)
Running Molmo2 frame-answer batch 5119: 1 item(s)
Checkpoint saved: 5129 frame answer item(s)
Running Molmo2 frame-answer batch 5120: 1 item(s)
Checkpoint saved: 5130 frame answer item(s)
Running Molmo2 frame-answer batch 5121: 1 item(s)
Checkpoint saved: 5131 frame answer item(s)
Running Molmo2 frame-answer batch 5122: 1 item(s)
Checkpoint saved: 5132 frame answer item(s)
Running Molmo2 frame-answer batch 5123: 1 item(s)
Checkpoint saved: 5133 frame answer item(s)
Running Molmo2 frame-answer batch 5124: 1 item(s)
Checkpoint saved: 5134 frame answer item(s)
Running Molmo2 frame-answer batch 5125: 1 item(s)
Checkpoint saved: 5135 frame answer item(s)
Running Molmo2 frame-answer batch 5126: 1 item(s)
Checkpoint saved: 5136 frame answer item(s)
Running Molmo2 frame-answer batch 5127: 1 item(s)
Checkpoint saved: 5137 frame answer item(s)
Running Molmo2 frame-answer batch 5128: 1 item(s)
Checkpoint saved: 5138 frame answer item(s)
Running Molmo2 frame-answer batch 5129: 1 item(s)
Checkpoint saved: 5139 frame answer item(s)
Running Molmo2 frame-answer batch 5130: 1 item(s)
Checkpoint saved: 5140 frame answer item(s)
Running Molmo2 frame-answer batch 5131: 1 item(s)
Checkpoint saved: 5141 frame answer item(s)
Running Molmo2 frame-answer batch 5132: 1 item(s)
Checkpoint saved: 5142 frame answer item(s)
Running Molmo2 frame-answer batch 5133: 1 item(s)
Checkpoint saved: 5143 frame answer item(s)
Running Molmo2 frame-answer batch 5134: 1 item(s)
Checkpoint saved: 5144 frame answer item(s)
Running Molmo2 frame-answer batch 5135: 1 item(s)
Checkpoint saved: 5145 frame answer item(s)
Running Molmo2 frame-answer batch 5136: 1 item(s)
Checkpoint saved: 5146 frame answer item(s)
Running Molmo2 frame-answer batch 5137: 1 item(s)
Checkpoint saved: 5147 frame answer item(s)
Running Molmo2 frame-answer batch 5138: 1 item(s)
Checkpoint saved: 5148 frame answer item(s)
Running Molmo2 frame-answer batch 5139: 1 item(s)
Checkpoint saved: 5149 frame answer item(s)
Running Molmo2 frame-answer batch 5140: 1 item(s)
Checkpoint saved: 5150 frame answer item(s)
Running Molmo2 frame-answer batch 5141: 1 item(s)
Checkpoint saved: 5151 frame answer item(s)
Running Molmo2 frame-answer batch 5142: 1 item(s)
Checkpoint saved: 5152 frame answer item(s)
Running Molmo2 frame-answer batch 5143: 1 item(s)
Checkpoint saved: 5153 frame answer item(s)
Running Molmo2 frame-answer batch 5144: 1 item(s)
Checkpoint saved: 5154 frame answer item(s)
Running Molmo2 frame-answer batch 5145: 1 item(s)
Checkpoint saved: 5155 frame answer item(s)
Running Molmo2 frame-answer batch 5146: 1 item(s)
Checkpoint saved: 5156 frame answer item(s)
Running Molmo2 frame-answer batch 5147: 1 item(s)
Checkpoint saved: 5157 frame answer item(s)
Running Molmo2 frame-answer batch 5148: 1 item(s)
Checkpoint saved: 5158 frame answer item(s)
Running Molmo2 frame-answer batch 5149: 1 item(s)
Checkpoint saved: 5159 frame answer item(s)
Running Molmo2 frame-answer batch 5150: 1 item(s)
Checkpoint saved: 5160 frame answer item(s)
Running Molmo2 frame-answer batch 5151: 1 item(s)
Checkpoint saved: 5161 frame answer item(s)
Running Molmo2 frame-answer batch 5152: 1 item(s)
Checkpoint saved: 5162 frame answer item(s)
Running Molmo2 frame-answer batch 5153: 1 item(s)
Checkpoint saved: 5163 frame answer item(s)
Running Molmo2 frame-answer batch 5154: 1 item(s)
Checkpoint saved: 5164 frame answer item(s)
Running Molmo2 frame-answer batch 5155: 1 item(s)
Checkpoint saved: 5165 frame answer item(s)
Running Molmo2 frame-answer batch 5156: 1 item(s)
Checkpoint saved: 5166 frame answer item(s)
Running Molmo2 frame-answer batch 5157: 1 item(s)
Checkpoint saved: 5167 frame answer item(s)
Running Molmo2 frame-answer batch 5158: 1 item(s)
Checkpoint saved: 5168 frame answer item(s)
Running Molmo2 frame-answer batch 5159: 1 item(s)
Checkpoint saved: 5169 frame answer item(s)
Running Molmo2 frame-answer batch 5160: 1 item(s)
Checkpoint saved: 5170 frame answer item(s)
Running Molmo2 frame-answer batch 5161: 1 item(s)
Checkpoint saved: 5171 frame answer item(s)
Running Molmo2 frame-answer batch 5162: 1 item(s)
Checkpoint saved: 5172 frame answer item(s)
Running Molmo2 frame-answer batch 5163: 1 item(s)
Checkpoint saved: 5173 frame answer item(s)
Running Molmo2 frame-answer batch 5164: 1 item(s)
Checkpoint saved: 5174 frame answer item(s)
Running Molmo2 frame-answer batch 5165: 1 item(s)
Checkpoint saved: 5175 frame answer item(s)
Running Molmo2 frame-answer batch 5166: 1 item(s)
Checkpoint saved: 5176 frame answer item(s)
Running Molmo2 frame-answer batch 5167: 1 item(s)
Checkpoint saved: 5177 frame answer item(s)
Running Molmo2 frame-answer batch 5168: 1 item(s)
Checkpoint saved: 5178 frame answer item(s)
Running Molmo2 frame-answer batch 5169: 1 item(s)
Checkpoint saved: 5179 frame answer item(s)
Running Molmo2 frame-answer batch 5170: 1 item(s)
Checkpoint saved: 5180 frame answer item(s)
Running Molmo2 frame-answer batch 5171: 1 item(s)
Checkpoint saved: 5181 frame answer item(s)
Running Molmo2 frame-answer batch 5172: 1 item(s)
Checkpoint saved: 5182 frame answer item(s)
Running Molmo2 frame-answer batch 5173: 1 item(s)
Checkpoint saved: 5183 frame answer item(s)
Running Molmo2 frame-answer batch 5174: 1 item(s)
Checkpoint saved: 5184 frame answer item(s)
Running Molmo2 frame-answer batch 5175: 1 item(s)
Checkpoint saved: 5185 frame answer item(s)
Running Molmo2 frame-answer batch 5176: 1 item(s)
Checkpoint saved: 5186 frame answer item(s)
Running Molmo2 frame-answer batch 5177: 1 item(s)
Checkpoint saved: 5187 frame answer item(s)
Running Molmo2 frame-answer batch 5178: 1 item(s)
Checkpoint saved: 5188 frame answer item(s)
Running Molmo2 frame-answer batch 5179: 1 item(s)
Checkpoint saved: 5189 frame answer item(s)
Running Molmo2 frame-answer batch 5180: 1 item(s)
Checkpoint saved: 5190 frame answer item(s)
Running Molmo2 frame-answer batch 5181: 1 item(s)
Checkpoint saved: 5191 frame answer item(s)
Running Molmo2 frame-answer batch 5182: 1 item(s)
Checkpoint saved: 5192 frame answer item(s)
Running Molmo2 frame-answer batch 5183: 1 item(s)
Checkpoint saved: 5193 frame answer item(s)
Running Molmo2 frame-answer batch 5184: 1 item(s)
Checkpoint saved: 5194 frame answer item(s)
Running Molmo2 frame-answer batch 5185: 1 item(s)
Checkpoint saved: 5195 frame answer item(s)
Running Molmo2 frame-answer batch 5186: 1 item(s)
Checkpoint saved: 5196 frame answer item(s)
Running Molmo2 frame-answer batch 5187: 1 item(s)
Checkpoint saved: 5197 frame answer item(s)
Running Molmo2 frame-answer batch 5188: 1 item(s)
Checkpoint saved: 5198 frame answer item(s)
Running Molmo2 frame-answer batch 5189: 1 item(s)
Checkpoint saved: 5199 frame answer item(s)
Running Molmo2 frame-answer batch 5190: 1 item(s)
Checkpoint saved: 5200 frame answer item(s)
Running Molmo2 frame-answer batch 5191: 1 item(s)
Checkpoint saved: 5201 frame answer item(s)
Running Molmo2 frame-answer batch 5192: 1 item(s)
Checkpoint saved: 5202 frame answer item(s)
Running Molmo2 frame-answer batch 5193: 1 item(s)
Checkpoint saved: 5203 frame answer item(s)
Running Molmo2 frame-answer batch 5194: 1 item(s)
Checkpoint saved: 5204 frame answer item(s)
Running Molmo2 frame-answer batch 5195: 1 item(s)
Checkpoint saved: 5205 frame answer item(s)
Running Molmo2 frame-answer batch 5196: 1 item(s)
Checkpoint saved: 5206 frame answer item(s)
Running Molmo2 frame-answer batch 5197: 1 item(s)
Checkpoint saved: 5207 frame answer item(s)
Running Molmo2 frame-answer batch 5198: 1 item(s)
Checkpoint saved: 5208 frame answer item(s)
Running Molmo2 frame-answer batch 5199: 1 item(s)
Checkpoint saved: 5209 frame answer item(s)
Running Molmo2 frame-answer batch 5200: 1 item(s)
Checkpoint saved: 5210 frame answer item(s)
Running Molmo2 frame-answer batch 5201: 1 item(s)
Checkpoint saved: 5211 frame answer item(s)
Running Molmo2 frame-answer batch 5202: 1 item(s)
Checkpoint saved: 5212 frame answer item(s)
Running Molmo2 frame-answer batch 5203: 1 item(s)
Checkpoint saved: 5213 frame answer item(s)
Running Molmo2 frame-answer batch 5204: 1 item(s)
Checkpoint saved: 5214 frame answer item(s)
Running Molmo2 frame-answer batch 5205: 1 item(s)
Checkpoint saved: 5215 frame answer item(s)
Running Molmo2 frame-answer batch 5206: 1 item(s)
Checkpoint saved: 5216 frame answer item(s)
Running Molmo2 frame-answer batch 5207: 1 item(s)
Checkpoint saved: 5217 frame answer item(s)
Running Molmo2 frame-answer batch 5208: 1 item(s)
Checkpoint saved: 5218 frame answer item(s)
Running Molmo2 frame-answer batch 5209: 1 item(s)
Checkpoint saved: 5219 frame answer item(s)
Running Molmo2 frame-answer batch 5210: 1 item(s)
Checkpoint saved: 5220 frame answer item(s)
Running Molmo2 frame-answer batch 5211: 1 item(s)
Checkpoint saved: 5221 frame answer item(s)
Running Molmo2 frame-answer batch 5212: 1 item(s)
Checkpoint saved: 5222 frame answer item(s)
Running Molmo2 frame-answer batch 5213: 1 item(s)
Checkpoint saved: 5223 frame answer item(s)
Running Molmo2 frame-answer batch 5214: 1 item(s)
Checkpoint saved: 5224 frame answer item(s)
Running Molmo2 frame-answer batch 5215: 1 item(s)
Checkpoint saved: 5225 frame answer item(s)
Running Molmo2 frame-answer batch 5216: 1 item(s)
Checkpoint saved: 5226 frame answer item(s)
Running Molmo2 frame-answer batch 5217: 1 item(s)
Checkpoint saved: 5227 frame answer item(s)
Running Molmo2 frame-answer batch 5218: 1 item(s)
Checkpoint saved: 5228 frame answer item(s)
Running Molmo2 frame-answer batch 5219: 1 item(s)
Checkpoint saved: 5229 frame answer item(s)
Running Molmo2 frame-answer batch 5220: 1 item(s)
Checkpoint saved: 5230 frame answer item(s)
Running Molmo2 frame-answer batch 5221: 1 item(s)
Checkpoint saved: 5231 frame answer item(s)
Running Molmo2 frame-answer batch 5222: 1 item(s)
Checkpoint saved: 5232 frame answer item(s)
Running Molmo2 frame-answer batch 5223: 1 item(s)
Checkpoint saved: 5233 frame answer item(s)
Running Molmo2 frame-answer batch 5224: 1 item(s)
Checkpoint saved: 5234 frame answer item(s)
Running Molmo2 frame-answer batch 5225: 1 item(s)
Checkpoint saved: 5235 frame answer item(s)
Running Molmo2 frame-answer batch 5226: 1 item(s)
Checkpoint saved: 5236 frame answer item(s)
Running Molmo2 frame-answer batch 5227: 1 item(s)
Checkpoint saved: 5237 frame answer item(s)
Running Molmo2 frame-answer batch 5228: 1 item(s)
Checkpoint saved: 5238 frame answer item(s)
Running Molmo2 frame-answer batch 5229: 1 item(s)
Checkpoint saved: 5239 frame answer item(s)
Running Molmo2 frame-answer batch 5230: 1 item(s)
Checkpoint saved: 5240 frame answer item(s)
Running Molmo2 frame-answer batch 5231: 1 item(s)
Checkpoint saved: 5241 frame answer item(s)
Running Molmo2 frame-answer batch 5232: 1 item(s)
Checkpoint saved: 5242 frame answer item(s)
Running Molmo2 frame-answer batch 5233: 1 item(s)
Checkpoint saved: 5243 frame answer item(s)
Running Molmo2 frame-answer batch 5234: 1 item(s)
Checkpoint saved: 5244 frame answer item(s)
Running Molmo2 frame-answer batch 5235: 1 item(s)
Checkpoint saved: 5245 frame answer item(s)
Running Molmo2 frame-answer batch 5236: 1 item(s)
Checkpoint saved: 5246 frame answer item(s)
Running Molmo2 frame-answer batch 5237: 1 item(s)
Checkpoint saved: 5247 frame answer item(s)
Running Molmo2 frame-answer batch 5238: 1 item(s)
Checkpoint saved: 5248 frame answer item(s)
Running Molmo2 frame-answer batch 5239: 1 item(s)
Checkpoint saved: 5249 frame answer item(s)
Running Molmo2 frame-answer batch 5240: 1 item(s)
Checkpoint saved: 5250 frame answer item(s)
Running Molmo2 frame-answer batch 5241: 1 item(s)
Checkpoint saved: 5251 frame answer item(s)
Running Molmo2 frame-answer batch 5242: 1 item(s)
Checkpoint saved: 5252 frame answer item(s)
Running Molmo2 frame-answer batch 5243: 1 item(s)
Checkpoint saved: 5253 frame answer item(s)
Running Molmo2 frame-answer batch 5244: 1 item(s)
Checkpoint saved: 5254 frame answer item(s)
Running Molmo2 frame-answer batch 5245: 1 item(s)
Checkpoint saved: 5255 frame answer item(s)
Running Molmo2 frame-answer batch 5246: 1 item(s)
Checkpoint saved: 5256 frame answer item(s)
Running Molmo2 frame-answer batch 5247: 1 item(s)
Checkpoint saved: 5257 frame answer item(s)
Running Molmo2 frame-answer batch 5248: 1 item(s)
Checkpoint saved: 5258 frame answer item(s)
Running Molmo2 frame-answer batch 5249: 1 item(s)
Checkpoint saved: 5259 frame answer item(s)
Running Molmo2 frame-answer batch 5250: 1 item(s)
Checkpoint saved: 5260 frame answer item(s)
Running Molmo2 frame-answer batch 5251: 1 item(s)
Checkpoint saved: 5261 frame answer item(s)
Running Molmo2 frame-answer batch 5252: 1 item(s)
Checkpoint saved: 5262 frame answer item(s)
Running Molmo2 frame-answer batch 5253: 1 item(s)
Checkpoint saved: 5263 frame answer item(s)
Running Molmo2 frame-answer batch 5254: 1 item(s)
Checkpoint saved: 5264 frame answer item(s)
Running Molmo2 frame-answer batch 5255: 1 item(s)
Checkpoint saved: 5265 frame answer item(s)
Running Molmo2 frame-answer batch 5256: 1 item(s)
Checkpoint saved: 5266 frame answer item(s)
Running Molmo2 frame-answer batch 5257: 1 item(s)
Checkpoint saved: 5267 frame answer item(s)
Running Molmo2 frame-answer batch 5258: 1 item(s)
Checkpoint saved: 5268 frame answer item(s)
Running Molmo2 frame-answer batch 5259: 1 item(s)
Checkpoint saved: 5269 frame answer item(s)
Running Molmo2 frame-answer batch 5260: 1 item(s)
Checkpoint saved: 5270 frame answer item(s)
Running Molmo2 frame-answer batch 5261: 1 item(s)
Checkpoint saved: 5271 frame answer item(s)
Running Molmo2 frame-answer batch 5262: 1 item(s)
Checkpoint saved: 5272 frame answer item(s)
Running Molmo2 frame-answer batch 5263: 1 item(s)
Checkpoint saved: 5273 frame answer item(s)
Running Molmo2 frame-answer batch 5264: 1 item(s)
Checkpoint saved: 5274 frame answer item(s)
Running Molmo2 frame-answer batch 5265: 1 item(s)
Checkpoint saved: 5275 frame answer item(s)
Running Molmo2 frame-answer batch 5266: 1 item(s)
Checkpoint saved: 5276 frame answer item(s)
Running Molmo2 frame-answer batch 5267: 1 item(s)
Checkpoint saved: 5277 frame answer item(s)
Running Molmo2 frame-answer batch 5268: 1 item(s)
Checkpoint saved: 5278 frame answer item(s)
Running Molmo2 frame-answer batch 5269: 1 item(s)
Checkpoint saved: 5279 frame answer item(s)
Running Molmo2 frame-answer batch 5270: 1 item(s)
Checkpoint saved: 5280 frame answer item(s)
Running Molmo2 frame-answer batch 5271: 1 item(s)
Checkpoint saved: 5281 frame answer item(s)
Running Molmo2 frame-answer batch 5272: 1 item(s)
Checkpoint saved: 5282 frame answer item(s)
Running Molmo2 frame-answer batch 5273: 1 item(s)
Checkpoint saved: 5283 frame answer item(s)
Running Molmo2 frame-answer batch 5274: 1 item(s)
Checkpoint saved: 5284 frame answer item(s)
Running Molmo2 frame-answer batch 5275: 1 item(s)
Checkpoint saved: 5285 frame answer item(s)
Running Molmo2 frame-answer batch 5276: 1 item(s)
Checkpoint saved: 5286 frame answer item(s)
Running Molmo2 frame-answer batch 5277: 1 item(s)
Checkpoint saved: 5287 frame answer item(s)
Running Molmo2 frame-answer batch 5278: 1 item(s)
Checkpoint saved: 5288 frame answer item(s)
Running Molmo2 frame-answer batch 5279: 1 item(s)
Checkpoint saved: 5289 frame answer item(s)
Running Molmo2 frame-answer batch 5280: 1 item(s)
Checkpoint saved: 5290 frame answer item(s)
Running Molmo2 frame-answer batch 5281: 1 item(s)
Checkpoint saved: 5291 frame answer item(s)
Running Molmo2 frame-answer batch 5282: 1 item(s)
Checkpoint saved: 5292 frame answer item(s)
Running Molmo2 frame-answer batch 5283: 1 item(s)
Checkpoint saved: 5293 frame answer item(s)
Running Molmo2 frame-answer batch 5284: 1 item(s)
Checkpoint saved: 5294 frame answer item(s)
Running Molmo2 frame-answer batch 5285: 1 item(s)
Checkpoint saved: 5295 frame answer item(s)
Running Molmo2 frame-answer batch 5286: 1 item(s)
Checkpoint saved: 5296 frame answer item(s)
Running Molmo2 frame-answer batch 5287: 1 item(s)
Checkpoint saved: 5297 frame answer item(s)
Running Molmo2 frame-answer batch 5288: 1 item(s)
Checkpoint saved: 5298 frame answer item(s)
Running Molmo2 frame-answer batch 5289: 1 item(s)
Checkpoint saved: 5299 frame answer item(s)
Running Molmo2 frame-answer batch 5290: 1 item(s)
Checkpoint saved: 5300 frame answer item(s)
Running Molmo2 frame-answer batch 5291: 1 item(s)
Checkpoint saved: 5301 frame answer item(s)
Running Molmo2 frame-answer batch 5292: 1 item(s)
Checkpoint saved: 5302 frame answer item(s)
Running Molmo2 frame-answer batch 5293: 1 item(s)
Checkpoint saved: 5303 frame answer item(s)
Running Molmo2 frame-answer batch 5294: 1 item(s)
Checkpoint saved: 5304 frame answer item(s)
Running Molmo2 frame-answer batch 5295: 1 item(s)
Checkpoint saved: 5305 frame answer item(s)
Running Molmo2 frame-answer batch 5296: 1 item(s)
Checkpoint saved: 5306 frame answer item(s)
Running Molmo2 frame-answer batch 5297: 1 item(s)
Checkpoint saved: 5307 frame answer item(s)
Running Molmo2 frame-answer batch 5298: 1 item(s)
Checkpoint saved: 5308 frame answer item(s)
Running Molmo2 frame-answer batch 5299: 1 item(s)
Checkpoint saved: 5309 frame answer item(s)
Running Molmo2 frame-answer batch 5300: 1 item(s)
Checkpoint saved: 5310 frame answer item(s)
Running Molmo2 frame-answer batch 5301: 1 item(s)
Checkpoint saved: 5311 frame answer item(s)
Running Molmo2 frame-answer batch 5302: 1 item(s)
Checkpoint saved: 5312 frame answer item(s)
Running Molmo2 frame-answer batch 5303: 1 item(s)
Checkpoint saved: 5313 frame answer item(s)
Running Molmo2 frame-answer batch 5304: 1 item(s)
Checkpoint saved: 5314 frame answer item(s)
Running Molmo2 frame-answer batch 5305: 1 item(s)
Checkpoint saved: 5315 frame answer item(s)
Running Molmo2 frame-answer batch 5306: 1 item(s)
Checkpoint saved: 5316 frame answer item(s)
Running Molmo2 frame-answer batch 5307: 1 item(s)
Checkpoint saved: 5317 frame answer item(s)
Running Molmo2 frame-answer batch 5308: 1 item(s)
Checkpoint saved: 5318 frame answer item(s)
Running Molmo2 frame-answer batch 5309: 1 item(s)
Checkpoint saved: 5319 frame answer item(s)
Running Molmo2 frame-answer batch 5310: 1 item(s)
Checkpoint saved: 5320 frame answer item(s)
Running Molmo2 frame-answer batch 5311: 1 item(s)
Checkpoint saved: 5321 frame answer item(s)
Running Molmo2 frame-answer batch 5312: 1 item(s)
Checkpoint saved: 5322 frame answer item(s)
Running Molmo2 frame-answer batch 5313: 1 item(s)
Checkpoint saved: 5323 frame answer item(s)
Running Molmo2 frame-answer batch 5314: 1 item(s)
Checkpoint saved: 5324 frame answer item(s)
Running Molmo2 frame-answer batch 5315: 1 item(s)
Checkpoint saved: 5325 frame answer item(s)
Running Molmo2 frame-answer batch 5316: 1 item(s)
Checkpoint saved: 5326 frame answer item(s)
Running Molmo2 frame-answer batch 5317: 1 item(s)
Checkpoint saved: 5327 frame answer item(s)
Running Molmo2 frame-answer batch 5318: 1 item(s)
Checkpoint saved: 5328 frame answer item(s)
Running Molmo2 frame-answer batch 5319: 1 item(s)
Checkpoint saved: 5329 frame answer item(s)
Running Molmo2 frame-answer batch 5320: 1 item(s)
Checkpoint saved: 5330 frame answer item(s)
Running Molmo2 frame-answer batch 5321: 1 item(s)
Checkpoint saved: 5331 frame answer item(s)
Running Molmo2 frame-answer batch 5322: 1 item(s)
Checkpoint saved: 5332 frame answer item(s)
Running Molmo2 frame-answer batch 5323: 1 item(s)
Checkpoint saved: 5333 frame answer item(s)
Running Molmo2 frame-answer batch 5324: 1 item(s)
Checkpoint saved: 5334 frame answer item(s)
Running Molmo2 frame-answer batch 5325: 1 item(s)
Checkpoint saved: 5335 frame answer item(s)
Running Molmo2 frame-answer batch 5326: 1 item(s)
Checkpoint saved: 5336 frame answer item(s)
Running Molmo2 frame-answer batch 5327: 1 item(s)
Checkpoint saved: 5337 frame answer item(s)
Running Molmo2 frame-answer batch 5328: 1 item(s)
Checkpoint saved: 5338 frame answer item(s)
Running Molmo2 frame-answer batch 5329: 1 item(s)
Checkpoint saved: 5339 frame answer item(s)
Running Molmo2 frame-answer batch 5330: 1 item(s)
Checkpoint saved: 5340 frame answer item(s)
Running Molmo2 frame-answer batch 5331: 1 item(s)
Checkpoint saved: 5341 frame answer item(s)
Running Molmo2 frame-answer batch 5332: 1 item(s)
Checkpoint saved: 5342 frame answer item(s)
Running Molmo2 frame-answer batch 5333: 1 item(s)
Checkpoint saved: 5343 frame answer item(s)
Running Molmo2 frame-answer batch 5334: 1 item(s)
Checkpoint saved: 5344 frame answer item(s)
Running Molmo2 frame-answer batch 5335: 1 item(s)
Checkpoint saved: 5345 frame answer item(s)
Running Molmo2 frame-answer batch 5336: 1 item(s)
Checkpoint saved: 5346 frame answer item(s)
Running Molmo2 frame-answer batch 5337: 1 item(s)
Checkpoint saved: 5347 frame answer item(s)
Running Molmo2 frame-answer batch 5338: 1 item(s)
Checkpoint saved: 5348 frame answer item(s)
Running Molmo2 frame-answer batch 5339: 1 item(s)
Checkpoint saved: 5349 frame answer item(s)
Running Molmo2 frame-answer batch 5340: 1 item(s)
Checkpoint saved: 5350 frame answer item(s)
Running Molmo2 frame-answer batch 5341: 1 item(s)
Checkpoint saved: 5351 frame answer item(s)
Running Molmo2 frame-answer batch 5342: 1 item(s)
Checkpoint saved: 5352 frame answer item(s)
Running Molmo2 frame-answer batch 5343: 1 item(s)
Checkpoint saved: 5353 frame answer item(s)
Running Molmo2 frame-answer batch 5344: 1 item(s)
Checkpoint saved: 5354 frame answer item(s)
Running Molmo2 frame-answer batch 5345: 1 item(s)
Checkpoint saved: 5355 frame answer item(s)
Running Molmo2 frame-answer batch 5346: 1 item(s)
Checkpoint saved: 5356 frame answer item(s)
Running Molmo2 frame-answer batch 5347: 1 item(s)
Checkpoint saved: 5357 frame answer item(s)
Running Molmo2 frame-answer batch 5348: 1 item(s)
Checkpoint saved: 5358 frame answer item(s)
Running Molmo2 frame-answer batch 5349: 1 item(s)
Checkpoint saved: 5359 frame answer item(s)
Running Molmo2 frame-answer batch 5350: 1 item(s)
Checkpoint saved: 5360 frame answer item(s)
Running Molmo2 frame-answer batch 5351: 1 item(s)
Checkpoint saved: 5361 frame answer item(s)
Running Molmo2 frame-answer batch 5352: 1 item(s)
Checkpoint saved: 5362 frame answer item(s)
Running Molmo2 frame-answer batch 5353: 1 item(s)
Checkpoint saved: 5363 frame answer item(s)
Running Molmo2 frame-answer batch 5354: 1 item(s)
Checkpoint saved: 5364 frame answer item(s)
Running Molmo2 frame-answer batch 5355: 1 item(s)
Checkpoint saved: 5365 frame answer item(s)
Running Molmo2 frame-answer batch 5356: 1 item(s)
Checkpoint saved: 5366 frame answer item(s)
Running Molmo2 frame-answer batch 5357: 1 item(s)
Checkpoint saved: 5367 frame answer item(s)
Running Molmo2 frame-answer batch 5358: 1 item(s)
Checkpoint saved: 5368 frame answer item(s)
Running Molmo2 frame-answer batch 5359: 1 item(s)
Checkpoint saved: 5369 frame answer item(s)
Running Molmo2 frame-answer batch 5360: 1 item(s)
Checkpoint saved: 5370 frame answer item(s)
Running Molmo2 frame-answer batch 5361: 1 item(s)
Checkpoint saved: 5371 frame answer item(s)
Running Molmo2 frame-answer batch 5362: 1 item(s)
Checkpoint saved: 5372 frame answer item(s)
Running Molmo2 frame-answer batch 5363: 1 item(s)
Checkpoint saved: 5373 frame answer item(s)
Running Molmo2 frame-answer batch 5364: 1 item(s)
Checkpoint saved: 5374 frame answer item(s)
Running Molmo2 frame-answer batch 5365: 1 item(s)
Checkpoint saved: 5375 frame answer item(s)
Running Molmo2 frame-answer batch 5366: 1 item(s)
Checkpoint saved: 5376 frame answer item(s)
Running Molmo2 frame-answer batch 5367: 1 item(s)
Checkpoint saved: 5377 frame answer item(s)
Running Molmo2 frame-answer batch 5368: 1 item(s)
Checkpoint saved: 5378 frame answer item(s)
Running Molmo2 frame-answer batch 5369: 1 item(s)
Checkpoint saved: 5379 frame answer item(s)
Running Molmo2 frame-answer batch 5370: 1 item(s)
Checkpoint saved: 5380 frame answer item(s)
Running Molmo2 frame-answer batch 5371: 1 item(s)
Checkpoint saved: 5381 frame answer item(s)
Running Molmo2 frame-answer batch 5372: 1 item(s)
Checkpoint saved: 5382 frame answer item(s)
Running Molmo2 frame-answer batch 5373: 1 item(s)
Checkpoint saved: 5383 frame answer item(s)
Running Molmo2 frame-answer batch 5374: 1 item(s)
Checkpoint saved: 5384 frame answer item(s)
Running Molmo2 frame-answer batch 5375: 1 item(s)
Checkpoint saved: 5385 frame answer item(s)
Running Molmo2 frame-answer batch 5376: 1 item(s)
Checkpoint saved: 5386 frame answer item(s)
Running Molmo2 frame-answer batch 5377: 1 item(s)
Checkpoint saved: 5387 frame answer item(s)
Running Molmo2 frame-answer batch 5378: 1 item(s)
Checkpoint saved: 5388 frame answer item(s)
Running Molmo2 frame-answer batch 5379: 1 item(s)
Checkpoint saved: 5389 frame answer item(s)
Running Molmo2 frame-answer batch 5380: 1 item(s)
Checkpoint saved: 5390 frame answer item(s)
Running Molmo2 frame-answer batch 5381: 1 item(s)
Checkpoint saved: 5391 frame answer item(s)
Running Molmo2 frame-answer batch 5382: 1 item(s)
Checkpoint saved: 5392 frame answer item(s)
Running Molmo2 frame-answer batch 5383: 1 item(s)
Checkpoint saved: 5393 frame answer item(s)
Running Molmo2 frame-answer batch 5384: 1 item(s)
Checkpoint saved: 5394 frame answer item(s)
Running Molmo2 frame-answer batch 5385: 1 item(s)
Checkpoint saved: 5395 frame answer item(s)
Running Molmo2 frame-answer batch 5386: 1 item(s)
Checkpoint saved: 5396 frame answer item(s)
Running Molmo2 frame-answer batch 5387: 1 item(s)
Checkpoint saved: 5397 frame answer item(s)
Running Molmo2 frame-answer batch 5388: 1 item(s)
Checkpoint saved: 5398 frame answer item(s)
Running Molmo2 frame-answer batch 5389: 1 item(s)
Checkpoint saved: 5399 frame answer item(s)
Running Molmo2 frame-answer batch 5390: 1 item(s)
Checkpoint saved: 5400 frame answer item(s)
Running Molmo2 frame-answer batch 5391: 1 item(s)
Checkpoint saved: 5401 frame answer item(s)
Running Molmo2 frame-answer batch 5392: 1 item(s)
Checkpoint saved: 5402 frame answer item(s)
Running Molmo2 frame-answer batch 5393: 1 item(s)
Checkpoint saved: 5403 frame answer item(s)
Running Molmo2 frame-answer batch 5394: 1 item(s)
Checkpoint saved: 5404 frame answer item(s)
Running Molmo2 frame-answer batch 5395: 1 item(s)
Checkpoint saved: 5405 frame answer item(s)
Running Molmo2 frame-answer batch 5396: 1 item(s)
Checkpoint saved: 5406 frame answer item(s)
Running Molmo2 frame-answer batch 5397: 1 item(s)
Checkpoint saved: 5407 frame answer item(s)
Running Molmo2 frame-answer batch 5398: 1 item(s)
Checkpoint saved: 5408 frame answer item(s)
Running Molmo2 frame-answer batch 5399: 1 item(s)
Checkpoint saved: 5409 frame answer item(s)
Running Molmo2 frame-answer batch 5400: 1 item(s)
Checkpoint saved: 5410 frame answer item(s)
Running Molmo2 frame-answer batch 5401: 1 item(s)
Checkpoint saved: 5411 frame answer item(s)
Running Molmo2 frame-answer batch 5402: 1 item(s)
Checkpoint saved: 5412 frame answer item(s)
Running Molmo2 frame-answer batch 5403: 1 item(s)
Checkpoint saved: 5413 frame answer item(s)
Running Molmo2 frame-answer batch 5404: 1 item(s)
Checkpoint saved: 5414 frame answer item(s)
Running Molmo2 frame-answer batch 5405: 1 item(s)
Checkpoint saved: 5415 frame answer item(s)
Running Molmo2 frame-answer batch 5406: 1 item(s)
Checkpoint saved: 5416 frame answer item(s)
Running Molmo2 frame-answer batch 5407: 1 item(s)
Checkpoint saved: 5417 frame answer item(s)
Running Molmo2 frame-answer batch 5408: 1 item(s)
Checkpoint saved: 5418 frame answer item(s)
Running Molmo2 frame-answer batch 5409: 1 item(s)
Checkpoint saved: 5419 frame answer item(s)
Running Molmo2 frame-answer batch 5410: 1 item(s)
Checkpoint saved: 5420 frame answer item(s)
Running Molmo2 frame-answer batch 5411: 1 item(s)
Checkpoint saved: 5421 frame answer item(s)
Running Molmo2 frame-answer batch 5412: 1 item(s)
Checkpoint saved: 5422 frame answer item(s)
Running Molmo2 frame-answer batch 5413: 1 item(s)
Checkpoint saved: 5423 frame answer item(s)
Running Molmo2 frame-answer batch 5414: 1 item(s)
Checkpoint saved: 5424 frame answer item(s)
Running Molmo2 frame-answer batch 5415: 1 item(s)
Checkpoint saved: 5425 frame answer item(s)
Running Molmo2 frame-answer batch 5416: 1 item(s)
Checkpoint saved: 5426 frame answer item(s)
Running Molmo2 frame-answer batch 5417: 1 item(s)
Checkpoint saved: 5427 frame answer item(s)
Running Molmo2 frame-answer batch 5418: 1 item(s)
Checkpoint saved: 5428 frame answer item(s)
Running Molmo2 frame-answer batch 5419: 1 item(s)
Checkpoint saved: 5429 frame answer item(s)
Running Molmo2 frame-answer batch 5420: 1 item(s)
Checkpoint saved: 5430 frame answer item(s)
Running Molmo2 frame-answer batch 5421: 1 item(s)
Checkpoint saved: 5431 frame answer item(s)
Running Molmo2 frame-answer batch 5422: 1 item(s)
Checkpoint saved: 5432 frame answer item(s)
Running Molmo2 frame-answer batch 5423: 1 item(s)
Checkpoint saved: 5433 frame answer item(s)
Running Molmo2 frame-answer batch 5424: 1 item(s)
Checkpoint saved: 5434 frame answer item(s)
Running Molmo2 frame-answer batch 5425: 1 item(s)
Checkpoint saved: 5435 frame answer item(s)
Running Molmo2 frame-answer batch 5426: 1 item(s)
Checkpoint saved: 5436 frame answer item(s)
Running Molmo2 frame-answer batch 5427: 1 item(s)
Checkpoint saved: 5437 frame answer item(s)
Running Molmo2 frame-answer batch 5428: 1 item(s)
Checkpoint saved: 5438 frame answer item(s)
Running Molmo2 frame-answer batch 5429: 1 item(s)
Checkpoint saved: 5439 frame answer item(s)
Running Molmo2 frame-answer batch 5430: 1 item(s)
Checkpoint saved: 5440 frame answer item(s)
Running Molmo2 frame-answer batch 5431: 1 item(s)
Checkpoint saved: 5441 frame answer item(s)
Running Molmo2 frame-answer batch 5432: 1 item(s)
Checkpoint saved: 5442 frame answer item(s)
Running Molmo2 frame-answer batch 5433: 1 item(s)
Checkpoint saved: 5443 frame answer item(s)
Running Molmo2 frame-answer batch 5434: 1 item(s)
Checkpoint saved: 5444 frame answer item(s)
Running Molmo2 frame-answer batch 5435: 1 item(s)
Checkpoint saved: 5445 frame answer item(s)
Running Molmo2 frame-answer batch 5436: 1 item(s)
Checkpoint saved: 5446 frame answer item(s)
Running Molmo2 frame-answer batch 5437: 1 item(s)
Checkpoint saved: 5447 frame answer item(s)
Running Molmo2 frame-answer batch 5438: 1 item(s)
Checkpoint saved: 5448 frame answer item(s)
Running Molmo2 frame-answer batch 5439: 1 item(s)
Checkpoint saved: 5449 frame answer item(s)
Running Molmo2 frame-answer batch 5440: 1 item(s)
Checkpoint saved: 5450 frame answer item(s)
Running Molmo2 frame-answer batch 5441: 1 item(s)
Checkpoint saved: 5451 frame answer item(s)
Running Molmo2 frame-answer batch 5442: 1 item(s)
Checkpoint saved: 5452 frame answer item(s)
Running Molmo2 frame-answer batch 5443: 1 item(s)
Checkpoint saved: 5453 frame answer item(s)
Running Molmo2 frame-answer batch 5444: 1 item(s)
Checkpoint saved: 5454 frame answer item(s)
Running Molmo2 frame-answer batch 5445: 1 item(s)
Checkpoint saved: 5455 frame answer item(s)
Running Molmo2 frame-answer batch 5446: 1 item(s)
Checkpoint saved: 5456 frame answer item(s)
Running Molmo2 frame-answer batch 5447: 1 item(s)
Checkpoint saved: 5457 frame answer item(s)
Running Molmo2 frame-answer batch 5448: 1 item(s)
Checkpoint saved: 5458 frame answer item(s)
Running Molmo2 frame-answer batch 5449: 1 item(s)
Checkpoint saved: 5459 frame answer item(s)
Running Molmo2 frame-answer batch 5450: 1 item(s)
Checkpoint saved: 5460 frame answer item(s)
Running Molmo2 frame-answer batch 5451: 1 item(s)
Checkpoint saved: 5461 frame answer item(s)
Running Molmo2 frame-answer batch 5452: 1 item(s)
Checkpoint saved: 5462 frame answer item(s)
Running Molmo2 frame-answer batch 5453: 1 item(s)
Checkpoint saved: 5463 frame answer item(s)
Running Molmo2 frame-answer batch 5454: 1 item(s)
Checkpoint saved: 5464 frame answer item(s)
Running Molmo2 frame-answer batch 5455: 1 item(s)
Checkpoint saved: 5465 frame answer item(s)
Running Molmo2 frame-answer batch 5456: 1 item(s)
Skipping audio__aligned_dataset_check_mailbox_split_seg1_check_mailbox__audio_qa_pair__01: no cached frames found.
Running Molmo2 frame-answer batch 5457: 1 item(s)
Skipping audio__aligned_dataset_check_mailbox_split_seg1_check_mailbox__audio_qa_pair_2__01: no cached frames found.
Running Molmo2 frame-answer batch 5458: 1 item(s)
Skipping audio__aligned_dataset_check_mailbox_split_seg1_check_mailbox__audio_qa_pair_3__01: no cached frames found.
Running Molmo2 frame-answer batch 5459: 1 item(s)
Skipping audio__aligned_dataset_check_mailbox_split_seg2_check_mailbox__audio_qa_pair__01: no cached frames found.
Running Molmo2 frame-answer batch 5460: 1 item(s)
Skipping audio__aligned_dataset_check_mailbox_split_seg2_check_mailbox__audio_qa_pair_2__01: no cached frames found.
Running Molmo2 frame-answer batch 5461: 1 item(s)
Skipping audio__aligned_dataset_check_mailbox_split_seg3_check_mailbox__audio_qa_pair__01: no cached frames found.
Running Molmo2 frame-answer batch 5462: 1 item(s)
Skipping audio__aligned_dataset_check_mailbox_split_seg3_check_mailbox__audio_qa_pair_2__01: no cached frames found.
Running Molmo2 frame-answer batch 5463: 1 item(s)
Skipping audio__aligned_dataset_check_mailbox_split_seg3_check_mailbox__audio_qa_pair_3__01: no cached frames found.
Running Molmo2 frame-answer batch 5464: 1 item(s)
Skipping audio__aligned_dataset_check_mailbox_split_seg4_check_mailbox__audio_qa_pair__01: no cached frames found.
Running Molmo2 frame-answer batch 5465: 1 item(s)
Skipping audio__aligned_dataset_check_mailbox_split_seg4_check_mailbox__audio_qa_pair_2__01: no cached frames found.
Running Molmo2 frame-answer batch 5466: 1 item(s)
Skipping audio__aligned_dataset_check_mailbox_split_seg4_check_mailbox__audio_qa_pair_3__01: no cached frames found.
Running Molmo2 frame-answer batch 5467: 1 item(s)
Skipping audio__aligned_dataset_check_mailbox_split_seg5_check_mailbox__audio_qa_pair__01: no cached frames found.
Running Molmo2 frame-answer batch 5468: 1 item(s)
Skipping audio__aligned_dataset_check_mailbox_split_seg5_check_mailbox__audio_qa_pair_2__01: no cached frames found.
Running Molmo2 frame-answer batch 5469: 1 item(s)
Skipping audio__aligned_dataset_check_mailbox_split_seg5_check_mailbox__audio_qa_pair_3__01: no cached frames found.
Running Molmo2 frame-answer batch 5470: 1 item(s)
Skipping audio__aligned_dataset_check_mailbox_split_seg6_check_mailbox__audio_qa_pair__01: no cached frames found.
Running Molmo2 frame-answer batch 5471: 1 item(s)
Skipping audio__aligned_dataset_check_mailbox_split_seg6_check_mailbox__audio_qa_pair_2__01: no cached frames found.
Running Molmo2 frame-answer batch 5472: 1 item(s)
Skipping audio__aligned_dataset_check_mailbox_split_seg6_check_mailbox__audio_qa_pair_3__01: no cached frames found.
Running Molmo2 frame-answer batch 5473: 1 item(s)
Skipping audio__aligned_dataset_check_mailbox_split_seg7_check_mailbox__audio_counting__01: no cached frames found.
Running Molmo2 frame-answer batch 5474: 1 item(s)
Skipping audio__aligned_dataset_check_mailbox_split_seg7_check_mailbox__audio_cross_modal_reasoning__01: no cached frames found.
Running Molmo2 frame-answer batch 5475: 1 item(s)
Skipping audio__aligned_dataset_check_mailbox_split_seg7_check_mailbox__audio_inferential_causality__01: no cached frames found.
Running Molmo2 frame-answer batch 5476: 1 item(s)
Skipping audio__aligned_dataset_check_mailbox_split_seg7_check_mailbox__audio_sound_characteristics__01: no cached frames found.
Running Molmo2 frame-answer batch 5477: 1 item(s)
Skipping audio__aligned_dataset_check_mailbox_split_seg7_check_mailbox__audio_sound_source_identification__01: no cached frames found.
Running Molmo2 frame-answer batch 5478: 1 item(s)
Skipping audio__aligned_dataset_check_mailbox_split_seg7_check_mailbox__audio_sound_source_identification_2__01: no cached frames found.
Running Molmo2 frame-answer batch 5479: 1 item(s)
Skipping audio__aligned_dataset_check_mailbox_split_seg7_check_mailbox__audio_temporal_attribute__01: no cached frames found.
Running Molmo2 frame-answer batch 5480: 1 item(s)
Skipping audio__aligned_dataset_cut_carrot_split_seg1_cut_carrot__audio_qa_pair__01: no cached frames found.
Running Molmo2 frame-answer batch 5481: 1 item(s)
Skipping audio__aligned_dataset_cut_carrot_split_seg1_cut_carrot__audio_qa_pair_2__01: no cached frames found.
Running Molmo2 frame-answer batch 5482: 1 item(s)
Skipping audio__aligned_dataset_cut_carrot_split_seg1_cut_carrot__audio_qa_pair_3__01: no cached frames found.
Running Molmo2 frame-answer batch 5483: 1 item(s)
Skipping audio__aligned_dataset_cut_carrot_split_seg2_cut_carrot__audio_qa_pair__01: no cached frames found.
Running Molmo2 frame-answer batch 5484: 1 item(s)
Skipping audio__aligned_dataset_cut_carrot_split_seg2_cut_carrot__audio_qa_pair_2__01: no cached frames found.
Running Molmo2 frame-answer batch 5485: 1 item(s)
Skipping audio__aligned_dataset_cut_carrot_split_seg2_cut_carrot__audio_qa_pair_3__01: no cached frames found.
Running Molmo2 frame-answer batch 5486: 1 item(s)
Skipping audio__aligned_dataset_cut_carrot_split_seg3_cut_carrot__audio_qa_pair__01: no cached frames found.
Running Molmo2 frame-answer batch 5487: 1 item(s)
Skipping audio__aligned_dataset_cut_carrot_split_seg3_cut_carrot__audio_qa_pair_2__01: no cached frames found.
Running Molmo2 frame-answer batch 5488: 1 item(s)
Skipping audio__aligned_dataset_cut_carrot_split_seg3_cut_carrot__audio_qa_pair_3__01: no cached frames found.
Running Molmo2 frame-answer batch 5489: 1 item(s)
Skipping audio__aligned_dataset_cut_carrot_split_seg4_cut_carrot__audio_qa_pair__01: no cached frames found.
Running Molmo2 frame-answer batch 5490: 1 item(s)
Skipping audio__aligned_dataset_cut_carrot_split_seg4_cut_carrot__audio_qa_pair_2__01: no cached frames found.
Running Molmo2 frame-answer batch 5491: 1 item(s)
Skipping audio__aligned_dataset_cut_carrot_split_seg4_cut_carrot__audio_qa_pair_3__01: no cached frames found.
Running Molmo2 frame-answer batch 5492: 1 item(s)
Skipping audio__aligned_dataset_cut_carrot_split_seg5_cut_carrot__audio_qa_pair__01: no cached frames found.
Running Molmo2 frame-answer batch 5493: 1 item(s)
Skipping audio__aligned_dataset_cut_carrot_split_seg5_cut_carrot__audio_qa_pair_2__01: no cached frames found.
Running Molmo2 frame-answer batch 5494: 1 item(s)
Skipping audio__aligned_dataset_cut_carrot_split_seg5_cut_carrot__audio_qa_pair_3__01: no cached frames found.
Running Molmo2 frame-answer batch 5495: 1 item(s)
Skipping audio__aligned_dataset_cut_carrot_split_seg6_cut_carrot__audio_qa_pair__01: no cached frames found.
Running Molmo2 frame-answer batch 5496: 1 item(s)
Skipping audio__aligned_dataset_cut_carrot_split_seg6_cut_carrot__audio_qa_pair_2__01: no cached frames found.
Running Molmo2 frame-answer batch 5497: 1 item(s)
Skipping audio__aligned_dataset_cut_carrot_split_seg6_cut_carrot__audio_qa_pair_3__01: no cached frames found.
Running Molmo2 frame-answer batch 5498: 1 item(s)
Skipping audio__aligned_dataset_cut_potato_and_carrot_split_seg1_cut_potato_and_carrot__audio_qa_pair__01: no cached frames found.
Running Molmo2 frame-answer batch 5499: 1 item(s)
Skipping audio__aligned_dataset_cut_potato_and_carrot_split_seg1_cut_potato_and_carrot__audio_qa_pair_2__01: no cached frames found.
Running Molmo2 frame-answer batch 5500: 1 item(s)
Skipping audio__aligned_dataset_cut_potato_and_carrot_split_seg1_cut_potato_and_carrot__audio_qa_pair_3__01: no cached frames found.
Running Molmo2 frame-answer batch 5501: 1 item(s)
Skipping audio__aligned_dataset_cut_potato_and_carrot_split_seg2_cut_potato_and_carrot__audio_qa_pair__01: no cached frames found.
Running Molmo2 frame-answer batch 5502: 1 item(s)
Skipping audio__aligned_dataset_cut_potato_and_carrot_split_seg2_cut_potato_and_carrot__audio_qa_pair_2__01: no cached frames found.
Running Molmo2 frame-answer batch 5503: 1 item(s)
Skipping audio__aligned_dataset_cut_potato_and_carrot_split_seg2_cut_potato_and_carrot__audio_qa_pair_3__01: no cached frames found.
Running Molmo2 frame-answer batch 5504: 1 item(s)
Skipping audio__aligned_dataset_cut_potato_and_carrot_split_seg3_cut_potato_and_carrot__audio_qa_pair__01: no cached frames found.
Running Molmo2 frame-answer batch 5505: 1 item(s)
Skipping audio__aligned_dataset_cut_potato_and_carrot_split_seg3_cut_potato_and_carrot__audio_qa_pair_2__01: no cached frames found.
Running Molmo2 frame-answer batch 5506: 1 item(s)
Skipping audio__aligned_dataset_cut_potato_and_carrot_split_seg3_cut_potato_and_carrot__audio_qa_pair_3__01: no cached frames found.
Running Molmo2 frame-answer batch 5507: 1 item(s)
Skipping audio__aligned_dataset_cut_potato_and_carrot_split_seg4_cut_potato_and_carrot__audio_qa_pair__01: no cached frames found.
Running Molmo2 frame-answer batch 5508: 1 item(s)
Skipping audio__aligned_dataset_cut_potato_and_carrot_split_seg4_cut_potato_and_carrot__audio_qa_pair_2__01: no cached frames found.
Running Molmo2 frame-answer batch 5509: 1 item(s)
Skipping audio__aligned_dataset_cut_potato_and_carrot_split_seg4_cut_potato_and_carrot__audio_qa_pair_3__01: no cached frames found.
Running Molmo2 frame-answer batch 5510: 1 item(s)
Skipping audio__aligned_dataset_cut_potato_and_carrot_split_seg5_cut_potato_and_carrot__audio_qa_pair__01: no cached frames found.
Running Molmo2 frame-answer batch 5511: 1 item(s)
Skipping audio__aligned_dataset_cut_potato_and_carrot_split_seg5_cut_potato_and_carrot__audio_qa_pair_2__01: no cached frames found.
Running Molmo2 frame-answer batch 5512: 1 item(s)
Skipping audio__aligned_dataset_cut_potato_and_carrot_split_seg5_cut_potato_and_carrot__audio_qa_pair_4__01: no cached frames found.
Running Molmo2 frame-answer batch 5513: 1 item(s)
Skipping audio__aligned_dataset_cut_potato_and_carrot_split_seg6_cut_potato_and_carrot__audio_qa_pair__01: no cached frames found.
Running Molmo2 frame-answer batch 5514: 1 item(s)
Skipping audio__aligned_dataset_cut_potato_and_carrot_split_seg6_cut_potato_and_carrot__audio_qa_pair_2__01: no cached frames found.
Running Molmo2 frame-answer batch 5515: 1 item(s)
Skipping audio__aligned_dataset_cut_potato_and_carrot_split_seg6_cut_potato_and_carrot__audio_qa_pair_3__01: no cached frames found.
Running Molmo2 frame-answer batch 5516: 1 item(s)
Skipping audio__aligned_dataset_cut_potato_and_carrot_split_seg7_cut_potato_and_carrot__audio_qa_pair__01: no cached frames found.
Running Molmo2 frame-answer batch 5517: 1 item(s)
Skipping audio__aligned_dataset_cut_potato_and_carrot_split_seg7_cut_potato_and_carrot__audio_qa_pair_2__01: no cached frames found.
Running Molmo2 frame-answer batch 5518: 1 item(s)
Skipping audio__aligned_dataset_cut_potato_and_carrot_split_seg7_cut_potato_and_carrot__audio_qa_pair_3__01: no cached frames found.
Running Molmo2 frame-answer batch 5519: 1 item(s)
Skipping audio__aligned_dataset_drink_water_split_seg1_drink_water__audio_qa_pair__01: no cached frames found.
Running Molmo2 frame-answer batch 5520: 1 item(s)
Skipping audio__aligned_dataset_drink_water_split_seg1_drink_water__audio_qa_pair_2__01: no cached frames found.
Running Molmo2 frame-answer batch 5521: 1 item(s)
Skipping audio__aligned_dataset_drink_water_split_seg1_drink_water__audio_qa_pair_3__01: no cached frames found.
Running Molmo2 frame-answer batch 5522: 1 item(s)
Skipping audio__aligned_dataset_make_coffee_split_seg1_make_coffee__audio_qa_pair__01: no cached frames found.
Running Molmo2 frame-answer batch 5523: 1 item(s)
Skipping audio__aligned_dataset_make_coffee_split_seg1_make_coffee__audio_qa_pair_2__01: no cached frames found.
Running Molmo2 frame-answer batch 5524: 1 item(s)
Skipping audio__aligned_dataset_make_coffee_split_seg1_make_coffee__audio_qa_pair_3__01: no cached frames found.
Running Molmo2 frame-answer batch 5525: 1 item(s)
Skipping audio__aligned_dataset_make_coffee_split_seg1_make_coffee__audio_qa_pair_4__01: no cached frames found.
Running Molmo2 frame-answer batch 5526: 1 item(s)
Skipping audio__aligned_dataset_make_coffee_split_seg2_make_coffee__audio_qa_pair__01: no cached frames found.
Running Molmo2 frame-answer batch 5527: 1 item(s)
Skipping audio__aligned_dataset_make_coffee_split_seg2_make_coffee__audio_qa_pair_2__01: no cached frames found.
Running Molmo2 frame-answer batch 5528: 1 item(s)
Skipping audio__aligned_dataset_make_coffee_split_seg2_make_coffee__audio_qa_pair_3__01: no cached frames found.
Running Molmo2 frame-answer batch 5529: 1 item(s)
Skipping audio__aligned_dataset_make_coffee_split_seg2_make_coffee__audio_qa_pair_4__01: no cached frames found.
Running Molmo2 frame-answer batch 5530: 1 item(s)
Skipping audio__aligned_dataset_make_coffee_split_seg3_make_coffee__audio_qa_pair__01: no cached frames found.
Running Molmo2 frame-answer batch 5531: 1 item(s)
Skipping audio__aligned_dataset_make_coffee_split_seg3_make_coffee__audio_qa_pair_2__01: no cached frames found.
Running Molmo2 frame-answer batch 5532: 1 item(s)
Skipping audio__aligned_dataset_make_coffee_split_seg3_make_coffee__audio_qa_pair_3__01: no cached frames found.
Running Molmo2 frame-answer batch 5533: 1 item(s)
Skipping audio__aligned_dataset_make_coffee_split_seg3_make_coffee__audio_qa_pair_4__01: no cached frames found.
Running Molmo2 frame-answer batch 5534: 1 item(s)
Skipping audio__aligned_dataset_make_coffee_split_seg4_make_coffee__audio_qa_pair__01: no cached frames found.
Running Molmo2 frame-answer batch 5535: 1 item(s)
Skipping audio__aligned_dataset_make_coffee_split_seg4_make_coffee__audio_qa_pair_2__01: no cached frames found.
Running Molmo2 frame-answer batch 5536: 1 item(s)
Skipping audio__aligned_dataset_make_coffee_split_seg4_make_coffee__audio_qa_pair_3__01: no cached frames found.
Running Molmo2 frame-answer batch 5537: 1 item(s)
Skipping audio__aligned_dataset_make_coffee_split_seg5_make_coffee__audio_qa_pair__01: no cached frames found.
Running Molmo2 frame-answer batch 5538: 1 item(s)
Skipping audio__aligned_dataset_make_coffee_split_seg5_make_coffee__audio_qa_pair_2__01: no cached frames found.
Running Molmo2 frame-answer batch 5539: 1 item(s)
Skipping audio__aligned_dataset_make_coffee_split_seg5_make_coffee__audio_qa_pair_3__01: no cached frames found.
Running Molmo2 frame-answer batch 5540: 1 item(s)
Skipping audio__aligned_dataset_make_coffee_split_seg6_make_coffee__audio_qa_pair__01: no cached frames found.
Running Molmo2 frame-answer batch 5541: 1 item(s)
Skipping audio__aligned_dataset_make_coffee_split_seg6_make_coffee__audio_qa_pair_2__01: no cached frames found.
Running Molmo2 frame-answer batch 5542: 1 item(s)
Skipping audio__aligned_dataset_make_coffee_split_seg6_make_coffee__audio_qa_pair_3__01: no cached frames found.
Running Molmo2 frame-answer batch 5543: 1 item(s)
Skipping audio__aligned_dataset_marinate_meat_split_seg1_marinate_meat__audio_qa_pair__01: no cached frames found.
Running Molmo2 frame-answer batch 5544: 1 item(s)
Skipping audio__aligned_dataset_marinate_meat_split_seg1_marinate_meat__audio_qa_pair_2__01: no cached frames found.
Running Molmo2 frame-answer batch 5545: 1 item(s)
Skipping audio__aligned_dataset_marinate_meat_split_seg1_marinate_meat__audio_qa_pair_3__01: no cached frames found.
Running Molmo2 frame-answer batch 5546: 1 item(s)
Skipping audio__aligned_dataset_marinate_meat_split_seg2_marinate_meat__audio_qa_pair__01: no cached frames found.
Running Molmo2 frame-answer batch 5547: 1 item(s)
Skipping audio__aligned_dataset_marinate_meat_split_seg2_marinate_meat__audio_qa_pair_2__01: no cached frames found.
Running Molmo2 frame-answer batch 5548: 1 item(s)
Skipping audio__aligned_dataset_marinate_meat_split_seg2_marinate_meat__audio_qa_pair_3__01: no cached frames found.
Running Molmo2 frame-answer batch 5549: 1 item(s)
Skipping audio__aligned_dataset_marinate_meat_split_seg3_marinate_meat__audio_qa_pair__01: no cached frames found.
Running Molmo2 frame-answer batch 5550: 1 item(s)
Skipping audio__aligned_dataset_marinate_meat_split_seg3_marinate_meat__audio_qa_pair_2__01: no cached frames found.
Running Molmo2 frame-answer batch 5551: 1 item(s)
Skipping audio__aligned_dataset_marinate_meat_split_seg3_marinate_meat__audio_qa_pair_3__01: no cached frames found.
Running Molmo2 frame-answer batch 5552: 1 item(s)
Skipping audio__aligned_dataset_marinate_meat_split_seg3_marinate_meat__audio_qa_pair_4__01: no cached frames found.
Running Molmo2 frame-answer batch 5553: 1 item(s)
Skipping audio__aligned_dataset_marinate_meat_split_seg4_marinate_meat__audio_qa_pair__01: no cached frames found.
Running Molmo2 frame-answer batch 5554: 1 item(s)
Skipping audio__aligned_dataset_marinate_meat_split_seg4_marinate_meat__audio_qa_pair_2__01: no cached frames found.
Running Molmo2 frame-answer batch 5555: 1 item(s)
Skipping audio__aligned_dataset_marinate_meat_split_seg4_marinate_meat__audio_qa_pair_3__01: no cached frames found.
Running Molmo2 frame-answer batch 5556: 1 item(s)
Skipping audio__aligned_dataset_marinate_meat_split_seg5_marinate_meat__audio_qa_pair__01: no cached frames found.
Running Molmo2 frame-answer batch 5557: 1 item(s)
Skipping audio__aligned_dataset_marinate_meat_split_seg5_marinate_meat__audio_qa_pair_2__01: no cached frames found.
Running Molmo2 frame-answer batch 5558: 1 item(s)
Skipping audio__aligned_dataset_marinate_meat_split_seg5_marinate_meat__audio_qa_pair_3__01: no cached frames found.
Running Molmo2 frame-answer batch 5559: 1 item(s)
Skipping audio__aligned_dataset_marinate_meat_split_seg5_marinate_meat__audio_qa_pair_4__01: no cached frames found.
Running Molmo2 frame-answer batch 5560: 1 item(s)
Skipping audio__aligned_dataset_open_doors_split_seg1_open_doors__audio_qa_pair__01: no cached frames found.
Running Molmo2 frame-answer batch 5561: 1 item(s)
Skipping audio__aligned_dataset_open_doors_split_seg1_open_doors__audio_qa_pair_2__01: no cached frames found.
Running Molmo2 frame-answer batch 5562: 1 item(s)
Skipping audio__aligned_dataset_open_doors_split_seg1_open_doors__audio_qa_pair_3__01: no cached frames found.
Running Molmo2 frame-answer batch 5563: 1 item(s)
Skipping audio__aligned_dataset_open_doors_split_seg2_open_doors__audio_qa_pair__01: no cached frames found.
Running Molmo2 frame-answer batch 5564: 1 item(s)
Skipping audio__aligned_dataset_open_doors_split_seg2_open_doors__audio_qa_pair_2__01: no cached frames found.
Running Molmo2 frame-answer batch 5565: 1 item(s)
Skipping audio__aligned_dataset_open_doors_split_seg2_open_doors__audio_qa_pair_3__01: no cached frames found.
Running Molmo2 frame-answer batch 5566: 1 item(s)
Skipping audio__aligned_dataset_open_doors_split_seg3_open_doors__audio_qa_pair__01: no cached frames found.
Running Molmo2 frame-answer batch 5567: 1 item(s)
Skipping audio__aligned_dataset_open_doors_split_seg3_open_doors__audio_qa_pair_2__01: no cached frames found.
Running Molmo2 frame-answer batch 5568: 1 item(s)
Skipping audio__aligned_dataset_open_doors_split_seg3_open_doors__audio_qa_pair_3__01: no cached frames found.
Running Molmo2 frame-answer batch 5569: 1 item(s)
Skipping audio__aligned_dataset_open_doors_split_seg4_open_doors__audio_qa_pair__01: no cached frames found.
Running Molmo2 frame-answer batch 5570: 1 item(s)
Skipping audio__aligned_dataset_open_doors_split_seg4_open_doors__audio_qa_pair_2__01: no cached frames found.
Running Molmo2 frame-answer batch 5571: 1 item(s)
Skipping audio__aligned_dataset_open_doors_split_seg4_open_doors__audio_qa_pair_3__01: no cached frames found.
Running Molmo2 frame-answer batch 5572: 1 item(s)
Skipping audio__aligned_dataset_open_doors_split_seg5_open_doors__audio_qa_pair__01: no cached frames found.
Running Molmo2 frame-answer batch 5573: 1 item(s)
Skipping audio__aligned_dataset_open_doors_split_seg5_open_doors__audio_qa_pair_2__01: no cached frames found.
Running Molmo2 frame-answer batch 5574: 1 item(s)
Skipping audio__aligned_dataset_open_doors_split_seg5_open_doors__audio_qa_pair_3__01: no cached frames found.
Running Molmo2 frame-answer batch 5575: 1 item(s)
Skipping audio__aligned_dataset_park_scene_split_seg1_park_scene__audio_qa_pair__01: no cached frames found.
Running Molmo2 frame-answer batch 5576: 1 item(s)
Skipping audio__aligned_dataset_park_scene_split_seg1_park_scene__audio_qa_pair_2__01: no cached frames found.
Running Molmo2 frame-answer batch 5577: 1 item(s)
Skipping audio__aligned_dataset_park_scene_split_seg1_park_scene__audio_qa_pair_3__01: no cached frames found.
Running Molmo2 frame-answer batch 5578: 1 item(s)
Skipping audio__aligned_dataset_park_scene_split_seg1_park_scene__audio_qa_pair_4__01: no cached frames found.
Running Molmo2 frame-answer batch 5579: 1 item(s)
Skipping audio__aligned_dataset_park_scene_split_seg2_park_scene__audio_qa_pair__01: no cached frames found.
Running Molmo2 frame-answer batch 5580: 1 item(s)
Skipping audio__aligned_dataset_park_scene_split_seg2_park_scene__audio_qa_pair_2__01: no cached frames found.
Running Molmo2 frame-answer batch 5581: 1 item(s)
Skipping audio__aligned_dataset_park_scene_split_seg2_park_scene__audio_qa_pair_3__01: no cached frames found.
Running Molmo2 frame-answer batch 5582: 1 item(s)
Skipping audio__aligned_dataset_pour_water_split_seg1_pour_water__audio_qa_pair__01: no cached frames found.
Running Molmo2 frame-answer batch 5583: 1 item(s)
Skipping audio__aligned_dataset_pour_water_split_seg1_pour_water__audio_qa_pair_2__01: no cached frames found.
Running Molmo2 frame-answer batch 5584: 1 item(s)
Skipping audio__aligned_dataset_pour_water_split_seg1_pour_water__audio_qa_pair_3__01: no cached frames found.
Running Molmo2 frame-answer batch 5585: 1 item(s)
Skipping audio__aligned_dataset_pour_water_split_seg2_pour_water__audio_qa_pair__01: no cached frames found.
Running Molmo2 frame-answer batch 5586: 1 item(s)
Skipping audio__aligned_dataset_pour_water_split_seg2_pour_water__audio_qa_pair_2__01: no cached frames found.
Running Molmo2 frame-answer batch 5587: 1 item(s)
Skipping audio__aligned_dataset_pour_water_split_seg2_pour_water__audio_qa_pair_3__01: no cached frames found.
Running Molmo2 frame-answer batch 5588: 1 item(s)
Skipping audio__aligned_dataset_pour_water_split_seg2_pour_water__audio_qa_pair_4__01: no cached frames found.
Running Molmo2 frame-answer batch 5589: 1 item(s)
Skipping audio__aligned_dataset_ride_a_bike_split_seg1_ride_a_bike__audio_qa_pair__01: no cached frames found.
Running Molmo2 frame-answer batch 5590: 1 item(s)
Skipping audio__aligned_dataset_ride_a_bike_split_seg1_ride_a_bike__audio_qa_pair_2__01: no cached frames found.
Running Molmo2 frame-answer batch 5591: 1 item(s)
Skipping audio__aligned_dataset_ride_a_bike_split_seg1_ride_a_bike__audio_qa_pair_3__01: no cached frames found.
Running Molmo2 frame-answer batch 5592: 1 item(s)
Skipping audio__aligned_dataset_ride_a_bike_split_seg2_ride_a_bike__audio_qa_pair__01: no cached frames found.
Running Molmo2 frame-answer batch 5593: 1 item(s)
Skipping audio__aligned_dataset_ride_a_bike_split_seg2_ride_a_bike__audio_qa_pair_2__01: no cached frames found.
Running Molmo2 frame-answer batch 5594: 1 item(s)
Skipping audio__aligned_dataset_ride_a_bike_split_seg2_ride_a_bike__audio_qa_pair_3__01: no cached frames found.
Running Molmo2 frame-answer batch 5595: 1 item(s)
Skipping audio__aligned_dataset_ride_a_bike_split_seg3_ride_a_bike__audio_qa_pair__01: no cached frames found.
Running Molmo2 frame-answer batch 5596: 1 item(s)
Skipping audio__aligned_dataset_ride_a_bike_split_seg3_ride_a_bike__audio_qa_pair_2__01: no cached frames found.
Running Molmo2 frame-answer batch 5597: 1 item(s)
Skipping audio__aligned_dataset_ride_a_bike_split_seg3_ride_a_bike__audio_qa_pair_3__01: no cached frames found.
Running Molmo2 frame-answer batch 5598: 1 item(s)
Skipping audio__aligned_dataset_use_computer_split_seg1_use_computer__audio_qa_pair__01: no cached frames found.
Running Molmo2 frame-answer batch 5599: 1 item(s)
Skipping audio__aligned_dataset_use_computer_split_seg1_use_computer__audio_qa_pair_2__01: no cached frames found.
Running Molmo2 frame-answer batch 5600: 1 item(s)
Skipping audio__aligned_dataset_use_computer_split_seg1_use_computer__audio_qa_pair_3__01: no cached frames found.
Running Molmo2 frame-answer batch 5601: 1 item(s)
Skipping audio__aligned_dataset_use_computer_split_seg1_use_computer__audio_qa_pair_4__01: no cached frames found.
Running Molmo2 frame-answer batch 5602: 1 item(s)
Skipping audio__aligned_dataset_use_computer_split_seg2_use_computer__audio_qa_pair__01: no cached frames found.
Running Molmo2 frame-answer batch 5603: 1 item(s)
Skipping audio__aligned_dataset_use_computer_split_seg2_use_computer__audio_qa_pair_2__01: no cached frames found.
Running Molmo2 frame-answer batch 5604: 1 item(s)
Skipping audio__aligned_dataset_use_computer_split_seg2_use_computer__audio_qa_pair_3__01: no cached frames found.
Running Molmo2 frame-answer batch 5605: 1 item(s)
Skipping audio__aligned_dataset_use_computer_split_seg3_use_computer__audio_qa_pair__01: no cached frames found.
Running Molmo2 frame-answer batch 5606: 1 item(s)
Skipping audio__aligned_dataset_use_computer_split_seg3_use_computer__audio_qa_pair_2__01: no cached frames found.
Running Molmo2 frame-answer batch 5607: 1 item(s)
Skipping audio__aligned_dataset_use_computer_split_seg3_use_computer__audio_qa_pair_3__01: no cached frames found.
Running Molmo2 frame-answer batch 5608: 1 item(s)
Skipping audio__aligned_dataset_use_computer_split_seg4_use_computer__audio_qa_pair__01: no cached frames found.
Running Molmo2 frame-answer batch 5609: 1 item(s)
Skipping audio__aligned_dataset_use_computer_split_seg4_use_computer__audio_qa_pair_2__01: no cached frames found.
Running Molmo2 frame-answer batch 5610: 1 item(s)
Skipping audio__aligned_dataset_use_computer_split_seg4_use_computer__audio_qa_pair_3__01: no cached frames found.
Running Molmo2 frame-answer batch 5611: 1 item(s)
Skipping audio__aligned_dataset_use_computer_split_seg4_use_computer__audio_qa_pair_4__01: no cached frames found.
Running Molmo2 frame-answer batch 5612: 1 item(s)
Skipping audio__aligned_dataset_use_computer_split_seg5_use_computer__audio_sound_characteristics__01: no cached frames found.
Running Molmo2 frame-answer batch 5613: 1 item(s)
Skipping audio__aligned_dataset_use_computer_split_seg5_use_computer__audio_sound_source_identification__01: no cached frames found.
Running Molmo2 frame-answer batch 5614: 1 item(s)
Skipping audio__aligned_dataset_use_computer_split_seg6_use_computer__audio_qa_pair__01: no cached frames found.
Running Molmo2 frame-answer batch 5615: 1 item(s)
Skipping audio__aligned_dataset_use_computer_split_seg6_use_computer__audio_qa_pair_2__01: no cached frames found.
Running Molmo2 frame-answer batch 5616: 1 item(s)
Skipping audio__aligned_dataset_use_computer_split_seg6_use_computer__audio_qa_pair_3__01: no cached frames found.
Running Molmo2 frame-answer batch 5617: 1 item(s)
Skipping audio__aligned_dataset_walk_upstairs_split_seg1_walk_upstairs__audio_qa_pair__01: no cached frames found.
Running Molmo2 frame-answer batch 5618: 1 item(s)
Skipping audio__aligned_dataset_walk_upstairs_split_seg1_walk_upstairs__audio_qa_pair_2__01: no cached frames found.
Running Molmo2 frame-answer batch 5619: 1 item(s)
Skipping audio__aligned_dataset_walk_upstairs_split_seg1_walk_upstairs__audio_qa_pair_3__01: no cached frames found.
Running Molmo2 frame-answer batch 5620: 1 item(s)
Skipping audio__aligned_dataset_walk_upstairs_split_seg2_walk_upstairs__audio_qa_pair__01: no cached frames found.
Running Molmo2 frame-answer batch 5621: 1 item(s)
Skipping audio__aligned_dataset_walk_upstairs_split_seg2_walk_upstairs__audio_qa_pair_2__01: no cached frames found.
Running Molmo2 frame-answer batch 5622: 1 item(s)
Skipping audio__aligned_dataset_walk_upstairs_split_seg2_walk_upstairs__audio_qa_pair_3__01: no cached frames found.
Running Molmo2 frame-answer batch 5623: 1 item(s)
Skipping audio__aligned_dataset_walk_upstairs_split_seg3_walk_upstairs__audio_qa_pair__01: no cached frames found.
Running Molmo2 frame-answer batch 5624: 1 item(s)
Skipping audio__aligned_dataset_walk_upstairs_split_seg3_walk_upstairs__audio_qa_pair_2__01: no cached frames found.
Running Molmo2 frame-answer batch 5625: 1 item(s)
Skipping audio__aligned_dataset_walk_upstairs_split_seg3_walk_upstairs__audio_qa_pair_3__01: no cached frames found.
Running Molmo2 frame-answer batch 5626: 1 item(s)
Skipping audio__aligned_dataset_wash_cup_and_drink_water_split_seg1_wash_cup_and_drink_water__audio_qa_pair__01: no cached frames found.
Running Molmo2 frame-answer batch 5627: 1 item(s)
Skipping audio__aligned_dataset_wash_cup_and_drink_water_split_seg1_wash_cup_and_drink_water__audio_qa_pair_2__01: no cached frames found.
Running Molmo2 frame-answer batch 5628: 1 item(s)
Skipping audio__aligned_dataset_wash_cup_and_drink_water_split_seg1_wash_cup_and_drink_water__audio_qa_pair_3__01: no cached frames found.
Running Molmo2 frame-answer batch 5629: 1 item(s)
Skipping audio__aligned_dataset_wash_cup_and_drink_water_split_seg1_wash_cup_and_drink_water__audio_qa_pair_4__01: no cached frames found.
Running Molmo2 frame-answer batch 5630: 1 item(s)
Skipping audio__aligned_dataset_wash_cup_and_drink_water_split_seg2_wash_cup_and_drink_water__audio_qa_pair__01: no cached frames found.
Running Molmo2 frame-answer batch 5631: 1 item(s)
Skipping audio__aligned_dataset_wash_cup_and_drink_water_split_seg2_wash_cup_and_drink_water__audio_qa_pair_2__01: no cached frames found.
Running Molmo2 frame-answer batch 5632: 1 item(s)
Skipping audio__aligned_dataset_wash_cup_and_drink_water_split_seg2_wash_cup_and_drink_water__audio_qa_pair_3__01: no cached frames found.
Running Molmo2 frame-answer batch 5633: 1 item(s)
Skipping audio__aligned_dataset_wash_cup_and_drink_water_split_seg3_wash_cup_and_drink_water__audio_qa_pair__01: no cached frames found.
Running Molmo2 frame-answer batch 5634: 1 item(s)
Skipping audio__aligned_dataset_wash_cup_and_drink_water_split_seg3_wash_cup_and_drink_water__audio_qa_pair_2__01: no cached frames found.
Running Molmo2 frame-answer batch 5635: 1 item(s)
Skipping audio__aligned_dataset_wash_cup_and_drink_water_split_seg3_wash_cup_and_drink_water__audio_qa_pair_3__01: no cached frames found.
Running Molmo2 frame-answer batch 5636: 1 item(s)
Skipping audio__aligned_dataset_wash_cup_and_drink_water_split_seg4_wash_cup_and_drink_water__audio_qa_pair__01: no cached frames found.
Running Molmo2 frame-answer batch 5637: 1 item(s)
Skipping audio__aligned_dataset_wash_cup_and_drink_water_split_seg4_wash_cup_and_drink_water__audio_qa_pair_2__01: no cached frames found.
Running Molmo2 frame-answer batch 5638: 1 item(s)
Skipping audio__aligned_dataset_wash_cup_and_drink_water_split_seg4_wash_cup_and_drink_water__audio_qa_pair_3__01: no cached frames found.
Running Molmo2 frame-answer batch 5639: 1 item(s)
Skipping audio__aligned_dataset_wash_cup_and_drink_water_split_seg4_wash_cup_and_drink_water__audio_qa_pair_4__01: no cached frames found.
Running Molmo2 frame-answer batch 5640: 1 item(s)
Skipping audio__aligned_dataset_wash_cup_split_seg1_wash_cup__audio_qa_pair__01: no cached frames found.
Running Molmo2 frame-answer batch 5641: 1 item(s)
Skipping audio__aligned_dataset_wash_cup_split_seg1_wash_cup__audio_qa_pair_2__01: no cached frames found.
Running Molmo2 frame-answer batch 5642: 1 item(s)
Skipping audio__aligned_dataset_wash_cup_split_seg1_wash_cup__audio_qa_pair_3__01: no cached frames found.
Running Molmo2 frame-answer batch 5643: 1 item(s)
Skipping audio__aligned_dataset_wash_cup_split_seg2_wash_cup__audio_qa_pair__01: no cached frames found.
Running Molmo2 frame-answer batch 5644: 1 item(s)
Skipping audio__aligned_dataset_wash_cup_split_seg2_wash_cup__audio_qa_pair_2__01: no cached frames found.
Running Molmo2 frame-answer batch 5645: 1 item(s)
Skipping audio__aligned_dataset_wash_cup_split_seg2_wash_cup__audio_qa_pair_3__01: no cached frames found.
Running Molmo2 frame-answer batch 5646: 1 item(s)
Skipping audio__aligned_dataset_wash_cup_split_seg2_wash_cup__audio_qa_pair_4__01: no cached frames found.
Running Molmo2 frame-answer batch 5647: 1 item(s)
Skipping audio__aligned_dataset_wash_cup_split_seg3_wash_cup__audio_qa_pair__01: no cached frames found.
Running Molmo2 frame-answer batch 5648: 1 item(s)
Skipping audio__aligned_dataset_wash_cup_split_seg3_wash_cup__audio_qa_pair_2__01: no cached frames found.
Running Molmo2 frame-answer batch 5649: 1 item(s)
Skipping audio__aligned_dataset_wash_cup_split_seg3_wash_cup__audio_qa_pair_3__01: no cached frames found.
Running Molmo2 frame-answer batch 5650: 1 item(s)
Skipping audio__aligned_dataset_wash_cup_split_seg4_wash_cup__audio_counting__01: no cached frames found.
Running Molmo2 frame-answer batch 5651: 1 item(s)
Skipping audio__aligned_dataset_wash_cup_split_seg4_wash_cup__audio_cross_modal_reasoning__01: no cached frames found.
Running Molmo2 frame-answer batch 5652: 1 item(s)
Skipping audio__aligned_dataset_wash_cup_split_seg4_wash_cup__audio_inferential_causality__01: no cached frames found.
Running Molmo2 frame-answer batch 5653: 1 item(s)
Skipping audio__aligned_dataset_wash_cup_split_seg4_wash_cup__audio_sound_characteristics__01: no cached frames found.
Running Molmo2 frame-answer batch 5654: 1 item(s)
Skipping audio__aligned_dataset_wash_cup_split_seg4_wash_cup__audio_sound_characteristics_2__01: no cached frames found.
Running Molmo2 frame-answer batch 5655: 1 item(s)
Skipping audio__aligned_dataset_wash_cup_split_seg4_wash_cup__audio_sound_source_identification__01: no cached frames found.
Running Molmo2 frame-answer batch 5656: 1 item(s)
Skipping audio__aligned_dataset_wash_cup_split_seg4_wash_cup__audio_temporal_attribute__01: no cached frames found.
Running Molmo2 frame-answer batch 5657: 1 item(s)
Skipping audio__aligned_dataset_wash_hand_split_seg1_wash_hands__audio_qa_pair__01: no cached frames found.
Running Molmo2 frame-answer batch 5658: 1 item(s)
Skipping audio__aligned_dataset_wash_hand_split_seg1_wash_hands__audio_qa_pair_2__01: no cached frames found.
Running Molmo2 frame-answer batch 5659: 1 item(s)
Skipping audio__aligned_dataset_wash_hand_split_seg1_wash_hands__audio_qa_pair_3__01: no cached frames found.
Running Molmo2 frame-answer batch 5660: 1 item(s)
Skipping audio__aligned_dataset_wash_hand_split_seg2_wash_hands__audio_qa_pair__01: no cached frames found.
Running Molmo2 frame-answer batch 5661: 1 item(s)
Skipping audio__aligned_dataset_wash_hand_split_seg2_wash_hands__audio_qa_pair_2__01: no cached frames found.
Running Molmo2 frame-answer batch 5662: 1 item(s)
Skipping audio__aligned_dataset_wash_hand_split_seg2_wash_hands__audio_qa_pair_3__01: no cached frames found.
Running Molmo2 frame-answer batch 5663: 1 item(s)
Skipping audio__aligned_dataset_wash_hand_split_seg3_wash_hands__audio_qa_pair__01: no cached frames found.
Running Molmo2 frame-answer batch 5664: 1 item(s)
Skipping audio__aligned_dataset_wash_hand_split_seg3_wash_hands__audio_qa_pair_2__01: no cached frames found.
Running Molmo2 frame-answer batch 5665: 1 item(s)
Skipping audio__aligned_dataset_wash_hand_split_seg3_wash_hands__audio_qa_pair_3__01: no cached frames found.
Running Molmo2 frame-answer batch 5666: 1 item(s)
Skipping audio__aligned_dataset_wash_hand_split_seg3_wash_hands__audio_qa_pair_4__01: no cached frames found.
Running Molmo2 frame-answer batch 5667: 1 item(s)
Skipping audio__aligned_dataset_wash_hand_split_seg4_wash_hands__audio_qa_pair__01: no cached frames found.
Running Molmo2 frame-answer batch 5668: 1 item(s)
Skipping audio__aligned_dataset_wash_hand_split_seg4_wash_hands__audio_qa_pair_2__01: no cached frames found.
Running Molmo2 frame-answer batch 5669: 1 item(s)
Skipping audio__aligned_dataset_wash_hand_split_seg4_wash_hands__audio_qa_pair_3__01: no cached frames found.
Running Molmo2 frame-answer batch 5670: 1 item(s)
Skipping audio__aligned_dataset_wash_hand_split_seg4_wash_hands__audio_qa_pair_4__01: no cached frames found.
Running Molmo2 frame-answer batch 5671: 1 item(s)
Skipping audio__aligned_dataset_wash_hands_split_seg1_wash_hands__audio_qa_pair__01: no cached frames found.
Running Molmo2 frame-answer batch 5672: 1 item(s)
Skipping audio__aligned_dataset_wash_hands_split_seg1_wash_hands__audio_qa_pair_2__01: no cached frames found.
Running Molmo2 frame-answer batch 5673: 1 item(s)
Skipping audio__aligned_dataset_wash_hands_split_seg1_wash_hands__audio_qa_pair_3__01: no cached frames found.
Running Molmo2 frame-answer batch 5674: 1 item(s)
Skipping audio__aligned_dataset_wash_hands_split_seg2_wash_hands__audio_qa_pair__01: no cached frames found.
Running Molmo2 frame-answer batch 5675: 1 item(s)
Skipping audio__aligned_dataset_wash_hands_split_seg2_wash_hands__audio_qa_pair_2__01: no cached frames found.
Running Molmo2 frame-answer batch 5676: 1 item(s)
Skipping audio__aligned_dataset_wash_hands_split_seg2_wash_hands__audio_qa_pair_3__01: no cached frames found.
Running Molmo2 frame-answer batch 5677: 1 item(s)
Skipping audio__aligned_dataset_wash_hands_split_seg3_wash_hands__audio_qa_pair__01: no cached frames found.
Running Molmo2 frame-answer batch 5678: 1 item(s)
Skipping audio__aligned_dataset_wash_hands_split_seg3_wash_hands__audio_qa_pair_2__01: no cached frames found.
Running Molmo2 frame-answer batch 5679: 1 item(s)
Skipping audio__aligned_dataset_wash_hands_split_seg3_wash_hands__audio_qa_pair_3__01: no cached frames found.
Running Molmo2 frame-answer batch 5680: 1 item(s)
Skipping audio__aligned_dataset_wash_hands_split_seg4_wash_hands__audio_qa_pair__01: no cached frames found.
Running Molmo2 frame-answer batch 5681: 1 item(s)
Skipping audio__aligned_dataset_wash_hands_split_seg4_wash_hands__audio_qa_pair_2__01: no cached frames found.
Running Molmo2 frame-answer batch 5682: 1 item(s)
Skipping audio__aligned_dataset_wash_hands_split_seg4_wash_hands__audio_qa_pair_3__01: no cached frames found.
Running Molmo2 frame-answer batch 5683: 1 item(s)
Skipping audio__aligned_dataset_wash_my_face_split_seg1_wash_my_face__audio_qa_pair__01: no cached frames found.
Running Molmo2 frame-answer batch 5684: 1 item(s)
Skipping audio__aligned_dataset_wash_my_face_split_seg1_wash_my_face__audio_qa_pair_2__01: no cached frames found.
Running Molmo2 frame-answer batch 5685: 1 item(s)
Skipping audio__aligned_dataset_wash_my_face_split_seg1_wash_my_face__audio_qa_pair_3__01: no cached frames found.
Running Molmo2 frame-answer batch 5686: 1 item(s)
Skipping audio__aligned_dataset_wash_my_face_split_seg2_wash_my_face__audio_qa_pair__01: no cached frames found.
Running Molmo2 frame-answer batch 5687: 1 item(s)
Skipping audio__aligned_dataset_wash_my_face_split_seg2_wash_my_face__audio_qa_pair_2__01: no cached frames found.
Running Molmo2 frame-answer batch 5688: 1 item(s)
Skipping audio__aligned_dataset_wash_my_face_split_seg2_wash_my_face__audio_qa_pair_3__01: no cached frames found.
Running Molmo2 frame-answer batch 5689: 1 item(s)
Skipping audio__aligned_dataset_wash_my_face_split_seg2_wash_my_face__audio_qa_pair_4__01: no cached frames found.
Running Molmo2 frame-answer batch 5690: 1 item(s)
Skipping audio__aligned_dataset_wash_my_face_split_seg3_wash_my_face__audio_qa_pair__01: no cached frames found.
Running Molmo2 frame-answer batch 5691: 1 item(s)
Skipping audio__aligned_dataset_wash_my_face_split_seg3_wash_my_face__audio_qa_pair_2__01: no cached frames found.
Running Molmo2 frame-answer batch 5692: 1 item(s)
Skipping audio__aligned_dataset_wash_my_face_split_seg3_wash_my_face__audio_qa_pair_3__01: no cached frames found.
Running Molmo2 frame-answer batch 5693: 1 item(s)
Skipping audio__aligned_dataset_wash_my_face_split_seg3_wash_my_face__audio_qa_pair_4__01: no cached frames found.
Running Molmo2 frame-answer batch 5694: 1 item(s)
Skipping audio__aligned_dataset_water_plants_split_seg1_water_plants__audio_qa_pair__01: no cached frames found.
Running Molmo2 frame-answer batch 5695: 1 item(s)
Skipping audio__aligned_dataset_water_plants_split_seg1_water_plants__audio_qa_pair_2__01: no cached frames found.
Running Molmo2 frame-answer batch 5696: 1 item(s)
Skipping audio__aligned_dataset_water_plants_split_seg1_water_plants__audio_qa_pair_3__01: no cached frames found.
Running Molmo2 frame-answer batch 5697: 1 item(s)
Skipping audio__aligned_dataset_water_plants_split_seg2_water_plants__audio_qa_pair__01: no cached frames found.
Running Molmo2 frame-answer batch 5698: 1 item(s)
Skipping audio__aligned_dataset_water_plants_split_seg2_water_plants__audio_qa_pair_2__01: no cached frames found.
Running Molmo2 frame-answer batch 5699: 1 item(s)
Skipping audio__aligned_dataset_water_plants_split_seg2_water_plants__audio_qa_pair_3__01: no cached frames found.
Running Molmo2 frame-answer batch 5700: 1 item(s)
Skipping audio__aligned_dataset_water_plants_split_seg2_water_plants__audio_qa_pair_4__01: no cached frames found.
Running Molmo2 frame-answer batch 5701: 1 item(s)
Skipping audio__aligned_dataset_water_plants_split_seg3_water_plants__audio_qa_pair__01: no cached frames found.
Running Molmo2 frame-answer batch 5702: 1 item(s)
Skipping audio__aligned_dataset_water_plants_split_seg3_water_plants__audio_qa_pair_2__01: no cached frames found.
Running Molmo2 frame-answer batch 5703: 1 item(s)
Skipping audio__aligned_dataset_water_plants_split_seg3_water_plants__audio_qa_pair_3__01: no cached frames found.
Running Molmo2 frame-answer batch 5704: 1 item(s)
Skipping audio__aligned_dataset_water_plants_split_seg3_water_plants__audio_qa_pair_4__01: no cached frames found.
Running Molmo2 frame-answer batch 5705: 1 item(s)
Skipping audio__aligned_dataset_water_plants_split_seg4_water_plants__audio_qa_pair__01: no cached frames found.
Running Molmo2 frame-answer batch 5706: 1 item(s)
Skipping audio__aligned_dataset_water_plants_split_seg4_water_plants__audio_qa_pair_2__01: no cached frames found.
Running Molmo2 frame-answer batch 5707: 1 item(s)
Skipping audio__aligned_dataset_water_plants_split_seg4_water_plants__audio_qa_pair_3__01: no cached frames found.
Running Molmo2 frame-answer batch 5708: 1 item(s)
Skipping audio__aligned_dataset_water_plants_split_seg4_water_plants__audio_qa_pair_4__01: no cached frames found.
Running Molmo2 frame-answer batch 5709: 1 item(s)
Skipping audio__aligned_dataset_water_plants_split_seg5_water_plants__audio_qa_pair__01: no cached frames found.
Running Molmo2 frame-answer batch 5710: 1 item(s)
Skipping audio__aligned_dataset_water_plants_split_seg5_water_plants__audio_qa_pair_2__01: no cached frames found.
Running Molmo2 frame-answer batch 5711: 1 item(s)
Skipping audio__aligned_dataset_water_plants_split_seg5_water_plants__audio_qa_pair_3__01: no cached frames found.
Running Molmo2 frame-answer batch 5712: 1 item(s)
Skipping audio__aligned_dataset_water_plants_split_seg6_water_plants__audio_qa_pair__01: no cached frames found.
Running Molmo2 frame-answer batch 5713: 1 item(s)
Skipping audio__aligned_dataset_water_plants_split_seg6_water_plants__audio_qa_pair_2__01: no cached frames found.
Running Molmo2 frame-answer batch 5714: 1 item(s)
Skipping audio__aligned_dataset_water_plants_split_seg6_water_plants__audio_qa_pair_3__01: no cached frames found.
Running Molmo2 frame-answer batch 5715: 1 item(s)
Skipping audio__aligned_dataset_water_plants_split_seg6_water_plants__audio_qa_pair_4__01: no cached frames found.
===== Benchmark log ended 2026-06-14 21:40:14 =====

===== Benchmark log started 2026-06-15 00:01:15 =====
Log path: outputs/benchmarks/aligned_qa_frame_answers_allenai_Molmo2-4B.log
Local Molmo2 runtime: provider=molmo2, model=allenai/Molmo2-4B, cuda_available=True, gpu=NVIDIA GeForce RTX 4080, auto_processor_available=True, image_text_model_available=True, causal_lm_available=True, pillow_available=True, max_tokens=128, max_image_size=0, frame_input_mode=contact_sheet, contact_sheet_cell_size=320, dtype=float16, device_map=cuda:0, quantization=none, cuda_alloc_conf=expandable_segments:True
Molmo2 frame-input answer benchmark resume scan: 5465 complete skipped, 20 pending selected, 5725 valid total, model=allenai/Molmo2-4B.
Loading checkpoint shards:   0%|          | 0/4 [00:00<?, ?it/s]Loading checkpoint shards:  25%|##5       | 1/4 [00:01<00:03,  1.23s/it]Loading checkpoint shards:  50%|#####     | 2/4 [00:02<00:02,  1.04s/it]Loading checkpoint shards:  75%|#######5  | 3/4 [00:03<00:01,  1.13s/it]Loading checkpoint shards: 100%|##########| 4/4 [00:04<00:00,  1.25s/it]Loading checkpoint shards: 100%|##########| 4/4 [00:04<00:00,  1.20s/it]
Running Molmo2 frame-answer batch 1: 1 item(s)
Skipping audio__aligned_dataset_check_mailbox_split_seg1_check_mailbox__audio_qa_pair__01: no cached frames found.
Running Molmo2 frame-answer batch 2: 1 item(s)
Skipping audio__aligned_dataset_check_mailbox_split_seg1_check_mailbox__audio_qa_pair_2__01: no cached frames found.
Running Molmo2 frame-answer batch 3: 1 item(s)
Skipping audio__aligned_dataset_check_mailbox_split_seg1_check_mailbox__audio_qa_pair_3__01: no cached frames found.
Running Molmo2 frame-answer batch 4: 1 item(s)
Skipping audio__aligned_dataset_check_mailbox_split_seg2_check_mailbox__audio_qa_pair__01: no cached frames found.
Running Molmo2 frame-answer batch 5: 1 item(s)
Skipping audio__aligned_dataset_check_mailbox_split_seg2_check_mailbox__audio_qa_pair_2__01: no cached frames found.
Running Molmo2 frame-answer batch 6: 1 item(s)
Skipping audio__aligned_dataset_check_mailbox_split_seg3_check_mailbox__audio_qa_pair__01: no cached frames found.
Running Molmo2 frame-answer batch 7: 1 item(s)
Skipping audio__aligned_dataset_check_mailbox_split_seg3_check_mailbox__audio_qa_pair_2__01: no cached frames found.
Running Molmo2 frame-answer batch 8: 1 item(s)
Skipping audio__aligned_dataset_check_mailbox_split_seg3_check_mailbox__audio_qa_pair_3__01: no cached frames found.
Running Molmo2 frame-answer batch 9: 1 item(s)
Skipping audio__aligned_dataset_check_mailbox_split_seg4_check_mailbox__audio_qa_pair__01: no cached frames found.
Running Molmo2 frame-answer batch 10: 1 item(s)
Skipping audio__aligned_dataset_check_mailbox_split_seg4_check_mailbox__audio_qa_pair_2__01: no cached frames found.
Running Molmo2 frame-answer batch 11: 1 item(s)
Skipping audio__aligned_dataset_check_mailbox_split_seg4_check_mailbox__audio_qa_pair_3__01: no cached frames found.
Running Molmo2 frame-answer batch 12: 1 item(s)
Skipping audio__aligned_dataset_check_mailbox_split_seg5_check_mailbox__audio_qa_pair__01: no cached frames found.
Running Molmo2 frame-answer batch 13: 1 item(s)
Skipping audio__aligned_dataset_check_mailbox_split_seg5_check_mailbox__audio_qa_pair_2__01: no cached frames found.
Running Molmo2 frame-answer batch 14: 1 item(s)
Skipping audio__aligned_dataset_check_mailbox_split_seg5_check_mailbox__audio_qa_pair_3__01: no cached frames found.
Running Molmo2 frame-answer batch 15: 1 item(s)
Skipping audio__aligned_dataset_check_mailbox_split_seg6_check_mailbox__audio_qa_pair__01: no cached frames found.
Running Molmo2 frame-answer batch 16: 1 item(s)
Skipping audio__aligned_dataset_check_mailbox_split_seg6_check_mailbox__audio_qa_pair_2__01: no cached frames found.
Running Molmo2 frame-answer batch 17: 1 item(s)
Skipping audio__aligned_dataset_check_mailbox_split_seg6_check_mailbox__audio_qa_pair_3__01: no cached frames found.
Running Molmo2 frame-answer batch 18: 1 item(s)
Skipping audio__aligned_dataset_check_mailbox_split_seg7_check_mailbox__audio_counting__01: no cached frames found.
Running Molmo2 frame-answer batch 19: 1 item(s)
Skipping audio__aligned_dataset_check_mailbox_split_seg7_check_mailbox__audio_cross_modal_reasoning__01: no cached frames found.
Running Molmo2 frame-answer batch 20: 1 item(s)
Skipping audio__aligned_dataset_check_mailbox_split_seg7_check_mailbox__audio_inferential_causality__01: no cached frames found.
===== Benchmark log ended 2026-06-15 00:01:24 =====
