night_frame,night_time_seconds,day_frame,day_time_seconds,confidence,status
0,0.0,0,0.0,0.0,review
1,0.033333,0,0.0,0.0,review
2,0.066667,1,0.033333,0.0,review
3,0.1,2,0.066667,0.0,review
4,0.133333,2,0.066667,0.0,review
5,0.166667,2,0.066667,0.0,review
6,0.2,3,0.1,0.0,review
7,0.233333,4,0.133333,0.0,review
8,0.266667,4,0.133333,0.0,review
9,0.3,4,0.133333,0.0,review
10,0.333333,5,0.166667,0.0,review
11,0.366667,6,0.2,0.0,review
12,0.4,6,0.2,0.0,review
13,0.433333,6,0.2,0.0,review
14,0.466667,7,0.233333,0.0,review
15,0.5,8,0.266667,0.0,review
16,0.533333,8,0.266667,0.0,review
17,0.566667,8,0.266667,0.0,review
18,0.6,9,0.3,0.0,review
19,0.633333,10,0.333333,0.0,review
20,0.666667,10,0.333333,0.0,review
21,0.7,10,0.333333,0.0,review
22,0.733333,11,0.366667,0.0,review
23,0.766667,12,0.4,0.0,review
24,0.8,12,0.4,0.0,review
25,0.833333,12,0.4,0.0,review
26,0.866667,13,0.433333,0.0,review
27,0.9,14,0.466667,0.0,review
28,0.933333,14,0.466667,0.0,review
29,0.966667,14,0.466667,0.0,review
30,1.0,15,0.5,0.0,review
31,1.033333,16,0.533333,0.0,review
32,1.066667,16,0.533333,0.0,review
33,1.1,16,0.533333,0.0,review
34,1.133333,17,0.566667,0.0,review
35,1.166667,18,0.6,0.0,review
36,1.2,18,0.6,0.0,review
37,1.233333,18,0.6,0.0,review
38,1.266667,19,0.633333,0.0,review
39,1.3,20,0.666667,0.0,review
40,1.333333,20,0.666667,0.0,review
41,1.366667,20,0.666667,0.0,review
42,1.4,21,0.7,0.0,review
43,1.433333,22,0.733333,0.0,review
44,1.466667,22,0.733333,0.0,review
45,1.5,22,0.733333,0.0,review
46,1.533333,23,0.766667,0.0,review
47,1.566667,24,0.8,0.0,review
48,1.6,24,0.8,0.0,review
49,1.633333,24,0.8,0.0,review
50,1.666667,25,0.833333,0.0,review
51,1.7,26,0.866667,0.0,review
52,1.733333,26,0.866667,0.0,review
53,1.766667,26,0.866667,0.0,review
54,1.8,27,0.9,0.0,review
55,1.833333,28,0.933333,0.0,review
56,1.866667,28,0.933333,0.0,review
57,1.9,28,0.933333,0.0,review
58,1.933333,29,0.966667,0.0,review
59,1.966667,30,1.0,0.0,review
60,2.0,30,1.0,0.0,review
61,2.033333,30,1.0,0.0,review
62,2.066667,31,1.033333,0.0,review
63,2.1,32,1.066667,0.0,review
64,2.133333,32,1.066667,0.0,review
65,2.166667,32,1.066667,0.0,review
66,2.2,33,1.1,0.0,review
67,2.233333,34,1.133333,0.0,review
68,2.266667,34,1.133333,0.0,review
69,2.3,34,1.133333,0.0,review
70,2.333333,35,1.166667,0.0,review
71,2.366667,36,1.2,0.0,review
72,2.4,36,1.2,0.0,review
73,2.433333,36,1.2,0.0,review
74,2.466667,37,1.233333,0.0,review
75,2.5,38,1.266667,0.0,review
76,2.533333,38,1.266667,0.0,review
77,2.566667,38,1.266667,0.0,review
78,2.6,39,1.3,0.0,review
79,2.633333,40,1.333333,0.0,review
80,2.666667,40,1.333333,0.0,review
81,2.7,40,1.333333,0.0,review
82,2.733333,41,1.366667,0.0,review
83,2.766667,42,1.4,0.0,review
84,2.8,42,1.4,0.0,review
85,2.833333,42,1.4,0.0,review
86,2.866667,43,1.433333,0.0,review
87,2.9,44,1.466667,0.0,review
88,2.933333,44,1.466667,0.0,review
89,2.966667,44,1.466667,0.0,review
90,3.0,45,1.5,0.0,review
91,3.033333,46,1.533333,0.0,review
92,3.066667,46,1.533333,0.0,review
93,3.1,46,1.533333,0.0,review
94,3.133333,47,1.566667,0.0,review
95,3.166667,48,1.6,0.0,review
96,3.2,48,1.6,0.0,review
97,3.233333,50,1.666667,0.019154,review
98,3.266667,52,1.733333,0.038309,review
99,3.3,54,1.8,0.057463,review
100,3.333333,56,1.866667,0.076617,review
101,3.366667,58,1.933333,0.095772,review
102,3.4,60,2.0,0.114926,review
103,3.433333,60,2.0,0.105349,review
104,3.466667,61,2.033333,0.095772,review
105,3.5,61,2.033333,0.086195,review
106,3.533333,62,2.066667,0.076617,review
107,3.566667,63,2.1,0.06704,review
108,3.6,63,2.1,0.057463,review
109,3.633333,64,2.133333,0.047886,review
110,3.666667,64,2.133333,0.038309,review
111,3.7,65,2.166667,0.028731,review
112,3.733333,65,2.166667,0.019154,review
113,3.766667,66,2.2,0.009577,review
114,3.8,66,2.2,0.0,review
115,3.833333,67,2.233333,0.005144,review
116,3.866667,67,2.233333,0.010287,review
117,3.9,68,2.266667,0.015431,review
118,3.933333,68,2.266667,0.020575,review
119,3.966667,69,2.3,0.025718,review
120,4.0,69,2.3,0.030862,review
121,4.033333,70,2.333333,0.036006,review
122,4.066667,70,2.333333,0.041149,review
123,4.1,71,2.366667,0.046293,review
124,4.133333,71,2.366667,0.051437,review
125,4.166667,72,2.4,0.05658,review
126,4.2,72,2.4,0.061724,review
127,4.233333,73,2.433333,0.05658,review
128,4.266667,73,2.433333,0.051437,review
129,4.3,74,2.466667,0.046293,review
130,4.333333,74,2.466667,0.041149,review
131,4.366667,75,2.5,0.036006,review
132,4.4,75,2.5,0.030862,review
133,4.433333,76,2.533333,0.025718,review
134,4.466667,76,2.533333,0.020575,review
135,4.5,77,2.566667,0.015431,review
136,4.533333,77,2.566667,0.010287,review
137,4.566667,77,2.566667,0.005144,review
138,4.6,78,2.6,0.0,review
139,4.633333,78,2.6,0.008927,review
140,4.666667,79,2.633333,0.017855,review
141,4.7,79,2.633333,0.026782,review
142,4.733333,80,2.666667,0.03571,review
143,4.766667,80,2.666667,0.044637,review
144,4.8,81,2.7,0.053565,review
145,4.833333,81,2.7,0.062492,review
146,4.866667,82,2.733333,0.071419,review
147,4.9,82,2.733333,0.080347,review
148,4.933333,83,2.766667,0.089274,review
149,4.966667,83,2.766667,0.098202,review
150,5.0,84,2.8,0.107129,review
151,5.033333,86,2.866667,0.089274,review
152,5.066667,88,2.933333,0.071419,review
153,5.1,90,3.0,0.053564,review
154,5.133333,92,3.066667,0.03571,review
155,5.166667,94,3.133333,0.017855,review
156,5.2,96,3.2,0.0,review
157,5.233333,97,3.233333,0.0,review
158,5.266667,97,3.233333,0.0,review
159,5.3,98,3.266667,0.0,review
160,5.333333,98,3.266667,0.0,review
161,5.366667,99,3.3,0.0,review
162,5.4,99,3.3,0.0,review
163,5.433333,100,3.333333,0.0,review
164,5.466667,100,3.333333,0.0,review
165,5.5,101,3.366667,0.0,review
166,5.533333,101,3.366667,0.0,review
167,5.566667,102,3.4,0.0,review
168,5.6,102,3.4,0.0,review
169,5.633333,104,3.466667,0.007074,review
170,5.666667,106,3.533333,0.014148,review
171,5.7,108,3.6,0.021221,review
172,5.733333,110,3.666667,0.028295,review
173,5.766667,112,3.733333,0.035369,review
174,5.8,114,3.8,0.042443,review
175,5.833333,116,3.866667,0.035369,review
176,5.866667,118,3.933333,0.028295,review
177,5.9,120,4.0,0.021222,review
178,5.933333,122,4.066667,0.014148,review
179,5.966667,124,4.133333,0.007074,review
180,6.0,126,4.2,0.0,review
181,6.033333,126,4.2,0.001591,review
182,6.066667,127,4.233333,0.003182,review
183,6.1,127,4.233333,0.004773,review
184,6.133333,128,4.266667,0.006364,review
185,6.166667,128,4.266667,0.007955,review
186,6.2,129,4.3,0.009546,review
187,6.233333,129,4.3,0.011137,review
188,6.266667,130,4.333333,0.012728,review
189,6.3,130,4.333333,0.014319,review
190,6.333333,131,4.366667,0.01591,review
191,6.366667,132,4.4,0.017501,review
192,6.4,132,4.4,0.019092,review
193,6.433333,133,4.433333,0.017501,review
194,6.466667,133,4.433333,0.01591,review
195,6.5,133,4.433333,0.014319,review
196,6.533333,134,4.466667,0.012728,review
197,6.566667,134,4.466667,0.011137,review
198,6.6,135,4.5,0.009546,review
199,6.633333,135,4.5,0.007955,review
200,6.666667,136,4.533333,0.006364,review
201,6.7,136,4.533333,0.004773,review
202,6.733333,137,4.566667,0.003182,review
203,6.766667,137,4.566667,0.001591,review
204,6.8,138,4.6,0.0,review
205,6.833333,140,4.666667,0.003296,review
206,6.866667,142,4.733333,0.006593,review
207,6.9,144,4.8,0.009889,review
208,6.933333,146,4.866667,0.013186,review
209,6.966667,148,4.933333,0.016482,review
210,7.0,150,5.0,0.019779,review
211,7.033333,152,5.066667,0.016482,review
212,7.066667,154,5.133333,0.013186,review
213,7.1,156,5.2,0.009889,review
214,7.133333,158,5.266667,0.006593,review
215,7.166667,160,5.333333,0.003296,review
216,7.2,162,5.4,0.0,review
217,7.233333,164,5.466667,0.0,review
218,7.266667,166,5.533333,0.0,review
219,7.3,168,5.6,0.0,review
220,7.333333,170,5.666667,0.0,review
221,7.366667,172,5.733333,0.0,review
222,7.4,174,5.8,0.0,review
223,7.433333,176,5.866667,0.002973,review
224,7.466667,178,5.933333,0.005946,review
225,7.5,180,6.0,0.008919,review
226,7.533333,182,6.066667,0.011892,review
227,7.566667,184,6.133333,0.014865,review
228,7.6,186,6.2,0.017838,review
229,7.633333,188,6.266667,0.014865,review
230,7.666667,190,6.333333,0.011892,review
231,7.7,192,6.4,0.008919,review
232,7.733333,194,6.466667,0.005946,review
233,7.766667,196,6.533333,0.002973,review
234,7.8,198,6.6,0.0,review
235,7.833333,200,6.666667,0.0,review
236,7.866667,202,6.733333,0.0,review
237,7.9,204,6.8,0.0,review
238,7.933333,206,6.866667,0.0,review
239,7.966667,208,6.933333,0.0,review
240,8.0,210,7.0,0.0,review
241,8.033333,212,7.066667,0.032335,review
242,8.066667,214,7.133333,0.064671,review
243,8.1,216,7.2,0.097006,review
244,8.133333,218,7.266667,0.129341,review
245,8.166667,220,7.333333,0.161677,review
246,8.2,222,7.4,0.194012,review
247,8.233333,223,7.433333,0.19373,review
248,8.266667,223,7.433333,0.193448,review
249,8.3,224,7.466667,0.193166,review
250,8.333333,224,7.466667,0.192884,review
251,8.366667,224,7.466667,0.192602,review
252,8.4,225,7.5,0.192321,review
253,8.433333,225,7.5,0.192039,review
254,8.466667,226,7.533333,0.191757,review
255,8.5,226,7.533333,0.191475,review
256,8.533333,227,7.566667,0.191193,review
257,8.566667,227,7.566667,0.190911,review
258,8.6,228,7.6,0.190629,review
259,8.633333,228,7.6,0.180206,review
260,8.666667,229,7.633333,0.169783,review
261,8.7,229,7.633333,0.159361,review
262,8.733333,230,7.666667,0.148938,review
263,8.766667,230,7.666667,0.138515,review
264,8.8,231,7.7,0.128092,review
265,8.833333,231,7.7,0.117669,review
266,8.866667,232,7.733333,0.107246,review
267,8.9,233,7.766667,0.096824,review
268,8.933333,233,7.766667,0.086401,review
269,8.966667,234,7.8,0.075978,review
270,9.0,234,7.8,0.065555,review
271,9.033333,235,7.833333,0.066741,review
272,9.066667,235,7.833333,0.067926,review
273,9.1,236,7.866667,0.069112,review
274,9.133333,236,7.866667,0.070298,review
275,9.166667,237,7.9,0.071483,review
276,9.2,237,7.9,0.072669,review
277,9.233333,238,7.933333,0.073855,review
278,9.266667,238,7.933333,0.07504,review
279,9.3,239,7.966667,0.076226,review
280,9.333333,239,7.966667,0.077412,review
281,9.366667,240,8.0,0.078597,review
282,9.4,240,8.0,0.079783,review
283,9.433333,242,8.066667,0.094802,review
284,9.466667,244,8.133333,0.109821,review
285,9.5,246,8.2,0.12484,review
286,9.533333,248,8.266667,0.139859,review
287,9.566667,250,8.333333,0.154878,review
288,9.6,252,8.4,0.169897,review
289,9.633333,252,8.4,0.168917,review
290,9.666667,253,8.433333,0.167938,review
291,9.7,253,8.433333,0.166958,review
292,9.733333,254,8.466667,0.165979,review
293,9.766667,254,8.466667,0.164999,review
294,9.8,255,8.5,0.16402,review
295,9.833333,255,8.5,0.16304,review
296,9.866667,256,8.533333,0.16206,review
297,9.9,257,8.566667,0.161081,review
298,9.933333,257,8.566667,0.160101,review
299,9.966667,258,8.6,0.159122,review
300,10.0,258,8.6,0.158142,review
301,10.033333,259,8.633333,0.157018,review
302,10.066667,259,8.633333,0.155894,review
303,10.1,260,8.666667,0.154771,review
304,10.133333,260,8.666667,0.153647,review
305,10.166667,261,8.7,0.152523,review
306,10.2,261,8.7,0.151399,review
307,10.233333,262,8.733333,0.150276,review
308,10.266667,262,8.733333,0.149152,review
309,10.3,263,8.766667,0.148028,review
310,10.333333,263,8.766667,0.146904,review
311,10.366667,264,8.8,0.145781,review
312,10.4,264,8.8,0.144657,review
313,10.433333,265,8.833333,0.151513,review
314,10.466667,265,8.833333,0.15837,review
315,10.5,266,8.866667,0.165226,review
316,10.533333,266,8.866667,0.172082,review
317,10.566667,267,8.9,0.178938,review
318,10.6,267,8.9,0.185795,review
319,10.633333,268,8.933333,0.192651,review
320,10.666667,268,8.933333,0.199507,review
321,10.7,269,8.966667,0.206363,review
322,10.733333,269,8.966667,0.213219,review
323,10.766667,269,8.966667,0.220076,review
324,10.8,270,9.0,0.226932,review
325,10.833333,270,9.0,0.222278,review
326,10.866667,271,9.033333,0.217624,review
327,10.9,271,9.033333,0.21297,review
328,10.933333,272,9.066667,0.208316,review
329,10.966667,272,9.066667,0.203662,review
330,11.0,273,9.1,0.199008,review
331,11.033333,273,9.1,0.194353,review
332,11.066667,274,9.133333,0.189699,review
333,11.1,274,9.133333,0.185045,review
334,11.133333,275,9.166667,0.180391,review
335,11.166667,275,9.166667,0.175737,review
336,11.2,276,9.2,0.171083,review
337,11.233333,276,9.2,0.159472,review
338,11.266667,277,9.233333,0.147861,review
339,11.3,277,9.233333,0.13625,review
340,11.333333,278,9.266667,0.124639,review
341,11.366667,278,9.266667,0.113028,review
342,11.4,279,9.3,0.101417,review
343,11.433333,279,9.3,0.089805,review
344,11.466667,280,9.333333,0.078194,review
345,11.5,280,9.333333,0.066583,review
346,11.533333,281,9.366667,0.054972,review
347,11.566667,281,9.366667,0.043361,review
348,11.6,282,9.4,0.03175,review
349,11.633333,284,9.466667,0.076102,review
350,11.666667,286,9.533333,0.120455,review
351,11.7,288,9.6,0.164808,review
352,11.733333,290,9.666667,0.20916,review
353,11.766667,292,9.733333,0.253513,review
354,11.8,294,9.8,0.297866,review
355,11.833333,295,9.833333,0.289096,review
356,11.866667,295,9.833333,0.280326,review
357,11.9,296,9.866667,0.271556,review
358,11.933333,296,9.866667,0.262786,review
359,11.966667,297,9.9,0.254016,review
360,12.0,297,9.9,0.245246,review
361,12.033333,298,9.933333,0.236476,review
362,12.066667,298,9.933333,0.227706,review
363,12.1,299,9.966667,0.218936,review
364,12.133333,299,9.966667,0.210166,review
365,12.166667,300,10.0,0.201396,review
366,12.2,300,10.0,0.192626,review
367,12.233333,301,10.033333,0.191548,review
368,12.266667,301,10.033333,0.190469,review
369,12.3,301,10.033333,0.189391,review
370,12.333333,302,10.066667,0.188313,review
371,12.366667,302,10.066667,0.187235,review
372,12.4,303,10.1,0.186156,review
373,12.433333,303,10.1,0.185078,review
374,12.466667,304,10.133333,0.184,review
375,12.5,304,10.133333,0.182922,review
376,12.533333,305,10.166667,0.181844,review
377,12.566667,305,10.166667,0.180765,review
378,12.6,306,10.2,0.179687,review
379,12.633333,306,10.2,0.195398,review
380,12.666667,307,10.233333,0.211109,review
381,12.7,307,10.233333,0.226819,review
382,12.733333,308,10.266667,0.24253,review
383,12.766667,308,10.266667,0.258241,review
384,12.8,309,10.3,0.273952,review
385,12.833333,309,10.3,0.289663,review
386,12.866667,310,10.333333,0.305374,review
387,12.9,310,10.333333,0.321084,review
388,12.933333,311,10.366667,0.336795,review
389,12.966667,311,10.366667,0.352506,matched
390,13.0,312,10.4,0.368217,matched
391,13.033333,312,10.4,0.358365,matched
392,13.066667,313,10.433333,0.348514,review
393,13.1,313,10.433333,0.338662,review
394,13.133333,314,10.466667,0.328811,review
395,13.166667,315,10.5,0.318959,review
396,13.2,315,10.5,0.309107,review
397,13.233333,316,10.533333,0.299256,review
398,13.266667,316,10.533333,0.289404,review
399,13.3,317,10.566667,0.279553,review
400,13.333333,317,10.566667,0.269701,review
401,13.366667,318,10.6,0.259849,review
402,13.4,318,10.6,0.249998,review
403,13.433333,320,10.666667,0.238111,review
404,13.466667,322,10.733333,0.226224,review
405,13.5,324,10.8,0.214337,review
406,13.533333,326,10.866667,0.202451,review
407,13.566667,328,10.933333,0.190564,review
408,13.6,330,11.0,0.178677,review
409,13.633333,330,11.0,0.169785,review
410,13.666667,331,11.033333,0.160893,review
411,13.7,331,11.033333,0.152001,review
412,13.733333,332,11.066667,0.143109,review
413,13.766667,332,11.066667,0.134217,review
414,13.8,333,11.1,0.125325,review
415,13.833333,333,11.1,0.116433,review
416,13.866667,334,11.133333,0.107541,review
417,13.9,334,11.133333,0.098649,review
418,13.933333,335,11.166667,0.089757,review
419,13.966667,335,11.166667,0.080865,review
420,14.0,336,11.2,0.071973,review
421,14.033333,336,11.2,0.068181,review
422,14.066667,337,11.233333,0.06439,review
423,14.1,337,11.233333,0.060598,review
424,14.133333,338,11.266667,0.056806,review
425,14.166667,338,11.266667,0.053015,review
426,14.2,339,11.3,0.049223,review
427,14.233333,339,11.3,0.045431,review
428,14.266667,340,11.333333,0.04164,review
429,14.3,340,11.333333,0.037848,review
430,14.333333,341,11.366667,0.034056,review
431,14.366667,341,11.366667,0.030265,review
432,14.4,342,11.4,0.026473,review
433,14.433333,342,11.4,0.03149,review
434,14.466667,343,11.433333,0.036507,review
435,14.5,343,11.433333,0.041524,review
436,14.533333,344,11.466667,0.046541,review
437,14.566667,345,11.5,0.051558,review
438,14.6,345,11.5,0.056576,review
439,14.633333,346,11.533333,0.061593,review
440,14.666667,346,11.533333,0.06661,review
441,14.7,347,11.566667,0.071627,review
442,14.733333,347,11.566667,0.076644,review
443,14.766667,348,11.6,0.081661,review
444,14.8,348,11.6,0.086678,review
445,14.833333,349,11.633333,0.086645,review
446,14.866667,349,11.633333,0.086612,review
447,14.9,350,11.666667,0.086579,review
448,14.933333,350,11.666667,0.086547,review
449,14.966667,351,11.7,0.086514,review
450,15.0,351,11.7,0.086481,review
451,15.033333,352,11.733333,0.086448,review
452,15.066667,352,11.733333,0.086415,review
453,15.1,353,11.766667,0.086382,review
454,15.133333,353,11.766667,0.08635,review
455,15.166667,354,11.8,0.086317,review
456,15.2,354,11.8,0.086284,review
457,15.233333,355,11.833333,0.080399,review
458,15.266667,355,11.833333,0.074515,review
459,15.3,356,11.866667,0.06863,review
460,15.333333,356,11.866667,0.062746,review
461,15.366667,357,11.9,0.056862,review
462,15.4,357,11.9,0.050977,review
463,15.433333,358,11.933333,0.045093,review
464,15.466667,358,11.933333,0.039208,review
465,15.5,358,11.933333,0.033324,review
466,15.533333,359,11.966667,0.027439,review
467,15.566667,359,11.966667,0.021555,review
468,15.6,360,12.0,0.01567,review
469,15.633333,360,12.0,0.014364,review
470,15.666667,361,12.033333,0.013058,review
471,15.7,361,12.033333,0.011753,review
472,15.733333,362,12.066667,0.010447,review
473,15.766667,362,12.066667,0.009141,review
474,15.8,363,12.1,0.007835,review
475,15.833333,363,12.1,0.006529,review
476,15.866667,364,12.133333,0.005223,review
477,15.9,364,12.133333,0.003918,review
478,15.933333,365,12.166667,0.002612,review
479,15.966667,365,12.166667,0.001306,review
480,16.0,366,12.2,0.0,review
481,16.033333,366,12.2,0.006224,review
482,16.066667,367,12.233333,0.012448,review
483,16.1,367,12.233333,0.018672,review
484,16.133333,368,12.266667,0.024895,review
485,16.166667,368,12.266667,0.031119,review
486,16.2,369,12.3,0.037343,review
487,16.233333,369,12.3,0.043567,review
488,16.266667,370,12.333333,0.049791,review
489,16.3,370,12.333333,0.056015,review
490,16.333333,371,12.366667,0.062238,review
491,16.366667,371,12.366667,0.068462,review
492,16.4,372,12.4,0.074686,review
493,16.433333,372,12.4,0.079163,review
494,16.466667,373,12.433333,0.083641,review
495,16.5,374,12.466667,0.088118,review
496,16.533333,374,12.466667,0.092595,review
497,16.566667,375,12.5,0.097072,review
498,16.6,375,12.5,0.10155,review
499,16.633333,376,12.533333,0.106027,review
500,16.666667,376,12.533333,0.110504,review
501,16.7,377,12.566667,0.114981,review
502,16.733333,377,12.566667,0.119459,review
503,16.766667,378,12.6,0.123936,review
504,16.8,378,12.6,0.128413,review
505,16.833333,379,12.633333,0.12721,review
506,16.866667,379,12.633333,0.126007,review
507,16.9,380,12.666667,0.124804,review
508,16.933333,380,12.666667,0.123601,review
509,16.966667,381,12.7,0.122398,review
510,17.0,381,12.7,0.121195,review
511,17.033333,382,12.733333,0.119992,review
512,17.066667,382,12.733333,0.118789,review
513,17.1,383,12.766667,0.117586,review
514,17.133333,383,12.766667,0.116383,review
515,17.166667,383,12.766667,0.11518,review
516,17.2,384,12.8,0.113977,review
517,17.233333,384,12.8,0.104479,review
518,17.266667,385,12.833333,0.094981,review
519,17.3,385,12.833333,0.085483,review
520,17.333333,386,12.866667,0.075985,review
521,17.366667,386,12.866667,0.066487,review
522,17.4,387,12.9,0.056989,review
523,17.433333,387,12.9,0.047491,review
524,17.466667,388,12.933333,0.037992,review
525,17.5,388,12.933333,0.028494,review
526,17.533333,389,12.966667,0.018996,review
527,17.566667,389,12.966667,0.009498,review
528,17.6,390,13.0,0.0,review
529,17.633333,390,13.0,0.002639,review
530,17.666667,391,13.033333,0.005278,review
531,17.7,391,13.033333,0.007918,review
532,17.733333,392,13.066667,0.010557,review
533,17.766667,392,13.066667,0.013196,review
534,17.8,393,13.1,0.015835,review
535,17.833333,393,13.1,0.018475,review
536,17.866667,394,13.133333,0.021114,review
537,17.9,394,13.133333,0.023753,review
538,17.933333,395,13.166667,0.026392,review
539,17.966667,395,13.166667,0.029032,review
540,18.0,396,13.2,0.031671,review
541,18.033333,396,13.2,0.036509,review
542,18.066667,397,13.233333,0.041346,review
543,18.1,397,13.233333,0.046184,review
544,18.133333,398,13.266667,0.051021,review
545,18.166667,398,13.266667,0.055859,review
546,18.2,399,13.3,0.060697,review
547,18.233333,399,13.3,0.065534,review
548,18.266667,400,13.333333,0.070372,review
549,18.3,400,13.333333,0.075209,review
550,18.333333,401,13.366667,0.080047,review
551,18.366667,401,13.366667,0.084884,review
552,18.4,402,13.4,0.089722,review
553,18.433333,402,13.4,0.093652,review
554,18.466667,403,13.433333,0.097582,review
555,18.5,404,13.466667,0.101512,review
556,18.533333,404,13.466667,0.105442,review
557,18.566667,405,13.5,0.109372,review
558,18.6,405,13.5,0.113302,review
559,18.633333,406,13.533333,0.117231,review
560,18.666667,406,13.533333,0.121161,review
561,18.7,407,13.566667,0.125091,review
562,18.733333,407,13.566667,0.129021,review
563,18.766667,408,13.6,0.132951,review
564,18.8,408,13.6,0.136881,review
565,18.833333,409,13.633333,0.129489,review
566,18.866667,409,13.633333,0.122097,review
567,18.9,410,13.666667,0.114705,review
568,18.933333,410,13.666667,0.107313,review
569,18.966667,411,13.7,0.099921,review
570,19.0,411,13.7,0.092529,review
571,19.033333,412,13.733333,0.085137,review
572,19.066667,412,13.733333,0.077745,review
573,19.1,413,13.766667,0.070353,review
574,19.133333,413,13.766667,0.062961,review
575,19.166667,413,13.766667,0.055569,review
576,19.2,414,13.8,0.048177,review
577,19.233333,414,13.8,0.049747,review
578,19.266667,415,13.833333,0.051317,review
579,19.3,415,13.833333,0.052887,review
580,19.333333,416,13.866667,0.054457,review
581,19.366667,416,13.866667,0.056027,review
582,19.4,417,13.9,0.057596,review
583,19.433333,417,13.9,0.059166,review
584,19.466667,418,13.933333,0.060736,review
585,19.5,418,13.933333,0.062306,review
586,19.533333,419,13.966667,0.063876,review
587,19.566667,419,13.966667,0.065446,review
588,19.6,420,14.0,0.067016,review
589,19.633333,420,14.0,0.070463,review
590,19.666667,421,14.033333,0.073909,review
591,19.7,421,14.033333,0.077356,review
592,19.733333,422,14.066667,0.080802,review
593,19.766667,422,14.066667,0.084249,review
594,19.8,423,14.1,0.087695,review
595,19.833333,423,14.1,0.091142,review
596,19.866667,424,14.133333,0.094589,review
597,19.9,424,14.133333,0.098035,review
598,19.933333,425,14.166667,0.101482,review
599,19.966667,425,14.166667,0.104928,review
600,20.0,426,14.2,0.108375,review
601,20.033333,426,14.2,0.105,review
602,20.066667,427,14.233333,0.101624,review
603,20.1,427,14.233333,0.098249,review
604,20.133333,428,14.266667,0.094873,review
605,20.166667,428,14.266667,0.091498,review
606,20.2,429,14.3,0.088122,review
607,20.233333,429,14.3,0.084747,review
608,20.266667,430,14.333333,0.081372,review
609,20.3,430,14.333333,0.077996,review
610,20.333333,431,14.366667,0.074621,review
611,20.366667,431,14.366667,0.071245,review
612,20.4,432,14.4,0.06787,review
613,20.433333,432,14.4,0.072328,review
614,20.466667,433,14.433333,0.076785,review
615,20.5,434,14.466667,0.081243,review
616,20.533333,434,14.466667,0.085701,review
617,20.566667,435,14.5,0.090158,review
618,20.6,435,14.5,0.094616,review
619,20.633333,436,14.533333,0.099074,review
620,20.666667,436,14.533333,0.103531,review
621,20.7,437,14.566667,0.107989,review
622,20.733333,437,14.566667,0.112447,review
623,20.766667,438,14.6,0.116904,review
624,20.8,438,14.6,0.121362,review
625,20.833333,439,14.633333,0.124218,review
626,20.866667,439,14.633333,0.127074,review
627,20.9,440,14.666667,0.129929,review
628,20.933333,440,14.666667,0.132785,review
629,20.966667,441,14.7,0.135641,review
630,21.0,441,14.7,0.138497,review
631,21.033333,442,14.733333,0.141352,review
632,21.066667,442,14.733333,0.144208,review
633,21.1,443,14.766667,0.147064,review
634,21.133333,443,14.766667,0.149919,review
635,21.166667,443,14.766667,0.152775,review
636,21.2,444,14.8,0.155631,review
637,21.233333,446,14.866667,0.142328,review
638,21.266667,448,14.933333,0.129025,review
639,21.3,450,15.0,0.115722,review
640,21.333333,452,15.066667,0.102419,review
641,21.366667,454,15.133333,0.089116,review
642,21.4,456,15.2,0.075813,review
643,21.433333,456,15.2,0.080663,review
644,21.466667,457,15.233333,0.085512,review
645,21.5,458,15.266667,0.090362,review
646,21.533333,458,15.266667,0.095212,review
647,21.566667,458,15.266667,0.100061,review
648,21.6,459,15.3,0.104911,review
649,21.633333,460,15.333333,0.109761,review
650,21.666667,460,15.333333,0.11461,review
651,21.7,460,15.333333,0.11946,review
652,21.733333,461,15.366667,0.12431,review
653,21.766667,462,15.4,0.129159,review
654,21.8,462,15.4,0.134009,review
655,21.833333,462,15.4,0.122841,review
656,21.866667,463,15.433333,0.111674,review
657,21.9,464,15.466667,0.100507,review
658,21.933333,464,15.466667,0.089339,review
659,21.966667,464,15.466667,0.078172,review
660,22.0,465,15.5,0.067005,review
661,22.033333,466,15.533333,0.055837,review
662,22.066667,466,15.533333,0.04467,review
663,22.1,466,15.533333,0.033502,review
664,22.133333,467,15.566667,0.022335,review
665,22.166667,468,15.6,0.011168,review
666,22.2,468,15.6,0.0,review
667,22.233333,468,15.6,0.000849,review
668,22.266667,469,15.633333,0.001698,review
669,22.3,470,15.666667,0.002547,review
670,22.333333,470,15.666667,0.003396,review
671,22.366667,470,15.666667,0.004245,review
672,22.4,471,15.7,0.005093,review
673,22.433333,472,15.733333,0.005942,review
674,22.466667,472,15.733333,0.006791,review
675,22.5,472,15.733333,0.00764,review
676,22.533333,473,15.766667,0.008489,review
677,22.566667,474,15.8,0.009338,review
678,22.6,474,15.8,0.010187,review
679,22.633333,474,15.8,0.013786,review
680,22.666667,475,15.833333,0.017384,review
681,22.7,476,15.866667,0.020983,review
682,22.733333,476,15.866667,0.024582,review
683,22.766667,476,15.866667,0.02818,review
684,22.8,477,15.9,0.031779,review
685,22.833333,478,15.933333,0.035378,review
686,22.866667,478,15.933333,0.038976,review
687,22.9,478,15.933333,0.042575,review
688,22.933333,479,15.966667,0.046174,review
689,22.966667,480,16.0,0.049772,review
690,23.0,480,16.0,0.053371,review
691,23.033333,481,16.033333,0.052402,review
692,23.066667,481,16.033333,0.051433,review
693,23.1,482,16.066667,0.050463,review
694,23.133333,482,16.066667,0.049494,review
695,23.166667,483,16.1,0.048525,review
696,23.2,483,16.1,0.047556,review
697,23.233333,484,16.133333,0.046587,review
698,23.266667,484,16.133333,0.045618,review
699,23.3,485,16.166667,0.044648,review
700,23.333333,485,16.166667,0.043679,review
701,23.366667,486,16.2,0.04271,review
702,23.4,486,16.2,0.041741,review
703,23.433333,487,16.233333,0.038263,review
704,23.466667,487,16.233333,0.034784,review
705,23.5,488,16.266667,0.031306,review
706,23.533333,488,16.266667,0.027827,review
707,23.566667,489,16.3,0.024349,review
708,23.6,489,16.3,0.02087,review
709,23.633333,490,16.333333,0.017392,review
710,23.666667,490,16.333333,0.013914,review
711,23.7,491,16.366667,0.010435,review
712,23.733333,491,16.366667,0.006957,review
713,23.766667,492,16.4,0.003478,review
714,23.8,492,16.4,0.0,review
715,23.833333,492,16.4,0.005601,review
716,23.866667,493,16.433333,0.011202,review
717,23.9,494,16.466667,0.016804,review
718,23.933333,494,16.466667,0.022405,review
719,23.966667,494,16.466667,0.028006,review
720,24.0,495,16.5,0.033607,review
721,24.033333,496,16.533333,0.039208,review
722,24.066667,496,16.533333,0.044809,review
723,24.1,496,16.533333,0.05041,review
724,24.133333,497,16.566667,0.056012,review
725,24.166667,498,16.6,0.061613,review
726,24.2,498,16.6,0.067214,review
727,24.233333,498,16.6,0.072584,review
728,24.266667,499,16.633333,0.077954,review
729,24.3,499,16.633333,0.083324,review
730,24.333333,500,16.666667,0.088695,review
731,24.366667,500,16.666667,0.094065,review
732,24.4,501,16.7,0.099435,review
733,24.433333,501,16.7,0.104805,review
734,24.466667,502,16.733333,0.110175,review
735,24.5,502,16.733333,0.115545,review
736,24.533333,503,16.766667,0.120916,review
737,24.566667,503,16.766667,0.126286,review
738,24.6,504,16.8,0.131656,review
739,24.633333,504,16.8,0.129226,review
740,24.666667,505,16.833333,0.126796,review
741,24.7,505,16.833333,0.124365,review
742,24.733333,506,16.866667,0.121935,review
743,24.766667,506,16.866667,0.119505,review
744,24.8,507,16.9,0.117075,review
745,24.833333,507,16.9,0.114644,review
746,24.866667,508,16.933333,0.112214,review
747,24.9,508,16.933333,0.109784,review
748,24.933333,509,16.966667,0.107354,review
749,24.966667,509,16.966667,0.104923,review
750,25.0,510,17.0,0.102493,review
751,25.033333,511,17.033333,0.10448,review
752,25.066667,511,17.033333,0.106466,review
753,25.1,512,17.066667,0.108453,review
754,25.133333,512,17.066667,0.110439,review
755,25.166667,513,17.1,0.112426,review
756,25.2,513,17.1,0.114413,review
757,25.233333,514,17.133333,0.116399,review
758,25.266667,514,17.133333,0.118386,review
759,25.3,515,17.166667,0.120372,review
760,25.333333,515,17.166667,0.122359,review
761,25.366667,516,17.2,0.124345,review
762,25.4,516,17.2,0.126332,review
763,25.433333,518,17.266667,0.105277,review
764,25.466667,520,17.333333,0.084221,review
765,25.5,522,17.4,0.063166,review
766,25.533333,524,17.466667,0.042111,review
767,25.566667,526,17.533333,0.021055,review
768,25.6,528,17.6,0.0,review
769,25.633333,529,17.633333,0.009126,review
770,25.666667,529,17.633333,0.018251,review
771,25.7,529,17.633333,0.027377,review
772,25.733333,530,17.666667,0.036503,review
773,25.766667,530,17.666667,0.045629,review
774,25.8,531,17.7,0.054754,review
775,25.833333,531,17.7,0.06388,review
776,25.866667,532,17.733333,0.073006,review
777,25.9,532,17.733333,0.082132,review
778,25.933333,533,17.766667,0.091257,review
779,25.966667,533,17.766667,0.100383,review
780,26.0,534,17.8,0.109509,review
781,26.033333,536,17.866667,0.127865,review
782,26.066667,538,17.933333,0.146222,review
783,26.1,540,18.0,0.164578,review
784,26.133333,542,18.066667,0.182934,review
785,26.166667,544,18.133333,0.20129,review
786,26.2,546,18.2,0.219647,review
787,26.233333,547,18.233333,0.214937,review
788,26.266667,547,18.233333,0.210226,review
789,26.3,548,18.266667,0.205516,review
790,26.333333,548,18.266667,0.200806,review
791,26.366667,548,18.266667,0.196095,review
792,26.4,549,18.3,0.191385,review
793,26.433333,549,18.3,0.186675,review
794,26.466667,550,18.333333,0.181964,review
795,26.5,550,18.333333,0.177254,review
796,26.533333,551,18.366667,0.172544,review
797,26.566667,551,18.366667,0.167833,review
798,26.6,552,18.4,0.163123,review
799,26.633333,554,18.466667,0.148072,review
800,26.666667,556,18.533333,0.133021,review
801,26.7,558,18.6,0.11797,review
802,26.733333,560,18.666667,0.102919,review
803,26.766667,562,18.733333,0.087868,review
804,26.8,564,18.8,0.072817,review
805,26.833333,566,18.866667,0.06243,review
806,26.866667,568,18.933333,0.052044,review
807,26.9,570,19.0,0.041657,review
808,26.933333,572,19.066667,0.03127,review
809,26.966667,574,19.133333,0.020884,review
810,27.0,576,19.2,0.010497,review
811,27.033333,578,19.266667,0.008748,review
812,27.066667,580,19.333333,0.006998,review
813,27.1,582,19.4,0.005249,review
814,27.133333,584,19.466667,0.003499,review
815,27.166667,586,19.533333,0.00175,review
816,27.2,588,19.6,0.0,review
817,27.233333,588,19.6,0.017009,review
818,27.266667,589,19.633333,0.034019,review
819,27.3,589,19.633333,0.051029,review
820,27.333333,590,19.666667,0.068038,review
821,27.366667,590,19.666667,0.085048,review
822,27.4,591,19.7,0.102058,review
823,27.433333,591,19.7,0.119067,review
824,27.466667,592,19.733333,0.136077,review
825,27.5,592,19.733333,0.153087,review
826,27.533333,593,19.766667,0.170096,review
827,27.566667,593,19.766667,0.187106,review
828,27.6,594,19.8,0.204116,review
829,27.633333,594,19.8,0.193066,review
830,27.666667,595,19.833333,0.182017,review
831,27.7,595,19.833333,0.170967,review
832,27.733333,596,19.866667,0.159917,review
833,27.766667,596,19.866667,0.148868,review
834,27.8,597,19.9,0.137818,review
835,27.833333,597,19.9,0.126768,review
836,27.866667,598,19.933333,0.115719,review
837,27.9,598,19.933333,0.104669,review
838,27.933333,599,19.966667,0.093619,review
839,27.966667,599,19.966667,0.08257,review
840,28.0,600,20.0,0.07152,review
841,28.033333,601,20.033333,0.10479,review
842,28.066667,601,20.033333,0.13806,review
843,28.1,602,20.066667,0.17133,review
844,28.133333,602,20.066667,0.2046,review
845,28.166667,603,20.1,0.237871,review
846,28.2,603,20.1,0.271141,review
847,28.233333,604,20.133333,0.304411,review
848,28.266667,604,20.133333,0.337681,review
849,28.3,605,20.166667,0.370951,matched
850,28.333333,605,20.166667,0.404221,matched
851,28.366667,606,20.2,0.437491,matched
852,28.4,606,20.2,0.470761,matched
853,28.433333,607,20.233333,0.455384,matched
854,28.466667,607,20.233333,0.440006,matched
855,28.5,608,20.266667,0.424629,matched
856,28.533333,608,20.266667,0.409252,matched
857,28.566667,609,20.3,0.393874,matched
858,28.6,609,20.3,0.378497,matched
859,28.633333,610,20.333333,0.36312,matched
860,28.666667,610,20.333333,0.347743,review
861,28.7,611,20.366667,0.332365,review
862,28.733333,611,20.366667,0.316988,review
863,28.766667,612,20.4,0.301611,review
864,28.8,612,20.4,0.286233,review
865,28.833333,612,20.4,0.262381,review
866,28.866667,613,20.433333,0.238528,review
867,28.9,614,20.466667,0.214675,review
868,28.933333,614,20.466667,0.190822,review
869,28.966667,614,20.466667,0.16697,review
870,29.0,615,20.5,0.143117,review
871,29.033333,616,20.533333,0.119264,review
872,29.066667,616,20.533333,0.095412,review
873,29.1,616,20.533333,0.071559,review
874,29.133333,617,20.566667,0.047706,review
875,29.166667,618,20.6,0.023853,review
876,29.2,618,20.6,1e-06,review
877,29.233333,618,20.6,7e-05,review
878,29.266667,619,20.633333,0.000139,review
879,29.3,619,20.633333,0.000209,review
880,29.333333,620,20.666667,0.000279,review
881,29.366667,620,20.666667,0.000348,review
882,29.4,621,20.7,0.000418,review
883,29.433333,621,20.7,0.000488,review
884,29.466667,622,20.733333,0.000557,review
885,29.5,622,20.733333,0.000627,review
886,29.533333,623,20.766667,0.000697,review
887,29.566667,623,20.766667,0.000766,review
888,29.6,624,20.8,0.000836,review
889,29.633333,624,20.8,0.004152,review
890,29.666667,625,20.833333,0.007469,review
891,29.7,625,20.833333,0.010785,review
892,29.733333,626,20.866667,0.014102,review
893,29.766667,626,20.866667,0.017418,review
894,29.8,627,20.9,0.020734,review
895,29.833333,627,20.9,0.024051,review
896,29.866667,628,20.933333,0.027367,review
897,29.9,628,20.933333,0.030684,review
898,29.933333,629,20.966667,0.034,review
899,29.966667,629,20.966667,0.037317,review
900,30.0,630,21.0,0.040633,review
901,30.033333,631,21.033333,0.053579,review
902,30.066667,631,21.033333,0.066525,review
903,30.1,632,21.066667,0.079471,review
904,30.133333,632,21.066667,0.092417,review
905,30.166667,633,21.1,0.105363,review
906,30.2,633,21.1,0.118309,review
907,30.233333,634,21.133333,0.131255,review
908,30.266667,634,21.133333,0.144201,review
909,30.3,635,21.166667,0.157147,review
910,30.333333,635,21.166667,0.170093,review
911,30.366667,636,21.2,0.183039,review
912,30.4,636,21.2,0.195985,review
913,30.433333,637,21.233333,0.190183,review
914,30.466667,637,21.233333,0.184381,review
915,30.5,638,21.266667,0.178579,review
916,30.533333,638,21.266667,0.172777,review
917,30.566667,639,21.3,0.166975,review
918,30.6,639,21.3,0.161173,review
919,30.633333,640,21.333333,0.155371,review
920,30.666667,640,21.333333,0.14957,review
921,30.7,641,21.366667,0.143768,review
922,30.733333,641,21.366667,0.137966,review
923,30.766667,642,21.4,0.132164,review
924,30.8,642,21.4,0.126362,review
925,30.833333,642,21.4,0.131598,review
926,30.866667,643,21.433333,0.136833,review
927,30.9,644,21.466667,0.142069,review
928,30.933333,644,21.466667,0.147304,review
929,30.966667,644,21.466667,0.15254,review
930,31.0,645,21.5,0.157775,review
931,31.033333,646,21.533333,0.163011,review
932,31.066667,646,21.533333,0.168247,review
933,31.1,646,21.533333,0.173482,review
934,31.133333,647,21.566667,0.178718,review
935,31.166667,648,21.6,0.183953,review
936,31.2,648,21.6,0.189189,review
937,31.233333,648,21.6,0.173424,review
938,31.266667,649,21.633333,0.157658,review
939,31.3,649,21.633333,0.141892,review
940,31.333333,650,21.666667,0.126126,review
941,31.366667,650,21.666667,0.110361,review
942,31.4,651,21.7,0.094595,review
943,31.433333,651,21.7,0.078829,review
944,31.466667,652,21.733333,0.063063,review
945,31.5,652,21.733333,0.047297,review
946,31.533333,653,21.766667,0.031532,review
947,31.566667,653,21.766667,0.015766,review
948,31.6,654,21.8,0.0,review
949,31.633333,654,21.8,0.0,review
950,31.666667,655,21.833333,0.0,review
951,31.7,655,21.833333,0.0,review
952,31.733333,656,21.866667,0.0,review
953,31.766667,656,21.866667,0.0,review
954,31.8,657,21.9,0.0,review
955,31.833333,657,21.9,0.0,review
956,31.866667,658,21.933333,0.0,review
957,31.9,658,21.933333,0.0,review
958,31.933333,659,21.966667,0.0,review
959,31.966667,659,21.966667,0.0,review
960,32.0,660,22.0,0.0,review
961,32.033333,662,22.066667,0.0,review
962,32.066667,664,22.133333,0.0,review
963,32.1,666,22.2,0.0,review
964,32.133333,668,22.266667,0.0,review
965,32.166667,670,22.333333,0.0,review
966,32.2,672,22.4,0.0,review
967,32.233333,672,22.4,0.0,review
968,32.266667,673,22.433333,0.0,review
969,32.3,673,22.433333,0.0,review
970,32.333333,674,22.466667,0.0,review
971,32.366667,675,22.5,0.0,review
972,32.4,675,22.5,0.0,review
973,32.433333,676,22.533333,0.0,review
974,32.466667,676,22.533333,0.0,review
975,32.5,677,22.566667,0.0,review
976,32.533333,677,22.566667,0.0,review
977,32.566667,678,22.6,0.0,review
978,32.6,678,22.6,0.0,review
979,32.633333,680,22.666667,0.0,review
980,32.666667,682,22.733333,0.0,review
981,32.7,684,22.8,0.0,review
982,32.733333,686,22.866667,0.0,review
983,32.766667,688,22.933333,0.0,review
984,32.8,690,23.0,0.0,review
985,32.833333,692,23.066667,0.0,review
986,32.866667,694,23.133333,0.0,review
987,32.9,696,23.2,0.0,review
988,32.933333,698,23.266667,0.0,review
989,32.966667,700,23.333333,0.0,review
990,33.0,702,23.4,0.0,review
991,33.033333,702,23.4,0.003266,review
992,33.066667,703,23.433333,0.006532,review
993,33.1,703,23.433333,0.009798,review
994,33.133333,704,23.466667,0.013065,review
995,33.166667,704,23.466667,0.016331,review
996,33.2,705,23.5,0.019597,review
997,33.233333,705,23.5,0.022863,review
998,33.266667,706,23.533333,0.026129,review
999,33.3,706,23.533333,0.029395,review
1000,33.333333,707,23.566667,0.032662,review
1001,33.366667,707,23.566667,0.035928,review
1002,33.4,708,23.6,0.039194,review
1003,33.433333,708,23.6,0.035928,review
1004,33.466667,709,23.633333,0.032662,review
1005,33.5,709,23.633333,0.029396,review
1006,33.533333,710,23.666667,0.026129,review
1007,33.566667,710,23.666667,0.022863,review
1008,33.6,711,23.7,0.019597,review
1009,33.633333,711,23.7,0.016331,review
1010,33.666667,712,23.733333,0.013065,review
1011,33.7,712,23.733333,0.009798,review
1012,33.733333,713,23.766667,0.006532,review
1013,33.766667,713,23.766667,0.003266,review
1014,33.8,714,23.8,0.0,review
1015,33.833333,714,23.8,0.0,review
1016,33.866667,715,23.833333,0.0,review
1017,33.9,715,23.833333,0.0,review
1018,33.933333,716,23.866667,0.0,review
1019,33.966667,716,23.866667,0.0,review
1020,34.0,717,23.9,0.0,review
1021,34.033333,717,23.9,0.0,review
1022,34.066667,718,23.933333,0.0,review
1023,34.1,718,23.933333,0.0,review
1024,34.133333,719,23.966667,0.0,review
1025,34.166667,719,23.966667,0.0,review
1026,34.2,720,24.0,0.0,review
1027,34.233333,720,24.0,0.0,review
1028,34.266667,721,24.033333,0.0,review
1029,34.3,722,24.066667,0.0,review
1030,34.333333,722,24.066667,0.0,review
1031,34.366667,723,24.1,0.0,review
1032,34.4,723,24.1,0.0,review
1033,34.433333,724,24.133333,0.0,review
1034,34.466667,724,24.133333,0.0,review
1035,34.5,725,24.166667,0.0,review
1036,34.533333,725,24.166667,0.0,review
1037,34.566667,726,24.2,0.0,review
1038,34.6,726,24.2,0.0,review
1039,34.633333,727,24.233333,0.0,review
1040,34.666667,727,24.233333,0.0,review
1041,34.7,728,24.266667,0.0,review
1042,34.733333,728,24.266667,0.0,review
1043,34.766667,729,24.3,0.0,review
1044,34.8,729,24.3,0.0,review
1045,34.833333,730,24.333333,0.0,review
1046,34.866667,730,24.333333,0.0,review
1047,34.9,731,24.366667,0.0,review
1048,34.933333,731,24.366667,0.0,review
1049,34.966667,731,24.366667,0.0,review
1050,35.0,732,24.4,0.0,review
1051,35.033333,732,24.4,0.0,review
1052,35.066667,733,24.433333,0.0,review
1053,35.1,733,24.433333,0.0,review
1054,35.133333,734,24.466667,0.0,review
1055,35.166667,734,24.466667,0.0,review
1056,35.2,735,24.5,0.0,review
1057,35.233333,735,24.5,0.0,review
1058,35.266667,736,24.533333,0.0,review
1059,35.3,736,24.533333,0.0,review
1060,35.333333,737,24.566667,0.0,review
1061,35.366667,737,24.566667,0.0,review
1062,35.4,738,24.6,0.0,review
1063,35.433333,740,24.666667,0.0,review
1064,35.466667,742,24.733333,0.0,review
1065,35.5,744,24.8,0.0,review
1066,35.533333,746,24.866667,0.0,review
1067,35.566667,748,24.933333,0.0,review
1068,35.6,750,25.0,0.0,review
1069,35.633333,752,25.066667,0.0,review
1070,35.666667,754,25.133333,0.0,review
1071,35.7,756,25.2,0.0,review
1072,35.733333,758,25.266667,0.0,review
1073,35.766667,760,25.333333,0.0,review
1074,35.8,762,25.4,0.0,review
1075,35.833333,762,25.4,0.002198,review
1076,35.866667,763,25.433333,0.004396,review
1077,35.9,764,25.466667,0.006594,review
1078,35.933333,764,25.466667,0.008792,review
1079,35.966667,764,25.466667,0.01099,review
1080,36.0,765,25.5,0.013188,review
1081,36.033333,766,25.533333,0.015386,review
1082,36.066667,766,25.533333,0.017584,review
1083,36.1,766,25.533333,0.019782,review
1084,36.133333,767,25.566667,0.02198,review
1085,36.166667,768,25.6,0.024178,review
1086,36.2,768,25.6,0.026376,review
1087,36.233333,768,25.6,0.032572,review
1088,36.266667,769,25.633333,0.038768,review
1089,36.3,770,25.666667,0.044963,review
1090,36.333333,770,25.666667,0.051159,review
1091,36.366667,770,25.666667,0.057355,review
1092,36.4,771,25.7,0.063551,review
1093,36.433333,772,25.733333,0.069747,review
1094,36.466667,772,25.733333,0.075943,review
1095,36.5,772,25.733333,0.082139,review
1096,36.533333,773,25.766667,0.088335,review
1097,36.566667,774,25.8,0.09453,review
1098,36.6,774,25.8,0.100727,review
1099,36.633333,774,25.8,0.122063,review
1100,36.666667,775,25.833333,0.143399,review
1101,36.7,776,25.866667,0.164736,review
1102,36.733333,776,25.866667,0.186072,review
1103,36.766667,776,25.866667,0.207408,review
1104,36.8,777,25.9,0.228744,review
1105,36.833333,778,25.933333,0.250081,review
1106,36.866667,778,25.933333,0.271417,review
1107,36.9,778,25.933333,0.292753,review
1108,36.933333,779,25.966667,0.314089,review
1109,36.966667,780,26.0,0.335426,review
1110,37.0,780,26.0,0.356762,matched
1111,37.033333,780,26.0,0.342407,review
1112,37.066667,781,26.033333,0.328051,review
1113,37.1,782,26.066667,0.313696,review
1114,37.133333,782,26.066667,0.299341,review
1115,37.166667,782,26.066667,0.284985,review
1116,37.2,783,26.1,0.27063,review
1117,37.233333,784,26.133333,0.256274,review
1118,37.266667,784,26.133333,0.241919,review
1119,37.3,784,26.133333,0.227564,review
1120,37.333333,785,26.166667,0.213208,review
1121,37.366667,786,26.2,0.198853,review
1122,37.4,786,26.2,0.184498,review
1123,37.433333,786,26.2,0.193591,review
1124,37.466667,787,26.233333,0.202685,review
1125,37.5,788,26.266667,0.211779,review
1126,37.533333,788,26.266667,0.220873,review
1127,37.566667,788,26.266667,0.229968,review
1128,37.6,789,26.3,0.239062,review
1129,37.633333,790,26.333333,0.248156,review
1130,37.666667,790,26.333333,0.25725,review
1131,37.7,790,26.333333,0.266345,review
1132,37.733333,791,26.366667,0.275439,review
1133,37.766667,792,26.4,0.284533,review
1134,37.8,792,26.4,0.293627,review
1135,37.833333,792,26.4,0.278662,review
1136,37.866667,793,26.433333,0.263697,review
1137,37.9,794,26.466667,0.248732,review
1138,37.933333,794,26.466667,0.233768,review
1139,37.966667,794,26.466667,0.218803,review
1140,38.0,795,26.5,0.203838,review
1141,38.033333,796,26.533333,0.188873,review
1142,38.066667,796,26.533333,0.173908,review
1143,38.1,796,26.533333,0.158944,review
1144,38.133333,797,26.566667,0.143979,review
1145,38.166667,798,26.6,0.129014,review
1146,38.2,798,26.6,0.114049,review
1147,38.233333,798,26.6,0.12663,review
1148,38.266667,799,26.633333,0.139211,review
1149,38.3,800,26.666667,0.151792,review
1150,38.333333,800,26.666667,0.164373,review
1151,38.366667,800,26.666667,0.176954,review
1152,38.4,801,26.7,0.189535,review
1153,38.433333,802,26.733333,0.202116,review
1154,38.466667,802,26.733333,0.214697,review
1155,38.5,802,26.733333,0.227278,review
1156,38.533333,803,26.766667,0.239859,review
1157,38.566667,804,26.8,0.25244,review
1158,38.6,804,26.8,0.265021,review
1159,38.633333,804,26.8,0.287413,review
1160,38.666667,805,26.833333,0.309806,review
1161,38.7,806,26.866667,0.332198,review
1162,38.733333,806,26.866667,0.35459,matched
1163,38.766667,806,26.866667,0.376983,matched
1164,38.8,807,26.9,0.399375,matched
1165,38.833333,808,26.933333,0.421767,matched
1166,38.866667,808,26.933333,0.44416,matched
1167,38.9,808,26.933333,0.466552,matched
1168,38.933333,809,26.966667,0.488944,matched
1169,38.966667,810,27.0,0.511337,matched
1170,39.0,810,27.0,0.533729,matched
1171,39.033333,810,27.0,0.525369,matched
1172,39.066667,811,27.033333,0.517008,matched
1173,39.1,812,27.066667,0.508648,matched
1174,39.133333,812,27.066667,0.500288,matched
1175,39.166667,812,27.066667,0.491928,matched
1176,39.2,813,27.1,0.483567,matched
1177,39.233333,814,27.133333,0.475207,matched
1178,39.266667,814,27.133333,0.466847,matched
1179,39.3,814,27.133333,0.458486,matched
1180,39.333333,815,27.166667,0.450126,matched
1181,39.366667,816,27.2,0.441766,matched
1182,39.4,816,27.2,0.433405,matched
1183,39.433333,816,27.2,0.429177,matched
1184,39.466667,817,27.233333,0.424948,matched
1185,39.5,818,27.266667,0.42072,matched
1186,39.533333,818,27.266667,0.416491,matched
1187,39.566667,818,27.266667,0.412263,matched
1188,39.6,819,27.3,0.408035,matched
1189,39.633333,820,27.333333,0.403806,matched
1190,39.666667,820,27.333333,0.399578,matched
1191,39.7,820,27.333333,0.395349,matched
1192,39.733333,821,27.366667,0.391121,matched
1193,39.766667,822,27.4,0.386892,matched
1194,39.8,822,27.4,0.382664,matched
1195,39.833333,822,27.4,0.381553,matched
1196,39.866667,823,27.433333,0.380442,matched
1197,39.9,824,27.466667,0.37933,matched
1198,39.933333,824,27.466667,0.378219,matched
1199,39.966667,824,27.466667,0.377108,matched
1200,40.0,825,27.5,0.375997,matched
1201,40.033333,826,27.533333,0.374886,matched
1202,40.066667,826,27.533333,0.373775,matched
1203,40.1,826,27.533333,0.372664,matched
1204,40.133333,827,27.566667,0.371552,matched
1205,40.166667,828,27.6,0.370441,matched
1206,40.2,828,27.6,0.36933,matched
1207,40.233333,828,27.6,0.377237,matched
1208,40.266667,829,27.633333,0.385145,matched
1209,40.3,830,27.666667,0.393052,matched
1210,40.333333,830,27.666667,0.40096,matched
1211,40.366667,830,27.666667,0.408868,matched
1212,40.4,831,27.7,0.416775,matched
1213,40.433333,832,27.733333,0.424683,matched
1214,40.466667,832,27.733333,0.43259,matched
1215,40.5,832,27.733333,0.440498,matched
1216,40.533333,833,27.766667,0.448405,matched
1217,40.566667,834,27.8,0.456313,matched
1218,40.6,834,27.8,0.46422,matched
1219,40.633333,834,27.8,0.463048,matched
1220,40.666667,835,27.833333,0.461877,matched
1221,40.7,836,27.866667,0.460705,matched
1222,40.733333,836,27.866667,0.459534,matched
1223,40.766667,836,27.866667,0.458362,matched
1224,40.8,837,27.9,0.45719,matched
1225,40.833333,838,27.933333,0.456019,matched
1226,40.866667,838,27.933333,0.454847,matched
1227,40.9,838,27.933333,0.453676,matched
1228,40.933333,839,27.966667,0.452504,matched
1229,40.966667,840,28.0,0.451333,matched
1230,41.0,840,28.0,0.450161,matched
1231,41.033333,840,28.0,0.457214,matched
1232,41.066667,841,28.033333,0.464267,matched
1233,41.1,842,28.066667,0.47132,matched
1234,41.133333,842,28.066667,0.478373,matched
1235,41.166667,842,28.066667,0.485426,matched
1236,41.2,843,28.1,0.492479,matched
1237,41.233333,844,28.133333,0.499532,matched
1238,41.266667,844,28.133333,0.506585,matched
1239,41.3,844,28.133333,0.513638,matched
1240,41.333333,845,28.166667,0.520691,matched
1241,41.366667,846,28.2,0.527744,matched
1242,41.4,846,28.2,0.534797,matched
1243,41.433333,848,28.266667,0.534725,matched
1244,41.466667,850,28.333333,0.534654,matched
1245,41.5,852,28.4,0.534582,matched
1246,41.533333,854,28.466667,0.53451,matched
1247,41.566667,856,28.533333,0.534439,matched
1248,41.6,858,28.6,0.534367,matched
1249,41.633333,860,28.666667,0.534102,matched
1250,41.666667,862,28.733333,0.533837,matched
1251,41.7,864,28.8,0.533573,matched
1252,41.733333,866,28.866667,0.533308,matched
1253,41.766667,868,28.933333,0.533043,matched
1254,41.8,870,29.0,0.532778,matched
1255,41.833333,871,29.033333,0.519252,matched
1256,41.866667,871,29.033333,0.505726,matched
1257,41.9,872,29.066667,0.4922,matched
1258,41.933333,872,29.066667,0.478674,matched
1259,41.966667,873,29.1,0.465148,matched
1260,42.0,873,29.1,0.451622,matched
1261,42.033333,874,29.133333,0.438095,matched
1262,42.066667,874,29.133333,0.424569,matched
1263,42.1,875,29.166667,0.411043,matched
1264,42.133333,875,29.166667,0.397517,matched
1265,42.166667,876,29.2,0.383991,matched
1266,42.2,876,29.2,0.370465,matched
1267,42.233333,877,29.233333,0.371045,matched
1268,42.266667,877,29.233333,0.371626,matched
1269,42.3,878,29.266667,0.372206,matched
1270,42.333333,878,29.266667,0.372786,matched
1271,42.366667,879,29.3,0.373366,matched
1272,42.4,879,29.3,0.373947,matched
1273,42.433333,880,29.333333,0.374527,matched
1274,42.466667,880,29.333333,0.375107,matched
1275,42.5,881,29.366667,0.375687,matched
1276,42.533333,881,29.366667,0.376268,matched
1277,42.566667,882,29.4,0.376848,matched
1278,42.6,882,29.4,0.377427,matched
1279,42.633333,883,29.433333,0.361879,matched
1280,42.666667,883,29.433333,0.346331,review
1281,42.7,884,29.466667,0.330783,review
1282,42.733333,884,29.466667,0.315235,review
1283,42.766667,885,29.5,0.299687,review
1284,42.8,885,29.5,0.284139,review
1285,42.833333,886,29.533333,0.268591,review
1286,42.866667,886,29.533333,0.253043,review
1287,42.9,887,29.566667,0.237495,review
1288,42.933333,887,29.566667,0.221947,review
1289,42.966667,888,29.6,0.206399,review
1290,43.0,888,29.6,0.190851,review
1291,43.033333,890,29.666667,0.189021,review
1292,43.066667,892,29.733333,0.18719,review
1293,43.1,894,29.8,0.18536,review
1294,43.133333,896,29.866667,0.183529,review
1295,43.166667,898,29.933333,0.181699,review
1296,43.2,900,30.0,0.179868,review
1297,43.233333,902,30.066667,0.192165,review
1298,43.266667,904,30.133333,0.204462,review
1299,43.3,906,30.2,0.21676,review
1300,43.333333,908,30.266667,0.229057,review
1301,43.366667,910,30.333333,0.241354,review
1302,43.4,912,30.4,0.253651,review
1303,43.433333,912,30.4,0.269303,review
1304,43.466667,913,30.433333,0.284955,review
1305,43.5,913,30.433333,0.300607,review
1306,43.533333,914,30.466667,0.316258,review
1307,43.566667,914,30.466667,0.33191,review
1308,43.6,915,30.5,0.347562,review
1309,43.633333,915,30.5,0.363214,matched
1310,43.666667,916,30.533333,0.378865,matched
1311,43.7,917,30.566667,0.394517,matched
1312,43.733333,917,30.566667,0.410169,matched
1313,43.766667,918,30.6,0.425821,matched
1314,43.8,918,30.6,0.441472,matched
1315,43.833333,920,30.666667,0.435414,matched
1316,43.866667,922,30.733333,0.429356,matched
1317,43.9,924,30.8,0.423297,matched
1318,43.933333,926,30.866667,0.417239,matched
1319,43.966667,928,30.933333,0.411181,matched
1320,44.0,930,31.0,0.405123,matched
1321,44.033333,930,31.0,0.417654,matched
1322,44.066667,931,31.033333,0.430184,matched
1323,44.1,932,31.066667,0.442715,matched
1324,44.133333,932,31.066667,0.455245,matched
1325,44.166667,932,31.066667,0.467776,matched
1326,44.2,933,31.1,0.480306,matched
1327,44.233333,934,31.133333,0.492837,matched
1328,44.266667,934,31.133333,0.505367,matched
1329,44.3,934,31.133333,0.517898,matched
1330,44.333333,935,31.166667,0.530428,matched
1331,44.366667,936,31.2,0.542959,matched
1332,44.4,936,31.2,0.555489,matched
1333,44.433333,936,31.2,0.560109,matched
1334,44.466667,937,31.233333,0.564728,matched
1335,44.5,938,31.266667,0.569347,matched
1336,44.533333,938,31.266667,0.573966,matched
1337,44.566667,938,31.266667,0.578585,matched
1338,44.6,939,31.3,0.583204,matched
1339,44.633333,940,31.333333,0.587823,matched
1340,44.666667,940,31.333333,0.592442,matched
1341,44.7,940,31.333333,0.597061,matched
1342,44.733333,941,31.366667,0.60168,matched
1343,44.766667,942,31.4,0.606299,matched
1344,44.8,942,31.4,0.610918,matched
1345,44.833333,944,31.466667,0.623988,matched
1346,44.866667,946,31.533333,0.637059,matched
1347,44.9,948,31.6,0.650129,matched
1348,44.933333,950,31.666667,0.663199,matched
1349,44.966667,952,31.733333,0.676269,matched
1350,45.0,954,31.8,0.689339,matched
1351,45.033333,954,31.8,0.698571,matched
1352,45.066667,955,31.833333,0.707804,matched
1353,45.1,955,31.833333,0.717036,matched
1354,45.133333,956,31.866667,0.726268,matched
1355,45.166667,956,31.866667,0.7355,matched
1356,45.2,957,31.9,0.744733,matched
1357,45.233333,957,31.9,0.753965,matched
1358,45.266667,958,31.933333,0.763197,matched
1359,45.3,958,31.933333,0.77243,matched
1360,45.333333,959,31.966667,0.781662,matched
1361,45.366667,959,31.966667,0.790894,matched
1362,45.4,960,32.0,0.800127,matched
1363,45.433333,960,32.0,0.801983,matched
1364,45.466667,961,32.033333,0.80384,matched
1365,45.5,961,32.033333,0.805696,matched
1366,45.533333,962,32.066667,0.807553,matched
1367,45.566667,963,32.1,0.809409,matched
1368,45.6,963,32.1,0.811266,matched
1369,45.633333,964,32.133333,0.813122,matched
1370,45.666667,964,32.133333,0.814978,matched
1371,45.7,965,32.166667,0.816835,matched
1372,45.733333,965,32.166667,0.818691,matched
1373,45.766667,966,32.2,0.820548,matched
1374,45.8,966,32.2,0.822404,matched
1375,45.833333,968,32.266667,0.799639,matched
1376,45.866667,970,32.333333,0.776874,matched
1377,45.9,972,32.4,0.754109,matched
1378,45.933333,974,32.466667,0.731344,matched
1379,45.966667,976,32.533333,0.708579,matched
1380,46.0,978,32.6,0.685814,matched
1381,46.033333,980,32.666667,0.705805,matched
1382,46.066667,982,32.733333,0.725796,matched
1383,46.1,984,32.8,0.745787,matched
1384,46.133333,986,32.866667,0.765778,matched
1385,46.166667,988,32.933333,0.785769,matched
1386,46.2,990,33.0,0.805761,matched
1387,46.233333,990,33.0,0.816792,matched
1388,46.266667,991,33.033333,0.827824,matched
1389,46.3,992,33.066667,0.838855,matched
1390,46.333333,992,33.066667,0.849887,matched
1391,46.366667,993,33.1,0.860918,matched
1392,46.4,993,33.1,0.87195,matched
1393,46.433333,994,33.133333,0.882981,matched
1394,46.466667,994,33.133333,0.894013,matched
1395,46.5,995,33.166667,0.905044,matched
1396,46.533333,995,33.166667,0.916076,matched
1397,46.566667,996,33.2,0.927107,matched
1398,46.6,996,33.2,0.938138,matched
1399,46.633333,997,33.233333,0.940494,matched
1400,46.666667,998,33.266667,0.94285,matched
1401,46.7,999,33.3,0.945206,matched
1402,46.733333,1000,33.333333,0.947562,matched
1403,46.766667,1001,33.366667,0.949918,matched
1404,46.8,1002,33.4,0.952274,matched
1405,46.833333,1003,33.433333,0.930362,matched
1406,46.866667,1003,33.433333,0.90845,matched
1407,46.9,1004,33.466667,0.886538,matched
1408,46.933333,1004,33.466667,0.864626,matched
1409,46.966667,1005,33.5,0.842714,matched
1410,47.0,1005,33.5,0.820802,matched
1411,47.033333,1005,33.5,0.79889,matched
1412,47.066667,1006,33.533333,0.776978,matched
1413,47.1,1006,33.533333,0.755066,matched
1414,47.133333,1007,33.566667,0.733154,matched
1415,47.166667,1007,33.566667,0.711242,matched
1416,47.2,1008,33.6,0.68933,matched
1417,47.233333,1010,33.666667,0.683835,matched
1418,47.266667,1012,33.733333,0.678341,matched
1419,47.3,1014,33.8,0.672846,matched
1420,47.333333,1016,33.866667,0.667352,matched
1421,47.366667,1018,33.933333,0.661858,matched
1422,47.4,1020,34.0,0.656363,matched
1423,47.433333,1022,34.066667,0.672881,matched
1424,47.466667,1024,34.133333,0.6894,matched
1425,47.5,1026,34.2,0.70592,matched
1426,47.533333,1028,34.266667,0.722439,matched
1427,47.566667,1030,34.333333,0.738958,matched
1428,47.6,1032,34.4,0.755476,matched
1429,47.633333,1033,34.433333,0.750845,matched
1430,47.666667,1033,34.433333,0.746215,matched
1431,47.7,1034,34.466667,0.741584,matched
1432,47.733333,1034,34.466667,0.736954,matched
1433,47.766667,1035,34.5,0.732323,matched
1434,47.8,1035,34.5,0.727693,matched
1435,47.833333,1036,34.533333,0.723062,matched
1436,47.866667,1036,34.533333,0.718432,matched
1437,47.9,1036,34.533333,0.713801,matched
1438,47.933333,1037,34.566667,0.709171,matched
1439,47.966667,1037,34.566667,0.70454,matched
1440,48.0,1038,34.6,0.69991,matched
1441,48.033333,1038,34.6,0.69804,matched
1442,48.066667,1039,34.633333,0.696169,matched
1443,48.1,1039,34.633333,0.694299,matched
1444,48.133333,1040,34.666667,0.692428,matched
1445,48.166667,1040,34.666667,0.690558,matched
1446,48.2,1041,34.7,0.688688,matched
1447,48.233333,1041,34.7,0.686817,matched
1448,48.266667,1042,34.733333,0.684947,matched
1449,48.3,1042,34.733333,0.683076,matched
1450,48.333333,1043,34.766667,0.681206,matched
1451,48.366667,1043,34.766667,0.679336,matched
1452,48.4,1044,34.8,0.677465,matched
1453,48.433333,1046,34.866667,0.670202,matched
1454,48.466667,1048,34.933333,0.662938,matched
1455,48.5,1050,35.0,0.655675,matched
1456,48.533333,1052,35.066667,0.648412,matched
1457,48.566667,1054,35.133333,0.641148,matched
1458,48.6,1056,35.2,0.633885,matched
1459,48.633333,1057,35.233333,0.633282,matched
1460,48.666667,1057,35.233333,0.632679,matched
1461,48.7,1058,35.266667,0.632076,matched
1462,48.733333,1058,35.266667,0.631473,matched
1463,48.766667,1059,35.3,0.63087,matched
1464,48.8,1059,35.3,0.630267,matched
1465,48.833333,1060,35.333333,0.629663,matched
1466,48.866667,1060,35.333333,0.62906,matched
1467,48.9,1061,35.366667,0.628457,matched
1468,48.933333,1061,35.366667,0.627854,matched
1469,48.966667,1062,35.4,0.627251,matched
1470,49.0,1062,35.4,0.626648,matched
1471,49.033333,1063,35.433333,0.625362,matched
1472,49.066667,1063,35.433333,0.624076,matched
1473,49.1,1064,35.466667,0.62279,matched
1474,49.133333,1064,35.466667,0.621504,matched
1475,49.166667,1064,35.466667,0.620218,matched
1476,49.2,1065,35.5,0.618932,matched
1477,49.233333,1065,35.5,0.617646,matched
1478,49.266667,1066,35.533333,0.61636,matched
1479,49.3,1066,35.533333,0.615074,matched
1480,49.333333,1067,35.566667,0.613788,matched
1481,49.366667,1067,35.566667,0.612502,matched
1482,49.4,1068,35.6,0.611216,matched
1483,49.433333,1070,35.666667,0.626013,matched
1484,49.466667,1072,35.733333,0.64081,matched
1485,49.5,1074,35.8,0.655608,matched
1486,49.533333,1076,35.866667,0.670406,matched
1487,49.566667,1078,35.933333,0.685203,matched
1488,49.6,1080,36.0,0.7,matched
1489,49.633333,1082,36.066667,0.69787,matched
1490,49.666667,1084,36.133333,0.695741,matched
1491,49.7,1086,36.2,0.693611,matched
1492,49.733333,1088,36.266667,0.691482,matched
1493,49.766667,1090,36.333333,0.689352,matched
1494,49.8,1092,36.4,0.687223,matched
1495,49.833333,1093,36.433333,0.688112,matched
1496,49.866667,1093,36.433333,0.689001,matched
1497,49.9,1094,36.466667,0.68989,matched
1498,49.933333,1094,36.466667,0.690778,matched
1499,49.966667,1095,36.5,0.691667,matched
1500,50.0,1095,36.5,0.692556,matched
1501,50.033333,1095,36.5,0.693445,matched
1502,50.066667,1096,36.533333,0.694334,matched
1503,50.1,1096,36.533333,0.695222,matched
1504,50.133333,1097,36.566667,0.696111,matched
1505,50.166667,1097,36.566667,0.697,matched
1506,50.2,1098,36.6,0.697889,matched
1507,50.233333,1100,36.666667,0.695422,matched
1508,50.266667,1102,36.733333,0.692955,matched
1509,50.3,1104,36.8,0.690489,matched
1510,50.333333,1106,36.866667,0.688022,matched
1511,50.366667,1108,36.933333,0.685555,matched
1512,50.4,1110,37.0,0.683088,matched
1513,50.433333,1112,37.066667,0.677967,matched
1514,50.466667,1114,37.133333,0.672845,matched
1515,50.5,1116,37.2,0.667724,matched
1516,50.533333,1118,37.266667,0.662603,matched
1517,50.566667,1120,37.333333,0.657481,matched
1518,50.6,1122,37.4,0.65236,matched
1519,50.633333,1124,37.466667,0.656323,matched
1520,50.666667,1126,37.533333,0.660286,matched
1521,50.7,1128,37.6,0.664248,matched
1522,50.733333,1130,37.666667,0.668211,matched
1523,50.766667,1132,37.733333,0.672173,matched
1524,50.8,1134,37.8,0.676136,matched
1525,50.833333,1134,37.8,0.671435,matched
1526,50.866667,1135,37.833333,0.666735,matched
1527,50.9,1135,37.833333,0.662034,matched
1528,50.933333,1136,37.866667,0.657334,matched
1529,50.966667,1136,37.866667,0.652633,matched
1530,51.0,1137,37.9,0.647933,matched
1531,51.033333,1137,37.9,0.643233,matched
1532,51.066667,1138,37.933333,0.638532,matched
1533,51.1,1138,37.933333,0.633832,matched
1534,51.133333,1139,37.966667,0.629131,matched
1535,51.166667,1139,37.966667,0.624431,matched
1536,51.2,1140,38.0,0.61973,matched
1537,51.233333,1142,38.066667,0.615572,matched
1538,51.266667,1144,38.133333,0.611413,matched
1539,51.3,1146,38.2,0.607255,matched
1540,51.333333,1148,38.266667,0.603096,matched
1541,51.366667,1150,38.333333,0.598938,matched
1542,51.4,1152,38.4,0.594779,matched
1543,51.433333,1154,38.466667,0.582379,matched
1544,51.466667,1156,38.533333,0.569978,matched
1545,51.5,1158,38.6,0.557578,matched
1546,51.533333,1160,38.666667,0.545177,matched
1547,51.566667,1162,38.733333,0.532776,matched
1548,51.6,1164,38.8,0.520378,matched
1549,51.633333,1166,38.866667,0.562077,matched
1550,51.666667,1168,38.933333,0.603777,matched
1551,51.7,1170,39.0,0.645476,matched
1552,51.733333,1172,39.066667,0.687176,matched
1553,51.766667,1174,39.133333,0.728875,matched
1554,51.8,1176,39.2,0.770573,matched
1555,51.833333,1178,39.266667,0.734143,matched
1556,51.866667,1180,39.333333,0.697713,matched
1557,51.9,1182,39.4,0.661283,matched
1558,51.933333,1184,39.466667,0.624852,matched
1559,51.966667,1186,39.533333,0.588422,matched
1560,52.0,1188,39.6,0.551992,matched
1561,52.033333,1190,39.666667,0.528615,matched
1562,52.066667,1192,39.733333,0.505238,matched
1563,52.1,1194,39.8,0.48186,matched
1564,52.133333,1196,39.866667,0.458483,matched
1565,52.166667,1198,39.933333,0.435106,matched
1566,52.2,1200,40.0,0.411729,matched
1567,52.233333,1200,40.0,0.428675,matched
1568,52.266667,1201,40.033333,0.445622,matched
1569,52.3,1202,40.066667,0.46257,matched
1570,52.333333,1202,40.066667,0.479517,matched
1571,52.366667,1203,40.1,0.496464,matched
1572,52.4,1203,40.1,0.513412,matched
1573,52.433333,1204,40.133333,0.530359,matched
1574,52.466667,1204,40.133333,0.547306,matched
1575,52.5,1205,40.166667,0.564254,matched
1576,52.533333,1205,40.166667,0.581201,matched
1577,52.566667,1206,40.2,0.598148,matched
1578,52.6,1206,40.2,0.615093,matched
1579,52.633333,1208,40.266667,0.577967,matched
1580,52.666667,1210,40.333333,0.54084,matched
1581,52.7,1212,40.4,0.503714,matched
1582,52.733333,1214,40.466667,0.466587,matched
1583,52.766667,1216,40.533333,0.429461,matched
1584,52.8,1218,40.6,0.392335,matched
1585,52.833333,1220,40.666667,0.412968,matched
1586,52.866667,1222,40.733333,0.4336,matched
1587,52.9,1224,40.8,0.454232,matched
1588,52.933333,1226,40.866667,0.474865,matched
1589,52.966667,1228,40.933333,0.495497,matched
1590,53.0,1230,41.0,0.516129,matched
1591,53.033333,1230,41.0,0.51216,matched
1592,53.066667,1231,41.033333,0.50819,matched
1593,53.1,1232,41.066667,0.504221,matched
1594,53.133333,1232,41.066667,0.500251,matched
1595,53.166667,1232,41.066667,0.496282,matched
1596,53.2,1233,41.1,0.492312,matched
1597,53.233333,1234,41.133333,0.488343,matched
1598,53.266667,1234,41.133333,0.484373,matched
1599,53.3,1234,41.133333,0.480404,matched
1600,53.333333,1235,41.166667,0.476434,matched
1601,53.366667,1236,41.2,0.472465,matched
1602,53.4,1236,41.2,0.468495,matched
1603,53.433333,1238,41.266667,0.467348,matched
1604,53.466667,1240,41.333333,0.4662,matched
1605,53.5,1242,41.4,0.465053,matched
1606,53.533333,1244,41.466667,0.463905,matched
1607,53.566667,1246,41.533333,0.462757,matched
1608,53.6,1248,41.6,0.461611,matched
1609,53.633333,1250,41.666667,0.473177,matched
1610,53.666667,1252,41.733333,0.484744,matched
1611,53.7,1254,41.8,0.496311,matched
1612,53.733333,1256,41.866667,0.507878,matched
1613,53.766667,1258,41.933333,0.519444,matched
1614,53.8,1260,42.0,0.531011,matched
1615,53.833333,1262,42.066667,0.517596,matched
1616,53.866667,1264,42.133333,0.504181,matched
1617,53.9,1266,42.2,0.490766,matched
1618,53.933333,1268,42.266667,0.477352,matched
1619,53.966667,1270,42.333333,0.463937,matched
1620,54.0,1272,42.4,0.450522,matched
1621,54.033333,1274,42.466667,0.466293,matched
1622,54.066667,1276,42.533333,0.482064,matched
1623,54.1,1278,42.6,0.497835,matched
1624,54.133333,1280,42.666667,0.513606,matched
1625,54.166667,1282,42.733333,0.529378,matched
1626,54.2,1284,42.8,0.545149,matched
1627,54.233333,1286,42.866667,0.511708,matched
1628,54.266667,1288,42.933333,0.478266,matched
1629,54.3,1290,43.0,0.444824,matched
1630,54.333333,1292,43.066667,0.411382,matched
1631,54.366667,1294,43.133333,0.37794,matched
1632,54.4,1296,43.2,0.344499,review
1633,54.433333,1298,43.266667,0.359014,matched
1634,54.466667,1300,43.333333,0.373531,matched
1635,54.5,1302,43.4,0.388048,matched
1636,54.533333,1304,43.466667,0.402566,matched
1637,54.566667,1306,43.533333,0.417083,matched
1638,54.6,1308,43.6,0.4316,matched
1639,54.633333,1310,43.666667,0.424084,matched
1640,54.666667,1312,43.733333,0.416568,matched
1641,54.7,1314,43.8,0.409052,matched
1642,54.733333,1316,43.866667,0.401536,matched
1643,54.766667,1318,43.933333,0.394021,matched
1644,54.8,1320,44.0,0.386505,matched
1645,54.833333,1322,44.066667,0.380343,matched
1646,54.866667,1324,44.133333,0.374181,matched
1647,54.9,1326,44.2,0.368019,matched
1648,54.933333,1328,44.266667,0.361858,matched
1649,54.966667,1330,44.333333,0.355696,matched
1650,55.0,1332,44.4,0.349534,review
1651,55.033333,1334,44.466667,0.363846,matched
1652,55.066667,1336,44.533333,0.378159,matched
1653,55.1,1338,44.6,0.392471,matched
1654,55.133333,1340,44.666667,0.406783,matched
1655,55.166667,1342,44.733333,0.421095,matched
1656,55.2,1344,44.8,0.435408,matched
1657,55.233333,1346,44.866667,0.427837,matched
1658,55.266667,1348,44.933333,0.420266,matched
1659,55.3,1350,45.0,0.412695,matched
1660,55.333333,1352,45.066667,0.405124,matched
1661,55.366667,1354,45.133333,0.397553,matched
1662,55.4,1356,45.2,0.389982,matched
1663,55.433333,1358,45.266667,0.393244,matched
1664,55.466667,1360,45.333333,0.396506,matched
1665,55.5,1362,45.4,0.399768,matched
1666,55.533333,1364,45.466667,0.403029,matched
1667,55.566667,1366,45.533333,0.406291,matched
1668,55.6,1368,45.6,0.409553,matched
1669,55.633333,1370,45.666667,0.417725,matched
1670,55.666667,1372,45.733333,0.425897,matched
1671,55.7,1374,45.8,0.434069,matched
1672,55.733333,1376,45.866667,0.442241,matched
1673,55.766667,1378,45.933333,0.450413,matched
1674,55.8,1380,46.0,0.458585,matched
1675,55.833333,1382,46.066667,0.47125,matched
1676,55.866667,1384,46.133333,0.483915,matched
1677,55.9,1386,46.2,0.496579,matched
1678,55.933333,1388,46.266667,0.509244,matched
1679,55.966667,1390,46.333333,0.521908,matched
1680,56.0,1392,46.4,0.534573,matched
1681,56.033333,1394,46.466667,0.557443,matched
1682,56.066667,1396,46.533333,0.580312,matched
1683,56.1,1398,46.6,0.603182,matched
1684,56.133333,1400,46.666667,0.626052,matched
1685,56.166667,1402,46.733333,0.648922,matched
1686,56.2,1404,46.8,0.671791,matched
1687,56.233333,1404,46.8,0.679901,matched
1688,56.266667,1405,46.833333,0.688009,matched
1689,56.3,1405,46.833333,0.696118,matched
1690,56.333333,1406,46.866667,0.704227,matched
1691,56.366667,1406,46.866667,0.712335,matched
1692,56.4,1407,46.9,0.720444,matched
1693,56.433333,1407,46.9,0.728553,matched
1694,56.466667,1408,46.933333,0.736662,matched
1695,56.5,1409,46.966667,0.74477,matched
1696,56.533333,1409,46.966667,0.752879,matched
1697,56.566667,1410,47.0,0.760988,matched
1698,56.6,1410,47.0,0.769096,matched
1699,56.633333,1411,47.033333,0.763338,matched
1700,56.666667,1411,47.033333,0.75758,matched
1701,56.7,1412,47.066667,0.751822,matched
1702,56.733333,1412,47.066667,0.746064,matched
1703,56.766667,1413,47.1,0.740306,matched
1704,56.8,1413,47.1,0.734548,matched
1705,56.833333,1414,47.133333,0.72879,matched
1706,56.866667,1414,47.133333,0.723032,matched
1707,56.9,1415,47.166667,0.717274,matched
1708,56.933333,1415,47.166667,0.711516,matched
1709,56.966667,1416,47.2,0.705758,matched
1710,57.0,1416,47.2,0.7,matched
1711,57.033333,1418,47.266667,0.690136,matched
1712,57.066667,1420,47.333333,0.680273,matched
1713,57.1,1422,47.4,0.670409,matched
1714,57.133333,1424,47.466667,0.660545,matched
1715,57.166667,1426,47.533333,0.650682,matched
1716,57.2,1428,47.6,0.640818,matched
1717,57.233333,1430,47.666667,0.628672,matched
1718,57.266667,1432,47.733333,0.616526,matched
1719,57.3,1434,47.8,0.604379,matched
1720,57.333333,1436,47.866667,0.592233,matched
1721,57.366667,1438,47.933333,0.580087,matched
1722,57.4,1440,48.0,0.567941,matched
1723,57.433333,1440,48.0,0.577463,matched
1724,57.466667,1441,48.033333,0.586986,matched
1725,57.5,1441,48.033333,0.596509,matched
1726,57.533333,1442,48.066667,0.606033,matched
1727,57.566667,1443,48.1,0.615556,matched
1728,57.6,1443,48.1,0.625079,matched
1729,57.633333,1444,48.133333,0.634603,matched
1730,57.666667,1444,48.133333,0.644126,matched
1731,57.7,1445,48.166667,0.653649,matched
1732,57.733333,1445,48.166667,0.663173,matched
1733,57.766667,1446,48.2,0.672696,matched
1734,57.8,1446,48.2,0.682219,matched
1735,57.833333,1447,48.233333,0.680055,matched
1736,57.866667,1447,48.233333,0.67789,matched
1737,57.9,1448,48.266667,0.675726,matched
1738,57.933333,1448,48.266667,0.673561,matched
1739,57.966667,1449,48.3,0.671397,matched
1740,58.0,1449,48.3,0.669233,matched
1741,58.033333,1450,48.333333,0.667068,matched
1742,58.066667,1450,48.333333,0.664904,matched
1743,58.1,1451,48.366667,0.662739,matched
1744,58.133333,1451,48.366667,0.660575,matched
1745,58.166667,1452,48.4,0.65841,matched
1746,58.2,1452,48.4,0.656246,matched
1747,58.233333,1453,48.433333,0.659955,matched
1748,58.266667,1453,48.433333,0.663664,matched
1749,58.3,1454,48.466667,0.667373,matched
1750,58.333333,1454,48.466667,0.671082,matched
1751,58.366667,1455,48.5,0.674791,matched
1752,58.4,1455,48.5,0.6785,matched
1753,58.433333,1456,48.533333,0.682209,matched
1754,58.466667,1456,48.533333,0.685918,matched
1755,58.5,1456,48.533333,0.689627,matched
1756,58.533333,1457,48.566667,0.693336,matched
1757,58.566667,1457,48.566667,0.697045,matched
1758,58.6,1458,48.6,0.700754,matched
1759,58.633333,1458,48.6,0.696944,matched
1760,58.666667,1459,48.633333,0.693134,matched
1761,58.7,1459,48.633333,0.689324,matched
1762,58.733333,1460,48.666667,0.685515,matched
1763,58.766667,1460,48.666667,0.681705,matched
1764,58.8,1461,48.7,0.677895,matched
1765,58.833333,1461,48.7,0.674085,matched
1766,58.866667,1462,48.733333,0.670275,matched
1767,58.9,1462,48.733333,0.666465,matched
1768,58.933333,1463,48.766667,0.662656,matched
1769,58.966667,1463,48.766667,0.658846,matched
1770,59.0,1464,48.8,0.655036,matched
1771,59.033333,1464,48.8,0.658783,matched
1772,59.066667,1465,48.833333,0.66253,matched
1773,59.1,1465,48.833333,0.666277,matched
1774,59.133333,1466,48.866667,0.670024,matched
1775,59.166667,1466,48.866667,0.673771,matched
1776,59.2,1467,48.9,0.677518,matched
1777,59.233333,1467,48.9,0.681265,matched
1778,59.266667,1468,48.933333,0.685012,matched
1779,59.3,1468,48.933333,0.688759,matched
1780,59.333333,1469,48.966667,0.692506,matched
1781,59.366667,1469,48.966667,0.696253,matched
1782,59.4,1470,49.0,0.7,matched
1783,59.433333,1472,49.066667,0.70774,matched
1784,59.466667,1474,49.133333,0.715481,matched
1785,59.5,1476,49.2,0.723221,matched
1786,59.533333,1478,49.266667,0.730961,matched
1787,59.566667,1480,49.333333,0.738702,matched
1788,59.6,1482,49.4,0.746442,matched
1789,59.633333,1483,49.433333,0.737516,matched
1790,59.666667,1483,49.433333,0.728591,matched
1791,59.7,1484,49.466667,0.719666,matched
1792,59.733333,1484,49.466667,0.710741,matched
1793,59.766667,1485,49.5,0.701816,matched
1794,59.8,1485,49.5,0.69289,matched
1795,59.833333,1486,49.533333,0.683965,matched
1796,59.866667,1486,49.533333,0.67504,matched
1797,59.9,1486,49.533333,0.666115,matched
1798,59.933333,1487,49.566667,0.657189,matched
1799,59.966667,1487,49.566667,0.648264,matched
1800,60.0,1488,49.6,0.639339,matched
1801,60.033333,1490,49.666667,0.645509,matched
1802,60.066667,1492,49.733333,0.65168,matched
1803,60.1,1494,49.8,0.65785,matched
1804,60.133333,1496,49.866667,0.664021,matched
1805,60.166667,1498,49.933333,0.670191,matched
1806,60.2,1500,50.0,0.676362,matched
1807,60.233333,1500,50.0,0.677801,matched
1808,60.266667,1501,50.033333,0.67924,matched
1809,60.3,1502,50.066667,0.680679,matched
1810,60.333333,1502,50.066667,0.682118,matched
1811,60.366667,1503,50.1,0.683557,matched
1812,60.4,1503,50.1,0.684996,matched
1813,60.433333,1504,50.133333,0.686435,matched
1814,60.466667,1504,50.133333,0.687874,matched
1815,60.5,1505,50.166667,0.689313,matched
1816,60.533333,1505,50.166667,0.690752,matched
1817,60.566667,1506,50.2,0.692191,matched
1818,60.6,1506,50.2,0.69363,matched
1819,60.633333,1507,50.233333,0.689138,matched
1820,60.666667,1507,50.233333,0.684645,matched
1821,60.7,1508,50.266667,0.680153,matched
1822,60.733333,1508,50.266667,0.675661,matched
1823,60.766667,1509,50.3,0.671169,matched
1824,60.8,1509,50.3,0.666677,matched
1825,60.833333,1510,50.333333,0.662185,matched
1826,60.866667,1510,50.333333,0.657693,matched
1827,60.9,1511,50.366667,0.6532,matched
1828,60.933333,1511,50.366667,0.648708,matched
1829,60.966667,1512,50.4,0.644216,matched
1830,61.0,1512,50.4,0.639724,matched
1831,61.033333,1513,50.433333,0.64236,matched
1832,61.066667,1513,50.433333,0.644996,matched
1833,61.1,1514,50.466667,0.647632,matched
1834,61.133333,1514,50.466667,0.650268,matched
1835,61.166667,1514,50.466667,0.652904,matched
1836,61.2,1515,50.5,0.65554,matched
1837,61.233333,1515,50.5,0.658176,matched
1838,61.266667,1516,50.533333,0.660812,matched
1839,61.3,1516,50.533333,0.663448,matched
1840,61.333333,1517,50.566667,0.666084,matched
1841,61.366667,1517,50.566667,0.66872,matched
1842,61.4,1518,50.6,0.671356,matched
1843,61.433333,1520,50.666667,0.665483,matched
1844,61.466667,1522,50.733333,0.65961,matched
1845,61.5,1524,50.8,0.653737,matched
1846,61.533333,1526,50.866667,0.647864,matched
1847,61.566667,1528,50.933333,0.641991,matched
1848,61.6,1530,51.0,0.636118,matched
1849,61.633333,1532,51.066667,0.643209,matched
1850,61.666667,1534,51.133333,0.6503,matched
1851,61.7,1536,51.2,0.657391,matched
1852,61.733333,1538,51.266667,0.664482,matched
1853,61.766667,1540,51.333333,0.671573,matched
1854,61.8,1542,51.4,0.678664,matched
1855,61.833333,1544,51.466667,0.67604,matched
1856,61.866667,1546,51.533333,0.673417,matched
1857,61.9,1548,51.6,0.670793,matched
1858,61.933333,1550,51.666667,0.66817,matched
1859,61.966667,1552,51.733333,0.665546,matched
1860,62.0,1554,51.8,0.662923,matched
1861,62.033333,1556,51.866667,0.662356,matched
1862,62.066667,1558,51.933333,0.66179,matched
1863,62.1,1560,52.0,0.661224,matched
1864,62.133333,1562,52.066667,0.660657,matched
1865,62.166667,1564,52.133333,0.660091,matched
1866,62.2,1566,52.2,0.659524,matched
1867,62.233333,1568,52.266667,0.656103,matched
1868,62.266667,1570,52.333333,0.652681,matched
1869,62.3,1572,52.4,0.64926,matched
1870,62.333333,1574,52.466667,0.645839,matched
1871,62.366667,1576,52.533333,0.642417,matched
1872,62.4,1578,52.6,0.638996,matched
1873,62.433333,1579,52.633333,0.649163,matched
1874,62.466667,1580,52.666667,0.659331,matched
1875,62.5,1581,52.7,0.669498,matched
1876,62.533333,1582,52.733333,0.679665,matched
1877,62.566667,1583,52.766667,0.689833,matched
1878,62.6,1584,52.8,0.7,matched
1879,62.633333,1584,52.8,0.694338,matched
1880,62.666667,1585,52.833333,0.688676,matched
1881,62.7,1586,52.866667,0.683014,matched
1882,62.733333,1586,52.866667,0.677351,matched
1883,62.766667,1586,52.866667,0.671689,matched
1884,62.8,1587,52.9,0.666027,matched
1885,62.833333,1588,52.933333,0.660365,matched
1886,62.866667,1588,52.933333,0.654703,matched
1887,62.9,1588,52.933333,0.649041,matched
1888,62.933333,1589,52.966667,0.643379,matched
1889,62.966667,1590,53.0,0.637717,matched
1890,63.0,1590,53.0,0.632055,matched
1891,63.033333,1592,53.066667,0.630001,matched
1892,63.066667,1594,53.133333,0.627947,matched
1893,63.1,1596,53.2,0.625894,matched
1894,63.133333,1598,53.266667,0.62384,matched
1895,63.166667,1600,53.333333,0.621786,matched
1896,63.2,1602,53.4,0.619732,matched
1897,63.233333,1603,53.433333,0.61986,matched
1898,63.266667,1603,53.433333,0.619989,matched
1899,63.3,1604,53.466667,0.620117,matched
1900,63.333333,1604,53.466667,0.620246,matched
1901,63.366667,1605,53.5,0.620374,matched
1902,63.4,1605,53.5,0.620503,matched
1903,63.433333,1606,53.533333,0.620631,matched
1904,63.466667,1606,53.533333,0.620759,matched
1905,63.5,1606,53.533333,0.620888,matched
1906,63.533333,1607,53.566667,0.621016,matched
1907,63.566667,1607,53.566667,0.621145,matched
1908,63.6,1608,53.6,0.621273,matched
1909,63.633333,1610,53.666667,0.623518,matched
1910,63.666667,1612,53.733333,0.625764,matched
1911,63.7,1614,53.8,0.628009,matched
1912,63.733333,1616,53.866667,0.630254,matched
1913,63.766667,1618,53.933333,0.6325,matched
1914,63.8,1620,54.0,0.634745,matched
1915,63.833333,1621,54.033333,0.632473,matched
1916,63.866667,1621,54.033333,0.6302,matched
1917,63.9,1622,54.066667,0.627928,matched
1918,63.933333,1622,54.066667,0.625656,matched
1919,63.966667,1623,54.1,0.623383,matched
1920,64.0,1623,54.1,0.621111,matched
1921,64.033333,1624,54.133333,0.618839,matched
1922,64.066667,1624,54.133333,0.616566,matched
1923,64.1,1625,54.166667,0.614294,matched
1924,64.133333,1625,54.166667,0.612021,matched
1925,64.166667,1626,54.2,0.609749,matched
1926,64.2,1626,54.2,0.607477,matched
1927,64.233333,1628,54.266667,0.609522,matched
1928,64.266667,1630,54.333333,0.611567,matched
1929,64.3,1632,54.4,0.613613,matched
1930,64.333333,1634,54.466667,0.615658,matched
1931,64.366667,1636,54.533333,0.617703,matched
1932,64.4,1638,54.6,0.619748,matched
1933,64.433333,1640,54.666667,0.615795,matched
1934,64.466667,1642,54.733333,0.611842,matched
1935,64.5,1644,54.8,0.60789,matched
1936,64.533333,1646,54.866667,0.603937,matched
1937,64.566667,1648,54.933333,0.599984,matched
1938,64.6,1650,55.0,0.596031,matched
1939,64.633333,1652,55.066667,0.604044,matched
1940,64.666667,1654,55.133333,0.612056,matched
1941,64.7,1656,55.2,0.620068,matched
1942,64.733333,1658,55.266667,0.628081,matched
1943,64.766667,1660,55.333333,0.636093,matched
1944,64.8,1662,55.4,0.644105,matched
1945,64.833333,1662,55.4,0.643995,matched
1946,64.866667,1663,55.433333,0.643884,matched
1947,64.9,1664,55.466667,0.643773,matched
1948,64.933333,1664,55.466667,0.643663,matched
1949,64.966667,1664,55.466667,0.643552,matched
1950,65.0,1665,55.5,0.643441,matched
1951,65.033333,1666,55.533333,0.64333,matched
1952,65.066667,1666,55.533333,0.643219,matched
1953,65.1,1666,55.533333,0.643108,matched
1954,65.133333,1667,55.566667,0.642998,matched
1955,65.166667,1668,55.6,0.642887,matched
1956,65.2,1668,55.6,0.642776,matched
1957,65.233333,1668,55.6,0.642218,matched
1958,65.266667,1669,55.633333,0.641659,matched
1959,65.3,1670,55.666667,0.641101,matched
1960,65.333333,1670,55.666667,0.640543,matched
1961,65.366667,1670,55.666667,0.639984,matched
1962,65.4,1671,55.7,0.639426,matched
1963,65.433333,1672,55.733333,0.638868,matched
1964,65.466667,1672,55.733333,0.638309,matched
1965,65.5,1672,55.733333,0.637751,matched
1966,65.533333,1673,55.766667,0.637193,matched
1967,65.566667,1674,55.8,0.636634,matched
1968,65.6,1674,55.8,0.636076,matched
1969,65.633333,1676,55.866667,0.644838,matched
1970,65.666667,1678,55.933333,0.6536,matched
1971,65.7,1680,56.0,0.662362,matched
1972,65.733333,1682,56.066667,0.671124,matched
1973,65.766667,1684,56.133333,0.679886,matched
1974,65.8,1686,56.2,0.688648,matched
1975,65.833333,1688,56.266667,0.671269,matched
1976,65.866667,1690,56.333333,0.653888,matched
1977,65.9,1692,56.4,0.636506,matched
1978,65.933333,1694,56.466667,0.619125,matched
1979,65.966667,1696,56.533333,0.601743,matched
1980,66.0,1698,56.6,0.584362,matched
1981,66.033333,1698,56.6,0.588803,matched
1982,66.066667,1699,56.633333,0.593245,matched
1983,66.1,1699,56.633333,0.597686,matched
1984,66.133333,1700,56.666667,0.602127,matched
1985,66.166667,1700,56.666667,0.606569,matched
1986,66.2,1701,56.7,0.61101,matched
1987,66.233333,1701,56.7,0.615451,matched
1988,66.266667,1702,56.733333,0.619893,matched
1989,66.3,1702,56.733333,0.624334,matched
1990,66.333333,1703,56.766667,0.628775,matched
1991,66.366667,1703,56.766667,0.633216,matched
1992,66.4,1704,56.8,0.637658,matched
1993,66.433333,1706,56.866667,0.64007,matched
1994,66.466667,1708,56.933333,0.642482,matched
1995,66.5,1710,57.0,0.644895,matched
1996,66.533333,1712,57.066667,0.647307,matched
1997,66.566667,1714,57.133333,0.649719,matched
1998,66.6,1716,57.2,0.652131,matched
1999,66.633333,1718,57.266667,0.654039,matched
2000,66.666667,1720,57.333333,0.655947,matched
2001,66.7,1722,57.4,0.657854,matched
2002,66.733333,1724,57.466667,0.659762,matched
2003,66.766667,1726,57.533333,0.66167,matched
2004,66.8,1728,57.6,0.663578,matched
2005,66.833333,1729,57.633333,0.659582,matched
2006,66.866667,1730,57.666667,0.655586,matched
2007,66.9,1731,57.7,0.651589,matched
2008,66.933333,1732,57.733333,0.647593,matched
2009,66.966667,1733,57.766667,0.643596,matched
2010,67.0,1734,57.8,0.6396,matched
2011,67.033333,1736,57.866667,0.649667,matched
2012,67.066667,1738,57.933333,0.659734,matched
2013,67.1,1740,58.0,0.6698,matched
2014,67.133333,1742,58.066667,0.679867,matched
2015,67.166667,1744,58.133333,0.689934,matched
2016,67.2,1746,58.2,0.7,matched
2017,67.233333,1748,58.266667,0.6979,matched
2018,67.266667,1750,58.333333,0.695801,matched
2019,67.3,1752,58.4,0.693701,matched
2020,67.333333,1754,58.466667,0.691602,matched
2021,67.366667,1756,58.533333,0.689503,matched
2022,67.4,1758,58.6,0.687403,matched
2023,67.433333,1760,58.666667,0.681139,matched
2024,67.466667,1762,58.733333,0.674874,matched
2025,67.5,1764,58.8,0.668609,matched
2026,67.533333,1766,58.866667,0.662345,matched
2027,67.566667,1768,58.933333,0.65608,matched
2028,67.6,1770,59.0,0.649816,matched
2029,67.633333,1771,59.033333,0.647739,matched
2030,67.666667,1771,59.033333,0.645663,matched
2031,67.7,1772,59.066667,0.643586,matched
2032,67.733333,1772,59.066667,0.641509,matched
2033,67.766667,1773,59.1,0.639433,matched
2034,67.8,1773,59.1,0.637356,matched
2035,67.833333,1774,59.133333,0.635279,matched
2036,67.866667,1774,59.133333,0.633203,matched
2037,67.9,1775,59.166667,0.631126,matched
2038,67.933333,1775,59.166667,0.629049,matched
2039,67.966667,1776,59.2,0.626973,matched
2040,68.0,1776,59.2,0.624896,matched
2041,68.033333,1778,59.266667,0.630468,matched
2042,68.066667,1780,59.333333,0.63604,matched
2043,68.1,1782,59.4,0.641611,matched
2044,68.133333,1784,59.466667,0.647183,matched
2045,68.166667,1786,59.533333,0.652755,matched
2046,68.2,1788,59.6,0.658326,matched
2047,68.233333,1790,59.666667,0.659375,matched
2048,68.266667,1792,59.733333,0.660423,matched
2049,68.3,1794,59.8,0.661472,matched
2050,68.333333,1796,59.866667,0.662521,matched
2051,68.366667,1798,59.933333,0.663569,matched
2052,68.4,1800,60.0,0.664618,matched
2053,68.433333,1802,60.066667,0.651228,matched
2054,68.466667,1804,60.133333,0.637838,matched
2055,68.5,1806,60.2,0.624448,matched
2056,68.533333,1808,60.266667,0.611058,matched
2057,68.566667,1810,60.333333,0.597668,matched
2058,68.6,1812,60.4,0.584279,matched
2059,68.633333,1814,60.466667,0.603318,matched
2060,68.666667,1816,60.533333,0.622358,matched
2061,68.7,1818,60.6,0.641398,matched
2062,68.733333,1820,60.666667,0.660437,matched
2063,68.766667,1822,60.733333,0.679477,matched
2064,68.8,1824,60.8,0.698516,matched
2065,68.833333,1826,60.866667,0.695309,matched
2066,68.866667,1828,60.933333,0.692099,matched
2067,68.9,1830,61.0,0.688889,matched
2068,68.933333,1832,61.066667,0.685679,matched
2069,68.966667,1834,61.133333,0.68247,matched
2070,69.0,1836,61.2,0.67926,matched
2071,69.033333,1837,61.233333,0.677255,matched
2072,69.066667,1837,61.233333,0.67525,matched
2073,69.1,1838,61.266667,0.673245,matched
2074,69.133333,1838,61.266667,0.67124,matched
2075,69.166667,1839,61.3,0.669235,matched
2076,69.2,1839,61.3,0.667231,matched
2077,69.233333,1840,61.333333,0.665226,matched
2078,69.266667,1840,61.333333,0.663221,matched
2079,69.3,1841,61.366667,0.661216,matched
2080,69.333333,1841,61.366667,0.659211,matched
2081,69.366667,1842,61.4,0.657206,matched
2082,69.4,1842,61.4,0.655201,matched
2083,69.433333,1843,61.433333,0.654135,matched
2084,69.466667,1843,61.433333,0.653068,matched
2085,69.5,1843,61.433333,0.652002,matched
2086,69.533333,1844,61.466667,0.650935,matched
2087,69.566667,1844,61.466667,0.649869,matched
2088,69.6,1845,61.5,0.648803,matched
2089,69.633333,1845,61.5,0.647736,matched
2090,69.666667,1846,61.533333,0.64667,matched
2091,69.7,1846,61.533333,0.645603,matched
2092,69.733333,1847,61.566667,0.644537,matched
2093,69.766667,1847,61.566667,0.643471,matched
2094,69.8,1848,61.6,0.642404,matched
2095,69.833333,1850,61.666667,0.645907,matched
2096,69.866667,1852,61.733333,0.64941,matched
2097,69.9,1854,61.8,0.652913,matched
2098,69.933333,1856,61.866667,0.656417,matched
2099,69.966667,1858,61.933333,0.65992,matched
2100,70.0,1860,62.0,0.663423,matched
2101,70.033333,1862,62.066667,0.657464,matched
2102,70.066667,1864,62.133333,0.651504,matched
2103,70.1,1866,62.2,0.645545,matched
2104,70.133333,1868,62.266667,0.639585,matched
2105,70.166667,1870,62.333333,0.633626,matched
2106,70.2,1872,62.4,0.627667,matched
2107,70.233333,1874,62.466667,0.628474,matched
2108,70.266667,1876,62.533333,0.629281,matched
2109,70.3,1878,62.6,0.630089,matched
2110,70.333333,1880,62.666667,0.630896,matched
2111,70.366667,1882,62.733333,0.631703,matched
2112,70.4,1884,62.8,0.63251,matched
2113,70.433333,1886,62.866667,0.625702,matched
2114,70.466667,1888,62.933333,0.618894,matched
2115,70.5,1890,63.0,0.612086,matched
2116,70.533333,1892,63.066667,0.605278,matched
2117,70.566667,1894,63.133333,0.59847,matched
2118,70.6,1896,63.2,0.591662,matched
2119,70.633333,1898,63.266667,0.586316,matched
2120,70.666667,1900,63.333333,0.58097,matched
2121,70.7,1902,63.4,0.575624,matched
2122,70.733333,1904,63.466667,0.570278,matched
2123,70.766667,1906,63.533333,0.564932,matched
2124,70.8,1908,63.6,0.559585,matched
2125,70.833333,1910,63.666667,0.547947,matched
2126,70.866667,1912,63.733333,0.536307,matched
2127,70.9,1914,63.8,0.524668,matched
2128,70.933333,1916,63.866667,0.513029,matched
2129,70.966667,1918,63.933333,0.501389,matched
2130,71.0,1920,64.0,0.48975,matched
2131,71.033333,1922,64.066667,0.492121,matched
2132,71.066667,1924,64.133333,0.494493,matched
2133,71.1,1926,64.2,0.496864,matched
2134,71.133333,1928,64.266667,0.499235,matched
2135,71.166667,1930,64.333333,0.501607,matched
2136,71.2,1932,64.4,0.503979,matched
2137,71.233333,1934,64.466667,0.515544,matched
2138,71.266667,1936,64.533333,0.527109,matched
2139,71.3,1938,64.6,0.538674,matched
2140,71.333333,1940,64.666667,0.550239,matched
2141,71.366667,1942,64.733333,0.561804,matched
2142,71.4,1944,64.8,0.573368,matched
2143,71.433333,1946,64.866667,0.566742,matched
2144,71.466667,1948,64.933333,0.560115,matched
2145,71.5,1950,65.0,0.553488,matched
2146,71.533333,1952,65.066667,0.546861,matched
2147,71.566667,1954,65.133333,0.540234,matched
2148,71.6,1956,65.2,0.533608,matched
2149,71.633333,1958,65.266667,0.564313,matched
2150,71.666667,1960,65.333333,0.595018,matched
2151,71.7,1962,65.4,0.625722,matched
2152,71.733333,1964,65.466667,0.656427,matched
2153,71.766667,1966,65.533333,0.687132,matched
2154,71.8,1968,65.6,0.717836,matched
2155,71.833333,1968,65.6,0.720407,matched
2156,71.866667,1969,65.633333,0.722975,matched
2157,71.9,1969,65.633333,0.725544,matched
2158,71.933333,1970,65.666667,0.728112,matched
2159,71.966667,1971,65.7,0.73068,matched
2160,72.0,1971,65.7,0.733249,matched
2161,72.033333,1972,65.733333,0.735817,matched
2162,72.066667,1972,65.733333,0.738385,matched
2163,72.1,1973,65.766667,0.740953,matched
2164,72.133333,1973,65.766667,0.743522,matched
2165,72.166667,1974,65.8,0.74609,matched
2166,72.2,1974,65.8,0.748657,matched
2167,72.233333,1975,65.833333,0.741673,matched
2168,72.266667,1975,65.833333,0.734689,matched
2169,72.3,1976,65.866667,0.727705,matched
2170,72.333333,1976,65.866667,0.720721,matched
2171,72.366667,1977,65.9,0.713737,matched
2172,72.4,1977,65.9,0.706753,matched
2173,72.433333,1978,65.933333,0.699768,matched
2174,72.466667,1978,65.933333,0.692784,matched
2175,72.5,1979,65.966667,0.6858,matched
2176,72.533333,1979,65.966667,0.678816,matched
2177,72.566667,1980,66.0,0.671832,matched
2178,72.6,1980,66.0,0.664848,matched
2179,72.633333,1982,66.066667,0.663394,matched
2180,72.666667,1984,66.133333,0.66194,matched
2181,72.7,1986,66.2,0.660486,matched
2182,72.733333,1988,66.266667,0.659031,matched
2183,72.766667,1990,66.333333,0.657577,matched
2184,72.8,1992,66.4,0.656123,matched
2185,72.833333,1992,66.4,0.655076,matched
2186,72.866667,1993,66.433333,0.65403,matched
2187,72.9,1994,66.466667,0.652983,matched
2188,72.933333,1994,66.466667,0.651936,matched
2189,72.966667,1994,66.466667,0.65089,matched
2190,73.0,1995,66.5,0.649843,matched
2191,73.033333,1996,66.533333,0.648796,matched
2192,73.066667,1996,66.533333,0.64775,matched
2193,73.1,1996,66.533333,0.646703,matched
2194,73.133333,1997,66.566667,0.645656,matched
2195,73.166667,1998,66.6,0.64461,matched
2196,73.2,1998,66.6,0.643563,matched
2197,73.233333,1999,66.633333,0.648266,matched
2198,73.266667,1999,66.633333,0.65297,matched
2199,73.3,2000,66.666667,0.657673,matched
2200,73.333333,2000,66.666667,0.662376,matched
2201,73.366667,2001,66.7,0.667079,matched
2202,73.4,2001,66.7,0.671782,matched
2203,73.433333,2002,66.733333,0.676485,matched
2204,73.466667,2002,66.733333,0.681188,matched
2205,73.5,2003,66.766667,0.685891,matched
2206,73.533333,2003,66.766667,0.690594,matched
2207,73.566667,2004,66.8,0.695297,matched
2208,73.6,2004,66.8,0.7,matched
2209,73.633333,2005,66.833333,0.7,matched
2210,73.666667,2006,66.866667,0.7,matched
2211,73.7,2007,66.9,0.7,matched
2212,73.733333,2008,66.933333,0.7,matched
2213,73.766667,2009,66.966667,0.7,matched
2214,73.8,2010,67.0,0.7,matched
2215,73.833333,2010,67.0,0.699025,matched
2216,73.866667,2011,67.033333,0.69805,matched
2217,73.9,2011,67.033333,0.697074,matched
2218,73.933333,2012,67.066667,0.696099,matched
2219,73.966667,2012,67.066667,0.695124,matched
2220,74.0,2013,67.1,0.694148,matched
2221,74.033333,2013,67.1,0.693173,matched
2222,74.066667,2014,67.133333,0.692198,matched
2223,74.1,2014,67.133333,0.691223,matched
2224,74.133333,2015,67.166667,0.690247,matched
2225,74.166667,2015,67.166667,0.689272,matched
2226,74.2,2016,67.2,0.688297,matched
2227,74.233333,2016,67.2,0.689272,matched
2228,74.266667,2017,67.233333,0.690248,matched
2229,74.3,2017,67.233333,0.691223,matched
2230,74.333333,2018,67.266667,0.692198,matched
2231,74.366667,2019,67.3,0.693173,matched
2232,74.4,2019,67.3,0.694149,matched
2233,74.433333,2020,67.333333,0.695124,matched
2234,74.466667,2020,67.333333,0.696099,matched
2235,74.5,2021,67.366667,0.697074,matched
2236,74.533333,2021,67.366667,0.69805,matched
2237,74.566667,2022,67.4,0.699025,matched
2238,74.6,2022,67.4,0.7,matched
2239,74.633333,2024,67.466667,0.698349,matched
2240,74.666667,2026,67.533333,0.696699,matched
2241,74.7,2028,67.6,0.695049,matched
2242,74.733333,2030,67.666667,0.693398,matched
2243,74.766667,2032,67.733333,0.691748,matched
2244,74.8,2034,67.8,0.690097,matched
2245,74.833333,2035,67.833333,0.688534,matched
2246,74.866667,2035,67.833333,0.68697,matched
2247,74.9,2036,67.866667,0.685407,matched
2248,74.933333,2036,67.866667,0.683843,matched
2249,74.966667,2037,67.9,0.68228,matched
2250,75.0,2037,67.9,0.680716,matched
2251,75.033333,2038,67.933333,0.679153,matched
2252,75.066667,2038,67.933333,0.67759,matched
2253,75.1,2039,67.966667,0.676026,matched
2254,75.133333,2039,67.966667,0.674463,matched
2255,75.166667,2040,68.0,0.672899,matched
2256,75.2,2040,68.0,0.671336,matched
2257,75.233333,2041,68.033333,0.673457,matched
2258,75.266667,2041,68.033333,0.675578,matched
2259,75.3,2042,68.066667,0.677698,matched
2260,75.333333,2042,68.066667,0.679819,matched
2261,75.366667,2042,68.066667,0.681939,matched
2262,75.4,2043,68.1,0.68406,matched
2263,75.433333,2043,68.1,0.686181,matched
2264,75.466667,2044,68.133333,0.688301,matched
2265,75.5,2044,68.133333,0.690422,matched
2266,75.533333,2045,68.166667,0.692543,matched
2267,75.566667,2045,68.166667,0.694663,matched
2268,75.6,2046,68.2,0.696783,matched
2269,75.633333,2048,68.266667,0.682935,matched
2270,75.666667,2050,68.333333,0.669087,matched
2271,75.7,2052,68.4,0.655239,matched
2272,75.733333,2054,68.466667,0.641391,matched
2273,75.766667,2056,68.533333,0.627543,matched
2274,75.8,2058,68.6,0.613695,matched
2275,75.833333,2060,68.666667,0.62111,matched
2276,75.866667,2062,68.733333,0.628527,matched
2277,75.9,2064,68.8,0.635944,matched
2278,75.933333,2066,68.866667,0.643361,matched
2279,75.966667,2068,68.933333,0.650778,matched
2280,76.0,2070,69.0,0.658195,matched
2281,76.033333,2072,69.066667,0.668563,matched
2282,76.066667,2074,69.133333,0.67893,matched
2283,76.1,2076,69.2,0.689297,matched
2284,76.133333,2078,69.266667,0.699665,matched
2285,76.166667,2080,69.333333,0.710032,matched
2286,76.2,2082,69.4,0.720399,matched
2287,76.233333,2084,69.466667,0.718946,matched
2288,76.266667,2086,69.533333,0.717493,matched
2289,76.3,2088,69.6,0.71604,matched
2290,76.333333,2090,69.666667,0.714587,matched
2291,76.366667,2092,69.733333,0.713134,matched
2292,76.4,2094,69.8,0.711681,matched
2293,76.433333,2095,69.833333,0.710708,matched
2294,76.466667,2095,69.833333,0.709734,matched
2295,76.5,2096,69.866667,0.708761,matched
2296,76.533333,2096,69.866667,0.707787,matched
2297,76.566667,2097,69.9,0.706814,matched
2298,76.6,2097,69.9,0.705841,matched
2299,76.633333,2098,69.933333,0.704867,matched
2300,76.666667,2098,69.933333,0.703894,matched
2301,76.7,2098,69.933333,0.70292,matched
2302,76.733333,2099,69.966667,0.701947,matched
2303,76.766667,2099,69.966667,0.700973,matched
2304,76.8,2100,70.0,0.7,matched
2305,76.833333,2100,70.0,0.697787,matched
2306,76.866667,2101,70.033333,0.695573,matched
2307,76.9,2101,70.033333,0.69336,matched
2308,76.933333,2102,70.066667,0.691146,matched
2309,76.966667,2102,70.066667,0.688933,matched
2310,77.0,2103,70.1,0.686719,matched
2311,77.033333,2103,70.1,0.684505,matched
2312,77.066667,2104,70.133333,0.682292,matched
2313,77.1,2104,70.133333,0.680078,matched
2314,77.133333,2105,70.166667,0.677865,matched
2315,77.166667,2105,70.166667,0.675651,matched
2316,77.2,2106,70.2,0.673438,matched
2317,77.233333,2106,70.2,0.675652,matched
2318,77.266667,2107,70.233333,0.677865,matched
2319,77.3,2107,70.233333,0.680079,matched
2320,77.333333,2108,70.266667,0.682292,matched
2321,77.366667,2109,70.3,0.684506,matched
2322,77.4,2109,70.3,0.686719,matched
2323,77.433333,2110,70.333333,0.688933,matched
2324,77.466667,2110,70.333333,0.691146,matched
2325,77.5,2111,70.366667,0.69336,matched
2326,77.533333,2111,70.366667,0.695573,matched
2327,77.566667,2112,70.4,0.697787,matched
2328,77.6,2112,70.4,0.7,matched
2329,77.633333,2114,70.466667,0.7,matched
2330,77.666667,2116,70.533333,0.7,matched
2331,77.7,2118,70.6,0.7,matched
2332,77.733333,2120,70.666667,0.7,matched
2333,77.766667,2122,70.733333,0.7,matched
2334,77.8,2124,70.8,0.7,matched
2335,77.833333,2125,70.833333,0.7,matched
2336,77.866667,2126,70.866667,0.7,matched
2337,77.9,2127,70.9,0.7,matched
2338,77.933333,2128,70.933333,0.7,matched
2339,77.966667,2129,70.966667,0.7,matched
2340,78.0,2130,71.0,0.7,matched
2341,78.033333,2130,71.0,0.69907,matched
2342,78.066667,2131,71.033333,0.698141,matched
2343,78.1,2131,71.033333,0.697211,matched
2344,78.133333,2132,71.066667,0.696282,matched
2345,78.166667,2132,71.066667,0.695353,matched
2346,78.2,2133,71.1,0.694423,matched
2347,78.233333,2133,71.1,0.693494,matched
2348,78.266667,2134,71.133333,0.692564,matched
2349,78.3,2134,71.133333,0.691635,matched
2350,78.333333,2135,71.166667,0.690705,matched
2351,78.366667,2135,71.166667,0.689776,matched
2352,78.4,2136,71.2,0.688846,matched
2353,78.433333,2138,71.266667,0.690705,matched
2354,78.466667,2140,71.333333,0.692564,matched
2355,78.5,2142,71.4,0.694423,matched
2356,78.533333,2144,71.466667,0.696282,matched
2357,78.566667,2146,71.533333,0.698141,matched
2358,78.6,2148,71.6,0.7,matched
2359,78.633333,2148,71.6,0.698187,matched
2360,78.666667,2149,71.633333,0.696374,matched
2361,78.7,2150,71.666667,0.694561,matched
2362,78.733333,2150,71.666667,0.692748,matched
2363,78.766667,2151,71.7,0.690935,matched
2364,78.8,2151,71.7,0.689121,matched
2365,78.833333,2152,71.733333,0.687308,matched
2366,78.866667,2152,71.733333,0.685495,matched
2367,78.9,2153,71.766667,0.683682,matched
2368,78.933333,2153,71.766667,0.681869,matched
2369,78.966667,2154,71.8,0.680056,matched
2370,79.0,2154,71.8,0.678243,matched
2371,79.033333,2156,71.866667,0.681869,matched
2372,79.066667,2158,71.933333,0.685495,matched
2373,79.1,2160,72.0,0.689122,matched
2374,79.133333,2162,72.066667,0.692748,matched
2375,79.166667,2164,72.133333,0.696374,matched
2376,79.2,2166,72.2,0.7,matched
2377,79.233333,2168,72.266667,0.699395,matched
2378,79.266667,2170,72.333333,0.69879,matched
2379,79.3,2172,72.4,0.698185,matched
2380,79.333333,2174,72.466667,0.69758,matched
2381,79.366667,2176,72.533333,0.696975,matched
2382,79.4,2178,72.6,0.69637,matched
2383,79.433333,2178,72.6,0.694352,matched
2384,79.466667,2179,72.633333,0.692334,matched
2385,79.5,2179,72.633333,0.690315,matched
2386,79.533333,2180,72.666667,0.688297,matched
2387,79.566667,2180,72.666667,0.686279,matched
2388,79.6,2181,72.7,0.684261,matched
2389,79.633333,2181,72.7,0.682242,matched
2390,79.666667,2182,72.733333,0.680224,matched
2391,79.7,2183,72.766667,0.678206,matched
2392,79.733333,2183,72.766667,0.676188,matched
2393,79.766667,2184,72.8,0.674169,matched
2394,79.8,2184,72.8,0.672151,matched
2395,79.833333,2185,72.833333,0.667768,matched
2396,79.866667,2185,72.833333,0.663385,matched
2397,79.9,2186,72.866667,0.659001,matched
2398,79.933333,2186,72.866667,0.654618,matched
2399,79.966667,2187,72.9,0.650235,matched
2400,80.0,2187,72.9,0.645852,matched
2401,80.033333,2188,72.933333,0.641468,matched
2402,80.066667,2188,72.933333,0.637085,matched
2403,80.1,2189,72.966667,0.632702,matched
2404,80.133333,2189,72.966667,0.628318,matched
2405,80.166667,2190,73.0,0.623935,matched
2406,80.2,2190,73.0,0.619553,matched
2407,80.233333,2192,73.066667,0.632961,matched
2408,80.266667,2194,73.133333,0.646369,matched
2409,80.3,2196,73.2,0.659776,matched
2410,80.333333,2198,73.266667,0.673184,matched
2411,80.366667,2200,73.333333,0.686592,matched
2412,80.4,2202,73.4,0.699999,matched
2413,80.433333,2203,73.433333,0.69845,matched
2414,80.466667,2203,73.433333,0.696899,matched
2415,80.5,2203,73.433333,0.695349,matched
2416,80.533333,2204,73.466667,0.693799,matched
2417,80.566667,2204,73.466667,0.692248,matched
2418,80.6,2205,73.5,0.690698,matched
2419,80.633333,2205,73.5,0.689148,matched
2420,80.666667,2206,73.533333,0.687597,matched
2421,80.7,2206,73.533333,0.686047,matched
2422,80.733333,2207,73.566667,0.684497,matched
2423,80.766667,2207,73.566667,0.682946,matched
2424,80.8,2208,73.6,0.681396,matched
2425,80.833333,2208,73.6,0.671521,matched
2426,80.866667,2209,73.633333,0.661644,matched
2427,80.9,2209,73.633333,0.651768,matched
2428,80.933333,2210,73.666667,0.641892,matched
2429,80.966667,2211,73.7,0.632016,matched
2430,81.0,2211,73.7,0.62214,matched
2431,81.033333,2212,73.733333,0.612263,matched
2432,81.066667,2212,73.733333,0.602387,matched
2433,81.1,2213,73.766667,0.592511,matched
2434,81.133333,2213,73.766667,0.582635,matched
2435,81.166667,2214,73.8,0.572758,matched
2436,81.2,2214,73.8,0.562884,matched
2437,81.233333,2215,73.833333,0.56928,matched
2438,81.266667,2215,73.833333,0.575677,matched
2439,81.3,2216,73.866667,0.582073,matched
2440,81.333333,2216,73.866667,0.588469,matched
2441,81.366667,2217,73.9,0.594866,matched
2442,81.4,2217,73.9,0.601262,matched
2443,81.433333,2218,73.933333,0.607659,matched
2444,81.466667,2218,73.933333,0.614055,matched
2445,81.5,2219,73.966667,0.620452,matched
2446,81.533333,2219,73.966667,0.626848,matched
2447,81.566667,2220,74.0,0.633245,matched
2448,81.6,2220,74.0,0.639641,matched
2449,81.633333,2222,74.066667,0.637854,matched
2450,81.666667,2224,74.133333,0.636068,matched
2451,81.7,2226,74.2,0.634281,matched
2452,81.733333,2228,74.266667,0.632494,matched
2453,81.766667,2230,74.333333,0.630708,matched
2454,81.8,2232,74.4,0.628921,matched
2455,81.833333,2233,74.433333,0.62865,matched
2456,81.866667,2234,74.466667,0.628379,matched
2457,81.9,2235,74.5,0.628108,matched
2458,81.933333,2236,74.533333,0.627836,matched
2459,81.966667,2237,74.566667,0.627565,matched
2460,82.0,2238,74.6,0.627294,matched
2461,82.033333,2238,74.6,0.621871,matched
2462,82.066667,2239,74.633333,0.616447,matched
2463,82.1,2239,74.633333,0.611024,matched
2464,82.133333,2240,74.666667,0.6056,matched
2465,82.166667,2241,74.7,0.600177,matched
2466,82.2,2241,74.7,0.594754,matched
2467,82.233333,2242,74.733333,0.58933,matched
2468,82.266667,2242,74.733333,0.583907,matched
2469,82.3,2243,74.766667,0.578483,matched
2470,82.333333,2243,74.766667,0.57306,matched
2471,82.366667,2244,74.8,0.567637,matched
2472,82.4,2244,74.8,0.562213,matched
2473,82.433333,2245,74.833333,0.566398,matched
2474,82.466667,2245,74.833333,0.570584,matched
2475,82.5,2246,74.866667,0.57477,matched
2476,82.533333,2246,74.866667,0.578955,matched
2477,82.566667,2247,74.9,0.583141,matched
2478,82.6,2247,74.9,0.587326,matched
2479,82.633333,2248,74.933333,0.591512,matched
2480,82.666667,2248,74.933333,0.595697,matched
2481,82.7,2248,74.933333,0.599883,matched
2482,82.733333,2249,74.966667,0.604068,matched
2483,82.766667,2249,74.966667,0.608254,matched
2484,82.8,2250,75.0,0.61244,matched
2485,82.833333,2250,75.0,0.612902,matched
2486,82.866667,2251,75.033333,0.613364,matched
2487,82.9,2251,75.033333,0.613826,matched
2488,82.933333,2252,75.066667,0.614288,matched
2489,82.966667,2252,75.066667,0.61475,matched
2490,83.0,2253,75.1,0.615212,matched
2491,83.033333,2253,75.1,0.615674,matched
2492,83.066667,2254,75.133333,0.616136,matched
2493,83.1,2254,75.133333,0.616598,matched
2494,83.133333,2255,75.166667,0.61706,matched
2495,83.166667,2255,75.166667,0.617522,matched
2496,83.2,2256,75.2,0.617983,matched
2497,83.233333,2258,75.266667,0.604144,matched
2498,83.266667,2260,75.333333,0.590305,matched
2499,83.3,2262,75.4,0.576466,matched
2500,83.333333,2264,75.466667,0.562627,matched
2501,83.366667,2266,75.533333,0.548788,matched
2502,83.4,2268,75.6,0.534949,matched
2503,83.433333,2268,75.6,0.541282,matched
2504,83.466667,2269,75.633333,0.547617,matched
2505,83.5,2269,75.633333,0.553951,matched
2506,83.533333,2270,75.666667,0.560286,matched
2507,83.566667,2270,75.666667,0.56662,matched
2508,83.6,2271,75.7,0.572955,matched
2509,83.633333,2271,75.7,0.57929,matched
2510,83.666667,2272,75.733333,0.585624,matched
2511,83.7,2273,75.766667,0.591959,matched
2512,83.733333,2273,75.766667,0.598293,matched
2513,83.766667,2274,75.8,0.604628,matched
2514,83.8,2274,75.8,0.610962,matched
2515,83.833333,2276,75.866667,0.622573,matched
2516,83.866667,2278,75.933333,0.634185,matched
2517,83.9,2280,76.0,0.645796,matched
2518,83.933333,2282,76.066667,0.657407,matched
2519,83.966667,2284,76.133333,0.669019,matched
2520,84.0,2286,76.2,0.68063,matched
2521,84.033333,2286,76.2,0.681394,matched
2522,84.066667,2287,76.233333,0.682158,matched
2523,84.1,2287,76.233333,0.682922,matched
2524,84.133333,2288,76.266667,0.683686,matched
2525,84.166667,2288,76.266667,0.68445,matched
2526,84.2,2289,76.3,0.685215,matched
2527,84.233333,2289,76.3,0.685979,matched
2528,84.266667,2290,76.333333,0.686743,matched
2529,84.3,2290,76.333333,0.687507,matched
2530,84.333333,2291,76.366667,0.688271,matched
2531,84.366667,2292,76.4,0.689035,matched
2532,84.4,2292,76.4,0.689799,matched
2533,84.433333,2293,76.433333,0.680816,matched
2534,84.466667,2293,76.433333,0.671833,matched
2535,84.5,2293,76.433333,0.66285,matched
2536,84.533333,2294,76.466667,0.653867,matched
2537,84.566667,2294,76.466667,0.644883,matched
2538,84.6,2295,76.5,0.6359,matched
2539,84.633333,2295,76.5,0.626917,matched
2540,84.666667,2296,76.533333,0.617934,matched
2541,84.7,2296,76.533333,0.60895,matched
2542,84.733333,2297,76.566667,0.599967,matched
2543,84.766667,2297,76.566667,0.590984,matched
2544,84.8,2298,76.6,0.582001,matched
2545,84.833333,2298,76.6,0.591833,matched
2546,84.866667,2299,76.633333,0.601666,matched
2547,84.9,2299,76.633333,0.6115,matched
2548,84.933333,2300,76.666667,0.621333,matched
2549,84.966667,2301,76.7,0.631167,matched
2550,85.0,2301,76.7,0.641,matched
2551,85.033333,2302,76.733333,0.650833,matched
2552,85.066667,2302,76.733333,0.660667,matched
2553,85.1,2303,76.766667,0.6705,matched
2554,85.133333,2303,76.766667,0.680334,matched
2555,85.166667,2304,76.8,0.690167,matched
2556,85.2,2304,76.8,0.7,matched
2557,85.233333,2305,76.833333,0.695543,matched
2558,85.266667,2305,76.833333,0.691086,matched
2559,85.3,2306,76.866667,0.686629,matched
2560,85.333333,2306,76.866667,0.682172,matched
2561,85.366667,2307,76.9,0.677715,matched
2562,85.4,2307,76.9,0.673258,matched
2563,85.433333,2308,76.933333,0.668801,matched
2564,85.466667,2308,76.933333,0.664344,matched
2565,85.5,2309,76.966667,0.659887,matched
2566,85.533333,2309,76.966667,0.655431,matched
2567,85.566667,2310,77.0,0.650974,matched
2568,85.6,2310,77.0,0.646517,matched
2569,85.633333,2312,77.066667,0.646278,matched
2570,85.666667,2314,77.133333,0.646038,matched
2571,85.7,2316,77.2,0.645799,matched
2572,85.733333,2318,77.266667,0.64556,matched
2573,85.766667,2320,77.333333,0.64532,matched
2574,85.8,2322,77.4,0.645081,matched
2575,85.833333,2322,77.4,0.644493,matched
2576,85.866667,2323,77.433333,0.643906,matched
2577,85.9,2324,77.466667,0.643318,matched
2578,85.933333,2324,77.466667,0.642731,matched
2579,85.966667,2324,77.466667,0.642143,matched
2580,86.0,2325,77.5,0.641555,matched
2581,86.033333,2326,77.533333,0.640968,matched
2582,86.066667,2326,77.533333,0.64038,matched
2583,86.1,2326,77.533333,0.639793,matched
2584,86.133333,2327,77.566667,0.639205,matched
2585,86.166667,2328,77.6,0.638618,matched
2586,86.2,2328,77.6,0.63803,matched
2587,86.233333,2329,77.633333,0.639909,matched
2588,86.266667,2329,77.633333,0.641788,matched
2589,86.3,2330,77.666667,0.643667,matched
2590,86.333333,2330,77.666667,0.645545,matched
2591,86.366667,2331,77.7,0.647424,matched
2592,86.4,2331,77.7,0.649303,matched
2593,86.433333,2332,77.733333,0.651182,matched
2594,86.466667,2332,77.733333,0.653061,matched
2595,86.5,2333,77.766667,0.65494,matched
2596,86.533333,2333,77.766667,0.656818,matched
2597,86.566667,2334,77.8,0.658697,matched
2598,86.6,2334,77.8,0.660576,matched
2599,86.633333,2336,77.866667,0.661476,matched
2600,86.666667,2338,77.933333,0.662377,matched
2601,86.7,2340,78.0,0.663277,matched
2602,86.733333,2342,78.066667,0.664177,matched
2603,86.766667,2344,78.133333,0.665078,matched
2604,86.8,2346,78.2,0.665978,matched
2605,86.833333,2346,78.2,0.667815,matched
2606,86.866667,2347,78.233333,0.669652,matched
2607,86.9,2347,78.233333,0.67149,matched
2608,86.933333,2348,78.266667,0.673327,matched
2609,86.966667,2348,78.266667,0.675164,matched
2610,87.0,2349,78.3,0.677002,matched
2611,87.033333,2349,78.3,0.678839,matched
2612,87.066667,2350,78.333333,0.680676,matched
2613,87.1,2351,78.366667,0.682513,matched
2614,87.133333,2351,78.366667,0.684351,matched
2615,87.166667,2352,78.4,0.686188,matched
2616,87.2,2352,78.4,0.688024,matched
2617,87.233333,2354,78.466667,0.677845,matched
2618,87.266667,2356,78.533333,0.667666,matched
2619,87.3,2358,78.6,0.657486,matched
2620,87.333333,2360,78.666667,0.647307,matched
2621,87.366667,2362,78.733333,0.637128,matched
2622,87.4,2364,78.8,0.626948,matched
2623,87.433333,2365,78.833333,0.63197,matched
2624,87.466667,2365,78.833333,0.636991,matched
2625,87.5,2366,78.866667,0.642013,matched
2626,87.533333,2366,78.866667,0.647035,matched
2627,87.566667,2367,78.9,0.652057,matched
2628,87.6,2367,78.9,0.657079,matched
2629,87.633333,2368,78.933333,0.6621,matched
2630,87.666667,2368,78.933333,0.667122,matched
2631,87.7,2368,78.933333,0.672144,matched
2632,87.733333,2369,78.966667,0.677166,matched
2633,87.766667,2369,78.966667,0.682188,matched
2634,87.8,2370,79.0,0.68721,matched
2635,87.833333,2370,79.0,0.688276,matched
2636,87.866667,2371,79.033333,0.689342,matched
2637,87.9,2371,79.033333,0.690407,matched
2638,87.933333,2372,79.066667,0.691473,matched
2639,87.966667,2372,79.066667,0.692539,matched
2640,88.0,2373,79.1,0.693605,matched
2641,88.033333,2373,79.1,0.694671,matched
2642,88.066667,2374,79.133333,0.695737,matched
2643,88.1,2374,79.133333,0.696803,matched
2644,88.133333,2375,79.166667,0.697868,matched
2645,88.166667,2375,79.166667,0.698934,matched
2646,88.2,2376,79.2,0.7,matched
2647,88.233333,2377,79.233333,0.698135,matched
2648,88.266667,2378,79.266667,0.696271,matched
2649,88.3,2379,79.3,0.694406,matched
2650,88.333333,2380,79.333333,0.692542,matched
2651,88.366667,2381,79.366667,0.690678,matched
2652,88.4,2382,79.4,0.688813,matched
2653,88.433333,2384,79.466667,0.683424,matched
2654,88.466667,2386,79.533333,0.678034,matched
2655,88.5,2388,79.6,0.672645,matched
2656,88.533333,2390,79.666667,0.667256,matched
2657,88.566667,2392,79.733333,0.661866,matched
2658,88.6,2394,79.8,0.656477,matched
2659,88.633333,2395,79.833333,0.660104,matched
2660,88.666667,2395,79.833333,0.663731,matched
2661,88.7,2396,79.866667,0.667358,matched
2662,88.733333,2396,79.866667,0.670985,matched
2663,88.766667,2397,79.9,0.674612,matched
2664,88.8,2397,79.9,0.678239,matched
2665,88.833333,2398,79.933333,0.681865,matched
2666,88.866667,2398,79.933333,0.685492,matched
2667,88.9,2399,79.966667,0.689119,matched
2668,88.933333,2399,79.966667,0.692746,matched
2669,88.966667,2400,80.0,0.696373,matched
2670,89.0,2400,80.0,0.7,matched
2671,89.033333,2402,80.066667,0.699484,matched
2672,89.066667,2404,80.133333,0.698969,matched
2673,89.1,2406,80.2,0.698453,matched
2674,89.133333,2408,80.266667,0.697937,matched
2675,89.166667,2410,80.333333,0.697422,matched
2676,89.2,2412,80.4,0.696906,matched
2677,89.233333,2413,80.433333,0.696252,matched
2678,89.266667,2413,80.433333,0.695599,matched
2679,89.3,2414,80.466667,0.694945,matched
2680,89.333333,2414,80.466667,0.694292,matched
2681,89.366667,2415,80.5,0.693638,matched
2682,89.4,2415,80.5,0.692985,matched
2683,89.433333,2416,80.533333,0.692331,matched
2684,89.466667,2416,80.533333,0.691678,matched
2685,89.5,2417,80.566667,0.691024,matched
2686,89.533333,2417,80.566667,0.690371,matched
2687,89.566667,2417,80.566667,0.689717,matched
2688,89.6,2418,80.6,0.689064,matched
2689,89.633333,2419,80.633333,0.689834,matched
2690,89.666667,2420,80.666667,0.690604,matched
2691,89.7,2421,80.7,0.691374,matched
2692,89.733333,2422,80.733333,0.692144,matched
2693,89.766667,2423,80.766667,0.692914,matched
2694,89.8,2424,80.8,0.693684,matched
2695,89.833333,2425,80.833333,0.692754,matched
2696,89.866667,2425,80.833333,0.691823,matched
2697,89.9,2426,80.866667,0.690893,matched
2698,89.933333,2426,80.866667,0.689962,matched
2699,89.966667,2427,80.9,0.689032,matched
2700,90.0,2427,80.9,0.688102,matched
2701,90.033333,2428,80.933333,0.687171,matched
2702,90.066667,2428,80.933333,0.686241,matched
2703,90.1,2429,80.966667,0.68531,matched
2704,90.133333,2429,80.966667,0.68438,matched
2705,90.166667,2430,81.0,0.683449,matched
2706,90.2,2430,81.0,0.682518,matched
2707,90.233333,2431,81.033333,0.674953,matched
2708,90.266667,2431,81.033333,0.667387,matched
2709,90.3,2432,81.066667,0.659822,matched
2710,90.333333,2432,81.066667,0.652256,matched
2711,90.366667,2432,81.066667,0.644691,matched
2712,90.4,2433,81.1,0.637125,matched
2713,90.433333,2433,81.1,0.629559,matched
2714,90.466667,2434,81.133333,0.621994,matched
2715,90.5,2434,81.133333,0.614428,matched
2716,90.533333,2435,81.166667,0.606863,matched
2717,90.566667,2435,81.166667,0.599297,matched
2718,90.6,2436,81.2,0.591732,matched
2719,90.633333,2436,81.2,0.594476,matched
2720,90.666667,2437,81.233333,0.59722,matched
2721,90.7,2437,81.233333,0.599963,matched
2722,90.733333,2438,81.266667,0.602707,matched
2723,90.766667,2438,81.266667,0.605451,matched
2724,90.8,2439,81.3,0.608195,matched
2725,90.833333,2439,81.3,0.610938,matched
2726,90.866667,2440,81.333333,0.613682,matched
2727,90.9,2441,81.366667,0.616426,matched
2728,90.933333,2441,81.366667,0.61917,matched
2729,90.966667,2442,81.4,0.621913,matched
2730,91.0,2442,81.4,0.624657,matched
2731,91.033333,2444,81.466667,0.636499,matched
2732,91.066667,2446,81.533333,0.648341,matched
2733,91.1,2448,81.6,0.660184,matched
2734,91.133333,2450,81.666667,0.672026,matched
2735,91.166667,2452,81.733333,0.683868,matched
2736,91.2,2454,81.8,0.695706,matched
2737,91.233333,2456,81.866667,0.658242,matched
2738,91.266667,2458,81.933333,0.620778,matched
2739,91.3,2460,82.0,0.583314,matched
2740,91.333333,2462,82.066667,0.54585,matched
2741,91.366667,2464,82.133333,0.508386,matched
2742,91.4,2466,82.2,0.470922,matched
2743,91.433333,2468,82.266667,0.482877,matched
2744,91.466667,2470,82.333333,0.494835,matched
2745,91.5,2472,82.4,0.506793,matched
2746,91.533333,2474,82.466667,0.51875,matched
2747,91.566667,2476,82.533333,0.530708,matched
2748,91.6,2478,82.6,0.542664,matched
2749,91.633333,2480,82.666667,0.512328,matched
2750,91.666667,2482,82.733333,0.481993,matched
2751,91.7,2484,82.8,0.451658,matched
2752,91.733333,2486,82.866667,0.421323,matched
2753,91.766667,2488,82.933333,0.390988,matched
2754,91.8,2490,83.0,0.360653,matched
2755,91.833333,2492,83.066667,0.377287,matched
2756,91.866667,2494,83.133333,0.393926,matched
2757,91.9,2496,83.2,0.410565,matched
2758,91.933333,2498,83.266667,0.427203,matched
2759,91.966667,2500,83.333333,0.443842,matched
2760,92.0,2502,83.4,0.460481,matched
2761,92.033333,2503,83.433333,0.454444,matched
2762,92.066667,2503,83.433333,0.448407,matched
2763,92.1,2504,83.466667,0.44237,matched
2764,92.133333,2504,83.466667,0.436332,matched
2765,92.166667,2504,83.466667,0.430295,matched
2766,92.2,2505,83.5,0.424258,matched
2767,92.233333,2505,83.5,0.418221,matched
2768,92.266667,2506,83.533333,0.412184,matched
2769,92.3,2506,83.533333,0.406147,matched
2770,92.333333,2507,83.566667,0.40011,matched
2771,92.366667,2507,83.566667,0.394072,matched
2772,92.4,2508,83.6,0.388035,matched
2773,92.433333,2508,83.6,0.378902,matched
2774,92.466667,2509,83.633333,0.369769,matched
2775,92.5,2509,83.633333,0.360636,matched
2776,92.533333,2510,83.666667,0.351503,matched
2777,92.566667,2510,83.666667,0.342369,review
2778,92.6,2511,83.7,0.333236,review
2779,92.633333,2511,83.7,0.324103,review
2780,92.666667,2512,83.733333,0.31497,review
2781,92.7,2513,83.766667,0.305836,review
2782,92.733333,2513,83.766667,0.296703,review
2783,92.766667,2514,83.8,0.28757,review
2784,92.8,2514,83.8,0.278437,review
2785,92.833333,2515,83.833333,0.281608,review
2786,92.866667,2515,83.833333,0.284781,review
2787,92.9,2516,83.866667,0.287954,review
2788,92.933333,2516,83.866667,0.291127,review
2789,92.966667,2517,83.9,0.294299,review
2790,93.0,2517,83.9,0.297472,review
2791,93.033333,2518,83.933333,0.300645,review
2792,93.066667,2518,83.933333,0.303817,review
2793,93.1,2519,83.966667,0.30699,review
2794,93.133333,2519,83.966667,0.310163,review
2795,93.166667,2520,84.0,0.313336,review
2796,93.2,2520,84.0,0.316509,review
2797,93.233333,2521,84.033333,0.32329,review
2798,93.266667,2521,84.033333,0.330072,review
2799,93.3,2522,84.066667,0.336854,review
2800,93.333333,2522,84.066667,0.343636,review
2801,93.366667,2522,84.066667,0.350418,matched
2802,93.4,2523,84.1,0.357199,matched
2803,93.433333,2523,84.1,0.363981,matched
2804,93.466667,2524,84.133333,0.370763,matched
2805,93.5,2524,84.133333,0.377545,matched
2806,93.533333,2525,84.166667,0.384327,matched
2807,93.566667,2525,84.166667,0.391109,matched
2808,93.6,2526,84.2,0.39789,matched
2809,93.633333,2526,84.2,0.404442,matched
2810,93.666667,2527,84.233333,0.410994,matched
2811,93.7,2527,84.233333,0.417546,matched
2812,93.733333,2528,84.266667,0.424099,matched
2813,93.766667,2528,84.266667,0.430651,matched
2814,93.8,2529,84.3,0.437203,matched
2815,93.833333,2529,84.3,0.443755,matched
2816,93.866667,2530,84.333333,0.450307,matched
2817,93.9,2531,84.366667,0.456859,matched
2818,93.933333,2531,84.366667,0.463411,matched
2819,93.966667,2532,84.4,0.469963,matched
2820,94.0,2532,84.4,0.476515,matched
2821,94.033333,2533,84.433333,0.459631,matched
2822,94.066667,2533,84.433333,0.442748,matched
2823,94.1,2534,84.466667,0.425864,matched
2824,94.133333,2534,84.466667,0.40898,matched
2825,94.166667,2534,84.466667,0.392097,matched
2826,94.2,2535,84.5,0.375213,matched
2827,94.233333,2535,84.5,0.358329,matched
2828,94.266667,2536,84.533333,0.341446,review
2829,94.3,2536,84.533333,0.324562,review
2830,94.333333,2537,84.566667,0.307678,review
2831,94.366667,2537,84.566667,0.290794,review
2832,94.4,2538,84.6,0.273911,review
2833,94.433333,2540,84.666667,0.255525,review
2834,94.466667,2542,84.733333,0.23714,review
2835,94.5,2544,84.8,0.218754,review
2836,94.533333,2546,84.866667,0.200368,review
2837,94.566667,2548,84.933333,0.181983,review
2838,94.6,2550,85.0,0.163598,review
2839,94.633333,2551,85.033333,0.171376,review
2840,94.666667,2551,85.033333,0.179153,review
2841,94.7,2551,85.033333,0.18693,review
2842,94.733333,2552,85.066667,0.194707,review
2843,94.766667,2552,85.066667,0.202484,review
2844,94.8,2553,85.1,0.210262,review
2845,94.833333,2553,85.1,0.218039,review
2846,94.866667,2554,85.133333,0.225816,review
2847,94.9,2554,85.133333,0.233593,review
2848,94.933333,2555,85.166667,0.241371,review
2849,94.966667,2555,85.166667,0.249148,review
2850,95.0,2556,85.2,0.256925,review
2851,95.033333,2556,85.2,0.262093,review
2852,95.066667,2557,85.233333,0.26726,review
2853,95.1,2557,85.233333,0.272428,review
2854,95.133333,2558,85.266667,0.277595,review
2855,95.166667,2558,85.266667,0.282763,review
2856,95.2,2559,85.3,0.28793,review
2857,95.233333,2559,85.3,0.293098,review
2858,95.266667,2560,85.333333,0.298265,review
2859,95.3,2560,85.333333,0.303433,review
2860,95.333333,2561,85.366667,0.308601,review
2861,95.366667,2562,85.4,0.313768,review
2862,95.4,2562,85.4,0.318936,review
2863,95.433333,2563,85.433333,0.316703,review
2864,95.466667,2563,85.433333,0.314469,review
2865,95.5,2563,85.433333,0.312236,review
2866,95.533333,2564,85.466667,0.310002,review
2867,95.566667,2564,85.466667,0.307769,review
2868,95.6,2565,85.5,0.305535,review
2869,95.633333,2565,85.5,0.303302,review
2870,95.666667,2566,85.533333,0.301068,review
2871,95.7,2566,85.533333,0.298835,review
2872,95.733333,2567,85.566667,0.296601,review
2873,95.766667,2567,85.566667,0.294368,review
2874,95.8,2568,85.6,0.292134,review
2875,95.833333,2568,85.6,0.292932,review
2876,95.866667,2569,85.633333,0.293731,review
2877,95.9,2569,85.633333,0.294529,review
2878,95.933333,2570,85.666667,0.295328,review
2879,95.966667,2571,85.7,0.296126,review
2880,96.0,2571,85.7,0.296924,review
2881,96.033333,2572,85.733333,0.297723,review
2882,96.066667,2572,85.733333,0.298521,review
2883,96.1,2573,85.766667,0.29932,review
2884,96.133333,2573,85.766667,0.300118,review
2885,96.166667,2574,85.8,0.300917,review
2886,96.2,2574,85.8,0.301715,review
2887,96.233333,2575,85.833333,0.305966,review
2888,96.266667,2575,85.833333,0.310216,review
2889,96.3,2576,85.866667,0.314466,review
2890,96.333333,2576,85.866667,0.318716,review
2891,96.366667,2577,85.9,0.322967,review
2892,96.4,2577,85.9,0.327217,review
2893,96.433333,2578,85.933333,0.331467,review
2894,96.466667,2578,85.933333,0.335717,review
2895,96.5,2579,85.966667,0.339967,review
2896,96.533333,2579,85.966667,0.344218,review
2897,96.566667,2580,86.0,0.348468,review
2898,96.6,2580,86.0,0.352717,matched
2899,96.633333,2581,86.033333,0.338985,review
2900,96.666667,2581,86.033333,0.325252,review
2901,96.7,2581,86.033333,0.31152,review
2902,96.733333,2582,86.066667,0.297787,review
2903,96.766667,2582,86.066667,0.284055,review
2904,96.8,2583,86.1,0.270322,review
2905,96.833333,2583,86.1,0.25659,review
2906,96.866667,2584,86.133333,0.242857,review
2907,96.9,2584,86.133333,0.229125,review
2908,96.933333,2585,86.166667,0.215392,review
2909,96.966667,2585,86.166667,0.20166,review
2910,97.0,2586,86.2,0.187927,review
2911,97.033333,2586,86.2,0.201234,review
2912,97.066667,2587,86.233333,0.214541,review
2913,97.1,2587,86.233333,0.227848,review
2914,97.133333,2588,86.266667,0.241155,review
2915,97.166667,2588,86.266667,0.254463,review
2916,97.2,2589,86.3,0.26777,review
2917,97.233333,2589,86.3,0.281077,review
2918,97.266667,2590,86.333333,0.294384,review
2919,97.3,2590,86.333333,0.307691,review
2920,97.333333,2591,86.366667,0.320998,review
2921,97.366667,2592,86.4,0.334305,review
2922,97.4,2592,86.4,0.347612,review
2923,97.433333,2593,86.433333,0.372114,matched
2924,97.466667,2593,86.433333,0.396617,matched
2925,97.5,2593,86.433333,0.42112,matched
2926,97.533333,2594,86.466667,0.445622,matched
2927,97.566667,2594,86.466667,0.470125,matched
2928,97.6,2595,86.5,0.494627,matched
2929,97.633333,2595,86.5,0.51913,matched
2930,97.666667,2596,86.533333,0.543632,matched
2931,97.7,2596,86.533333,0.568135,matched
2932,97.733333,2597,86.566667,0.592638,matched
2933,97.766667,2597,86.566667,0.61714,matched
2934,97.8,2598,86.6,0.641643,matched
2935,97.833333,2598,86.6,0.63895,matched
2936,97.866667,2599,86.633333,0.636255,matched
2937,97.9,2599,86.633333,0.633559,matched
2938,97.933333,2600,86.666667,0.630864,matched
2939,97.966667,2601,86.7,0.628168,matched
2940,98.0,2601,86.7,0.625473,matched
2941,98.033333,2602,86.733333,0.622778,matched
2942,98.066667,2602,86.733333,0.620082,matched
2943,98.1,2603,86.766667,0.617387,matched
2944,98.133333,2603,86.766667,0.614691,matched
2945,98.166667,2604,86.8,0.611996,matched
2946,98.2,2604,86.8,0.609299,matched
2947,98.233333,2605,86.833333,0.592802,matched
2948,98.266667,2605,86.833333,0.576305,matched
2949,98.3,2606,86.866667,0.559807,matched
2950,98.333333,2606,86.866667,0.54331,matched
2951,98.366667,2607,86.9,0.526813,matched
2952,98.4,2607,86.9,0.510315,matched
2953,98.433333,2608,86.933333,0.493818,matched
2954,98.466667,2608,86.933333,0.477321,matched
2955,98.5,2609,86.966667,0.460823,matched
2956,98.533333,2609,86.966667,0.444326,matched
2957,98.566667,2610,87.0,0.427829,matched
2958,98.6,2610,87.0,0.411332,matched
2959,98.633333,2612,87.066667,0.408715,matched
2960,98.666667,2614,87.133333,0.406097,matched
2961,98.7,2616,87.2,0.40348,matched
2962,98.733333,2618,87.266667,0.400863,matched
2963,98.766667,2620,87.333333,0.398246,matched
2964,98.8,2622,87.4,0.395628,matched
2965,98.833333,2622,87.4,0.411471,matched
2966,98.866667,2623,87.433333,0.427315,matched
2967,98.9,2624,87.466667,0.443159,matched
2968,98.933333,2624,87.466667,0.459003,matched
2969,98.966667,2624,87.466667,0.474847,matched
2970,99.0,2625,87.5,0.490691,matched
2971,99.033333,2626,87.533333,0.506536,matched
2972,99.066667,2626,87.533333,0.52238,matched
2973,99.1,2626,87.533333,0.538224,matched
2974,99.133333,2627,87.566667,0.554068,matched
2975,99.166667,2628,87.6,0.569912,matched
2976,99.2,2628,87.6,0.585755,matched
2977,99.233333,2629,87.633333,0.582722,matched
2978,99.266667,2629,87.633333,0.579689,matched
2979,99.3,2630,87.666667,0.576656,matched
2980,99.333333,2630,87.666667,0.573623,matched
2981,99.366667,2631,87.7,0.570591,matched
2982,99.4,2631,87.7,0.567558,matched
2983,99.433333,2632,87.733333,0.564525,matched
2984,99.466667,2632,87.733333,0.561492,matched
2985,99.5,2633,87.766667,0.558459,matched
2986,99.533333,2633,87.766667,0.555426,matched
2987,99.566667,2634,87.8,0.552394,matched
2988,99.6,2634,87.8,0.549361,matched
2989,99.633333,2635,87.833333,0.554957,matched
2990,99.666667,2635,87.833333,0.560552,matched
2991,99.7,2636,87.866667,0.566147,matched
2992,99.733333,2636,87.866667,0.571743,matched
2993,99.766667,2637,87.9,0.577338,matched
2994,99.8,2637,87.9,0.582933,matched
2995,99.833333,2638,87.933333,0.588528,matched
2996,99.866667,2638,87.933333,0.594124,matched
2997,99.9,2639,87.966667,0.599719,matched
2998,99.933333,2639,87.966667,0.605314,matched
2999,99.966667,2640,88.0,0.61091,matched
3000,100.0,2640,88.0,0.616505,matched
3001,100.033333,2640,88.0,0.617781,matched
3002,100.066667,2641,88.033333,0.619057,matched
3003,100.1,2641,88.033333,0.620333,matched
3004,100.133333,2642,88.066667,0.621609,matched
3005,100.166667,2642,88.066667,0.622885,matched
3006,100.2,2643,88.1,0.62416,matched
3007,100.233333,2643,88.1,0.625436,matched
3008,100.266667,2644,88.133333,0.626712,matched
3009,100.3,2644,88.133333,0.627988,matched
3010,100.333333,2645,88.166667,0.629264,matched
3011,100.366667,2645,88.166667,0.63054,matched
3012,100.4,2646,88.2,0.631816,matched
3013,100.433333,2646,88.2,0.637173,matched
3014,100.466667,2647,88.233333,0.642531,matched
3015,100.5,2647,88.233333,0.647888,matched
3016,100.533333,2648,88.266667,0.653246,matched
3017,100.566667,2648,88.266667,0.658603,matched
3018,100.6,2649,88.3,0.663961,matched
3019,100.633333,2649,88.3,0.669318,matched
3020,100.666667,2650,88.333333,0.674676,matched
3021,100.7,2650,88.333333,0.680033,matched
3022,100.733333,2651,88.366667,0.685391,matched
3023,100.766667,2651,88.366667,0.690748,matched
3024,100.8,2652,88.4,0.696106,matched
3025,100.833333,2652,88.4,0.693436,matched
3026,100.866667,2653,88.433333,0.690766,matched
3027,100.9,2654,88.466667,0.688096,matched
3028,100.933333,2654,88.466667,0.685426,matched
3029,100.966667,2654,88.466667,0.682756,matched
3030,101.0,2655,88.5,0.680086,matched
3031,101.033333,2656,88.533333,0.677416,matched
3032,101.066667,2656,88.533333,0.674746,matched
3033,101.1,2656,88.533333,0.672076,matched
3034,101.133333,2657,88.566667,0.669406,matched
3035,101.166667,2658,88.6,0.666736,matched
3036,101.2,2658,88.6,0.664066,matched
3037,101.233333,2659,88.633333,0.663396,matched
3038,101.266667,2659,88.633333,0.662727,matched
3039,101.3,2660,88.666667,0.662057,matched
3040,101.333333,2660,88.666667,0.661387,matched
3041,101.366667,2661,88.7,0.660718,matched
3042,101.4,2661,88.7,0.660048,matched
3043,101.433333,2662,88.733333,0.659378,matched
3044,101.466667,2662,88.733333,0.658709,matched
3045,101.5,2663,88.766667,0.658039,matched
3046,101.533333,2663,88.766667,0.657369,matched
3047,101.566667,2664,88.8,0.6567,matched
3048,101.6,2664,88.8,0.65603,matched
3049,101.633333,2665,88.833333,0.653789,matched
3050,101.666667,2665,88.833333,0.651548,matched
3051,101.7,2666,88.866667,0.649307,matched
3052,101.733333,2666,88.866667,0.647066,matched
3053,101.766667,2667,88.9,0.644825,matched
3054,101.8,2667,88.9,0.642584,matched
3055,101.833333,2668,88.933333,0.640344,matched
3056,101.866667,2668,88.933333,0.638103,matched
3057,101.9,2669,88.966667,0.635862,matched
3058,101.933333,2669,88.966667,0.633621,matched
3059,101.966667,2670,89.0,0.63138,matched
3060,102.0,2670,89.0,0.629139,matched
3061,102.033333,2670,89.0,0.634619,matched
3062,102.066667,2671,89.033333,0.640099,matched
3063,102.1,2671,89.033333,0.645578,matched
3064,102.133333,2672,89.066667,0.651058,matched
3065,102.166667,2672,89.066667,0.656538,matched
3066,102.2,2673,89.1,0.662018,matched
3067,102.233333,2673,89.1,0.667498,matched
3068,102.266667,2674,89.133333,0.672977,matched
3069,102.3,2674,89.133333,0.678457,matched
3070,102.333333,2675,89.166667,0.683937,matched
3071,102.366667,2675,89.166667,0.689417,matched
3072,102.4,2676,89.2,0.694897,matched
3073,102.433333,2676,89.2,0.69159,matched
3074,102.466667,2677,89.233333,0.688283,matched
3075,102.5,2677,89.233333,0.684976,matched
3076,102.533333,2678,89.266667,0.681669,matched
3077,102.566667,2678,89.266667,0.678362,matched
3078,102.6,2679,89.3,0.675055,matched
3079,102.633333,2679,89.3,0.671748,matched
3080,102.666667,2680,89.333333,0.668441,matched
3081,102.7,2680,89.333333,0.665134,matched
3082,102.733333,2681,89.366667,0.661827,matched
3083,102.766667,2681,89.366667,0.65852,matched
3084,102.8,2682,89.4,0.655213,matched
3085,102.833333,2682,89.4,0.652741,matched
3086,102.866667,2683,89.433333,0.650268,matched
3087,102.9,2684,89.466667,0.647795,matched
3088,102.933333,2684,89.466667,0.645323,matched
3089,102.966667,2684,89.466667,0.64285,matched
3090,103.0,2685,89.5,0.640377,matched
3091,103.033333,2686,89.533333,0.637905,matched
3092,103.066667,2686,89.533333,0.635432,matched
3093,103.1,2686,89.533333,0.63296,matched
3094,103.133333,2687,89.566667,0.630487,matched
3095,103.166667,2688,89.6,0.628014,matched
3096,103.2,2688,89.6,0.625543,matched
3097,103.233333,2689,89.633333,0.631747,matched
3098,103.266667,2689,89.633333,0.637952,matched
3099,103.3,2690,89.666667,0.644157,matched
3100,103.333333,2690,89.666667,0.650362,matched
3101,103.366667,2691,89.7,0.656567,matched
3102,103.4,2691,89.7,0.662771,matched
3103,103.433333,2692,89.733333,0.668976,matched
3104,103.466667,2692,89.733333,0.675181,matched
3105,103.5,2693,89.766667,0.681386,matched
3106,103.533333,2693,89.766667,0.687591,matched
3107,103.566667,2694,89.8,0.693795,matched
3108,103.6,2694,89.8,0.7,matched
3109,103.633333,2696,89.866667,0.7,matched
3110,103.666667,2698,89.933333,0.7,matched
3111,103.7,2700,90.0,0.7,matched
3112,103.733333,2702,90.066667,0.7,matched
3113,103.766667,2704,90.133333,0.7,matched
3114,103.8,2706,90.2,0.7,matched
3115,103.833333,2706,90.2,0.701342,matched
3116,103.866667,2707,90.233333,0.702684,matched
3117,103.9,2707,90.233333,0.704026,matched
3118,103.933333,2708,90.266667,0.705368,matched
3119,103.966667,2708,90.266667,0.70671,matched
3120,104.0,2709,90.3,0.708052,matched
3121,104.033333,2709,90.3,0.709394,matched
3122,104.066667,2710,90.333333,0.710736,matched
3123,104.1,2711,90.366667,0.712078,matched
3124,104.133333,2711,90.366667,0.71342,matched
3125,104.166667,2712,90.4,0.714762,matched
3126,104.2,2712,90.4,0.716104,matched
3127,104.233333,2713,90.433333,0.714271,matched
3128,104.266667,2713,90.433333,0.712438,matched
3129,104.3,2714,90.466667,0.710605,matched
3130,104.333333,2714,90.466667,0.708772,matched
3131,104.366667,2715,90.5,0.706939,matched
3132,104.4,2715,90.5,0.705106,matched
3133,104.433333,2716,90.533333,0.703273,matched
3134,104.466667,2716,90.533333,0.70144,matched
3135,104.5,2717,90.566667,0.699607,matched
3136,104.533333,2717,90.566667,0.697774,matched
3137,104.566667,2717,90.566667,0.695941,matched
3138,104.6,2718,90.6,0.694108,matched
3139,104.633333,2720,90.666667,0.69509,matched
3140,104.666667,2722,90.733333,0.696072,matched
3141,104.7,2724,90.8,0.697054,matched
3142,104.733333,2726,90.866667,0.698036,matched
3143,104.766667,2728,90.933333,0.699018,matched
3144,104.8,2730,91.0,0.7,matched
3145,104.833333,2732,91.066667,0.693255,matched
3146,104.866667,2734,91.133333,0.686509,matched
3147,104.9,2736,91.2,0.679763,matched
3148,104.933333,2738,91.266667,0.673018,matched
3149,104.966667,2740,91.333333,0.666272,matched
3150,105.0,2742,91.4,0.659526,matched
3151,105.033333,2744,91.466667,0.643801,matched
3152,105.066667,2746,91.533333,0.628075,matched
3153,105.1,2748,91.6,0.61235,matched
3154,105.133333,2750,91.666667,0.596624,matched
3155,105.166667,2752,91.733333,0.580899,matched
3156,105.2,2754,91.8,0.565175,matched
3157,105.233333,2755,91.833333,0.569526,matched
3158,105.266667,2755,91.833333,0.573877,matched
3159,105.3,2756,91.866667,0.578228,matched
3160,105.333333,2756,91.866667,0.582579,matched
3161,105.366667,2757,91.9,0.58693,matched
3162,105.4,2757,91.9,0.591281,matched
3163,105.433333,2758,91.933333,0.595632,matched
3164,105.466667,2758,91.933333,0.599983,matched
3165,105.5,2759,91.966667,0.604333,matched
3166,105.533333,2759,91.966667,0.608684,matched
3167,105.566667,2760,92.0,0.613035,matched
3168,105.6,2760,92.0,0.617386,matched
3169,105.633333,2762,92.066667,0.62118,matched
3170,105.666667,2764,92.133333,0.624973,matched
3171,105.7,2766,92.2,0.628767,matched
3172,105.733333,2768,92.266667,0.63256,matched
3173,105.766667,2770,92.333333,0.636354,matched
3174,105.8,2772,92.4,0.640148,matched
3175,105.833333,2774,92.466667,0.631097,matched
3176,105.866667,2776,92.533333,0.622045,matched
3177,105.9,2778,92.6,0.612993,matched
3178,105.933333,2780,92.666667,0.603941,matched
3179,105.966667,2782,92.733333,0.594889,matched
3180,106.0,2784,92.8,0.585837,matched
3181,106.033333,2786,92.866667,0.587642,matched
3182,106.066667,2788,92.933333,0.589447,matched
3183,106.1,2790,93.0,0.591253,matched
3184,106.133333,2792,93.066667,0.593058,matched
3185,106.166667,2794,93.133333,0.594863,matched
3186,106.2,2796,93.2,0.596669,matched
3187,106.233333,2798,93.266667,0.602368,matched
3188,106.266667,2800,93.333333,0.608067,matched
3189,106.3,2802,93.4,0.613767,matched
3190,106.333333,2804,93.466667,0.619466,matched
3191,106.366667,2806,93.533333,0.625165,matched
3192,106.4,2808,93.6,0.630865,matched
3193,106.433333,2810,93.666667,0.636874,matched
3194,106.466667,2812,93.733333,0.642884,matched
3195,106.5,2814,93.8,0.648893,matched
3196,106.533333,2816,93.866667,0.654902,matched
3197,106.566667,2818,93.933333,0.660912,matched
3198,106.6,2820,94.0,0.66692,matched
3199,106.633333,2822,94.066667,0.649408,matched
3200,106.666667,2824,94.133333,0.631896,matched
3201,106.7,2826,94.2,0.614384,matched
3202,106.733333,2828,94.266667,0.596872,matched
3203,106.766667,2830,94.333333,0.57936,matched
3204,106.8,2832,94.4,0.561848,matched
3205,106.833333,2834,94.466667,0.591317,matched
3206,106.866667,2836,94.533333,0.620791,matched
3207,106.9,2838,94.6,0.650265,matched
3208,106.933333,2840,94.666667,0.679739,matched
3209,106.966667,2842,94.733333,0.709213,matched
3210,107.0,2844,94.8,0.738687,matched
3211,107.033333,2845,94.833333,0.742487,matched
3212,107.066667,2845,94.833333,0.746286,matched
3213,107.1,2846,94.866667,0.750086,matched
3214,107.133333,2846,94.866667,0.753885,matched
3215,107.166667,2847,94.9,0.757685,matched
3216,107.2,2847,94.9,0.761484,matched
3217,107.233333,2848,94.933333,0.765284,matched
3218,107.266667,2848,94.933333,0.769084,matched
3219,107.3,2849,94.966667,0.772883,matched
3220,107.333333,2849,94.966667,0.776683,matched
3221,107.366667,2849,94.966667,0.780482,matched
3222,107.4,2850,95.0,0.784282,matched
3223,107.433333,2851,95.033333,0.781853,matched
3224,107.466667,2852,95.066667,0.779424,matched
3225,107.5,2853,95.1,0.776995,matched
3226,107.533333,2854,95.133333,0.774565,matched
3227,107.566667,2855,95.166667,0.772136,matched
3228,107.6,2856,95.2,0.769706,matched
3229,107.633333,2858,95.266667,0.758089,matched
3230,107.666667,2860,95.333333,0.746471,matched
3231,107.7,2862,95.4,0.734854,matched
3232,107.733333,2864,95.466667,0.723236,matched
3233,107.766667,2866,95.533333,0.711619,matched
3234,107.8,2868,95.6,0.700001,matched
3235,107.833333,2870,95.666667,0.720534,matched
3236,107.866667,2872,95.733333,0.74107,matched
3237,107.9,2874,95.8,0.761606,matched
3238,107.933333,2876,95.866667,0.782142,matched
3239,107.966667,2878,95.933333,0.802678,matched
3240,108.0,2880,96.0,0.823214,matched
3241,108.033333,2882,96.066667,0.8077,matched
3242,108.066667,2884,96.133333,0.792187,matched
3243,108.1,2886,96.2,0.776673,matched
3244,108.133333,2888,96.266667,0.761159,matched
3245,108.166667,2890,96.333333,0.745645,matched
3246,108.2,2892,96.4,0.730133,matched
3247,108.233333,2894,96.466667,0.727762,matched
3248,108.266667,2896,96.533333,0.725391,matched
3249,108.3,2898,96.6,0.723019,matched
3250,108.333333,2900,96.666667,0.720648,matched
3251,108.366667,2902,96.733333,0.718277,matched
3252,108.4,2904,96.8,0.715906,matched
3253,108.433333,2905,96.833333,0.707583,matched
3254,108.466667,2905,96.833333,0.699259,matched
3255,108.5,2906,96.866667,0.690935,matched
3256,108.533333,2906,96.866667,0.682612,matched
3257,108.566667,2907,96.9,0.674288,matched
3258,108.6,2907,96.9,0.665964,matched
3259,108.633333,2908,96.933333,0.65764,matched
3260,108.666667,2908,96.933333,0.649317,matched
3261,108.7,2908,96.933333,0.640993,matched
3262,108.733333,2909,96.966667,0.632669,matched
3263,108.766667,2909,96.966667,0.624345,matched
3264,108.8,2910,97.0,0.616022,matched
3265,108.833333,2910,97.0,0.622775,matched
3266,108.866667,2911,97.033333,0.62953,matched
3267,108.9,2911,97.033333,0.636285,matched
3268,108.933333,2912,97.066667,0.64304,matched
3269,108.966667,2912,97.066667,0.649795,matched
3270,109.0,2913,97.1,0.656549,matched
3271,109.033333,2913,97.1,0.663304,matched
3272,109.066667,2914,97.133333,0.670059,matched
3273,109.1,2914,97.133333,0.676814,matched
3274,109.133333,2915,97.166667,0.683569,matched
3275,109.166667,2915,97.166667,0.690324,matched
3276,109.2,2916,97.2,0.697078,matched
3277,109.233333,2916,97.2,0.699285,matched
3278,109.266667,2917,97.233333,0.701492,matched
3279,109.3,2917,97.233333,0.703699,matched
3280,109.333333,2918,97.266667,0.705906,matched
3281,109.366667,2919,97.3,0.708114,matched
3282,109.4,2919,97.3,0.710321,matched
3283,109.433333,2920,97.333333,0.712528,matched
3284,109.466667,2920,97.333333,0.714735,matched
3285,109.5,2921,97.366667,0.716942,matched
3286,109.533333,2921,97.366667,0.719149,matched
3287,109.566667,2922,97.4,0.721356,matched
3288,109.6,2922,97.4,0.723562,matched
3289,109.633333,2923,97.433333,0.711918,matched
3290,109.666667,2923,97.433333,0.700274,matched
3291,109.7,2924,97.466667,0.68863,matched
3292,109.733333,2924,97.466667,0.676985,matched
3293,109.766667,2925,97.5,0.665341,matched
3294,109.8,2925,97.5,0.653697,matched
3295,109.833333,2926,97.533333,0.642052,matched
3296,109.866667,2926,97.533333,0.630408,matched
3297,109.9,2926,97.533333,0.618764,matched
3298,109.933333,2927,97.566667,0.60712,matched
3299,109.966667,2927,97.566667,0.595475,matched
3300,110.0,2928,97.6,0.583831,matched
3301,110.033333,2930,97.666667,0.593689,matched
3302,110.066667,2932,97.733333,0.603548,matched
3303,110.1,2934,97.8,0.613406,matched
3304,110.133333,2936,97.866667,0.623264,matched
3305,110.166667,2938,97.933333,0.633123,matched
3306,110.2,2940,98.0,0.64298,matched
3307,110.233333,2941,98.033333,0.641445,matched
3308,110.266667,2941,98.033333,0.63991,matched
3309,110.3,2942,98.066667,0.638376,matched
3310,110.333333,2942,98.066667,0.636841,matched
3311,110.366667,2942,98.066667,0.635306,matched
3312,110.4,2943,98.1,0.633771,matched
3313,110.433333,2943,98.1,0.632237,matched
3314,110.466667,2944,98.133333,0.630702,matched
3315,110.5,2944,98.133333,0.629167,matched
3316,110.533333,2945,98.166667,0.627632,matched
3317,110.566667,2945,98.166667,0.626098,matched
3318,110.6,2946,98.2,0.624564,matched
3319,110.633333,2947,98.233333,0.640529,matched
3320,110.666667,2948,98.266667,0.656494,matched
3321,110.7,2949,98.3,0.672459,matched
3322,110.733333,2950,98.333333,0.688424,matched
3323,110.766667,2951,98.366667,0.704389,matched
3324,110.8,2952,98.4,0.720354,matched
3325,110.833333,2954,98.466667,0.694261,matched
3326,110.866667,2956,98.533333,0.668164,matched
3327,110.9,2958,98.6,0.642068,matched
3328,110.933333,2960,98.666667,0.615971,matched
3329,110.966667,2962,98.733333,0.589875,matched
3330,111.0,2964,98.8,0.563778,matched
3331,111.033333,2966,98.866667,0.598923,matched
3332,111.066667,2968,98.933333,0.634069,matched
3333,111.1,2970,99.0,0.669214,matched
3334,111.133333,2972,99.066667,0.704359,matched
3335,111.166667,2974,99.133333,0.739505,matched
3336,111.2,2976,99.2,0.774648,matched
3337,111.233333,2978,99.266667,0.784226,matched
3338,111.266667,2980,99.333333,0.793805,matched
3339,111.3,2982,99.4,0.803384,matched
3340,111.333333,2984,99.466667,0.812962,matched
3341,111.366667,2986,99.533333,0.822541,matched
3342,111.4,2988,99.6,0.83212,matched
3343,111.433333,2988,99.6,0.831475,matched
3344,111.466667,2989,99.633333,0.830829,matched
3345,111.5,2989,99.633333,0.830184,matched
3346,111.533333,2990,99.666667,0.829538,matched
3347,111.566667,2990,99.666667,0.828893,matched
3348,111.6,2991,99.7,0.828247,matched
3349,111.633333,2991,99.7,0.827602,matched
3350,111.666667,2992,99.733333,0.826956,matched
3351,111.7,2993,99.766667,0.826311,matched
3352,111.733333,2993,99.766667,0.825665,matched
3353,111.766667,2994,99.8,0.82502,matched
3354,111.8,2994,99.8,0.824374,matched
3355,111.833333,2995,99.833333,0.8028,matched
3356,111.866667,2995,99.833333,0.781223,matched
3357,111.9,2996,99.866667,0.759647,matched
3358,111.933333,2996,99.866667,0.73807,matched
3359,111.966667,2997,99.9,0.716494,matched
3360,112.0,2997,99.9,0.694917,matched
3361,112.033333,2998,99.933333,0.673341,matched
3362,112.066667,2998,99.933333,0.651764,matched
3363,112.1,2999,99.966667,0.630188,matched
3364,112.133333,2999,99.966667,0.608611,matched
3365,112.166667,3000,100.0,0.587035,matched
3366,112.2,3000,100.0,0.565458,matched
3367,112.233333,3001,100.033333,0.54163,matched
3368,112.266667,3002,100.066667,0.517802,matched
3369,112.3,3003,100.1,0.493974,matched
3370,112.333333,3004,100.133333,0.470147,matched
3371,112.366667,3005,100.166667,0.446319,matched
3372,112.4,3006,100.2,0.422491,matched
3373,112.433333,3008,100.266667,0.428729,matched
3374,112.466667,3010,100.333333,0.434969,matched
3375,112.5,3012,100.4,0.441208,matched
3376,112.533333,3014,100.466667,0.447447,matched
3377,112.566667,3016,100.533333,0.453687,matched
3378,112.6,3018,100.6,0.459925,matched
3379,112.633333,3020,100.666667,0.434995,matched
3380,112.666667,3022,100.733333,0.410064,matched
3381,112.7,3024,100.8,0.385134,matched
3382,112.733333,3026,100.866667,0.360204,matched
3383,112.766667,3028,100.933333,0.335274,review
3384,112.8,3030,101.0,0.310343,review
3385,112.833333,3030,101.0,0.310655,review
3386,112.866667,3031,101.033333,0.310969,review
3387,112.9,3031,101.033333,0.311283,review
3388,112.933333,3032,101.066667,0.311598,review
3389,112.966667,3032,101.066667,0.311912,review
3390,113.0,3033,101.1,0.312226,review
3391,113.033333,3033,101.1,0.31254,review
3392,113.066667,3034,101.133333,0.312854,review
3393,113.1,3034,101.133333,0.313169,review
3394,113.133333,3035,101.166667,0.313483,review
3395,113.166667,3035,101.166667,0.313797,review
3396,113.2,3036,101.2,0.314114,review
3397,113.233333,3036,101.2,0.341852,review
3398,113.266667,3037,101.233333,0.36959,matched
3399,113.3,3037,101.233333,0.397328,matched
3400,113.333333,3038,101.266667,0.425067,matched
3401,113.366667,3039,101.3,0.452805,matched
3402,113.4,3039,101.3,0.480543,matched
3403,113.433333,3040,101.333333,0.508282,matched
3404,113.466667,3040,101.333333,0.53602,matched
3405,113.5,3041,101.366667,0.563758,matched
3406,113.533333,3041,101.366667,0.591497,matched
3407,113.566667,3042,101.4,0.619235,matched
3408,113.6,3042,101.4,0.646973,matched
3409,113.633333,3044,101.466667,0.662727,matched
3410,113.666667,3046,101.533333,0.678481,matched
3411,113.7,3048,101.6,0.694235,matched
3412,113.733333,3050,101.666667,0.709989,matched
3413,113.766667,3052,101.733333,0.725743,matched
3414,113.8,3054,101.8,0.741498,matched
3415,113.833333,3055,101.833333,0.739262,matched
3416,113.866667,3055,101.833333,0.737025,matched
3417,113.9,3056,101.866667,0.734787,matched
3418,113.933333,3056,101.866667,0.73255,matched
3419,113.966667,3057,101.9,0.730313,matched
3420,114.0,3057,101.9,0.728076,matched
3421,114.033333,3058,101.933333,0.725838,matched
3422,114.066667,3058,101.933333,0.723601,matched
3423,114.1,3059,101.966667,0.721364,matched
3424,114.133333,3059,101.966667,0.719126,matched
3425,114.166667,3060,102.0,0.716889,matched
3426,114.2,3060,102.0,0.714654,matched
3427,114.233333,3062,102.066667,0.73634,matched
3428,114.266667,3064,102.133333,0.758026,matched
3429,114.3,3066,102.2,0.779712,matched
3430,114.333333,3068,102.266667,0.801397,matched
3431,114.366667,3070,102.333333,0.823083,matched
3432,114.4,3072,102.4,0.844769,matched
3433,114.433333,3074,102.466667,0.807557,matched
3434,114.466667,3076,102.533333,0.770342,matched
3435,114.5,3078,102.6,0.733127,matched
3436,114.533333,3080,102.666667,0.695912,matched
3437,114.566667,3082,102.733333,0.658697,matched
3438,114.6,3084,102.8,0.621484,matched
3439,114.633333,3085,102.833333,0.619176,matched
3440,114.666667,3086,102.866667,0.616868,matched
3441,114.7,3087,102.9,0.61456,matched
3442,114.733333,3088,102.933333,0.612252,matched
3443,114.766667,3089,102.966667,0.609944,matched
3444,114.8,3090,103.0,0.607636,matched
3445,114.833333,3090,103.0,0.601012,matched
3446,114.866667,3091,103.033333,0.594387,matched
3447,114.9,3091,103.033333,0.587762,matched
3448,114.933333,3092,103.066667,0.581137,matched
3449,114.966667,3092,103.066667,0.574512,matched
3450,115.0,3093,103.1,0.567887,matched
3451,115.033333,3093,103.1,0.561261,matched
3452,115.066667,3094,103.133333,0.554636,matched
3453,115.1,3094,103.133333,0.548011,matched
3454,115.133333,3095,103.166667,0.541386,matched
3455,115.166667,3095,103.166667,0.534761,matched
3456,115.2,3096,103.2,0.528137,matched
3457,115.233333,3096,103.2,0.531489,matched
3458,115.266667,3097,103.233333,0.53484,matched
3459,115.3,3097,103.233333,0.538192,matched
3460,115.333333,3098,103.266667,0.541543,matched
3461,115.366667,3099,103.3,0.544894,matched
3462,115.4,3099,103.3,0.548246,matched
3463,115.433333,3100,103.333333,0.551597,matched
3464,115.466667,3100,103.333333,0.554949,matched
3465,115.5,3101,103.366667,0.5583,matched
3466,115.533333,3101,103.366667,0.561651,matched
3467,115.566667,3102,103.4,0.565003,matched
3468,115.6,3102,103.4,0.568354,matched
3469,115.633333,3103,103.433333,0.568172,matched
3470,115.666667,3103,103.433333,0.56799,matched
3471,115.7,3104,103.466667,0.567807,matched
3472,115.733333,3104,103.466667,0.567625,matched
3473,115.766667,3105,103.5,0.567443,matched
3474,115.8,3105,103.5,0.56726,matched
3475,115.833333,3106,103.533333,0.567078,matched
3476,115.866667,3106,103.533333,0.566896,matched
3477,115.9,3106,103.533333,0.566714,matched
3478,115.933333,3107,103.566667,0.566531,matched
3479,115.966667,3107,103.566667,0.566349,matched
3480,116.0,3108,103.6,0.566167,matched
3481,116.033333,3110,103.666667,0.55513,matched
3482,116.066667,3112,103.733333,0.544094,matched
3483,116.1,3114,103.8,0.533057,matched
3484,116.133333,3116,103.866667,0.52202,matched
3485,116.166667,3118,103.933333,0.510984,matched
3486,116.2,3120,104.0,0.499947,matched
3487,116.233333,3122,104.066667,0.493884,matched
3488,116.266667,3124,104.133333,0.487821,matched
3489,116.3,3126,104.2,0.481758,matched
3490,116.333333,3128,104.266667,0.475695,matched
3491,116.366667,3130,104.333333,0.469632,matched
3492,116.4,3132,104.4,0.463569,matched
3493,116.433333,3133,104.433333,0.466252,matched
3494,116.466667,3133,104.433333,0.468936,matched
3495,116.5,3133,104.433333,0.471619,matched
3496,116.533333,3134,104.466667,0.474303,matched
3497,116.566667,3134,104.466667,0.476986,matched
3498,116.6,3135,104.5,0.47967,matched
3499,116.633333,3135,104.5,0.482353,matched
3500,116.666667,3136,104.533333,0.485037,matched
3501,116.7,3136,104.533333,0.48772,matched
3502,116.733333,3137,104.566667,0.490404,matched
3503,116.766667,3137,104.566667,0.493087,matched
3504,116.8,3138,104.6,0.495771,matched
3505,116.833333,3138,104.6,0.512,matched
3506,116.866667,3139,104.633333,0.528231,matched
3507,116.9,3139,104.633333,0.544461,matched
3508,116.933333,3140,104.666667,0.560692,matched
3509,116.966667,3141,104.7,0.576922,matched
3510,117.0,3141,104.7,0.593153,matched
3511,117.033333,3142,104.733333,0.609384,matched
3512,117.066667,3142,104.733333,0.625614,matched
3513,117.1,3143,104.766667,0.641845,matched
3514,117.133333,3143,104.766667,0.658075,matched
3515,117.166667,3144,104.8,0.674306,matched
3516,117.2,3144,104.8,0.690535,matched
3517,117.233333,3146,104.866667,0.693662,matched
3518,117.266667,3148,104.933333,0.696789,matched
3519,117.3,3150,105.0,0.699917,matched
3520,117.333333,3152,105.066667,0.703044,matched
3521,117.366667,3154,105.133333,0.706171,matched
3522,117.4,3156,105.2,0.709298,matched
3523,117.433333,3156,105.2,0.710135,matched
3524,117.466667,3157,105.233333,0.710973,matched
3525,117.5,3157,105.233333,0.71181,matched
3526,117.533333,3158,105.266667,0.712647,matched
3527,117.566667,3158,105.266667,0.713485,matched
3528,117.6,3159,105.3,0.714322,matched
3529,117.633333,3159,105.3,0.715159,matched
3530,117.666667,3160,105.333333,0.715997,matched
3531,117.7,3160,105.333333,0.716834,matched
3532,117.733333,3161,105.366667,0.717671,matched
3533,117.766667,3161,105.366667,0.718509,matched
3534,117.8,3162,105.4,0.719346,matched
3535,117.833333,3162,105.4,0.722609,matched
3536,117.866667,3163,105.433333,0.725873,matched
3537,117.9,3164,105.466667,0.729137,matched
3538,117.933333,3164,105.466667,0.732401,matched
3539,117.966667,3164,105.466667,0.735664,matched
3540,118.0,3165,105.5,0.738928,matched
3541,118.033333,3166,105.533333,0.742192,matched
3542,118.066667,3166,105.533333,0.745455,matched
3543,118.1,3166,105.533333,0.748719,matched
3544,118.133333,3167,105.566667,0.751983,matched
3545,118.166667,3168,105.6,0.755247,matched
3546,118.2,3168,105.6,0.758508,matched
3547,118.233333,3169,105.633333,0.738577,matched
3548,118.266667,3170,105.666667,0.718646,matched
3549,118.3,3171,105.7,0.698716,matched
3550,118.333333,3172,105.733333,0.678785,matched
3551,118.366667,3173,105.766667,0.658854,matched
3552,118.4,3174,105.8,0.638923,matched
3553,118.433333,3176,105.866667,0.654929,matched
3554,118.466667,3178,105.933333,0.670937,matched
3555,118.5,3180,106.0,0.686944,matched
3556,118.533333,3182,106.066667,0.702952,matched
3557,118.566667,3184,106.133333,0.71896,matched
3558,118.6,3186,106.2,0.734966,matched
3559,118.633333,3188,106.266667,0.721323,matched
3560,118.666667,3190,106.333333,0.70768,matched
3561,118.7,3192,106.4,0.694036,matched
3562,118.733333,3194,106.466667,0.680393,matched
3563,118.766667,3196,106.533333,0.66675,matched
3564,118.8,3198,106.6,0.653106,matched
3565,118.833333,3200,106.666667,0.664616,matched
3566,118.866667,3202,106.733333,0.676128,matched
3567,118.9,3204,106.8,0.687639,matched
3568,118.933333,3206,106.866667,0.699151,matched
3569,118.966667,3208,106.933333,0.710663,matched
3570,119.0,3210,107.0,0.722175,matched
3571,119.033333,3212,107.066667,0.703575,matched
3572,119.066667,3214,107.133333,0.684976,matched
3573,119.1,3216,107.2,0.666376,matched
3574,119.133333,3218,107.266667,0.647777,matched
3575,119.166667,3220,107.333333,0.629177,matched
3576,119.2,3222,107.4,0.610577,matched
3577,119.233333,3224,107.466667,0.590837,matched
3578,119.266667,3226,107.533333,0.571096,matched
3579,119.3,3228,107.6,0.551356,matched
3580,119.333333,3230,107.666667,0.531616,matched
3581,119.366667,3232,107.733333,0.511875,matched
3582,119.4,3234,107.8,0.492135,matched
3583,119.433333,3235,107.833333,0.489804,matched
3584,119.466667,3235,107.833333,0.487474,matched
3585,119.5,3236,107.866667,0.485144,matched
3586,119.533333,3236,107.866667,0.482813,matched
3587,119.566667,3237,107.9,0.480483,matched
3588,119.6,3237,107.9,0.478153,matched
3589,119.633333,3238,107.933333,0.475823,matched
3590,119.666667,3238,107.933333,0.473493,matched
3591,119.7,3238,107.933333,0.471163,matched
3592,119.733333,3239,107.966667,0.468833,matched
3593,119.766667,3239,107.966667,0.466502,matched
3594,119.8,3240,108.0,0.464172,matched
3595,119.833333,3240,108.0,0.457063,matched
3596,119.866667,3241,108.033333,0.449952,matched
3597,119.9,3241,108.033333,0.442842,matched
3598,119.933333,3242,108.066667,0.435732,matched
3599,119.966667,3242,108.066667,0.428622,matched
3600,120.0,3243,108.1,0.421512,matched
3601,120.033333,3243,108.1,0.414402,matched
3602,120.066667,3244,108.133333,0.407292,matched
3603,120.1,3244,108.133333,0.400182,matched
3604,120.133333,3245,108.166667,0.393072,matched
3605,120.166667,3245,108.166667,0.385961,matched
3606,120.2,3246,108.2,0.378855,matched
3607,120.233333,3248,108.266667,0.408895,matched
3608,120.266667,3250,108.333333,0.438935,matched
3609,120.3,3252,108.4,0.468975,matched
3610,120.333333,3254,108.466667,0.499015,matched
3611,120.366667,3256,108.533333,0.529055,matched
3612,120.4,3258,108.6,0.559095,matched
3613,120.433333,3260,108.666667,0.550065,matched
3614,120.466667,3262,108.733333,0.541034,matched
3615,120.5,3264,108.8,0.532003,matched
3616,120.533333,3266,108.866667,0.522973,matched
3617,120.566667,3268,108.933333,0.513942,matched
3618,120.6,3270,109.0,0.504911,matched
3619,120.633333,3272,109.066667,0.499756,matched
3620,120.666667,3274,109.133333,0.494601,matched
3621,120.7,3276,109.2,0.489446,matched
3622,120.733333,3278,109.266667,0.484291,matched
3623,120.766667,3280,109.333333,0.479136,matched
3624,120.8,3282,109.4,0.47398,matched
3625,120.833333,3282,109.4,0.475184,matched
3626,120.866667,3283,109.433333,0.476387,matched
3627,120.9,3284,109.466667,0.477591,matched
3628,120.933333,3284,109.466667,0.478795,matched
3629,120.966667,3284,109.466667,0.479998,matched
3630,121.0,3285,109.5,0.481202,matched
3631,121.033333,3286,109.533333,0.482406,matched
3632,121.066667,3286,109.533333,0.483609,matched
3633,121.1,3286,109.533333,0.484813,matched
3634,121.133333,3287,109.566667,0.486017,matched
3635,121.166667,3288,109.6,0.48722,matched
3636,121.2,3288,109.6,0.488423,matched
3637,121.233333,3289,109.633333,0.479118,matched
3638,121.266667,3289,109.633333,0.469812,matched
3639,121.3,3290,109.666667,0.460507,matched
3640,121.333333,3290,109.666667,0.451202,matched
3641,121.366667,3291,109.7,0.441896,matched
3642,121.4,3291,109.7,0.432591,matched
3643,121.433333,3292,109.733333,0.423285,matched
3644,121.466667,3292,109.733333,0.41398,matched
3645,121.5,3293,109.766667,0.404675,matched
3646,121.533333,3293,109.766667,0.395369,matched
3647,121.566667,3294,109.8,0.386064,matched
3648,121.6,3294,109.8,0.37676,matched
3649,121.633333,3296,109.866667,0.403963,matched
3650,121.666667,3298,109.933333,0.431165,matched
3651,121.7,3300,110.0,0.458368,matched
3652,121.733333,3302,110.066667,0.48557,matched
3653,121.766667,3304,110.133333,0.512773,matched
3654,121.8,3306,110.2,0.539976,matched
3655,121.833333,3306,110.2,0.528129,matched
3656,121.866667,3307,110.233333,0.51628,matched
3657,121.9,3307,110.233333,0.50443,matched
3658,121.933333,3308,110.266667,0.49258,matched
3659,121.966667,3308,110.266667,0.480731,matched
3660,122.0,3309,110.3,0.468881,matched
3661,122.033333,3309,110.3,0.457031,matched
3662,122.066667,3310,110.333333,0.445182,matched
3663,122.1,3311,110.366667,0.433332,matched
3664,122.133333,3311,110.366667,0.421482,matched
3665,122.166667,3312,110.4,0.409633,matched
3666,122.2,3312,110.4,0.397785,matched
3667,122.233333,3313,110.433333,0.40528,matched
3668,122.266667,3313,110.433333,0.412774,matched
3669,122.3,3314,110.466667,0.420269,matched
3670,122.333333,3314,110.466667,0.427764,matched
3671,122.366667,3315,110.5,0.435259,matched
3672,122.4,3315,110.5,0.442754,matched
3673,122.433333,3316,110.533333,0.450249,matched
3674,122.466667,3316,110.533333,0.457744,matched
3675,122.5,3317,110.566667,0.465239,matched
3676,122.533333,3317,110.566667,0.472734,matched
3677,122.566667,3317,110.566667,0.480228,matched
3678,122.6,3318,110.6,0.487725,matched
3679,122.633333,3319,110.633333,0.525461,matched
3680,122.666667,3320,110.666667,0.563197,matched
3681,122.7,3321,110.7,0.600934,matched
3682,122.733333,3322,110.733333,0.63867,matched
3683,122.766667,3323,110.766667,0.676406,matched
3684,122.8,3324,110.8,0.714143,matched
3685,122.833333,3325,110.833333,0.70131,matched
3686,122.866667,3325,110.833333,0.688473,matched
3687,122.9,3326,110.866667,0.675636,matched
3688,122.933333,3326,110.866667,0.662798,matched
3689,122.966667,3327,110.9,0.649961,matched
3690,123.0,3327,110.9,0.637124,matched
3691,123.033333,3328,110.933333,0.624287,matched
3692,123.066667,3328,110.933333,0.61145,matched
3693,123.1,3329,110.966667,0.598612,matched
3694,123.133333,3329,110.966667,0.585775,matched
3695,123.166667,3330,111.0,0.572938,matched
3696,123.2,3330,111.0,0.560102,matched
3697,123.233333,3331,111.033333,0.564447,matched
3698,123.266667,3331,111.033333,0.568791,matched
3699,123.3,3332,111.066667,0.573136,matched
3700,123.333333,3332,111.066667,0.57748,matched
3701,123.366667,3332,111.066667,0.581825,matched
3702,123.4,3333,111.1,0.586169,matched
3703,123.433333,3333,111.1,0.590514,matched
3704,123.466667,3334,111.133333,0.594858,matched
3705,123.5,3334,111.133333,0.599203,matched
3706,123.533333,3335,111.166667,0.603547,matched
3707,123.566667,3335,111.166667,0.607892,matched
3708,123.6,3336,111.2,0.612236,matched
3709,123.633333,3336,111.2,0.603916,matched
3710,123.666667,3337,111.233333,0.595596,matched
3711,123.7,3337,111.233333,0.587276,matched
3712,123.733333,3338,111.266667,0.578956,matched
3713,123.766667,3338,111.266667,0.570637,matched
3714,123.8,3339,111.3,0.562317,matched
3715,123.833333,3339,111.3,0.553997,matched
3716,123.866667,3340,111.333333,0.545677,matched
3717,123.9,3341,111.366667,0.537357,matched
3718,123.933333,3341,111.366667,0.529038,matched
3719,123.966667,3342,111.4,0.520718,matched
3720,124.0,3342,111.4,0.512398,matched
3721,124.033333,3343,111.433333,0.515832,matched
3722,124.066667,3343,111.433333,0.519266,matched
3723,124.1,3344,111.466667,0.522701,matched
3724,124.133333,3344,111.466667,0.526135,matched
3725,124.166667,3344,111.466667,0.529569,matched
3726,124.2,3345,111.5,0.533003,matched
3727,124.233333,3345,111.5,0.536438,matched
3728,124.266667,3346,111.533333,0.539872,matched
3729,124.3,3346,111.533333,0.543306,matched
3730,124.333333,3347,111.566667,0.54674,matched
3731,124.366667,3347,111.566667,0.550175,matched
3732,124.4,3348,111.6,0.553609,matched
3733,124.433333,3348,111.6,0.52157,matched
3734,124.466667,3349,111.633333,0.48953,matched
3735,124.5,3349,111.633333,0.457489,matched
3736,124.533333,3350,111.666667,0.425449,matched
3737,124.566667,3350,111.666667,0.393409,matched
3738,124.6,3351,111.7,0.361368,matched
3739,124.633333,3351,111.7,0.329328,review
3740,124.666667,3352,111.733333,0.297287,review
3741,124.7,3353,111.766667,0.265247,review
3742,124.733333,3353,111.766667,0.233207,review
3743,124.766667,3354,111.8,0.201166,review
3744,124.8,3354,111.8,0.169126,review
3745,124.833333,3355,111.833333,0.176337,review
3746,124.866667,3355,111.833333,0.183552,review
3747,124.9,3356,111.866667,0.190767,review
3748,124.933333,3356,111.866667,0.197981,review
3749,124.966667,3357,111.9,0.205196,review
3750,125.0,3357,111.9,0.212411,review
3751,125.033333,3358,111.933333,0.219626,review
3752,125.066667,3358,111.933333,0.226841,review
3753,125.1,3359,111.966667,0.234055,review
3754,125.133333,3359,111.966667,0.24127,review
3755,125.166667,3360,112.0,0.248485,review
3756,125.2,3360,112.0,0.255698,review
3757,125.233333,3361,112.033333,0.249735,review
3758,125.266667,3361,112.033333,0.243772,review
3759,125.3,3362,112.066667,0.237809,review
3760,125.333333,3362,112.066667,0.231845,review
3761,125.366667,3362,112.066667,0.225882,review
3762,125.4,3363,112.1,0.219919,review
3763,125.433333,3363,112.1,0.213955,review
3764,125.466667,3364,112.133333,0.207992,review
3765,125.5,3364,112.133333,0.202029,review
3766,125.533333,3365,112.166667,0.196065,review
3767,125.566667,3365,112.166667,0.190102,review
3768,125.6,3366,112.2,0.184139,review
3769,125.633333,3368,112.266667,0.184909,review
3770,125.666667,3370,112.333333,0.18568,review
3771,125.7,3372,112.4,0.18645,review
3772,125.733333,3374,112.466667,0.18722,review
3773,125.766667,3376,112.533333,0.187991,review
3774,125.8,3378,112.6,0.188761,review
3775,125.833333,3380,112.666667,0.202761,review
3776,125.866667,3382,112.733333,0.216762,review
3777,125.9,3384,112.8,0.230763,review
3778,125.933333,3386,112.866667,0.244764,review
3779,125.966667,3388,112.933333,0.258765,review
3780,126.0,3390,113.0,0.272766,review
3781,126.033333,3390,113.0,0.281495,review
3782,126.066667,3391,113.033333,0.290224,review
3783,126.1,3391,113.033333,0.298953,review
3784,126.133333,3392,113.066667,0.307682,review
3785,126.166667,3392,113.066667,0.316411,review
3786,126.2,3393,113.1,0.32514,review
3787,126.233333,3393,113.1,0.333869,review
3788,126.266667,3394,113.133333,0.342598,review
3789,126.3,3394,113.133333,0.351327,matched
3790,126.333333,3395,113.166667,0.360056,matched
3791,126.366667,3395,113.166667,0.368785,matched
3792,126.4,3396,113.2,0.377514,matched
3793,126.433333,3398,113.266667,0.392347,matched
3794,126.466667,3400,113.333333,0.407181,matched
3795,126.5,3402,113.4,0.422015,matched
3796,126.533333,3404,113.466667,0.436849,matched
3797,126.566667,3406,113.533333,0.451683,matched
3798,126.6,3408,113.6,0.466517,matched
3799,126.633333,3410,113.666667,0.495627,matched
3800,126.666667,3412,113.733333,0.524736,matched
3801,126.7,3414,113.8,0.553845,matched
3802,126.733333,3416,113.866667,0.582955,matched
3803,126.766667,3418,113.933333,0.612064,matched
3804,126.8,3420,114.0,0.641173,matched
3805,126.833333,3422,114.066667,0.584162,matched
3806,126.866667,3424,114.133333,0.527142,matched
3807,126.9,3426,114.2,0.470122,matched
3808,126.933333,3428,114.266667,0.413102,matched
3809,126.966667,3430,114.333333,0.356083,matched
3810,127.0,3432,114.4,0.299063,review
3811,127.033333,3434,114.466667,0.316004,review
3812,127.066667,3436,114.533333,0.332946,review
3813,127.1,3438,114.6,0.349887,review
3814,127.133333,3440,114.666667,0.366828,matched
3815,127.166667,3442,114.733333,0.383769,matched
3816,127.2,3444,114.8,0.400709,matched
3817,127.233333,3446,114.866667,0.398998,matched
3818,127.266667,3448,114.933333,0.397287,matched
3819,127.3,3450,115.0,0.395576,matched
3820,127.333333,3452,115.066667,0.393865,matched
3821,127.366667,3454,115.133333,0.392154,matched
3822,127.4,3456,115.2,0.390443,matched
3823,127.433333,3458,115.266667,0.382843,matched
3824,127.466667,3460,115.333333,0.375242,matched
3825,127.5,3462,115.4,0.367641,matched
3826,127.533333,3464,115.466667,0.36004,matched
3827,127.566667,3466,115.533333,0.352439,matched
3828,127.6,3468,115.6,0.344838,review
3829,127.633333,3470,115.666667,0.325552,review
3830,127.666667,3472,115.733333,0.306266,review
3831,127.7,3474,115.8,0.28698,review
3832,127.733333,3476,115.866667,0.267695,review
3833,127.766667,3478,115.933333,0.248409,review
3834,127.8,3480,116.0,0.229123,review
3835,127.833333,3482,116.066667,0.2571,review
3836,127.866667,3484,116.133333,0.285082,review
3837,127.9,3486,116.2,0.313063,review
3838,127.933333,3488,116.266667,0.341045,review
3839,127.966667,3490,116.333333,0.369026,matched
3840,128.0,3492,116.4,0.397008,matched
3841,128.033333,3493,116.433333,0.395557,matched
3842,128.066667,3493,116.433333,0.394105,matched
3843,128.1,3494,116.466667,0.392654,matched
3844,128.133333,3494,116.466667,0.391202,matched
3845,128.166667,3495,116.5,0.389751,matched
3846,128.2,3495,116.5,0.388299,matched
3847,128.233333,3496,116.533333,0.386848,matched
3848,128.266667,3496,116.533333,0.385396,matched
3849,128.3,3497,116.566667,0.383945,matched
3850,128.333333,3497,116.566667,0.382494,matched
3851,128.366667,3498,116.6,0.381042,matched
3852,128.4,3498,116.6,0.379589,matched
3853,128.433333,3499,116.633333,0.370947,matched
3854,128.466667,3499,116.633333,0.362305,matched
3855,128.5,3500,116.666667,0.353663,matched
3856,128.533333,3500,116.666667,0.345021,review
3857,128.566667,3501,116.7,0.336379,review
3858,128.6,3501,116.7,0.327737,review
3859,128.633333,3502,116.733333,0.319095,review
3860,128.666667,3502,116.733333,0.310453,review
3861,128.7,3503,116.766667,0.301811,review
3862,128.733333,3503,116.766667,0.293169,review
3863,128.766667,3504,116.8,0.284527,review
3864,128.8,3504,116.8,0.275885,review
3865,128.833333,3505,116.833333,0.259184,review
3866,128.866667,3505,116.833333,0.242483,review
3867,128.9,3506,116.866667,0.225782,review
3868,128.933333,3506,116.866667,0.209081,review
3869,128.966667,3507,116.9,0.19238,review
3870,129.0,3507,116.9,0.175679,review
3871,129.033333,3508,116.933333,0.158978,review
3872,129.066667,3508,116.933333,0.142277,review
3873,129.1,3509,116.966667,0.125576,review
3874,129.133333,3509,116.966667,0.108875,review
3875,129.166667,3510,117.0,0.092174,review
3876,129.2,3510,117.0,0.075474,review
3877,129.233333,3511,117.033333,0.077296,review
3878,129.266667,3511,117.033333,0.079117,review
3879,129.3,3511,117.033333,0.080939,review
3880,129.333333,3512,117.066667,0.08276,review
3881,129.366667,3512,117.066667,0.084582,review
3882,129.4,3513,117.1,0.086403,review
3883,129.433333,3513,117.1,0.088225,review
3884,129.466667,3514,117.133333,0.090046,review
3885,129.5,3514,117.133333,0.091868,review
3886,129.533333,3515,117.166667,0.09369,review
3887,129.566667,3515,117.166667,0.095511,review
3888,129.6,3516,117.2,0.097333,review
3889,129.633333,3516,117.2,0.094587,review
3890,129.666667,3517,117.233333,0.091841,review
3891,129.7,3517,117.233333,0.089095,review
3892,129.733333,3518,117.266667,0.086348,review
3893,129.766667,3518,117.266667,0.083602,review
3894,129.8,3519,117.3,0.080856,review
3895,129.833333,3519,117.3,0.078109,review
3896,129.866667,3520,117.333333,0.075363,review
3897,129.9,3520,117.333333,0.072617,review
3898,129.933333,3521,117.366667,0.069871,review
3899,129.966667,3522,117.4,0.067124,review
3900,130.0,3522,117.4,0.064378,review
3901,130.033333,3523,117.433333,0.062526,review
3902,130.066667,3523,117.433333,0.060674,review
3903,130.1,3524,117.466667,0.058822,review
3904,130.133333,3524,117.466667,0.056971,review
3905,130.166667,3525,117.5,0.055119,review
3906,130.2,3525,117.5,0.053267,review
3907,130.233333,3526,117.533333,0.051415,review
3908,130.266667,3526,117.533333,0.049563,review
3909,130.3,3527,117.566667,0.047711,review
3910,130.333333,3527,117.566667,0.045859,review
3911,130.366667,3528,117.6,0.044008,review
3912,130.4,3528,117.6,0.042155,review
3913,130.433333,3529,117.633333,0.038642,review
3914,130.466667,3529,117.633333,0.03513,review
3915,130.5,3530,117.666667,0.031617,review
3916,130.533333,3530,117.666667,0.028104,review
3917,130.566667,3531,117.7,0.024591,review
3918,130.6,3531,117.7,0.021078,review
3919,130.633333,3532,117.733333,0.017565,review
3920,130.666667,3532,117.733333,0.014052,review
3921,130.7,3533,117.766667,0.010539,review
3922,130.733333,3533,117.766667,0.007026,review
3923,130.766667,3534,117.8,0.003513,review
3924,130.8,3534,117.8,0.0,review
3925,130.833333,3535,117.833333,0.0,review
3926,130.866667,3535,117.833333,0.0,review
3927,130.9,3536,117.866667,0.0,review
3928,130.933333,3536,117.866667,0.0,review
3929,130.966667,3537,117.9,0.0,review
3930,131.0,3537,117.9,0.0,review
3931,131.033333,3538,117.933333,0.0,review
3932,131.066667,3538,117.933333,0.0,review
3933,131.1,3539,117.966667,0.0,review
3934,131.133333,3539,117.966667,0.0,review
3935,131.166667,3540,118.0,0.0,review
3936,131.2,3540,118.0,0.0,review
3937,131.233333,3541,118.033333,0.0,review
3938,131.266667,3541,118.033333,0.0,review
3939,131.3,3541,118.033333,0.0,review
3940,131.333333,3542,118.066667,0.0,review
3941,131.366667,3542,118.066667,0.0,review
3942,131.4,3543,118.1,0.0,review
3943,131.433333,3543,118.1,0.0,review
3944,131.466667,3544,118.133333,0.0,review
3945,131.5,3544,118.133333,0.0,review
3946,131.533333,3545,118.166667,0.0,review
3947,131.566667,3545,118.166667,0.0,review
3948,131.6,3546,118.2,0.0,review
3949,131.633333,3546,118.2,0.0,review
3950,131.666667,3547,118.233333,0.0,review
3951,131.7,3547,118.233333,0.0,review
3952,131.733333,3548,118.266667,0.0,review
3953,131.766667,3548,118.266667,0.0,review
3954,131.8,3549,118.3,0.0,review
3955,131.833333,3549,118.3,0.0,review
3956,131.866667,3550,118.333333,0.0,review
3957,131.9,3550,118.333333,0.0,review
3958,131.933333,3551,118.366667,0.0,review
3959,131.966667,3552,118.4,0.0,review
3960,132.0,3552,118.4,0.0,review
3961,132.033333,3554,118.466667,0.0,review
3962,132.066667,3556,118.533333,0.0,review
3963,132.1,3558,118.6,0.0,review
3964,132.133333,3560,118.666667,0.0,review
3965,132.166667,3562,118.733333,0.0,review
3966,132.2,3564,118.8,0.0,review
3967,132.233333,3565,118.833333,0.0,review
3968,132.266667,3565,118.833333,0.0,review
3969,132.3,3566,118.866667,0.0,review
3970,132.333333,3566,118.866667,0.0,review
3971,132.366667,3567,118.9,0.0,review
3972,132.4,3567,118.9,0.0,review
3973,132.433333,3568,118.933333,0.0,review
3974,132.466667,3568,118.933333,0.0,review
3975,132.5,3568,118.933333,0.0,review
3976,132.533333,3569,118.966667,0.0,review
3977,132.566667,3569,118.966667,0.0,review
3978,132.6,3570,119.0,0.0,review
3979,132.633333,3570,119.0,0.005456,review
3980,132.666667,3571,119.033333,0.010913,review
3981,132.7,3571,119.033333,0.01637,review
3982,132.733333,3572,119.066667,0.021827,review
3983,132.766667,3572,119.066667,0.027284,review
3984,132.8,3573,119.1,0.032741,review
3985,132.833333,3573,119.1,0.038198,review
3986,132.866667,3574,119.133333,0.043655,review
3987,132.9,3574,119.133333,0.049112,review
3988,132.933333,3575,119.166667,0.054569,review
3989,132.966667,3575,119.166667,0.060026,review
3990,133.0,3576,119.2,0.065483,review
3991,133.033333,3576,119.2,0.089687,review
3992,133.066667,3577,119.233333,0.113892,review
3993,133.1,3577,119.233333,0.138096,review
3994,133.133333,3578,119.266667,0.162301,review
3995,133.166667,3579,119.3,0.186505,review
3996,133.2,3579,119.3,0.21071,review
3997,133.233333,3580,119.333333,0.234914,review
3998,133.266667,3580,119.333333,0.259119,review
3999,133.3,3581,119.366667,0.283323,review
4000,133.333333,3581,119.366667,0.307528,review
4001,133.366667,3582,119.4,0.331732,review
4002,133.4,3582,119.4,0.355936,matched
4003,133.433333,3583,119.433333,0.377077,matched
4004,133.466667,3583,119.433333,0.398219,matched
4005,133.5,3584,119.466667,0.41936,matched
4006,133.533333,3584,119.466667,0.440502,matched
4007,133.566667,3585,119.5,0.461643,matched
4008,133.6,3585,119.5,0.482785,matched
4009,133.633333,3586,119.533333,0.503926,matched
4010,133.666667,3586,119.533333,0.525068,matched
4011,133.7,3586,119.533333,0.54621,matched
4012,133.733333,3587,119.566667,0.567351,matched
4013,133.766667,3587,119.566667,0.588493,matched
4014,133.8,3588,119.6,0.609634,matched
4015,133.833333,3590,119.666667,0.585522,matched
4016,133.866667,3592,119.733333,0.561405,matched
4017,133.9,3594,119.8,0.537289,matched
4018,133.933333,3596,119.866667,0.513173,matched
4019,133.966667,3598,119.933333,0.489056,matched
4020,134.0,3600,120.0,0.46494,matched
4021,134.033333,3602,120.066667,0.469739,matched
4022,134.066667,3604,120.133333,0.474538,matched
4023,134.1,3606,120.2,0.479337,matched
4024,134.133333,3608,120.266667,0.484136,matched
4025,134.166667,3610,120.333333,0.488935,matched
4026,134.2,3612,120.4,0.493732,matched
4027,134.233333,3613,120.433333,0.480179,matched
4028,134.266667,3613,120.433333,0.466626,matched
4029,134.3,3614,120.466667,0.453073,matched
4030,134.333333,3614,120.466667,0.43952,matched
4031,134.366667,3614,120.466667,0.425967,matched
4032,134.4,3615,120.5,0.412415,matched
4033,134.433333,3615,120.5,0.398862,matched
4034,134.466667,3616,120.533333,0.385309,matched
4035,134.5,3616,120.533333,0.371756,matched
4036,134.533333,3617,120.566667,0.358203,matched
4037,134.566667,3617,120.566667,0.34465,review
4038,134.6,3618,120.6,0.331097,review
4039,134.633333,3618,120.6,0.343259,review
4040,134.666667,3619,120.633333,0.355424,matched
4041,134.7,3619,120.633333,0.36759,matched
4042,134.733333,3620,120.666667,0.379756,matched
4043,134.766667,3620,120.666667,0.391922,matched
4044,134.8,3621,120.7,0.404087,matched
4045,134.833333,3621,120.7,0.416253,matched
4046,134.866667,3622,120.733333,0.428419,matched
4047,134.9,3623,120.766667,0.440585,matched
4048,134.933333,3623,120.766667,0.45275,matched
4049,134.966667,3624,120.8,0.464916,matched
4050,135.0,3624,120.8,0.477082,matched
4051,135.033333,3625,120.833333,0.487183,matched
4052,135.066667,3625,120.833333,0.497284,matched
4053,135.1,3626,120.866667,0.507386,matched
4054,135.133333,3626,120.866667,0.517487,matched
4055,135.166667,3627,120.9,0.527588,matched
4056,135.2,3627,120.9,0.537689,matched
4057,135.233333,3628,120.933333,0.547791,matched
4058,135.266667,3628,120.933333,0.557892,matched
4059,135.3,3629,120.966667,0.567993,matched
4060,135.333333,3629,120.966667,0.578094,matched
4061,135.366667,3630,121.0,0.588196,matched
4062,135.4,3630,121.0,0.598292,matched
4063,135.433333,3632,121.066667,0.582424,matched
4064,135.466667,3634,121.133333,0.566557,matched
4065,135.5,3636,121.2,0.550689,matched
4066,135.533333,3638,121.266667,0.534821,matched
4067,135.566667,3640,121.333333,0.518954,matched
4068,135.6,3642,121.4,0.503086,matched
4069,135.633333,3644,121.466667,0.521348,matched
4070,135.666667,3646,121.533333,0.539616,matched
4071,135.7,3648,121.6,0.557884,matched
4072,135.733333,3650,121.666667,0.576152,matched
4073,135.766667,3652,121.733333,0.59442,matched
4074,135.8,3654,121.8,0.612688,matched
4075,135.833333,3656,121.866667,0.610044,matched
4076,135.866667,3658,121.933333,0.607397,matched
4077,135.9,3660,122.0,0.60475,matched
4078,135.933333,3662,122.066667,0.602103,matched
4079,135.966667,3664,122.133333,0.599457,matched
4080,136.0,3666,122.2,0.59681,matched
4081,136.033333,3668,122.266667,0.598398,matched
4082,136.066667,3670,122.333333,0.599987,matched
4083,136.1,3672,122.4,0.601575,matched
4084,136.133333,3674,122.466667,0.603163,matched
4085,136.166667,3676,122.533333,0.604752,matched
4086,136.2,3678,122.6,0.60634,matched
4087,136.233333,3678,122.6,0.6085,matched
4088,136.266667,3679,122.633333,0.61066,matched
4089,136.3,3680,122.666667,0.612821,matched
4090,136.333333,3680,122.666667,0.614981,matched
4091,136.366667,3680,122.666667,0.617141,matched
4092,136.4,3681,122.7,0.619301,matched
4093,136.433333,3682,122.733333,0.621461,matched
4094,136.466667,3682,122.733333,0.623621,matched
4095,136.5,3682,122.733333,0.625781,matched
4096,136.533333,3683,122.766667,0.627941,matched
4097,136.566667,3684,122.8,0.630101,matched
4098,136.6,3684,122.8,0.632262,matched
4099,136.633333,3686,122.866667,0.630147,matched
4100,136.666667,3688,122.933333,0.628031,matched
4101,136.7,3690,123.0,0.625915,matched
4102,136.733333,3692,123.066667,0.623799,matched
4103,136.766667,3694,123.133333,0.621683,matched
4104,136.8,3696,123.2,0.619567,matched
4105,136.833333,3696,123.2,0.610816,matched
4106,136.866667,3697,123.233333,0.602064,matched
4107,136.9,3697,123.233333,0.593313,matched
4108,136.933333,3698,123.266667,0.584561,matched
4109,136.966667,3698,123.266667,0.575809,matched
4110,137.0,3699,123.3,0.567057,matched
4111,137.033333,3699,123.3,0.558306,matched
4112,137.066667,3700,123.333333,0.549554,matched
4113,137.1,3701,123.366667,0.540802,matched
4114,137.133333,3701,123.366667,0.532051,matched
4115,137.166667,3702,123.4,0.523299,matched
4116,137.2,3702,123.4,0.514548,matched
4117,137.233333,3703,123.433333,0.514784,matched
4118,137.266667,3703,123.433333,0.515021,matched
4119,137.3,3704,123.466667,0.515257,matched
4120,137.333333,3704,123.466667,0.515494,matched
4121,137.366667,3704,123.466667,0.51573,matched
4122,137.4,3705,123.5,0.515966,matched
4123,137.433333,3705,123.5,0.516203,matched
4124,137.466667,3706,123.533333,0.516439,matched
4125,137.5,3706,123.533333,0.516676,matched
4126,137.533333,3707,123.566667,0.516912,matched
4127,137.566667,3707,123.566667,0.517149,matched
4128,137.6,3708,123.6,0.517385,matched
4129,137.633333,3708,123.6,0.517637,matched
4130,137.666667,3709,123.633333,0.51789,matched
4131,137.7,3709,123.633333,0.518142,matched
4132,137.733333,3710,123.666667,0.518395,matched
4133,137.766667,3710,123.666667,0.518647,matched
4134,137.8,3711,123.7,0.5189,matched
4135,137.833333,3711,123.7,0.519152,matched
4136,137.866667,3712,123.733333,0.519405,matched
4137,137.9,3713,123.766667,0.519657,matched
4138,137.933333,3713,123.766667,0.51991,matched
4139,137.966667,3714,123.8,0.520163,matched
4140,138.0,3714,123.8,0.520415,matched
4141,138.033333,3716,123.866667,0.525233,matched
4142,138.066667,3718,123.933333,0.53005,matched
4143,138.1,3720,124.0,0.534868,matched
4144,138.133333,3722,124.066667,0.539685,matched
4145,138.166667,3724,124.133333,0.544503,matched
4146,138.2,3726,124.2,0.549319,matched
4147,138.233333,3728,124.266667,0.53636,matched
4148,138.266667,3730,124.333333,0.523401,matched
4149,138.3,3732,124.4,0.510443,matched
4150,138.333333,3734,124.466667,0.497484,matched
4151,138.366667,3736,124.533333,0.484525,matched
4152,138.4,,,0.0,unmatched
4153,138.433333,,,0.0,unmatched
4154,138.466667,,,0.0,unmatched
