day_frame,day_time_seconds,night_frame,night_time_seconds,confidence,status
0,0.0,0,0.0,0.0,review
1,0.033333,2,0.066667,0.0,review
2,0.066667,4,0.133333,0.0,review
3,0.1,6,0.2,0.0,review
4,0.133333,8,0.266667,0.0,review
5,0.166667,10,0.333333,0.0,review
6,0.2,12,0.4,0.0,review
7,0.233333,14,0.466667,0.0,review
8,0.266667,16,0.533333,0.0,review
9,0.3,18,0.6,0.0,review
10,0.333333,20,0.666667,0.0,review
11,0.366667,22,0.733333,0.0,review
12,0.4,24,0.8,0.0,review
13,0.433333,26,0.866667,0.0,review
14,0.466667,28,0.933333,0.0,review
15,0.5,30,1.0,0.0,review
16,0.533333,32,1.066667,0.0,review
17,0.566667,34,1.133333,0.0,review
18,0.6,36,1.2,0.0,review
19,0.633333,38,1.266667,0.0,review
20,0.666667,40,1.333333,0.0,review
21,0.7,42,1.4,0.0,review
22,0.733333,44,1.466667,0.0,review
23,0.766667,46,1.533333,0.0,review
24,0.8,48,1.6,0.0,review
25,0.833333,50,1.666667,0.0,review
26,0.866667,52,1.733333,0.0,review
27,0.9,54,1.8,0.0,review
28,0.933333,56,1.866667,0.0,review
29,0.966667,58,1.933333,0.0,review
30,1.0,60,2.0,0.0,review
31,1.033333,62,2.066667,0.0,review
32,1.066667,64,2.133333,0.0,review
33,1.1,66,2.2,0.0,review
34,1.133333,68,2.266667,0.0,review
35,1.166667,70,2.333333,0.0,review
36,1.2,72,2.4,0.0,review
37,1.233333,74,2.466667,0.0,review
38,1.266667,76,2.533333,0.0,review
39,1.3,78,2.6,0.0,review
40,1.333333,80,2.666667,0.0,review
41,1.366667,82,2.733333,0.0,review
42,1.4,84,2.8,0.0,review
43,1.433333,86,2.866667,0.0,review
44,1.466667,88,2.933333,0.0,review
45,1.5,90,3.0,0.0,review
46,1.533333,92,3.066667,0.0,review
47,1.566667,94,3.133333,0.0,review
48,1.6,96,3.2,0.0,review
49,1.633333,97,3.233333,0.009577,review
50,1.666667,97,3.233333,0.019154,review
51,1.7,98,3.266667,0.028731,review
52,1.733333,98,3.266667,0.038309,review
53,1.766667,99,3.3,0.047886,review
54,1.8,99,3.3,0.057463,review
55,1.833333,100,3.333333,0.06704,review
56,1.866667,100,3.333333,0.076617,review
57,1.9,101,3.366667,0.086195,review
58,1.933333,101,3.366667,0.095772,review
59,1.966667,102,3.4,0.105349,review
60,2.0,102,3.4,0.114926,review
61,2.033333,104,3.466667,0.095772,review
62,2.066667,106,3.533333,0.076617,review
63,2.1,108,3.6,0.057463,review
64,2.133333,110,3.666667,0.038309,review
65,2.166667,112,3.733333,0.019154,review
66,2.2,114,3.8,0.0,review
67,2.233333,116,3.866667,0.010287,review
68,2.266667,118,3.933333,0.020575,review
69,2.3,120,4.0,0.030862,review
70,2.333333,122,4.066667,0.041149,review
71,2.366667,124,4.133333,0.051437,review
72,2.4,126,4.2,0.061724,review
73,2.433333,128,4.266667,0.051437,review
74,2.466667,130,4.333333,0.041149,review
75,2.5,132,4.4,0.030862,review
76,2.533333,134,4.466667,0.020575,review
77,2.566667,136,4.533333,0.010287,review
78,2.6,138,4.6,0.0,review
79,2.633333,140,4.666667,0.017855,review
80,2.666667,142,4.733333,0.03571,review
81,2.7,144,4.8,0.053565,review
82,2.733333,146,4.866667,0.071419,review
83,2.766667,148,4.933333,0.089274,review
84,2.8,150,5.0,0.107129,review
85,2.833333,151,5.033333,0.098202,review
86,2.866667,151,5.033333,0.089274,review
87,2.9,151,5.033333,0.080347,review
88,2.933333,152,5.066667,0.071419,review
89,2.966667,152,5.066667,0.062492,review
90,3.0,153,5.1,0.053565,review
91,3.033333,153,5.1,0.044637,review
92,3.066667,154,5.133333,0.03571,review
93,3.1,154,5.133333,0.026782,review
94,3.133333,155,5.166667,0.017855,review
95,3.166667,155,5.166667,0.008927,review
96,3.2,156,5.2,0.0,review
97,3.233333,158,5.266667,0.0,review
98,3.266667,160,5.333333,0.0,review
99,3.3,162,5.4,0.0,review
100,3.333333,164,5.466667,0.0,review
101,3.366667,166,5.533333,0.0,review
102,3.4,168,5.6,0.0,review
103,3.433333,168,5.6,0.003537,review
104,3.466667,169,5.633333,0.007074,review
105,3.5,169,5.633333,0.010611,review
106,3.533333,170,5.666667,0.014148,review
107,3.566667,171,5.7,0.017685,review
108,3.6,171,5.7,0.021221,review
109,3.633333,172,5.733333,0.024758,review
110,3.666667,172,5.733333,0.028295,review
111,3.7,173,5.766667,0.031832,review
112,3.733333,173,5.766667,0.035369,review
113,3.766667,174,5.8,0.038906,review
114,3.8,174,5.8,0.042443,review
115,3.833333,175,5.833333,0.038906,review
116,3.866667,175,5.833333,0.035369,review
117,3.9,176,5.866667,0.031832,review
118,3.933333,176,5.866667,0.028295,review
119,3.966667,177,5.9,0.024758,review
120,4.0,177,5.9,0.021221,review
121,4.033333,178,5.933333,0.017685,review
122,4.066667,178,5.933333,0.014148,review
123,4.1,179,5.966667,0.010611,review
124,4.133333,179,5.966667,0.007074,review
125,4.166667,180,6.0,0.003537,review
126,4.2,180,6.0,0.0,review
127,4.233333,182,6.066667,0.003182,review
128,4.266667,184,6.133333,0.006364,review
129,4.3,186,6.2,0.009546,review
130,4.333333,188,6.266667,0.012728,review
131,4.366667,190,6.333333,0.01591,review
132,4.4,192,6.4,0.019092,review
133,4.433333,194,6.466667,0.01591,review
134,4.466667,196,6.533333,0.012728,review
135,4.5,198,6.6,0.009546,review
136,4.533333,200,6.666667,0.006364,review
137,4.566667,202,6.733333,0.003182,review
138,4.6,204,6.8,0.0,review
139,4.633333,205,6.833333,0.001648,review
140,4.666667,205,6.833333,0.003297,review
141,4.7,206,6.866667,0.004945,review
142,4.733333,206,6.866667,0.006593,review
143,4.766667,207,6.9,0.008241,review
144,4.8,207,6.9,0.00989,review
145,4.833333,208,6.933333,0.011538,review
146,4.866667,208,6.933333,0.013186,review
147,4.9,209,6.966667,0.014834,review
148,4.933333,209,6.966667,0.016483,review
149,4.966667,210,7.0,0.018131,review
150,5.0,210,7.0,0.019779,review
151,5.033333,210,7.0,0.018131,review
152,5.066667,211,7.033333,0.016483,review
153,5.1,211,7.033333,0.014834,review
154,5.133333,212,7.066667,0.013186,review
155,5.166667,212,7.066667,0.011538,review
156,5.2,213,7.1,0.00989,review
157,5.233333,213,7.1,0.008241,review
158,5.266667,214,7.133333,0.006593,review
159,5.3,214,7.133333,0.004945,review
160,5.333333,215,7.166667,0.003297,review
161,5.366667,215,7.166667,0.001648,review
162,5.4,216,7.2,0.0,review
163,5.433333,216,7.2,0.0,review
164,5.466667,217,7.233333,0.0,review
165,5.5,217,7.233333,0.0,review
166,5.533333,218,7.266667,0.0,review
167,5.566667,218,7.266667,0.0,review
168,5.6,219,7.3,0.0,review
169,5.633333,219,7.3,0.0,review
170,5.666667,220,7.333333,0.0,review
171,5.7,220,7.333333,0.0,review
172,5.733333,221,7.366667,0.0,review
173,5.766667,221,7.366667,0.0,review
174,5.8,222,7.4,0.0,review
175,5.833333,222,7.4,0.001486,review
176,5.866667,223,7.433333,0.002973,review
177,5.9,224,7.466667,0.004459,review
178,5.933333,224,7.466667,0.005946,review
179,5.966667,224,7.466667,0.007432,review
180,6.0,225,7.5,0.008919,review
181,6.033333,226,7.533333,0.010406,review
182,6.066667,226,7.533333,0.011892,review
183,6.1,226,7.533333,0.013379,review
184,6.133333,227,7.566667,0.014865,review
185,6.166667,228,7.6,0.016352,review
186,6.2,228,7.6,0.017838,review
187,6.233333,229,7.633333,0.016351,review
188,6.266667,229,7.633333,0.014865,review
189,6.3,230,7.666667,0.013378,review
190,6.333333,230,7.666667,0.011892,review
191,6.366667,231,7.7,0.010405,review
192,6.4,231,7.7,0.008919,review
193,6.433333,232,7.733333,0.007432,review
194,6.466667,232,7.733333,0.005946,review
195,6.5,233,7.766667,0.004459,review
196,6.533333,233,7.766667,0.002973,review
197,6.566667,234,7.8,0.001486,review
198,6.6,234,7.8,0.0,review
199,6.633333,235,7.833333,0.0,review
200,6.666667,235,7.833333,0.0,review
201,6.7,236,7.866667,0.0,review
202,6.733333,236,7.866667,0.0,review
203,6.766667,237,7.9,0.0,review
204,6.8,237,7.9,0.0,review
205,6.833333,238,7.933333,0.0,review
206,6.866667,238,7.933333,0.0,review
207,6.9,239,7.966667,0.0,review
208,6.933333,239,7.966667,0.0,review
209,6.966667,240,8.0,0.0,review
210,7.0,240,8.0,0.0,review
211,7.033333,240,8.0,0.016168,review
212,7.066667,241,8.033333,0.032335,review
213,7.1,241,8.033333,0.048503,review
214,7.133333,242,8.066667,0.064671,review
215,7.166667,242,8.066667,0.080838,review
216,7.2,243,8.1,0.097006,review
217,7.233333,243,8.1,0.113174,review
218,7.266667,244,8.133333,0.129341,review
219,7.3,244,8.133333,0.145509,review
220,7.333333,245,8.166667,0.161677,review
221,7.366667,245,8.166667,0.177844,review
222,7.4,246,8.2,0.194012,review
223,7.433333,248,8.266667,0.193448,review
224,7.466667,250,8.333333,0.192884,review
225,7.5,252,8.4,0.192321,review
226,7.533333,254,8.466667,0.191757,review
227,7.566667,256,8.533333,0.191193,review
228,7.6,258,8.6,0.190629,review
229,7.633333,260,8.666667,0.169783,review
230,7.666667,262,8.733333,0.148938,review
231,7.7,264,8.8,0.128092,review
232,7.733333,266,8.866667,0.107246,review
233,7.766667,268,8.933333,0.086401,review
234,7.8,270,9.0,0.065555,review
235,7.833333,272,9.066667,0.067926,review
236,7.866667,274,9.133333,0.070298,review
237,7.9,276,9.2,0.072669,review
238,7.933333,278,9.266667,0.07504,review
239,7.966667,280,9.333333,0.077412,review
240,8.0,282,9.4,0.079783,review
241,8.033333,282,9.4,0.087293,review
242,8.066667,283,9.433333,0.094802,review
243,8.1,283,9.433333,0.102312,review
244,8.133333,284,9.466667,0.109821,review
245,8.166667,285,9.5,0.117331,review
246,8.2,285,9.5,0.12484,review
247,8.233333,286,9.533333,0.13235,review
248,8.266667,286,9.533333,0.139859,review
249,8.3,287,9.566667,0.147369,review
250,8.333333,287,9.566667,0.154878,review
251,8.366667,288,9.6,0.162388,review
252,8.4,288,9.6,0.169897,review
253,8.433333,290,9.666667,0.167938,review
254,8.466667,292,9.733333,0.165979,review
255,8.5,294,9.8,0.16402,review
256,8.533333,296,9.866667,0.16206,review
257,8.566667,298,9.933333,0.160101,review
258,8.6,300,10.0,0.158142,review
259,8.633333,302,10.066667,0.155895,review
260,8.666667,304,10.133333,0.153647,review
261,8.7,306,10.2,0.1514,review
262,8.733333,308,10.266667,0.149152,review
263,8.766667,310,10.333333,0.146905,review
264,8.8,312,10.4,0.144657,review
265,8.833333,314,10.466667,0.158369,review
266,8.866667,316,10.533333,0.172082,review
267,8.9,318,10.6,0.185794,review
268,8.933333,320,10.666667,0.199507,review
269,8.966667,322,10.733333,0.213219,review
270,9.0,324,10.8,0.226932,review
271,9.033333,326,10.866667,0.217624,review
272,9.066667,328,10.933333,0.208316,review
273,9.1,330,11.0,0.199007,review
274,9.133333,332,11.066667,0.189699,review
275,9.166667,334,11.133333,0.180391,review
276,9.2,336,11.2,0.171083,review
277,9.233333,338,11.266667,0.147861,review
278,9.266667,340,11.333333,0.124638,review
279,9.3,342,11.4,0.101416,review
280,9.333333,344,11.466667,0.078194,review
281,9.366667,346,11.533333,0.054972,review
282,9.4,348,11.6,0.03175,review
283,9.433333,349,11.633333,0.053927,review
284,9.466667,349,11.633333,0.076103,review
285,9.5,350,11.666667,0.098279,review
286,9.533333,350,11.666667,0.120455,review
287,9.566667,351,11.7,0.142632,review
288,9.6,351,11.7,0.164808,review
289,9.633333,352,11.733333,0.186984,review
290,9.666667,352,11.733333,0.209161,review
291,9.7,353,11.766667,0.231337,review
292,9.733333,353,11.766667,0.253513,review
293,9.766667,354,11.8,0.27569,review
294,9.8,354,11.8,0.297866,review
295,9.833333,356,11.866667,0.280326,review
296,9.866667,358,11.933333,0.262786,review
297,9.9,360,12.0,0.245246,review
298,9.933333,362,12.066667,0.227706,review
299,9.966667,364,12.133333,0.210166,review
300,10.0,366,12.2,0.192626,review
301,10.033333,368,12.266667,0.190469,review
302,10.066667,370,12.333333,0.188313,review
303,10.1,372,12.4,0.186156,review
304,10.133333,374,12.466667,0.184,review
305,10.166667,376,12.533333,0.181843,review
306,10.2,378,12.6,0.179687,review
307,10.233333,380,12.666667,0.211109,review
308,10.266667,382,12.733333,0.242531,review
309,10.3,384,12.8,0.273952,review
310,10.333333,386,12.866667,0.305374,review
311,10.366667,388,12.933333,0.336796,review
312,10.4,390,13.0,0.368217,matched
313,10.433333,392,13.066667,0.348514,review
314,10.466667,394,13.133333,0.328811,review
315,10.5,396,13.2,0.309107,review
316,10.533333,398,13.266667,0.289404,review
317,10.566667,400,13.333333,0.269701,review
318,10.6,402,13.4,0.249998,review
319,10.633333,402,13.4,0.244055,review
320,10.666667,403,13.433333,0.238111,review
321,10.7,403,13.433333,0.232168,review
322,10.733333,404,13.466667,0.226224,review
323,10.766667,404,13.466667,0.220281,review
324,10.8,405,13.5,0.214338,review
325,10.833333,405,13.5,0.208394,review
326,10.866667,406,13.533333,0.202451,review
327,10.9,407,13.566667,0.196507,review
328,10.933333,407,13.566667,0.190564,review
329,10.966667,408,13.6,0.18462,review
330,11.0,408,13.6,0.178677,review
331,11.033333,410,13.666667,0.160893,review
332,11.066667,412,13.733333,0.143109,review
333,11.1,414,13.8,0.125325,review
334,11.133333,416,13.866667,0.107541,review
335,11.166667,418,13.933333,0.089757,review
336,11.2,420,14.0,0.071973,review
337,11.233333,422,14.066667,0.06439,review
338,11.266667,424,14.133333,0.056806,review
339,11.3,426,14.2,0.049223,review
340,11.333333,428,14.266667,0.04164,review
341,11.366667,430,14.333333,0.034056,review
342,11.4,432,14.4,0.026473,review
343,11.433333,434,14.466667,0.036507,review
344,11.466667,436,14.533333,0.046541,review
345,11.5,438,14.6,0.056575,review
346,11.533333,440,14.666667,0.06661,review
347,11.566667,442,14.733333,0.076644,review
348,11.6,444,14.8,0.086678,review
349,11.633333,446,14.866667,0.086612,review
350,11.666667,448,14.933333,0.086547,review
351,11.7,450,15.0,0.086481,review
352,11.733333,452,15.066667,0.086415,review
353,11.766667,454,15.133333,0.08635,review
354,11.8,456,15.2,0.086284,review
355,11.833333,458,15.266667,0.074515,review
356,11.866667,460,15.333333,0.062746,review
357,11.9,462,15.4,0.050977,review
358,11.933333,464,15.466667,0.039208,review
359,11.966667,466,15.533333,0.027439,review
360,12.0,468,15.6,0.01567,review
361,12.033333,470,15.666667,0.013058,review
362,12.066667,472,15.733333,0.010447,review
363,12.1,474,15.8,0.007835,review
364,12.133333,476,15.866667,0.005223,review
365,12.166667,478,15.933333,0.002612,review
366,12.2,480,16.0,0.0,review
367,12.233333,482,16.066667,0.012448,review
368,12.266667,484,16.133333,0.024895,review
369,12.3,486,16.2,0.037343,review
370,12.333333,488,16.266667,0.049791,review
371,12.366667,490,16.333333,0.062238,review
372,12.4,492,16.4,0.074686,review
373,12.433333,494,16.466667,0.083641,review
374,12.466667,496,16.533333,0.092595,review
375,12.5,498,16.6,0.10155,review
376,12.533333,500,16.666667,0.110504,review
377,12.566667,502,16.733333,0.119458,review
378,12.6,504,16.8,0.128413,review
379,12.633333,506,16.866667,0.126007,review
380,12.666667,508,16.933333,0.123601,review
381,12.7,510,17.0,0.121195,review
382,12.733333,512,17.066667,0.118789,review
383,12.766667,514,17.133333,0.116383,review
384,12.8,516,17.2,0.113977,review
385,12.833333,518,17.266667,0.094981,review
386,12.866667,520,17.333333,0.075985,review
387,12.9,522,17.4,0.056989,review
388,12.933333,524,17.466667,0.037992,review
389,12.966667,526,17.533333,0.018996,review
390,13.0,528,17.6,0.0,review
391,13.033333,530,17.666667,0.005279,review
392,13.066667,532,17.733333,0.010557,review
393,13.1,534,17.8,0.015836,review
394,13.133333,536,17.866667,0.021114,review
395,13.166667,538,17.933333,0.026393,review
396,13.2,540,18.0,0.031671,review
397,13.233333,542,18.066667,0.041346,review
398,13.266667,544,18.133333,0.051021,review
399,13.3,546,18.2,0.060697,review
400,13.333333,548,18.266667,0.070372,review
401,13.366667,550,18.333333,0.080047,review
402,13.4,552,18.4,0.089722,review
403,13.433333,554,18.466667,0.097582,review
404,13.466667,556,18.533333,0.105442,review
405,13.5,558,18.6,0.113301,review
406,13.533333,560,18.666667,0.121161,review
407,13.566667,562,18.733333,0.129021,review
408,13.6,564,18.8,0.136881,review
409,13.633333,566,18.866667,0.122097,review
410,13.666667,568,18.933333,0.107313,review
411,13.7,570,19.0,0.092529,review
412,13.733333,572,19.066667,0.077745,review
413,13.766667,574,19.133333,0.062961,review
414,13.8,576,19.2,0.048177,review
415,13.833333,578,19.266667,0.051317,review
416,13.866667,580,19.333333,0.054457,review
417,13.9,582,19.4,0.057596,review
418,13.933333,584,19.466667,0.060736,review
419,13.966667,586,19.533333,0.063876,review
420,14.0,588,19.6,0.067016,review
421,14.033333,590,19.666667,0.073909,review
422,14.066667,592,19.733333,0.080802,review
423,14.1,594,19.8,0.087696,review
424,14.133333,596,19.866667,0.094589,review
425,14.166667,598,19.933333,0.101482,review
426,14.2,600,20.0,0.108375,review
427,14.233333,602,20.066667,0.101624,review
428,14.266667,604,20.133333,0.094873,review
429,14.3,606,20.2,0.088122,review
430,14.333333,608,20.266667,0.081372,review
431,14.366667,610,20.333333,0.074621,review
432,14.4,612,20.4,0.06787,review
433,14.433333,614,20.466667,0.076785,review
434,14.466667,616,20.533333,0.085701,review
435,14.5,618,20.6,0.094616,review
436,14.533333,620,20.666667,0.103531,review
437,14.566667,622,20.733333,0.112447,review
438,14.6,624,20.8,0.121362,review
439,14.633333,626,20.866667,0.127073,review
440,14.666667,628,20.933333,0.132785,review
441,14.7,630,21.0,0.138496,review
442,14.733333,632,21.066667,0.144208,review
443,14.766667,634,21.133333,0.149919,review
444,14.8,636,21.2,0.155631,review
445,14.833333,637,21.233333,0.14898,review
446,14.866667,637,21.233333,0.142328,review
447,14.9,638,21.266667,0.135677,review
448,14.933333,638,21.266667,0.129025,review
449,14.966667,639,21.3,0.122374,review
450,15.0,639,21.3,0.115722,review
451,15.033333,640,21.333333,0.10907,review
452,15.066667,640,21.333333,0.102419,review
453,15.1,640,21.333333,0.095767,review
454,15.133333,641,21.366667,0.089116,review
455,15.166667,641,21.366667,0.082464,review
456,15.2,642,21.4,0.075813,review
457,15.233333,644,21.466667,0.085512,review
458,15.266667,646,21.533333,0.095212,review
459,15.3,648,21.6,0.104911,review
460,15.333333,650,21.666667,0.11461,review
461,15.366667,652,21.733333,0.12431,review
462,15.4,654,21.8,0.134009,review
463,15.433333,656,21.866667,0.111674,review
464,15.466667,658,21.933333,0.089339,review
465,15.5,660,22.0,0.067005,review
466,15.533333,662,22.066667,0.04467,review
467,15.566667,664,22.133333,0.022335,review
468,15.6,666,22.2,0.0,review
469,15.633333,668,22.266667,0.001698,review
470,15.666667,670,22.333333,0.003396,review
471,15.7,672,22.4,0.005093,review
472,15.733333,674,22.466667,0.006791,review
473,15.766667,676,22.533333,0.008489,review
474,15.8,678,22.6,0.010187,review
475,15.833333,680,22.666667,0.017384,review
476,15.866667,682,22.733333,0.024582,review
477,15.9,684,22.8,0.031779,review
478,15.933333,686,22.866667,0.038976,review
479,15.966667,688,22.933333,0.046174,review
480,16.0,690,23.0,0.053371,review
481,16.033333,692,23.066667,0.051433,review
482,16.066667,694,23.133333,0.049494,review
483,16.1,696,23.2,0.047556,review
484,16.133333,698,23.266667,0.045618,review
485,16.166667,700,23.333333,0.043679,review
486,16.2,702,23.4,0.041741,review
487,16.233333,704,23.466667,0.034784,review
488,16.266667,706,23.533333,0.027827,review
489,16.3,708,23.6,0.020871,review
490,16.333333,710,23.666667,0.013914,review
491,16.366667,712,23.733333,0.006957,review
492,16.4,714,23.8,0.0,review
493,16.433333,716,23.866667,0.011202,review
494,16.466667,718,23.933333,0.022405,review
495,16.5,720,24.0,0.033607,review
496,16.533333,722,24.066667,0.044809,review
497,16.566667,724,24.133333,0.056012,review
498,16.6,726,24.2,0.067214,review
499,16.633333,728,24.266667,0.077954,review
500,16.666667,730,24.333333,0.088695,review
501,16.7,732,24.4,0.099435,review
502,16.733333,734,24.466667,0.110175,review
503,16.766667,736,24.533333,0.120916,review
504,16.8,738,24.6,0.131656,review
505,16.833333,740,24.666667,0.126795,review
506,16.866667,742,24.733333,0.121935,review
507,16.9,744,24.8,0.117074,review
508,16.933333,746,24.866667,0.112214,review
509,16.966667,748,24.933333,0.107353,review
510,17.0,750,25.0,0.102493,review
511,17.033333,752,25.066667,0.106466,review
512,17.066667,754,25.133333,0.110439,review
513,17.1,756,25.2,0.114412,review
514,17.133333,758,25.266667,0.118386,review
515,17.166667,760,25.333333,0.122359,review
516,17.2,762,25.4,0.126332,review
517,17.233333,762,25.4,0.115805,review
518,17.266667,763,25.433333,0.105277,review
519,17.3,763,25.433333,0.094749,review
520,17.333333,764,25.466667,0.084222,review
521,17.366667,764,25.466667,0.073694,review
522,17.4,765,25.5,0.063166,review
523,17.433333,765,25.5,0.052639,review
524,17.466667,766,25.533333,0.042111,review
525,17.5,766,25.533333,0.031583,review
526,17.533333,767,25.566667,0.021055,review
527,17.566667,768,25.6,0.010528,review
528,17.6,768,25.6,0.0,review
529,17.633333,770,25.666667,0.018251,review
530,17.666667,772,25.733333,0.036503,review
531,17.7,774,25.8,0.054755,review
532,17.733333,776,25.866667,0.073006,review
533,17.766667,778,25.933333,0.091258,review
534,17.8,780,26.0,0.109509,review
535,17.833333,781,26.033333,0.118687,review
536,17.866667,781,26.033333,0.127865,review
537,17.9,782,26.066667,0.137044,review
538,17.933333,782,26.066667,0.146222,review
539,17.966667,783,26.1,0.1554,review
540,18.0,783,26.1,0.164578,review
541,18.033333,784,26.133333,0.173756,review
542,18.066667,784,26.133333,0.182934,review
543,18.1,785,26.166667,0.192112,review
544,18.133333,785,26.166667,0.201291,review
545,18.166667,786,26.2,0.210469,review
546,18.2,786,26.2,0.219647,review
547,18.233333,788,26.266667,0.210226,review
548,18.266667,790,26.333333,0.200806,review
549,18.3,792,26.4,0.191385,review
550,18.333333,794,26.466667,0.181964,review
551,18.366667,796,26.533333,0.172544,review
552,18.4,798,26.6,0.163123,review
553,18.433333,799,26.633333,0.155597,review
554,18.466667,799,26.633333,0.148072,review
555,18.5,800,26.666667,0.140546,review
556,18.533333,800,26.666667,0.133021,review
557,18.566667,801,26.7,0.125495,review
558,18.6,801,26.7,0.11797,review
559,18.633333,802,26.733333,0.110444,review
560,18.666667,802,26.733333,0.102919,review
561,18.7,802,26.733333,0.095393,review
562,18.733333,803,26.766667,0.087868,review
563,18.766667,803,26.766667,0.080342,review
564,18.8,804,26.8,0.072817,review
565,18.833333,804,26.8,0.067624,review
566,18.866667,805,26.833333,0.06243,review
567,18.9,805,26.833333,0.057237,review
568,18.933333,806,26.866667,0.052044,review
569,18.966667,806,26.866667,0.04685,review
570,19.0,807,26.9,0.041657,review
571,19.033333,807,26.9,0.036464,review
572,19.066667,808,26.933333,0.03127,review
573,19.1,808,26.933333,0.026077,review
574,19.133333,809,26.966667,0.020884,review
575,19.166667,809,26.966667,0.01569,review
576,19.2,810,27.0,0.010497,review
577,19.233333,810,27.0,0.009622,review
578,19.266667,811,27.033333,0.008748,review
579,19.3,811,27.033333,0.007873,review
580,19.333333,812,27.066667,0.006998,review
581,19.366667,813,27.1,0.006123,review
582,19.4,813,27.1,0.005249,review
583,19.433333,814,27.133333,0.004374,review
584,19.466667,814,27.133333,0.003499,review
585,19.5,815,27.166667,0.002624,review
586,19.533333,815,27.166667,0.00175,review
587,19.566667,816,27.2,0.000875,review
588,19.6,816,27.2,0.0,review
589,19.633333,818,27.266667,0.034019,review
590,19.666667,820,27.333333,0.068039,review
591,19.7,822,27.4,0.102058,review
592,19.733333,824,27.466667,0.136078,review
593,19.766667,826,27.533333,0.170097,review
594,19.8,828,27.6,0.204115,review
595,19.833333,830,27.666667,0.182016,review
596,19.866667,832,27.733333,0.159917,review
597,19.9,834,27.8,0.137818,review
598,19.933333,836,27.866667,0.115718,review
599,19.966667,838,27.933333,0.093619,review
600,20.0,840,28.0,0.07152,review
601,20.033333,842,28.066667,0.13806,review
602,20.066667,844,28.133333,0.2046,review
603,20.1,846,28.2,0.27114,review
604,20.133333,848,28.266667,0.33768,review
605,20.166667,850,28.333333,0.40422,matched
606,20.2,852,28.4,0.470759,matched
607,20.233333,854,28.466667,0.440007,matched
608,20.266667,856,28.533333,0.409252,matched
609,20.3,858,28.6,0.378498,matched
610,20.333333,860,28.666667,0.347743,review
611,20.366667,862,28.733333,0.316988,review
612,20.4,864,28.8,0.286233,review
613,20.433333,866,28.866667,0.238528,review
614,20.466667,868,28.933333,0.190822,review
615,20.5,870,29.0,0.143117,review
616,20.533333,872,29.066667,0.095412,review
617,20.566667,874,29.133333,0.047706,review
618,20.6,876,29.2,1e-06,review
619,20.633333,878,29.266667,0.000139,review
620,20.666667,880,29.333333,0.000279,review
621,20.7,882,29.4,0.000418,review
622,20.733333,884,29.466667,0.000557,review
623,20.766667,886,29.533333,0.000697,review
624,20.8,888,29.6,0.000836,review
625,20.833333,890,29.666667,0.007469,review
626,20.866667,892,29.733333,0.014102,review
627,20.9,894,29.8,0.020735,review
628,20.933333,896,29.866667,0.027367,review
629,20.966667,898,29.933333,0.034,review
630,21.0,900,30.0,0.040633,review
631,21.033333,902,30.066667,0.066525,review
632,21.066667,904,30.133333,0.092417,review
633,21.1,906,30.2,0.118309,review
634,21.133333,908,30.266667,0.144201,review
635,21.166667,910,30.333333,0.170093,review
636,21.2,912,30.4,0.195984,review
637,21.233333,914,30.466667,0.184381,review
638,21.266667,916,30.533333,0.172777,review
639,21.3,918,30.6,0.161174,review
640,21.333333,920,30.666667,0.14957,review
641,21.366667,922,30.733333,0.137966,review
642,21.4,924,30.8,0.126362,review
643,21.433333,926,30.866667,0.136833,review
644,21.466667,928,30.933333,0.147304,review
645,21.5,930,31.0,0.157775,review
646,21.533333,932,31.066667,0.168247,review
647,21.566667,934,31.133333,0.178718,review
648,21.6,936,31.2,0.189189,review
649,21.633333,938,31.266667,0.157658,review
650,21.666667,940,31.333333,0.126126,review
651,21.7,942,31.4,0.094594,review
652,21.733333,944,31.466667,0.063063,review
653,21.766667,946,31.533333,0.031531,review
654,21.8,948,31.6,0.0,review
655,21.833333,950,31.666667,0.0,review
656,21.866667,952,31.733333,0.0,review
657,21.9,954,31.8,0.0,review
658,21.933333,956,31.866667,0.0,review
659,21.966667,958,31.933333,0.0,review
660,22.0,960,32.0,0.0,review
661,22.033333,961,32.033333,0.0,review
662,22.066667,961,32.033333,0.0,review
663,22.1,962,32.066667,0.0,review
664,22.133333,962,32.066667,0.0,review
665,22.166667,963,32.1,0.0,review
666,22.2,963,32.1,0.0,review
667,22.233333,964,32.133333,0.0,review
668,22.266667,964,32.133333,0.0,review
669,22.3,965,32.166667,0.0,review
670,22.333333,965,32.166667,0.0,review
671,22.366667,966,32.2,0.0,review
672,22.4,966,32.2,0.0,review
673,22.433333,968,32.266667,0.0,review
674,22.466667,970,32.333333,0.0,review
675,22.5,972,32.4,0.0,review
676,22.533333,974,32.466667,0.0,review
677,22.566667,976,32.533333,0.0,review
678,22.6,978,32.6,0.0,review
679,22.633333,978,32.6,0.0,review
680,22.666667,979,32.633333,0.0,review
681,22.7,979,32.633333,0.0,review
682,22.733333,980,32.666667,0.0,review
683,22.766667,980,32.666667,0.0,review
684,22.8,981,32.7,0.0,review
685,22.833333,981,32.7,0.0,review
686,22.866667,982,32.733333,0.0,review
687,22.9,982,32.733333,0.0,review
688,22.933333,983,32.766667,0.0,review
689,22.966667,983,32.766667,0.0,review
690,23.0,984,32.8,0.0,review
691,23.033333,984,32.8,0.0,review
692,23.066667,985,32.833333,0.0,review
693,23.1,985,32.833333,0.0,review
694,23.133333,986,32.866667,0.0,review
695,23.166667,986,32.866667,0.0,review
696,23.2,987,32.9,0.0,review
697,23.233333,987,32.9,0.0,review
698,23.266667,988,32.933333,0.0,review
699,23.3,988,32.933333,0.0,review
700,23.333333,989,32.966667,0.0,review
701,23.366667,990,33.0,0.0,review
702,23.4,990,33.0,0.0,review
703,23.433333,992,33.066667,0.006532,review
704,23.466667,994,33.133333,0.013065,review
705,23.5,996,33.2,0.019597,review
706,23.533333,998,33.266667,0.026129,review
707,23.566667,1000,33.333333,0.032662,review
708,23.6,1002,33.4,0.039194,review
709,23.633333,1004,33.466667,0.032662,review
710,23.666667,1006,33.533333,0.026129,review
711,23.7,1008,33.6,0.019597,review
712,23.733333,1010,33.666667,0.013065,review
713,23.766667,1012,33.733333,0.006532,review
714,23.8,1014,33.8,0.0,review
715,23.833333,1016,33.866667,0.0,review
716,23.866667,1018,33.933333,0.0,review
717,23.9,1020,34.0,0.0,review
718,23.933333,1022,34.066667,0.0,review
719,23.966667,1024,34.133333,0.0,review
720,24.0,1026,34.2,0.0,review
721,24.033333,1028,34.266667,0.0,review
722,24.066667,1030,34.333333,0.0,review
723,24.1,1032,34.4,0.0,review
724,24.133333,1034,34.466667,0.0,review
725,24.166667,1036,34.533333,0.0,review
726,24.2,1038,34.6,0.0,review
727,24.233333,1040,34.666667,0.0,review
728,24.266667,1042,34.733333,0.0,review
729,24.3,1044,34.8,0.0,review
730,24.333333,1046,34.866667,0.0,review
731,24.366667,1048,34.933333,0.0,review
732,24.4,1050,35.0,0.0,review
733,24.433333,1052,35.066667,0.0,review
734,24.466667,1054,35.133333,0.0,review
735,24.5,1056,35.2,0.0,review
736,24.533333,1058,35.266667,0.0,review
737,24.566667,1060,35.333333,0.0,review
738,24.6,1062,35.4,0.0,review
739,24.633333,1063,35.433333,0.0,review
740,24.666667,1063,35.433333,0.0,review
741,24.7,1064,35.466667,0.0,review
742,24.733333,1064,35.466667,0.0,review
743,24.766667,1065,35.5,0.0,review
744,24.8,1065,35.5,0.0,review
745,24.833333,1065,35.5,0.0,review
746,24.866667,1066,35.533333,0.0,review
747,24.9,1066,35.533333,0.0,review
748,24.933333,1067,35.566667,0.0,review
749,24.966667,1067,35.566667,0.0,review
750,25.0,1068,35.6,0.0,review
751,25.033333,1068,35.6,0.0,review
752,25.066667,1069,35.633333,0.0,review
753,25.1,1069,35.633333,0.0,review
754,25.133333,1070,35.666667,0.0,review
755,25.166667,1070,35.666667,0.0,review
756,25.2,1071,35.7,0.0,review
757,25.233333,1071,35.7,0.0,review
758,25.266667,1072,35.733333,0.0,review
759,25.3,1072,35.733333,0.0,review
760,25.333333,1073,35.766667,0.0,review
761,25.366667,1073,35.766667,0.0,review
762,25.4,1074,35.8,0.0,review
763,25.433333,1076,35.866667,0.004396,review
764,25.466667,1078,35.933333,0.008792,review
765,25.5,1080,36.0,0.013188,review
766,25.533333,1082,36.066667,0.017584,review
767,25.566667,1084,36.133333,0.02198,review
768,25.6,1086,36.2,0.026376,review
769,25.633333,1088,36.266667,0.038768,review
770,25.666667,1090,36.333333,0.051159,review
771,25.7,1092,36.4,0.063551,review
772,25.733333,1094,36.466667,0.075943,review
773,25.766667,1096,36.533333,0.088335,review
774,25.8,1098,36.6,0.100727,review
775,25.833333,1100,36.666667,0.143399,review
776,25.866667,1102,36.733333,0.186072,review
777,25.9,1104,36.8,0.228744,review
778,25.933333,1106,36.866667,0.271417,review
779,25.966667,1108,36.933333,0.314089,review
780,26.0,1110,37.0,0.356762,matched
781,26.033333,1112,37.066667,0.328051,review
782,26.066667,1114,37.133333,0.299341,review
783,26.1,1116,37.2,0.27063,review
784,26.133333,1118,37.266667,0.241919,review
785,26.166667,1120,37.333333,0.213208,review
786,26.2,1122,37.4,0.184498,review
787,26.233333,1124,37.466667,0.202685,review
788,26.266667,1126,37.533333,0.220873,review
789,26.3,1128,37.6,0.239062,review
790,26.333333,1130,37.666667,0.25725,review
791,26.366667,1132,37.733333,0.275439,review
792,26.4,1134,37.8,0.293627,review
793,26.433333,1136,37.866667,0.263697,review
794,26.466667,1138,37.933333,0.233768,review
795,26.5,1140,38.0,0.203838,review
796,26.533333,1142,38.066667,0.173908,review
797,26.566667,1144,38.133333,0.143979,review
798,26.6,1146,38.2,0.114049,review
799,26.633333,1148,38.266667,0.139211,review
800,26.666667,1150,38.333333,0.164373,review
801,26.7,1152,38.4,0.189535,review
802,26.733333,1154,38.466667,0.214697,review
803,26.766667,1156,38.533333,0.239859,review
804,26.8,1158,38.6,0.265021,review
805,26.833333,1160,38.666667,0.309806,review
806,26.866667,1162,38.733333,0.35459,matched
807,26.9,1164,38.8,0.399375,matched
808,26.933333,1166,38.866667,0.44416,matched
809,26.966667,1168,38.933333,0.488944,matched
810,27.0,1170,39.0,0.533729,matched
811,27.033333,1172,39.066667,0.517008,matched
812,27.066667,1174,39.133333,0.500288,matched
813,27.1,1176,39.2,0.483567,matched
814,27.133333,1178,39.266667,0.466847,matched
815,27.166667,1180,39.333333,0.450126,matched
816,27.2,1182,39.4,0.433405,matched
817,27.233333,1184,39.466667,0.424948,matched
818,27.266667,1186,39.533333,0.416491,matched
819,27.3,1188,39.6,0.408035,matched
820,27.333333,1190,39.666667,0.399578,matched
821,27.366667,1192,39.733333,0.391121,matched
822,27.4,1194,39.8,0.382664,matched
823,27.433333,1196,39.866667,0.380442,matched
824,27.466667,1198,39.933333,0.378219,matched
825,27.5,1200,40.0,0.375997,matched
826,27.533333,1202,40.066667,0.373775,matched
827,27.566667,1204,40.133333,0.371552,matched
828,27.6,1206,40.2,0.36933,matched
829,27.633333,1208,40.266667,0.385145,matched
830,27.666667,1210,40.333333,0.40096,matched
831,27.7,1212,40.4,0.416775,matched
832,27.733333,1214,40.466667,0.43259,matched
833,27.766667,1216,40.533333,0.448405,matched
834,27.8,1218,40.6,0.46422,matched
835,27.833333,1220,40.666667,0.461877,matched
836,27.866667,1222,40.733333,0.459534,matched
837,27.9,1224,40.8,0.45719,matched
838,27.933333,1226,40.866667,0.454847,matched
839,27.966667,1228,40.933333,0.452504,matched
840,28.0,1230,41.0,0.450161,matched
841,28.033333,1232,41.066667,0.464267,matched
842,28.066667,1234,41.133333,0.478373,matched
843,28.1,1236,41.2,0.492479,matched
844,28.133333,1238,41.266667,0.506585,matched
845,28.166667,1240,41.333333,0.520691,matched
846,28.2,1242,41.4,0.534797,matched
847,28.233333,1243,41.433333,0.534761,matched
848,28.266667,1243,41.433333,0.534725,matched
849,28.3,1244,41.466667,0.53469,matched
850,28.333333,1244,41.466667,0.534654,matched
851,28.366667,1244,41.466667,0.534618,matched
852,28.4,1245,41.5,0.534582,matched
853,28.433333,1245,41.5,0.534546,matched
854,28.466667,1246,41.533333,0.53451,matched
855,28.5,1246,41.533333,0.534475,matched
856,28.533333,1247,41.566667,0.534439,matched
857,28.566667,1247,41.566667,0.534403,matched
858,28.6,1248,41.6,0.534367,matched
859,28.633333,1248,41.6,0.534235,matched
860,28.666667,1249,41.633333,0.534102,matched
861,28.7,1249,41.633333,0.53397,matched
862,28.733333,1250,41.666667,0.533837,matched
863,28.766667,1250,41.666667,0.533705,matched
864,28.8,1251,41.7,0.533573,matched
865,28.833333,1251,41.7,0.53344,matched
866,28.866667,1252,41.733333,0.533308,matched
867,28.9,1252,41.733333,0.533175,matched
868,28.933333,1253,41.766667,0.533043,matched
869,28.966667,1253,41.766667,0.53291,matched
870,29.0,1254,41.8,0.532778,matched
871,29.033333,1256,41.866667,0.505726,matched
872,29.066667,1258,41.933333,0.478674,matched
873,29.1,1260,42.0,0.451622,matched
874,29.133333,1262,42.066667,0.42457,matched
875,29.166667,1264,42.133333,0.397518,matched
876,29.2,1266,42.2,0.370466,matched
877,29.233333,1268,42.266667,0.371625,matched
878,29.266667,1270,42.333333,0.372786,matched
879,29.3,1272,42.4,0.373946,matched
880,29.333333,1274,42.466667,0.375107,matched
881,29.366667,1276,42.533333,0.376268,matched
882,29.4,1278,42.6,0.377428,matched
883,29.433333,1280,42.666667,0.346332,review
884,29.466667,1282,42.733333,0.315236,review
885,29.5,1284,42.8,0.284139,review
886,29.533333,1286,42.866667,0.253043,review
887,29.566667,1288,42.933333,0.221947,review
888,29.6,1290,43.0,0.190851,review
889,29.633333,1290,43.0,0.189936,review
890,29.666667,1291,43.033333,0.189021,review
891,29.7,1292,43.066667,0.188105,review
892,29.733333,1292,43.066667,0.18719,review
893,29.766667,1293,43.1,0.186275,review
894,29.8,1293,43.1,0.18536,review
895,29.833333,1294,43.133333,0.184444,review
896,29.866667,1294,43.133333,0.183529,review
897,29.9,1295,43.166667,0.182614,review
898,29.933333,1295,43.166667,0.181699,review
899,29.966667,1296,43.2,0.180783,review
900,30.0,1296,43.2,0.179868,review
901,30.033333,1297,43.233333,0.186017,review
902,30.066667,1297,43.233333,0.192165,review
903,30.1,1298,43.266667,0.198314,review
904,30.133333,1298,43.266667,0.204463,review
905,30.166667,1299,43.3,0.210611,review
906,30.2,1299,43.3,0.21676,review
907,30.233333,1300,43.333333,0.222909,review
908,30.266667,1300,43.333333,0.229057,review
909,30.3,1301,43.366667,0.235206,review
910,30.333333,1301,43.366667,0.241355,review
911,30.366667,1302,43.4,0.247503,review
912,30.4,1302,43.4,0.253652,review
913,30.433333,1304,43.466667,0.284956,review
914,30.466667,1306,43.533333,0.316259,review
915,30.5,1308,43.6,0.347562,review
916,30.533333,1310,43.666667,0.378865,matched
917,30.566667,1312,43.733333,0.410168,matched
918,30.6,1314,43.8,0.441472,matched
919,30.633333,1314,43.8,0.438443,matched
920,30.666667,1315,43.833333,0.435414,matched
921,30.7,1315,43.833333,0.432385,matched
922,30.733333,1316,43.866667,0.429356,matched
923,30.766667,1316,43.866667,0.426327,matched
924,30.8,1317,43.9,0.423298,matched
925,30.833333,1317,43.9,0.420268,matched
926,30.866667,1318,43.933333,0.417239,matched
927,30.9,1318,43.933333,0.41421,matched
928,30.933333,1319,43.966667,0.411181,matched
929,30.966667,1319,43.966667,0.408152,matched
930,31.0,1320,44.0,0.405123,matched
931,31.033333,1322,44.066667,0.430184,matched
932,31.066667,1324,44.133333,0.455245,matched
933,31.1,1326,44.2,0.480306,matched
934,31.133333,1328,44.266667,0.505367,matched
935,31.166667,1330,44.333333,0.530428,matched
936,31.2,1332,44.4,0.555489,matched
937,31.233333,1334,44.466667,0.564728,matched
938,31.266667,1336,44.533333,0.573966,matched
939,31.3,1338,44.6,0.583204,matched
940,31.333333,1340,44.666667,0.592442,matched
941,31.366667,1342,44.733333,0.60168,matched
942,31.4,1344,44.8,0.610918,matched
943,31.433333,1344,44.8,0.617453,matched
944,31.466667,1345,44.833333,0.623988,matched
945,31.5,1345,44.833333,0.630523,matched
946,31.533333,1346,44.866667,0.637058,matched
947,31.566667,1346,44.866667,0.643594,matched
948,31.6,1347,44.9,0.650129,matched
949,31.633333,1347,44.9,0.656664,matched
950,31.666667,1348,44.933333,0.663199,matched
951,31.7,1349,44.966667,0.669734,matched
952,31.733333,1349,44.966667,0.676269,matched
953,31.766667,1350,45.0,0.682804,matched
954,31.8,1350,45.0,0.689339,matched
955,31.833333,1352,45.066667,0.707804,matched
956,31.866667,1354,45.133333,0.726269,matched
957,31.9,1356,45.2,0.744733,matched
958,31.933333,1358,45.266667,0.763198,matched
959,31.966667,1360,45.333333,0.781662,matched
960,32.0,1362,45.4,0.800127,matched
961,32.033333,1364,45.466667,0.80384,matched
962,32.066667,1366,45.533333,0.807553,matched
963,32.1,1368,45.6,0.811265,matched
964,32.133333,1370,45.666667,0.814978,matched
965,32.166667,1372,45.733333,0.818691,matched
966,32.2,1374,45.8,0.822404,matched
967,32.233333,1374,45.8,0.811022,matched
968,32.266667,1375,45.833333,0.799639,matched
969,32.3,1375,45.833333,0.788257,matched
970,32.333333,1376,45.866667,0.776874,matched
971,32.366667,1376,45.866667,0.765491,matched
972,32.4,1377,45.9,0.754109,matched
973,32.433333,1377,45.9,0.742726,matched
974,32.466667,1378,45.933333,0.731344,matched
975,32.5,1379,45.966667,0.719961,matched
976,32.533333,1379,45.966667,0.708579,matched
977,32.566667,1380,46.0,0.697196,matched
978,32.6,1380,46.0,0.685814,matched
979,32.633333,1381,46.033333,0.69581,matched
980,32.666667,1381,46.033333,0.705806,matched
981,32.7,1382,46.066667,0.715801,matched
982,32.733333,1382,46.066667,0.725797,matched
983,32.766667,1383,46.1,0.735792,matched
984,32.8,1383,46.1,0.745788,matched
985,32.833333,1384,46.133333,0.755783,matched
986,32.866667,1384,46.133333,0.765779,matched
987,32.9,1385,46.166667,0.775774,matched
988,32.933333,1385,46.166667,0.78577,matched
989,32.966667,1386,46.2,0.795765,matched
990,33.0,1386,46.2,0.805761,matched
991,33.033333,1388,46.266667,0.827824,matched
992,33.066667,1390,46.333333,0.849886,matched
993,33.1,1392,46.4,0.871949,matched
994,33.133333,1394,46.466667,0.894012,matched
995,33.166667,1396,46.533333,0.916075,matched
996,33.2,1398,46.6,0.938138,matched
997,33.233333,1399,46.633333,0.940494,matched
998,33.266667,1400,46.666667,0.94285,matched
999,33.3,1401,46.7,0.945206,matched
1000,33.333333,1402,46.733333,0.947562,matched
1001,33.366667,1403,46.766667,0.949918,matched
1002,33.4,1404,46.8,0.952274,matched
1003,33.433333,1406,46.866667,0.908451,matched
1004,33.466667,1408,46.933333,0.864626,matched
1005,33.5,1410,47.0,0.820802,matched
1006,33.533333,1412,47.066667,0.776977,matched
1007,33.566667,1414,47.133333,0.733152,matched
1008,33.6,1416,47.2,0.689329,matched
1009,33.633333,1417,47.233333,0.686582,matched
1010,33.666667,1417,47.233333,0.683835,matched
1011,33.7,1418,47.266667,0.681087,matched
1012,33.733333,1418,47.266667,0.67834,matched
1013,33.766667,1419,47.3,0.675593,matched
1014,33.8,1419,47.3,0.672846,matched
1015,33.833333,1420,47.333333,0.670099,matched
1016,33.866667,1420,47.333333,0.667352,matched
1017,33.9,1421,47.366667,0.664604,matched
1018,33.933333,1421,47.366667,0.661857,matched
1019,33.966667,1422,47.4,0.65911,matched
1020,34.0,1422,47.4,0.656363,matched
1021,34.033333,1423,47.433333,0.664622,matched
1022,34.066667,1423,47.433333,0.672882,matched
1023,34.1,1424,47.466667,0.681141,matched
1024,34.133333,1424,47.466667,0.689401,matched
1025,34.166667,1424,47.466667,0.69766,matched
1026,34.2,1425,47.5,0.705919,matched
1027,34.233333,1425,47.5,0.714179,matched
1028,34.266667,1426,47.533333,0.722438,matched
1029,34.3,1426,47.533333,0.730697,matched
1030,34.333333,1427,47.566667,0.738957,matched
1031,34.366667,1427,47.566667,0.747216,matched
1032,34.4,1428,47.6,0.755476,matched
1033,34.433333,1430,47.666667,0.746215,matched
1034,34.466667,1432,47.733333,0.736954,matched
1035,34.5,1434,47.8,0.727693,matched
1036,34.533333,1436,47.866667,0.718432,matched
1037,34.566667,1438,47.933333,0.709171,matched
1038,34.6,1440,48.0,0.69991,matched
1039,34.633333,1442,48.066667,0.696169,matched
1040,34.666667,1444,48.133333,0.692428,matched
1041,34.7,1446,48.2,0.688687,matched
1042,34.733333,1448,48.266667,0.684947,matched
1043,34.766667,1450,48.333333,0.681206,matched
1044,34.8,1452,48.4,0.677465,matched
1045,34.833333,1453,48.433333,0.673833,matched
1046,34.866667,1453,48.433333,0.670202,matched
1047,34.9,1454,48.466667,0.66657,matched
1048,34.933333,1454,48.466667,0.662938,matched
1049,34.966667,1455,48.5,0.659307,matched
1050,35.0,1455,48.5,0.655675,matched
1051,35.033333,1455,48.5,0.652043,matched
1052,35.066667,1456,48.533333,0.648412,matched
1053,35.1,1456,48.533333,0.64478,matched
1054,35.133333,1457,48.566667,0.641148,matched
1055,35.166667,1457,48.566667,0.637517,matched
1056,35.2,1458,48.6,0.633885,matched
1057,35.233333,1460,48.666667,0.632679,matched
1058,35.266667,1462,48.733333,0.631473,matched
1059,35.3,1464,48.8,0.630267,matched
1060,35.333333,1466,48.866667,0.62906,matched
1061,35.366667,1468,48.933333,0.627854,matched
1062,35.4,1470,49.0,0.626648,matched
1063,35.433333,1472,49.066667,0.624076,matched
1064,35.466667,1474,49.133333,0.621504,matched
1065,35.5,1476,49.2,0.618932,matched
1066,35.533333,1478,49.266667,0.61636,matched
1067,35.566667,1480,49.333333,0.613788,matched
1068,35.6,1482,49.4,0.611216,matched
1069,35.633333,1483,49.433333,0.618615,matched
1070,35.666667,1483,49.433333,0.626014,matched
1071,35.7,1484,49.466667,0.633412,matched
1072,35.733333,1484,49.466667,0.640811,matched
1073,35.766667,1485,49.5,0.64821,matched
1074,35.8,1485,49.5,0.655608,matched
1075,35.833333,1486,49.533333,0.663007,matched
1076,35.866667,1486,49.533333,0.670405,matched
1077,35.9,1486,49.533333,0.677804,matched
1078,35.933333,1487,49.566667,0.685203,matched
1079,35.966667,1487,49.566667,0.692601,matched
1080,36.0,1488,49.6,0.7,matched
1081,36.033333,1488,49.6,0.698935,matched
1082,36.066667,1489,49.633333,0.697871,matched
1083,36.1,1489,49.633333,0.696806,matched
1084,36.133333,1490,49.666667,0.695741,matched
1085,36.166667,1490,49.666667,0.694676,matched
1086,36.2,1491,49.7,0.693612,matched
1087,36.233333,1491,49.7,0.692547,matched
1088,36.266667,1492,49.733333,0.691482,matched
1089,36.3,1492,49.733333,0.690417,matched
1090,36.333333,1493,49.766667,0.689353,matched
1091,36.366667,1493,49.766667,0.688288,matched
1092,36.4,1494,49.8,0.687223,matched
1093,36.433333,1496,49.866667,0.689001,matched
1094,36.466667,1498,49.933333,0.690778,matched
1095,36.5,1500,50.0,0.692556,matched
1096,36.533333,1502,50.066667,0.694334,matched
1097,36.566667,1504,50.133333,0.696111,matched
1098,36.6,1506,50.2,0.697889,matched
1099,36.633333,1507,50.233333,0.696656,matched
1100,36.666667,1507,50.233333,0.695422,matched
1101,36.7,1508,50.266667,0.694189,matched
1102,36.733333,1508,50.266667,0.692955,matched
1103,36.766667,1509,50.3,0.691722,matched
1104,36.8,1509,50.3,0.690488,matched
1105,36.833333,1510,50.333333,0.689255,matched
1106,36.866667,1510,50.333333,0.688022,matched
1107,36.9,1511,50.366667,0.686788,matched
1108,36.933333,1511,50.366667,0.685555,matched
1109,36.966667,1512,50.4,0.684321,matched
1110,37.0,1512,50.4,0.683088,matched
1111,37.033333,1513,50.433333,0.680527,matched
1112,37.066667,1513,50.433333,0.677967,matched
1113,37.1,1514,50.466667,0.675406,matched
1114,37.133333,1514,50.466667,0.672845,matched
1115,37.166667,1514,50.466667,0.670285,matched
1116,37.2,1515,50.5,0.667724,matched
1117,37.233333,1515,50.5,0.665163,matched
1118,37.266667,1516,50.533333,0.662603,matched
1119,37.3,1516,50.533333,0.660042,matched
1120,37.333333,1517,50.566667,0.657481,matched
1121,37.366667,1517,50.566667,0.654921,matched
1122,37.4,1518,50.6,0.65236,matched
1123,37.433333,1518,50.6,0.654341,matched
1124,37.466667,1519,50.633333,0.656323,matched
1125,37.5,1519,50.633333,0.658304,matched
1126,37.533333,1520,50.666667,0.660285,matched
1127,37.566667,1520,50.666667,0.662267,matched
1128,37.6,1521,50.7,0.664248,matched
1129,37.633333,1521,50.7,0.666229,matched
1130,37.666667,1522,50.733333,0.668211,matched
1131,37.7,1522,50.733333,0.670192,matched
1132,37.733333,1523,50.766667,0.672173,matched
1133,37.766667,1523,50.766667,0.674155,matched
1134,37.8,1524,50.8,0.676136,matched
1135,37.833333,1526,50.866667,0.666735,matched
1136,37.866667,1528,50.933333,0.657334,matched
1137,37.9,1530,51.0,0.647933,matched
1138,37.933333,1532,51.066667,0.638532,matched
1139,37.966667,1534,51.133333,0.629131,matched
1140,38.0,1536,51.2,0.61973,matched
1141,38.033333,1537,51.233333,0.617651,matched
1142,38.066667,1537,51.233333,0.615572,matched
1143,38.1,1538,51.266667,0.613492,matched
1144,38.133333,1538,51.266667,0.611413,matched
1145,38.166667,1539,51.3,0.609334,matched
1146,38.2,1539,51.3,0.607255,matched
1147,38.233333,1540,51.333333,0.605175,matched
1148,38.266667,1540,51.333333,0.603096,matched
1149,38.3,1541,51.366667,0.601017,matched
1150,38.333333,1541,51.366667,0.598938,matched
1151,38.366667,1542,51.4,0.596858,matched
1152,38.4,1542,51.4,0.594779,matched
1153,38.433333,1543,51.433333,0.588579,matched
1154,38.466667,1543,51.433333,0.582379,matched
1155,38.5,1544,51.466667,0.576178,matched
1156,38.533333,1544,51.466667,0.569978,matched
1157,38.566667,1544,51.466667,0.563778,matched
1158,38.6,1545,51.5,0.557578,matched
1159,38.633333,1545,51.5,0.551377,matched
1160,38.666667,1546,51.533333,0.545177,matched
1161,38.7,1546,51.533333,0.538977,matched
1162,38.733333,1547,51.566667,0.532776,matched
1163,38.766667,1547,51.566667,0.526576,matched
1164,38.8,1548,51.6,0.520377,matched
1165,38.833333,1548,51.6,0.541226,matched
1166,38.866667,1549,51.633333,0.562076,matched
1167,38.9,1549,51.633333,0.582926,matched
1168,38.933333,1550,51.666667,0.603776,matched
1169,38.966667,1550,51.666667,0.624625,matched
1170,39.0,1551,51.7,0.645475,matched
1171,39.033333,1551,51.7,0.666325,matched
1172,39.066667,1552,51.733333,0.687174,matched
1173,39.1,1552,51.733333,0.708024,matched
1174,39.133333,1553,51.766667,0.728874,matched
1175,39.166667,1553,51.766667,0.749724,matched
1176,39.2,1554,51.8,0.770573,matched
1177,39.233333,1554,51.8,0.752359,matched
1178,39.266667,1555,51.833333,0.734144,matched
1179,39.3,1555,51.833333,0.715929,matched
1180,39.333333,1556,51.866667,0.697713,matched
1181,39.366667,1556,51.866667,0.679498,matched
1182,39.4,1557,51.9,0.661283,matched
1183,39.433333,1557,51.9,0.643068,matched
1184,39.466667,1558,51.933333,0.624852,matched
1185,39.5,1559,51.966667,0.606637,matched
1186,39.533333,1559,51.966667,0.588422,matched
1187,39.566667,1560,52.0,0.570206,matched
1188,39.6,1560,52.0,0.551991,matched
1189,39.633333,1561,52.033333,0.540303,matched
1190,39.666667,1561,52.033333,0.528614,matched
1191,39.7,1562,52.066667,0.516926,matched
1192,39.733333,1562,52.066667,0.505237,matched
1193,39.766667,1563,52.1,0.493548,matched
1194,39.8,1563,52.1,0.48186,matched
1195,39.833333,1564,52.133333,0.470171,matched
1196,39.866667,1564,52.133333,0.458482,matched
1197,39.9,1565,52.166667,0.446794,matched
1198,39.933333,1565,52.166667,0.435105,matched
1199,39.966667,1566,52.2,0.423417,matched
1200,40.0,1566,52.2,0.411728,matched
1201,40.033333,1568,52.266667,0.445622,matched
1202,40.066667,1570,52.333333,0.479517,matched
1203,40.1,1572,52.4,0.513411,matched
1204,40.133333,1574,52.466667,0.547305,matched
1205,40.166667,1576,52.533333,0.5812,matched
1206,40.2,1578,52.6,0.615094,matched
1207,40.233333,1578,52.6,0.596532,matched
1208,40.266667,1579,52.633333,0.577969,matched
1209,40.3,1579,52.633333,0.559405,matched
1210,40.333333,1580,52.666667,0.540842,matched
1211,40.366667,1580,52.666667,0.522278,matched
1212,40.4,1581,52.7,0.503715,matched
1213,40.433333,1581,52.7,0.485151,matched
1214,40.466667,1582,52.733333,0.466588,matched
1215,40.5,1582,52.733333,0.448024,matched
1216,40.533333,1583,52.766667,0.429461,matched
1217,40.566667,1583,52.766667,0.410898,matched
1218,40.6,1584,52.8,0.392335,matched
1219,40.633333,1584,52.8,0.402652,matched
1220,40.666667,1585,52.833333,0.412968,matched
1221,40.7,1586,52.866667,0.423284,matched
1222,40.733333,1586,52.866667,0.4336,matched
1223,40.766667,1586,52.866667,0.443916,matched
1224,40.8,1587,52.9,0.454232,matched
1225,40.833333,1588,52.933333,0.464548,matched
1226,40.866667,1588,52.933333,0.474865,matched
1227,40.9,1588,52.933333,0.485181,matched
1228,40.933333,1589,52.966667,0.495497,matched
1229,40.966667,1590,53.0,0.505813,matched
1230,41.0,1590,53.0,0.516129,matched
1231,41.033333,1592,53.066667,0.50819,matched
1232,41.066667,1594,53.133333,0.500251,matched
1233,41.1,1596,53.2,0.492312,matched
1234,41.133333,1598,53.266667,0.484373,matched
1235,41.166667,1600,53.333333,0.476434,matched
1236,41.2,1602,53.4,0.468495,matched
1237,41.233333,1603,53.433333,0.467921,matched
1238,41.266667,1603,53.433333,0.467348,matched
1239,41.3,1604,53.466667,0.466774,matched
1240,41.333333,1604,53.466667,0.4662,matched
1241,41.366667,1605,53.5,0.465626,matched
1242,41.4,1605,53.5,0.465052,matched
1243,41.433333,1606,53.533333,0.464479,matched
1244,41.466667,1606,53.533333,0.463905,matched
1245,41.5,1606,53.533333,0.463331,matched
1246,41.533333,1607,53.566667,0.462757,matched
1247,41.566667,1607,53.566667,0.462184,matched
1248,41.6,1608,53.6,0.46161,matched
1249,41.633333,1608,53.6,0.467394,matched
1250,41.666667,1609,53.633333,0.473177,matched
1251,41.7,1609,53.633333,0.47896,matched
1252,41.733333,1610,53.666667,0.484744,matched
1253,41.766667,1610,53.666667,0.490527,matched
1254,41.8,1611,53.7,0.496311,matched
1255,41.833333,1611,53.7,0.502094,matched
1256,41.866667,1612,53.733333,0.507877,matched
1257,41.9,1612,53.733333,0.513661,matched
1258,41.933333,1613,53.766667,0.519444,matched
1259,41.966667,1613,53.766667,0.525228,matched
1260,42.0,1614,53.8,0.531011,matched
1261,42.033333,1614,53.8,0.524304,matched
1262,42.066667,1615,53.833333,0.517596,matched
1263,42.1,1615,53.833333,0.510889,matched
1264,42.133333,1616,53.866667,0.504181,matched
1265,42.166667,1616,53.866667,0.497474,matched
1266,42.2,1617,53.9,0.490767,matched
1267,42.233333,1617,53.9,0.484059,matched
1268,42.266667,1618,53.933333,0.477352,matched
1269,42.3,1618,53.933333,0.470644,matched
1270,42.333333,1619,53.966667,0.463937,matched
1271,42.366667,1619,53.966667,0.45723,matched
1272,42.4,1620,54.0,0.450522,matched
1273,42.433333,1620,54.0,0.458407,matched
1274,42.466667,1621,54.033333,0.466293,matched
1275,42.5,1621,54.033333,0.474179,matched
1276,42.533333,1622,54.066667,0.482064,matched
1277,42.566667,1623,54.1,0.48995,matched
1278,42.6,1623,54.1,0.497835,matched
1279,42.633333,1624,54.133333,0.505721,matched
1280,42.666667,1624,54.133333,0.513607,matched
1281,42.7,1625,54.166667,0.521492,matched
1282,42.733333,1625,54.166667,0.529378,matched
1283,42.766667,1626,54.2,0.537264,matched
1284,42.8,1626,54.2,0.545149,matched
1285,42.833333,1627,54.233333,0.528428,matched
1286,42.866667,1627,54.233333,0.511707,matched
1287,42.9,1628,54.266667,0.494986,matched
1288,42.933333,1628,54.266667,0.478265,matched
1289,42.966667,1629,54.3,0.461544,matched
1290,43.0,1629,54.3,0.444823,matched
1291,43.033333,1630,54.333333,0.428102,matched
1292,43.066667,1630,54.333333,0.411381,matched
1293,43.1,1631,54.366667,0.39466,matched
1294,43.133333,1631,54.366667,0.377939,matched
1295,43.166667,1632,54.4,0.361218,matched
1296,43.2,1632,54.4,0.344497,review
1297,43.233333,1633,54.433333,0.351755,matched
1298,43.266667,1633,54.433333,0.359014,matched
1299,43.3,1634,54.466667,0.366273,matched
1300,43.333333,1634,54.466667,0.373531,matched
1301,43.366667,1635,54.5,0.38079,matched
1302,43.4,1635,54.5,0.388049,matched
1303,43.433333,1636,54.533333,0.395307,matched
1304,43.466667,1636,54.533333,0.402566,matched
1305,43.5,1636,54.533333,0.409824,matched
1306,43.533333,1637,54.566667,0.417083,matched
1307,43.566667,1637,54.566667,0.424342,matched
1308,43.6,1638,54.6,0.4316,matched
1309,43.633333,1638,54.6,0.427842,matched
1310,43.666667,1639,54.633333,0.424084,matched
1311,43.7,1639,54.633333,0.420326,matched
1312,43.733333,1640,54.666667,0.416568,matched
1313,43.766667,1640,54.666667,0.41281,matched
1314,43.8,1641,54.7,0.409052,matched
1315,43.833333,1641,54.7,0.405295,matched
1316,43.866667,1642,54.733333,0.401537,matched
1317,43.9,1642,54.733333,0.397779,matched
1318,43.933333,1643,54.766667,0.394021,matched
1319,43.966667,1643,54.766667,0.390263,matched
1320,44.0,1644,54.8,0.386505,matched
1321,44.033333,1644,54.8,0.383424,matched
1322,44.066667,1645,54.833333,0.380343,matched
1323,44.1,1645,54.833333,0.377262,matched
1324,44.133333,1646,54.866667,0.374181,matched
1325,44.166667,1646,54.866667,0.3711,matched
1326,44.2,1647,54.9,0.36802,matched
1327,44.233333,1647,54.9,0.364939,matched
1328,44.266667,1648,54.933333,0.361858,matched
1329,44.3,1648,54.933333,0.358777,matched
1330,44.333333,1649,54.966667,0.355696,matched
1331,44.366667,1649,54.966667,0.352615,matched
1332,44.4,1650,55.0,0.349534,review
1333,44.433333,1650,55.0,0.35669,matched
1334,44.466667,1651,55.033333,0.363846,matched
1335,44.5,1651,55.033333,0.371002,matched
1336,44.533333,1652,55.066667,0.378159,matched
1337,44.566667,1653,55.1,0.385315,matched
1338,44.6,1653,55.1,0.392471,matched
1339,44.633333,1654,55.133333,0.399627,matched
1340,44.666667,1654,55.133333,0.406783,matched
1341,44.7,1655,55.166667,0.41394,matched
1342,44.733333,1655,55.166667,0.421096,matched
1343,44.766667,1656,55.2,0.428252,matched
1344,44.8,1656,55.2,0.435408,matched
1345,44.833333,1657,55.233333,0.431622,matched
1346,44.866667,1657,55.233333,0.427837,matched
1347,44.9,1658,55.266667,0.424051,matched
1348,44.933333,1658,55.266667,0.420266,matched
1349,44.966667,1659,55.3,0.41648,matched
1350,45.0,1659,55.3,0.412695,matched
1351,45.033333,1660,55.333333,0.40891,matched
1352,45.066667,1660,55.333333,0.405124,matched
1353,45.1,1661,55.366667,0.401339,matched
1354,45.133333,1661,55.366667,0.397553,matched
1355,45.166667,1662,55.4,0.393768,matched
1356,45.2,1662,55.4,0.389982,matched
1357,45.233333,1663,55.433333,0.391613,matched
1358,45.266667,1663,55.433333,0.393244,matched
1359,45.3,1664,55.466667,0.394875,matched
1360,45.333333,1664,55.466667,0.396506,matched
1361,45.366667,1665,55.5,0.398137,matched
1362,45.4,1665,55.5,0.399768,matched
1363,45.433333,1666,55.533333,0.401398,matched
1364,45.466667,1666,55.533333,0.403029,matched
1365,45.5,1666,55.533333,0.40466,matched
1366,45.533333,1667,55.566667,0.406291,matched
1367,45.566667,1667,55.566667,0.407922,matched
1368,45.6,1668,55.6,0.409553,matched
1369,45.633333,1668,55.6,0.413639,matched
1370,45.666667,1669,55.633333,0.417725,matched
1371,45.7,1669,55.633333,0.421811,matched
1372,45.733333,1670,55.666667,0.425897,matched
1373,45.766667,1670,55.666667,0.429983,matched
1374,45.8,1671,55.7,0.434069,matched
1375,45.833333,1671,55.7,0.438155,matched
1376,45.866667,1672,55.733333,0.442241,matched
1377,45.9,1672,55.733333,0.446327,matched
1378,45.933333,1673,55.766667,0.450413,matched
1379,45.966667,1673,55.766667,0.454499,matched
1380,46.0,1674,55.8,0.458585,matched
1381,46.033333,1674,55.8,0.464917,matched
1382,46.066667,1675,55.833333,0.47125,matched
1383,46.1,1675,55.833333,0.477582,matched
1384,46.133333,1676,55.866667,0.483914,matched
1385,46.166667,1676,55.866667,0.490247,matched
1386,46.2,1677,55.9,0.496579,matched
1387,46.233333,1677,55.9,0.502911,matched
1388,46.266667,1678,55.933333,0.509243,matched
1389,46.3,1678,55.933333,0.515576,matched
1390,46.333333,1679,55.966667,0.521908,matched
1391,46.366667,1679,55.966667,0.52824,matched
1392,46.4,1680,56.0,0.534573,matched
1393,46.433333,1680,56.0,0.546007,matched
1394,46.466667,1681,56.033333,0.557442,matched
1395,46.5,1681,56.033333,0.568877,matched
1396,46.533333,1682,56.066667,0.580312,matched
1397,46.566667,1683,56.1,0.591747,matched
1398,46.6,1683,56.1,0.603182,matched
1399,46.633333,1684,56.133333,0.614617,matched
1400,46.666667,1684,56.133333,0.626052,matched
1401,46.7,1685,56.166667,0.637487,matched
1402,46.733333,1685,56.166667,0.648922,matched
1403,46.766667,1686,56.2,0.660357,matched
1404,46.8,1686,56.2,0.671792,matched
1405,46.833333,1688,56.266667,0.68801,matched
1406,46.866667,1690,56.333333,0.704227,matched
1407,46.9,1692,56.4,0.720444,matched
1408,46.933333,1694,56.466667,0.736661,matched
1409,46.966667,1696,56.533333,0.752879,matched
1410,47.0,1698,56.6,0.769096,matched
1411,47.033333,1700,56.666667,0.75758,matched
1412,47.066667,1702,56.733333,0.746064,matched
1413,47.1,1704,56.8,0.734548,matched
1414,47.133333,1706,56.866667,0.723032,matched
1415,47.166667,1708,56.933333,0.711516,matched
1416,47.2,1710,57.0,0.7,matched
1417,47.233333,1710,57.0,0.695068,matched
1418,47.266667,1711,57.033333,0.690136,matched
1419,47.3,1712,57.066667,0.685205,matched
1420,47.333333,1712,57.066667,0.680273,matched
1421,47.366667,1713,57.1,0.675341,matched
1422,47.4,1713,57.1,0.670409,matched
1423,47.433333,1714,57.133333,0.665477,matched
1424,47.466667,1714,57.133333,0.660545,matched
1425,47.5,1715,57.166667,0.655613,matched
1426,47.533333,1715,57.166667,0.650681,matched
1427,47.566667,1716,57.2,0.64575,matched
1428,47.6,1716,57.2,0.640818,matched
1429,47.633333,1717,57.233333,0.634745,matched
1430,47.666667,1717,57.233333,0.628671,matched
1431,47.7,1718,57.266667,0.622598,matched
1432,47.733333,1718,57.266667,0.616525,matched
1433,47.766667,1719,57.3,0.610452,matched
1434,47.8,1719,57.3,0.604379,matched
1435,47.833333,1720,57.333333,0.598306,matched
1436,47.866667,1720,57.333333,0.592233,matched
1437,47.9,1721,57.366667,0.586159,matched
1438,47.933333,1721,57.366667,0.580086,matched
1439,47.966667,1722,57.4,0.574013,matched
1440,48.0,1722,57.4,0.56794,matched
1441,48.033333,1724,57.466667,0.586986,matched
1442,48.066667,1726,57.533333,0.606033,matched
1443,48.1,1728,57.6,0.625079,matched
1444,48.133333,1730,57.666667,0.644126,matched
1445,48.166667,1732,57.733333,0.663172,matched
1446,48.2,1734,57.8,0.682219,matched
1447,48.233333,1736,57.866667,0.67789,matched
1448,48.266667,1738,57.933333,0.673561,matched
1449,48.3,1740,58.0,0.669233,matched
1450,48.333333,1742,58.066667,0.664904,matched
1451,48.366667,1744,58.133333,0.660575,matched
1452,48.4,1746,58.2,0.656246,matched
1453,48.433333,1748,58.266667,0.663664,matched
1454,48.466667,1750,58.333333,0.671082,matched
1455,48.5,1752,58.4,0.6785,matched
1456,48.533333,1754,58.466667,0.685918,matched
1457,48.566667,1756,58.533333,0.693336,matched
1458,48.6,1758,58.6,0.700754,matched
1459,48.633333,1760,58.666667,0.693134,matched
1460,48.666667,1762,58.733333,0.685514,matched
1461,48.7,1764,58.8,0.677895,matched
1462,48.733333,1766,58.866667,0.670275,matched
1463,48.766667,1768,58.933333,0.662655,matched
1464,48.8,1770,59.0,0.655036,matched
1465,48.833333,1772,59.066667,0.66253,matched
1466,48.866667,1774,59.133333,0.670024,matched
1467,48.9,1776,59.2,0.677518,matched
1468,48.933333,1778,59.266667,0.685012,matched
1469,48.966667,1780,59.333333,0.692506,matched
1470,49.0,1782,59.4,0.7,matched
1471,49.033333,1783,59.433333,0.70387,matched
1472,49.066667,1783,59.433333,0.70774,matched
1473,49.1,1784,59.466667,0.71161,matched
1474,49.133333,1784,59.466667,0.715481,matched
1475,49.166667,1784,59.466667,0.719351,matched
1476,49.2,1785,59.5,0.723221,matched
1477,49.233333,1785,59.5,0.727091,matched
1478,49.266667,1786,59.533333,0.730961,matched
1479,49.3,1786,59.533333,0.734831,matched
1480,49.333333,1787,59.566667,0.738702,matched
1481,49.366667,1787,59.566667,0.742572,matched
1482,49.4,1788,59.6,0.746442,matched
1483,49.433333,1790,59.666667,0.728592,matched
1484,49.466667,1792,59.733333,0.710741,matched
1485,49.5,1794,59.8,0.692891,matched
1486,49.533333,1796,59.866667,0.67504,matched
1487,49.566667,1798,59.933333,0.657189,matched
1488,49.6,1800,60.0,0.639339,matched
1489,49.633333,1801,60.033333,0.642424,matched
1490,49.666667,1801,60.033333,0.64551,matched
1491,49.7,1802,60.066667,0.648595,matched
1492,49.733333,1802,60.066667,0.65168,matched
1493,49.766667,1803,60.1,0.654765,matched
1494,49.8,1803,60.1,0.657851,matched
1495,49.833333,1804,60.133333,0.660936,matched
1496,49.866667,1804,60.133333,0.664021,matched
1497,49.9,1805,60.166667,0.667106,matched
1498,49.933333,1805,60.166667,0.670192,matched
1499,49.966667,1806,60.2,0.673277,matched
1500,50.0,1806,60.2,0.676362,matched
1501,50.033333,1808,60.266667,0.67924,matched
1502,50.066667,1810,60.333333,0.682118,matched
1503,50.1,1812,60.4,0.684996,matched
1504,50.133333,1814,60.466667,0.687874,matched
1505,50.166667,1816,60.533333,0.690752,matched
1506,50.2,1818,60.6,0.69363,matched
1507,50.233333,1820,60.666667,0.684646,matched
1508,50.266667,1822,60.733333,0.675662,matched
1509,50.3,1824,60.8,0.666677,matched
1510,50.333333,1826,60.866667,0.657693,matched
1511,50.366667,1828,60.933333,0.648709,matched
1512,50.4,1830,61.0,0.639724,matched
1513,50.433333,1832,61.066667,0.644996,matched
1514,50.466667,1834,61.133333,0.650268,matched
1515,50.5,1836,61.2,0.65554,matched
1516,50.533333,1838,61.266667,0.660812,matched
1517,50.566667,1840,61.333333,0.666084,matched
1518,50.6,1842,61.4,0.671356,matched
1519,50.633333,1843,61.433333,0.668419,matched
1520,50.666667,1843,61.433333,0.665483,matched
1521,50.7,1844,61.466667,0.662546,matched
1522,50.733333,1844,61.466667,0.65961,matched
1523,50.766667,1845,61.5,0.656673,matched
1524,50.8,1845,61.5,0.653737,matched
1525,50.833333,1846,61.533333,0.6508,matched
1526,50.866667,1846,61.533333,0.647864,matched
1527,50.9,1846,61.533333,0.644927,matched
1528,50.933333,1847,61.566667,0.641991,matched
1529,50.966667,1847,61.566667,0.639054,matched
1530,51.0,1848,61.6,0.636118,matched
1531,51.033333,1848,61.6,0.639663,matched
1532,51.066667,1849,61.633333,0.643209,matched
1533,51.1,1849,61.633333,0.646754,matched
1534,51.133333,1850,61.666667,0.6503,matched
1535,51.166667,1850,61.666667,0.653845,matched
1536,51.2,1851,61.7,0.657391,matched
1537,51.233333,1851,61.7,0.660936,matched
1538,51.266667,1852,61.733333,0.664482,matched
1539,51.3,1852,61.733333,0.668027,matched
1540,51.333333,1853,61.766667,0.671573,matched
1541,51.366667,1853,61.766667,0.675118,matched
1542,51.4,1854,61.8,0.678664,matched
1543,51.433333,1854,61.8,0.677352,matched
1544,51.466667,1855,61.833333,0.676041,matched
1545,51.5,1855,61.833333,0.674729,matched
1546,51.533333,1856,61.866667,0.673417,matched
1547,51.566667,1856,61.866667,0.672105,matched
1548,51.6,1857,61.9,0.670794,matched
1549,51.633333,1857,61.9,0.669482,matched
1550,51.666667,1858,61.933333,0.66817,matched
1551,51.7,1858,61.933333,0.666858,matched
1552,51.733333,1859,61.966667,0.665546,matched
1553,51.766667,1860,62.0,0.664235,matched
1554,51.8,1860,62.0,0.662923,matched
1555,51.833333,1861,62.033333,0.66264,matched
1556,51.866667,1861,62.033333,0.662356,matched
1557,51.9,1862,62.066667,0.662073,matched
1558,51.933333,1862,62.066667,0.66179,matched
1559,51.966667,1863,62.1,0.661507,matched
1560,52.0,1863,62.1,0.661224,matched
1561,52.033333,1864,62.133333,0.66094,matched
1562,52.066667,1864,62.133333,0.660657,matched
1563,52.1,1865,62.166667,0.660374,matched
1564,52.133333,1865,62.166667,0.660091,matched
1565,52.166667,1866,62.2,0.659807,matched
1566,52.2,1866,62.2,0.659524,matched
1567,52.233333,1867,62.233333,0.657813,matched
1568,52.266667,1867,62.233333,0.656103,matched
1569,52.3,1868,62.266667,0.654392,matched
1570,52.333333,1868,62.266667,0.652681,matched
1571,52.366667,1869,62.3,0.650971,matched
1572,52.4,1869,62.3,0.64926,matched
1573,52.433333,1870,62.333333,0.647549,matched
1574,52.466667,1870,62.333333,0.645839,matched
1575,52.5,1871,62.366667,0.644128,matched
1576,52.533333,1871,62.366667,0.642417,matched
1577,52.566667,1872,62.4,0.640707,matched
1578,52.6,1872,62.4,0.638996,matched
1579,52.633333,1873,62.433333,0.649164,matched
1580,52.666667,1874,62.466667,0.659331,matched
1581,52.7,1875,62.5,0.669498,matched
1582,52.733333,1876,62.533333,0.679666,matched
1583,52.766667,1877,62.566667,0.689833,matched
1584,52.8,1878,62.6,0.7,matched
1585,52.833333,1880,62.666667,0.688676,matched
1586,52.866667,1882,62.733333,0.677351,matched
1587,52.9,1884,62.8,0.666027,matched
1588,52.933333,1886,62.866667,0.654703,matched
1589,52.966667,1888,62.933333,0.643379,matched
1590,53.0,1890,63.0,0.632055,matched
1591,53.033333,1890,63.0,0.631028,matched
1592,53.066667,1891,63.033333,0.630001,matched
1593,53.1,1892,63.066667,0.628974,matched
1594,53.133333,1892,63.066667,0.627947,matched
1595,53.166667,1892,63.066667,0.62692,matched
1596,53.2,1893,63.1,0.625894,matched
1597,53.233333,1894,63.133333,0.624867,matched
1598,53.266667,1894,63.133333,0.62384,matched
1599,53.3,1894,63.133333,0.622813,matched
1600,53.333333,1895,63.166667,0.621786,matched
1601,53.366667,1896,63.2,0.620759,matched
1602,53.4,1896,63.2,0.619732,matched
1603,53.433333,1898,63.266667,0.619989,matched
1604,53.466667,1900,63.333333,0.620246,matched
1605,53.5,1902,63.4,0.620503,matched
1606,53.533333,1904,63.466667,0.620759,matched
1607,53.566667,1906,63.533333,0.621016,matched
1608,53.6,1908,63.6,0.621273,matched
1609,53.633333,1908,63.6,0.622396,matched
1610,53.666667,1909,63.633333,0.623518,matched
1611,53.7,1909,63.633333,0.624641,matched
1612,53.733333,1910,63.666667,0.625764,matched
1613,53.766667,1910,63.666667,0.626886,matched
1614,53.8,1911,63.7,0.628009,matched
1615,53.833333,1911,63.7,0.629132,matched
1616,53.866667,1912,63.733333,0.630254,matched
1617,53.9,1912,63.733333,0.631377,matched
1618,53.933333,1913,63.766667,0.6325,matched
1619,53.966667,1913,63.766667,0.633622,matched
1620,54.0,1914,63.8,0.634745,matched
1621,54.033333,1916,63.866667,0.6302,matched
1622,54.066667,1918,63.933333,0.625656,matched
1623,54.1,1920,64.0,0.621111,matched
1624,54.133333,1922,64.066667,0.616566,matched
1625,54.166667,1924,64.133333,0.612022,matched
1626,54.2,1926,64.2,0.607477,matched
1627,54.233333,1926,64.2,0.6085,matched
1628,54.266667,1927,64.233333,0.609522,matched
1629,54.3,1927,64.233333,0.610545,matched
1630,54.333333,1928,64.266667,0.611567,matched
1631,54.366667,1928,64.266667,0.61259,matched
1632,54.4,1929,64.3,0.613613,matched
1633,54.433333,1929,64.3,0.614635,matched
1634,54.466667,1930,64.333333,0.615658,matched
1635,54.5,1931,64.366667,0.61668,matched
1636,54.533333,1931,64.366667,0.617703,matched
1637,54.566667,1932,64.4,0.618725,matched
1638,54.6,1932,64.4,0.619748,matched
1639,54.633333,1933,64.433333,0.617771,matched
1640,54.666667,1933,64.433333,0.615795,matched
1641,54.7,1934,64.466667,0.613819,matched
1642,54.733333,1934,64.466667,0.611842,matched
1643,54.766667,1935,64.5,0.609866,matched
1644,54.8,1935,64.5,0.607889,matched
1645,54.833333,1936,64.533333,0.605913,matched
1646,54.866667,1936,64.533333,0.603937,matched
1647,54.9,1936,64.533333,0.60196,matched
1648,54.933333,1937,64.566667,0.599984,matched
1649,54.966667,1937,64.566667,0.598007,matched
1650,55.0,1938,64.6,0.596031,matched
1651,55.033333,1938,64.6,0.600037,matched
1652,55.066667,1939,64.633333,0.604043,matched
1653,55.1,1939,64.633333,0.60805,matched
1654,55.133333,1940,64.666667,0.612056,matched
1655,55.166667,1941,64.7,0.616062,matched
1656,55.2,1941,64.7,0.620068,matched
1657,55.233333,1942,64.733333,0.624075,matched
1658,55.266667,1942,64.733333,0.628081,matched
1659,55.3,1943,64.766667,0.632087,matched
1660,55.333333,1943,64.766667,0.636093,matched
1661,55.366667,1944,64.8,0.6401,matched
1662,55.4,1944,64.8,0.644106,matched
1663,55.433333,1946,64.866667,0.643884,matched
1664,55.466667,1948,64.933333,0.643663,matched
1665,55.5,1950,65.0,0.643441,matched
1666,55.533333,1952,65.066667,0.643219,matched
1667,55.566667,1954,65.133333,0.642998,matched
1668,55.6,1956,65.2,0.642776,matched
1669,55.633333,1958,65.266667,0.641659,matched
1670,55.666667,1960,65.333333,0.640543,matched
1671,55.7,1962,65.4,0.639426,matched
1672,55.733333,1964,65.466667,0.638309,matched
1673,55.766667,1966,65.533333,0.637193,matched
1674,55.8,1968,65.6,0.636076,matched
1675,55.833333,1968,65.6,0.640457,matched
1676,55.866667,1969,65.633333,0.644838,matched
1677,55.9,1969,65.633333,0.649219,matched
1678,55.933333,1970,65.666667,0.6536,matched
1679,55.966667,1971,65.7,0.657981,matched
1680,56.0,1971,65.7,0.662362,matched
1681,56.033333,1972,65.733333,0.666744,matched
1682,56.066667,1972,65.733333,0.671125,matched
1683,56.1,1973,65.766667,0.675506,matched
1684,56.133333,1973,65.766667,0.679887,matched
1685,56.166667,1974,65.8,0.684268,matched
1686,56.2,1974,65.8,0.688649,matched
1687,56.233333,1975,65.833333,0.679959,matched
1688,56.266667,1975,65.833333,0.671268,matched
1689,56.3,1976,65.866667,0.662577,matched
1690,56.333333,1976,65.866667,0.653887,matched
1691,56.366667,1977,65.9,0.645196,matched
1692,56.4,1977,65.9,0.636505,matched
1693,56.433333,1978,65.933333,0.627815,matched
1694,56.466667,1978,65.933333,0.619124,matched
1695,56.5,1979,65.966667,0.610433,matched
1696,56.533333,1979,65.966667,0.601743,matched
1697,56.566667,1980,66.0,0.593052,matched
1698,56.6,1980,66.0,0.584362,matched
1699,56.633333,1982,66.066667,0.593245,matched
1700,56.666667,1984,66.133333,0.602128,matched
1701,56.7,1986,66.2,0.61101,matched
1702,56.733333,1988,66.266667,0.619893,matched
1703,56.766667,1990,66.333333,0.628776,matched
1704,56.8,1992,66.4,0.637658,matched
1705,56.833333,1993,66.433333,0.638864,matched
1706,56.866667,1993,66.433333,0.64007,matched
1707,56.9,1994,66.466667,0.641276,matched
1708,56.933333,1994,66.466667,0.642482,matched
1709,56.966667,1995,66.5,0.643688,matched
1710,57.0,1995,66.5,0.644895,matched
1711,57.033333,1995,66.5,0.646101,matched
1712,57.066667,1996,66.533333,0.647307,matched
1713,57.1,1996,66.533333,0.648513,matched
1714,57.133333,1997,66.566667,0.649719,matched
1715,57.166667,1997,66.566667,0.650925,matched
1716,57.2,1998,66.6,0.652131,matched
1717,57.233333,1998,66.6,0.653085,matched
1718,57.266667,1999,66.633333,0.654039,matched
1719,57.3,1999,66.633333,0.654993,matched
1720,57.333333,2000,66.666667,0.655947,matched
1721,57.366667,2001,66.7,0.656901,matched
1722,57.4,2001,66.7,0.657855,matched
1723,57.433333,2002,66.733333,0.658808,matched
1724,57.466667,2002,66.733333,0.659762,matched
1725,57.5,2003,66.766667,0.660716,matched
1726,57.533333,2003,66.766667,0.66167,matched
1727,57.566667,2004,66.8,0.662624,matched
1728,57.6,2004,66.8,0.663578,matched
1729,57.633333,2005,66.833333,0.659581,matched
1730,57.666667,2006,66.866667,0.655585,matched
1731,57.7,2007,66.9,0.651589,matched
1732,57.733333,2008,66.933333,0.647593,matched
1733,57.766667,2009,66.966667,0.643596,matched
1734,57.8,2010,67.0,0.6396,matched
1735,57.833333,2011,67.033333,0.644633,matched
1736,57.866667,2011,67.033333,0.649667,matched
1737,57.9,2011,67.033333,0.6547,matched
1738,57.933333,2012,67.066667,0.659733,matched
1739,57.966667,2012,67.066667,0.664767,matched
1740,58.0,2013,67.1,0.6698,matched
1741,58.033333,2013,67.1,0.674833,matched
1742,58.066667,2014,67.133333,0.679867,matched
1743,58.1,2014,67.133333,0.6849,matched
1744,58.133333,2015,67.166667,0.689933,matched
1745,58.166667,2015,67.166667,0.694967,matched
1746,58.2,2016,67.2,0.7,matched
1747,58.233333,2016,67.2,0.69895,matched
1748,58.266667,2017,67.233333,0.697901,matched
1749,58.3,2017,67.233333,0.696851,matched
1750,58.333333,2018,67.266667,0.695801,matched
1751,58.366667,2018,67.266667,0.694751,matched
1752,58.4,2019,67.3,0.693701,matched
1753,58.433333,2019,67.3,0.692652,matched
1754,58.466667,2020,67.333333,0.691602,matched
1755,58.5,2021,67.366667,0.690552,matched
1756,58.533333,2021,67.366667,0.689502,matched
1757,58.566667,2022,67.4,0.688453,matched
1758,58.6,2022,67.4,0.687403,matched
1759,58.633333,2023,67.433333,0.684271,matched
1760,58.666667,2023,67.433333,0.681138,matched
1761,58.7,2024,67.466667,0.678006,matched
1762,58.733333,2024,67.466667,0.674874,matched
1763,58.766667,2025,67.5,0.671742,matched
1764,58.8,2025,67.5,0.668609,matched
1765,58.833333,2026,67.533333,0.665477,matched
1766,58.866667,2026,67.533333,0.662345,matched
1767,58.9,2026,67.533333,0.659213,matched
1768,58.933333,2027,67.566667,0.65608,matched
1769,58.966667,2027,67.566667,0.652948,matched
1770,59.0,2028,67.6,0.649816,matched
1771,59.033333,2030,67.666667,0.645663,matched
1772,59.066667,2032,67.733333,0.641509,matched
1773,59.1,2034,67.8,0.637356,matched
1774,59.133333,2036,67.866667,0.633203,matched
1775,59.166667,2038,67.933333,0.629049,matched
1776,59.2,2040,68.0,0.624896,matched
1777,59.233333,2040,68.0,0.627682,matched
1778,59.266667,2041,68.033333,0.630468,matched
1779,59.3,2041,68.033333,0.633253,matched
1780,59.333333,2042,68.066667,0.636039,matched
1781,59.366667,2042,68.066667,0.638825,matched
1782,59.4,2043,68.1,0.641611,matched
1783,59.433333,2043,68.1,0.644397,matched
1784,59.466667,2044,68.133333,0.647183,matched
1785,59.5,2044,68.133333,0.649969,matched
1786,59.533333,2045,68.166667,0.652754,matched
1787,59.566667,2045,68.166667,0.65554,matched
1788,59.6,2046,68.2,0.658326,matched
1789,59.633333,2046,68.2,0.65885,matched
1790,59.666667,2047,68.233333,0.659375,matched
1791,59.7,2047,68.233333,0.659899,matched
1792,59.733333,2048,68.266667,0.660423,matched
1793,59.766667,2048,68.266667,0.660948,matched
1794,59.8,2049,68.3,0.661472,matched
1795,59.833333,2049,68.3,0.661996,matched
1796,59.866667,2050,68.333333,0.662521,matched
1797,59.9,2051,68.366667,0.663045,matched
1798,59.933333,2051,68.366667,0.663569,matched
1799,59.966667,2052,68.4,0.664094,matched
1800,60.0,2052,68.4,0.664618,matched
1801,60.033333,2053,68.433333,0.657923,matched
1802,60.066667,2053,68.433333,0.651228,matched
1803,60.1,2054,68.466667,0.644533,matched
1804,60.133333,2054,68.466667,0.637838,matched
1805,60.166667,2054,68.466667,0.631143,matched
1806,60.2,2055,68.5,0.624448,matched
1807,60.233333,2055,68.5,0.617753,matched
1808,60.266667,2056,68.533333,0.611058,matched
1809,60.3,2056,68.533333,0.604363,matched
1810,60.333333,2057,68.566667,0.597668,matched
1811,60.366667,2057,68.566667,0.590973,matched
1812,60.4,2058,68.6,0.584278,matched
1813,60.433333,2058,68.6,0.593798,matched
1814,60.466667,2059,68.633333,0.603318,matched
1815,60.5,2059,68.633333,0.612838,matched
1816,60.533333,2060,68.666667,0.622358,matched
1817,60.566667,2061,68.7,0.631878,matched
1818,60.6,2061,68.7,0.641398,matched
1819,60.633333,2062,68.733333,0.650918,matched
1820,60.666667,2062,68.733333,0.660438,matched
1821,60.7,2063,68.766667,0.669958,matched
1822,60.733333,2063,68.766667,0.679478,matched
1823,60.766667,2064,68.8,0.688998,matched
1824,60.8,2064,68.8,0.698518,matched
1825,60.833333,2065,68.833333,0.696913,matched
1826,60.866667,2065,68.833333,0.695308,matched
1827,60.9,2066,68.866667,0.693703,matched
1828,60.933333,2066,68.866667,0.692099,matched
1829,60.966667,2067,68.9,0.690494,matched
1830,61.0,2067,68.9,0.688889,matched
1831,61.033333,2068,68.933333,0.687284,matched
1832,61.066667,2068,68.933333,0.685679,matched
1833,61.1,2069,68.966667,0.684075,matched
1834,61.133333,2069,68.966667,0.68247,matched
1835,61.166667,2069,68.966667,0.680865,matched
1836,61.2,2070,69.0,0.67926,matched
1837,61.233333,2072,69.066667,0.67525,matched
1838,61.266667,2074,69.133333,0.67124,matched
1839,61.3,2076,69.2,0.667231,matched
1840,61.333333,2078,69.266667,0.663221,matched
1841,61.366667,2080,69.333333,0.659211,matched
1842,61.4,2082,69.4,0.655201,matched
1843,61.433333,2084,69.466667,0.653068,matched
1844,61.466667,2086,69.533333,0.650935,matched
1845,61.5,2088,69.6,0.648803,matched
1846,61.533333,2090,69.666667,0.64667,matched
1847,61.566667,2092,69.733333,0.644537,matched
1848,61.6,2094,69.8,0.642404,matched
1849,61.633333,2095,69.833333,0.644156,matched
1850,61.666667,2095,69.833333,0.645907,matched
1851,61.7,2096,69.866667,0.647659,matched
1852,61.733333,2096,69.866667,0.64941,matched
1853,61.766667,2097,69.9,0.651162,matched
1854,61.8,2097,69.9,0.652914,matched
1855,61.833333,2098,69.933333,0.654665,matched
1856,61.866667,2098,69.933333,0.656417,matched
1857,61.9,2099,69.966667,0.658168,matched
1858,61.933333,2099,69.966667,0.65992,matched
1859,61.966667,2100,70.0,0.661671,matched
1860,62.0,2100,70.0,0.663423,matched
1861,62.033333,2100,70.0,0.660443,matched
1862,62.066667,2101,70.033333,0.657464,matched
1863,62.1,2101,70.033333,0.654484,matched
1864,62.133333,2102,70.066667,0.651504,matched
1865,62.166667,2102,70.066667,0.648525,matched
1866,62.2,2103,70.1,0.645545,matched
1867,62.233333,2103,70.1,0.642565,matched
1868,62.266667,2104,70.133333,0.639586,matched
1869,62.3,2104,70.133333,0.636606,matched
1870,62.333333,2105,70.166667,0.633626,matched
1871,62.366667,2105,70.166667,0.630647,matched
1872,62.4,2106,70.2,0.627667,matched
1873,62.433333,2106,70.2,0.628071,matched
1874,62.466667,2107,70.233333,0.628474,matched
1875,62.5,2107,70.233333,0.628878,matched
1876,62.533333,2108,70.266667,0.629281,matched
1877,62.566667,2108,70.266667,0.629685,matched
1878,62.6,2109,70.3,0.630089,matched
1879,62.633333,2109,70.3,0.630492,matched
1880,62.666667,2110,70.333333,0.630896,matched
1881,62.7,2111,70.366667,0.631299,matched
1882,62.733333,2111,70.366667,0.631703,matched
1883,62.766667,2112,70.4,0.632106,matched
1884,62.8,2112,70.4,0.63251,matched
1885,62.833333,2113,70.433333,0.629106,matched
1886,62.866667,2113,70.433333,0.625702,matched
1887,62.9,2114,70.466667,0.622298,matched
1888,62.933333,2114,70.466667,0.618894,matched
1889,62.966667,2115,70.5,0.61549,matched
1890,63.0,2115,70.5,0.612086,matched
1891,63.033333,2115,70.5,0.608682,matched
1892,63.066667,2116,70.533333,0.605278,matched
1893,63.1,2116,70.533333,0.601874,matched
1894,63.133333,2117,70.566667,0.59847,matched
1895,63.166667,2117,70.566667,0.595066,matched
1896,63.2,2118,70.6,0.591662,matched
1897,63.233333,2118,70.6,0.588989,matched
1898,63.266667,2119,70.633333,0.586316,matched
1899,63.3,2119,70.633333,0.583643,matched
1900,63.333333,2120,70.666667,0.58097,matched
1901,63.366667,2121,70.7,0.578297,matched
1902,63.4,2121,70.7,0.575623,matched
1903,63.433333,2122,70.733333,0.57295,matched
1904,63.466667,2122,70.733333,0.570277,matched
1905,63.5,2123,70.766667,0.567604,matched
1906,63.533333,2123,70.766667,0.564931,matched
1907,63.566667,2124,70.8,0.562258,matched
1908,63.6,2124,70.8,0.559585,matched
1909,63.633333,2125,70.833333,0.553765,matched
1910,63.666667,2125,70.833333,0.547946,matched
1911,63.7,2126,70.866667,0.542126,matched
1912,63.733333,2126,70.866667,0.536306,matched
1913,63.766667,2127,70.9,0.530487,matched
1914,63.8,2127,70.9,0.524667,matched
1915,63.833333,2128,70.933333,0.518848,matched
1916,63.866667,2128,70.933333,0.513028,matched
1917,63.9,2129,70.966667,0.507209,matched
1918,63.933333,2129,70.966667,0.501389,matched
1919,63.966667,2130,71.0,0.49557,matched
1920,64.0,2130,71.0,0.48975,matched
1921,64.033333,2130,71.0,0.490936,matched
1922,64.066667,2131,71.033333,0.492121,matched
1923,64.1,2131,71.033333,0.493307,matched
1924,64.133333,2132,71.066667,0.494493,matched
1925,64.166667,2132,71.066667,0.495678,matched
1926,64.2,2133,71.1,0.496864,matched
1927,64.233333,2133,71.1,0.49805,matched
1928,64.266667,2134,71.133333,0.499235,matched
1929,64.3,2134,71.133333,0.500421,matched
1930,64.333333,2135,71.166667,0.501607,matched
1931,64.366667,2135,71.166667,0.502792,matched
1932,64.4,2136,71.2,0.503978,matched
1933,64.433333,2136,71.2,0.50976,matched
1934,64.466667,2137,71.233333,0.515543,matched
1935,64.5,2137,71.233333,0.521325,matched
1936,64.533333,2138,71.266667,0.527108,matched
1937,64.566667,2138,71.266667,0.532891,matched
1938,64.6,2139,71.3,0.538673,matched
1939,64.633333,2139,71.3,0.544456,matched
1940,64.666667,2140,71.333333,0.550238,matched
1941,64.7,2140,71.333333,0.556021,matched
1942,64.733333,2141,71.366667,0.561803,matched
1943,64.766667,2141,71.366667,0.567586,matched
1944,64.8,2142,71.4,0.573368,matched
1945,64.833333,2142,71.4,0.570056,matched
1946,64.866667,2143,71.433333,0.566742,matched
1947,64.9,2144,71.466667,0.563429,matched
1948,64.933333,2144,71.466667,0.560115,matched
1949,64.966667,2144,71.466667,0.556802,matched
1950,65.0,2145,71.5,0.553488,matched
1951,65.033333,2146,71.533333,0.550174,matched
1952,65.066667,2146,71.533333,0.546861,matched
1953,65.1,2146,71.533333,0.543547,matched
1954,65.133333,2147,71.566667,0.540234,matched
1955,65.166667,2148,71.6,0.53692,matched
1956,65.2,2148,71.6,0.533608,matched
1957,65.233333,2149,71.633333,0.548961,matched
1958,65.266667,2149,71.633333,0.564314,matched
1959,65.3,2150,71.666667,0.579666,matched
1960,65.333333,2150,71.666667,0.595019,matched
1961,65.366667,2151,71.7,0.610371,matched
1962,65.4,2151,71.7,0.625724,matched
1963,65.433333,2152,71.733333,0.641077,matched
1964,65.466667,2152,71.733333,0.656429,matched
1965,65.5,2153,71.766667,0.671782,matched
1966,65.533333,2153,71.766667,0.687134,matched
1967,65.566667,2154,71.8,0.702487,matched
1968,65.6,2154,71.8,0.717839,matched
1969,65.633333,2156,71.866667,0.722976,matched
1970,65.666667,2158,71.933333,0.728112,matched
1971,65.7,2160,72.0,0.733248,matched
1972,65.733333,2162,72.066667,0.738385,matched
1973,65.766667,2164,72.133333,0.743521,matched
1974,65.8,2166,72.2,0.748658,matched
1975,65.833333,2168,72.266667,0.734691,matched
1976,65.866667,2170,72.333333,0.720722,matched
1977,65.9,2172,72.4,0.706754,matched
1978,65.933333,2174,72.466667,0.692785,matched
1979,65.966667,2176,72.533333,0.678817,matched
1980,66.0,2178,72.6,0.664848,matched
1981,66.033333,2178,72.6,0.664121,matched
1982,66.066667,2179,72.633333,0.663394,matched
1983,66.1,2179,72.633333,0.662667,matched
1984,66.133333,2180,72.666667,0.66194,matched
1985,66.166667,2181,72.7,0.661213,matched
1986,66.2,2181,72.7,0.660486,matched
1987,66.233333,2182,72.733333,0.659758,matched
1988,66.266667,2182,72.733333,0.659031,matched
1989,66.3,2183,72.766667,0.658304,matched
1990,66.333333,2183,72.766667,0.657577,matched
1991,66.366667,2184,72.8,0.65685,matched
1992,66.4,2184,72.8,0.656123,matched
1993,66.433333,2186,72.866667,0.65403,matched
1994,66.466667,2188,72.933333,0.651936,matched
1995,66.5,2190,73.0,0.649843,matched
1996,66.533333,2192,73.066667,0.64775,matched
1997,66.566667,2194,73.133333,0.645656,matched
1998,66.6,2196,73.2,0.643563,matched
1999,66.633333,2198,73.266667,0.652969,matched
2000,66.666667,2200,73.333333,0.662375,matched
2001,66.7,2202,73.4,0.671781,matched
2002,66.733333,2204,73.466667,0.681187,matched
2003,66.766667,2206,73.533333,0.690593,matched
2004,66.8,2208,73.6,0.699999,matched
2005,66.833333,2209,73.633333,0.7,matched
2006,66.866667,2210,73.666667,0.7,matched
2007,66.9,2211,73.7,0.7,matched
2008,66.933333,2212,73.733333,0.7,matched
2009,66.966667,2213,73.766667,0.7,matched
2010,67.0,2214,73.8,0.7,matched
2011,67.033333,2216,73.866667,0.698049,matched
2012,67.066667,2218,73.933333,0.696099,matched
2013,67.1,2220,74.0,0.694148,matched
2014,67.133333,2222,74.066667,0.692198,matched
2015,67.166667,2224,74.133333,0.690247,matched
2016,67.2,2226,74.2,0.688297,matched
2017,67.233333,2228,74.266667,0.690248,matched
2018,67.266667,2230,74.333333,0.692198,matched
2019,67.3,2232,74.4,0.694149,matched
2020,67.333333,2234,74.466667,0.696099,matched
2021,67.366667,2236,74.533333,0.698049,matched
2022,67.4,2238,74.6,0.7,matched
2023,67.433333,2238,74.6,0.699175,matched
2024,67.466667,2239,74.633333,0.69835,matched
2025,67.5,2239,74.633333,0.697524,matched
2026,67.533333,2240,74.666667,0.696699,matched
2027,67.566667,2240,74.666667,0.695874,matched
2028,67.6,2241,74.7,0.695049,matched
2029,67.633333,2241,74.7,0.694223,matched
2030,67.666667,2242,74.733333,0.693398,matched
2031,67.7,2243,74.766667,0.692573,matched
2032,67.733333,2243,74.766667,0.691748,matched
2033,67.766667,2244,74.8,0.690922,matched
2034,67.8,2244,74.8,0.690097,matched
2035,67.833333,2246,74.866667,0.68697,matched
2036,67.866667,2248,74.933333,0.683844,matched
2037,67.9,2250,75.0,0.680717,matched
2038,67.933333,2252,75.066667,0.67759,matched
2039,67.966667,2254,75.133333,0.674463,matched
2040,68.0,2256,75.2,0.671336,matched
2041,68.033333,2258,75.266667,0.675577,matched
2042,68.066667,2260,75.333333,0.679819,matched
2043,68.1,2262,75.4,0.68406,matched
2044,68.133333,2264,75.466667,0.688302,matched
2045,68.166667,2266,75.533333,0.692543,matched
2046,68.2,2268,75.6,0.696783,matched
2047,68.233333,2269,75.633333,0.689859,matched
2048,68.266667,2269,75.633333,0.682935,matched
2049,68.3,2270,75.666667,0.676011,matched
2050,68.333333,2270,75.666667,0.669087,matched
2051,68.366667,2271,75.7,0.662163,matched
2052,68.4,2271,75.7,0.655239,matched
2053,68.433333,2272,75.733333,0.648314,matched
2054,68.466667,2272,75.733333,0.64139,matched
2055,68.5,2273,75.766667,0.634466,matched
2056,68.533333,2273,75.766667,0.627542,matched
2057,68.566667,2274,75.8,0.620618,matched
2058,68.6,2274,75.8,0.613694,matched
2059,68.633333,2275,75.833333,0.617403,matched
2060,68.666667,2275,75.833333,0.621111,matched
2061,68.7,2276,75.866667,0.624819,matched
2062,68.733333,2276,75.866667,0.628528,matched
2063,68.766667,2277,75.9,0.632236,matched
2064,68.8,2277,75.9,0.635945,matched
2065,68.833333,2278,75.933333,0.639653,matched
2066,68.866667,2278,75.933333,0.643361,matched
2067,68.9,2279,75.966667,0.64707,matched
2068,68.933333,2279,75.966667,0.650778,matched
2069,68.966667,2280,76.0,0.654487,matched
2070,69.0,2280,76.0,0.658195,matched
2071,69.033333,2280,76.0,0.663379,matched
2072,69.066667,2281,76.033333,0.668562,matched
2073,69.1,2281,76.033333,0.673746,matched
2074,69.133333,2282,76.066667,0.67893,matched
2075,69.166667,2282,76.066667,0.684113,matched
2076,69.2,2283,76.1,0.689297,matched
2077,69.233333,2283,76.1,0.694481,matched
2078,69.266667,2284,76.133333,0.699664,matched
2079,69.3,2284,76.133333,0.704848,matched
2080,69.333333,2285,76.166667,0.710031,matched
2081,69.366667,2285,76.166667,0.715215,matched
2082,69.4,2286,76.2,0.720399,matched
2083,69.433333,2286,76.2,0.719673,matched
2084,69.466667,2287,76.233333,0.718946,matched
2085,69.5,2287,76.233333,0.71822,matched
2086,69.533333,2288,76.266667,0.717493,matched
2087,69.566667,2288,76.266667,0.716767,matched
2088,69.6,2289,76.3,0.71604,matched
2089,69.633333,2289,76.3,0.715314,matched
2090,69.666667,2290,76.333333,0.714587,matched
2091,69.7,2290,76.333333,0.713861,matched
2092,69.733333,2291,76.366667,0.713134,matched
2093,69.766667,2291,76.366667,0.712408,matched
2094,69.8,2292,76.4,0.711681,matched
2095,69.833333,2294,76.466667,0.709734,matched
2096,69.866667,2296,76.533333,0.707787,matched
2097,69.9,2298,76.6,0.705841,matched
2098,69.933333,2300,76.666667,0.703894,matched
2099,69.966667,2302,76.733333,0.701947,matched
2100,70.0,2304,76.8,0.7,matched
2101,70.033333,2306,76.866667,0.695573,matched
2102,70.066667,2308,76.933333,0.691146,matched
2103,70.1,2310,77.0,0.686719,matched
2104,70.133333,2312,77.066667,0.682292,matched
2105,70.166667,2314,77.133333,0.677865,matched
2106,70.2,2316,77.2,0.673438,matched
2107,70.233333,2318,77.266667,0.677865,matched
2108,70.266667,2320,77.333333,0.682292,matched
2109,70.3,2322,77.4,0.686719,matched
2110,70.333333,2324,77.466667,0.691146,matched
2111,70.366667,2326,77.533333,0.695573,matched
2112,70.4,2328,77.6,0.7,matched
2113,70.433333,2328,77.6,0.7,matched
2114,70.466667,2329,77.633333,0.7,matched
2115,70.5,2329,77.633333,0.7,matched
2116,70.533333,2330,77.666667,0.7,matched
2117,70.566667,2330,77.666667,0.7,matched
2118,70.6,2331,77.7,0.7,matched
2119,70.633333,2331,77.7,0.7,matched
2120,70.666667,2332,77.733333,0.7,matched
2121,70.7,2333,77.766667,0.7,matched
2122,70.733333,2333,77.766667,0.7,matched
2123,70.766667,2334,77.8,0.7,matched
2124,70.8,2334,77.8,0.7,matched
2125,70.833333,2335,77.833333,0.7,matched
2126,70.866667,2336,77.866667,0.7,matched
2127,70.9,2337,77.9,0.7,matched
2128,70.933333,2338,77.933333,0.7,matched
2129,70.966667,2339,77.966667,0.7,matched
2130,71.0,2340,78.0,0.7,matched
2131,71.033333,2342,78.066667,0.698141,matched
2132,71.066667,2344,78.133333,0.696282,matched
2133,71.1,2346,78.2,0.694423,matched
2134,71.133333,2348,78.266667,0.692564,matched
2135,71.166667,2350,78.333333,0.690705,matched
2136,71.2,2352,78.4,0.688846,matched
2137,71.233333,2353,78.433333,0.689776,matched
2138,71.266667,2353,78.433333,0.690705,matched
2139,71.3,2354,78.466667,0.691635,matched
2140,71.333333,2354,78.466667,0.692564,matched
2141,71.366667,2355,78.5,0.693494,matched
2142,71.4,2355,78.5,0.694423,matched
2143,71.433333,2356,78.533333,0.695353,matched
2144,71.466667,2356,78.533333,0.696282,matched
2145,71.5,2357,78.566667,0.697212,matched
2146,71.533333,2357,78.566667,0.698141,matched
2147,71.566667,2357,78.566667,0.699071,matched
2148,71.6,2358,78.6,0.7,matched
2149,71.633333,2360,78.666667,0.696374,matched
2150,71.666667,2362,78.733333,0.692748,matched
2151,71.7,2364,78.8,0.689122,matched
2152,71.733333,2366,78.866667,0.685495,matched
2153,71.766667,2368,78.933333,0.681869,matched
2154,71.8,2370,79.0,0.678243,matched
2155,71.833333,2370,79.0,0.680056,matched
2156,71.866667,2371,79.033333,0.681869,matched
2157,71.9,2371,79.033333,0.683682,matched
2158,71.933333,2372,79.066667,0.685495,matched
2159,71.966667,2372,79.066667,0.687308,matched
2160,72.0,2373,79.1,0.689121,matched
2161,72.033333,2373,79.1,0.690935,matched
2162,72.066667,2374,79.133333,0.692748,matched
2163,72.1,2374,79.133333,0.694561,matched
2164,72.133333,2375,79.166667,0.696374,matched
2165,72.166667,2375,79.166667,0.698187,matched
2166,72.2,2376,79.2,0.7,matched
2167,72.233333,2376,79.2,0.699697,matched
2168,72.266667,2377,79.233333,0.699395,matched
2169,72.3,2377,79.233333,0.699092,matched
2170,72.333333,2378,79.266667,0.69879,matched
2171,72.366667,2379,79.3,0.698487,matched
2172,72.4,2379,79.3,0.698185,matched
2173,72.433333,2380,79.333333,0.697882,matched
2174,72.466667,2380,79.333333,0.69758,matched
2175,72.5,2381,79.366667,0.697277,matched
2176,72.533333,2381,79.366667,0.696975,matched
2177,72.566667,2382,79.4,0.696672,matched
2178,72.6,2382,79.4,0.69637,matched
2179,72.633333,2384,79.466667,0.692333,matched
2180,72.666667,2386,79.533333,0.688297,matched
2181,72.7,2388,79.6,0.684261,matched
2182,72.733333,2390,79.666667,0.680224,matched
2183,72.766667,2392,79.733333,0.676188,matched
2184,72.8,2394,79.8,0.672151,matched
2185,72.833333,2396,79.866667,0.663385,matched
2186,72.866667,2398,79.933333,0.654619,matched
2187,72.9,2400,80.0,0.645852,matched
2188,72.933333,2402,80.066667,0.637085,matched
2189,72.966667,2404,80.133333,0.628319,matched
2190,73.0,2406,80.2,0.619552,matched
2191,73.033333,2406,80.2,0.626256,matched
2192,73.066667,2407,80.233333,0.63296,matched
2193,73.1,2407,80.233333,0.639664,matched
2194,73.133333,2408,80.266667,0.646368,matched
2195,73.166667,2408,80.266667,0.653072,matched
2196,73.2,2409,80.3,0.659776,matched
2197,73.233333,2409,80.3,0.66648,matched
2198,73.266667,2410,80.333333,0.673184,matched
2199,73.3,2410,80.333333,0.679888,matched
2200,73.333333,2411,80.366667,0.686592,matched
2201,73.366667,2412,80.4,0.693296,matched
2202,73.4,2412,80.4,0.7,matched
2203,73.433333,2414,80.466667,0.696899,matched
2204,73.466667,2416,80.533333,0.693799,matched
2205,73.5,2418,80.6,0.690698,matched
2206,73.533333,2420,80.666667,0.687597,matched
2207,73.566667,2422,80.733333,0.684497,matched
2208,73.6,2424,80.8,0.681395,matched
2209,73.633333,2426,80.866667,0.661643,matched
2210,73.666667,2428,80.933333,0.641892,matched
2211,73.7,2430,81.0,0.62214,matched
2212,73.733333,2432,81.066667,0.602388,matched
2213,73.766667,2434,81.133333,0.582637,matched
2214,73.8,2436,81.2,0.562885,matched
2215,73.833333,2438,81.266667,0.575675,matched
2216,73.866667,2440,81.333333,0.588468,matched
2217,73.9,2442,81.4,0.601261,matched
2218,73.933333,2444,81.466667,0.614055,matched
2219,73.966667,2446,81.533333,0.626848,matched
2220,74.0,2448,81.6,0.639641,matched
2221,74.033333,2448,81.6,0.638748,matched
2222,74.066667,2449,81.633333,0.637854,matched
2223,74.1,2449,81.633333,0.636961,matched
2224,74.133333,2450,81.666667,0.636068,matched
2225,74.166667,2451,81.7,0.635174,matched
2226,74.2,2451,81.7,0.634281,matched
2227,74.233333,2452,81.733333,0.633388,matched
2228,74.266667,2452,81.733333,0.632494,matched
2229,74.3,2453,81.766667,0.631601,matched
2230,74.333333,2453,81.766667,0.630708,matched
2231,74.366667,2454,81.8,0.629814,matched
2232,74.4,2454,81.8,0.628921,matched
2233,74.433333,2455,81.833333,0.62865,matched
2234,74.466667,2456,81.866667,0.628379,matched
2235,74.5,2457,81.9,0.628107,matched
2236,74.533333,2458,81.933333,0.627836,matched
2237,74.566667,2459,81.966667,0.627565,matched
2238,74.6,2460,82.0,0.627294,matched
2239,74.633333,2462,82.066667,0.616447,matched
2240,74.666667,2464,82.133333,0.6056,matched
2241,74.7,2466,82.2,0.594754,matched
2242,74.733333,2468,82.266667,0.583907,matched
2243,74.766667,2470,82.333333,0.573061,matched
2244,74.8,2472,82.4,0.562214,matched
2245,74.833333,2474,82.466667,0.570584,matched
2246,74.866667,2476,82.533333,0.578955,matched
2247,74.9,2478,82.6,0.587326,matched
2248,74.933333,2480,82.666667,0.595697,matched
2249,74.966667,2482,82.733333,0.604069,matched
2250,75.0,2484,82.8,0.61244,matched
2251,75.033333,2486,82.866667,0.613364,matched
2252,75.066667,2488,82.933333,0.614288,matched
2253,75.1,2490,83.0,0.615212,matched
2254,75.133333,2492,83.066667,0.616136,matched
2255,75.166667,2494,83.133333,0.61706,matched
2256,75.2,2496,83.2,0.617983,matched
2257,75.233333,2496,83.2,0.611064,matched
2258,75.266667,2497,83.233333,0.604144,matched
2259,75.3,2497,83.233333,0.597224,matched
2260,75.333333,2498,83.266667,0.590305,matched
2261,75.366667,2499,83.3,0.583385,matched
2262,75.4,2499,83.3,0.576466,matched
2263,75.433333,2500,83.333333,0.569546,matched
2264,75.466667,2500,83.333333,0.562626,matched
2265,75.5,2501,83.366667,0.555707,matched
2266,75.533333,2501,83.366667,0.548787,matched
2267,75.566667,2502,83.4,0.541867,matched
2268,75.6,2502,83.4,0.534949,matched
2269,75.633333,2504,83.466667,0.547617,matched
2270,75.666667,2506,83.533333,0.560286,matched
2271,75.7,2508,83.6,0.572955,matched
2272,75.733333,2510,83.666667,0.585624,matched
2273,75.766667,2512,83.733333,0.598293,matched
2274,75.8,2514,83.8,0.610962,matched
2275,75.833333,2515,83.833333,0.616768,matched
2276,75.866667,2515,83.833333,0.622574,matched
2277,75.9,2516,83.866667,0.628379,matched
2278,75.933333,2516,83.866667,0.634185,matched
2279,75.966667,2517,83.9,0.639991,matched
2280,76.0,2517,83.9,0.645797,matched
2281,76.033333,2518,83.933333,0.651602,matched
2282,76.066667,2518,83.933333,0.657408,matched
2283,76.1,2519,83.966667,0.663214,matched
2284,76.133333,2519,83.966667,0.669019,matched
2285,76.166667,2520,84.0,0.674825,matched
2286,76.2,2520,84.0,0.68063,matched
2287,76.233333,2522,84.066667,0.682158,matched
2288,76.266667,2524,84.133333,0.683686,matched
2289,76.3,2526,84.2,0.685215,matched
2290,76.333333,2528,84.266667,0.686743,matched
2291,76.366667,2530,84.333333,0.688271,matched
2292,76.4,2532,84.4,0.689799,matched
2293,76.433333,2534,84.466667,0.671833,matched
2294,76.466667,2536,84.533333,0.653866,matched
2295,76.5,2538,84.6,0.6359,matched
2296,76.533333,2540,84.666667,0.617933,matched
2297,76.566667,2542,84.733333,0.599966,matched
2298,76.6,2544,84.8,0.582001,matched
2299,76.633333,2546,84.866667,0.601667,matched
2300,76.666667,2548,84.933333,0.621333,matched
2301,76.7,2550,85.0,0.641,matched
2302,76.733333,2552,85.066667,0.660666,matched
2303,76.766667,2554,85.133333,0.680332,matched
2304,76.8,2556,85.2,0.699998,matched
2305,76.833333,2558,85.266667,0.691087,matched
2306,76.866667,2560,85.333333,0.682173,matched
2307,76.9,2562,85.4,0.673259,matched
2308,76.933333,2564,85.466667,0.664345,matched
2309,76.966667,2566,85.533333,0.655431,matched
2310,77.0,2568,85.6,0.646517,matched
2311,77.033333,2568,85.6,0.646397,matched
2312,77.066667,2569,85.633333,0.646278,matched
2313,77.1,2569,85.633333,0.646158,matched
2314,77.133333,2570,85.666667,0.646038,matched
2315,77.166667,2571,85.7,0.645919,matched
2316,77.2,2571,85.7,0.645799,matched
2317,77.233333,2572,85.733333,0.645679,matched
2318,77.266667,2572,85.733333,0.64556,matched
2319,77.3,2573,85.766667,0.64544,matched
2320,77.333333,2573,85.766667,0.64532,matched
2321,77.366667,2574,85.8,0.645201,matched
2322,77.4,2574,85.8,0.645081,matched
2323,77.433333,2576,85.866667,0.643906,matched
2324,77.466667,2578,85.933333,0.642731,matched
2325,77.5,2580,86.0,0.641555,matched
2326,77.533333,2582,86.066667,0.64038,matched
2327,77.566667,2584,86.133333,0.639205,matched
2328,77.6,2586,86.2,0.63803,matched
2329,77.633333,2588,86.266667,0.641788,matched
2330,77.666667,2590,86.333333,0.645545,matched
2331,77.7,2592,86.4,0.649303,matched
2332,77.733333,2594,86.466667,0.65306,matched
2333,77.766667,2596,86.533333,0.656818,matched
2334,77.8,2598,86.6,0.660576,matched
2335,77.833333,2598,86.6,0.661026,matched
2336,77.866667,2599,86.633333,0.661476,matched
2337,77.9,2599,86.633333,0.661926,matched
2338,77.933333,2600,86.666667,0.662377,matched
2339,77.966667,2601,86.7,0.662827,matched
2340,78.0,2601,86.7,0.663277,matched
2341,78.033333,2602,86.733333,0.663727,matched
2342,78.066667,2602,86.733333,0.664177,matched
2343,78.1,2603,86.766667,0.664628,matched
2344,78.133333,2603,86.766667,0.665078,matched
2345,78.166667,2604,86.8,0.665528,matched
2346,78.2,2604,86.8,0.665978,matched
2347,78.233333,2606,86.866667,0.669653,matched
2348,78.266667,2608,86.933333,0.673327,matched
2349,78.3,2610,87.0,0.677002,matched
2350,78.333333,2612,87.066667,0.680676,matched
2351,78.366667,2614,87.133333,0.68435,matched
2352,78.4,2616,87.2,0.688025,matched
2353,78.433333,2616,87.2,0.682936,matched
2354,78.466667,2617,87.233333,0.677846,matched
2355,78.5,2617,87.233333,0.672756,matched
2356,78.533333,2618,87.266667,0.667666,matched
2357,78.566667,2618,87.266667,0.662577,matched
2358,78.6,2619,87.3,0.657487,matched
2359,78.633333,2619,87.3,0.652397,matched
2360,78.666667,2620,87.333333,0.647307,matched
2361,78.7,2620,87.333333,0.642218,matched
2362,78.733333,2621,87.366667,0.637128,matched
2363,78.766667,2621,87.366667,0.632038,matched
2364,78.8,2622,87.4,0.626948,matched
2365,78.833333,2624,87.466667,0.636991,matched
2366,78.866667,2626,87.533333,0.647035,matched
2367,78.9,2628,87.6,0.657079,matched
2368,78.933333,2630,87.666667,0.667122,matched
2369,78.966667,2632,87.733333,0.677166,matched
2370,79.0,2634,87.8,0.68721,matched
2371,79.033333,2636,87.866667,0.689342,matched
2372,79.066667,2638,87.933333,0.691473,matched
2373,79.1,2640,88.0,0.693605,matched
2374,79.133333,2642,88.066667,0.695737,matched
2375,79.166667,2644,88.133333,0.697868,matched
2376,79.2,2646,88.2,0.7,matched
2377,79.233333,2647,88.233333,0.698135,matched
2378,79.266667,2648,88.266667,0.696271,matched
2379,79.3,2649,88.3,0.694406,matched
2380,79.333333,2650,88.333333,0.692542,matched
2381,79.366667,2651,88.366667,0.690678,matched
2382,79.4,2652,88.4,0.688813,matched
2383,79.433333,2653,88.433333,0.686118,matched
2384,79.466667,2653,88.433333,0.683424,matched
2385,79.5,2653,88.433333,0.680729,matched
2386,79.533333,2654,88.466667,0.678034,matched
2387,79.566667,2654,88.466667,0.67534,matched
2388,79.6,2655,88.5,0.672645,matched
2389,79.633333,2655,88.5,0.669951,matched
2390,79.666667,2656,88.533333,0.667256,matched
2391,79.7,2656,88.533333,0.664561,matched
2392,79.733333,2657,88.566667,0.661867,matched
2393,79.766667,2657,88.566667,0.659172,matched
2394,79.8,2658,88.6,0.656477,matched
2395,79.833333,2660,88.666667,0.66373,matched
2396,79.866667,2662,88.733333,0.670984,matched
2397,79.9,2664,88.8,0.678238,matched
2398,79.933333,2666,88.866667,0.685492,matched
2399,79.966667,2668,88.933333,0.692746,matched
2400,80.0,2670,89.0,0.7,matched
2401,80.033333,2670,89.0,0.699742,matched
2402,80.066667,2671,89.033333,0.699484,matched
2403,80.1,2671,89.033333,0.699226,matched
2404,80.133333,2672,89.066667,0.698969,matched
2405,80.166667,2672,89.066667,0.698711,matched
2406,80.2,2673,89.1,0.698453,matched
2407,80.233333,2673,89.1,0.698195,matched
2408,80.266667,2674,89.133333,0.697937,matched
2409,80.3,2674,89.133333,0.697679,matched
2410,80.333333,2675,89.166667,0.697422,matched
2411,80.366667,2675,89.166667,0.697164,matched
2412,80.4,2676,89.2,0.696906,matched
2413,80.433333,2678,89.266667,0.695599,matched
2414,80.466667,2680,89.333333,0.694292,matched
2415,80.5,2682,89.4,0.692985,matched
2416,80.533333,2684,89.466667,0.691678,matched
2417,80.566667,2686,89.533333,0.690371,matched
2418,80.6,2688,89.6,0.689064,matched
2419,80.633333,2689,89.633333,0.689834,matched
2420,80.666667,2690,89.666667,0.690604,matched
2421,80.7,2691,89.7,0.691374,matched
2422,80.733333,2692,89.733333,0.692144,matched
2423,80.766667,2693,89.766667,0.692914,matched
2424,80.8,2694,89.8,0.693684,matched
2425,80.833333,2696,89.866667,0.691823,matched
2426,80.866667,2698,89.933333,0.689962,matched
2427,80.9,2700,90.0,0.688102,matched
2428,80.933333,2702,90.066667,0.686241,matched
2429,80.966667,2704,90.133333,0.68438,matched
2430,81.0,2706,90.2,0.682519,matched
2431,81.033333,2708,90.266667,0.667388,matched
2432,81.066667,2710,90.333333,0.652256,matched
2433,81.1,2712,90.4,0.637125,matched
2434,81.133333,2714,90.466667,0.621993,matched
2435,81.166667,2716,90.533333,0.606862,matched
2436,81.2,2718,90.6,0.591733,matched
2437,81.233333,2720,90.666667,0.59722,matched
2438,81.266667,2722,90.733333,0.602707,matched
2439,81.3,2724,90.8,0.608195,matched
2440,81.333333,2726,90.866667,0.613682,matched
2441,81.366667,2728,90.933333,0.619169,matched
2442,81.4,2730,91.0,0.624657,matched
2443,81.433333,2730,91.0,0.630578,matched
2444,81.466667,2731,91.033333,0.636499,matched
2445,81.5,2731,91.033333,0.64242,matched
2446,81.533333,2732,91.066667,0.648341,matched
2447,81.566667,2732,91.066667,0.654262,matched
2448,81.6,2733,91.1,0.660183,matched
2449,81.633333,2733,91.1,0.666104,matched
2450,81.666667,2734,91.133333,0.672025,matched
2451,81.7,2734,91.133333,0.677946,matched
2452,81.733333,2735,91.166667,0.683866,matched
2453,81.766667,2735,91.166667,0.689787,matched
2454,81.8,2736,91.2,0.695708,matched
2455,81.833333,2736,91.2,0.676978,matched
2456,81.866667,2737,91.233333,0.658245,matched
2457,81.9,2737,91.233333,0.639513,matched
2458,81.933333,2738,91.266667,0.62078,matched
2459,81.966667,2738,91.266667,0.602047,matched
2460,82.0,2739,91.3,0.583314,matched
2461,82.033333,2739,91.3,0.564582,matched
2462,82.066667,2740,91.333333,0.545849,matched
2463,82.1,2741,91.366667,0.527116,matched
2464,82.133333,2741,91.366667,0.508384,matched
2465,82.166667,2742,91.4,0.489651,matched
2466,82.2,2742,91.4,0.470921,matched
2467,82.233333,2743,91.433333,0.476899,matched
2468,82.266667,2743,91.433333,0.482878,matched
2469,82.3,2744,91.466667,0.488857,matched
2470,82.333333,2744,91.466667,0.494835,matched
2471,82.366667,2745,91.5,0.500814,matched
2472,82.4,2745,91.5,0.506793,matched
2473,82.433333,2746,91.533333,0.512772,matched
2474,82.466667,2746,91.533333,0.51875,matched
2475,82.5,2747,91.566667,0.524729,matched
2476,82.533333,2747,91.566667,0.530708,matched
2477,82.566667,2747,91.566667,0.536687,matched
2478,82.6,2748,91.6,0.542664,matched
2479,82.633333,2748,91.6,0.527496,matched
2480,82.666667,2749,91.633333,0.512329,matched
2481,82.7,2750,91.666667,0.497161,matched
2482,82.733333,2750,91.666667,0.481993,matched
2483,82.766667,2751,91.7,0.466825,matched
2484,82.8,2751,91.7,0.451657,matched
2485,82.833333,2752,91.733333,0.436489,matched
2486,82.866667,2752,91.733333,0.421321,matched
2487,82.9,2753,91.766667,0.406154,matched
2488,82.933333,2753,91.766667,0.390986,matched
2489,82.966667,2754,91.8,0.375818,matched
2490,83.0,2754,91.8,0.36065,matched
2491,83.033333,2755,91.833333,0.368969,matched
2492,83.066667,2755,91.833333,0.377288,matched
2493,83.1,2756,91.866667,0.385608,matched
2494,83.133333,2756,91.866667,0.393927,matched
2495,83.166667,2757,91.9,0.402246,matched
2496,83.2,2757,91.9,0.410565,matched
2497,83.233333,2758,91.933333,0.418885,matched
2498,83.266667,2758,91.933333,0.427204,matched
2499,83.3,2759,91.966667,0.435523,matched
2500,83.333333,2759,91.966667,0.443842,matched
2501,83.366667,2759,91.966667,0.452161,matched
2502,83.4,2760,92.0,0.460481,matched
2503,83.433333,2762,92.066667,0.448407,matched
2504,83.466667,2764,92.133333,0.436333,matched
2505,83.5,2766,92.2,0.424258,matched
2506,83.533333,2768,92.266667,0.412183,matched
2507,83.566667,2770,92.333333,0.400109,matched
2508,83.6,2772,92.4,0.388034,matched
2509,83.633333,2774,92.466667,0.369768,matched
2510,83.666667,2776,92.533333,0.351502,matched
2511,83.7,2778,92.6,0.333236,review
2512,83.733333,2780,92.666667,0.31497,review
2513,83.766667,2782,92.733333,0.296704,review
2514,83.8,2784,92.8,0.278438,review
2515,83.833333,2786,92.866667,0.284781,review
2516,83.866667,2788,92.933333,0.291126,review
2517,83.9,2790,93.0,0.297472,review
2518,83.933333,2792,93.066667,0.303817,review
2519,83.966667,2794,93.133333,0.310163,review
2520,84.0,2796,93.2,0.316508,review
2521,84.033333,2798,93.266667,0.330072,review
2522,84.066667,2800,93.333333,0.343636,review
2523,84.1,2802,93.4,0.3572,matched
2524,84.133333,2804,93.466667,0.370763,matched
2525,84.166667,2806,93.533333,0.384327,matched
2526,84.2,2808,93.6,0.397891,matched
2527,84.233333,2810,93.666667,0.410995,matched
2528,84.266667,2812,93.733333,0.424099,matched
2529,84.3,2814,93.8,0.437203,matched
2530,84.333333,2816,93.866667,0.450307,matched
2531,84.366667,2818,93.933333,0.463411,matched
2532,84.4,2820,94.0,0.476514,matched
2533,84.433333,2822,94.066667,0.442749,matched
2534,84.466667,2824,94.133333,0.408981,matched
2535,84.5,2826,94.2,0.375212,matched
2536,84.533333,2828,94.266667,0.341444,review
2537,84.566667,2830,94.333333,0.307676,review
2538,84.6,2832,94.4,0.27391,review
2539,84.633333,2833,94.433333,0.264717,review
2540,84.666667,2833,94.433333,0.255524,review
2541,84.7,2834,94.466667,0.246332,review
2542,84.733333,2834,94.466667,0.237139,review
2543,84.766667,2835,94.5,0.227946,review
2544,84.8,2835,94.5,0.218754,review
2545,84.833333,2836,94.533333,0.209561,review
2546,84.866667,2836,94.533333,0.200369,review
2547,84.9,2836,94.533333,0.191176,review
2548,84.933333,2837,94.566667,0.181983,review
2549,84.966667,2837,94.566667,0.172791,review
2550,85.0,2838,94.6,0.163598,review
2551,85.033333,2840,94.666667,0.179153,review
2552,85.066667,2842,94.733333,0.194707,review
2553,85.1,2844,94.8,0.210262,review
2554,85.133333,2846,94.866667,0.225817,review
2555,85.166667,2848,94.933333,0.241372,review
2556,85.2,2850,95.0,0.256926,review
2557,85.233333,2852,95.066667,0.267261,review
2558,85.266667,2854,95.133333,0.277596,review
2559,85.3,2856,95.2,0.287931,review
2560,85.333333,2858,95.266667,0.298266,review
2561,85.366667,2860,95.333333,0.308601,review
2562,85.4,2862,95.4,0.318936,review
2563,85.433333,2864,95.466667,0.314469,review
2564,85.466667,2866,95.533333,0.310002,review
2565,85.5,2868,95.6,0.305535,review
2566,85.533333,2870,95.666667,0.301068,review
2567,85.566667,2872,95.733333,0.296601,review
2568,85.6,2874,95.8,0.292134,review
2569,85.633333,2876,95.866667,0.293731,review
2570,85.666667,2878,95.933333,0.295328,review
2571,85.7,2880,96.0,0.296924,review
2572,85.733333,2882,96.066667,0.298521,review
2573,85.766667,2884,96.133333,0.300118,review
2574,85.8,2886,96.2,0.301715,review
2575,85.833333,2888,96.266667,0.310215,review
2576,85.866667,2890,96.333333,0.318715,review
2577,85.9,2892,96.4,0.327216,review
2578,85.933333,2894,96.466667,0.335717,review
2579,85.966667,2896,96.533333,0.344217,review
2580,86.0,2898,96.6,0.352718,matched
2581,86.033333,2900,96.666667,0.325252,review
2582,86.066667,2902,96.733333,0.297787,review
2583,86.1,2904,96.8,0.270321,review
2584,86.133333,2906,96.866667,0.242856,review
2585,86.166667,2908,96.933333,0.21539,review
2586,86.2,2910,97.0,0.187929,review
2587,86.233333,2912,97.066667,0.214543,review
2588,86.266667,2914,97.133333,0.241157,review
2589,86.3,2916,97.2,0.267771,review
2590,86.333333,2918,97.266667,0.294384,review
2591,86.366667,2920,97.333333,0.320998,review
2592,86.4,2922,97.4,0.347612,review
2593,86.433333,2924,97.466667,0.396617,matched
2594,86.466667,2926,97.533333,0.445623,matched
2595,86.5,2928,97.6,0.494629,matched
2596,86.533333,2930,97.666667,0.543635,matched
2597,86.566667,2932,97.733333,0.592641,matched
2598,86.6,2934,97.8,0.641645,matched
2599,86.633333,2936,97.866667,0.636254,matched
2600,86.666667,2938,97.933333,0.630864,matched
2601,86.7,2940,98.0,0.625473,matched
2602,86.733333,2942,98.066667,0.620083,matched
2603,86.766667,2944,98.133333,0.614692,matched
2604,86.8,2946,98.2,0.609301,matched
2605,86.833333,2948,98.266667,0.576309,matched
2606,86.866667,2950,98.333333,0.543313,matched
2607,86.9,2952,98.4,0.510318,matched
2608,86.933333,2954,98.466667,0.477323,matched
2609,86.966667,2956,98.533333,0.444327,matched
2610,87.0,2958,98.6,0.411332,matched
2611,87.033333,2958,98.6,0.410023,matched
2612,87.066667,2959,98.633333,0.408715,matched
2613,87.1,2959,98.633333,0.407406,matched
2614,87.133333,2960,98.666667,0.406097,matched
2615,87.166667,2961,98.7,0.404789,matched
2616,87.2,2961,98.7,0.40348,matched
2617,87.233333,2962,98.733333,0.402171,matched
2618,87.266667,2962,98.733333,0.400863,matched
2619,87.3,2963,98.766667,0.399554,matched
2620,87.333333,2963,98.766667,0.398245,matched
2621,87.366667,2964,98.8,0.396937,matched
2622,87.4,2964,98.8,0.395628,matched
2623,87.433333,2966,98.866667,0.427315,matched
2624,87.466667,2968,98.933333,0.459003,matched
2625,87.5,2970,99.0,0.490691,matched
2626,87.533333,2972,99.066667,0.52238,matched
2627,87.566667,2974,99.133333,0.554068,matched
2628,87.6,2976,99.2,0.585755,matched
2629,87.633333,2978,99.266667,0.579689,matched
2630,87.666667,2980,99.333333,0.573624,matched
2631,87.7,2982,99.4,0.567558,matched
2632,87.733333,2984,99.466667,0.561493,matched
2633,87.766667,2986,99.533333,0.555427,matched
2634,87.8,2988,99.6,0.549362,matched
2635,87.833333,2990,99.666667,0.560551,matched
2636,87.866667,2992,99.733333,0.571742,matched
2637,87.9,2994,99.8,0.582932,matched
2638,87.933333,2996,99.866667,0.594123,matched
2639,87.966667,2998,99.933333,0.605314,matched
2640,88.0,3000,100.0,0.616505,matched
2641,88.033333,3002,100.066667,0.619057,matched
2642,88.066667,3004,100.133333,0.621609,matched
2643,88.1,3006,100.2,0.624161,matched
2644,88.133333,3008,100.266667,0.626713,matched
2645,88.166667,3010,100.333333,0.629264,matched
2646,88.2,3012,100.4,0.631817,matched
2647,88.233333,3014,100.466667,0.642532,matched
2648,88.266667,3016,100.533333,0.653247,matched
2649,88.3,3018,100.6,0.663961,matched
2650,88.333333,3020,100.666667,0.674676,matched
2651,88.366667,3022,100.733333,0.685391,matched
2652,88.4,3024,100.8,0.696106,matched
2653,88.433333,3026,100.866667,0.690766,matched
2654,88.466667,3028,100.933333,0.685426,matched
2655,88.5,3030,101.0,0.680086,matched
2656,88.533333,3032,101.066667,0.674746,matched
2657,88.566667,3034,101.133333,0.669406,matched
2658,88.6,3036,101.2,0.664066,matched
2659,88.633333,3038,101.266667,0.662727,matched
2660,88.666667,3040,101.333333,0.661387,matched
2661,88.7,3042,101.4,0.660048,matched
2662,88.733333,3044,101.466667,0.658709,matched
2663,88.766667,3046,101.533333,0.657369,matched
2664,88.8,3048,101.6,0.65603,matched
2665,88.833333,3050,101.666667,0.651549,matched
2666,88.866667,3052,101.733333,0.647067,matched
2667,88.9,3054,101.8,0.642585,matched
2668,88.933333,3056,101.866667,0.638103,matched
2669,88.966667,3058,101.933333,0.633621,matched
2670,89.0,3060,102.0,0.629139,matched
2671,89.033333,3062,102.066667,0.640099,matched
2672,89.066667,3064,102.133333,0.651059,matched
2673,89.1,3066,102.2,0.662019,matched
2674,89.133333,3068,102.266667,0.672978,matched
2675,89.166667,3070,102.333333,0.683938,matched
2676,89.2,3072,102.4,0.694896,matched
2677,89.233333,3074,102.466667,0.688283,matched
2678,89.266667,3076,102.533333,0.681669,matched
2679,89.3,3078,102.6,0.675055,matched
2680,89.333333,3080,102.666667,0.668441,matched
2681,89.366667,3082,102.733333,0.661827,matched
2682,89.4,3084,102.8,0.655213,matched
2683,89.433333,3086,102.866667,0.650268,matched
2684,89.466667,3088,102.933333,0.645323,matched
2685,89.5,3090,103.0,0.640377,matched
2686,89.533333,3092,103.066667,0.635432,matched
2687,89.566667,3094,103.133333,0.630487,matched
2688,89.6,3096,103.2,0.625543,matched
2689,89.633333,3098,103.266667,0.637952,matched
2690,89.666667,3100,103.333333,0.650361,matched
2691,89.7,3102,103.4,0.662771,matched
2692,89.733333,3104,103.466667,0.67518,matched
2693,89.766667,3106,103.533333,0.687589,matched
2694,89.8,3108,103.6,0.699999,matched
2695,89.833333,3108,103.6,0.7,matched
2696,89.866667,3109,103.633333,0.7,matched
2697,89.9,3109,103.633333,0.7,matched
2698,89.933333,3110,103.666667,0.7,matched
2699,89.966667,3111,103.7,0.7,matched
2700,90.0,3111,103.7,0.7,matched
2701,90.033333,3112,103.733333,0.7,matched
2702,90.066667,3112,103.733333,0.7,matched
2703,90.1,3113,103.766667,0.7,matched
2704,90.133333,3113,103.766667,0.7,matched
2705,90.166667,3114,103.8,0.7,matched
2706,90.2,3114,103.8,0.7,matched
2707,90.233333,3116,103.866667,0.702684,matched
2708,90.266667,3118,103.933333,0.705368,matched
2709,90.3,3120,104.0,0.708052,matched
2710,90.333333,3122,104.066667,0.710736,matched
2711,90.366667,3124,104.133333,0.71342,matched
2712,90.4,3126,104.2,0.716104,matched
2713,90.433333,3128,104.266667,0.712438,matched
2714,90.466667,3130,104.333333,0.708772,matched
2715,90.5,3132,104.4,0.705106,matched
2716,90.533333,3134,104.466667,0.70144,matched
2717,90.566667,3136,104.533333,0.697774,matched
2718,90.6,3138,104.6,0.694108,matched
2719,90.633333,3138,104.6,0.694599,matched
2720,90.666667,3139,104.633333,0.69509,matched
2721,90.7,3140,104.666667,0.695581,matched
2722,90.733333,3140,104.666667,0.696072,matched
2723,90.766667,3141,104.7,0.696563,matched
2724,90.8,3141,104.7,0.697054,matched
2725,90.833333,3142,104.733333,0.697545,matched
2726,90.866667,3142,104.733333,0.698036,matched
2727,90.9,3143,104.766667,0.698527,matched
2728,90.933333,3143,104.766667,0.699018,matched
2729,90.966667,3144,104.8,0.699509,matched
2730,91.0,3144,104.8,0.7,matched
2731,91.033333,3145,104.833333,0.696627,matched
2732,91.066667,3145,104.833333,0.693254,matched
2733,91.1,3146,104.866667,0.689882,matched
2734,91.133333,3146,104.866667,0.686509,matched
2735,91.166667,3147,104.9,0.683136,matched
2736,91.2,3147,104.9,0.679763,matched
2737,91.233333,3148,104.933333,0.67639,matched
2738,91.266667,3148,104.933333,0.673017,matched
2739,91.3,3149,104.966667,0.669645,matched
2740,91.333333,3149,104.966667,0.666272,matched
2741,91.366667,3149,104.966667,0.662899,matched
2742,91.4,3150,105.0,0.659526,matched
2743,91.433333,3150,105.0,0.651664,matched
2744,91.466667,3151,105.033333,0.643801,matched
2745,91.5,3151,105.033333,0.635939,matched
2746,91.533333,3152,105.066667,0.628076,matched
2747,91.566667,3152,105.066667,0.620214,matched
2748,91.6,3153,105.1,0.612351,matched
2749,91.633333,3153,105.1,0.604488,matched
2750,91.666667,3154,105.133333,0.596626,matched
2751,91.7,3154,105.133333,0.588763,matched
2752,91.733333,3155,105.166667,0.580901,matched
2753,91.766667,3155,105.166667,0.573038,matched
2754,91.8,3156,105.2,0.565176,matched
2755,91.833333,3158,105.266667,0.573876,matched
2756,91.866667,3160,105.333333,0.582578,matched
2757,91.9,3162,105.4,0.59128,matched
2758,91.933333,3164,105.466667,0.599982,matched
2759,91.966667,3166,105.533333,0.608684,matched
2760,92.0,3168,105.6,0.617386,matched
2761,92.033333,3168,105.6,0.619283,matched
2762,92.066667,3169,105.633333,0.62118,matched
2763,92.1,3169,105.633333,0.623076,matched
2764,92.133333,3170,105.666667,0.624973,matched
2765,92.166667,3171,105.7,0.62687,matched
2766,92.2,3171,105.7,0.628767,matched
2767,92.233333,3172,105.733333,0.630664,matched
2768,92.266667,3172,105.733333,0.632561,matched
2769,92.3,3173,105.766667,0.634457,matched
2770,92.333333,3173,105.766667,0.636354,matched
2771,92.366667,3174,105.8,0.638251,matched
2772,92.4,3174,105.8,0.640148,matched
2773,92.433333,3175,105.833333,0.635622,matched
2774,92.466667,3175,105.833333,0.631096,matched
2775,92.5,3176,105.866667,0.62657,matched
2776,92.533333,3176,105.866667,0.622045,matched
2777,92.566667,3177,105.9,0.617519,matched
2778,92.6,3177,105.9,0.612993,matched
2779,92.633333,3178,105.933333,0.608467,matched
2780,92.666667,3178,105.933333,0.603941,matched
2781,92.7,3178,105.933333,0.599415,matched
2782,92.733333,3179,105.966667,0.594889,matched
2783,92.766667,3179,105.966667,0.590363,matched
2784,92.8,3180,106.0,0.585837,matched
2785,92.833333,3180,106.0,0.58674,matched
2786,92.866667,3181,106.033333,0.587642,matched
2787,92.9,3181,106.033333,0.588545,matched
2788,92.933333,3182,106.066667,0.589447,matched
2789,92.966667,3182,106.066667,0.59035,matched
2790,93.0,3183,106.1,0.591253,matched
2791,93.033333,3183,106.1,0.592155,matched
2792,93.066667,3184,106.133333,0.593058,matched
2793,93.1,3184,106.133333,0.59396,matched
2794,93.133333,3185,106.166667,0.594863,matched
2795,93.166667,3185,106.166667,0.595765,matched
2796,93.2,3186,106.2,0.596668,matched
2797,93.233333,3186,106.2,0.599518,matched
2798,93.266667,3187,106.233333,0.602368,matched
2799,93.3,3187,106.233333,0.605217,matched
2800,93.333333,3188,106.266667,0.608067,matched
2801,93.366667,3189,106.3,0.610917,matched
2802,93.4,3189,106.3,0.613767,matched
2803,93.433333,3190,106.333333,0.616616,matched
2804,93.466667,3190,106.333333,0.619466,matched
2805,93.5,3191,106.366667,0.622316,matched
2806,93.533333,3191,106.366667,0.625166,matched
2807,93.566667,3192,106.4,0.628015,matched
2808,93.6,3192,106.4,0.630865,matched
2809,93.633333,3193,106.433333,0.63387,matched
2810,93.666667,3193,106.433333,0.636874,matched
2811,93.7,3194,106.466667,0.639879,matched
2812,93.733333,3194,106.466667,0.642884,matched
2813,93.766667,3195,106.5,0.645888,matched
2814,93.8,3195,106.5,0.648893,matched
2815,93.833333,3196,106.533333,0.651898,matched
2816,93.866667,3196,106.533333,0.654902,matched
2817,93.9,3196,106.533333,0.657907,matched
2818,93.933333,3197,106.566667,0.660912,matched
2819,93.966667,3197,106.566667,0.663916,matched
2820,94.0,3198,106.6,0.666921,matched
2821,94.033333,3198,106.6,0.658165,matched
2822,94.066667,3199,106.633333,0.649409,matched
2823,94.1,3199,106.633333,0.640652,matched
2824,94.133333,3200,106.666667,0.631896,matched
2825,94.166667,3201,106.7,0.62314,matched
2826,94.2,3201,106.7,0.614384,matched
2827,94.233333,3202,106.733333,0.605628,matched
2828,94.266667,3202,106.733333,0.596871,matched
2829,94.3,3203,106.766667,0.588115,matched
2830,94.333333,3203,106.766667,0.579359,matched
2831,94.366667,3204,106.8,0.570603,matched
2832,94.4,3204,106.8,0.561846,matched
2833,94.433333,3205,106.833333,0.576582,matched
2834,94.466667,3205,106.833333,0.591319,matched
2835,94.5,3206,106.866667,0.606055,matched
2836,94.533333,3206,106.866667,0.620792,matched
2837,94.566667,3207,106.9,0.635529,matched
2838,94.6,3207,106.9,0.650265,matched
2839,94.633333,3208,106.933333,0.665002,matched
2840,94.666667,3208,106.933333,0.679739,matched
2841,94.7,3208,106.933333,0.694476,matched
2842,94.733333,3209,106.966667,0.709212,matched
2843,94.766667,3209,106.966667,0.723949,matched
2844,94.8,3210,107.0,0.738686,matched
2845,94.833333,3212,107.066667,0.746286,matched
2846,94.866667,3214,107.133333,0.753885,matched
2847,94.9,3216,107.2,0.761484,matched
2848,94.933333,3218,107.266667,0.769083,matched
2849,94.966667,3220,107.333333,0.776683,matched
2850,95.0,3222,107.4,0.784282,matched
2851,95.033333,3223,107.433333,0.781853,matched
2852,95.066667,3224,107.466667,0.779424,matched
2853,95.1,3225,107.5,0.776994,matched
2854,95.133333,3226,107.533333,0.774565,matched
2855,95.166667,3227,107.566667,0.772136,matched
2856,95.2,3228,107.6,0.769706,matched
2857,95.233333,3229,107.633333,0.763898,matched
2858,95.266667,3229,107.633333,0.758089,matched
2859,95.3,3230,107.666667,0.75228,matched
2860,95.333333,3230,107.666667,0.746471,matched
2861,95.366667,3231,107.7,0.740662,matched
2862,95.4,3231,107.7,0.734853,matched
2863,95.433333,3232,107.733333,0.729044,matched
2864,95.466667,3232,107.733333,0.723235,matched
2865,95.5,3233,107.766667,0.717426,matched
2866,95.533333,3233,107.766667,0.711618,matched
2867,95.566667,3234,107.8,0.705809,matched
2868,95.6,3234,107.8,0.7,matched
2869,95.633333,3235,107.833333,0.710268,matched
2870,95.666667,3235,107.833333,0.720536,matched
2871,95.7,3236,107.866667,0.730804,matched
2872,95.733333,3236,107.866667,0.741072,matched
2873,95.766667,3237,107.9,0.751339,matched
2874,95.8,3237,107.9,0.761607,matched
2875,95.833333,3238,107.933333,0.771875,matched
2876,95.866667,3238,107.933333,0.782143,matched
2877,95.9,3239,107.966667,0.792411,matched
2878,95.933333,3239,107.966667,0.802678,matched
2879,95.966667,3240,108.0,0.812946,matched
2880,96.0,3240,108.0,0.823214,matched
2881,96.033333,3240,108.0,0.815457,matched
2882,96.066667,3241,108.033333,0.807701,matched
2883,96.1,3241,108.033333,0.799944,matched
2884,96.133333,3242,108.066667,0.792187,matched
2885,96.166667,3242,108.066667,0.78443,matched
2886,96.2,3243,108.1,0.776674,matched
2887,96.233333,3243,108.1,0.768917,matched
2888,96.266667,3244,108.133333,0.76116,matched
2889,96.3,3244,108.133333,0.753404,matched
2890,96.333333,3245,108.166667,0.745647,matched
2891,96.366667,3245,108.166667,0.73789,matched
2892,96.4,3246,108.2,0.730133,matched
2893,96.433333,3246,108.2,0.728947,matched
2894,96.466667,3247,108.233333,0.727762,matched
2895,96.5,3247,108.233333,0.726576,matched
2896,96.533333,3248,108.266667,0.725391,matched
2897,96.566667,3248,108.266667,0.724205,matched
2898,96.6,3249,108.3,0.72302,matched
2899,96.633333,3249,108.3,0.721834,matched
2900,96.666667,3250,108.333333,0.720648,matched
2901,96.7,3250,108.333333,0.719463,matched
2902,96.733333,3251,108.366667,0.718277,matched
2903,96.766667,3251,108.366667,0.717092,matched
2904,96.8,3252,108.4,0.715906,matched
2905,96.833333,3254,108.466667,0.69926,matched
2906,96.866667,3256,108.533333,0.682612,matched
2907,96.9,3258,108.6,0.665964,matched
2908,96.933333,3260,108.666667,0.649317,matched
2909,96.966667,3262,108.733333,0.632669,matched
2910,97.0,3264,108.8,0.616021,matched
2911,97.033333,3266,108.866667,0.629531,matched
2912,97.066667,3268,108.933333,0.64304,matched
2913,97.1,3270,109.0,0.65655,matched
2914,97.133333,3272,109.066667,0.67006,matched
2915,97.166667,3274,109.133333,0.68357,matched
2916,97.2,3276,109.2,0.697078,matched
2917,97.233333,3278,109.266667,0.701492,matched
2918,97.266667,3280,109.333333,0.705907,matched
2919,97.3,3282,109.4,0.710321,matched
2920,97.333333,3284,109.466667,0.714735,matched
2921,97.366667,3286,109.533333,0.719149,matched
2922,97.4,3288,109.6,0.723563,matched
2923,97.433333,3290,109.666667,0.700275,matched
2924,97.466667,3292,109.733333,0.676986,matched
2925,97.5,3294,109.8,0.653697,matched
2926,97.533333,3296,109.866667,0.630408,matched
2927,97.566667,3298,109.933333,0.607119,matched
2928,97.6,3300,110.0,0.583831,matched
2929,97.633333,3301,110.033333,0.58876,matched
2930,97.666667,3301,110.033333,0.593689,matched
2931,97.7,3301,110.033333,0.598618,matched
2932,97.733333,3302,110.066667,0.603547,matched
2933,97.766667,3302,110.066667,0.608477,matched
2934,97.8,3303,110.1,0.613406,matched
2935,97.833333,3303,110.1,0.618335,matched
2936,97.866667,3304,110.133333,0.623264,matched
2937,97.9,3304,110.133333,0.628193,matched
2938,97.933333,3305,110.166667,0.633122,matched
2939,97.966667,3305,110.166667,0.638051,matched
2940,98.0,3306,110.2,0.64298,matched
2941,98.033333,3308,110.266667,0.63991,matched
2942,98.066667,3310,110.333333,0.636841,matched
2943,98.1,3312,110.4,0.633771,matched
2944,98.133333,3314,110.466667,0.630702,matched
2945,98.166667,3316,110.533333,0.627632,matched
2946,98.2,3318,110.6,0.624564,matched
2947,98.233333,3319,110.633333,0.640529,matched
2948,98.266667,3320,110.666667,0.656494,matched
2949,98.3,3321,110.7,0.672459,matched
2950,98.333333,3322,110.733333,0.688424,matched
2951,98.366667,3323,110.766667,0.704389,matched
2952,98.4,3324,110.8,0.720354,matched
2953,98.433333,3325,110.833333,0.707308,matched
2954,98.466667,3325,110.833333,0.69426,matched
2955,98.5,3326,110.866667,0.681211,matched
2956,98.533333,3326,110.866667,0.668163,matched
2957,98.566667,3327,110.9,0.655115,matched
2958,98.6,3327,110.9,0.642067,matched
2959,98.633333,3328,110.933333,0.629019,matched
2960,98.666667,3328,110.933333,0.615971,matched
2961,98.7,3328,110.933333,0.602923,matched
2962,98.733333,3329,110.966667,0.589875,matched
2963,98.766667,3329,110.966667,0.576827,matched
2964,98.8,3330,111.0,0.563779,matched
2965,98.833333,3330,111.0,0.581349,matched
2966,98.866667,3331,111.033333,0.598922,matched
2967,98.9,3331,111.033333,0.616494,matched
2968,98.933333,3332,111.066667,0.634067,matched
2969,98.966667,3332,111.066667,0.65164,matched
2970,99.0,3333,111.1,0.669212,matched
2971,99.033333,3333,111.1,0.686785,matched
2972,99.066667,3334,111.133333,0.704358,matched
2973,99.1,3334,111.133333,0.721931,matched
2974,99.133333,3335,111.166667,0.739503,matched
2975,99.166667,3335,111.166667,0.757076,matched
2976,99.2,3336,111.2,0.774647,matched
2977,99.233333,3336,111.2,0.779437,matched
2978,99.266667,3337,111.233333,0.784226,matched
2979,99.3,3337,111.233333,0.789016,matched
2980,99.333333,3338,111.266667,0.793805,matched
2981,99.366667,3339,111.3,0.798594,matched
2982,99.4,3339,111.3,0.803384,matched
2983,99.433333,3340,111.333333,0.808173,matched
2984,99.466667,3340,111.333333,0.812963,matched
2985,99.5,3341,111.366667,0.817752,matched
2986,99.533333,3341,111.366667,0.822541,matched
2987,99.566667,3342,111.4,0.827331,matched
2988,99.6,3342,111.4,0.83212,matched
2989,99.633333,3344,111.466667,0.830829,matched
2990,99.666667,3346,111.533333,0.829538,matched
2991,99.7,3348,111.6,0.828247,matched
2992,99.733333,3350,111.666667,0.826956,matched
2993,99.766667,3352,111.733333,0.825665,matched
2994,99.8,3354,111.8,0.824374,matched
2995,99.833333,3356,111.866667,0.781225,matched
2996,99.866667,3358,111.933333,0.738072,matched
2997,99.9,3360,112.0,0.694919,matched
2998,99.933333,3362,112.066667,0.651766,matched
2999,99.966667,3364,112.133333,0.608613,matched
3000,100.0,3366,112.2,0.56546,matched
3001,100.033333,3367,112.233333,0.541631,matched
3002,100.066667,3368,112.266667,0.517803,matched
3003,100.1,3369,112.3,0.493974,matched
3004,100.133333,3370,112.333333,0.470145,matched
3005,100.166667,3371,112.366667,0.446317,matched
3006,100.2,3372,112.4,0.42249,matched
3007,100.233333,3373,112.433333,0.42561,matched
3008,100.266667,3373,112.433333,0.42873,matched
3009,100.3,3374,112.466667,0.431849,matched
3010,100.333333,3374,112.466667,0.434969,matched
3011,100.366667,3375,112.5,0.438089,matched
3012,100.4,3375,112.5,0.441208,matched
3013,100.433333,3376,112.533333,0.444328,matched
3014,100.466667,3376,112.533333,0.447448,matched
3015,100.5,3377,112.566667,0.450567,matched
3016,100.533333,3377,112.566667,0.453687,matched
3017,100.566667,3377,112.566667,0.456806,matched
3018,100.6,3378,112.6,0.459925,matched
3019,100.633333,3378,112.6,0.44746,matched
3020,100.666667,3379,112.633333,0.434995,matched
3021,100.7,3380,112.666667,0.422529,matched
3022,100.733333,3380,112.666667,0.410064,matched
3023,100.766667,3381,112.7,0.397599,matched
3024,100.8,3381,112.7,0.385133,matched
3025,100.833333,3382,112.733333,0.372668,matched
3026,100.866667,3382,112.733333,0.360202,matched
3027,100.9,3383,112.766667,0.347737,review
3028,100.933333,3383,112.766667,0.335272,review
3029,100.966667,3384,112.8,0.322806,review
3030,101.0,3384,112.8,0.310341,review
3031,101.033333,3386,112.866667,0.310969,review
3032,101.066667,3388,112.933333,0.311598,review
3033,101.1,3390,113.0,0.312226,review
3034,101.133333,3392,113.066667,0.312854,review
3035,101.166667,3394,113.133333,0.313483,review
3036,101.2,3396,113.2,0.314116,review
3037,101.233333,3398,113.266667,0.369592,matched
3038,101.266667,3400,113.333333,0.425067,matched
3039,101.3,3402,113.4,0.480543,matched
3040,101.333333,3404,113.466667,0.536018,matched
3041,101.366667,3406,113.533333,0.591494,matched
3042,101.4,3408,113.6,0.646969,matched
3043,101.433333,3408,113.6,0.654849,matched
3044,101.466667,3409,113.633333,0.662726,matched
3045,101.5,3409,113.633333,0.670603,matched
3046,101.533333,3410,113.666667,0.678481,matched
3047,101.566667,3410,113.666667,0.686358,matched
3048,101.6,3411,113.7,0.694235,matched
3049,101.633333,3411,113.7,0.702112,matched
3050,101.666667,3412,113.733333,0.709989,matched
3051,101.7,3413,113.766667,0.717867,matched
3052,101.733333,3413,113.766667,0.725744,matched
3053,101.766667,3414,113.8,0.733621,matched
3054,101.8,3414,113.8,0.741498,matched
3055,101.833333,3416,113.866667,0.737025,matched
3056,101.866667,3418,113.933333,0.73255,matched
3057,101.9,3420,114.0,0.728076,matched
3058,101.933333,3422,114.066667,0.723601,matched
3059,101.966667,3424,114.133333,0.719127,matched
3060,102.0,3426,114.2,0.714652,matched
3061,102.033333,3426,114.2,0.725495,matched
3062,102.066667,3427,114.233333,0.736338,matched
3063,102.1,3427,114.233333,0.747181,matched
3064,102.133333,3428,114.266667,0.758025,matched
3065,102.166667,3428,114.266667,0.768868,matched
3066,102.2,3429,114.3,0.779711,matched
3067,102.233333,3429,114.3,0.790554,matched
3068,102.266667,3430,114.333333,0.801397,matched
3069,102.3,3430,114.333333,0.81224,matched
3070,102.333333,3431,114.366667,0.823083,matched
3071,102.366667,3432,114.4,0.833926,matched
3072,102.4,3432,114.4,0.84477,matched
3073,102.433333,3433,114.433333,0.826164,matched
3074,102.466667,3433,114.433333,0.807557,matched
3075,102.5,3433,114.433333,0.78895,matched
3076,102.533333,3434,114.466667,0.770342,matched
3077,102.566667,3434,114.466667,0.751735,matched
3078,102.6,3435,114.5,0.733128,matched
3079,102.633333,3435,114.5,0.714521,matched
3080,102.666667,3436,114.533333,0.695914,matched
3081,102.7,3436,114.533333,0.677307,matched
3082,102.733333,3437,114.566667,0.6587,matched
3083,102.766667,3437,114.566667,0.640093,matched
3084,102.8,3438,114.6,0.621486,matched
3085,102.833333,3439,114.633333,0.619176,matched
3086,102.866667,3440,114.666667,0.616868,matched
3087,102.9,3441,114.7,0.61456,matched
3088,102.933333,3442,114.733333,0.612252,matched
3089,102.966667,3443,114.766667,0.609944,matched
3090,103.0,3444,114.8,0.607636,matched
3091,103.033333,3446,114.866667,0.594386,matched
3092,103.066667,3448,114.933333,0.581136,matched
3093,103.1,3450,115.0,0.567886,matched
3094,103.133333,3452,115.066667,0.554636,matched
3095,103.166667,3454,115.133333,0.541386,matched
3096,103.2,3456,115.2,0.528138,matched
3097,103.233333,3458,115.266667,0.53484,matched
3098,103.266667,3460,115.333333,0.541543,matched
3099,103.3,3462,115.4,0.548246,matched
3100,103.333333,3464,115.466667,0.554948,matched
3101,103.366667,3466,115.533333,0.561651,matched
3102,103.4,3468,115.6,0.568354,matched
3103,103.433333,3470,115.666667,0.56799,matched
3104,103.466667,3472,115.733333,0.567625,matched
3105,103.5,3474,115.8,0.567261,matched
3106,103.533333,3476,115.866667,0.566896,matched
3107,103.566667,3478,115.933333,0.566531,matched
3108,103.6,3480,116.0,0.566167,matched
3109,103.633333,3481,116.033333,0.560649,matched
3110,103.666667,3481,116.033333,0.55513,matched
3111,103.7,3481,116.033333,0.549612,matched
3112,103.733333,3482,116.066667,0.544094,matched
3113,103.766667,3482,116.066667,0.538576,matched
3114,103.8,3483,116.1,0.533057,matched
3115,103.833333,3483,116.1,0.527539,matched
3116,103.866667,3484,116.133333,0.522021,matched
3117,103.9,3484,116.133333,0.516503,matched
3118,103.933333,3485,116.166667,0.510984,matched
3119,103.966667,3485,116.166667,0.505466,matched
3120,104.0,3486,116.2,0.499948,matched
3121,104.033333,3486,116.2,0.496916,matched
3122,104.066667,3487,116.233333,0.493885,matched
3123,104.1,3487,116.233333,0.490853,matched
3124,104.133333,3488,116.266667,0.487822,matched
3125,104.166667,3488,116.266667,0.48479,matched
3126,104.2,3489,116.3,0.481759,matched
3127,104.233333,3489,116.3,0.478727,matched
3128,104.266667,3490,116.333333,0.475695,matched
3129,104.3,3490,116.333333,0.472664,matched
3130,104.333333,3491,116.366667,0.469632,matched
3131,104.366667,3492,116.4,0.466601,matched
3132,104.4,3492,116.4,0.463569,matched
3133,104.433333,3494,116.466667,0.468936,matched
3134,104.466667,3496,116.533333,0.474303,matched
3135,104.5,3498,116.6,0.47967,matched
3136,104.533333,3500,116.666667,0.485037,matched
3137,104.566667,3502,116.733333,0.490404,matched
3138,104.6,3504,116.8,0.495772,matched
3139,104.633333,3506,116.866667,0.528232,matched
3140,104.666667,3508,116.933333,0.560692,matched
3141,104.7,3510,117.0,0.593152,matched
3142,104.733333,3512,117.066667,0.625612,matched
3143,104.766667,3514,117.133333,0.658072,matched
3144,104.8,3516,117.2,0.690532,matched
3145,104.833333,3516,117.2,0.692098,matched
3146,104.866667,3517,117.233333,0.693662,matched
3147,104.9,3517,117.233333,0.695226,matched
3148,104.933333,3518,117.266667,0.696789,matched
3149,104.966667,3518,117.266667,0.698353,matched
3150,105.0,3519,117.3,0.699917,matched
3151,105.033333,3519,117.3,0.70148,matched
3152,105.066667,3520,117.333333,0.703044,matched
3153,105.1,3521,117.366667,0.704607,matched
3154,105.133333,3521,117.366667,0.706171,matched
3155,105.166667,3522,117.4,0.707735,matched
3156,105.2,3522,117.4,0.709298,matched
3157,105.233333,3524,117.466667,0.710973,matched
3158,105.266667,3526,117.533333,0.712647,matched
3159,105.3,3528,117.6,0.714322,matched
3160,105.333333,3530,117.666667,0.715997,matched
3161,105.366667,3532,117.733333,0.717671,matched
3162,105.4,3534,117.8,0.719346,matched
3163,105.433333,3536,117.866667,0.725873,matched
3164,105.466667,3538,117.933333,0.732401,matched
3165,105.5,3540,118.0,0.738928,matched
3166,105.533333,3542,118.066667,0.745455,matched
3167,105.566667,3544,118.133333,0.751983,matched
3168,105.6,3546,118.2,0.758509,matched
3169,105.633333,3547,118.233333,0.738578,matched
3170,105.666667,3548,118.266667,0.718647,matched
3171,105.7,3549,118.3,0.698716,matched
3172,105.733333,3550,118.333333,0.678786,matched
3173,105.766667,3551,118.366667,0.658855,matched
3174,105.8,3552,118.4,0.638924,matched
3175,105.833333,3552,118.4,0.646925,matched
3176,105.866667,3553,118.433333,0.654929,matched
3177,105.9,3554,118.466667,0.662933,matched
3178,105.933333,3554,118.466667,0.670937,matched
3179,105.966667,3554,118.466667,0.678941,matched
3180,106.0,3555,118.5,0.686944,matched
3181,106.033333,3556,118.533333,0.694948,matched
3182,106.066667,3556,118.533333,0.702952,matched
3183,106.1,3556,118.533333,0.710956,matched
3184,106.133333,3557,118.566667,0.71896,matched
3185,106.166667,3558,118.6,0.726964,matched
3186,106.2,3558,118.6,0.734966,matched
3187,106.233333,3559,118.633333,0.728145,matched
3188,106.266667,3559,118.633333,0.721323,matched
3189,106.3,3560,118.666667,0.714501,matched
3190,106.333333,3560,118.666667,0.707679,matched
3191,106.366667,3561,118.7,0.700857,matched
3192,106.4,3561,118.7,0.694036,matched
3193,106.433333,3562,118.733333,0.687214,matched
3194,106.466667,3562,118.733333,0.680392,matched
3195,106.5,3563,118.766667,0.67357,matched
3196,106.533333,3563,118.766667,0.666748,matched
3197,106.566667,3564,118.8,0.659927,matched
3198,106.6,3564,118.8,0.653105,matched
3199,106.633333,3565,118.833333,0.658861,matched
3200,106.666667,3565,118.833333,0.664617,matched
3201,106.7,3566,118.866667,0.670373,matched
3202,106.733333,3566,118.866667,0.676129,matched
3203,106.766667,3567,118.9,0.681884,matched
3204,106.8,3567,118.9,0.68764,matched
3205,106.833333,3568,118.933333,0.693396,matched
3206,106.866667,3568,118.933333,0.699152,matched
3207,106.9,3569,118.966667,0.704908,matched
3208,106.933333,3569,118.966667,0.710663,matched
3209,106.966667,3570,119.0,0.716419,matched
3210,107.0,3570,119.0,0.722175,matched
3211,107.033333,3570,119.0,0.712875,matched
3212,107.066667,3571,119.033333,0.703576,matched
3213,107.1,3571,119.033333,0.694276,matched
3214,107.133333,3572,119.066667,0.684976,matched
3215,107.166667,3572,119.066667,0.675677,matched
3216,107.2,3573,119.1,0.666377,matched
3217,107.233333,3573,119.1,0.657078,matched
3218,107.266667,3574,119.133333,0.647778,matched
3219,107.3,3574,119.133333,0.638478,matched
3220,107.333333,3575,119.166667,0.629179,matched
3221,107.366667,3575,119.166667,0.619879,matched
3222,107.4,3576,119.2,0.610579,matched
3223,107.433333,3576,119.2,0.600709,matched
3224,107.466667,3577,119.233333,0.590839,matched
3225,107.5,3577,119.233333,0.580968,matched
3226,107.533333,3578,119.266667,0.571098,matched
3227,107.566667,3578,119.266667,0.561228,matched
3228,107.6,3579,119.3,0.551357,matched
3229,107.633333,3579,119.3,0.541487,matched
3230,107.666667,3580,119.333333,0.531616,matched
3231,107.7,3580,119.333333,0.521746,matched
3232,107.733333,3581,119.366667,0.511876,matched
3233,107.766667,3581,119.366667,0.502005,matched
3234,107.8,3582,119.4,0.492135,matched
3235,107.833333,3584,119.466667,0.487474,matched
3236,107.866667,3586,119.533333,0.482814,matched
3237,107.9,3588,119.6,0.478153,matched
3238,107.933333,3590,119.666667,0.473493,matched
3239,107.966667,3592,119.733333,0.468832,matched
3240,108.0,3594,119.8,0.464172,matched
3241,108.033333,3596,119.866667,0.449952,matched
3242,108.066667,3598,119.933333,0.435732,matched
3243,108.1,3600,120.0,0.421511,matched
3244,108.133333,3602,120.066667,0.407291,matched
3245,108.166667,3604,120.133333,0.393071,matched
3246,108.2,3606,120.2,0.378853,matched
3247,108.233333,3606,120.2,0.393874,matched
3248,108.266667,3607,120.233333,0.408894,matched
3249,108.3,3607,120.233333,0.423914,matched
3250,108.333333,3608,120.266667,0.438934,matched
3251,108.366667,3609,120.3,0.453955,matched
3252,108.4,3609,120.3,0.468975,matched
3253,108.433333,3610,120.333333,0.483995,matched
3254,108.466667,3610,120.333333,0.499016,matched
3255,108.5,3611,120.366667,0.514036,matched
3256,108.533333,3611,120.366667,0.529056,matched
3257,108.566667,3612,120.4,0.544076,matched
3258,108.6,3612,120.4,0.559096,matched
3259,108.633333,3613,120.433333,0.55458,matched
3260,108.666667,3613,120.433333,0.550065,matched
3261,108.7,3614,120.466667,0.54555,matched
3262,108.733333,3614,120.466667,0.541034,matched
3263,108.766667,3615,120.5,0.536519,matched
3264,108.8,3615,120.5,0.532003,matched
3265,108.833333,3616,120.533333,0.527488,matched
3266,108.866667,3616,120.533333,0.522973,matched
3267,108.9,3616,120.533333,0.518457,matched
3268,108.933333,3617,120.566667,0.513942,matched
3269,108.966667,3617,120.566667,0.509426,matched
3270,109.0,3618,120.6,0.504911,matched
3271,109.033333,3618,120.6,0.502333,matched
3272,109.066667,3619,120.633333,0.499756,matched
3273,109.1,3619,120.633333,0.497178,matched
3274,109.133333,3620,120.666667,0.494601,matched
3275,109.166667,3621,120.7,0.492023,matched
3276,109.2,3621,120.7,0.489446,matched
3277,109.233333,3622,120.733333,0.486868,matched
3278,109.266667,3622,120.733333,0.48429,matched
3279,109.3,3623,120.766667,0.481713,matched
3280,109.333333,3623,120.766667,0.479135,matched
3281,109.366667,3624,120.8,0.476558,matched
3282,109.4,3624,120.8,0.47398,matched
3283,109.433333,3626,120.866667,0.476387,matched
3284,109.466667,3628,120.933333,0.478795,matched
3285,109.5,3630,121.0,0.481202,matched
3286,109.533333,3632,121.066667,0.483609,matched
3287,109.566667,3634,121.133333,0.486017,matched
3288,109.6,3636,121.2,0.488423,matched
3289,109.633333,3638,121.266667,0.469813,matched
3290,109.666667,3640,121.333333,0.451202,matched
3291,109.7,3642,121.4,0.432592,matched
3292,109.733333,3644,121.466667,0.413982,matched
3293,109.766667,3646,121.533333,0.395371,matched
3294,109.8,3648,121.6,0.376761,matched
3295,109.833333,3648,121.6,0.39036,matched
3296,109.866667,3649,121.633333,0.403961,matched
3297,109.9,3649,121.633333,0.417563,matched
3298,109.933333,3650,121.666667,0.431165,matched
3299,109.966667,3651,121.7,0.444767,matched
3300,110.0,3651,121.7,0.458369,matched
3301,110.033333,3652,121.733333,0.47197,matched
3302,110.066667,3652,121.733333,0.485572,matched
3303,110.1,3653,121.766667,0.499174,matched
3304,110.133333,3653,121.766667,0.512776,matched
3305,110.166667,3654,121.8,0.526377,matched
3306,110.2,3654,121.8,0.539976,matched
3307,110.233333,3656,121.866667,0.516277,matched
3308,110.266667,3658,121.933333,0.492579,matched
3309,110.3,3660,122.0,0.46888,matched
3310,110.333333,3662,122.066667,0.445182,matched
3311,110.366667,3664,122.133333,0.421484,matched
3312,110.4,3666,122.2,0.397785,matched
3313,110.433333,3668,122.266667,0.412773,matched
3314,110.466667,3670,122.333333,0.427763,matched
3315,110.5,3672,122.4,0.442753,matched
3316,110.533333,3674,122.466667,0.457744,matched
3317,110.566667,3676,122.533333,0.472734,matched
3318,110.6,3678,122.6,0.487725,matched
3319,110.633333,3679,122.633333,0.525461,matched
3320,110.666667,3680,122.666667,0.563197,matched
3321,110.7,3681,122.7,0.600934,matched
3322,110.733333,3682,122.733333,0.63867,matched
3323,110.766667,3683,122.766667,0.676406,matched
3324,110.8,3684,122.8,0.714143,matched
3325,110.833333,3686,122.866667,0.688474,matched
3326,110.866667,3688,122.933333,0.6628,matched
3327,110.9,3690,123.0,0.637125,matched
3328,110.933333,3692,123.066667,0.611451,matched
3329,110.966667,3694,123.133333,0.585776,matched
3330,111.0,3696,123.2,0.560102,matched
3331,111.033333,3698,123.266667,0.568791,matched
3332,111.066667,3700,123.333333,0.57748,matched
3333,111.1,3702,123.4,0.586169,matched
3334,111.133333,3704,123.466667,0.594859,matched
3335,111.166667,3706,123.533333,0.603548,matched
3336,111.2,3708,123.6,0.612234,matched
3337,111.233333,3710,123.666667,0.595595,matched
3338,111.266667,3712,123.733333,0.578956,matched
3339,111.3,3714,123.8,0.562317,matched
3340,111.333333,3716,123.866667,0.545677,matched
3341,111.366667,3718,123.933333,0.529038,matched
3342,111.4,3720,124.0,0.512399,matched
3343,111.433333,3722,124.066667,0.519266,matched
3344,111.466667,3724,124.133333,0.526135,matched
3345,111.5,3726,124.2,0.533004,matched
3346,111.533333,3728,124.266667,0.539872,matched
3347,111.566667,3730,124.333333,0.546741,matched
3348,111.6,3732,124.4,0.553606,matched
3349,111.633333,3734,124.466667,0.489527,matched
3350,111.666667,3736,124.533333,0.425447,matched
3351,111.7,3738,124.6,0.361367,matched
3352,111.733333,3740,124.666667,0.297288,review
3353,111.766667,3742,124.733333,0.233208,review
3354,111.8,3744,124.8,0.169129,review
3355,111.833333,3746,124.866667,0.183551,review
3356,111.866667,3748,124.933333,0.197981,review
3357,111.9,3750,125.0,0.21241,review
3358,111.933333,3752,125.066667,0.22684,review
3359,111.966667,3754,125.133333,0.241269,review
3360,112.0,3756,125.2,0.255699,review
3361,112.033333,3758,125.266667,0.243772,review
3362,112.066667,3760,125.333333,0.231845,review
3363,112.1,3762,125.4,0.219918,review
3364,112.133333,3764,125.466667,0.207992,review
3365,112.166667,3766,125.533333,0.196065,review
3366,112.2,3768,125.6,0.184139,review
3367,112.233333,3769,125.633333,0.184524,review
3368,112.266667,3769,125.633333,0.184909,review
3369,112.3,3770,125.666667,0.185295,review
3370,112.333333,3770,125.666667,0.18568,review
3371,112.366667,3771,125.7,0.186065,review
3372,112.4,3771,125.7,0.18645,review
3373,112.433333,3772,125.733333,0.186835,review
3374,112.466667,3772,125.733333,0.18722,review
3375,112.5,3773,125.766667,0.187606,review
3376,112.533333,3773,125.766667,0.187991,review
3377,112.566667,3774,125.8,0.188376,review
3378,112.6,3774,125.8,0.188761,review
3379,112.633333,3775,125.833333,0.195762,review
3380,112.666667,3775,125.833333,0.202762,review
3381,112.7,3776,125.866667,0.209762,review
3382,112.733333,3776,125.866667,0.216763,review
3383,112.766667,3777,125.9,0.223763,review
3384,112.8,3777,125.9,0.230764,review
3385,112.833333,3778,125.933333,0.237764,review
3386,112.866667,3778,125.933333,0.244764,review
3387,112.9,3779,125.966667,0.251765,review
3388,112.933333,3779,125.966667,0.258765,review
3389,112.966667,3780,126.0,0.265766,review
3390,113.0,3780,126.0,0.272766,review
3391,113.033333,3782,126.066667,0.290224,review
3392,113.066667,3784,126.133333,0.307683,review
3393,113.1,3786,126.2,0.325141,review
3394,113.133333,3788,126.266667,0.342599,review
3395,113.166667,3790,126.333333,0.360057,matched
3396,113.2,3792,126.4,0.377515,matched
3397,113.233333,3793,126.433333,0.384931,matched
3398,113.266667,3793,126.433333,0.392348,matched
3399,113.3,3794,126.466667,0.399765,matched
3400,113.333333,3794,126.466667,0.407182,matched
3401,113.366667,3795,126.5,0.414599,matched
3402,113.4,3795,126.5,0.422016,matched
3403,113.433333,3796,126.533333,0.429432,matched
3404,113.466667,3796,126.533333,0.436849,matched
3405,113.5,3797,126.566667,0.444266,matched
3406,113.533333,3797,126.566667,0.451683,matched
3407,113.566667,3797,126.566667,0.4591,matched
3408,113.6,3798,126.6,0.466517,matched
3409,113.633333,3798,126.6,0.481072,matched
3410,113.666667,3799,126.633333,0.495627,matched
3411,113.7,3800,126.666667,0.510181,matched
3412,113.733333,3800,126.666667,0.524736,matched
3413,113.766667,3801,126.7,0.539291,matched
3414,113.8,3801,126.7,0.553846,matched
3415,113.833333,3802,126.733333,0.568401,matched
3416,113.866667,3802,126.733333,0.582956,matched
3417,113.9,3803,126.766667,0.597511,matched
3418,113.933333,3803,126.766667,0.612066,matched
3419,113.966667,3804,126.8,0.626621,matched
3420,114.0,3804,126.8,0.641176,matched
3421,114.033333,3805,126.833333,0.612667,matched
3422,114.066667,3805,126.833333,0.584157,matched
3423,114.1,3806,126.866667,0.555648,matched
3424,114.133333,3806,126.866667,0.527139,matched
3425,114.166667,3807,126.9,0.498629,matched
3426,114.2,3807,126.9,0.47012,matched
3427,114.233333,3808,126.933333,0.441611,matched
3428,114.266667,3808,126.933333,0.413102,matched
3429,114.3,3809,126.966667,0.384592,matched
3430,114.333333,3809,126.966667,0.356083,matched
3431,114.366667,3809,126.966667,0.327574,review
3432,114.4,3810,127.0,0.299064,review
3433,114.433333,3810,127.0,0.307533,review
3434,114.466667,3811,127.033333,0.316004,review
3435,114.5,3811,127.033333,0.324474,review
3436,114.533333,3812,127.066667,0.332944,review
3437,114.566667,3812,127.066667,0.341415,review
3438,114.6,3813,127.1,0.349885,review
3439,114.633333,3813,127.1,0.358356,matched
3440,114.666667,3814,127.133333,0.366826,matched
3441,114.7,3814,127.133333,0.375297,matched
3442,114.733333,3815,127.166667,0.383767,matched
3443,114.766667,3815,127.166667,0.392238,matched
3444,114.8,3816,127.2,0.400708,matched
3445,114.833333,3816,127.2,0.399854,matched
3446,114.866667,3817,127.233333,0.398998,matched
3447,114.9,3817,127.233333,0.398143,matched
3448,114.933333,3818,127.266667,0.397287,matched
3449,114.966667,3818,127.266667,0.396432,matched
3450,115.0,3819,127.3,0.395576,matched
3451,115.033333,3819,127.3,0.39472,matched
3452,115.066667,3820,127.333333,0.393865,matched
3453,115.1,3821,127.366667,0.393009,matched
3454,115.133333,3821,127.366667,0.392154,matched
3455,115.166667,3822,127.4,0.391298,matched
3456,115.2,3822,127.4,0.390443,matched
3457,115.233333,3823,127.433333,0.386642,matched
3458,115.266667,3823,127.433333,0.382842,matched
3459,115.3,3824,127.466667,0.379042,matched
3460,115.333333,3824,127.466667,0.375241,matched
3461,115.366667,3825,127.5,0.371441,matched
3462,115.4,3825,127.5,0.367641,matched
3463,115.433333,3826,127.533333,0.36384,matched
3464,115.466667,3826,127.533333,0.36004,matched
3465,115.5,3827,127.566667,0.35624,matched
3466,115.533333,3827,127.566667,0.352439,matched
3467,115.566667,3827,127.566667,0.348639,review
3468,115.6,3828,127.6,0.344839,review
3469,115.633333,3828,127.6,0.335195,review
3470,115.666667,3829,127.633333,0.325552,review
3471,115.7,3830,127.666667,0.315909,review
3472,115.733333,3830,127.666667,0.306266,review
3473,115.766667,3831,127.7,0.296623,review
3474,115.8,3831,127.7,0.28698,review
3475,115.833333,3832,127.733333,0.277337,review
3476,115.866667,3832,127.733333,0.267694,review
3477,115.9,3833,127.766667,0.25805,review
3478,115.933333,3833,127.766667,0.248407,review
3479,115.966667,3834,127.8,0.238764,review
3480,116.0,3834,127.8,0.229121,review
3481,116.033333,3835,127.833333,0.243112,review
3482,116.066667,3835,127.833333,0.257102,review
3483,116.1,3836,127.866667,0.271093,review
3484,116.133333,3836,127.866667,0.285083,review
3485,116.166667,3837,127.9,0.299074,review
3486,116.2,3837,127.9,0.313064,review
3487,116.233333,3838,127.933333,0.327055,review
3488,116.266667,3838,127.933333,0.341045,review
3489,116.3,3839,127.966667,0.355036,matched
3490,116.333333,3839,127.966667,0.369026,matched
3491,116.366667,3839,127.966667,0.383017,matched
3492,116.4,3840,128.0,0.397007,matched
3493,116.433333,3842,128.066667,0.394105,matched
3494,116.466667,3844,128.133333,0.391202,matched
3495,116.5,3846,128.2,0.388299,matched
3496,116.533333,3848,128.266667,0.385397,matched
3497,116.566667,3850,128.333333,0.382494,matched
3498,116.6,3852,128.4,0.37959,matched
3499,116.633333,3854,128.466667,0.362306,matched
3500,116.666667,3856,128.533333,0.345022,review
3501,116.7,3858,128.6,0.327738,review
3502,116.733333,3860,128.666667,0.310454,review
3503,116.766667,3862,128.733333,0.29317,review
3504,116.8,3864,128.8,0.275886,review
3505,116.833333,3866,128.866667,0.242485,review
3506,116.866667,3868,128.933333,0.209083,review
3507,116.9,3870,129.0,0.175681,review
3508,116.933333,3872,129.066667,0.142278,review
3509,116.966667,3874,129.133333,0.108876,review
3510,117.0,3876,129.2,0.075474,review
3511,117.033333,3878,129.266667,0.079117,review
3512,117.066667,3880,129.333333,0.08276,review
3513,117.1,3882,129.4,0.086404,review
3514,117.133333,3884,129.466667,0.090047,review
3515,117.166667,3886,129.533333,0.09369,review
3516,117.2,3888,129.6,0.097332,review
3517,117.233333,3890,129.666667,0.09184,review
3518,117.266667,3892,129.733333,0.086348,review
3519,117.3,3894,129.8,0.080855,review
3520,117.333333,3896,129.866667,0.075363,review
3521,117.366667,3898,129.933333,0.069871,review
3522,117.4,3900,130.0,0.064378,review
3523,117.433333,3902,130.066667,0.060674,review
3524,117.466667,3904,130.133333,0.056971,review
3525,117.5,3906,130.2,0.053267,review
3526,117.533333,3908,130.266667,0.049563,review
3527,117.566667,3910,130.333333,0.04586,review
3528,117.6,3912,130.4,0.042156,review
3529,117.633333,3914,130.466667,0.03513,review
3530,117.666667,3916,130.533333,0.028104,review
3531,117.7,3918,130.6,0.021078,review
3532,117.733333,3920,130.666667,0.014052,review
3533,117.766667,3922,130.733333,0.007026,review
3534,117.8,3924,130.8,1e-06,review
3535,117.833333,3926,130.866667,0.0,review
3536,117.866667,3928,130.933333,0.0,review
3537,117.9,3930,131.0,0.0,review
3538,117.933333,3932,131.066667,0.0,review
3539,117.966667,3934,131.133333,0.0,review
3540,118.0,3936,131.2,0.0,review
3541,118.033333,3938,131.266667,0.0,review
3542,118.066667,3940,131.333333,0.0,review
3543,118.1,3942,131.4,0.0,review
3544,118.133333,3944,131.466667,0.0,review
3545,118.166667,3946,131.533333,0.0,review
3546,118.2,3948,131.6,0.0,review
3547,118.233333,3950,131.666667,0.0,review
3548,118.266667,3952,131.733333,0.0,review
3549,118.3,3954,131.8,0.0,review
3550,118.333333,3956,131.866667,0.0,review
3551,118.366667,3958,131.933333,0.0,review
3552,118.4,3960,132.0,0.0,review
3553,118.433333,3960,132.0,0.0,review
3554,118.466667,3961,132.033333,0.0,review
3555,118.5,3961,132.033333,0.0,review
3556,118.533333,3962,132.066667,0.0,review
3557,118.566667,3962,132.066667,0.0,review
3558,118.6,3963,132.1,0.0,review
3559,118.633333,3963,132.1,0.0,review
3560,118.666667,3964,132.133333,0.0,review
3561,118.7,3964,132.133333,0.0,review
3562,118.733333,3965,132.166667,0.0,review
3563,118.766667,3965,132.166667,0.0,review
3564,118.8,3966,132.2,0.0,review
3565,118.833333,3968,132.266667,0.0,review
3566,118.866667,3970,132.333333,0.0,review
3567,118.9,3972,132.4,0.0,review
3568,118.933333,3974,132.466667,0.0,review
3569,118.966667,3976,132.533333,0.0,review
3570,119.0,3978,132.6,0.0,review
3571,119.033333,3980,132.666667,0.010914,review
3572,119.066667,3982,132.733333,0.021828,review
3573,119.1,3984,132.8,0.032742,review
3574,119.133333,3986,132.866667,0.043656,review
3575,119.166667,3988,132.933333,0.05457,review
3576,119.2,3990,133.0,0.065487,review
3577,119.233333,3992,133.066667,0.113894,review
3578,119.266667,3994,133.133333,0.162302,review
3579,119.3,3996,133.2,0.210709,review
3580,119.333333,3998,133.266667,0.259116,review
3581,119.366667,4000,133.333333,0.307523,review
3582,119.4,4002,133.4,0.35593,matched
3583,119.433333,4004,133.466667,0.398215,matched
3584,119.466667,4006,133.533333,0.440499,matched
3585,119.5,4008,133.6,0.482784,matched
3586,119.533333,4010,133.666667,0.525069,matched
3587,119.566667,4012,133.733333,0.567353,matched
3588,119.6,4014,133.8,0.609635,matched
3589,119.633333,4015,133.833333,0.597578,matched
3590,119.666667,4015,133.833333,0.58552,matched
3591,119.7,4016,133.866667,0.573462,matched
3592,119.733333,4016,133.866667,0.561404,matched
3593,119.766667,4017,133.9,0.549346,matched
3594,119.8,4017,133.9,0.537288,matched
3595,119.833333,4018,133.933333,0.52523,matched
3596,119.866667,4018,133.933333,0.513172,matched
3597,119.9,4019,133.966667,0.501114,matched
3598,119.933333,4019,133.966667,0.489056,matched
3599,119.966667,4020,134.0,0.476998,matched
3600,120.0,4020,134.0,0.46494,matched
3601,120.033333,4020,134.0,0.467339,matched
3602,120.066667,4021,134.033333,0.469739,matched
3603,120.1,4021,134.033333,0.472138,matched
3604,120.133333,4022,134.066667,0.474538,matched
3605,120.166667,4022,134.066667,0.476937,matched
3606,120.2,4023,134.1,0.479336,matched
3607,120.233333,4023,134.1,0.481736,matched
3608,120.266667,4024,134.133333,0.484135,matched
3609,120.3,4024,134.133333,0.486535,matched
3610,120.333333,4025,134.166667,0.488934,matched
3611,120.366667,4025,134.166667,0.491333,matched
3612,120.4,4026,134.2,0.493733,matched
3613,120.433333,4028,134.266667,0.466627,matched
3614,120.466667,4030,134.333333,0.439521,matched
3615,120.5,4032,134.4,0.412414,matched
3616,120.533333,4034,134.466667,0.385307,matched
3617,120.566667,4036,134.533333,0.358201,matched
3618,120.6,4038,134.6,0.331096,review
3619,120.633333,4040,134.666667,0.355427,matched
3620,120.666667,4042,134.733333,0.379757,matched
3621,120.7,4044,134.8,0.404088,matched
3622,120.733333,4046,134.866667,0.428419,matched
3623,120.766667,4048,134.933333,0.452749,matched
3624,120.8,4050,135.0,0.47708,matched
3625,120.833333,4052,135.066667,0.497283,matched
3626,120.866667,4054,135.133333,0.517485,matched
3627,120.9,4056,135.2,0.537688,matched
3628,120.933333,4058,135.266667,0.55789,matched
3629,120.966667,4060,135.333333,0.578093,matched
3630,121.0,4062,135.4,0.598295,matched
3631,121.033333,4062,135.4,0.590361,matched
3632,121.066667,4063,135.433333,0.582426,matched
3633,121.1,4063,135.433333,0.574492,matched
3634,121.133333,4064,135.466667,0.566558,matched
3635,121.166667,4064,135.466667,0.558623,matched
3636,121.2,4065,135.5,0.550689,matched
3637,121.233333,4066,135.533333,0.542755,matched
3638,121.266667,4066,135.533333,0.534821,matched
3639,121.3,4067,135.566667,0.526886,matched
3640,121.333333,4067,135.566667,0.518952,matched
3641,121.366667,4068,135.6,0.511018,matched
3642,121.4,4068,135.6,0.503083,matched
3643,121.433333,4069,135.633333,0.512216,matched
3644,121.466667,4069,135.633333,0.52135,matched
3645,121.5,4070,135.666667,0.530484,matched
3646,121.533333,4070,135.666667,0.539618,matched
3647,121.566667,4071,135.7,0.548752,matched
3648,121.6,4071,135.7,0.557886,matched
3649,121.633333,4072,135.733333,0.56702,matched
3650,121.666667,4072,135.733333,0.576154,matched
3651,121.7,4073,135.766667,0.585287,matched
3652,121.733333,4073,135.766667,0.594421,matched
3653,121.766667,4074,135.8,0.603555,matched
3654,121.8,4074,135.8,0.612689,matched
3655,121.833333,4075,135.833333,0.611367,matched
3656,121.866667,4075,135.833333,0.610043,matched
3657,121.9,4076,135.866667,0.60872,matched
3658,121.933333,4076,135.866667,0.607397,matched
3659,121.966667,4077,135.9,0.606073,matched
3660,122.0,4077,135.9,0.60475,matched
3661,122.033333,4078,135.933333,0.603427,matched
3662,122.066667,4078,135.933333,0.602103,matched
3663,122.1,4079,135.966667,0.60078,matched
3664,122.133333,4079,135.966667,0.599457,matched
3665,122.166667,4080,136.0,0.598133,matched
3666,122.2,4080,136.0,0.59681,matched
3667,122.233333,4081,136.033333,0.597604,matched
3668,122.266667,4081,136.033333,0.598398,matched
3669,122.3,4082,136.066667,0.599193,matched
3670,122.333333,4082,136.066667,0.599987,matched
3671,122.366667,4082,136.066667,0.600781,matched
3672,122.4,4083,136.1,0.601575,matched
3673,122.433333,4083,136.1,0.602369,matched
3674,122.466667,4084,136.133333,0.603163,matched
3675,122.5,4084,136.133333,0.603958,matched
3676,122.533333,4085,136.166667,0.604752,matched
3677,122.566667,4085,136.166667,0.605546,matched
3678,122.6,4086,136.2,0.60634,matched
3679,122.633333,4088,136.266667,0.61066,matched
3680,122.666667,4090,136.333333,0.614981,matched
3681,122.7,4092,136.4,0.619301,matched
3682,122.733333,4094,136.466667,0.623621,matched
3683,122.766667,4096,136.533333,0.627941,matched
3684,122.8,4098,136.6,0.632262,matched
3685,122.833333,4099,136.633333,0.631204,matched
3686,122.866667,4099,136.633333,0.630146,matched
3687,122.9,4100,136.666667,0.629088,matched
3688,122.933333,4100,136.666667,0.62803,matched
3689,122.966667,4101,136.7,0.626972,matched
3690,123.0,4101,136.7,0.625914,matched
3691,123.033333,4102,136.733333,0.624857,matched
3692,123.066667,4102,136.733333,0.623799,matched
3693,123.1,4103,136.766667,0.622741,matched
3694,123.133333,4103,136.766667,0.621683,matched
3695,123.166667,4104,136.8,0.620625,matched
3696,123.2,4104,136.8,0.619565,matched
3697,123.233333,4106,136.866667,0.602063,matched
3698,123.266667,4108,136.933333,0.58456,matched
3699,123.3,4110,137.0,0.567057,matched
3700,123.333333,4112,137.066667,0.549554,matched
3701,123.366667,4114,137.133333,0.532052,matched
3702,123.4,4116,137.2,0.514549,matched
3703,123.433333,4118,137.266667,0.515021,matched
3704,123.466667,4120,137.333333,0.515494,matched
3705,123.5,4122,137.4,0.515967,matched
3706,123.533333,4124,137.466667,0.516439,matched
3707,123.566667,4126,137.533333,0.516912,matched
3708,123.6,4128,137.6,0.517385,matched
3709,123.633333,4130,137.666667,0.51789,matched
3710,123.666667,4132,137.733333,0.518395,matched
3711,123.7,4134,137.8,0.5189,matched
3712,123.733333,4136,137.866667,0.519405,matched
3713,123.766667,4138,137.933333,0.51991,matched
3714,123.8,4140,138.0,0.520415,matched
3715,123.833333,4140,138.0,0.522824,matched
3716,123.866667,4141,138.033333,0.525232,matched
3717,123.9,4141,138.033333,0.527641,matched
3718,123.933333,4142,138.066667,0.53005,matched
3719,123.966667,4142,138.066667,0.532459,matched
3720,124.0,4143,138.1,0.534867,matched
3721,124.033333,4143,138.1,0.537276,matched
3722,124.066667,4144,138.133333,0.539685,matched
3723,124.1,4144,138.133333,0.542094,matched
3724,124.133333,4145,138.166667,0.544503,matched
3725,124.166667,4145,138.166667,0.546911,matched
3726,124.2,4146,138.2,0.549319,matched
3727,124.233333,4146,138.2,0.54284,matched
3728,124.266667,4147,138.233333,0.536361,matched
3729,124.3,4147,138.233333,0.529882,matched
3730,124.333333,4148,138.266667,0.523402,matched
3731,124.366667,4148,138.266667,0.516923,matched
3732,124.4,4149,138.3,0.510444,matched
3733,124.433333,4149,138.3,0.503965,matched
3734,124.466667,4150,138.333333,0.497486,matched
3735,124.5,4150,138.333333,0.491006,matched
3736,124.533333,4151,138.366667,0.484527,matched
3737,124.566667,4151,138.366667,0.478048,matched
3738,124.6,,,0.0,unmatched
3739,124.633333,,,0.0,unmatched
3740,124.666667,,,0.0,unmatched
