night_frame,night_time_seconds,day_frame,day_time_seconds,confidence,status
0,0.0,0,0.0,0.422948,matched
1,0.033333,0,0.0,0.443478,matched
2,0.066667,1,0.033333,0.464008,matched
3,0.1,2,0.066667,0.484538,matched
4,0.133333,2,0.066667,0.505068,matched
5,0.166667,2,0.066667,0.525598,matched
6,0.2,3,0.1,0.546129,matched
7,0.233333,4,0.133333,0.566659,matched
8,0.266667,4,0.133333,0.587189,matched
9,0.3,4,0.133333,0.607719,matched
10,0.333333,5,0.166667,0.628249,matched
11,0.366667,6,0.2,0.648779,matched
12,0.4,6,0.2,0.669309,matched
13,0.433333,8,0.266667,0.646517,matched
14,0.466667,10,0.333333,0.623724,matched
15,0.5,12,0.4,0.600932,matched
16,0.533333,14,0.466667,0.57814,matched
17,0.566667,16,0.533333,0.555347,matched
18,0.6,18,0.6,0.532555,matched
19,0.633333,20,0.666667,0.534891,matched
20,0.666667,22,0.733333,0.537228,matched
21,0.7,24,0.8,0.539564,matched
22,0.733333,26,0.866667,0.541901,matched
23,0.766667,28,0.933333,0.544237,matched
24,0.8,30,1.0,0.546574,matched
25,0.833333,30,1.0,0.526451,matched
26,0.866667,31,1.033333,0.506329,matched
27,0.9,32,1.066667,0.486206,matched
28,0.933333,32,1.066667,0.466084,matched
29,0.966667,33,1.1,0.445961,matched
30,1.0,33,1.1,0.425839,matched
31,1.033333,34,1.133333,0.405716,matched
32,1.066667,34,1.133333,0.385593,matched
33,1.1,35,1.166667,0.365471,matched
34,1.133333,35,1.166667,0.345348,review
35,1.166667,36,1.2,0.325226,review
36,1.2,36,1.2,0.305103,review
37,1.233333,37,1.233333,0.3149,review
38,1.266667,37,1.233333,0.324696,review
39,1.3,38,1.266667,0.334493,review
40,1.333333,38,1.266667,0.34429,review
41,1.366667,38,1.266667,0.354087,matched
42,1.4,39,1.3,0.363883,matched
43,1.433333,39,1.3,0.37368,matched
44,1.466667,40,1.333333,0.383477,matched
45,1.5,40,1.333333,0.393274,matched
46,1.533333,41,1.366667,0.40307,matched
47,1.566667,41,1.366667,0.412867,matched
48,1.6,42,1.4,0.422664,matched
49,1.633333,42,1.4,0.426051,matched
50,1.666667,43,1.433333,0.429438,matched
51,1.7,43,1.433333,0.432825,matched
52,1.733333,44,1.466667,0.436213,matched
53,1.766667,44,1.466667,0.4396,matched
54,1.8,45,1.5,0.442987,matched
55,1.833333,45,1.5,0.446374,matched
56,1.866667,46,1.533333,0.449761,matched
57,1.9,47,1.566667,0.453148,matched
58,1.933333,47,1.566667,0.456536,matched
59,1.966667,48,1.6,0.459923,matched
60,2.0,48,1.6,0.46331,matched
61,2.033333,49,1.633333,0.457432,matched
62,2.066667,49,1.633333,0.451553,matched
63,2.1,49,1.633333,0.445675,matched
64,2.133333,50,1.666667,0.439796,matched
65,2.166667,50,1.666667,0.433918,matched
66,2.2,51,1.7,0.428039,matched
67,2.233333,51,1.7,0.422161,matched
68,2.266667,52,1.733333,0.416282,matched
69,2.3,52,1.733333,0.410404,matched
70,2.333333,53,1.766667,0.404525,matched
71,2.366667,53,1.766667,0.398647,matched
72,2.4,54,1.8,0.392768,matched
73,2.433333,54,1.8,0.36777,matched
74,2.466667,55,1.833333,0.342771,review
75,2.5,55,1.833333,0.317773,review
76,2.533333,56,1.866667,0.292775,review
77,2.566667,56,1.866667,0.267776,review
78,2.6,57,1.9,0.242778,review
79,2.633333,57,1.9,0.21778,review
80,2.666667,58,1.933333,0.192781,review
81,2.7,58,1.933333,0.167783,review
82,2.733333,59,1.966667,0.142785,review
83,2.766667,60,2.0,0.117786,review
84,2.8,60,2.0,0.092788,review
85,2.833333,61,2.033333,0.143389,review
86,2.866667,61,2.033333,0.19399,review
87,2.9,62,2.066667,0.244591,review
88,2.933333,62,2.066667,0.295192,review
89,2.966667,63,2.1,0.345793,review
90,3.0,63,2.1,0.396394,matched
91,3.033333,64,2.133333,0.446995,matched
92,3.066667,64,2.133333,0.497596,matched
93,3.1,65,2.166667,0.548197,matched
94,3.133333,65,2.166667,0.598798,matched
95,3.166667,66,2.2,0.649399,matched
96,3.2,66,2.2,0.7,matched
97,3.233333,67,2.233333,0.7,matched
98,3.266667,67,2.233333,0.7,matched
99,3.3,68,2.266667,0.7,matched
100,3.333333,68,2.266667,0.7,matched
101,3.366667,69,2.3,0.7,matched
102,3.4,69,2.3,0.7,matched
103,3.433333,70,2.333333,0.7,matched
104,3.466667,70,2.333333,0.7,matched
105,3.5,71,2.366667,0.7,matched
106,3.533333,71,2.366667,0.7,matched
107,3.566667,72,2.4,0.7,matched
108,3.6,72,2.4,0.7,matched
109,3.633333,73,2.433333,0.672881,matched
110,3.666667,73,2.433333,0.645762,matched
111,3.7,74,2.466667,0.618642,matched
112,3.733333,74,2.466667,0.591523,matched
113,3.766667,75,2.5,0.564404,matched
114,3.8,75,2.5,0.537285,matched
115,3.833333,76,2.533333,0.510166,matched
116,3.866667,76,2.533333,0.483047,matched
117,3.9,76,2.533333,0.455927,matched
118,3.933333,77,2.566667,0.428808,matched
119,3.966667,77,2.566667,0.401689,matched
120,4.0,78,2.6,0.37457,matched
121,4.033333,78,2.6,0.37882,matched
122,4.066667,79,2.633333,0.383069,matched
123,4.1,79,2.633333,0.387319,matched
124,4.133333,80,2.666667,0.391568,matched
125,4.166667,80,2.666667,0.395818,matched
126,4.2,81,2.7,0.400068,matched
127,4.233333,81,2.7,0.404317,matched
128,4.266667,82,2.733333,0.408567,matched
129,4.3,82,2.733333,0.412816,matched
130,4.333333,83,2.766667,0.417066,matched
131,4.366667,83,2.766667,0.421315,matched
132,4.4,84,2.8,0.425565,matched
133,4.433333,86,2.866667,0.366133,matched
134,4.466667,88,2.933333,0.306701,review
135,4.5,90,3.0,0.24727,review
136,4.533333,92,3.066667,0.187838,review
137,4.566667,94,3.133333,0.128406,review
138,4.6,96,3.2,0.068974,review
139,4.633333,98,3.266667,0.113195,review
140,4.666667,100,3.333333,0.157417,review
141,4.7,102,3.4,0.201638,review
142,4.733333,104,3.466667,0.245859,review
143,4.766667,106,3.533333,0.29008,review
144,4.8,108,3.6,0.334302,review
145,4.833333,110,3.666667,0.323402,review
146,4.866667,112,3.733333,0.312502,review
147,4.9,114,3.8,0.301602,review
148,4.933333,116,3.866667,0.290702,review
149,4.966667,118,3.933333,0.279802,review
150,5.0,120,4.0,0.268902,review
151,5.033333,122,4.066667,0.271384,review
152,5.066667,124,4.133333,0.273865,review
153,5.1,126,4.2,0.276347,review
154,5.133333,128,4.266667,0.278829,review
155,5.166667,130,4.333333,0.28131,review
156,5.2,132,4.4,0.283792,review
157,5.233333,134,4.466667,0.273021,review
158,5.266667,136,4.533333,0.262249,review
159,5.3,138,4.6,0.251478,review
160,5.333333,140,4.666667,0.240707,review
161,5.366667,142,4.733333,0.229935,review
162,5.4,144,4.8,0.219164,review
163,5.433333,145,4.833333,0.241373,review
164,5.466667,145,4.833333,0.263582,review
165,5.5,146,4.866667,0.285791,review
166,5.533333,146,4.866667,0.308,review
167,5.566667,147,4.9,0.330209,review
168,5.6,147,4.9,0.352418,matched
169,5.633333,148,4.933333,0.374627,matched
170,5.666667,148,4.933333,0.396836,matched
171,5.7,148,4.933333,0.419045,matched
172,5.733333,149,4.966667,0.441254,matched
173,5.766667,149,4.966667,0.463463,matched
174,5.8,150,5.0,0.485672,matched
175,5.833333,152,5.066667,0.477411,matched
176,5.866667,154,5.133333,0.46915,matched
177,5.9,156,5.2,0.460889,matched
178,5.933333,158,5.266667,0.452628,matched
179,5.966667,160,5.333333,0.444367,matched
180,6.0,162,5.4,0.436106,matched
181,6.033333,163,5.433333,0.441748,matched
182,6.066667,163,5.433333,0.447391,matched
183,6.1,164,5.466667,0.453033,matched
184,6.133333,164,5.466667,0.458675,matched
185,6.166667,164,5.466667,0.464318,matched
186,6.2,165,5.5,0.46996,matched
187,6.233333,165,5.5,0.475602,matched
188,6.266667,166,5.533333,0.481245,matched
189,6.3,166,5.533333,0.486887,matched
190,6.333333,167,5.566667,0.492529,matched
191,6.366667,167,5.566667,0.498172,matched
192,6.4,168,5.6,0.503814,matched
193,6.433333,170,5.666667,0.47447,matched
194,6.466667,172,5.733333,0.445125,matched
195,6.5,174,5.8,0.41578,matched
196,6.533333,176,5.866667,0.386436,matched
197,6.566667,178,5.933333,0.357091,matched
198,6.6,180,6.0,0.327747,review
199,6.633333,181,6.033333,0.35486,matched
200,6.666667,181,6.033333,0.381972,matched
201,6.7,181,6.033333,0.409085,matched
202,6.733333,182,6.066667,0.436197,matched
203,6.766667,182,6.066667,0.46331,matched
204,6.8,183,6.1,0.490423,matched
205,6.833333,183,6.1,0.517535,matched
206,6.866667,184,6.133333,0.544648,matched
207,6.9,184,6.133333,0.57176,matched
208,6.933333,185,6.166667,0.598873,matched
209,6.966667,185,6.166667,0.625985,matched
210,7.0,186,6.2,0.653098,matched
211,7.033333,186,6.2,0.62482,matched
212,7.066667,187,6.233333,0.596543,matched
213,7.1,187,6.233333,0.568266,matched
214,7.133333,188,6.266667,0.539988,matched
215,7.166667,188,6.266667,0.511711,matched
216,7.2,189,6.3,0.483433,matched
217,7.233333,189,6.3,0.455156,matched
218,7.266667,190,6.333333,0.426878,matched
219,7.3,190,6.333333,0.398601,matched
220,7.333333,191,6.366667,0.370323,matched
221,7.366667,192,6.4,0.342046,review
222,7.4,192,6.4,0.313768,review
223,7.433333,193,6.433333,0.345954,review
224,7.466667,193,6.433333,0.37814,matched
225,7.5,193,6.433333,0.410326,matched
226,7.533333,194,6.466667,0.442512,matched
227,7.566667,194,6.466667,0.474698,matched
228,7.6,195,6.5,0.506884,matched
229,7.633333,195,6.5,0.53907,matched
230,7.666667,196,6.533333,0.571256,matched
231,7.7,196,6.533333,0.603442,matched
232,7.733333,197,6.566667,0.635628,matched
233,7.766667,197,6.566667,0.667814,matched
234,7.8,198,6.6,0.7,matched
235,7.833333,200,6.666667,0.67274,matched
236,7.866667,202,6.733333,0.645479,matched
237,7.9,204,6.8,0.618219,matched
238,7.933333,206,6.866667,0.590959,matched
239,7.966667,208,6.933333,0.563698,matched
240,8.0,210,7.0,0.536438,matched
241,8.033333,210,7.0,0.500888,matched
242,8.066667,211,7.033333,0.465338,matched
243,8.1,212,7.066667,0.429789,matched
244,8.133333,212,7.066667,0.394239,matched
245,8.166667,212,7.066667,0.358689,matched
246,8.2,213,7.1,0.323139,review
247,8.233333,214,7.133333,0.28759,review
248,8.266667,214,7.133333,0.25204,review
249,8.3,214,7.133333,0.21649,review
250,8.333333,215,7.166667,0.18094,review
251,8.366667,216,7.2,0.14539,review
252,8.4,216,7.2,0.109841,review
253,8.433333,216,7.2,0.13935,review
254,8.466667,217,7.233333,0.16886,review
255,8.5,218,7.266667,0.198369,review
256,8.533333,218,7.266667,0.227878,review
257,8.566667,218,7.266667,0.257387,review
258,8.6,219,7.3,0.286896,review
259,8.633333,220,7.333333,0.316405,review
260,8.666667,220,7.333333,0.345914,review
261,8.7,220,7.333333,0.375423,matched
262,8.733333,221,7.366667,0.404933,matched
263,8.766667,222,7.4,0.434442,matched
264,8.8,222,7.4,0.463951,matched
265,8.833333,224,7.466667,0.410115,matched
266,8.866667,226,7.533333,0.356279,matched
267,8.9,228,7.6,0.302443,review
268,8.933333,230,7.666667,0.248606,review
269,8.966667,232,7.733333,0.19477,review
270,9.0,234,7.8,0.140934,review
271,9.033333,235,7.833333,0.138148,review
272,9.066667,235,7.833333,0.135361,review
273,9.1,236,7.866667,0.132574,review
274,9.133333,236,7.866667,0.129788,review
275,9.166667,237,7.9,0.127001,review
276,9.2,237,7.9,0.124215,review
277,9.233333,238,7.933333,0.121428,review
278,9.266667,238,7.933333,0.118642,review
279,9.3,239,7.966667,0.115855,review
280,9.333333,239,7.966667,0.113069,review
281,9.366667,240,8.0,0.110282,review
282,9.4,240,8.0,0.107496,review
283,9.433333,241,8.033333,0.109004,review
284,9.466667,241,8.033333,0.110513,review
285,9.5,242,8.066667,0.112021,review
286,9.533333,242,8.066667,0.113529,review
287,9.566667,242,8.066667,0.115037,review
288,9.6,243,8.1,0.116546,review
289,9.633333,243,8.1,0.118054,review
290,9.666667,244,8.133333,0.119562,review
291,9.7,244,8.133333,0.12107,review
292,9.733333,245,8.166667,0.122578,review
293,9.766667,245,8.166667,0.124087,review
294,9.8,246,8.2,0.125595,review
295,9.833333,246,8.2,0.126131,review
296,9.866667,247,8.233333,0.126666,review
297,9.9,247,8.233333,0.127202,review
298,9.933333,248,8.266667,0.127737,review
299,9.966667,248,8.266667,0.128273,review
300,10.0,249,8.3,0.128808,review
301,10.033333,249,8.3,0.129344,review
302,10.066667,250,8.333333,0.12988,review
303,10.1,250,8.333333,0.130415,review
304,10.133333,251,8.366667,0.130951,review
305,10.166667,251,8.366667,0.131486,review
306,10.2,252,8.4,0.132022,review
307,10.233333,252,8.4,0.140743,review
308,10.266667,253,8.433333,0.149465,review
309,10.3,253,8.433333,0.158186,review
310,10.333333,254,8.466667,0.166907,review
311,10.366667,254,8.466667,0.175628,review
312,10.4,255,8.5,0.184349,review
313,10.433333,255,8.5,0.193071,review
314,10.466667,256,8.533333,0.201792,review
315,10.5,257,8.566667,0.210513,review
316,10.533333,257,8.566667,0.219234,review
317,10.566667,258,8.6,0.227956,review
318,10.6,258,8.6,0.236677,review
319,10.633333,259,8.633333,0.241554,review
320,10.666667,259,8.633333,0.246431,review
321,10.7,260,8.666667,0.251308,review
322,10.733333,260,8.666667,0.256185,review
323,10.766667,261,8.7,0.261062,review
324,10.8,261,8.7,0.265939,review
325,10.833333,262,8.733333,0.270817,review
326,10.866667,262,8.733333,0.275694,review
327,10.9,263,8.766667,0.280571,review
328,10.933333,263,8.766667,0.285448,review
329,10.966667,264,8.8,0.290325,review
330,11.0,264,8.8,0.295202,review
331,11.033333,265,8.833333,0.288949,review
332,11.066667,265,8.833333,0.282695,review
333,11.1,266,8.866667,0.276442,review
334,11.133333,266,8.866667,0.270188,review
335,11.166667,267,8.9,0.263935,review
336,11.2,267,8.9,0.257681,review
337,11.233333,268,8.933333,0.251428,review
338,11.266667,268,8.933333,0.245175,review
339,11.3,269,8.966667,0.238921,review
340,11.333333,269,8.966667,0.232668,review
341,11.366667,270,9.0,0.226414,review
342,11.4,270,9.0,0.220161,review
343,11.433333,271,9.033333,0.256104,review
344,11.466667,271,9.033333,0.292047,review
345,11.5,272,9.066667,0.32799,review
346,11.533333,272,9.066667,0.363933,matched
347,11.566667,272,9.066667,0.399876,matched
348,11.6,273,9.1,0.435819,matched
349,11.633333,273,9.1,0.471761,matched
350,11.666667,274,9.133333,0.507704,matched
351,11.7,274,9.133333,0.543647,matched
352,11.733333,275,9.166667,0.57959,matched
353,11.766667,275,9.166667,0.615533,matched
354,11.8,276,9.2,0.651476,matched
355,11.833333,278,9.266667,0.599035,matched
356,11.866667,280,9.333333,0.546595,matched
357,11.9,282,9.4,0.494154,matched
358,11.933333,284,9.466667,0.441713,matched
359,11.966667,286,9.533333,0.389272,matched
360,12.0,288,9.6,0.336831,review
361,12.033333,290,9.666667,0.389423,matched
362,12.066667,292,9.733333,0.442015,matched
363,12.1,294,9.8,0.494608,matched
364,12.133333,296,9.866667,0.5472,matched
365,12.166667,298,9.933333,0.599792,matched
366,12.2,300,10.0,0.652384,matched
367,12.233333,301,10.033333,0.637004,matched
368,12.266667,301,10.033333,0.621624,matched
369,12.3,301,10.033333,0.606244,matched
370,12.333333,302,10.066667,0.590864,matched
371,12.366667,302,10.066667,0.575484,matched
372,12.4,303,10.1,0.560104,matched
373,12.433333,303,10.1,0.544723,matched
374,12.466667,304,10.133333,0.529343,matched
375,12.5,304,10.133333,0.513963,matched
376,12.533333,305,10.166667,0.498583,matched
377,12.566667,305,10.166667,0.483203,matched
378,12.6,306,10.2,0.467823,matched
379,12.633333,306,10.2,0.447372,matched
380,12.666667,307,10.233333,0.426921,matched
381,12.7,307,10.233333,0.406469,matched
382,12.733333,308,10.266667,0.386018,matched
383,12.766667,308,10.266667,0.365566,matched
384,12.8,309,10.3,0.345115,review
385,12.833333,309,10.3,0.324664,review
386,12.866667,310,10.333333,0.304212,review
387,12.9,310,10.333333,0.283761,review
388,12.933333,311,10.366667,0.26331,review
389,12.966667,311,10.366667,0.242858,review
390,13.0,312,10.4,0.222407,review
391,13.033333,312,10.4,0.218872,review
392,13.066667,313,10.433333,0.215338,review
393,13.1,313,10.433333,0.211803,review
394,13.133333,314,10.466667,0.208269,review
395,13.166667,315,10.5,0.204734,review
396,13.2,315,10.5,0.201199,review
397,13.233333,316,10.533333,0.197665,review
398,13.266667,316,10.533333,0.19413,review
399,13.3,317,10.566667,0.190596,review
400,13.333333,317,10.566667,0.187061,review
401,13.366667,318,10.6,0.183527,review
402,13.4,318,10.6,0.179992,review
403,13.433333,319,10.633333,0.164993,review
404,13.466667,319,10.633333,0.149993,review
405,13.5,320,10.666667,0.134994,review
406,13.533333,320,10.666667,0.119995,review
407,13.566667,321,10.7,0.104995,review
408,13.6,321,10.7,0.089996,review
409,13.633333,322,10.733333,0.074997,review
410,13.666667,322,10.733333,0.059997,review
411,13.7,323,10.766667,0.044998,review
412,13.733333,323,10.766667,0.029999,review
413,13.766667,324,10.8,0.014999,review
414,13.8,324,10.8,0.0,review
415,13.833333,325,10.833333,0.029459,review
416,13.866667,325,10.833333,0.058918,review
417,13.9,326,10.866667,0.088376,review
418,13.933333,326,10.866667,0.117835,review
419,13.966667,327,10.9,0.147294,review
420,14.0,327,10.9,0.176753,review
421,14.033333,328,10.933333,0.206212,review
422,14.066667,328,10.933333,0.235671,review
423,14.1,329,10.966667,0.26513,review
424,14.133333,329,10.966667,0.294588,review
425,14.166667,330,11.0,0.324047,review
426,14.2,330,11.0,0.353506,matched
427,14.233333,331,11.033333,0.360367,matched
428,14.266667,331,11.033333,0.367228,matched
429,14.3,331,11.033333,0.374088,matched
430,14.333333,332,11.066667,0.380949,matched
431,14.366667,332,11.066667,0.38781,matched
432,14.4,333,11.1,0.39467,matched
433,14.433333,333,11.1,0.401531,matched
434,14.466667,334,11.133333,0.408392,matched
435,14.5,334,11.133333,0.415253,matched
436,14.533333,335,11.166667,0.422113,matched
437,14.566667,335,11.166667,0.428974,matched
438,14.6,336,11.2,0.435835,matched
439,14.633333,336,11.2,0.437887,matched
440,14.666667,337,11.233333,0.439939,matched
441,14.7,337,11.233333,0.441991,matched
442,14.733333,338,11.266667,0.444043,matched
443,14.766667,338,11.266667,0.446095,matched
444,14.8,339,11.3,0.448146,matched
445,14.833333,339,11.3,0.450198,matched
446,14.866667,340,11.333333,0.45225,matched
447,14.9,340,11.333333,0.454302,matched
448,14.933333,341,11.366667,0.456354,matched
449,14.966667,341,11.366667,0.458406,matched
450,15.0,342,11.4,0.460458,matched
451,15.033333,342,11.4,0.47399,matched
452,15.066667,343,11.433333,0.487523,matched
453,15.1,343,11.433333,0.501055,matched
454,15.133333,344,11.466667,0.514587,matched
455,15.166667,345,11.5,0.52812,matched
456,15.2,345,11.5,0.541652,matched
457,15.233333,346,11.533333,0.555184,matched
458,15.266667,346,11.533333,0.568717,matched
459,15.3,347,11.566667,0.582249,matched
460,15.333333,347,11.566667,0.595781,matched
461,15.366667,348,11.6,0.609314,matched
462,15.4,348,11.6,0.622846,matched
463,15.433333,349,11.633333,0.586924,matched
464,15.466667,349,11.633333,0.551003,matched
465,15.5,350,11.666667,0.515082,matched
466,15.533333,350,11.666667,0.479161,matched
467,15.566667,351,11.7,0.44324,matched
468,15.6,351,11.7,0.407319,matched
469,15.633333,352,11.733333,0.371398,matched
470,15.666667,352,11.733333,0.335477,review
471,15.7,353,11.766667,0.299556,review
472,15.733333,353,11.766667,0.263634,review
473,15.766667,354,11.8,0.227713,review
474,15.8,354,11.8,0.191792,review
475,15.833333,355,11.833333,0.175809,review
476,15.866667,355,11.833333,0.159827,review
477,15.9,355,11.833333,0.143844,review
478,15.933333,356,11.866667,0.127862,review
479,15.966667,356,11.866667,0.111879,review
480,16.0,357,11.9,0.095896,review
481,16.033333,357,11.9,0.079914,review
482,16.066667,358,11.933333,0.063931,review
483,16.1,358,11.933333,0.047948,review
484,16.133333,359,11.966667,0.031966,review
485,16.166667,359,11.966667,0.015983,review
486,16.2,360,12.0,0.0,review
487,16.233333,360,12.0,0.052922,review
488,16.266667,361,12.033333,0.105846,review
489,16.3,361,12.033333,0.158769,review
490,16.333333,362,12.066667,0.211692,review
491,16.366667,362,12.066667,0.264616,review
492,16.4,363,12.1,0.317539,review
493,16.433333,363,12.1,0.370462,matched
494,16.466667,364,12.133333,0.423386,matched
495,16.5,364,12.133333,0.476309,matched
496,16.533333,365,12.166667,0.529233,matched
497,16.566667,365,12.166667,0.582156,matched
498,16.6,366,12.2,0.635079,matched
499,16.633333,366,12.2,0.585979,matched
500,16.666667,367,12.233333,0.536877,matched
501,16.7,367,12.233333,0.487775,matched
502,16.733333,368,12.266667,0.438673,matched
503,16.766667,368,12.266667,0.389571,matched
504,16.8,369,12.3,0.340469,review
505,16.833333,369,12.3,0.291367,review
506,16.866667,370,12.333333,0.242266,review
507,16.9,370,12.333333,0.193164,review
508,16.933333,371,12.366667,0.144062,review
509,16.966667,371,12.366667,0.09496,review
510,17.0,372,12.4,0.045858,review
511,17.033333,372,12.4,0.087023,review
512,17.066667,373,12.433333,0.128187,review
513,17.1,373,12.433333,0.169352,review
514,17.133333,374,12.466667,0.210517,review
515,17.166667,375,12.5,0.251682,review
516,17.2,375,12.5,0.292846,review
517,17.233333,376,12.533333,0.334011,review
518,17.266667,376,12.533333,0.375176,matched
519,17.3,377,12.566667,0.41634,matched
520,17.333333,377,12.566667,0.457505,matched
521,17.366667,378,12.6,0.49867,matched
522,17.4,378,12.6,0.539834,matched
523,17.433333,380,12.666667,0.54124,matched
524,17.466667,382,12.733333,0.542646,matched
525,17.5,384,12.8,0.544051,matched
526,17.533333,386,12.866667,0.545457,matched
527,17.566667,388,12.933333,0.546863,matched
528,17.6,390,13.0,0.548269,matched
529,17.633333,390,13.0,0.50258,matched
530,17.666667,391,13.033333,0.456891,matched
531,17.7,391,13.033333,0.411202,matched
532,17.733333,392,13.066667,0.365513,matched
533,17.766667,392,13.066667,0.319824,review
534,17.8,393,13.1,0.274135,review
535,17.833333,393,13.1,0.228446,review
536,17.866667,394,13.133333,0.182756,review
537,17.9,394,13.133333,0.137067,review
538,17.933333,395,13.166667,0.091378,review
539,17.966667,395,13.166667,0.045689,review
540,18.0,396,13.2,0.0,review
541,18.033333,398,13.266667,0.00396,review
542,18.066667,400,13.333333,0.00792,review
543,18.1,402,13.4,0.011879,review
544,18.133333,404,13.466667,0.015839,review
545,18.166667,406,13.533333,0.019799,review
546,18.2,408,13.6,0.023759,review
547,18.233333,408,13.6,0.021779,review
548,18.266667,409,13.633333,0.019799,review
549,18.3,410,13.666667,0.017819,review
550,18.333333,410,13.666667,0.015839,review
551,18.366667,410,13.666667,0.013859,review
552,18.4,411,13.7,0.01188,review
553,18.433333,412,13.733333,0.0099,review
554,18.466667,412,13.733333,0.00792,review
555,18.5,412,13.733333,0.00594,review
556,18.533333,413,13.766667,0.00396,review
557,18.566667,414,13.8,0.00198,review
558,18.6,414,13.8,0.0,review
559,18.633333,414,13.8,0.0,review
560,18.666667,415,13.833333,0.0,review
561,18.7,416,13.866667,0.0,review
562,18.733333,416,13.866667,0.0,review
563,18.766667,416,13.866667,0.0,review
564,18.8,417,13.9,0.0,review
565,18.833333,418,13.933333,0.0,review
566,18.866667,418,13.933333,0.0,review
567,18.9,418,13.933333,0.0,review
568,18.933333,419,13.966667,0.0,review
569,18.966667,420,14.0,0.0,review
570,19.0,420,14.0,0.0,review
571,19.033333,420,14.0,0.006499,review
572,19.066667,421,14.033333,0.012998,review
573,19.1,422,14.066667,0.019497,review
574,19.133333,422,14.066667,0.025996,review
575,19.166667,422,14.066667,0.032495,review
576,19.2,423,14.1,0.038994,review
577,19.233333,424,14.133333,0.045493,review
578,19.266667,424,14.133333,0.051992,review
579,19.3,424,14.133333,0.058491,review
580,19.333333,425,14.166667,0.06499,review
581,19.366667,426,14.2,0.071489,review
582,19.4,426,14.2,0.077988,review
583,19.433333,426,14.2,0.084314,review
584,19.466667,427,14.233333,0.09064,review
585,19.5,428,14.266667,0.096966,review
586,19.533333,428,14.266667,0.103292,review
587,19.566667,428,14.266667,0.109618,review
588,19.6,429,14.3,0.115944,review
589,19.633333,430,14.333333,0.12227,review
590,19.666667,430,14.333333,0.128596,review
591,19.7,430,14.333333,0.134922,review
592,19.733333,431,14.366667,0.141248,review
593,19.766667,432,14.4,0.147574,review
594,19.8,432,14.4,0.1539,review
595,19.833333,432,14.4,0.153213,review
596,19.866667,433,14.433333,0.152526,review
597,19.9,434,14.466667,0.151839,review
598,19.933333,434,14.466667,0.151153,review
599,19.966667,434,14.466667,0.150466,review
600,20.0,435,14.5,0.149779,review
601,20.033333,436,14.533333,0.149092,review
602,20.066667,436,14.533333,0.148405,review
603,20.1,436,14.533333,0.147719,review
604,20.133333,437,14.566667,0.147032,review
605,20.166667,438,14.6,0.146345,review
606,20.2,438,14.6,0.145658,review
607,20.233333,438,14.6,0.13352,review
608,20.266667,439,14.633333,0.121382,review
609,20.3,440,14.666667,0.109244,review
610,20.333333,440,14.666667,0.097106,review
611,20.366667,440,14.666667,0.084967,review
612,20.4,441,14.7,0.072829,review
613,20.433333,442,14.733333,0.060691,review
614,20.466667,442,14.733333,0.048553,review
615,20.5,442,14.733333,0.036415,review
616,20.533333,443,14.766667,0.024276,review
617,20.566667,444,14.8,0.012138,review
618,20.6,444,14.8,0.0,review
619,20.633333,444,14.8,0.00514,review
620,20.666667,445,14.833333,0.01028,review
621,20.7,446,14.866667,0.015419,review
622,20.733333,446,14.866667,0.020559,review
623,20.766667,446,14.866667,0.025699,review
624,20.8,447,14.9,0.030839,review
625,20.833333,448,14.933333,0.035979,review
626,20.866667,448,14.933333,0.041119,review
627,20.9,448,14.933333,0.046258,review
628,20.933333,449,14.966667,0.051398,review
629,20.966667,450,15.0,0.056538,review
630,21.0,450,15.0,0.061678,review
631,21.033333,450,15.0,0.090484,review
632,21.066667,451,15.033333,0.11929,review
633,21.1,452,15.066667,0.148095,review
634,21.133333,452,15.066667,0.176901,review
635,21.166667,452,15.066667,0.205707,review
636,21.2,453,15.1,0.234513,review
637,21.233333,454,15.133333,0.263318,review
638,21.266667,454,15.133333,0.292124,review
639,21.3,454,15.133333,0.32093,review
640,21.333333,455,15.166667,0.349736,review
641,21.366667,456,15.2,0.378542,matched
642,21.4,456,15.2,0.407347,matched
643,21.433333,458,15.266667,0.366668,matched
644,21.466667,460,15.333333,0.325989,review
645,21.5,462,15.4,0.28531,review
646,21.533333,464,15.466667,0.244632,review
647,21.566667,466,15.533333,0.203953,review
648,21.6,468,15.6,0.163274,review
649,21.633333,470,15.666667,0.174036,review
650,21.666667,472,15.733333,0.184798,review
651,21.7,474,15.8,0.195561,review
652,21.733333,476,15.866667,0.206323,review
653,21.766667,478,15.933333,0.217085,review
654,21.8,480,16.0,0.227847,review
655,21.833333,481,16.033333,0.231959,review
656,21.866667,481,16.033333,0.23607,review
657,21.9,482,16.066667,0.240182,review
658,21.933333,482,16.066667,0.244293,review
659,21.966667,483,16.1,0.248405,review
660,22.0,483,16.1,0.252516,review
661,22.033333,484,16.133333,0.256627,review
662,22.066667,484,16.133333,0.260739,review
663,22.1,485,16.166667,0.26485,review
664,22.133333,485,16.166667,0.268962,review
665,22.166667,486,16.2,0.273073,review
666,22.2,486,16.2,0.277185,review
667,22.233333,488,16.266667,0.32381,review
668,22.266667,490,16.333333,0.370436,matched
669,22.3,492,16.4,0.417062,matched
670,22.333333,494,16.466667,0.463688,matched
671,22.366667,496,16.533333,0.510314,matched
672,22.4,498,16.6,0.556939,matched
673,22.433333,500,16.666667,0.464116,matched
674,22.466667,502,16.733333,0.371293,matched
675,22.5,504,16.8,0.27847,review
676,22.533333,506,16.866667,0.185647,review
677,22.566667,508,16.933333,0.092824,review
678,22.6,510,17.0,1e-06,review
679,22.633333,512,17.066667,0.022294,review
680,22.666667,514,17.133333,0.044588,review
681,22.7,516,17.2,0.066883,review
682,22.733333,518,17.266667,0.089177,review
683,22.766667,520,17.333333,0.111471,review
684,22.8,522,17.4,0.133766,review
685,22.833333,524,17.466667,0.172786,review
686,22.866667,526,17.533333,0.211806,review
687,22.9,528,17.6,0.250825,review
688,22.933333,530,17.666667,0.289845,review
689,22.966667,532,17.733333,0.328865,review
690,23.0,534,17.8,0.367885,matched
691,23.033333,536,17.866667,0.351429,matched
692,23.066667,538,17.933333,0.334972,review
693,23.1,540,18.0,0.318516,review
694,23.133333,542,18.066667,0.30206,review
695,23.166667,544,18.133333,0.285604,review
696,23.2,546,18.2,0.269147,review
697,23.233333,547,18.233333,0.305051,review
698,23.266667,547,18.233333,0.340955,review
699,23.3,548,18.266667,0.37686,matched
700,23.333333,548,18.266667,0.412764,matched
701,23.366667,548,18.266667,0.448668,matched
702,23.4,549,18.3,0.484573,matched
703,23.433333,549,18.3,0.520477,matched
704,23.466667,550,18.333333,0.556382,matched
705,23.5,550,18.333333,0.592286,matched
706,23.533333,551,18.366667,0.628191,matched
707,23.566667,551,18.366667,0.664095,matched
708,23.6,552,18.4,0.7,matched
709,23.633333,554,18.466667,0.7,matched
710,23.666667,556,18.533333,0.7,matched
711,23.7,558,18.6,0.7,matched
712,23.733333,560,18.666667,0.7,matched
713,23.766667,562,18.733333,0.7,matched
714,23.8,564,18.8,0.7,matched
715,23.833333,566,18.866667,0.678868,matched
716,23.866667,568,18.933333,0.657736,matched
717,23.9,570,19.0,0.636604,matched
718,23.933333,572,19.066667,0.615472,matched
719,23.966667,574,19.133333,0.594341,matched
720,24.0,576,19.2,0.573209,matched
721,24.033333,578,19.266667,0.594341,matched
722,24.066667,580,19.333333,0.615472,matched
723,24.1,582,19.4,0.636604,matched
724,24.133333,584,19.466667,0.657736,matched
725,24.166667,586,19.533333,0.678868,matched
726,24.2,588,19.6,0.7,matched
727,24.233333,590,19.666667,0.669924,matched
728,24.266667,592,19.733333,0.639847,matched
729,24.3,594,19.8,0.60977,matched
730,24.333333,596,19.866667,0.579693,matched
731,24.366667,598,19.933333,0.549616,matched
732,24.4,600,20.0,0.519539,matched
733,24.433333,602,20.066667,0.549616,matched
734,24.466667,604,20.133333,0.579693,matched
735,24.5,606,20.2,0.609769,matched
736,24.533333,608,20.266667,0.639846,matched
737,24.566667,610,20.333333,0.669923,matched
738,24.6,612,20.4,0.7,matched
739,24.633333,614,20.466667,0.693562,matched
740,24.666667,616,20.533333,0.687124,matched
741,24.7,618,20.6,0.680686,matched
742,24.733333,620,20.666667,0.674249,matched
743,24.766667,622,20.733333,0.667811,matched
744,24.8,624,20.8,0.661373,matched
745,24.833333,626,20.866667,0.641289,matched
746,24.866667,628,20.933333,0.621206,matched
747,24.9,630,21.0,0.601123,matched
748,24.933333,632,21.066667,0.58104,matched
749,24.966667,634,21.133333,0.560956,matched
750,25.0,636,21.2,0.540873,matched
751,25.033333,637,21.233333,0.533693,matched
752,25.066667,637,21.233333,0.526513,matched
753,25.1,638,21.266667,0.519334,matched
754,25.133333,638,21.266667,0.512154,matched
755,25.166667,639,21.3,0.504974,matched
756,25.2,639,21.3,0.497794,matched
757,25.233333,640,21.333333,0.490615,matched
758,25.266667,640,21.333333,0.483435,matched
759,25.3,641,21.366667,0.476255,matched
760,25.333333,641,21.366667,0.469075,matched
761,25.366667,641,21.366667,0.461896,matched
762,25.4,642,21.4,0.454716,matched
763,25.433333,642,21.4,0.475157,matched
764,25.466667,643,21.433333,0.495597,matched
765,25.5,644,21.466667,0.516037,matched
766,25.533333,644,21.466667,0.536478,matched
767,25.566667,645,21.5,0.556918,matched
768,25.6,645,21.5,0.577358,matched
769,25.633333,646,21.533333,0.597799,matched
770,25.666667,646,21.533333,0.618239,matched
771,25.7,647,21.566667,0.638679,matched
772,25.733333,647,21.566667,0.65912,matched
773,25.766667,648,21.6,0.67956,matched
774,25.8,648,21.6,0.7,matched
775,25.833333,650,21.666667,0.7,matched
776,25.866667,652,21.733333,0.7,matched
777,25.9,654,21.8,0.7,matched
778,25.933333,656,21.866667,0.7,matched
779,25.966667,658,21.933333,0.7,matched
780,26.0,660,22.0,0.7,matched
781,26.033333,662,22.066667,0.7,matched
782,26.066667,664,22.133333,0.7,matched
783,26.1,666,22.2,0.7,matched
784,26.133333,668,22.266667,0.7,matched
785,26.166667,670,22.333333,0.7,matched
786,26.2,672,22.4,0.7,matched
787,26.233333,674,22.466667,0.678187,matched
788,26.266667,676,22.533333,0.656373,matched
789,26.3,678,22.6,0.634559,matched
790,26.333333,680,22.666667,0.612745,matched
791,26.366667,682,22.733333,0.590931,matched
792,26.4,684,22.8,0.569117,matched
793,26.433333,686,22.866667,0.586432,matched
794,26.466667,688,22.933333,0.603747,matched
795,26.5,690,23.0,0.621062,matched
796,26.533333,692,23.066667,0.638376,matched
797,26.566667,694,23.133333,0.655691,matched
798,26.6,696,23.2,0.673006,matched
799,26.633333,697,23.233333,0.670482,matched
800,26.666667,697,23.233333,0.667958,matched
801,26.7,698,23.266667,0.665433,matched
802,26.733333,698,23.266667,0.662909,matched
803,26.766667,699,23.3,0.660385,matched
804,26.8,699,23.3,0.657861,matched
805,26.833333,700,23.333333,0.655336,matched
806,26.866667,700,23.333333,0.652812,matched
807,26.9,700,23.333333,0.650288,matched
808,26.933333,701,23.366667,0.647763,matched
809,26.966667,701,23.366667,0.645239,matched
810,27.0,702,23.4,0.642715,matched
811,27.033333,704,23.466667,0.655695,matched
812,27.066667,706,23.533333,0.668676,matched
813,27.1,708,23.6,0.681656,matched
814,27.133333,710,23.666667,0.694637,matched
815,27.166667,712,23.733333,0.707617,matched
816,27.2,714,23.8,0.720598,matched
817,27.233333,715,23.833333,0.717165,matched
818,27.266667,716,23.866667,0.713732,matched
819,27.3,717,23.9,0.710299,matched
820,27.333333,718,23.933333,0.706866,matched
821,27.366667,719,23.966667,0.703433,matched
822,27.4,720,24.0,0.7,matched
823,27.433333,721,24.033333,0.688737,matched
824,27.466667,721,24.033333,0.677473,matched
825,27.5,722,24.066667,0.66621,matched
826,27.533333,722,24.066667,0.654946,matched
827,27.566667,723,24.1,0.643683,matched
828,27.6,723,24.1,0.63242,matched
829,27.633333,724,24.133333,0.621156,matched
830,27.666667,724,24.133333,0.609893,matched
831,27.7,725,24.166667,0.59863,matched
832,27.733333,725,24.166667,0.587366,matched
833,27.766667,726,24.2,0.576103,matched
834,27.8,726,24.2,0.56484,matched
835,27.833333,727,24.233333,0.571552,matched
836,27.866667,727,24.233333,0.578263,matched
837,27.9,728,24.266667,0.584975,matched
838,27.933333,728,24.266667,0.591687,matched
839,27.966667,729,24.3,0.598398,matched
840,28.0,729,24.3,0.60511,matched
841,28.033333,730,24.333333,0.611822,matched
842,28.066667,730,24.333333,0.618533,matched
843,28.1,730,24.333333,0.625245,matched
844,28.133333,731,24.366667,0.631957,matched
845,28.166667,731,24.366667,0.638668,matched
846,28.2,732,24.4,0.64538,matched
847,28.233333,732,24.4,0.642692,matched
848,28.266667,733,24.433333,0.640004,matched
849,28.3,733,24.433333,0.637316,matched
850,28.333333,734,24.466667,0.634627,matched
851,28.366667,734,24.466667,0.631939,matched
852,28.4,735,24.5,0.629251,matched
853,28.433333,735,24.5,0.626563,matched
854,28.466667,736,24.533333,0.623875,matched
855,28.5,736,24.533333,0.621187,matched
856,28.533333,737,24.566667,0.618498,matched
857,28.566667,738,24.6,0.61581,matched
858,28.6,738,24.6,0.613122,matched
859,28.633333,739,24.633333,0.604419,matched
860,28.666667,739,24.633333,0.595717,matched
861,28.7,739,24.633333,0.587014,matched
862,28.733333,740,24.666667,0.578312,matched
863,28.766667,740,24.666667,0.569609,matched
864,28.8,741,24.7,0.560907,matched
865,28.833333,741,24.7,0.552204,matched
866,28.866667,742,24.733333,0.543501,matched
867,28.9,742,24.733333,0.534799,matched
868,28.933333,743,24.766667,0.526096,matched
869,28.966667,743,24.766667,0.517394,matched
870,29.0,744,24.8,0.508691,matched
871,29.033333,746,24.866667,0.47275,matched
872,29.066667,748,24.933333,0.436809,matched
873,29.1,750,25.0,0.400868,matched
874,29.133333,752,25.066667,0.364928,matched
875,29.166667,754,25.133333,0.328987,review
876,29.2,756,25.2,0.293046,review
877,29.233333,758,25.266667,0.349775,review
878,29.266667,760,25.333333,0.406505,matched
879,29.3,762,25.4,0.463236,matched
880,29.333333,764,25.466667,0.519967,matched
881,29.366667,766,25.533333,0.576698,matched
882,29.4,768,25.6,0.633428,matched
883,29.433333,770,25.666667,0.638509,matched
884,29.466667,772,25.733333,0.643589,matched
885,29.5,774,25.8,0.648669,matched
886,29.533333,776,25.866667,0.65375,matched
887,29.566667,778,25.933333,0.65883,matched
888,29.6,780,26.0,0.663911,matched
889,29.633333,780,26.0,0.640382,matched
890,29.666667,781,26.033333,0.616853,matched
891,29.7,782,26.066667,0.593323,matched
892,29.733333,782,26.066667,0.569794,matched
893,29.766667,783,26.1,0.546265,matched
894,29.8,783,26.1,0.522736,matched
895,29.833333,784,26.133333,0.499206,matched
896,29.866667,784,26.133333,0.475677,matched
897,29.9,785,26.166667,0.452148,matched
898,29.933333,785,26.166667,0.428619,matched
899,29.966667,786,26.2,0.405089,matched
900,30.0,786,26.2,0.38156,matched
901,30.033333,787,26.233333,0.405745,matched
902,30.066667,787,26.233333,0.429931,matched
903,30.1,788,26.266667,0.454116,matched
904,30.133333,788,26.266667,0.478302,matched
905,30.166667,789,26.3,0.502487,matched
906,30.2,789,26.3,0.526673,matched
907,30.233333,790,26.333333,0.550858,matched
908,30.266667,790,26.333333,0.575044,matched
909,30.3,791,26.366667,0.599229,matched
910,30.333333,791,26.366667,0.623414,matched
911,30.366667,791,26.366667,0.6476,matched
912,30.4,792,26.4,0.671785,matched
913,30.433333,794,26.466667,0.670013,matched
914,30.466667,796,26.533333,0.668241,matched
915,30.5,798,26.6,0.666469,matched
916,30.533333,800,26.666667,0.664696,matched
917,30.566667,802,26.733333,0.662924,matched
918,30.6,804,26.8,0.661152,matched
919,30.633333,804,26.8,0.664389,matched
920,30.666667,805,26.833333,0.667627,matched
921,30.7,805,26.833333,0.670864,matched
922,30.733333,806,26.866667,0.674101,matched
923,30.766667,806,26.866667,0.677339,matched
924,30.8,807,26.9,0.680576,matched
925,30.833333,807,26.9,0.683813,matched
926,30.866667,808,26.933333,0.687051,matched
927,30.9,808,26.933333,0.690288,matched
928,30.933333,809,26.966667,0.693525,matched
929,30.966667,809,26.966667,0.696763,matched
930,31.0,810,27.0,0.7,matched
931,31.033333,812,27.066667,0.7,matched
932,31.066667,814,27.133333,0.7,matched
933,31.1,816,27.2,0.7,matched
934,31.133333,818,27.266667,0.7,matched
935,31.166667,820,27.333333,0.7,matched
936,31.2,822,27.4,0.7,matched
937,31.233333,824,27.466667,0.657926,matched
938,31.266667,826,27.533333,0.615851,matched
939,31.3,828,27.6,0.573777,matched
940,31.333333,830,27.666667,0.531702,matched
941,31.366667,832,27.733333,0.489627,matched
942,31.4,834,27.8,0.447553,matched
943,31.433333,834,27.8,0.46022,matched
944,31.466667,835,27.833333,0.472886,matched
945,31.5,835,27.833333,0.485553,matched
946,31.533333,836,27.866667,0.498219,matched
947,31.566667,836,27.866667,0.510886,matched
948,31.6,837,27.9,0.523552,matched
949,31.633333,837,27.9,0.536219,matched
950,31.666667,838,27.933333,0.548885,matched
951,31.7,839,27.966667,0.561552,matched
952,31.733333,839,27.966667,0.574218,matched
953,31.766667,840,28.0,0.586885,matched
954,31.8,840,28.0,0.59955,matched
955,31.833333,841,28.033333,0.570828,matched
956,31.866667,841,28.033333,0.542105,matched
957,31.9,842,28.066667,0.513382,matched
958,31.933333,842,28.066667,0.484659,matched
959,31.966667,843,28.1,0.455937,matched
960,32.0,843,28.1,0.427214,matched
961,32.033333,844,28.133333,0.398491,matched
962,32.066667,844,28.133333,0.369769,matched
963,32.1,845,28.166667,0.341046,review
964,32.133333,845,28.166667,0.312323,review
965,32.166667,846,28.2,0.2836,review
966,32.2,846,28.2,0.254878,review
967,32.233333,847,28.233333,0.291716,review
968,32.266667,847,28.233333,0.328555,review
969,32.3,848,28.266667,0.365395,matched
970,32.333333,848,28.266667,0.402234,matched
971,32.366667,849,28.3,0.439074,matched
972,32.4,849,28.3,0.475913,matched
973,32.433333,850,28.333333,0.512753,matched
974,32.466667,850,28.333333,0.549593,matched
975,32.5,851,28.366667,0.586432,matched
976,32.533333,851,28.366667,0.623272,matched
977,32.566667,852,28.4,0.660111,matched
978,32.6,852,28.4,0.696949,matched
979,32.633333,854,28.466667,0.69188,matched
980,32.666667,856,28.533333,0.686812,matched
981,32.7,858,28.6,0.681743,matched
982,32.733333,860,28.666667,0.676675,matched
983,32.766667,862,28.733333,0.671606,matched
984,32.8,864,28.8,0.666537,matched
985,32.833333,864,28.8,0.633656,matched
986,32.866667,865,28.833333,0.600775,matched
987,32.9,865,28.833333,0.567893,matched
988,32.933333,866,28.866667,0.535012,matched
989,32.966667,866,28.866667,0.502131,matched
990,33.0,867,28.9,0.46925,matched
991,33.033333,867,28.9,0.436368,matched
992,33.066667,868,28.933333,0.403487,matched
993,33.1,868,28.933333,0.370606,matched
994,33.133333,869,28.966667,0.337724,review
995,33.166667,869,28.966667,0.304843,review
996,33.2,870,29.0,0.271962,review
997,33.233333,870,29.0,0.262929,review
998,33.266667,871,29.033333,0.253897,review
999,33.3,872,29.066667,0.244865,review
1000,33.333333,872,29.066667,0.235833,review
1001,33.366667,873,29.1,0.226801,review
1002,33.4,873,29.1,0.217769,review
1003,33.433333,874,29.133333,0.208737,review
1004,33.466667,874,29.133333,0.199705,review
1005,33.5,875,29.166667,0.190673,review
1006,33.533333,875,29.166667,0.181642,review
1007,33.566667,876,29.2,0.17261,review
1008,33.6,876,29.2,0.163578,review
1009,33.633333,878,29.266667,0.161199,review
1010,33.666667,880,29.333333,0.158819,review
1011,33.7,882,29.4,0.15644,review
1012,33.733333,884,29.466667,0.154061,review
1013,33.766667,886,29.533333,0.151681,review
1014,33.8,888,29.6,0.149302,review
1015,33.833333,889,29.633333,0.143058,review
1016,33.866667,889,29.633333,0.136815,review
1017,33.9,890,29.666667,0.130571,review
1018,33.933333,890,29.666667,0.124328,review
1019,33.966667,890,29.666667,0.118084,review
1020,34.0,891,29.7,0.111841,review
1021,34.033333,891,29.7,0.105598,review
1022,34.066667,892,29.733333,0.099354,review
1023,34.1,892,29.733333,0.093111,review
1024,34.133333,893,29.766667,0.086867,review
1025,34.166667,893,29.766667,0.080624,review
1026,34.2,894,29.8,0.07438,review
1027,34.233333,894,29.8,0.093962,review
1028,34.266667,895,29.833333,0.113544,review
1029,34.3,895,29.833333,0.133127,review
1030,34.333333,896,29.866667,0.152709,review
1031,34.366667,896,29.866667,0.172292,review
1032,34.4,897,29.9,0.191874,review
1033,34.433333,897,29.9,0.211457,review
1034,34.466667,898,29.933333,0.231039,review
1035,34.5,899,29.966667,0.250622,review
1036,34.533333,899,29.966667,0.270204,review
1037,34.566667,900,30.0,0.289786,review
1038,34.6,900,30.0,0.309367,review
1039,34.633333,901,30.033333,0.294245,review
1040,34.666667,901,30.033333,0.279122,review
1041,34.7,902,30.066667,0.264,review
1042,34.733333,902,30.066667,0.248878,review
1043,34.766667,903,30.1,0.233755,review
1044,34.8,903,30.1,0.218633,review
1045,34.833333,904,30.133333,0.20351,review
1046,34.866667,904,30.133333,0.188388,review
1047,34.9,905,30.166667,0.173265,review
1048,34.933333,905,30.166667,0.158143,review
1049,34.966667,906,30.2,0.14302,review
1050,35.0,906,30.2,0.127898,review
1051,35.033333,907,30.233333,0.143967,review
1052,35.066667,907,30.233333,0.160035,review
1053,35.1,908,30.266667,0.176104,review
1054,35.133333,908,30.266667,0.192172,review
1055,35.166667,908,30.266667,0.208241,review
1056,35.2,909,30.3,0.22431,review
1057,35.233333,909,30.3,0.240378,review
1058,35.266667,910,30.333333,0.256447,review
1059,35.3,910,30.333333,0.272515,review
1060,35.333333,911,30.366667,0.288584,review
1061,35.366667,911,30.366667,0.304653,review
1062,35.4,912,30.4,0.320721,review
1063,35.433333,912,30.4,0.316656,review
1064,35.466667,913,30.433333,0.312589,review
1065,35.5,913,30.433333,0.308523,review
1066,35.533333,914,30.466667,0.304456,review
1067,35.566667,914,30.466667,0.30039,review
1068,35.6,915,30.5,0.296323,review
1069,35.633333,915,30.5,0.292257,review
1070,35.666667,916,30.533333,0.28819,review
1071,35.7,917,30.566667,0.284123,review
1072,35.733333,917,30.566667,0.280057,review
1073,35.766667,918,30.6,0.27599,review
1074,35.8,918,30.6,0.271925,review
1075,35.833333,920,30.666667,0.327363,review
1076,35.866667,922,30.733333,0.3828,matched
1077,35.9,924,30.8,0.438238,matched
1078,35.933333,926,30.866667,0.493675,matched
1079,35.966667,928,30.933333,0.549113,matched
1080,36.0,930,31.0,0.60455,matched
1081,36.033333,930,31.0,0.564841,matched
1082,36.066667,931,31.033333,0.525131,matched
1083,36.1,932,31.066667,0.485422,matched
1084,36.133333,932,31.066667,0.445713,matched
1085,36.166667,932,31.066667,0.406004,matched
1086,36.2,933,31.1,0.366294,matched
1087,36.233333,934,31.133333,0.326585,review
1088,36.266667,934,31.133333,0.286876,review
1089,36.3,934,31.133333,0.247167,review
1090,36.333333,935,31.166667,0.207457,review
1091,36.366667,936,31.2,0.167748,review
1092,36.4,936,31.2,0.128039,review
1093,36.433333,938,31.266667,0.172087,review
1094,36.466667,940,31.333333,0.216139,review
1095,36.5,942,31.4,0.260191,review
1096,36.533333,944,31.466667,0.304243,review
1097,36.566667,946,31.533333,0.348295,review
1098,36.6,948,31.6,0.392344,matched
1099,36.633333,950,31.666667,0.375009,matched
1100,36.666667,952,31.733333,0.357673,matched
1101,36.7,954,31.8,0.340337,review
1102,36.733333,956,31.866667,0.323002,review
1103,36.766667,958,31.933333,0.305666,review
1104,36.8,960,32.0,0.288331,review
1105,36.833333,962,32.066667,0.29091,review
1106,36.866667,964,32.133333,0.293489,review
1107,36.9,966,32.2,0.296069,review
1108,36.933333,968,32.266667,0.298648,review
1109,36.966667,970,32.333333,0.301227,review
1110,37.0,972,32.4,0.303806,review
1111,37.033333,974,32.466667,0.324551,review
1112,37.066667,976,32.533333,0.345297,review
1113,37.1,978,32.6,0.366042,matched
1114,37.133333,980,32.666667,0.386787,matched
1115,37.166667,982,32.733333,0.407532,matched
1116,37.2,984,32.8,0.428278,matched
1117,37.233333,986,32.866667,0.402889,matched
1118,37.266667,988,32.933333,0.377498,matched
1119,37.3,990,33.0,0.352108,matched
1120,37.333333,992,33.066667,0.326718,review
1121,37.366667,994,33.133333,0.301328,review
1122,37.4,996,33.2,0.275938,review
1123,37.433333,998,33.266667,0.297488,review
1124,37.466667,1000,33.333333,0.319041,review
1125,37.5,1002,33.4,0.340593,review
1126,37.533333,1004,33.466667,0.362145,matched
1127,37.566667,1006,33.533333,0.383698,matched
1128,37.6,1008,33.6,0.405249,matched
1129,37.633333,1010,33.666667,0.398795,matched
1130,37.666667,1012,33.733333,0.392341,matched
1131,37.7,1014,33.8,0.385887,matched
1132,37.733333,1016,33.866667,0.379433,matched
1133,37.766667,1018,33.933333,0.372979,matched
1134,37.8,1020,34.0,0.366525,matched
1135,37.833333,1022,34.066667,0.358043,matched
1136,37.866667,1024,34.133333,0.349562,review
1137,37.9,1026,34.2,0.341081,review
1138,37.933333,1028,34.266667,0.3326,review
1139,37.966667,1030,34.333333,0.324118,review
1140,38.0,1032,34.4,0.315637,review
1141,38.033333,1034,34.466667,0.379474,matched
1142,38.066667,1036,34.533333,0.443311,matched
1143,38.1,1038,34.6,0.507148,matched
1144,38.133333,1040,34.666667,0.570985,matched
1145,38.166667,1042,34.733333,0.634822,matched
1146,38.2,1044,34.8,0.69866,matched
1147,38.233333,1046,34.866667,0.614764,matched
1148,38.266667,1048,34.933333,0.530866,matched
1149,38.3,1050,35.0,0.446967,matched
1150,38.333333,1052,35.066667,0.363068,matched
1151,38.366667,1054,35.133333,0.27917,review
1152,38.4,1056,35.2,0.195271,review
1153,38.433333,1058,35.266667,0.162723,review
1154,38.466667,1060,35.333333,0.130179,review
1155,38.5,1062,35.4,0.097634,review
1156,38.533333,1064,35.466667,0.065089,review
1157,38.566667,1066,35.533333,0.032544,review
1158,38.6,1068,35.6,5e-06,review
1159,38.633333,1070,35.666667,0.116672,review
1160,38.666667,1072,35.733333,0.233338,review
1161,38.7,1074,35.8,0.350004,matched
1162,38.733333,1076,35.866667,0.46667,matched
1163,38.766667,1078,35.933333,0.583336,matched
1164,38.8,1080,36.0,0.7,matched
1165,38.833333,1081,36.033333,0.687343,matched
1166,38.866667,1081,36.033333,0.674686,matched
1167,38.9,1082,36.066667,0.66203,matched
1168,38.933333,1082,36.066667,0.649373,matched
1169,38.966667,1083,36.1,0.636716,matched
1170,39.0,1083,36.1,0.624059,matched
1171,39.033333,1084,36.133333,0.611403,matched
1172,39.066667,1084,36.133333,0.598746,matched
1173,39.1,1085,36.166667,0.586089,matched
1174,39.133333,1085,36.166667,0.573433,matched
1175,39.166667,1086,36.2,0.560776,matched
1176,39.2,1086,36.2,0.548119,matched
1177,39.233333,1087,36.233333,0.52172,matched
1178,39.266667,1087,36.233333,0.49532,matched
1179,39.3,1088,36.266667,0.468921,matched
1180,39.333333,1088,36.266667,0.442521,matched
1181,39.366667,1089,36.3,0.416122,matched
1182,39.4,1089,36.3,0.389722,matched
1183,39.433333,1090,36.333333,0.363323,matched
1184,39.466667,1090,36.333333,0.336923,review
1185,39.5,1091,36.366667,0.310523,review
1186,39.533333,1091,36.366667,0.284124,review
1187,39.566667,1092,36.4,0.257724,review
1188,39.6,1092,36.4,0.231327,review
1189,39.633333,1093,36.433333,0.243462,review
1190,39.666667,1093,36.433333,0.255597,review
1191,39.7,1094,36.466667,0.267732,review
1192,39.733333,1094,36.466667,0.279868,review
1193,39.766667,1095,36.5,0.292003,review
1194,39.8,1095,36.5,0.304138,review
1195,39.833333,1096,36.533333,0.316274,review
1196,39.866667,1096,36.533333,0.328409,review
1197,39.9,1096,36.533333,0.340544,review
1198,39.933333,1097,36.566667,0.352679,matched
1199,39.966667,1097,36.566667,0.364815,matched
1200,40.0,1098,36.6,0.37695,matched
1201,40.033333,1098,36.6,0.349519,review
1202,40.066667,1099,36.633333,0.322087,review
1203,40.1,1099,36.633333,0.294656,review
1204,40.133333,1100,36.666667,0.267224,review
1205,40.166667,1100,36.666667,0.239793,review
1206,40.2,1101,36.7,0.212362,review
1207,40.233333,1101,36.7,0.18493,review
1208,40.266667,1102,36.733333,0.157499,review
1209,40.3,1102,36.733333,0.130067,review
1210,40.333333,1103,36.766667,0.102636,review
1211,40.366667,1103,36.766667,0.075205,review
1212,40.4,1104,36.8,0.047773,review
1213,40.433333,1104,36.8,0.070474,review
1214,40.466667,1105,36.833333,0.093177,review
1215,40.5,1105,36.833333,0.11588,review
1216,40.533333,1106,36.866667,0.138582,review
1217,40.566667,1106,36.866667,0.161285,review
1218,40.6,1107,36.9,0.183988,review
1219,40.633333,1107,36.9,0.206691,review
1220,40.666667,1108,36.933333,0.229394,review
1221,40.7,1108,36.933333,0.252097,review
1222,40.733333,1109,36.966667,0.2748,review
1223,40.766667,1110,37.0,0.297503,review
1224,40.8,1110,37.0,0.320205,review
1225,40.833333,1111,37.033333,0.315153,review
1226,40.866667,1111,37.033333,0.310102,review
1227,40.9,1112,37.066667,0.30505,review
1228,40.933333,1112,37.066667,0.299999,review
1229,40.966667,1113,37.1,0.294947,review
1230,41.0,1113,37.1,0.289896,review
1231,41.033333,1114,37.133333,0.284845,review
1232,41.066667,1114,37.133333,0.279793,review
1233,41.1,1115,37.166667,0.274742,review
1234,41.133333,1115,37.166667,0.26969,review
1235,41.166667,1116,37.2,0.264639,review
1236,41.2,1116,37.2,0.259587,review
1237,41.233333,1117,37.233333,0.237955,review
1238,41.266667,1117,37.233333,0.216323,review
1239,41.3,1118,37.266667,0.19469,review
1240,41.333333,1118,37.266667,0.173058,review
1241,41.366667,1119,37.3,0.151426,review
1242,41.4,1119,37.3,0.129793,review
1243,41.433333,1120,37.333333,0.108161,review
1244,41.466667,1120,37.333333,0.086529,review
1245,41.5,1121,37.366667,0.064896,review
1246,41.533333,1121,37.366667,0.043264,review
1247,41.566667,1122,37.4,0.021631,review
1248,41.6,1122,37.4,1e-06,review
1249,41.633333,1123,37.433333,0.031054,review
1250,41.666667,1123,37.433333,0.062107,review
1251,41.7,1124,37.466667,0.093159,review
1252,41.733333,1124,37.466667,0.124212,review
1253,41.766667,1125,37.5,0.155265,review
1254,41.8,1125,37.5,0.186317,review
1255,41.833333,1126,37.533333,0.21737,review
1256,41.866667,1126,37.533333,0.248422,review
1257,41.9,1126,37.533333,0.279475,review
1258,41.933333,1127,37.566667,0.310528,review
1259,41.966667,1127,37.566667,0.34158,review
1260,42.0,1128,37.6,0.372633,matched
1261,42.033333,1128,37.6,0.366624,matched
1262,42.066667,1129,37.633333,0.360615,matched
1263,42.1,1129,37.633333,0.354607,matched
1264,42.133333,1130,37.666667,0.348598,review
1265,42.166667,1130,37.666667,0.342589,review
1266,42.2,1131,37.7,0.33658,review
1267,42.233333,1131,37.7,0.330571,review
1268,42.266667,1132,37.733333,0.324563,review
1269,42.3,1132,37.733333,0.318554,review
1270,42.333333,1133,37.766667,0.312545,review
1271,42.366667,1133,37.766667,0.306536,review
1272,42.4,1134,37.8,0.300527,review
1273,42.433333,1134,37.8,0.314254,review
1274,42.466667,1135,37.833333,0.327982,review
1275,42.5,1135,37.833333,0.34171,review
1276,42.533333,1136,37.866667,0.355438,matched
1277,42.566667,1136,37.866667,0.369166,matched
1278,42.6,1137,37.9,0.382894,matched
1279,42.633333,1137,37.9,0.396622,matched
1280,42.666667,1138,37.933333,0.41035,matched
1281,42.7,1138,37.933333,0.424078,matched
1282,42.733333,1139,37.966667,0.437806,matched
1283,42.766667,1140,38.0,0.451534,matched
1284,42.8,1140,38.0,0.465262,matched
1285,42.833333,1141,38.033333,0.458089,matched
1286,42.866667,1141,38.033333,0.450916,matched
1287,42.9,1142,38.066667,0.443743,matched
1288,42.933333,1142,38.066667,0.43657,matched
1289,42.966667,1143,38.1,0.429397,matched
1290,43.0,1143,38.1,0.422224,matched
1291,43.033333,1144,38.133333,0.415051,matched
1292,43.066667,1144,38.133333,0.407878,matched
1293,43.1,1145,38.166667,0.400705,matched
1294,43.133333,1145,38.166667,0.393532,matched
1295,43.166667,1146,38.2,0.386359,matched
1296,43.2,1146,38.2,0.379186,matched
1297,43.233333,1147,38.233333,0.401783,matched
1298,43.266667,1147,38.233333,0.42438,matched
1299,43.3,1148,38.266667,0.446978,matched
1300,43.333333,1148,38.266667,0.469575,matched
1301,43.366667,1149,38.3,0.492172,matched
1302,43.4,1149,38.3,0.51477,matched
1303,43.433333,1150,38.333333,0.537367,matched
1304,43.466667,1150,38.333333,0.559965,matched
1305,43.5,1151,38.366667,0.582562,matched
1306,43.533333,1151,38.366667,0.605159,matched
1307,43.566667,1152,38.4,0.627757,matched
1308,43.6,1152,38.4,0.650352,matched
1309,43.633333,1153,38.433333,0.617977,matched
1310,43.666667,1153,38.433333,0.585602,matched
1311,43.7,1154,38.466667,0.553227,matched
1312,43.733333,1154,38.466667,0.520852,matched
1313,43.766667,1155,38.5,0.488477,matched
1314,43.8,1155,38.5,0.456102,matched
1315,43.833333,1156,38.533333,0.423727,matched
1316,43.866667,1156,38.533333,0.391352,matched
1317,43.9,1156,38.533333,0.358977,matched
1318,43.933333,1157,38.566667,0.326602,review
1319,43.966667,1157,38.566667,0.294227,review
1320,44.0,1158,38.6,0.261852,review
1321,44.033333,1158,38.6,0.280334,review
1322,44.066667,1159,38.633333,0.298817,review
1323,44.1,1159,38.633333,0.317299,review
1324,44.133333,1160,38.666667,0.335781,review
1325,44.166667,1160,38.666667,0.354263,matched
1326,44.2,1161,38.7,0.372746,matched
1327,44.233333,1161,38.7,0.391228,matched
1328,44.266667,1162,38.733333,0.40971,matched
1329,44.3,1162,38.733333,0.428192,matched
1330,44.333333,1163,38.766667,0.446675,matched
1331,44.366667,1163,38.766667,0.465157,matched
1332,44.4,1164,38.8,0.483639,matched
1333,44.433333,1164,38.8,0.480524,matched
1334,44.466667,1165,38.833333,0.477409,matched
1335,44.5,1165,38.833333,0.474293,matched
1336,44.533333,1166,38.866667,0.471177,matched
1337,44.566667,1166,38.866667,0.468061,matched
1338,44.6,1167,38.9,0.464946,matched
1339,44.633333,1167,38.9,0.46183,matched
1340,44.666667,1168,38.933333,0.458714,matched
1341,44.7,1168,38.933333,0.455598,matched
1342,44.733333,1169,38.966667,0.452482,matched
1343,44.766667,1170,39.0,0.449367,matched
1344,44.8,1170,39.0,0.446251,matched
1345,44.833333,1171,39.033333,0.467397,matched
1346,44.866667,1171,39.033333,0.488543,matched
1347,44.9,1172,39.066667,0.509688,matched
1348,44.933333,1172,39.066667,0.530834,matched
1349,44.966667,1173,39.1,0.55198,matched
1350,45.0,1173,39.1,0.573125,matched
1351,45.033333,1174,39.133333,0.594271,matched
1352,45.066667,1174,39.133333,0.615417,matched
1353,45.1,1175,39.166667,0.636563,matched
1354,45.133333,1175,39.166667,0.657708,matched
1355,45.166667,1176,39.2,0.678854,matched
1356,45.2,1176,39.2,0.7,matched
1357,45.233333,1177,39.233333,0.666411,matched
1358,45.266667,1177,39.233333,0.632821,matched
1359,45.3,1178,39.266667,0.599232,matched
1360,45.333333,1178,39.266667,0.565642,matched
1361,45.366667,1179,39.3,0.532052,matched
1362,45.4,1179,39.3,0.498463,matched
1363,45.433333,1180,39.333333,0.464873,matched
1364,45.466667,1180,39.333333,0.431283,matched
1365,45.5,1181,39.366667,0.397694,matched
1366,45.533333,1181,39.366667,0.364104,matched
1367,45.566667,1182,39.4,0.330514,review
1368,45.6,1182,39.4,0.296926,review
1369,45.633333,1183,39.433333,0.292884,review
1370,45.666667,1183,39.433333,0.288842,review
1371,45.7,1184,39.466667,0.2848,review
1372,45.733333,1184,39.466667,0.280759,review
1373,45.766667,1185,39.5,0.276717,review
1374,45.8,1185,39.5,0.272675,review
1375,45.833333,1186,39.533333,0.268633,review
1376,45.866667,1186,39.533333,0.264591,review
1377,45.9,1186,39.533333,0.260549,review
1378,45.933333,1187,39.566667,0.256508,review
1379,45.966667,1187,39.566667,0.252466,review
1380,46.0,1188,39.6,0.248424,review
1381,46.033333,1190,39.666667,0.261297,review
1382,46.066667,1192,39.733333,0.274171,review
1383,46.1,1194,39.8,0.287044,review
1384,46.133333,1196,39.866667,0.299917,review
1385,46.166667,1198,39.933333,0.31279,review
1386,46.2,1200,40.0,0.325664,review
1387,46.233333,1202,40.066667,0.34893,review
1388,46.266667,1204,40.133333,0.372197,matched
1389,46.3,1206,40.2,0.395463,matched
1390,46.333333,1208,40.266667,0.41873,matched
1391,46.366667,1210,40.333333,0.441996,matched
1392,46.4,1212,40.4,0.465263,matched
1393,46.433333,1214,40.466667,0.466836,matched
1394,46.466667,1216,40.533333,0.468408,matched
1395,46.5,1218,40.6,0.46998,matched
1396,46.533333,1220,40.666667,0.471552,matched
1397,46.566667,1222,40.733333,0.473124,matched
1398,46.6,1224,40.8,0.474696,matched
1399,46.633333,1226,40.866667,0.476637,matched
1400,46.666667,1228,40.933333,0.478578,matched
1401,46.7,1230,41.0,0.480519,matched
1402,46.733333,1232,41.066667,0.48246,matched
1403,46.766667,1234,41.133333,0.484401,matched
1404,46.8,1236,41.2,0.486342,matched
1405,46.833333,1238,41.266667,0.484487,matched
1406,46.866667,1240,41.333333,0.482633,matched
1407,46.9,1242,41.4,0.480778,matched
1408,46.933333,1244,41.466667,0.478923,matched
1409,46.966667,1246,41.533333,0.477069,matched
1410,47.0,1248,41.6,0.475214,matched
1411,47.033333,1250,41.666667,0.459324,matched
1412,47.066667,1252,41.733333,0.443435,matched
1413,47.1,1254,41.8,0.427545,matched
1414,47.133333,1256,41.866667,0.411656,matched
1415,47.166667,1258,41.933333,0.395766,matched
1416,47.2,1260,42.0,0.379876,matched
1417,47.233333,1262,42.066667,0.354979,matched
1418,47.266667,1264,42.133333,0.330081,review
1419,47.3,1266,42.2,0.305184,review
1420,47.333333,1268,42.266667,0.280286,review
1421,47.366667,1270,42.333333,0.255389,review
1422,47.4,1272,42.4,0.230491,review
1423,47.433333,1274,42.466667,0.266235,review
1424,47.466667,1276,42.533333,0.301981,review
1425,47.5,1278,42.6,0.337728,review
1426,47.533333,1280,42.666667,0.373475,matched
1427,47.566667,1282,42.733333,0.409221,matched
1428,47.6,1284,42.8,0.444965,matched
1429,47.633333,1284,42.8,0.433504,matched
1430,47.666667,1285,42.833333,0.422043,matched
1431,47.7,1286,42.866667,0.410582,matched
1432,47.733333,1286,42.866667,0.39912,matched
1433,47.766667,1286,42.866667,0.387659,matched
1434,47.8,1287,42.9,0.376198,matched
1435,47.833333,1288,42.933333,0.364736,matched
1436,47.866667,1288,42.933333,0.353275,matched
1437,47.9,1288,42.933333,0.341814,review
1438,47.933333,1289,42.966667,0.330353,review
1439,47.966667,1290,43.0,0.318891,review
1440,48.0,1290,43.0,0.30743,review
1441,48.033333,1290,43.0,0.326069,review
1442,48.066667,1291,43.033333,0.344709,review
1443,48.1,1292,43.066667,0.363348,matched
1444,48.133333,1292,43.066667,0.381988,matched
1445,48.166667,1292,43.066667,0.400627,matched
1446,48.2,1293,43.1,0.419267,matched
1447,48.233333,1294,43.133333,0.437906,matched
1448,48.266667,1294,43.133333,0.456545,matched
1449,48.3,1294,43.133333,0.475185,matched
1450,48.333333,1295,43.166667,0.493824,matched
1451,48.366667,1296,43.2,0.512464,matched
1452,48.4,1296,43.2,0.531103,matched
1453,48.433333,1297,43.233333,0.520798,matched
1454,48.466667,1297,43.233333,0.510491,matched
1455,48.5,1298,43.266667,0.500184,matched
1456,48.533333,1298,43.266667,0.489878,matched
1457,48.566667,1299,43.3,0.479571,matched
1458,48.6,1299,43.3,0.469264,matched
1459,48.633333,1300,43.333333,0.458957,matched
1460,48.666667,1300,43.333333,0.448651,matched
1461,48.7,1301,43.366667,0.438344,matched
1462,48.733333,1301,43.366667,0.428037,matched
1463,48.766667,1302,43.4,0.41773,matched
1464,48.8,1302,43.4,0.407424,matched
1465,48.833333,1303,43.433333,0.404977,matched
1466,48.866667,1303,43.433333,0.40253,matched
1467,48.9,1304,43.466667,0.400083,matched
1468,48.933333,1304,43.466667,0.397636,matched
1469,48.966667,1305,43.5,0.395189,matched
1470,49.0,1305,43.5,0.392742,matched
1471,49.033333,1305,43.5,0.390296,matched
1472,49.066667,1306,43.533333,0.387849,matched
1473,49.1,1306,43.533333,0.385402,matched
1474,49.133333,1307,43.566667,0.382955,matched
1475,49.166667,1307,43.566667,0.380508,matched
1476,49.2,1308,43.6,0.378061,matched
1477,49.233333,1308,43.6,0.356021,matched
1478,49.266667,1309,43.633333,0.33398,review
1479,49.3,1309,43.633333,0.311939,review
1480,49.333333,1310,43.666667,0.289899,review
1481,49.366667,1310,43.666667,0.267858,review
1482,49.4,1311,43.7,0.245817,review
1483,49.433333,1311,43.7,0.223777,review
1484,49.466667,1312,43.733333,0.201736,review
1485,49.5,1312,43.733333,0.179695,review
1486,49.533333,1313,43.766667,0.157654,review
1487,49.566667,1313,43.766667,0.135614,review
1488,49.6,1314,43.8,0.113575,review
1489,49.633333,1314,43.8,0.125856,review
1490,49.666667,1315,43.833333,0.138138,review
1491,49.7,1316,43.866667,0.150419,review
1492,49.733333,1316,43.866667,0.162701,review
1493,49.766667,1316,43.866667,0.174983,review
1494,49.8,1317,43.9,0.187264,review
1495,49.833333,1318,43.933333,0.199546,review
1496,49.866667,1318,43.933333,0.211828,review
1497,49.9,1318,43.933333,0.224109,review
1498,49.933333,1319,43.966667,0.236391,review
1499,49.966667,1320,44.0,0.248672,review
1500,50.0,1320,44.0,0.260954,review
1501,50.033333,1320,44.0,0.254469,review
1502,50.066667,1321,44.033333,0.247984,review
1503,50.1,1322,44.066667,0.241499,review
1504,50.133333,1322,44.066667,0.235014,review
1505,50.166667,1322,44.066667,0.22853,review
1506,50.2,1323,44.1,0.222045,review
1507,50.233333,1324,44.133333,0.21556,review
1508,50.266667,1324,44.133333,0.209075,review
1509,50.3,1324,44.133333,0.20259,review
1510,50.333333,1325,44.166667,0.196105,review
1511,50.366667,1326,44.2,0.18962,review
1512,50.4,1326,44.2,0.183135,review
1513,50.433333,1327,44.233333,0.20356,review
1514,50.466667,1327,44.233333,0.223985,review
1515,50.5,1328,44.266667,0.244411,review
1516,50.533333,1328,44.266667,0.264837,review
1517,50.566667,1329,44.3,0.285263,review
1518,50.6,1329,44.3,0.305688,review
1519,50.633333,1330,44.333333,0.326114,review
1520,50.666667,1330,44.333333,0.34654,review
1521,50.7,1331,44.366667,0.366965,matched
1522,50.733333,1331,44.366667,0.387391,matched
1523,50.766667,1332,44.4,0.407817,matched
1524,50.8,1332,44.4,0.428242,matched
1525,50.833333,1334,44.466667,0.436106,matched
1526,50.866667,1336,44.533333,0.443969,matched
1527,50.9,1338,44.6,0.451833,matched
1528,50.933333,1340,44.666667,0.459696,matched
1529,50.966667,1342,44.733333,0.46756,matched
1530,51.0,1344,44.8,0.475423,matched
1531,51.033333,1346,44.866667,0.477977,matched
1532,51.066667,1348,44.933333,0.480532,matched
1533,51.1,1350,45.0,0.483086,matched
1534,51.133333,1352,45.066667,0.485641,matched
1535,51.166667,1354,45.133333,0.488195,matched
1536,51.2,1356,45.2,0.49075,matched
1537,51.233333,1358,45.266667,0.487271,matched
1538,51.266667,1360,45.333333,0.483792,matched
1539,51.3,1362,45.4,0.480314,matched
1540,51.333333,1364,45.466667,0.476835,matched
1541,51.366667,1366,45.533333,0.473356,matched
1542,51.4,1368,45.6,0.469877,matched
1543,51.433333,1368,45.6,0.443517,matched
1544,51.466667,1369,45.633333,0.417156,matched
1545,51.5,1369,45.633333,0.390795,matched
1546,51.533333,1370,45.666667,0.364434,matched
1547,51.566667,1370,45.666667,0.338073,review
1548,51.6,1371,45.7,0.311712,review
1549,51.633333,1371,45.7,0.285351,review
1550,51.666667,1372,45.733333,0.25899,review
1551,51.7,1372,45.733333,0.232629,review
1552,51.733333,1373,45.766667,0.206268,review
1553,51.766667,1373,45.766667,0.179907,review
1554,51.8,1374,45.8,0.153547,review
1555,51.833333,1376,45.866667,0.156659,review
1556,51.866667,1378,45.933333,0.159772,review
1557,51.9,1380,46.0,0.162884,review
1558,51.933333,1382,46.066667,0.165996,review
1559,51.966667,1384,46.133333,0.169109,review
1560,52.0,1386,46.2,0.172221,review
1561,52.033333,1387,46.233333,0.157869,review
1562,52.066667,1387,46.233333,0.143518,review
1563,52.1,1388,46.266667,0.129166,review
1564,52.133333,1388,46.266667,0.114814,review
1565,52.166667,1389,46.3,0.100463,review
1566,52.2,1389,46.3,0.086111,review
1567,52.233333,1390,46.333333,0.071759,review
1568,52.266667,1390,46.333333,0.057407,review
1569,52.3,1391,46.366667,0.043056,review
1570,52.333333,1391,46.366667,0.028704,review
1571,52.366667,1392,46.4,0.014352,review
1572,52.4,1392,46.4,1e-06,review
1573,52.433333,1394,46.466667,0.088985,review
1574,52.466667,1396,46.533333,0.177975,review
1575,52.5,1398,46.6,0.266964,review
1576,52.533333,1400,46.666667,0.355954,matched
1577,52.566667,1402,46.733333,0.444944,matched
1578,52.6,1404,46.8,0.533929,matched
1579,52.633333,1406,46.866667,0.528116,matched
1580,52.666667,1408,46.933333,0.522304,matched
1581,52.7,1410,47.0,0.516491,matched
1582,52.733333,1412,47.066667,0.510679,matched
1583,52.766667,1414,47.133333,0.504866,matched
1584,52.8,1416,47.2,0.499055,matched
1585,52.833333,1418,47.266667,0.532546,matched
1586,52.866667,1420,47.333333,0.566037,matched
1587,52.9,1422,47.4,0.599527,matched
1588,52.933333,1424,47.466667,0.633018,matched
1589,52.966667,1426,47.533333,0.666509,matched
1590,53.0,1428,47.6,0.7,matched
1591,53.033333,1428,47.6,0.671396,matched
1592,53.066667,1429,47.633333,0.642792,matched
1593,53.1,1429,47.633333,0.614187,matched
1594,53.133333,1430,47.666667,0.585583,matched
1595,53.166667,1430,47.666667,0.556979,matched
1596,53.2,1431,47.7,0.528375,matched
1597,53.233333,1431,47.7,0.49977,matched
1598,53.266667,1432,47.733333,0.471166,matched
1599,53.3,1432,47.733333,0.442562,matched
1600,53.333333,1433,47.766667,0.413958,matched
1601,53.366667,1433,47.766667,0.385354,matched
1602,53.4,1434,47.8,0.356749,matched
1603,53.433333,1434,47.8,0.36555,matched
1604,53.466667,1435,47.833333,0.374352,matched
1605,53.5,1435,47.833333,0.383154,matched
1606,53.533333,1436,47.866667,0.391956,matched
1607,53.566667,1436,47.866667,0.400759,matched
1608,53.6,1437,47.9,0.409561,matched
1609,53.633333,1437,47.9,0.418363,matched
1610,53.666667,1438,47.933333,0.427165,matched
1611,53.7,1438,47.933333,0.435968,matched
1612,53.733333,1439,47.966667,0.44477,matched
1613,53.766667,1440,48.0,0.453572,matched
1614,53.8,1440,48.0,0.462374,matched
1615,53.833333,1441,48.033333,0.455534,matched
1616,53.866667,1441,48.033333,0.448694,matched
1617,53.9,1442,48.066667,0.441853,matched
1618,53.933333,1442,48.066667,0.435013,matched
1619,53.966667,1443,48.1,0.428173,matched
1620,54.0,1443,48.1,0.421333,matched
1621,54.033333,1444,48.133333,0.414493,matched
1622,54.066667,1444,48.133333,0.407653,matched
1623,54.1,1445,48.166667,0.400813,matched
1624,54.133333,1445,48.166667,0.393972,matched
1625,54.166667,1446,48.2,0.387132,matched
1626,54.2,1446,48.2,0.380292,matched
1627,54.233333,1448,48.266667,0.416691,matched
1628,54.266667,1450,48.333333,0.453091,matched
1629,54.3,1452,48.4,0.489491,matched
1630,54.333333,1454,48.466667,0.525891,matched
1631,54.366667,1456,48.533333,0.562291,matched
1632,54.4,1458,48.6,0.598691,matched
1633,54.433333,1458,48.6,0.607135,matched
1634,54.466667,1459,48.633333,0.615577,matched
1635,54.5,1459,48.633333,0.62402,matched
1636,54.533333,1460,48.666667,0.632462,matched
1637,54.566667,1460,48.666667,0.640904,matched
1638,54.6,1461,48.7,0.649346,matched
1639,54.633333,1461,48.7,0.657789,matched
1640,54.666667,1462,48.733333,0.666231,matched
1641,54.7,1462,48.733333,0.674673,matched
1642,54.733333,1463,48.766667,0.683116,matched
1643,54.766667,1463,48.766667,0.691558,matched
1644,54.8,1464,48.8,0.7,matched
1645,54.833333,1464,48.8,0.679123,matched
1646,54.866667,1465,48.833333,0.658247,matched
1647,54.9,1465,48.833333,0.63737,matched
1648,54.933333,1466,48.866667,0.616494,matched
1649,54.966667,1466,48.866667,0.595617,matched
1650,55.0,1467,48.9,0.574741,matched
1651,55.033333,1467,48.9,0.553865,matched
1652,55.066667,1468,48.933333,0.532988,matched
1653,55.1,1468,48.933333,0.512112,matched
1654,55.133333,1469,48.966667,0.491235,matched
1655,55.166667,1469,48.966667,0.470359,matched
1656,55.2,1470,49.0,0.449482,matched
1657,55.233333,1470,49.0,0.458213,matched
1658,55.266667,1471,49.033333,0.466944,matched
1659,55.3,1472,49.066667,0.475674,matched
1660,55.333333,1472,49.066667,0.484405,matched
1661,55.366667,1473,49.1,0.493136,matched
1662,55.4,1473,49.1,0.501867,matched
1663,55.433333,1474,49.133333,0.510598,matched
1664,55.466667,1474,49.133333,0.519329,matched
1665,55.5,1475,49.166667,0.52806,matched
1666,55.533333,1475,49.166667,0.536791,matched
1667,55.566667,1476,49.2,0.545522,matched
1668,55.6,1476,49.2,0.554253,matched
1669,55.633333,1478,49.266667,0.578428,matched
1670,55.666667,1480,49.333333,0.602603,matched
1671,55.7,1482,49.4,0.626777,matched
1672,55.733333,1484,49.466667,0.650952,matched
1673,55.766667,1486,49.533333,0.675127,matched
1674,55.8,1488,49.6,0.699301,matched
1675,55.833333,1488,49.6,0.68204,matched
1676,55.866667,1489,49.633333,0.664778,matched
1677,55.9,1489,49.633333,0.647517,matched
1678,55.933333,1490,49.666667,0.630256,matched
1679,55.966667,1490,49.666667,0.612995,matched
1680,56.0,1491,49.7,0.595734,matched
1681,56.033333,1491,49.7,0.578473,matched
1682,56.066667,1492,49.733333,0.561212,matched
1683,56.1,1492,49.733333,0.543951,matched
1684,56.133333,1493,49.766667,0.52669,matched
1685,56.166667,1493,49.766667,0.509428,matched
1686,56.2,1494,49.8,0.492167,matched
1687,56.233333,1494,49.8,0.509486,matched
1688,56.266667,1495,49.833333,0.526806,matched
1689,56.3,1495,49.833333,0.544125,matched
1690,56.333333,1496,49.866667,0.561445,matched
1691,56.366667,1496,49.866667,0.578764,matched
1692,56.4,1497,49.9,0.596084,matched
1693,56.433333,1497,49.9,0.613403,matched
1694,56.466667,1498,49.933333,0.630723,matched
1695,56.5,1499,49.966667,0.648042,matched
1696,56.533333,1499,49.966667,0.665362,matched
1697,56.566667,1500,50.0,0.682681,matched
1698,56.6,1500,50.0,0.7,matched
1699,56.633333,1501,50.033333,0.69002,matched
1700,56.666667,1501,50.033333,0.68004,matched
1701,56.7,1502,50.066667,0.67006,matched
1702,56.733333,1502,50.066667,0.66008,matched
1703,56.766667,1503,50.1,0.6501,matched
1704,56.8,1503,50.1,0.64012,matched
1705,56.833333,1504,50.133333,0.63014,matched
1706,56.866667,1504,50.133333,0.620161,matched
1707,56.9,1505,50.166667,0.610181,matched
1708,56.933333,1505,50.166667,0.600201,matched
1709,56.966667,1506,50.2,0.590221,matched
1710,57.0,1506,50.2,0.580241,matched
1711,57.033333,1507,50.233333,0.580351,matched
1712,57.066667,1507,50.233333,0.580462,matched
1713,57.1,1508,50.266667,0.580572,matched
1714,57.133333,1508,50.266667,0.580682,matched
1715,57.166667,1509,50.3,0.580793,matched
1716,57.2,1509,50.3,0.580903,matched
1717,57.233333,1510,50.333333,0.581013,matched
1718,57.266667,1510,50.333333,0.581124,matched
1719,57.3,1511,50.366667,0.581234,matched
1720,57.333333,1511,50.366667,0.581344,matched
1721,57.366667,1512,50.4,0.581455,matched
1722,57.4,1512,50.4,0.581565,matched
1723,57.433333,1514,50.466667,0.589203,matched
1724,57.466667,1516,50.533333,0.596841,matched
1725,57.5,1518,50.6,0.604479,matched
1726,57.533333,1520,50.666667,0.612116,matched
1727,57.566667,1522,50.733333,0.619754,matched
1728,57.6,1524,50.8,0.627392,matched
1729,57.633333,1524,50.8,0.626162,matched
1730,57.666667,1525,50.833333,0.624932,matched
1731,57.7,1526,50.866667,0.623702,matched
1732,57.733333,1526,50.866667,0.622472,matched
1733,57.766667,1526,50.866667,0.621242,matched
1734,57.8,1527,50.9,0.620012,matched
1735,57.833333,1528,50.933333,0.618782,matched
1736,57.866667,1528,50.933333,0.617552,matched
1737,57.9,1528,50.933333,0.616322,matched
1738,57.933333,1529,50.966667,0.615092,matched
1739,57.966667,1530,51.0,0.613862,matched
1740,58.0,1530,51.0,0.612632,matched
1741,58.033333,1530,51.0,0.601413,matched
1742,58.066667,1531,51.033333,0.590193,matched
1743,58.1,1532,51.066667,0.578974,matched
1744,58.133333,1532,51.066667,0.567754,matched
1745,58.166667,1532,51.066667,0.556535,matched
1746,58.2,1533,51.1,0.545316,matched
1747,58.233333,1534,51.133333,0.534096,matched
1748,58.266667,1534,51.133333,0.522877,matched
1749,58.3,1534,51.133333,0.511658,matched
1750,58.333333,1535,51.166667,0.500438,matched
1751,58.366667,1536,51.2,0.489219,matched
1752,58.4,1536,51.2,0.478,matched
1753,58.433333,1538,51.266667,0.468195,matched
1754,58.466667,1540,51.333333,0.45839,matched
1755,58.5,1542,51.4,0.448585,matched
1756,58.533333,1544,51.466667,0.438781,matched
1757,58.566667,1546,51.533333,0.428976,matched
1758,58.6,1548,51.6,0.419172,matched
1759,58.633333,1548,51.6,0.416716,matched
1760,58.666667,1549,51.633333,0.414261,matched
1761,58.7,1549,51.633333,0.411805,matched
1762,58.733333,1550,51.666667,0.40935,matched
1763,58.766667,1550,51.666667,0.406894,matched
1764,58.8,1551,51.7,0.404439,matched
1765,58.833333,1551,51.7,0.401983,matched
1766,58.866667,1552,51.733333,0.399528,matched
1767,58.9,1552,51.733333,0.397072,matched
1768,58.933333,1553,51.766667,0.394617,matched
1769,58.966667,1553,51.766667,0.392161,matched
1770,59.0,1554,51.8,0.389706,matched
1771,59.033333,1554,51.8,0.41022,matched
1772,59.066667,1555,51.833333,0.430735,matched
1773,59.1,1555,51.833333,0.45125,matched
1774,59.133333,1556,51.866667,0.471764,matched
1775,59.166667,1556,51.866667,0.492279,matched
1776,59.2,1557,51.9,0.512793,matched
1777,59.233333,1557,51.9,0.533308,matched
1778,59.266667,1558,51.933333,0.553822,matched
1779,59.3,1558,51.933333,0.574337,matched
1780,59.333333,1559,51.966667,0.594851,matched
1781,59.366667,1559,51.966667,0.615366,matched
1782,59.4,1560,52.0,0.63588,matched
1783,59.433333,1560,52.0,0.612671,matched
1784,59.466667,1561,52.033333,0.58946,matched
1785,59.5,1561,52.033333,0.566249,matched
1786,59.533333,1562,52.066667,0.543038,matched
1787,59.566667,1563,52.1,0.519826,matched
1788,59.6,1563,52.1,0.496615,matched
1789,59.633333,1564,52.133333,0.473404,matched
1790,59.666667,1564,52.133333,0.450193,matched
1791,59.7,1565,52.166667,0.426982,matched
1792,59.733333,1565,52.166667,0.403771,matched
1793,59.766667,1566,52.2,0.38056,matched
1794,59.8,1566,52.2,0.35735,matched
1795,59.833333,1567,52.233333,0.385676,matched
1796,59.866667,1567,52.233333,0.414002,matched
1797,59.9,1568,52.266667,0.442328,matched
1798,59.933333,1568,52.266667,0.470654,matched
1799,59.966667,1569,52.3,0.49898,matched
1800,60.0,1569,52.3,0.527307,matched
1801,60.033333,1570,52.333333,0.555633,matched
1802,60.066667,1570,52.333333,0.583959,matched
1803,60.1,1571,52.366667,0.612285,matched
1804,60.133333,1571,52.366667,0.640611,matched
1805,60.166667,1572,52.4,0.668937,matched
1806,60.2,1572,52.4,0.697263,matched
1807,60.233333,1574,52.466667,0.623841,matched
1808,60.266667,1576,52.533333,0.550416,matched
1809,60.3,1578,52.6,0.476991,matched
1810,60.333333,1580,52.666667,0.403566,matched
1811,60.366667,1582,52.733333,0.330141,review
1812,60.4,1584,52.8,0.256716,review
1813,60.433333,1584,52.8,0.241043,review
1814,60.466667,1585,52.833333,0.225373,review
1815,60.5,1585,52.833333,0.209703,review
1816,60.533333,1586,52.866667,0.194033,review
1817,60.566667,1586,52.866667,0.178362,review
1818,60.6,1587,52.9,0.162692,review
1819,60.633333,1587,52.9,0.147022,review
1820,60.666667,1588,52.933333,0.131352,review
1821,60.7,1588,52.933333,0.115681,review
1822,60.733333,1589,52.966667,0.100011,review
1823,60.766667,1590,53.0,0.084341,review
1824,60.8,1590,53.0,0.068672,review
1825,60.833333,1591,53.033333,0.094733,review
1826,60.866667,1591,53.033333,0.120795,review
1827,60.9,1592,53.066667,0.146857,review
1828,60.933333,1592,53.066667,0.172919,review
1829,60.966667,1593,53.1,0.198981,review
1830,61.0,1593,53.1,0.225042,review
1831,61.033333,1594,53.133333,0.251104,review
1832,61.066667,1594,53.133333,0.277166,review
1833,61.1,1595,53.166667,0.303228,review
1834,61.133333,1595,53.166667,0.32929,review
1835,61.166667,1596,53.2,0.355352,matched
1836,61.2,1596,53.2,0.381413,matched
1837,61.233333,1597,53.233333,0.354608,matched
1838,61.266667,1597,53.233333,0.327801,review
1839,61.3,1598,53.266667,0.300994,review
1840,61.333333,1598,53.266667,0.274188,review
1841,61.366667,1599,53.3,0.247381,review
1842,61.4,1599,53.3,0.220574,review
1843,61.433333,1600,53.333333,0.193767,review
1844,61.466667,1600,53.333333,0.166961,review
1845,61.5,1601,53.366667,0.140154,review
1846,61.533333,1601,53.366667,0.113347,review
1847,61.566667,1602,53.4,0.086541,review
1848,61.6,1602,53.4,0.059736,review
1849,61.633333,1603,53.433333,0.082598,review
1850,61.666667,1603,53.433333,0.10546,review
1851,61.7,1604,53.466667,0.128322,review
1852,61.733333,1604,53.466667,0.151183,review
1853,61.766667,1605,53.5,0.174045,review
1854,61.8,1605,53.5,0.196907,review
1855,61.833333,1606,53.533333,0.219769,review
1856,61.866667,1606,53.533333,0.242631,review
1857,61.9,1606,53.533333,0.265493,review
1858,61.933333,1607,53.566667,0.288354,review
1859,61.966667,1607,53.566667,0.311216,review
1860,62.0,1608,53.6,0.334078,review
1861,62.033333,1608,53.6,0.364571,matched
1862,62.066667,1609,53.633333,0.395065,matched
1863,62.1,1609,53.633333,0.425558,matched
1864,62.133333,1610,53.666667,0.456052,matched
1865,62.166667,1610,53.666667,0.486545,matched
1866,62.2,1611,53.7,0.517038,matched
1867,62.233333,1611,53.7,0.547532,matched
1868,62.266667,1612,53.733333,0.578025,matched
1869,62.3,1612,53.733333,0.608518,matched
1870,62.333333,1613,53.766667,0.639012,matched
1871,62.366667,1613,53.766667,0.669505,matched
1872,62.4,1614,53.8,0.699999,matched
1873,62.433333,1616,53.866667,0.692438,matched
1874,62.466667,1618,53.933333,0.684875,matched
1875,62.5,1620,54.0,0.677312,matched
1876,62.533333,1622,54.066667,0.669749,matched
1877,62.566667,1624,54.133333,0.662186,matched
1878,62.6,1626,54.2,0.654623,matched
1879,62.633333,1627,54.233333,0.637049,matched
1880,62.666667,1627,54.233333,0.619475,matched
1881,62.7,1628,54.266667,0.601901,matched
1882,62.733333,1628,54.266667,0.584327,matched
1883,62.766667,1629,54.3,0.566753,matched
1884,62.8,1629,54.3,0.549179,matched
1885,62.833333,1630,54.333333,0.531605,matched
1886,62.866667,1630,54.333333,0.514031,matched
1887,62.9,1631,54.366667,0.496457,matched
1888,62.933333,1631,54.366667,0.478883,matched
1889,62.966667,1632,54.4,0.461309,matched
1890,63.0,1632,54.4,0.443735,matched
1891,63.033333,1633,54.433333,0.430839,matched
1892,63.066667,1633,54.433333,0.417943,matched
1893,63.1,1634,54.466667,0.405046,matched
1894,63.133333,1634,54.466667,0.39215,matched
1895,63.166667,1634,54.466667,0.379254,matched
1896,63.2,1635,54.5,0.366358,matched
1897,63.233333,1635,54.5,0.353462,matched
1898,63.266667,1636,54.533333,0.340565,review
1899,63.3,1636,54.533333,0.327669,review
1900,63.333333,1637,54.566667,0.314773,review
1901,63.366667,1637,54.566667,0.301877,review
1902,63.4,1638,54.6,0.288981,review
1903,63.433333,1638,54.6,0.281857,review
1904,63.466667,1639,54.633333,0.274735,review
1905,63.5,1639,54.633333,0.267612,review
1906,63.533333,1640,54.666667,0.260489,review
1907,63.566667,1640,54.666667,0.253366,review
1908,63.6,1641,54.7,0.246243,review
1909,63.633333,1641,54.7,0.23912,review
1910,63.666667,1642,54.733333,0.231997,review
1911,63.7,1642,54.733333,0.224874,review
1912,63.733333,1643,54.766667,0.217752,review
1913,63.766667,1643,54.766667,0.210629,review
1914,63.8,1644,54.8,0.203507,review
1915,63.833333,1644,54.8,0.228784,review
1916,63.866667,1645,54.833333,0.254061,review
1917,63.9,1646,54.866667,0.279339,review
1918,63.933333,1646,54.866667,0.304616,review
1919,63.966667,1647,54.9,0.329894,review
1920,64.0,1647,54.9,0.355171,matched
1921,64.033333,1648,54.933333,0.380448,matched
1922,64.066667,1648,54.933333,0.405726,matched
1923,64.1,1649,54.966667,0.431003,matched
1924,64.133333,1649,54.966667,0.456281,matched
1925,64.166667,1650,55.0,0.481558,matched
1926,64.2,1650,55.0,0.506832,matched
1927,64.233333,1651,55.033333,0.49884,matched
1928,64.266667,1651,55.033333,0.490847,matched
1929,64.3,1652,55.066667,0.482855,matched
1930,64.333333,1652,55.066667,0.474862,matched
1931,64.366667,1653,55.1,0.46687,matched
1932,64.4,1653,55.1,0.458877,matched
1933,64.433333,1654,55.133333,0.450884,matched
1934,64.466667,1654,55.133333,0.442892,matched
1935,64.5,1655,55.166667,0.434899,matched
1936,64.533333,1655,55.166667,0.426907,matched
1937,64.566667,1656,55.2,0.418914,matched
1938,64.6,1656,55.2,0.410923,matched
1939,64.633333,1657,55.233333,0.435428,matched
1940,64.666667,1657,55.233333,0.459933,matched
1941,64.7,1658,55.266667,0.484437,matched
1942,64.733333,1658,55.266667,0.508942,matched
1943,64.766667,1659,55.3,0.533447,matched
1944,64.8,1659,55.3,0.557952,matched
1945,64.833333,1660,55.333333,0.582456,matched
1946,64.866667,1660,55.333333,0.606961,matched
1947,64.9,1661,55.366667,0.631466,matched
1948,64.933333,1661,55.366667,0.655971,matched
1949,64.966667,1662,55.4,0.680475,matched
1950,65.0,1662,55.4,0.70498,matched
1951,65.033333,1664,55.466667,0.635272,matched
1952,65.066667,1666,55.533333,0.565565,matched
1953,65.1,1668,55.6,0.495857,matched
1954,65.133333,1670,55.666667,0.42615,matched
1955,65.166667,1672,55.733333,0.356442,matched
1956,65.2,1674,55.8,0.286741,review
1957,65.233333,1675,55.833333,0.28368,review
1958,65.266667,1675,55.833333,0.280619,review
1959,65.3,1676,55.866667,0.277558,review
1960,65.333333,1676,55.866667,0.274497,review
1961,65.366667,1677,55.9,0.271436,review
1962,65.4,1677,55.9,0.268375,review
1963,65.433333,1678,55.933333,0.265314,review
1964,65.466667,1678,55.933333,0.262253,review
1965,65.5,1679,55.966667,0.259193,review
1966,65.533333,1679,55.966667,0.256132,review
1967,65.566667,1680,56.0,0.253071,review
1968,65.6,1680,56.0,0.250009,review
1969,65.633333,1682,56.066667,0.217236,review
1970,65.666667,1684,56.133333,0.184464,review
1971,65.7,1686,56.2,0.151692,review
1972,65.733333,1688,56.266667,0.11892,review
1973,65.766667,1690,56.333333,0.086147,review
1974,65.8,1692,56.4,0.053375,review
1975,65.833333,1694,56.466667,0.114681,review
1976,65.866667,1696,56.533333,0.175995,review
1977,65.9,1698,56.6,0.23731,review
1978,65.933333,1700,56.666667,0.298624,review
1979,65.966667,1702,56.733333,0.359939,matched
1980,66.0,1704,56.8,0.421253,matched
1981,66.033333,1706,56.866667,0.44685,matched
1982,66.066667,1708,56.933333,0.472446,matched
1983,66.1,1710,57.0,0.498043,matched
1984,66.133333,1712,57.066667,0.523639,matched
1985,66.166667,1714,57.133333,0.549236,matched
1986,66.2,1716,57.2,0.574827,matched
1987,66.233333,1718,57.266667,0.543723,matched
1988,66.266667,1720,57.333333,0.512618,matched
1989,66.3,1722,57.4,0.481513,matched
1990,66.333333,1724,57.466667,0.450409,matched
1991,66.366667,1726,57.533333,0.419304,matched
1992,66.4,1728,57.6,0.388199,matched
1993,66.433333,1730,57.666667,0.425679,matched
1994,66.466667,1732,57.733333,0.463161,matched
1995,66.5,1734,57.8,0.500643,matched
1996,66.533333,1736,57.866667,0.538125,matched
1997,66.566667,1738,57.933333,0.575607,matched
1998,66.6,1740,58.0,0.613085,matched
1999,66.633333,1742,58.066667,0.548748,matched
2000,66.666667,1744,58.133333,0.484411,matched
2001,66.7,1746,58.2,0.420073,matched
2002,66.733333,1748,58.266667,0.355736,matched
2003,66.766667,1750,58.333333,0.291399,review
2004,66.8,1752,58.4,0.227062,review
2005,66.833333,1754,58.466667,0.214556,review
2006,66.866667,1756,58.533333,0.202055,review
2007,66.9,1758,58.6,0.189554,review
2008,66.933333,1760,58.666667,0.177052,review
2009,66.966667,1762,58.733333,0.164551,review
2010,67.0,1764,58.8,0.15205,review
2011,67.033333,1766,58.866667,0.155787,review
2012,67.066667,1768,58.933333,0.159523,review
2013,67.1,1770,59.0,0.16326,review
2014,67.133333,1772,59.066667,0.166996,review
2015,67.166667,1774,59.133333,0.170733,review
2016,67.2,1776,59.2,0.174476,review
2017,67.233333,1778,59.266667,0.25175,review
2018,67.266667,1780,59.333333,0.329024,review
2019,67.3,1782,59.4,0.406297,matched
2020,67.333333,1784,59.466667,0.483571,matched
2021,67.366667,1786,59.533333,0.560845,matched
2022,67.4,1788,59.6,0.638118,matched
2023,67.433333,1788,59.6,0.614505,matched
2024,67.466667,1789,59.633333,0.590886,matched
2025,67.5,1789,59.633333,0.567268,matched
2026,67.533333,1790,59.666667,0.543649,matched
2027,67.566667,1790,59.666667,0.520031,matched
2028,67.6,1791,59.7,0.496412,matched
2029,67.633333,1791,59.7,0.472794,matched
2030,67.666667,1792,59.733333,0.449175,matched
2031,67.7,1792,59.733333,0.425557,matched
2032,67.733333,1793,59.766667,0.401938,matched
2033,67.766667,1793,59.766667,0.37832,matched
2034,67.8,1794,59.8,0.354701,matched
2035,67.833333,1794,59.8,0.352836,matched
2036,67.866667,1795,59.833333,0.350972,matched
2037,67.9,1795,59.833333,0.349109,review
2038,67.933333,1796,59.866667,0.347245,review
2039,67.966667,1796,59.866667,0.345382,review
2040,68.0,1797,59.9,0.343518,review
2041,68.033333,1797,59.9,0.341654,review
2042,68.066667,1798,59.933333,0.339791,review
2043,68.1,1799,59.966667,0.337927,review
2044,68.133333,1799,59.966667,0.336064,review
2045,68.166667,1800,60.0,0.3342,review
2046,68.2,1800,60.0,0.332339,review
2047,68.233333,1802,60.066667,0.351991,matched
2048,68.266667,1804,60.133333,0.371643,matched
2049,68.3,1806,60.2,0.391294,matched
2050,68.333333,1808,60.266667,0.410946,matched
2051,68.366667,1810,60.333333,0.430598,matched
2052,68.4,1812,60.4,0.45025,matched
2053,68.433333,1813,60.433333,0.455842,matched
2054,68.466667,1813,60.433333,0.461433,matched
2055,68.5,1813,60.433333,0.467024,matched
2056,68.533333,1814,60.466667,0.472615,matched
2057,68.566667,1814,60.466667,0.478206,matched
2058,68.6,1815,60.5,0.483797,matched
2059,68.633333,1815,60.5,0.489388,matched
2060,68.666667,1816,60.533333,0.494979,matched
2061,68.7,1816,60.533333,0.50057,matched
2062,68.733333,1817,60.566667,0.506161,matched
2063,68.766667,1817,60.566667,0.511752,matched
2064,68.8,1818,60.6,0.517343,matched
2065,68.833333,1818,60.6,0.517107,matched
2066,68.866667,1819,60.633333,0.51687,matched
2067,68.9,1819,60.633333,0.516633,matched
2068,68.933333,1820,60.666667,0.516395,matched
2069,68.966667,1820,60.666667,0.516158,matched
2070,69.0,1821,60.7,0.515921,matched
2071,69.033333,1821,60.7,0.515684,matched
2072,69.066667,1822,60.733333,0.515447,matched
2073,69.1,1822,60.733333,0.515209,matched
2074,69.133333,1823,60.766667,0.514972,matched
2075,69.166667,1824,60.8,0.514735,matched
2076,69.2,1824,60.8,0.514497,matched
2077,69.233333,1825,60.833333,0.499695,matched
2078,69.266667,1825,60.833333,0.484893,matched
2079,69.3,1826,60.866667,0.470091,matched
2080,69.333333,1826,60.866667,0.455289,matched
2081,69.366667,1827,60.9,0.440487,matched
2082,69.4,1827,60.9,0.425685,matched
2083,69.433333,1828,60.933333,0.410884,matched
2084,69.466667,1828,60.933333,0.396082,matched
2085,69.5,1829,60.966667,0.38128,matched
2086,69.533333,1829,60.966667,0.366478,matched
2087,69.566667,1830,61.0,0.351676,matched
2088,69.6,1830,61.0,0.336876,review
2089,69.633333,1831,61.033333,0.356081,matched
2090,69.666667,1831,61.033333,0.375285,matched
2091,69.7,1832,61.066667,0.39449,matched
2092,69.733333,1832,61.066667,0.413695,matched
2093,69.766667,1833,61.1,0.4329,matched
2094,69.8,1833,61.1,0.452104,matched
2095,69.833333,1834,61.133333,0.471309,matched
2096,69.866667,1834,61.133333,0.490514,matched
2097,69.9,1835,61.166667,0.509719,matched
2098,69.933333,1835,61.166667,0.528923,matched
2099,69.966667,1836,61.2,0.548128,matched
2100,70.0,1836,61.2,0.567333,matched
2101,70.033333,1837,61.233333,0.56255,matched
2102,70.066667,1837,61.233333,0.557766,matched
2103,70.1,1838,61.266667,0.552983,matched
2104,70.133333,1838,61.266667,0.5482,matched
2105,70.166667,1839,61.3,0.543416,matched
2106,70.2,1839,61.3,0.538633,matched
2107,70.233333,1840,61.333333,0.53385,matched
2108,70.266667,1840,61.333333,0.529066,matched
2109,70.3,1841,61.366667,0.524283,matched
2110,70.333333,1841,61.366667,0.5195,matched
2111,70.366667,1842,61.4,0.514717,matched
2112,70.4,1842,61.4,0.509933,matched
2113,70.433333,1843,61.433333,0.499697,matched
2114,70.466667,1843,61.433333,0.489461,matched
2115,70.5,1843,61.433333,0.479225,matched
2116,70.533333,1844,61.466667,0.468988,matched
2117,70.566667,1844,61.466667,0.458752,matched
2118,70.6,1845,61.5,0.448516,matched
2119,70.633333,1845,61.5,0.438279,matched
2120,70.666667,1846,61.533333,0.428043,matched
2121,70.7,1846,61.533333,0.417807,matched
2122,70.733333,1847,61.566667,0.407571,matched
2123,70.766667,1847,61.566667,0.397334,matched
2124,70.8,1848,61.6,0.387098,matched
2125,70.833333,1848,61.6,0.398318,matched
2126,70.866667,1849,61.633333,0.40954,matched
2127,70.9,1849,61.633333,0.420762,matched
2128,70.933333,1850,61.666667,0.431984,matched
2129,70.966667,1850,61.666667,0.443206,matched
2130,71.0,1851,61.7,0.454428,matched
2131,71.033333,1851,61.7,0.465651,matched
2132,71.066667,1852,61.733333,0.476873,matched
2133,71.1,1852,61.733333,0.488095,matched
2134,71.133333,1853,61.766667,0.499317,matched
2135,71.166667,1854,61.8,0.510539,matched
2136,71.2,1854,61.8,0.521759,matched
2137,71.233333,1855,61.833333,0.513707,matched
2138,71.266667,1855,61.833333,0.505654,matched
2139,71.3,1856,61.866667,0.497601,matched
2140,71.333333,1856,61.866667,0.489549,matched
2141,71.366667,1857,61.9,0.481496,matched
2142,71.4,1857,61.9,0.473443,matched
2143,71.433333,1858,61.933333,0.465391,matched
2144,71.466667,1858,61.933333,0.457338,matched
2145,71.5,1859,61.966667,0.449286,matched
2146,71.533333,1859,61.966667,0.441233,matched
2147,71.566667,1860,62.0,0.43318,matched
2148,71.6,1860,62.0,0.425128,matched
2149,71.633333,1861,62.033333,0.417361,matched
2150,71.666667,1861,62.033333,0.409593,matched
2151,71.7,1862,62.066667,0.401826,matched
2152,71.733333,1862,62.066667,0.394059,matched
2153,71.766667,1863,62.1,0.386292,matched
2154,71.8,1863,62.1,0.378525,matched
2155,71.833333,1864,62.133333,0.370758,matched
2156,71.866667,1864,62.133333,0.362991,matched
2157,71.9,1865,62.166667,0.355223,matched
2158,71.933333,1865,62.166667,0.347456,review
2159,71.966667,1866,62.2,0.339689,review
2160,72.0,1866,62.2,0.331922,review
2161,72.033333,1867,62.233333,0.341777,review
2162,72.066667,1867,62.233333,0.351632,matched
2163,72.1,1868,62.266667,0.361488,matched
2164,72.133333,1868,62.266667,0.371343,matched
2165,72.166667,1869,62.3,0.381198,matched
2166,72.2,1869,62.3,0.391053,matched
2167,72.233333,1870,62.333333,0.400908,matched
2168,72.266667,1870,62.333333,0.410764,matched
2169,72.3,1871,62.366667,0.420619,matched
2170,72.333333,1871,62.366667,0.430474,matched
2171,72.366667,1872,62.4,0.440329,matched
2172,72.4,1872,62.4,0.450185,matched
2173,72.433333,1874,62.466667,0.468077,matched
2174,72.466667,1876,62.533333,0.48597,matched
2175,72.5,1878,62.6,0.503864,matched
2176,72.533333,1880,62.666667,0.521757,matched
2177,72.566667,1882,62.733333,0.53965,matched
2178,72.6,1884,62.8,0.557541,matched
2179,72.633333,1884,62.8,0.533633,matched
2180,72.666667,1885,62.833333,0.509726,matched
2181,72.7,1886,62.866667,0.485818,matched
2182,72.733333,1886,62.866667,0.46191,matched
2183,72.766667,1886,62.866667,0.438003,matched
2184,72.8,1887,62.9,0.414095,matched
2185,72.833333,1888,62.933333,0.390187,matched
2186,72.866667,1888,62.933333,0.36628,matched
2187,72.9,1888,62.933333,0.342372,review
2188,72.933333,1889,62.966667,0.318464,review
2189,72.966667,1890,63.0,0.294557,review
2190,73.0,1890,63.0,0.270649,review
2191,73.033333,1890,63.0,0.290163,review
2192,73.066667,1891,63.033333,0.309678,review
2193,73.1,1892,63.066667,0.329192,review
2194,73.133333,1892,63.066667,0.348706,review
2195,73.166667,1892,63.066667,0.36822,matched
2196,73.2,1893,63.1,0.387735,matched
2197,73.233333,1894,63.133333,0.407249,matched
2198,73.266667,1894,63.133333,0.426763,matched
2199,73.3,1894,63.133333,0.446277,matched
2200,73.333333,1895,63.166667,0.465792,matched
2201,73.366667,1896,63.2,0.485306,matched
2202,73.4,1896,63.2,0.50482,matched
2203,73.433333,1896,63.2,0.487885,matched
2204,73.466667,1897,63.233333,0.470948,matched
2205,73.5,1898,63.266667,0.454011,matched
2206,73.533333,1898,63.266667,0.437074,matched
2207,73.566667,1898,63.266667,0.420137,matched
2208,73.6,1899,63.3,0.4032,matched
2209,73.633333,1900,63.333333,0.386263,matched
2210,73.666667,1900,63.333333,0.369326,matched
2211,73.7,1900,63.333333,0.352389,matched
2212,73.733333,1901,63.366667,0.335452,review
2213,73.766667,1902,63.4,0.318515,review
2214,73.8,1902,63.4,0.301579,review
2215,73.833333,1902,63.4,0.296196,review
2216,73.866667,1903,63.433333,0.290814,review
2217,73.9,1904,63.466667,0.285433,review
2218,73.933333,1904,63.466667,0.280051,review
2219,73.966667,1904,63.466667,0.27467,review
2220,74.0,1905,63.5,0.269289,review
2221,74.033333,1906,63.533333,0.263907,review
2222,74.066667,1906,63.533333,0.258526,review
2223,74.1,1906,63.533333,0.253144,review
2224,74.133333,1907,63.566667,0.247763,review
2225,74.166667,1908,63.6,0.242381,review
2226,74.2,1908,63.6,0.237001,review
2227,74.233333,1908,63.6,0.246451,review
2228,74.266667,1909,63.633333,0.255902,review
2229,74.3,1910,63.666667,0.265352,review
2230,74.333333,1910,63.666667,0.274802,review
2231,74.366667,1910,63.666667,0.284253,review
2232,74.4,1911,63.7,0.293703,review
2233,74.433333,1912,63.733333,0.303154,review
2234,74.466667,1912,63.733333,0.312604,review
2235,74.5,1912,63.733333,0.322054,review
2236,74.533333,1913,63.766667,0.331505,review
2237,74.566667,1914,63.8,0.340955,review
2238,74.6,1914,63.8,0.350406,matched
2239,74.633333,1914,63.8,0.361334,matched
2240,74.666667,1915,63.833333,0.372263,matched
2241,74.7,1916,63.866667,0.383192,matched
2242,74.733333,1916,63.866667,0.39412,matched
2243,74.766667,1916,63.866667,0.405049,matched
2244,74.8,1917,63.9,0.415978,matched
2245,74.833333,1918,63.933333,0.426906,matched
2246,74.866667,1918,63.933333,0.437835,matched
2247,74.9,1918,63.933333,0.448764,matched
2248,74.933333,1919,63.966667,0.459693,matched
2249,74.966667,1920,64.0,0.470621,matched
2250,75.0,1920,64.0,0.48155,matched
2251,75.033333,1920,64.0,0.474711,matched
2252,75.066667,1921,64.033333,0.467873,matched
2253,75.1,1921,64.033333,0.461034,matched
2254,75.133333,1922,64.066667,0.454196,matched
2255,75.166667,1922,64.066667,0.447357,matched
2256,75.2,1923,64.1,0.440519,matched
2257,75.233333,1923,64.1,0.43368,matched
2258,75.266667,1924,64.133333,0.426842,matched
2259,75.3,1924,64.133333,0.420003,matched
2260,75.333333,1925,64.166667,0.413164,matched
2261,75.366667,1925,64.166667,0.406326,matched
2262,75.4,1926,64.2,0.399487,matched
2263,75.433333,1926,64.2,0.409766,matched
2264,75.466667,1927,64.233333,0.420045,matched
2265,75.5,1927,64.233333,0.430325,matched
2266,75.533333,1928,64.266667,0.440604,matched
2267,75.566667,1928,64.266667,0.450883,matched
2268,75.6,1929,64.3,0.461163,matched
2269,75.633333,1929,64.3,0.471442,matched
2270,75.666667,1930,64.333333,0.481722,matched
2271,75.7,1930,64.333333,0.492001,matched
2272,75.733333,1931,64.366667,0.50228,matched
2273,75.766667,1931,64.366667,0.51256,matched
2274,75.8,1932,64.4,0.522839,matched
2275,75.833333,1932,64.4,0.514452,matched
2276,75.866667,1933,64.433333,0.506062,matched
2277,75.9,1934,64.466667,0.497673,matched
2278,75.933333,1934,64.466667,0.489284,matched
2279,75.966667,1934,64.466667,0.480895,matched
2280,76.0,1935,64.5,0.472506,matched
2281,76.033333,1936,64.533333,0.464116,matched
2282,76.066667,1936,64.533333,0.455727,matched
2283,76.1,1936,64.533333,0.447338,matched
2284,76.133333,1937,64.566667,0.438949,matched
2285,76.166667,1938,64.6,0.430559,matched
2286,76.2,1938,64.6,0.422171,matched
2287,76.233333,1939,64.633333,0.425452,matched
2288,76.266667,1939,64.633333,0.428733,matched
2289,76.3,1940,64.666667,0.432013,matched
2290,76.333333,1940,64.666667,0.435294,matched
2291,76.366667,1941,64.7,0.438575,matched
2292,76.4,1941,64.7,0.441855,matched
2293,76.433333,1942,64.733333,0.445136,matched
2294,76.466667,1942,64.733333,0.448417,matched
2295,76.5,1943,64.766667,0.451697,matched
2296,76.533333,1943,64.766667,0.454978,matched
2297,76.566667,1944,64.8,0.458258,matched
2298,76.6,1944,64.8,0.461538,matched
2299,76.633333,1945,64.833333,0.445887,matched
2300,76.666667,1945,64.833333,0.430236,matched
2301,76.7,1946,64.866667,0.414585,matched
2302,76.733333,1946,64.866667,0.398934,matched
2303,76.766667,1947,64.9,0.383283,matched
2304,76.8,1947,64.9,0.367632,matched
2305,76.833333,1948,64.933333,0.351981,matched
2306,76.866667,1948,64.933333,0.336329,review
2307,76.9,1949,64.966667,0.320678,review
2308,76.933333,1949,64.966667,0.305027,review
2309,76.966667,1950,65.0,0.289376,review
2310,77.0,1950,65.0,0.273725,review
2311,77.033333,1950,65.0,0.286493,review
2312,77.066667,1951,65.033333,0.29926,review
2313,77.1,1951,65.033333,0.312028,review
2314,77.133333,1952,65.066667,0.324796,review
2315,77.166667,1952,65.066667,0.337564,review
2316,77.2,1953,65.1,0.350331,matched
2317,77.233333,1953,65.1,0.363099,matched
2318,77.266667,1954,65.133333,0.375867,matched
2319,77.3,1954,65.133333,0.388634,matched
2320,77.333333,1955,65.166667,0.401402,matched
2321,77.366667,1955,65.166667,0.41417,matched
2322,77.4,1956,65.2,0.426937,matched
2323,77.433333,1956,65.2,0.427301,matched
2324,77.466667,1957,65.233333,0.427664,matched
2325,77.5,1957,65.233333,0.428027,matched
2326,77.533333,1958,65.266667,0.42839,matched
2327,77.566667,1958,65.266667,0.428753,matched
2328,77.6,1959,65.3,0.429115,matched
2329,77.633333,1959,65.3,0.429478,matched
2330,77.666667,1960,65.333333,0.429841,matched
2331,77.7,1960,65.333333,0.430204,matched
2332,77.733333,1961,65.366667,0.430567,matched
2333,77.766667,1961,65.366667,0.43093,matched
2334,77.8,1962,65.4,0.431293,matched
2335,77.833333,1962,65.4,0.432688,matched
2336,77.866667,1963,65.433333,0.434083,matched
2337,77.9,1964,65.466667,0.435479,matched
2338,77.933333,1964,65.466667,0.436874,matched
2339,77.966667,1964,65.466667,0.438269,matched
2340,78.0,1965,65.5,0.439664,matched
2341,78.033333,1966,65.533333,0.44106,matched
2342,78.066667,1966,65.533333,0.442455,matched
2343,78.1,1966,65.533333,0.44385,matched
2344,78.133333,1967,65.566667,0.445246,matched
2345,78.166667,1968,65.6,0.446641,matched
2346,78.2,1968,65.6,0.448035,matched
2347,78.233333,1969,65.633333,0.439905,matched
2348,78.266667,1969,65.633333,0.431775,matched
2349,78.3,1970,65.666667,0.423645,matched
2350,78.333333,1970,65.666667,0.415515,matched
2351,78.366667,1971,65.7,0.407385,matched
2352,78.4,1971,65.7,0.399254,matched
2353,78.433333,1972,65.733333,0.391124,matched
2354,78.466667,1972,65.733333,0.382994,matched
2355,78.5,1973,65.766667,0.374864,matched
2356,78.533333,1973,65.766667,0.366734,matched
2357,78.566667,1974,65.8,0.358604,matched
2358,78.6,1974,65.8,0.350475,matched
2359,78.633333,1975,65.833333,0.368172,matched
2360,78.666667,1975,65.833333,0.385868,matched
2361,78.7,1976,65.866667,0.403565,matched
2362,78.733333,1976,65.866667,0.421262,matched
2363,78.766667,1977,65.9,0.438959,matched
2364,78.8,1977,65.9,0.456655,matched
2365,78.833333,1978,65.933333,0.474352,matched
2366,78.866667,1978,65.933333,0.492049,matched
2367,78.9,1979,65.966667,0.509746,matched
2368,78.933333,1979,65.966667,0.527442,matched
2369,78.966667,1980,66.0,0.545139,matched
2370,79.0,1980,66.0,0.562836,matched
2371,79.033333,1980,66.0,0.542992,matched
2372,79.066667,1981,66.033333,0.523148,matched
2373,79.1,1981,66.033333,0.503304,matched
2374,79.133333,1982,66.066667,0.48346,matched
2375,79.166667,1982,66.066667,0.463616,matched
2376,79.2,1983,66.1,0.443771,matched
2377,79.233333,1983,66.1,0.423927,matched
2378,79.266667,1984,66.133333,0.404083,matched
2379,79.3,1984,66.133333,0.384239,matched
2380,79.333333,1985,66.166667,0.364395,matched
2381,79.366667,1985,66.166667,0.344551,review
2382,79.4,1986,66.2,0.324707,review
2383,79.433333,1986,66.2,0.336451,review
2384,79.466667,1987,66.233333,0.348196,review
2385,79.5,1987,66.233333,0.359941,matched
2386,79.533333,1988,66.266667,0.371686,matched
2387,79.566667,1988,66.266667,0.383431,matched
2388,79.6,1989,66.3,0.395176,matched
2389,79.633333,1989,66.3,0.406921,matched
2390,79.666667,1990,66.333333,0.418666,matched
2391,79.7,1990,66.333333,0.430412,matched
2392,79.733333,1991,66.366667,0.442157,matched
2393,79.766667,1991,66.366667,0.453902,matched
2394,79.8,1992,66.4,0.465647,matched
2395,79.833333,1992,66.4,0.462345,matched
2396,79.866667,1993,66.433333,0.459041,matched
2397,79.9,1994,66.466667,0.455737,matched
2398,79.933333,1994,66.466667,0.452433,matched
2399,79.966667,1994,66.466667,0.44913,matched
2400,80.0,1995,66.5,0.445826,matched
2401,80.033333,1996,66.533333,0.442522,matched
2402,80.066667,1996,66.533333,0.439219,matched
2403,80.1,1996,66.533333,0.435915,matched
2404,80.133333,1997,66.566667,0.432611,matched
2405,80.166667,1998,66.6,0.429307,matched
2406,80.2,1998,66.6,0.426004,matched
2407,80.233333,1999,66.633333,0.425893,matched
2408,80.266667,1999,66.633333,0.425782,matched
2409,80.3,2000,66.666667,0.425671,matched
2410,80.333333,2000,66.666667,0.425561,matched
2411,80.366667,2001,66.7,0.42545,matched
2412,80.4,2001,66.7,0.425339,matched
2413,80.433333,2002,66.733333,0.425228,matched
2414,80.466667,2002,66.733333,0.425117,matched
2415,80.5,2003,66.766667,0.425006,matched
2416,80.533333,2003,66.766667,0.424896,matched
2417,80.566667,2004,66.8,0.424785,matched
2418,80.6,2004,66.8,0.424674,matched
2419,80.633333,2006,66.866667,0.431931,matched
2420,80.666667,2008,66.933333,0.439188,matched
2421,80.7,2010,67.0,0.446445,matched
2422,80.733333,2012,67.066667,0.453702,matched
2423,80.766667,2014,67.133333,0.460959,matched
2424,80.8,2016,67.2,0.468216,matched
2425,80.833333,2016,67.2,0.453039,matched
2426,80.866667,2017,67.233333,0.43786,matched
2427,80.9,2017,67.233333,0.422681,matched
2428,80.933333,2018,67.266667,0.407502,matched
2429,80.966667,2018,67.266667,0.392323,matched
2430,81.0,2019,67.3,0.377144,matched
2431,81.033333,2019,67.3,0.361966,matched
2432,81.066667,2020,67.333333,0.346787,review
2433,81.1,2021,67.366667,0.331608,review
2434,81.133333,2021,67.366667,0.316429,review
2435,81.166667,2022,67.4,0.30125,review
2436,81.2,2022,67.4,0.286073,review
2437,81.233333,2024,67.466667,0.298581,review
2438,81.266667,2026,67.533333,0.311088,review
2439,81.3,2028,67.6,0.323596,review
2440,81.333333,2030,67.666667,0.336103,review
2441,81.366667,2032,67.733333,0.348611,review
2442,81.4,2034,67.8,0.361118,matched
2443,81.433333,2035,67.833333,0.367537,matched
2444,81.466667,2035,67.833333,0.373955,matched
2445,81.5,2036,67.866667,0.380373,matched
2446,81.533333,2036,67.866667,0.386791,matched
2447,81.566667,2037,67.9,0.393209,matched
2448,81.6,2037,67.9,0.399628,matched
2449,81.633333,2038,67.933333,0.406046,matched
2450,81.666667,2038,67.933333,0.412464,matched
2451,81.7,2038,67.933333,0.418882,matched
2452,81.733333,2039,67.966667,0.4253,matched
2453,81.766667,2039,67.966667,0.431718,matched
2454,81.8,2040,68.0,0.438136,matched
2455,81.833333,2040,68.0,0.434187,matched
2456,81.866667,2041,68.033333,0.430237,matched
2457,81.9,2041,68.033333,0.426286,matched
2458,81.933333,2042,68.066667,0.422336,matched
2459,81.966667,2042,68.066667,0.418385,matched
2460,82.0,2043,68.1,0.414435,matched
2461,82.033333,2043,68.1,0.410485,matched
2462,82.066667,2044,68.133333,0.406534,matched
2463,82.1,2044,68.133333,0.402584,matched
2464,82.133333,2045,68.166667,0.398633,matched
2465,82.166667,2045,68.166667,0.394683,matched
2466,82.2,2046,68.2,0.390734,matched
2467,82.233333,2046,68.2,0.39859,matched
2468,82.266667,2047,68.233333,0.406445,matched
2469,82.3,2047,68.233333,0.414301,matched
2470,82.333333,2048,68.266667,0.422157,matched
2471,82.366667,2049,68.3,0.430013,matched
2472,82.4,2049,68.3,0.437869,matched
2473,82.433333,2050,68.333333,0.445724,matched
2474,82.466667,2050,68.333333,0.45358,matched
2475,82.5,2051,68.366667,0.461436,matched
2476,82.533333,2051,68.366667,0.469292,matched
2477,82.566667,2052,68.4,0.477148,matched
2478,82.6,2052,68.4,0.485003,matched
2479,82.633333,2053,68.433333,0.475334,matched
2480,82.666667,2053,68.433333,0.465666,matched
2481,82.7,2054,68.466667,0.455997,matched
2482,82.733333,2054,68.466667,0.446329,matched
2483,82.766667,2055,68.5,0.436661,matched
2484,82.8,2055,68.5,0.426992,matched
2485,82.833333,2056,68.533333,0.417324,matched
2486,82.866667,2056,68.533333,0.407656,matched
2487,82.9,2056,68.533333,0.397987,matched
2488,82.933333,2057,68.566667,0.388319,matched
2489,82.966667,2057,68.566667,0.37865,matched
2490,83.0,2058,68.6,0.368982,matched
2491,83.033333,2058,68.6,0.377401,matched
2492,83.066667,2059,68.633333,0.38582,matched
2493,83.1,2059,68.633333,0.394239,matched
2494,83.133333,2060,68.666667,0.402659,matched
2495,83.166667,2061,68.7,0.411078,matched
2496,83.2,2061,68.7,0.419497,matched
2497,83.233333,2062,68.733333,0.427916,matched
2498,83.266667,2062,68.733333,0.436335,matched
2499,83.3,2063,68.766667,0.444754,matched
2500,83.333333,2063,68.766667,0.453173,matched
2501,83.366667,2064,68.8,0.461592,matched
2502,83.4,2064,68.8,0.470012,matched
2503,83.433333,2065,68.833333,0.461726,matched
2504,83.466667,2065,68.833333,0.45344,matched
2505,83.5,2066,68.866667,0.445154,matched
2506,83.533333,2066,68.866667,0.436869,matched
2507,83.566667,2067,68.9,0.428583,matched
2508,83.6,2067,68.9,0.420297,matched
2509,83.633333,2068,68.933333,0.412011,matched
2510,83.666667,2068,68.933333,0.403725,matched
2511,83.7,2068,68.933333,0.395439,matched
2512,83.733333,2069,68.966667,0.387153,matched
2513,83.766667,2069,68.966667,0.378867,matched
2514,83.8,2070,69.0,0.370581,matched
2515,83.833333,2070,69.0,0.362614,matched
2516,83.866667,2071,69.033333,0.354647,matched
2517,83.9,2071,69.033333,0.346681,review
2518,83.933333,2072,69.066667,0.338714,review
2519,83.966667,2072,69.066667,0.330748,review
2520,84.0,2073,69.1,0.322781,review
2521,84.033333,2073,69.1,0.314814,review
2522,84.066667,2074,69.133333,0.306848,review
2523,84.1,2074,69.133333,0.298881,review
2524,84.133333,2075,69.166667,0.290915,review
2525,84.166667,2075,69.166667,0.282948,review
2526,84.2,2076,69.2,0.274984,review
2527,84.233333,2076,69.2,0.292874,review
2528,84.266667,2077,69.233333,0.310765,review
2529,84.3,2077,69.233333,0.328655,review
2530,84.333333,2078,69.266667,0.346546,review
2531,84.366667,2079,69.3,0.364436,matched
2532,84.4,2079,69.3,0.382327,matched
2533,84.433333,2080,69.333333,0.400217,matched
2534,84.466667,2080,69.333333,0.418108,matched
2535,84.5,2081,69.366667,0.435998,matched
2536,84.533333,2081,69.366667,0.453889,matched
2537,84.566667,2082,69.4,0.471779,matched
2538,84.6,2082,69.4,0.489669,matched
2539,84.633333,2083,69.433333,0.485774,matched
2540,84.666667,2083,69.433333,0.48188,matched
2541,84.7,2084,69.466667,0.477986,matched
2542,84.733333,2084,69.466667,0.474091,matched
2543,84.766667,2085,69.5,0.470197,matched
2544,84.8,2085,69.5,0.466302,matched
2545,84.833333,2086,69.533333,0.462408,matched
2546,84.866667,2086,69.533333,0.458514,matched
2547,84.9,2086,69.533333,0.454619,matched
2548,84.933333,2087,69.566667,0.450725,matched
2549,84.966667,2087,69.566667,0.44683,matched
2550,85.0,2088,69.6,0.442936,matched
2551,85.033333,2088,69.6,0.45184,matched
2552,85.066667,2089,69.633333,0.460744,matched
2553,85.1,2089,69.633333,0.469648,matched
2554,85.133333,2090,69.666667,0.478553,matched
2555,85.166667,2091,69.7,0.487457,matched
2556,85.2,2091,69.7,0.496361,matched
2557,85.233333,2092,69.733333,0.505265,matched
2558,85.266667,2092,69.733333,0.514169,matched
2559,85.3,2093,69.766667,0.523073,matched
2560,85.333333,2093,69.766667,0.531977,matched
2561,85.366667,2094,69.8,0.540881,matched
2562,85.4,2094,69.8,0.549786,matched
2563,85.433333,2095,69.833333,0.546007,matched
2564,85.466667,2095,69.833333,0.542228,matched
2565,85.5,2096,69.866667,0.538449,matched
2566,85.533333,2096,69.866667,0.53467,matched
2567,85.566667,2097,69.9,0.530891,matched
2568,85.6,2097,69.9,0.527112,matched
2569,85.633333,2098,69.933333,0.523333,matched
2570,85.666667,2098,69.933333,0.519554,matched
2571,85.7,2098,69.933333,0.515775,matched
2572,85.733333,2099,69.966667,0.511996,matched
2573,85.766667,2099,69.966667,0.508217,matched
2574,85.8,2100,70.0,0.504438,matched
2575,85.833333,2102,70.066667,0.512312,matched
2576,85.866667,2104,70.133333,0.520186,matched
2577,85.9,2106,70.2,0.528061,matched
2578,85.933333,2108,70.266667,0.535936,matched
2579,85.966667,2110,70.333333,0.54381,matched
2580,86.0,2112,70.4,0.551685,matched
2581,86.033333,2114,70.466667,0.548325,matched
2582,86.066667,2116,70.533333,0.544965,matched
2583,86.1,2118,70.6,0.541605,matched
2584,86.133333,2120,70.666667,0.538245,matched
2585,86.166667,2122,70.733333,0.534886,matched
2586,86.2,2124,70.8,0.531524,matched
2587,86.233333,2126,70.866667,0.510652,matched
2588,86.266667,2128,70.933333,0.489781,matched
2589,86.3,2130,71.0,0.468909,matched
2590,86.333333,2132,71.066667,0.448037,matched
2591,86.366667,2134,71.133333,0.427166,matched
2592,86.4,2136,71.2,0.406294,matched
2593,86.433333,2138,71.266667,0.424075,matched
2594,86.466667,2140,71.333333,0.441858,matched
2595,86.5,2142,71.4,0.459641,matched
2596,86.533333,2144,71.466667,0.477424,matched
2597,86.566667,2146,71.533333,0.495207,matched
2598,86.6,2148,71.6,0.512989,matched
2599,86.633333,2150,71.666667,0.510221,matched
2600,86.666667,2152,71.733333,0.507454,matched
2601,86.7,2154,71.8,0.504686,matched
2602,86.733333,2156,71.866667,0.501918,matched
2603,86.766667,2158,71.933333,0.499151,matched
2604,86.8,2160,72.0,0.496383,matched
2605,86.833333,2160,72.0,0.485886,matched
2606,86.866667,2161,72.033333,0.475388,matched
2607,86.9,2161,72.033333,0.46489,matched
2608,86.933333,2162,72.066667,0.454393,matched
2609,86.966667,2162,72.066667,0.443895,matched
2610,87.0,2163,72.1,0.433397,matched
2611,87.033333,2163,72.1,0.422899,matched
2612,87.066667,2164,72.133333,0.412401,matched
2613,87.1,2164,72.133333,0.401904,matched
2614,87.133333,2165,72.166667,0.391406,matched
2615,87.166667,2165,72.166667,0.380908,matched
2616,87.2,2166,72.2,0.370414,matched
2617,87.233333,2168,72.266667,0.406473,matched
2618,87.266667,2170,72.333333,0.442532,matched
2619,87.3,2172,72.4,0.478591,matched
2620,87.333333,2174,72.466667,0.51465,matched
2621,87.366667,2176,72.533333,0.550708,matched
2622,87.4,2178,72.6,0.586767,matched
2623,87.433333,2178,72.6,0.562513,matched
2624,87.466667,2179,72.633333,0.538255,matched
2625,87.5,2179,72.633333,0.513998,matched
2626,87.533333,2180,72.666667,0.489741,matched
2627,87.566667,2180,72.666667,0.465483,matched
2628,87.6,2181,72.7,0.441226,matched
2629,87.633333,2181,72.7,0.416969,matched
2630,87.666667,2182,72.733333,0.392712,matched
2631,87.7,2183,72.766667,0.368454,matched
2632,87.733333,2183,72.766667,0.344197,review
2633,87.766667,2184,72.8,0.31994,review
2634,87.8,2184,72.8,0.295682,review
2635,87.833333,2186,72.866667,0.310388,review
2636,87.866667,2188,72.933333,0.325097,review
2637,87.9,2190,73.0,0.339806,review
2638,87.933333,2192,73.066667,0.354515,matched
2639,87.966667,2194,73.133333,0.369224,matched
2640,88.0,2196,73.2,0.383933,matched
2641,88.033333,2196,73.2,0.377874,matched
2642,88.066667,2197,73.233333,0.371815,matched
2643,88.1,2197,73.233333,0.365757,matched
2644,88.133333,2198,73.266667,0.359698,matched
2645,88.166667,2198,73.266667,0.353639,matched
2646,88.2,2199,73.3,0.34758,review
2647,88.233333,2199,73.3,0.341521,review
2648,88.266667,2200,73.333333,0.335463,review
2649,88.3,2200,73.333333,0.329404,review
2650,88.333333,2201,73.366667,0.323345,review
2651,88.366667,2202,73.4,0.317286,review
2652,88.4,2202,73.4,0.311227,review
2653,88.433333,2203,73.433333,0.343623,review
2654,88.466667,2203,73.433333,0.376021,matched
2655,88.5,2203,73.433333,0.408418,matched
2656,88.533333,2204,73.466667,0.440816,matched
2657,88.566667,2204,73.466667,0.473214,matched
2658,88.6,2205,73.5,0.505611,matched
2659,88.633333,2205,73.5,0.538009,matched
2660,88.666667,2206,73.533333,0.570407,matched
2661,88.7,2206,73.533333,0.602804,matched
2662,88.733333,2207,73.566667,0.635202,matched
2663,88.766667,2207,73.566667,0.667599,matched
2664,88.8,2208,73.6,0.699997,matched
2665,88.833333,2208,73.6,0.694625,matched
2666,88.866667,2209,73.633333,0.689249,matched
2667,88.9,2209,73.633333,0.683874,matched
2668,88.933333,2210,73.666667,0.678498,matched
2669,88.966667,2211,73.7,0.673123,matched
2670,89.0,2211,73.7,0.667747,matched
2671,89.033333,2212,73.733333,0.662371,matched
2672,89.066667,2212,73.733333,0.656996,matched
2673,89.1,2213,73.766667,0.65162,matched
2674,89.133333,2213,73.766667,0.646245,matched
2675,89.166667,2214,73.8,0.640869,matched
2676,89.2,2214,73.8,0.635494,matched
2677,89.233333,2215,73.833333,0.64087,matched
2678,89.266667,2215,73.833333,0.646245,matched
2679,89.3,2216,73.866667,0.651621,matched
2680,89.333333,2216,73.866667,0.656996,matched
2681,89.366667,2217,73.9,0.662372,matched
2682,89.4,2217,73.9,0.667747,matched
2683,89.433333,2218,73.933333,0.673123,matched
2684,89.466667,2218,73.933333,0.678498,matched
2685,89.5,2219,73.966667,0.683874,matched
2686,89.533333,2219,73.966667,0.689249,matched
2687,89.566667,2220,74.0,0.694625,matched
2688,89.6,2220,74.0,0.699999,matched
2689,89.633333,2221,74.033333,0.67039,matched
2690,89.666667,2221,74.033333,0.640782,matched
2691,89.7,2221,74.033333,0.611173,matched
2692,89.733333,2222,74.066667,0.581565,matched
2693,89.766667,2222,74.066667,0.551957,matched
2694,89.8,2223,74.1,0.522348,matched
2695,89.833333,2223,74.1,0.49274,matched
2696,89.866667,2224,74.133333,0.463132,matched
2697,89.9,2224,74.133333,0.433523,matched
2698,89.933333,2225,74.166667,0.403915,matched
2699,89.966667,2225,74.166667,0.374306,matched
2700,90.0,2226,74.2,0.344698,review
2701,90.033333,2226,74.2,0.336031,review
2702,90.066667,2227,74.233333,0.327364,review
2703,90.1,2227,74.233333,0.318697,review
2704,90.133333,2228,74.266667,0.31003,review
2705,90.166667,2228,74.266667,0.301363,review
2706,90.2,2229,74.3,0.292696,review
2707,90.233333,2229,74.3,0.284029,review
2708,90.266667,2230,74.333333,0.275362,review
2709,90.3,2230,74.333333,0.266695,review
2710,90.333333,2231,74.366667,0.258028,review
2711,90.366667,2232,74.4,0.249361,review
2712,90.4,2232,74.4,0.240694,review
2713,90.433333,2233,74.433333,0.221545,review
2714,90.466667,2233,74.433333,0.202394,review
2715,90.5,2233,74.433333,0.183244,review
2716,90.533333,2234,74.466667,0.164094,review
2717,90.566667,2234,74.466667,0.144943,review
2718,90.6,2235,74.5,0.125793,review
2719,90.633333,2235,74.5,0.106642,review
2720,90.666667,2236,74.533333,0.087492,review
2721,90.7,2236,74.533333,0.068342,review
2722,90.733333,2237,74.566667,0.049191,review
2723,90.766667,2237,74.566667,0.030041,review
2724,90.8,2238,74.6,0.010891,review
2725,90.833333,2238,74.6,0.049041,review
2726,90.866667,2239,74.633333,0.087197,review
2727,90.9,2239,74.633333,0.125353,review
2728,90.933333,2240,74.666667,0.163508,review
2729,90.966667,2241,74.7,0.201664,review
2730,91.0,2241,74.7,0.23982,review
2731,91.033333,2242,74.733333,0.277975,review
2732,91.066667,2242,74.733333,0.316131,review
2733,91.1,2243,74.766667,0.354286,matched
2734,91.133333,2243,74.766667,0.392442,matched
2735,91.166667,2244,74.8,0.430598,matched
2736,91.2,2244,74.8,0.468748,matched
2737,91.233333,2245,74.833333,0.449293,matched
2738,91.266667,2245,74.833333,0.429838,matched
2739,91.3,2246,74.866667,0.410383,matched
2740,91.333333,2246,74.866667,0.390928,matched
2741,91.366667,2247,74.9,0.371473,matched
2742,91.4,2247,74.9,0.352018,matched
2743,91.433333,2248,74.933333,0.332563,review
2744,91.466667,2248,74.933333,0.313108,review
2745,91.5,2249,74.966667,0.293653,review
2746,91.533333,2249,74.966667,0.274198,review
2747,91.566667,2250,75.0,0.254743,review
2748,91.6,2250,75.0,0.235289,review
2749,91.633333,2251,75.033333,0.235084,review
2750,91.666667,2251,75.033333,0.234879,review
2751,91.7,2251,75.033333,0.234674,review
2752,91.733333,2252,75.066667,0.234469,review
2753,91.766667,2252,75.066667,0.234264,review
2754,91.8,2253,75.1,0.23406,review
2755,91.833333,2253,75.1,0.233855,review
2756,91.866667,2254,75.133333,0.23365,review
2757,91.9,2254,75.133333,0.233445,review
2758,91.933333,2255,75.166667,0.23324,review
2759,91.966667,2255,75.166667,0.233035,review
2760,92.0,2256,75.2,0.23283,review
2761,92.033333,2256,75.2,0.235526,review
2762,92.066667,2257,75.233333,0.238221,review
2763,92.1,2257,75.233333,0.240917,review
2764,92.133333,2258,75.266667,0.243613,review
2765,92.166667,2258,75.266667,0.246308,review
2766,92.2,2259,75.3,0.249004,review
2767,92.233333,2259,75.3,0.2517,review
2768,92.266667,2260,75.333333,0.254395,review
2769,92.3,2260,75.333333,0.257091,review
2770,92.333333,2261,75.366667,0.259787,review
2771,92.366667,2262,75.4,0.262482,review
2772,92.4,2262,75.4,0.265178,review
2773,92.433333,2263,75.433333,0.247009,review
2774,92.466667,2263,75.433333,0.22884,review
2775,92.5,2263,75.433333,0.21067,review
2776,92.533333,2264,75.466667,0.1925,review
2777,92.566667,2264,75.466667,0.174331,review
2778,92.6,2265,75.5,0.156161,review
2779,92.633333,2265,75.5,0.137992,review
2780,92.666667,2266,75.533333,0.119822,review
2781,92.7,2266,75.533333,0.101652,review
2782,92.733333,2267,75.566667,0.083483,review
2783,92.766667,2267,75.566667,0.065313,review
2784,92.8,2268,75.6,0.047144,review
2785,92.833333,2268,75.6,0.059663,review
2786,92.866667,2269,75.633333,0.072185,review
2787,92.9,2269,75.633333,0.084707,review
2788,92.933333,2270,75.666667,0.097229,review
2789,92.966667,2271,75.7,0.109751,review
2790,93.0,2271,75.7,0.122272,review
2791,93.033333,2272,75.733333,0.134794,review
2792,93.066667,2272,75.733333,0.147316,review
2793,93.1,2273,75.766667,0.159838,review
2794,93.133333,2273,75.766667,0.17236,review
2795,93.166667,2274,75.8,0.184882,review
2796,93.2,2274,75.8,0.197404,review
2797,93.233333,2275,75.833333,0.209751,review
2798,93.266667,2275,75.833333,0.222097,review
2799,93.3,2276,75.866667,0.234443,review
2800,93.333333,2276,75.866667,0.24679,review
2801,93.366667,2277,75.9,0.259136,review
2802,93.4,2277,75.9,0.271482,review
2803,93.433333,2278,75.933333,0.283829,review
2804,93.466667,2278,75.933333,0.296175,review
2805,93.5,2279,75.966667,0.308521,review
2806,93.533333,2279,75.966667,0.320868,review
2807,93.566667,2280,76.0,0.333214,review
2808,93.6,2280,76.0,0.345559,review
2809,93.633333,2281,76.033333,0.32323,review
2810,93.666667,2281,76.033333,0.300901,review
2811,93.7,2281,76.033333,0.278572,review
2812,93.733333,2282,76.066667,0.256243,review
2813,93.766667,2282,76.066667,0.233914,review
2814,93.8,2283,76.1,0.211585,review
2815,93.833333,2283,76.1,0.189256,review
2816,93.866667,2284,76.133333,0.166927,review
2817,93.9,2284,76.133333,0.144598,review
2818,93.933333,2285,76.166667,0.122269,review
2819,93.966667,2285,76.166667,0.09994,review
2820,94.0,2286,76.2,0.077611,review
2821,94.033333,2286,76.2,0.103564,review
2822,94.066667,2287,76.233333,0.129518,review
2823,94.1,2287,76.233333,0.155471,review
2824,94.133333,2288,76.266667,0.181425,review
2825,94.166667,2288,76.266667,0.207378,review
2826,94.2,2289,76.3,0.233331,review
2827,94.233333,2289,76.3,0.259285,review
2828,94.266667,2290,76.333333,0.285238,review
2829,94.3,2290,76.333333,0.311192,review
2830,94.333333,2291,76.366667,0.337145,review
2831,94.366667,2292,76.4,0.363098,matched
2832,94.4,2292,76.4,0.389052,matched
2833,94.433333,2293,76.433333,0.382257,matched
2834,94.466667,2293,76.433333,0.375461,matched
2835,94.5,2293,76.433333,0.368665,matched
2836,94.533333,2294,76.466667,0.361868,matched
2837,94.566667,2294,76.466667,0.355072,matched
2838,94.6,2295,76.5,0.348276,review
2839,94.633333,2295,76.5,0.34148,review
2840,94.666667,2296,76.533333,0.334684,review
2841,94.7,2296,76.533333,0.327887,review
2842,94.733333,2297,76.566667,0.321091,review
2843,94.766667,2297,76.566667,0.314295,review
2844,94.8,2298,76.6,0.307499,review
2845,94.833333,2298,76.6,0.289663,review
2846,94.866667,2299,76.633333,0.271827,review
2847,94.9,2299,76.633333,0.253991,review
2848,94.933333,2300,76.666667,0.236154,review
2849,94.966667,2301,76.7,0.218318,review
2850,95.0,2301,76.7,0.200482,review
2851,95.033333,2302,76.733333,0.182645,review
2852,95.066667,2302,76.733333,0.164809,review
2853,95.1,2303,76.766667,0.146972,review
2854,95.133333,2303,76.766667,0.129136,review
2855,95.166667,2304,76.8,0.1113,review
2856,95.2,2304,76.8,0.093466,review
2857,95.233333,2305,76.833333,0.100173,review
2858,95.266667,2305,76.833333,0.106881,review
2859,95.3,2306,76.866667,0.113589,review
2860,95.333333,2306,76.866667,0.120297,review
2861,95.366667,2307,76.9,0.127005,review
2862,95.4,2307,76.9,0.133712,review
2863,95.433333,2308,76.933333,0.14042,review
2864,95.466667,2308,76.933333,0.147128,review
2865,95.5,2309,76.966667,0.153836,review
2866,95.533333,2309,76.966667,0.160544,review
2867,95.566667,2310,77.0,0.167252,review
2868,95.6,2310,77.0,0.173959,review
2869,95.633333,2311,77.033333,0.173107,review
2870,95.666667,2311,77.033333,0.172254,review
2871,95.7,2311,77.033333,0.171402,review
2872,95.733333,2312,77.066667,0.170549,review
2873,95.766667,2312,77.066667,0.169697,review
2874,95.8,2313,77.1,0.168844,review
2875,95.833333,2313,77.1,0.167992,review
2876,95.866667,2314,77.133333,0.16714,review
2877,95.9,2314,77.133333,0.166287,review
2878,95.933333,2315,77.166667,0.165435,review
2879,95.966667,2315,77.166667,0.164582,review
2880,96.0,2316,77.2,0.16373,review
2881,96.033333,2316,77.2,0.159761,review
2882,96.066667,2317,77.233333,0.155792,review
2883,96.1,2317,77.233333,0.151823,review
2884,96.133333,2318,77.266667,0.147854,review
2885,96.166667,2318,77.266667,0.143885,review
2886,96.2,2319,77.3,0.139917,review
2887,96.233333,2319,77.3,0.135948,review
2888,96.266667,2320,77.333333,0.131979,review
2889,96.3,2320,77.333333,0.12801,review
2890,96.333333,2321,77.366667,0.124041,review
2891,96.366667,2322,77.4,0.120072,review
2892,96.4,2322,77.4,0.116103,review
2893,96.433333,2323,77.433333,0.121667,review
2894,96.466667,2323,77.433333,0.127232,review
2895,96.5,2323,77.433333,0.132797,review
2896,96.533333,2324,77.466667,0.138361,review
2897,96.566667,2324,77.466667,0.143926,review
2898,96.6,2325,77.5,0.149491,review
2899,96.633333,2325,77.5,0.155055,review
2900,96.666667,2326,77.533333,0.16062,review
2901,96.7,2326,77.533333,0.166185,review
2902,96.733333,2327,77.566667,0.171749,review
2903,96.766667,2327,77.566667,0.177314,review
2904,96.8,2328,77.6,0.182878,review
2905,96.833333,2328,77.6,0.172573,review
2906,96.866667,2329,77.633333,0.162265,review
2907,96.9,2329,77.633333,0.151958,review
2908,96.933333,2330,77.666667,0.141651,review
2909,96.966667,2331,77.7,0.131344,review
2910,97.0,2331,77.7,0.121036,review
2911,97.033333,2332,77.733333,0.110729,review
2912,97.066667,2332,77.733333,0.100422,review
2913,97.1,2333,77.766667,0.090115,review
2914,97.133333,2333,77.766667,0.079808,review
2915,97.166667,2334,77.8,0.0695,review
2916,97.2,2334,77.8,0.059196,review
2917,97.233333,2335,77.833333,0.078672,review
2918,97.266667,2335,77.833333,0.098148,review
2919,97.3,2336,77.866667,0.117624,review
2920,97.333333,2336,77.866667,0.1371,review
2921,97.366667,2337,77.9,0.156576,review
2922,97.4,2337,77.9,0.176052,review
2923,97.433333,2338,77.933333,0.195528,review
2924,97.466667,2338,77.933333,0.215004,review
2925,97.5,2339,77.966667,0.23448,review
2926,97.533333,2339,77.966667,0.253956,review
2927,97.566667,2340,78.0,0.273432,review
2928,97.6,2340,78.0,0.292906,review
2929,97.633333,2341,78.033333,0.276179,review
2930,97.666667,2341,78.033333,0.259452,review
2931,97.7,2341,78.033333,0.242724,review
2932,97.733333,2342,78.066667,0.225997,review
2933,97.766667,2342,78.066667,0.20927,review
2934,97.8,2343,78.1,0.192543,review
2935,97.833333,2343,78.1,0.175815,review
2936,97.866667,2344,78.133333,0.159088,review
2937,97.9,2344,78.133333,0.142361,review
2938,97.933333,2345,78.166667,0.125634,review
2939,97.966667,2345,78.166667,0.108906,review
2940,98.0,2346,78.2,0.092179,review
2941,98.033333,2346,78.2,0.114471,review
2942,98.066667,2347,78.233333,0.136764,review
2943,98.1,2347,78.233333,0.159056,review
2944,98.133333,2348,78.266667,0.181348,review
2945,98.166667,2348,78.266667,0.203641,review
2946,98.2,2349,78.3,0.225933,review
2947,98.233333,2349,78.3,0.248225,review
2948,98.266667,2350,78.333333,0.270518,review
2949,98.3,2350,78.333333,0.29281,review
2950,98.333333,2351,78.366667,0.315102,review
2951,98.366667,2352,78.4,0.337395,review
2952,98.4,2352,78.4,0.359687,matched
2953,98.433333,2353,78.433333,0.350224,matched
2954,98.466667,2353,78.433333,0.34076,review
2955,98.5,2353,78.433333,0.331296,review
2956,98.533333,2354,78.466667,0.321832,review
2957,98.566667,2354,78.466667,0.312368,review
2958,98.6,2355,78.5,0.302904,review
2959,98.633333,2355,78.5,0.29344,review
2960,98.666667,2356,78.533333,0.283975,review
2961,98.7,2356,78.533333,0.274511,review
2962,98.733333,2357,78.566667,0.265047,review
2963,98.766667,2357,78.566667,0.255583,review
2964,98.8,2358,78.6,0.246119,review
2965,98.833333,2358,78.6,0.266263,review
2966,98.866667,2359,78.633333,0.28641,review
2967,98.9,2359,78.633333,0.306557,review
2968,98.933333,2360,78.666667,0.326704,review
2969,98.966667,2361,78.7,0.346851,review
2970,99.0,2361,78.7,0.366998,matched
2971,99.033333,2362,78.733333,0.387145,matched
2972,99.066667,2362,78.733333,0.407292,matched
2973,99.1,2363,78.766667,0.427439,matched
2974,99.133333,2363,78.766667,0.447586,matched
2975,99.166667,2364,78.8,0.467733,matched
2976,99.2,2364,78.8,0.487877,matched
2977,99.233333,2365,78.833333,0.477158,matched
2978,99.266667,2365,78.833333,0.466439,matched
2979,99.3,2366,78.866667,0.45572,matched
2980,99.333333,2366,78.866667,0.445001,matched
2981,99.366667,2367,78.9,0.434281,matched
2982,99.4,2367,78.9,0.423562,matched
2983,99.433333,2368,78.933333,0.412843,matched
2984,99.466667,2368,78.933333,0.402124,matched
2985,99.5,2369,78.966667,0.391405,matched
2986,99.533333,2369,78.966667,0.380686,matched
2987,99.566667,2370,79.0,0.369967,matched
2988,99.6,2370,79.0,0.359248,matched
2989,99.633333,2371,79.033333,0.348727,review
2990,99.666667,2371,79.033333,0.338207,review
2991,99.7,2371,79.033333,0.327687,review
2992,99.733333,2372,79.066667,0.317167,review
2993,99.766667,2372,79.066667,0.306646,review
2994,99.8,2373,79.1,0.296126,review
2995,99.833333,2373,79.1,0.285606,review
2996,99.866667,2374,79.133333,0.275086,review
2997,99.9,2374,79.133333,0.264566,review
2998,99.933333,2375,79.166667,0.254045,review
2999,99.966667,2375,79.166667,0.243525,review
3000,100.0,2376,79.2,0.233005,review
3001,100.033333,2376,79.2,0.227991,review
3002,100.066667,2377,79.233333,0.222978,review
3003,100.1,2377,79.233333,0.217964,review
3004,100.133333,2378,79.266667,0.21295,review
3005,100.166667,2378,79.266667,0.207936,review
3006,100.2,2379,79.3,0.202923,review
3007,100.233333,2379,79.3,0.197909,review
3008,100.266667,2380,79.333333,0.192895,review
3009,100.3,2380,79.333333,0.187881,review
3010,100.333333,2381,79.366667,0.182868,review
3011,100.366667,2382,79.4,0.177854,review
3012,100.4,2382,79.4,0.17284,review
3013,100.433333,2383,79.433333,0.161809,review
3014,100.466667,2383,79.433333,0.150777,review
3015,100.5,2383,79.433333,0.139745,review
3016,100.533333,2384,79.466667,0.128713,review
3017,100.566667,2384,79.466667,0.117682,review
3018,100.6,2385,79.5,0.10665,review
3019,100.633333,2385,79.5,0.095618,review
3020,100.666667,2386,79.533333,0.084586,review
3021,100.7,2386,79.533333,0.073554,review
3022,100.733333,2387,79.566667,0.062523,review
3023,100.766667,2387,79.566667,0.051491,review
3024,100.8,2388,79.6,0.040459,review
3025,100.833333,2388,79.6,0.070619,review
3026,100.866667,2389,79.633333,0.100783,review
3027,100.9,2389,79.633333,0.130947,review
3028,100.933333,2390,79.666667,0.161111,review
3029,100.966667,2391,79.7,0.191275,review
3030,101.0,2391,79.7,0.221439,review
3031,101.033333,2392,79.733333,0.251602,review
3032,101.066667,2392,79.733333,0.281766,review
3033,101.1,2393,79.766667,0.31193,review
3034,101.133333,2393,79.766667,0.342094,review
3035,101.166667,2394,79.8,0.372258,matched
3036,101.2,2394,79.8,0.402417,matched
3037,101.233333,2395,79.833333,0.3816,matched
3038,101.266667,2395,79.833333,0.360782,matched
3039,101.3,2396,79.866667,0.339965,review
3040,101.333333,2396,79.866667,0.319148,review
3041,101.366667,2397,79.9,0.29833,review
3042,101.4,2397,79.9,0.277513,review
3043,101.433333,2398,79.933333,0.256696,review
3044,101.466667,2398,79.933333,0.235878,review
3045,101.5,2399,79.966667,0.215061,review
3046,101.533333,2399,79.966667,0.194244,review
3047,101.566667,2400,80.0,0.173426,review
3048,101.6,2400,80.0,0.152609,review
3049,101.633333,2401,80.033333,0.139892,review
3050,101.666667,2401,80.033333,0.127175,review
3051,101.7,2401,80.033333,0.114457,review
3052,101.733333,2402,80.066667,0.10174,review
3053,101.766667,2402,80.066667,0.089022,review
3054,101.8,2403,80.1,0.076305,review
3055,101.833333,2403,80.1,0.063587,review
3056,101.866667,2404,80.133333,0.05087,review
3057,101.9,2404,80.133333,0.038152,review
3058,101.933333,2405,80.166667,0.025435,review
3059,101.966667,2405,80.166667,0.012717,review
3060,102.0,2406,80.2,0.0,review
3061,102.033333,2406,80.2,0.039267,review
3062,102.066667,2407,80.233333,0.078534,review
3063,102.1,2407,80.233333,0.117802,review
3064,102.133333,2408,80.266667,0.157069,review
3065,102.166667,2408,80.266667,0.196336,review
3066,102.2,2409,80.3,0.235603,review
3067,102.233333,2409,80.3,0.27487,review
3068,102.266667,2410,80.333333,0.314137,review
3069,102.3,2410,80.333333,0.353405,matched
3070,102.333333,2411,80.366667,0.392672,matched
3071,102.366667,2412,80.4,0.431939,matched
3072,102.4,2412,80.4,0.471206,matched
3073,102.433333,2413,80.433333,0.453233,matched
3074,102.466667,2413,80.433333,0.435257,matched
3075,102.5,2413,80.433333,0.417281,matched
3076,102.533333,2414,80.466667,0.399304,matched
3077,102.566667,2414,80.466667,0.381328,matched
3078,102.6,2415,80.5,0.363352,matched
3079,102.633333,2415,80.5,0.345376,review
3080,102.666667,2416,80.533333,0.3274,review
3081,102.7,2416,80.533333,0.309424,review
3082,102.733333,2417,80.566667,0.291448,review
3083,102.766667,2417,80.566667,0.273472,review
3084,102.8,2418,80.6,0.255496,review
3085,102.833333,2418,80.6,0.284849,review
3086,102.866667,2419,80.633333,0.314206,review
3087,102.9,2419,80.633333,0.343563,review
3088,102.933333,2420,80.666667,0.37292,matched
3089,102.966667,2421,80.7,0.402278,matched
3090,103.0,2421,80.7,0.431635,matched
3091,103.033333,2422,80.733333,0.460992,matched
3092,103.066667,2422,80.733333,0.49035,matched
3093,103.1,2423,80.766667,0.519707,matched
3094,103.133333,2423,80.766667,0.549064,matched
3095,103.166667,2424,80.8,0.578421,matched
3096,103.2,2424,80.8,0.607774,matched
3097,103.233333,2425,80.833333,0.586259,matched
3098,103.266667,2425,80.833333,0.564745,matched
3099,103.3,2426,80.866667,0.54323,matched
3100,103.333333,2426,80.866667,0.521716,matched
3101,103.366667,2427,80.9,0.500201,matched
3102,103.4,2427,80.9,0.478687,matched
3103,103.433333,2428,80.933333,0.457172,matched
3104,103.466667,2428,80.933333,0.435657,matched
3105,103.5,2429,80.966667,0.414143,matched
3106,103.533333,2429,80.966667,0.392628,matched
3107,103.566667,2430,81.0,0.371114,matched
3108,103.6,2430,81.0,0.349601,review
3109,103.633333,2431,81.033333,0.364372,matched
3110,103.666667,2431,81.033333,0.379144,matched
3111,103.7,2431,81.033333,0.393916,matched
3112,103.733333,2432,81.066667,0.408687,matched
3113,103.766667,2432,81.066667,0.423459,matched
3114,103.8,2433,81.1,0.438231,matched
3115,103.833333,2433,81.1,0.453003,matched
3116,103.866667,2434,81.133333,0.467774,matched
3117,103.9,2434,81.133333,0.482546,matched
3118,103.933333,2435,81.166667,0.497318,matched
3119,103.966667,2435,81.166667,0.512089,matched
3120,104.0,2436,81.2,0.526861,matched
3121,104.033333,2436,81.2,0.484464,matched
3122,104.066667,2437,81.233333,0.442067,matched
3123,104.1,2437,81.233333,0.39967,matched
3124,104.133333,2438,81.266667,0.357273,matched
3125,104.166667,2438,81.266667,0.314876,review
3126,104.2,2439,81.3,0.272479,review
3127,104.233333,2439,81.3,0.230083,review
3128,104.266667,2440,81.333333,0.187686,review
3129,104.3,2440,81.333333,0.145289,review
3130,104.333333,2441,81.366667,0.102892,review
3131,104.366667,2442,81.4,0.060495,review
3132,104.4,2442,81.4,0.018098,review
3133,104.433333,2443,81.433333,0.061502,review
3134,104.466667,2443,81.433333,0.10491,review
3135,104.5,2443,81.433333,0.148319,review
3136,104.533333,2444,81.466667,0.191727,review
3137,104.566667,2444,81.466667,0.235135,review
3138,104.6,2445,81.5,0.278543,review
3139,104.633333,2445,81.5,0.321951,review
3140,104.666667,2446,81.533333,0.365359,matched
3141,104.7,2446,81.533333,0.408768,matched
3142,104.733333,2447,81.566667,0.452176,matched
3143,104.766667,2447,81.566667,0.495584,matched
3144,104.8,2448,81.6,0.538992,matched
3145,104.833333,2448,81.6,0.510211,matched
3146,104.866667,2449,81.633333,0.481424,matched
3147,104.9,2449,81.633333,0.452636,matched
3148,104.933333,2450,81.666667,0.423849,matched
3149,104.966667,2451,81.7,0.395061,matched
3150,105.0,2451,81.7,0.366273,matched
3151,105.033333,2452,81.733333,0.337486,review
3152,105.066667,2452,81.733333,0.308698,review
3153,105.1,2453,81.766667,0.279911,review
3154,105.133333,2453,81.766667,0.251123,review
3155,105.166667,2454,81.8,0.222336,review
3156,105.2,2454,81.8,0.193551,review
3157,105.233333,2455,81.833333,0.196523,review
3158,105.266667,2455,81.833333,0.199494,review
3159,105.3,2456,81.866667,0.202465,review
3160,105.333333,2456,81.866667,0.205437,review
3161,105.366667,2457,81.9,0.208408,review
3162,105.4,2457,81.9,0.211379,review
3163,105.433333,2458,81.933333,0.214351,review
3164,105.466667,2458,81.933333,0.217322,review
3165,105.5,2459,81.966667,0.220293,review
3166,105.533333,2459,81.966667,0.223264,review
3167,105.566667,2460,82.0,0.226236,review
3168,105.6,2460,82.0,0.229207,review
3169,105.633333,2461,82.033333,0.22963,review
3170,105.666667,2461,82.033333,0.230054,review
3171,105.7,2461,82.033333,0.230477,review
3172,105.733333,2462,82.066667,0.230901,review
3173,105.766667,2462,82.066667,0.231324,review
3174,105.8,2463,82.1,0.231748,review
3175,105.833333,2463,82.1,0.232171,review
3176,105.866667,2464,82.133333,0.232594,review
3177,105.9,2464,82.133333,0.233018,review
3178,105.933333,2465,82.166667,0.233441,review
3179,105.966667,2465,82.166667,0.233865,review
3180,106.0,2466,82.2,0.234288,review
3181,106.033333,2466,82.2,0.241175,review
3182,106.066667,2467,82.233333,0.248063,review
3183,106.1,2467,82.233333,0.25495,review
3184,106.133333,2468,82.266667,0.261837,review
3185,106.166667,2468,82.266667,0.268725,review
3186,106.2,2469,82.3,0.275612,review
3187,106.233333,2469,82.3,0.282499,review
3188,106.266667,2470,82.333333,0.289386,review
3189,106.3,2470,82.333333,0.296274,review
3190,106.333333,2471,82.366667,0.303161,review
3191,106.366667,2472,82.4,0.310048,review
3192,106.4,2472,82.4,0.316936,review
3193,106.433333,2473,82.433333,0.298483,review
3194,106.466667,2473,82.433333,0.28003,review
3195,106.5,2473,82.433333,0.261576,review
3196,106.533333,2474,82.466667,0.243122,review
3197,106.566667,2474,82.466667,0.224669,review
3198,106.6,2475,82.5,0.206215,review
3199,106.633333,2475,82.5,0.187762,review
3200,106.666667,2476,82.533333,0.169308,review
3201,106.7,2476,82.533333,0.150854,review
3202,106.733333,2477,82.566667,0.132401,review
3203,106.766667,2477,82.566667,0.113947,review
3204,106.8,2478,82.6,0.095494,review
3205,106.833333,2478,82.6,0.133327,review
3206,106.866667,2479,82.633333,0.171165,review
3207,106.9,2479,82.633333,0.209003,review
3208,106.933333,2480,82.666667,0.246841,review
3209,106.966667,2481,82.7,0.284679,review
3210,107.0,2481,82.7,0.322516,review
3211,107.033333,2482,82.733333,0.360354,matched
3212,107.066667,2482,82.733333,0.398192,matched
3213,107.1,2483,82.766667,0.43603,matched
3214,107.133333,2483,82.766667,0.473868,matched
3215,107.166667,2484,82.8,0.511706,matched
3216,107.2,2484,82.8,0.549539,matched
3217,107.233333,2485,82.833333,0.5253,matched
3218,107.266667,2485,82.833333,0.501061,matched
3219,107.3,2486,82.866667,0.476822,matched
3220,107.333333,2486,82.866667,0.452583,matched
3221,107.366667,2487,82.9,0.428344,matched
3222,107.4,2487,82.9,0.404105,matched
3223,107.433333,2488,82.933333,0.379866,matched
3224,107.466667,2488,82.933333,0.355627,matched
3225,107.5,2489,82.966667,0.331388,review
3226,107.533333,2489,82.966667,0.307149,review
3227,107.566667,2490,83.0,0.28291,review
3228,107.6,2490,83.0,0.258672,review
3229,107.633333,2491,83.033333,0.26762,review
3230,107.666667,2491,83.033333,0.276567,review
3231,107.7,2491,83.033333,0.285514,review
3232,107.733333,2492,83.066667,0.294461,review
3233,107.766667,2492,83.066667,0.303408,review
3234,107.8,2493,83.1,0.312355,review
3235,107.833333,2493,83.1,0.321302,review
3236,107.866667,2494,83.133333,0.330249,review
3237,107.9,2494,83.133333,0.339197,review
3238,107.933333,2495,83.166667,0.348144,review
3239,107.966667,2495,83.166667,0.357091,matched
3240,108.0,2496,83.2,0.366038,matched
3241,108.033333,2498,83.266667,0.364562,matched
3242,108.066667,2500,83.333333,0.363087,matched
3243,108.1,2502,83.4,0.361611,matched
3244,108.133333,2504,83.466667,0.360135,matched
3245,108.166667,2506,83.533333,0.35866,matched
3246,108.2,2508,83.6,0.357184,matched
3247,108.233333,2509,83.633333,0.360054,matched
3248,108.266667,2509,83.633333,0.362924,matched
3249,108.3,2510,83.666667,0.365794,matched
3250,108.333333,2510,83.666667,0.368664,matched
3251,108.366667,2511,83.7,0.371534,matched
3252,108.4,2511,83.7,0.374404,matched
3253,108.433333,2512,83.733333,0.377274,matched
3254,108.466667,2512,83.733333,0.380143,matched
3255,108.5,2513,83.766667,0.383013,matched
3256,108.533333,2513,83.766667,0.385883,matched
3257,108.566667,2514,83.8,0.388753,matched
3258,108.6,2514,83.8,0.391623,matched
3259,108.633333,2515,83.833333,0.387229,matched
3260,108.666667,2515,83.833333,0.382836,matched
3261,108.7,2516,83.866667,0.378443,matched
3262,108.733333,2516,83.866667,0.37405,matched
3263,108.766667,2517,83.9,0.369656,matched
3264,108.8,2517,83.9,0.365263,matched
3265,108.833333,2518,83.933333,0.36087,matched
3266,108.866667,2518,83.933333,0.356476,matched
3267,108.9,2519,83.966667,0.352083,matched
3268,108.933333,2519,83.966667,0.34769,review
3269,108.966667,2520,84.0,0.343296,review
3270,109.0,2520,84.0,0.338903,review
3271,109.033333,2522,84.066667,0.3401,review
3272,109.066667,2524,84.133333,0.341297,review
3273,109.1,2526,84.2,0.342494,review
3274,109.133333,2528,84.266667,0.34369,review
3275,109.166667,2530,84.333333,0.344887,review
3276,109.2,2532,84.4,0.346084,review
3277,109.233333,2533,84.433333,0.347581,review
3278,109.266667,2533,84.433333,0.349078,review
3279,109.3,2534,84.466667,0.350575,matched
3280,109.333333,2534,84.466667,0.352072,matched
3281,109.366667,2535,84.5,0.35357,matched
3282,109.4,2535,84.5,0.355067,matched
3283,109.433333,2536,84.533333,0.356564,matched
3284,109.466667,2536,84.533333,0.358061,matched
3285,109.5,2537,84.566667,0.359558,matched
3286,109.533333,2537,84.566667,0.361055,matched
3287,109.566667,2537,84.566667,0.362552,matched
3288,109.6,2538,84.6,0.364049,matched
3289,109.633333,2538,84.6,0.370165,matched
3290,109.666667,2539,84.633333,0.376281,matched
3291,109.7,2540,84.666667,0.382396,matched
3292,109.733333,2540,84.666667,0.388512,matched
3293,109.766667,2541,84.7,0.394628,matched
3294,109.8,2541,84.7,0.400744,matched
3295,109.833333,2542,84.733333,0.406859,matched
3296,109.866667,2542,84.733333,0.412975,matched
3297,109.9,2543,84.766667,0.419091,matched
3298,109.933333,2543,84.766667,0.425207,matched
3299,109.966667,2544,84.8,0.431322,matched
3300,110.0,2544,84.8,0.437438,matched
3301,110.033333,2545,84.833333,0.446347,matched
3302,110.066667,2545,84.833333,0.455255,matched
3303,110.1,2546,84.866667,0.464164,matched
3304,110.133333,2546,84.866667,0.473072,matched
3305,110.166667,2547,84.9,0.481981,matched
3306,110.2,2547,84.9,0.490889,matched
3307,110.233333,2548,84.933333,0.499798,matched
3308,110.266667,2548,84.933333,0.508706,matched
3309,110.3,2549,84.966667,0.517615,matched
3310,110.333333,2549,84.966667,0.526524,matched
3311,110.366667,2549,84.966667,0.535432,matched
3312,110.4,2550,85.0,0.544341,matched
3313,110.433333,2550,85.0,0.547307,matched
3314,110.466667,2551,85.033333,0.550273,matched
3315,110.5,2551,85.033333,0.553239,matched
3316,110.533333,2552,85.066667,0.556204,matched
3317,110.566667,2552,85.066667,0.55917,matched
3318,110.6,2553,85.1,0.562136,matched
3319,110.633333,2553,85.1,0.565102,matched
3320,110.666667,2554,85.133333,0.568068,matched
3321,110.7,2554,85.133333,0.571034,matched
3322,110.733333,2555,85.166667,0.574,matched
3323,110.766667,2555,85.166667,0.576966,matched
3324,110.8,2556,85.2,0.579932,matched
3325,110.833333,2558,85.266667,0.483284,matched
3326,110.866667,2560,85.333333,0.386627,matched
3327,110.9,2562,85.4,0.28997,review
3328,110.933333,2564,85.466667,0.193314,review
3329,110.966667,2566,85.533333,0.096657,review
3330,111.0,2568,85.6,0.0,review
3331,111.033333,2568,85.6,0.024598,review
3332,111.066667,2569,85.633333,0.049197,review
3333,111.1,2569,85.633333,0.073795,review
3334,111.133333,2570,85.666667,0.098394,review
3335,111.166667,2571,85.7,0.122992,review
3336,111.2,2571,85.7,0.147591,review
3337,111.233333,2572,85.733333,0.172189,review
3338,111.266667,2572,85.733333,0.196788,review
3339,111.3,2573,85.766667,0.221386,review
3340,111.333333,2573,85.766667,0.245985,review
3341,111.366667,2574,85.8,0.270583,review
3342,111.4,2574,85.8,0.295182,review
3343,111.433333,2575,85.833333,0.305821,review
3344,111.466667,2575,85.833333,0.316459,review
3345,111.5,2576,85.866667,0.327097,review
3346,111.533333,2576,85.866667,0.337735,review
3347,111.566667,2577,85.9,0.348373,review
3348,111.6,2577,85.9,0.359011,matched
3349,111.633333,2578,85.933333,0.369649,matched
3350,111.666667,2578,85.933333,0.380287,matched
3351,111.7,2578,85.933333,0.390925,matched
3352,111.733333,2579,85.966667,0.401563,matched
3353,111.766667,2579,85.966667,0.412201,matched
3354,111.8,2580,86.0,0.422839,matched
3355,111.833333,2580,86.0,0.408082,matched
3356,111.866667,2581,86.033333,0.393323,matched
3357,111.9,2581,86.033333,0.378563,matched
3358,111.933333,2582,86.066667,0.363804,matched
3359,111.966667,2582,86.066667,0.349044,review
3360,112.0,2583,86.1,0.334285,review
3361,112.033333,2583,86.1,0.319526,review
3362,112.066667,2584,86.133333,0.304766,review
3363,112.1,2584,86.133333,0.290007,review
3364,112.133333,2585,86.166667,0.275247,review
3365,112.166667,2585,86.166667,0.260488,review
3366,112.2,2586,86.2,0.245732,review
3367,112.233333,2586,86.2,0.268717,review
3368,112.266667,2587,86.233333,0.291702,review
3369,112.3,2587,86.233333,0.314687,review
3370,112.333333,2588,86.266667,0.337672,review
3371,112.366667,2589,86.3,0.360657,matched
3372,112.4,2589,86.3,0.383642,matched
3373,112.433333,2590,86.333333,0.406626,matched
3374,112.466667,2590,86.333333,0.429611,matched
3375,112.5,2591,86.366667,0.452596,matched
3376,112.533333,2591,86.366667,0.475581,matched
3377,112.566667,2592,86.4,0.498566,matched
3378,112.6,2592,86.4,0.521549,matched
3379,112.633333,2593,86.433333,0.50218,matched
3380,112.666667,2593,86.433333,0.482811,matched
3381,112.7,2594,86.466667,0.463442,matched
3382,112.733333,2594,86.466667,0.444073,matched
3383,112.766667,2595,86.5,0.424704,matched
3384,112.8,2595,86.5,0.405335,matched
3385,112.833333,2596,86.533333,0.385965,matched
3386,112.866667,2596,86.533333,0.366596,matched
3387,112.9,2596,86.533333,0.347227,review
3388,112.933333,2597,86.566667,0.327858,review
3389,112.966667,2597,86.566667,0.308489,review
3390,113.0,2598,86.6,0.28912,review
3391,113.033333,2598,86.6,0.307501,review
3392,113.066667,2599,86.633333,0.325883,review
3393,113.1,2599,86.633333,0.344264,review
3394,113.133333,2600,86.666667,0.362645,matched
3395,113.166667,2601,86.7,0.381026,matched
3396,113.2,2601,86.7,0.399408,matched
3397,113.233333,2602,86.733333,0.417789,matched
3398,113.266667,2602,86.733333,0.43617,matched
3399,113.3,2603,86.766667,0.454551,matched
3400,113.333333,2603,86.766667,0.472933,matched
3401,113.366667,2604,86.8,0.491314,matched
3402,113.4,2604,86.8,0.509695,matched
3403,113.433333,2605,86.833333,0.471026,matched
3404,113.466667,2605,86.833333,0.432354,matched
3405,113.5,2606,86.866667,0.393682,matched
3406,113.533333,2606,86.866667,0.355011,matched
3407,113.566667,2607,86.9,0.316339,review
3408,113.6,2607,86.9,0.277667,review
3409,113.633333,2608,86.933333,0.238995,review
3410,113.666667,2608,86.933333,0.200324,review
3411,113.7,2608,86.933333,0.161652,review
3412,113.733333,2609,86.966667,0.12298,review
3413,113.766667,2609,86.966667,0.084308,review
3414,113.8,2610,87.0,0.045637,review
3415,113.833333,2610,87.0,0.088201,review
3416,113.866667,2611,87.033333,0.130773,review
3417,113.9,2611,87.033333,0.173345,review
3418,113.933333,2612,87.066667,0.215917,review
3419,113.966667,2612,87.066667,0.258489,review
3420,114.0,2613,87.1,0.301061,review
3421,114.033333,2613,87.1,0.343633,review
3422,114.066667,2614,87.133333,0.386205,matched
3423,114.1,2614,87.133333,0.428777,matched
3424,114.133333,2615,87.166667,0.471349,matched
3425,114.166667,2615,87.166667,0.513921,matched
3426,114.2,2616,87.2,0.556485,matched
3427,114.233333,2616,87.2,0.514753,matched
3428,114.266667,2617,87.233333,0.473021,matched
3429,114.3,2617,87.233333,0.431289,matched
3430,114.333333,2618,87.266667,0.389557,matched
3431,114.366667,2619,87.3,0.347825,review
3432,114.4,2619,87.3,0.306093,review
3433,114.433333,2620,87.333333,0.264361,review
3434,114.466667,2620,87.333333,0.222629,review
3435,114.5,2621,87.366667,0.180897,review
3436,114.533333,2621,87.366667,0.139165,review
3437,114.566667,2622,87.4,0.097433,review
3438,114.6,2622,87.4,0.055704,review
3439,114.633333,2623,87.433333,0.084066,review
3440,114.666667,2623,87.433333,0.112427,review
3441,114.7,2624,87.466667,0.140788,review
3442,114.733333,2624,87.466667,0.16915,review
3443,114.766667,2625,87.5,0.197511,review
3444,114.8,2625,87.5,0.225872,review
3445,114.833333,2626,87.533333,0.254233,review
3446,114.866667,2626,87.533333,0.282595,review
3447,114.9,2626,87.533333,0.310956,review
3448,114.933333,2627,87.566667,0.339317,review
3449,114.966667,2627,87.566667,0.367679,matched
3450,115.0,2628,87.6,0.39604,matched
3451,115.033333,2628,87.6,0.376541,matched
3452,115.066667,2629,87.633333,0.357043,matched
3453,115.1,2629,87.633333,0.337544,review
3454,115.133333,2630,87.666667,0.318045,review
3455,115.166667,2631,87.7,0.298547,review
3456,115.2,2631,87.7,0.279048,review
3457,115.233333,2632,87.733333,0.259549,review
3458,115.266667,2632,87.733333,0.240051,review
3459,115.3,2633,87.766667,0.220552,review
3460,115.333333,2633,87.766667,0.201053,review
3461,115.366667,2634,87.8,0.181555,review
3462,115.4,2634,87.8,0.162056,review
3463,115.433333,2635,87.833333,0.195095,review
3464,115.466667,2635,87.833333,0.228136,review
3465,115.5,2636,87.866667,0.261178,review
3466,115.533333,2636,87.866667,0.294219,review
3467,115.566667,2637,87.9,0.327261,review
3468,115.6,2637,87.9,0.360302,matched
3469,115.633333,2638,87.933333,0.393344,matched
3470,115.666667,2638,87.933333,0.426385,matched
3471,115.7,2638,87.933333,0.459427,matched
3472,115.733333,2639,87.966667,0.492468,matched
3473,115.766667,2639,87.966667,0.52551,matched
3474,115.8,2640,88.0,0.558551,matched
3475,115.833333,2642,88.066667,0.506736,matched
3476,115.866667,2644,88.133333,0.454913,matched
3477,115.9,2646,88.2,0.403091,matched
3478,115.933333,2648,88.266667,0.351268,matched
3479,115.966667,2650,88.333333,0.299446,review
3480,116.0,2652,88.4,0.247623,review
3481,116.033333,2653,88.433333,0.257272,review
3482,116.066667,2653,88.433333,0.26692,review
3483,116.1,2654,88.466667,0.276569,review
3484,116.133333,2654,88.466667,0.286218,review
3485,116.166667,2654,88.466667,0.295866,review
3486,116.2,2655,88.5,0.305515,review
3487,116.233333,2655,88.5,0.315163,review
3488,116.266667,2656,88.533333,0.324812,review
3489,116.3,2656,88.533333,0.334461,review
3490,116.333333,2657,88.566667,0.344109,review
3491,116.366667,2657,88.566667,0.353758,matched
3492,116.4,2658,88.6,0.363407,matched
3493,116.433333,2658,88.6,0.358567,matched
3494,116.466667,2659,88.633333,0.353726,matched
3495,116.5,2659,88.633333,0.348886,review
3496,116.533333,2660,88.666667,0.344046,review
3497,116.566667,2660,88.666667,0.339205,review
3498,116.6,2661,88.7,0.334365,review
3499,116.633333,2661,88.7,0.329524,review
3500,116.666667,2662,88.733333,0.324684,review
3501,116.7,2663,88.766667,0.319844,review
3502,116.733333,2663,88.766667,0.315003,review
3503,116.766667,2664,88.8,0.310163,review
3504,116.8,2664,88.8,0.305322,review
3505,116.833333,2665,88.833333,0.31512,review
3506,116.866667,2665,88.833333,0.324919,review
3507,116.9,2666,88.866667,0.334717,review
3508,116.933333,2666,88.866667,0.344516,review
3509,116.966667,2667,88.9,0.354315,matched
3510,117.0,2667,88.9,0.364113,matched
3511,117.033333,2668,88.933333,0.373912,matched
3512,117.066667,2668,88.933333,0.383711,matched
3513,117.1,2669,88.966667,0.39351,matched
3514,117.133333,2669,88.966667,0.403308,matched
3515,117.166667,2670,89.0,0.413107,matched
3516,117.2,2670,89.0,0.422905,matched
3517,117.233333,2671,89.033333,0.42314,matched
3518,117.266667,2671,89.033333,0.423374,matched
3519,117.3,2672,89.066667,0.423609,matched
3520,117.333333,2672,89.066667,0.423843,matched
3521,117.366667,2672,89.066667,0.424078,matched
3522,117.4,2673,89.1,0.424312,matched
3523,117.433333,2673,89.1,0.424547,matched
3524,117.466667,2674,89.133333,0.424781,matched
3525,117.5,2674,89.133333,0.425016,matched
3526,117.533333,2675,89.166667,0.42525,matched
3527,117.566667,2675,89.166667,0.425485,matched
3528,117.6,2676,89.2,0.425719,matched
3529,117.633333,2678,89.266667,0.427224,matched
3530,117.666667,2680,89.333333,0.428729,matched
3531,117.7,2682,89.4,0.430234,matched
3532,117.733333,2684,89.466667,0.43174,matched
3533,117.766667,2686,89.533333,0.433245,matched
3534,117.8,2688,89.6,0.43475,matched
3535,117.833333,2688,89.6,0.42924,matched
3536,117.866667,2689,89.633333,0.42373,matched
3537,117.9,2689,89.633333,0.418219,matched
3538,117.933333,2690,89.666667,0.412709,matched
3539,117.966667,2691,89.7,0.407199,matched
3540,118.0,2691,89.7,0.401689,matched
3541,118.033333,2692,89.733333,0.396178,matched
3542,118.066667,2692,89.733333,0.390668,matched
3543,118.1,2693,89.766667,0.385158,matched
3544,118.133333,2693,89.766667,0.379647,matched
3545,118.166667,2694,89.8,0.374137,matched
3546,118.2,2694,89.8,0.368627,matched
3547,118.233333,2695,89.833333,0.371662,matched
3548,118.266667,2695,89.833333,0.374697,matched
3549,118.3,2696,89.866667,0.377731,matched
3550,118.333333,2696,89.866667,0.380766,matched
3551,118.366667,2697,89.9,0.383801,matched
3552,118.4,2697,89.9,0.386835,matched
3553,118.433333,2698,89.933333,0.38987,matched
3554,118.466667,2698,89.933333,0.392905,matched
3555,118.5,2699,89.966667,0.395939,matched
3556,118.533333,2699,89.966667,0.398974,matched
3557,118.566667,2700,90.0,0.402008,matched
3558,118.6,2700,90.0,0.405043,matched
3559,118.633333,2702,90.066667,0.40174,matched
3560,118.666667,2704,90.133333,0.398437,matched
3561,118.7,2706,90.2,0.395134,matched
3562,118.733333,2708,90.266667,0.391831,matched
3563,118.766667,2710,90.333333,0.388528,matched
3564,118.8,2712,90.4,0.385225,matched
3565,118.833333,2714,90.466667,0.400053,matched
3566,118.866667,2716,90.533333,0.414882,matched
3567,118.9,2718,90.6,0.429711,matched
3568,118.933333,2720,90.666667,0.44454,matched
3569,118.966667,2722,90.733333,0.459369,matched
3570,119.0,2724,90.8,0.474198,matched
3571,119.033333,2725,90.833333,0.438182,matched
3572,119.066667,2725,90.833333,0.402166,matched
3573,119.1,2726,90.866667,0.36615,matched
3574,119.133333,2726,90.866667,0.330135,review
3575,119.166667,2727,90.9,0.294119,review
3576,119.2,2727,90.9,0.258103,review
3577,119.233333,2728,90.933333,0.222087,review
3578,119.266667,2728,90.933333,0.186071,review
3579,119.3,2729,90.966667,0.150055,review
3580,119.333333,2729,90.966667,0.114039,review
3581,119.366667,2729,90.966667,0.078024,review
3582,119.4,2730,91.0,0.042008,review
3583,119.433333,2730,91.0,0.082155,review
3584,119.466667,2731,91.033333,0.122306,review
3585,119.5,2731,91.033333,0.162457,review
3586,119.533333,2732,91.066667,0.202608,review
3587,119.566667,2732,91.066667,0.242759,review
3588,119.6,2733,91.1,0.28291,review
3589,119.633333,2733,91.1,0.323061,review
3590,119.666667,2734,91.133333,0.363212,matched
3591,119.7,2734,91.133333,0.403363,matched
3592,119.733333,2735,91.166667,0.443513,matched
3593,119.766667,2735,91.166667,0.483664,matched
3594,119.8,2736,91.2,0.523815,matched
3595,119.833333,2736,91.2,0.518753,matched
3596,119.866667,2737,91.233333,0.513686,matched
3597,119.9,2737,91.233333,0.50862,matched
3598,119.933333,2738,91.266667,0.503554,matched
3599,119.966667,2738,91.266667,0.498487,matched
3600,120.0,2739,91.3,0.493421,matched
3601,120.033333,2739,91.3,0.488354,matched
3602,120.066667,2740,91.333333,0.483288,matched
3603,120.1,2741,91.366667,0.478221,matched
3604,120.133333,2741,91.366667,0.473155,matched
3605,120.166667,2742,91.4,0.468088,matched
3606,120.2,2742,91.4,0.463024,matched
3607,120.233333,2743,91.433333,0.483116,matched
3608,120.266667,2743,91.433333,0.503209,matched
3609,120.3,2744,91.466667,0.523301,matched
3610,120.333333,2744,91.466667,0.543394,matched
3611,120.366667,2745,91.5,0.563486,matched
3612,120.4,2745,91.5,0.583579,matched
3613,120.433333,2746,91.533333,0.603671,matched
3614,120.466667,2746,91.533333,0.623764,matched
3615,120.5,2747,91.566667,0.643856,matched
3616,120.533333,2747,91.566667,0.663949,matched
3617,120.566667,2747,91.566667,0.684041,matched
3618,120.6,2748,91.6,0.704133,matched
3619,120.633333,2750,91.666667,0.703444,matched
3620,120.666667,2752,91.733333,0.702755,matched
3621,120.7,2754,91.8,0.702066,matched
3622,120.733333,2756,91.866667,0.701378,matched
3623,120.766667,2758,91.933333,0.700689,matched
3624,120.8,2760,92.0,0.7,matched
3625,120.833333,2760,92.0,0.671204,matched
3626,120.866667,2761,92.033333,0.642405,matched
3627,120.9,2761,92.033333,0.613607,matched
3628,120.933333,2762,92.066667,0.584808,matched
3629,120.966667,2762,92.066667,0.55601,matched
3630,121.0,2763,92.1,0.527211,matched
3631,121.033333,2763,92.1,0.498412,matched
3632,121.066667,2764,92.133333,0.469614,matched
3633,121.1,2764,92.133333,0.440815,matched
3634,121.133333,2765,92.166667,0.412017,matched
3635,121.166667,2765,92.166667,0.383218,matched
3636,121.2,2766,92.2,0.354424,matched
3637,121.233333,2766,92.2,0.376612,matched
3638,121.266667,2767,92.233333,0.398801,matched
3639,121.3,2767,92.233333,0.420989,matched
3640,121.333333,2768,92.266667,0.443177,matched
3641,121.366667,2769,92.3,0.465365,matched
3642,121.4,2769,92.3,0.487554,matched
3643,121.433333,2770,92.333333,0.509742,matched
3644,121.466667,2770,92.333333,0.53193,matched
3645,121.5,2771,92.366667,0.554118,matched
3646,121.533333,2771,92.366667,0.576307,matched
3647,121.566667,2772,92.4,0.598495,matched
3648,121.6,2772,92.4,0.62068,matched
3649,121.633333,2774,92.466667,0.577531,matched
3650,121.666667,2776,92.533333,0.534382,matched
3651,121.7,2778,92.6,0.491233,matched
3652,121.733333,2780,92.666667,0.448084,matched
3653,121.766667,2782,92.733333,0.404935,matched
3654,121.8,2784,92.8,0.361786,matched
3655,121.833333,2785,92.833333,0.389965,matched
3656,121.866667,2785,92.833333,0.41815,matched
3657,121.9,2786,92.866667,0.446335,matched
3658,121.933333,2786,92.866667,0.47452,matched
3659,121.966667,2787,92.9,0.502706,matched
3660,122.0,2787,92.9,0.530891,matched
3661,122.033333,2788,92.933333,0.559076,matched
3662,122.066667,2788,92.933333,0.587262,matched
3663,122.1,2789,92.966667,0.615447,matched
3664,122.133333,2789,92.966667,0.643632,matched
3665,122.166667,2790,93.0,0.671817,matched
3666,122.2,2790,93.0,0.699999,matched
3667,122.233333,2791,93.033333,0.689034,matched
3668,122.266667,2791,93.033333,0.67807,matched
3669,122.3,2792,93.066667,0.667105,matched
3670,122.333333,2792,93.066667,0.656141,matched
3671,122.366667,2792,93.066667,0.645176,matched
3672,122.4,2793,93.1,0.634212,matched
3673,122.433333,2793,93.1,0.623247,matched
3674,122.466667,2794,93.133333,0.612283,matched
3675,122.5,2794,93.133333,0.601318,matched
3676,122.533333,2795,93.166667,0.590354,matched
3677,122.566667,2795,93.166667,0.579389,matched
3678,122.6,2796,93.2,0.568425,matched
3679,122.633333,2798,93.266667,0.579167,matched
3680,122.666667,2800,93.333333,0.589908,matched
3681,122.7,2802,93.4,0.600649,matched
3682,122.733333,2804,93.466667,0.61139,matched
3683,122.766667,2806,93.533333,0.622131,matched
3684,122.8,2808,93.6,0.632872,matched
3685,122.833333,2810,93.666667,0.549152,matched
3686,122.866667,2812,93.733333,0.465423,matched
3687,122.9,2814,93.8,0.381695,matched
3688,122.933333,2816,93.866667,0.297966,review
3689,122.966667,2818,93.933333,0.214238,review
3690,123.0,2820,94.0,0.130509,review
3691,123.033333,2822,94.066667,0.12206,review
3692,123.066667,2824,94.133333,0.11361,review
3693,123.1,2826,94.2,0.105161,review
3694,123.133333,2828,94.266667,0.096712,review
3695,123.166667,2830,94.333333,0.088263,review
3696,123.2,2832,94.4,0.079814,review
3697,123.233333,2834,94.466667,0.078102,review
3698,123.266667,2836,94.533333,0.076391,review
3699,123.3,2838,94.6,0.074679,review
3700,123.333333,2840,94.666667,0.072968,review
3701,123.366667,2842,94.733333,0.071257,review
3702,123.4,2844,94.8,0.069545,review
3703,123.433333,2846,94.866667,0.057955,review
3704,123.466667,2848,94.933333,0.046364,review
3705,123.5,2850,95.0,0.034773,review
3706,123.533333,2852,95.066667,0.023181,review
3707,123.566667,2854,95.133333,0.01159,review
3708,123.6,2856,95.2,0.0,review
3709,123.633333,2858,95.266667,0.0,review
3710,123.666667,2860,95.333333,0.0,review
3711,123.7,2862,95.4,0.0,review
3712,123.733333,2864,95.466667,0.0,review
3713,123.766667,2866,95.533333,0.0,review
3714,123.8,2868,95.6,0.0,review
3715,123.833333,2870,95.666667,0.0,review
3716,123.866667,2872,95.733333,0.0,review
3717,123.9,2874,95.8,0.0,review
3718,123.933333,2876,95.866667,0.0,review
3719,123.966667,2878,95.933333,0.0,review
3720,124.0,2880,96.0,0.0,review
3721,124.033333,2880,96.0,0.0,review
3722,124.066667,2881,96.033333,0.0,review
3723,124.1,2881,96.033333,0.0,review
3724,124.133333,2882,96.066667,0.0,review
3725,124.166667,2882,96.066667,0.0,review
3726,124.2,2883,96.1,0.0,review
3727,124.233333,2883,96.1,0.0,review
3728,124.266667,2884,96.133333,0.0,review
3729,124.3,2884,96.133333,0.0,review
3730,124.333333,2885,96.166667,0.0,review
3731,124.366667,2885,96.166667,0.0,review
3732,124.4,2886,96.2,0.0,review
3733,124.433333,2886,96.2,0.0,review
3734,124.466667,2887,96.233333,0.0,review
3735,124.5,2887,96.233333,0.0,review
3736,124.533333,2888,96.266667,0.0,review
3737,124.566667,2888,96.266667,0.0,review
3738,124.6,2889,96.3,0.0,review
3739,124.633333,2889,96.3,0.0,review
3740,124.666667,2890,96.333333,0.0,review
3741,124.7,2890,96.333333,0.0,review
3742,124.733333,2891,96.366667,0.0,review
3743,124.766667,2891,96.366667,0.0,review
3744,124.8,2892,96.4,0.0,review
3745,124.833333,2892,96.4,0.0,review
3746,124.866667,2893,96.433333,0.0,review
3747,124.9,2894,96.466667,0.0,review
3748,124.933333,2894,96.466667,0.0,review
3749,124.966667,2894,96.466667,0.0,review
3750,125.0,2895,96.5,0.0,review
3751,125.033333,2896,96.533333,0.0,review
3752,125.066667,2896,96.533333,0.0,review
3753,125.1,2896,96.533333,0.0,review
3754,125.133333,2897,96.566667,0.0,review
3755,125.166667,2898,96.6,0.0,review
3756,125.2,2898,96.6,1e-06,review
3757,125.233333,2899,96.633333,0.014787,review
3758,125.266667,2899,96.633333,0.029572,review
3759,125.3,2900,96.666667,0.044357,review
3760,125.333333,2900,96.666667,0.059142,review
3761,125.366667,2901,96.7,0.073928,review
3762,125.4,2901,96.7,0.088713,review
3763,125.433333,2902,96.733333,0.103498,review
3764,125.466667,2902,96.733333,0.118284,review
3765,125.5,2903,96.766667,0.133069,review
3766,125.533333,2903,96.766667,0.147854,review
3767,125.566667,2904,96.8,0.162639,review
3768,125.6,2904,96.8,0.177423,review
3769,125.633333,2905,96.833333,0.162638,review
3770,125.666667,2905,96.833333,0.147853,review
3771,125.7,2906,96.866667,0.133067,review
3772,125.733333,2906,96.866667,0.118282,review
3773,125.766667,2907,96.9,0.103497,review
3774,125.8,2907,96.9,0.088712,review
3775,125.833333,2908,96.933333,0.073926,review
3776,125.866667,2908,96.933333,0.059141,review
3777,125.9,2909,96.966667,0.044356,review
3778,125.933333,2909,96.966667,0.029571,review
3779,125.966667,2910,97.0,0.014785,review
3780,126.0,2910,97.0,0.0,review
3781,126.033333,2910,97.0,0.013184,review
3782,126.066667,2911,97.033333,0.026369,review
3783,126.1,2911,97.033333,0.039553,review
3784,126.133333,2912,97.066667,0.052737,review
3785,126.166667,2912,97.066667,0.065922,review
3786,126.2,2913,97.1,0.079106,review
3787,126.233333,2913,97.1,0.092291,review
3788,126.266667,2914,97.133333,0.105475,review
3789,126.3,2914,97.133333,0.118659,review
3790,126.333333,2915,97.166667,0.131844,review
3791,126.366667,2915,97.166667,0.145028,review
3792,126.4,2916,97.2,0.158212,review
3793,126.433333,2918,97.266667,0.131845,review
3794,126.466667,2920,97.333333,0.105476,review
3795,126.5,2922,97.4,0.079107,review
3796,126.533333,2924,97.466667,0.052737,review
3797,126.566667,2926,97.533333,0.026368,review
3798,126.6,2928,97.6,0.0,review
3799,126.633333,2928,97.6,0.008591,review
3800,126.666667,2929,97.633333,0.017181,review
3801,126.7,2930,97.666667,0.025771,review
3802,126.733333,2930,97.666667,0.034362,review
3803,126.766667,2931,97.7,0.042952,review
3804,126.8,2931,97.7,0.051542,review
3805,126.833333,2932,97.733333,0.060132,review
3806,126.866667,2932,97.733333,0.068723,review
3807,126.9,2933,97.766667,0.077313,review
3808,126.933333,2933,97.766667,0.085903,review
3809,126.966667,2934,97.8,0.094494,review
3810,127.0,2934,97.8,0.103084,review
3811,127.033333,2935,97.833333,0.100701,review
3812,127.066667,2935,97.833333,0.098319,review
3813,127.1,2936,97.866667,0.095936,review
3814,127.133333,2936,97.866667,0.093553,review
3815,127.166667,2937,97.9,0.09117,review
3816,127.2,2937,97.9,0.088788,review
3817,127.233333,2938,97.933333,0.086405,review
3818,127.266667,2938,97.933333,0.084022,review
3819,127.3,2939,97.966667,0.081639,review
3820,127.333333,2939,97.966667,0.079257,review
3821,127.366667,2939,97.966667,0.076874,review
3822,127.4,2940,98.0,0.074491,review
3823,127.433333,2940,98.0,0.068284,review
3824,127.466667,2941,98.033333,0.062076,review
3825,127.5,2941,98.033333,0.055869,review
3826,127.533333,2942,98.066667,0.049661,review
3827,127.566667,2942,98.066667,0.043453,review
3828,127.6,2943,98.1,0.037246,review
3829,127.633333,2943,98.1,0.031038,review
3830,127.666667,2944,98.133333,0.024831,review
3831,127.7,2944,98.133333,0.018623,review
3832,127.733333,2945,98.166667,0.012416,review
3833,127.766667,2945,98.166667,0.006208,review
3834,127.8,2946,98.2,1e-06,review
3835,127.833333,2946,98.2,0.002642,review
3836,127.866667,2947,98.233333,0.005285,review
3837,127.9,2947,98.233333,0.007927,review
3838,127.933333,2948,98.266667,0.01057,review
3839,127.966667,2948,98.266667,0.013212,review
3840,128.0,2949,98.3,0.015855,review
3841,128.033333,2949,98.3,0.018498,review
3842,128.066667,2950,98.333333,0.02114,review
3843,128.1,2951,98.366667,0.023783,review
3844,128.133333,2951,98.366667,0.026425,review
3845,128.166667,2952,98.4,0.029068,review
3846,128.2,2952,98.4,0.031711,review
3847,128.233333,2954,98.466667,0.047351,review
3848,128.266667,2956,98.533333,0.06299,review
3849,128.3,2958,98.6,0.078629,review
3850,128.333333,2960,98.666667,0.094268,review
3851,128.366667,2962,98.733333,0.109907,review
3852,128.4,2964,98.8,0.125541,review
3853,128.433333,2965,98.833333,0.115079,review
3854,128.466667,2965,98.833333,0.104618,review
3855,128.5,2966,98.866667,0.094156,review
3856,128.533333,2966,98.866667,0.083694,review
3857,128.566667,2967,98.9,0.073233,review
3858,128.6,2967,98.9,0.062771,review
3859,128.633333,2968,98.933333,0.052309,review
3860,128.666667,2968,98.933333,0.041848,review
3861,128.7,2969,98.966667,0.031386,review
3862,128.733333,2969,98.966667,0.020924,review
3863,128.766667,2969,98.966667,0.010463,review
3864,128.8,2970,99.0,1e-06,review
3865,128.833333,2970,99.0,0.002406,review
3866,128.866667,2971,99.033333,0.004812,review
3867,128.9,2971,99.033333,0.007218,review
3868,128.933333,2972,99.066667,0.009625,review
3869,128.966667,2972,99.066667,0.012031,review
3870,129.0,2973,99.1,0.014437,review
3871,129.033333,2973,99.1,0.016843,review
3872,129.066667,2974,99.133333,0.019249,review
3873,129.1,2974,99.133333,0.021656,review
3874,129.133333,2975,99.166667,0.024062,review
3875,129.166667,2975,99.166667,0.026468,review
3876,129.2,2976,99.2,0.028876,review
3877,129.233333,2978,99.266667,0.054178,review
3878,129.266667,2980,99.333333,0.07948,review
3879,129.3,2982,99.4,0.104782,review
3880,129.333333,2984,99.466667,0.130085,review
3881,129.366667,2986,99.533333,0.155387,review
3882,129.4,2988,99.6,0.18068,review
3883,129.433333,2990,99.666667,0.157448,review
3884,129.466667,2992,99.733333,0.134217,review
3885,129.5,2994,99.8,0.110986,review
3886,129.533333,2996,99.866667,0.087755,review
3887,129.566667,2998,99.933333,0.064524,review
3888,129.6,3000,100.0,0.041292,review
3889,129.633333,3002,100.066667,0.036197,review
3890,129.666667,3004,100.133333,0.031104,review
3891,129.7,3006,100.2,0.026012,review
3892,129.733333,3008,100.266667,0.020919,review
3893,129.766667,3010,100.333333,0.015827,review
3894,129.8,3012,100.4,0.010734,review
3895,129.833333,3014,100.466667,0.015872,review
3896,129.866667,3016,100.533333,0.02101,review
3897,129.9,3018,100.6,0.026148,review
3898,129.933333,3020,100.666667,0.031287,review
3899,129.966667,3022,100.733333,0.036425,review
3900,130.0,3024,100.8,0.041563,review
3901,130.033333,3026,100.866667,0.060894,review
3902,130.066667,3028,100.933333,0.080226,review
3903,130.1,3030,101.0,0.099557,review
3904,130.133333,3032,101.066667,0.118889,review
3905,130.166667,3034,101.133333,0.13822,review
3906,130.2,3036,101.2,0.157548,review
3907,130.233333,3038,101.266667,0.131289,review
3908,130.266667,3040,101.333333,0.10503,review
3909,130.3,3042,101.4,0.078771,review
3910,130.333333,3044,101.466667,0.052513,review
3911,130.366667,3046,101.533333,0.026254,review
3912,130.4,3048,101.6,3e-06,review
3913,130.433333,3050,101.666667,0.018922,review
3914,130.466667,3052,101.733333,0.03784,review
3915,130.5,3054,101.8,0.056758,review
3916,130.533333,3056,101.866667,0.075676,review
3917,130.566667,3058,101.933333,0.094594,review
3918,130.6,3060,102.0,0.113513,review
3919,130.633333,3062,102.066667,0.101706,review
3920,130.666667,3064,102.133333,0.089894,review
3921,130.7,3066,102.2,0.078082,review
3922,130.733333,3068,102.266667,0.06627,review
3923,130.766667,3070,102.333333,0.054458,review
3924,130.8,3072,102.4,0.042646,review
3925,130.833333,3072,102.4,0.039092,review
3926,130.866667,3073,102.433333,0.035538,review
3927,130.9,3074,102.466667,0.031984,review
3928,130.933333,3074,102.466667,0.02843,review
3929,130.966667,3074,102.466667,0.024876,review
3930,131.0,3075,102.5,0.021322,review
3931,131.033333,3076,102.533333,0.017769,review
3932,131.066667,3076,102.533333,0.014215,review
3933,131.1,3076,102.533333,0.010661,review
3934,131.133333,3077,102.566667,0.007107,review
3935,131.166667,3078,102.6,0.003553,review
3936,131.2,3078,102.6,1e-06,review
3937,131.233333,3078,102.6,0.005892,review
3938,131.266667,3079,102.633333,0.011784,review
3939,131.3,3080,102.666667,0.017675,review
3940,131.333333,3080,102.666667,0.023567,review
3941,131.366667,3080,102.666667,0.029458,review
3942,131.4,3081,102.7,0.03535,review
3943,131.433333,3082,102.733333,0.041241,review
3944,131.466667,3082,102.733333,0.047133,review
3945,131.5,3082,102.733333,0.053024,review
3946,131.533333,3083,102.766667,0.058916,review
3947,131.566667,3084,102.8,0.064807,review
3948,131.6,3084,102.8,0.070699,review
3949,131.633333,3086,102.866667,0.074686,review
3950,131.666667,3088,102.933333,0.078673,review
3951,131.7,3090,103.0,0.08266,review
3952,131.733333,3092,103.066667,0.086647,review
3953,131.766667,3094,103.133333,0.090634,review
3954,131.8,3096,103.2,0.094621,review
3955,131.833333,3098,103.266667,0.078852,review
3956,131.866667,3100,103.333333,0.063082,review
3957,131.9,3102,103.4,0.047311,review
3958,131.933333,3104,103.466667,0.031541,review
3959,131.966667,3106,103.533333,0.01577,review
3960,132.0,3108,103.6,0.0,review
3961,132.033333,3110,103.666667,0.026953,review
3962,132.066667,3112,103.733333,0.053907,review
3963,132.1,3114,103.8,0.08086,review
3964,132.133333,3116,103.866667,0.107814,review
3965,132.166667,3118,103.933333,0.134767,review
3966,132.2,3120,104.0,0.161717,review
3967,132.233333,3122,104.066667,0.146353,review
3968,132.266667,3124,104.133333,0.130989,review
3969,132.3,3126,104.2,0.115626,review
3970,132.333333,3128,104.266667,0.100262,review
3971,132.366667,3130,104.333333,0.084899,review
3972,132.4,3132,104.4,0.069536,review
3973,132.433333,3134,104.466667,0.057947,review
3974,132.466667,3136,104.533333,0.046358,review
3975,132.5,3138,104.6,0.034769,review
3976,132.533333,3140,104.666667,0.02318,review
3977,132.566667,3142,104.733333,0.011591,review
3978,132.6,3144,104.8,2e-06,review
3979,132.633333,3146,104.866667,0.015924,review
3980,132.666667,3148,104.933333,0.031851,review
3981,132.7,3150,105.0,0.047778,review
3982,132.733333,3152,105.066667,0.063705,review
3983,132.766667,3154,105.133333,0.079632,review
3984,132.8,3156,105.2,0.095559,review
3985,132.833333,3156,105.2,0.092481,review
3986,132.866667,3157,105.233333,0.089401,review
3987,132.9,3157,105.233333,0.086321,review
3988,132.933333,3158,105.266667,0.083242,review
3989,132.966667,3158,105.266667,0.080162,review
3990,133.0,3159,105.3,0.077082,review
3991,133.033333,3159,105.3,0.074003,review
3992,133.066667,3160,105.333333,0.070923,review
3993,133.1,3161,105.366667,0.067844,review
3994,133.133333,3161,105.366667,0.064764,review
3995,133.166667,3162,105.4,0.061684,review
3996,133.2,3162,105.4,0.058604,review
3997,133.233333,3164,105.466667,0.048836,review
3998,133.266667,3166,105.533333,0.039069,review
3999,133.3,3168,105.6,0.029301,review
4000,133.333333,3170,105.666667,0.019534,review
4001,133.366667,3172,105.733333,0.009766,review
4002,133.4,3174,105.8,1e-06,review
4003,133.433333,3175,105.833333,0.004039,review
4004,133.466667,3175,105.833333,0.008078,review
4005,133.5,3176,105.866667,0.012116,review
4006,133.533333,3176,105.866667,0.016155,review
4007,133.566667,3177,105.9,0.020193,review
4008,133.6,3177,105.9,0.024232,review
4009,133.633333,3178,105.933333,0.02827,review
4010,133.666667,3178,105.933333,0.032309,review
4011,133.7,3179,105.966667,0.036347,review
4012,133.733333,3179,105.966667,0.040386,review
4013,133.766667,3179,105.966667,0.044424,review
4014,133.8,3180,106.0,0.048463,review
4015,133.833333,3180,106.0,0.045685,review
4016,133.866667,3181,106.033333,0.042906,review
4017,133.9,3181,106.033333,0.040128,review
4018,133.933333,3182,106.066667,0.037349,review
4019,133.966667,3182,106.066667,0.034571,review
4020,134.0,3183,106.1,0.031792,review
4021,134.033333,3183,106.1,0.029013,review
4022,134.066667,3184,106.133333,0.026235,review
4023,134.1,3184,106.133333,0.023456,review
4024,134.133333,3185,106.166667,0.020678,review
4025,134.166667,3185,106.166667,0.017899,review
4026,134.2,3186,106.2,0.015121,review
4027,134.233333,3186,106.2,0.013861,review
4028,134.266667,3187,106.233333,0.012601,review
4029,134.3,3187,106.233333,0.011341,review
4030,134.333333,3188,106.266667,0.010081,review
4031,134.366667,3188,106.266667,0.008821,review
4032,134.4,3189,106.3,0.007561,review
4033,134.433333,3189,106.3,0.006301,review
4034,134.466667,3190,106.333333,0.00504,review
4035,134.5,3190,106.333333,0.00378,review
4036,134.533333,3191,106.366667,0.00252,review
4037,134.566667,3191,106.366667,0.00126,review
4038,134.6,3192,106.4,0.0,review
4039,134.633333,3192,106.4,0.0,review
4040,134.666667,3193,106.433333,0.0,review
4041,134.7,3193,106.433333,0.0,review
4042,134.733333,3194,106.466667,0.0,review
4043,134.766667,3194,106.466667,0.0,review
4044,134.8,3195,106.5,0.0,review
4045,134.833333,3195,106.5,0.0,review
4046,134.866667,3196,106.533333,0.0,review
4047,134.9,3196,106.533333,0.0,review
4048,134.933333,3197,106.566667,0.0,review
4049,134.966667,3197,106.566667,0.0,review
4050,135.0,3198,106.6,0.0,review
4051,135.033333,3198,106.6,0.005981,review
4052,135.066667,3199,106.633333,0.011962,review
4053,135.1,3200,106.666667,0.017942,review
4054,135.133333,3200,106.666667,0.023923,review
4055,135.166667,3201,106.7,0.029904,review
4056,135.2,3201,106.7,0.035885,review
4057,135.233333,3202,106.733333,0.041865,review
4058,135.266667,3202,106.733333,0.047846,review
4059,135.3,3203,106.766667,0.053827,review
4060,135.333333,3203,106.766667,0.059808,review
4061,135.366667,3204,106.8,0.065788,review
4062,135.4,3204,106.8,0.071767,review
4063,135.433333,3205,106.833333,0.065786,review
4064,135.466667,3205,106.833333,0.059806,review
4065,135.5,3206,106.866667,0.053825,review
4066,135.533333,3206,106.866667,0.047845,review
4067,135.566667,3207,106.9,0.041864,review
4068,135.6,3207,106.9,0.035884,review
4069,135.633333,3208,106.933333,0.029903,review
4070,135.666667,3208,106.933333,0.023923,review
4071,135.7,3209,106.966667,0.017942,review
4072,135.733333,3209,106.966667,0.011962,review
4073,135.766667,3209,106.966667,0.005981,review
4074,135.8,3210,107.0,1e-06,review
4075,135.833333,3210,107.0,0.0,review
4076,135.866667,3211,107.033333,0.0,review
4077,135.9,3211,107.033333,0.0,review
4078,135.933333,3212,107.066667,0.0,review
4079,135.966667,3212,107.066667,0.0,review
4080,136.0,3213,107.1,0.0,review
4081,136.033333,3213,107.1,0.0,review
4082,136.066667,3214,107.133333,0.0,review
4083,136.1,3214,107.133333,0.0,review
4084,136.133333,3215,107.166667,0.0,review
4085,136.166667,3215,107.166667,0.0,review
4086,136.2,3216,107.2,0.0,review
4087,136.233333,3216,107.2,0.0,review
4088,136.266667,3217,107.233333,0.0,review
4089,136.3,3217,107.233333,0.0,review
4090,136.333333,3218,107.266667,0.0,review
4091,136.366667,3218,107.266667,0.0,review
4092,136.4,3219,107.3,0.0,review
4093,136.433333,3219,107.3,0.0,review
4094,136.466667,3220,107.333333,0.0,review
4095,136.5,3220,107.333333,0.0,review
4096,136.533333,3221,107.366667,0.0,review
4097,136.566667,3221,107.366667,0.0,review
4098,136.6,3222,107.4,0.0,review
4099,136.633333,3222,107.4,0.0,review
4100,136.666667,3223,107.433333,0.0,review
4101,136.7,3223,107.433333,0.0,review
4102,136.733333,3224,107.466667,0.0,review
4103,136.766667,3224,107.466667,0.0,review
4104,136.8,3225,107.5,0.0,review
4105,136.833333,3225,107.5,0.0,review
4106,136.866667,3226,107.533333,0.0,review
4107,136.9,3226,107.533333,0.0,review
4108,136.933333,3227,107.566667,0.0,review
4109,136.966667,3227,107.566667,0.0,review
4110,137.0,3228,107.6,0.0,review
4111,137.033333,3228,107.6,0.0,review
4112,137.066667,3229,107.633333,0.0,review
4113,137.1,3230,107.666667,0.0,review
4114,137.133333,3230,107.666667,0.0,review
4115,137.166667,3231,107.7,0.0,review
4116,137.2,3231,107.7,0.0,review
4117,137.233333,3232,107.733333,0.0,review
4118,137.266667,3232,107.733333,0.0,review
4119,137.3,3233,107.766667,0.0,review
4120,137.333333,3233,107.766667,0.0,review
4121,137.366667,3234,107.8,0.0,review
4122,137.4,3234,107.8,0.0,review
4123,137.433333,3235,107.833333,0.0,review
4124,137.466667,3235,107.833333,0.0,review
4125,137.5,3236,107.866667,0.0,review
4126,137.533333,3236,107.866667,0.0,review
4127,137.566667,3237,107.9,0.0,review
4128,137.6,3237,107.9,0.0,review
4129,137.633333,3238,107.933333,0.0,review
4130,137.666667,3238,107.933333,0.0,review
4131,137.7,3239,107.966667,0.0,review
4132,137.733333,3239,107.966667,0.0,review
4133,137.766667,3239,107.966667,0.0,review
4134,137.8,3240,108.0,0.0,review
4135,137.833333,3242,108.066667,0.0,review
4136,137.866667,3244,108.133333,0.0,review
4137,137.9,3246,108.2,0.0,review
4138,137.933333,3248,108.266667,0.0,review
4139,137.966667,3250,108.333333,0.0,review
4140,138.0,3252,108.4,0.0,review
4141,138.033333,3253,108.433333,0.0,review
4142,138.066667,3253,108.433333,0.0,review
4143,138.1,3254,108.466667,0.0,review
4144,138.133333,3254,108.466667,0.0,review
4145,138.166667,3255,108.5,0.0,review
4146,138.2,3255,108.5,0.0,review
4147,138.233333,3256,108.533333,0.0,review
4148,138.266667,3256,108.533333,0.0,review
4149,138.3,3257,108.566667,0.0,review
4150,138.333333,3257,108.566667,0.0,review
4151,138.366667,3258,108.6,0.0,review
4152,138.4,3258,108.6,0.0,review
4153,138.433333,3259,108.633333,0.0,review
4154,138.466667,3259,108.633333,0.0,review
4155,138.5,3260,108.666667,0.0,review
4156,138.533333,3260,108.666667,0.0,review
4157,138.566667,3261,108.7,0.0,review
4158,138.6,3261,108.7,0.0,review
4159,138.633333,3262,108.733333,0.0,review
4160,138.666667,3262,108.733333,0.0,review
4161,138.7,3263,108.766667,0.0,review
4162,138.733333,3263,108.766667,0.0,review
4163,138.766667,3264,108.8,0.0,review
4164,138.8,3264,108.8,0.0,review
4165,138.833333,3266,108.866667,0.001774,review
4166,138.866667,3268,108.933333,0.003548,review
4167,138.9,3270,109.0,0.005322,review
4168,138.933333,3272,109.066667,0.007097,review
4169,138.966667,3274,109.133333,0.008871,review
4170,139.0,3276,109.2,0.010645,review
4171,139.033333,3278,109.266667,0.039513,review
4172,139.066667,3280,109.333333,0.068381,review
4173,139.1,3282,109.4,0.097249,review
4174,139.133333,3284,109.466667,0.126117,review
4175,139.166667,3286,109.533333,0.154985,review
4176,139.2,3288,109.6,0.183849,review
4177,139.233333,3288,109.6,0.168528,review
4178,139.266667,3289,109.633333,0.153208,review
4179,139.3,3290,109.666667,0.137887,review
4180,139.333333,3290,109.666667,0.122567,review
4181,139.366667,3290,109.666667,0.107246,review
4182,139.4,3291,109.7,0.091926,review
4183,139.433333,3292,109.733333,0.076605,review
4184,139.466667,3292,109.733333,0.061285,review
4185,139.5,3292,109.733333,0.045964,review
4186,139.533333,3293,109.766667,0.030644,review
4187,139.566667,3294,109.8,0.015323,review
4188,139.6,3294,109.8,3e-06,review
4189,139.633333,3294,109.8,0.0,review
4190,139.666667,3295,109.833333,0.0,review
4191,139.7,3296,109.866667,0.0,review
4192,139.733333,3296,109.866667,0.0,review
4193,139.766667,3296,109.866667,0.0,review
4194,139.8,3297,109.9,0.0,review
4195,139.833333,3298,109.933333,0.0,review
4196,139.866667,3298,109.933333,0.0,review
4197,139.9,3298,109.933333,0.0,review
4198,139.933333,3299,109.966667,0.0,review
4199,139.966667,3300,110.0,0.0,review
4200,140.0,3300,110.0,0.0,review
4201,140.033333,3302,110.066667,0.0,review
4202,140.066667,3304,110.133333,0.0,review
4203,140.1,3306,110.2,0.0,review
4204,140.133333,3308,110.266667,0.0,review
4205,140.166667,3310,110.333333,0.0,review
4206,140.2,3312,110.4,0.0,review
4207,140.233333,3313,110.433333,0.000273,review
4208,140.266667,3313,110.433333,0.000545,review
4209,140.3,3314,110.466667,0.000818,review
4210,140.333333,3314,110.466667,0.001091,review
4211,140.366667,3314,110.466667,0.001363,review
4212,140.4,3315,110.5,0.001636,review
4213,140.433333,3315,110.5,0.001909,review
4214,140.466667,3316,110.533333,0.002181,review
4215,140.5,3316,110.533333,0.002454,review
4216,140.533333,3317,110.566667,0.002727,review
4217,140.566667,3317,110.566667,0.002999,review
4218,140.6,3318,110.6,0.003272,review
4219,140.633333,3318,110.6,0.023905,review
4220,140.666667,3319,110.633333,0.044543,review
4221,140.7,3319,110.633333,0.06518,review
4222,140.733333,3320,110.666667,0.085817,review
4223,140.766667,3320,110.666667,0.106454,review
4224,140.8,3321,110.7,0.127091,review
4225,140.833333,3321,110.7,0.147728,review
4226,140.866667,3322,110.733333,0.168365,review
4227,140.9,3323,110.766667,0.189003,review
4228,140.933333,3323,110.766667,0.20964,review
4229,140.966667,3324,110.8,0.230277,review
4230,141.0,3324,110.8,0.250914,review
4231,141.033333,3326,110.866667,0.231738,review
4232,141.066667,3328,110.933333,0.212562,review
4233,141.1,3330,111.0,0.193386,review
4234,141.133333,3332,111.066667,0.174209,review
4235,141.166667,3334,111.133333,0.155033,review
4236,141.2,3336,111.2,0.135861,review
4237,141.233333,3338,111.266667,0.15776,review
4238,141.266667,3340,111.333333,0.179658,review
4239,141.3,3342,111.4,0.201557,review
4240,141.333333,3344,111.466667,0.223456,review
4241,141.366667,3346,111.533333,0.245354,review
4242,141.4,3348,111.6,0.267245,review
4243,141.433333,3349,111.633333,0.247999,review
4244,141.466667,3349,111.633333,0.228753,review
4245,141.5,3350,111.666667,0.209506,review
4246,141.533333,3350,111.666667,0.19026,review
4247,141.566667,3351,111.7,0.171014,review
4248,141.6,3351,111.7,0.151767,review
4249,141.633333,3352,111.733333,0.132521,review
4250,141.666667,3352,111.733333,0.113274,review
4251,141.7,3353,111.766667,0.094028,review
4252,141.733333,3353,111.766667,0.074782,review
4253,141.766667,3354,111.8,0.055535,review
4254,141.8,3354,111.8,0.036289,review
4255,141.833333,3355,111.833333,0.033263,review
4256,141.866667,3355,111.833333,0.030239,review
4257,141.9,3356,111.866667,0.027215,review
4258,141.933333,3356,111.866667,0.024191,review
4259,141.966667,3357,111.9,0.021167,review
4260,142.0,3357,111.9,0.018143,review
4261,142.033333,3358,111.933333,0.01512,review
4262,142.066667,3358,111.933333,0.012096,review
4263,142.1,3359,111.966667,0.009072,review
4264,142.133333,3359,111.966667,0.006048,review
4265,142.166667,3360,112.0,0.003024,review
4266,142.2,3360,112.0,1e-06,review
4267,142.233333,3362,112.066667,0.006371,review
4268,142.266667,3364,112.133333,0.012741,review
4269,142.3,3366,112.2,0.019111,review
4270,142.333333,3368,112.266667,0.025482,review
4271,142.366667,3370,112.333333,0.031852,review
4272,142.4,3372,112.4,0.03822,review
4273,142.433333,3374,112.466667,0.035222,review
4274,142.466667,3376,112.533333,0.032223,review
4275,142.5,3378,112.6,0.029224,review
4276,142.533333,3380,112.666667,0.026225,review
4277,142.566667,3382,112.733333,0.023226,review
4278,142.6,3384,112.8,0.020228,review
4279,142.633333,3386,112.866667,0.016856,review
4280,142.666667,3388,112.933333,0.013485,review
4281,142.7,3390,113.0,0.010114,review
4282,142.733333,3392,113.066667,0.006743,review
4283,142.766667,3394,113.133333,0.003372,review
4284,142.8,3396,113.2,0.0,review
4285,142.833333,3398,113.266667,0.010156,review
4286,142.866667,3400,113.333333,0.020313,review
4287,142.9,3402,113.4,0.03047,review
4288,142.933333,3404,113.466667,0.040626,review
4289,142.966667,3406,113.533333,0.050783,review
4290,143.0,3408,113.6,0.06094,review
4291,143.033333,3410,113.666667,0.051252,review
4292,143.066667,3412,113.733333,0.041563,review
4293,143.1,3414,113.8,0.031875,review
4294,143.133333,3416,113.866667,0.022186,review
4295,143.166667,3418,113.933333,0.012498,review
4296,143.2,3420,114.0,0.002811,review
4297,143.233333,3422,114.066667,0.0114,review
4298,143.266667,3424,114.133333,0.01999,review
4299,143.3,3426,114.2,0.028579,review
4300,143.333333,3428,114.266667,0.037169,review
4301,143.366667,3430,114.333333,0.045758,review
4302,143.4,3432,114.4,0.054344,review
4303,143.433333,3434,114.466667,0.045287,review
4304,143.466667,3436,114.533333,0.03623,review
4305,143.5,3438,114.6,0.027173,review
4306,143.533333,3440,114.666667,0.018116,review
4307,143.566667,3442,114.733333,0.009059,review
4308,143.6,3444,114.8,2e-06,review
4309,143.633333,3446,114.866667,0.0,review
4310,143.666667,3448,114.933333,0.0,review
4311,143.7,3450,115.0,0.0,review
4312,143.733333,3452,115.066667,0.0,review
4313,143.766667,3454,115.133333,0.0,review
4314,143.8,3456,115.2,0.0,review
4315,143.833333,3458,115.266667,0.030928,review
4316,143.866667,3460,115.333333,0.061859,review
4317,143.9,3462,115.4,0.09279,review
4318,143.933333,3464,115.466667,0.12372,review
4319,143.966667,3466,115.533333,0.154651,review
4320,144.0,3468,115.6,0.185582,review
4321,144.033333,3470,115.666667,0.154651,review
4322,144.066667,3472,115.733333,0.12372,review
4323,144.1,3474,115.8,0.09279,review
4324,144.133333,3476,115.866667,0.061859,review
4325,144.166667,3478,115.933333,0.030928,review
4326,144.2,3480,116.0,0.0,review
4327,144.233333,3482,116.066667,0.0,review
4328,144.266667,3484,116.133333,0.0,review
4329,144.3,3486,116.2,0.0,review
4330,144.333333,3488,116.266667,0.0,review
4331,144.366667,3490,116.333333,0.0,review
4332,144.4,3492,116.4,6e-06,review
4333,144.433333,3494,116.466667,0.033947,review
4334,144.466667,3496,116.533333,0.067888,review
4335,144.5,3498,116.6,0.101829,review
4336,144.533333,3500,116.666667,0.13577,review
4337,144.566667,3502,116.733333,0.169711,review
4338,144.6,3504,116.8,0.203652,review
4339,144.633333,3506,116.866667,0.216296,review
4340,144.666667,3508,116.933333,0.228936,review
4341,144.7,3510,117.0,0.241576,review
4342,144.733333,3512,117.066667,0.254216,review
4343,144.766667,3514,117.133333,0.266856,review
4344,144.8,3516,117.2,0.279496,review
4345,144.833333,3518,117.266667,0.270368,review
4346,144.866667,3520,117.333333,0.261237,review
4347,144.9,3522,117.4,0.252107,review
4348,144.933333,3524,117.466667,0.242977,review
4349,144.966667,3526,117.533333,0.233846,review
4350,145.0,3528,117.6,0.224716,review
4351,145.033333,3530,117.666667,0.205184,review
4352,145.066667,3532,117.733333,0.185651,review
4353,145.1,3534,117.8,0.166119,review
4354,145.133333,3536,117.866667,0.146587,review
4355,145.166667,3538,117.933333,0.127055,review
4356,145.2,3540,118.0,0.107525,review
4357,145.233333,3542,118.066667,0.11548,review
4358,145.266667,3544,118.133333,0.123436,review
4359,145.3,3546,118.2,0.131391,review
4360,145.333333,3548,118.266667,0.139347,review
4361,145.366667,3550,118.333333,0.147302,review
4362,145.4,3552,118.4,0.155253,review
4363,145.433333,3554,118.466667,0.139395,review
4364,145.466667,3556,118.533333,0.123537,review
4365,145.5,3558,118.6,0.107679,review
4366,145.533333,3560,118.666667,0.09182,review
4367,145.566667,3562,118.733333,0.075962,review
4368,145.6,3564,118.8,0.060104,review
4369,145.633333,3566,118.866667,0.065755,review
4370,145.666667,3568,118.933333,0.071411,review
4371,145.7,3570,119.0,0.077066,review
4372,145.733333,3572,119.066667,0.082722,review
4373,145.766667,3574,119.133333,0.088377,review
4374,145.8,3576,119.2,0.094032,review
4375,145.833333,3578,119.266667,0.165601,review
4376,145.866667,3580,119.333333,0.237175,review
4377,145.9,3582,119.4,0.30875,review
4378,145.933333,3584,119.466667,0.380324,matched
4379,145.966667,3586,119.533333,0.451899,matched
4380,146.0,3588,119.6,0.523473,matched
4381,146.033333,3590,119.666667,0.487241,matched
4382,146.066667,3592,119.733333,0.45101,matched
4383,146.1,3594,119.8,0.414778,matched
4384,146.133333,3596,119.866667,0.378546,matched
4385,146.166667,3598,119.933333,0.342314,review
4386,146.2,3600,120.0,0.306084,review
4387,146.233333,3602,120.066667,0.282071,review
4388,146.266667,3604,120.133333,0.258058,review
4389,146.3,3606,120.2,0.234045,review
4390,146.333333,3608,120.266667,0.210032,review
4391,146.366667,3610,120.333333,0.186019,review
4392,146.4,3612,120.4,0.162017,review
4393,146.433333,3614,120.466667,0.19418,review
4394,146.466667,3616,120.533333,0.226343,review
4395,146.5,3618,120.6,0.258506,review
4396,146.533333,3620,120.666667,0.290669,review
4397,146.566667,3622,120.733333,0.322832,review
4398,146.6,3624,120.8,0.354995,matched
4399,146.633333,3626,120.866667,0.394523,matched
4400,146.666667,3628,120.933333,0.434053,matched
4401,146.7,3630,121.0,0.473583,matched
4402,146.733333,3632,121.066667,0.513112,matched
4403,146.766667,3634,121.133333,0.552642,matched
4404,146.8,3636,121.2,0.592171,matched
4405,146.833333,3638,121.266667,0.583341,matched
4406,146.866667,3640,121.333333,0.574505,matched
4407,146.9,3642,121.4,0.56567,matched
4408,146.933333,3644,121.466667,0.556835,matched
4409,146.966667,3646,121.533333,0.547999,matched
4410,147.0,3648,121.6,0.539164,matched
4411,147.033333,3650,121.666667,0.544385,matched
4412,147.066667,3652,121.733333,0.549606,matched
4413,147.1,3654,121.8,0.554827,matched
4414,147.133333,3656,121.866667,0.560048,matched
4415,147.166667,3658,121.933333,0.565269,matched
4416,147.2,3660,122.0,0.570492,matched
4417,147.233333,3662,122.066667,0.592077,matched
4418,147.266667,3664,122.133333,0.613663,matched
4419,147.3,3666,122.2,0.635248,matched
4420,147.333333,3668,122.266667,0.656833,matched
4421,147.366667,3670,122.333333,0.678419,matched
4422,147.4,3672,122.4,0.7,matched
4423,147.433333,3674,122.466667,0.7,matched
4424,147.466667,3676,122.533333,0.7,matched
4425,147.5,3678,122.6,0.7,matched
4426,147.533333,3680,122.666667,0.7,matched
4427,147.566667,3682,122.733333,0.7,matched
4428,147.6,3684,122.8,0.7,matched
4429,147.633333,3686,122.866667,0.593831,matched
4430,147.666667,3688,122.933333,0.487642,matched
4431,147.7,3690,123.0,0.381453,matched
4432,147.733333,3692,123.066667,0.275264,review
4433,147.766667,3694,123.133333,0.169076,review
4434,147.8,3696,123.2,0.062887,review
4435,147.833333,3698,123.266667,0.13902,review
4436,147.866667,3700,123.333333,0.21517,review
4437,147.9,3702,123.4,0.29132,review
4438,147.933333,3704,123.466667,0.367469,matched
4439,147.966667,3706,123.533333,0.443619,matched
4440,148.0,3708,123.6,0.519769,matched
4441,148.033333,3710,123.666667,0.5085,matched
4442,148.066667,3712,123.733333,0.497231,matched
4443,148.1,3714,123.8,0.485962,matched
4444,148.133333,3716,123.866667,0.474694,matched
4445,148.166667,3718,123.933333,0.463425,matched
4446,148.2,3720,124.0,0.452161,matched
4447,148.233333,3722,124.066667,0.493469,matched
4448,148.266667,3724,124.133333,0.534776,matched
4449,148.3,3726,124.2,0.576084,matched
4450,148.333333,3728,124.266667,0.617392,matched
4451,148.366667,3730,124.333333,0.6587,matched
4452,148.4,3732,124.4,0.699999,matched
4453,148.433333,3734,124.466667,0.695655,matched
4454,148.466667,3736,124.533333,0.691311,matched
4455,148.5,3738,124.6,0.686967,matched
4456,148.533333,3740,124.666667,0.682624,matched
4457,148.566667,3742,124.733333,0.67828,matched
4458,148.6,3744,124.8,0.673936,matched
4459,148.633333,3746,124.866667,0.671163,matched
4460,148.666667,3748,124.933333,0.668391,matched
4461,148.7,3750,125.0,0.665619,matched
4462,148.733333,3752,125.066667,0.662847,matched
4463,148.766667,3754,125.133333,0.660075,matched
4464,148.8,3756,125.2,0.657303,matched
4465,148.833333,3758,125.266667,0.651495,matched
4466,148.866667,3760,125.333333,0.645687,matched
4467,148.9,3762,125.4,0.639878,matched
4468,148.933333,3764,125.466667,0.63407,matched
4469,148.966667,3766,125.533333,0.628261,matched
4470,149.0,3768,125.6,0.622453,matched
4471,149.033333,3770,125.666667,0.583889,matched
4472,149.066667,3772,125.733333,0.545325,matched
4473,149.1,3774,125.8,0.506761,matched
4474,149.133333,3776,125.866667,0.468197,matched
4475,149.166667,3778,125.933333,0.429633,matched
4476,149.2,3780,126.0,0.391072,matched
4477,149.233333,3782,126.066667,0.374993,matched
4478,149.266667,3784,126.133333,0.358914,matched
4479,149.3,3786,126.2,0.342835,review
4480,149.333333,3788,126.266667,0.326756,review
4481,149.366667,3790,126.333333,0.310677,review
4482,149.4,3792,126.4,0.294597,review
4483,149.433333,3794,126.466667,0.272848,review
4484,149.466667,3796,126.533333,0.251099,review
4485,149.5,3798,126.6,0.22935,review
4486,149.533333,3800,126.666667,0.207601,review
4487,149.566667,3802,126.733333,0.185852,review
4488,149.6,3804,126.8,0.164103,review
4489,149.633333,3806,126.866667,0.17126,review
4490,149.666667,3808,126.933333,0.178423,review
4491,149.7,3810,127.0,0.185585,review
4492,149.733333,3812,127.066667,0.192747,review
4493,149.766667,3814,127.133333,0.19991,review
4494,149.8,3816,127.2,0.207072,review
4495,149.833333,3818,127.266667,0.231463,review
4496,149.866667,3820,127.333333,0.255855,review
4497,149.9,3822,127.4,0.280246,review
4498,149.933333,3824,127.466667,0.304638,review
4499,149.966667,3826,127.533333,0.32903,review
4500,150.0,3828,127.6,0.353422,matched
4501,150.033333,3830,127.666667,0.373373,matched
4502,150.066667,3832,127.733333,0.393325,matched
4503,150.1,3834,127.8,0.413276,matched
4504,150.133333,3836,127.866667,0.433227,matched
4505,150.166667,3838,127.933333,0.453179,matched
4506,150.2,3840,128.0,0.473129,matched
4507,150.233333,3842,128.066667,0.489265,matched
4508,150.266667,3844,128.133333,0.505401,matched
4509,150.3,3846,128.2,0.521537,matched
4510,150.333333,3848,128.266667,0.537672,matched
4511,150.366667,3850,128.333333,0.553808,matched
4512,150.4,3852,128.4,0.569938,matched
4513,150.433333,3854,128.466667,0.555575,matched
4514,150.466667,3856,128.533333,0.541211,matched
4515,150.5,3858,128.6,0.526847,matched
4516,150.533333,3860,128.666667,0.512483,matched
4517,150.566667,3862,128.733333,0.498119,matched
4518,150.6,3864,128.8,0.483756,matched
4519,150.633333,3866,128.866667,0.510387,matched
4520,150.666667,3868,128.933333,0.537025,matched
4521,150.7,3870,129.0,0.563664,matched
4522,150.733333,3872,129.066667,0.590302,matched
4523,150.766667,3874,129.133333,0.616941,matched
4524,150.8,3876,129.2,0.64358,matched
4525,150.833333,3878,129.266667,0.62503,matched
4526,150.866667,3880,129.333333,0.606477,matched
4527,150.9,3882,129.4,0.587924,matched
4528,150.933333,3884,129.466667,0.569371,matched
4529,150.966667,3886,129.533333,0.550817,matched
4530,151.0,3888,129.6,0.532264,matched
4531,151.033333,3890,129.666667,0.556567,matched
4532,151.066667,3892,129.733333,0.580871,matched
4533,151.1,3894,129.8,0.605174,matched
4534,151.133333,3896,129.866667,0.629477,matched
4535,151.166667,3898,129.933333,0.653781,matched
4536,151.2,3900,130.0,0.678081,matched
4537,151.233333,3902,130.066667,0.662452,matched
4538,151.266667,3904,130.133333,0.646823,matched
4539,151.3,3906,130.2,0.631194,matched
4540,151.333333,3908,130.266667,0.615566,matched
4541,151.366667,3910,130.333333,0.599937,matched
4542,151.4,3912,130.4,0.584311,matched
4543,151.433333,3914,130.466667,0.58674,matched
4544,151.466667,3916,130.533333,0.589169,matched
4545,151.5,3918,130.6,0.591597,matched
4546,151.533333,3920,130.666667,0.594026,matched
4547,151.566667,3922,130.733333,0.596455,matched
4548,151.6,3924,130.8,0.598884,matched
4549,151.633333,3926,130.866667,0.587958,matched
4550,151.666667,3928,130.933333,0.57703,matched
4551,151.7,3930,131.0,0.566102,matched
4552,151.733333,3932,131.066667,0.555174,matched
4553,151.766667,3934,131.133333,0.544246,matched
4554,151.8,3936,131.2,0.533318,matched
4555,151.833333,3938,131.266667,0.459652,matched
4556,151.866667,3940,131.333333,0.38598,matched
4557,151.9,3942,131.4,0.312307,review
4558,151.933333,3944,131.466667,0.238635,review
4559,151.966667,3946,131.533333,0.164963,review
4560,152.0,3948,131.6,0.091291,review
4561,152.033333,3950,131.666667,0.170406,review
4562,152.066667,3952,131.733333,0.249522,review
4563,152.1,3954,131.8,0.328637,review
4564,152.133333,3956,131.866667,0.407753,matched
4565,152.166667,3958,131.933333,0.486868,matched
4566,152.2,3960,132.0,0.565976,matched
4567,152.233333,3962,132.066667,0.570051,matched
4568,152.266667,3964,132.133333,0.574126,matched
4569,152.3,3966,132.2,0.578201,matched
4570,152.333333,3968,132.266667,0.582276,matched
4571,152.366667,3970,132.333333,0.586351,matched
4572,152.4,3972,132.4,0.590424,matched
4573,152.433333,3974,132.466667,0.582215,matched
4574,152.466667,3976,132.533333,0.574006,matched
4575,152.5,3978,132.6,0.565797,matched
4576,152.533333,3980,132.666667,0.557588,matched
4577,152.566667,3982,132.733333,0.549379,matched
4578,152.6,3984,132.8,0.54117,matched
4579,152.633333,3986,132.866667,0.516419,matched
4580,152.666667,3988,132.933333,0.491665,matched
4581,152.7,3990,133.0,0.466911,matched
4582,152.733333,3992,133.066667,0.442157,matched
4583,152.766667,3994,133.133333,0.417402,matched
4584,152.8,3996,133.2,0.392648,matched
4585,152.833333,3998,133.266667,0.443868,matched
4586,152.866667,4000,133.333333,0.495094,matched
4587,152.9,4002,133.4,0.546321,matched
4588,152.933333,4004,133.466667,0.597547,matched
4589,152.966667,4006,133.533333,0.648774,matched
4590,153.0,4008,133.6,0.7,matched
4591,153.033333,4010,133.666667,0.655831,matched
4592,153.066667,4012,133.733333,0.611662,matched
4593,153.1,4014,133.8,0.567493,matched
4594,153.133333,4016,133.866667,0.523325,matched
4595,153.166667,4018,133.933333,0.479156,matched
4596,153.2,4020,134.0,0.434995,matched
4597,153.233333,4022,134.066667,0.479164,matched
4598,153.266667,4024,134.133333,0.523333,matched
4599,153.3,4026,134.2,0.567502,matched
4600,153.333333,4028,134.266667,0.61167,matched
4601,153.366667,4030,134.333333,0.655839,matched
4602,153.4,4032,134.4,0.699999,matched
4603,153.433333,4034,134.466667,0.692331,matched
4604,153.466667,4036,134.533333,0.684664,matched
4605,153.5,4038,134.6,0.676997,matched
4606,153.533333,4040,134.666667,0.66933,matched
4607,153.566667,4042,134.733333,0.661663,matched
4608,153.6,4044,134.8,0.653995,matched
4609,153.633333,4046,134.866667,0.647886,matched
4610,153.666667,4048,134.933333,0.641777,matched
4611,153.7,4050,135.0,0.635668,matched
4612,153.733333,4052,135.066667,0.629559,matched
4613,153.766667,4054,135.133333,0.62345,matched
4614,153.8,4056,135.2,0.617341,matched
4615,153.833333,4058,135.266667,0.590317,matched
4616,153.866667,4060,135.333333,0.563291,matched
4617,153.9,4062,135.4,0.536265,matched
4618,153.933333,4064,135.466667,0.509239,matched
4619,153.966667,4066,135.533333,0.482213,matched
4620,154.0,4068,135.6,0.455187,matched
4621,154.033333,4070,135.666667,0.472804,matched
4622,154.066667,4072,135.733333,0.490421,matched
4623,154.1,4074,135.8,0.508037,matched
4624,154.133333,4076,135.866667,0.525654,matched
4625,154.166667,4078,135.933333,0.543271,matched
4626,154.2,4080,136.0,0.560886,matched
4627,154.233333,4082,136.066667,0.565855,matched
4628,154.266667,4084,136.133333,0.570824,matched
4629,154.3,4086,136.2,0.575793,matched
4630,154.333333,4088,136.266667,0.580762,matched
4631,154.366667,4090,136.333333,0.585731,matched
4632,154.4,4092,136.4,0.590695,matched
4633,154.433333,4094,136.466667,0.569241,matched
4634,154.466667,4096,136.533333,0.547786,matched
4635,154.5,4098,136.6,0.526332,matched
4636,154.533333,4100,136.666667,0.504878,matched
4637,154.566667,4102,136.733333,0.483423,matched
4638,154.6,4104,136.8,0.461969,matched
4639,154.633333,4106,136.866667,0.456827,matched
4640,154.666667,4108,136.933333,0.451688,matched
4641,154.7,4110,137.0,0.446549,matched
4642,154.733333,4112,137.066667,0.44141,matched
4643,154.766667,4114,137.133333,0.436271,matched
4644,154.8,4116,137.2,0.431131,matched
4645,154.833333,4118,137.266667,0.445891,matched
4646,154.866667,4120,137.333333,0.460653,matched
4647,154.9,4122,137.4,0.475415,matched
4648,154.933333,4124,137.466667,0.490177,matched
4649,154.966667,4126,137.533333,0.504938,matched
4650,155.0,4128,137.6,0.5197,matched
4651,155.033333,4130,137.666667,0.520359,matched
4652,155.066667,4132,137.733333,0.521017,matched
4653,155.1,4134,137.8,0.521676,matched
4654,155.133333,4136,137.866667,0.522335,matched
4655,155.166667,4138,137.933333,0.522993,matched
4656,155.2,4140,138.0,0.523649,matched
4657,155.233333,4142,138.066667,0.492844,matched
4658,155.266667,4144,138.133333,0.462039,matched
4659,155.3,4146,138.2,0.431234,matched
4660,155.333333,4148,138.266667,0.400429,matched
4661,155.366667,4150,138.333333,0.369624,matched
4662,155.4,4152,138.4,0.338828,review
4663,155.433333,4154,138.466667,0.356673,matched
4664,155.466667,4156,138.533333,0.374517,matched
4665,155.5,4158,138.6,0.392361,matched
4666,155.533333,4160,138.666667,0.410206,matched
4667,155.566667,4162,138.733333,0.42805,matched
4668,155.6,4164,138.8,0.445895,matched
4669,155.633333,4166,138.866667,0.42968,matched
4670,155.666667,4168,138.933333,0.413458,matched
4671,155.7,4170,139.0,0.397237,matched
4672,155.733333,4172,139.066667,0.381016,matched
4673,155.766667,4174,139.133333,0.364795,matched
4674,155.8,4176,139.2,0.348573,review
4675,155.833333,4178,139.266667,0.387768,matched
4676,155.866667,4180,139.333333,0.426967,matched
4677,155.9,4182,139.4,0.466167,matched
4678,155.933333,4184,139.466667,0.505366,matched
4679,155.966667,4186,139.533333,0.544566,matched
4680,156.0,4188,139.6,0.583765,matched
4681,156.033333,4190,139.666667,0.542375,matched
4682,156.066667,4192,139.733333,0.500986,matched
4683,156.1,4194,139.8,0.459596,matched
4684,156.133333,4196,139.866667,0.418206,matched
4685,156.166667,4198,139.933333,0.376817,matched
4686,156.2,4200,140.0,0.335434,review
4687,156.233333,4202,140.066667,0.367242,matched
4688,156.266667,4204,140.133333,0.399051,matched
4689,156.3,4206,140.2,0.430859,matched
4690,156.333333,4208,140.266667,0.462667,matched
4691,156.366667,4210,140.333333,0.494476,matched
4692,156.4,4212,140.4,0.526283,matched
4693,156.433333,4214,140.466667,0.555235,matched
4694,156.466667,4216,140.533333,0.584187,matched
4695,156.5,4218,140.6,0.613139,matched
4696,156.533333,4220,140.666667,0.642091,matched
4697,156.566667,4222,140.733333,0.671043,matched
4698,156.6,4224,140.8,0.699995,matched
4699,156.633333,4226,140.866667,0.7,matched
4700,156.666667,4228,140.933333,0.7,matched
4701,156.7,4230,141.0,0.7,matched
4702,156.733333,4232,141.066667,0.7,matched
4703,156.766667,4234,141.133333,0.7,matched
4704,156.8,4236,141.2,0.7,matched
4705,156.833333,4238,141.266667,0.698217,matched
4706,156.866667,4240,141.333333,0.696434,matched
4707,156.9,4242,141.4,0.694651,matched
4708,156.933333,4244,141.466667,0.692867,matched
4709,156.966667,4246,141.533333,0.691084,matched
4710,157.0,4248,141.6,0.689301,matched
4711,157.033333,4250,141.666667,0.654705,matched
4712,157.066667,4252,141.733333,0.62011,matched
4713,157.1,4254,141.8,0.585514,matched
4714,157.133333,4256,141.866667,0.550918,matched
4715,157.166667,4258,141.933333,0.516323,matched
4716,157.2,4260,142.0,0.481733,matched
4717,157.233333,4262,142.066667,0.511183,matched
4718,157.266667,4264,142.133333,0.540633,matched
4719,157.3,4266,142.2,0.570083,matched
4720,157.333333,4268,142.266667,0.599532,matched
4721,157.366667,4270,142.333333,0.628982,matched
4722,157.4,4272,142.4,0.658428,matched
4723,157.433333,4274,142.466667,0.665357,matched
4724,157.466667,4276,142.533333,0.672285,matched
4725,157.5,4278,142.6,0.679213,matched
4726,157.533333,4280,142.666667,0.686142,matched
4727,157.566667,4282,142.733333,0.69307,matched
4728,157.6,4284,142.8,0.699999,matched
4729,157.633333,4286,142.866667,0.7,matched
4730,157.666667,4288,142.933333,0.7,matched
4731,157.7,4290,143.0,0.7,matched
4732,157.733333,4292,143.066667,0.7,matched
4733,157.766667,4294,143.133333,0.7,matched
4734,157.8,4296,143.2,0.7,matched
4735,157.833333,4298,143.266667,0.694099,matched
4736,157.866667,4300,143.333333,0.688197,matched
4737,157.9,4302,143.4,0.682296,matched
4738,157.933333,4304,143.466667,0.676394,matched
4739,157.966667,4306,143.533333,0.670493,matched
4740,158.0,4308,143.6,0.664591,matched
4741,158.033333,4310,143.666667,0.637428,matched
4742,158.066667,4312,143.733333,0.610264,matched
4743,158.1,4314,143.8,0.583101,matched
4744,158.133333,4316,143.866667,0.555937,matched
4745,158.166667,4318,143.933333,0.528774,matched
4746,158.2,4320,144.0,0.501616,matched
4747,158.233333,4322,144.066667,0.530365,matched
4748,158.266667,4324,144.133333,0.559115,matched
4749,158.3,4326,144.2,0.587864,matched
4750,158.333333,4328,144.266667,0.616613,matched
4751,158.366667,4330,144.333333,0.645363,matched
4752,158.4,4332,144.4,0.674108,matched
4753,158.433333,4334,144.466667,0.679769,matched
4754,158.466667,4336,144.533333,0.68543,matched
4755,158.5,4338,144.6,0.691091,matched
4756,158.533333,4340,144.666667,0.696752,matched
4757,158.566667,4342,144.733333,0.702413,matched
4758,158.6,4344,144.8,0.708074,matched
4759,158.633333,4346,144.866667,0.706729,matched
4760,158.666667,4348,144.933333,0.705384,matched
4761,158.7,4350,145.0,0.704038,matched
4762,158.733333,4352,145.066667,0.702692,matched
4763,158.766667,4354,145.133333,0.701346,matched
4764,158.8,4356,145.2,0.7,matched
4765,158.833333,4358,145.266667,0.70803,matched
4766,158.866667,4360,145.333333,0.716061,matched
4767,158.9,4362,145.4,0.724091,matched
4768,158.933333,4364,145.466667,0.732122,matched
4769,158.966667,4366,145.533333,0.740152,matched
4770,159.0,4368,145.6,0.748183,matched
4771,159.033333,4370,145.666667,0.740152,matched
4772,159.066667,4372,145.733333,0.732122,matched
4773,159.1,4374,145.8,0.724091,matched
4774,159.133333,4376,145.866667,0.716061,matched
4775,159.166667,4378,145.933333,0.70803,matched
4776,159.2,4380,146.0,0.7,matched
4777,159.233333,4382,146.066667,0.7,matched
4778,159.266667,4384,146.133333,0.7,matched
4779,159.3,4386,146.2,0.7,matched
4780,159.333333,4388,146.266667,0.7,matched
4781,159.366667,4390,146.333333,0.7,matched
4782,159.4,4392,146.4,0.7,matched
4783,159.433333,4394,146.466667,0.7,matched
4784,159.466667,4396,146.533333,0.7,matched
4785,159.5,4398,146.6,0.7,matched
4786,159.533333,4400,146.666667,0.7,matched
4787,159.566667,4402,146.733333,0.7,matched
4788,159.6,4404,146.8,0.7,matched
4789,159.633333,4406,146.866667,0.7,matched
4790,159.666667,4408,146.933333,0.7,matched
4791,159.7,4410,147.0,0.7,matched
4792,159.733333,4412,147.066667,0.7,matched
4793,159.766667,4414,147.133333,0.7,matched
4794,159.8,4416,147.2,0.7,matched
4795,159.833333,4418,147.266667,0.7,matched
4796,159.866667,4420,147.333333,0.7,matched
4797,159.9,4422,147.4,0.7,matched
4798,159.933333,4424,147.466667,0.7,matched
4799,159.966667,4426,147.533333,0.7,matched
4800,160.0,4428,147.6,0.7,matched
4801,160.033333,4430,147.666667,0.7,matched
4802,160.066667,4432,147.733333,0.7,matched
4803,160.1,4434,147.8,0.7,matched
4804,160.133333,4436,147.866667,0.7,matched
4805,160.166667,4438,147.933333,0.7,matched
4806,160.2,4440,148.0,0.7,matched
4807,160.233333,4442,148.066667,0.7,matched
4808,160.266667,4444,148.133333,0.7,matched
4809,160.3,4446,148.2,0.7,matched
4810,160.333333,4448,148.266667,0.7,matched
4811,160.366667,4450,148.333333,0.7,matched
4812,160.4,4452,148.4,0.7,matched
4813,160.433333,4454,148.466667,0.7,matched
4814,160.466667,4456,148.533333,0.7,matched
4815,160.5,4458,148.6,0.7,matched
4816,160.533333,4460,148.666667,0.7,matched
4817,160.566667,4462,148.733333,0.7,matched
4818,160.6,4464,148.8,0.7,matched
4819,160.633333,4466,148.866667,0.7,matched
4820,160.666667,4468,148.933333,0.7,matched
4821,160.7,4470,149.0,0.7,matched
4822,160.733333,4472,149.066667,0.7,matched
4823,160.766667,4474,149.133333,0.7,matched
4824,160.8,4476,149.2,0.7,matched
4825,160.833333,4478,149.266667,0.7,matched
4826,160.866667,4480,149.333333,0.7,matched
4827,160.9,4482,149.4,0.7,matched
4828,160.933333,4484,149.466667,0.7,matched
4829,160.966667,4486,149.533333,0.7,matched
4830,161.0,4488,149.6,0.7,matched
4831,161.033333,4490,149.666667,0.7,matched
4832,161.066667,4492,149.733333,0.7,matched
4833,161.1,4494,149.8,0.7,matched
4834,161.133333,4496,149.866667,0.7,matched
4835,161.166667,4498,149.933333,0.7,matched
4836,161.2,4500,150.0,0.7,matched
4837,161.233333,4502,150.066667,0.7,matched
4838,161.266667,4504,150.133333,0.7,matched
4839,161.3,4506,150.2,0.7,matched
4840,161.333333,4508,150.266667,0.7,matched
4841,161.366667,4510,150.333333,0.7,matched
4842,161.4,4512,150.4,0.7,matched
4843,161.433333,4514,150.466667,0.7,matched
4844,161.466667,4516,150.533333,0.7,matched
4845,161.5,4518,150.6,0.7,matched
4846,161.533333,4520,150.666667,0.7,matched
4847,161.566667,4522,150.733333,0.7,matched
4848,161.6,4524,150.8,0.7,matched
4849,161.633333,4526,150.866667,0.7,matched
4850,161.666667,4528,150.933333,0.7,matched
4851,161.7,4530,151.0,0.7,matched
4852,161.733333,4532,151.066667,0.7,matched
4853,161.766667,4534,151.133333,0.7,matched
4854,161.8,4536,151.2,0.7,matched
4855,161.833333,4538,151.266667,0.7,matched
4856,161.866667,4540,151.333333,0.7,matched
4857,161.9,4542,151.4,0.7,matched
4858,161.933333,4544,151.466667,0.7,matched
4859,161.966667,4546,151.533333,0.7,matched
4860,162.0,4548,151.6,0.7,matched
4861,162.033333,4550,151.666667,0.7,matched
4862,162.066667,4552,151.733333,0.7,matched
4863,162.1,4554,151.8,0.7,matched
4864,162.133333,4556,151.866667,0.7,matched
4865,162.166667,4558,151.933333,0.7,matched
4866,162.2,4560,152.0,0.7,matched
4867,162.233333,4562,152.066667,0.7,matched
4868,162.266667,4564,152.133333,0.7,matched
4869,162.3,4566,152.2,0.7,matched
4870,162.333333,4568,152.266667,0.7,matched
4871,162.366667,4570,152.333333,0.7,matched
4872,162.4,4572,152.4,0.7,matched
4873,162.433333,4574,152.466667,0.7,matched
4874,162.466667,4576,152.533333,0.7,matched
4875,162.5,4578,152.6,0.7,matched
4876,162.533333,4580,152.666667,0.7,matched
4877,162.566667,4582,152.733333,0.7,matched
4878,162.6,4584,152.8,0.7,matched
4879,162.633333,4586,152.866667,0.7,matched
4880,162.666667,4588,152.933333,0.7,matched
4881,162.7,4590,153.0,0.7,matched
4882,162.733333,4592,153.066667,0.7,matched
4883,162.766667,4594,153.133333,0.7,matched
4884,162.8,4596,153.2,0.7,matched
4885,162.833333,4598,153.266667,0.7,matched
4886,162.866667,4600,153.333333,0.7,matched
4887,162.9,4602,153.4,0.7,matched
4888,162.933333,4604,153.466667,0.7,matched
4889,162.966667,4606,153.533333,0.7,matched
4890,163.0,4608,153.6,0.7,matched
4891,163.033333,4610,153.666667,0.7,matched
4892,163.066667,4612,153.733333,0.7,matched
4893,163.1,4614,153.8,0.7,matched
4894,163.133333,4616,153.866667,0.7,matched
4895,163.166667,4618,153.933333,0.7,matched
4896,163.2,4620,154.0,0.7,matched
4897,163.233333,4622,154.066667,0.7,matched
4898,163.266667,4624,154.133333,0.7,matched
4899,163.3,4626,154.2,0.7,matched
4900,163.333333,4628,154.266667,0.7,matched
4901,163.366667,4630,154.333333,0.7,matched
4902,163.4,4632,154.4,0.7,matched
4903,163.433333,4634,154.466667,0.7,matched
4904,163.466667,4636,154.533333,0.7,matched
4905,163.5,4638,154.6,0.7,matched
4906,163.533333,4640,154.666667,0.7,matched
4907,163.566667,4642,154.733333,0.7,matched
4908,163.6,4644,154.8,0.7,matched
4909,163.633333,4646,154.866667,0.7,matched
4910,163.666667,4648,154.933333,0.7,matched
4911,163.7,4650,155.0,0.7,matched
4912,163.733333,4652,155.066667,0.7,matched
4913,163.766667,4654,155.133333,0.7,matched
4914,163.8,4656,155.2,0.7,matched
4915,163.833333,4658,155.266667,0.657336,matched
4916,163.866667,4660,155.333333,0.614668,matched
4917,163.9,4662,155.4,0.572,matched
4918,163.933333,4664,155.466667,0.529333,matched
4919,163.966667,4666,155.533333,0.486665,matched
4920,164.0,4668,155.6,0.443997,matched
4921,164.033333,4670,155.666667,0.411981,matched
4922,164.066667,4672,155.733333,0.379964,matched
4923,164.1,4674,155.8,0.347948,review
4924,164.133333,4676,155.866667,0.315932,review
4925,164.166667,4678,155.933333,0.283915,review
4926,164.2,4680,156.0,0.251909,review
4927,164.233333,4682,156.066667,0.329228,review
4928,164.266667,4684,156.133333,0.406546,matched
4929,164.3,4686,156.2,0.483865,matched
4930,164.333333,4688,156.266667,0.561184,matched
4931,164.366667,4690,156.333333,0.638502,matched
4932,164.4,4692,156.4,0.715796,matched
4933,164.433333,4694,156.466667,0.653758,matched
4934,164.466667,4696,156.533333,0.59172,matched
4935,164.5,4698,156.6,0.529683,matched
4936,164.533333,4700,156.666667,0.467645,matched
4937,164.566667,4702,156.733333,0.405607,matched
4938,164.6,4704,156.8,0.343569,review
4939,164.633333,4706,156.866667,0.286308,review
4940,164.666667,4708,156.933333,0.229047,review
4941,164.7,4710,157.0,0.171787,review
4942,164.733333,4712,157.066667,0.114526,review
4943,164.766667,4714,157.133333,0.057266,review
4944,164.8,4716,157.2,5e-06,review
4945,164.833333,4718,157.266667,0.095619,review
4946,164.866667,4720,157.333333,0.191246,review
4947,164.9,4722,157.4,0.286874,review
4948,164.933333,4724,157.466667,0.382502,matched
4949,164.966667,4726,157.533333,0.478129,matched
4950,165.0,4728,157.6,0.573757,matched
4951,165.033333,4730,157.666667,0.562409,matched
4952,165.066667,4732,157.733333,0.55106,matched
4953,165.1,4734,157.8,0.539712,matched
4954,165.133333,4736,157.866667,0.528364,matched
4955,165.166667,4738,157.933333,0.517015,matched
4956,165.2,4740,158.0,0.505669,matched
4957,165.233333,4742,158.066667,0.511671,matched
4958,165.266667,4744,158.133333,0.517674,matched
4959,165.3,4746,158.2,0.523677,matched
4960,165.333333,4748,158.266667,0.52968,matched
4961,165.366667,4750,158.333333,0.535682,matched
4962,165.4,4752,158.4,0.54167,matched
4963,165.433333,4754,158.466667,0.463815,matched
4964,165.466667,4756,158.533333,0.385961,matched
4965,165.5,4758,158.6,0.308106,review
4966,165.533333,4760,158.666667,0.230251,review
4967,165.566667,4762,158.733333,0.152397,review
4968,165.6,4764,158.8,0.074542,review
4969,165.633333,4764,158.8,0.068318,review
4970,165.666667,4765,158.833333,0.062108,review
4971,165.7,4766,158.866667,0.055897,review
4972,165.733333,4766,158.866667,0.049686,review
4973,165.766667,4766,158.866667,0.043475,review
4974,165.8,4767,158.9,0.037265,review
4975,165.833333,4768,158.933333,0.031054,review
4976,165.866667,4768,158.933333,0.024843,review
4977,165.9,4768,158.933333,0.018632,review
4978,165.933333,4769,158.966667,0.012422,review
4979,165.966667,4770,159.0,0.006211,review
4980,166.0,4770,159.0,0.0,review
4981,166.033333,4772,159.066667,0.0,review
4982,166.066667,4774,159.133333,0.0,review
4983,166.1,4776,159.2,0.0,review
4984,166.133333,4778,159.266667,0.0,review
4985,166.166667,4780,159.333333,0.0,review
4986,166.2,4782,159.4,0.0,review
4987,166.233333,4782,159.4,0.0,review
4988,166.266667,4783,159.433333,0.0,review
4989,166.3,4783,159.433333,0.0,review
4990,166.333333,4784,159.466667,0.0,review
4991,166.366667,4784,159.466667,0.0,review
4992,166.4,4785,159.5,0.0,review
4993,166.433333,4785,159.5,0.0,review
4994,166.466667,4786,159.533333,0.0,review
4995,166.5,4787,159.566667,0.0,review
4996,166.533333,4787,159.566667,0.0,review
4997,166.566667,4788,159.6,0.0,review
4998,166.6,4788,159.6,0.0,review
4999,166.633333,4790,159.666667,0.0,review
5000,166.666667,4792,159.733333,0.0,review
5001,166.7,4794,159.8,0.0,review
5002,166.733333,4796,159.866667,0.0,review
5003,166.766667,4798,159.933333,0.0,review
5004,166.8,4800,160.0,0.0,review
5005,166.833333,4800,160.0,0.0,review
5006,166.866667,4801,160.033333,0.0,review
5007,166.9,4801,160.033333,0.0,review
5008,166.933333,4802,160.066667,0.0,review
5009,166.966667,4802,160.066667,0.0,review
5010,167.0,4803,160.1,0.0,review
5011,167.033333,4803,160.1,0.0,review
5012,167.066667,4804,160.133333,0.0,review
5013,167.1,4804,160.133333,0.0,review
5014,167.133333,4805,160.166667,0.0,review
5015,167.166667,4805,160.166667,0.0,review
5016,167.2,4806,160.2,0.0,review
5017,167.233333,4806,160.2,0.0,review
5018,167.266667,4807,160.233333,0.0,review
5019,167.3,4807,160.233333,0.0,review
5020,167.333333,4808,160.266667,0.0,review
5021,167.366667,4808,160.266667,0.0,review
5022,167.4,4809,160.3,0.0,review
5023,167.433333,4809,160.3,0.0,review
5024,167.466667,4810,160.333333,0.0,review
5025,167.5,4810,160.333333,0.0,review
5026,167.533333,4811,160.366667,0.0,review
5027,167.566667,4811,160.366667,0.0,review
5028,167.6,4812,160.4,0.0,review
5029,167.633333,4814,160.466667,0.0,review
5030,167.666667,4816,160.533333,0.0,review
5031,167.7,4818,160.6,0.0,review
5032,167.733333,4820,160.666667,0.0,review
5033,167.766667,4822,160.733333,0.0,review
5034,167.8,4824,160.8,0.0,review
5035,167.833333,4826,160.866667,0.0,review
5036,167.866667,4828,160.933333,0.0,review
5037,167.9,4830,161.0,0.0,review
5038,167.933333,4832,161.066667,0.0,review
5039,167.966667,4834,161.133333,0.0,review
5040,168.0,4836,161.2,0.0,review
5041,168.033333,4838,161.266667,0.0,review
5042,168.066667,4840,161.333333,0.0,review
5043,168.1,4842,161.4,0.0,review
5044,168.133333,4844,161.466667,0.0,review
5045,168.166667,4846,161.533333,0.0,review
5046,168.2,4848,161.6,0.0,review
5047,168.233333,4849,161.633333,0.0,review
5048,168.266667,4849,161.633333,0.0,review
5049,168.3,4850,161.666667,0.0,review
5050,168.333333,4850,161.666667,0.0,review
5051,168.366667,4851,161.7,0.0,review
5052,168.4,4851,161.7,0.0,review
5053,168.433333,4852,161.733333,0.0,review
5054,168.466667,4852,161.733333,0.0,review
5055,168.5,4853,161.766667,0.0,review
5056,168.533333,4853,161.766667,0.0,review
5057,168.566667,4854,161.8,0.0,review
5058,168.6,4854,161.8,0.0,review
5059,168.633333,4854,161.8,0.0,review
5060,168.666667,4855,161.833333,0.0,review
5061,168.7,4856,161.866667,0.0,review
5062,168.733333,4856,161.866667,0.0,review
5063,168.766667,4856,161.866667,0.0,review
5064,168.8,4857,161.9,0.0,review
5065,168.833333,4858,161.933333,0.0,review
5066,168.866667,4858,161.933333,0.0,review
5067,168.9,4858,161.933333,0.0,review
5068,168.933333,4859,161.966667,0.0,review
5069,168.966667,4860,162.0,0.0,review
5070,169.0,4860,162.0,0.0,review
5071,169.033333,4862,162.066667,0.0,review
5072,169.066667,4864,162.133333,0.0,review
5073,169.1,4866,162.2,0.0,review
5074,169.133333,4868,162.266667,0.0,review
5075,169.166667,4870,162.333333,0.0,review
5076,169.2,4872,162.4,1e-06,review
5077,169.233333,4874,162.466667,0.015031,review
5078,169.266667,4876,162.533333,0.03006,review
5079,169.3,4878,162.6,0.04509,review
5080,169.333333,4880,162.666667,0.060119,review
5081,169.366667,4882,162.733333,0.075148,review
5082,169.4,4884,162.8,0.090175,review
5083,169.433333,4886,162.866667,0.09059,review
5084,169.466667,4888,162.933333,0.091005,review
5085,169.5,4890,163.0,0.091421,review
5086,169.533333,4892,163.066667,0.091836,review
5087,169.566667,4894,163.133333,0.092251,review
5088,169.6,4896,163.2,0.092666,review
5089,169.633333,4898,163.266667,0.103947,review
5090,169.666667,4900,163.333333,0.11523,review
5091,169.7,4902,163.4,0.126512,review
5092,169.733333,4904,163.466667,0.137795,review
5093,169.766667,4906,163.533333,0.149078,review
5094,169.8,4908,163.6,0.160361,review
5095,169.833333,4910,163.666667,0.133637,review
5096,169.866667,4912,163.733333,0.10691,review
5097,169.9,4914,163.8,0.080182,review
5098,169.933333,4916,163.866667,0.053455,review
5099,169.966667,4918,163.933333,0.026727,review
5100,170.0,4920,164.0,0.0,review
5101,170.033333,4922,164.066667,0.011322,review
5102,170.066667,4924,164.133333,0.022643,review
5103,170.1,4926,164.2,0.033965,review
5104,170.133333,4928,164.266667,0.045286,review
5105,170.166667,4930,164.333333,0.056608,review
5106,170.2,4932,164.4,0.067931,review
5107,170.233333,4934,164.466667,0.105054,review
5108,170.266667,4936,164.533333,0.142177,review
5109,170.3,4938,164.6,0.179299,review
5110,170.333333,4940,164.666667,0.216422,review
5111,170.366667,4942,164.733333,0.253544,review
5112,170.4,4944,164.8,0.290664,review
5113,170.433333,4946,164.866667,0.312643,review
5114,170.466667,4948,164.933333,0.334622,review
5115,170.5,4950,165.0,0.356601,matched
5116,170.533333,4952,165.066667,0.378581,matched
5117,170.566667,4954,165.133333,0.40056,matched
5118,170.6,4956,165.2,0.422539,matched
5119,170.633333,4956,165.2,0.414321,matched
5120,170.666667,4957,165.233333,0.406097,matched
5121,170.7,4957,165.233333,0.397873,matched
5122,170.733333,4958,165.266667,0.389649,matched
5123,170.766667,4958,165.266667,0.381426,matched
5124,170.8,4959,165.3,0.373202,matched
5125,170.833333,4959,165.3,0.364978,matched
5126,170.866667,4960,165.333333,0.356754,matched
5127,170.9,4960,165.333333,0.34853,review
5128,170.933333,4961,165.366667,0.340307,review
5129,170.966667,4961,165.366667,0.332083,review
5130,171.0,4962,165.4,0.323859,review
5131,171.033333,4964,165.466667,0.325546,review
5132,171.066667,4966,165.533333,0.327233,review
5133,171.1,4968,165.6,0.328921,review
5134,171.133333,4970,165.666667,0.330608,review
5135,171.166667,4972,165.733333,0.332295,review
5136,171.2,4974,165.8,0.333982,review
5137,171.233333,4976,165.866667,0.336193,review
5138,171.266667,4978,165.933333,0.338404,review
5139,171.3,4980,166.0,0.340615,review
5140,171.333333,4982,166.066667,0.342826,review
5141,171.366667,4984,166.133333,0.345037,review
5142,171.4,4986,166.2,0.347248,review
5143,171.433333,4986,166.2,0.354726,matched
5144,171.466667,4987,166.233333,0.362204,matched
5145,171.5,4987,166.233333,0.369681,matched
5146,171.533333,4988,166.266667,0.377159,matched
5147,171.566667,4988,166.266667,0.384636,matched
5148,171.6,4989,166.3,0.392114,matched
5149,171.633333,4989,166.3,0.399591,matched
5150,171.666667,4990,166.333333,0.407069,matched
5151,171.7,4990,166.333333,0.414547,matched
5152,171.733333,4991,166.366667,0.422024,matched
5153,171.766667,4991,166.366667,0.429502,matched
5154,171.8,4992,166.4,0.436979,matched
5155,171.833333,4994,166.466667,0.452313,matched
5156,171.866667,4996,166.533333,0.467648,matched
5157,171.9,4998,166.6,0.482982,matched
5158,171.933333,5000,166.666667,0.498317,matched
5159,171.966667,5002,166.733333,0.513651,matched
5160,172.0,5004,166.8,0.528986,matched
5161,172.033333,5005,166.833333,0.507288,matched
5162,172.066667,5005,166.833333,0.48559,matched
5163,172.1,5006,166.866667,0.463891,matched
5164,172.133333,5006,166.866667,0.442193,matched
5165,172.166667,5007,166.9,0.420495,matched
5166,172.2,5007,166.9,0.398797,matched
5167,172.233333,5008,166.933333,0.377099,matched
5168,172.266667,5008,166.933333,0.355401,matched
5169,172.3,5009,166.966667,0.333703,review
5170,172.333333,5009,166.966667,0.312004,review
5171,172.366667,5010,167.0,0.290306,review
5172,172.4,5010,167.0,0.268614,review
5173,172.433333,5011,167.033333,0.278416,review
5174,172.466667,5011,167.033333,0.288218,review
5175,172.5,5012,167.066667,0.298021,review
5176,172.533333,5012,167.066667,0.307823,review
5177,172.566667,5012,167.066667,0.317625,review
5178,172.6,5013,167.1,0.327427,review
5179,172.633333,5013,167.1,0.33723,review
5180,172.666667,5014,167.133333,0.347032,review
5181,172.7,5014,167.133333,0.356834,matched
5182,172.733333,5015,167.166667,0.366637,matched
5183,172.766667,5015,167.166667,0.376439,matched
5184,172.8,5016,167.2,0.386241,matched
5185,172.833333,5017,167.233333,0.333925,review
5186,172.866667,5018,167.266667,0.281604,review
5187,172.9,5019,167.3,0.229282,review
5188,172.933333,5020,167.333333,0.17696,review
5189,172.966667,5021,167.366667,0.124639,review
5190,173.0,5022,167.4,0.072317,review
5191,173.033333,5022,167.4,0.102662,review
5192,173.066667,5023,167.433333,0.133008,review
5193,173.1,5023,167.433333,0.163353,review
5194,173.133333,5024,167.466667,0.193699,review
5195,173.166667,5025,167.5,0.224044,review
5196,173.2,5025,167.5,0.25439,review
5197,173.233333,5026,167.533333,0.284735,review
5198,173.266667,5026,167.533333,0.315081,review
5199,173.3,5027,167.566667,0.345426,review
5200,173.333333,5027,167.566667,0.375772,matched
5201,173.366667,5028,167.6,0.406117,matched
5202,173.4,5028,167.6,0.436453,matched
5203,173.433333,5029,167.633333,0.41511,matched
5204,173.466667,5029,167.633333,0.393767,matched
5205,173.5,5030,167.666667,0.372424,matched
5206,173.533333,5030,167.666667,0.351081,matched
5207,173.566667,5031,167.7,0.329738,review
5208,173.6,5031,167.7,0.308396,review
5209,173.633333,5032,167.733333,0.287053,review
5210,173.666667,5032,167.733333,0.26571,review
5211,173.7,5033,167.766667,0.244367,review
5212,173.733333,5033,167.766667,0.223024,review
5213,173.766667,5034,167.8,0.201681,review
5214,173.8,5034,167.8,0.180338,review
5215,173.833333,5035,167.833333,0.198975,review
5216,173.866667,5035,167.833333,0.217617,review
5217,173.9,5036,167.866667,0.236258,review
5218,173.933333,5036,167.866667,0.254899,review
5219,173.966667,5037,167.9,0.27354,review
5220,174.0,5037,167.9,0.292181,review
5221,174.033333,5038,167.933333,0.310822,review
5222,174.066667,5038,167.933333,0.329463,review
5223,174.1,5039,167.966667,0.348104,review
5224,174.133333,5039,167.966667,0.366745,matched
5225,174.166667,5040,168.0,0.385387,matched
5226,174.2,5040,168.0,0.404024,matched
5227,174.233333,5041,168.033333,0.383959,matched
5228,174.266667,5041,168.033333,0.363895,matched
5229,174.3,5041,168.033333,0.34383,review
5230,174.333333,5042,168.066667,0.323765,review
5231,174.366667,5042,168.066667,0.303701,review
5232,174.4,5043,168.1,0.283636,review
5233,174.433333,5043,168.1,0.263571,review
5234,174.466667,5044,168.133333,0.243507,review
5235,174.5,5044,168.133333,0.223442,review
5236,174.533333,5045,168.166667,0.203377,review
5237,174.566667,5045,168.166667,0.183312,review
5238,174.6,5046,168.2,0.163248,review
5239,174.633333,5046,168.2,0.184542,review
5240,174.666667,5047,168.233333,0.205843,review
5241,174.7,5047,168.233333,0.227145,review
5242,174.733333,5048,168.266667,0.248446,review
5243,174.766667,5048,168.266667,0.269748,review
5244,174.8,5049,168.3,0.29105,review
5245,174.833333,5049,168.3,0.312351,review
5246,174.866667,5050,168.333333,0.333653,review
5247,174.9,5050,168.333333,0.354954,matched
5248,174.933333,5051,168.366667,0.376256,matched
5249,174.966667,5051,168.366667,0.397557,matched
5250,175.0,5052,168.4,0.418859,matched
5251,175.033333,5052,168.4,0.40646,matched
5252,175.066667,5053,168.433333,0.394061,matched
5253,175.1,5053,168.433333,0.381661,matched
5254,175.133333,5054,168.466667,0.369262,matched
5255,175.166667,5055,168.5,0.356863,matched
5256,175.2,5055,168.5,0.344464,review
5257,175.233333,5056,168.533333,0.332065,review
5258,175.266667,5056,168.533333,0.319665,review
5259,175.3,5057,168.566667,0.307266,review
5260,175.333333,5057,168.566667,0.294867,review
5261,175.366667,5058,168.6,0.282468,review
5262,175.4,5058,168.6,0.27007,review
5263,175.433333,5059,168.633333,0.266865,review
5264,175.466667,5059,168.633333,0.263659,review
5265,175.5,5060,168.666667,0.260453,review
5266,175.533333,5060,168.666667,0.257247,review
5267,175.566667,5061,168.7,0.254042,review
5268,175.6,5061,168.7,0.250836,review
5269,175.633333,5062,168.733333,0.24763,review
5270,175.666667,5062,168.733333,0.244424,review
5271,175.7,5063,168.766667,0.241219,review
5272,175.733333,5063,168.766667,0.238013,review
5273,175.766667,5064,168.8,0.234807,review
5274,175.8,5064,168.8,0.231601,review
5275,175.833333,5065,168.833333,0.237759,review
5276,175.866667,5065,168.833333,0.243917,review
5277,175.9,5066,168.866667,0.250075,review
5278,175.933333,5066,168.866667,0.256234,review
5279,175.966667,5067,168.9,0.262392,review
5280,176.0,5067,168.9,0.268551,review
5281,176.033333,5068,168.933333,0.274709,review
5282,176.066667,5068,168.933333,0.280867,review
5283,176.1,5069,168.966667,0.287026,review
5284,176.133333,5069,168.966667,0.293184,review
5285,176.166667,5070,169.0,0.299342,review
5286,176.2,5070,169.0,0.3055,review
5287,176.233333,5071,169.033333,0.303615,review
5288,176.266667,5071,169.033333,0.30173,review
5289,176.3,5071,169.033333,0.299845,review
5290,176.333333,5072,169.066667,0.29796,review
5291,176.366667,5072,169.066667,0.296075,review
5292,176.4,5073,169.1,0.294191,review
5293,176.433333,5073,169.1,0.292306,review
5294,176.466667,5074,169.133333,0.290421,review
5295,176.5,5074,169.133333,0.288536,review
5296,176.533333,5075,169.166667,0.286651,review
5297,176.566667,5075,169.166667,0.284766,review
5298,176.6,5076,169.2,0.282881,review
5299,176.633333,5078,169.266667,0.280716,review
5300,176.666667,5080,169.333333,0.27855,review
5301,176.7,5082,169.4,0.276384,review
5302,176.733333,5084,169.466667,0.274219,review
5303,176.766667,5086,169.533333,0.272053,review
5304,176.8,5088,169.6,0.269887,review
5305,176.833333,5089,169.633333,0.271543,review
5306,176.866667,5089,169.633333,0.273199,review
5307,176.9,5090,169.666667,0.274855,review
5308,176.933333,5090,169.666667,0.276511,review
5309,176.966667,5091,169.7,0.278167,review
5310,177.0,5091,169.7,0.279823,review
5311,177.033333,5092,169.733333,0.28148,review
5312,177.066667,5092,169.733333,0.283136,review
5313,177.1,5093,169.766667,0.284792,review
5314,177.133333,5093,169.766667,0.286448,review
5315,177.166667,5094,169.8,0.288104,review
5316,177.2,5094,169.8,0.28976,review
5317,177.233333,5095,169.833333,0.293158,review
5318,177.266667,5095,169.833333,0.296556,review
5319,177.3,5096,169.866667,0.299954,review
5320,177.333333,5096,169.866667,0.303352,review
5321,177.366667,5097,169.9,0.306749,review
5322,177.4,5097,169.9,0.310147,review
5323,177.433333,5098,169.933333,0.313545,review
5324,177.466667,5098,169.933333,0.316943,review
5325,177.5,5098,169.933333,0.320341,review
5326,177.533333,5099,169.966667,0.323739,review
5327,177.566667,5099,169.966667,0.327137,review
5328,177.6,5100,170.0,0.330534,review
5329,177.633333,5102,170.066667,0.335659,review
5330,177.666667,5104,170.133333,0.340784,review
5331,177.7,5106,170.2,0.345908,review
5332,177.733333,5108,170.266667,0.351033,matched
5333,177.766667,5110,170.333333,0.356158,matched
5334,177.8,5112,170.4,0.361283,matched
5335,177.833333,5114,170.466667,0.374669,matched
5336,177.866667,5116,170.533333,0.388056,matched
5337,177.9,5118,170.6,0.401442,matched
5338,177.933333,5120,170.666667,0.414829,matched
5339,177.966667,5122,170.733333,0.428216,matched
5340,178.0,5124,170.8,0.441603,matched
5341,178.033333,5125,170.833333,0.416872,matched
5342,178.066667,5125,170.833333,0.392141,matched
5343,178.1,5126,170.866667,0.36741,matched
5344,178.133333,5126,170.866667,0.342678,review
5345,178.166667,5127,170.9,0.317947,review
5346,178.2,5127,170.9,0.293216,review
5347,178.233333,5128,170.933333,0.268485,review
5348,178.266667,5128,170.933333,0.243754,review
5349,178.3,5129,170.966667,0.219023,review
5350,178.333333,5129,170.966667,0.194292,review
5351,178.366667,5130,171.0,0.169561,review
5352,178.4,5130,171.0,0.144839,review
5353,178.433333,5131,171.033333,0.171281,review
5354,178.466667,5131,171.033333,0.197723,review
5355,178.5,5132,171.066667,0.224166,review
5356,178.533333,5132,171.066667,0.250608,review
5357,178.566667,5132,171.066667,0.27705,review
5358,178.6,5133,171.1,0.303493,review
5359,178.633333,5133,171.1,0.329935,review
5360,178.666667,5134,171.133333,0.356377,matched
5361,178.7,5134,171.133333,0.38282,matched
5362,178.733333,5135,171.166667,0.409262,matched
5363,178.766667,5135,171.166667,0.435704,matched
5364,178.8,5136,171.2,0.462147,matched
5365,178.833333,5136,171.2,0.454097,matched
5366,178.866667,5137,171.233333,0.446044,matched
5367,178.9,5137,171.233333,0.437991,matched
5368,178.933333,5138,171.266667,0.429938,matched
5369,178.966667,5138,171.266667,0.421885,matched
5370,179.0,5139,171.3,0.413832,matched
5371,179.033333,5139,171.3,0.405778,matched
5372,179.066667,5140,171.333333,0.397725,matched
5373,179.1,5140,171.333333,0.389672,matched
5374,179.133333,5141,171.366667,0.381619,matched
5375,179.166667,5141,171.366667,0.373566,matched
5376,179.2,5142,171.4,0.365514,matched
5377,179.233333,5142,171.4,0.36123,matched
5378,179.266667,5143,171.433333,0.356947,matched
5379,179.3,5143,171.433333,0.352663,matched
5380,179.333333,5144,171.466667,0.34838,review
5381,179.366667,5144,171.466667,0.344096,review
5382,179.4,5145,171.5,0.339813,review
5383,179.433333,5145,171.5,0.335529,review
5384,179.466667,5146,171.533333,0.331246,review
5385,179.5,5147,171.566667,0.326962,review
5386,179.533333,5147,171.566667,0.322679,review
5387,179.566667,5148,171.6,0.318395,review
5388,179.6,5148,171.6,0.314112,review
5389,179.633333,5150,171.666667,0.314452,review
5390,179.666667,5152,171.733333,0.314793,review
5391,179.7,5154,171.8,0.315134,review
5392,179.733333,5156,171.866667,0.315475,review
5393,179.766667,5158,171.933333,0.315816,review
5394,179.8,5160,172.0,0.316157,review
5395,179.833333,5160,172.0,0.311679,review
5396,179.866667,5161,172.033333,0.307201,review
5397,179.9,5161,172.033333,0.302722,review
5398,179.933333,5162,172.066667,0.298244,review
5399,179.966667,5162,172.066667,0.293766,review
5400,180.0,5163,172.1,0.289288,review
5401,180.033333,5163,172.1,0.284809,review
5402,180.066667,5164,172.133333,0.280331,review
5403,180.1,5164,172.133333,0.275853,review
5404,180.133333,5165,172.166667,0.271374,review
5405,180.166667,5165,172.166667,0.266896,review
5406,180.2,5166,172.2,0.262419,review
5407,180.233333,5166,172.2,0.272032,review
5408,180.266667,5167,172.233333,0.281646,review
5409,180.3,5167,172.233333,0.291259,review
5410,180.333333,5168,172.266667,0.300872,review
5411,180.366667,5168,172.266667,0.310486,review
5412,180.4,5169,172.3,0.320099,review
5413,180.433333,5169,172.3,0.329712,review
5414,180.466667,5170,172.333333,0.339326,review
5415,180.5,5170,172.333333,0.348939,review
5416,180.533333,5171,172.366667,0.358553,matched
5417,180.566667,5171,172.366667,0.368166,matched
5418,180.6,5172,172.4,0.377779,matched
5419,180.633333,5174,172.466667,0.33814,review
5420,180.666667,5176,172.533333,0.298491,review
5421,180.7,5178,172.6,0.258842,review
5422,180.733333,5180,172.666667,0.219194,review
5423,180.766667,5182,172.733333,0.179545,review
5424,180.8,5184,172.8,0.139897,review
5425,180.833333,5185,172.833333,0.137795,review
5426,180.866667,5185,172.833333,0.135698,review
5427,180.9,5186,172.866667,0.1336,review
5428,180.933333,5186,172.866667,0.131502,review
5429,180.966667,5187,172.9,0.129405,review
5430,181.0,5187,172.9,0.127307,review
5431,181.033333,5188,172.933333,0.125209,review
5432,181.066667,5188,172.933333,0.123112,review
5433,181.1,5189,172.966667,0.121014,review
5434,181.133333,5189,172.966667,0.118916,review
5435,181.166667,5190,173.0,0.116819,review
5436,181.2,5190,173.0,0.114722,review
5437,181.233333,5191,173.033333,0.121113,review
5438,181.266667,5191,173.033333,0.127505,review
5439,181.3,5191,173.033333,0.133897,review
5440,181.333333,5192,173.066667,0.140289,review
5441,181.366667,5192,173.066667,0.146681,review
5442,181.4,5193,173.1,0.153073,review
5443,181.433333,5193,173.1,0.159465,review
5444,181.466667,5194,173.133333,0.165856,review
5445,181.5,5194,173.133333,0.172248,review
5446,181.533333,5195,173.166667,0.17864,review
5447,181.566667,5195,173.166667,0.185032,review
5448,181.6,5196,173.2,0.191424,review
5449,181.633333,5198,173.266667,0.220904,review
5450,181.666667,5200,173.333333,0.250388,review
5451,181.7,5202,173.4,0.279873,review
5452,181.733333,5204,173.466667,0.309357,review
5453,181.766667,5206,173.533333,0.338842,review
5454,181.8,5208,173.6,0.368326,matched
5455,181.833333,5209,173.633333,0.357475,matched
5456,181.866667,5209,173.633333,0.34662,review
5457,181.9,5210,173.666667,0.335765,review
5458,181.933333,5210,173.666667,0.32491,review
5459,181.966667,5211,173.7,0.314055,review
5460,182.0,5211,173.7,0.3032,review
5461,182.033333,5212,173.733333,0.292346,review
5462,182.066667,5212,173.733333,0.281491,review
5463,182.1,5213,173.766667,0.270636,review
5464,182.133333,5213,173.766667,0.259781,review
5465,182.166667,5214,173.8,0.248926,review
5466,182.2,5214,173.8,0.238073,review
5467,182.233333,5215,173.833333,0.246648,review
5468,182.266667,5215,173.833333,0.255224,review
5469,182.3,5216,173.866667,0.2638,review
5470,182.333333,5216,173.866667,0.272376,review
5471,182.366667,5217,173.9,0.280951,review
5472,182.4,5217,173.9,0.289527,review
5473,182.433333,5218,173.933333,0.298103,review
5474,182.466667,5218,173.933333,0.306679,review
5475,182.5,5218,173.933333,0.315254,review
5476,182.533333,5219,173.966667,0.32383,review
5477,182.566667,5219,173.966667,0.332406,review
5478,182.6,5220,174.0,0.340981,review
5479,182.633333,5220,174.0,0.338683,review
5480,182.666667,5221,174.033333,0.336383,review
5481,182.7,5221,174.033333,0.334083,review
5482,182.733333,5222,174.066667,0.331782,review
5483,182.766667,5222,174.066667,0.329482,review
5484,182.8,5223,174.1,0.327182,review
5485,182.833333,5223,174.1,0.324881,review
5486,182.866667,5224,174.133333,0.322581,review
5487,182.9,5224,174.133333,0.320281,review
5488,182.933333,5225,174.166667,0.317981,review
5489,182.966667,5225,174.166667,0.31568,review
5490,183.0,5226,174.2,0.31338,review
5491,183.033333,5226,174.2,0.328983,review
5492,183.066667,5227,174.233333,0.344586,review
5493,183.1,5227,174.233333,0.36019,matched
5494,183.133333,5228,174.266667,0.375793,matched
5495,183.166667,5228,174.266667,0.391396,matched
5496,183.2,5229,174.3,0.406999,matched
5497,183.233333,5229,174.3,0.422603,matched
5498,183.266667,5230,174.333333,0.438206,matched
5499,183.3,5230,174.333333,0.453809,matched
5500,183.333333,5231,174.366667,0.469412,matched
5501,183.366667,5231,174.366667,0.485016,matched
5502,183.4,5232,174.4,0.500613,matched
5503,183.433333,5234,174.466667,0.48555,matched
5504,183.466667,5236,174.533333,0.470486,matched
5505,183.5,5238,174.6,0.455423,matched
5506,183.533333,5240,174.666667,0.440359,matched
5507,183.566667,5242,174.733333,0.425295,matched
5508,183.6,5244,174.8,0.410232,matched
5509,183.633333,5246,174.866667,0.424326,matched
5510,183.666667,5248,174.933333,0.438426,matched
5511,183.7,5250,175.0,0.452526,matched
5512,183.733333,5252,175.066667,0.466626,matched
5513,183.766667,5254,175.133333,0.480726,matched
5514,183.8,5256,175.2,0.494826,matched
5515,183.833333,5258,175.266667,0.487936,matched
5516,183.866667,5260,175.333333,0.481044,matched
5517,183.9,5262,175.4,0.474153,matched
5518,183.933333,5264,175.466667,0.467261,matched
5519,183.966667,5266,175.533333,0.46037,matched
5520,184.0,5268,175.6,0.453478,matched
5521,184.033333,5270,175.666667,0.427667,matched
5522,184.066667,5272,175.733333,0.401856,matched
5523,184.1,5274,175.8,0.376045,matched
5524,184.133333,5276,175.866667,0.350234,matched
5525,184.166667,5278,175.933333,0.324423,review
5526,184.2,5280,176.0,0.298616,review
5527,184.233333,5282,176.066667,0.319063,review
5528,184.266667,5284,176.133333,0.339509,review
5529,184.3,5286,176.2,0.359956,matched
5530,184.333333,5288,176.266667,0.380402,matched
5531,184.366667,5290,176.333333,0.400849,matched
5532,184.4,5292,176.4,0.421299,matched
5533,184.433333,5294,176.466667,0.460199,matched
5534,184.466667,5296,176.533333,0.499099,matched
5535,184.5,5298,176.6,0.537998,matched
5536,184.533333,5300,176.666667,0.576898,matched
5537,184.566667,5302,176.733333,0.615798,matched
5538,184.6,5304,176.8,0.654698,matched
5539,184.633333,5306,176.866667,0.619504,matched
5540,184.666667,5308,176.933333,0.584297,matched
5541,184.7,5310,177.0,0.549089,matched
5542,184.733333,5312,177.066667,0.513882,matched
5543,184.766667,5314,177.133333,0.478675,matched
5544,184.8,5316,177.2,0.443467,matched
5545,184.833333,5318,177.266667,0.458598,matched
5546,184.866667,5320,177.333333,0.473734,matched
5547,184.9,5322,177.4,0.48887,matched
5548,184.933333,5324,177.466667,0.504006,matched
5549,184.966667,5326,177.533333,0.519141,matched
5550,185.0,5328,177.6,0.534277,matched
5551,185.033333,5330,177.666667,0.529534,matched
5552,185.066667,5332,177.733333,0.524791,matched
5553,185.1,5334,177.8,0.520047,matched
5554,185.133333,5336,177.866667,0.515304,matched
5555,185.166667,5338,177.933333,0.510561,matched
5556,185.2,5340,178.0,0.505816,matched
5557,185.233333,5342,178.066667,0.486117,matched
5558,185.266667,5344,178.133333,0.466418,matched
5559,185.3,5346,178.2,0.446719,matched
5560,185.333333,5348,178.266667,0.42702,matched
5561,185.366667,5350,178.333333,0.407321,matched
5562,185.4,5352,178.4,0.38763,matched
5563,185.433333,5354,178.466667,0.410371,matched
5564,185.466667,5356,178.533333,0.433112,matched
5565,185.5,5358,178.6,0.455853,matched
5566,185.533333,5360,178.666667,0.478594,matched
5567,185.566667,5362,178.733333,0.501335,matched
5568,185.6,5364,178.8,0.524076,matched
5569,185.633333,5366,178.866667,0.52709,matched
5570,185.666667,5368,178.933333,0.5301,matched
5571,185.7,5370,179.0,0.53311,matched
5572,185.733333,5372,179.066667,0.53612,matched
5573,185.766667,5374,179.133333,0.539131,matched
5574,185.8,5376,179.2,0.542141,matched
5575,185.833333,5378,179.266667,0.524942,matched
5576,185.866667,5380,179.333333,0.507741,matched
5577,185.9,5382,179.4,0.49054,matched
5578,185.933333,5384,179.466667,0.47334,matched
5579,185.966667,5386,179.533333,0.456139,matched
5580,186.0,5388,179.6,0.438938,matched
5581,186.033333,5390,179.666667,0.425699,matched
5582,186.066667,5392,179.733333,0.412461,matched
5583,186.1,5394,179.8,0.399222,matched
5584,186.133333,5396,179.866667,0.385983,matched
5585,186.166667,5398,179.933333,0.372744,matched
5586,186.2,5400,180.0,0.359508,matched
5587,186.233333,5402,180.066667,0.375715,matched
5588,186.266667,5404,180.133333,0.391922,matched
5589,186.3,5406,180.2,0.408129,matched
5590,186.333333,5408,180.266667,0.424336,matched
5591,186.366667,5410,180.333333,0.440543,matched
5592,186.4,5412,180.4,0.456743,matched
5593,186.433333,5414,180.466667,0.433188,matched
5594,186.466667,5416,180.533333,0.409633,matched
5595,186.5,5418,180.6,0.386078,matched
5596,186.533333,5420,180.666667,0.362524,matched
5597,186.566667,5422,180.733333,0.338969,review
5598,186.6,5424,180.8,0.315414,review
5599,186.633333,5426,180.866667,0.283555,review
5600,186.666667,5428,180.933333,0.251693,review
5601,186.7,5430,181.0,0.219832,review
5602,186.733333,5432,181.066667,0.187971,review
5603,186.766667,5434,181.133333,0.156109,review
5604,186.8,5436,181.2,0.124248,review
5605,186.833333,5438,181.266667,0.221243,review
5606,186.866667,5440,181.333333,0.318249,review
5607,186.9,5442,181.4,0.415256,matched
5608,186.933333,5444,181.466667,0.512262,matched
5609,186.966667,5446,181.533333,0.609269,matched
5610,187.0,5448,181.6,0.706275,matched
5611,187.033333,5450,181.666667,0.692423,matched
5612,187.066667,5452,181.733333,0.678571,matched
5613,187.1,5454,181.8,0.664719,matched
5614,187.133333,5456,181.866667,0.650867,matched
5615,187.166667,5458,181.933333,0.637016,matched
5616,187.2,5460,182.0,0.623162,matched
5617,187.233333,5462,182.066667,0.593384,matched
5618,187.266667,5464,182.133333,0.563606,matched
5619,187.3,5466,182.2,0.533828,matched
5620,187.333333,5468,182.266667,0.50405,matched
5621,187.366667,5470,182.333333,0.474273,matched
5622,187.4,5472,182.4,0.444502,matched
5623,187.433333,5474,182.466667,0.453066,matched
5624,187.466667,5476,182.533333,0.461631,matched
5625,187.5,5478,182.6,0.470196,matched
5626,187.533333,5480,182.666667,0.47876,matched
5627,187.566667,5482,182.733333,0.487325,matched
5628,187.6,5484,182.8,0.495889,matched
5629,187.633333,5486,182.866667,0.472559,matched
5630,187.666667,5488,182.933333,0.449223,matched
5631,187.7,5490,183.0,0.425886,matched
5632,187.733333,5492,183.066667,0.40255,matched
5633,187.766667,5494,183.133333,0.379213,matched
5634,187.8,5496,183.2,0.355877,matched
5635,187.833333,5498,183.266667,0.367075,matched
5636,187.866667,5500,183.333333,0.378276,matched
5637,187.9,5502,183.4,0.389476,matched
5638,187.933333,5504,183.466667,0.400677,matched
5639,187.966667,5506,183.533333,0.411878,matched
5640,188.0,5508,183.6,0.423079,matched
5641,188.033333,5510,183.666667,0.352565,matched
5642,188.066667,5512,183.733333,0.282051,review
5643,188.1,5514,183.8,0.211536,review
5644,188.133333,5516,183.866667,0.141022,review
5645,188.166667,5518,183.933333,0.070508,review
5646,188.2,5520,184.0,1e-06,review
5647,188.233333,5522,184.066667,0.011785,review
5648,188.266667,5524,184.133333,0.023568,review
5649,188.3,5526,184.2,0.035352,review
5650,188.333333,5528,184.266667,0.047136,review
5651,188.366667,5530,184.333333,0.058919,review
5652,188.4,5532,184.4,0.070699,review
5653,188.433333,5534,184.466667,0.058916,review
5654,188.466667,5536,184.533333,0.047133,review
5655,188.5,5538,184.6,0.035351,review
5656,188.533333,5540,184.666667,0.023568,review
5657,188.566667,5542,184.733333,0.011785,review
5658,188.6,5544,184.8,2e-06,review
5659,188.633333,5546,184.866667,0.053083,review
5660,188.666667,5548,184.933333,0.106175,review
5661,188.7,5550,185.0,0.159268,review
5662,188.733333,5552,185.066667,0.21236,review
5663,188.766667,5554,185.133333,0.265453,review
5664,188.8,5556,185.2,0.318545,review
5665,188.833333,5558,185.266667,0.339258,review
5666,188.866667,5560,185.333333,0.359969,matched
5667,188.9,5562,185.4,0.380679,matched
5668,188.933333,5564,185.466667,0.401389,matched
5669,188.966667,5566,185.533333,0.4221,matched
5670,189.0,5568,185.6,0.44281,matched
5671,189.033333,5570,185.666667,0.437711,matched
5672,189.066667,5572,185.733333,0.432611,matched
5673,189.1,5574,185.8,0.427512,matched
5674,189.133333,5576,185.866667,0.422412,matched
5675,189.166667,5578,185.933333,0.417313,matched
5676,189.2,5580,186.0,0.412218,matched
5677,189.233333,5582,186.066667,0.454684,matched
5678,189.266667,5584,186.133333,0.49715,matched
5679,189.3,5586,186.2,0.539616,matched
5680,189.333333,5588,186.266667,0.582082,matched
5681,189.366667,5590,186.333333,0.624548,matched
5682,189.4,5592,186.4,0.667001,matched
5683,189.433333,5594,186.466667,0.640242,matched
5684,189.466667,5596,186.533333,0.613482,matched
5685,189.5,5598,186.6,0.586723,matched
5686,189.533333,5600,186.666667,0.559964,matched
5687,189.566667,5602,186.733333,0.533204,matched
5688,189.6,5604,186.8,0.506445,matched
5689,189.633333,5606,186.866667,0.521912,matched
5690,189.666667,5608,186.933333,0.537387,matched
5691,189.7,5610,187.0,0.552862,matched
5692,189.733333,5612,187.066667,0.568337,matched
5693,189.766667,5614,187.133333,0.583812,matched
5694,189.8,5616,187.2,0.599287,matched
5695,189.833333,5618,187.266667,0.538952,matched
5696,189.866667,5620,187.333333,0.47861,matched
5697,189.9,5622,187.4,0.418268,matched
5698,189.933333,5624,187.466667,0.357927,matched
5699,189.966667,5626,187.533333,0.297585,review
5700,190.0,5628,187.6,0.237243,review
5701,190.033333,5630,187.666667,0.22101,review
5702,190.066667,5632,187.733333,0.204777,review
5703,190.1,5634,187.8,0.188544,review
5704,190.133333,5636,187.866667,0.172311,review
5705,190.166667,5638,187.933333,0.156078,review
5706,190.2,5640,188.0,0.139845,review
5707,190.233333,5642,188.066667,0.129777,review
5708,190.266667,5644,188.133333,0.119708,review
5709,190.3,5646,188.2,0.10964,review
5710,190.333333,5648,188.266667,0.099571,review
5711,190.366667,5650,188.333333,0.089503,review
5712,190.4,5652,188.4,0.079444,review
5713,190.433333,5654,188.466667,0.125679,review
5714,190.466667,5656,188.533333,0.171914,review
5715,190.5,5658,188.6,0.218149,review
5716,190.533333,5660,188.666667,0.264385,review
5717,190.566667,5662,188.733333,0.31062,review
5718,190.6,5664,188.8,0.356855,matched
5719,190.633333,5666,188.866667,0.297396,review
5720,190.666667,5668,188.933333,0.237918,review
5721,190.7,5670,189.0,0.17844,review
5722,190.733333,5672,189.066667,0.118962,review
5723,190.766667,5674,189.133333,0.059484,review
5724,190.8,5676,189.2,5e-06,review
5725,190.833333,,,0.0,unmatched
5726,190.866667,,,0.0,unmatched
5727,190.9,,,0.0,unmatched
5728,190.933333,,,0.0,unmatched
5729,190.966667,,,0.0,unmatched
