night_frame,night_time_seconds,day_frame,day_time_seconds,confidence,status
0,0.0,0,0.0,0.0,review
1,0.033333,0,0.0,0.015848,review
2,0.066667,1,0.033333,0.031695,review
3,0.1,2,0.066667,0.047543,review
4,0.133333,2,0.066667,0.06339,review
5,0.166667,2,0.066667,0.079238,review
6,0.2,3,0.1,0.095086,review
7,0.233333,4,0.133333,0.110933,review
8,0.266667,4,0.133333,0.126781,review
9,0.3,4,0.133333,0.142628,review
10,0.333333,5,0.166667,0.158476,review
11,0.366667,6,0.2,0.174323,review
12,0.4,6,0.2,0.190171,review
13,0.433333,8,0.266667,0.193601,review
14,0.466667,10,0.333333,0.197032,review
15,0.5,12,0.4,0.200462,review
16,0.533333,14,0.466667,0.203892,review
17,0.566667,16,0.533333,0.207323,review
18,0.6,18,0.6,0.210753,review
19,0.633333,20,0.666667,0.202786,review
20,0.666667,22,0.733333,0.194819,review
21,0.7,24,0.8,0.186851,review
22,0.733333,26,0.866667,0.178884,review
23,0.766667,28,0.933333,0.170917,review
24,0.8,30,1.0,0.16295,review
25,0.833333,32,1.066667,0.135792,review
26,0.866667,34,1.133333,0.108633,review
27,0.9,36,1.2,0.081475,review
28,0.933333,38,1.266667,0.054317,review
29,0.966667,40,1.333333,0.027158,review
30,1.0,42,1.4,0.0,review
31,1.033333,44,1.466667,0.023631,review
32,1.066667,46,1.533333,0.047262,review
33,1.1,48,1.6,0.070893,review
34,1.133333,50,1.666667,0.094525,review
35,1.166667,52,1.733333,0.118156,review
36,1.2,54,1.8,0.141787,review
37,1.233333,56,1.866667,0.122508,review
38,1.266667,58,1.933333,0.103228,review
39,1.3,60,2.0,0.083949,review
40,1.333333,62,2.066667,0.064669,review
41,1.366667,64,2.133333,0.045389,review
42,1.4,66,2.2,0.02611,review
43,1.433333,68,2.266667,0.092664,review
44,1.466667,70,2.333333,0.159217,review
45,1.5,72,2.4,0.225771,review
46,1.533333,74,2.466667,0.292324,review
47,1.566667,76,2.533333,0.358877,matched
48,1.6,78,2.6,0.425431,matched
49,1.633333,80,2.666667,0.435846,matched
50,1.666667,82,2.733333,0.446261,matched
51,1.7,84,2.8,0.456676,matched
52,1.733333,86,2.866667,0.46709,matched
53,1.766667,88,2.933333,0.477505,matched
54,1.8,90,3.0,0.48792,matched
55,1.833333,92,3.066667,0.468509,matched
56,1.866667,94,3.133333,0.449098,matched
57,1.9,96,3.2,0.429687,matched
58,1.933333,98,3.266667,0.410276,matched
59,1.966667,100,3.333333,0.390865,matched
60,2.0,102,3.4,0.371454,matched
61,2.033333,103,3.433333,0.356536,matched
62,2.066667,103,3.433333,0.341619,review
63,2.1,104,3.466667,0.326701,review
64,2.133333,104,3.466667,0.311783,review
65,2.166667,104,3.466667,0.296865,review
66,2.2,105,3.5,0.281948,review
67,2.233333,105,3.5,0.26703,review
68,2.266667,106,3.533333,0.252112,review
69,2.3,106,3.533333,0.237194,review
70,2.333333,107,3.566667,0.222277,review
71,2.366667,107,3.566667,0.207359,review
72,2.4,108,3.6,0.192441,review
73,2.433333,108,3.6,0.187453,review
74,2.466667,109,3.633333,0.182466,review
75,2.5,109,3.633333,0.177478,review
76,2.533333,110,3.666667,0.17249,review
77,2.566667,110,3.666667,0.167502,review
78,2.6,111,3.7,0.162515,review
79,2.633333,111,3.7,0.157527,review
80,2.666667,112,3.733333,0.152539,review
81,2.7,112,3.733333,0.147551,review
82,2.733333,113,3.766667,0.142563,review
83,2.766667,113,3.766667,0.137576,review
84,2.8,114,3.8,0.132588,review
85,2.833333,116,3.866667,0.110622,review
86,2.866667,118,3.933333,0.088656,review
87,2.9,120,4.0,0.066689,review
88,2.933333,122,4.066667,0.044723,review
89,2.966667,124,4.133333,0.022757,review
90,3.0,126,4.2,0.000791,review
91,3.033333,128,4.266667,0.020319,review
92,3.066667,130,4.333333,0.039847,review
93,3.1,132,4.4,0.059374,review
94,3.133333,134,4.466667,0.078902,review
95,3.166667,136,4.533333,0.09843,review
96,3.2,138,4.6,0.117958,review
97,3.233333,140,4.666667,0.136179,review
98,3.266667,142,4.733333,0.154399,review
99,3.3,144,4.8,0.17262,review
100,3.333333,146,4.866667,0.190841,review
101,3.366667,148,4.933333,0.209061,review
102,3.4,150,5.0,0.227282,review
103,3.433333,152,5.066667,0.227175,review
104,3.466667,154,5.133333,0.227068,review
105,3.5,156,5.2,0.226961,review
106,3.533333,158,5.266667,0.226854,review
107,3.566667,160,5.333333,0.226747,review
108,3.6,162,5.4,0.22664,review
109,3.633333,164,5.466667,0.265605,review
110,3.666667,166,5.533333,0.30457,review
111,3.7,168,5.6,0.343535,review
112,3.733333,170,5.666667,0.3825,matched
113,3.766667,172,5.733333,0.421465,matched
114,3.8,174,5.8,0.46043,matched
115,3.833333,175,5.833333,0.450187,matched
116,3.866667,175,5.833333,0.439943,matched
117,3.9,176,5.866667,0.4297,matched
118,3.933333,176,5.866667,0.419456,matched
119,3.966667,177,5.9,0.409213,matched
120,4.0,177,5.9,0.398969,matched
121,4.033333,178,5.933333,0.388726,matched
122,4.066667,178,5.933333,0.378483,matched
123,4.1,179,5.966667,0.368239,matched
124,4.133333,179,5.966667,0.357996,matched
125,4.166667,180,6.0,0.347752,review
126,4.2,180,6.0,0.337509,review
127,4.233333,182,6.066667,0.304548,review
128,4.266667,184,6.133333,0.271588,review
129,4.3,186,6.2,0.238627,review
130,4.333333,188,6.266667,0.205667,review
131,4.366667,190,6.333333,0.172707,review
132,4.4,192,6.4,0.139746,review
133,4.433333,193,6.433333,0.181353,review
134,4.466667,193,6.433333,0.22296,review
135,4.5,193,6.433333,0.264567,review
136,4.533333,194,6.466667,0.306174,review
137,4.566667,194,6.466667,0.34778,review
138,4.6,195,6.5,0.389387,matched
139,4.633333,195,6.5,0.430994,matched
140,4.666667,196,6.533333,0.472601,matched
141,4.7,196,6.533333,0.514208,matched
142,4.733333,197,6.566667,0.555815,matched
143,4.766667,197,6.566667,0.597422,matched
144,4.8,198,6.6,0.639029,matched
145,4.833333,198,6.6,0.607024,matched
146,4.866667,199,6.633333,0.575019,matched
147,4.9,199,6.633333,0.543014,matched
148,4.933333,200,6.666667,0.511009,matched
149,4.966667,201,6.7,0.479004,matched
150,5.0,201,6.7,0.446999,matched
151,5.033333,202,6.733333,0.414993,matched
152,5.066667,202,6.733333,0.382988,matched
153,5.1,203,6.766667,0.350983,matched
154,5.133333,203,6.766667,0.318978,review
155,5.166667,204,6.8,0.286973,review
156,5.2,204,6.8,0.254968,review
157,5.233333,206,6.866667,0.315988,review
158,5.266667,208,6.933333,0.377008,matched
159,5.3,210,7.0,0.438028,matched
160,5.333333,212,7.066667,0.499047,matched
161,5.366667,214,7.133333,0.560067,matched
162,5.4,216,7.2,0.621087,matched
163,5.433333,216,7.2,0.587302,matched
164,5.466667,217,7.233333,0.553516,matched
165,5.5,217,7.233333,0.519731,matched
166,5.533333,218,7.266667,0.485945,matched
167,5.566667,218,7.266667,0.45216,matched
168,5.6,219,7.3,0.418374,matched
169,5.633333,219,7.3,0.384589,matched
170,5.666667,220,7.333333,0.350803,matched
171,5.7,220,7.333333,0.317018,review
172,5.733333,221,7.366667,0.283232,review
173,5.766667,221,7.366667,0.249447,review
174,5.8,222,7.4,0.215661,review
175,5.833333,222,7.4,0.212461,review
176,5.866667,223,7.433333,0.209262,review
177,5.9,224,7.466667,0.206062,review
178,5.933333,224,7.466667,0.202863,review
179,5.966667,224,7.466667,0.199663,review
180,6.0,225,7.5,0.196464,review
181,6.033333,226,7.533333,0.193264,review
182,6.066667,226,7.533333,0.190064,review
183,6.1,226,7.533333,0.186865,review
184,6.133333,227,7.566667,0.183665,review
185,6.166667,228,7.6,0.180466,review
186,6.2,228,7.6,0.177266,review
187,6.233333,230,7.666667,0.208684,review
188,6.266667,232,7.733333,0.240102,review
189,6.3,234,7.8,0.271521,review
190,6.333333,236,7.866667,0.302939,review
191,6.366667,238,7.933333,0.334357,review
192,6.4,240,8.0,0.365775,matched
193,6.433333,240,8.0,0.350321,matched
194,6.466667,241,8.033333,0.334868,review
195,6.5,241,8.033333,0.319414,review
196,6.533333,242,8.066667,0.30396,review
197,6.566667,242,8.066667,0.288507,review
198,6.6,243,8.1,0.273053,review
199,6.633333,243,8.1,0.257599,review
200,6.666667,244,8.133333,0.242146,review
201,6.7,244,8.133333,0.226692,review
202,6.733333,245,8.166667,0.211238,review
203,6.766667,245,8.166667,0.195785,review
204,6.8,246,8.2,0.180331,review
205,6.833333,246,8.2,0.165303,review
206,6.866667,247,8.233333,0.150276,review
207,6.9,247,8.233333,0.135248,review
208,6.933333,248,8.266667,0.120221,review
209,6.966667,248,8.266667,0.105193,review
210,7.0,249,8.3,0.090166,review
211,7.033333,249,8.3,0.075138,review
212,7.066667,250,8.333333,0.06011,review
213,7.1,250,8.333333,0.045083,review
214,7.133333,251,8.366667,0.030055,review
215,7.166667,251,8.366667,0.015028,review
216,7.2,252,8.4,0.0,review
217,7.233333,252,8.4,0.0,review
218,7.266667,253,8.433333,0.0,review
219,7.3,253,8.433333,0.0,review
220,7.333333,254,8.466667,0.0,review
221,7.366667,255,8.5,0.0,review
222,7.4,255,8.5,0.0,review
223,7.433333,256,8.533333,0.0,review
224,7.466667,256,8.533333,0.0,review
225,7.5,257,8.566667,0.0,review
226,7.533333,257,8.566667,0.0,review
227,7.566667,258,8.6,0.0,review
228,7.6,258,8.6,0.0,review
229,7.633333,259,8.633333,0.0,review
230,7.666667,259,8.633333,0.0,review
231,7.7,260,8.666667,0.0,review
232,7.733333,260,8.666667,0.0,review
233,7.766667,261,8.7,0.0,review
234,7.8,261,8.7,0.0,review
235,7.833333,262,8.733333,0.0,review
236,7.866667,262,8.733333,0.0,review
237,7.9,263,8.766667,0.0,review
238,7.933333,263,8.766667,0.0,review
239,7.966667,264,8.8,0.0,review
240,8.0,264,8.8,0.0,review
241,8.033333,265,8.833333,0.0,review
242,8.066667,265,8.833333,0.0,review
243,8.1,266,8.866667,0.0,review
244,8.133333,266,8.866667,0.0,review
245,8.166667,267,8.9,0.0,review
246,8.2,267,8.9,0.0,review
247,8.233333,268,8.933333,0.0,review
248,8.266667,268,8.933333,0.0,review
249,8.3,269,8.966667,0.0,review
250,8.333333,269,8.966667,0.0,review
251,8.366667,270,9.0,0.0,review
252,8.4,270,9.0,0.0,review
253,8.433333,271,9.033333,0.0,review
254,8.466667,271,9.033333,0.0,review
255,8.5,272,9.066667,0.0,review
256,8.533333,272,9.066667,0.0,review
257,8.566667,272,9.066667,0.0,review
258,8.6,273,9.1,0.0,review
259,8.633333,273,9.1,0.0,review
260,8.666667,274,9.133333,0.0,review
261,8.7,274,9.133333,0.0,review
262,8.733333,275,9.166667,0.0,review
263,8.766667,275,9.166667,0.0,review
264,8.8,276,9.2,0.0,review
265,8.833333,276,9.2,0.0,review
266,8.866667,277,9.233333,0.0,review
267,8.9,277,9.233333,0.0,review
268,8.933333,278,9.266667,0.0,review
269,8.966667,278,9.266667,0.0,review
270,9.0,279,9.3,0.0,review
271,9.033333,279,9.3,0.0,review
272,9.066667,280,9.333333,0.0,review
273,9.1,280,9.333333,0.0,review
274,9.133333,281,9.366667,0.0,review
275,9.166667,281,9.366667,0.0,review
276,9.2,282,9.4,0.0,review
277,9.233333,282,9.4,0.0,review
278,9.266667,283,9.433333,0.0,review
279,9.3,283,9.433333,0.0,review
280,9.333333,284,9.466667,0.0,review
281,9.366667,284,9.466667,0.0,review
282,9.4,285,9.5,0.0,review
283,9.433333,285,9.5,0.0,review
284,9.466667,286,9.533333,0.0,review
285,9.5,287,9.566667,0.0,review
286,9.533333,287,9.566667,0.0,review
287,9.566667,288,9.6,0.0,review
288,9.6,288,9.6,0.0,review
289,9.633333,289,9.633333,0.0,review
290,9.666667,289,9.633333,0.0,review
291,9.7,290,9.666667,0.0,review
292,9.733333,290,9.666667,0.0,review
293,9.766667,291,9.7,0.0,review
294,9.8,291,9.7,0.0,review
295,9.833333,292,9.733333,0.0,review
296,9.866667,292,9.733333,0.0,review
297,9.9,293,9.766667,0.0,review
298,9.933333,293,9.766667,0.0,review
299,9.966667,294,9.8,0.0,review
300,10.0,294,9.8,0.0,review
301,10.033333,295,9.833333,0.0,review
302,10.066667,295,9.833333,0.0,review
303,10.1,296,9.866667,0.0,review
304,10.133333,296,9.866667,0.0,review
305,10.166667,297,9.9,0.0,review
306,10.2,297,9.9,0.0,review
307,10.233333,298,9.933333,0.0,review
308,10.266667,298,9.933333,0.0,review
309,10.3,299,9.966667,0.0,review
310,10.333333,299,9.966667,0.0,review
311,10.366667,300,10.0,0.0,review
312,10.4,300,10.0,0.0,review
313,10.433333,301,10.033333,0.0,review
314,10.466667,301,10.033333,0.0,review
315,10.5,302,10.066667,0.0,review
316,10.533333,302,10.066667,0.0,review
317,10.566667,302,10.066667,0.0,review
318,10.6,303,10.1,0.0,review
319,10.633333,303,10.1,0.0,review
320,10.666667,304,10.133333,0.0,review
321,10.7,304,10.133333,0.0,review
322,10.733333,305,10.166667,0.0,review
323,10.766667,305,10.166667,0.0,review
324,10.8,306,10.2,0.0,review
325,10.833333,306,10.2,0.0,review
326,10.866667,307,10.233333,0.0,review
327,10.9,307,10.233333,0.0,review
328,10.933333,308,10.266667,0.0,review
329,10.966667,308,10.266667,0.0,review
330,11.0,309,10.3,0.0,review
331,11.033333,309,10.3,0.0,review
332,11.066667,310,10.333333,0.0,review
333,11.1,310,10.333333,0.0,review
334,11.133333,311,10.366667,0.0,review
335,11.166667,311,10.366667,0.0,review
336,11.2,312,10.4,0.0,review
337,11.233333,312,10.4,0.0,review
338,11.266667,313,10.433333,0.0,review
339,11.3,313,10.433333,0.0,review
340,11.333333,314,10.466667,0.0,review
341,11.366667,314,10.466667,0.0,review
342,11.4,315,10.5,0.0,review
343,11.433333,315,10.5,0.0,review
344,11.466667,316,10.533333,0.0,review
345,11.5,317,10.566667,0.0,review
346,11.533333,317,10.566667,0.0,review
347,11.566667,318,10.6,0.0,review
348,11.6,318,10.6,0.0,review
349,11.633333,319,10.633333,0.022623,review
350,11.666667,319,10.633333,0.045245,review
351,11.7,320,10.666667,0.067868,review
352,11.733333,320,10.666667,0.090491,review
353,11.766667,321,10.7,0.113114,review
354,11.8,321,10.7,0.135736,review
355,11.833333,322,10.733333,0.158359,review
356,11.866667,322,10.733333,0.180982,review
357,11.9,323,10.766667,0.203605,review
358,11.933333,323,10.766667,0.226227,review
359,11.966667,324,10.8,0.24885,review
360,12.0,324,10.8,0.271473,review
361,12.033333,325,10.833333,0.264135,review
362,12.066667,325,10.833333,0.256797,review
363,12.1,326,10.866667,0.249459,review
364,12.133333,326,10.866667,0.242121,review
365,12.166667,327,10.9,0.234783,review
366,12.2,327,10.9,0.227444,review
367,12.233333,328,10.933333,0.220106,review
368,12.266667,328,10.933333,0.212768,review
369,12.3,329,10.966667,0.20543,review
370,12.333333,329,10.966667,0.198092,review
371,12.366667,330,11.0,0.190754,review
372,12.4,330,11.0,0.183416,review
373,12.433333,331,11.033333,0.206209,review
374,12.466667,331,11.033333,0.229001,review
375,12.5,332,11.066667,0.251794,review
376,12.533333,332,11.066667,0.274586,review
377,12.566667,332,11.066667,0.297379,review
378,12.6,333,11.1,0.320171,review
379,12.633333,333,11.1,0.342964,review
380,12.666667,334,11.133333,0.365756,matched
381,12.7,334,11.133333,0.388548,matched
382,12.733333,335,11.166667,0.411341,matched
383,12.766667,335,11.166667,0.434133,matched
384,12.8,336,11.2,0.456926,matched
385,12.833333,338,11.266667,0.472408,matched
386,12.866667,340,11.333333,0.487889,matched
387,12.9,342,11.4,0.503371,matched
388,12.933333,344,11.466667,0.518853,matched
389,12.966667,346,11.533333,0.534334,matched
390,13.0,348,11.6,0.549816,matched
391,13.033333,350,11.666667,0.53071,matched
392,13.066667,352,11.733333,0.511603,matched
393,13.1,354,11.8,0.492497,matched
394,13.133333,356,11.866667,0.473391,matched
395,13.166667,358,11.933333,0.454284,matched
396,13.2,360,12.0,0.435178,matched
397,13.233333,361,12.033333,0.441839,matched
398,13.266667,361,12.033333,0.4485,matched
399,13.3,361,12.033333,0.455161,matched
400,13.333333,362,12.066667,0.461822,matched
401,13.366667,362,12.066667,0.468483,matched
402,13.4,363,12.1,0.475143,matched
403,13.433333,363,12.1,0.481804,matched
404,13.466667,364,12.133333,0.488465,matched
405,13.5,364,12.133333,0.495126,matched
406,13.533333,365,12.166667,0.501787,matched
407,13.566667,365,12.166667,0.508448,matched
408,13.6,366,12.2,0.515109,matched
409,13.633333,366,12.2,0.51446,matched
410,13.666667,367,12.233333,0.513811,matched
411,13.7,367,12.233333,0.513162,matched
412,13.733333,368,12.266667,0.512513,matched
413,13.766667,368,12.266667,0.511864,matched
414,13.8,369,12.3,0.511214,matched
415,13.833333,369,12.3,0.510565,matched
416,13.866667,370,12.333333,0.509916,matched
417,13.9,370,12.333333,0.509267,matched
418,13.933333,371,12.366667,0.508618,matched
419,13.966667,371,12.366667,0.507969,matched
420,14.0,372,12.4,0.50732,matched
421,14.033333,372,12.4,0.4853,matched
422,14.066667,373,12.433333,0.46328,matched
423,14.1,373,12.433333,0.441259,matched
424,14.133333,374,12.466667,0.419239,matched
425,14.166667,375,12.5,0.397219,matched
426,14.2,375,12.5,0.375199,matched
427,14.233333,376,12.533333,0.353179,matched
428,14.266667,376,12.533333,0.331158,review
429,14.3,377,12.566667,0.309138,review
430,14.333333,377,12.566667,0.287118,review
431,14.366667,378,12.6,0.265098,review
432,14.4,378,12.6,0.243078,review
433,14.433333,380,12.666667,0.271368,review
434,14.466667,382,12.733333,0.299658,review
435,14.5,384,12.8,0.327948,review
436,14.533333,386,12.866667,0.356238,matched
437,14.566667,388,12.933333,0.384528,matched
438,14.6,390,13.0,0.412818,matched
439,14.633333,390,13.0,0.402941,matched
440,14.666667,391,13.033333,0.393064,matched
441,14.7,391,13.033333,0.383187,matched
442,14.733333,392,13.066667,0.37331,matched
443,14.766667,392,13.066667,0.363433,matched
444,14.8,393,13.1,0.353557,matched
445,14.833333,393,13.1,0.34368,review
446,14.866667,394,13.133333,0.333803,review
447,14.9,394,13.133333,0.323926,review
448,14.933333,395,13.166667,0.314049,review
449,14.966667,395,13.166667,0.304172,review
450,15.0,396,13.2,0.294295,review
451,15.033333,396,13.2,0.26977,review
452,15.066667,397,13.233333,0.245246,review
453,15.1,397,13.233333,0.220721,review
454,15.133333,398,13.266667,0.196197,review
455,15.166667,398,13.266667,0.171672,review
456,15.2,399,13.3,0.147147,review
457,15.233333,399,13.3,0.122623,review
458,15.266667,400,13.333333,0.098098,review
459,15.3,400,13.333333,0.073574,review
460,15.333333,401,13.366667,0.049049,review
461,15.366667,401,13.366667,0.024524,review
462,15.4,402,13.4,0.0,review
463,15.433333,402,13.4,0.02449,review
464,15.466667,403,13.433333,0.048979,review
465,15.5,403,13.433333,0.073468,review
466,15.533333,404,13.466667,0.097957,review
467,15.566667,405,13.5,0.122447,review
468,15.6,405,13.5,0.146936,review
469,15.633333,406,13.533333,0.171425,review
470,15.666667,406,13.533333,0.195915,review
471,15.7,407,13.566667,0.220404,review
472,15.733333,407,13.566667,0.244893,review
473,15.766667,408,13.6,0.269383,review
474,15.8,408,13.6,0.293872,review
475,15.833333,409,13.633333,0.279818,review
476,15.866667,409,13.633333,0.265765,review
477,15.9,410,13.666667,0.251711,review
478,15.933333,410,13.666667,0.237657,review
479,15.966667,411,13.7,0.223603,review
480,16.0,411,13.7,0.20955,review
481,16.033333,412,13.733333,0.195496,review
482,16.066667,412,13.733333,0.181442,review
483,16.1,412,13.733333,0.167389,review
484,16.133333,413,13.766667,0.153335,review
485,16.166667,413,13.766667,0.139281,review
486,16.2,414,13.8,0.125227,review
487,16.233333,414,13.8,0.124614,review
488,16.266667,415,13.833333,0.124,review
489,16.3,415,13.833333,0.123387,review
490,16.333333,416,13.866667,0.122773,review
491,16.366667,416,13.866667,0.12216,review
492,16.4,417,13.9,0.121546,review
493,16.433333,417,13.9,0.120933,review
494,16.466667,418,13.933333,0.120319,review
495,16.5,418,13.933333,0.119706,review
496,16.533333,419,13.966667,0.119092,review
497,16.566667,419,13.966667,0.118479,review
498,16.6,420,14.0,0.117865,review
499,16.633333,420,14.0,0.128325,review
500,16.666667,421,14.033333,0.138784,review
501,16.7,421,14.033333,0.149244,review
502,16.733333,422,14.066667,0.159704,review
503,16.766667,422,14.066667,0.170164,review
504,16.8,423,14.1,0.180623,review
505,16.833333,423,14.1,0.191083,review
506,16.866667,424,14.133333,0.201543,review
507,16.9,424,14.133333,0.212003,review
508,16.933333,425,14.166667,0.222462,review
509,16.966667,425,14.166667,0.232922,review
510,17.0,426,14.2,0.243382,review
511,17.033333,426,14.2,0.260028,review
512,17.066667,427,14.233333,0.276674,review
513,17.1,427,14.233333,0.29332,review
514,17.133333,428,14.266667,0.309965,review
515,17.166667,428,14.266667,0.326611,review
516,17.2,429,14.3,0.343257,review
517,17.233333,429,14.3,0.359903,matched
518,17.266667,430,14.333333,0.376549,matched
519,17.3,430,14.333333,0.393195,matched
520,17.333333,431,14.366667,0.409841,matched
521,17.366667,431,14.366667,0.426486,matched
522,17.4,432,14.4,0.443132,matched
523,17.433333,432,14.4,0.439336,matched
524,17.466667,433,14.433333,0.435541,matched
525,17.5,434,14.466667,0.431745,matched
526,17.533333,434,14.466667,0.42795,matched
527,17.566667,435,14.5,0.424154,matched
528,17.6,435,14.5,0.420359,matched
529,17.633333,436,14.533333,0.416563,matched
530,17.666667,436,14.533333,0.412768,matched
531,17.7,437,14.566667,0.408972,matched
532,17.733333,437,14.566667,0.405177,matched
533,17.766667,438,14.6,0.401381,matched
534,17.8,438,14.6,0.397586,matched
535,17.833333,439,14.633333,0.392226,matched
536,17.866667,439,14.633333,0.386867,matched
537,17.9,440,14.666667,0.381507,matched
538,17.933333,440,14.666667,0.376147,matched
539,17.966667,441,14.7,0.370788,matched
540,18.0,441,14.7,0.365428,matched
541,18.033333,442,14.733333,0.360068,matched
542,18.066667,442,14.733333,0.354709,matched
543,18.1,443,14.766667,0.349349,review
544,18.133333,443,14.766667,0.343989,review
545,18.166667,443,14.766667,0.33863,review
546,18.2,444,14.8,0.33327,review
547,18.233333,444,14.8,0.305498,review
548,18.266667,445,14.833333,0.277726,review
549,18.3,445,14.833333,0.249953,review
550,18.333333,446,14.866667,0.222181,review
551,18.366667,446,14.866667,0.194408,review
552,18.4,447,14.9,0.166635,review
553,18.433333,447,14.9,0.138863,review
554,18.466667,448,14.933333,0.11109,review
555,18.5,448,14.933333,0.083318,review
556,18.533333,449,14.966667,0.055545,review
557,18.566667,449,14.966667,0.027773,review
558,18.6,450,15.0,0.0,review
559,18.633333,450,15.0,0.034949,review
560,18.666667,451,15.033333,0.069899,review
561,18.7,451,15.033333,0.104848,review
562,18.733333,452,15.066667,0.139797,review
563,18.766667,452,15.066667,0.174747,review
564,18.8,453,15.1,0.209696,review
565,18.833333,453,15.1,0.244646,review
566,18.866667,454,15.133333,0.279595,review
567,18.9,454,15.133333,0.314545,review
568,18.933333,455,15.166667,0.349494,review
569,18.966667,455,15.166667,0.384444,matched
570,19.0,456,15.2,0.419393,matched
571,19.033333,456,15.2,0.402657,matched
572,19.066667,457,15.233333,0.385922,matched
573,19.1,457,15.233333,0.369186,matched
574,19.133333,458,15.266667,0.352451,matched
575,19.166667,458,15.266667,0.335715,review
576,19.2,459,15.3,0.318979,review
577,19.233333,459,15.3,0.302244,review
578,19.266667,460,15.333333,0.285508,review
579,19.3,460,15.333333,0.268773,review
580,19.333333,461,15.366667,0.252037,review
581,19.366667,461,15.366667,0.235301,review
582,19.4,462,15.4,0.218566,review
583,19.433333,462,15.4,0.23206,review
584,19.466667,463,15.433333,0.245554,review
585,19.5,464,15.466667,0.259048,review
586,19.533333,464,15.466667,0.272542,review
587,19.566667,465,15.5,0.286035,review
588,19.6,465,15.5,0.299529,review
589,19.633333,466,15.533333,0.313023,review
590,19.666667,466,15.533333,0.326517,review
591,19.7,467,15.566667,0.340011,review
592,19.733333,467,15.566667,0.353505,matched
593,19.766667,468,15.6,0.366998,matched
594,19.8,468,15.6,0.380492,matched
595,19.833333,469,15.633333,0.389674,matched
596,19.866667,469,15.633333,0.398856,matched
597,19.9,470,15.666667,0.408038,matched
598,19.933333,470,15.666667,0.41722,matched
599,19.966667,471,15.7,0.426402,matched
600,20.0,471,15.7,0.435584,matched
601,20.033333,472,15.733333,0.444766,matched
602,20.066667,472,15.733333,0.453948,matched
603,20.1,473,15.766667,0.46313,matched
604,20.133333,473,15.766667,0.472312,matched
605,20.166667,473,15.766667,0.481494,matched
606,20.2,474,15.8,0.490676,matched
607,20.233333,474,15.8,0.467617,matched
608,20.266667,475,15.833333,0.444557,matched
609,20.3,475,15.833333,0.421497,matched
610,20.333333,476,15.866667,0.398437,matched
611,20.366667,476,15.866667,0.375378,matched
612,20.4,477,15.9,0.352318,matched
613,20.433333,477,15.9,0.329258,review
614,20.466667,478,15.933333,0.306198,review
615,20.5,478,15.933333,0.283139,review
616,20.533333,479,15.966667,0.260079,review
617,20.566667,479,15.966667,0.237019,review
618,20.6,480,16.0,0.213959,review
619,20.633333,480,16.0,0.222374,review
620,20.666667,481,16.033333,0.230789,review
621,20.7,482,16.066667,0.239204,review
622,20.733333,482,16.066667,0.247619,review
623,20.766667,483,16.1,0.256034,review
624,20.8,483,16.1,0.264449,review
625,20.833333,484,16.133333,0.272864,review
626,20.866667,484,16.133333,0.281279,review
627,20.9,485,16.166667,0.289694,review
628,20.933333,485,16.166667,0.298109,review
629,20.966667,486,16.2,0.306524,review
630,21.0,486,16.2,0.314939,review
631,21.033333,487,16.233333,0.326011,review
632,21.066667,487,16.233333,0.337084,review
633,21.1,488,16.266667,0.348156,review
634,21.133333,488,16.266667,0.359229,matched
635,21.166667,489,16.3,0.370301,matched
636,21.2,489,16.3,0.381374,matched
637,21.233333,490,16.333333,0.392446,matched
638,21.266667,490,16.333333,0.403518,matched
639,21.3,491,16.366667,0.414591,matched
640,21.333333,491,16.366667,0.425663,matched
641,21.366667,491,16.366667,0.436736,matched
642,21.4,492,16.4,0.447808,matched
643,21.433333,492,16.4,0.41049,matched
644,21.466667,493,16.433333,0.373173,matched
645,21.5,494,16.466667,0.335855,review
646,21.533333,494,16.466667,0.298538,review
647,21.566667,495,16.5,0.261221,review
648,21.6,495,16.5,0.223903,review
649,21.633333,496,16.533333,0.186586,review
650,21.666667,496,16.533333,0.149269,review
651,21.7,497,16.566667,0.111951,review
652,21.733333,497,16.566667,0.074634,review
653,21.766667,498,16.6,0.037317,review
654,21.8,498,16.6,1e-06,review
655,21.833333,499,16.633333,0.046585,review
656,21.866667,499,16.633333,0.093168,review
657,21.9,500,16.666667,0.139752,review
658,21.933333,500,16.666667,0.186335,review
659,21.966667,500,16.666667,0.232919,review
660,22.0,501,16.7,0.279503,review
661,22.033333,501,16.7,0.326086,review
662,22.066667,502,16.733333,0.37267,matched
663,22.1,502,16.733333,0.419253,matched
664,22.133333,503,16.766667,0.465837,matched
665,22.166667,503,16.766667,0.51242,matched
666,22.2,504,16.8,0.559004,matched
667,22.233333,504,16.8,0.570754,matched
668,22.266667,505,16.833333,0.582504,matched
669,22.3,505,16.833333,0.594254,matched
670,22.333333,506,16.866667,0.606003,matched
671,22.366667,506,16.866667,0.617753,matched
672,22.4,507,16.9,0.629502,matched
673,22.433333,507,16.9,0.641252,matched
674,22.466667,508,16.933333,0.653001,matched
675,22.5,508,16.933333,0.664751,matched
676,22.533333,509,16.966667,0.676501,matched
677,22.566667,509,16.966667,0.68825,matched
678,22.6,510,17.0,0.7,matched
679,22.633333,510,17.0,0.679201,matched
680,22.666667,511,17.033333,0.658402,matched
681,22.7,512,17.066667,0.637603,matched
682,22.733333,512,17.066667,0.616804,matched
683,22.766667,513,17.1,0.596005,matched
684,22.8,513,17.1,0.575206,matched
685,22.833333,514,17.133333,0.554407,matched
686,22.866667,514,17.133333,0.533608,matched
687,22.9,515,17.166667,0.512809,matched
688,22.933333,515,17.166667,0.49201,matched
689,22.966667,516,17.2,0.471211,matched
690,23.0,516,17.2,0.450412,matched
691,23.033333,517,17.233333,0.450959,matched
692,23.066667,517,17.233333,0.451506,matched
693,23.1,518,17.266667,0.452053,matched
694,23.133333,518,17.266667,0.4526,matched
695,23.166667,519,17.3,0.453147,matched
696,23.2,519,17.3,0.453694,matched
697,23.233333,520,17.333333,0.45424,matched
698,23.266667,520,17.333333,0.454787,matched
699,23.3,521,17.366667,0.455334,matched
700,23.333333,521,17.366667,0.455881,matched
701,23.366667,521,17.366667,0.456428,matched
702,23.4,522,17.4,0.456975,matched
703,23.433333,522,17.4,0.457007,matched
704,23.466667,523,17.433333,0.457039,matched
705,23.5,524,17.466667,0.457072,matched
706,23.533333,524,17.466667,0.457104,matched
707,23.566667,525,17.5,0.457136,matched
708,23.6,525,17.5,0.457168,matched
709,23.633333,526,17.533333,0.4572,matched
710,23.666667,526,17.533333,0.457232,matched
711,23.7,527,17.566667,0.457265,matched
712,23.733333,527,17.566667,0.457297,matched
713,23.766667,528,17.6,0.457329,matched
714,23.8,528,17.6,0.457362,matched
715,23.833333,529,17.633333,0.478913,matched
716,23.866667,529,17.633333,0.500464,matched
717,23.9,530,17.666667,0.522015,matched
718,23.933333,530,17.666667,0.543567,matched
719,23.966667,530,17.666667,0.565118,matched
720,24.0,531,17.7,0.586669,matched
721,24.033333,531,17.7,0.60822,matched
722,24.066667,532,17.733333,0.629772,matched
723,24.1,532,17.733333,0.651323,matched
724,24.133333,533,17.766667,0.672874,matched
725,24.166667,533,17.766667,0.694425,matched
726,24.2,534,17.8,0.715977,matched
727,24.233333,536,17.866667,0.713314,matched
728,24.266667,538,17.933333,0.710651,matched
729,24.3,540,18.0,0.707989,matched
730,24.333333,542,18.066667,0.705326,matched
731,24.366667,544,18.133333,0.702663,matched
732,24.4,546,18.2,0.7,matched
733,24.433333,547,18.233333,0.7,matched
734,24.466667,547,18.233333,0.7,matched
735,24.5,548,18.266667,0.7,matched
736,24.533333,548,18.266667,0.7,matched
737,24.566667,549,18.3,0.7,matched
738,24.6,549,18.3,0.7,matched
739,24.633333,550,18.333333,0.7,matched
740,24.666667,550,18.333333,0.7,matched
741,24.7,551,18.366667,0.7,matched
742,24.733333,551,18.366667,0.7,matched
743,24.766667,552,18.4,0.7,matched
744,24.8,552,18.4,0.699999,matched
745,24.833333,552,18.4,0.674933,matched
746,24.866667,553,18.433333,0.649867,matched
747,24.9,554,18.466667,0.6248,matched
748,24.933333,554,18.466667,0.599734,matched
749,24.966667,554,18.466667,0.574667,matched
750,25.0,555,18.5,0.549601,matched
751,25.033333,556,18.533333,0.524535,matched
752,25.066667,556,18.533333,0.499468,matched
753,25.1,556,18.533333,0.474402,matched
754,25.133333,557,18.566667,0.449335,matched
755,25.166667,558,18.6,0.424269,matched
756,25.2,558,18.6,0.399203,matched
757,25.233333,558,18.6,0.420957,matched
758,25.266667,559,18.633333,0.442712,matched
759,25.3,559,18.633333,0.464468,matched
760,25.333333,560,18.666667,0.486223,matched
761,25.366667,560,18.666667,0.507979,matched
762,25.4,561,18.7,0.529734,matched
763,25.433333,561,18.7,0.55149,matched
764,25.466667,562,18.733333,0.573245,matched
765,25.5,562,18.733333,0.595,matched
766,25.533333,563,18.766667,0.616756,matched
767,25.566667,563,18.766667,0.638511,matched
768,25.6,564,18.8,0.660267,matched
769,25.633333,564,18.8,0.668167,matched
770,25.666667,565,18.833333,0.676067,matched
771,25.7,565,18.833333,0.683967,matched
772,25.733333,566,18.866667,0.691867,matched
773,25.766667,566,18.866667,0.699767,matched
774,25.8,567,18.9,0.707666,matched
775,25.833333,567,18.9,0.715566,matched
776,25.866667,568,18.933333,0.723466,matched
777,25.9,568,18.933333,0.731366,matched
778,25.933333,569,18.966667,0.739266,matched
779,25.966667,569,18.966667,0.747166,matched
780,26.0,570,19.0,0.755066,matched
781,26.033333,571,19.033333,0.720571,matched
782,26.066667,571,19.033333,0.686075,matched
783,26.1,572,19.066667,0.65158,matched
784,26.133333,572,19.066667,0.617085,matched
785,26.166667,573,19.1,0.582589,matched
786,26.2,573,19.1,0.548094,matched
787,26.233333,574,19.133333,0.513598,matched
788,26.266667,574,19.133333,0.479103,matched
789,26.3,575,19.166667,0.444608,matched
790,26.333333,575,19.166667,0.410112,matched
791,26.366667,576,19.2,0.375617,matched
792,26.4,576,19.2,0.341122,review
793,26.433333,577,19.233333,0.312695,review
794,26.466667,577,19.233333,0.284268,review
795,26.5,578,19.266667,0.255841,review
796,26.533333,578,19.266667,0.227414,review
797,26.566667,579,19.3,0.198987,review
798,26.6,579,19.3,0.170561,review
799,26.633333,580,19.333333,0.142134,review
800,26.666667,580,19.333333,0.113707,review
801,26.7,581,19.366667,0.08528,review
802,26.733333,581,19.366667,0.056853,review
803,26.766667,582,19.4,0.028426,review
804,26.8,582,19.4,1e-06,review
805,26.833333,582,19.4,0.028733,review
806,26.866667,583,19.433333,0.057465,review
807,26.9,584,19.466667,0.086197,review
808,26.933333,584,19.466667,0.11493,review
809,26.966667,584,19.466667,0.143662,review
810,27.0,585,19.5,0.172394,review
811,27.033333,586,19.533333,0.201126,review
812,27.066667,586,19.533333,0.229858,review
813,27.1,586,19.533333,0.258591,review
814,27.133333,587,19.566667,0.287323,review
815,27.166667,588,19.6,0.316055,review
816,27.2,588,19.6,0.344787,review
817,27.233333,590,19.666667,0.394196,matched
818,27.266667,592,19.733333,0.443605,matched
819,27.3,594,19.8,0.493015,matched
820,27.333333,596,19.866667,0.542424,matched
821,27.366667,598,19.933333,0.591833,matched
822,27.4,600,20.0,0.641242,matched
823,27.433333,601,20.033333,0.636816,matched
824,27.466667,601,20.033333,0.63239,matched
825,27.5,602,20.066667,0.627964,matched
826,27.533333,602,20.066667,0.623538,matched
827,27.566667,603,20.1,0.619112,matched
828,27.6,603,20.1,0.614685,matched
829,27.633333,604,20.133333,0.610259,matched
830,27.666667,604,20.133333,0.605833,matched
831,27.7,605,20.166667,0.601407,matched
832,27.733333,605,20.166667,0.596981,matched
833,27.766667,606,20.2,0.592555,matched
834,27.8,606,20.2,0.588129,matched
835,27.833333,608,20.266667,0.581271,matched
836,27.866667,610,20.333333,0.574413,matched
837,27.9,612,20.4,0.567555,matched
838,27.933333,614,20.466667,0.560698,matched
839,27.966667,616,20.533333,0.55384,matched
840,28.0,618,20.6,0.546982,matched
841,28.033333,620,20.666667,0.572485,matched
842,28.066667,622,20.733333,0.597988,matched
843,28.1,624,20.8,0.623491,matched
844,28.133333,626,20.866667,0.648994,matched
845,28.166667,628,20.933333,0.674497,matched
846,28.2,630,21.0,0.699999,matched
847,28.233333,630,21.0,0.691667,matched
848,28.266667,631,21.033333,0.683334,matched
849,28.3,631,21.033333,0.675,matched
850,28.333333,632,21.066667,0.666667,matched
851,28.366667,633,21.1,0.658333,matched
852,28.4,633,21.1,0.65,matched
853,28.433333,634,21.133333,0.641667,matched
854,28.466667,634,21.133333,0.633333,matched
855,28.5,635,21.166667,0.625,matched
856,28.533333,635,21.166667,0.616667,matched
857,28.566667,636,21.2,0.608333,matched
858,28.6,636,21.2,0.6,matched
859,28.633333,637,21.233333,0.590358,matched
860,28.666667,637,21.233333,0.580715,matched
861,28.7,638,21.266667,0.571072,matched
862,28.733333,638,21.266667,0.56143,matched
863,28.766667,639,21.3,0.551787,matched
864,28.8,639,21.3,0.542145,matched
865,28.833333,640,21.333333,0.532502,matched
866,28.866667,640,21.333333,0.522859,matched
867,28.9,640,21.333333,0.513217,matched
868,28.933333,641,21.366667,0.503574,matched
869,28.966667,641,21.366667,0.493932,matched
870,29.0,642,21.4,0.484289,matched
871,29.033333,644,21.466667,0.520241,matched
872,29.066667,646,21.533333,0.556192,matched
873,29.1,648,21.6,0.592144,matched
874,29.133333,650,21.666667,0.628096,matched
875,29.166667,652,21.733333,0.664047,matched
876,29.2,654,21.8,0.699999,matched
877,29.233333,656,21.866667,0.7,matched
878,29.266667,658,21.933333,0.7,matched
879,29.3,660,22.0,0.7,matched
880,29.333333,662,22.066667,0.7,matched
881,29.366667,664,22.133333,0.7,matched
882,29.4,666,22.2,0.699999,matched
883,29.433333,667,22.233333,0.641666,matched
884,29.466667,667,22.233333,0.583333,matched
885,29.5,668,22.266667,0.524999,matched
886,29.533333,668,22.266667,0.466666,matched
887,29.566667,669,22.3,0.408332,matched
888,29.6,669,22.3,0.349999,review
889,29.633333,670,22.333333,0.291666,review
890,29.666667,670,22.333333,0.233332,review
891,29.7,671,22.366667,0.174999,review
892,29.733333,671,22.366667,0.116665,review
893,29.766667,672,22.4,0.058332,review
894,29.8,672,22.4,0.0,review
895,29.833333,672,22.4,0.0,review
896,29.866667,673,22.433333,0.0,review
897,29.9,674,22.466667,0.0,review
898,29.933333,674,22.466667,0.0,review
899,29.966667,674,22.466667,0.0,review
900,30.0,675,22.5,0.0,review
901,30.033333,676,22.533333,0.0,review
902,30.066667,676,22.533333,0.0,review
903,30.1,676,22.533333,0.0,review
904,30.133333,677,22.566667,0.0,review
905,30.166667,678,22.6,0.0,review
906,30.2,678,22.6,0.0,review
907,30.233333,678,22.6,0.005637,review
908,30.266667,679,22.633333,0.011274,review
909,30.3,679,22.633333,0.016911,review
910,30.333333,680,22.666667,0.022549,review
911,30.366667,680,22.666667,0.028186,review
912,30.4,681,22.7,0.033823,review
913,30.433333,681,22.7,0.03946,review
914,30.466667,682,22.733333,0.045097,review
915,30.5,682,22.733333,0.050734,review
916,30.533333,683,22.766667,0.056372,review
917,30.566667,683,22.766667,0.062009,review
918,30.6,684,22.8,0.067646,review
919,30.633333,684,22.8,0.062009,review
920,30.666667,685,22.833333,0.056372,review
921,30.7,685,22.833333,0.050735,review
922,30.733333,686,22.866667,0.045097,review
923,30.766667,686,22.866667,0.03946,review
924,30.8,687,22.9,0.033823,review
925,30.833333,687,22.9,0.028186,review
926,30.866667,688,22.933333,0.022549,review
927,30.9,688,22.933333,0.016912,review
928,30.933333,689,22.966667,0.011274,review
929,30.966667,689,22.966667,0.005637,review
930,31.0,690,23.0,0.0,review
931,31.033333,691,23.033333,0.0,review
932,31.066667,691,23.033333,0.0,review
933,31.1,692,23.066667,0.0,review
934,31.133333,692,23.066667,0.0,review
935,31.166667,693,23.1,0.0,review
936,31.2,693,23.1,0.0,review
937,31.233333,694,23.133333,0.0,review
938,31.266667,694,23.133333,0.0,review
939,31.3,695,23.166667,0.0,review
940,31.333333,695,23.166667,0.0,review
941,31.366667,696,23.2,0.0,review
942,31.4,696,23.2,0.0,review
943,31.433333,697,23.233333,0.0,review
944,31.466667,697,23.233333,0.0,review
945,31.5,698,23.266667,0.0,review
946,31.533333,698,23.266667,0.0,review
947,31.566667,699,23.3,0.0,review
948,31.6,699,23.3,0.0,review
949,31.633333,700,23.333333,0.0,review
950,31.666667,700,23.333333,0.0,review
951,31.7,701,23.366667,0.0,review
952,31.733333,701,23.366667,0.0,review
953,31.766667,702,23.4,0.0,review
954,31.8,702,23.4,0.0,review
955,31.833333,702,23.4,0.016283,review
956,31.866667,703,23.433333,0.032565,review
957,31.9,704,23.466667,0.048848,review
958,31.933333,704,23.466667,0.06513,review
959,31.966667,704,23.466667,0.081413,review
960,32.0,705,23.5,0.097695,review
961,32.033333,706,23.533333,0.113977,review
962,32.066667,706,23.533333,0.13026,review
963,32.1,706,23.533333,0.146542,review
964,32.133333,707,23.566667,0.162825,review
965,32.166667,708,23.6,0.179107,review
966,32.2,708,23.6,0.19539,review
967,32.233333,708,23.6,0.179108,review
968,32.266667,709,23.633333,0.162825,review
969,32.3,710,23.666667,0.146543,review
970,32.333333,710,23.666667,0.13026,review
971,32.366667,710,23.666667,0.113977,review
972,32.4,711,23.7,0.097695,review
973,32.433333,712,23.733333,0.081412,review
974,32.466667,712,23.733333,0.06513,review
975,32.5,712,23.733333,0.048847,review
976,32.533333,713,23.766667,0.032564,review
977,32.566667,714,23.8,0.016282,review
978,32.6,714,23.8,3e-06,review
979,32.633333,716,23.866667,0.058713,review
980,32.666667,718,23.933333,0.117424,review
981,32.7,720,24.0,0.176134,review
982,32.733333,722,24.066667,0.234844,review
983,32.766667,724,24.133333,0.293555,review
984,32.8,726,24.2,0.352264,matched
985,32.833333,728,24.266667,0.36289,matched
986,32.866667,730,24.333333,0.373515,matched
987,32.9,732,24.4,0.384141,matched
988,32.933333,734,24.466667,0.394767,matched
989,32.966667,736,24.533333,0.405392,matched
990,33.0,738,24.6,0.416018,matched
991,33.033333,740,24.666667,0.366365,matched
992,33.066667,742,24.733333,0.316712,review
993,33.1,744,24.8,0.26706,review
994,33.133333,746,24.866667,0.217407,review
995,33.166667,748,24.933333,0.167754,review
996,33.2,750,25.0,0.118101,review
997,33.233333,752,25.066667,0.132443,review
998,33.266667,754,25.133333,0.146787,review
999,33.3,756,25.2,0.161131,review
1000,33.333333,758,25.266667,0.175474,review
1001,33.366667,760,25.333333,0.189818,review
1002,33.4,762,25.4,0.204161,review
1003,33.433333,764,25.466667,0.205993,review
1004,33.466667,766,25.533333,0.207825,review
1005,33.5,768,25.6,0.209656,review
1006,33.533333,770,25.666667,0.211487,review
1007,33.566667,772,25.733333,0.213319,review
1008,33.6,774,25.8,0.215154,review
1009,33.633333,776,25.866667,0.297402,review
1010,33.666667,778,25.933333,0.37965,matched
1011,33.7,780,26.0,0.461898,matched
1012,33.733333,782,26.066667,0.544147,matched
1013,33.766667,784,26.133333,0.626395,matched
1014,33.8,786,26.2,0.708641,matched
1015,33.833333,787,26.233333,0.708629,matched
1016,33.866667,787,26.233333,0.708618,matched
1017,33.9,788,26.266667,0.708606,matched
1018,33.933333,788,26.266667,0.708595,matched
1019,33.966667,789,26.3,0.708583,matched
1020,34.0,789,26.3,0.708572,matched
1021,34.033333,790,26.333333,0.708561,matched
1022,34.066667,790,26.333333,0.708549,matched
1023,34.1,790,26.333333,0.708538,matched
1024,34.133333,791,26.366667,0.708526,matched
1025,34.166667,791,26.366667,0.708515,matched
1026,34.2,792,26.4,0.708503,matched
1027,34.233333,792,26.4,0.717034,matched
1028,34.266667,793,26.433333,0.725565,matched
1029,34.3,793,26.433333,0.734096,matched
1030,34.333333,794,26.466667,0.742628,matched
1031,34.366667,795,26.5,0.751159,matched
1032,34.4,795,26.5,0.75969,matched
1033,34.433333,796,26.533333,0.768221,matched
1034,34.466667,796,26.533333,0.776753,matched
1035,34.5,797,26.566667,0.785284,matched
1036,34.533333,797,26.566667,0.793815,matched
1037,34.566667,798,26.6,0.802346,matched
1038,34.6,798,26.6,0.810874,matched
1039,34.633333,799,26.633333,0.749533,matched
1040,34.666667,799,26.633333,0.688191,matched
1041,34.7,800,26.666667,0.626849,matched
1042,34.733333,800,26.666667,0.565507,matched
1043,34.766667,801,26.7,0.504166,matched
1044,34.8,801,26.7,0.442824,matched
1045,34.833333,802,26.733333,0.381482,matched
1046,34.866667,802,26.733333,0.320141,review
1047,34.9,802,26.733333,0.258799,review
1048,34.933333,803,26.766667,0.197457,review
1049,34.966667,803,26.766667,0.136116,review
1050,35.0,804,26.8,0.074774,review
1051,35.033333,806,26.866667,0.062312,review
1052,35.066667,808,26.933333,0.049849,review
1053,35.1,810,27.0,0.037387,review
1054,35.133333,812,27.066667,0.024925,review
1055,35.166667,814,27.133333,0.012463,review
1056,35.2,816,27.2,0.0,review
1057,35.233333,817,27.233333,0.0,review
1058,35.266667,817,27.233333,0.0,review
1059,35.3,818,27.266667,0.0,review
1060,35.333333,818,27.266667,0.0,review
1061,35.366667,819,27.3,0.0,review
1062,35.4,819,27.3,0.0,review
1063,35.433333,820,27.333333,0.0,review
1064,35.466667,820,27.333333,0.0,review
1065,35.5,821,27.366667,0.0,review
1066,35.533333,821,27.366667,0.0,review
1067,35.566667,822,27.4,0.0,review
1068,35.6,822,27.4,0.0,review
1069,35.633333,824,27.466667,0.0,review
1070,35.666667,826,27.533333,0.0,review
1071,35.7,828,27.6,0.0,review
1072,35.733333,830,27.666667,0.0,review
1073,35.766667,832,27.733333,0.0,review
1074,35.8,834,27.8,0.0,review
1075,35.833333,836,27.866667,0.018774,review
1076,35.866667,838,27.933333,0.037547,review
1077,35.9,840,28.0,0.05632,review
1078,35.933333,842,28.066667,0.075093,review
1079,35.966667,844,28.133333,0.093867,review
1080,36.0,846,28.2,0.11264,review
1081,36.033333,847,28.233333,0.117219,review
1082,36.066667,847,28.233333,0.121797,review
1083,36.1,848,28.266667,0.126376,review
1084,36.133333,848,28.266667,0.130955,review
1085,36.166667,848,28.266667,0.135534,review
1086,36.2,849,28.3,0.140112,review
1087,36.233333,849,28.3,0.144691,review
1088,36.266667,850,28.333333,0.14927,review
1089,36.3,850,28.333333,0.153849,review
1090,36.333333,851,28.366667,0.158427,review
1091,36.366667,851,28.366667,0.163006,review
1092,36.4,852,28.4,0.167585,review
1093,36.433333,852,28.4,0.196282,review
1094,36.466667,853,28.433333,0.224979,review
1095,36.5,853,28.433333,0.253677,review
1096,36.533333,854,28.466667,0.282375,review
1097,36.566667,854,28.466667,0.311073,review
1098,36.6,855,28.5,0.339771,review
1099,36.633333,855,28.5,0.368468,matched
1100,36.666667,856,28.533333,0.397166,matched
1101,36.7,857,28.566667,0.425864,matched
1102,36.733333,857,28.566667,0.454562,matched
1103,36.766667,858,28.6,0.48326,matched
1104,36.8,858,28.6,0.511957,matched
1105,36.833333,859,28.633333,0.527628,matched
1106,36.866667,859,28.633333,0.543298,matched
1107,36.9,860,28.666667,0.558968,matched
1108,36.933333,860,28.666667,0.574638,matched
1109,36.966667,860,28.666667,0.590308,matched
1110,37.0,861,28.7,0.605978,matched
1111,37.033333,861,28.7,0.621649,matched
1112,37.066667,862,28.733333,0.637319,matched
1113,37.1,862,28.733333,0.652989,matched
1114,37.133333,863,28.766667,0.668659,matched
1115,37.166667,863,28.766667,0.684329,matched
1116,37.2,864,28.8,0.7,matched
1117,37.233333,864,28.8,0.68819,matched
1118,37.266667,865,28.833333,0.676379,matched
1119,37.3,865,28.833333,0.664569,matched
1120,37.333333,866,28.866667,0.652758,matched
1121,37.366667,866,28.866667,0.640947,matched
1122,37.4,867,28.9,0.629137,matched
1123,37.433333,867,28.9,0.617326,matched
1124,37.466667,868,28.933333,0.605516,matched
1125,37.5,869,28.966667,0.593705,matched
1126,37.533333,869,28.966667,0.581895,matched
1127,37.566667,870,29.0,0.570084,matched
1128,37.6,870,29.0,0.558275,matched
1129,37.633333,871,29.033333,0.570085,matched
1130,37.666667,871,29.033333,0.581895,matched
1131,37.7,872,29.066667,0.593706,matched
1132,37.733333,872,29.066667,0.605516,matched
1133,37.766667,873,29.1,0.617327,matched
1134,37.8,873,29.1,0.629137,matched
1135,37.833333,874,29.133333,0.640948,matched
1136,37.866667,874,29.133333,0.652758,matched
1137,37.9,875,29.166667,0.664569,matched
1138,37.933333,875,29.166667,0.676379,matched
1139,37.966667,876,29.2,0.68819,matched
1140,38.0,876,29.2,0.7,matched
1141,38.033333,877,29.233333,0.680104,matched
1142,38.066667,877,29.233333,0.660208,matched
1143,38.1,878,29.266667,0.640312,matched
1144,38.133333,878,29.266667,0.620416,matched
1145,38.166667,878,29.266667,0.60052,matched
1146,38.2,879,29.3,0.580623,matched
1147,38.233333,879,29.3,0.560727,matched
1148,38.266667,880,29.333333,0.540831,matched
1149,38.3,880,29.333333,0.520935,matched
1150,38.333333,881,29.366667,0.501039,matched
1151,38.366667,881,29.366667,0.481143,matched
1152,38.4,882,29.4,0.461247,matched
1153,38.433333,882,29.4,0.481141,matched
1154,38.466667,883,29.433333,0.501038,matched
1155,38.5,883,29.433333,0.520934,matched
1156,38.533333,884,29.466667,0.54083,matched
1157,38.566667,884,29.466667,0.560726,matched
1158,38.6,885,29.5,0.580623,matched
1159,38.633333,885,29.5,0.600519,matched
1160,38.666667,886,29.533333,0.620415,matched
1161,38.7,887,29.566667,0.640312,matched
1162,38.733333,887,29.566667,0.660208,matched
1163,38.766667,888,29.6,0.680104,matched
1164,38.8,888,29.6,0.7,matched
1165,38.833333,889,29.633333,0.6867,matched
1166,38.866667,889,29.633333,0.6734,matched
1167,38.9,890,29.666667,0.6601,matched
1168,38.933333,890,29.666667,0.6468,matched
1169,38.966667,890,29.666667,0.6335,matched
1170,39.0,891,29.7,0.6202,matched
1171,39.033333,891,29.7,0.6069,matched
1172,39.066667,892,29.733333,0.5936,matched
1173,39.1,892,29.733333,0.5803,matched
1174,39.133333,893,29.766667,0.567,matched
1175,39.166667,893,29.766667,0.5537,matched
1176,39.2,894,29.8,0.5404,matched
1177,39.233333,896,29.866667,0.554863,matched
1178,39.266667,898,29.933333,0.569327,matched
1179,39.3,900,30.0,0.583791,matched
1180,39.333333,902,30.066667,0.598255,matched
1181,39.366667,904,30.133333,0.612719,matched
1182,39.4,906,30.2,0.627182,matched
1183,39.433333,906,30.2,0.628179,matched
1184,39.466667,907,30.233333,0.629174,matched
1185,39.5,908,30.266667,0.63017,matched
1186,39.533333,908,30.266667,0.631166,matched
1187,39.566667,908,30.266667,0.632161,matched
1188,39.6,909,30.3,0.633157,matched
1189,39.633333,910,30.333333,0.634153,matched
1190,39.666667,910,30.333333,0.635148,matched
1191,39.7,910,30.333333,0.636144,matched
1192,39.733333,911,30.366667,0.63714,matched
1193,39.766667,912,30.4,0.638135,matched
1194,39.8,912,30.4,0.639131,matched
1195,39.833333,912,30.4,0.644204,matched
1196,39.866667,913,30.433333,0.649276,matched
1197,39.9,914,30.466667,0.654348,matched
1198,39.933333,914,30.466667,0.659421,matched
1199,39.966667,914,30.466667,0.664493,matched
1200,40.0,915,30.5,0.669565,matched
1201,40.033333,916,30.533333,0.674638,matched
1202,40.066667,916,30.533333,0.67971,matched
1203,40.1,916,30.533333,0.684783,matched
1204,40.133333,917,30.566667,0.689855,matched
1205,40.166667,918,30.6,0.694927,matched
1206,40.2,918,30.6,0.7,matched
1207,40.233333,920,30.666667,0.654371,matched
1208,40.266667,922,30.733333,0.608741,matched
1209,40.3,924,30.8,0.563112,matched
1210,40.333333,926,30.866667,0.517482,matched
1211,40.366667,928,30.933333,0.471852,matched
1212,40.4,930,31.0,0.426222,matched
1213,40.433333,932,31.066667,0.355186,matched
1214,40.466667,934,31.133333,0.284148,review
1215,40.5,936,31.2,0.21311,review
1216,40.533333,938,31.266667,0.142072,review
1217,40.566667,940,31.333333,0.071034,review
1218,40.6,942,31.4,5e-06,review
1219,40.633333,944,31.466667,0.116005,review
1220,40.666667,946,31.533333,0.232005,review
1221,40.7,948,31.6,0.348005,review
1222,40.733333,950,31.666667,0.464005,matched
1223,40.766667,952,31.733333,0.580005,matched
1224,40.8,954,31.8,0.696002,matched
1225,40.833333,954,31.8,0.687491,matched
1226,40.866667,955,31.833333,0.67898,matched
1227,40.9,955,31.833333,0.670469,matched
1228,40.933333,956,31.866667,0.661959,matched
1229,40.966667,956,31.866667,0.653448,matched
1230,41.0,957,31.9,0.644937,matched
1231,41.033333,957,31.9,0.636426,matched
1232,41.066667,958,31.933333,0.627915,matched
1233,41.1,958,31.933333,0.619405,matched
1234,41.133333,959,31.966667,0.610894,matched
1235,41.166667,959,31.966667,0.602383,matched
1236,41.2,960,32.0,0.593872,matched
1237,41.233333,961,32.033333,0.608235,matched
1238,41.266667,962,32.066667,0.622598,matched
1239,41.3,963,32.1,0.636962,matched
1240,41.333333,964,32.133333,0.651325,matched
1241,41.366667,965,32.166667,0.665688,matched
1242,41.4,966,32.2,0.680051,matched
1243,41.433333,968,32.266667,0.599939,matched
1244,41.466667,970,32.333333,0.519823,matched
1245,41.5,972,32.4,0.439707,matched
1246,41.533333,974,32.466667,0.359591,matched
1247,41.566667,976,32.533333,0.279475,review
1248,41.6,978,32.6,0.199362,review
1249,41.633333,978,32.6,0.196035,review
1250,41.666667,979,32.633333,0.192708,review
1251,41.7,979,32.633333,0.189382,review
1252,41.733333,980,32.666667,0.186055,review
1253,41.766667,980,32.666667,0.182728,review
1254,41.8,981,32.7,0.179401,review
1255,41.833333,981,32.7,0.176075,review
1256,41.866667,982,32.733333,0.172748,review
1257,41.9,982,32.733333,0.169421,review
1258,41.933333,983,32.766667,0.166094,review
1259,41.966667,983,32.766667,0.162768,review
1260,42.0,984,32.8,0.159441,review
1261,42.033333,984,32.8,0.160296,review
1262,42.066667,985,32.833333,0.161151,review
1263,42.1,985,32.833333,0.162007,review
1264,42.133333,986,32.866667,0.162862,review
1265,42.166667,986,32.866667,0.163717,review
1266,42.2,987,32.9,0.164572,review
1267,42.233333,987,32.9,0.165428,review
1268,42.266667,988,32.933333,0.166283,review
1269,42.3,988,32.933333,0.167138,review
1270,42.333333,989,32.966667,0.167993,review
1271,42.366667,989,32.966667,0.168849,review
1272,42.4,990,33.0,0.169704,review
1273,42.433333,992,33.066667,0.177366,review
1274,42.466667,994,33.133333,0.185028,review
1275,42.5,996,33.2,0.19269,review
1276,42.533333,998,33.266667,0.200351,review
1277,42.566667,1000,33.333333,0.208013,review
1278,42.6,1002,33.4,0.215675,review
1279,42.633333,1004,33.466667,0.223963,review
1280,42.666667,1006,33.533333,0.232251,review
1281,42.7,1008,33.6,0.240539,review
1282,42.733333,1010,33.666667,0.248827,review
1283,42.766667,1012,33.733333,0.257114,review
1284,42.8,1014,33.8,0.265402,review
1285,42.833333,1016,33.866667,0.27157,review
1286,42.866667,1018,33.933333,0.277738,review
1287,42.9,1020,34.0,0.283907,review
1288,42.933333,1022,34.066667,0.290075,review
1289,42.966667,1024,34.133333,0.296243,review
1290,43.0,1026,34.2,0.302411,review
1291,43.033333,1027,34.233333,0.315084,review
1292,43.066667,1027,34.233333,0.327757,review
1293,43.1,1028,34.266667,0.34043,review
1294,43.133333,1028,34.266667,0.353103,matched
1295,43.166667,1029,34.3,0.365777,matched
1296,43.2,1029,34.3,0.37845,matched
1297,43.233333,1030,34.333333,0.391123,matched
1298,43.266667,1030,34.333333,0.403796,matched
1299,43.3,1031,34.366667,0.416469,matched
1300,43.333333,1031,34.366667,0.429142,matched
1301,43.366667,1032,34.4,0.441815,matched
1302,43.4,1032,34.4,0.454488,matched
1303,43.433333,1033,34.433333,0.439731,matched
1304,43.466667,1033,34.433333,0.424973,matched
1305,43.5,1034,34.466667,0.410214,matched
1306,43.533333,1034,34.466667,0.395456,matched
1307,43.566667,1034,34.466667,0.380698,matched
1308,43.6,1035,34.5,0.365939,matched
1309,43.633333,1035,34.5,0.351181,matched
1310,43.666667,1036,34.533333,0.336422,review
1311,43.7,1036,34.533333,0.321664,review
1312,43.733333,1037,34.566667,0.306905,review
1313,43.766667,1037,34.566667,0.292147,review
1314,43.8,1038,34.6,0.277389,review
1315,43.833333,1038,34.6,0.284513,review
1316,43.866667,1039,34.633333,0.291638,review
1317,43.9,1039,34.633333,0.298762,review
1318,43.933333,1040,34.666667,0.305886,review
1319,43.966667,1040,34.666667,0.31301,review
1320,44.0,1041,34.7,0.320134,review
1321,44.033333,1041,34.7,0.327259,review
1322,44.066667,1042,34.733333,0.334383,review
1323,44.1,1042,34.733333,0.341507,review
1324,44.133333,1043,34.766667,0.348631,review
1325,44.166667,1043,34.766667,0.355756,matched
1326,44.2,1044,34.8,0.36288,matched
1327,44.233333,1044,34.8,0.363723,matched
1328,44.266667,1045,34.833333,0.364567,matched
1329,44.3,1045,34.833333,0.36541,matched
1330,44.333333,1046,34.866667,0.366254,matched
1331,44.366667,1046,34.866667,0.367097,matched
1332,44.4,1047,34.9,0.367941,matched
1333,44.433333,1047,34.9,0.368784,matched
1334,44.466667,1048,34.933333,0.369627,matched
1335,44.5,1049,34.966667,0.370471,matched
1336,44.533333,1049,34.966667,0.371314,matched
1337,44.566667,1050,35.0,0.372158,matched
1338,44.6,1050,35.0,0.373001,matched
1339,44.633333,1051,35.033333,0.365877,matched
1340,44.666667,1051,35.033333,0.358753,matched
1341,44.7,1052,35.066667,0.35163,matched
1342,44.733333,1052,35.066667,0.344506,review
1343,44.766667,1053,35.1,0.337382,review
1344,44.8,1053,35.1,0.330258,review
1345,44.833333,1054,35.133333,0.323135,review
1346,44.866667,1054,35.133333,0.316011,review
1347,44.9,1055,35.166667,0.308887,review
1348,44.933333,1055,35.166667,0.301763,review
1349,44.966667,1056,35.2,0.29464,review
1350,45.0,1056,35.2,0.287516,review
1351,45.033333,1058,35.266667,0.326673,review
1352,45.066667,1060,35.333333,0.365829,matched
1353,45.1,1062,35.4,0.404986,matched
1354,45.133333,1064,35.466667,0.444143,matched
1355,45.166667,1066,35.533333,0.483299,matched
1356,45.2,1068,35.6,0.522456,matched
1357,45.233333,1068,35.6,0.492502,matched
1358,45.266667,1069,35.633333,0.462547,matched
1359,45.3,1069,35.633333,0.432591,matched
1360,45.333333,1070,35.666667,0.402636,matched
1361,45.366667,1070,35.666667,0.37268,matched
1362,45.4,1071,35.7,0.342725,review
1363,45.433333,1071,35.7,0.312769,review
1364,45.466667,1072,35.733333,0.282814,review
1365,45.5,1072,35.733333,0.252858,review
1366,45.533333,1073,35.766667,0.222903,review
1367,45.566667,1073,35.766667,0.192947,review
1368,45.6,1074,35.8,0.162994,review
1369,45.633333,1074,35.8,0.180643,review
1370,45.666667,1075,35.833333,0.198293,review
1371,45.7,1076,35.866667,0.215942,review
1372,45.733333,1076,35.866667,0.233592,review
1373,45.766667,1076,35.866667,0.251241,review
1374,45.8,1077,35.9,0.268891,review
1375,45.833333,1078,35.933333,0.28654,review
1376,45.866667,1078,35.933333,0.30419,review
1377,45.9,1078,35.933333,0.321839,review
1378,45.933333,1079,35.966667,0.339489,review
1379,45.966667,1080,36.0,0.357138,matched
1380,46.0,1080,36.0,0.374788,matched
1381,46.033333,1080,36.0,0.365287,matched
1382,46.066667,1081,36.033333,0.355787,matched
1383,46.1,1082,36.066667,0.346286,review
1384,46.133333,1082,36.066667,0.336785,review
1385,46.166667,1082,36.066667,0.327284,review
1386,46.2,1083,36.1,0.317784,review
1387,46.233333,1084,36.133333,0.308283,review
1388,46.266667,1084,36.133333,0.298782,review
1389,46.3,1084,36.133333,0.289282,review
1390,46.333333,1085,36.166667,0.279781,review
1391,46.366667,1086,36.2,0.27028,review
1392,46.4,1086,36.2,0.260779,review
1393,46.433333,1088,36.266667,0.24458,review
1394,46.466667,1090,36.333333,0.228381,review
1395,46.5,1092,36.4,0.212181,review
1396,46.533333,1094,36.466667,0.195982,review
1397,46.566667,1096,36.533333,0.179783,review
1398,46.6,1098,36.6,0.163584,review
1399,46.633333,1098,36.6,0.156351,review
1400,46.666667,1099,36.633333,0.149118,review
1401,46.7,1099,36.633333,0.141886,review
1402,46.733333,1100,36.666667,0.134653,review
1403,46.766667,1100,36.666667,0.12742,review
1404,46.8,1101,36.7,0.120188,review
1405,46.833333,1101,36.7,0.112955,review
1406,46.866667,1102,36.733333,0.105723,review
1407,46.9,1102,36.733333,0.09849,review
1408,46.933333,1103,36.766667,0.091257,review
1409,46.966667,1103,36.766667,0.084025,review
1410,47.0,1104,36.8,0.076792,review
1411,47.033333,1104,36.8,0.070393,review
1412,47.066667,1105,36.833333,0.063993,review
1413,47.1,1105,36.833333,0.057594,review
1414,47.133333,1106,36.866667,0.051195,review
1415,47.166667,1106,36.866667,0.044795,review
1416,47.2,1107,36.9,0.038396,review
1417,47.233333,1107,36.9,0.031997,review
1418,47.266667,1108,36.933333,0.025598,review
1419,47.3,1108,36.933333,0.019198,review
1420,47.333333,1109,36.966667,0.012799,review
1421,47.366667,1109,36.966667,0.0064,review
1422,47.4,1110,37.0,0.0,review
1423,47.433333,1110,37.0,0.001459,review
1424,47.466667,1111,37.033333,0.002919,review
1425,47.5,1111,37.033333,0.004378,review
1426,47.533333,1112,37.066667,0.005838,review
1427,47.566667,1113,37.1,0.007297,review
1428,47.6,1113,37.1,0.008757,review
1429,47.633333,1114,37.133333,0.010216,review
1430,47.666667,1114,37.133333,0.011676,review
1431,47.7,1115,37.166667,0.013136,review
1432,47.733333,1115,37.166667,0.014595,review
1433,47.766667,1116,37.2,0.016055,review
1434,47.8,1116,37.2,0.017514,review
1435,47.833333,1117,37.233333,0.021644,review
1436,47.866667,1117,37.233333,0.025774,review
1437,47.9,1118,37.266667,0.029904,review
1438,47.933333,1118,37.266667,0.034034,review
1439,47.966667,1119,37.3,0.038164,review
1440,48.0,1119,37.3,0.042294,review
1441,48.033333,1120,37.333333,0.046425,review
1442,48.066667,1120,37.333333,0.050555,review
1443,48.1,1121,37.366667,0.054685,review
1444,48.133333,1121,37.366667,0.058815,review
1445,48.166667,1122,37.4,0.062945,review
1446,48.2,1122,37.4,0.067075,review
1447,48.233333,1123,37.433333,0.065345,review
1448,48.266667,1123,37.433333,0.063615,review
1449,48.3,1124,37.466667,0.061885,review
1450,48.333333,1124,37.466667,0.060155,review
1451,48.366667,1125,37.5,0.058425,review
1452,48.4,1125,37.5,0.056694,review
1453,48.433333,1126,37.533333,0.054964,review
1454,48.466667,1126,37.533333,0.053234,review
1455,48.5,1126,37.533333,0.051504,review
1456,48.533333,1127,37.566667,0.049774,review
1457,48.566667,1127,37.566667,0.048044,review
1458,48.6,1128,37.6,0.046314,review
1459,48.633333,1128,37.6,0.042988,review
1460,48.666667,1129,37.633333,0.039663,review
1461,48.7,1129,37.633333,0.036338,review
1462,48.733333,1130,37.666667,0.033012,review
1463,48.766667,1130,37.666667,0.029687,review
1464,48.8,1131,37.7,0.026361,review
1465,48.833333,1131,37.7,0.023036,review
1466,48.866667,1132,37.733333,0.019711,review
1467,48.9,1132,37.733333,0.016385,review
1468,48.933333,1133,37.766667,0.01306,review
1469,48.966667,1133,37.766667,0.009734,review
1470,49.0,1134,37.8,0.006409,review
1471,49.033333,1134,37.8,0.005875,review
1472,49.066667,1135,37.833333,0.005341,review
1473,49.1,1135,37.833333,0.004807,review
1474,49.133333,1136,37.866667,0.004273,review
1475,49.166667,1136,37.866667,0.003739,review
1476,49.2,1137,37.9,0.003205,review
1477,49.233333,1137,37.9,0.00267,review
1478,49.266667,1138,37.933333,0.002136,review
1479,49.3,1138,37.933333,0.001602,review
1480,49.333333,1139,37.966667,0.001068,review
1481,49.366667,1139,37.966667,0.000534,review
1482,49.4,1140,38.0,0.0,review
1483,49.433333,1140,38.0,0.0,review
1484,49.466667,1141,38.033333,0.0,review
1485,49.5,1141,38.033333,0.0,review
1486,49.533333,1142,38.066667,0.0,review
1487,49.566667,1143,38.1,0.0,review
1488,49.6,1143,38.1,0.0,review
1489,49.633333,1144,38.133333,0.0,review
1490,49.666667,1144,38.133333,0.0,review
1491,49.7,1145,38.166667,0.0,review
1492,49.733333,1145,38.166667,0.0,review
1493,49.766667,1146,38.2,0.0,review
1494,49.8,1146,38.2,0.0,review
1495,49.833333,1147,38.233333,0.0,review
1496,49.866667,1147,38.233333,0.0,review
1497,49.9,1148,38.266667,0.0,review
1498,49.933333,1148,38.266667,0.0,review
1499,49.966667,1149,38.3,0.0,review
1500,50.0,1149,38.3,0.0,review
1501,50.033333,1150,38.333333,0.0,review
1502,50.066667,1150,38.333333,0.0,review
1503,50.1,1151,38.366667,0.0,review
1504,50.133333,1151,38.366667,0.0,review
1505,50.166667,1152,38.4,0.0,review
1506,50.2,1152,38.4,0.0,review
1507,50.233333,1153,38.433333,0.007758,review
1508,50.266667,1153,38.433333,0.015516,review
1509,50.3,1154,38.466667,0.023274,review
1510,50.333333,1154,38.466667,0.031033,review
1511,50.366667,1155,38.5,0.038791,review
1512,50.4,1155,38.5,0.046549,review
1513,50.433333,1156,38.533333,0.054307,review
1514,50.466667,1156,38.533333,0.062066,review
1515,50.5,1156,38.533333,0.069824,review
1516,50.533333,1157,38.566667,0.077582,review
1517,50.566667,1157,38.566667,0.08534,review
1518,50.6,1158,38.6,0.093098,review
1519,50.633333,1158,38.6,0.100989,review
1520,50.666667,1159,38.633333,0.108879,review
1521,50.7,1159,38.633333,0.116769,review
1522,50.733333,1160,38.666667,0.12466,review
1523,50.766667,1160,38.666667,0.13255,review
1524,50.8,1161,38.7,0.14044,review
1525,50.833333,1161,38.7,0.14833,review
1526,50.866667,1162,38.733333,0.156221,review
1527,50.9,1162,38.733333,0.164111,review
1528,50.933333,1163,38.766667,0.172001,review
1529,50.966667,1163,38.766667,0.179892,review
1530,51.0,1164,38.8,0.187782,review
1531,51.033333,1164,38.8,0.193224,review
1532,51.066667,1165,38.833333,0.198666,review
1533,51.1,1165,38.833333,0.204108,review
1534,51.133333,1166,38.866667,0.20955,review
1535,51.166667,1166,38.866667,0.214992,review
1536,51.2,1167,38.9,0.220434,review
1537,51.233333,1167,38.9,0.225876,review
1538,51.266667,1168,38.933333,0.231318,review
1539,51.3,1168,38.933333,0.23676,review
1540,51.333333,1169,38.966667,0.242202,review
1541,51.366667,1169,38.966667,0.247644,review
1542,51.4,1170,39.0,0.253086,review
1543,51.433333,1170,39.0,0.257614,review
1544,51.466667,1171,39.033333,0.262142,review
1545,51.5,1171,39.033333,0.26667,review
1546,51.533333,1172,39.066667,0.271198,review
1547,51.566667,1173,39.1,0.275726,review
1548,51.6,1173,39.1,0.280254,review
1549,51.633333,1174,39.133333,0.284782,review
1550,51.666667,1174,39.133333,0.28931,review
1551,51.7,1175,39.166667,0.293838,review
1552,51.733333,1175,39.166667,0.298366,review
1553,51.766667,1176,39.2,0.302894,review
1554,51.8,1176,39.2,0.307423,review
1555,51.833333,1178,39.266667,0.335225,review
1556,51.866667,1180,39.333333,0.363027,matched
1557,51.9,1182,39.4,0.390829,matched
1558,51.933333,1184,39.466667,0.418632,matched
1559,51.966667,1186,39.533333,0.446434,matched
1560,52.0,1188,39.6,0.474236,matched
1561,52.033333,1188,39.6,0.434716,matched
1562,52.066667,1189,39.633333,0.395197,matched
1563,52.1,1189,39.633333,0.355677,matched
1564,52.133333,1190,39.666667,0.316158,review
1565,52.166667,1190,39.666667,0.276638,review
1566,52.2,1191,39.7,0.237119,review
1567,52.233333,1191,39.7,0.197599,review
1568,52.266667,1192,39.733333,0.15808,review
1569,52.3,1192,39.733333,0.11856,review
1570,52.333333,1193,39.766667,0.079041,review
1571,52.366667,1193,39.766667,0.039521,review
1572,52.4,1194,39.8,2e-06,review
1573,52.433333,1194,39.8,0.029362,review
1574,52.466667,1195,39.833333,0.058725,review
1575,52.5,1195,39.833333,0.088088,review
1576,52.533333,1196,39.866667,0.117451,review
1577,52.566667,1196,39.866667,0.146814,review
1578,52.6,1197,39.9,0.176178,review
1579,52.633333,1197,39.9,0.205541,review
1580,52.666667,1198,39.933333,0.234904,review
1581,52.7,1198,39.933333,0.264267,review
1582,52.733333,1199,39.966667,0.29363,review
1583,52.766667,1200,40.0,0.322993,review
1584,52.8,1200,40.0,0.352356,matched
1585,52.833333,1202,40.066667,0.355208,matched
1586,52.866667,1204,40.133333,0.35806,matched
1587,52.9,1206,40.2,0.360912,matched
1588,52.933333,1208,40.266667,0.363764,matched
1589,52.966667,1210,40.333333,0.366616,matched
1590,53.0,1212,40.4,0.369468,matched
1591,53.033333,1214,40.466667,0.404007,matched
1592,53.066667,1216,40.533333,0.438546,matched
1593,53.1,1218,40.6,0.473085,matched
1594,53.133333,1220,40.666667,0.507624,matched
1595,53.166667,1222,40.733333,0.542163,matched
1596,53.2,1224,40.8,0.576702,matched
1597,53.233333,1226,40.866667,0.547196,matched
1598,53.266667,1228,40.933333,0.517689,matched
1599,53.3,1230,41.0,0.488182,matched
1600,53.333333,1232,41.066667,0.458674,matched
1601,53.366667,1234,41.133333,0.429167,matched
1602,53.4,1236,41.2,0.399659,matched
1603,53.433333,1238,41.266667,0.406983,matched
1604,53.466667,1240,41.333333,0.414308,matched
1605,53.5,1242,41.4,0.421633,matched
1606,53.533333,1244,41.466667,0.428959,matched
1607,53.566667,1246,41.533333,0.436284,matched
1608,53.6,1248,41.6,0.443609,matched
1609,53.633333,1248,41.6,0.436228,matched
1610,53.666667,1249,41.633333,0.428846,matched
1611,53.7,1249,41.633333,0.421465,matched
1612,53.733333,1250,41.666667,0.414084,matched
1613,53.766667,1250,41.666667,0.406703,matched
1614,53.8,1251,41.7,0.399322,matched
1615,53.833333,1251,41.7,0.391941,matched
1616,53.866667,1252,41.733333,0.38456,matched
1617,53.9,1252,41.733333,0.377178,matched
1618,53.933333,1253,41.766667,0.369797,matched
1619,53.966667,1253,41.766667,0.362416,matched
1620,54.0,1254,41.8,0.355035,matched
1621,54.033333,1256,41.866667,0.342629,review
1622,54.066667,1258,41.933333,0.330223,review
1623,54.1,1260,42.0,0.317818,review
1624,54.133333,1262,42.066667,0.305412,review
1625,54.166667,1264,42.133333,0.293006,review
1626,54.2,1266,42.2,0.2806,review
1627,54.233333,1268,42.266667,0.295499,review
1628,54.266667,1270,42.333333,0.310399,review
1629,54.3,1272,42.4,0.325298,review
1630,54.333333,1274,42.466667,0.340198,review
1631,54.366667,1276,42.533333,0.355098,matched
1632,54.4,1278,42.6,0.369997,matched
1633,54.433333,1279,42.633333,0.378613,matched
1634,54.466667,1280,42.666667,0.387228,matched
1635,54.5,1281,42.7,0.395843,matched
1636,54.533333,1282,42.733333,0.404457,matched
1637,54.566667,1283,42.766667,0.413072,matched
1638,54.6,1284,42.8,0.421686,matched
1639,54.633333,1284,42.8,0.395135,matched
1640,54.666667,1285,42.833333,0.368585,matched
1641,54.7,1286,42.866667,0.342034,review
1642,54.733333,1286,42.866667,0.315484,review
1643,54.766667,1286,42.866667,0.288933,review
1644,54.8,1287,42.9,0.262382,review
1645,54.833333,1288,42.933333,0.235832,review
1646,54.866667,1288,42.933333,0.209281,review
1647,54.9,1288,42.933333,0.182731,review
1648,54.933333,1289,42.966667,0.15618,review
1649,54.966667,1290,43.0,0.12963,review
1650,55.0,1290,43.0,0.103079,review
1651,55.033333,1290,43.0,0.139642,review
1652,55.066667,1291,43.033333,0.176205,review
1653,55.1,1292,43.066667,0.212769,review
1654,55.133333,1292,43.066667,0.249332,review
1655,55.166667,1292,43.066667,0.285895,review
1656,55.2,1293,43.1,0.322458,review
1657,55.233333,1294,43.133333,0.359021,matched
1658,55.266667,1294,43.133333,0.395585,matched
1659,55.3,1294,43.133333,0.432148,matched
1660,55.333333,1295,43.166667,0.468711,matched
1661,55.366667,1296,43.2,0.505274,matched
1662,55.4,1296,43.2,0.541837,matched
1663,55.433333,1298,43.266667,0.536784,matched
1664,55.466667,1300,43.333333,0.531729,matched
1665,55.5,1302,43.4,0.526675,matched
1666,55.533333,1304,43.466667,0.52162,matched
1667,55.566667,1306,43.533333,0.516565,matched
1668,55.6,1308,43.6,0.511509,matched
1669,55.633333,1308,43.6,0.493373,matched
1670,55.666667,1309,43.633333,0.475236,matched
1671,55.7,1309,43.633333,0.4571,matched
1672,55.733333,1310,43.666667,0.438963,matched
1673,55.766667,1310,43.666667,0.420827,matched
1674,55.8,1311,43.7,0.402691,matched
1675,55.833333,1311,43.7,0.384554,matched
1676,55.866667,1312,43.733333,0.366418,matched
1677,55.9,1312,43.733333,0.348281,review
1678,55.933333,1313,43.766667,0.330145,review
1679,55.966667,1313,43.766667,0.312008,review
1680,56.0,1314,43.8,0.293872,review
1681,56.033333,1316,43.866667,0.290255,review
1682,56.066667,1318,43.933333,0.286637,review
1683,56.1,1320,44.0,0.28302,review
1684,56.133333,1322,44.066667,0.279402,review
1685,56.166667,1324,44.133333,0.275785,review
1686,56.2,1326,44.2,0.272167,review
1687,56.233333,1328,44.266667,0.311488,review
1688,56.266667,1330,44.333333,0.35081,matched
1689,56.3,1332,44.4,0.390133,matched
1690,56.333333,1334,44.466667,0.429455,matched
1691,56.366667,1336,44.533333,0.468777,matched
1692,56.4,1338,44.6,0.508099,matched
1693,56.433333,1340,44.666667,0.491191,matched
1694,56.466667,1342,44.733333,0.474279,matched
1695,56.5,1344,44.8,0.457368,matched
1696,56.533333,1346,44.866667,0.440457,matched
1697,56.566667,1348,44.933333,0.423545,matched
1698,56.6,1350,45.0,0.406636,matched
1699,56.633333,1351,45.033333,0.426581,matched
1700,56.666667,1351,45.033333,0.446526,matched
1701,56.7,1352,45.066667,0.46647,matched
1702,56.733333,1352,45.066667,0.486415,matched
1703,56.766667,1353,45.1,0.50636,matched
1704,56.8,1353,45.1,0.526305,matched
1705,56.833333,1354,45.133333,0.54625,matched
1706,56.866667,1354,45.133333,0.566195,matched
1707,56.9,1355,45.166667,0.586139,matched
1708,56.933333,1355,45.166667,0.606084,matched
1709,56.966667,1356,45.2,0.626029,matched
1710,57.0,1356,45.2,0.645974,matched
1711,57.033333,1357,45.233333,0.65949,matched
1712,57.066667,1357,45.233333,0.673006,matched
1713,57.1,1358,45.266667,0.686522,matched
1714,57.133333,1358,45.266667,0.700038,matched
1715,57.166667,1359,45.3,0.713555,matched
1716,57.2,1359,45.3,0.727071,matched
1717,57.233333,1360,45.333333,0.740587,matched
1718,57.266667,1360,45.333333,0.754103,matched
1719,57.3,1361,45.366667,0.767619,matched
1720,57.333333,1361,45.366667,0.781135,matched
1721,57.366667,1362,45.4,0.794651,matched
1722,57.4,1362,45.4,0.808167,matched
1723,57.433333,1363,45.433333,0.784221,matched
1724,57.466667,1363,45.433333,0.760272,matched
1725,57.5,1364,45.466667,0.736324,matched
1726,57.533333,1364,45.466667,0.712375,matched
1727,57.566667,1364,45.466667,0.688427,matched
1728,57.6,1365,45.5,0.664478,matched
1729,57.633333,1365,45.5,0.64053,matched
1730,57.666667,1366,45.533333,0.616581,matched
1731,57.7,1366,45.533333,0.592633,matched
1732,57.733333,1367,45.566667,0.568684,matched
1733,57.766667,1367,45.566667,0.544736,matched
1734,57.8,1368,45.6,0.520788,matched
1735,57.833333,1368,45.6,0.503198,matched
1736,57.866667,1369,45.633333,0.485608,matched
1737,57.9,1369,45.633333,0.468019,matched
1738,57.933333,1370,45.666667,0.450429,matched
1739,57.966667,1370,45.666667,0.43284,matched
1740,58.0,1371,45.7,0.41525,matched
1741,58.033333,1371,45.7,0.39766,matched
1742,58.066667,1372,45.733333,0.380071,matched
1743,58.1,1372,45.733333,0.362481,matched
1744,58.133333,1373,45.766667,0.344892,review
1745,58.166667,1373,45.766667,0.327302,review
1746,58.2,1374,45.8,0.309712,review
1747,58.233333,1374,45.8,0.333624,review
1748,58.266667,1375,45.833333,0.357536,matched
1749,58.3,1375,45.833333,0.381448,matched
1750,58.333333,1376,45.866667,0.40536,matched
1751,58.366667,1376,45.866667,0.429272,matched
1752,58.4,1377,45.9,0.453184,matched
1753,58.433333,1377,45.9,0.477096,matched
1754,58.466667,1378,45.933333,0.501009,matched
1755,58.5,1379,45.966667,0.524921,matched
1756,58.533333,1379,45.966667,0.548833,matched
1757,58.566667,1380,46.0,0.572745,matched
1758,58.6,1380,46.0,0.596656,matched
1759,58.633333,1381,46.033333,0.601001,matched
1760,58.666667,1381,46.033333,0.605346,matched
1761,58.7,1382,46.066667,0.609691,matched
1762,58.733333,1382,46.066667,0.614036,matched
1763,58.766667,1383,46.1,0.618381,matched
1764,58.8,1383,46.1,0.622726,matched
1765,58.833333,1384,46.133333,0.627071,matched
1766,58.866667,1384,46.133333,0.631415,matched
1767,58.9,1385,46.166667,0.63576,matched
1768,58.933333,1385,46.166667,0.640105,matched
1769,58.966667,1386,46.2,0.64445,matched
1770,59.0,1386,46.2,0.648795,matched
1771,59.033333,1388,46.266667,0.626139,matched
1772,59.066667,1390,46.333333,0.603483,matched
1773,59.1,1392,46.4,0.580827,matched
1774,59.133333,1394,46.466667,0.558171,matched
1775,59.166667,1396,46.533333,0.535515,matched
1776,59.2,1398,46.6,0.51286,matched
1777,59.233333,1398,46.6,0.520651,matched
1778,59.266667,1399,46.633333,0.528444,matched
1779,59.3,1399,46.633333,0.536236,matched
1780,59.333333,1400,46.666667,0.544028,matched
1781,59.366667,1400,46.666667,0.551821,matched
1782,59.4,1401,46.7,0.559613,matched
1783,59.433333,1401,46.7,0.567405,matched
1784,59.466667,1402,46.733333,0.575198,matched
1785,59.5,1402,46.733333,0.58299,matched
1786,59.533333,1403,46.766667,0.590783,matched
1787,59.566667,1403,46.766667,0.598575,matched
1788,59.6,1404,46.8,0.606368,matched
1789,59.633333,1406,46.866667,0.631734,matched
1790,59.666667,1408,46.933333,0.6571,matched
1791,59.7,1410,47.0,0.682466,matched
1792,59.733333,1412,47.066667,0.707832,matched
1793,59.766667,1414,47.133333,0.733198,matched
1794,59.8,1416,47.2,0.758562,matched
1795,59.833333,1418,47.266667,0.725671,matched
1796,59.866667,1420,47.333333,0.69278,matched
1797,59.9,1422,47.4,0.65989,matched
1798,59.933333,1424,47.466667,0.626999,matched
1799,59.966667,1426,47.533333,0.594108,matched
1800,60.0,1428,47.6,0.561217,matched
1801,60.033333,1430,47.666667,0.567152,matched
1802,60.066667,1432,47.733333,0.573087,matched
1803,60.1,1434,47.8,0.579021,matched
1804,60.133333,1436,47.866667,0.584956,matched
1805,60.166667,1438,47.933333,0.590891,matched
1806,60.2,1440,48.0,0.596826,matched
1807,60.233333,1440,48.0,0.589687,matched
1808,60.266667,1441,48.033333,0.582548,matched
1809,60.3,1442,48.066667,0.57541,matched
1810,60.333333,1442,48.066667,0.568271,matched
1811,60.366667,1443,48.1,0.561132,matched
1812,60.4,1443,48.1,0.553993,matched
1813,60.433333,1444,48.133333,0.546854,matched
1814,60.466667,1444,48.133333,0.539715,matched
1815,60.5,1445,48.166667,0.532576,matched
1816,60.533333,1445,48.166667,0.525437,matched
1817,60.566667,1446,48.2,0.518299,matched
1818,60.6,1446,48.2,0.51116,matched
1819,60.633333,1447,48.233333,0.501399,matched
1820,60.666667,1447,48.233333,0.491638,matched
1821,60.7,1448,48.266667,0.481878,matched
1822,60.733333,1448,48.266667,0.472117,matched
1823,60.766667,1449,48.3,0.462357,matched
1824,60.8,1449,48.3,0.452596,matched
1825,60.833333,1450,48.333333,0.442836,matched
1826,60.866667,1450,48.333333,0.433075,matched
1827,60.9,1451,48.366667,0.423315,matched
1828,60.933333,1451,48.366667,0.413554,matched
1829,60.966667,1452,48.4,0.403794,matched
1830,61.0,1452,48.4,0.394033,matched
1831,61.033333,1453,48.433333,0.394132,matched
1832,61.066667,1453,48.433333,0.394231,matched
1833,61.1,1454,48.466667,0.394331,matched
1834,61.133333,1454,48.466667,0.39443,matched
1835,61.166667,1454,48.466667,0.394529,matched
1836,61.2,1455,48.5,0.394628,matched
1837,61.233333,1455,48.5,0.394727,matched
1838,61.266667,1456,48.533333,0.394826,matched
1839,61.3,1456,48.533333,0.394925,matched
1840,61.333333,1457,48.566667,0.395025,matched
1841,61.366667,1457,48.566667,0.395124,matched
1842,61.4,1458,48.6,0.395223,matched
1843,61.433333,1460,48.666667,0.427634,matched
1844,61.466667,1462,48.733333,0.460047,matched
1845,61.5,1464,48.8,0.492459,matched
1846,61.533333,1466,48.866667,0.524872,matched
1847,61.566667,1468,48.933333,0.557285,matched
1848,61.6,1470,49.0,0.589696,matched
1849,61.633333,1471,49.033333,0.588229,matched
1850,61.666667,1471,49.033333,0.586762,matched
1851,61.7,1472,49.066667,0.585296,matched
1852,61.733333,1472,49.066667,0.583829,matched
1853,61.766667,1473,49.1,0.582362,matched
1854,61.8,1473,49.1,0.580895,matched
1855,61.833333,1474,49.133333,0.579429,matched
1856,61.866667,1474,49.133333,0.577962,matched
1857,61.9,1475,49.166667,0.576495,matched
1858,61.933333,1475,49.166667,0.575028,matched
1859,61.966667,1476,49.2,0.573562,matched
1860,62.0,1476,49.2,0.572095,matched
1861,62.033333,1478,49.266667,0.557441,matched
1862,62.066667,1480,49.333333,0.542787,matched
1863,62.1,1482,49.4,0.528134,matched
1864,62.133333,1484,49.466667,0.51348,matched
1865,62.166667,1486,49.533333,0.498826,matched
1866,62.2,1488,49.6,0.484172,matched
1867,62.233333,1488,49.6,0.484716,matched
1868,62.266667,1489,49.633333,0.485261,matched
1869,62.3,1489,49.633333,0.485805,matched
1870,62.333333,1490,49.666667,0.48635,matched
1871,62.366667,1490,49.666667,0.486894,matched
1872,62.4,1491,49.7,0.487439,matched
1873,62.433333,1491,49.7,0.487983,matched
1874,62.466667,1492,49.733333,0.488527,matched
1875,62.5,1492,49.733333,0.489072,matched
1876,62.533333,1493,49.766667,0.489616,matched
1877,62.566667,1493,49.766667,0.490161,matched
1878,62.6,1494,49.8,0.490704,matched
1879,62.633333,1494,49.8,0.476618,matched
1880,62.666667,1495,49.833333,0.462532,matched
1881,62.7,1496,49.866667,0.448446,matched
1882,62.733333,1496,49.866667,0.43436,matched
1883,62.766667,1496,49.866667,0.420273,matched
1884,62.8,1497,49.9,0.406187,matched
1885,62.833333,1498,49.933333,0.392101,matched
1886,62.866667,1498,49.933333,0.378015,matched
1887,62.9,1498,49.933333,0.363929,matched
1888,62.933333,1499,49.966667,0.349842,review
1889,62.966667,1500,50.0,0.335756,review
1890,63.0,1500,50.0,0.32167,review
1891,63.033333,1502,50.066667,0.301084,review
1892,63.066667,1504,50.133333,0.280498,review
1893,63.1,1506,50.2,0.259912,review
1894,63.133333,1508,50.266667,0.239326,review
1895,63.166667,1510,50.333333,0.21874,review
1896,63.2,1512,50.4,0.198153,review
1897,63.233333,1513,50.433333,0.187943,review
1898,63.266667,1513,50.433333,0.177733,review
1899,63.3,1514,50.466667,0.167524,review
1900,63.333333,1514,50.466667,0.157314,review
1901,63.366667,1515,50.5,0.147104,review
1902,63.4,1515,50.5,0.136894,review
1903,63.433333,1516,50.533333,0.126684,review
1904,63.466667,1516,50.533333,0.116474,review
1905,63.5,1516,50.533333,0.106264,review
1906,63.533333,1517,50.566667,0.096054,review
1907,63.566667,1517,50.566667,0.085844,review
1908,63.6,1518,50.6,0.075635,review
1909,63.633333,1518,50.6,0.069332,review
1910,63.666667,1519,50.633333,0.063029,review
1911,63.7,1519,50.633333,0.056726,review
1912,63.733333,1520,50.666667,0.050423,review
1913,63.766667,1520,50.666667,0.04412,review
1914,63.8,1521,50.7,0.037817,review
1915,63.833333,1521,50.7,0.031514,review
1916,63.866667,1522,50.733333,0.025212,review
1917,63.9,1522,50.733333,0.018909,review
1918,63.933333,1523,50.766667,0.012606,review
1919,63.966667,1523,50.766667,0.006303,review
1920,64.0,1524,50.8,0.0,review
1921,64.033333,1524,50.8,0.0,review
1922,64.066667,1525,50.833333,0.0,review
1923,64.1,1525,50.833333,0.0,review
1924,64.133333,1526,50.866667,0.0,review
1925,64.166667,1526,50.866667,0.0,review
1926,64.2,1527,50.9,0.0,review
1927,64.233333,1527,50.9,0.0,review
1928,64.266667,1528,50.933333,0.0,review
1929,64.3,1528,50.933333,0.0,review
1930,64.333333,1529,50.966667,0.0,review
1931,64.366667,1529,50.966667,0.0,review
1932,64.4,1530,51.0,0.0,review
1933,64.433333,1530,51.0,0.022309,review
1934,64.466667,1531,51.033333,0.044619,review
1935,64.5,1531,51.033333,0.066929,review
1936,64.533333,1532,51.066667,0.089239,review
1937,64.566667,1532,51.066667,0.111549,review
1938,64.6,1533,51.1,0.133859,review
1939,64.633333,1533,51.1,0.156169,review
1940,64.666667,1534,51.133333,0.178479,review
1941,64.7,1534,51.133333,0.200789,review
1942,64.733333,1535,51.166667,0.223099,review
1943,64.766667,1535,51.166667,0.245409,review
1944,64.8,1536,51.2,0.267719,review
1945,64.833333,1536,51.2,0.246703,review
1946,64.866667,1537,51.233333,0.225683,review
1947,64.9,1538,51.266667,0.204662,review
1948,64.933333,1538,51.266667,0.183642,review
1949,64.966667,1539,51.3,0.162622,review
1950,65.0,1539,51.3,0.141602,review
1951,65.033333,1540,51.333333,0.120582,review
1952,65.066667,1540,51.333333,0.099562,review
1953,65.1,1541,51.366667,0.078542,review
1954,65.133333,1541,51.366667,0.057521,review
1955,65.166667,1542,51.4,0.036501,review
1956,65.2,1542,51.4,0.015484,review
1957,65.233333,1544,51.466667,0.02284,review
1958,65.266667,1546,51.533333,0.030197,review
1959,65.3,1548,51.6,0.037554,review
1960,65.333333,1550,51.666667,0.04491,review
1961,65.366667,1552,51.733333,0.052267,review
1962,65.4,1554,51.8,0.059624,review
1963,65.433333,1556,51.866667,0.06108,review
1964,65.466667,1558,51.933333,0.062537,review
1965,65.5,1560,52.0,0.063993,review
1966,65.533333,1562,52.066667,0.065449,review
1967,65.566667,1564,52.133333,0.066906,review
1968,65.6,1566,52.2,0.068363,review
1969,65.633333,1567,52.233333,0.097313,review
1970,65.666667,1567,52.233333,0.126263,review
1971,65.7,1568,52.266667,0.155212,review
1972,65.733333,1568,52.266667,0.184162,review
1973,65.766667,1569,52.3,0.213112,review
1974,65.8,1569,52.3,0.242062,review
1975,65.833333,1570,52.333333,0.271011,review
1976,65.866667,1570,52.333333,0.299961,review
1977,65.9,1571,52.366667,0.328911,review
1978,65.933333,1571,52.366667,0.357861,matched
1979,65.966667,1572,52.4,0.38681,matched
1980,66.0,1572,52.4,0.41576,matched
1981,66.033333,1573,52.433333,0.401978,matched
1982,66.066667,1573,52.433333,0.388197,matched
1983,66.1,1574,52.466667,0.374415,matched
1984,66.133333,1574,52.466667,0.360634,matched
1985,66.166667,1574,52.466667,0.346852,review
1986,66.2,1575,52.5,0.33307,review
1987,66.233333,1575,52.5,0.319289,review
1988,66.266667,1576,52.533333,0.305507,review
1989,66.3,1576,52.533333,0.291725,review
1990,66.333333,1577,52.566667,0.277944,review
1991,66.366667,1577,52.566667,0.264162,review
1992,66.4,1578,52.6,0.250381,review
1993,66.433333,1578,52.6,0.255528,review
1994,66.466667,1579,52.633333,0.260677,review
1995,66.5,1579,52.633333,0.265825,review
1996,66.533333,1580,52.666667,0.270974,review
1997,66.566667,1580,52.666667,0.276123,review
1998,66.6,1581,52.7,0.281271,review
1999,66.633333,1581,52.7,0.28642,review
2000,66.666667,1582,52.733333,0.291568,review
2001,66.7,1582,52.733333,0.296717,review
2002,66.733333,1583,52.766667,0.301865,review
2003,66.766667,1583,52.766667,0.307014,review
2004,66.8,1584,52.8,0.312163,review
2005,66.833333,1586,52.866667,0.335299,review
2006,66.866667,1588,52.933333,0.358438,matched
2007,66.9,1590,53.0,0.381576,matched
2008,66.933333,1592,53.066667,0.404715,matched
2009,66.966667,1594,53.133333,0.427853,matched
2010,67.0,1596,53.2,0.450992,matched
2011,67.033333,1597,53.233333,0.432751,matched
2012,67.066667,1597,53.233333,0.41451,matched
2013,67.1,1598,53.266667,0.396269,matched
2014,67.133333,1598,53.266667,0.378028,matched
2015,67.166667,1599,53.3,0.359787,matched
2016,67.2,1599,53.3,0.341546,review
2017,67.233333,1600,53.333333,0.323305,review
2018,67.266667,1600,53.333333,0.305064,review
2019,67.3,1601,53.366667,0.286823,review
2020,67.333333,1601,53.366667,0.268582,review
2021,67.366667,1602,53.4,0.250341,review
2022,67.4,1602,53.4,0.2321,review
2023,67.433333,1603,53.433333,0.255766,review
2024,67.466667,1603,53.433333,0.279434,review
2025,67.5,1603,53.433333,0.303101,review
2026,67.533333,1604,53.466667,0.326769,review
2027,67.566667,1604,53.466667,0.350437,matched
2028,67.6,1605,53.5,0.374105,matched
2029,67.633333,1605,53.5,0.397773,matched
2030,67.666667,1606,53.533333,0.421441,matched
2031,67.7,1606,53.533333,0.445108,matched
2032,67.733333,1607,53.566667,0.468776,matched
2033,67.766667,1607,53.566667,0.492444,matched
2034,67.8,1608,53.6,0.516112,matched
2035,67.833333,1608,53.6,0.51964,matched
2036,67.866667,1609,53.633333,0.523166,matched
2037,67.9,1609,53.633333,0.526692,matched
2038,67.933333,1610,53.666667,0.530218,matched
2039,67.966667,1610,53.666667,0.533744,matched
2040,68.0,1611,53.7,0.53727,matched
2041,68.033333,1611,53.7,0.540796,matched
2042,68.066667,1612,53.733333,0.544322,matched
2043,68.1,1612,53.733333,0.547848,matched
2044,68.133333,1613,53.766667,0.551374,matched
2045,68.166667,1614,53.8,0.5549,matched
2046,68.2,1614,53.8,0.558424,matched
2047,68.233333,1615,53.833333,0.538678,matched
2048,68.266667,1615,53.833333,0.518932,matched
2049,68.3,1616,53.866667,0.499186,matched
2050,68.333333,1616,53.866667,0.47944,matched
2051,68.366667,1617,53.9,0.459694,matched
2052,68.4,1617,53.9,0.439948,matched
2053,68.433333,1618,53.933333,0.420202,matched
2054,68.466667,1618,53.933333,0.400455,matched
2055,68.5,1619,53.966667,0.380709,matched
2056,68.533333,1619,53.966667,0.360963,matched
2057,68.566667,1620,54.0,0.341217,review
2058,68.6,1620,54.0,0.321473,review
2059,68.633333,1621,54.033333,0.338624,review
2060,68.666667,1621,54.033333,0.355775,matched
2061,68.7,1622,54.066667,0.372927,matched
2062,68.733333,1622,54.066667,0.390078,matched
2063,68.766667,1623,54.1,0.407229,matched
2064,68.8,1623,54.1,0.42438,matched
2065,68.833333,1624,54.133333,0.441532,matched
2066,68.866667,1624,54.133333,0.458683,matched
2067,68.9,1625,54.166667,0.475834,matched
2068,68.933333,1625,54.166667,0.492985,matched
2069,68.966667,1626,54.2,0.510137,matched
2070,69.0,1626,54.2,0.527288,matched
2071,69.033333,1627,54.233333,0.502523,matched
2072,69.066667,1627,54.233333,0.477757,matched
2073,69.1,1628,54.266667,0.452992,matched
2074,69.133333,1628,54.266667,0.428226,matched
2075,69.166667,1629,54.3,0.403461,matched
2076,69.2,1629,54.3,0.378695,matched
2077,69.233333,1630,54.333333,0.35393,matched
2078,69.266667,1630,54.333333,0.329164,review
2079,69.3,1631,54.366667,0.304399,review
2080,69.333333,1631,54.366667,0.279633,review
2081,69.366667,1632,54.4,0.254868,review
2082,69.4,1632,54.4,0.230102,review
2083,69.433333,1633,54.433333,0.210927,review
2084,69.466667,1633,54.433333,0.191752,review
2085,69.5,1633,54.433333,0.172577,review
2086,69.533333,1634,54.466667,0.153402,review
2087,69.566667,1634,54.466667,0.134227,review
2088,69.6,1635,54.5,0.115052,review
2089,69.633333,1635,54.5,0.095877,review
2090,69.666667,1636,54.533333,0.076702,review
2091,69.7,1636,54.533333,0.057527,review
2092,69.733333,1637,54.566667,0.038352,review
2093,69.766667,1637,54.566667,0.019177,review
2094,69.8,1638,54.6,2e-06,review
2095,69.833333,1638,54.6,0.025009,review
2096,69.866667,1639,54.633333,0.05002,review
2097,69.9,1639,54.633333,0.075032,review
2098,69.933333,1640,54.666667,0.100043,review
2099,69.966667,1640,54.666667,0.125055,review
2100,70.0,1641,54.7,0.150066,review
2101,70.033333,1641,54.7,0.175077,review
2102,70.066667,1642,54.733333,0.200089,review
2103,70.1,1642,54.733333,0.2251,review
2104,70.133333,1643,54.766667,0.250112,review
2105,70.166667,1644,54.8,0.275123,review
2106,70.2,1644,54.8,0.300133,review
2107,70.233333,1645,54.833333,0.305563,review
2108,70.266667,1645,54.833333,0.310993,review
2109,70.3,1646,54.866667,0.316424,review
2110,70.333333,1646,54.866667,0.321854,review
2111,70.366667,1647,54.9,0.327285,review
2112,70.4,1647,54.9,0.332715,review
2113,70.433333,1648,54.933333,0.338146,review
2114,70.466667,1648,54.933333,0.343576,review
2115,70.5,1649,54.966667,0.349007,review
2116,70.533333,1649,54.966667,0.354437,matched
2117,70.566667,1650,55.0,0.359868,matched
2118,70.6,1650,55.0,0.365297,matched
2119,70.633333,1651,55.033333,0.344425,review
2120,70.666667,1651,55.033333,0.323553,review
2121,70.7,1652,55.066667,0.302682,review
2122,70.733333,1652,55.066667,0.28181,review
2123,70.766667,1653,55.1,0.260938,review
2124,70.8,1653,55.1,0.240066,review
2125,70.833333,1654,55.133333,0.219194,review
2126,70.866667,1654,55.133333,0.198322,review
2127,70.9,1655,55.166667,0.177451,review
2128,70.933333,1655,55.166667,0.156579,review
2129,70.966667,1656,55.2,0.135707,review
2130,71.0,1656,55.2,0.114835,review
2131,71.033333,1657,55.233333,0.160636,review
2132,71.066667,1657,55.233333,0.206436,review
2133,71.1,1658,55.266667,0.252237,review
2134,71.133333,1658,55.266667,0.298038,review
2135,71.166667,1659,55.3,0.343839,review
2136,71.2,1659,55.3,0.389639,matched
2137,71.233333,1660,55.333333,0.43544,matched
2138,71.266667,1660,55.333333,0.481241,matched
2139,71.3,1661,55.366667,0.527042,matched
2140,71.333333,1661,55.366667,0.572842,matched
2141,71.366667,1662,55.4,0.618643,matched
2142,71.4,1662,55.4,0.664444,matched
2143,71.433333,1663,55.433333,0.656552,matched
2144,71.466667,1663,55.433333,0.648658,matched
2145,71.5,1663,55.433333,0.640763,matched
2146,71.533333,1664,55.466667,0.632869,matched
2147,71.566667,1664,55.466667,0.624975,matched
2148,71.6,1665,55.5,0.617081,matched
2149,71.633333,1665,55.5,0.609186,matched
2150,71.666667,1666,55.533333,0.601292,matched
2151,71.7,1666,55.533333,0.593398,matched
2152,71.733333,1667,55.566667,0.585503,matched
2153,71.766667,1667,55.566667,0.577609,matched
2154,71.8,1668,55.6,0.569715,matched
2155,71.833333,1670,55.666667,0.569107,matched
2156,71.866667,1672,55.733333,0.568499,matched
2157,71.9,1674,55.8,0.567892,matched
2158,71.933333,1676,55.866667,0.567284,matched
2159,71.966667,1678,55.933333,0.566677,matched
2160,72.0,1680,56.0,0.566069,matched
2161,72.033333,1682,56.066667,0.587556,matched
2162,72.066667,1684,56.133333,0.609042,matched
2163,72.1,1686,56.2,0.630529,matched
2164,72.133333,1688,56.266667,0.652016,matched
2165,72.166667,1690,56.333333,0.673502,matched
2166,72.2,1692,56.4,0.694981,matched
2167,72.233333,1694,56.466667,0.634614,matched
2168,72.266667,1696,56.533333,0.574246,matched
2169,72.3,1698,56.6,0.513878,matched
2170,72.333333,1700,56.666667,0.45351,matched
2171,72.366667,1702,56.733333,0.393143,matched
2172,72.4,1704,56.8,0.332775,review
2173,72.433333,1704,56.8,0.339455,review
2174,72.466667,1705,56.833333,0.346139,review
2175,72.5,1705,56.833333,0.352823,matched
2176,72.533333,1706,56.866667,0.359507,matched
2177,72.566667,1706,56.866667,0.366191,matched
2178,72.6,1707,56.9,0.372875,matched
2179,72.633333,1707,56.9,0.379558,matched
2180,72.666667,1708,56.933333,0.386242,matched
2181,72.7,1708,56.933333,0.392926,matched
2182,72.733333,1709,56.966667,0.39961,matched
2183,72.766667,1709,56.966667,0.406294,matched
2184,72.8,1710,57.0,0.412977,matched
2185,72.833333,1710,57.0,0.425733,matched
2186,72.866667,1711,57.033333,0.43849,matched
2187,72.9,1711,57.033333,0.451246,matched
2188,72.933333,1712,57.066667,0.464003,matched
2189,72.966667,1713,57.1,0.476759,matched
2190,73.0,1713,57.1,0.489515,matched
2191,73.033333,1714,57.133333,0.502272,matched
2192,73.066667,1714,57.133333,0.515028,matched
2193,73.1,1715,57.166667,0.527785,matched
2194,73.133333,1715,57.166667,0.540541,matched
2195,73.166667,1716,57.2,0.553298,matched
2196,73.2,1716,57.2,0.566054,matched
2197,73.233333,1717,57.233333,0.57631,matched
2198,73.266667,1717,57.233333,0.586567,matched
2199,73.3,1718,57.266667,0.596823,matched
2200,73.333333,1718,57.266667,0.607079,matched
2201,73.366667,1719,57.3,0.617335,matched
2202,73.4,1719,57.3,0.627592,matched
2203,73.433333,1720,57.333333,0.637848,matched
2204,73.466667,1720,57.333333,0.648104,matched
2205,73.5,1721,57.366667,0.658361,matched
2206,73.533333,1721,57.366667,0.668617,matched
2207,73.566667,1722,57.4,0.678873,matched
2208,73.6,1722,57.4,0.689129,matched
2209,73.633333,1723,57.433333,0.693092,matched
2210,73.666667,1723,57.433333,0.697055,matched
2211,73.7,1724,57.466667,0.701018,matched
2212,73.733333,1724,57.466667,0.70498,matched
2213,73.766667,1725,57.5,0.708943,matched
2214,73.8,1725,57.5,0.712906,matched
2215,73.833333,1726,57.533333,0.716869,matched
2216,73.866667,1726,57.533333,0.720832,matched
2217,73.9,1726,57.533333,0.724795,matched
2218,73.933333,1727,57.566667,0.728757,matched
2219,73.966667,1727,57.566667,0.73272,matched
2220,74.0,1728,57.6,0.736683,matched
2221,74.033333,1730,57.666667,0.730569,matched
2222,74.066667,1732,57.733333,0.724455,matched
2223,74.1,1734,57.8,0.718341,matched
2224,74.133333,1736,57.866667,0.712227,matched
2225,74.166667,1738,57.933333,0.706113,matched
2226,74.2,1740,58.0,0.7,matched
2227,74.233333,1742,58.066667,0.7,matched
2228,74.266667,1744,58.133333,0.7,matched
2229,74.3,1746,58.2,0.7,matched
2230,74.333333,1748,58.266667,0.7,matched
2231,74.366667,1750,58.333333,0.7,matched
2232,74.4,1752,58.4,0.7,matched
2233,74.433333,1753,58.433333,0.683346,matched
2234,74.466667,1753,58.433333,0.666692,matched
2235,74.5,1753,58.433333,0.650037,matched
2236,74.533333,1754,58.466667,0.633382,matched
2237,74.566667,1754,58.466667,0.616728,matched
2238,74.6,1755,58.5,0.600073,matched
2239,74.633333,1755,58.5,0.583419,matched
2240,74.666667,1756,58.533333,0.566764,matched
2241,74.7,1756,58.533333,0.550109,matched
2242,74.733333,1757,58.566667,0.533455,matched
2243,74.766667,1757,58.566667,0.5168,matched
2244,74.8,1758,58.6,0.500146,matched
2245,74.833333,1760,58.666667,0.503409,matched
2246,74.866667,1762,58.733333,0.506674,matched
2247,74.9,1764,58.8,0.50994,matched
2248,74.933333,1766,58.866667,0.513205,matched
2249,74.966667,1768,58.933333,0.516471,matched
2250,75.0,1770,59.0,0.519736,matched
2251,75.033333,1772,59.066667,0.52345,matched
2252,75.066667,1774,59.133333,0.527164,matched
2253,75.1,1776,59.2,0.530879,matched
2254,75.133333,1778,59.266667,0.534593,matched
2255,75.166667,1780,59.333333,0.538307,matched
2256,75.2,1782,59.4,0.542019,matched
2257,75.233333,1783,59.433333,0.516484,matched
2258,75.266667,1783,59.433333,0.49095,matched
2259,75.3,1784,59.466667,0.465415,matched
2260,75.333333,1784,59.466667,0.439881,matched
2261,75.366667,1785,59.5,0.414347,matched
2262,75.4,1785,59.5,0.388812,matched
2263,75.433333,1786,59.533333,0.363278,matched
2264,75.466667,1786,59.533333,0.337743,review
2265,75.5,1787,59.566667,0.312209,review
2266,75.533333,1787,59.566667,0.286675,review
2267,75.566667,1787,59.566667,0.26114,review
2268,75.6,1788,59.6,0.235608,review
2269,75.633333,1788,59.6,0.267265,review
2270,75.666667,1789,59.633333,0.298921,review
2271,75.7,1789,59.633333,0.330578,review
2272,75.733333,1790,59.666667,0.362234,matched
2273,75.766667,1790,59.666667,0.393891,matched
2274,75.8,1791,59.7,0.425547,matched
2275,75.833333,1791,59.7,0.457204,matched
2276,75.866667,1792,59.733333,0.48886,matched
2277,75.9,1792,59.733333,0.520517,matched
2278,75.933333,1793,59.766667,0.552173,matched
2279,75.966667,1793,59.766667,0.58383,matched
2280,76.0,1794,59.8,0.615486,matched
2281,76.033333,1794,59.8,0.605112,matched
2282,76.066667,1795,59.833333,0.594738,matched
2283,76.1,1795,59.833333,0.584364,matched
2284,76.133333,1796,59.866667,0.57399,matched
2285,76.166667,1796,59.866667,0.563616,matched
2286,76.2,1797,59.9,0.553242,matched
2287,76.233333,1797,59.9,0.542868,matched
2288,76.266667,1798,59.933333,0.532494,matched
2289,76.3,1798,59.933333,0.52212,matched
2290,76.333333,1799,59.966667,0.511746,matched
2291,76.366667,1799,59.966667,0.501372,matched
2292,76.4,1800,60.0,0.490997,matched
2293,76.433333,1800,60.0,0.465148,matched
2294,76.466667,1801,60.033333,0.439299,matched
2295,76.5,1801,60.033333,0.413449,matched
2296,76.533333,1802,60.066667,0.387599,matched
2297,76.566667,1802,60.066667,0.361749,matched
2298,76.6,1803,60.1,0.335899,review
2299,76.633333,1803,60.1,0.310049,review
2300,76.666667,1804,60.133333,0.2842,review
2301,76.7,1804,60.133333,0.25835,review
2302,76.733333,1805,60.166667,0.2325,review
2303,76.766667,1805,60.166667,0.20665,review
2304,76.8,1806,60.2,0.1808,review
2305,76.833333,1806,60.2,0.208358,review
2306,76.866667,1807,60.233333,0.235921,review
2307,76.9,1808,60.266667,0.263483,review
2308,76.933333,1808,60.266667,0.291046,review
2309,76.966667,1809,60.3,0.318608,review
2310,77.0,1809,60.3,0.346171,review
2311,77.033333,1810,60.333333,0.373734,matched
2312,77.066667,1810,60.333333,0.401296,matched
2313,77.1,1811,60.366667,0.428859,matched
2314,77.133333,1811,60.366667,0.456421,matched
2315,77.166667,1812,60.4,0.483984,matched
2316,77.2,1812,60.4,0.511538,matched
2317,77.233333,1814,60.466667,0.443933,matched
2318,77.266667,1816,60.533333,0.376328,matched
2319,77.3,1818,60.6,0.308723,review
2320,77.333333,1820,60.666667,0.241119,review
2321,77.366667,1822,60.733333,0.173514,review
2322,77.4,1824,60.8,0.105909,review
2323,77.433333,1826,60.866667,0.088256,review
2324,77.466667,1828,60.933333,0.070604,review
2325,77.5,1830,61.0,0.052953,review
2326,77.533333,1832,61.066667,0.035302,review
2327,77.566667,1834,61.133333,0.01765,review
2328,77.6,1836,61.2,3e-06,review
2329,77.633333,1838,61.266667,0.054874,review
2330,77.666667,1840,61.333333,0.109746,review
2331,77.7,1842,61.4,0.164618,review
2332,77.733333,1844,61.466667,0.21949,review
2333,77.766667,1846,61.533333,0.274362,review
2334,77.8,1848,61.6,0.329234,review
2335,77.833333,1850,61.666667,0.369439,matched
2336,77.866667,1852,61.733333,0.409643,matched
2337,77.9,1854,61.8,0.449846,matched
2338,77.933333,1856,61.866667,0.49005,matched
2339,77.966667,1858,61.933333,0.530253,matched
2340,78.0,1860,62.0,0.570457,matched
2341,78.033333,1862,62.066667,0.588018,matched
2342,78.066667,1864,62.133333,0.605579,matched
2343,78.1,1866,62.2,0.62314,matched
2344,78.133333,1868,62.266667,0.640701,matched
2345,78.166667,1870,62.333333,0.658262,matched
2346,78.2,1872,62.4,0.675814,matched
2347,78.233333,1874,62.466667,0.603617,matched
2348,78.266667,1876,62.533333,0.531419,matched
2349,78.3,1878,62.6,0.459221,matched
2350,78.333333,1880,62.666667,0.387023,matched
2351,78.366667,1882,62.733333,0.314825,review
2352,78.4,1884,62.8,0.242627,review
2353,78.433333,1886,62.866667,0.240919,review
2354,78.466667,1888,62.933333,0.239214,review
2355,78.5,1890,63.0,0.237509,review
2356,78.533333,1892,63.066667,0.235805,review
2357,78.566667,1894,63.133333,0.2341,review
2358,78.6,1896,63.2,0.232395,review
2359,78.633333,1898,63.266667,0.23663,review
2360,78.666667,1900,63.333333,0.240865,review
2361,78.7,1902,63.4,0.2451,review
2362,78.733333,1904,63.466667,0.249335,review
2363,78.766667,1906,63.533333,0.25357,review
2364,78.8,1908,63.6,0.257805,review
2365,78.833333,1910,63.666667,0.283776,review
2366,78.866667,1912,63.733333,0.309749,review
2367,78.9,1914,63.8,0.335722,review
2368,78.933333,1916,63.866667,0.361695,matched
2369,78.966667,1918,63.933333,0.387668,matched
2370,79.0,1920,64.0,0.413641,matched
2371,79.033333,1920,64.0,0.416765,matched
2372,79.066667,1921,64.033333,0.419889,matched
2373,79.1,1921,64.033333,0.423013,matched
2374,79.133333,1922,64.066667,0.426137,matched
2375,79.166667,1922,64.066667,0.429261,matched
2376,79.2,1923,64.1,0.432385,matched
2377,79.233333,1923,64.1,0.43551,matched
2378,79.266667,1924,64.133333,0.438634,matched
2379,79.3,1924,64.133333,0.441758,matched
2380,79.333333,1925,64.166667,0.444882,matched
2381,79.366667,1925,64.166667,0.448006,matched
2382,79.4,1926,64.2,0.45113,matched
2383,79.433333,1928,64.266667,0.451552,matched
2384,79.466667,1930,64.333333,0.451974,matched
2385,79.5,1932,64.4,0.452395,matched
2386,79.533333,1934,64.466667,0.452817,matched
2387,79.566667,1936,64.533333,0.453239,matched
2388,79.6,1938,64.6,0.453661,matched
2389,79.633333,1940,64.666667,0.454685,matched
2390,79.666667,1942,64.733333,0.455709,matched
2391,79.7,1944,64.8,0.456732,matched
2392,79.733333,1946,64.866667,0.457756,matched
2393,79.766667,1948,64.933333,0.45878,matched
2394,79.8,1950,65.0,0.459804,matched
2395,79.833333,1950,65.0,0.462879,matched
2396,79.866667,1951,65.033333,0.465955,matched
2397,79.9,1951,65.033333,0.46903,matched
2398,79.933333,1952,65.066667,0.472106,matched
2399,79.966667,1952,65.066667,0.475181,matched
2400,80.0,1953,65.1,0.478257,matched
2401,80.033333,1953,65.1,0.481333,matched
2402,80.066667,1954,65.133333,0.484408,matched
2403,80.1,1954,65.133333,0.487484,matched
2404,80.133333,1955,65.166667,0.490559,matched
2405,80.166667,1955,65.166667,0.493635,matched
2406,80.2,1956,65.2,0.496709,matched
2407,80.233333,1958,65.266667,0.48866,matched
2408,80.266667,1960,65.333333,0.48061,matched
2409,80.3,1962,65.4,0.47256,matched
2410,80.333333,1964,65.466667,0.464511,matched
2411,80.366667,1966,65.533333,0.456461,matched
2412,80.4,1968,65.6,0.448411,matched
2413,80.433333,1970,65.666667,0.480843,matched
2414,80.466667,1972,65.733333,0.513276,matched
2415,80.5,1974,65.8,0.54571,matched
2416,80.533333,1976,65.866667,0.578143,matched
2417,80.566667,1978,65.933333,0.610577,matched
2418,80.6,1980,66.0,0.643009,matched
2419,80.633333,1981,66.033333,0.632259,matched
2420,80.666667,1981,66.033333,0.62151,matched
2421,80.7,1981,66.033333,0.610761,matched
2422,80.733333,1982,66.066667,0.600012,matched
2423,80.766667,1982,66.066667,0.589263,matched
2424,80.8,1983,66.1,0.578514,matched
2425,80.833333,1983,66.1,0.567765,matched
2426,80.866667,1984,66.133333,0.557016,matched
2427,80.9,1984,66.133333,0.546267,matched
2428,80.933333,1985,66.166667,0.535518,matched
2429,80.966667,1985,66.166667,0.524769,matched
2430,81.0,1986,66.2,0.51402,matched
2431,81.033333,1986,66.2,0.511208,matched
2432,81.066667,1987,66.233333,0.508396,matched
2433,81.1,1987,66.233333,0.505585,matched
2434,81.133333,1988,66.266667,0.502773,matched
2435,81.166667,1988,66.266667,0.499961,matched
2436,81.2,1989,66.3,0.497149,matched
2437,81.233333,1989,66.3,0.494337,matched
2438,81.266667,1990,66.333333,0.491525,matched
2439,81.3,1990,66.333333,0.488714,matched
2440,81.333333,1991,66.366667,0.485902,matched
2441,81.366667,1992,66.4,0.48309,matched
2442,81.4,1992,66.4,0.480278,matched
2443,81.433333,1993,66.433333,0.468435,matched
2444,81.466667,1993,66.433333,0.456591,matched
2445,81.5,1993,66.433333,0.444747,matched
2446,81.533333,1994,66.466667,0.432904,matched
2447,81.566667,1994,66.466667,0.42106,matched
2448,81.6,1995,66.5,0.409216,matched
2449,81.633333,1995,66.5,0.397373,matched
2450,81.666667,1996,66.533333,0.385529,matched
2451,81.7,1996,66.533333,0.373685,matched
2452,81.733333,1997,66.566667,0.361841,matched
2453,81.766667,1997,66.566667,0.349998,review
2454,81.8,1998,66.6,0.338154,review
2455,81.833333,1998,66.6,0.371249,matched
2456,81.866667,1999,66.633333,0.404349,matched
2457,81.9,1999,66.633333,0.437448,matched
2458,81.933333,2000,66.666667,0.470547,matched
2459,81.966667,2001,66.7,0.503647,matched
2460,82.0,2001,66.7,0.536746,matched
2461,82.033333,2002,66.733333,0.569845,matched
2462,82.066667,2002,66.733333,0.602945,matched
2463,82.1,2003,66.766667,0.636044,matched
2464,82.133333,2003,66.766667,0.669143,matched
2465,82.166667,2004,66.8,0.702243,matched
2466,82.2,2004,66.8,0.735337,matched
2467,82.233333,2005,66.833333,0.71408,matched
2468,82.266667,2005,66.833333,0.692823,matched
2469,82.3,2006,66.866667,0.671566,matched
2470,82.333333,2006,66.866667,0.650309,matched
2471,82.366667,2007,66.9,0.629052,matched
2472,82.4,2007,66.9,0.607796,matched
2473,82.433333,2008,66.933333,0.586539,matched
2474,82.466667,2008,66.933333,0.565282,matched
2475,82.5,2009,66.966667,0.544025,matched
2476,82.533333,2009,66.966667,0.522768,matched
2477,82.566667,2010,67.0,0.501511,matched
2478,82.6,2010,67.0,0.480256,matched
2479,82.633333,2011,67.033333,0.491114,matched
2480,82.666667,2011,67.033333,0.501973,matched
2481,82.7,2011,67.033333,0.512831,matched
2482,82.733333,2012,67.066667,0.52369,matched
2483,82.766667,2012,67.066667,0.534548,matched
2484,82.8,2013,67.1,0.545407,matched
2485,82.833333,2013,67.1,0.556265,matched
2486,82.866667,2014,67.133333,0.567124,matched
2487,82.9,2014,67.133333,0.577982,matched
2488,82.933333,2015,67.166667,0.588841,matched
2489,82.966667,2015,67.166667,0.599699,matched
2490,83.0,2016,67.2,0.610558,matched
2491,83.033333,2016,67.2,0.597185,matched
2492,83.066667,2017,67.233333,0.583813,matched
2493,83.1,2017,67.233333,0.57044,matched
2494,83.133333,2018,67.266667,0.557068,matched
2495,83.166667,2018,67.266667,0.543695,matched
2496,83.2,2019,67.3,0.530323,matched
2497,83.233333,2019,67.3,0.51695,matched
2498,83.266667,2020,67.333333,0.503578,matched
2499,83.3,2020,67.333333,0.490205,matched
2500,83.333333,2021,67.366667,0.476833,matched
2501,83.366667,2022,67.4,0.46346,matched
2502,83.4,2022,67.4,0.450088,matched
2503,83.433333,2023,67.433333,0.444196,matched
2504,83.466667,2023,67.433333,0.438306,matched
2505,83.5,2023,67.433333,0.432415,matched
2506,83.533333,2024,67.466667,0.426524,matched
2507,83.566667,2024,67.466667,0.420633,matched
2508,83.6,2025,67.5,0.414742,matched
2509,83.633333,2025,67.5,0.408852,matched
2510,83.666667,2026,67.533333,0.402961,matched
2511,83.7,2026,67.533333,0.39707,matched
2512,83.733333,2027,67.566667,0.391179,matched
2513,83.766667,2027,67.566667,0.385288,matched
2514,83.8,2028,67.6,0.379398,matched
2515,83.833333,2029,67.633333,0.385895,matched
2516,83.866667,2030,67.666667,0.392394,matched
2517,83.9,2031,67.7,0.398893,matched
2518,83.933333,2032,67.733333,0.405392,matched
2519,83.966667,2033,67.766667,0.411891,matched
2520,84.0,2034,67.8,0.41839,matched
2521,84.033333,2035,67.833333,0.414467,matched
2522,84.066667,2035,67.833333,0.410544,matched
2523,84.1,2036,67.866667,0.406621,matched
2524,84.133333,2036,67.866667,0.402698,matched
2525,84.166667,2037,67.9,0.398775,matched
2526,84.2,2037,67.9,0.394852,matched
2527,84.233333,2038,67.933333,0.390929,matched
2528,84.266667,2038,67.933333,0.387005,matched
2529,84.3,2039,67.966667,0.383082,matched
2530,84.333333,2039,67.966667,0.379159,matched
2531,84.366667,2039,67.966667,0.375236,matched
2532,84.4,2040,68.0,0.371313,matched
2533,84.433333,2040,68.0,0.340372,review
2534,84.466667,2041,68.033333,0.309429,review
2535,84.5,2041,68.033333,0.278487,review
2536,84.533333,2042,68.066667,0.247544,review
2537,84.566667,2042,68.066667,0.216601,review
2538,84.6,2043,68.1,0.185659,review
2539,84.633333,2043,68.1,0.154716,review
2540,84.666667,2044,68.133333,0.123773,review
2541,84.7,2044,68.133333,0.092831,review
2542,84.733333,2045,68.166667,0.061888,review
2543,84.766667,2045,68.166667,0.030945,review
2544,84.8,2046,68.2,3e-06,review
2545,84.833333,2046,68.2,0.042182,review
2546,84.866667,2047,68.233333,0.084369,review
2547,84.9,2047,68.233333,0.126555,review
2548,84.933333,2048,68.266667,0.168741,review
2549,84.966667,2048,68.266667,0.210927,review
2550,85.0,2049,68.3,0.253114,review
2551,85.033333,2049,68.3,0.2953,review
2552,85.066667,2050,68.333333,0.337486,review
2553,85.1,2051,68.366667,0.379672,matched
2554,85.133333,2051,68.366667,0.421858,matched
2555,85.166667,2052,68.4,0.464045,matched
2556,85.2,2052,68.4,0.506224,matched
2557,85.233333,2054,68.466667,0.471905,matched
2558,85.266667,2056,68.533333,0.437586,matched
2559,85.3,2058,68.6,0.403267,matched
2560,85.333333,2060,68.666667,0.368948,matched
2561,85.366667,2062,68.733333,0.334629,review
2562,85.4,2064,68.8,0.30031,review
2563,85.433333,2065,68.833333,0.293279,review
2564,85.466667,2065,68.833333,0.28625,review
2565,85.5,2066,68.866667,0.279221,review
2566,85.533333,2066,68.866667,0.272192,review
2567,85.566667,2067,68.9,0.265163,review
2568,85.6,2067,68.9,0.258134,review
2569,85.633333,2068,68.933333,0.251105,review
2570,85.666667,2068,68.933333,0.244076,review
2571,85.7,2068,68.933333,0.237047,review
2572,85.733333,2069,68.966667,0.230018,review
2573,85.766667,2069,68.966667,0.222989,review
2574,85.8,2070,69.0,0.21596,review
2575,85.833333,2070,69.0,0.237503,review
2576,85.866667,2071,69.033333,0.259049,review
2577,85.9,2071,69.033333,0.280595,review
2578,85.933333,2072,69.066667,0.30214,review
2579,85.966667,2072,69.066667,0.323686,review
2580,86.0,2073,69.1,0.345232,review
2581,86.033333,2073,69.1,0.366778,matched
2582,86.066667,2074,69.133333,0.388324,matched
2583,86.1,2074,69.133333,0.409869,matched
2584,86.133333,2075,69.166667,0.431415,matched
2585,86.166667,2075,69.166667,0.452961,matched
2586,86.2,2076,69.2,0.474505,matched
2587,86.233333,2076,69.2,0.471713,matched
2588,86.266667,2077,69.233333,0.468921,matched
2589,86.3,2077,69.233333,0.466129,matched
2590,86.333333,2078,69.266667,0.463337,matched
2591,86.366667,2079,69.3,0.460546,matched
2592,86.4,2079,69.3,0.457754,matched
2593,86.433333,2080,69.333333,0.454962,matched
2594,86.466667,2080,69.333333,0.45217,matched
2595,86.5,2081,69.366667,0.449378,matched
2596,86.533333,2081,69.366667,0.446587,matched
2597,86.566667,2082,69.4,0.443795,matched
2598,86.6,2082,69.4,0.441003,matched
2599,86.633333,2083,69.433333,0.435169,matched
2600,86.666667,2083,69.433333,0.429334,matched
2601,86.7,2084,69.466667,0.4235,matched
2602,86.733333,2084,69.466667,0.417666,matched
2603,86.766667,2085,69.5,0.411832,matched
2604,86.8,2085,69.5,0.405998,matched
2605,86.833333,2086,69.533333,0.400164,matched
2606,86.866667,2086,69.533333,0.39433,matched
2607,86.9,2086,69.533333,0.388495,matched
2608,86.933333,2087,69.566667,0.382661,matched
2609,86.966667,2087,69.566667,0.376827,matched
2610,87.0,2088,69.6,0.370993,matched
2611,87.033333,2088,69.6,0.373561,matched
2612,87.066667,2089,69.633333,0.376129,matched
2613,87.1,2089,69.633333,0.378697,matched
2614,87.133333,2090,69.666667,0.381266,matched
2615,87.166667,2091,69.7,0.383834,matched
2616,87.2,2091,69.7,0.386402,matched
2617,87.233333,2092,69.733333,0.38897,matched
2618,87.266667,2092,69.733333,0.391538,matched
2619,87.3,2093,69.766667,0.394106,matched
2620,87.333333,2093,69.766667,0.396675,matched
2621,87.366667,2094,69.8,0.399243,matched
2622,87.4,2094,69.8,0.401811,matched
2623,87.433333,2095,69.833333,0.396983,matched
2624,87.466667,2095,69.833333,0.392154,matched
2625,87.5,2096,69.866667,0.387326,matched
2626,87.533333,2096,69.866667,0.382497,matched
2627,87.566667,2097,69.9,0.377669,matched
2628,87.6,2097,69.9,0.37284,matched
2629,87.633333,2098,69.933333,0.368012,matched
2630,87.666667,2098,69.933333,0.363183,matched
2631,87.7,2098,69.933333,0.358355,matched
2632,87.733333,2099,69.966667,0.353526,matched
2633,87.766667,2099,69.966667,0.348698,review
2634,87.8,2100,70.0,0.343869,review
2635,87.833333,2100,70.0,0.363107,matched
2636,87.866667,2101,70.033333,0.382346,matched
2637,87.9,2101,70.033333,0.401585,matched
2638,87.933333,2102,70.066667,0.420824,matched
2639,87.966667,2102,70.066667,0.440064,matched
2640,88.0,2103,70.1,0.459303,matched
2641,88.033333,2103,70.1,0.478542,matched
2642,88.066667,2104,70.133333,0.497782,matched
2643,88.1,2104,70.133333,0.517021,matched
2644,88.133333,2105,70.166667,0.53626,matched
2645,88.166667,2105,70.166667,0.555499,matched
2646,88.2,2106,70.2,0.574736,matched
2647,88.233333,2107,70.233333,0.567178,matched
2648,88.266667,2108,70.266667,0.55962,matched
2649,88.3,2109,70.3,0.552062,matched
2650,88.333333,2110,70.333333,0.544504,matched
2651,88.366667,2111,70.366667,0.536946,matched
2652,88.4,2112,70.4,0.529387,matched
2653,88.433333,2114,70.466667,0.518136,matched
2654,88.466667,2116,70.533333,0.506884,matched
2655,88.5,2118,70.6,0.495632,matched
2656,88.533333,2120,70.666667,0.484379,matched
2657,88.566667,2122,70.733333,0.473127,matched
2658,88.6,2124,70.8,0.461876,matched
2659,88.633333,2126,70.866667,0.468347,matched
2660,88.666667,2128,70.933333,0.474818,matched
2661,88.7,2130,71.0,0.481288,matched
2662,88.733333,2132,71.066667,0.487759,matched
2663,88.766667,2134,71.133333,0.49423,matched
2664,88.8,2136,71.2,0.5007,matched
2665,88.833333,2138,71.266667,0.48834,matched
2666,88.866667,2140,71.333333,0.475977,matched
2667,88.9,2142,71.4,0.463615,matched
2668,88.933333,2144,71.466667,0.451252,matched
2669,88.966667,2146,71.533333,0.43889,matched
2670,89.0,2148,71.6,0.426527,matched
2671,89.033333,2148,71.6,0.407464,matched
2672,89.066667,2149,71.633333,0.388402,matched
2673,89.1,2149,71.633333,0.369339,matched
2674,89.133333,2150,71.666667,0.350276,matched
2675,89.166667,2151,71.7,0.331214,review
2676,89.2,2151,71.7,0.312151,review
2677,89.233333,2152,71.733333,0.293088,review
2678,89.266667,2152,71.733333,0.274026,review
2679,89.3,2153,71.766667,0.254963,review
2680,89.333333,2153,71.766667,0.2359,review
2681,89.366667,2154,71.8,0.216838,review
2682,89.4,2154,71.8,0.197775,review
2683,89.433333,2156,71.866667,0.21713,review
2684,89.466667,2158,71.933333,0.236486,review
2685,89.5,2160,72.0,0.255842,review
2686,89.533333,2162,72.066667,0.275199,review
2687,89.566667,2164,72.133333,0.294555,review
2688,89.6,2166,72.2,0.313911,review
2689,89.633333,2166,72.2,0.316555,review
2690,89.666667,2167,72.233333,0.3192,review
2691,89.7,2167,72.233333,0.321844,review
2692,89.733333,2168,72.266667,0.324488,review
2693,89.766667,2168,72.266667,0.327133,review
2694,89.8,2169,72.3,0.329777,review
2695,89.833333,2169,72.3,0.332421,review
2696,89.866667,2170,72.333333,0.335066,review
2697,89.9,2171,72.366667,0.33771,review
2698,89.933333,2171,72.366667,0.340354,review
2699,89.966667,2172,72.4,0.342999,review
2700,90.0,2172,72.4,0.345643,review
2701,90.033333,2173,72.433333,0.342685,review
2702,90.066667,2173,72.433333,0.339727,review
2703,90.1,2174,72.466667,0.336768,review
2704,90.133333,2174,72.466667,0.33381,review
2705,90.166667,2174,72.466667,0.330852,review
2706,90.2,2175,72.5,0.327894,review
2707,90.233333,2175,72.5,0.324935,review
2708,90.266667,2176,72.533333,0.321977,review
2709,90.3,2176,72.533333,0.319019,review
2710,90.333333,2177,72.566667,0.316061,review
2711,90.366667,2177,72.566667,0.313102,review
2712,90.4,2178,72.6,0.310144,review
2713,90.433333,2178,72.6,0.307433,review
2714,90.466667,2179,72.633333,0.304722,review
2715,90.5,2179,72.633333,0.302011,review
2716,90.533333,2180,72.666667,0.2993,review
2717,90.566667,2180,72.666667,0.296589,review
2718,90.6,2181,72.7,0.293878,review
2719,90.633333,2181,72.7,0.291167,review
2720,90.666667,2182,72.733333,0.288456,review
2721,90.7,2183,72.766667,0.285745,review
2722,90.733333,2183,72.766667,0.283034,review
2723,90.766667,2184,72.8,0.280323,review
2724,90.8,2184,72.8,0.277612,review
2725,90.833333,2185,72.833333,0.273782,review
2726,90.866667,2185,72.833333,0.269951,review
2727,90.9,2186,72.866667,0.266121,review
2728,90.933333,2186,72.866667,0.26229,review
2729,90.966667,2187,72.9,0.25846,review
2730,91.0,2187,72.9,0.254629,review
2731,91.033333,2188,72.933333,0.250798,review
2732,91.066667,2188,72.933333,0.246968,review
2733,91.1,2189,72.966667,0.243137,review
2734,91.133333,2189,72.966667,0.239307,review
2735,91.166667,2190,73.0,0.235476,review
2736,91.2,2190,73.0,0.231642,review
2737,91.233333,2192,73.066667,0.193036,review
2738,91.266667,2194,73.133333,0.154429,review
2739,91.3,2196,73.2,0.115822,review
2740,91.333333,2198,73.266667,0.077215,review
2741,91.366667,2200,73.333333,0.038609,review
2742,91.4,2202,73.4,2e-06,review
2743,91.433333,2203,73.433333,0.015964,review
2744,91.466667,2203,73.433333,0.031928,review
2745,91.5,2203,73.433333,0.047893,review
2746,91.533333,2204,73.466667,0.063858,review
2747,91.566667,2204,73.466667,0.079822,review
2748,91.6,2205,73.5,0.095787,review
2749,91.633333,2205,73.5,0.111752,review
2750,91.666667,2206,73.533333,0.127716,review
2751,91.7,2206,73.533333,0.143681,review
2752,91.733333,2207,73.566667,0.159645,review
2753,91.766667,2207,73.566667,0.17561,review
2754,91.8,2208,73.6,0.191575,review
2755,91.833333,2210,73.666667,0.220817,review
2756,91.866667,2212,73.733333,0.25006,review
2757,91.9,2214,73.8,0.279303,review
2758,91.933333,2216,73.866667,0.308546,review
2759,91.966667,2218,73.933333,0.33779,review
2760,92.0,2220,74.0,0.367033,matched
2761,92.033333,2220,74.0,0.361295,matched
2762,92.066667,2221,74.033333,0.355557,matched
2763,92.1,2221,74.033333,0.349819,review
2764,92.133333,2222,74.066667,0.344081,review
2765,92.166667,2222,74.066667,0.338343,review
2766,92.2,2223,74.1,0.332605,review
2767,92.233333,2223,74.1,0.326867,review
2768,92.266667,2224,74.133333,0.321129,review
2769,92.3,2224,74.133333,0.31539,review
2770,92.333333,2225,74.166667,0.309652,review
2771,92.366667,2225,74.166667,0.303914,review
2772,92.4,2226,74.2,0.298176,review
2773,92.433333,2226,74.2,0.310423,review
2774,92.466667,2227,74.233333,0.322671,review
2775,92.5,2227,74.233333,0.334919,review
2776,92.533333,2228,74.266667,0.347167,review
2777,92.566667,2228,74.266667,0.359415,matched
2778,92.6,2229,74.3,0.371663,matched
2779,92.633333,2229,74.3,0.383911,matched
2780,92.666667,2230,74.333333,0.396159,matched
2781,92.7,2230,74.333333,0.408407,matched
2782,92.733333,2231,74.366667,0.420655,matched
2783,92.766667,2231,74.366667,0.432903,matched
2784,92.8,2232,74.4,0.445151,matched
2785,92.833333,2232,74.4,0.443981,matched
2786,92.866667,2233,74.433333,0.44281,matched
2787,92.9,2234,74.466667,0.441639,matched
2788,92.933333,2234,74.466667,0.440468,matched
2789,92.966667,2234,74.466667,0.439297,matched
2790,93.0,2235,74.5,0.438126,matched
2791,93.033333,2236,74.533333,0.436954,matched
2792,93.066667,2236,74.533333,0.435783,matched
2793,93.1,2236,74.533333,0.434612,matched
2794,93.133333,2237,74.566667,0.433441,matched
2795,93.166667,2238,74.6,0.43227,matched
2796,93.2,2238,74.6,0.4311,matched
2797,93.233333,2239,74.633333,0.443067,matched
2798,93.266667,2239,74.633333,0.455033,matched
2799,93.3,2240,74.666667,0.467,matched
2800,93.333333,2240,74.666667,0.478967,matched
2801,93.366667,2241,74.7,0.490933,matched
2802,93.4,2241,74.7,0.5029,matched
2803,93.433333,2242,74.733333,0.514866,matched
2804,93.466667,2242,74.733333,0.526833,matched
2805,93.5,2243,74.766667,0.5388,matched
2806,93.533333,2243,74.766667,0.550766,matched
2807,93.566667,2244,74.8,0.562733,matched
2808,93.6,2244,74.8,0.574699,matched
2809,93.633333,2246,74.866667,0.58285,matched
2810,93.666667,2248,74.933333,0.591001,matched
2811,93.7,2250,75.0,0.599151,matched
2812,93.733333,2252,75.066667,0.607302,matched
2813,93.766667,2254,75.133333,0.615453,matched
2814,93.8,2256,75.2,0.623603,matched
2815,93.833333,2256,75.2,0.6149,matched
2816,93.866667,2257,75.233333,0.606195,matched
2817,93.9,2257,75.233333,0.59749,matched
2818,93.933333,2258,75.266667,0.588786,matched
2819,93.966667,2258,75.266667,0.580081,matched
2820,94.0,2259,75.3,0.571376,matched
2821,94.033333,2259,75.3,0.562671,matched
2822,94.066667,2260,75.333333,0.553966,matched
2823,94.1,2261,75.366667,0.545262,matched
2824,94.133333,2261,75.366667,0.536557,matched
2825,94.166667,2262,75.4,0.527852,matched
2826,94.2,2262,75.4,0.519149,matched
2827,94.233333,2264,75.466667,0.535528,matched
2828,94.266667,2266,75.533333,0.551907,matched
2829,94.3,2268,75.6,0.568286,matched
2830,94.333333,2270,75.666667,0.584665,matched
2831,94.366667,2272,75.733333,0.601044,matched
2832,94.4,2274,75.8,0.617423,matched
2833,94.433333,2275,75.833333,0.6078,matched
2834,94.466667,2275,75.833333,0.598176,matched
2835,94.5,2276,75.866667,0.588552,matched
2836,94.533333,2276,75.866667,0.578928,matched
2837,94.566667,2277,75.9,0.569303,matched
2838,94.6,2277,75.9,0.559679,matched
2839,94.633333,2278,75.933333,0.550055,matched
2840,94.666667,2278,75.933333,0.540431,matched
2841,94.7,2278,75.933333,0.530807,matched
2842,94.733333,2279,75.966667,0.521182,matched
2843,94.766667,2279,75.966667,0.511558,matched
2844,94.8,2280,76.0,0.501934,matched
2845,94.833333,2280,76.0,0.500603,matched
2846,94.866667,2281,76.033333,0.499273,matched
2847,94.9,2281,76.033333,0.497944,matched
2848,94.933333,2282,76.066667,0.496614,matched
2849,94.966667,2282,76.066667,0.495284,matched
2850,95.0,2283,76.1,0.493954,matched
2851,95.033333,2283,76.1,0.492624,matched
2852,95.066667,2284,76.133333,0.491294,matched
2853,95.1,2284,76.133333,0.489964,matched
2854,95.133333,2285,76.166667,0.488635,matched
2855,95.166667,2285,76.166667,0.487305,matched
2856,95.2,2286,76.2,0.485977,matched
2857,95.233333,2286,76.2,0.504742,matched
2858,95.266667,2287,76.233333,0.523508,matched
2859,95.3,2287,76.233333,0.542273,matched
2860,95.333333,2288,76.266667,0.561038,matched
2861,95.366667,2289,76.3,0.579804,matched
2862,95.4,2289,76.3,0.598569,matched
2863,95.433333,2290,76.333333,0.617335,matched
2864,95.466667,2290,76.333333,0.6361,matched
2865,95.5,2291,76.366667,0.654866,matched
2866,95.533333,2291,76.366667,0.673631,matched
2867,95.566667,2292,76.4,0.692396,matched
2868,95.6,2292,76.4,0.711161,matched
2869,95.633333,2293,76.433333,0.709015,matched
2870,95.666667,2293,76.433333,0.706869,matched
2871,95.7,2294,76.466667,0.704723,matched
2872,95.733333,2294,76.466667,0.702577,matched
2873,95.766667,2295,76.5,0.700431,matched
2874,95.8,2295,76.5,0.698284,matched
2875,95.833333,2296,76.533333,0.696138,matched
2876,95.866667,2296,76.533333,0.693992,matched
2877,95.9,2296,76.533333,0.691846,matched
2878,95.933333,2297,76.566667,0.6897,matched
2879,95.966667,2297,76.566667,0.687554,matched
2880,96.0,2298,76.6,0.685408,matched
2881,96.033333,2300,76.666667,0.680502,matched
2882,96.066667,2302,76.733333,0.675597,matched
2883,96.1,2304,76.8,0.670691,matched
2884,96.133333,2306,76.866667,0.665786,matched
2885,96.166667,2308,76.933333,0.66088,matched
2886,96.2,2310,77.0,0.655974,matched
2887,96.233333,2311,77.033333,0.640904,matched
2888,96.266667,2311,77.033333,0.625835,matched
2889,96.3,2312,77.066667,0.610765,matched
2890,96.333333,2312,77.066667,0.595696,matched
2891,96.366667,2312,77.066667,0.580626,matched
2892,96.4,2313,77.1,0.565557,matched
2893,96.433333,2313,77.1,0.550488,matched
2894,96.466667,2314,77.133333,0.535418,matched
2895,96.5,2314,77.133333,0.520349,matched
2896,96.533333,2315,77.166667,0.505279,matched
2897,96.566667,2315,77.166667,0.49021,matched
2898,96.6,2316,77.2,0.475143,matched
2899,96.633333,2318,77.266667,0.512106,matched
2900,96.666667,2320,77.333333,0.549068,matched
2901,96.7,2322,77.4,0.586031,matched
2902,96.733333,2324,77.466667,0.622994,matched
2903,96.766667,2326,77.533333,0.659957,matched
2904,96.8,2328,77.6,0.69692,matched
2905,96.833333,2330,77.666667,0.678791,matched
2906,96.866667,2332,77.733333,0.660657,matched
2907,96.9,2334,77.8,0.642524,matched
2908,96.933333,2336,77.866667,0.62439,matched
2909,96.966667,2338,77.933333,0.606257,matched
2910,97.0,2340,78.0,0.588123,matched
2911,97.033333,2342,78.066667,0.578875,matched
2912,97.066667,2344,78.133333,0.569627,matched
2913,97.1,2346,78.2,0.560379,matched
2914,97.133333,2348,78.266667,0.551131,matched
2915,97.166667,2350,78.333333,0.541883,matched
2916,97.2,2352,78.4,0.532634,matched
2917,97.233333,2354,78.466667,0.510737,matched
2918,97.266667,2356,78.533333,0.488839,matched
2919,97.3,2358,78.6,0.466942,matched
2920,97.333333,2360,78.666667,0.445045,matched
2921,97.366667,2362,78.733333,0.423147,matched
2922,97.4,2364,78.8,0.40125,matched
2923,97.433333,2366,78.866667,0.458372,matched
2924,97.466667,2368,78.933333,0.515497,matched
2925,97.5,2370,79.0,0.572622,matched
2926,97.533333,2372,79.066667,0.629747,matched
2927,97.566667,2374,79.133333,0.686872,matched
2928,97.6,2376,79.2,0.743995,matched
2929,97.633333,2376,79.2,0.733278,matched
2930,97.666667,2377,79.233333,0.722562,matched
2931,97.7,2377,79.233333,0.711846,matched
2932,97.733333,2378,79.266667,0.70113,matched
2933,97.766667,2378,79.266667,0.690413,matched
2934,97.8,2379,79.3,0.679697,matched
2935,97.833333,2379,79.3,0.668981,matched
2936,97.866667,2380,79.333333,0.658265,matched
2937,97.9,2381,79.366667,0.647549,matched
2938,97.933333,2381,79.366667,0.636832,matched
2939,97.966667,2382,79.4,0.626116,matched
2940,98.0,2382,79.4,0.6154,matched
2941,98.033333,2383,79.433333,0.607568,matched
2942,98.066667,2383,79.433333,0.599736,matched
2943,98.1,2384,79.466667,0.591903,matched
2944,98.133333,2384,79.466667,0.584071,matched
2945,98.166667,2384,79.466667,0.576239,matched
2946,98.2,2385,79.5,0.568407,matched
2947,98.233333,2385,79.5,0.560574,matched
2948,98.266667,2386,79.533333,0.552742,matched
2949,98.3,2386,79.533333,0.54491,matched
2950,98.333333,2387,79.566667,0.537078,matched
2951,98.366667,2387,79.566667,0.529246,matched
2952,98.4,2388,79.6,0.521413,matched
2953,98.433333,2388,79.6,0.51479,matched
2954,98.466667,2389,79.633333,0.508167,matched
2955,98.5,2389,79.633333,0.501544,matched
2956,98.533333,2390,79.666667,0.494921,matched
2957,98.566667,2390,79.666667,0.488298,matched
2958,98.6,2391,79.7,0.481674,matched
2959,98.633333,2391,79.7,0.475051,matched
2960,98.666667,2392,79.733333,0.468428,matched
2961,98.7,2393,79.766667,0.461805,matched
2962,98.733333,2393,79.766667,0.455182,matched
2963,98.766667,2394,79.8,0.448559,matched
2964,98.8,2394,79.8,0.441936,matched
2965,98.833333,2395,79.833333,0.449889,matched
2966,98.866667,2395,79.833333,0.457844,matched
2967,98.9,2396,79.866667,0.465799,matched
2968,98.933333,2396,79.866667,0.473754,matched
2969,98.966667,2397,79.9,0.481709,matched
2970,99.0,2397,79.9,0.489664,matched
2971,99.033333,2398,79.933333,0.49762,matched
2972,99.066667,2398,79.933333,0.505575,matched
2973,99.1,2399,79.966667,0.51353,matched
2974,99.133333,2399,79.966667,0.521485,matched
2975,99.166667,2400,80.0,0.52944,matched
2976,99.2,2400,80.0,0.537396,matched
2977,99.233333,2401,80.033333,0.554362,matched
2978,99.266667,2401,80.033333,0.571328,matched
2979,99.3,2402,80.066667,0.588294,matched
2980,99.333333,2402,80.066667,0.60526,matched
2981,99.366667,2402,80.066667,0.622226,matched
2982,99.4,2403,80.1,0.639192,matched
2983,99.433333,2403,80.1,0.656158,matched
2984,99.466667,2404,80.133333,0.673124,matched
2985,99.5,2404,80.133333,0.69009,matched
2986,99.533333,2405,80.166667,0.707057,matched
2987,99.566667,2405,80.166667,0.724023,matched
2988,99.6,2406,80.2,0.740987,matched
2989,99.633333,2406,80.2,0.729107,matched
2990,99.666667,2407,80.233333,0.717226,matched
2991,99.7,2407,80.233333,0.705345,matched
2992,99.733333,2408,80.266667,0.693464,matched
2993,99.766667,2408,80.266667,0.681583,matched
2994,99.8,2409,80.3,0.669702,matched
2995,99.833333,2409,80.3,0.657821,matched
2996,99.866667,2410,80.333333,0.64594,matched
2997,99.9,2411,80.366667,0.634059,matched
2998,99.933333,2411,80.366667,0.622178,matched
2999,99.966667,2412,80.4,0.610297,matched
3000,100.0,2412,80.4,0.598416,matched
3001,100.033333,2414,80.466667,0.562503,matched
3002,100.066667,2416,80.533333,0.526591,matched
3003,100.1,2418,80.6,0.490678,matched
3004,100.133333,2420,80.666667,0.454766,matched
3005,100.166667,2422,80.733333,0.418853,matched
3006,100.2,2424,80.8,0.382945,matched
3007,100.233333,2426,80.866667,0.395069,matched
3008,100.266667,2428,80.933333,0.407193,matched
3009,100.3,2430,81.0,0.419316,matched
3010,100.333333,2432,81.066667,0.43144,matched
3011,100.366667,2434,81.133333,0.443564,matched
3012,100.4,2436,81.2,0.455687,matched
3013,100.433333,2436,81.2,0.444353,matched
3014,100.466667,2437,81.233333,0.433018,matched
3015,100.5,2437,81.233333,0.421683,matched
3016,100.533333,2438,81.266667,0.410348,matched
3017,100.566667,2438,81.266667,0.399013,matched
3018,100.6,2439,81.3,0.387678,matched
3019,100.633333,2439,81.3,0.376343,matched
3020,100.666667,2440,81.333333,0.365008,matched
3021,100.7,2440,81.333333,0.353673,matched
3022,100.733333,2441,81.366667,0.342338,review
3023,100.766667,2441,81.366667,0.331003,review
3024,100.8,2442,81.4,0.319668,review
3025,100.833333,2442,81.4,0.322799,review
3026,100.866667,2443,81.433333,0.325931,review
3027,100.9,2444,81.466667,0.329063,review
3028,100.933333,2444,81.466667,0.332195,review
3029,100.966667,2444,81.466667,0.335327,review
3030,101.0,2445,81.5,0.338459,review
3031,101.033333,2446,81.533333,0.341591,review
3032,101.066667,2446,81.533333,0.344723,review
3033,101.1,2446,81.533333,0.347855,review
3034,101.133333,2447,81.566667,0.350987,matched
3035,101.166667,2448,81.6,0.354119,matched
3036,101.2,2448,81.6,0.357248,matched
3037,101.233333,2450,81.666667,0.325347,review
3038,101.266667,2452,81.733333,0.293446,review
3039,101.3,2454,81.8,0.261545,review
3040,101.333333,2456,81.866667,0.229644,review
3041,101.366667,2458,81.933333,0.197743,review
3042,101.4,2460,82.0,0.165842,review
3043,101.433333,2460,82.0,0.197423,review
3044,101.466667,2461,82.033333,0.229006,review
3045,101.5,2461,82.033333,0.26059,review
3046,101.533333,2462,82.066667,0.292173,review
3047,101.566667,2462,82.066667,0.323756,review
3048,101.6,2463,82.1,0.35534,matched
3049,101.633333,2463,82.1,0.386923,matched
3050,101.666667,2464,82.133333,0.418507,matched
3051,101.7,2464,82.133333,0.45009,matched
3052,101.733333,2465,82.166667,0.481673,matched
3053,101.766667,2465,82.166667,0.513257,matched
3054,101.8,2466,82.2,0.54484,matched
3055,101.833333,2466,82.2,0.531482,matched
3056,101.866667,2467,82.233333,0.518119,matched
3057,101.9,2467,82.233333,0.504757,matched
3058,101.933333,2468,82.266667,0.491394,matched
3059,101.966667,2468,82.266667,0.478032,matched
3060,102.0,2469,82.3,0.46467,matched
3061,102.033333,2469,82.3,0.451307,matched
3062,102.066667,2470,82.333333,0.437945,matched
3063,102.1,2471,82.366667,0.424582,matched
3064,102.133333,2471,82.366667,0.41122,matched
3065,102.166667,2472,82.4,0.397857,matched
3066,102.2,2472,82.4,0.384493,matched
3067,102.233333,2474,82.466667,0.352007,matched
3068,102.266667,2476,82.533333,0.31952,review
3069,102.3,2478,82.6,0.287034,review
3070,102.333333,2480,82.666667,0.254547,review
3071,102.366667,2482,82.733333,0.222061,review
3072,102.4,2484,82.8,0.189574,review
3073,102.433333,2486,82.866667,0.187621,review
3074,102.466667,2488,82.933333,0.185669,review
3075,102.5,2490,83.0,0.183717,review
3076,102.533333,2492,83.066667,0.181764,review
3077,102.566667,2494,83.133333,0.179812,review
3078,102.6,2496,83.2,0.17786,review
3079,102.633333,2496,83.2,0.167098,review
3080,102.666667,2497,83.233333,0.156336,review
3081,102.7,2497,83.233333,0.145574,review
3082,102.733333,2498,83.266667,0.134812,review
3083,102.766667,2498,83.266667,0.12405,review
3084,102.8,2499,83.3,0.113288,review
3085,102.833333,2499,83.3,0.102526,review
3086,102.866667,2500,83.333333,0.091765,review
3087,102.9,2501,83.366667,0.081003,review
3088,102.933333,2501,83.366667,0.070241,review
3089,102.966667,2502,83.4,0.059479,review
3090,103.0,2502,83.4,0.048717,review
3091,103.033333,2504,83.466667,0.102356,review
3092,103.066667,2506,83.533333,0.155996,review
3093,103.1,2508,83.6,0.209635,review
3094,103.133333,2510,83.666667,0.263274,review
3095,103.166667,2512,83.733333,0.316914,review
3096,103.2,2514,83.8,0.370549,matched
3097,103.233333,2515,83.833333,0.378582,matched
3098,103.266667,2515,83.833333,0.386616,matched
3099,103.3,2516,83.866667,0.394649,matched
3100,103.333333,2516,83.866667,0.402683,matched
3101,103.366667,2517,83.9,0.410717,matched
3102,103.4,2517,83.9,0.41875,matched
3103,103.433333,2518,83.933333,0.426784,matched
3104,103.466667,2518,83.933333,0.434817,matched
3105,103.5,2519,83.966667,0.442851,matched
3106,103.533333,2519,83.966667,0.450884,matched
3107,103.566667,2520,84.0,0.458918,matched
3108,103.6,2520,84.0,0.466951,matched
3109,103.633333,2521,84.033333,0.471206,matched
3110,103.666667,2521,84.033333,0.47546,matched
3111,103.7,2521,84.033333,0.479714,matched
3112,103.733333,2522,84.066667,0.483968,matched
3113,103.766667,2522,84.066667,0.488223,matched
3114,103.8,2523,84.1,0.492477,matched
3115,103.833333,2523,84.1,0.496731,matched
3116,103.866667,2524,84.133333,0.500986,matched
3117,103.9,2524,84.133333,0.50524,matched
3118,103.933333,2525,84.166667,0.509494,matched
3119,103.966667,2525,84.166667,0.513749,matched
3120,104.0,2526,84.2,0.518003,matched
3121,104.033333,2526,84.2,0.516641,matched
3122,104.066667,2527,84.233333,0.515279,matched
3123,104.1,2527,84.233333,0.513917,matched
3124,104.133333,2528,84.266667,0.512555,matched
3125,104.166667,2528,84.266667,0.511193,matched
3126,104.2,2529,84.3,0.509832,matched
3127,104.233333,2529,84.3,0.50847,matched
3128,104.266667,2530,84.333333,0.507108,matched
3129,104.3,2530,84.333333,0.505746,matched
3130,104.333333,2531,84.366667,0.504384,matched
3131,104.366667,2532,84.4,0.503022,matched
3132,104.4,2532,84.4,0.50166,matched
3133,104.433333,2534,84.466667,0.507717,matched
3134,104.466667,2536,84.533333,0.513774,matched
3135,104.5,2538,84.6,0.519831,matched
3136,104.533333,2540,84.666667,0.525888,matched
3137,104.566667,2542,84.733333,0.531945,matched
3138,104.6,2544,84.8,0.538003,matched
3139,104.633333,2546,84.866667,0.559713,matched
3140,104.666667,2548,84.933333,0.581423,matched
3141,104.7,2550,85.0,0.603133,matched
3142,104.733333,2552,85.066667,0.624843,matched
3143,104.766667,2554,85.133333,0.646553,matched
3144,104.8,2556,85.2,0.668263,matched
3145,104.833333,2556,85.2,0.651781,matched
3146,104.866667,2557,85.233333,0.635295,matched
3147,104.9,2557,85.233333,0.61881,matched
3148,104.933333,2558,85.266667,0.602324,matched
3149,104.966667,2558,85.266667,0.585839,matched
3150,105.0,2559,85.3,0.569353,matched
3151,105.033333,2559,85.3,0.552868,matched
3152,105.066667,2560,85.333333,0.536382,matched
3153,105.1,2561,85.366667,0.519897,matched
3154,105.133333,2561,85.366667,0.503411,matched
3155,105.166667,2562,85.4,0.486926,matched
3156,105.2,2562,85.4,0.470444,matched
3157,105.233333,2563,85.433333,0.488938,matched
3158,105.266667,2563,85.433333,0.507433,matched
3159,105.3,2564,85.466667,0.525927,matched
3160,105.333333,2564,85.466667,0.544422,matched
3161,105.366667,2565,85.5,0.562917,matched
3162,105.4,2565,85.5,0.581411,matched
3163,105.433333,2566,85.533333,0.599906,matched
3164,105.466667,2566,85.533333,0.6184,matched
3165,105.5,2567,85.566667,0.636895,matched
3166,105.533333,2567,85.566667,0.65539,matched
3167,105.566667,2567,85.566667,0.673884,matched
3168,105.6,2568,85.6,0.692378,matched
3169,105.633333,2568,85.6,0.687122,matched
3170,105.666667,2569,85.633333,0.681867,matched
3171,105.7,2570,85.666667,0.676612,matched
3172,105.733333,2570,85.666667,0.671356,matched
3173,105.766667,2571,85.7,0.666101,matched
3174,105.8,2571,85.7,0.660846,matched
3175,105.833333,2572,85.733333,0.655591,matched
3176,105.866667,2572,85.733333,0.650335,matched
3177,105.9,2573,85.766667,0.64508,matched
3178,105.933333,2573,85.766667,0.639825,matched
3179,105.966667,2574,85.8,0.634569,matched
3180,106.0,2574,85.8,0.629314,matched
3181,106.033333,2575,85.833333,0.62493,matched
3182,106.066667,2575,85.833333,0.620545,matched
3183,106.1,2576,85.866667,0.616161,matched
3184,106.133333,2576,85.866667,0.611776,matched
3185,106.166667,2577,85.9,0.607392,matched
3186,106.2,2577,85.9,0.603008,matched
3187,106.233333,2578,85.933333,0.598623,matched
3188,106.266667,2578,85.933333,0.594239,matched
3189,106.3,2579,85.966667,0.589854,matched
3190,106.333333,2579,85.966667,0.58547,matched
3191,106.366667,2579,85.966667,0.581086,matched
3192,106.4,2580,86.0,0.576701,matched
3193,106.433333,2580,86.0,0.591732,matched
3194,106.466667,2581,86.033333,0.606764,matched
3195,106.5,2581,86.033333,0.621796,matched
3196,106.533333,2582,86.066667,0.636828,matched
3197,106.566667,2582,86.066667,0.65186,matched
3198,106.6,2583,86.1,0.666892,matched
3199,106.633333,2583,86.1,0.681924,matched
3200,106.666667,2584,86.133333,0.696956,matched
3201,106.7,2584,86.133333,0.711988,matched
3202,106.733333,2585,86.166667,0.72702,matched
3203,106.766667,2585,86.166667,0.742052,matched
3204,106.8,2586,86.2,0.757084,matched
3205,106.833333,2586,86.2,0.740118,matched
3206,106.866667,2587,86.233333,0.723149,matched
3207,106.9,2587,86.233333,0.706181,matched
3208,106.933333,2588,86.266667,0.689212,matched
3209,106.966667,2588,86.266667,0.672243,matched
3210,107.0,2589,86.3,0.655275,matched
3211,107.033333,2589,86.3,0.638306,matched
3212,107.066667,2590,86.333333,0.621337,matched
3213,107.1,2591,86.366667,0.604368,matched
3214,107.133333,2591,86.366667,0.5874,matched
3215,107.166667,2592,86.4,0.570431,matched
3216,107.2,2592,86.4,0.553462,matched
3217,107.233333,2593,86.433333,0.532483,matched
3218,107.266667,2593,86.433333,0.511504,matched
3219,107.3,2594,86.466667,0.490526,matched
3220,107.333333,2594,86.466667,0.469547,matched
3221,107.366667,2595,86.5,0.448568,matched
3222,107.4,2595,86.5,0.427589,matched
3223,107.433333,2596,86.533333,0.40661,matched
3224,107.466667,2596,86.533333,0.385631,matched
3225,107.5,2597,86.566667,0.364653,matched
3226,107.533333,2597,86.566667,0.343674,review
3227,107.566667,2597,86.566667,0.322695,review
3228,107.6,2598,86.6,0.301718,review
3229,107.633333,2598,86.6,0.316201,review
3230,107.666667,2599,86.633333,0.330684,review
3231,107.7,2600,86.666667,0.345168,review
3232,107.733333,2600,86.666667,0.359651,matched
3233,107.766667,2601,86.7,0.374134,matched
3234,107.8,2601,86.7,0.388618,matched
3235,107.833333,2602,86.733333,0.403101,matched
3236,107.866667,2602,86.733333,0.417585,matched
3237,107.9,2603,86.766667,0.432068,matched
3238,107.933333,2603,86.766667,0.446551,matched
3239,107.966667,2604,86.8,0.461035,matched
3240,108.0,2604,86.8,0.475518,matched
3241,108.033333,2606,86.866667,0.50123,matched
3242,108.066667,2608,86.933333,0.526942,matched
3243,108.1,2610,87.0,0.552655,matched
3244,108.133333,2612,87.066667,0.578367,matched
3245,108.166667,2614,87.133333,0.604079,matched
3246,108.2,2616,87.2,0.629788,matched
3247,108.233333,2616,87.2,0.617767,matched
3248,108.266667,2617,87.233333,0.605745,matched
3249,108.3,2617,87.233333,0.593724,matched
3250,108.333333,2618,87.266667,0.581703,matched
3251,108.366667,2619,87.3,0.569682,matched
3252,108.4,2619,87.3,0.557661,matched
3253,108.433333,2620,87.333333,0.545639,matched
3254,108.466667,2620,87.333333,0.533618,matched
3255,108.5,2621,87.366667,0.521597,matched
3256,108.533333,2621,87.366667,0.509576,matched
3257,108.566667,2622,87.4,0.497555,matched
3258,108.6,2622,87.4,0.485534,matched
3259,108.633333,2623,87.433333,0.489188,matched
3260,108.666667,2623,87.433333,0.492841,matched
3261,108.7,2624,87.466667,0.496494,matched
3262,108.733333,2624,87.466667,0.500148,matched
3263,108.766667,2625,87.5,0.503801,matched
3264,108.8,2625,87.5,0.507455,matched
3265,108.833333,2626,87.533333,0.511108,matched
3266,108.866667,2626,87.533333,0.514761,matched
3267,108.9,2626,87.533333,0.518415,matched
3268,108.933333,2627,87.566667,0.522068,matched
3269,108.966667,2627,87.566667,0.525722,matched
3270,109.0,2628,87.6,0.529375,matched
3271,109.033333,2628,87.6,0.526354,matched
3272,109.066667,2629,87.633333,0.523334,matched
3273,109.1,2629,87.633333,0.520313,matched
3274,109.133333,2630,87.666667,0.517293,matched
3275,109.166667,2631,87.7,0.514272,matched
3276,109.2,2631,87.7,0.511252,matched
3277,109.233333,2632,87.733333,0.508231,matched
3278,109.266667,2632,87.733333,0.50521,matched
3279,109.3,2633,87.766667,0.50219,matched
3280,109.333333,2633,87.766667,0.499169,matched
3281,109.366667,2634,87.8,0.496149,matched
3282,109.4,2634,87.8,0.493128,matched
3283,109.433333,2636,87.866667,0.481086,matched
3284,109.466667,2638,87.933333,0.469043,matched
3285,109.5,2640,88.0,0.456999,matched
3286,109.533333,2642,88.066667,0.444956,matched
3287,109.566667,2644,88.133333,0.432913,matched
3288,109.6,2646,88.2,0.42087,matched
3289,109.633333,2648,88.266667,0.407606,matched
3290,109.666667,2650,88.333333,0.394342,matched
3291,109.7,2652,88.4,0.381078,matched
3292,109.733333,2654,88.466667,0.367814,matched
3293,109.766667,2656,88.533333,0.35455,matched
3294,109.8,2658,88.6,0.341286,review
3295,109.833333,2660,88.666667,0.319716,review
3296,109.866667,2662,88.733333,0.298145,review
3297,109.9,2664,88.8,0.276574,review
3298,109.933333,2666,88.866667,0.255003,review
3299,109.966667,2668,88.933333,0.233432,review
3300,110.0,2670,89.0,0.211861,review
3301,110.033333,2672,89.066667,0.204633,review
3302,110.066667,2674,89.133333,0.197406,review
3303,110.1,2676,89.2,0.190178,review
3304,110.133333,2678,89.266667,0.182951,review
3305,110.166667,2680,89.333333,0.175723,review
3306,110.2,2682,89.4,0.168501,review
3307,110.233333,2684,89.466667,0.226411,review
3308,110.266667,2686,89.533333,0.284321,review
3309,110.3,2688,89.6,0.342231,review
3310,110.333333,2690,89.666667,0.400141,matched
3311,110.366667,2692,89.733333,0.458051,matched
3312,110.4,2694,89.8,0.51596,matched
3313,110.433333,2696,89.866667,0.481448,matched
3314,110.466667,2698,89.933333,0.446932,matched
3315,110.5,2700,90.0,0.412415,matched
3316,110.533333,2702,90.066667,0.377898,matched
3317,110.566667,2704,90.133333,0.343382,review
3318,110.6,2706,90.2,0.308869,review
3319,110.633333,2708,90.266667,0.349126,review
3320,110.666667,2710,90.333333,0.389383,matched
3321,110.7,2712,90.4,0.42964,matched
3322,110.733333,2714,90.466667,0.469897,matched
3323,110.766667,2716,90.533333,0.510154,matched
3324,110.8,2718,90.6,0.550411,matched
3325,110.833333,2718,90.6,0.535517,matched
3326,110.866667,2719,90.633333,0.520618,matched
3327,110.9,2719,90.633333,0.505719,matched
3328,110.933333,2720,90.666667,0.49082,matched
3329,110.966667,2721,90.7,0.475921,matched
3330,111.0,2721,90.7,0.461022,matched
3331,111.033333,2722,90.733333,0.446124,matched
3332,111.066667,2722,90.733333,0.431225,matched
3333,111.1,2723,90.766667,0.416326,matched
3334,111.133333,2723,90.766667,0.401427,matched
3335,111.166667,2724,90.8,0.386528,matched
3336,111.2,2724,90.8,0.371631,matched
3337,111.233333,2725,90.833333,0.380752,matched
3338,111.266667,2725,90.833333,0.389873,matched
3339,111.3,2726,90.866667,0.398994,matched
3340,111.333333,2726,90.866667,0.408115,matched
3341,111.366667,2727,90.9,0.417236,matched
3342,111.4,2727,90.9,0.426357,matched
3343,111.433333,2728,90.933333,0.435478,matched
3344,111.466667,2728,90.933333,0.444599,matched
3345,111.5,2729,90.966667,0.45372,matched
3346,111.533333,2729,90.966667,0.46284,matched
3347,111.566667,2730,91.0,0.471961,matched
3348,111.6,2730,91.0,0.481081,matched
3349,111.633333,2731,91.033333,0.457433,matched
3350,111.666667,2731,91.033333,0.433784,matched
3351,111.7,2731,91.033333,0.410136,matched
3352,111.733333,2732,91.066667,0.386488,matched
3353,111.766667,2732,91.066667,0.362839,matched
3354,111.8,2733,91.1,0.339191,review
3355,111.833333,2733,91.1,0.315543,review
3356,111.866667,2734,91.133333,0.291894,review
3357,111.9,2734,91.133333,0.268246,review
3358,111.933333,2735,91.166667,0.244598,review
3359,111.966667,2735,91.166667,0.220949,review
3360,112.0,2736,91.2,0.197301,review
3361,112.033333,2738,91.266667,0.261029,review
3362,112.066667,2740,91.333333,0.324758,review
3363,112.1,2742,91.4,0.388486,matched
3364,112.133333,2744,91.466667,0.452214,matched
3365,112.166667,2746,91.533333,0.515943,matched
3366,112.2,2748,91.6,0.579664,matched
3367,112.233333,2749,91.633333,0.564279,matched
3368,112.266667,2749,91.633333,0.548894,matched
3369,112.3,2750,91.666667,0.533509,matched
3370,112.333333,2750,91.666667,0.518124,matched
3371,112.366667,2751,91.7,0.50274,matched
3372,112.4,2751,91.7,0.487355,matched
3373,112.433333,2752,91.733333,0.47197,matched
3374,112.466667,2752,91.733333,0.456585,matched
3375,112.5,2753,91.766667,0.441201,matched
3376,112.533333,2753,91.766667,0.425816,matched
3377,112.566667,2754,91.8,0.410431,matched
3378,112.6,2754,91.8,0.395046,matched
3379,112.633333,2756,91.866667,0.383526,matched
3380,112.666667,2758,91.933333,0.372005,matched
3381,112.7,2760,92.0,0.360485,matched
3382,112.733333,2762,92.066667,0.348964,review
3383,112.766667,2764,92.133333,0.337444,review
3384,112.8,2766,92.2,0.325923,review
3385,112.833333,2766,92.2,0.349487,review
3386,112.866667,2767,92.233333,0.373053,matched
3387,112.9,2767,92.233333,0.39662,matched
3388,112.933333,2768,92.266667,0.420187,matched
3389,112.966667,2768,92.266667,0.443754,matched
3390,113.0,2769,92.3,0.467321,matched
3391,113.033333,2769,92.3,0.490887,matched
3392,113.066667,2770,92.333333,0.514454,matched
3393,113.1,2771,92.366667,0.538021,matched
3394,113.133333,2771,92.366667,0.561588,matched
3395,113.166667,2772,92.4,0.585154,matched
3396,113.2,2772,92.4,0.608718,matched
3397,113.233333,2773,92.433333,0.59888,matched
3398,113.266667,2773,92.433333,0.589042,matched
3399,113.3,2774,92.466667,0.579203,matched
3400,113.333333,2774,92.466667,0.569365,matched
3401,113.366667,2775,92.5,0.559527,matched
3402,113.4,2775,92.5,0.549688,matched
3403,113.433333,2776,92.533333,0.53985,matched
3404,113.466667,2776,92.533333,0.530012,matched
3405,113.5,2777,92.566667,0.520173,matched
3406,113.533333,2777,92.566667,0.510335,matched
3407,113.566667,2777,92.566667,0.500497,matched
3408,113.6,2778,92.6,0.49066,matched
3409,113.633333,2778,92.6,0.50618,matched
3410,113.666667,2779,92.633333,0.5217,matched
3411,113.7,2780,92.666667,0.537221,matched
3412,113.733333,2780,92.666667,0.552741,matched
3413,113.766667,2781,92.7,0.568262,matched
3414,113.8,2781,92.7,0.583782,matched
3415,113.833333,2782,92.733333,0.599302,matched
3416,113.866667,2782,92.733333,0.614823,matched
3417,113.9,2783,92.766667,0.630343,matched
3418,113.933333,2783,92.766667,0.645863,matched
3419,113.966667,2784,92.8,0.661384,matched
3420,114.0,2784,92.8,0.676904,matched
3421,114.033333,2785,92.833333,0.620496,matched
3422,114.066667,2785,92.833333,0.564087,matched
3423,114.1,2786,92.866667,0.507679,matched
3424,114.133333,2786,92.866667,0.45127,matched
3425,114.166667,2787,92.9,0.394862,matched
3426,114.2,2787,92.9,0.338453,review
3427,114.233333,2788,92.933333,0.282045,review
3428,114.266667,2788,92.933333,0.225636,review
3429,114.3,2789,92.966667,0.169228,review
3430,114.333333,2789,92.966667,0.112819,review
3431,114.366667,2789,92.966667,0.056411,review
3432,114.4,2790,93.0,3e-06,review
3433,114.433333,2792,93.066667,0.107479,review
3434,114.466667,2794,93.133333,0.214962,review
3435,114.5,2796,93.2,0.322446,review
3436,114.533333,2798,93.266667,0.429929,matched
3437,114.566667,2800,93.333333,0.537412,matched
3438,114.6,2802,93.4,0.644892,matched
3439,114.633333,2803,93.433333,0.656168,matched
3440,114.666667,2804,93.466667,0.667444,matched
3441,114.7,2805,93.5,0.67872,matched
3442,114.733333,2806,93.533333,0.689996,matched
3443,114.766667,2807,93.566667,0.701272,matched
3444,114.8,2808,93.6,0.712548,matched
3445,114.833333,2808,93.6,0.687804,matched
3446,114.866667,2809,93.633333,0.663057,matched
3447,114.9,2809,93.633333,0.63831,matched
3448,114.933333,2810,93.666667,0.613563,matched
3449,114.966667,2811,93.7,0.588816,matched
3450,115.0,2811,93.7,0.564069,matched
3451,115.033333,2812,93.733333,0.539322,matched
3452,115.066667,2812,93.733333,0.514575,matched
3453,115.1,2813,93.766667,0.489828,matched
3454,115.133333,2813,93.766667,0.465081,matched
3455,115.166667,2814,93.8,0.440334,matched
3456,115.2,2814,93.8,0.41559,matched
3457,115.233333,2815,93.833333,0.431437,matched
3458,115.266667,2815,93.833333,0.447284,matched
3459,115.3,2816,93.866667,0.463131,matched
3460,115.333333,2816,93.866667,0.478978,matched
3461,115.366667,2817,93.9,0.494825,matched
3462,115.4,2817,93.9,0.510672,matched
3463,115.433333,2818,93.933333,0.526518,matched
3464,115.466667,2818,93.933333,0.542365,matched
3465,115.5,2819,93.966667,0.558212,matched
3466,115.533333,2819,93.966667,0.574059,matched
3467,115.566667,2820,94.0,0.589906,matched
3468,115.6,2820,94.0,0.605752,matched
3469,115.633333,2821,94.033333,0.612206,matched
3470,115.666667,2821,94.033333,0.61866,matched
3471,115.7,2821,94.033333,0.625114,matched
3472,115.733333,2822,94.066667,0.631569,matched
3473,115.766667,2822,94.066667,0.638023,matched
3474,115.8,2823,94.1,0.644477,matched
3475,115.833333,2823,94.1,0.650931,matched
3476,115.866667,2824,94.133333,0.657385,matched
3477,115.9,2824,94.133333,0.663839,matched
3478,115.933333,2825,94.166667,0.670293,matched
3479,115.966667,2825,94.166667,0.676747,matched
3480,116.0,2826,94.2,0.683201,matched
3481,116.033333,2828,94.266667,0.68469,matched
3482,116.066667,2830,94.333333,0.68618,matched
3483,116.1,2832,94.4,0.687669,matched
3484,116.133333,2834,94.466667,0.689158,matched
3485,116.166667,2836,94.533333,0.690648,matched
3486,116.2,2838,94.6,0.692134,matched
3487,116.233333,2840,94.666667,0.664547,matched
3488,116.266667,2842,94.733333,0.636959,matched
3489,116.3,2844,94.8,0.609372,matched
3490,116.333333,2846,94.866667,0.581784,matched
3491,116.366667,2848,94.933333,0.554197,matched
3492,116.4,2850,95.0,0.526609,matched
3493,116.433333,2852,95.066667,0.553434,matched
3494,116.466667,2854,95.133333,0.580261,matched
3495,116.5,2856,95.2,0.607088,matched
3496,116.533333,2858,95.266667,0.633915,matched
3497,116.566667,2860,95.333333,0.660742,matched
3498,116.6,2862,95.4,0.687567,matched
3499,116.633333,2864,95.466667,0.666237,matched
3500,116.666667,2866,95.533333,0.644906,matched
3501,116.7,2868,95.6,0.623575,matched
3502,116.733333,2870,95.666667,0.602245,matched
3503,116.766667,2872,95.733333,0.580914,matched
3504,116.8,2874,95.8,0.559584,matched
3505,116.833333,2875,95.833333,0.54154,matched
3506,116.866667,2875,95.833333,0.523496,matched
3507,116.9,2876,95.866667,0.505452,matched
3508,116.933333,2876,95.866667,0.487408,matched
3509,116.966667,2877,95.9,0.469364,matched
3510,117.0,2877,95.9,0.45132,matched
3511,117.033333,2878,95.933333,0.433276,matched
3512,117.066667,2878,95.933333,0.415232,matched
3513,117.1,2879,95.966667,0.397188,matched
3514,117.133333,2879,95.966667,0.379144,matched
3515,117.166667,2880,96.0,0.3611,matched
3516,117.2,2880,96.0,0.343054,review
3517,117.233333,2882,96.066667,0.296563,review
3518,117.266667,2884,96.133333,0.250072,review
3519,117.3,2886,96.2,0.20358,review
3520,117.333333,2888,96.266667,0.157089,review
3521,117.366667,2890,96.333333,0.110598,review
3522,117.4,2892,96.4,0.064107,review
3523,117.433333,2894,96.466667,0.160625,review
3524,117.466667,2896,96.533333,0.25715,review
3525,117.5,2898,96.6,0.353675,matched
3526,117.533333,2900,96.666667,0.4502,matched
3527,117.566667,2902,96.733333,0.546725,matched
3528,117.6,2904,96.8,0.643245,matched
3529,117.633333,2906,96.866667,0.642346,matched
3530,117.666667,2908,96.933333,0.641448,matched
3531,117.7,2910,97.0,0.64055,matched
3532,117.733333,2912,97.066667,0.639651,matched
3533,117.766667,2914,97.133333,0.638753,matched
3534,117.8,2916,97.2,0.637854,matched
3535,117.833333,2918,97.266667,0.618097,matched
3536,117.866667,2920,97.333333,0.598338,matched
3537,117.9,2922,97.4,0.578579,matched
3538,117.933333,2924,97.466667,0.558821,matched
3539,117.966667,2926,97.533333,0.539062,matched
3540,118.0,2928,97.6,0.519303,matched
3541,118.033333,2928,97.6,0.526221,matched
3542,118.066667,2929,97.633333,0.533138,matched
3543,118.1,2929,97.633333,0.540056,matched
3544,118.133333,2930,97.666667,0.546974,matched
3545,118.166667,2931,97.7,0.553891,matched
3546,118.2,2931,97.7,0.560809,matched
3547,118.233333,2932,97.733333,0.567726,matched
3548,118.266667,2932,97.733333,0.574644,matched
3549,118.3,2933,97.766667,0.581562,matched
3550,118.333333,2933,97.766667,0.588479,matched
3551,118.366667,2934,97.8,0.595397,matched
3552,118.4,2934,97.8,0.602315,matched
3553,118.433333,2936,97.866667,0.564626,matched
3554,118.466667,2938,97.933333,0.526935,matched
3555,118.5,2940,98.0,0.489245,matched
3556,118.533333,2942,98.066667,0.451554,matched
3557,118.566667,2944,98.133333,0.413863,matched
3558,118.6,2946,98.2,0.376173,matched
3559,118.633333,2946,98.2,0.361218,matched
3560,118.666667,2947,98.233333,0.346262,review
3561,118.7,2947,98.233333,0.331307,review
3562,118.733333,2948,98.266667,0.316352,review
3563,118.766667,2948,98.266667,0.301396,review
3564,118.8,2949,98.3,0.286441,review
3565,118.833333,2949,98.3,0.271485,review
3566,118.866667,2950,98.333333,0.25653,review
3567,118.9,2951,98.366667,0.241574,review
3568,118.933333,2951,98.366667,0.226619,review
3569,118.966667,2952,98.4,0.211663,review
3570,119.0,2952,98.4,0.196708,review
3571,119.033333,2954,98.466667,0.234496,review
3572,119.066667,2956,98.533333,0.272283,review
3573,119.1,2958,98.6,0.310071,review
3574,119.133333,2960,98.666667,0.347858,review
3575,119.166667,2962,98.733333,0.385646,matched
3576,119.2,2964,98.8,0.423433,matched
3577,119.233333,2966,98.866667,0.453127,matched
3578,119.266667,2968,98.933333,0.482822,matched
3579,119.3,2970,99.0,0.512516,matched
3580,119.333333,2972,99.066667,0.542211,matched
3581,119.366667,2974,99.133333,0.571905,matched
3582,119.4,2976,99.2,0.6016,matched
3583,119.433333,2978,99.266667,0.585788,matched
3584,119.466667,2980,99.333333,0.569975,matched
3585,119.5,2982,99.4,0.554161,matched
3586,119.533333,2984,99.466667,0.538347,matched
3587,119.566667,2986,99.533333,0.522534,matched
3588,119.6,2988,99.6,0.506722,matched
3589,119.633333,2988,99.6,0.52033,matched
3590,119.666667,2989,99.633333,0.533937,matched
3591,119.7,2990,99.666667,0.547545,matched
3592,119.733333,2990,99.666667,0.561153,matched
3593,119.766667,2991,99.7,0.574761,matched
3594,119.8,2991,99.7,0.588369,matched
3595,119.833333,2992,99.733333,0.601977,matched
3596,119.866667,2992,99.733333,0.615585,matched
3597,119.9,2993,99.766667,0.629192,matched
3598,119.933333,2993,99.766667,0.6428,matched
3599,119.966667,2994,99.8,0.656408,matched
3600,120.0,2994,99.8,0.670016,matched
3601,120.033333,2995,99.833333,0.665484,matched
3602,120.066667,2995,99.833333,0.660953,matched
3603,120.1,2996,99.866667,0.656421,matched
3604,120.133333,2996,99.866667,0.651889,matched
3605,120.166667,2997,99.9,0.647357,matched
3606,120.2,2997,99.9,0.642826,matched
3607,120.233333,2998,99.933333,0.638294,matched
3608,120.266667,2998,99.933333,0.633762,matched
3609,120.3,2999,99.966667,0.62923,matched
3610,120.333333,2999,99.966667,0.624699,matched
3611,120.366667,2999,99.966667,0.620167,matched
3612,120.4,3000,100.0,0.615635,matched
3613,120.433333,3002,100.066667,0.629695,matched
3614,120.466667,3004,100.133333,0.643756,matched
3615,120.5,3006,100.2,0.657817,matched
3616,120.533333,3008,100.266667,0.671879,matched
3617,120.566667,3010,100.333333,0.68594,matched
3618,120.6,3012,100.4,0.7,matched
3619,120.633333,3014,100.466667,0.703716,matched
3620,120.666667,3016,100.533333,0.707431,matched
3621,120.7,3018,100.6,0.711146,matched
3622,120.733333,3020,100.666667,0.714862,matched
3623,120.766667,3022,100.733333,0.718577,matched
3624,120.8,3024,100.8,0.722293,matched
3625,120.833333,3025,100.833333,0.710371,matched
3626,120.866667,3025,100.833333,0.698447,matched
3627,120.9,3026,100.866667,0.686524,matched
3628,120.933333,3026,100.866667,0.674601,matched
3629,120.966667,3027,100.9,0.662677,matched
3630,121.0,3027,100.9,0.650754,matched
3631,121.033333,3028,100.933333,0.638831,matched
3632,121.066667,3028,100.933333,0.626907,matched
3633,121.1,3029,100.966667,0.614984,matched
3634,121.133333,3029,100.966667,0.603061,matched
3635,121.166667,3030,101.0,0.591137,matched
3636,121.2,3030,101.0,0.579214,matched
3637,121.233333,3031,101.033333,0.565511,matched
3638,121.266667,3031,101.033333,0.551808,matched
3639,121.3,3032,101.066667,0.538106,matched
3640,121.333333,3032,101.066667,0.524403,matched
3641,121.366667,3032,101.066667,0.5107,matched
3642,121.4,3033,101.1,0.496998,matched
3643,121.433333,3033,101.1,0.483295,matched
3644,121.466667,3034,101.133333,0.469592,matched
3645,121.5,3034,101.133333,0.455889,matched
3646,121.533333,3035,101.166667,0.442187,matched
3647,121.566667,3035,101.166667,0.428484,matched
3648,121.6,3036,101.2,0.414782,matched
3649,121.633333,3036,101.2,0.419707,matched
3650,121.666667,3037,101.233333,0.424631,matched
3651,121.7,3037,101.233333,0.429555,matched
3652,121.733333,3038,101.266667,0.434479,matched
3653,121.766667,3038,101.266667,0.439404,matched
3654,121.8,3039,101.3,0.444328,matched
3655,121.833333,3039,101.3,0.449252,matched
3656,121.866667,3040,101.333333,0.454177,matched
3657,121.9,3041,101.366667,0.459101,matched
3658,121.933333,3041,101.366667,0.464025,matched
3659,121.966667,3042,101.4,0.46895,matched
3660,122.0,3042,101.4,0.473874,matched
3661,122.033333,3044,101.466667,0.482371,matched
3662,122.066667,3046,101.533333,0.490868,matched
3663,122.1,3048,101.6,0.499365,matched
3664,122.133333,3050,101.666667,0.507863,matched
3665,122.166667,3052,101.733333,0.51636,matched
3666,122.2,3054,101.8,0.524858,matched
3667,122.233333,3056,101.866667,0.542003,matched
3668,122.266667,3058,101.933333,0.559149,matched
3669,122.3,3060,102.0,0.576295,matched
3670,122.333333,3062,102.066667,0.593441,matched
3671,122.366667,3064,102.133333,0.610587,matched
3672,122.4,3066,102.2,0.627733,matched
3673,122.433333,3066,102.2,0.63913,matched
3674,122.466667,3067,102.233333,0.650527,matched
3675,122.5,3067,102.233333,0.661923,matched
3676,122.533333,3068,102.266667,0.67332,matched
3677,122.566667,3068,102.266667,0.684716,matched
3678,122.6,3069,102.3,0.696113,matched
3679,122.633333,3069,102.3,0.707509,matched
3680,122.666667,3070,102.333333,0.718906,matched
3681,122.7,3070,102.333333,0.730302,matched
3682,122.733333,3071,102.366667,0.741699,matched
3683,122.766667,3071,102.366667,0.753095,matched
3684,122.8,3072,102.4,0.764492,matched
3685,122.833333,3072,102.4,0.765279,matched
3686,122.866667,3073,102.433333,0.766064,matched
3687,122.9,3074,102.466667,0.76685,matched
3688,122.933333,3074,102.466667,0.767635,matched
3689,122.966667,3074,102.466667,0.768421,matched
3690,123.0,3075,102.5,0.769206,matched
3691,123.033333,3076,102.533333,0.769992,matched
3692,123.066667,3076,102.533333,0.770778,matched
3693,123.1,3076,102.533333,0.771563,matched
3694,123.133333,3077,102.566667,0.772349,matched
3695,123.166667,3078,102.6,0.773134,matched
3696,123.2,3078,102.6,0.77392,matched
3697,123.233333,3079,102.633333,0.774616,matched
3698,123.266667,3079,102.633333,0.775312,matched
3699,123.3,3080,102.666667,0.776008,matched
3700,123.333333,3080,102.666667,0.776703,matched
3701,123.366667,3081,102.7,0.777399,matched
3702,123.4,3081,102.7,0.778095,matched
3703,123.433333,3082,102.733333,0.778791,matched
3704,123.466667,3082,102.733333,0.779487,matched
3705,123.5,3083,102.766667,0.780183,matched
3706,123.533333,3083,102.766667,0.780878,matched
3707,123.566667,3084,102.8,0.781574,matched
3708,123.6,3084,102.8,0.78227,matched
3709,123.633333,3085,102.833333,0.773343,matched
3710,123.666667,3085,102.833333,0.764417,matched
3711,123.7,3086,102.866667,0.75549,matched
3712,123.733333,3086,102.866667,0.746563,matched
3713,123.766667,3087,102.9,0.737637,matched
3714,123.8,3087,102.9,0.72871,matched
3715,123.833333,3088,102.933333,0.719784,matched
3716,123.866667,3088,102.933333,0.710857,matched
3717,123.9,3089,102.966667,0.701931,matched
3718,123.933333,3089,102.966667,0.693004,matched
3719,123.966667,3090,103.0,0.684078,matched
3720,124.0,3090,103.0,0.675151,matched
3721,124.033333,3090,103.0,0.684229,matched
3722,124.066667,3091,103.033333,0.693306,matched
3723,124.1,3091,103.033333,0.702384,matched
3724,124.133333,3092,103.066667,0.711461,matched
3725,124.166667,3092,103.066667,0.720539,matched
3726,124.2,3093,103.1,0.729616,matched
3727,124.233333,3093,103.1,0.738694,matched
3728,124.266667,3094,103.133333,0.747771,matched
3729,124.3,3094,103.133333,0.756849,matched
3730,124.333333,3095,103.166667,0.765926,matched
3731,124.366667,3095,103.166667,0.775004,matched
3732,124.4,3096,103.2,0.784082,matched
3733,124.433333,3098,103.266667,0.712861,matched
3734,124.466667,3100,103.333333,0.641637,matched
3735,124.5,3102,103.4,0.570413,matched
3736,124.533333,3104,103.466667,0.499189,matched
3737,124.566667,3106,103.533333,0.427965,matched
3738,124.6,3108,103.6,0.356746,matched
3739,124.633333,3109,103.633333,0.408387,matched
3740,124.666667,3110,103.666667,0.460028,matched
3741,124.7,3111,103.7,0.511669,matched
3742,124.733333,3112,103.733333,0.56331,matched
3743,124.766667,3113,103.766667,0.614951,matched
3744,124.8,3114,103.8,0.666592,matched
3745,124.833333,3115,103.833333,0.66938,matched
3746,124.866667,3115,103.833333,0.672164,matched
3747,124.9,3116,103.866667,0.674948,matched
3748,124.933333,3116,103.866667,0.677731,matched
3749,124.966667,3117,103.9,0.680515,matched
3750,125.0,3117,103.9,0.683298,matched
3751,125.033333,3118,103.933333,0.686082,matched
3752,125.066667,3118,103.933333,0.688866,matched
3753,125.1,3119,103.966667,0.691649,matched
3754,125.133333,3119,103.966667,0.694433,matched
3755,125.166667,3120,104.0,0.697217,matched
3756,125.2,3120,104.0,0.699998,matched
3757,125.233333,3122,104.066667,0.680951,matched
3758,125.266667,3124,104.133333,0.661904,matched
3759,125.3,3126,104.2,0.642857,matched
3760,125.333333,3128,104.266667,0.62381,matched
3761,125.366667,3130,104.333333,0.604763,matched
3762,125.4,3132,104.4,0.585716,matched
3763,125.433333,3134,104.466667,0.580129,matched
3764,125.466667,3136,104.533333,0.574543,matched
3765,125.5,3138,104.6,0.568957,matched
3766,125.533333,3140,104.666667,0.563371,matched
3767,125.566667,3142,104.733333,0.557785,matched
3768,125.6,3144,104.8,0.552198,matched
3769,125.633333,3145,104.833333,0.537887,matched
3770,125.666667,3145,104.833333,0.523577,matched
3771,125.7,3146,104.866667,0.509266,matched
3772,125.733333,3146,104.866667,0.494955,matched
3773,125.766667,3147,104.9,0.480644,matched
3774,125.8,3147,104.9,0.466333,matched
3775,125.833333,3148,104.933333,0.452022,matched
3776,125.866667,3148,104.933333,0.437711,matched
3777,125.9,3149,104.966667,0.423401,matched
3778,125.933333,3149,104.966667,0.40909,matched
3779,125.966667,3150,105.0,0.394779,matched
3780,126.0,3150,105.0,0.380468,matched
3781,126.033333,3152,105.066667,0.372366,matched
3782,126.066667,3154,105.133333,0.364263,matched
3783,126.1,3156,105.2,0.356161,matched
3784,126.133333,3158,105.266667,0.348058,review
3785,126.166667,3160,105.333333,0.339956,review
3786,126.2,3162,105.4,0.331856,review
3787,126.233333,3163,105.433333,0.348993,review
3788,126.266667,3163,105.433333,0.36613,matched
3789,126.3,3164,105.466667,0.383267,matched
3790,126.333333,3164,105.466667,0.400404,matched
3791,126.366667,3165,105.5,0.417541,matched
3792,126.4,3165,105.5,0.434678,matched
3793,126.433333,3166,105.533333,0.451815,matched
3794,126.466667,3166,105.533333,0.468952,matched
3795,126.5,3167,105.566667,0.486089,matched
3796,126.533333,3167,105.566667,0.503226,matched
3797,126.566667,3167,105.566667,0.520363,matched
3798,126.6,3168,105.6,0.537499,matched
3799,126.633333,3168,105.6,0.535243,matched
3800,126.666667,3169,105.633333,0.532986,matched
3801,126.7,3170,105.666667,0.53073,matched
3802,126.733333,3170,105.666667,0.528474,matched
3803,126.766667,3171,105.7,0.526217,matched
3804,126.8,3171,105.7,0.523961,matched
3805,126.833333,3172,105.733333,0.521705,matched
3806,126.866667,3172,105.733333,0.519448,matched
3807,126.9,3173,105.766667,0.517192,matched
3808,126.933333,3173,105.766667,0.514936,matched
3809,126.966667,3174,105.8,0.512679,matched
3810,127.0,3174,105.8,0.510423,matched
3811,127.033333,3176,105.866667,0.538172,matched
3812,127.066667,3178,105.933333,0.565921,matched
3813,127.1,3180,106.0,0.593669,matched
3814,127.133333,3182,106.066667,0.621418,matched
3815,127.166667,3184,106.133333,0.649167,matched
3816,127.2,3186,106.2,0.676914,matched
3817,127.233333,3186,106.2,0.682832,matched
3818,127.266667,3187,106.233333,0.688751,matched
3819,127.3,3187,106.233333,0.694669,matched
3820,127.333333,3188,106.266667,0.700588,matched
3821,127.366667,3189,106.3,0.706506,matched
3822,127.4,3189,106.3,0.712425,matched
3823,127.433333,3190,106.333333,0.718343,matched
3824,127.466667,3190,106.333333,0.724262,matched
3825,127.5,3191,106.366667,0.730181,matched
3826,127.533333,3191,106.366667,0.736099,matched
3827,127.566667,3192,106.4,0.742018,matched
3828,127.6,3192,106.4,0.747935,matched
3829,127.633333,3193,106.433333,0.71786,matched
3830,127.666667,3193,106.433333,0.687785,matched
3831,127.7,3194,106.466667,0.657711,matched
3832,127.733333,3194,106.466667,0.627636,matched
3833,127.766667,3195,106.5,0.597561,matched
3834,127.8,3195,106.5,0.567487,matched
3835,127.833333,3196,106.533333,0.537412,matched
3836,127.866667,3196,106.533333,0.507338,matched
3837,127.9,3196,106.533333,0.477263,matched
3838,127.933333,3197,106.566667,0.447188,matched
3839,127.966667,3197,106.566667,0.417114,matched
3840,128.0,3198,106.6,0.387039,matched
3841,128.033333,3198,106.6,0.371812,matched
3842,128.066667,3199,106.633333,0.356586,matched
3843,128.1,3200,106.666667,0.341359,review
3844,128.133333,3200,106.666667,0.326132,review
3845,128.166667,3201,106.7,0.310905,review
3846,128.2,3201,106.7,0.295679,review
3847,128.233333,3202,106.733333,0.280452,review
3848,128.266667,3202,106.733333,0.265225,review
3849,128.3,3203,106.766667,0.249998,review
3850,128.333333,3203,106.766667,0.234772,review
3851,128.366667,3204,106.8,0.219545,review
3852,128.4,3204,106.8,0.204321,review
3853,128.433333,3206,106.866667,0.202864,review
3854,128.466667,3208,106.933333,0.201407,review
3855,128.5,3210,107.0,0.19995,review
3856,128.533333,3212,107.066667,0.198493,review
3857,128.566667,3214,107.133333,0.197036,review
3858,128.6,3216,107.2,0.195579,review
3859,128.633333,3218,107.266667,0.235777,review
3860,128.666667,3220,107.333333,0.275982,review
3861,128.7,3222,107.4,0.316186,review
3862,128.733333,3224,107.466667,0.356391,matched
3863,128.766667,3226,107.533333,0.396596,matched
3864,128.8,3228,107.6,0.436801,matched
3865,128.833333,3228,107.6,0.444532,matched
3866,128.866667,3229,107.633333,0.452259,matched
3867,128.9,3229,107.633333,0.459986,matched
3868,128.933333,3230,107.666667,0.467713,matched
3869,128.966667,3231,107.7,0.475441,matched
3870,129.0,3231,107.7,0.483168,matched
3871,129.033333,3232,107.733333,0.490895,matched
3872,129.066667,3232,107.733333,0.498623,matched
3873,129.1,3233,107.766667,0.50635,matched
3874,129.133333,3233,107.766667,0.514077,matched
3875,129.166667,3234,107.8,0.521804,matched
3876,129.2,3234,107.8,0.529531,matched
3877,129.233333,3235,107.833333,0.531501,matched
3878,129.266667,3235,107.833333,0.53347,matched
3879,129.3,3236,107.866667,0.53544,matched
3880,129.333333,3236,107.866667,0.537409,matched
3881,129.366667,3237,107.9,0.539379,matched
3882,129.4,3237,107.9,0.541348,matched
3883,129.433333,3238,107.933333,0.543318,matched
3884,129.466667,3238,107.933333,0.545287,matched
3885,129.5,3238,107.933333,0.547257,matched
3886,129.533333,3239,107.966667,0.549227,matched
3887,129.566667,3239,107.966667,0.551196,matched
3888,129.6,3240,108.0,0.553166,matched
3889,129.633333,3242,108.066667,0.523742,matched
3890,129.666667,3244,108.133333,0.494313,matched
3891,129.7,3246,108.2,0.464884,matched
3892,129.733333,3248,108.266667,0.435454,matched
3893,129.766667,3250,108.333333,0.406025,matched
3894,129.8,3252,108.4,0.376596,matched
3895,129.833333,3254,108.466667,0.362612,matched
3896,129.866667,3256,108.533333,0.34863,review
3897,129.9,3258,108.6,0.334648,review
3898,129.933333,3260,108.666667,0.320665,review
3899,129.966667,3262,108.733333,0.306683,review
3900,130.0,3264,108.8,0.292701,review
3901,130.033333,3266,108.866667,0.341275,review
3902,130.066667,3268,108.933333,0.389848,matched
3903,130.1,3270,109.0,0.438422,matched
3904,130.133333,3272,109.066667,0.486996,matched
3905,130.166667,3274,109.133333,0.53557,matched
3906,130.2,3276,109.2,0.584139,matched
3907,130.233333,3278,109.266667,0.586099,matched
3908,130.266667,3280,109.333333,0.588058,matched
3909,130.3,3282,109.4,0.590018,matched
3910,130.333333,3284,109.466667,0.591977,matched
3911,130.366667,3286,109.533333,0.593937,matched
3912,130.4,3288,109.6,0.595896,matched
3913,130.433333,3289,109.633333,0.595429,matched
3914,130.466667,3289,109.633333,0.594962,matched
3915,130.5,3290,109.666667,0.594495,matched
3916,130.533333,3290,109.666667,0.594028,matched
3917,130.566667,3291,109.7,0.593561,matched
3918,130.6,3291,109.7,0.593094,matched
3919,130.633333,3292,109.733333,0.592628,matched
3920,130.666667,3292,109.733333,0.592161,matched
3921,130.7,3293,109.766667,0.591694,matched
3922,130.733333,3293,109.766667,0.591227,matched
3923,130.766667,3294,109.8,0.59076,matched
3924,130.8,3294,109.8,0.590293,matched
3925,130.833333,3295,109.833333,0.582616,matched
3926,130.866667,3295,109.833333,0.574938,matched
3927,130.9,3296,109.866667,0.567261,matched
3928,130.933333,3296,109.866667,0.559583,matched
3929,130.966667,3297,109.9,0.551906,matched
3930,131.0,3297,109.9,0.544228,matched
3931,131.033333,3298,109.933333,0.53655,matched
3932,131.066667,3298,109.933333,0.528873,matched
3933,131.1,3299,109.966667,0.521195,matched
3934,131.133333,3299,109.966667,0.513518,matched
3935,131.166667,3300,110.0,0.50584,matched
3936,131.2,3300,110.0,0.498166,matched
3937,131.233333,3302,110.066667,0.533872,matched
3938,131.266667,3304,110.133333,0.569579,matched
3939,131.3,3306,110.2,0.605285,matched
3940,131.333333,3308,110.266667,0.640991,matched
3941,131.366667,3310,110.333333,0.676697,matched
3942,131.4,3312,110.4,0.712399,matched
3943,131.433333,3314,110.466667,0.724154,matched
3944,131.466667,3316,110.533333,0.73591,matched
3945,131.5,3318,110.6,0.747665,matched
3946,131.533333,3320,110.666667,0.75942,matched
3947,131.566667,3322,110.733333,0.771176,matched
3948,131.6,3324,110.8,0.782931,matched
3949,131.633333,3324,110.8,0.751864,matched
3950,131.666667,3325,110.833333,0.720789,matched
3951,131.7,3326,110.866667,0.689714,matched
3952,131.733333,3326,110.866667,0.658639,matched
3953,131.766667,3326,110.866667,0.627564,matched
3954,131.8,3327,110.9,0.596489,matched
3955,131.833333,3328,110.933333,0.565414,matched
3956,131.866667,3328,110.933333,0.53434,matched
3957,131.9,3328,110.933333,0.503265,matched
3958,131.933333,3329,110.966667,0.47219,matched
3959,131.966667,3330,111.0,0.441115,matched
3960,132.0,3330,111.0,0.41004,matched
3961,132.033333,3330,111.0,0.413825,matched
3962,132.066667,3331,111.033333,0.41761,matched
3963,132.1,3332,111.066667,0.421395,matched
3964,132.133333,3332,111.066667,0.42518,matched
3965,132.166667,3332,111.066667,0.428964,matched
3966,132.2,3333,111.1,0.432749,matched
3967,132.233333,3334,111.133333,0.436534,matched
3968,132.266667,3334,111.133333,0.440319,matched
3969,132.3,3334,111.133333,0.444104,matched
3970,132.333333,3335,111.166667,0.447889,matched
3971,132.366667,3336,111.2,0.451674,matched
3972,132.4,3336,111.2,0.455447,matched
3973,132.433333,3338,111.266667,0.396625,matched
3974,132.466667,3340,111.333333,0.337802,review
3975,132.5,3342,111.4,0.27898,review
3976,132.533333,3344,111.466667,0.220158,review
3977,132.566667,3346,111.533333,0.161335,review
3978,132.6,3348,111.6,0.102513,review
3979,132.633333,3350,111.666667,0.132114,review
3980,132.666667,3352,111.733333,0.16173,review
3981,132.7,3354,111.8,0.191347,review
3982,132.733333,3356,111.866667,0.220964,review
3983,132.766667,3358,111.933333,0.250581,review
3984,132.8,3360,112.0,0.280198,review
3985,132.833333,3362,112.066667,0.255122,review
3986,132.866667,3364,112.133333,0.230041,review
3987,132.9,3366,112.2,0.204959,review
3988,132.933333,3368,112.266667,0.179878,review
3989,132.966667,3370,112.333333,0.154796,review
3990,133.0,3372,112.4,0.129715,review
3991,133.033333,3374,112.466667,0.108095,review
3992,133.066667,3376,112.533333,0.086476,review
3993,133.1,3378,112.6,0.064857,review
3994,133.133333,3380,112.666667,0.043237,review
3995,133.166667,3382,112.733333,0.021618,review
3996,133.2,3384,112.8,5e-06,review
3997,133.233333,3386,112.866667,0.057881,review
3998,133.266667,3388,112.933333,0.115757,review
3999,133.3,3390,113.0,0.173632,review
4000,133.333333,3392,113.066667,0.231508,review
4001,133.366667,3394,113.133333,0.289384,review
4002,133.4,3396,113.2,0.347247,review
4003,133.433333,3398,113.266667,0.334839,review
4004,133.466667,3400,113.333333,0.322431,review
4005,133.5,3402,113.4,0.310023,review
4006,133.533333,3404,113.466667,0.297615,review
4007,133.566667,3406,113.533333,0.285207,review
4008,133.6,3408,113.6,0.272799,review
4009,133.633333,3410,113.666667,0.227338,review
4010,133.666667,3412,113.733333,0.181872,review
4011,133.7,3414,113.8,0.136405,review
4012,133.733333,3416,113.866667,0.090938,review
4013,133.766667,3418,113.933333,0.045471,review
4014,133.8,3420,114.0,4e-06,review
4015,133.833333,3422,114.066667,0.036046,review
4016,133.866667,3424,114.133333,0.072095,review
4017,133.9,3426,114.2,0.108144,review
4018,133.933333,3428,114.266667,0.144193,review
4019,133.966667,3430,114.333333,0.180242,review
4020,134.0,3432,114.4,0.216291,review
4021,134.033333,3434,114.466667,0.190585,review
4022,134.066667,3436,114.533333,0.164879,review
4023,134.1,3438,114.6,0.139172,review
4024,134.133333,3440,114.666667,0.113466,review
4025,134.166667,3442,114.733333,0.08776,review
4026,134.2,3444,114.8,0.062063,review
4027,134.233333,3446,114.866667,0.140284,review
4028,134.266667,3448,114.933333,0.218504,review
4029,134.3,3450,115.0,0.296724,review
4030,134.333333,3452,115.066667,0.374945,matched
4031,134.366667,3454,115.133333,0.453165,matched
4032,134.4,3456,115.2,0.531355,matched
4033,134.433333,3458,115.266667,0.442798,matched
4034,134.466667,3460,115.333333,0.354242,matched
4035,134.5,3462,115.4,0.265685,review
4036,134.533333,3464,115.466667,0.177129,review
4037,134.566667,3466,115.533333,0.088573,review
4038,134.6,3468,115.6,1.6e-05,review
4039,134.633333,3470,115.666667,0.0,review
4040,134.666667,3472,115.733333,0.0,review
4041,134.7,3474,115.8,0.0,review
4042,134.733333,3476,115.866667,0.0,review
4043,134.766667,3478,115.933333,0.0,review
4044,134.8,3480,116.0,0.0,review
4045,134.833333,3482,116.066667,0.01986,review
4046,134.866667,3484,116.133333,0.039722,review
4047,134.9,3486,116.2,0.059584,review
4048,134.933333,3488,116.266667,0.079446,review
4049,134.966667,3490,116.333333,0.099308,review
4050,135.0,3492,116.4,0.11917,review
4051,135.033333,3494,116.466667,0.190586,review
4052,135.066667,3496,116.533333,0.262002,review
4053,135.1,3498,116.6,0.333418,review
4054,135.133333,3500,116.666667,0.404834,matched
4055,135.166667,3502,116.733333,0.47625,matched
4056,135.2,3504,116.8,0.54766,matched
4057,135.233333,3506,116.866667,0.556922,matched
4058,135.266667,3508,116.933333,0.566185,matched
4059,135.3,3510,117.0,0.575447,matched
4060,135.333333,3512,117.066667,0.58471,matched
4061,135.366667,3514,117.133333,0.593972,matched
4062,135.4,3516,117.2,0.603229,matched
4063,135.433333,3516,117.2,0.582975,matched
4064,135.466667,3517,117.233333,0.56272,matched
4065,135.5,3518,117.266667,0.542466,matched
4066,135.533333,3518,117.266667,0.522211,matched
4067,135.566667,3518,117.266667,0.501957,matched
4068,135.6,3519,117.3,0.481702,matched
4069,135.633333,3520,117.333333,0.461448,matched
4070,135.666667,3520,117.333333,0.441193,matched
4071,135.7,3520,117.333333,0.420938,matched
4072,135.733333,3521,117.366667,0.400684,matched
4073,135.766667,3522,117.4,0.380429,matched
4074,135.8,3522,117.4,0.360175,matched
4075,135.833333,3524,117.466667,0.397747,matched
4076,135.866667,3526,117.533333,0.435325,matched
4077,135.9,3528,117.6,0.472903,matched
4078,135.933333,3530,117.666667,0.510481,matched
4079,135.966667,3532,117.733333,0.548059,matched
4080,136.0,3534,117.8,0.585637,matched
4081,136.033333,3536,117.866667,0.614018,matched
4082,136.066667,3538,117.933333,0.642399,matched
4083,136.1,3540,118.0,0.670779,matched
4084,136.133333,3542,118.066667,0.69916,matched
4085,136.166667,3544,118.133333,0.727541,matched
4086,136.2,3546,118.2,0.755917,matched
4087,136.233333,3546,118.2,0.730136,matched
4088,136.266667,3547,118.233333,0.704355,matched
4089,136.3,3547,118.233333,0.678574,matched
4090,136.333333,3548,118.266667,0.652793,matched
4091,136.366667,3548,118.266667,0.627012,matched
4092,136.4,3549,118.3,0.601231,matched
4093,136.433333,3549,118.3,0.57545,matched
4094,136.466667,3550,118.333333,0.549669,matched
4095,136.5,3550,118.333333,0.523888,matched
4096,136.533333,3551,118.366667,0.498107,matched
4097,136.566667,3551,118.366667,0.472326,matched
4098,136.6,3552,118.4,0.446545,matched
4099,136.633333,3554,118.466667,0.452999,matched
4100,136.666667,3556,118.533333,0.459459,matched
4101,136.7,3558,118.6,0.465919,matched
4102,136.733333,3560,118.666667,0.472379,matched
4103,136.766667,3562,118.733333,0.478838,matched
4104,136.8,3564,118.8,0.485298,matched
4105,136.833333,3566,118.866667,0.51793,matched
4106,136.866667,3568,118.933333,0.550564,matched
4107,136.9,3570,119.0,0.583198,matched
4108,136.933333,3572,119.066667,0.615832,matched
4109,136.966667,3574,119.133333,0.648466,matched
4110,137.0,3576,119.2,0.6811,matched
4111,137.033333,3578,119.266667,0.659356,matched
4112,137.066667,3580,119.333333,0.637613,matched
4113,137.1,3582,119.4,0.615869,matched
4114,137.133333,3584,119.466667,0.594125,matched
4115,137.166667,3586,119.533333,0.572382,matched
4116,137.2,3588,119.6,0.55064,matched
4117,137.233333,3588,119.6,0.551055,matched
4118,137.266667,3589,119.633333,0.55147,matched
4119,137.3,3590,119.666667,0.551884,matched
4120,137.333333,3590,119.666667,0.552299,matched
4121,137.366667,3590,119.666667,0.552714,matched
4122,137.4,3591,119.7,0.553129,matched
4123,137.433333,3592,119.733333,0.553544,matched
4124,137.466667,3592,119.733333,0.553959,matched
4125,137.5,3592,119.733333,0.554373,matched
4126,137.533333,3593,119.766667,0.554788,matched
4127,137.566667,3594,119.8,0.555203,matched
4128,137.6,3594,119.8,0.555618,matched
4129,137.633333,3596,119.866667,0.5198,matched
4130,137.666667,3598,119.933333,0.483976,matched
4131,137.7,3600,120.0,0.448152,matched
4132,137.733333,3602,120.066667,0.412328,matched
4133,137.766667,3604,120.133333,0.376503,matched
4134,137.8,3606,120.2,0.340679,review
4135,137.833333,3608,120.266667,0.323668,review
4136,137.866667,3610,120.333333,0.306658,review
4137,137.9,3612,120.4,0.289648,review
4138,137.933333,3614,120.466667,0.272639,review
4139,137.966667,3616,120.533333,0.255629,review
4140,138.0,3618,120.6,0.238619,review
4141,138.033333,3620,120.666667,0.240817,review
4142,138.066667,3622,120.733333,0.243016,review
4143,138.1,3624,120.8,0.245214,review
4144,138.133333,3626,120.866667,0.247412,review
4145,138.166667,3628,120.933333,0.249611,review
4146,138.2,3630,121.0,0.251811,review
4147,138.233333,3632,121.066667,0.272065,review
4148,138.266667,3634,121.133333,0.292318,review
4149,138.3,3636,121.2,0.312572,review
4150,138.333333,3638,121.266667,0.332826,review
4151,138.366667,3640,121.333333,0.35308,matched
4152,138.4,3642,121.4,0.373322,matched
4153,138.433333,3644,121.466667,0.328767,review
4154,138.466667,3646,121.533333,0.284212,review
4155,138.5,3648,121.6,0.239656,review
4156,138.533333,3650,121.666667,0.195101,review
4157,138.566667,3652,121.733333,0.150546,review
4158,138.6,3654,121.8,0.105991,review
4159,138.633333,3654,121.8,0.097928,review
4160,138.666667,3655,121.833333,0.089872,review
4161,138.7,3656,121.866667,0.081816,review
4162,138.733333,3656,121.866667,0.07376,review
4163,138.766667,3656,121.866667,0.065704,review
4164,138.8,3657,121.9,0.057648,review
4165,138.833333,3658,121.933333,0.049592,review
4166,138.866667,3658,121.933333,0.041535,review
4167,138.9,3658,121.933333,0.033479,review
4168,138.933333,3659,121.966667,0.025423,review
4169,138.966667,3660,122.0,0.017367,review
4170,139.0,3660,122.0,0.009311,review
4171,139.033333,3660,122.0,0.010933,review
4172,139.066667,3661,122.033333,0.012554,review
4173,139.1,3662,122.066667,0.014176,review
4174,139.133333,3662,122.066667,0.015798,review
4175,139.166667,3662,122.066667,0.017419,review
4176,139.2,3663,122.1,0.019041,review
4177,139.233333,3664,122.133333,0.020663,review
4178,139.266667,3664,122.133333,0.022285,review
4179,139.3,3664,122.133333,0.023906,review
4180,139.333333,3665,122.166667,0.025528,review
4181,139.366667,3666,122.2,0.02715,review
4182,139.4,3666,122.2,0.028775,review
4183,139.433333,3668,122.266667,0.049297,review
4184,139.466667,3670,122.333333,0.069818,review
4185,139.5,3672,122.4,0.09034,review
4186,139.533333,3674,122.466667,0.110862,review
4187,139.566667,3676,122.533333,0.131383,review
4188,139.6,3678,122.6,0.151905,review
4189,139.633333,3680,122.666667,0.139979,review
4190,139.666667,3682,122.733333,0.128046,review
4191,139.7,3684,122.8,0.116114,review
4192,139.733333,3686,122.866667,0.104181,review
4193,139.766667,3688,122.933333,0.092249,review
4194,139.8,3690,123.0,0.080316,review
4195,139.833333,3692,123.066667,0.082538,review
4196,139.866667,3694,123.133333,0.084761,review
4197,139.9,3696,123.2,0.086984,review
4198,139.933333,3698,123.266667,0.089208,review
4199,139.966667,3700,123.333333,0.091431,review
4200,140.0,3702,123.4,0.093654,review
4201,140.033333,3703,123.433333,0.085849,review
4202,140.066667,3703,123.433333,0.078045,review
4203,140.1,3704,123.466667,0.07024,review
4204,140.133333,3704,123.466667,0.062436,review
4205,140.166667,3705,123.5,0.054631,review
4206,140.2,3705,123.5,0.046826,review
4207,140.233333,3706,123.533333,0.039022,review
4208,140.266667,3706,123.533333,0.031217,review
4209,140.3,3707,123.566667,0.023412,review
4210,140.333333,3707,123.566667,0.015608,review
4211,140.366667,3708,123.6,0.007803,review
4212,140.4,3708,123.6,3e-06,review
4213,140.433333,3709,123.633333,0.018367,review
4214,140.466667,3709,123.633333,0.036731,review
4215,140.5,3710,123.666667,0.055095,review
4216,140.533333,3710,123.666667,0.073458,review
4217,140.566667,3711,123.7,0.091822,review
4218,140.6,3711,123.7,0.110186,review
4219,140.633333,3712,123.733333,0.12855,review
4220,140.666667,3712,123.733333,0.146913,review
4221,140.7,3713,123.766667,0.165277,review
4222,140.733333,3713,123.766667,0.183641,review
4223,140.766667,3714,123.8,0.202005,review
4224,140.8,3714,123.8,0.220368,review
4225,140.833333,3715,123.833333,0.238151,review
4226,140.866667,3715,123.833333,0.255934,review
4227,140.9,3716,123.866667,0.273716,review
4228,140.933333,3716,123.866667,0.291499,review
4229,140.966667,3717,123.9,0.309281,review
4230,141.0,3717,123.9,0.327064,review
4231,141.033333,3718,123.933333,0.344847,review
4232,141.066667,3718,123.933333,0.362629,matched
4233,141.1,3719,123.966667,0.380412,matched
4234,141.133333,3719,123.966667,0.398194,matched
4235,141.166667,3720,124.0,0.415977,matched
4236,141.2,3720,124.0,0.43376,matched
4237,141.233333,3721,124.033333,0.456556,matched
4238,141.266667,3722,124.066667,0.479351,matched
4239,141.3,3723,124.1,0.502147,matched
4240,141.333333,3724,124.133333,0.524943,matched
4241,141.366667,3725,124.166667,0.547738,matched
4242,141.4,3726,124.2,0.570526,matched
4243,141.433333,3726,124.2,0.548456,matched
4244,141.466667,3727,124.233333,0.526386,matched
4245,141.5,3728,124.266667,0.504317,matched
4246,141.533333,3728,124.266667,0.482247,matched
4247,141.566667,3728,124.266667,0.460177,matched
4248,141.6,3729,124.3,0.438107,matched
4249,141.633333,3730,124.333333,0.416038,matched
4250,141.666667,3730,124.333333,0.393968,matched
4251,141.7,3730,124.333333,0.371898,matched
4252,141.733333,3731,124.366667,0.349829,review
4253,141.766667,3732,124.4,0.327759,review
4254,141.8,3732,124.4,0.305689,review
4255,141.833333,3732,124.4,0.304954,review
4256,141.866667,3733,124.433333,0.304221,review
4257,141.9,3734,124.466667,0.303488,review
4258,141.933333,3734,124.466667,0.302755,review
4259,141.966667,3734,124.466667,0.302022,review
4260,142.0,3735,124.5,0.301289,review
4261,142.033333,3736,124.533333,0.300556,review
4262,142.066667,3736,124.533333,0.299823,review
4263,142.1,3736,124.533333,0.29909,review
4264,142.133333,3737,124.566667,0.298357,review
4265,142.166667,3738,124.6,0.297624,review
4266,142.2,3738,124.6,0.296893,review
4267,142.233333,3740,124.666667,0.321652,review
4268,142.266667,3742,124.733333,0.346411,review
4269,142.3,3744,124.8,0.37117,matched
4270,142.333333,3746,124.866667,0.395929,matched
4271,142.366667,3748,124.933333,0.420688,matched
4272,142.4,3750,125.0,0.445444,matched
4273,142.433333,3751,125.033333,0.450063,matched
4274,142.466667,3751,125.033333,0.454682,matched
4275,142.5,3752,125.066667,0.459301,matched
4276,142.533333,3752,125.066667,0.46392,matched
4277,142.566667,3752,125.066667,0.468539,matched
4278,142.6,3753,125.1,0.473158,matched
4279,142.633333,3753,125.1,0.477777,matched
4280,142.666667,3754,125.133333,0.482396,matched
4281,142.7,3754,125.133333,0.487015,matched
4282,142.733333,3755,125.166667,0.491634,matched
4283,142.766667,3755,125.166667,0.496253,matched
4284,142.8,3756,125.2,0.500872,matched
4285,142.833333,3756,125.2,0.490367,matched
4286,142.866667,3757,125.233333,0.47986,matched
4287,142.9,3757,125.233333,0.469354,matched
4288,142.933333,3758,125.266667,0.458848,matched
4289,142.966667,3758,125.266667,0.448341,matched
4290,143.0,3759,125.3,0.437835,matched
4291,143.033333,3759,125.3,0.427329,matched
4292,143.066667,3760,125.333333,0.416822,matched
4293,143.1,3761,125.366667,0.406316,matched
4294,143.133333,3761,125.366667,0.39581,matched
4295,143.166667,3762,125.4,0.385303,matched
4296,143.2,3762,125.4,0.374798,matched
4297,143.233333,3763,125.433333,0.378032,matched
4298,143.266667,3763,125.433333,0.381266,matched
4299,143.3,3764,125.466667,0.3845,matched
4300,143.333333,3764,125.466667,0.387734,matched
4301,143.366667,3764,125.466667,0.390968,matched
4302,143.4,3765,125.5,0.394202,matched
4303,143.433333,3765,125.5,0.397436,matched
4304,143.466667,3766,125.533333,0.40067,matched
4305,143.5,3766,125.533333,0.403904,matched
4306,143.533333,3767,125.566667,0.407138,matched
4307,143.566667,3767,125.566667,0.410372,matched
4308,143.6,3768,125.6,0.413606,matched
4309,143.633333,3768,125.6,0.418785,matched
4310,143.666667,3769,125.633333,0.423964,matched
4311,143.7,3769,125.633333,0.429144,matched
4312,143.733333,3770,125.666667,0.434323,matched
4313,143.766667,3770,125.666667,0.439502,matched
4314,143.8,3771,125.7,0.444681,matched
4315,143.833333,3771,125.7,0.44986,matched
4316,143.866667,3772,125.733333,0.455039,matched
4317,143.9,3773,125.766667,0.460219,matched
4318,143.933333,3773,125.766667,0.465398,matched
4319,143.966667,3774,125.8,0.470577,matched
4320,144.0,3774,125.8,0.475756,matched
4321,144.033333,3775,125.833333,0.472152,matched
4322,144.066667,3775,125.833333,0.468548,matched
4323,144.1,3776,125.866667,0.464944,matched
4324,144.133333,3776,125.866667,0.46134,matched
4325,144.166667,3777,125.9,0.457736,matched
4326,144.2,3777,125.9,0.454132,matched
4327,144.233333,3778,125.933333,0.450528,matched
4328,144.266667,3778,125.933333,0.446924,matched
4329,144.3,3779,125.966667,0.44332,matched
4330,144.333333,3779,125.966667,0.439716,matched
4331,144.366667,3780,126.0,0.436112,matched
4332,144.4,3780,126.0,0.43251,matched
4333,144.433333,3781,126.033333,0.435535,matched
4334,144.466667,3781,126.033333,0.43856,matched
4335,144.5,3782,126.066667,0.441585,matched
4336,144.533333,3782,126.066667,0.44461,matched
4337,144.566667,3782,126.066667,0.447635,matched
4338,144.6,3783,126.1,0.45066,matched
4339,144.633333,3783,126.1,0.453685,matched
4340,144.666667,3784,126.133333,0.45671,matched
4341,144.7,3784,126.133333,0.459735,matched
4342,144.733333,3785,126.166667,0.46276,matched
4343,144.766667,3785,126.166667,0.465785,matched
4344,144.8,3786,126.2,0.46881,matched
4345,144.833333,3788,126.266667,0.440727,matched
4346,144.866667,3790,126.333333,0.412641,matched
4347,144.9,3792,126.4,0.384555,matched
4348,144.933333,3794,126.466667,0.356469,matched
4349,144.966667,3796,126.533333,0.328383,review
4350,145.0,3798,126.6,0.300297,review
4351,145.033333,3798,126.6,0.314461,review
4352,145.066667,3799,126.633333,0.328625,review
4353,145.1,3800,126.666667,0.34279,review
4354,145.133333,3800,126.666667,0.356954,matched
4355,145.166667,3801,126.7,0.371118,matched
4356,145.2,3801,126.7,0.385282,matched
4357,145.233333,3802,126.733333,0.399447,matched
4358,145.266667,3802,126.733333,0.413611,matched
4359,145.3,3803,126.766667,0.427775,matched
4360,145.333333,3803,126.766667,0.441939,matched
4361,145.366667,3804,126.8,0.456103,matched
4362,145.4,3804,126.8,0.470265,matched
4363,145.433333,3806,126.866667,0.470586,matched
4364,145.466667,3808,126.933333,0.470906,matched
4365,145.5,3810,127.0,0.471227,matched
4366,145.533333,3812,127.066667,0.471548,matched
4367,145.566667,3814,127.133333,0.471868,matched
4368,145.6,3816,127.2,0.472189,matched
4369,145.633333,3818,127.266667,0.496805,matched
4370,145.666667,3820,127.333333,0.521425,matched
4371,145.7,3822,127.4,0.546045,matched
4372,145.733333,3824,127.466667,0.570665,matched
4373,145.766667,3826,127.533333,0.595286,matched
4374,145.8,3828,127.6,0.619906,matched
4375,145.833333,3828,127.6,0.632141,matched
4376,145.866667,3829,127.633333,0.644375,matched
4377,145.9,3829,127.633333,0.656609,matched
4378,145.933333,3830,127.666667,0.668843,matched
4379,145.966667,3831,127.7,0.681077,matched
4380,146.0,3831,127.7,0.693311,matched
4381,146.033333,3832,127.733333,0.705546,matched
4382,146.066667,3832,127.733333,0.71778,matched
4383,146.1,3833,127.766667,0.730014,matched
4384,146.133333,3833,127.766667,0.742248,matched
4385,146.166667,3834,127.8,0.754482,matched
4386,146.2,3834,127.8,0.766713,matched
4387,146.233333,3835,127.833333,0.745178,matched
4388,146.266667,3835,127.833333,0.723643,matched
4389,146.3,3836,127.866667,0.702108,matched
4390,146.333333,3836,127.866667,0.680573,matched
4391,146.366667,3837,127.9,0.659038,matched
4392,146.4,3837,127.9,0.637503,matched
4393,146.433333,3838,127.933333,0.615968,matched
4394,146.466667,3838,127.933333,0.594433,matched
4395,146.5,3838,127.933333,0.572898,matched
4396,146.533333,3839,127.966667,0.551363,matched
4397,146.566667,3839,127.966667,0.529828,matched
4398,146.6,3840,128.0,0.508293,matched
4399,146.633333,3840,128.0,0.505658,matched
4400,146.666667,3841,128.033333,0.503027,matched
4401,146.7,3841,128.033333,0.500395,matched
4402,146.733333,3842,128.066667,0.497764,matched
4403,146.766667,3842,128.066667,0.495132,matched
4404,146.8,3843,128.1,0.492501,matched
4405,146.833333,3843,128.1,0.489869,matched
4406,146.866667,3844,128.133333,0.487238,matched
4407,146.9,3844,128.133333,0.484606,matched
4408,146.933333,3845,128.166667,0.481975,matched
4409,146.966667,3845,128.166667,0.479343,matched
4410,147.0,3846,128.2,0.476712,matched
4411,147.033333,3846,128.2,0.467126,matched
4412,147.066667,3847,128.233333,0.457541,matched
4413,147.1,3847,128.233333,0.447955,matched
4414,147.133333,3848,128.266667,0.438369,matched
4415,147.166667,3848,128.266667,0.428783,matched
4416,147.2,3849,128.3,0.419198,matched
4417,147.233333,3849,128.3,0.409612,matched
4418,147.266667,3850,128.333333,0.400026,matched
4419,147.3,3850,128.333333,0.39044,matched
4420,147.333333,3851,128.366667,0.380855,matched
4421,147.366667,3851,128.366667,0.371269,matched
4422,147.4,3852,128.4,0.361691,matched
4423,147.433333,3852,128.4,0.394781,matched
4424,147.466667,3853,128.433333,0.427871,matched
4425,147.5,3853,128.433333,0.460961,matched
4426,147.533333,3854,128.466667,0.494051,matched
4427,147.566667,3855,128.5,0.527141,matched
4428,147.6,3855,128.5,0.560231,matched
4429,147.633333,3856,128.533333,0.593321,matched
4430,147.666667,3856,128.533333,0.626411,matched
4431,147.7,3857,128.566667,0.659501,matched
4432,147.733333,3857,128.566667,0.692591,matched
4433,147.766667,3858,128.6,0.725681,matched
4434,147.8,3858,128.6,0.758771,matched
4435,147.833333,3859,128.633333,0.74419,matched
4436,147.866667,3859,128.633333,0.729605,matched
4437,147.9,3860,128.666667,0.71502,matched
4438,147.933333,3860,128.666667,0.700435,matched
4439,147.966667,3861,128.7,0.68585,matched
4440,148.0,3861,128.7,0.671265,matched
4441,148.033333,3862,128.733333,0.65668,matched
4442,148.066667,3862,128.733333,0.642095,matched
4443,148.1,3863,128.766667,0.62751,matched
4444,148.133333,3863,128.766667,0.612925,matched
4445,148.166667,3864,128.8,0.59834,matched
4446,148.2,3864,128.8,0.583755,matched
4447,148.233333,3865,128.833333,0.577721,matched
4448,148.266667,3865,128.833333,0.571687,matched
4449,148.3,3866,128.866667,0.565653,matched
4450,148.333333,3866,128.866667,0.559618,matched
4451,148.366667,3867,128.9,0.553584,matched
4452,148.4,3867,128.9,0.54755,matched
4453,148.433333,3868,128.933333,0.541516,matched
4454,148.466667,3868,128.933333,0.535481,matched
4455,148.5,3868,128.933333,0.529447,matched
4456,148.533333,3869,128.966667,0.523413,matched
4457,148.566667,3869,128.966667,0.517378,matched
4458,148.6,3870,129.0,0.511344,matched
4459,148.633333,3870,129.0,0.52136,matched
4460,148.666667,3871,129.033333,0.531379,matched
4461,148.7,3871,129.033333,0.541398,matched
4462,148.733333,3872,129.066667,0.551416,matched
4463,148.766667,3872,129.066667,0.561435,matched
4464,148.8,3873,129.1,0.571454,matched
4465,148.833333,3873,129.1,0.581473,matched
4466,148.866667,3874,129.133333,0.591492,matched
4467,148.9,3874,129.133333,0.601511,matched
4468,148.933333,3875,129.166667,0.611529,matched
4469,148.966667,3875,129.166667,0.621548,matched
4470,149.0,3876,129.2,0.631567,matched
4471,149.033333,3876,129.2,0.63727,matched
4472,149.066667,3877,129.233333,0.642973,matched
4473,149.1,3877,129.233333,0.648676,matched
4474,149.133333,3878,129.266667,0.654378,matched
4475,149.166667,3878,129.266667,0.660081,matched
4476,149.2,3879,129.3,0.665784,matched
4477,149.233333,3879,129.3,0.671487,matched
4478,149.266667,3880,129.333333,0.67719,matched
4479,149.3,3880,129.333333,0.682893,matched
4480,149.333333,3881,129.366667,0.688595,matched
4481,149.366667,3881,129.366667,0.694298,matched
4482,149.4,3882,129.4,0.699994,matched
4483,149.433333,3884,129.466667,0.666815,matched
4484,149.466667,3886,129.533333,0.633637,matched
4485,149.5,3888,129.6,0.600458,matched
4486,149.533333,3890,129.666667,0.567279,matched
4487,149.566667,3892,129.733333,0.534101,matched
4488,149.6,3894,129.8,0.500922,matched
4489,149.633333,3894,129.8,0.513839,matched
4490,149.666667,3895,129.833333,0.526765,matched
4491,149.7,3896,129.866667,0.539691,matched
4492,149.733333,3896,129.866667,0.552617,matched
4493,149.766667,3896,129.866667,0.565543,matched
4494,149.8,3897,129.9,0.578468,matched
4495,149.833333,3898,129.933333,0.591394,matched
4496,149.866667,3898,129.933333,0.60432,matched
4497,149.9,3898,129.933333,0.617246,matched
4498,149.933333,3899,129.966667,0.630171,matched
4499,149.966667,3900,130.0,0.643097,matched
4500,150.0,3900,130.0,0.656023,matched
4501,150.033333,3900,130.0,0.642572,matched
4502,150.066667,3901,130.033333,0.62912,matched
4503,150.1,3902,130.066667,0.615669,matched
4504,150.133333,3902,130.066667,0.602218,matched
4505,150.166667,3902,130.066667,0.588767,matched
4506,150.2,3903,130.1,0.575315,matched
4507,150.233333,3904,130.133333,0.561864,matched
4508,150.266667,3904,130.133333,0.548413,matched
4509,150.3,3904,130.133333,0.534961,matched
4510,150.333333,3905,130.166667,0.52151,matched
4511,150.366667,3906,130.2,0.508059,matched
4512,150.4,3906,130.2,0.494611,matched
4513,150.433333,3906,130.2,0.502578,matched
4514,150.466667,3907,130.233333,0.510545,matched
4515,150.5,3907,130.233333,0.518512,matched
4516,150.533333,3908,130.266667,0.526479,matched
4517,150.566667,3908,130.266667,0.534446,matched
4518,150.6,3909,130.3,0.542413,matched
4519,150.633333,3909,130.3,0.55038,matched
4520,150.666667,3910,130.333333,0.558347,matched
4521,150.7,3910,130.333333,0.566314,matched
4522,150.733333,3911,130.366667,0.57428,matched
4523,150.766667,3911,130.366667,0.582247,matched
4524,150.8,3912,130.4,0.590214,matched
4525,150.833333,3912,130.4,0.591135,matched
4526,150.866667,3913,130.433333,0.592056,matched
4527,150.9,3913,130.433333,0.592976,matched
4528,150.933333,3914,130.466667,0.593896,matched
4529,150.966667,3914,130.466667,0.594817,matched
4530,151.0,3915,130.5,0.595737,matched
4531,151.033333,3916,130.533333,0.596657,matched
4532,151.066667,3916,130.533333,0.597578,matched
4533,151.1,3917,130.566667,0.598498,matched
4534,151.133333,3917,130.566667,0.599418,matched
4535,151.166667,3918,130.6,0.600339,matched
4536,151.2,3918,130.6,0.60126,matched
4537,151.233333,3919,130.633333,0.609488,matched
4538,151.266667,3919,130.633333,0.617716,matched
4539,151.3,3920,130.666667,0.625944,matched
4540,151.333333,3920,130.666667,0.634173,matched
4541,151.366667,3921,130.7,0.642401,matched
4542,151.4,3921,130.7,0.650629,matched
4543,151.433333,3922,130.733333,0.658857,matched
4544,151.466667,3922,130.733333,0.667086,matched
4545,151.5,3923,130.766667,0.675314,matched
4546,151.533333,3923,130.766667,0.683542,matched
4547,151.566667,3924,130.8,0.69177,matched
4548,151.6,3924,130.8,0.699998,matched
4549,151.633333,3924,130.8,0.7,matched
4550,151.666667,3925,130.833333,0.7,matched
4551,151.7,3926,130.866667,0.7,matched
4552,151.733333,3926,130.866667,0.7,matched
4553,151.766667,3926,130.866667,0.7,matched
4554,151.8,3927,130.9,0.7,matched
4555,151.833333,3928,130.933333,0.7,matched
4556,151.866667,3928,130.933333,0.7,matched
4557,151.9,3928,130.933333,0.7,matched
4558,151.933333,3929,130.966667,0.7,matched
4559,151.966667,3930,131.0,0.7,matched
4560,152.0,3930,131.0,0.7,matched
4561,152.033333,3932,131.066667,0.697864,matched
4562,152.066667,3934,131.133333,0.695728,matched
4563,152.1,3936,131.2,0.693592,matched
4564,152.133333,3938,131.266667,0.691456,matched
4565,152.166667,3940,131.333333,0.68932,matched
4566,152.2,3942,131.4,0.687184,matched
4567,152.233333,3944,131.466667,0.68932,matched
4568,152.266667,3946,131.533333,0.691456,matched
4569,152.3,3948,131.6,0.693592,matched
4570,152.333333,3950,131.666667,0.695728,matched
4571,152.366667,3952,131.733333,0.697864,matched
4572,152.4,3954,131.8,0.699998,matched
4573,152.433333,3955,131.833333,0.688032,matched
4574,152.466667,3955,131.833333,0.676067,matched
4575,152.5,3956,131.866667,0.664101,matched
4576,152.533333,3956,131.866667,0.652136,matched
4577,152.566667,3957,131.9,0.64017,matched
4578,152.6,3957,131.9,0.628205,matched
4579,152.633333,3958,131.933333,0.616239,matched
4580,152.666667,3958,131.933333,0.604274,matched
4581,152.7,3959,131.966667,0.592309,matched
4582,152.733333,3959,131.966667,0.580343,matched
4583,152.766667,3959,131.966667,0.568378,matched
4584,152.8,3960,132.0,0.556412,matched
4585,152.833333,3960,132.0,0.542267,matched
4586,152.866667,3961,132.033333,0.528121,matched
4587,152.9,3961,132.033333,0.513976,matched
4588,152.933333,3962,132.066667,0.49983,matched
4589,152.966667,3962,132.066667,0.485685,matched
4590,153.0,3963,132.1,0.47154,matched
4591,153.033333,3963,132.1,0.457394,matched
4592,153.066667,3964,132.133333,0.443249,matched
4593,153.1,3964,132.133333,0.429103,matched
4594,153.133333,3965,132.166667,0.414958,matched
4595,153.166667,3965,132.166667,0.400812,matched
4596,153.2,3966,132.2,0.386668,matched
4597,153.233333,3966,132.2,0.390891,matched
4598,153.266667,3967,132.233333,0.395113,matched
4599,153.3,3967,132.233333,0.399335,matched
4600,153.333333,3968,132.266667,0.403558,matched
4601,153.366667,3968,132.266667,0.40778,matched
4602,153.4,3969,132.3,0.412002,matched
4603,153.433333,3969,132.3,0.416225,matched
4604,153.466667,3970,132.333333,0.420447,matched
4605,153.5,3970,132.333333,0.424669,matched
4606,153.533333,3971,132.366667,0.428892,matched
4607,153.566667,3971,132.366667,0.433114,matched
4608,153.6,3972,132.4,0.437336,matched
4609,153.633333,3972,132.4,0.446217,matched
4610,153.666667,3973,132.433333,0.455099,matched
4611,153.7,3973,132.433333,0.463981,matched
4612,153.733333,3974,132.466667,0.472863,matched
4613,153.766667,3974,132.466667,0.481745,matched
4614,153.8,3975,132.5,0.490627,matched
4615,153.833333,3975,132.5,0.499509,matched
4616,153.866667,3976,132.533333,0.50839,matched
4617,153.9,3977,132.566667,0.517272,matched
4618,153.933333,3977,132.566667,0.526154,matched
4619,153.966667,3978,132.6,0.535036,matched
4620,154.0,3978,132.6,0.543918,matched
4621,154.033333,3979,132.633333,0.519742,matched
4622,154.066667,3979,132.633333,0.495565,matched
4623,154.1,3980,132.666667,0.471389,matched
4624,154.133333,3980,132.666667,0.447213,matched
4625,154.166667,3981,132.7,0.423037,matched
4626,154.2,3981,132.7,0.39886,matched
4627,154.233333,3982,132.733333,0.374684,matched
4628,154.266667,3982,132.733333,0.350508,matched
4629,154.3,3983,132.766667,0.326331,review
4630,154.333333,3983,132.766667,0.302155,review
4631,154.366667,3984,132.8,0.277979,review
4632,154.4,3984,132.8,0.25381,review
4633,154.433333,3985,132.833333,0.267882,review
4634,154.466667,3985,132.833333,0.281955,review
4635,154.5,3986,132.866667,0.296028,review
4636,154.533333,3986,132.866667,0.310101,review
4637,154.566667,3987,132.9,0.324173,review
4638,154.6,3987,132.9,0.338246,review
4639,154.633333,3988,132.933333,0.352319,matched
4640,154.666667,3988,132.933333,0.366392,matched
4641,154.7,3989,132.966667,0.380464,matched
4642,154.733333,3989,132.966667,0.394537,matched
4643,154.766667,3989,132.966667,0.40861,matched
4644,154.8,3990,133.0,0.422683,matched
4645,154.833333,3990,133.0,0.422435,matched
4646,154.866667,3991,133.033333,0.422186,matched
4647,154.9,3991,133.033333,0.421937,matched
4648,154.933333,3992,133.066667,0.421687,matched
4649,154.966667,3992,133.066667,0.421438,matched
4650,155.0,3993,133.1,0.421189,matched
4651,155.033333,3993,133.1,0.42094,matched
4652,155.066667,3994,133.133333,0.420691,matched
4653,155.1,3994,133.133333,0.420441,matched
4654,155.133333,3995,133.166667,0.420192,matched
4655,155.166667,3995,133.166667,0.419943,matched
4656,155.2,3996,133.2,0.419696,matched
4657,155.233333,3998,133.266667,0.443181,matched
4658,155.266667,4000,133.333333,0.466665,matched
4659,155.3,4002,133.4,0.490149,matched
4660,155.333333,4004,133.466667,0.513634,matched
4661,155.366667,4006,133.533333,0.537118,matched
4662,155.4,4008,133.6,0.560595,matched
4663,155.433333,4009,133.633333,0.543214,matched
4664,155.466667,4009,133.633333,0.525833,matched
4665,155.5,4010,133.666667,0.508453,matched
4666,155.533333,4010,133.666667,0.491072,matched
4667,155.566667,4011,133.7,0.473691,matched
4668,155.6,4011,133.7,0.45631,matched
4669,155.633333,4012,133.733333,0.438929,matched
4670,155.666667,4012,133.733333,0.421549,matched
4671,155.7,4013,133.766667,0.404168,matched
4672,155.733333,4013,133.766667,0.386787,matched
4673,155.766667,4014,133.8,0.369406,matched
4674,155.8,4014,133.8,0.352026,matched
4675,155.833333,4016,133.866667,0.369083,matched
4676,155.866667,4018,133.933333,0.386143,matched
4677,155.9,4020,134.0,0.403203,matched
4678,155.933333,4022,134.066667,0.420263,matched
4679,155.966667,4024,134.133333,0.437324,matched
4680,156.0,4026,134.2,0.454384,matched
4681,156.033333,4026,134.2,0.431297,matched
4682,156.066667,4027,134.233333,0.40821,matched
4683,156.1,4027,134.233333,0.385123,matched
4684,156.133333,4028,134.266667,0.362036,matched
4685,156.166667,4028,134.266667,0.338949,review
4686,156.2,4029,134.3,0.315862,review
4687,156.233333,4029,134.3,0.292775,review
4688,156.266667,4030,134.333333,0.269688,review
4689,156.3,4030,134.333333,0.246601,review
4690,156.333333,4031,134.366667,0.223514,review
4691,156.366667,4031,134.366667,0.200427,review
4692,156.4,4032,134.4,0.177347,review
4693,156.433333,4032,134.4,0.193943,review
4694,156.466667,4033,134.433333,0.210538,review
4695,156.5,4033,134.433333,0.227134,review
4696,156.533333,4034,134.466667,0.24373,review
4697,156.566667,4035,134.5,0.260326,review
4698,156.6,4035,134.5,0.276921,review
4699,156.633333,4036,134.533333,0.293517,review
4700,156.666667,4036,134.533333,0.310113,review
4701,156.7,4037,134.566667,0.326708,review
4702,156.733333,4037,134.566667,0.343304,review
4703,156.766667,4038,134.6,0.3599,matched
4704,156.8,4038,134.6,0.376495,matched
4705,156.833333,4039,134.633333,0.382392,matched
4706,156.866667,4039,134.633333,0.388288,matched
4707,156.9,4040,134.666667,0.394183,matched
4708,156.933333,4040,134.666667,0.400079,matched
4709,156.966667,4041,134.7,0.405974,matched
4710,157.0,4041,134.7,0.41187,matched
4711,157.033333,4042,134.733333,0.417766,matched
4712,157.066667,4042,134.733333,0.423661,matched
4713,157.1,4043,134.766667,0.429557,matched
4714,157.133333,4043,134.766667,0.435452,matched
4715,157.166667,4044,134.8,0.441348,matched
4716,157.2,4044,134.8,0.447243,matched
4717,157.233333,4046,134.866667,0.443518,matched
4718,157.266667,4048,134.933333,0.439794,matched
4719,157.3,4050,135.0,0.436069,matched
4720,157.333333,4052,135.066667,0.432345,matched
4721,157.366667,4054,135.133333,0.428621,matched
4722,157.4,4056,135.2,0.424901,matched
4723,157.433333,4056,135.2,0.444688,matched
4724,157.466667,4057,135.233333,0.464475,matched
4725,157.5,4057,135.233333,0.484263,matched
4726,157.533333,4058,135.266667,0.50405,matched
4727,157.566667,4058,135.266667,0.523838,matched
4728,157.6,4059,135.3,0.543625,matched
4729,157.633333,4059,135.3,0.563412,matched
4730,157.666667,4060,135.333333,0.5832,matched
4731,157.7,4060,135.333333,0.602987,matched
4732,157.733333,4061,135.366667,0.622774,matched
4733,157.766667,4061,135.366667,0.642562,matched
4734,157.8,4062,135.4,0.662349,matched
4735,157.833333,4064,135.466667,0.674803,matched
4736,157.866667,4066,135.533333,0.687256,matched
4737,157.9,4068,135.6,0.699709,matched
4738,157.933333,4070,135.666667,0.712163,matched
4739,157.966667,4072,135.733333,0.724616,matched
4740,158.0,4074,135.8,0.737069,matched
4741,158.033333,4075,135.833333,0.712684,matched
4742,158.066667,4075,135.833333,0.688299,matched
4743,158.1,4076,135.866667,0.663914,matched
4744,158.133333,4076,135.866667,0.639529,matched
4745,158.166667,4077,135.9,0.615144,matched
4746,158.2,4077,135.9,0.590759,matched
4747,158.233333,4078,135.933333,0.566374,matched
4748,158.266667,4078,135.933333,0.541989,matched
4749,158.3,4079,135.966667,0.517604,matched
4750,158.333333,4079,135.966667,0.493219,matched
4751,158.366667,4080,136.0,0.468835,matched
4752,158.4,4080,136.0,0.444463,matched
4753,158.433333,4081,136.033333,0.495935,matched
4754,158.466667,4082,136.066667,0.547406,matched
4755,158.5,4083,136.1,0.598878,matched
4756,158.533333,4084,136.133333,0.650349,matched
4757,158.566667,4085,136.166667,0.70182,matched
4758,158.6,4086,136.2,0.753292,matched
4759,158.633333,4086,136.2,0.750685,matched
4760,158.666667,4087,136.233333,0.748068,matched
4761,158.7,4087,136.233333,0.745451,matched
4762,158.733333,4088,136.266667,0.742835,matched
4763,158.766667,4088,136.266667,0.740218,matched
4764,158.8,4089,136.3,0.737601,matched
4765,158.833333,4089,136.3,0.734985,matched
4766,158.866667,4090,136.333333,0.732368,matched
4767,158.9,4090,136.333333,0.729751,matched
4768,158.933333,4091,136.366667,0.727134,matched
4769,158.966667,4091,136.366667,0.724518,matched
4770,159.0,4092,136.4,0.721901,matched
4771,159.033333,4092,136.4,0.715209,matched
4772,159.066667,4093,136.433333,0.708517,matched
4773,159.1,4093,136.433333,0.701825,matched
4774,159.133333,4094,136.466667,0.695134,matched
4775,159.166667,4095,136.5,0.688442,matched
4776,159.2,4095,136.5,0.68175,matched
4777,159.233333,4096,136.533333,0.675058,matched
4778,159.266667,4096,136.533333,0.668366,matched
4779,159.3,4097,136.566667,0.661674,matched
4780,159.333333,4097,136.566667,0.654982,matched
4781,159.366667,4098,136.6,0.648291,matched
4782,159.4,4098,136.6,0.641598,matched
4783,159.433333,4100,136.666667,0.632177,matched
4784,159.466667,4102,136.733333,0.622756,matched
4785,159.5,4104,136.8,0.613335,matched
4786,159.533333,4106,136.866667,0.603914,matched
4787,159.566667,4108,136.933333,0.594493,matched
4788,159.6,4110,137.0,0.585072,matched
4789,159.633333,4112,137.066667,0.575757,matched
4790,159.666667,4114,137.133333,0.566441,matched
4791,159.7,4116,137.2,0.557126,matched
4792,159.733333,4118,137.266667,0.547811,matched
4793,159.766667,4120,137.333333,0.538496,matched
4794,159.8,4122,137.4,0.529181,matched
4795,159.833333,4122,137.4,0.526928,matched
4796,159.866667,4123,137.433333,0.524675,matched
4797,159.9,4123,137.433333,0.522422,matched
4798,159.933333,4124,137.466667,0.52017,matched
4799,159.966667,4124,137.466667,0.517917,matched
4800,160.0,4125,137.5,0.515664,matched
4801,160.033333,4126,137.533333,0.513412,matched
4802,160.066667,4126,137.533333,0.511159,matched
4803,160.1,4127,137.566667,0.508907,matched
4804,160.133333,4127,137.566667,0.506654,matched
4805,160.166667,4128,137.6,0.504401,matched
4806,160.2,4128,137.6,0.502149,matched
4807,160.233333,4129,137.633333,0.497133,matched
4808,160.266667,4129,137.633333,0.492118,matched
4809,160.3,4130,137.666667,0.487103,matched
4810,160.333333,4130,137.666667,0.482088,matched
4811,160.366667,4131,137.7,0.477072,matched
4812,160.4,4131,137.7,0.472057,matched
4813,160.433333,4132,137.733333,0.467042,matched
4814,160.466667,4132,137.733333,0.462027,matched
4815,160.5,4133,137.766667,0.457012,matched
4816,160.533333,4133,137.766667,0.451996,matched
4817,160.566667,4134,137.8,0.446981,matched
4818,160.6,4134,137.8,0.441966,matched
4819,160.633333,4136,137.866667,0.422343,matched
4820,160.666667,4138,137.933333,0.402718,matched
4821,160.7,4140,138.0,0.383093,matched
4822,160.733333,4142,138.066667,0.363468,matched
4823,160.766667,4144,138.133333,0.343843,review
4824,160.8,4146,138.2,0.324218,review
4825,160.833333,4146,138.2,0.34072,review
4826,160.866667,4147,138.233333,0.357226,matched
4827,160.9,4147,138.233333,0.373731,matched
4828,160.933333,4148,138.266667,0.390237,matched
4829,160.966667,4148,138.266667,0.406742,matched
4830,161.0,4149,138.3,0.423248,matched
4831,161.033333,4149,138.3,0.439754,matched
4832,161.066667,4150,138.333333,0.456259,matched
4833,161.1,4150,138.333333,0.472765,matched
4834,161.133333,4151,138.366667,0.48927,matched
4835,161.166667,4151,138.366667,0.505776,matched
4836,161.2,4152,138.4,0.522278,matched
4837,161.233333,4154,138.466667,0.500131,matched
4838,161.266667,4156,138.533333,0.477984,matched
4839,161.3,4158,138.6,0.455836,matched
4840,161.333333,4160,138.666667,0.433689,matched
4841,161.366667,4162,138.733333,0.411542,matched
4842,161.4,4164,138.8,0.389398,matched
4843,161.433333,4165,138.833333,0.385608,matched
4844,161.466667,4165,138.833333,0.381819,matched
4845,161.5,4166,138.866667,0.378029,matched
4846,161.533333,4166,138.866667,0.374239,matched
4847,161.566667,4167,138.9,0.370449,matched
4848,161.6,4167,138.9,0.366659,matched
4849,161.633333,4168,138.933333,0.362869,matched
4850,161.666667,4168,138.933333,0.35908,matched
4851,161.7,4169,138.966667,0.35529,matched
4852,161.733333,4169,138.966667,0.3515,matched
4853,161.766667,4169,138.966667,0.34771,review
4854,161.8,4170,139.0,0.34392,review
4855,161.833333,4172,139.066667,0.353546,matched
4856,161.866667,4174,139.133333,0.363172,matched
4857,161.9,4176,139.2,0.372799,matched
4858,161.933333,4178,139.266667,0.382425,matched
4859,161.966667,4180,139.333333,0.392052,matched
4860,162.0,4182,139.4,0.401678,matched
4861,162.033333,4182,139.4,0.396045,matched
4862,162.066667,4183,139.433333,0.390411,matched
4863,162.1,4183,139.433333,0.384778,matched
4864,162.133333,4184,139.466667,0.379144,matched
4865,162.166667,4185,139.5,0.373511,matched
4866,162.2,4185,139.5,0.367877,matched
4867,162.233333,4186,139.533333,0.362244,matched
4868,162.266667,4186,139.533333,0.356611,matched
4869,162.3,4187,139.566667,0.350977,matched
4870,162.333333,4187,139.566667,0.345344,review
4871,162.366667,4188,139.6,0.33971,review
4872,162.4,4188,139.6,0.334071,review
4873,162.433333,4190,139.666667,0.293848,review
4874,162.466667,4192,139.733333,0.253626,review
4875,162.5,4194,139.8,0.213404,review
4876,162.533333,4196,139.866667,0.173181,review
4877,162.566667,4198,139.933333,0.132959,review
4878,162.6,4200,140.0,0.092736,review
4879,162.633333,4202,140.066667,0.100933,review
4880,162.666667,4204,140.133333,0.109139,review
4881,162.7,4206,140.2,0.117345,review
4882,162.733333,4208,140.266667,0.125551,review
4883,162.766667,4210,140.333333,0.133757,review
4884,162.8,4212,140.4,0.141963,review
4885,162.833333,4212,140.4,0.130135,review
4886,162.866667,4213,140.433333,0.118304,review
4887,162.9,4213,140.433333,0.106474,review
4888,162.933333,4214,140.466667,0.094643,review
4889,162.966667,4214,140.466667,0.082813,review
4890,163.0,4215,140.5,0.070982,review
4891,163.033333,4216,140.533333,0.059151,review
4892,163.066667,4216,140.533333,0.047321,review
4893,163.1,4217,140.566667,0.03549,review
4894,163.133333,4217,140.566667,0.02366,review
4895,163.166667,4218,140.6,0.011829,review
4896,163.2,4218,140.6,0.0,review
4897,163.233333,4219,140.633333,0.0,review
4898,163.266667,4219,140.633333,0.0,review
4899,163.3,4220,140.666667,0.0,review
4900,163.333333,4220,140.666667,0.0,review
4901,163.366667,4221,140.7,0.0,review
4902,163.4,4221,140.7,0.0,review
4903,163.433333,4222,140.733333,0.0,review
4904,163.466667,4222,140.733333,0.0,review
4905,163.5,4223,140.766667,0.0,review
4906,163.533333,4223,140.766667,0.0,review
4907,163.566667,4224,140.8,0.0,review
4908,163.6,4224,140.8,0.0,review
4909,163.633333,4224,140.8,0.0,review
4910,163.666667,4225,140.833333,0.0,review
4911,163.7,4226,140.866667,0.0,review
4912,163.733333,4226,140.866667,0.0,review
4913,163.766667,4226,140.866667,0.0,review
4914,163.8,4227,140.9,0.0,review
4915,163.833333,4228,140.933333,0.0,review
4916,163.866667,4228,140.933333,0.0,review
4917,163.9,4228,140.933333,0.0,review
4918,163.933333,4229,140.966667,0.0,review
4919,163.966667,4230,141.0,0.0,review
4920,164.0,4230,141.0,0.0,review
4921,164.033333,4232,141.066667,0.0,review
4922,164.066667,4234,141.133333,0.0,review
4923,164.1,4236,141.2,0.0,review
4924,164.133333,4238,141.266667,0.0,review
4925,164.166667,4240,141.333333,0.0,review
4926,164.2,4242,141.4,3e-06,review
4927,164.233333,4242,141.4,0.034118,review
4928,164.266667,4243,141.433333,0.068233,review
4929,164.3,4243,141.433333,0.102347,review
4930,164.333333,4244,141.466667,0.136462,review
4931,164.366667,4244,141.466667,0.170577,review
4932,164.4,4245,141.5,0.204691,review
4933,164.433333,4245,141.5,0.238806,review
4934,164.466667,4246,141.533333,0.272921,review
4935,164.5,4247,141.566667,0.307036,review
4936,164.533333,4247,141.566667,0.34115,review
4937,164.566667,4248,141.6,0.375265,matched
4938,164.6,4248,141.6,0.40938,matched
4939,164.633333,4250,141.666667,0.37729,matched
4940,164.666667,4252,141.733333,0.345188,review
4941,164.7,4254,141.8,0.313086,review
4942,164.733333,4256,141.866667,0.280984,review
4943,164.766667,4258,141.933333,0.248882,review
4944,164.8,4260,142.0,0.21678,review
4945,164.833333,4260,142.0,0.235982,review
4946,164.866667,4261,142.033333,0.255189,review
4947,164.9,4261,142.033333,0.274397,review
4948,164.933333,4262,142.066667,0.293604,review
4949,164.966667,4262,142.066667,0.312811,review
4950,165.0,4263,142.1,0.332018,review
4951,165.033333,4263,142.1,0.351225,matched
4952,165.066667,4264,142.133333,0.370432,matched
4953,165.1,4264,142.133333,0.389639,matched
4954,165.133333,4265,142.166667,0.408847,matched
4955,165.166667,4265,142.166667,0.428054,matched
4956,165.2,4266,142.2,0.44726,matched
4957,165.233333,4266,142.2,0.456628,matched
4958,165.266667,4267,142.233333,0.465997,matched
4959,165.3,4267,142.233333,0.475365,matched
4960,165.333333,4268,142.266667,0.484733,matched
4961,165.366667,4268,142.266667,0.494102,matched
4962,165.4,4269,142.3,0.50347,matched
4963,165.433333,4269,142.3,0.512838,matched
4964,165.466667,4270,142.333333,0.522207,matched
4965,165.5,4270,142.333333,0.531575,matched
4966,165.533333,4271,142.366667,0.540944,matched
4967,165.566667,4271,142.366667,0.550312,matched
4968,165.6,4272,142.4,0.55968,matched
4969,165.633333,4272,142.4,0.571373,matched
4970,165.666667,4273,142.433333,0.583067,matched
4971,165.7,4273,142.433333,0.59476,matched
4972,165.733333,4274,142.466667,0.606453,matched
4973,165.766667,4274,142.466667,0.618147,matched
4974,165.8,4275,142.5,0.62984,matched
4975,165.833333,4275,142.5,0.641533,matched
4976,165.866667,4276,142.533333,0.653227,matched
4977,165.9,4277,142.566667,0.66492,matched
4978,165.933333,4277,142.566667,0.676613,matched
4979,165.966667,4278,142.6,0.688307,matched
4980,166.0,4278,142.6,0.7,matched
4981,166.033333,4280,142.666667,0.671335,matched
4982,166.066667,4282,142.733333,0.64267,matched
4983,166.1,4284,142.8,0.614005,matched
4984,166.133333,4286,142.866667,0.58534,matched
4985,166.166667,4288,142.933333,0.556674,matched
4986,166.2,4290,143.0,0.528013,matched
4987,166.233333,4292,143.066667,0.536404,matched
4988,166.266667,4294,143.133333,0.544795,matched
4989,166.3,4296,143.2,0.553186,matched
4990,166.333333,4298,143.266667,0.561577,matched
4991,166.366667,4300,143.333333,0.569968,matched
4992,166.4,4302,143.4,0.578357,matched
4993,166.433333,4304,143.466667,0.57156,matched
4994,166.466667,4306,143.533333,0.564764,matched
4995,166.5,4308,143.6,0.557968,matched
4996,166.533333,4310,143.666667,0.551172,matched
4997,166.566667,4312,143.733333,0.544375,matched
4998,166.6,4314,143.8,0.537579,matched
4999,166.633333,4316,143.866667,0.5145,matched
5000,166.666667,4318,143.933333,0.491418,matched
5001,166.7,4320,144.0,0.468335,matched
5002,166.733333,4322,144.066667,0.445253,matched
5003,166.766667,4324,144.133333,0.42217,matched
5004,166.8,4326,144.2,0.399088,matched
5005,166.833333,4326,144.2,0.413781,matched
5006,166.866667,4327,144.233333,0.428478,matched
5007,166.9,4327,144.233333,0.443175,matched
5008,166.933333,4328,144.266667,0.457871,matched
5009,166.966667,4328,144.266667,0.472568,matched
5010,167.0,4329,144.3,0.487265,matched
5011,167.033333,4329,144.3,0.501961,matched
5012,167.066667,4330,144.333333,0.516658,matched
5013,167.1,4330,144.333333,0.531354,matched
5014,167.133333,4331,144.366667,0.546051,matched
5015,167.166667,4331,144.366667,0.560748,matched
5016,167.2,4332,144.4,0.575441,matched
5017,167.233333,4334,144.466667,0.556318,matched
5018,167.266667,4336,144.533333,0.537194,matched
5019,167.3,4338,144.6,0.518071,matched
5020,167.333333,4340,144.666667,0.498947,matched
5021,167.366667,4342,144.733333,0.479824,matched
5022,167.4,4344,144.8,0.460708,matched
5023,167.433333,4346,144.866667,0.481693,matched
5024,167.466667,4348,144.933333,0.502678,matched
5025,167.5,4350,145.0,0.523663,matched
5026,167.533333,4352,145.066667,0.544648,matched
5027,167.566667,4354,145.133333,0.565633,matched
5028,167.6,4356,145.2,0.586618,matched
5029,167.633333,4358,145.266667,0.602938,matched
5030,167.666667,4360,145.333333,0.619257,matched
5031,167.7,4362,145.4,0.635576,matched
5032,167.733333,4364,145.466667,0.651895,matched
5033,167.766667,4366,145.533333,0.668214,matched
5034,167.8,4368,145.6,0.684533,matched
5035,167.833333,4369,145.633333,0.685823,matched
5036,167.866667,4369,145.633333,0.687112,matched
5037,167.9,4370,145.666667,0.6884,matched
5038,167.933333,4370,145.666667,0.689689,matched
5039,167.966667,4371,145.7,0.690978,matched
5040,168.0,4371,145.7,0.692267,matched
5041,168.033333,4372,145.733333,0.693556,matched
5042,168.066667,4372,145.733333,0.694845,matched
5043,168.1,4373,145.766667,0.696134,matched
5044,168.133333,4373,145.766667,0.697422,matched
5045,168.166667,4374,145.8,0.698711,matched
5046,168.2,4374,145.8,0.699999,matched
5047,168.233333,4375,145.833333,0.690339,matched
5048,168.266667,4375,145.833333,0.680679,matched
5049,168.3,4376,145.866667,0.671019,matched
5050,168.333333,4376,145.866667,0.661359,matched
5051,168.366667,4377,145.9,0.651699,matched
5052,168.4,4377,145.9,0.642039,matched
5053,168.433333,4378,145.933333,0.632379,matched
5054,168.466667,4378,145.933333,0.622719,matched
5055,168.5,4378,145.933333,0.613059,matched
5056,168.533333,4379,145.966667,0.603399,matched
5057,168.566667,4379,145.966667,0.593739,matched
5058,168.6,4380,146.0,0.584079,matched
5059,168.633333,4380,146.0,0.580947,matched
5060,168.666667,4381,146.033333,0.577817,matched
5061,168.7,4381,146.033333,0.574687,matched
5062,168.733333,4382,146.066667,0.571557,matched
5063,168.766667,4382,146.066667,0.568426,matched
5064,168.8,4383,146.1,0.565296,matched
5065,168.833333,4383,146.1,0.562166,matched
5066,168.866667,4384,146.133333,0.559036,matched
5067,168.9,4384,146.133333,0.555906,matched
5068,168.933333,4385,146.166667,0.552775,matched
5069,168.966667,4385,146.166667,0.549645,matched
5070,169.0,4386,146.2,0.546515,matched
5071,169.033333,4388,146.266667,0.515389,matched
5072,169.066667,4390,146.333333,0.484263,matched
5073,169.1,4392,146.4,0.453137,matched
5074,169.133333,4394,146.466667,0.42201,matched
5075,169.166667,4396,146.533333,0.390884,matched
5076,169.2,4398,146.6,0.359762,matched
5077,169.233333,4399,146.633333,0.372988,matched
5078,169.266667,4399,146.633333,0.386213,matched
5079,169.3,4400,146.666667,0.399438,matched
5080,169.333333,4400,146.666667,0.412664,matched
5081,169.366667,4401,146.7,0.425889,matched
5082,169.4,4401,146.7,0.439114,matched
5083,169.433333,4402,146.733333,0.45234,matched
5084,169.466667,4402,146.733333,0.465565,matched
5085,169.5,4403,146.766667,0.47879,matched
5086,169.533333,4403,146.766667,0.492016,matched
5087,169.566667,4404,146.8,0.505241,matched
5088,169.6,4404,146.8,0.518467,matched
5089,169.633333,4406,146.866667,0.530677,matched
5090,169.666667,4408,146.933333,0.542887,matched
5091,169.7,4410,147.0,0.555098,matched
5092,169.733333,4412,147.066667,0.567308,matched
5093,169.766667,4414,147.133333,0.579519,matched
5094,169.8,4416,147.2,0.591729,matched
5095,169.833333,4416,147.2,0.592363,matched
5096,169.866667,4417,147.233333,0.592995,matched
5097,169.9,4417,147.233333,0.593628,matched
5098,169.933333,4418,147.266667,0.594261,matched
5099,169.966667,4418,147.266667,0.594894,matched
5100,170.0,4419,147.3,0.595526,matched
5101,170.033333,4419,147.3,0.596159,matched
5102,170.066667,4420,147.333333,0.596792,matched
5103,170.1,4420,147.333333,0.597425,matched
5104,170.133333,4421,147.366667,0.598058,matched
5105,170.166667,4421,147.366667,0.59869,matched
5106,170.2,4422,147.4,0.599323,matched
5107,170.233333,4422,147.4,0.601183,matched
5108,170.266667,4423,147.433333,0.603044,matched
5109,170.3,4423,147.433333,0.604904,matched
5110,170.333333,4424,147.466667,0.606764,matched
5111,170.366667,4424,147.466667,0.608625,matched
5112,170.4,4425,147.5,0.610485,matched
5113,170.433333,4425,147.5,0.612345,matched
5114,170.466667,4426,147.533333,0.614205,matched
5115,170.5,4427,147.566667,0.616066,matched
5116,170.533333,4427,147.566667,0.617926,matched
5117,170.566667,4428,147.6,0.619786,matched
5118,170.6,4428,147.6,0.621647,matched
5119,170.633333,4429,147.633333,0.618936,matched
5120,170.666667,4429,147.633333,0.616224,matched
5121,170.7,4430,147.666667,0.613512,matched
5122,170.733333,4430,147.666667,0.6108,matched
5123,170.766667,4431,147.7,0.608088,matched
5124,170.8,4431,147.7,0.605376,matched
5125,170.833333,4432,147.733333,0.602664,matched
5126,170.866667,4432,147.733333,0.599952,matched
5127,170.9,4433,147.766667,0.59724,matched
5128,170.933333,4433,147.766667,0.594528,matched
5129,170.966667,4434,147.8,0.591816,matched
5130,171.0,4434,147.8,0.589104,matched
5131,171.033333,4435,147.833333,0.595945,matched
5132,171.066667,4435,147.833333,0.602786,matched
5133,171.1,4436,147.866667,0.609627,matched
5134,171.133333,4436,147.866667,0.616468,matched
5135,171.166667,4437,147.9,0.62331,matched
5136,171.2,4437,147.9,0.630151,matched
5137,171.233333,4438,147.933333,0.636992,matched
5138,171.266667,4438,147.933333,0.643833,matched
5139,171.3,4439,147.966667,0.650674,matched
5140,171.333333,4439,147.966667,0.657515,matched
5141,171.366667,4440,148.0,0.664356,matched
5142,171.4,4440,148.0,0.671195,matched
5143,171.433333,4441,148.033333,0.663902,matched
5144,171.466667,4441,148.033333,0.656609,matched
5145,171.5,4442,148.066667,0.649316,matched
5146,171.533333,4442,148.066667,0.642023,matched
5147,171.566667,4442,148.066667,0.63473,matched
5148,171.6,4443,148.1,0.627437,matched
5149,171.633333,4443,148.1,0.620144,matched
5150,171.666667,4444,148.133333,0.612851,matched
5151,171.7,4444,148.133333,0.605558,matched
5152,171.733333,4445,148.166667,0.598266,matched
5153,171.766667,4445,148.166667,0.590973,matched
5154,171.8,4446,148.2,0.58368,matched
5155,171.833333,4446,148.2,0.593372,matched
5156,171.866667,4447,148.233333,0.603065,matched
5157,171.9,4447,148.233333,0.612759,matched
5158,171.933333,4448,148.266667,0.622452,matched
5159,171.966667,4448,148.266667,0.632146,matched
5160,172.0,4449,148.3,0.64184,matched
5161,172.033333,4449,148.3,0.651533,matched
5162,172.066667,4450,148.333333,0.661227,matched
5163,172.1,4450,148.333333,0.67092,matched
5164,172.133333,4451,148.366667,0.680614,matched
5165,172.166667,4451,148.366667,0.690307,matched
5166,172.2,4452,148.4,0.699999,matched
5167,172.233333,4452,148.4,0.692157,matched
5168,172.266667,4453,148.433333,0.684316,matched
5169,172.3,4453,148.433333,0.676474,matched
5170,172.333333,4454,148.466667,0.668632,matched
5171,172.366667,4454,148.466667,0.66079,matched
5172,172.4,4455,148.5,0.652948,matched
5173,172.433333,4455,148.5,0.645107,matched
5174,172.466667,4456,148.533333,0.637265,matched
5175,172.5,4457,148.566667,0.629423,matched
5176,172.533333,4457,148.566667,0.621581,matched
5177,172.566667,4458,148.6,0.613739,matched
5178,172.6,4458,148.6,0.605897,matched
5179,172.633333,4459,148.633333,0.617178,matched
5180,172.666667,4459,148.633333,0.628462,matched
5181,172.7,4460,148.666667,0.639746,matched
5182,172.733333,4460,148.666667,0.65103,matched
5183,172.766667,4461,148.7,0.662314,matched
5184,172.8,4461,148.7,0.673598,matched
5185,172.833333,4462,148.733333,0.684882,matched
5186,172.866667,4462,148.733333,0.696166,matched
5187,172.9,4463,148.766667,0.70745,matched
5188,172.933333,4463,148.766667,0.718734,matched
5189,172.966667,4464,148.8,0.730018,matched
5190,173.0,4464,148.8,0.741302,matched
5191,173.033333,4465,148.833333,0.729203,matched
5192,173.066667,4465,148.833333,0.717104,matched
5193,173.1,4466,148.866667,0.705005,matched
5194,173.133333,4466,148.866667,0.692906,matched
5195,173.166667,4467,148.9,0.680807,matched
5196,173.2,4467,148.9,0.668708,matched
5197,173.233333,4468,148.933333,0.656609,matched
5198,173.266667,4468,148.933333,0.644511,matched
5199,173.3,4469,148.966667,0.632412,matched
5200,173.333333,4469,148.966667,0.620313,matched
5201,173.366667,4470,149.0,0.608214,matched
5202,173.4,4470,149.0,0.596112,matched
5203,173.433333,4472,149.066667,0.568175,matched
5204,173.466667,4474,149.133333,0.540239,matched
5205,173.5,4476,149.2,0.512302,matched
5206,173.533333,4478,149.266667,0.484365,matched
5207,173.566667,4480,149.333333,0.456429,matched
5208,173.6,4482,149.4,0.428492,matched
5209,173.633333,4482,149.4,0.429913,matched
5210,173.666667,4483,149.433333,0.43134,matched
5211,173.7,4483,149.433333,0.432766,matched
5212,173.733333,4484,149.466667,0.434192,matched
5213,173.766667,4484,149.466667,0.435619,matched
5214,173.8,4485,149.5,0.437045,matched
5215,173.833333,4485,149.5,0.438472,matched
5216,173.866667,4486,149.533333,0.439898,matched
5217,173.9,4487,149.566667,0.441325,matched
5218,173.933333,4487,149.566667,0.442751,matched
5219,173.966667,4488,149.6,0.444178,matched
5220,174.0,4488,149.6,0.445604,matched
5221,174.033333,4490,149.666667,0.457443,matched
5222,174.066667,4492,149.733333,0.469281,matched
5223,174.1,4494,149.8,0.48112,matched
5224,174.133333,4496,149.866667,0.492959,matched
5225,174.166667,4498,149.933333,0.504797,matched
5226,174.2,4500,150.0,0.516636,matched
5227,174.233333,4502,150.066667,0.5292,matched
5228,174.266667,4504,150.133333,0.541764,matched
5229,174.3,4506,150.2,0.554328,matched
5230,174.333333,4508,150.266667,0.566892,matched
5231,174.366667,4510,150.333333,0.579456,matched
5232,174.4,4512,150.4,0.592013,matched
5233,174.433333,4514,150.466667,0.566106,matched
5234,174.466667,4516,150.533333,0.540198,matched
5235,174.5,4518,150.6,0.51429,matched
5236,174.533333,4520,150.666667,0.488383,matched
5237,174.566667,4522,150.733333,0.462475,matched
5238,174.6,4524,150.8,0.436568,matched
5239,174.633333,4526,150.866667,0.457808,matched
5240,174.666667,4528,150.933333,0.479058,matched
5241,174.7,4530,151.0,0.500307,matched
5242,174.733333,4532,151.066667,0.521556,matched
5243,174.766667,4534,151.133333,0.542806,matched
5244,174.8,4536,151.2,0.564055,matched
5245,174.833333,4538,151.266667,0.517256,matched
5246,174.866667,4540,151.333333,0.47045,matched
5247,174.9,4542,151.4,0.423645,matched
5248,174.933333,4544,151.466667,0.376839,matched
5249,174.966667,4546,151.533333,0.330034,review
5250,175.0,4548,151.6,0.283228,review
5251,175.033333,4550,151.666667,0.299848,review
5252,175.066667,4552,151.733333,0.316468,review
5253,175.1,4554,151.8,0.333088,review
5254,175.133333,4556,151.866667,0.349708,review
5255,175.166667,4558,151.933333,0.366328,matched
5256,175.2,4560,152.0,0.382946,matched
5257,175.233333,4562,152.066667,0.37415,matched
5258,175.266667,4564,152.133333,0.365354,matched
5259,175.3,4566,152.2,0.356558,matched
5260,175.333333,4568,152.266667,0.347762,review
5261,175.366667,4570,152.333333,0.338966,review
5262,175.4,4572,152.4,0.330167,review
5263,175.433333,4574,152.466667,0.305745,review
5264,175.466667,4576,152.533333,0.281324,review
5265,175.5,4578,152.6,0.256902,review
5266,175.533333,4580,152.666667,0.23248,review
5267,175.566667,4582,152.733333,0.208059,review
5268,175.6,4584,152.8,0.183637,review
5269,175.633333,4586,152.866667,0.19477,review
5270,175.666667,4588,152.933333,0.205908,review
5271,175.7,4590,153.0,0.217047,review
5272,175.733333,4592,153.066667,0.228186,review
5273,175.766667,4594,153.133333,0.239324,review
5274,175.8,4596,153.2,0.250463,review
5275,175.833333,4598,153.266667,0.268551,review
5276,175.866667,4600,153.333333,0.28664,review
5277,175.9,4602,153.4,0.304728,review
5278,175.933333,4604,153.466667,0.322817,review
5279,175.966667,4606,153.533333,0.340905,review
5280,176.0,4608,153.6,0.358994,matched
5281,176.033333,4609,153.633333,0.329077,review
5282,176.066667,4609,153.633333,0.299161,review
5283,176.1,4610,153.666667,0.269244,review
5284,176.133333,4610,153.666667,0.239328,review
5285,176.166667,4611,153.7,0.209411,review
5286,176.2,4611,153.7,0.179494,review
5287,176.233333,4612,153.733333,0.149578,review
5288,176.266667,4612,153.733333,0.119661,review
5289,176.3,4613,153.766667,0.089744,review
5290,176.333333,4613,153.766667,0.059828,review
5291,176.366667,4614,153.8,0.029911,review
5292,176.4,4614,153.8,6e-06,review
5293,176.433333,4615,153.833333,0.031072,review
5294,176.466667,4615,153.833333,0.062138,review
5295,176.5,4616,153.866667,0.093204,review
5296,176.533333,4616,153.866667,0.12427,review
5297,176.566667,4617,153.9,0.155335,review
5298,176.6,4617,153.9,0.186401,review
5299,176.633333,4618,153.933333,0.217467,review
5300,176.666667,4618,153.933333,0.248533,review
5301,176.7,4619,153.966667,0.279599,review
5302,176.733333,4619,153.966667,0.310665,review
5303,176.766667,4619,153.966667,0.341731,review
5304,176.8,4620,154.0,0.372797,matched
5305,176.833333,4620,154.0,0.355001,matched
5306,176.866667,4621,154.033333,0.337201,review
5307,176.9,4621,154.033333,0.319401,review
5308,176.933333,4622,154.066667,0.301601,review
5309,176.966667,4622,154.066667,0.2838,review
5310,177.0,4623,154.1,0.266,review
5311,177.033333,4623,154.1,0.2482,review
5312,177.066667,4624,154.133333,0.230399,review
5313,177.1,4624,154.133333,0.212599,review
5314,177.133333,4625,154.166667,0.194799,review
5315,177.166667,4625,154.166667,0.176999,review
5316,177.2,4626,154.2,0.159201,review
5317,177.233333,4626,154.2,0.171172,review
5318,177.266667,4627,154.233333,0.183143,review
5319,177.3,4627,154.233333,0.195114,review
5320,177.333333,4628,154.266667,0.207084,review
5321,177.366667,4628,154.266667,0.219055,review
5322,177.4,4629,154.3,0.231026,review
5323,177.433333,4629,154.3,0.242997,review
5324,177.466667,4630,154.333333,0.254968,review
5325,177.5,4630,154.333333,0.266938,review
5326,177.533333,4631,154.366667,0.278909,review
5327,177.566667,4631,154.366667,0.29088,review
5328,177.6,4632,154.4,0.302851,review
5329,177.633333,4632,154.4,0.309834,review
5330,177.666667,4633,154.433333,0.316816,review
5331,177.7,4633,154.433333,0.323798,review
5332,177.733333,4634,154.466667,0.33078,review
5333,177.766667,4634,154.466667,0.337763,review
5334,177.8,4635,154.5,0.344745,review
5335,177.833333,4635,154.5,0.351727,matched
5336,177.866667,4636,154.533333,0.358709,matched
5337,177.9,4637,154.566667,0.365691,matched
5338,177.933333,4637,154.566667,0.372674,matched
5339,177.966667,4638,154.6,0.379656,matched
5340,178.0,4638,154.6,0.386638,matched
5341,178.033333,4640,154.666667,0.388065,matched
5342,178.066667,4642,154.733333,0.389492,matched
5343,178.1,4644,154.8,0.390919,matched
5344,178.133333,4646,154.866667,0.392346,matched
5345,178.166667,4648,154.933333,0.393773,matched
5346,178.2,4650,155.0,0.395202,matched
5347,178.233333,4651,155.033333,0.415891,matched
5348,178.266667,4652,155.066667,0.436581,matched
5349,178.3,4653,155.1,0.45727,matched
5350,178.333333,4654,155.133333,0.47796,matched
5351,178.366667,4655,155.166667,0.498649,matched
5352,178.4,4656,155.2,0.519334,matched
5353,178.433333,4656,155.2,0.513561,matched
5354,178.466667,4657,155.233333,0.507787,matched
5355,178.5,4657,155.233333,0.502014,matched
5356,178.533333,4658,155.266667,0.496241,matched
5357,178.566667,4658,155.266667,0.490467,matched
5358,178.6,4659,155.3,0.484694,matched
5359,178.633333,4659,155.3,0.478921,matched
5360,178.666667,4660,155.333333,0.473148,matched
5361,178.7,4660,155.333333,0.467374,matched
5362,178.733333,4661,155.366667,0.461601,matched
5363,178.766667,4661,155.366667,0.455828,matched
5364,178.8,4662,155.4,0.450055,matched
5365,178.833333,4662,155.4,0.456795,matched
5366,178.866667,4663,155.433333,0.463536,matched
5367,178.9,4663,155.433333,0.470277,matched
5368,178.933333,4664,155.466667,0.477018,matched
5369,178.966667,4664,155.466667,0.48376,matched
5370,179.0,4665,155.5,0.490501,matched
5371,179.033333,4666,155.533333,0.497242,matched
5372,179.066667,4666,155.533333,0.503984,matched
5373,179.1,4667,155.566667,0.510725,matched
5374,179.133333,4667,155.566667,0.517466,matched
5375,179.166667,4668,155.6,0.524207,matched
5376,179.2,4668,155.6,0.530948,matched
5377,179.233333,4669,155.633333,0.529901,matched
5378,179.266667,4669,155.633333,0.528855,matched
5379,179.3,4670,155.666667,0.527808,matched
5380,179.333333,4670,155.666667,0.526762,matched
5381,179.366667,4671,155.7,0.525715,matched
5382,179.4,4671,155.7,0.524669,matched
5383,179.433333,4672,155.733333,0.523622,matched
5384,179.466667,4672,155.733333,0.522575,matched
5385,179.5,4673,155.766667,0.521529,matched
5386,179.533333,4673,155.766667,0.520482,matched
5387,179.566667,4674,155.8,0.519436,matched
5388,179.6,4674,155.8,0.518389,matched
5389,179.633333,4674,155.8,0.507741,matched
5390,179.666667,4675,155.833333,0.497092,matched
5391,179.7,4676,155.866667,0.486442,matched
5392,179.733333,4676,155.866667,0.475793,matched
5393,179.766667,4676,155.866667,0.465143,matched
5394,179.8,4677,155.9,0.454494,matched
5395,179.833333,4678,155.933333,0.443844,matched
5396,179.866667,4678,155.933333,0.433195,matched
5397,179.9,4678,155.933333,0.422545,matched
5398,179.933333,4679,155.966667,0.411896,matched
5399,179.966667,4680,156.0,0.401246,matched
5400,180.0,4680,156.0,0.390597,matched
5401,180.033333,4680,156.0,0.403108,matched
5402,180.066667,4681,156.033333,0.41562,matched
5403,180.1,4682,156.066667,0.428131,matched
5404,180.133333,4682,156.066667,0.440642,matched
5405,180.166667,4682,156.066667,0.453153,matched
5406,180.2,4683,156.1,0.465665,matched
5407,180.233333,4684,156.133333,0.478176,matched
5408,180.266667,4684,156.133333,0.490687,matched
5409,180.3,4684,156.133333,0.503198,matched
5410,180.333333,4685,156.166667,0.51571,matched
5411,180.366667,4686,156.2,0.528221,matched
5412,180.4,4686,156.2,0.540728,matched
5413,180.433333,4686,156.2,0.532292,matched
5414,180.466667,4687,156.233333,0.523855,matched
5415,180.5,4687,156.233333,0.515419,matched
5416,180.533333,4688,156.266667,0.506982,matched
5417,180.566667,4688,156.266667,0.498546,matched
5418,180.6,4689,156.3,0.490109,matched
5419,180.633333,4689,156.3,0.481673,matched
5420,180.666667,4690,156.333333,0.473236,matched
5421,180.7,4690,156.333333,0.464799,matched
5422,180.733333,4691,156.366667,0.456363,matched
5423,180.766667,4691,156.366667,0.447926,matched
5424,180.8,4692,156.4,0.43949,matched
5425,180.833333,4692,156.4,0.461197,matched
5426,180.866667,4693,156.433333,0.482906,matched
5427,180.9,4693,156.433333,0.504616,matched
5428,180.933333,4694,156.466667,0.526325,matched
5429,180.966667,4694,156.466667,0.548035,matched
5430,181.0,4695,156.5,0.569744,matched
5431,181.033333,4696,156.533333,0.591454,matched
5432,181.066667,4696,156.533333,0.613164,matched
5433,181.1,4697,156.566667,0.634873,matched
5434,181.133333,4697,156.566667,0.656583,matched
5435,181.166667,4698,156.6,0.678292,matched
5436,181.2,4698,156.6,0.7,matched
5437,181.233333,4699,156.633333,0.696271,matched
5438,181.266667,4699,156.633333,0.692542,matched
5439,181.3,4700,156.666667,0.688813,matched
5440,181.333333,4700,156.666667,0.685084,matched
5441,181.366667,4701,156.7,0.681355,matched
5442,181.4,4701,156.7,0.677626,matched
5443,181.433333,4702,156.733333,0.673897,matched
5444,181.466667,4702,156.733333,0.670168,matched
5445,181.5,4703,156.766667,0.666439,matched
5446,181.533333,4703,156.766667,0.66271,matched
5447,181.566667,4704,156.8,0.658981,matched
5448,181.6,4704,156.8,0.655252,matched
5449,181.633333,4704,156.8,0.662693,matched
5450,181.666667,4705,156.833333,0.670137,matched
5451,181.7,4706,156.866667,0.67758,matched
5452,181.733333,4706,156.866667,0.685024,matched
5453,181.766667,4706,156.866667,0.692467,matched
5454,181.8,4707,156.9,0.699911,matched
5455,181.833333,4708,156.933333,0.707354,matched
5456,181.866667,4708,156.933333,0.714798,matched
5457,181.9,4708,156.933333,0.722241,matched
5458,181.933333,4709,156.966667,0.729685,matched
5459,181.966667,4710,157.0,0.737128,matched
5460,182.0,4710,157.0,0.744572,matched
5461,182.033333,4710,157.0,0.748528,matched
5462,182.066667,4711,157.033333,0.752484,matched
5463,182.1,4712,157.066667,0.75644,matched
5464,182.133333,4712,157.066667,0.760397,matched
5465,182.166667,4712,157.066667,0.764353,matched
5466,182.2,4713,157.1,0.768309,matched
5467,182.233333,4714,157.133333,0.772265,matched
5468,182.266667,4714,157.133333,0.776221,matched
5469,182.3,4714,157.133333,0.780177,matched
5470,182.333333,4715,157.166667,0.784133,matched
5471,182.366667,4716,157.2,0.78809,matched
5472,182.4,4716,157.2,0.792042,matched
5473,182.433333,4718,157.266667,0.776245,matched
5474,182.466667,4720,157.333333,0.760447,matched
5475,182.5,4722,157.4,0.744649,matched
5476,182.533333,4724,157.466667,0.728852,matched
5477,182.566667,4726,157.533333,0.713054,matched
5478,182.6,4728,157.6,0.697257,matched
5479,182.633333,4729,157.633333,0.658077,matched
5480,182.666667,4729,157.633333,0.618894,matched
5481,182.7,4730,157.666667,0.57971,matched
5482,182.733333,4730,157.666667,0.540526,matched
5483,182.766667,4731,157.7,0.501342,matched
5484,182.8,4731,157.7,0.462159,matched
5485,182.833333,4732,157.733333,0.422975,matched
5486,182.866667,4732,157.733333,0.383791,matched
5487,182.9,4733,157.766667,0.344607,review
5488,182.933333,4733,157.766667,0.305424,review
5489,182.966667,4734,157.8,0.26624,review
5490,183.0,4734,157.8,0.227056,review
5491,183.033333,4735,157.833333,0.266469,review
5492,183.066667,4735,157.833333,0.305881,review
5493,183.1,4736,157.866667,0.345294,review
5494,183.133333,4736,157.866667,0.384706,matched
5495,183.166667,4737,157.9,0.424119,matched
5496,183.2,4737,157.9,0.463532,matched
5497,183.233333,4738,157.933333,0.502944,matched
5498,183.266667,4738,157.933333,0.542357,matched
5499,183.3,4739,157.966667,0.581769,matched
5500,183.333333,4739,157.966667,0.621182,matched
5501,183.366667,4740,158.0,0.660595,matched
5502,183.4,4740,158.0,0.7,matched
5503,183.433333,4741,158.033333,0.7,matched
5504,183.466667,4741,158.033333,0.7,matched
5505,183.5,4742,158.066667,0.7,matched
5506,183.533333,4742,158.066667,0.7,matched
5507,183.566667,4742,158.066667,0.7,matched
5508,183.6,4743,158.1,0.7,matched
5509,183.633333,4743,158.1,0.7,matched
5510,183.666667,4744,158.133333,0.7,matched
5511,183.7,4744,158.133333,0.7,matched
5512,183.733333,4745,158.166667,0.7,matched
5513,183.766667,4745,158.166667,0.7,matched
5514,183.8,4746,158.2,0.7,matched
5515,183.833333,4746,158.2,0.7,matched
5516,183.866667,4747,158.233333,0.7,matched
5517,183.9,4747,158.233333,0.7,matched
5518,183.933333,4748,158.266667,0.7,matched
5519,183.966667,4748,158.266667,0.7,matched
5520,184.0,4749,158.3,0.7,matched
5521,184.033333,4749,158.3,0.7,matched
5522,184.066667,4750,158.333333,0.7,matched
5523,184.1,4750,158.333333,0.7,matched
5524,184.133333,4751,158.366667,0.7,matched
5525,184.166667,4751,158.366667,0.7,matched
5526,184.2,4752,158.4,0.7,matched
5527,184.233333,4752,158.4,0.695723,matched
5528,184.266667,4753,158.433333,0.691447,matched
5529,184.3,4753,158.433333,0.68717,matched
5530,184.333333,4754,158.466667,0.682894,matched
5531,184.366667,4754,158.466667,0.678618,matched
5532,184.4,4755,158.5,0.674341,matched
5533,184.433333,4755,158.5,0.670065,matched
5534,184.466667,4756,158.533333,0.665788,matched
5535,184.5,4757,158.566667,0.661512,matched
5536,184.533333,4757,158.566667,0.657236,matched
5537,184.566667,4758,158.6,0.652959,matched
5538,184.6,4758,158.6,0.648683,matched
5539,184.633333,4759,158.633333,0.619127,matched
5540,184.666667,4759,158.633333,0.589566,matched
5541,184.7,4760,158.666667,0.560006,matched
5542,184.733333,4760,158.666667,0.530445,matched
5543,184.766667,4761,158.7,0.500885,matched
5544,184.8,4761,158.7,0.471324,matched
5545,184.833333,4762,158.733333,0.441764,matched
5546,184.866667,4762,158.733333,0.412203,matched
5547,184.9,4763,158.766667,0.382643,matched
5548,184.933333,4763,158.766667,0.353082,matched
5549,184.966667,4764,158.8,0.323522,review
5550,185.0,4764,158.8,0.293961,review
5551,185.033333,4765,158.833333,0.288656,review
5552,185.066667,4765,158.833333,0.28335,review
5553,185.1,4766,158.866667,0.278045,review
5554,185.133333,4766,158.866667,0.27274,review
5555,185.166667,4767,158.9,0.267434,review
5556,185.2,4767,158.9,0.262129,review
5557,185.233333,4768,158.933333,0.256824,review
5558,185.266667,4768,158.933333,0.251518,review
5559,185.3,4769,158.966667,0.246213,review
5560,185.333333,4769,158.966667,0.240908,review
5561,185.366667,4770,159.0,0.235602,review
5562,185.4,4770,159.0,0.230296,review
5563,185.433333,4771,159.033333,0.221246,review
5564,185.466667,4771,159.033333,0.212195,review
5565,185.5,4772,159.066667,0.203145,review
5566,185.533333,4772,159.066667,0.194095,review
5567,185.566667,4772,159.066667,0.185044,review
5568,185.6,4773,159.1,0.175994,review
5569,185.633333,4773,159.1,0.166943,review
5570,185.666667,4774,159.133333,0.157893,review
5571,185.7,4774,159.133333,0.148842,review
5572,185.733333,4775,159.166667,0.139792,review
5573,185.766667,4775,159.166667,0.130741,review
5574,185.8,4776,159.2,0.121691,review
5575,185.833333,4776,159.2,0.117321,review
5576,185.866667,4777,159.233333,0.112951,review
5577,185.9,4777,159.233333,0.108581,review
5578,185.933333,4778,159.266667,0.104211,review
5579,185.966667,4778,159.266667,0.099842,review
5580,186.0,4779,159.3,0.095472,review
5581,186.033333,4779,159.3,0.091102,review
5582,186.066667,4780,159.333333,0.086733,review
5583,186.1,4780,159.333333,0.082363,review
5584,186.133333,4781,159.366667,0.077993,review
5585,186.166667,4781,159.366667,0.073623,review
5586,186.2,4782,159.4,0.069253,review
5587,186.233333,4782,159.4,0.063482,review
5588,186.266667,4783,159.433333,0.057711,review
5589,186.3,4783,159.433333,0.05194,review
5590,186.333333,4784,159.466667,0.046169,review
5591,186.366667,4784,159.466667,0.040398,review
5592,186.4,4785,159.5,0.034627,review
5593,186.433333,4785,159.5,0.028856,review
5594,186.466667,4786,159.533333,0.023085,review
5595,186.5,4787,159.566667,0.017314,review
5596,186.533333,4787,159.566667,0.011543,review
5597,186.566667,4788,159.6,0.005772,review
5598,186.6,4788,159.6,1e-06,review
5599,186.633333,4789,159.633333,0.018542,review
5600,186.666667,4789,159.633333,0.037088,review
5601,186.7,4790,159.666667,0.055633,review
5602,186.733333,4790,159.666667,0.074179,review
5603,186.766667,4791,159.7,0.092725,review
5604,186.8,4791,159.7,0.11127,review
5605,186.833333,4792,159.733333,0.129816,review
5606,186.866667,4792,159.733333,0.148362,review
5607,186.9,4793,159.766667,0.166907,review
5608,186.933333,4793,159.766667,0.185453,review
5609,186.966667,4794,159.8,0.203998,review
5610,187.0,4794,159.8,0.222544,review
5611,187.033333,4795,159.833333,0.238202,review
5612,187.066667,4795,159.833333,0.25386,review
5613,187.1,4796,159.866667,0.269518,review
5614,187.133333,4796,159.866667,0.285177,review
5615,187.166667,4797,159.9,0.300835,review
5616,187.2,4797,159.9,0.316493,review
5617,187.233333,4798,159.933333,0.332151,review
5618,187.266667,4798,159.933333,0.347809,review
5619,187.3,4799,159.966667,0.363467,matched
5620,187.333333,4799,159.966667,0.379126,matched
5621,187.366667,4800,160.0,0.394784,matched
5622,187.4,4800,160.0,0.410437,matched
5623,187.433333,4801,160.033333,0.399559,matched
5624,187.466667,4801,160.033333,0.388681,matched
5625,187.5,4802,160.066667,0.377802,matched
5626,187.533333,4802,160.066667,0.366924,matched
5627,187.566667,4802,160.066667,0.356046,matched
5628,187.6,4803,160.1,0.345168,review
5629,187.633333,4803,160.1,0.334289,review
5630,187.666667,4804,160.133333,0.323411,review
5631,187.7,4804,160.133333,0.312533,review
5632,187.733333,4805,160.166667,0.301655,review
5633,187.766667,4805,160.166667,0.290776,review
5634,187.8,4806,160.2,0.279898,review
5635,187.833333,4806,160.2,0.311011,review
5636,187.866667,4807,160.233333,0.342128,review
5637,187.9,4807,160.233333,0.373245,matched
5638,187.933333,4808,160.266667,0.404361,matched
5639,187.966667,4808,160.266667,0.435478,matched
5640,188.0,4809,160.3,0.466595,matched
5641,188.033333,4809,160.3,0.497712,matched
5642,188.066667,4810,160.333333,0.528829,matched
5643,188.1,4810,160.333333,0.559945,matched
5644,188.133333,4811,160.366667,0.591062,matched
5645,188.166667,4811,160.366667,0.622179,matched
5646,188.2,4812,160.4,0.653293,matched
5647,188.233333,4813,160.433333,0.652893,matched
5648,188.266667,4814,160.466667,0.652493,matched
5649,188.3,4815,160.5,0.652092,matched
5650,188.333333,4816,160.533333,0.651692,matched
5651,188.366667,4817,160.566667,0.651292,matched
5652,188.4,4818,160.6,0.650894,matched
5653,188.433333,4820,160.666667,0.659078,matched
5654,188.466667,4822,160.733333,0.667262,matched
5655,188.5,4824,160.8,0.675446,matched
5656,188.533333,4826,160.866667,0.68363,matched
5657,188.566667,4828,160.933333,0.691814,matched
5658,188.6,4830,161.0,0.699998,matched
5659,188.633333,4832,161.066667,0.7,matched
5660,188.666667,4834,161.133333,0.7,matched
5661,188.7,4836,161.2,0.7,matched
5662,188.733333,4838,161.266667,0.7,matched
5663,188.766667,4840,161.333333,0.7,matched
5664,188.8,4842,161.4,0.7,matched
5665,188.833333,4842,161.4,0.7,matched
5666,188.866667,4843,161.433333,0.7,matched
5667,188.9,4843,161.433333,0.7,matched
5668,188.933333,4844,161.466667,0.7,matched
5669,188.966667,4844,161.466667,0.7,matched
5670,189.0,4845,161.5,0.7,matched
5671,189.033333,4846,161.533333,0.7,matched
5672,189.066667,4846,161.533333,0.7,matched
5673,189.1,4847,161.566667,0.7,matched
5674,189.133333,4847,161.566667,0.7,matched
5675,189.166667,4848,161.6,0.7,matched
5676,189.2,4848,161.6,0.7,matched
5677,189.233333,4849,161.633333,0.7,matched
5678,189.266667,4849,161.633333,0.7,matched
5679,189.3,4850,161.666667,0.7,matched
5680,189.333333,4850,161.666667,0.7,matched
5681,189.366667,4851,161.7,0.7,matched
5682,189.4,4851,161.7,0.7,matched
5683,189.433333,4852,161.733333,0.7,matched
5684,189.466667,4852,161.733333,0.7,matched
5685,189.5,4853,161.766667,0.7,matched
5686,189.533333,4853,161.766667,0.7,matched
5687,189.566667,4854,161.8,0.7,matched
5688,189.6,4854,161.8,0.7,matched
5689,189.633333,4855,161.833333,0.699069,matched
5690,189.666667,4856,161.866667,0.698138,matched
5691,189.7,4857,161.9,0.697207,matched
5692,189.733333,4858,161.933333,0.696276,matched
5693,189.766667,4859,161.966667,0.695345,matched
5694,189.8,4860,162.0,0.694414,matched
5695,189.833333,4860,162.0,0.694879,matched
5696,189.866667,4861,162.033333,0.695345,matched
5697,189.9,4861,162.033333,0.69581,matched
5698,189.933333,4862,162.066667,0.696276,matched
5699,189.966667,4862,162.066667,0.696741,matched
5700,190.0,4863,162.1,0.697207,matched
5701,190.033333,4863,162.1,0.697673,matched
5702,190.066667,4864,162.133333,0.698138,matched
5703,190.1,4864,162.133333,0.698604,matched
5704,190.133333,4865,162.166667,0.699069,matched
5705,190.166667,4865,162.166667,0.699535,matched
5706,190.2,4866,162.2,0.699996,matched
5707,190.233333,4868,162.266667,0.653008,matched
5708,190.266667,4870,162.333333,0.60602,matched
5709,190.3,4872,162.4,0.559032,matched
5710,190.333333,4874,162.466667,0.512044,matched
5711,190.366667,4876,162.533333,0.465056,matched
5712,190.4,4878,162.6,0.418073,matched
5713,190.433333,4879,162.633333,0.3946,matched
5714,190.466667,4879,162.633333,0.371127,matched
5715,190.5,4880,162.666667,0.347655,review
5716,190.533333,4880,162.666667,0.324182,review
5717,190.566667,4881,162.7,0.300709,review
5718,190.6,4881,162.7,0.277236,review
5719,190.633333,4882,162.733333,0.253764,review
5720,190.666667,4882,162.733333,0.230291,review
5721,190.7,4883,162.766667,0.206818,review
5722,190.733333,4883,162.766667,0.183346,review
5723,190.766667,4884,162.8,0.159873,review
5724,190.8,4884,162.8,0.1364,review
5725,190.833333,4886,162.866667,0.113667,review
5726,190.866667,4888,162.933333,0.090933,review
5727,190.9,4890,163.0,0.0682,review
5728,190.933333,4892,163.066667,0.045467,review
5729,190.966667,4894,163.133333,0.022733,review
5730,191.0,4896,163.2,0.0,review
5731,191.033333,4896,163.2,0.0,review
5732,191.066667,4897,163.233333,0.0,review
5733,191.1,4897,163.233333,0.0,review
5734,191.133333,4898,163.266667,0.0,review
5735,191.166667,4898,163.266667,0.0,review
5736,191.2,4899,163.3,0.0,review
5737,191.233333,4899,163.3,0.0,review
5738,191.266667,4900,163.333333,0.0,review
5739,191.3,4900,163.333333,0.0,review
5740,191.333333,4901,163.366667,0.0,review
5741,191.366667,4901,163.366667,0.0,review
5742,191.4,4902,163.4,5e-06,review
5743,191.433333,4904,163.466667,0.028402,review
5744,191.466667,4906,163.533333,0.056799,review
5745,191.5,4908,163.6,0.085196,review
5746,191.533333,4910,163.666667,0.113593,review
5747,191.566667,4912,163.733333,0.14199,review
5748,191.6,4914,163.8,0.170387,review
5749,191.633333,4914,163.8,0.179086,review
5750,191.666667,4915,163.833333,0.187781,review
5751,191.7,4916,163.866667,0.196477,review
5752,191.733333,4916,163.866667,0.205172,review
5753,191.766667,4916,163.866667,0.213867,review
5754,191.8,4917,163.9,0.222563,review
5755,191.833333,4918,163.933333,0.231258,review
5756,191.866667,4918,163.933333,0.239953,review
5757,191.9,4918,163.933333,0.248649,review
5758,191.933333,4919,163.966667,0.257344,review
5759,191.966667,4920,164.0,0.26604,review
5760,192.0,4920,164.0,0.274735,review
5761,192.033333,4920,164.0,0.290171,review
5762,192.066667,4921,164.033333,0.305606,review
5763,192.1,4922,164.066667,0.321042,review
5764,192.133333,4922,164.066667,0.336478,review
5765,192.166667,4922,164.066667,0.351914,matched
5766,192.2,4923,164.1,0.367349,matched
5767,192.233333,4924,164.133333,0.382785,matched
5768,192.266667,4924,164.133333,0.398221,matched
5769,192.3,4924,164.133333,0.413657,matched
5770,192.333333,4925,164.166667,0.429092,matched
5771,192.366667,4926,164.2,0.444528,matched
5772,192.4,4926,164.2,0.459954,matched
5773,192.433333,4926,164.2,0.423657,matched
5774,192.466667,4927,164.233333,0.38736,matched
5775,192.5,4927,164.233333,0.351063,matched
5776,192.533333,4928,164.266667,0.314765,review
5777,192.566667,4928,164.266667,0.278468,review
5778,192.6,4929,164.3,0.242171,review
5779,192.633333,4929,164.3,0.205874,review
5780,192.666667,4930,164.333333,0.169576,review
5781,192.7,4930,164.333333,0.133279,review
5782,192.733333,4931,164.366667,0.096982,review
5783,192.766667,4931,164.366667,0.060685,review
5784,192.8,4932,164.4,0.024387,review
5785,192.833333,4934,164.466667,0.101039,review
5786,192.866667,4936,164.533333,0.177701,review
5787,192.9,4938,164.6,0.254362,review
5788,192.933333,4940,164.666667,0.331024,review
5789,192.966667,4942,164.733333,0.407686,matched
5790,193.0,4944,164.8,0.484348,matched
5791,193.033333,4945,164.833333,0.493956,matched
5792,193.066667,4945,164.833333,0.503563,matched
5793,193.1,4946,164.866667,0.513171,matched
5794,193.133333,4946,164.866667,0.522779,matched
5795,193.166667,4947,164.9,0.532387,matched
5796,193.2,4947,164.9,0.541994,matched
5797,193.233333,4948,164.933333,0.551602,matched
5798,193.266667,4948,164.933333,0.56121,matched
5799,193.3,4949,164.966667,0.570818,matched
5800,193.333333,4949,164.966667,0.580425,matched
5801,193.366667,4950,165.0,0.590033,matched
5802,193.4,4950,165.0,0.59963,matched
5803,193.433333,4952,165.066667,0.5494,matched
5804,193.466667,4954,165.133333,0.499171,matched
5805,193.5,4956,165.2,0.448941,matched
5806,193.533333,4958,165.266667,0.398712,matched
5807,193.566667,4960,165.333333,0.348483,review
5808,193.6,4962,165.4,0.298253,review
5809,193.633333,4962,165.4,0.303518,review
5810,193.666667,4963,165.433333,0.308792,review
5811,193.7,4963,165.433333,0.314067,review
5812,193.733333,4964,165.466667,0.319341,review
5813,193.766667,4964,165.466667,0.324616,review
5814,193.8,4965,165.5,0.329891,review
5815,193.833333,4965,165.5,0.335165,review
5816,193.866667,4966,165.533333,0.34044,review
5817,193.9,4967,165.566667,0.345714,review
5818,193.933333,4967,165.566667,0.350989,matched
5819,193.966667,4968,165.6,0.356263,matched
5820,194.0,4968,165.6,0.361538,matched
5821,194.033333,4969,165.633333,0.371745,matched
5822,194.066667,4969,165.633333,0.381951,matched
5823,194.1,4970,165.666667,0.392158,matched
5824,194.133333,4970,165.666667,0.402365,matched
5825,194.166667,4971,165.7,0.412572,matched
5826,194.2,4971,165.7,0.422778,matched
5827,194.233333,4972,165.733333,0.432985,matched
5828,194.266667,4972,165.733333,0.443192,matched
5829,194.3,4973,165.766667,0.453399,matched
5830,194.333333,4973,165.766667,0.463605,matched
5831,194.366667,4974,165.8,0.473812,matched
5832,194.4,4974,165.8,0.484018,matched
5833,194.433333,4975,165.833333,0.487782,matched
5834,194.466667,4975,165.833333,0.491547,matched
5835,194.5,4976,165.866667,0.495311,matched
5836,194.533333,4976,165.866667,0.499076,matched
5837,194.566667,4977,165.9,0.50284,matched
5838,194.6,4977,165.9,0.506605,matched
5839,194.633333,4978,165.933333,0.510369,matched
5840,194.666667,4978,165.933333,0.514134,matched
5841,194.7,4979,165.966667,0.517898,matched
5842,194.733333,4979,165.966667,0.521663,matched
5843,194.766667,4979,165.966667,0.525427,matched
5844,194.8,4980,166.0,0.529192,matched
5845,194.833333,4980,166.0,0.508853,matched
5846,194.866667,4981,166.033333,0.488512,matched
5847,194.9,4981,166.033333,0.468171,matched
5848,194.933333,4982,166.066667,0.44783,matched
5849,194.966667,4982,166.066667,0.427489,matched
5850,195.0,4983,166.1,0.407148,matched
5851,195.033333,4983,166.1,0.386808,matched
5852,195.066667,4984,166.133333,0.366467,matched
5853,195.1,4984,166.133333,0.346126,review
5854,195.133333,4985,166.166667,0.325785,review
5855,195.166667,4985,166.166667,0.305444,review
5856,195.2,4986,166.2,0.285103,review
5857,195.233333,4986,166.2,0.265123,review
5858,195.266667,4987,166.233333,0.245143,review
5859,195.3,4987,166.233333,0.225164,review
5860,195.333333,4988,166.266667,0.205184,review
5861,195.366667,4988,166.266667,0.185204,review
5862,195.4,4989,166.3,0.165224,review
5863,195.433333,4989,166.3,0.145244,review
5864,195.466667,4990,166.333333,0.125264,review
5865,195.5,4990,166.333333,0.105284,review
5866,195.533333,4991,166.366667,0.085304,review
5867,195.566667,4991,166.366667,0.065325,review
5868,195.6,4992,166.4,0.045345,review
5869,195.633333,4992,166.4,0.048226,review
5870,195.666667,4993,166.433333,0.051112,review
5871,195.7,4993,166.433333,0.053998,review
5872,195.733333,4994,166.466667,0.056884,review
5873,195.766667,4994,166.466667,0.05977,review
5874,195.8,4995,166.5,0.062656,review
5875,195.833333,4995,166.5,0.065542,review
5876,195.866667,4996,166.533333,0.068428,review
5877,195.9,4997,166.566667,0.071314,review
5878,195.933333,4997,166.566667,0.0742,review
5879,195.966667,4998,166.6,0.077086,review
5880,196.0,4998,166.6,0.079972,review
5881,196.033333,4999,166.633333,0.073308,review
5882,196.066667,4999,166.633333,0.066643,review
5883,196.1,5000,166.666667,0.059979,review
5884,196.133333,5000,166.666667,0.053314,review
5885,196.166667,5001,166.7,0.04665,review
5886,196.2,5001,166.7,0.039985,review
5887,196.233333,5002,166.733333,0.033321,review
5888,196.266667,5002,166.733333,0.026657,review
5889,196.3,5003,166.766667,0.019992,review
5890,196.333333,5003,166.766667,0.013328,review
5891,196.366667,5004,166.8,0.006663,review
5892,196.4,5004,166.8,0.0,review
5893,196.433333,5005,166.833333,0.000902,review
5894,196.466667,5005,166.833333,0.001804,review
5895,196.5,5006,166.866667,0.002706,review
5896,196.533333,5006,166.866667,0.003608,review
5897,196.566667,5007,166.9,0.00451,review
5898,196.6,5007,166.9,0.005412,review
5899,196.633333,5008,166.933333,0.006313,review
5900,196.666667,5008,166.933333,0.007215,review
5901,196.7,5009,166.966667,0.008117,review
5902,196.733333,5009,166.966667,0.009019,review
5903,196.766667,5009,166.966667,0.009921,review
5904,196.8,5010,167.0,0.010823,review
5905,196.833333,5010,167.0,0.009921,review
5906,196.866667,5011,167.033333,0.009019,review
5907,196.9,5011,167.033333,0.008117,review
5908,196.933333,5012,167.066667,0.007215,review
5909,196.966667,5012,167.066667,0.006313,review
5910,197.0,5013,167.1,0.005412,review
5911,197.033333,5013,167.1,0.00451,review
5912,197.066667,5014,167.133333,0.003608,review
5913,197.1,5014,167.133333,0.002706,review
5914,197.133333,5015,167.166667,0.001804,review
5915,197.166667,5015,167.166667,0.000902,review
5916,197.2,5016,167.2,0.0,review
5917,197.233333,5016,167.2,0.0,review
5918,197.266667,5017,167.233333,0.0,review
5919,197.3,5017,167.233333,0.0,review
5920,197.333333,5018,167.266667,0.0,review
5921,197.366667,5018,167.266667,0.0,review
5922,197.4,5019,167.3,0.0,review
5923,197.433333,5019,167.3,0.0,review
5924,197.466667,5020,167.333333,0.0,review
5925,197.5,5020,167.333333,0.0,review
5926,197.533333,5021,167.366667,0.0,review
5927,197.566667,5021,167.366667,0.0,review
5928,197.6,5022,167.4,0.0,review
5929,197.633333,5024,167.466667,0.0,review
5930,197.666667,5026,167.533333,0.0,review
5931,197.7,5028,167.6,0.0,review
5932,197.733333,5030,167.666667,0.0,review
5933,197.766667,5032,167.733333,0.0,review
5934,197.8,5034,167.8,0.0,review
5935,197.833333,5035,167.833333,0.021822,review
5936,197.866667,5035,167.833333,0.043645,review
5937,197.9,5036,167.866667,0.065469,review
5938,197.933333,5036,167.866667,0.087293,review
5939,197.966667,5037,167.9,0.109116,review
5940,198.0,5037,167.9,0.13094,review
5941,198.033333,5038,167.933333,0.152764,review
5942,198.066667,5038,167.933333,0.174587,review
5943,198.1,5039,167.966667,0.196411,review
5944,198.133333,5039,167.966667,0.218235,review
5945,198.166667,5040,168.0,0.240058,review
5946,198.2,5040,168.0,0.261882,review
5947,198.233333,5041,168.033333,0.279332,review
5948,198.266667,5041,168.033333,0.296781,review
5949,198.3,5041,168.033333,0.314231,review
5950,198.333333,5042,168.066667,0.331681,review
5951,198.366667,5042,168.066667,0.349131,review
5952,198.4,5043,168.1,0.366581,matched
5953,198.433333,5043,168.1,0.384031,matched
5954,198.466667,5044,168.133333,0.401481,matched
5955,198.5,5044,168.133333,0.418931,matched
5956,198.533333,5045,168.166667,0.436381,matched
5957,198.566667,5045,168.166667,0.453831,matched
5958,198.6,5046,168.2,0.471281,matched
5959,198.633333,5046,168.2,0.481829,matched
5960,198.666667,5047,168.233333,0.492376,matched
5961,198.7,5047,168.233333,0.502922,matched
5962,198.733333,5048,168.266667,0.513469,matched
5963,198.766667,5048,168.266667,0.524016,matched
5964,198.8,5049,168.3,0.534563,matched
5965,198.833333,5049,168.3,0.545109,matched
5966,198.866667,5050,168.333333,0.555656,matched
5967,198.9,5050,168.333333,0.566203,matched
5968,198.933333,5051,168.366667,0.57675,matched
5969,198.966667,5051,168.366667,0.587296,matched
5970,199.0,5052,168.4,0.597843,matched
5971,199.033333,5052,168.4,0.606356,matched
5972,199.066667,5053,168.433333,0.614869,matched
5973,199.1,5053,168.433333,0.623383,matched
5974,199.133333,5054,168.466667,0.631896,matched
5975,199.166667,5055,168.5,0.640409,matched
5976,199.2,5055,168.5,0.648922,matched
5977,199.233333,5056,168.533333,0.657435,matched
5978,199.266667,5056,168.533333,0.665949,matched
5979,199.3,5057,168.566667,0.674462,matched
5980,199.333333,5057,168.566667,0.682975,matched
5981,199.366667,5058,168.6,0.691488,matched
5982,199.4,5058,168.6,0.699997,matched
5983,199.433333,5060,168.666667,0.68182,matched
5984,199.466667,5062,168.733333,0.663644,matched
5985,199.5,5064,168.8,0.645468,matched
5986,199.533333,5066,168.866667,0.627292,matched
5987,199.566667,5068,168.933333,0.609116,matched
5988,199.6,5070,169.0,0.590939,matched
5989,199.633333,5072,169.066667,0.619727,matched
5990,199.666667,5074,169.133333,0.648523,matched
5991,199.7,5076,169.2,0.67732,matched
5992,199.733333,5078,169.266667,0.706116,matched
5993,199.766667,5080,169.333333,0.734912,matched
5994,199.8,5082,169.4,0.763708,matched
5995,199.833333,5083,169.433333,0.754993,matched
5996,199.866667,5084,169.466667,0.746275,matched
5997,199.9,5085,169.5,0.737557,matched
5998,199.933333,5086,169.533333,0.728839,matched
5999,199.966667,5087,169.566667,0.72012,matched
6000,200.0,5088,169.6,0.711402,matched
6001,200.033333,5089,169.633333,0.710452,matched
6002,200.066667,5089,169.633333,0.709502,matched
6003,200.1,5090,169.666667,0.708551,matched
6004,200.133333,5090,169.666667,0.707601,matched
6005,200.166667,5091,169.7,0.706651,matched
6006,200.2,5091,169.7,0.705701,matched
6007,200.233333,5092,169.733333,0.704751,matched
6008,200.266667,5092,169.733333,0.703801,matched
6009,200.3,5093,169.766667,0.70285,matched
6010,200.333333,5093,169.766667,0.7019,matched
6011,200.366667,5094,169.8,0.70095,matched
6012,200.4,5094,169.8,0.700001,matched
6013,200.433333,5095,169.833333,0.70582,matched
6014,200.466667,5095,169.833333,0.71164,matched
6015,200.5,5096,169.866667,0.717459,matched
6016,200.533333,5096,169.866667,0.723279,matched
6017,200.566667,5097,169.9,0.729098,matched
6018,200.6,5097,169.9,0.734917,matched
6019,200.633333,5098,169.933333,0.740737,matched
6020,200.666667,5098,169.933333,0.746556,matched
6021,200.7,5099,169.966667,0.752375,matched
6022,200.733333,5099,169.966667,0.758195,matched
6023,200.766667,5099,169.966667,0.764014,matched
6024,200.8,5100,170.0,0.769833,matched
6025,200.833333,5102,170.066667,0.758196,matched
6026,200.866667,5104,170.133333,0.746557,matched
6027,200.9,5106,170.2,0.734918,matched
6028,200.933333,5108,170.266667,0.723278,matched
6029,200.966667,5110,170.333333,0.711639,matched
6030,201.0,5112,170.4,0.7,matched
6031,201.033333,5112,170.4,0.701523,matched
6032,201.066667,5113,170.433333,0.703046,matched
6033,201.1,5113,170.433333,0.704568,matched
6034,201.133333,5114,170.466667,0.706091,matched
6035,201.166667,5115,170.5,0.707614,matched
6036,201.2,5115,170.5,0.709137,matched
6037,201.233333,5116,170.533333,0.710659,matched
6038,201.266667,5116,170.533333,0.712182,matched
6039,201.3,5117,170.566667,0.713705,matched
6040,201.333333,5117,170.566667,0.715228,matched
6041,201.366667,5118,170.6,0.71675,matched
6042,201.4,5118,170.6,0.718272,matched
6043,201.433333,5119,170.633333,0.715227,matched
6044,201.466667,5120,170.666667,0.712182,matched
6045,201.5,5121,170.7,0.709136,matched
6046,201.533333,5122,170.733333,0.706091,matched
6047,201.566667,5123,170.766667,0.703046,matched
6048,201.6,5124,170.8,0.700001,matched
6049,201.633333,5124,170.8,0.7,matched
6050,201.666667,5125,170.833333,0.7,matched
6051,201.7,5126,170.866667,0.7,matched
6052,201.733333,5126,170.866667,0.7,matched
6053,201.766667,5126,170.866667,0.7,matched
6054,201.8,5127,170.9,0.7,matched
6055,201.833333,5128,170.933333,0.7,matched
6056,201.866667,5128,170.933333,0.7,matched
6057,201.9,5128,170.933333,0.7,matched
6058,201.933333,5129,170.966667,0.7,matched
6059,201.966667,5130,171.0,0.7,matched
6060,202.0,5130,171.0,0.7,matched
6061,202.033333,5132,171.066667,0.713728,matched
6062,202.066667,5134,171.133333,0.727457,matched
6063,202.1,5136,171.2,0.741185,matched
6064,202.133333,5138,171.266667,0.754914,matched
6065,202.166667,5140,171.333333,0.768642,matched
6066,202.2,5142,171.4,0.782368,matched
6067,202.233333,5144,171.466667,0.770678,matched
6068,202.266667,5146,171.533333,0.758988,matched
6069,202.3,5148,171.6,0.747297,matched
6070,202.333333,5150,171.666667,0.735607,matched
6071,202.366667,5152,171.733333,0.723917,matched
6072,202.4,5154,171.8,0.712229,matched
6073,202.433333,5155,171.833333,0.712851,matched
6074,202.466667,5156,171.866667,0.713472,matched
6075,202.5,5157,171.9,0.714094,matched
6076,202.533333,5158,171.933333,0.714716,matched
6077,202.566667,5159,171.966667,0.715337,matched
6078,202.6,5160,172.0,0.715959,matched
6079,202.633333,5162,172.066667,0.72085,matched
6080,202.666667,5164,172.133333,0.725742,matched
6081,202.7,5166,172.2,0.730634,matched
6082,202.733333,5168,172.266667,0.735526,matched
6083,202.766667,5170,172.333333,0.740418,matched
6084,202.8,5172,172.4,0.745311,matched
6085,202.833333,5174,172.466667,0.732111,matched
6086,202.866667,5176,172.533333,0.71891,matched
6087,202.9,5178,172.6,0.70571,matched
6088,202.933333,5180,172.666667,0.692509,matched
6089,202.966667,5182,172.733333,0.679308,matched
6090,203.0,5184,172.8,0.666107,matched
6091,203.033333,5186,172.866667,0.654682,matched
6092,203.066667,5188,172.933333,0.643256,matched
6093,203.1,5190,173.0,0.631831,matched
6094,203.133333,5192,173.066667,0.620406,matched
6095,203.166667,5194,173.133333,0.60898,matched
6096,203.2,5196,173.2,0.597554,matched
6097,203.233333,5196,173.2,0.574596,matched
6098,203.266667,5197,173.233333,0.551638,matched
6099,203.3,5197,173.233333,0.52868,matched
6100,203.333333,5198,173.266667,0.505722,matched
6101,203.366667,5198,173.266667,0.482764,matched
6102,203.4,5199,173.3,0.459806,matched
6103,203.433333,5199,173.3,0.436848,matched
6104,203.466667,5200,173.333333,0.41389,matched
6105,203.5,5200,173.333333,0.390932,matched
6106,203.533333,5201,173.366667,0.367974,matched
6107,203.566667,5201,173.366667,0.345016,review
6108,203.6,5202,173.4,0.322058,review
6109,203.633333,5204,173.466667,0.335706,review
6110,203.666667,5206,173.533333,0.34936,review
6111,203.7,5208,173.6,0.363014,matched
6112,203.733333,5210,173.666667,0.376668,matched
6113,203.766667,5212,173.733333,0.390322,matched
6114,203.8,5214,173.8,0.403976,matched
6115,203.833333,5215,173.833333,0.389706,matched
6116,203.866667,5215,173.833333,0.375434,matched
6117,203.9,5216,173.866667,0.361162,matched
6118,203.933333,5216,173.866667,0.34689,review
6119,203.966667,5217,173.9,0.332618,review
6120,204.0,5217,173.9,0.318346,review
6121,204.033333,5218,173.933333,0.304073,review
6122,204.066667,5218,173.933333,0.289801,review
6123,204.1,5219,173.966667,0.275529,review
6124,204.133333,5219,173.966667,0.261257,review
6125,204.166667,5220,174.0,0.246985,review
6126,204.2,5220,174.0,0.232718,review
6127,204.233333,5222,174.066667,0.280707,review
6128,204.266667,5224,174.133333,0.328697,review
6129,204.3,5226,174.2,0.376686,matched
6130,204.333333,5228,174.266667,0.424675,matched
6131,204.366667,5230,174.333333,0.472664,matched
6132,204.4,5232,174.4,0.52064,matched
6133,204.433333,5234,174.466667,0.500977,matched
6134,204.466667,5236,174.533333,0.481314,matched
6135,204.5,5238,174.6,0.461651,matched
6136,204.533333,5240,174.666667,0.441987,matched
6137,204.566667,5242,174.733333,0.422324,matched
6138,204.6,5244,174.8,0.402661,matched
6139,204.633333,5246,174.866667,0.427765,matched
6140,204.666667,5248,174.933333,0.452877,matched
6141,204.7,5250,175.0,0.477989,matched
6142,204.733333,5252,175.066667,0.503101,matched
6143,204.766667,5254,175.133333,0.528213,matched
6144,204.8,5256,175.2,0.553326,matched
6145,204.833333,5258,175.266667,0.574668,matched
6146,204.866667,5260,175.333333,0.596009,matched
6147,204.9,5262,175.4,0.617351,matched
6148,204.933333,5264,175.466667,0.638692,matched
6149,204.966667,5266,175.533333,0.660034,matched
6150,205.0,5268,175.6,0.681375,matched
6151,205.033333,5269,175.633333,0.667717,matched
6152,205.066667,5269,175.633333,0.654058,matched
6153,205.1,5270,175.666667,0.6404,matched
6154,205.133333,5270,175.666667,0.626742,matched
6155,205.166667,5271,175.7,0.613084,matched
6156,205.2,5271,175.7,0.599425,matched
6157,205.233333,5272,175.733333,0.585767,matched
6158,205.266667,5272,175.733333,0.572109,matched
6159,205.3,5273,175.766667,0.55845,matched
6160,205.333333,5273,175.766667,0.544792,matched
6161,205.366667,5274,175.8,0.531134,matched
6162,205.4,5274,175.8,0.517476,matched
6163,205.433333,5276,175.866667,0.505665,matched
6164,205.466667,5278,175.933333,0.493854,matched
6165,205.5,5280,176.0,0.482043,matched
6166,205.533333,5282,176.066667,0.470233,matched
6167,205.566667,5284,176.133333,0.458422,matched
6168,205.6,5286,176.2,0.446611,matched
6169,205.633333,5286,176.2,0.447362,matched
6170,205.666667,5287,176.233333,0.448115,matched
6171,205.7,5287,176.233333,0.448868,matched
6172,205.733333,5288,176.266667,0.449621,matched
6173,205.766667,5288,176.266667,0.450374,matched
6174,205.8,5289,176.3,0.451127,matched
6175,205.833333,5289,176.3,0.451881,matched
6176,205.866667,5290,176.333333,0.452634,matched
6177,205.9,5290,176.333333,0.453387,matched
6178,205.933333,5291,176.366667,0.45414,matched
6179,205.966667,5291,176.366667,0.454893,matched
6180,206.0,5292,176.4,0.455646,matched
6181,206.033333,5292,176.4,0.467532,matched
6182,206.066667,5293,176.433333,0.479418,matched
6183,206.1,5293,176.433333,0.491304,matched
6184,206.133333,5294,176.466667,0.50319,matched
6185,206.166667,5295,176.5,0.515076,matched
6186,206.2,5295,176.5,0.526962,matched
6187,206.233333,5296,176.533333,0.538848,matched
6188,206.266667,5296,176.533333,0.550733,matched
6189,206.3,5297,176.566667,0.562619,matched
6190,206.333333,5297,176.566667,0.574505,matched
6191,206.366667,5298,176.6,0.586391,matched
6192,206.4,5298,176.6,0.598274,matched
6193,206.433333,5299,176.633333,0.593755,matched
6194,206.466667,5299,176.633333,0.589236,matched
6195,206.5,5300,176.666667,0.584717,matched
6196,206.533333,5300,176.666667,0.580198,matched
6197,206.566667,5301,176.7,0.575679,matched
6198,206.6,5301,176.7,0.57116,matched
6199,206.633333,5302,176.733333,0.566641,matched
6200,206.666667,5302,176.733333,0.562122,matched
6201,206.7,5303,176.766667,0.557603,matched
6202,206.733333,5303,176.766667,0.553084,matched
6203,206.766667,5304,176.8,0.548565,matched
6204,206.8,5304,176.8,0.544046,matched
6205,206.833333,5306,176.866667,0.492224,matched
6206,206.866667,5308,176.933333,0.440398,matched
6207,206.9,5310,177.0,0.388572,matched
6208,206.933333,5312,177.066667,0.336746,review
6209,206.966667,5314,177.133333,0.284919,review
6210,207.0,5316,177.2,0.233093,review
6211,207.033333,5318,177.266667,0.247354,review
6212,207.066667,5320,177.333333,0.261615,review
6213,207.1,5322,177.4,0.275876,review
6214,207.133333,5324,177.466667,0.290137,review
6215,207.166667,5326,177.533333,0.304397,review
6216,207.2,5328,177.6,0.31866,review
6217,207.233333,5329,177.633333,0.352925,matched
6218,207.266667,5329,177.633333,0.38719,matched
6219,207.3,5330,177.666667,0.421456,matched
6220,207.333333,5330,177.666667,0.455721,matched
6221,207.366667,5331,177.7,0.489986,matched
6222,207.4,5331,177.7,0.524251,matched
6223,207.433333,5332,177.733333,0.558516,matched
6224,207.466667,5332,177.733333,0.592781,matched
6225,207.5,5333,177.766667,0.627046,matched
6226,207.533333,5333,177.766667,0.661311,matched
6227,207.566667,5334,177.8,0.695577,matched
6228,207.6,5334,177.8,0.729842,matched
6229,207.633333,5336,177.866667,0.666711,matched
6230,207.666667,5338,177.933333,0.603563,matched
6231,207.7,5340,178.0,0.540414,matched
6232,207.733333,5342,178.066667,0.477266,matched
6233,207.766667,5344,178.133333,0.414117,matched
6234,207.8,5346,178.2,0.350969,matched
6235,207.833333,5348,178.266667,0.338947,review
6236,207.866667,5350,178.333333,0.326929,review
6237,207.9,5352,178.4,0.314912,review
6238,207.933333,5354,178.466667,0.302894,review
6239,207.966667,5356,178.533333,0.290877,review
6240,208.0,5358,178.6,0.278859,review
6241,208.033333,5360,178.666667,0.296123,review
6242,208.066667,5362,178.733333,0.313388,review
6243,208.1,5364,178.8,0.330652,review
6244,208.133333,5366,178.866667,0.347917,review
6245,208.166667,5368,178.933333,0.365181,matched
6246,208.2,5370,179.0,0.382438,matched
6247,208.233333,5372,179.066667,0.321404,review
6248,208.266667,5374,179.133333,0.26037,review
6249,208.3,5376,179.2,0.199336,review
6250,208.333333,5378,179.266667,0.138302,review
6251,208.366667,5380,179.333333,0.077268,review
6252,208.4,5382,179.4,0.016245,review
6253,208.433333,5384,179.466667,0.013537,review
6254,208.466667,5386,179.533333,0.01083,review
6255,208.5,5388,179.6,0.008123,review
6256,208.533333,5390,179.666667,0.005415,review
6257,208.566667,5392,179.733333,0.002708,review
6258,208.6,5394,179.8,0.0,review
6259,208.633333,5396,179.866667,0.0,review
6260,208.666667,5398,179.933333,0.0,review
6261,208.7,5400,180.0,0.0,review
6262,208.733333,5402,180.066667,0.0,review
6263,208.766667,5404,180.133333,0.0,review
6264,208.8,5406,180.2,0.0,review
6265,208.833333,5408,180.266667,0.002023,review
6266,208.866667,5410,180.333333,0.004047,review
6267,208.9,5412,180.4,0.00607,review
6268,208.933333,5414,180.466667,0.008093,review
6269,208.966667,5416,180.533333,0.010117,review
6270,209.0,5418,180.6,0.01214,review
6271,209.033333,5420,180.666667,0.010117,review
6272,209.066667,5422,180.733333,0.008093,review
6273,209.1,5424,180.8,0.00607,review
6274,209.133333,5426,180.866667,0.004047,review
6275,209.166667,5428,180.933333,0.002023,review
6276,209.2,5430,181.0,0.0,review
6277,209.233333,5432,181.066667,0.0,review
6278,209.266667,5434,181.133333,0.0,review
6279,209.3,5436,181.2,0.0,review
6280,209.333333,5438,181.266667,0.0,review
6281,209.366667,5440,181.333333,0.0,review
6282,209.4,5442,181.4,0.0,review
6283,209.433333,5444,181.466667,0.0,review
6284,209.466667,5446,181.533333,0.0,review
6285,209.5,5448,181.6,0.0,review
6286,209.533333,5450,181.666667,0.0,review
6287,209.566667,5452,181.733333,0.0,review
6288,209.6,5454,181.8,0.0,review
6289,209.633333,5456,181.866667,0.0,review
6290,209.666667,5458,181.933333,0.0,review
6291,209.7,5460,182.0,0.0,review
6292,209.733333,5462,182.066667,0.0,review
6293,209.766667,5464,182.133333,0.0,review
6294,209.8,5466,182.2,0.0,review
6295,209.833333,5468,182.266667,0.015874,review
6296,209.866667,5470,182.333333,0.03175,review
6297,209.9,5472,182.4,0.047625,review
6298,209.933333,5474,182.466667,0.063501,review
6299,209.966667,5476,182.533333,0.079376,review
6300,210.0,5478,182.6,0.095252,review
6301,210.033333,5480,182.666667,0.102803,review
6302,210.066667,5482,182.733333,0.110355,review
6303,210.1,5484,182.8,0.117906,review
6304,210.133333,5486,182.866667,0.125457,review
6305,210.166667,5488,182.933333,0.133008,review
6306,210.2,5490,183.0,0.140561,review
6307,210.233333,5492,183.066667,0.160535,review
6308,210.266667,5494,183.133333,0.180508,review
6309,210.3,5496,183.2,0.200482,review
6310,210.333333,5498,183.266667,0.220456,review
6311,210.366667,5500,183.333333,0.24043,review
6312,210.4,5502,183.4,0.260397,review
6313,210.433333,5504,183.466667,0.243995,review
6314,210.466667,5506,183.533333,0.227592,review
6315,210.5,5508,183.6,0.21119,review
6316,210.533333,5510,183.666667,0.194788,review
6317,210.566667,5512,183.733333,0.178385,review
6318,210.6,5514,183.8,0.161983,review
6319,210.633333,5516,183.866667,0.161473,review
6320,210.666667,5518,183.933333,0.160967,review
6321,210.7,5520,184.0,0.16046,review
6322,210.733333,5522,184.066667,0.159953,review
6323,210.766667,5524,184.133333,0.159447,review
6324,210.8,5526,184.2,0.15894,review
6325,210.833333,5528,184.266667,0.150351,review
6326,210.866667,5530,184.333333,0.141762,review
6327,210.9,5532,184.4,0.133172,review
6328,210.933333,5534,184.466667,0.124583,review
6329,210.966667,5536,184.533333,0.115993,review
6330,211.0,5538,184.6,0.107404,review
6331,211.033333,5540,184.666667,0.10002,review
6332,211.066667,5542,184.733333,0.092635,review
6333,211.1,5544,184.8,0.085251,review
6334,211.133333,5546,184.866667,0.077867,review
6335,211.166667,5548,184.933333,0.070483,review
6336,211.2,5550,185.0,0.063098,review
6337,211.233333,5552,185.066667,0.052581,review
6338,211.266667,5554,185.133333,0.042065,review
6339,211.3,5556,185.2,0.031548,review
6340,211.333333,5558,185.266667,0.021031,review
6341,211.366667,5560,185.333333,0.010515,review
6342,211.4,5562,185.4,6e-06,review
6343,211.433333,5564,185.466667,0.03375,review
6344,211.466667,5566,185.533333,0.067493,review
6345,211.5,5568,185.6,0.101236,review
6346,211.533333,5570,185.666667,0.13498,review
6347,211.566667,5572,185.733333,0.168723,review
6348,211.6,5574,185.8,0.202467,review
6349,211.633333,5576,185.866667,0.168733,review
6350,211.666667,5578,185.933333,0.134987,review
6351,211.7,5580,186.0,0.101241,review
6352,211.733333,5582,186.066667,0.067495,review
6353,211.766667,5584,186.133333,0.033749,review
6354,211.8,5586,186.2,3e-06,review
6355,211.833333,5588,186.266667,0.0,review
6356,211.866667,5590,186.333333,0.0,review
6357,211.9,5592,186.4,0.0,review
6358,211.933333,5594,186.466667,0.0,review
6359,211.966667,5596,186.533333,0.0,review
6360,212.0,5598,186.6,0.0,review
6361,212.033333,5600,186.666667,0.0,review
6362,212.066667,5602,186.733333,0.0,review
6363,212.1,5604,186.8,0.0,review
6364,212.133333,5606,186.866667,0.0,review
6365,212.166667,5608,186.933333,0.0,review
6366,212.2,5610,187.0,2e-06,review
6367,212.233333,5612,187.066667,0.021731,review
6368,212.266667,5614,187.133333,0.043459,review
6369,212.3,5616,187.2,0.065188,review
6370,212.333333,5618,187.266667,0.086917,review
6371,212.366667,5620,187.333333,0.108645,review
6372,212.4,5622,187.4,0.130375,review
6373,212.433333,5624,187.466667,0.157983,review
6374,212.466667,5626,187.533333,0.185591,review
6375,212.5,5628,187.6,0.213199,review
6376,212.533333,5630,187.666667,0.240807,review
6377,212.566667,5632,187.733333,0.268415,review
6378,212.6,5634,187.8,0.296023,review
6379,212.633333,5636,187.866667,0.278499,review
6380,212.666667,5638,187.933333,0.260967,review
6381,212.7,5640,188.0,0.243435,review
6382,212.733333,5642,188.066667,0.225903,review
6383,212.766667,5644,188.133333,0.208371,review
6384,212.8,5646,188.2,0.190839,review
6385,212.833333,5648,188.266667,0.206548,review
6386,212.866667,5650,188.333333,0.22226,review
6387,212.9,5652,188.4,0.237972,review
6388,212.933333,5654,188.466667,0.253685,review
6389,212.966667,5656,188.533333,0.269397,review
6390,213.0,5658,188.6,0.285109,review
6391,213.033333,5660,188.666667,0.23759,review
6392,213.066667,5662,188.733333,0.190071,review
6393,213.1,5664,188.8,0.142552,review
6394,213.133333,5666,188.866667,0.095033,review
6395,213.166667,5668,188.933333,0.047515,review
6396,213.2,5670,189.0,2e-06,review
6397,213.233333,5672,189.066667,0.024927,review
6398,213.266667,5674,189.133333,0.049852,review
6399,213.3,5676,189.2,0.074777,review
6400,213.333333,5678,189.266667,0.099702,review
6401,213.366667,5680,189.333333,0.124627,review
6402,213.4,5682,189.4,0.14955,review
6403,213.433333,5684,189.466667,0.163613,review
6404,213.466667,5686,189.533333,0.177676,review
6405,213.5,5688,189.6,0.191739,review
6406,213.533333,5690,189.666667,0.205803,review
6407,213.566667,5692,189.733333,0.219866,review
6408,213.6,5694,189.8,0.233929,review
6409,213.633333,5696,189.866667,0.23826,review
6410,213.666667,5698,189.933333,0.242589,review
6411,213.7,5700,190.0,0.246917,review
6412,213.733333,5702,190.066667,0.251246,review
6413,213.766667,5704,190.133333,0.255575,review
6414,213.8,5706,190.2,0.259904,review
6415,213.833333,5708,190.266667,0.290269,review
6416,213.866667,5710,190.333333,0.320636,review
6417,213.9,5712,190.4,0.351004,matched
6418,213.933333,5714,190.466667,0.381371,matched
6419,213.966667,5716,190.533333,0.411739,matched
6420,214.0,5718,190.6,0.442106,matched
6421,214.033333,5720,190.666667,0.397131,matched
6422,214.066667,5722,190.733333,0.352155,matched
6423,214.1,5724,190.8,0.30718,review
6424,214.133333,5726,190.866667,0.262205,review
6425,214.166667,5728,190.933333,0.217229,review
6426,214.2,5730,191.0,0.172259,review
6427,214.233333,5731,191.033333,0.180092,review
6428,214.266667,5731,191.033333,0.187926,review
6429,214.3,5731,191.033333,0.195759,review
6430,214.333333,5732,191.066667,0.203593,review
6431,214.366667,5732,191.066667,0.211426,review
6432,214.4,5733,191.1,0.21926,review
6433,214.433333,5733,191.1,0.227093,review
6434,214.466667,5734,191.133333,0.234927,review
6435,214.5,5734,191.133333,0.24276,review
6436,214.533333,5735,191.166667,0.250594,review
6437,214.566667,5735,191.166667,0.258427,review
6438,214.6,5736,191.2,0.266261,review
6439,214.633333,5738,191.266667,0.254325,review
6440,214.666667,5740,191.333333,0.242385,review
6441,214.7,5742,191.4,0.230445,review
6442,214.733333,5744,191.466667,0.218505,review
6443,214.766667,5746,191.533333,0.206566,review
6444,214.8,5748,191.6,0.194626,review
6445,214.833333,5750,191.666667,0.176418,review
6446,214.866667,5752,191.733333,0.15821,review
6447,214.9,5754,191.8,0.140002,review
6448,214.933333,5756,191.866667,0.121794,review
6449,214.966667,5758,191.933333,0.103585,review
6450,215.0,5760,192.0,0.085377,review
6451,215.033333,5762,192.066667,0.099446,review
6452,215.066667,5764,192.133333,0.113515,review
6453,215.1,5766,192.2,0.127584,review
6454,215.133333,5768,192.266667,0.141653,review
6455,215.166667,5770,192.333333,0.155721,review
6456,215.2,5772,192.4,0.169787,review
6457,215.233333,5774,192.466667,0.148762,review
6458,215.266667,5776,192.533333,0.127737,review
6459,215.3,5778,192.6,0.106713,review
6460,215.333333,5780,192.666667,0.085688,review
6461,215.366667,5782,192.733333,0.064663,review
6462,215.4,5784,192.8,0.043641,review
6463,215.433333,5786,192.866667,0.040632,review
6464,215.466667,5788,192.933333,0.037622,review
6465,215.5,5790,193.0,0.034612,review
6466,215.533333,5792,193.066667,0.031602,review
6467,215.566667,5794,193.133333,0.028592,review
6468,215.6,5796,193.2,0.025583,review
6469,215.633333,5798,193.266667,0.05476,review
6470,215.666667,5800,193.333333,0.083943,review
6471,215.7,5802,193.4,0.113126,review
6472,215.733333,5804,193.466667,0.14231,review
6473,215.766667,5806,193.533333,0.171493,review
6474,215.8,5808,193.6,0.200676,review
6475,215.833333,5810,193.666667,0.183864,review
6476,215.866667,5812,193.733333,0.167048,review
6477,215.9,5814,193.8,0.150232,review
6478,215.933333,5816,193.866667,0.133416,review
6479,215.966667,5818,193.933333,0.116599,review
6480,216.0,5820,194.0,0.099783,review
6481,216.033333,5822,194.066667,0.083152,review
6482,216.066667,5824,194.133333,0.066521,review
6483,216.1,5826,194.2,0.049891,review
6484,216.133333,5828,194.266667,0.03326,review
6485,216.166667,5830,194.333333,0.016629,review
6486,216.2,5832,194.4,0.0,review
6487,216.233333,5834,194.466667,0.0,review
6488,216.266667,5836,194.533333,0.0,review
6489,216.3,5838,194.6,0.0,review
6490,216.333333,5840,194.666667,0.0,review
6491,216.366667,5842,194.733333,0.0,review
6492,216.4,,,0.0,unmatched
6493,216.433333,,,0.0,unmatched
6494,216.466667,,,0.0,unmatched
6495,216.5,,,0.0,unmatched
6496,216.533333,,,0.0,unmatched
6497,216.566667,,,0.0,unmatched
