baseline_gpu_gb,day_frame_count,frame_cache_hit,frame_count,frame_paths,generation_config,ground_truth_answer,incremental_peak_gpu_gb,input_modality,input_stats,latency_seconds,modality,model_answer,model_name,night_frame_count,pair_key,peak_gpu_gb,provider,qa_id,question,reason,section,source_modality,source_pair_key,source_qa_id,source_section,status
2.852,4,False,8,"[""aligned_dataset/.frames_cache/check_mailbox_split/Seg1/check_mailbox_day_rgb/frame_000000.png"", ""aligned_dataset/.frames_cache/check_mailbox_split/Seg1/check_mailbox_day_rgb/frame_000300.png"", ""aligned_dataset/.frames_cache/check_mailbox_split/Seg1/check_mailbox_day_rgb/frame_000570.png"", ""aligned_dataset/.frames_cache/check_mailbox_split/Seg1/check_mailbox_day_rgb/frame_000870.png"", ""aligned_dataset/.frames_cache/check_mailbox_split/Seg1/check_mailbox_night_rgb/frame_000000.png"", ""aligned_dataset/.frames_cache/check_mailbox_split/Seg1/check_mailbox_night_rgb/frame_000300.png"", ""aligned_dataset/.frames_cache/check_mailbox_split/Seg1/check_mailbox_night_rgb/frame_000570.png"", ""aligned_dataset/.frames_cache/check_mailbox_split/Seg1/check_mailbox_night_rgb/frame_000870.png""]","{""max_new_tokens"": 128, ""do_sample"": false}",A doorway.,1.912,rgb,{},1.6588,rgb,Door,models/qwen/Qwen3-VL-4B-Instruct,4,check_mailbox_split/Seg1/rgb,4.764,qwen_vl,depth__check_mailbox_split_seg1_check_mailbox__depth_object_recognition__01__input_rgb,What is the primary geometric structure visible that connects two distinct spaces?,,depth_object_recognition,depth,check_mailbox_split/Seg1/check_mailbox,depth__check_mailbox_split_seg1_check_mailbox__depth_object_recognition__01,depth_object_recognition,answered
2.86,4,True,8,"[""aligned_dataset/.frames_cache/check_mailbox_split/Seg1/check_mailbox_day_rgb/frame_000000.png"", ""aligned_dataset/.frames_cache/check_mailbox_split/Seg1/check_mailbox_day_rgb/frame_000300.png"", ""aligned_dataset/.frames_cache/check_mailbox_split/Seg1/check_mailbox_day_rgb/frame_000570.png"", ""aligned_dataset/.frames_cache/check_mailbox_split/Seg1/check_mailbox_day_rgb/frame_000870.png"", ""aligned_dataset/.frames_cache/check_mailbox_split/Seg1/check_mailbox_night_rgb/frame_000000.png"", ""aligned_dataset/.frames_cache/check_mailbox_split/Seg1/check_mailbox_night_rgb/frame_000300.png"", ""aligned_dataset/.frames_cache/check_mailbox_split/Seg1/check_mailbox_night_rgb/frame_000570.png"", ""aligned_dataset/.frames_cache/check_mailbox_split/Seg1/check_mailbox_night_rgb/frame_000870.png""]","{""max_new_tokens"": 128, ""do_sample"": false}","Yes, it is closer.",1.906,rgb,{},1.26,rgb,Yes,models/qwen/Qwen3-VL-4B-Instruct,4,check_mailbox_split/Seg1/rgb,4.765,qwen_vl,depth__check_mailbox_split_seg1_check_mailbox__depth_spatial_reasoning__01__input_rgb,Is the table-like object closer to me than the items on the floor in the further room?,,depth_spatial_reasoning,depth,check_mailbox_split/Seg1/check_mailbox,depth__check_mailbox_split_seg1_check_mailbox__depth_spatial_reasoning__01,depth_spatial_reasoning,answered
2.86,4,True,8,"[""aligned_dataset/.frames_cache/check_mailbox_split/Seg1/check_mailbox_day_rgb/frame_000000.png"", ""aligned_dataset/.frames_cache/check_mailbox_split/Seg1/check_mailbox_day_rgb/frame_000300.png"", ""aligned_dataset/.frames_cache/check_mailbox_split/Seg1/check_mailbox_day_rgb/frame_000570.png"", ""aligned_dataset/.frames_cache/check_mailbox_split/Seg1/check_mailbox_day_rgb/frame_000870.png"", ""aligned_dataset/.frames_cache/check_mailbox_split/Seg1/check_mailbox_night_rgb/frame_000000.png"", ""aligned_dataset/.frames_cache/check_mailbox_split/Seg1/check_mailbox_night_rgb/frame_000300.png"", ""aligned_dataset/.frames_cache/check_mailbox_split/Seg1/check_mailbox_night_rgb/frame_000570.png"", ""aligned_dataset/.frames_cache/check_mailbox_split/Seg1/check_mailbox_night_rgb/frame_000870.png""]","{""max_new_tokens"": 128, ""do_sample"": false}",From a room through a doorway into a second room.,1.903,rgb,{},1.6605,rgb,"From inside to outside, then to a room with a table, then back inside.",models/qwen/Qwen3-VL-4B-Instruct,4,check_mailbox_split/Seg1/rgb,4.763,qwen_vl,depth__check_mailbox_split_seg1_check_mailbox__depth_scene_sequence__01__input_rgb,What is the sequence of spaces I move through?,,depth_scene_sequence,depth,check_mailbox_split/Seg1/check_mailbox,depth__check_mailbox_split_seg1_check_mailbox__depth_scene_sequence__01,depth_scene_sequence,answered
2.86,4,True,8,"[""aligned_dataset/.frames_cache/check_mailbox_split/Seg1/check_mailbox_day_rgb/frame_000000.png"", ""aligned_dataset/.frames_cache/check_mailbox_split/Seg1/check_mailbox_day_rgb/frame_000300.png"", ""aligned_dataset/.frames_cache/check_mailbox_split/Seg1/check_mailbox_day_rgb/frame_000570.png"", ""aligned_dataset/.frames_cache/check_mailbox_split/Seg1/check_mailbox_day_rgb/frame_000870.png"", ""aligned_dataset/.frames_cache/check_mailbox_split/Seg1/check_mailbox_night_rgb/frame_000000.png"", ""aligned_dataset/.frames_cache/check_mailbox_split/Seg1/check_mailbox_night_rgb/frame_000300.png"", ""aligned_dataset/.frames_cache/check_mailbox_split/Seg1/check_mailbox_night_rgb/frame_000570.png"", ""aligned_dataset/.frames_cache/check_mailbox_split/Seg1/check_mailbox_night_rgb/frame_000870.png""]","{""max_new_tokens"": 128, ""do_sample"": false}","Yes, it is clear.",1.903,rgb,{},1.2601,rgb,Yes,models/qwen/Qwen3-VL-4B-Instruct,4,check_mailbox_split/Seg1/rgb,4.763,qwen_vl,depth__check_mailbox_split_seg1_check_mailbox__depth_navigation__01__input_rgb,Is the pathway through the door clear for movement?,,depth_navigation,depth,check_mailbox_split/Seg1/check_mailbox,depth__check_mailbox_split_seg1_check_mailbox__depth_navigation__01,depth_navigation,answered
2.86,4,True,8,"[""aligned_dataset/.frames_cache/check_mailbox_split/Seg1/check_mailbox_day_rgb/frame_000000.png"", ""aligned_dataset/.frames_cache/check_mailbox_split/Seg1/check_mailbox_day_rgb/frame_000300.png"", ""aligned_dataset/.frames_cache/check_mailbox_split/Seg1/check_mailbox_day_rgb/frame_000570.png"", ""aligned_dataset/.frames_cache/check_mailbox_split/Seg1/check_mailbox_day_rgb/frame_000870.png"", ""aligned_dataset/.frames_cache/check_mailbox_split/Seg1/check_mailbox_night_rgb/frame_000000.png"", ""aligned_dataset/.frames_cache/check_mailbox_split/Seg1/check_mailbox_night_rgb/frame_000300.png"", ""aligned_dataset/.frames_cache/check_mailbox_split/Seg1/check_mailbox_night_rgb/frame_000570.png"", ""aligned_dataset/.frames_cache/check_mailbox_split/Seg1/check_mailbox_night_rgb/frame_000870.png""]","{""max_new_tokens"": 128, ""do_sample"": false}","Yes, they are.",1.903,rgb,{},1.2544,rgb,Yes,models/qwen/Qwen3-VL-4B-Instruct,4,check_mailbox_split/Seg1/rgb,4.763,qwen_vl,depth__check_mailbox_split_seg1_check_mailbox__depth_dynamic_recognition__01__input_rgb,Is the person moving closer to me?,,depth_dynamic_recognition,depth,check_mailbox_split/Seg1/check_mailbox,depth__check_mailbox_split_seg1_check_mailbox__depth_dynamic_recognition__01,depth_dynamic_recognition,answered
2.86,4,True,8,"[""aligned_dataset/.frames_cache/check_mailbox_split/Seg1/check_mailbox_day_rgb/frame_000000.png"", ""aligned_dataset/.frames_cache/check_mailbox_split/Seg1/check_mailbox_day_rgb/frame_000300.png"", ""aligned_dataset/.frames_cache/check_mailbox_split/Seg1/check_mailbox_day_rgb/frame_000570.png"", ""aligned_dataset/.frames_cache/check_mailbox_split/Seg1/check_mailbox_day_rgb/frame_000870.png"", ""aligned_dataset/.frames_cache/check_mailbox_split/Seg1/check_mailbox_night_rgb/frame_000000.png"", ""aligned_dataset/.frames_cache/check_mailbox_split/Seg1/check_mailbox_night_rgb/frame_000300.png"", ""aligned_dataset/.frames_cache/check_mailbox_split/Seg1/check_mailbox_night_rgb/frame_000570.png"", ""aligned_dataset/.frames_cache/check_mailbox_split/Seg1/check_mailbox_night_rgb/frame_000870.png""]","{""max_new_tokens"": 128, ""do_sample"": false}",Moving through a doorway.,1.903,rgb,{},1.5295,rgb,"Looking at the shoe and the floor, I am walking.",models/qwen/Qwen3-VL-4B-Instruct,4,check_mailbox_split/Seg1/rgb,4.763,qwen_vl,depth__check_mailbox_split_seg1_check_mailbox__depth_action__01__input_rgb,What is my primary action in the video?,,depth_action,depth,check_mailbox_split/Seg1/check_mailbox,depth__check_mailbox_split_seg1_check_mailbox__depth_action__01,depth_action,answered
2.86,4,True,8,"[""aligned_dataset/.frames_cache/check_mailbox_split/Seg1/check_mailbox_day_rgb/frame_000000.png"", ""aligned_dataset/.frames_cache/check_mailbox_split/Seg1/check_mailbox_day_rgb/frame_000300.png"", ""aligned_dataset/.frames_cache/check_mailbox_split/Seg1/check_mailbox_day_rgb/frame_000570.png"", ""aligned_dataset/.frames_cache/check_mailbox_split/Seg1/check_mailbox_day_rgb/frame_000870.png"", ""aligned_dataset/.frames_cache/check_mailbox_split/Seg1/check_mailbox_night_rgb/frame_000000.png"", ""aligned_dataset/.frames_cache/check_mailbox_split/Seg1/check_mailbox_night_rgb/frame_000300.png"", ""aligned_dataset/.frames_cache/check_mailbox_split/Seg1/check_mailbox_night_rgb/frame_000570.png"", ""aligned_dataset/.frames_cache/check_mailbox_split/Seg1/check_mailbox_night_rgb/frame_000870.png""]","{""max_new_tokens"": 128, ""do_sample"": false}","No, there are none.",1.904,rgb,{},1.2572,rgb,No,models/qwen/Qwen3-VL-4B-Instruct,4,check_mailbox_split/Seg1/rgb,4.763,qwen_vl,depth__check_mailbox_split_seg1_check_mailbox__depth_non_common__01__input_rgb,Are there any floating objects or impossible geometry in the scene?,,depth_non_common,depth,check_mailbox_split/Seg1/check_mailbox,depth__check_mailbox_split_seg1_check_mailbox__depth_non_common__01,depth_non_common,answered
2.86,4,True,8,"[""aligned_dataset/.frames_cache/check_mailbox_split/Seg1/check_mailbox_day_rgb/frame_000000.png"", ""aligned_dataset/.frames_cache/check_mailbox_split/Seg1/check_mailbox_day_rgb/frame_000300.png"", ""aligned_dataset/.frames_cache/check_mailbox_split/Seg1/check_mailbox_day_rgb/frame_000570.png"", ""aligned_dataset/.frames_cache/check_mailbox_split/Seg1/check_mailbox_day_rgb/frame_000870.png"", ""aligned_dataset/.frames_cache/check_mailbox_split/Seg1/check_mailbox_night_rgb/frame_000000.png"", ""aligned_dataset/.frames_cache/check_mailbox_split/Seg1/check_mailbox_night_rgb/frame_000300.png"", ""aligned_dataset/.frames_cache/check_mailbox_split/Seg1/check_mailbox_night_rgb/frame_000570.png"", ""aligned_dataset/.frames_cache/check_mailbox_split/Seg1/check_mailbox_night_rgb/frame_000870.png""]","{""max_new_tokens"": 128, ""do_sample"": false}",The spray bottle on the dresser is red.,1.904,rgb,{},1.2572,rgb,green,models/qwen/Qwen3-VL-4B-Instruct,4,aligned_dataset/check_mailbox_split/Seg1/rgb,4.764,qwen_vl,rgb__aligned_dataset_check_mailbox_split_seg1_check_mailbox_rgb__object_recognition__01__input_rgb,What color is the spray bottle located on top of the dresser?,,object_recognition,rgb,aligned_dataset/check_mailbox_split/Seg1/check_mailbox_rgb,rgb__aligned_dataset_check_mailbox_split_seg1_check_mailbox_rgb__object_recognition__01,object_recognition,answered
2.86,4,True,8,"[""aligned_dataset/.frames_cache/check_mailbox_split/Seg1/check_mailbox_day_rgb/frame_000000.png"", ""aligned_dataset/.frames_cache/check_mailbox_split/Seg1/check_mailbox_day_rgb/frame_000300.png"", ""aligned_dataset/.frames_cache/check_mailbox_split/Seg1/check_mailbox_day_rgb/frame_000570.png"", ""aligned_dataset/.frames_cache/check_mailbox_split/Seg1/check_mailbox_day_rgb/frame_000870.png"", ""aligned_dataset/.frames_cache/check_mailbox_split/Seg1/check_mailbox_night_rgb/frame_000000.png"", ""aligned_dataset/.frames_cache/check_mailbox_split/Seg1/check_mailbox_night_rgb/frame_000300.png"", ""aligned_dataset/.frames_cache/check_mailbox_split/Seg1/check_mailbox_night_rgb/frame_000570.png"", ""aligned_dataset/.frames_cache/check_mailbox_split/Seg1/check_mailbox_night_rgb/frame_000870.png""]","{""max_new_tokens"": 128, ""do_sample"": false}",The grey floor mat is located on the floor to the left of the shoe rack.,1.905,rgb,{},1.4343,rgb,To the right of the shoe rack.,models/qwen/Qwen3-VL-4B-Instruct,4,aligned_dataset/check_mailbox_split/Seg1/rgb,4.764,qwen_vl,rgb__aligned_dataset_check_mailbox_split_seg1_check_mailbox_rgb__spatial_reasoning__01__input_rgb,Where is the grey floor mat located in relation to the shoe rack?,,spatial_reasoning,rgb,aligned_dataset/check_mailbox_split/Seg1/check_mailbox_rgb,rgb__aligned_dataset_check_mailbox_split_seg1_check_mailbox_rgb__spatial_reasoning__01,spatial_reasoning,answered
2.86,4,True,8,"[""aligned_dataset/.frames_cache/check_mailbox_split/Seg1/check_mailbox_day_rgb/frame_000000.png"", ""aligned_dataset/.frames_cache/check_mailbox_split/Seg1/check_mailbox_day_rgb/frame_000300.png"", ""aligned_dataset/.frames_cache/check_mailbox_split/Seg1/check_mailbox_day_rgb/frame_000570.png"", ""aligned_dataset/.frames_cache/check_mailbox_split/Seg1/check_mailbox_day_rgb/frame_000870.png"", ""aligned_dataset/.frames_cache/check_mailbox_split/Seg1/check_mailbox_night_rgb/frame_000000.png"", ""aligned_dataset/.frames_cache/check_mailbox_split/Seg1/check_mailbox_night_rgb/frame_000300.png"", ""aligned_dataset/.frames_cache/check_mailbox_split/Seg1/check_mailbox_night_rgb/frame_000570.png"", ""aligned_dataset/.frames_cache/check_mailbox_split/Seg1/check_mailbox_night_rgb/frame_000870.png""]","{""max_new_tokens"": 128, ""do_sample"": false}","The room numbers are 1'233, 1'234, and 1'235.",1.905,rgb,{},1.6308,rgb,"1233, 1234, 1235",models/qwen/Qwen3-VL-4B-Instruct,4,aligned_dataset/check_mailbox_split/Seg1/rgb,4.765,qwen_vl,rgb__aligned_dataset_check_mailbox_split_seg1_check_mailbox_rgb__text_recognition__01__input_rgb,Please list the room numbers displayed on the sign at the end of the hallway.,,text_recognition,rgb,aligned_dataset/check_mailbox_split/Seg1/check_mailbox_rgb,rgb__aligned_dataset_check_mailbox_split_seg1_check_mailbox_rgb__text_recognition__01,text_recognition,answered
2.86,4,True,8,"[""aligned_dataset/.frames_cache/check_mailbox_split/Seg1/check_mailbox_day_rgb/frame_000000.png"", ""aligned_dataset/.frames_cache/check_mailbox_split/Seg1/check_mailbox_day_rgb/frame_000300.png"", ""aligned_dataset/.frames_cache/check_mailbox_split/Seg1/check_mailbox_day_rgb/frame_000570.png"", ""aligned_dataset/.frames_cache/check_mailbox_split/Seg1/check_mailbox_day_rgb/frame_000870.png"", ""aligned_dataset/.frames_cache/check_mailbox_split/Seg1/check_mailbox_night_rgb/frame_000000.png"", ""aligned_dataset/.frames_cache/check_mailbox_split/Seg1/check_mailbox_night_rgb/frame_000300.png"", ""aligned_dataset/.frames_cache/check_mailbox_split/Seg1/check_mailbox_night_rgb/frame_000570.png"", ""aligned_dataset/.frames_cache/check_mailbox_split/Seg1/check_mailbox_night_rgb/frame_000870.png""]","{""max_new_tokens"": 128, ""do_sample"": false}",I first pass a shoe rack on the right and then a wooden dresser on the left.,1.905,rgb,{},1.4766,rgb,"curtain, door, shelf, door, floor",models/qwen/Qwen3-VL-4B-Instruct,4,aligned_dataset/check_mailbox_split/Seg1/rgb,4.764,qwen_vl,rgb__aligned_dataset_check_mailbox_split_seg1_check_mailbox_rgb__scene_sequence__01__input_rgb,What is the sequence of main furniture items I pass while walking down the hallway?,,scene_sequence,rgb,aligned_dataset/check_mailbox_split/Seg1/check_mailbox_rgb,rgb__aligned_dataset_check_mailbox_split_seg1_check_mailbox_rgb__scene_sequence__01,scene_sequence,answered
2.86,4,True,8,"[""aligned_dataset/.frames_cache/check_mailbox_split/Seg1/check_mailbox_day_rgb/frame_000000.png"", ""aligned_dataset/.frames_cache/check_mailbox_split/Seg1/check_mailbox_day_rgb/frame_000300.png"", ""aligned_dataset/.frames_cache/check_mailbox_split/Seg1/check_mailbox_day_rgb/frame_000570.png"", ""aligned_dataset/.frames_cache/check_mailbox_split/Seg1/check_mailbox_day_rgb/frame_000870.png"", ""aligned_dataset/.frames_cache/check_mailbox_split/Seg1/check_mailbox_night_rgb/frame_000000.png"", ""aligned_dataset/.frames_cache/check_mailbox_split/Seg1/check_mailbox_night_rgb/frame_000300.png"", ""aligned_dataset/.frames_cache/check_mailbox_split/Seg1/check_mailbox_night_rgb/frame_000570.png"", ""aligned_dataset/.frames_cache/check_mailbox_split/Seg1/check_mailbox_night_rgb/frame_000870.png""]","{""max_new_tokens"": 128, ""do_sample"": false}",The most significant light source is a glowing screen or tablet on a desk.,1.905,rgb,{},1.2626,rgb,Window,models/qwen/Qwen3-VL-4B-Instruct,4,aligned_dataset/check_mailbox_split/Seg1/rgb,4.765,qwen_vl,rgb__aligned_dataset_check_mailbox_split_seg1_check_mailbox_rgb__light_recognition__01__input_rgb,What is providing the most significant light source at the very beginning of the video?,,light_recognition,rgb,aligned_dataset/check_mailbox_split/Seg1/check_mailbox_rgb,rgb__aligned_dataset_check_mailbox_split_seg1_check_mailbox_rgb__light_recognition__01,light_recognition,answered
2.86,4,True,8,"[""aligned_dataset/.frames_cache/check_mailbox_split/Seg1/check_mailbox_day_rgb/frame_000000.png"", ""aligned_dataset/.frames_cache/check_mailbox_split/Seg1/check_mailbox_day_rgb/frame_000300.png"", ""aligned_dataset/.frames_cache/check_mailbox_split/Seg1/check_mailbox_day_rgb/frame_000570.png"", ""aligned_dataset/.frames_cache/check_mailbox_split/Seg1/check_mailbox_day_rgb/frame_000870.png"", ""aligned_dataset/.frames_cache/check_mailbox_split/Seg1/check_mailbox_night_rgb/frame_000000.png"", ""aligned_dataset/.frames_cache/check_mailbox_split/Seg1/check_mailbox_night_rgb/frame_000300.png"", ""aligned_dataset/.frames_cache/check_mailbox_split/Seg1/check_mailbox_night_rgb/frame_000570.png"", ""aligned_dataset/.frames_cache/check_mailbox_split/Seg1/check_mailbox_night_rgb/frame_000870.png""]","{""max_new_tokens"": 128, ""do_sample"": false}","Yes, the scene becomes much darker as I move away from the glowing screen and into the hallway.",1.904,rgb,{},1.2637,rgb,Yes,models/qwen/Qwen3-VL-4B-Instruct,4,aligned_dataset/check_mailbox_split/Seg1/rgb,4.764,qwen_vl,rgb__aligned_dataset_check_mailbox_split_seg1_check_mailbox_rgb__light_change__01__input_rgb,Does the environment get significantly darker after leaving the first room?,,light_change,rgb,aligned_dataset/check_mailbox_split/Seg1/check_mailbox_rgb,rgb__aligned_dataset_check_mailbox_split_seg1_check_mailbox_rgb__light_change__01,light_change,answered
2.86,4,True,8,"[""aligned_dataset/.frames_cache/check_mailbox_split/Seg1/check_mailbox_day_rgb/frame_000000.png"", ""aligned_dataset/.frames_cache/check_mailbox_split/Seg1/check_mailbox_day_rgb/frame_000300.png"", ""aligned_dataset/.frames_cache/check_mailbox_split/Seg1/check_mailbox_day_rgb/frame_000570.png"", ""aligned_dataset/.frames_cache/check_mailbox_split/Seg1/check_mailbox_day_rgb/frame_000870.png"", ""aligned_dataset/.frames_cache/check_mailbox_split/Seg1/check_mailbox_night_rgb/frame_000000.png"", ""aligned_dataset/.frames_cache/check_mailbox_split/Seg1/check_mailbox_night_rgb/frame_000300.png"", ""aligned_dataset/.frames_cache/check_mailbox_split/Seg1/check_mailbox_night_rgb/frame_000570.png"", ""aligned_dataset/.frames_cache/check_mailbox_split/Seg1/check_mailbox_night_rgb/frame_000870.png""]","{""max_new_tokens"": 128, ""do_sample"": false}",There are no other people moving in the hallway.,1.904,rgb,{},1.2621,rgb,1,models/qwen/Qwen3-VL-4B-Instruct,4,aligned_dataset/check_mailbox_split/Seg1/rgb,4.764,qwen_vl,rgb__aligned_dataset_check_mailbox_split_seg1_check_mailbox_rgb__dynamic_counting__01__input_rgb,How many other people besides me are moving in the hallway?,,dynamic_counting,rgb,aligned_dataset/check_mailbox_split/Seg1/check_mailbox_rgb,rgb__aligned_dataset_check_mailbox_split_seg1_check_mailbox_rgb__dynamic_counting__01,dynamic_counting,answered
2.86,4,True,8,"[""aligned_dataset/.frames_cache/check_mailbox_split/Seg1/check_mailbox_day_rgb/frame_000000.png"", ""aligned_dataset/.frames_cache/check_mailbox_split/Seg1/check_mailbox_day_rgb/frame_000300.png"", ""aligned_dataset/.frames_cache/check_mailbox_split/Seg1/check_mailbox_day_rgb/frame_000570.png"", ""aligned_dataset/.frames_cache/check_mailbox_split/Seg1/check_mailbox_day_rgb/frame_000870.png"", ""aligned_dataset/.frames_cache/check_mailbox_split/Seg1/check_mailbox_night_rgb/frame_000000.png"", ""aligned_dataset/.frames_cache/check_mailbox_split/Seg1/check_mailbox_night_rgb/frame_000300.png"", ""aligned_dataset/.frames_cache/check_mailbox_split/Seg1/check_mailbox_night_rgb/frame_000570.png"", ""aligned_dataset/.frames_cache/check_mailbox_split/Seg1/check_mailbox_night_rgb/frame_000870.png""]","{""max_new_tokens"": 128, ""do_sample"": false}","No, all objects appear to be placed normally on the floor or furniture surfaces.",1.905,rgb,{},1.2613,rgb,No,models/qwen/Qwen3-VL-4B-Instruct,4,aligned_dataset/check_mailbox_split/Seg1/rgb,4.765,qwen_vl,rgb__aligned_dataset_check_mailbox_split_seg1_check_mailbox_rgb__non_common__01__input_rgb,Are there any objects floating in the air or clipping through the walls in the hallway?,,non_common,rgb,aligned_dataset/check_mailbox_split/Seg1/check_mailbox_rgb,rgb__aligned_dataset_check_mailbox_split_seg1_check_mailbox_rgb__non_common__01,non_common,answered
2.86,4,True,8,"[""aligned_dataset/.frames_cache/check_mailbox_split/Seg1/check_mailbox_day_rgb/frame_000000.png"", ""aligned_dataset/.frames_cache/check_mailbox_split/Seg1/check_mailbox_day_rgb/frame_000300.png"", ""aligned_dataset/.frames_cache/check_mailbox_split/Seg1/check_mailbox_day_rgb/frame_000570.png"", ""aligned_dataset/.frames_cache/check_mailbox_split/Seg1/check_mailbox_day_rgb/frame_000870.png"", ""aligned_dataset/.frames_cache/check_mailbox_split/Seg1/check_mailbox_night_rgb/frame_000000.png"", ""aligned_dataset/.frames_cache/check_mailbox_split/Seg1/check_mailbox_night_rgb/frame_000300.png"", ""aligned_dataset/.frames_cache/check_mailbox_split/Seg1/check_mailbox_night_rgb/frame_000570.png"", ""aligned_dataset/.frames_cache/check_mailbox_split/Seg1/check_mailbox_night_rgb/frame_000870.png""]","{""max_new_tokens"": 128, ""do_sample"": false}",I should turn to the right.,1.905,rgb,{},1.2675,rgb,Right,models/qwen/Qwen3-VL-4B-Instruct,4,aligned_dataset/check_mailbox_split/Seg1/rgb,4.764,qwen_vl,rgb__aligned_dataset_check_mailbox_split_seg1_check_mailbox_rgb__navigation__01__input_rgb,Which way should I turn after exiting the first room to reach the shoe rack?,,navigation,rgb,aligned_dataset/check_mailbox_split/Seg1/check_mailbox_rgb,rgb__aligned_dataset_check_mailbox_split_seg1_check_mailbox_rgb__navigation__01,navigation,answered
2.86,4,True,8,"[""aligned_dataset/.frames_cache/check_mailbox_split/Seg1/check_mailbox_day_rgb/frame_000000.png"", ""aligned_dataset/.frames_cache/check_mailbox_split/Seg1/check_mailbox_day_rgb/frame_000300.png"", ""aligned_dataset/.frames_cache/check_mailbox_split/Seg1/check_mailbox_day_rgb/frame_000570.png"", ""aligned_dataset/.frames_cache/check_mailbox_split/Seg1/check_mailbox_day_rgb/frame_000870.png"", ""aligned_dataset/.frames_cache/check_mailbox_split/Seg1/check_mailbox_night_rgb/frame_000000.png"", ""aligned_dataset/.frames_cache/check_mailbox_split/Seg1/check_mailbox_night_rgb/frame_000300.png"", ""aligned_dataset/.frames_cache/check_mailbox_split/Seg1/check_mailbox_night_rgb/frame_000570.png"", ""aligned_dataset/.frames_cache/check_mailbox_split/Seg1/check_mailbox_night_rgb/frame_000870.png""]","{""max_new_tokens"": 128, ""do_sample"": false}",My hand reaches down to adjust or touch a white sneaker on the floor.,1.905,rgb,{},1.4574,rgb,The hand is seen tying shoelaces.,models/qwen/Qwen3-VL-4B-Instruct,4,aligned_dataset/check_mailbox_split/Seg1/rgb,4.764,qwen_vl,rgb__aligned_dataset_check_mailbox_split_seg1_check_mailbox_rgb__dynamic_recognition__01__input_rgb,What dynamic action involving my hand occurs toward the end of the sequence?,,dynamic_recognition,rgb,aligned_dataset/check_mailbox_split/Seg1/check_mailbox_rgb,rgb__aligned_dataset_check_mailbox_split_seg1_check_mailbox_rgb__dynamic_recognition__01,dynamic_recognition,answered
2.86,4,True,8,"[""aligned_dataset/.frames_cache/check_mailbox_split/Seg1/check_mailbox_day_rgb/frame_000000.png"", ""aligned_dataset/.frames_cache/check_mailbox_split/Seg1/check_mailbox_day_rgb/frame_000300.png"", ""aligned_dataset/.frames_cache/check_mailbox_split/Seg1/check_mailbox_day_rgb/frame_000570.png"", ""aligned_dataset/.frames_cache/check_mailbox_split/Seg1/check_mailbox_day_rgb/frame_000870.png"", ""aligned_dataset/.frames_cache/check_mailbox_split/Seg1/check_mailbox_night_rgb/frame_000000.png"", ""aligned_dataset/.frames_cache/check_mailbox_split/Seg1/check_mailbox_night_rgb/frame_000300.png"", ""aligned_dataset/.frames_cache/check_mailbox_split/Seg1/check_mailbox_night_rgb/frame_000570.png"", ""aligned_dataset/.frames_cache/check_mailbox_split/Seg1/check_mailbox_night_rgb/frame_000870.png""]","{""max_new_tokens"": 128, ""do_sample"": false}",I am drawing or writing on a brightly lit screen or whiteboard.,1.905,rgb,{},1.6642,rgb,I am not performing any action in the dark room at the beginning of the video.,models/qwen/Qwen3-VL-4B-Instruct,4,aligned_dataset/check_mailbox_split/Seg1/rgb,4.764,qwen_vl,rgb__aligned_dataset_check_mailbox_split_seg1_check_mailbox_rgb__action__01__input_rgb,What action am I performing at the beginning of the video in the dark room?,,action,rgb,aligned_dataset/check_mailbox_split/Seg1/check_mailbox_rgb,rgb__aligned_dataset_check_mailbox_split_seg1_check_mailbox_rgb__action__01,action,answered
2.86,4,True,8,"[""aligned_dataset/.frames_cache/check_mailbox_split/Seg1/check_mailbox_day_rgb/frame_000000.png"", ""aligned_dataset/.frames_cache/check_mailbox_split/Seg1/check_mailbox_day_rgb/frame_000300.png"", ""aligned_dataset/.frames_cache/check_mailbox_split/Seg1/check_mailbox_day_rgb/frame_000570.png"", ""aligned_dataset/.frames_cache/check_mailbox_split/Seg1/check_mailbox_day_rgb/frame_000870.png"", ""aligned_dataset/.frames_cache/check_mailbox_split/Seg1/check_mailbox_night_rgb/frame_000000.png"", ""aligned_dataset/.frames_cache/check_mailbox_split/Seg1/check_mailbox_night_rgb/frame_000300.png"", ""aligned_dataset/.frames_cache/check_mailbox_split/Seg1/check_mailbox_night_rgb/frame_000570.png"", ""aligned_dataset/.frames_cache/check_mailbox_split/Seg1/check_mailbox_night_rgb/frame_000870.png""]","{""max_new_tokens"": 128, ""do_sample"": false}",Behind the chest.,1.906,rgb,{},1.2663,rgb,Behind,models/qwen/Qwen3-VL-4B-Instruct,4,aligned_dataset/check_mailbox_split/Seg1/rgb,4.766,qwen_vl,event__aligned_dataset_check_mailbox_split_seg1_check_mailbox_event__event_spatial_reasoning__01__input_rgb,Is the shoe rack located behind or in front of the chest of drawers relative to the camera's path?,,event_spatial_reasoning,event,aligned_dataset/check_mailbox_split/Seg1/check_mailbox_event,event__aligned_dataset_check_mailbox_split_seg1_check_mailbox_event__event_spatial_reasoning__01,event_spatial_reasoning,answered
2.86,4,True,8,"[""aligned_dataset/.frames_cache/check_mailbox_split/Seg1/check_mailbox_day_rgb/frame_000000.png"", ""aligned_dataset/.frames_cache/check_mailbox_split/Seg1/check_mailbox_day_rgb/frame_000300.png"", ""aligned_dataset/.frames_cache/check_mailbox_split/Seg1/check_mailbox_day_rgb/frame_000570.png"", ""aligned_dataset/.frames_cache/check_mailbox_split/Seg1/check_mailbox_day_rgb/frame_000870.png"", ""aligned_dataset/.frames_cache/check_mailbox_split/Seg1/check_mailbox_night_rgb/frame_000000.png"", ""aligned_dataset/.frames_cache/check_mailbox_split/Seg1/check_mailbox_night_rgb/frame_000300.png"", ""aligned_dataset/.frames_cache/check_mailbox_split/Seg1/check_mailbox_night_rgb/frame_000570.png"", ""aligned_dataset/.frames_cache/check_mailbox_split/Seg1/check_mailbox_night_rgb/frame_000870.png""]","{""max_new_tokens"": 128, ""do_sample"": false}",The balcony.,1.904,rgb,{},1.5123,rgb,A dark room with a person standing at a table.,models/qwen/Qwen3-VL-4B-Instruct,4,aligned_dataset/check_mailbox_split/Seg1/rgb,4.764,qwen_vl,event__aligned_dataset_check_mailbox_split_seg1_check_mailbox_event__event_scene_sequence__01__input_rgb,What is the final area visible after moving through the doorway?,,event_scene_sequence,event,aligned_dataset/check_mailbox_split/Seg1/check_mailbox_event,event__aligned_dataset_check_mailbox_split_seg1_check_mailbox_event__event_scene_sequence__01,event_scene_sequence,answered
2.86,4,True,8,"[""aligned_dataset/.frames_cache/check_mailbox_split/Seg1/check_mailbox_day_rgb/frame_000000.png"", ""aligned_dataset/.frames_cache/check_mailbox_split/Seg1/check_mailbox_day_rgb/frame_000300.png"", ""aligned_dataset/.frames_cache/check_mailbox_split/Seg1/check_mailbox_day_rgb/frame_000570.png"", ""aligned_dataset/.frames_cache/check_mailbox_split/Seg1/check_mailbox_day_rgb/frame_000870.png"", ""aligned_dataset/.frames_cache/check_mailbox_split/Seg1/check_mailbox_night_rgb/frame_000000.png"", ""aligned_dataset/.frames_cache/check_mailbox_split/Seg1/check_mailbox_night_rgb/frame_000300.png"", ""aligned_dataset/.frames_cache/check_mailbox_split/Seg1/check_mailbox_night_rgb/frame_000570.png"", ""aligned_dataset/.frames_cache/check_mailbox_split/Seg1/check_mailbox_night_rgb/frame_000870.png""]","{""max_new_tokens"": 128, ""do_sample"": false}","Two, the dresser and the shoe rack.",1.904,rgb,{},1.2684,rgb,2,models/qwen/Qwen3-VL-4B-Instruct,4,aligned_dataset/check_mailbox_split/Seg1/rgb,4.764,qwen_vl,event__aligned_dataset_check_mailbox_split_seg1_check_mailbox_event__event_counting__01__input_rgb,How many major pieces of furniture are visible in the room?,,event_counting,event,aligned_dataset/check_mailbox_split/Seg1/check_mailbox_event,event__aligned_dataset_check_mailbox_split_seg1_check_mailbox_event__event_counting__01,event_counting,answered
2.86,4,True,8,"[""aligned_dataset/.frames_cache/check_mailbox_split/Seg1/check_mailbox_day_rgb/frame_000000.png"", ""aligned_dataset/.frames_cache/check_mailbox_split/Seg1/check_mailbox_day_rgb/frame_000300.png"", ""aligned_dataset/.frames_cache/check_mailbox_split/Seg1/check_mailbox_day_rgb/frame_000570.png"", ""aligned_dataset/.frames_cache/check_mailbox_split/Seg1/check_mailbox_day_rgb/frame_000870.png"", ""aligned_dataset/.frames_cache/check_mailbox_split/Seg1/check_mailbox_night_rgb/frame_000000.png"", ""aligned_dataset/.frames_cache/check_mailbox_split/Seg1/check_mailbox_night_rgb/frame_000300.png"", ""aligned_dataset/.frames_cache/check_mailbox_split/Seg1/check_mailbox_night_rgb/frame_000570.png"", ""aligned_dataset/.frames_cache/check_mailbox_split/Seg1/check_mailbox_night_rgb/frame_000870.png""]","{""max_new_tokens"": 128, ""do_sample"": false}",Zero.,1.903,rgb,{},1.2536,rgb,1,models/qwen/Qwen3-VL-4B-Instruct,4,aligned_dataset/check_mailbox_split/Seg1/rgb,4.763,qwen_vl,event__aligned_dataset_check_mailbox_split_seg1_check_mailbox_event__event_dynamic_counting__01__input_rgb,How many people walk past the camera?,,event_dynamic_counting,event,aligned_dataset/check_mailbox_split/Seg1/check_mailbox_event,event__aligned_dataset_check_mailbox_split_seg1_check_mailbox_event__event_dynamic_counting__01,event_dynamic_counting,answered
2.86,4,True,8,"[""aligned_dataset/.frames_cache/check_mailbox_split/Seg1/check_mailbox_day_rgb/frame_000000.png"", ""aligned_dataset/.frames_cache/check_mailbox_split/Seg1/check_mailbox_day_rgb/frame_000300.png"", ""aligned_dataset/.frames_cache/check_mailbox_split/Seg1/check_mailbox_day_rgb/frame_000570.png"", ""aligned_dataset/.frames_cache/check_mailbox_split/Seg1/check_mailbox_day_rgb/frame_000870.png"", ""aligned_dataset/.frames_cache/check_mailbox_split/Seg1/check_mailbox_night_rgb/frame_000000.png"", ""aligned_dataset/.frames_cache/check_mailbox_split/Seg1/check_mailbox_night_rgb/frame_000300.png"", ""aligned_dataset/.frames_cache/check_mailbox_split/Seg1/check_mailbox_night_rgb/frame_000570.png"", ""aligned_dataset/.frames_cache/check_mailbox_split/Seg1/check_mailbox_night_rgb/frame_000870.png""]","{""max_new_tokens"": 128, ""do_sample"": false}",Forward towards the doorway.,1.904,rgb,{},1.2714,rgb,Forward,models/qwen/Qwen3-VL-4B-Instruct,4,aligned_dataset/check_mailbox_split/Seg1/rgb,4.763,qwen_vl,event__aligned_dataset_check_mailbox_split_seg1_check_mailbox_event__event_navigation__01__input_rgb,What is the primary direction of the camera's movement?,,event_navigation,event,aligned_dataset/check_mailbox_split/Seg1/check_mailbox_event,event__aligned_dataset_check_mailbox_split_seg1_check_mailbox_event__event_navigation__01,event_navigation,answered
2.86,4,True,8,"[""aligned_dataset/.frames_cache/check_mailbox_split/Seg1/check_mailbox_day_rgb/frame_000000.png"", ""aligned_dataset/.frames_cache/check_mailbox_split/Seg1/check_mailbox_day_rgb/frame_000300.png"", ""aligned_dataset/.frames_cache/check_mailbox_split/Seg1/check_mailbox_day_rgb/frame_000570.png"", ""aligned_dataset/.frames_cache/check_mailbox_split/Seg1/check_mailbox_day_rgb/frame_000870.png"", ""aligned_dataset/.frames_cache/check_mailbox_split/Seg1/check_mailbox_night_rgb/frame_000000.png"", ""aligned_dataset/.frames_cache/check_mailbox_split/Seg1/check_mailbox_night_rgb/frame_000300.png"", ""aligned_dataset/.frames_cache/check_mailbox_split/Seg1/check_mailbox_night_rgb/frame_000570.png"", ""aligned_dataset/.frames_cache/check_mailbox_split/Seg1/check_mailbox_night_rgb/frame_000870.png""]","{""max_new_tokens"": 128, ""do_sample"": false}",No.,1.904,rgb,{},1.2545,rgb,Yes,models/qwen/Qwen3-VL-4B-Instruct,4,aligned_dataset/check_mailbox_split/Seg1/rgb,4.763,qwen_vl,event__aligned_dataset_check_mailbox_split_seg1_check_mailbox_event__event_dynamic_recognition__01__input_rgb,Are there any moving objects in the room?,,event_dynamic_recognition,event,aligned_dataset/check_mailbox_split/Seg1/check_mailbox_event,event__aligned_dataset_check_mailbox_split_seg1_check_mailbox_event__event_dynamic_recognition__01,event_dynamic_recognition,answered
2.86,4,True,8,"[""aligned_dataset/.frames_cache/check_mailbox_split/Seg1/check_mailbox_day_rgb/frame_000000.png"", ""aligned_dataset/.frames_cache/check_mailbox_split/Seg1/check_mailbox_day_rgb/frame_000300.png"", ""aligned_dataset/.frames_cache/check_mailbox_split/Seg1/check_mailbox_day_rgb/frame_000570.png"", ""aligned_dataset/.frames_cache/check_mailbox_split/Seg1/check_mailbox_day_rgb/frame_000870.png"", ""aligned_dataset/.frames_cache/check_mailbox_split/Seg1/check_mailbox_night_rgb/frame_000000.png"", ""aligned_dataset/.frames_cache/check_mailbox_split/Seg1/check_mailbox_night_rgb/frame_000300.png"", ""aligned_dataset/.frames_cache/check_mailbox_split/Seg1/check_mailbox_night_rgb/frame_000570.png"", ""aligned_dataset/.frames_cache/check_mailbox_split/Seg1/check_mailbox_night_rgb/frame_000870.png""]","{""max_new_tokens"": 128, ""do_sample"": false}",Walking forward.,1.903,rgb,{},1.3579,rgb,tying shoelaces,models/qwen/Qwen3-VL-4B-Instruct,4,aligned_dataset/check_mailbox_split/Seg1/rgb,4.763,qwen_vl,event__aligned_dataset_check_mailbox_split_seg1_check_mailbox_event__event_action__01__input_rgb,What action is being performed by the camera holder?,,event_action,event,aligned_dataset/check_mailbox_split/Seg1/check_mailbox_event,event__aligned_dataset_check_mailbox_split_seg1_check_mailbox_event__event_action__01,event_action,answered
2.86,4,True,8,"[""aligned_dataset/.frames_cache/check_mailbox_split/Seg1/check_mailbox_day_rgb/frame_000000.png"", ""aligned_dataset/.frames_cache/check_mailbox_split/Seg1/check_mailbox_day_rgb/frame_000300.png"", ""aligned_dataset/.frames_cache/check_mailbox_split/Seg1/check_mailbox_day_rgb/frame_000570.png"", ""aligned_dataset/.frames_cache/check_mailbox_split/Seg1/check_mailbox_day_rgb/frame_000870.png"", ""aligned_dataset/.frames_cache/check_mailbox_split/Seg1/check_mailbox_night_rgb/frame_000000.png"", ""aligned_dataset/.frames_cache/check_mailbox_split/Seg1/check_mailbox_night_rgb/frame_000300.png"", ""aligned_dataset/.frames_cache/check_mailbox_split/Seg1/check_mailbox_night_rgb/frame_000570.png"", ""aligned_dataset/.frames_cache/check_mailbox_split/Seg1/check_mailbox_night_rgb/frame_000870.png""]","{""max_new_tokens"": 128, ""do_sample"": false}",No.,1.903,rgb,{},1.2531,rgb,No,models/qwen/Qwen3-VL-4B-Instruct,4,aligned_dataset/check_mailbox_split/Seg1/rgb,4.763,qwen_vl,event__aligned_dataset_check_mailbox_split_seg1_check_mailbox_event__event_non_common__01__input_rgb,Are there any floating or impossible objects visible?,,event_non_common,event,aligned_dataset/check_mailbox_split/Seg1/check_mailbox_event,event__aligned_dataset_check_mailbox_split_seg1_check_mailbox_event__event_non_common__01,event_non_common,answered
2.86,4,False,8,"[""aligned_dataset/.frames_cache/check_mailbox_split/Seg2/check_mailbox_day_rgb/frame_000000.png"", ""aligned_dataset/.frames_cache/check_mailbox_split/Seg2/check_mailbox_day_rgb/frame_000300.png"", ""aligned_dataset/.frames_cache/check_mailbox_split/Seg2/check_mailbox_day_rgb/frame_000570.png"", ""aligned_dataset/.frames_cache/check_mailbox_split/Seg2/check_mailbox_day_rgb/frame_000870.png"", ""aligned_dataset/.frames_cache/check_mailbox_split/Seg2/check_mailbox_night_rgb/frame_000000.png"", ""aligned_dataset/.frames_cache/check_mailbox_split/Seg2/check_mailbox_night_rgb/frame_000300.png"", ""aligned_dataset/.frames_cache/check_mailbox_split/Seg2/check_mailbox_night_rgb/frame_000570.png"", ""aligned_dataset/.frames_cache/check_mailbox_split/Seg2/check_mailbox_night_rgb/frame_000870.png""]","{""max_new_tokens"": 128, ""do_sample"": false}",An exterior stairwell.,1.904,rgb,{},1.3675,rgb,Stairs,models/qwen/Qwen3-VL-4B-Instruct,4,check_mailbox_split/Seg2/rgb,4.764,qwen_vl,depth__check_mailbox_split_seg2_check_mailbox__depth_object_recognition__01__input_rgb,What is the primary geometric structure visible in front of me?,,depth_object_recognition,depth,check_mailbox_split/Seg2/check_mailbox,depth__check_mailbox_split_seg2_check_mailbox__depth_object_recognition__01,depth_object_recognition,answered
2.86,4,True,8,"[""aligned_dataset/.frames_cache/check_mailbox_split/Seg2/check_mailbox_day_rgb/frame_000000.png"", ""aligned_dataset/.frames_cache/check_mailbox_split/Seg2/check_mailbox_day_rgb/frame_000300.png"", ""aligned_dataset/.frames_cache/check_mailbox_split/Seg2/check_mailbox_day_rgb/frame_000570.png"", ""aligned_dataset/.frames_cache/check_mailbox_split/Seg2/check_mailbox_day_rgb/frame_000870.png"", ""aligned_dataset/.frames_cache/check_mailbox_split/Seg2/check_mailbox_night_rgb/frame_000000.png"", ""aligned_dataset/.frames_cache/check_mailbox_split/Seg2/check_mailbox_night_rgb/frame_000300.png"", ""aligned_dataset/.frames_cache/check_mailbox_split/Seg2/check_mailbox_night_rgb/frame_000570.png"", ""aligned_dataset/.frames_cache/check_mailbox_split/Seg2/check_mailbox_night_rgb/frame_000870.png""]","{""max_new_tokens"": 128, ""do_sample"": false}","Yes, it is closer.",1.905,rgb,{},1.2529,rgb,Yes,models/qwen/Qwen3-VL-4B-Instruct,4,check_mailbox_split/Seg2/rgb,4.764,qwen_vl,depth__check_mailbox_split_seg2_check_mailbox__depth_spatial_reasoning__01__input_rgb,Is the staircase railing closer to me than the tree on the left?,,depth_spatial_reasoning,depth,check_mailbox_split/Seg2/check_mailbox,depth__check_mailbox_split_seg2_check_mailbox__depth_spatial_reasoning__01,depth_spatial_reasoning,answered
2.86,4,True,8,"[""aligned_dataset/.frames_cache/check_mailbox_split/Seg2/check_mailbox_day_rgb/frame_000000.png"", ""aligned_dataset/.frames_cache/check_mailbox_split/Seg2/check_mailbox_day_rgb/frame_000300.png"", ""aligned_dataset/.frames_cache/check_mailbox_split/Seg2/check_mailbox_day_rgb/frame_000570.png"", ""aligned_dataset/.frames_cache/check_mailbox_split/Seg2/check_mailbox_day_rgb/frame_000870.png"", ""aligned_dataset/.frames_cache/check_mailbox_split/Seg2/check_mailbox_night_rgb/frame_000000.png"", ""aligned_dataset/.frames_cache/check_mailbox_split/Seg2/check_mailbox_night_rgb/frame_000300.png"", ""aligned_dataset/.frames_cache/check_mailbox_split/Seg2/check_mailbox_night_rgb/frame_000570.png"", ""aligned_dataset/.frames_cache/check_mailbox_split/Seg2/check_mailbox_night_rgb/frame_000870.png""]","{""max_new_tokens"": 128, ""do_sample"": false}","No, it moves vertically.",1.904,rgb,{},1.2561,rgb,No,models/qwen/Qwen3-VL-4B-Instruct,4,check_mailbox_split/Seg2/rgb,4.764,qwen_vl,depth__check_mailbox_split_seg2_check_mailbox__depth_scene_sequence__01__input_rgb,Does the path I am following move along a single horizontal level?,,depth_scene_sequence,depth,check_mailbox_split/Seg2/check_mailbox,depth__check_mailbox_split_seg2_check_mailbox__depth_scene_sequence__01,depth_scene_sequence,answered
2.86,4,True,8,"[""aligned_dataset/.frames_cache/check_mailbox_split/Seg2/check_mailbox_day_rgb/frame_000000.png"", ""aligned_dataset/.frames_cache/check_mailbox_split/Seg2/check_mailbox_day_rgb/frame_000300.png"", ""aligned_dataset/.frames_cache/check_mailbox_split/Seg2/check_mailbox_day_rgb/frame_000570.png"", ""aligned_dataset/.frames_cache/check_mailbox_split/Seg2/check_mailbox_day_rgb/frame_000870.png"", ""aligned_dataset/.frames_cache/check_mailbox_split/Seg2/check_mailbox_night_rgb/frame_000000.png"", ""aligned_dataset/.frames_cache/check_mailbox_split/Seg2/check_mailbox_night_rgb/frame_000300.png"", ""aligned_dataset/.frames_cache/check_mailbox_split/Seg2/check_mailbox_night_rgb/frame_000570.png"", ""aligned_dataset/.frames_cache/check_mailbox_split/Seg2/check_mailbox_night_rgb/frame_000870.png""]","{""max_new_tokens"": 128, ""do_sample"": false}",Three levels.,1.904,rgb,{},1.2539,rgb,1,models/qwen/Qwen3-VL-4B-Instruct,4,check_mailbox_split/Seg2/rgb,4.764,qwen_vl,depth__check_mailbox_split_seg2_check_mailbox__depth_counting__01__input_rgb,How many main staircase levels can I see in the 3D scene?,,depth_counting,depth,check_mailbox_split/Seg2/check_mailbox,depth__check_mailbox_split_seg2_check_mailbox__depth_counting__01,depth_counting,answered
2.86,4,True,8,"[""aligned_dataset/.frames_cache/check_mailbox_split/Seg2/check_mailbox_day_rgb/frame_000000.png"", ""aligned_dataset/.frames_cache/check_mailbox_split/Seg2/check_mailbox_day_rgb/frame_000300.png"", ""aligned_dataset/.frames_cache/check_mailbox_split/Seg2/check_mailbox_day_rgb/frame_000570.png"", ""aligned_dataset/.frames_cache/check_mailbox_split/Seg2/check_mailbox_day_rgb/frame_000870.png"", ""aligned_dataset/.frames_cache/check_mailbox_split/Seg2/check_mailbox_night_rgb/frame_000000.png"", ""aligned_dataset/.frames_cache/check_mailbox_split/Seg2/check_mailbox_night_rgb/frame_000300.png"", ""aligned_dataset/.frames_cache/check_mailbox_split/Seg2/check_mailbox_night_rgb/frame_000570.png"", ""aligned_dataset/.frames_cache/check_mailbox_split/Seg2/check_mailbox_night_rgb/frame_000870.png""]","{""max_new_tokens"": 128, ""do_sample"": false}",Zero.,1.904,rgb,{},1.2645,rgb,0,models/qwen/Qwen3-VL-4B-Instruct,4,check_mailbox_split/Seg2/rgb,4.763,qwen_vl,depth__check_mailbox_split_seg2_check_mailbox__depth_dynamic_counting__01__input_rgb,How many moving people did I encounter during my descent?,,depth_dynamic_counting,depth,check_mailbox_split/Seg2/check_mailbox,depth__check_mailbox_split_seg2_check_mailbox__depth_dynamic_counting__01,depth_dynamic_counting,answered
2.86,4,True,8,"[""aligned_dataset/.frames_cache/check_mailbox_split/Seg2/check_mailbox_day_rgb/frame_000000.png"", ""aligned_dataset/.frames_cache/check_mailbox_split/Seg2/check_mailbox_day_rgb/frame_000300.png"", ""aligned_dataset/.frames_cache/check_mailbox_split/Seg2/check_mailbox_day_rgb/frame_000570.png"", ""aligned_dataset/.frames_cache/check_mailbox_split/Seg2/check_mailbox_day_rgb/frame_000870.png"", ""aligned_dataset/.frames_cache/check_mailbox_split/Seg2/check_mailbox_night_rgb/frame_000000.png"", ""aligned_dataset/.frames_cache/check_mailbox_split/Seg2/check_mailbox_night_rgb/frame_000300.png"", ""aligned_dataset/.frames_cache/check_mailbox_split/Seg2/check_mailbox_night_rgb/frame_000570.png"", ""aligned_dataset/.frames_cache/check_mailbox_split/Seg2/check_mailbox_night_rgb/frame_000870.png""]","{""max_new_tokens"": 128, ""do_sample"": false}","Yes, it is.",1.903,rgb,{},1.2676,rgb,Yes,models/qwen/Qwen3-VL-4B-Instruct,4,check_mailbox_split/Seg2/rgb,4.763,qwen_vl,depth__check_mailbox_split_seg2_check_mailbox__depth_navigation__01__input_rgb,Is the staircase a safe path for moving between these levels?,,depth_navigation,depth,check_mailbox_split/Seg2/check_mailbox,depth__check_mailbox_split_seg2_check_mailbox__depth_navigation__01,depth_navigation,answered
2.86,4,True,8,"[""aligned_dataset/.frames_cache/check_mailbox_split/Seg2/check_mailbox_day_rgb/frame_000000.png"", ""aligned_dataset/.frames_cache/check_mailbox_split/Seg2/check_mailbox_day_rgb/frame_000300.png"", ""aligned_dataset/.frames_cache/check_mailbox_split/Seg2/check_mailbox_day_rgb/frame_000570.png"", ""aligned_dataset/.frames_cache/check_mailbox_split/Seg2/check_mailbox_day_rgb/frame_000870.png"", ""aligned_dataset/.frames_cache/check_mailbox_split/Seg2/check_mailbox_night_rgb/frame_000000.png"", ""aligned_dataset/.frames_cache/check_mailbox_split/Seg2/check_mailbox_night_rgb/frame_000300.png"", ""aligned_dataset/.frames_cache/check_mailbox_split/Seg2/check_mailbox_night_rgb/frame_000570.png"", ""aligned_dataset/.frames_cache/check_mailbox_split/Seg2/check_mailbox_night_rgb/frame_000870.png""]","{""max_new_tokens"": 128, ""do_sample"": false}",No.,1.903,rgb,{},1.2593,rgb,No,models/qwen/Qwen3-VL-4B-Instruct,4,check_mailbox_split/Seg2/rgb,4.763,qwen_vl,depth__check_mailbox_split_seg2_check_mailbox__depth_dynamic_recognition__01__input_rgb,Are there any moving objects in this scene?,,depth_dynamic_recognition,depth,check_mailbox_split/Seg2/check_mailbox,depth__check_mailbox_split_seg2_check_mailbox__depth_dynamic_recognition__01,depth_dynamic_recognition,answered
2.86,4,True,8,"[""aligned_dataset/.frames_cache/check_mailbox_split/Seg2/check_mailbox_day_rgb/frame_000000.png"", ""aligned_dataset/.frames_cache/check_mailbox_split/Seg2/check_mailbox_day_rgb/frame_000300.png"", ""aligned_dataset/.frames_cache/check_mailbox_split/Seg2/check_mailbox_day_rgb/frame_000570.png"", ""aligned_dataset/.frames_cache/check_mailbox_split/Seg2/check_mailbox_day_rgb/frame_000870.png"", ""aligned_dataset/.frames_cache/check_mailbox_split/Seg2/check_mailbox_night_rgb/frame_000000.png"", ""aligned_dataset/.frames_cache/check_mailbox_split/Seg2/check_mailbox_night_rgb/frame_000300.png"", ""aligned_dataset/.frames_cache/check_mailbox_split/Seg2/check_mailbox_night_rgb/frame_000570.png"", ""aligned_dataset/.frames_cache/check_mailbox_split/Seg2/check_mailbox_night_rgb/frame_000870.png""]","{""max_new_tokens"": 128, ""do_sample"": false}",Descending the stairs.,1.904,rgb,{},1.2761,rgb,descending,models/qwen/Qwen3-VL-4B-Instruct,4,check_mailbox_split/Seg2/rgb,4.763,qwen_vl,depth__check_mailbox_split_seg2_check_mailbox__depth_action__01__input_rgb,What action am I performing as I move through this stairwell?,,depth_action,depth,check_mailbox_split/Seg2/check_mailbox,depth__check_mailbox_split_seg2_check_mailbox__depth_action__01,depth_action,answered
2.86,4,True,8,"[""aligned_dataset/.frames_cache/check_mailbox_split/Seg2/check_mailbox_day_rgb/frame_000000.png"", ""aligned_dataset/.frames_cache/check_mailbox_split/Seg2/check_mailbox_day_rgb/frame_000300.png"", ""aligned_dataset/.frames_cache/check_mailbox_split/Seg2/check_mailbox_day_rgb/frame_000570.png"", ""aligned_dataset/.frames_cache/check_mailbox_split/Seg2/check_mailbox_day_rgb/frame_000870.png"", ""aligned_dataset/.frames_cache/check_mailbox_split/Seg2/check_mailbox_night_rgb/frame_000000.png"", ""aligned_dataset/.frames_cache/check_mailbox_split/Seg2/check_mailbox_night_rgb/frame_000300.png"", ""aligned_dataset/.frames_cache/check_mailbox_split/Seg2/check_mailbox_night_rgb/frame_000570.png"", ""aligned_dataset/.frames_cache/check_mailbox_split/Seg2/check_mailbox_night_rgb/frame_000870.png""]","{""max_new_tokens"": 128, ""do_sample"": false}",No.,1.903,rgb,{},1.2671,rgb,No,models/qwen/Qwen3-VL-4B-Instruct,4,check_mailbox_split/Seg2/rgb,4.763,qwen_vl,depth__check_mailbox_split_seg2_check_mailbox__depth_non_common__01__input_rgb,Are there any floating objects in the depth stream?,,depth_non_common,depth,check_mailbox_split/Seg2/check_mailbox,depth__check_mailbox_split_seg2_check_mailbox__depth_non_common__01,depth_non_common,answered
2.86,4,True,8,"[""aligned_dataset/.frames_cache/check_mailbox_split/Seg2/check_mailbox_day_rgb/frame_000000.png"", ""aligned_dataset/.frames_cache/check_mailbox_split/Seg2/check_mailbox_day_rgb/frame_000300.png"", ""aligned_dataset/.frames_cache/check_mailbox_split/Seg2/check_mailbox_day_rgb/frame_000570.png"", ""aligned_dataset/.frames_cache/check_mailbox_split/Seg2/check_mailbox_day_rgb/frame_000870.png"", ""aligned_dataset/.frames_cache/check_mailbox_split/Seg2/check_mailbox_night_rgb/frame_000000.png"", ""aligned_dataset/.frames_cache/check_mailbox_split/Seg2/check_mailbox_night_rgb/frame_000300.png"", ""aligned_dataset/.frames_cache/check_mailbox_split/Seg2/check_mailbox_night_rgb/frame_000570.png"", ""aligned_dataset/.frames_cache/check_mailbox_split/Seg2/check_mailbox_night_rgb/frame_000870.png""]","{""max_new_tokens"": 128, ""do_sample"": false}",The staircase is located directly ahead and slightly to the left.,1.906,rgb,{},1.3122,rgb,To the right,models/qwen/Qwen3-VL-4B-Instruct,4,aligned_dataset/check_mailbox_split/Seg2/rgb,4.765,qwen_vl,rgb__aligned_dataset_check_mailbox_split_seg2_check_mailbox_rgb__spatial_reasoning__01__input_rgb,Where is the metal staircase located relative to my path as I reach the end of the corridor?,,spatial_reasoning,rgb,aligned_dataset/check_mailbox_split/Seg2/check_mailbox_rgb,rgb__aligned_dataset_check_mailbox_split_seg2_check_mailbox_rgb__spatial_reasoning__01,spatial_reasoning,answered
2.86,4,True,8,"[""aligned_dataset/.frames_cache/check_mailbox_split/Seg2/check_mailbox_day_rgb/frame_000000.png"", ""aligned_dataset/.frames_cache/check_mailbox_split/Seg2/check_mailbox_day_rgb/frame_000300.png"", ""aligned_dataset/.frames_cache/check_mailbox_split/Seg2/check_mailbox_day_rgb/frame_000570.png"", ""aligned_dataset/.frames_cache/check_mailbox_split/Seg2/check_mailbox_day_rgb/frame_000870.png"", ""aligned_dataset/.frames_cache/check_mailbox_split/Seg2/check_mailbox_night_rgb/frame_000000.png"", ""aligned_dataset/.frames_cache/check_mailbox_split/Seg2/check_mailbox_night_rgb/frame_000300.png"", ""aligned_dataset/.frames_cache/check_mailbox_split/Seg2/check_mailbox_night_rgb/frame_000570.png"", ""aligned_dataset/.frames_cache/check_mailbox_split/Seg2/check_mailbox_night_rgb/frame_000870.png""]","{""max_new_tokens"": 128, ""do_sample"": false}",1233.,1.904,rgb,{},1.3289,rgb,1233,models/qwen/Qwen3-VL-4B-Instruct,4,aligned_dataset/check_mailbox_split/Seg2/rgb,4.764,qwen_vl,rgb__aligned_dataset_check_mailbox_split_seg2_check_mailbox_rgb__text_recognition__01__input_rgb,What is the first room number listed on the wall?,,text_recognition,rgb,aligned_dataset/check_mailbox_split/Seg2/check_mailbox_rgb,rgb__aligned_dataset_check_mailbox_split_seg2_check_mailbox_rgb__text_recognition__01,text_recognition,answered
2.86,4,True,8,"[""aligned_dataset/.frames_cache/check_mailbox_split/Seg2/check_mailbox_day_rgb/frame_000000.png"", ""aligned_dataset/.frames_cache/check_mailbox_split/Seg2/check_mailbox_day_rgb/frame_000300.png"", ""aligned_dataset/.frames_cache/check_mailbox_split/Seg2/check_mailbox_day_rgb/frame_000570.png"", ""aligned_dataset/.frames_cache/check_mailbox_split/Seg2/check_mailbox_day_rgb/frame_000870.png"", ""aligned_dataset/.frames_cache/check_mailbox_split/Seg2/check_mailbox_night_rgb/frame_000000.png"", ""aligned_dataset/.frames_cache/check_mailbox_split/Seg2/check_mailbox_night_rgb/frame_000300.png"", ""aligned_dataset/.frames_cache/check_mailbox_split/Seg2/check_mailbox_night_rgb/frame_000570.png"", ""aligned_dataset/.frames_cache/check_mailbox_split/Seg2/check_mailbox_night_rgb/frame_000870.png""]","{""max_new_tokens"": 128, ""do_sample"": false}","1233, 1234, and 1235.",1.904,rgb,{},1.628,rgb,"1233, 1234, 1235",models/qwen/Qwen3-VL-4B-Instruct,4,aligned_dataset/check_mailbox_split/Seg2/rgb,4.764,qwen_vl,rgb__aligned_dataset_check_mailbox_split_seg2_check_mailbox_rgb__text_recognition__02__input_rgb,What are the three specific numbers displayed in the room directory?,,text_recognition,rgb,aligned_dataset/check_mailbox_split/Seg2/check_mailbox_rgb,rgb__aligned_dataset_check_mailbox_split_seg2_check_mailbox_rgb__text_recognition__02,text_recognition,answered
2.86,4,True,8,"[""aligned_dataset/.frames_cache/check_mailbox_split/Seg2/check_mailbox_day_rgb/frame_000000.png"", ""aligned_dataset/.frames_cache/check_mailbox_split/Seg2/check_mailbox_day_rgb/frame_000300.png"", ""aligned_dataset/.frames_cache/check_mailbox_split/Seg2/check_mailbox_day_rgb/frame_000570.png"", ""aligned_dataset/.frames_cache/check_mailbox_split/Seg2/check_mailbox_day_rgb/frame_000870.png"", ""aligned_dataset/.frames_cache/check_mailbox_split/Seg2/check_mailbox_night_rgb/frame_000000.png"", ""aligned_dataset/.frames_cache/check_mailbox_split/Seg2/check_mailbox_night_rgb/frame_000300.png"", ""aligned_dataset/.frames_cache/check_mailbox_split/Seg2/check_mailbox_night_rgb/frame_000570.png"", ""aligned_dataset/.frames_cache/check_mailbox_split/Seg2/check_mailbox_night_rgb/frame_000870.png""]","{""max_new_tokens"": 128, ""do_sample"": false}",N°.,1.904,rgb,{},1.2841,rgb,N°,models/qwen/Qwen3-VL-4B-Instruct,4,aligned_dataset/check_mailbox_split/Seg2/rgb,4.763,qwen_vl,rgb__aligned_dataset_check_mailbox_split_seg2_check_mailbox_rgb__text_recognition__03__input_rgb,What prefix precedes the numbers on the wall?,,text_recognition,rgb,aligned_dataset/check_mailbox_split/Seg2/check_mailbox_rgb,rgb__aligned_dataset_check_mailbox_split_seg2_check_mailbox_rgb__text_recognition__03,text_recognition,answered
2.86,4,True,8,"[""aligned_dataset/.frames_cache/check_mailbox_split/Seg2/check_mailbox_day_rgb/frame_000000.png"", ""aligned_dataset/.frames_cache/check_mailbox_split/Seg2/check_mailbox_day_rgb/frame_000300.png"", ""aligned_dataset/.frames_cache/check_mailbox_split/Seg2/check_mailbox_day_rgb/frame_000570.png"", ""aligned_dataset/.frames_cache/check_mailbox_split/Seg2/check_mailbox_day_rgb/frame_000870.png"", ""aligned_dataset/.frames_cache/check_mailbox_split/Seg2/check_mailbox_night_rgb/frame_000000.png"", ""aligned_dataset/.frames_cache/check_mailbox_split/Seg2/check_mailbox_night_rgb/frame_000300.png"", ""aligned_dataset/.frames_cache/check_mailbox_split/Seg2/check_mailbox_night_rgb/frame_000570.png"", ""aligned_dataset/.frames_cache/check_mailbox_split/Seg2/check_mailbox_night_rgb/frame_000870.png""]","{""max_new_tokens"": 128, ""do_sample"": false}",White.,1.904,rgb,{},1.2593,rgb,White,models/qwen/Qwen3-VL-4B-Instruct,4,aligned_dataset/check_mailbox_split/Seg2/rgb,4.763,qwen_vl,rgb__aligned_dataset_check_mailbox_split_seg2_check_mailbox_rgb__text_recognition__04__input_rgb,What color is the text for the room numbers?,,text_recognition,rgb,aligned_dataset/check_mailbox_split/Seg2/check_mailbox_rgb,rgb__aligned_dataset_check_mailbox_split_seg2_check_mailbox_rgb__text_recognition__04,text_recognition,answered
2.86,4,True,8,"[""aligned_dataset/.frames_cache/check_mailbox_split/Seg2/check_mailbox_day_rgb/frame_000000.png"", ""aligned_dataset/.frames_cache/check_mailbox_split/Seg2/check_mailbox_day_rgb/frame_000300.png"", ""aligned_dataset/.frames_cache/check_mailbox_split/Seg2/check_mailbox_day_rgb/frame_000570.png"", ""aligned_dataset/.frames_cache/check_mailbox_split/Seg2/check_mailbox_day_rgb/frame_000870.png"", ""aligned_dataset/.frames_cache/check_mailbox_split/Seg2/check_mailbox_night_rgb/frame_000000.png"", ""aligned_dataset/.frames_cache/check_mailbox_split/Seg2/check_mailbox_night_rgb/frame_000300.png"", ""aligned_dataset/.frames_cache/check_mailbox_split/Seg2/check_mailbox_night_rgb/frame_000570.png"", ""aligned_dataset/.frames_cache/check_mailbox_split/Seg2/check_mailbox_night_rgb/frame_000870.png""]","{""max_new_tokens"": 128, ""do_sample"": false}",Vertical bars (|).,1.904,rgb,{},1.2605,rgb,|,models/qwen/Qwen3-VL-4B-Instruct,4,aligned_dataset/check_mailbox_split/Seg2/rgb,4.764,qwen_vl,rgb__aligned_dataset_check_mailbox_split_seg2_check_mailbox_rgb__text_recognition__05__input_rgb,What symbol is used to separate the room numbers on the wall?,,text_recognition,rgb,aligned_dataset/check_mailbox_split/Seg2/check_mailbox_rgb,rgb__aligned_dataset_check_mailbox_split_seg2_check_mailbox_rgb__text_recognition__05,text_recognition,answered
2.86,4,True,8,"[""aligned_dataset/.frames_cache/check_mailbox_split/Seg2/check_mailbox_day_rgb/frame_000000.png"", ""aligned_dataset/.frames_cache/check_mailbox_split/Seg2/check_mailbox_day_rgb/frame_000300.png"", ""aligned_dataset/.frames_cache/check_mailbox_split/Seg2/check_mailbox_day_rgb/frame_000570.png"", ""aligned_dataset/.frames_cache/check_mailbox_split/Seg2/check_mailbox_day_rgb/frame_000870.png"", ""aligned_dataset/.frames_cache/check_mailbox_split/Seg2/check_mailbox_night_rgb/frame_000000.png"", ""aligned_dataset/.frames_cache/check_mailbox_split/Seg2/check_mailbox_night_rgb/frame_000300.png"", ""aligned_dataset/.frames_cache/check_mailbox_split/Seg2/check_mailbox_night_rgb/frame_000570.png"", ""aligned_dataset/.frames_cache/check_mailbox_split/Seg2/check_mailbox_night_rgb/frame_000870.png""]","{""max_new_tokens"": 128, ""do_sample"": false}",An emergency exit.,1.904,rgb,{},1.2631,rgb,Exit,models/qwen/Qwen3-VL-4B-Instruct,4,aligned_dataset/check_mailbox_split/Seg2/rgb,4.763,qwen_vl,rgb__aligned_dataset_check_mailbox_split_seg2_check_mailbox_rgb__text_recognition__06__input_rgb,What does the green sign on the ceiling represent?,,text_recognition,rgb,aligned_dataset/check_mailbox_split/Seg2/check_mailbox_rgb,rgb__aligned_dataset_check_mailbox_split_seg2_check_mailbox_rgb__text_recognition__06,text_recognition,answered
2.86,4,True,8,"[""aligned_dataset/.frames_cache/check_mailbox_split/Seg2/check_mailbox_day_rgb/frame_000000.png"", ""aligned_dataset/.frames_cache/check_mailbox_split/Seg2/check_mailbox_day_rgb/frame_000300.png"", ""aligned_dataset/.frames_cache/check_mailbox_split/Seg2/check_mailbox_day_rgb/frame_000570.png"", ""aligned_dataset/.frames_cache/check_mailbox_split/Seg2/check_mailbox_day_rgb/frame_000870.png"", ""aligned_dataset/.frames_cache/check_mailbox_split/Seg2/check_mailbox_night_rgb/frame_000000.png"", ""aligned_dataset/.frames_cache/check_mailbox_split/Seg2/check_mailbox_night_rgb/frame_000300.png"", ""aligned_dataset/.frames_cache/check_mailbox_split/Seg2/check_mailbox_night_rgb/frame_000570.png"", ""aligned_dataset/.frames_cache/check_mailbox_split/Seg2/check_mailbox_night_rgb/frame_000870.png""]","{""max_new_tokens"": 128, ""do_sample"": false}",Left.,1.904,rgb,{},1.2606,rgb,Right,models/qwen/Qwen3-VL-4B-Instruct,4,aligned_dataset/check_mailbox_split/Seg2/rgb,4.764,qwen_vl,rgb__aligned_dataset_check_mailbox_split_seg2_check_mailbox_rgb__text_recognition__07__input_rgb,Which direction does the arrow on the exit sign point?,,text_recognition,rgb,aligned_dataset/check_mailbox_split/Seg2/check_mailbox_rgb,rgb__aligned_dataset_check_mailbox_split_seg2_check_mailbox_rgb__text_recognition__07,text_recognition,answered
2.86,4,True,8,"[""aligned_dataset/.frames_cache/check_mailbox_split/Seg2/check_mailbox_day_rgb/frame_000000.png"", ""aligned_dataset/.frames_cache/check_mailbox_split/Seg2/check_mailbox_day_rgb/frame_000300.png"", ""aligned_dataset/.frames_cache/check_mailbox_split/Seg2/check_mailbox_day_rgb/frame_000570.png"", ""aligned_dataset/.frames_cache/check_mailbox_split/Seg2/check_mailbox_day_rgb/frame_000870.png"", ""aligned_dataset/.frames_cache/check_mailbox_split/Seg2/check_mailbox_night_rgb/frame_000000.png"", ""aligned_dataset/.frames_cache/check_mailbox_split/Seg2/check_mailbox_night_rgb/frame_000300.png"", ""aligned_dataset/.frames_cache/check_mailbox_split/Seg2/check_mailbox_night_rgb/frame_000570.png"", ""aligned_dataset/.frames_cache/check_mailbox_split/Seg2/check_mailbox_night_rgb/frame_000870.png""]","{""max_new_tokens"": 128, ""do_sample"": false}","Indoor corridor, outdoor corridor extension, external staircase, and courtyard view.",1.903,rgb,{},1.6082,rgb,"Mailbox, staircase, hallway, dark scene, mailbox, staircase, hallway",models/qwen/Qwen3-VL-4B-Instruct,4,aligned_dataset/check_mailbox_split/Seg2/rgb,4.763,qwen_vl,rgb__aligned_dataset_check_mailbox_split_seg2_check_mailbox_rgb__scene_sequence__01__input_rgb,What is the sequence of scenes I passed through?,,scene_sequence,rgb,aligned_dataset/check_mailbox_split/Seg2/check_mailbox_rgb,rgb__aligned_dataset_check_mailbox_split_seg2_check_mailbox_rgb__scene_sequence__01,scene_sequence,answered
2.86,4,True,8,"[""aligned_dataset/.frames_cache/check_mailbox_split/Seg2/check_mailbox_day_rgb/frame_000000.png"", ""aligned_dataset/.frames_cache/check_mailbox_split/Seg2/check_mailbox_day_rgb/frame_000300.png"", ""aligned_dataset/.frames_cache/check_mailbox_split/Seg2/check_mailbox_day_rgb/frame_000570.png"", ""aligned_dataset/.frames_cache/check_mailbox_split/Seg2/check_mailbox_day_rgb/frame_000870.png"", ""aligned_dataset/.frames_cache/check_mailbox_split/Seg2/check_mailbox_night_rgb/frame_000000.png"", ""aligned_dataset/.frames_cache/check_mailbox_split/Seg2/check_mailbox_night_rgb/frame_000300.png"", ""aligned_dataset/.frames_cache/check_mailbox_split/Seg2/check_mailbox_night_rgb/frame_000570.png"", ""aligned_dataset/.frames_cache/check_mailbox_split/Seg2/check_mailbox_night_rgb/frame_000870.png""]","{""max_new_tokens"": 128, ""do_sample"": false}",A ceiling-mounted exit sign and a section of the corridor with a railing.,1.903,rgb,{},1.2964,rgb,a door,models/qwen/Qwen3-VL-4B-Instruct,4,aligned_dataset/check_mailbox_split/Seg2/rgb,4.763,qwen_vl,rgb__aligned_dataset_check_mailbox_split_seg2_check_mailbox_rgb__scene_sequence__02__input_rgb,What did I pass just before reaching the staircase?,,scene_sequence,rgb,aligned_dataset/check_mailbox_split/Seg2/check_mailbox_rgb,rgb__aligned_dataset_check_mailbox_split_seg2_check_mailbox_rgb__scene_sequence__02,scene_sequence,answered
2.86,4,True,8,"[""aligned_dataset/.frames_cache/check_mailbox_split/Seg2/check_mailbox_day_rgb/frame_000000.png"", ""aligned_dataset/.frames_cache/check_mailbox_split/Seg2/check_mailbox_day_rgb/frame_000300.png"", ""aligned_dataset/.frames_cache/check_mailbox_split/Seg2/check_mailbox_day_rgb/frame_000570.png"", ""aligned_dataset/.frames_cache/check_mailbox_split/Seg2/check_mailbox_day_rgb/frame_000870.png"", ""aligned_dataset/.frames_cache/check_mailbox_split/Seg2/check_mailbox_night_rgb/frame_000000.png"", ""aligned_dataset/.frames_cache/check_mailbox_split/Seg2/check_mailbox_night_rgb/frame_000300.png"", ""aligned_dataset/.frames_cache/check_mailbox_split/Seg2/check_mailbox_night_rgb/frame_000570.png"", ""aligned_dataset/.frames_cache/check_mailbox_split/Seg2/check_mailbox_night_rgb/frame_000870.png""]","{""max_new_tokens"": 128, ""do_sample"": false}",The point where the solid wall on the left was replaced by a metal railing.,1.903,rgb,{},1.5198,rgb,The transition point from indoors to outdoors was the staircase.,models/qwen/Qwen3-VL-4B-Instruct,4,aligned_dataset/check_mailbox_split/Seg2/rgb,4.763,qwen_vl,rgb__aligned_dataset_check_mailbox_split_seg2_check_mailbox_rgb__scene_sequence__05__input_rgb,What was the transition point from indoors to outdoors?,,scene_sequence,rgb,aligned_dataset/check_mailbox_split/Seg2/check_mailbox_rgb,rgb__aligned_dataset_check_mailbox_split_seg2_check_mailbox_rgb__scene_sequence__05,scene_sequence,answered
2.86,4,True,8,"[""aligned_dataset/.frames_cache/check_mailbox_split/Seg2/check_mailbox_day_rgb/frame_000000.png"", ""aligned_dataset/.frames_cache/check_mailbox_split/Seg2/check_mailbox_day_rgb/frame_000300.png"", ""aligned_dataset/.frames_cache/check_mailbox_split/Seg2/check_mailbox_day_rgb/frame_000570.png"", ""aligned_dataset/.frames_cache/check_mailbox_split/Seg2/check_mailbox_day_rgb/frame_000870.png"", ""aligned_dataset/.frames_cache/check_mailbox_split/Seg2/check_mailbox_night_rgb/frame_000000.png"", ""aligned_dataset/.frames_cache/check_mailbox_split/Seg2/check_mailbox_night_rgb/frame_000300.png"", ""aligned_dataset/.frames_cache/check_mailbox_split/Seg2/check_mailbox_night_rgb/frame_000570.png"", ""aligned_dataset/.frames_cache/check_mailbox_split/Seg2/check_mailbox_night_rgb/frame_000870.png""]","{""max_new_tokens"": 128, ""do_sample"": false}",An external metal staircase leading down.,1.904,rgb,{},1.3862,rgb,I saw a dark area.,models/qwen/Qwen3-VL-4B-Instruct,4,aligned_dataset/check_mailbox_split/Seg2/rgb,4.764,qwen_vl,rgb__aligned_dataset_check_mailbox_split_seg2_check_mailbox_rgb__scene_sequence__06__input_rgb,What did I see after turning left at the end of the hallway?,,scene_sequence,rgb,aligned_dataset/check_mailbox_split/Seg2/check_mailbox_rgb,rgb__aligned_dataset_check_mailbox_split_seg2_check_mailbox_rgb__scene_sequence__06,scene_sequence,answered
2.86,4,True,8,"[""aligned_dataset/.frames_cache/check_mailbox_split/Seg2/check_mailbox_day_rgb/frame_000000.png"", ""aligned_dataset/.frames_cache/check_mailbox_split/Seg2/check_mailbox_day_rgb/frame_000300.png"", ""aligned_dataset/.frames_cache/check_mailbox_split/Seg2/check_mailbox_day_rgb/frame_000570.png"", ""aligned_dataset/.frames_cache/check_mailbox_split/Seg2/check_mailbox_day_rgb/frame_000870.png"", ""aligned_dataset/.frames_cache/check_mailbox_split/Seg2/check_mailbox_night_rgb/frame_000000.png"", ""aligned_dataset/.frames_cache/check_mailbox_split/Seg2/check_mailbox_night_rgb/frame_000300.png"", ""aligned_dataset/.frames_cache/check_mailbox_split/Seg2/check_mailbox_night_rgb/frame_000570.png"", ""aligned_dataset/.frames_cache/check_mailbox_split/Seg2/check_mailbox_night_rgb/frame_000870.png""]","{""max_new_tokens"": 128, ""do_sample"": false}",A ground-level courtyard with grass and concrete elements.,1.903,rgb,{},1.2902,rgb,a hallway,models/qwen/Qwen3-VL-4B-Instruct,4,aligned_dataset/check_mailbox_split/Seg2/rgb,4.763,qwen_vl,rgb__aligned_dataset_check_mailbox_split_seg2_check_mailbox_rgb__scene_sequence__07__input_rgb,What environment did the stairs lead towards?,,scene_sequence,rgb,aligned_dataset/check_mailbox_split/Seg2/check_mailbox_rgb,rgb__aligned_dataset_check_mailbox_split_seg2_check_mailbox_rgb__scene_sequence__07,scene_sequence,answered
2.86,4,True,8,"[""aligned_dataset/.frames_cache/check_mailbox_split/Seg2/check_mailbox_day_rgb/frame_000000.png"", ""aligned_dataset/.frames_cache/check_mailbox_split/Seg2/check_mailbox_day_rgb/frame_000300.png"", ""aligned_dataset/.frames_cache/check_mailbox_split/Seg2/check_mailbox_day_rgb/frame_000570.png"", ""aligned_dataset/.frames_cache/check_mailbox_split/Seg2/check_mailbox_day_rgb/frame_000870.png"", ""aligned_dataset/.frames_cache/check_mailbox_split/Seg2/check_mailbox_night_rgb/frame_000000.png"", ""aligned_dataset/.frames_cache/check_mailbox_split/Seg2/check_mailbox_night_rgb/frame_000300.png"", ""aligned_dataset/.frames_cache/check_mailbox_split/Seg2/check_mailbox_night_rgb/frame_000570.png"", ""aligned_dataset/.frames_cache/check_mailbox_split/Seg2/check_mailbox_night_rgb/frame_000870.png""]","{""max_new_tokens"": 128, ""do_sample"": false}",A staircase railing and doorways.,1.905,rgb,{},1.3881,rgb,Staircase and railings,models/qwen/Qwen3-VL-4B-Instruct,4,aligned_dataset/check_mailbox_split/Seg2/rgb,4.764,qwen_vl,event__aligned_dataset_check_mailbox_split_seg2_check_mailbox_event__event_object_recognition__01__input_rgb,What primary architectural features are identified by the motion in this hallway?,,event_object_recognition,event,aligned_dataset/check_mailbox_split/Seg2/check_mailbox_event,event__aligned_dataset_check_mailbox_split_seg2_check_mailbox_event__event_object_recognition__01,event_object_recognition,answered
2.86,4,True,8,"[""aligned_dataset/.frames_cache/check_mailbox_split/Seg2/check_mailbox_day_rgb/frame_000000.png"", ""aligned_dataset/.frames_cache/check_mailbox_split/Seg2/check_mailbox_day_rgb/frame_000300.png"", ""aligned_dataset/.frames_cache/check_mailbox_split/Seg2/check_mailbox_day_rgb/frame_000570.png"", ""aligned_dataset/.frames_cache/check_mailbox_split/Seg2/check_mailbox_day_rgb/frame_000870.png"", ""aligned_dataset/.frames_cache/check_mailbox_split/Seg2/check_mailbox_night_rgb/frame_000000.png"", ""aligned_dataset/.frames_cache/check_mailbox_split/Seg2/check_mailbox_night_rgb/frame_000300.png"", ""aligned_dataset/.frames_cache/check_mailbox_split/Seg2/check_mailbox_night_rgb/frame_000570.png"", ""aligned_dataset/.frames_cache/check_mailbox_split/Seg2/check_mailbox_night_rgb/frame_000870.png""]","{""max_new_tokens"": 128, ""do_sample"": false}","Start in the dark hallway, walk past room numbers, reach the exit sign, turn onto the stairs, and descend into the courtyard.",1.904,rgb,{},2.1975,rgb,"The camera starts with a close-up of a dark surface with white text, then pans to show a staircase, moves along a hallway, and finally returns to the close-up of the text.",models/qwen/Qwen3-VL-4B-Instruct,4,aligned_dataset/check_mailbox_split/Seg2/rgb,4.763,qwen_vl,rgb__aligned_dataset_check_mailbox_split_seg2_check_mailbox_rgb__scene_sequence__09__input_rgb,Describe the progression from the first frame to the last.,,scene_sequence,rgb,aligned_dataset/check_mailbox_split/Seg2/check_mailbox_rgb,rgb__aligned_dataset_check_mailbox_split_seg2_check_mailbox_rgb__scene_sequence__09,scene_sequence,answered
2.86,4,True,8,"[""aligned_dataset/.frames_cache/check_mailbox_split/Seg2/check_mailbox_day_rgb/frame_000000.png"", ""aligned_dataset/.frames_cache/check_mailbox_split/Seg2/check_mailbox_day_rgb/frame_000300.png"", ""aligned_dataset/.frames_cache/check_mailbox_split/Seg2/check_mailbox_day_rgb/frame_000570.png"", ""aligned_dataset/.frames_cache/check_mailbox_split/Seg2/check_mailbox_day_rgb/frame_000870.png"", ""aligned_dataset/.frames_cache/check_mailbox_split/Seg2/check_mailbox_night_rgb/frame_000000.png"", ""aligned_dataset/.frames_cache/check_mailbox_split/Seg2/check_mailbox_night_rgb/frame_000300.png"", ""aligned_dataset/.frames_cache/check_mailbox_split/Seg2/check_mailbox_night_rgb/frame_000570.png"", ""aligned_dataset/.frames_cache/check_mailbox_split/Seg2/check_mailbox_night_rgb/frame_000870.png""]","{""max_new_tokens"": 128, ""do_sample"": false}",Farther.,1.905,rgb,{},1.2729,rgb,closer,models/qwen/Qwen3-VL-4B-Instruct,4,aligned_dataset/check_mailbox_split/Seg2/rgb,4.765,qwen_vl,event__aligned_dataset_check_mailbox_split_seg2_check_mailbox_event__event_spatial_reasoning__01__input_rgb,Are the doorways located closer or farther than the staircase railing from my perspective?,,event_spatial_reasoning,event,aligned_dataset/check_mailbox_split/Seg2/check_mailbox_event,event__aligned_dataset_check_mailbox_split_seg2_check_mailbox_event__event_spatial_reasoning__01,event_spatial_reasoning,answered
2.86,4,True,8,"[""aligned_dataset/.frames_cache/check_mailbox_split/Seg2/check_mailbox_day_rgb/frame_000000.png"", ""aligned_dataset/.frames_cache/check_mailbox_split/Seg2/check_mailbox_day_rgb/frame_000300.png"", ""aligned_dataset/.frames_cache/check_mailbox_split/Seg2/check_mailbox_day_rgb/frame_000570.png"", ""aligned_dataset/.frames_cache/check_mailbox_split/Seg2/check_mailbox_day_rgb/frame_000870.png"", ""aligned_dataset/.frames_cache/check_mailbox_split/Seg2/check_mailbox_night_rgb/frame_000000.png"", ""aligned_dataset/.frames_cache/check_mailbox_split/Seg2/check_mailbox_night_rgb/frame_000300.png"", ""aligned_dataset/.frames_cache/check_mailbox_split/Seg2/check_mailbox_night_rgb/frame_000570.png"", ""aligned_dataset/.frames_cache/check_mailbox_split/Seg2/check_mailbox_night_rgb/frame_000870.png""]","{""max_new_tokens"": 128, ""do_sample"": false}",The start of the metal staircase descent.,1.903,rgb,{},1.3673,rgb,The hallway with the staircase.,models/qwen/Qwen3-VL-4B-Instruct,4,aligned_dataset/check_mailbox_split/Seg2/rgb,4.763,qwen_vl,rgb__aligned_dataset_check_mailbox_split_seg2_check_mailbox_rgb__scene_sequence__10__input_rgb,Which scene followed the passage of the exit sign?,,scene_sequence,rgb,aligned_dataset/check_mailbox_split/Seg2/check_mailbox_rgb,rgb__aligned_dataset_check_mailbox_split_seg2_check_mailbox_rgb__scene_sequence__10,scene_sequence,answered
2.86,4,True,8,"[""aligned_dataset/.frames_cache/check_mailbox_split/Seg2/check_mailbox_day_rgb/frame_000000.png"", ""aligned_dataset/.frames_cache/check_mailbox_split/Seg2/check_mailbox_day_rgb/frame_000300.png"", ""aligned_dataset/.frames_cache/check_mailbox_split/Seg2/check_mailbox_day_rgb/frame_000570.png"", ""aligned_dataset/.frames_cache/check_mailbox_split/Seg2/check_mailbox_day_rgb/frame_000870.png"", ""aligned_dataset/.frames_cache/check_mailbox_split/Seg2/check_mailbox_night_rgb/frame_000000.png"", ""aligned_dataset/.frames_cache/check_mailbox_split/Seg2/check_mailbox_night_rgb/frame_000300.png"", ""aligned_dataset/.frames_cache/check_mailbox_split/Seg2/check_mailbox_night_rgb/frame_000570.png"", ""aligned_dataset/.frames_cache/check_mailbox_split/Seg2/check_mailbox_night_rgb/frame_000870.png""]","{""max_new_tokens"": 128, ""do_sample"": false}",The stairs.,1.905,rgb,{},1.7455,rgb,"The sequence ends with a view of the hallway, showing the staircase and the corridor leading to the stairs.",models/qwen/Qwen3-VL-4B-Instruct,4,aligned_dataset/check_mailbox_split/Seg2/rgb,4.764,qwen_vl,event__aligned_dataset_check_mailbox_split_seg2_check_mailbox_event__event_scene_sequence__01__input_rgb,What is the final part of the sequence I observe before the movement ends?,,event_scene_sequence,event,aligned_dataset/check_mailbox_split/Seg2/check_mailbox_event,event__aligned_dataset_check_mailbox_split_seg2_check_mailbox_event__event_scene_sequence__01,event_scene_sequence,answered
2.86,4,True,8,"[""aligned_dataset/.frames_cache/check_mailbox_split/Seg2/check_mailbox_day_rgb/frame_000000.png"", ""aligned_dataset/.frames_cache/check_mailbox_split/Seg2/check_mailbox_day_rgb/frame_000300.png"", ""aligned_dataset/.frames_cache/check_mailbox_split/Seg2/check_mailbox_day_rgb/frame_000570.png"", ""aligned_dataset/.frames_cache/check_mailbox_split/Seg2/check_mailbox_day_rgb/frame_000870.png"", ""aligned_dataset/.frames_cache/check_mailbox_split/Seg2/check_mailbox_night_rgb/frame_000000.png"", ""aligned_dataset/.frames_cache/check_mailbox_split/Seg2/check_mailbox_night_rgb/frame_000300.png"", ""aligned_dataset/.frames_cache/check_mailbox_split/Seg2/check_mailbox_night_rgb/frame_000570.png"", ""aligned_dataset/.frames_cache/check_mailbox_split/Seg2/check_mailbox_night_rgb/frame_000870.png""]","{""max_new_tokens"": 128, ""do_sample"": false}",Three.,1.904,rgb,{},1.246,rgb,2,models/qwen/Qwen3-VL-4B-Instruct,4,aligned_dataset/check_mailbox_split/Seg2/rgb,4.764,qwen_vl,event__aligned_dataset_check_mailbox_split_seg2_check_mailbox_event__event_counting__01__input_rgb,How many doorway frames can I distinguish in the video?,,event_counting,event,aligned_dataset/check_mailbox_split/Seg2/check_mailbox_event,event__aligned_dataset_check_mailbox_split_seg2_check_mailbox_event__event_counting__01,event_counting,answered
2.86,4,True,8,"[""aligned_dataset/.frames_cache/check_mailbox_split/Seg2/check_mailbox_day_rgb/frame_000000.png"", ""aligned_dataset/.frames_cache/check_mailbox_split/Seg2/check_mailbox_day_rgb/frame_000300.png"", ""aligned_dataset/.frames_cache/check_mailbox_split/Seg2/check_mailbox_day_rgb/frame_000570.png"", ""aligned_dataset/.frames_cache/check_mailbox_split/Seg2/check_mailbox_day_rgb/frame_000870.png"", ""aligned_dataset/.frames_cache/check_mailbox_split/Seg2/check_mailbox_night_rgb/frame_000000.png"", ""aligned_dataset/.frames_cache/check_mailbox_split/Seg2/check_mailbox_night_rgb/frame_000300.png"", ""aligned_dataset/.frames_cache/check_mailbox_split/Seg2/check_mailbox_night_rgb/frame_000570.png"", ""aligned_dataset/.frames_cache/check_mailbox_split/Seg2/check_mailbox_night_rgb/frame_000870.png""]","{""max_new_tokens"": 128, ""do_sample"": false}","No, the lights stayed on.",1.904,rgb,{},1.2506,rgb,Yes,models/qwen/Qwen3-VL-4B-Instruct,4,aligned_dataset/check_mailbox_split/Seg2/rgb,4.764,qwen_vl,rgb__aligned_dataset_check_mailbox_split_seg2_check_mailbox_rgb__light_change__01__input_rgb,Did the lights in the corridor turn off at any point?,,light_change,rgb,aligned_dataset/check_mailbox_split/Seg2/check_mailbox_rgb,rgb__aligned_dataset_check_mailbox_split_seg2_check_mailbox_rgb__light_change__01,light_change,answered
2.86,4,True,8,"[""aligned_dataset/.frames_cache/check_mailbox_split/Seg2/check_mailbox_day_rgb/frame_000000.png"", ""aligned_dataset/.frames_cache/check_mailbox_split/Seg2/check_mailbox_day_rgb/frame_000300.png"", ""aligned_dataset/.frames_cache/check_mailbox_split/Seg2/check_mailbox_day_rgb/frame_000570.png"", ""aligned_dataset/.frames_cache/check_mailbox_split/Seg2/check_mailbox_day_rgb/frame_000870.png"", ""aligned_dataset/.frames_cache/check_mailbox_split/Seg2/check_mailbox_night_rgb/frame_000000.png"", ""aligned_dataset/.frames_cache/check_mailbox_split/Seg2/check_mailbox_night_rgb/frame_000300.png"", ""aligned_dataset/.frames_cache/check_mailbox_split/Seg2/check_mailbox_night_rgb/frame_000570.png"", ""aligned_dataset/.frames_cache/check_mailbox_split/Seg2/check_mailbox_night_rgb/frame_000870.png""]","{""max_new_tokens"": 128, ""do_sample"": false}",Zero.,1.904,rgb,{},1.2425,rgb,0,models/qwen/Qwen3-VL-4B-Instruct,4,aligned_dataset/check_mailbox_split/Seg2/rgb,4.764,qwen_vl,event__aligned_dataset_check_mailbox_split_seg2_check_mailbox_event__event_dynamic_counting__01__input_rgb,How many people do I see walking in this hallway?,,event_dynamic_counting,event,aligned_dataset/check_mailbox_split/Seg2/check_mailbox_event,event__aligned_dataset_check_mailbox_split_seg2_check_mailbox_event__event_dynamic_counting__01,event_dynamic_counting,answered
2.86,4,True,8,"[""aligned_dataset/.frames_cache/check_mailbox_split/Seg2/check_mailbox_day_rgb/frame_000000.png"", ""aligned_dataset/.frames_cache/check_mailbox_split/Seg2/check_mailbox_day_rgb/frame_000300.png"", ""aligned_dataset/.frames_cache/check_mailbox_split/Seg2/check_mailbox_day_rgb/frame_000570.png"", ""aligned_dataset/.frames_cache/check_mailbox_split/Seg2/check_mailbox_day_rgb/frame_000870.png"", ""aligned_dataset/.frames_cache/check_mailbox_split/Seg2/check_mailbox_night_rgb/frame_000000.png"", ""aligned_dataset/.frames_cache/check_mailbox_split/Seg2/check_mailbox_night_rgb/frame_000300.png"", ""aligned_dataset/.frames_cache/check_mailbox_split/Seg2/check_mailbox_night_rgb/frame_000570.png"", ""aligned_dataset/.frames_cache/check_mailbox_split/Seg2/check_mailbox_night_rgb/frame_000870.png""]","{""max_new_tokens"": 128, ""do_sample"": false}",The scene becomes noticeably darker as I descend the stairs.,1.904,rgb,{},1.2677,rgb,darker,models/qwen/Qwen3-VL-4B-Instruct,4,aligned_dataset/check_mailbox_split/Seg2/rgb,4.764,qwen_vl,rgb__aligned_dataset_check_mailbox_split_seg2_check_mailbox_rgb__light_change__02__input_rgb,Does the scene get brighter or darker as I go down the stairs?,,light_change,rgb,aligned_dataset/check_mailbox_split/Seg2/check_mailbox_rgb,rgb__aligned_dataset_check_mailbox_split_seg2_check_mailbox_rgb__light_change__02,light_change,answered
2.86,4,True,8,"[""aligned_dataset/.frames_cache/check_mailbox_split/Seg2/check_mailbox_day_rgb/frame_000000.png"", ""aligned_dataset/.frames_cache/check_mailbox_split/Seg2/check_mailbox_day_rgb/frame_000300.png"", ""aligned_dataset/.frames_cache/check_mailbox_split/Seg2/check_mailbox_day_rgb/frame_000570.png"", ""aligned_dataset/.frames_cache/check_mailbox_split/Seg2/check_mailbox_day_rgb/frame_000870.png"", ""aligned_dataset/.frames_cache/check_mailbox_split/Seg2/check_mailbox_night_rgb/frame_000000.png"", ""aligned_dataset/.frames_cache/check_mailbox_split/Seg2/check_mailbox_night_rgb/frame_000300.png"", ""aligned_dataset/.frames_cache/check_mailbox_split/Seg2/check_mailbox_night_rgb/frame_000570.png"", ""aligned_dataset/.frames_cache/check_mailbox_split/Seg2/check_mailbox_night_rgb/frame_000870.png""]","{""max_new_tokens"": 128, ""do_sample"": false}",Forward.,1.904,rgb,{},1.2462,rgb,Forward,models/qwen/Qwen3-VL-4B-Instruct,4,aligned_dataset/check_mailbox_split/Seg2/rgb,4.764,qwen_vl,event__aligned_dataset_check_mailbox_split_seg2_check_mailbox_event__event_navigation__01__input_rgb,What is the main direction of my movement in this corridor?,,event_navigation,event,aligned_dataset/check_mailbox_split/Seg2/check_mailbox_event,event__aligned_dataset_check_mailbox_split_seg2_check_mailbox_event__event_navigation__01,event_navigation,answered
2.86,4,True,8,"[""aligned_dataset/.frames_cache/check_mailbox_split/Seg2/check_mailbox_day_rgb/frame_000000.png"", ""aligned_dataset/.frames_cache/check_mailbox_split/Seg2/check_mailbox_day_rgb/frame_000300.png"", ""aligned_dataset/.frames_cache/check_mailbox_split/Seg2/check_mailbox_day_rgb/frame_000570.png"", ""aligned_dataset/.frames_cache/check_mailbox_split/Seg2/check_mailbox_day_rgb/frame_000870.png"", ""aligned_dataset/.frames_cache/check_mailbox_split/Seg2/check_mailbox_night_rgb/frame_000000.png"", ""aligned_dataset/.frames_cache/check_mailbox_split/Seg2/check_mailbox_night_rgb/frame_000300.png"", ""aligned_dataset/.frames_cache/check_mailbox_split/Seg2/check_mailbox_night_rgb/frame_000570.png"", ""aligned_dataset/.frames_cache/check_mailbox_split/Seg2/check_mailbox_night_rgb/frame_000870.png""]","{""max_new_tokens"": 128, ""do_sample"": false}",I am moving away from the ceiling light sources.,1.904,rgb,{},1.2676,rgb,approaching,models/qwen/Qwen3-VL-4B-Instruct,4,aligned_dataset/check_mailbox_split/Seg2/rgb,4.764,qwen_vl,rgb__aligned_dataset_check_mailbox_split_seg2_check_mailbox_rgb__light_change__03__input_rgb,Is the light source approaching me or am I moving away from it?,,light_change,rgb,aligned_dataset/check_mailbox_split/Seg2/check_mailbox_rgb,rgb__aligned_dataset_check_mailbox_split_seg2_check_mailbox_rgb__light_change__03,light_change,answered
2.86,4,True,8,"[""aligned_dataset/.frames_cache/check_mailbox_split/Seg2/check_mailbox_day_rgb/frame_000000.png"", ""aligned_dataset/.frames_cache/check_mailbox_split/Seg2/check_mailbox_day_rgb/frame_000300.png"", ""aligned_dataset/.frames_cache/check_mailbox_split/Seg2/check_mailbox_day_rgb/frame_000570.png"", ""aligned_dataset/.frames_cache/check_mailbox_split/Seg2/check_mailbox_day_rgb/frame_000870.png"", ""aligned_dataset/.frames_cache/check_mailbox_split/Seg2/check_mailbox_night_rgb/frame_000000.png"", ""aligned_dataset/.frames_cache/check_mailbox_split/Seg2/check_mailbox_night_rgb/frame_000300.png"", ""aligned_dataset/.frames_cache/check_mailbox_split/Seg2/check_mailbox_night_rgb/frame_000570.png"", ""aligned_dataset/.frames_cache/check_mailbox_split/Seg2/check_mailbox_night_rgb/frame_000870.png""]","{""max_new_tokens"": 128, ""do_sample"": false}",No.,1.904,rgb,{},1.2441,rgb,No,models/qwen/Qwen3-VL-4B-Instruct,4,aligned_dataset/check_mailbox_split/Seg2/rgb,4.764,qwen_vl,event__aligned_dataset_check_mailbox_split_seg2_check_mailbox_event__event_dynamic_recognition__01__input_rgb,Did any person or vehicle pass by while I was walking?,,event_dynamic_recognition,event,aligned_dataset/check_mailbox_split/Seg2/check_mailbox_event,event__aligned_dataset_check_mailbox_split_seg2_check_mailbox_event__event_dynamic_recognition__01,event_dynamic_recognition,answered
2.86,4,True,8,"[""aligned_dataset/.frames_cache/check_mailbox_split/Seg2/check_mailbox_day_rgb/frame_000000.png"", ""aligned_dataset/.frames_cache/check_mailbox_split/Seg2/check_mailbox_day_rgb/frame_000300.png"", ""aligned_dataset/.frames_cache/check_mailbox_split/Seg2/check_mailbox_day_rgb/frame_000570.png"", ""aligned_dataset/.frames_cache/check_mailbox_split/Seg2/check_mailbox_day_rgb/frame_000870.png"", ""aligned_dataset/.frames_cache/check_mailbox_split/Seg2/check_mailbox_night_rgb/frame_000000.png"", ""aligned_dataset/.frames_cache/check_mailbox_split/Seg2/check_mailbox_night_rgb/frame_000300.png"", ""aligned_dataset/.frames_cache/check_mailbox_split/Seg2/check_mailbox_night_rgb/frame_000570.png"", ""aligned_dataset/.frames_cache/check_mailbox_split/Seg2/check_mailbox_night_rgb/frame_000870.png""]","{""max_new_tokens"": 128, ""do_sample"": false}",Walking down the hall.,1.903,rgb,{},1.2595,rgb,walking,models/qwen/Qwen3-VL-4B-Instruct,4,aligned_dataset/check_mailbox_split/Seg2/rgb,4.763,qwen_vl,event__aligned_dataset_check_mailbox_split_seg2_check_mailbox_event__event_action__01__input_rgb,What is my primary action in this scene?,,event_action,event,aligned_dataset/check_mailbox_split/Seg2/check_mailbox_event,event__aligned_dataset_check_mailbox_split_seg2_check_mailbox_event__event_action__01,event_action,answered
2.86,4,True,8,"[""aligned_dataset/.frames_cache/check_mailbox_split/Seg2/check_mailbox_day_rgb/frame_000000.png"", ""aligned_dataset/.frames_cache/check_mailbox_split/Seg2/check_mailbox_day_rgb/frame_000300.png"", ""aligned_dataset/.frames_cache/check_mailbox_split/Seg2/check_mailbox_day_rgb/frame_000570.png"", ""aligned_dataset/.frames_cache/check_mailbox_split/Seg2/check_mailbox_day_rgb/frame_000870.png"", ""aligned_dataset/.frames_cache/check_mailbox_split/Seg2/check_mailbox_night_rgb/frame_000000.png"", ""aligned_dataset/.frames_cache/check_mailbox_split/Seg2/check_mailbox_night_rgb/frame_000300.png"", ""aligned_dataset/.frames_cache/check_mailbox_split/Seg2/check_mailbox_night_rgb/frame_000570.png"", ""aligned_dataset/.frames_cache/check_mailbox_split/Seg2/check_mailbox_night_rgb/frame_000870.png""]","{""max_new_tokens"": 128, ""do_sample"": false}","No, the light remains a consistent cool white from the interior and green from the exit sign.",1.904,rgb,{},1.244,rgb,No,models/qwen/Qwen3-VL-4B-Instruct,4,aligned_dataset/check_mailbox_split/Seg2/rgb,4.763,qwen_vl,rgb__aligned_dataset_check_mailbox_split_seg2_check_mailbox_rgb__light_change__05__input_rgb,Does the color of the light change during the video?,,light_change,rgb,aligned_dataset/check_mailbox_split/Seg2/check_mailbox_rgb,rgb__aligned_dataset_check_mailbox_split_seg2_check_mailbox_rgb__light_change__05,light_change,answered
2.86,4,True,8,"[""aligned_dataset/.frames_cache/check_mailbox_split/Seg2/check_mailbox_day_rgb/frame_000000.png"", ""aligned_dataset/.frames_cache/check_mailbox_split/Seg2/check_mailbox_day_rgb/frame_000300.png"", ""aligned_dataset/.frames_cache/check_mailbox_split/Seg2/check_mailbox_day_rgb/frame_000570.png"", ""aligned_dataset/.frames_cache/check_mailbox_split/Seg2/check_mailbox_day_rgb/frame_000870.png"", ""aligned_dataset/.frames_cache/check_mailbox_split/Seg2/check_mailbox_night_rgb/frame_000000.png"", ""aligned_dataset/.frames_cache/check_mailbox_split/Seg2/check_mailbox_night_rgb/frame_000300.png"", ""aligned_dataset/.frames_cache/check_mailbox_split/Seg2/check_mailbox_night_rgb/frame_000570.png"", ""aligned_dataset/.frames_cache/check_mailbox_split/Seg2/check_mailbox_night_rgb/frame_000870.png""]","{""max_new_tokens"": 128, ""do_sample"": false}",No.,1.904,rgb,{},1.2447,rgb,No,models/qwen/Qwen3-VL-4B-Instruct,4,aligned_dataset/check_mailbox_split/Seg2/rgb,4.764,qwen_vl,event__aligned_dataset_check_mailbox_split_seg2_check_mailbox_event__event_non_common__01__input_rgb,Do I see any objects floating or moving in an impossible way?,,event_non_common,event,aligned_dataset/check_mailbox_split/Seg2/check_mailbox_event,event__aligned_dataset_check_mailbox_split_seg2_check_mailbox_event__event_non_common__01,event_non_common,answered
2.86,4,True,8,"[""aligned_dataset/.frames_cache/check_mailbox_split/Seg2/check_mailbox_day_rgb/frame_000000.png"", ""aligned_dataset/.frames_cache/check_mailbox_split/Seg2/check_mailbox_day_rgb/frame_000300.png"", ""aligned_dataset/.frames_cache/check_mailbox_split/Seg2/check_mailbox_day_rgb/frame_000570.png"", ""aligned_dataset/.frames_cache/check_mailbox_split/Seg2/check_mailbox_day_rgb/frame_000870.png"", ""aligned_dataset/.frames_cache/check_mailbox_split/Seg2/check_mailbox_night_rgb/frame_000000.png"", ""aligned_dataset/.frames_cache/check_mailbox_split/Seg2/check_mailbox_night_rgb/frame_000300.png"", ""aligned_dataset/.frames_cache/check_mailbox_split/Seg2/check_mailbox_night_rgb/frame_000570.png"", ""aligned_dataset/.frames_cache/check_mailbox_split/Seg2/check_mailbox_night_rgb/frame_000870.png""]","{""max_new_tokens"": 128, ""do_sample"": false}","No, although it gets very dark on the stairs, details are still visible.",1.904,rgb,{},1.2468,rgb,Yes,models/qwen/Qwen3-VL-4B-Instruct,4,aligned_dataset/check_mailbox_split/Seg2/rgb,4.764,qwen_vl,rgb__aligned_dataset_check_mailbox_split_seg2_check_mailbox_rgb__light_change__06__input_rgb,Is there a point where I enter a completely pitch-black area?,,light_change,rgb,aligned_dataset/check_mailbox_split/Seg2/check_mailbox_rgb,rgb__aligned_dataset_check_mailbox_split_seg2_check_mailbox_rgb__light_change__06,light_change,answered
2.86,4,True,8,"[""aligned_dataset/.frames_cache/check_mailbox_split/Seg2/check_mailbox_day_rgb/frame_000000.png"", ""aligned_dataset/.frames_cache/check_mailbox_split/Seg2/check_mailbox_day_rgb/frame_000300.png"", ""aligned_dataset/.frames_cache/check_mailbox_split/Seg2/check_mailbox_day_rgb/frame_000570.png"", ""aligned_dataset/.frames_cache/check_mailbox_split/Seg2/check_mailbox_day_rgb/frame_000870.png"", ""aligned_dataset/.frames_cache/check_mailbox_split/Seg2/check_mailbox_night_rgb/frame_000000.png"", ""aligned_dataset/.frames_cache/check_mailbox_split/Seg2/check_mailbox_night_rgb/frame_000300.png"", ""aligned_dataset/.frames_cache/check_mailbox_split/Seg2/check_mailbox_night_rgb/frame_000570.png"", ""aligned_dataset/.frames_cache/check_mailbox_split/Seg2/check_mailbox_night_rgb/frame_000870.png""]","{""max_new_tokens"": 128, ""do_sample"": false}",One.,1.903,rgb,{},1.2468,rgb,1,models/qwen/Qwen3-VL-4B-Instruct,4,aligned_dataset/check_mailbox_split/Seg2/rgb,4.763,qwen_vl,rgb__aligned_dataset_check_mailbox_split_seg2_check_mailbox_rgb__counting__01__input_rgb,How many orange trash bins are in the courtyard area?,,counting,rgb,aligned_dataset/check_mailbox_split/Seg2/check_mailbox_rgb,rgb__aligned_dataset_check_mailbox_split_seg2_check_mailbox_rgb__counting__01,counting,answered
2.86,4,False,8,"[""aligned_dataset/.frames_cache/check_mailbox_split/Seg3/check_mailbox_day_rgb/frame_000000.png"", ""aligned_dataset/.frames_cache/check_mailbox_split/Seg3/check_mailbox_day_rgb/frame_000300.png"", ""aligned_dataset/.frames_cache/check_mailbox_split/Seg3/check_mailbox_day_rgb/frame_000570.png"", ""aligned_dataset/.frames_cache/check_mailbox_split/Seg3/check_mailbox_day_rgb/frame_000870.png"", ""aligned_dataset/.frames_cache/check_mailbox_split/Seg3/check_mailbox_night_rgb/frame_000000.png"", ""aligned_dataset/.frames_cache/check_mailbox_split/Seg3/check_mailbox_night_rgb/frame_000300.png"", ""aligned_dataset/.frames_cache/check_mailbox_split/Seg3/check_mailbox_night_rgb/frame_000570.png"", ""aligned_dataset/.frames_cache/check_mailbox_split/Seg3/check_mailbox_night_rgb/frame_000870.png""]","{""max_new_tokens"": 128, ""do_sample"": false}",A balcony railing.,1.906,rgb,{},1.351,rgb,Metal railing,models/qwen/Qwen3-VL-4B-Instruct,4,check_mailbox_split/Seg3/rgb,4.766,qwen_vl,depth__check_mailbox_split_seg3_check_mailbox__depth_object_recognition__01__input_rgb,What is the primary architectural feature located to the right side of the corridor that defines the boundary of the space?,,depth_object_recognition,depth,check_mailbox_split/Seg3/check_mailbox,depth__check_mailbox_split_seg3_check_mailbox__depth_object_recognition__01,depth_object_recognition,answered
2.86,4,True,8,"[""aligned_dataset/.frames_cache/check_mailbox_split/Seg3/check_mailbox_day_rgb/frame_000000.png"", ""aligned_dataset/.frames_cache/check_mailbox_split/Seg3/check_mailbox_day_rgb/frame_000300.png"", ""aligned_dataset/.frames_cache/check_mailbox_split/Seg3/check_mailbox_day_rgb/frame_000570.png"", ""aligned_dataset/.frames_cache/check_mailbox_split/Seg3/check_mailbox_day_rgb/frame_000870.png"", ""aligned_dataset/.frames_cache/check_mailbox_split/Seg3/check_mailbox_night_rgb/frame_000000.png"", ""aligned_dataset/.frames_cache/check_mailbox_split/Seg3/check_mailbox_night_rgb/frame_000300.png"", ""aligned_dataset/.frames_cache/check_mailbox_split/Seg3/check_mailbox_night_rgb/frame_000570.png"", ""aligned_dataset/.frames_cache/check_mailbox_split/Seg3/check_mailbox_night_rgb/frame_000870.png""]","{""max_new_tokens"": 128, ""do_sample"": false}","No, it is farther.",1.904,rgb,{},1.2452,rgb,No,models/qwen/Qwen3-VL-4B-Instruct,4,check_mailbox_split/Seg3/rgb,4.764,qwen_vl,depth__check_mailbox_split_seg3_check_mailbox__depth_spatial_reasoning__01__input_rgb,Is the staircase located closer to me than the balcony railing?,,depth_spatial_reasoning,depth,check_mailbox_split/Seg3/check_mailbox,depth__check_mailbox_split_seg3_check_mailbox__depth_spatial_reasoning__01,depth_spatial_reasoning,answered
2.86,4,True,8,"[""aligned_dataset/.frames_cache/check_mailbox_split/Seg3/check_mailbox_day_rgb/frame_000000.png"", ""aligned_dataset/.frames_cache/check_mailbox_split/Seg3/check_mailbox_day_rgb/frame_000300.png"", ""aligned_dataset/.frames_cache/check_mailbox_split/Seg3/check_mailbox_day_rgb/frame_000570.png"", ""aligned_dataset/.frames_cache/check_mailbox_split/Seg3/check_mailbox_day_rgb/frame_000870.png"", ""aligned_dataset/.frames_cache/check_mailbox_split/Seg3/check_mailbox_night_rgb/frame_000000.png"", ""aligned_dataset/.frames_cache/check_mailbox_split/Seg3/check_mailbox_night_rgb/frame_000300.png"", ""aligned_dataset/.frames_cache/check_mailbox_split/Seg3/check_mailbox_night_rgb/frame_000570.png"", ""aligned_dataset/.frames_cache/check_mailbox_split/Seg3/check_mailbox_night_rgb/frame_000870.png""]","{""max_new_tokens"": 128, ""do_sample"": false}",The stairwell and balcony.,1.905,rgb,{},1.2966,rgb,Staircase,models/qwen/Qwen3-VL-4B-Instruct,4,check_mailbox_split/Seg3/rgb,4.764,qwen_vl,depth__check_mailbox_split_seg3_check_mailbox__depth_scene_sequence__01__input_rgb,What structure do I pass immediately before entering the open area where cars are parked?,,depth_scene_sequence,depth,check_mailbox_split/Seg3/check_mailbox,depth__check_mailbox_split_seg3_check_mailbox__depth_scene_sequence__01,depth_scene_sequence,answered
2.86,4,True,8,"[""aligned_dataset/.frames_cache/check_mailbox_split/Seg3/check_mailbox_day_rgb/frame_000000.png"", ""aligned_dataset/.frames_cache/check_mailbox_split/Seg3/check_mailbox_day_rgb/frame_000300.png"", ""aligned_dataset/.frames_cache/check_mailbox_split/Seg3/check_mailbox_day_rgb/frame_000570.png"", ""aligned_dataset/.frames_cache/check_mailbox_split/Seg3/check_mailbox_day_rgb/frame_000870.png"", ""aligned_dataset/.frames_cache/check_mailbox_split/Seg3/check_mailbox_night_rgb/frame_000000.png"", ""aligned_dataset/.frames_cache/check_mailbox_split/Seg3/check_mailbox_night_rgb/frame_000300.png"", ""aligned_dataset/.frames_cache/check_mailbox_split/Seg3/check_mailbox_night_rgb/frame_000570.png"", ""aligned_dataset/.frames_cache/check_mailbox_split/Seg3/check_mailbox_night_rgb/frame_000870.png""]","{""max_new_tokens"": 128, ""do_sample"": false}",Two.,1.905,rgb,{},1.2449,rgb,0,models/qwen/Qwen3-VL-4B-Instruct,4,check_mailbox_split/Seg3/rgb,4.764,qwen_vl,depth__check_mailbox_split_seg3_check_mailbox__depth_counting__01__input_rgb,How many cars are visible in the parking area at the end of the sequence?,,depth_counting,depth,check_mailbox_split/Seg3/check_mailbox,depth__check_mailbox_split_seg3_check_mailbox__depth_counting__01,depth_counting,answered
2.86,4,True,8,"[""aligned_dataset/.frames_cache/check_mailbox_split/Seg3/check_mailbox_day_rgb/frame_000000.png"", ""aligned_dataset/.frames_cache/check_mailbox_split/Seg3/check_mailbox_day_rgb/frame_000300.png"", ""aligned_dataset/.frames_cache/check_mailbox_split/Seg3/check_mailbox_day_rgb/frame_000570.png"", ""aligned_dataset/.frames_cache/check_mailbox_split/Seg3/check_mailbox_day_rgb/frame_000870.png"", ""aligned_dataset/.frames_cache/check_mailbox_split/Seg3/check_mailbox_night_rgb/frame_000000.png"", ""aligned_dataset/.frames_cache/check_mailbox_split/Seg3/check_mailbox_night_rgb/frame_000300.png"", ""aligned_dataset/.frames_cache/check_mailbox_split/Seg3/check_mailbox_night_rgb/frame_000570.png"", ""aligned_dataset/.frames_cache/check_mailbox_split/Seg3/check_mailbox_night_rgb/frame_000870.png""]","{""max_new_tokens"": 128, ""do_sample"": false}",Zero.,1.903,rgb,{},1.2458,rgb,1,models/qwen/Qwen3-VL-4B-Instruct,4,check_mailbox_split/Seg3/rgb,4.763,qwen_vl,depth__check_mailbox_split_seg3_check_mailbox__depth_dynamic_counting__01__input_rgb,How many people walk past me during the sequence?,,depth_dynamic_counting,depth,check_mailbox_split/Seg3/check_mailbox,depth__check_mailbox_split_seg3_check_mailbox__depth_dynamic_counting__01,depth_dynamic_counting,answered
2.86,4,True,8,"[""aligned_dataset/.frames_cache/check_mailbox_split/Seg3/check_mailbox_day_rgb/frame_000000.png"", ""aligned_dataset/.frames_cache/check_mailbox_split/Seg3/check_mailbox_day_rgb/frame_000300.png"", ""aligned_dataset/.frames_cache/check_mailbox_split/Seg3/check_mailbox_day_rgb/frame_000570.png"", ""aligned_dataset/.frames_cache/check_mailbox_split/Seg3/check_mailbox_day_rgb/frame_000870.png"", ""aligned_dataset/.frames_cache/check_mailbox_split/Seg3/check_mailbox_night_rgb/frame_000000.png"", ""aligned_dataset/.frames_cache/check_mailbox_split/Seg3/check_mailbox_night_rgb/frame_000300.png"", ""aligned_dataset/.frames_cache/check_mailbox_split/Seg3/check_mailbox_night_rgb/frame_000570.png"", ""aligned_dataset/.frames_cache/check_mailbox_split/Seg3/check_mailbox_night_rgb/frame_000870.png""]","{""max_new_tokens"": 128, ""do_sample"": false}",It leads to an open area.,1.905,rgb,{},1.2759,rgb,Dead-end,models/qwen/Qwen3-VL-4B-Instruct,4,check_mailbox_split/Seg3/rgb,4.765,qwen_vl,depth__check_mailbox_split_seg3_check_mailbox__depth_navigation__01__input_rgb,Is the current path I am following a dead-end or does it lead to an open area?,,depth_navigation,depth,check_mailbox_split/Seg3/check_mailbox,depth__check_mailbox_split_seg3_check_mailbox__depth_navigation__01,depth_navigation,answered
2.86,4,True,8,"[""aligned_dataset/.frames_cache/check_mailbox_split/Seg3/check_mailbox_day_rgb/frame_000000.png"", ""aligned_dataset/.frames_cache/check_mailbox_split/Seg3/check_mailbox_day_rgb/frame_000300.png"", ""aligned_dataset/.frames_cache/check_mailbox_split/Seg3/check_mailbox_day_rgb/frame_000570.png"", ""aligned_dataset/.frames_cache/check_mailbox_split/Seg3/check_mailbox_day_rgb/frame_000870.png"", ""aligned_dataset/.frames_cache/check_mailbox_split/Seg3/check_mailbox_night_rgb/frame_000000.png"", ""aligned_dataset/.frames_cache/check_mailbox_split/Seg3/check_mailbox_night_rgb/frame_000300.png"", ""aligned_dataset/.frames_cache/check_mailbox_split/Seg3/check_mailbox_night_rgb/frame_000570.png"", ""aligned_dataset/.frames_cache/check_mailbox_split/Seg3/check_mailbox_night_rgb/frame_000870.png""]","{""max_new_tokens"": 128, ""do_sample"": false}",Moving forward.,1.904,rgb,{},1.2437,rgb,walking,models/qwen/Qwen3-VL-4B-Instruct,4,check_mailbox_split/Seg3/rgb,4.763,qwen_vl,depth__check_mailbox_split_seg3_check_mailbox__depth_action__01__input_rgb,What is the primary action I am performing as the camera moves?,,depth_action,depth,check_mailbox_split/Seg3/check_mailbox,depth__check_mailbox_split_seg3_check_mailbox__depth_action__01,depth_action,answered
2.86,4,True,8,"[""aligned_dataset/.frames_cache/check_mailbox_split/Seg3/check_mailbox_day_rgb/frame_000000.png"", ""aligned_dataset/.frames_cache/check_mailbox_split/Seg3/check_mailbox_day_rgb/frame_000300.png"", ""aligned_dataset/.frames_cache/check_mailbox_split/Seg3/check_mailbox_day_rgb/frame_000570.png"", ""aligned_dataset/.frames_cache/check_mailbox_split/Seg3/check_mailbox_day_rgb/frame_000870.png"", ""aligned_dataset/.frames_cache/check_mailbox_split/Seg3/check_mailbox_night_rgb/frame_000000.png"", ""aligned_dataset/.frames_cache/check_mailbox_split/Seg3/check_mailbox_night_rgb/frame_000300.png"", ""aligned_dataset/.frames_cache/check_mailbox_split/Seg3/check_mailbox_night_rgb/frame_000570.png"", ""aligned_dataset/.frames_cache/check_mailbox_split/Seg3/check_mailbox_night_rgb/frame_000870.png""]","{""max_new_tokens"": 128, ""do_sample"": false}",No.,1.904,rgb,{},1.2475,rgb,No,models/qwen/Qwen3-VL-4B-Instruct,4,check_mailbox_split/Seg3/rgb,4.764,qwen_vl,depth__check_mailbox_split_seg3_check_mailbox__depth_non_common__01__input_rgb,Are there any floating objects or depth artifacts visible in the corridor walls?,,depth_non_common,depth,check_mailbox_split/Seg3/check_mailbox,depth__check_mailbox_split_seg3_check_mailbox__depth_non_common__01,depth_non_common,answered
2.86,4,True,8,"[""aligned_dataset/.frames_cache/check_mailbox_split/Seg3/check_mailbox_day_rgb/frame_000000.png"", ""aligned_dataset/.frames_cache/check_mailbox_split/Seg3/check_mailbox_day_rgb/frame_000300.png"", ""aligned_dataset/.frames_cache/check_mailbox_split/Seg3/check_mailbox_day_rgb/frame_000570.png"", ""aligned_dataset/.frames_cache/check_mailbox_split/Seg3/check_mailbox_day_rgb/frame_000870.png"", ""aligned_dataset/.frames_cache/check_mailbox_split/Seg3/check_mailbox_night_rgb/frame_000000.png"", ""aligned_dataset/.frames_cache/check_mailbox_split/Seg3/check_mailbox_night_rgb/frame_000300.png"", ""aligned_dataset/.frames_cache/check_mailbox_split/Seg3/check_mailbox_night_rgb/frame_000570.png"", ""aligned_dataset/.frames_cache/check_mailbox_split/Seg3/check_mailbox_night_rgb/frame_000870.png""]","{""max_new_tokens"": 128, ""do_sample"": false}",Mailboxes.,1.905,rgb,{},1.5239,rgb,No object with numerical labels is visible in the provided frames.,models/qwen/Qwen3-VL-4B-Instruct,4,aligned_dataset/check_mailbox_split/Seg3/rgb,4.765,qwen_vl,event__aligned_dataset_check_mailbox_split_seg3_check_mailbox_event__event_object_recognition__01__input_rgb,What object with numerical labels do I pass on the right wall inside the building?,,event_object_recognition,event,aligned_dataset/check_mailbox_split/Seg3/check_mailbox_event,event__aligned_dataset_check_mailbox_split_seg3_check_mailbox_event__event_object_recognition__01,event_object_recognition,answered
2.86,4,True,8,"[""aligned_dataset/.frames_cache/check_mailbox_split/Seg3/check_mailbox_day_rgb/frame_000000.png"", ""aligned_dataset/.frames_cache/check_mailbox_split/Seg3/check_mailbox_day_rgb/frame_000300.png"", ""aligned_dataset/.frames_cache/check_mailbox_split/Seg3/check_mailbox_day_rgb/frame_000570.png"", ""aligned_dataset/.frames_cache/check_mailbox_split/Seg3/check_mailbox_day_rgb/frame_000870.png"", ""aligned_dataset/.frames_cache/check_mailbox_split/Seg3/check_mailbox_night_rgb/frame_000000.png"", ""aligned_dataset/.frames_cache/check_mailbox_split/Seg3/check_mailbox_night_rgb/frame_000300.png"", ""aligned_dataset/.frames_cache/check_mailbox_split/Seg3/check_mailbox_night_rgb/frame_000570.png"", ""aligned_dataset/.frames_cache/check_mailbox_split/Seg3/check_mailbox_night_rgb/frame_000870.png""]","{""max_new_tokens"": 128, ""do_sample"": false}",Outside.,1.905,rgb,{},1.2491,rgb,Outside,models/qwen/Qwen3-VL-4B-Instruct,4,aligned_dataset/check_mailbox_split/Seg3/rgb,4.765,qwen_vl,event__aligned_dataset_check_mailbox_split_seg3_check_mailbox_event__event_spatial_reasoning__01__input_rgb,Is the parked car located inside or outside the building relative to my path?,,event_spatial_reasoning,event,aligned_dataset/check_mailbox_split/Seg3/check_mailbox_event,event__aligned_dataset_check_mailbox_split_seg3_check_mailbox_event__event_spatial_reasoning__01,event_spatial_reasoning,answered
2.86,4,True,8,"[""aligned_dataset/.frames_cache/check_mailbox_split/Seg3/check_mailbox_day_rgb/frame_000000.png"", ""aligned_dataset/.frames_cache/check_mailbox_split/Seg3/check_mailbox_day_rgb/frame_000300.png"", ""aligned_dataset/.frames_cache/check_mailbox_split/Seg3/check_mailbox_day_rgb/frame_000570.png"", ""aligned_dataset/.frames_cache/check_mailbox_split/Seg3/check_mailbox_day_rgb/frame_000870.png"", ""aligned_dataset/.frames_cache/check_mailbox_split/Seg3/check_mailbox_night_rgb/frame_000000.png"", ""aligned_dataset/.frames_cache/check_mailbox_split/Seg3/check_mailbox_night_rgb/frame_000300.png"", ""aligned_dataset/.frames_cache/check_mailbox_split/Seg3/check_mailbox_night_rgb/frame_000570.png"", ""aligned_dataset/.frames_cache/check_mailbox_split/Seg3/check_mailbox_night_rgb/frame_000870.png""]","{""max_new_tokens"": 128, ""do_sample"": false}",Entering an indoor hallway.,1.905,rgb,{},1.4182,rgb,Entering a building through a glass door.,models/qwen/Qwen3-VL-4B-Instruct,4,aligned_dataset/check_mailbox_split/Seg3/rgb,4.764,qwen_vl,event__aligned_dataset_check_mailbox_split_seg3_check_mailbox_event__event_scene_sequence__01__input_rgb,What scene change occurs immediately after I move along the outdoor walkway?,,event_scene_sequence,event,aligned_dataset/check_mailbox_split/Seg3/check_mailbox_event,event__aligned_dataset_check_mailbox_split_seg3_check_mailbox_event__event_scene_sequence__01,event_scene_sequence,answered
2.86,4,False,8,"[""aligned_dataset/.frames_cache/check_mailbox_split/Seg4/check_mailbox_day_rgb/frame_000000.png"", ""aligned_dataset/.frames_cache/check_mailbox_split/Seg4/check_mailbox_day_rgb/frame_000300.png"", ""aligned_dataset/.frames_cache/check_mailbox_split/Seg4/check_mailbox_day_rgb/frame_000570.png"", ""aligned_dataset/.frames_cache/check_mailbox_split/Seg4/check_mailbox_day_rgb/frame_000870.png"", ""aligned_dataset/.frames_cache/check_mailbox_split/Seg4/check_mailbox_night_rgb/frame_000000.png"", ""aligned_dataset/.frames_cache/check_mailbox_split/Seg4/check_mailbox_night_rgb/frame_000300.png"", ""aligned_dataset/.frames_cache/check_mailbox_split/Seg4/check_mailbox_night_rgb/frame_000570.png"", ""aligned_dataset/.frames_cache/check_mailbox_split/Seg4/check_mailbox_night_rgb/frame_000870.png""]","{""max_new_tokens"": 128, ""do_sample"": false}",Rectangular.,1.905,rgb,{},1.3519,rgb,rectangular,models/qwen/Qwen3-VL-4B-Instruct,4,check_mailbox_split/Seg4/rgb,4.765,qwen_vl,depth__check_mailbox_split_seg4_check_mailbox__depth_object_recognition__01__input_rgb,What is the 3D shape of the mailbox slots seen at the end of the video?,,depth_object_recognition,depth,check_mailbox_split/Seg4/check_mailbox,depth__check_mailbox_split_seg4_check_mailbox__depth_object_recognition__01,depth_object_recognition,answered
2.86,4,True,8,"[""aligned_dataset/.frames_cache/check_mailbox_split/Seg4/check_mailbox_day_rgb/frame_000000.png"", ""aligned_dataset/.frames_cache/check_mailbox_split/Seg4/check_mailbox_day_rgb/frame_000300.png"", ""aligned_dataset/.frames_cache/check_mailbox_split/Seg4/check_mailbox_day_rgb/frame_000570.png"", ""aligned_dataset/.frames_cache/check_mailbox_split/Seg4/check_mailbox_day_rgb/frame_000870.png"", ""aligned_dataset/.frames_cache/check_mailbox_split/Seg4/check_mailbox_night_rgb/frame_000000.png"", ""aligned_dataset/.frames_cache/check_mailbox_split/Seg4/check_mailbox_night_rgb/frame_000300.png"", ""aligned_dataset/.frames_cache/check_mailbox_split/Seg4/check_mailbox_night_rgb/frame_000570.png"", ""aligned_dataset/.frames_cache/check_mailbox_split/Seg4/check_mailbox_night_rgb/frame_000870.png""]","{""max_new_tokens"": 128, ""do_sample"": false}",Right.,1.905,rgb,{},1.249,rgb,right,models/qwen/Qwen3-VL-4B-Instruct,4,check_mailbox_split/Seg4/rgb,4.765,qwen_vl,depth__check_mailbox_split_seg4_check_mailbox__depth_spatial_reasoning__01__input_rgb,"As I walk toward the mailboxes, is the staircase on my left or my right?",,depth_spatial_reasoning,depth,check_mailbox_split/Seg4/check_mailbox,depth__check_mailbox_split_seg4_check_mailbox__depth_spatial_reasoning__01,depth_spatial_reasoning,answered
2.86,4,True,8,"[""aligned_dataset/.frames_cache/check_mailbox_split/Seg4/check_mailbox_day_rgb/frame_000000.png"", ""aligned_dataset/.frames_cache/check_mailbox_split/Seg4/check_mailbox_day_rgb/frame_000300.png"", ""aligned_dataset/.frames_cache/check_mailbox_split/Seg4/check_mailbox_day_rgb/frame_000570.png"", ""aligned_dataset/.frames_cache/check_mailbox_split/Seg4/check_mailbox_day_rgb/frame_000870.png"", ""aligned_dataset/.frames_cache/check_mailbox_split/Seg4/check_mailbox_night_rgb/frame_000000.png"", ""aligned_dataset/.frames_cache/check_mailbox_split/Seg4/check_mailbox_night_rgb/frame_000300.png"", ""aligned_dataset/.frames_cache/check_mailbox_split/Seg4/check_mailbox_night_rgb/frame_000570.png"", ""aligned_dataset/.frames_cache/check_mailbox_split/Seg4/check_mailbox_night_rgb/frame_000870.png""]","{""max_new_tokens"": 128, ""do_sample"": false}",Outdoors.,1.904,rgb,{},1.2498,rgb,outside,models/qwen/Qwen3-VL-4B-Instruct,4,check_mailbox_split/Seg4/rgb,4.763,qwen_vl,depth__check_mailbox_split_seg4_check_mailbox__depth_scene_sequence__01__input_rgb,Where am I between passing through the first and second doorway?,,depth_scene_sequence,depth,check_mailbox_split/Seg4/check_mailbox,depth__check_mailbox_split_seg4_check_mailbox__depth_scene_sequence__01,depth_scene_sequence,answered
2.86,4,True,8,"[""aligned_dataset/.frames_cache/check_mailbox_split/Seg4/check_mailbox_day_rgb/frame_000000.png"", ""aligned_dataset/.frames_cache/check_mailbox_split/Seg4/check_mailbox_day_rgb/frame_000300.png"", ""aligned_dataset/.frames_cache/check_mailbox_split/Seg4/check_mailbox_day_rgb/frame_000570.png"", ""aligned_dataset/.frames_cache/check_mailbox_split/Seg4/check_mailbox_day_rgb/frame_000870.png"", ""aligned_dataset/.frames_cache/check_mailbox_split/Seg4/check_mailbox_night_rgb/frame_000000.png"", ""aligned_dataset/.frames_cache/check_mailbox_split/Seg4/check_mailbox_night_rgb/frame_000300.png"", ""aligned_dataset/.frames_cache/check_mailbox_split/Seg4/check_mailbox_night_rgb/frame_000570.png"", ""aligned_dataset/.frames_cache/check_mailbox_split/Seg4/check_mailbox_night_rgb/frame_000870.png""]","{""max_new_tokens"": 128, ""do_sample"": false}",One.,1.903,rgb,{},1.2467,rgb,1,models/qwen/Qwen3-VL-4B-Instruct,4,check_mailbox_split/Seg4/rgb,4.763,qwen_vl,depth__check_mailbox_split_seg4_check_mailbox__depth_counting__01__input_rgb,How many people are walking in the distance?,,depth_counting,depth,check_mailbox_split/Seg4/check_mailbox,depth__check_mailbox_split_seg4_check_mailbox__depth_counting__01,depth_counting,answered
2.86,4,True,8,"[""aligned_dataset/.frames_cache/check_mailbox_split/Seg4/check_mailbox_day_rgb/frame_000000.png"", ""aligned_dataset/.frames_cache/check_mailbox_split/Seg4/check_mailbox_day_rgb/frame_000300.png"", ""aligned_dataset/.frames_cache/check_mailbox_split/Seg4/check_mailbox_day_rgb/frame_000570.png"", ""aligned_dataset/.frames_cache/check_mailbox_split/Seg4/check_mailbox_day_rgb/frame_000870.png"", ""aligned_dataset/.frames_cache/check_mailbox_split/Seg4/check_mailbox_night_rgb/frame_000000.png"", ""aligned_dataset/.frames_cache/check_mailbox_split/Seg4/check_mailbox_night_rgb/frame_000300.png"", ""aligned_dataset/.frames_cache/check_mailbox_split/Seg4/check_mailbox_night_rgb/frame_000570.png"", ""aligned_dataset/.frames_cache/check_mailbox_split/Seg4/check_mailbox_night_rgb/frame_000870.png""]","{""max_new_tokens"": 128, ""do_sample"": false}",One.,1.903,rgb,{},1.246,rgb,1,models/qwen/Qwen3-VL-4B-Instruct,4,check_mailbox_split/Seg4/rgb,4.762,qwen_vl,depth__check_mailbox_split_seg4_check_mailbox__depth_counting__02__input_rgb,How many staircases are visible?,,depth_counting,depth,check_mailbox_split/Seg4/check_mailbox,depth__check_mailbox_split_seg4_check_mailbox__depth_counting__02,depth_counting,answered
2.86,4,True,8,"[""aligned_dataset/.frames_cache/check_mailbox_split/Seg4/check_mailbox_day_rgb/frame_000000.png"", ""aligned_dataset/.frames_cache/check_mailbox_split/Seg4/check_mailbox_day_rgb/frame_000300.png"", ""aligned_dataset/.frames_cache/check_mailbox_split/Seg4/check_mailbox_day_rgb/frame_000570.png"", ""aligned_dataset/.frames_cache/check_mailbox_split/Seg4/check_mailbox_day_rgb/frame_000870.png"", ""aligned_dataset/.frames_cache/check_mailbox_split/Seg4/check_mailbox_night_rgb/frame_000000.png"", ""aligned_dataset/.frames_cache/check_mailbox_split/Seg4/check_mailbox_night_rgb/frame_000300.png"", ""aligned_dataset/.frames_cache/check_mailbox_split/Seg4/check_mailbox_night_rgb/frame_000570.png"", ""aligned_dataset/.frames_cache/check_mailbox_split/Seg4/check_mailbox_night_rgb/frame_000870.png""]","{""max_new_tokens"": 128, ""do_sample"": false}",One.,1.903,rgb,{},1.2456,rgb,1,models/qwen/Qwen3-VL-4B-Instruct,4,check_mailbox_split/Seg4/rgb,4.763,qwen_vl,depth__check_mailbox_split_seg4_check_mailbox__depth_counting__05__input_rgb,How many distinct outdoor garden areas do I visit?,,depth_counting,depth,check_mailbox_split/Seg4/check_mailbox,depth__check_mailbox_split_seg4_check_mailbox__depth_counting__05,depth_counting,answered
2.86,4,True,8,"[""aligned_dataset/.frames_cache/check_mailbox_split/Seg4/check_mailbox_day_rgb/frame_000000.png"", ""aligned_dataset/.frames_cache/check_mailbox_split/Seg4/check_mailbox_day_rgb/frame_000300.png"", ""aligned_dataset/.frames_cache/check_mailbox_split/Seg4/check_mailbox_day_rgb/frame_000570.png"", ""aligned_dataset/.frames_cache/check_mailbox_split/Seg4/check_mailbox_day_rgb/frame_000870.png"", ""aligned_dataset/.frames_cache/check_mailbox_split/Seg4/check_mailbox_night_rgb/frame_000000.png"", ""aligned_dataset/.frames_cache/check_mailbox_split/Seg4/check_mailbox_night_rgb/frame_000300.png"", ""aligned_dataset/.frames_cache/check_mailbox_split/Seg4/check_mailbox_night_rgb/frame_000570.png"", ""aligned_dataset/.frames_cache/check_mailbox_split/Seg4/check_mailbox_night_rgb/frame_000870.png""]","{""max_new_tokens"": 128, ""do_sample"": false}",Two.,1.903,rgb,{},1.2465,rgb,2,models/qwen/Qwen3-VL-4B-Instruct,4,check_mailbox_split/Seg4/rgb,4.763,qwen_vl,depth__check_mailbox_split_seg4_check_mailbox__depth_counting__06__input_rgb,How many times do I pass through a doorway transition?,,depth_counting,depth,check_mailbox_split/Seg4/check_mailbox,depth__check_mailbox_split_seg4_check_mailbox__depth_counting__06,depth_counting,answered
2.86,4,True,8,"[""aligned_dataset/.frames_cache/check_mailbox_split/Seg4/check_mailbox_day_rgb/frame_000000.png"", ""aligned_dataset/.frames_cache/check_mailbox_split/Seg4/check_mailbox_day_rgb/frame_000300.png"", ""aligned_dataset/.frames_cache/check_mailbox_split/Seg4/check_mailbox_day_rgb/frame_000570.png"", ""aligned_dataset/.frames_cache/check_mailbox_split/Seg4/check_mailbox_day_rgb/frame_000870.png"", ""aligned_dataset/.frames_cache/check_mailbox_split/Seg4/check_mailbox_night_rgb/frame_000000.png"", ""aligned_dataset/.frames_cache/check_mailbox_split/Seg4/check_mailbox_night_rgb/frame_000300.png"", ""aligned_dataset/.frames_cache/check_mailbox_split/Seg4/check_mailbox_night_rgb/frame_000570.png"", ""aligned_dataset/.frames_cache/check_mailbox_split/Seg4/check_mailbox_night_rgb/frame_000870.png""]","{""max_new_tokens"": 128, ""do_sample"": false}",One.,1.903,rgb,{},1.2455,rgb,1,models/qwen/Qwen3-VL-4B-Instruct,4,check_mailbox_split/Seg4/rgb,4.763,qwen_vl,depth__check_mailbox_split_seg4_check_mailbox__depth_counting__07__input_rgb,How many human figures appear in the building hallways?,,depth_counting,depth,check_mailbox_split/Seg4/check_mailbox,depth__check_mailbox_split_seg4_check_mailbox__depth_counting__07,depth_counting,answered
2.86,4,True,8,"[""aligned_dataset/.frames_cache/check_mailbox_split/Seg4/check_mailbox_day_rgb/frame_000000.png"", ""aligned_dataset/.frames_cache/check_mailbox_split/Seg4/check_mailbox_day_rgb/frame_000300.png"", ""aligned_dataset/.frames_cache/check_mailbox_split/Seg4/check_mailbox_day_rgb/frame_000570.png"", ""aligned_dataset/.frames_cache/check_mailbox_split/Seg4/check_mailbox_day_rgb/frame_000870.png"", ""aligned_dataset/.frames_cache/check_mailbox_split/Seg4/check_mailbox_night_rgb/frame_000000.png"", ""aligned_dataset/.frames_cache/check_mailbox_split/Seg4/check_mailbox_night_rgb/frame_000300.png"", ""aligned_dataset/.frames_cache/check_mailbox_split/Seg4/check_mailbox_night_rgb/frame_000570.png"", ""aligned_dataset/.frames_cache/check_mailbox_split/Seg4/check_mailbox_night_rgb/frame_000870.png""]","{""max_new_tokens"": 128, ""do_sample"": false}",Zero.,1.903,rgb,{},1.2461,rgb,0,models/qwen/Qwen3-VL-4B-Instruct,4,check_mailbox_split/Seg4/rgb,4.763,qwen_vl,depth__check_mailbox_split_seg4_check_mailbox__depth_dynamic_counting__01__input_rgb,How many people approach me from the front?,,depth_dynamic_counting,depth,check_mailbox_split/Seg4/check_mailbox,depth__check_mailbox_split_seg4_check_mailbox__depth_dynamic_counting__01,depth_dynamic_counting,answered
2.86,4,True,8,"[""aligned_dataset/.frames_cache/check_mailbox_split/Seg4/check_mailbox_day_rgb/frame_000000.png"", ""aligned_dataset/.frames_cache/check_mailbox_split/Seg4/check_mailbox_day_rgb/frame_000300.png"", ""aligned_dataset/.frames_cache/check_mailbox_split/Seg4/check_mailbox_day_rgb/frame_000570.png"", ""aligned_dataset/.frames_cache/check_mailbox_split/Seg4/check_mailbox_day_rgb/frame_000870.png"", ""aligned_dataset/.frames_cache/check_mailbox_split/Seg4/check_mailbox_night_rgb/frame_000000.png"", ""aligned_dataset/.frames_cache/check_mailbox_split/Seg4/check_mailbox_night_rgb/frame_000300.png"", ""aligned_dataset/.frames_cache/check_mailbox_split/Seg4/check_mailbox_night_rgb/frame_000570.png"", ""aligned_dataset/.frames_cache/check_mailbox_split/Seg4/check_mailbox_night_rgb/frame_000870.png""]","{""max_new_tokens"": 128, ""do_sample"": false}",One.,1.903,rgb,{},1.2498,rgb,1,models/qwen/Qwen3-VL-4B-Instruct,4,check_mailbox_split/Seg4/rgb,4.763,qwen_vl,depth__check_mailbox_split_seg4_check_mailbox__depth_dynamic_counting__02__input_rgb,How many people do I see walking away?,,depth_dynamic_counting,depth,check_mailbox_split/Seg4/check_mailbox,depth__check_mailbox_split_seg4_check_mailbox__depth_dynamic_counting__02,depth_dynamic_counting,answered
2.86,4,True,8,"[""aligned_dataset/.frames_cache/check_mailbox_split/Seg4/check_mailbox_day_rgb/frame_000000.png"", ""aligned_dataset/.frames_cache/check_mailbox_split/Seg4/check_mailbox_day_rgb/frame_000300.png"", ""aligned_dataset/.frames_cache/check_mailbox_split/Seg4/check_mailbox_day_rgb/frame_000570.png"", ""aligned_dataset/.frames_cache/check_mailbox_split/Seg4/check_mailbox_day_rgb/frame_000870.png"", ""aligned_dataset/.frames_cache/check_mailbox_split/Seg4/check_mailbox_night_rgb/frame_000000.png"", ""aligned_dataset/.frames_cache/check_mailbox_split/Seg4/check_mailbox_night_rgb/frame_000300.png"", ""aligned_dataset/.frames_cache/check_mailbox_split/Seg4/check_mailbox_night_rgb/frame_000570.png"", ""aligned_dataset/.frames_cache/check_mailbox_split/Seg4/check_mailbox_night_rgb/frame_000870.png""]","{""max_new_tokens"": 128, ""do_sample"": false}",Zero.,1.903,rgb,{},1.2478,rgb,0,models/qwen/Qwen3-VL-4B-Instruct,4,check_mailbox_split/Seg4/rgb,4.763,qwen_vl,depth__check_mailbox_split_seg4_check_mailbox__depth_dynamic_counting__03__input_rgb,How many vehicles are moving in the scene?,,depth_dynamic_counting,depth,check_mailbox_split/Seg4/check_mailbox,depth__check_mailbox_split_seg4_check_mailbox__depth_dynamic_counting__03,depth_dynamic_counting,answered
2.86,4,True,8,"[""aligned_dataset/.frames_cache/check_mailbox_split/Seg4/check_mailbox_day_rgb/frame_000000.png"", ""aligned_dataset/.frames_cache/check_mailbox_split/Seg4/check_mailbox_day_rgb/frame_000300.png"", ""aligned_dataset/.frames_cache/check_mailbox_split/Seg4/check_mailbox_day_rgb/frame_000570.png"", ""aligned_dataset/.frames_cache/check_mailbox_split/Seg4/check_mailbox_day_rgb/frame_000870.png"", ""aligned_dataset/.frames_cache/check_mailbox_split/Seg4/check_mailbox_night_rgb/frame_000000.png"", ""aligned_dataset/.frames_cache/check_mailbox_split/Seg4/check_mailbox_night_rgb/frame_000300.png"", ""aligned_dataset/.frames_cache/check_mailbox_split/Seg4/check_mailbox_night_rgb/frame_000570.png"", ""aligned_dataset/.frames_cache/check_mailbox_split/Seg4/check_mailbox_night_rgb/frame_000870.png""]","{""max_new_tokens"": 128, ""do_sample"": false}",Zero.,1.903,rgb,{},1.2478,rgb,1,models/qwen/Qwen3-VL-4B-Instruct,4,check_mailbox_split/Seg4/rgb,4.763,qwen_vl,depth__check_mailbox_split_seg4_check_mailbox__depth_dynamic_counting__05__input_rgb,How many moving objects pass me on the left?,,depth_dynamic_counting,depth,check_mailbox_split/Seg4/check_mailbox,depth__check_mailbox_split_seg4_check_mailbox__depth_dynamic_counting__05,depth_dynamic_counting,answered
2.86,4,True,8,"[""aligned_dataset/.frames_cache/check_mailbox_split/Seg4/check_mailbox_day_rgb/frame_000000.png"", ""aligned_dataset/.frames_cache/check_mailbox_split/Seg4/check_mailbox_day_rgb/frame_000300.png"", ""aligned_dataset/.frames_cache/check_mailbox_split/Seg4/check_mailbox_day_rgb/frame_000570.png"", ""aligned_dataset/.frames_cache/check_mailbox_split/Seg4/check_mailbox_day_rgb/frame_000870.png"", ""aligned_dataset/.frames_cache/check_mailbox_split/Seg4/check_mailbox_night_rgb/frame_000000.png"", ""aligned_dataset/.frames_cache/check_mailbox_split/Seg4/check_mailbox_night_rgb/frame_000300.png"", ""aligned_dataset/.frames_cache/check_mailbox_split/Seg4/check_mailbox_night_rgb/frame_000570.png"", ""aligned_dataset/.frames_cache/check_mailbox_split/Seg4/check_mailbox_night_rgb/frame_000870.png""]","{""max_new_tokens"": 128, ""do_sample"": false}",One.,1.903,rgb,{},1.2479,rgb,1,models/qwen/Qwen3-VL-4B-Instruct,4,check_mailbox_split/Seg4/rgb,4.763,qwen_vl,depth__check_mailbox_split_seg4_check_mailbox__depth_dynamic_counting__06__input_rgb,How many dynamic entities appear in the outdoor section?,,depth_dynamic_counting,depth,check_mailbox_split/Seg4/check_mailbox,depth__check_mailbox_split_seg4_check_mailbox__depth_dynamic_counting__06,depth_dynamic_counting,answered
2.86,4,True,8,"[""aligned_dataset/.frames_cache/check_mailbox_split/Seg4/check_mailbox_day_rgb/frame_000000.png"", ""aligned_dataset/.frames_cache/check_mailbox_split/Seg4/check_mailbox_day_rgb/frame_000300.png"", ""aligned_dataset/.frames_cache/check_mailbox_split/Seg4/check_mailbox_day_rgb/frame_000570.png"", ""aligned_dataset/.frames_cache/check_mailbox_split/Seg4/check_mailbox_day_rgb/frame_000870.png"", ""aligned_dataset/.frames_cache/check_mailbox_split/Seg4/check_mailbox_night_rgb/frame_000000.png"", ""aligned_dataset/.frames_cache/check_mailbox_split/Seg4/check_mailbox_night_rgb/frame_000300.png"", ""aligned_dataset/.frames_cache/check_mailbox_split/Seg4/check_mailbox_night_rgb/frame_000570.png"", ""aligned_dataset/.frames_cache/check_mailbox_split/Seg4/check_mailbox_night_rgb/frame_000870.png""]","{""max_new_tokens"": 128, ""do_sample"": false}",One.,1.904,rgb,{},1.2481,rgb,1,models/qwen/Qwen3-VL-4B-Instruct,4,check_mailbox_split/Seg4/rgb,4.763,qwen_vl,depth__check_mailbox_split_seg4_check_mailbox__depth_dynamic_counting__08__input_rgb,How many human figures are seen throughout the entire sequence?,,depth_dynamic_counting,depth,check_mailbox_split/Seg4/check_mailbox,depth__check_mailbox_split_seg4_check_mailbox__depth_dynamic_counting__08,depth_dynamic_counting,answered
2.86,4,True,8,"[""aligned_dataset/.frames_cache/check_mailbox_split/Seg4/check_mailbox_day_rgb/frame_000000.png"", ""aligned_dataset/.frames_cache/check_mailbox_split/Seg4/check_mailbox_day_rgb/frame_000300.png"", ""aligned_dataset/.frames_cache/check_mailbox_split/Seg4/check_mailbox_day_rgb/frame_000570.png"", ""aligned_dataset/.frames_cache/check_mailbox_split/Seg4/check_mailbox_day_rgb/frame_000870.png"", ""aligned_dataset/.frames_cache/check_mailbox_split/Seg4/check_mailbox_night_rgb/frame_000000.png"", ""aligned_dataset/.frames_cache/check_mailbox_split/Seg4/check_mailbox_night_rgb/frame_000300.png"", ""aligned_dataset/.frames_cache/check_mailbox_split/Seg4/check_mailbox_night_rgb/frame_000570.png"", ""aligned_dataset/.frames_cache/check_mailbox_split/Seg4/check_mailbox_night_rgb/frame_000870.png""]","{""max_new_tokens"": 128, ""do_sample"": false}",A staircase.,1.905,rgb,{},1.3044,rgb,Staircase,models/qwen/Qwen3-VL-4B-Instruct,4,check_mailbox_split/Seg4/rgb,4.765,qwen_vl,depth__check_mailbox_split_seg4_check_mailbox__depth_navigation__01__input_rgb,What landmark is visible on the right side of the hallway as I approach the end of my path?,,depth_navigation,depth,check_mailbox_split/Seg4/check_mailbox,depth__check_mailbox_split_seg4_check_mailbox__depth_navigation__01,depth_navigation,answered
2.86,4,True,8,"[""aligned_dataset/.frames_cache/check_mailbox_split/Seg4/check_mailbox_day_rgb/frame_000000.png"", ""aligned_dataset/.frames_cache/check_mailbox_split/Seg4/check_mailbox_day_rgb/frame_000300.png"", ""aligned_dataset/.frames_cache/check_mailbox_split/Seg4/check_mailbox_day_rgb/frame_000570.png"", ""aligned_dataset/.frames_cache/check_mailbox_split/Seg4/check_mailbox_day_rgb/frame_000870.png"", ""aligned_dataset/.frames_cache/check_mailbox_split/Seg4/check_mailbox_night_rgb/frame_000000.png"", ""aligned_dataset/.frames_cache/check_mailbox_split/Seg4/check_mailbox_night_rgb/frame_000300.png"", ""aligned_dataset/.frames_cache/check_mailbox_split/Seg4/check_mailbox_night_rgb/frame_000570.png"", ""aligned_dataset/.frames_cache/check_mailbox_split/Seg4/check_mailbox_night_rgb/frame_000870.png""]","{""max_new_tokens"": 128, ""do_sample"": false}",No.,1.903,rgb,{},1.2493,rgb,No,models/qwen/Qwen3-VL-4B-Instruct,4,check_mailbox_split/Seg4/rgb,4.763,qwen_vl,depth__check_mailbox_split_seg4_check_mailbox__depth_dynamic_recognition__01__input_rgb,Is the person in the distance moving toward me?,,depth_dynamic_recognition,depth,check_mailbox_split/Seg4/check_mailbox,depth__check_mailbox_split_seg4_check_mailbox__depth_dynamic_recognition__01,depth_dynamic_recognition,answered
2.86,4,True,8,"[""aligned_dataset/.frames_cache/check_mailbox_split/Seg4/check_mailbox_day_rgb/frame_000000.png"", ""aligned_dataset/.frames_cache/check_mailbox_split/Seg4/check_mailbox_day_rgb/frame_000300.png"", ""aligned_dataset/.frames_cache/check_mailbox_split/Seg4/check_mailbox_day_rgb/frame_000570.png"", ""aligned_dataset/.frames_cache/check_mailbox_split/Seg4/check_mailbox_day_rgb/frame_000870.png"", ""aligned_dataset/.frames_cache/check_mailbox_split/Seg4/check_mailbox_night_rgb/frame_000000.png"", ""aligned_dataset/.frames_cache/check_mailbox_split/Seg4/check_mailbox_night_rgb/frame_000300.png"", ""aligned_dataset/.frames_cache/check_mailbox_split/Seg4/check_mailbox_night_rgb/frame_000570.png"", ""aligned_dataset/.frames_cache/check_mailbox_split/Seg4/check_mailbox_night_rgb/frame_000870.png""]","{""max_new_tokens"": 128, ""do_sample"": false}",Yes.,1.903,rgb,{},1.2509,rgb,No,models/qwen/Qwen3-VL-4B-Instruct,4,check_mailbox_split/Seg4/rgb,4.763,qwen_vl,depth__check_mailbox_split_seg4_check_mailbox__depth_dynamic_recognition__02__input_rgb,Does the person vanish behind a wall?,,depth_dynamic_recognition,depth,check_mailbox_split/Seg4/check_mailbox,depth__check_mailbox_split_seg4_check_mailbox__depth_dynamic_recognition__02,depth_dynamic_recognition,answered
2.86,4,True,8,"[""aligned_dataset/.frames_cache/check_mailbox_split/Seg4/check_mailbox_day_rgb/frame_000000.png"", ""aligned_dataset/.frames_cache/check_mailbox_split/Seg4/check_mailbox_day_rgb/frame_000300.png"", ""aligned_dataset/.frames_cache/check_mailbox_split/Seg4/check_mailbox_day_rgb/frame_000570.png"", ""aligned_dataset/.frames_cache/check_mailbox_split/Seg4/check_mailbox_day_rgb/frame_000870.png"", ""aligned_dataset/.frames_cache/check_mailbox_split/Seg4/check_mailbox_night_rgb/frame_000000.png"", ""aligned_dataset/.frames_cache/check_mailbox_split/Seg4/check_mailbox_night_rgb/frame_000300.png"", ""aligned_dataset/.frames_cache/check_mailbox_split/Seg4/check_mailbox_night_rgb/frame_000570.png"", ""aligned_dataset/.frames_cache/check_mailbox_split/Seg4/check_mailbox_night_rgb/frame_000870.png""]","{""max_new_tokens"": 128, ""do_sample"": false}",Frame 300.,1.904,rgb,{},1.4494,rgb,frame_000300.png,models/qwen/Qwen3-VL-4B-Instruct,4,check_mailbox_split/Seg4/rgb,4.764,qwen_vl,depth__check_mailbox_split_seg4_check_mailbox__depth_dynamic_recognition__03__input_rgb,At what frame does the person first appear in the distance?,,depth_dynamic_recognition,depth,check_mailbox_split/Seg4/check_mailbox,depth__check_mailbox_split_seg4_check_mailbox__depth_dynamic_recognition__03,depth_dynamic_recognition,answered
2.86,4,True,8,"[""aligned_dataset/.frames_cache/check_mailbox_split/Seg4/check_mailbox_day_rgb/frame_000000.png"", ""aligned_dataset/.frames_cache/check_mailbox_split/Seg4/check_mailbox_day_rgb/frame_000300.png"", ""aligned_dataset/.frames_cache/check_mailbox_split/Seg4/check_mailbox_day_rgb/frame_000570.png"", ""aligned_dataset/.frames_cache/check_mailbox_split/Seg4/check_mailbox_day_rgb/frame_000870.png"", ""aligned_dataset/.frames_cache/check_mailbox_split/Seg4/check_mailbox_night_rgb/frame_000000.png"", ""aligned_dataset/.frames_cache/check_mailbox_split/Seg4/check_mailbox_night_rgb/frame_000300.png"", ""aligned_dataset/.frames_cache/check_mailbox_split/Seg4/check_mailbox_night_rgb/frame_000570.png"", ""aligned_dataset/.frames_cache/check_mailbox_split/Seg4/check_mailbox_night_rgb/frame_000870.png""]","{""max_new_tokens"": 128, ""do_sample"": false}",No.,1.903,rgb,{},1.2455,rgb,No,models/qwen/Qwen3-VL-4B-Instruct,4,check_mailbox_split/Seg4/rgb,4.763,qwen_vl,depth__check_mailbox_split_seg4_check_mailbox__depth_dynamic_recognition__04__input_rgb,Is there a car moving in the background?,,depth_dynamic_recognition,depth,check_mailbox_split/Seg4/check_mailbox,depth__check_mailbox_split_seg4_check_mailbox__depth_dynamic_recognition__04,depth_dynamic_recognition,answered
2.86,4,True,8,"[""aligned_dataset/.frames_cache/check_mailbox_split/Seg4/check_mailbox_day_rgb/frame_000000.png"", ""aligned_dataset/.frames_cache/check_mailbox_split/Seg4/check_mailbox_day_rgb/frame_000300.png"", ""aligned_dataset/.frames_cache/check_mailbox_split/Seg4/check_mailbox_day_rgb/frame_000570.png"", ""aligned_dataset/.frames_cache/check_mailbox_split/Seg4/check_mailbox_day_rgb/frame_000870.png"", ""aligned_dataset/.frames_cache/check_mailbox_split/Seg4/check_mailbox_night_rgb/frame_000000.png"", ""aligned_dataset/.frames_cache/check_mailbox_split/Seg4/check_mailbox_night_rgb/frame_000300.png"", ""aligned_dataset/.frames_cache/check_mailbox_split/Seg4/check_mailbox_night_rgb/frame_000570.png"", ""aligned_dataset/.frames_cache/check_mailbox_split/Seg4/check_mailbox_night_rgb/frame_000870.png""]","{""max_new_tokens"": 128, ""do_sample"": false}",Yes.,1.903,rgb,{},1.2475,rgb,Yes,models/qwen/Qwen3-VL-4B-Instruct,4,check_mailbox_split/Seg4/rgb,4.763,qwen_vl,depth__check_mailbox_split_seg4_check_mailbox__depth_dynamic_recognition__05__input_rgb,Does the human figure enter a doorway?,,depth_dynamic_recognition,depth,check_mailbox_split/Seg4/check_mailbox,depth__check_mailbox_split_seg4_check_mailbox__depth_dynamic_recognition__05,depth_dynamic_recognition,answered
2.86,4,True,8,"[""aligned_dataset/.frames_cache/check_mailbox_split/Seg4/check_mailbox_day_rgb/frame_000000.png"", ""aligned_dataset/.frames_cache/check_mailbox_split/Seg4/check_mailbox_day_rgb/frame_000300.png"", ""aligned_dataset/.frames_cache/check_mailbox_split/Seg4/check_mailbox_day_rgb/frame_000570.png"", ""aligned_dataset/.frames_cache/check_mailbox_split/Seg4/check_mailbox_day_rgb/frame_000870.png"", ""aligned_dataset/.frames_cache/check_mailbox_split/Seg4/check_mailbox_night_rgb/frame_000000.png"", ""aligned_dataset/.frames_cache/check_mailbox_split/Seg4/check_mailbox_night_rgb/frame_000300.png"", ""aligned_dataset/.frames_cache/check_mailbox_split/Seg4/check_mailbox_night_rgb/frame_000570.png"", ""aligned_dataset/.frames_cache/check_mailbox_split/Seg4/check_mailbox_night_rgb/frame_000870.png""]","{""max_new_tokens"": 128, ""do_sample"": false}",Yes.,1.903,rgb,{},1.2468,rgb,Yes,models/qwen/Qwen3-VL-4B-Instruct,4,check_mailbox_split/Seg4/rgb,4.763,qwen_vl,depth__check_mailbox_split_seg4_check_mailbox__depth_dynamic_recognition__06__input_rgb,Is the dynamic object a person?,,depth_dynamic_recognition,depth,check_mailbox_split/Seg4/check_mailbox,depth__check_mailbox_split_seg4_check_mailbox__depth_dynamic_recognition__06,depth_dynamic_recognition,answered
2.86,4,True,8,"[""aligned_dataset/.frames_cache/check_mailbox_split/Seg4/check_mailbox_day_rgb/frame_000000.png"", ""aligned_dataset/.frames_cache/check_mailbox_split/Seg4/check_mailbox_day_rgb/frame_000300.png"", ""aligned_dataset/.frames_cache/check_mailbox_split/Seg4/check_mailbox_day_rgb/frame_000570.png"", ""aligned_dataset/.frames_cache/check_mailbox_split/Seg4/check_mailbox_day_rgb/frame_000870.png"", ""aligned_dataset/.frames_cache/check_mailbox_split/Seg4/check_mailbox_night_rgb/frame_000000.png"", ""aligned_dataset/.frames_cache/check_mailbox_split/Seg4/check_mailbox_night_rgb/frame_000300.png"", ""aligned_dataset/.frames_cache/check_mailbox_split/Seg4/check_mailbox_night_rgb/frame_000570.png"", ""aligned_dataset/.frames_cache/check_mailbox_split/Seg4/check_mailbox_night_rgb/frame_000870.png""]","{""max_new_tokens"": 128, ""do_sample"": false}",Walking forward.,1.903,rgb,{},1.2724,rgb,Check mailbox,models/qwen/Qwen3-VL-4B-Instruct,4,check_mailbox_split/Seg4/rgb,4.763,qwen_vl,depth__check_mailbox_split_seg4_check_mailbox__depth_action__01__input_rgb,What is my primary action during the video?,,depth_action,depth,check_mailbox_split/Seg4/check_mailbox,depth__check_mailbox_split_seg4_check_mailbox__depth_action__01,depth_action,answered
2.86,4,True,8,"[""aligned_dataset/.frames_cache/check_mailbox_split/Seg4/check_mailbox_day_rgb/frame_000000.png"", ""aligned_dataset/.frames_cache/check_mailbox_split/Seg4/check_mailbox_day_rgb/frame_000300.png"", ""aligned_dataset/.frames_cache/check_mailbox_split/Seg4/check_mailbox_day_rgb/frame_000570.png"", ""aligned_dataset/.frames_cache/check_mailbox_split/Seg4/check_mailbox_day_rgb/frame_000870.png"", ""aligned_dataset/.frames_cache/check_mailbox_split/Seg4/check_mailbox_night_rgb/frame_000000.png"", ""aligned_dataset/.frames_cache/check_mailbox_split/Seg4/check_mailbox_night_rgb/frame_000300.png"", ""aligned_dataset/.frames_cache/check_mailbox_split/Seg4/check_mailbox_night_rgb/frame_000570.png"", ""aligned_dataset/.frames_cache/check_mailbox_split/Seg4/check_mailbox_night_rgb/frame_000870.png""]","{""max_new_tokens"": 128, ""do_sample"": false}",Mailboxes.,1.903,rgb,{},1.2456,rgb,mailbox,models/qwen/Qwen3-VL-4B-Instruct,4,check_mailbox_split/Seg4/rgb,4.763,qwen_vl,depth__check_mailbox_split_seg4_check_mailbox__depth_action__02__input_rgb,Which object do I interact with at the end?,,depth_action,depth,check_mailbox_split/Seg4/check_mailbox,depth__check_mailbox_split_seg4_check_mailbox__depth_action__02,depth_action,answered
2.86,4,True,8,"[""aligned_dataset/.frames_cache/check_mailbox_split/Seg4/check_mailbox_day_rgb/frame_000000.png"", ""aligned_dataset/.frames_cache/check_mailbox_split/Seg4/check_mailbox_day_rgb/frame_000300.png"", ""aligned_dataset/.frames_cache/check_mailbox_split/Seg4/check_mailbox_day_rgb/frame_000570.png"", ""aligned_dataset/.frames_cache/check_mailbox_split/Seg4/check_mailbox_day_rgb/frame_000870.png"", ""aligned_dataset/.frames_cache/check_mailbox_split/Seg4/check_mailbox_night_rgb/frame_000000.png"", ""aligned_dataset/.frames_cache/check_mailbox_split/Seg4/check_mailbox_night_rgb/frame_000300.png"", ""aligned_dataset/.frames_cache/check_mailbox_split/Seg4/check_mailbox_night_rgb/frame_000570.png"", ""aligned_dataset/.frames_cache/check_mailbox_split/Seg4/check_mailbox_night_rgb/frame_000870.png""]","{""max_new_tokens"": 128, ""do_sample"": false}",Yes.,1.903,rgb,{},1.2455,rgb,Yes,models/qwen/Qwen3-VL-4B-Instruct,4,check_mailbox_split/Seg4/rgb,4.763,qwen_vl,depth__check_mailbox_split_seg4_check_mailbox__depth_action__03__input_rgb,Do I use my hand to reach for the mailboxes?,,depth_action,depth,check_mailbox_split/Seg4/check_mailbox,depth__check_mailbox_split_seg4_check_mailbox__depth_action__03,depth_action,answered
2.86,4,False,8,"[""aligned_dataset/.frames_cache_event/check_mailbox_split/Seg1/check_mailbox_day_event/frame_000000.png"", ""aligned_dataset/.frames_cache_event/check_mailbox_split/Seg1/check_mailbox_day_event/frame_000300.png"", ""aligned_dataset/.frames_cache_event/check_mailbox_split/Seg1/check_mailbox_day_event/frame_000570.png"", ""aligned_dataset/.frames_cache_event/check_mailbox_split/Seg1/check_mailbox_day_event/frame_000870.png"", ""aligned_dataset/.frames_cache_event/check_mailbox_split/Seg1/check_mailbox_night_event/frame_000000.png"", ""aligned_dataset/.frames_cache_event/check_mailbox_split/Seg1/check_mailbox_night_event/frame_000300.png"", ""aligned_dataset/.frames_cache_event/check_mailbox_split/Seg1/check_mailbox_night_event/frame_000570.png"", ""aligned_dataset/.frames_cache_event/check_mailbox_split/Seg1/check_mailbox_night_event/frame_000870.png""]","{""max_new_tokens"": 128, ""do_sample"": false}",A doorway.,1.904,event,{},1.3677,event,Doorway,models/qwen/Qwen3-VL-4B-Instruct,4,check_mailbox_split/Seg1/event,4.764,qwen_vl,depth__check_mailbox_split_seg1_check_mailbox__depth_object_recognition__01__input_event,What is the primary geometric structure visible that connects two distinct spaces?,,depth_object_recognition,depth,check_mailbox_split/Seg1/check_mailbox,depth__check_mailbox_split_seg1_check_mailbox__depth_object_recognition__01,depth_object_recognition,answered
2.86,4,True,8,"[""aligned_dataset/.frames_cache_event/check_mailbox_split/Seg1/check_mailbox_day_event/frame_000000.png"", ""aligned_dataset/.frames_cache_event/check_mailbox_split/Seg1/check_mailbox_day_event/frame_000300.png"", ""aligned_dataset/.frames_cache_event/check_mailbox_split/Seg1/check_mailbox_day_event/frame_000570.png"", ""aligned_dataset/.frames_cache_event/check_mailbox_split/Seg1/check_mailbox_day_event/frame_000870.png"", ""aligned_dataset/.frames_cache_event/check_mailbox_split/Seg1/check_mailbox_night_event/frame_000000.png"", ""aligned_dataset/.frames_cache_event/check_mailbox_split/Seg1/check_mailbox_night_event/frame_000300.png"", ""aligned_dataset/.frames_cache_event/check_mailbox_split/Seg1/check_mailbox_night_event/frame_000570.png"", ""aligned_dataset/.frames_cache_event/check_mailbox_split/Seg1/check_mailbox_night_event/frame_000870.png""]","{""max_new_tokens"": 128, ""do_sample"": false}","Yes, it is closer.",1.905,event,{},1.2517,event,Yes,models/qwen/Qwen3-VL-4B-Instruct,4,check_mailbox_split/Seg1/event,4.765,qwen_vl,depth__check_mailbox_split_seg1_check_mailbox__depth_spatial_reasoning__01__input_event,Is the table-like object closer to me than the items on the floor in the further room?,,depth_spatial_reasoning,depth,check_mailbox_split/Seg1/check_mailbox,depth__check_mailbox_split_seg1_check_mailbox__depth_spatial_reasoning__01,depth_spatial_reasoning,answered
2.86,4,True,8,"[""aligned_dataset/.frames_cache_event/check_mailbox_split/Seg1/check_mailbox_day_event/frame_000000.png"", ""aligned_dataset/.frames_cache_event/check_mailbox_split/Seg1/check_mailbox_day_event/frame_000300.png"", ""aligned_dataset/.frames_cache_event/check_mailbox_split/Seg1/check_mailbox_day_event/frame_000570.png"", ""aligned_dataset/.frames_cache_event/check_mailbox_split/Seg1/check_mailbox_day_event/frame_000870.png"", ""aligned_dataset/.frames_cache_event/check_mailbox_split/Seg1/check_mailbox_night_event/frame_000000.png"", ""aligned_dataset/.frames_cache_event/check_mailbox_split/Seg1/check_mailbox_night_event/frame_000300.png"", ""aligned_dataset/.frames_cache_event/check_mailbox_split/Seg1/check_mailbox_night_event/frame_000570.png"", ""aligned_dataset/.frames_cache_event/check_mailbox_split/Seg1/check_mailbox_night_event/frame_000870.png""]","{""max_new_tokens"": 128, ""do_sample"": false}",From a room through a doorway into a second room.,1.903,event,{},1.4496,event,"From inside to outside, then back inside.",models/qwen/Qwen3-VL-4B-Instruct,4,check_mailbox_split/Seg1/event,4.763,qwen_vl,depth__check_mailbox_split_seg1_check_mailbox__depth_scene_sequence__01__input_event,What is the sequence of spaces I move through?,,depth_scene_sequence,depth,check_mailbox_split/Seg1/check_mailbox,depth__check_mailbox_split_seg1_check_mailbox__depth_scene_sequence__01,depth_scene_sequence,answered
2.86,4,True,8,"[""aligned_dataset/.frames_cache_event/check_mailbox_split/Seg1/check_mailbox_day_event/frame_000000.png"", ""aligned_dataset/.frames_cache_event/check_mailbox_split/Seg1/check_mailbox_day_event/frame_000300.png"", ""aligned_dataset/.frames_cache_event/check_mailbox_split/Seg1/check_mailbox_day_event/frame_000570.png"", ""aligned_dataset/.frames_cache_event/check_mailbox_split/Seg1/check_mailbox_day_event/frame_000870.png"", ""aligned_dataset/.frames_cache_event/check_mailbox_split/Seg1/check_mailbox_night_event/frame_000000.png"", ""aligned_dataset/.frames_cache_event/check_mailbox_split/Seg1/check_mailbox_night_event/frame_000300.png"", ""aligned_dataset/.frames_cache_event/check_mailbox_split/Seg1/check_mailbox_night_event/frame_000570.png"", ""aligned_dataset/.frames_cache_event/check_mailbox_split/Seg1/check_mailbox_night_event/frame_000870.png""]","{""max_new_tokens"": 128, ""do_sample"": false}","Yes, it is clear.",1.903,event,{},1.2485,event,Yes,models/qwen/Qwen3-VL-4B-Instruct,4,check_mailbox_split/Seg1/event,4.763,qwen_vl,depth__check_mailbox_split_seg1_check_mailbox__depth_navigation__01__input_event,Is the pathway through the door clear for movement?,,depth_navigation,depth,check_mailbox_split/Seg1/check_mailbox,depth__check_mailbox_split_seg1_check_mailbox__depth_navigation__01,depth_navigation,answered
2.86,4,True,8,"[""aligned_dataset/.frames_cache_event/check_mailbox_split/Seg1/check_mailbox_day_event/frame_000000.png"", ""aligned_dataset/.frames_cache_event/check_mailbox_split/Seg1/check_mailbox_day_event/frame_000300.png"", ""aligned_dataset/.frames_cache_event/check_mailbox_split/Seg1/check_mailbox_day_event/frame_000570.png"", ""aligned_dataset/.frames_cache_event/check_mailbox_split/Seg1/check_mailbox_day_event/frame_000870.png"", ""aligned_dataset/.frames_cache_event/check_mailbox_split/Seg1/check_mailbox_night_event/frame_000000.png"", ""aligned_dataset/.frames_cache_event/check_mailbox_split/Seg1/check_mailbox_night_event/frame_000300.png"", ""aligned_dataset/.frames_cache_event/check_mailbox_split/Seg1/check_mailbox_night_event/frame_000570.png"", ""aligned_dataset/.frames_cache_event/check_mailbox_split/Seg1/check_mailbox_night_event/frame_000870.png""]","{""max_new_tokens"": 128, ""do_sample"": false}","Yes, they are.",1.903,event,{},1.2484,event,No,models/qwen/Qwen3-VL-4B-Instruct,4,check_mailbox_split/Seg1/event,4.763,qwen_vl,depth__check_mailbox_split_seg1_check_mailbox__depth_dynamic_recognition__01__input_event,Is the person moving closer to me?,,depth_dynamic_recognition,depth,check_mailbox_split/Seg1/check_mailbox,depth__check_mailbox_split_seg1_check_mailbox__depth_dynamic_recognition__01,depth_dynamic_recognition,answered
2.86,4,True,8,"[""aligned_dataset/.frames_cache_event/check_mailbox_split/Seg1/check_mailbox_day_event/frame_000000.png"", ""aligned_dataset/.frames_cache_event/check_mailbox_split/Seg1/check_mailbox_day_event/frame_000300.png"", ""aligned_dataset/.frames_cache_event/check_mailbox_split/Seg1/check_mailbox_day_event/frame_000570.png"", ""aligned_dataset/.frames_cache_event/check_mailbox_split/Seg1/check_mailbox_day_event/frame_000870.png"", ""aligned_dataset/.frames_cache_event/check_mailbox_split/Seg1/check_mailbox_night_event/frame_000000.png"", ""aligned_dataset/.frames_cache_event/check_mailbox_split/Seg1/check_mailbox_night_event/frame_000300.png"", ""aligned_dataset/.frames_cache_event/check_mailbox_split/Seg1/check_mailbox_night_event/frame_000570.png"", ""aligned_dataset/.frames_cache_event/check_mailbox_split/Seg1/check_mailbox_night_event/frame_000870.png""]","{""max_new_tokens"": 128, ""do_sample"": false}",Moving through a doorway.,1.903,event,{},1.248,event,walking,models/qwen/Qwen3-VL-4B-Instruct,4,check_mailbox_split/Seg1/event,4.762,qwen_vl,depth__check_mailbox_split_seg1_check_mailbox__depth_action__01__input_event,What is my primary action in the video?,,depth_action,depth,check_mailbox_split/Seg1/check_mailbox,depth__check_mailbox_split_seg1_check_mailbox__depth_action__01,depth_action,answered
2.86,4,True,8,"[""aligned_dataset/.frames_cache_event/check_mailbox_split/Seg1/check_mailbox_day_event/frame_000000.png"", ""aligned_dataset/.frames_cache_event/check_mailbox_split/Seg1/check_mailbox_day_event/frame_000300.png"", ""aligned_dataset/.frames_cache_event/check_mailbox_split/Seg1/check_mailbox_day_event/frame_000570.png"", ""aligned_dataset/.frames_cache_event/check_mailbox_split/Seg1/check_mailbox_day_event/frame_000870.png"", ""aligned_dataset/.frames_cache_event/check_mailbox_split/Seg1/check_mailbox_night_event/frame_000000.png"", ""aligned_dataset/.frames_cache_event/check_mailbox_split/Seg1/check_mailbox_night_event/frame_000300.png"", ""aligned_dataset/.frames_cache_event/check_mailbox_split/Seg1/check_mailbox_night_event/frame_000570.png"", ""aligned_dataset/.frames_cache_event/check_mailbox_split/Seg1/check_mailbox_night_event/frame_000870.png""]","{""max_new_tokens"": 128, ""do_sample"": false}","No, there are none.",1.903,event,{},1.2467,event,No,models/qwen/Qwen3-VL-4B-Instruct,4,check_mailbox_split/Seg1/event,4.763,qwen_vl,depth__check_mailbox_split_seg1_check_mailbox__depth_non_common__01__input_event,Are there any floating objects or impossible geometry in the scene?,,depth_non_common,depth,check_mailbox_split/Seg1/check_mailbox,depth__check_mailbox_split_seg1_check_mailbox__depth_non_common__01,depth_non_common,answered
2.86,4,True,8,"[""aligned_dataset/.frames_cache_event/check_mailbox_split/Seg1/check_mailbox_day_event/frame_000000.png"", ""aligned_dataset/.frames_cache_event/check_mailbox_split/Seg1/check_mailbox_day_event/frame_000300.png"", ""aligned_dataset/.frames_cache_event/check_mailbox_split/Seg1/check_mailbox_day_event/frame_000570.png"", ""aligned_dataset/.frames_cache_event/check_mailbox_split/Seg1/check_mailbox_day_event/frame_000870.png"", ""aligned_dataset/.frames_cache_event/check_mailbox_split/Seg1/check_mailbox_night_event/frame_000000.png"", ""aligned_dataset/.frames_cache_event/check_mailbox_split/Seg1/check_mailbox_night_event/frame_000300.png"", ""aligned_dataset/.frames_cache_event/check_mailbox_split/Seg1/check_mailbox_night_event/frame_000570.png"", ""aligned_dataset/.frames_cache_event/check_mailbox_split/Seg1/check_mailbox_night_event/frame_000870.png""]","{""max_new_tokens"": 128, ""do_sample"": false}",The spray bottle on the dresser is red.,1.904,event,{},1.2492,event,gray,models/qwen/Qwen3-VL-4B-Instruct,4,aligned_dataset/check_mailbox_split/Seg1/event,4.764,qwen_vl,rgb__aligned_dataset_check_mailbox_split_seg1_check_mailbox_rgb__object_recognition__01__input_event,What color is the spray bottle located on top of the dresser?,,object_recognition,rgb,aligned_dataset/check_mailbox_split/Seg1/check_mailbox_rgb,rgb__aligned_dataset_check_mailbox_split_seg1_check_mailbox_rgb__object_recognition__01,object_recognition,answered
2.86,4,True,8,"[""aligned_dataset/.frames_cache_event/check_mailbox_split/Seg1/check_mailbox_day_event/frame_000000.png"", ""aligned_dataset/.frames_cache_event/check_mailbox_split/Seg1/check_mailbox_day_event/frame_000300.png"", ""aligned_dataset/.frames_cache_event/check_mailbox_split/Seg1/check_mailbox_day_event/frame_000570.png"", ""aligned_dataset/.frames_cache_event/check_mailbox_split/Seg1/check_mailbox_day_event/frame_000870.png"", ""aligned_dataset/.frames_cache_event/check_mailbox_split/Seg1/check_mailbox_night_event/frame_000000.png"", ""aligned_dataset/.frames_cache_event/check_mailbox_split/Seg1/check_mailbox_night_event/frame_000300.png"", ""aligned_dataset/.frames_cache_event/check_mailbox_split/Seg1/check_mailbox_night_event/frame_000570.png"", ""aligned_dataset/.frames_cache_event/check_mailbox_split/Seg1/check_mailbox_night_event/frame_000870.png""]","{""max_new_tokens"": 128, ""do_sample"": false}",The grey floor mat is located on the floor to the left of the shoe rack.,1.904,event,{},1.2979,event,To the right,models/qwen/Qwen3-VL-4B-Instruct,4,aligned_dataset/check_mailbox_split/Seg1/event,4.764,qwen_vl,rgb__aligned_dataset_check_mailbox_split_seg1_check_mailbox_rgb__spatial_reasoning__01__input_event,Where is the grey floor mat located in relation to the shoe rack?,,spatial_reasoning,rgb,aligned_dataset/check_mailbox_split/Seg1/check_mailbox_rgb,rgb__aligned_dataset_check_mailbox_split_seg1_check_mailbox_rgb__spatial_reasoning__01,spatial_reasoning,answered
2.86,4,True,8,"[""aligned_dataset/.frames_cache_event/check_mailbox_split/Seg1/check_mailbox_day_event/frame_000000.png"", ""aligned_dataset/.frames_cache_event/check_mailbox_split/Seg1/check_mailbox_day_event/frame_000300.png"", ""aligned_dataset/.frames_cache_event/check_mailbox_split/Seg1/check_mailbox_day_event/frame_000570.png"", ""aligned_dataset/.frames_cache_event/check_mailbox_split/Seg1/check_mailbox_day_event/frame_000870.png"", ""aligned_dataset/.frames_cache_event/check_mailbox_split/Seg1/check_mailbox_night_event/frame_000000.png"", ""aligned_dataset/.frames_cache_event/check_mailbox_split/Seg1/check_mailbox_night_event/frame_000300.png"", ""aligned_dataset/.frames_cache_event/check_mailbox_split/Seg1/check_mailbox_night_event/frame_000570.png"", ""aligned_dataset/.frames_cache_event/check_mailbox_split/Seg1/check_mailbox_night_event/frame_000870.png""]","{""max_new_tokens"": 128, ""do_sample"": false}","The room numbers are 1'233, 1'234, and 1'235.",1.905,event,{},1.3517,event,No room numbers displayed.,models/qwen/Qwen3-VL-4B-Instruct,4,aligned_dataset/check_mailbox_split/Seg1/event,4.764,qwen_vl,rgb__aligned_dataset_check_mailbox_split_seg1_check_mailbox_rgb__text_recognition__01__input_event,Please list the room numbers displayed on the sign at the end of the hallway.,,text_recognition,rgb,aligned_dataset/check_mailbox_split/Seg1/check_mailbox_rgb,rgb__aligned_dataset_check_mailbox_split_seg1_check_mailbox_rgb__text_recognition__01,text_recognition,answered
2.86,4,True,8,"[""aligned_dataset/.frames_cache_event/check_mailbox_split/Seg1/check_mailbox_day_event/frame_000000.png"", ""aligned_dataset/.frames_cache_event/check_mailbox_split/Seg1/check_mailbox_day_event/frame_000300.png"", ""aligned_dataset/.frames_cache_event/check_mailbox_split/Seg1/check_mailbox_day_event/frame_000570.png"", ""aligned_dataset/.frames_cache_event/check_mailbox_split/Seg1/check_mailbox_day_event/frame_000870.png"", ""aligned_dataset/.frames_cache_event/check_mailbox_split/Seg1/check_mailbox_night_event/frame_000000.png"", ""aligned_dataset/.frames_cache_event/check_mailbox_split/Seg1/check_mailbox_night_event/frame_000300.png"", ""aligned_dataset/.frames_cache_event/check_mailbox_split/Seg1/check_mailbox_night_event/frame_000570.png"", ""aligned_dataset/.frames_cache_event/check_mailbox_split/Seg1/check_mailbox_night_event/frame_000870.png""]","{""max_new_tokens"": 128, ""do_sample"": false}",I first pass a shoe rack on the right and then a wooden dresser on the left.,1.905,event,{},1.3751,event,"curtain, door, shelf",models/qwen/Qwen3-VL-4B-Instruct,4,aligned_dataset/check_mailbox_split/Seg1/event,4.764,qwen_vl,rgb__aligned_dataset_check_mailbox_split_seg1_check_mailbox_rgb__scene_sequence__01__input_event,What is the sequence of main furniture items I pass while walking down the hallway?,,scene_sequence,rgb,aligned_dataset/check_mailbox_split/Seg1/check_mailbox_rgb,rgb__aligned_dataset_check_mailbox_split_seg1_check_mailbox_rgb__scene_sequence__01,scene_sequence,answered
2.86,4,True,8,"[""aligned_dataset/.frames_cache_event/check_mailbox_split/Seg1/check_mailbox_day_event/frame_000000.png"", ""aligned_dataset/.frames_cache_event/check_mailbox_split/Seg1/check_mailbox_day_event/frame_000300.png"", ""aligned_dataset/.frames_cache_event/check_mailbox_split/Seg1/check_mailbox_day_event/frame_000570.png"", ""aligned_dataset/.frames_cache_event/check_mailbox_split/Seg1/check_mailbox_day_event/frame_000870.png"", ""aligned_dataset/.frames_cache_event/check_mailbox_split/Seg1/check_mailbox_night_event/frame_000000.png"", ""aligned_dataset/.frames_cache_event/check_mailbox_split/Seg1/check_mailbox_night_event/frame_000300.png"", ""aligned_dataset/.frames_cache_event/check_mailbox_split/Seg1/check_mailbox_night_event/frame_000570.png"", ""aligned_dataset/.frames_cache_event/check_mailbox_split/Seg1/check_mailbox_night_event/frame_000870.png""]","{""max_new_tokens"": 128, ""do_sample"": false}",The most significant light source is a glowing screen or tablet on a desk.,1.905,event,{},1.2533,event,Window,models/qwen/Qwen3-VL-4B-Instruct,4,aligned_dataset/check_mailbox_split/Seg1/event,4.764,qwen_vl,rgb__aligned_dataset_check_mailbox_split_seg1_check_mailbox_rgb__light_recognition__01__input_event,What is providing the most significant light source at the very beginning of the video?,,light_recognition,rgb,aligned_dataset/check_mailbox_split/Seg1/check_mailbox_rgb,rgb__aligned_dataset_check_mailbox_split_seg1_check_mailbox_rgb__light_recognition__01,light_recognition,answered
2.86,4,True,8,"[""aligned_dataset/.frames_cache_event/check_mailbox_split/Seg1/check_mailbox_day_event/frame_000000.png"", ""aligned_dataset/.frames_cache_event/check_mailbox_split/Seg1/check_mailbox_day_event/frame_000300.png"", ""aligned_dataset/.frames_cache_event/check_mailbox_split/Seg1/check_mailbox_day_event/frame_000570.png"", ""aligned_dataset/.frames_cache_event/check_mailbox_split/Seg1/check_mailbox_day_event/frame_000870.png"", ""aligned_dataset/.frames_cache_event/check_mailbox_split/Seg1/check_mailbox_night_event/frame_000000.png"", ""aligned_dataset/.frames_cache_event/check_mailbox_split/Seg1/check_mailbox_night_event/frame_000300.png"", ""aligned_dataset/.frames_cache_event/check_mailbox_split/Seg1/check_mailbox_night_event/frame_000570.png"", ""aligned_dataset/.frames_cache_event/check_mailbox_split/Seg1/check_mailbox_night_event/frame_000870.png""]","{""max_new_tokens"": 128, ""do_sample"": false}","Yes, the scene becomes much darker as I move away from the glowing screen and into the hallway.",1.904,event,{},1.2545,event,Yes,models/qwen/Qwen3-VL-4B-Instruct,4,aligned_dataset/check_mailbox_split/Seg1/event,4.763,qwen_vl,rgb__aligned_dataset_check_mailbox_split_seg1_check_mailbox_rgb__light_change__01__input_event,Does the environment get significantly darker after leaving the first room?,,light_change,rgb,aligned_dataset/check_mailbox_split/Seg1/check_mailbox_rgb,rgb__aligned_dataset_check_mailbox_split_seg1_check_mailbox_rgb__light_change__01,light_change,answered
2.86,4,True,8,"[""aligned_dataset/.frames_cache_event/check_mailbox_split/Seg1/check_mailbox_day_event/frame_000000.png"", ""aligned_dataset/.frames_cache_event/check_mailbox_split/Seg1/check_mailbox_day_event/frame_000300.png"", ""aligned_dataset/.frames_cache_event/check_mailbox_split/Seg1/check_mailbox_day_event/frame_000570.png"", ""aligned_dataset/.frames_cache_event/check_mailbox_split/Seg1/check_mailbox_day_event/frame_000870.png"", ""aligned_dataset/.frames_cache_event/check_mailbox_split/Seg1/check_mailbox_night_event/frame_000000.png"", ""aligned_dataset/.frames_cache_event/check_mailbox_split/Seg1/check_mailbox_night_event/frame_000300.png"", ""aligned_dataset/.frames_cache_event/check_mailbox_split/Seg1/check_mailbox_night_event/frame_000570.png"", ""aligned_dataset/.frames_cache_event/check_mailbox_split/Seg1/check_mailbox_night_event/frame_000870.png""]","{""max_new_tokens"": 128, ""do_sample"": false}",There are no other people moving in the hallway.,1.904,event,{},1.2492,event,0,models/qwen/Qwen3-VL-4B-Instruct,4,aligned_dataset/check_mailbox_split/Seg1/event,4.764,qwen_vl,rgb__aligned_dataset_check_mailbox_split_seg1_check_mailbox_rgb__dynamic_counting__01__input_event,How many other people besides me are moving in the hallway?,,dynamic_counting,rgb,aligned_dataset/check_mailbox_split/Seg1/check_mailbox_rgb,rgb__aligned_dataset_check_mailbox_split_seg1_check_mailbox_rgb__dynamic_counting__01,dynamic_counting,answered
2.86,4,True,8,"[""aligned_dataset/.frames_cache_event/check_mailbox_split/Seg1/check_mailbox_day_event/frame_000000.png"", ""aligned_dataset/.frames_cache_event/check_mailbox_split/Seg1/check_mailbox_day_event/frame_000300.png"", ""aligned_dataset/.frames_cache_event/check_mailbox_split/Seg1/check_mailbox_day_event/frame_000570.png"", ""aligned_dataset/.frames_cache_event/check_mailbox_split/Seg1/check_mailbox_day_event/frame_000870.png"", ""aligned_dataset/.frames_cache_event/check_mailbox_split/Seg1/check_mailbox_night_event/frame_000000.png"", ""aligned_dataset/.frames_cache_event/check_mailbox_split/Seg1/check_mailbox_night_event/frame_000300.png"", ""aligned_dataset/.frames_cache_event/check_mailbox_split/Seg1/check_mailbox_night_event/frame_000570.png"", ""aligned_dataset/.frames_cache_event/check_mailbox_split/Seg1/check_mailbox_night_event/frame_000870.png""]","{""max_new_tokens"": 128, ""do_sample"": false}","No, all objects appear to be placed normally on the floor or furniture surfaces.",1.905,event,{},1.2544,event,No,models/qwen/Qwen3-VL-4B-Instruct,4,aligned_dataset/check_mailbox_split/Seg1/event,4.764,qwen_vl,rgb__aligned_dataset_check_mailbox_split_seg1_check_mailbox_rgb__non_common__01__input_event,Are there any objects floating in the air or clipping through the walls in the hallway?,,non_common,rgb,aligned_dataset/check_mailbox_split/Seg1/check_mailbox_rgb,rgb__aligned_dataset_check_mailbox_split_seg1_check_mailbox_rgb__non_common__01,non_common,answered
2.86,4,True,8,"[""aligned_dataset/.frames_cache_event/check_mailbox_split/Seg1/check_mailbox_day_event/frame_000000.png"", ""aligned_dataset/.frames_cache_event/check_mailbox_split/Seg1/check_mailbox_day_event/frame_000300.png"", ""aligned_dataset/.frames_cache_event/check_mailbox_split/Seg1/check_mailbox_day_event/frame_000570.png"", ""aligned_dataset/.frames_cache_event/check_mailbox_split/Seg1/check_mailbox_day_event/frame_000870.png"", ""aligned_dataset/.frames_cache_event/check_mailbox_split/Seg1/check_mailbox_night_event/frame_000000.png"", ""aligned_dataset/.frames_cache_event/check_mailbox_split/Seg1/check_mailbox_night_event/frame_000300.png"", ""aligned_dataset/.frames_cache_event/check_mailbox_split/Seg1/check_mailbox_night_event/frame_000570.png"", ""aligned_dataset/.frames_cache_event/check_mailbox_split/Seg1/check_mailbox_night_event/frame_000870.png""]","{""max_new_tokens"": 128, ""do_sample"": false}",I should turn to the right.,1.904,event,{},1.2476,event,Right,models/qwen/Qwen3-VL-4B-Instruct,4,aligned_dataset/check_mailbox_split/Seg1/event,4.764,qwen_vl,rgb__aligned_dataset_check_mailbox_split_seg1_check_mailbox_rgb__navigation__01__input_event,Which way should I turn after exiting the first room to reach the shoe rack?,,navigation,rgb,aligned_dataset/check_mailbox_split/Seg1/check_mailbox_rgb,rgb__aligned_dataset_check_mailbox_split_seg1_check_mailbox_rgb__navigation__01,navigation,answered
2.86,4,True,8,"[""aligned_dataset/.frames_cache_event/check_mailbox_split/Seg1/check_mailbox_day_event/frame_000000.png"", ""aligned_dataset/.frames_cache_event/check_mailbox_split/Seg1/check_mailbox_day_event/frame_000300.png"", ""aligned_dataset/.frames_cache_event/check_mailbox_split/Seg1/check_mailbox_day_event/frame_000570.png"", ""aligned_dataset/.frames_cache_event/check_mailbox_split/Seg1/check_mailbox_day_event/frame_000870.png"", ""aligned_dataset/.frames_cache_event/check_mailbox_split/Seg1/check_mailbox_night_event/frame_000000.png"", ""aligned_dataset/.frames_cache_event/check_mailbox_split/Seg1/check_mailbox_night_event/frame_000300.png"", ""aligned_dataset/.frames_cache_event/check_mailbox_split/Seg1/check_mailbox_night_event/frame_000570.png"", ""aligned_dataset/.frames_cache_event/check_mailbox_split/Seg1/check_mailbox_night_event/frame_000870.png""]","{""max_new_tokens"": 128, ""do_sample"": false}",My hand reaches down to adjust or touch a white sneaker on the floor.,1.904,event,{},1.5272,event,The hand is not visible in any of the provided frames.,models/qwen/Qwen3-VL-4B-Instruct,4,aligned_dataset/check_mailbox_split/Seg1/event,4.764,qwen_vl,rgb__aligned_dataset_check_mailbox_split_seg1_check_mailbox_rgb__dynamic_recognition__01__input_event,What dynamic action involving my hand occurs toward the end of the sequence?,,dynamic_recognition,rgb,aligned_dataset/check_mailbox_split/Seg1/check_mailbox_rgb,rgb__aligned_dataset_check_mailbox_split_seg1_check_mailbox_rgb__dynamic_recognition__01,dynamic_recognition,answered
2.86,4,True,8,"[""aligned_dataset/.frames_cache_event/check_mailbox_split/Seg1/check_mailbox_day_event/frame_000000.png"", ""aligned_dataset/.frames_cache_event/check_mailbox_split/Seg1/check_mailbox_day_event/frame_000300.png"", ""aligned_dataset/.frames_cache_event/check_mailbox_split/Seg1/check_mailbox_day_event/frame_000570.png"", ""aligned_dataset/.frames_cache_event/check_mailbox_split/Seg1/check_mailbox_day_event/frame_000870.png"", ""aligned_dataset/.frames_cache_event/check_mailbox_split/Seg1/check_mailbox_night_event/frame_000000.png"", ""aligned_dataset/.frames_cache_event/check_mailbox_split/Seg1/check_mailbox_night_event/frame_000300.png"", ""aligned_dataset/.frames_cache_event/check_mailbox_split/Seg1/check_mailbox_night_event/frame_000570.png"", ""aligned_dataset/.frames_cache_event/check_mailbox_split/Seg1/check_mailbox_night_event/frame_000870.png""]","{""max_new_tokens"": 128, ""do_sample"": false}",I am drawing or writing on a brightly lit screen or whiteboard.,1.904,event,{},4.4178,event,"Looking at the provided frames, the first frame (frame_000000.png) shows a person standing in a dark room, with a window and a box on the floor. The subsequent frames show the person moving towards a door, then stepping outside onto a sidewalk. The action at the beginning of the video is not clearly defined as a specific action like ""opening a door"" or ""walking"", but rather a transition from an indoor setting to an outdoor setting. The person is not performing any specific action like ""checking mail"" or ""opening a mailbox"" as suggested by the question. The question asks for the action performed",models/qwen/Qwen3-VL-4B-Instruct,4,aligned_dataset/check_mailbox_split/Seg1/event,4.764,qwen_vl,rgb__aligned_dataset_check_mailbox_split_seg1_check_mailbox_rgb__action__01__input_event,What action am I performing at the beginning of the video in the dark room?,,action,rgb,aligned_dataset/check_mailbox_split/Seg1/check_mailbox_rgb,rgb__aligned_dataset_check_mailbox_split_seg1_check_mailbox_rgb__action__01,action,answered
2.86,4,True,8,"[""aligned_dataset/.frames_cache_event/check_mailbox_split/Seg1/check_mailbox_day_event/frame_000000.png"", ""aligned_dataset/.frames_cache_event/check_mailbox_split/Seg1/check_mailbox_day_event/frame_000300.png"", ""aligned_dataset/.frames_cache_event/check_mailbox_split/Seg1/check_mailbox_day_event/frame_000570.png"", ""aligned_dataset/.frames_cache_event/check_mailbox_split/Seg1/check_mailbox_day_event/frame_000870.png"", ""aligned_dataset/.frames_cache_event/check_mailbox_split/Seg1/check_mailbox_night_event/frame_000000.png"", ""aligned_dataset/.frames_cache_event/check_mailbox_split/Seg1/check_mailbox_night_event/frame_000300.png"", ""aligned_dataset/.frames_cache_event/check_mailbox_split/Seg1/check_mailbox_night_event/frame_000570.png"", ""aligned_dataset/.frames_cache_event/check_mailbox_split/Seg1/check_mailbox_night_event/frame_000870.png""]","{""max_new_tokens"": 128, ""do_sample"": false}",Behind the chest.,1.906,event,{},1.278,event,behind,models/qwen/Qwen3-VL-4B-Instruct,4,aligned_dataset/check_mailbox_split/Seg1/event,4.766,qwen_vl,event__aligned_dataset_check_mailbox_split_seg1_check_mailbox_event__event_spatial_reasoning__01__input_event,Is the shoe rack located behind or in front of the chest of drawers relative to the camera's path?,,event_spatial_reasoning,event,aligned_dataset/check_mailbox_split/Seg1/check_mailbox_event,event__aligned_dataset_check_mailbox_split_seg1_check_mailbox_event__event_spatial_reasoning__01,event_spatial_reasoning,answered
2.86,4,True,8,"[""aligned_dataset/.frames_cache_event/check_mailbox_split/Seg1/check_mailbox_day_event/frame_000000.png"", ""aligned_dataset/.frames_cache_event/check_mailbox_split/Seg1/check_mailbox_day_event/frame_000300.png"", ""aligned_dataset/.frames_cache_event/check_mailbox_split/Seg1/check_mailbox_day_event/frame_000570.png"", ""aligned_dataset/.frames_cache_event/check_mailbox_split/Seg1/check_mailbox_day_event/frame_000870.png"", ""aligned_dataset/.frames_cache_event/check_mailbox_split/Seg1/check_mailbox_night_event/frame_000000.png"", ""aligned_dataset/.frames_cache_event/check_mailbox_split/Seg1/check_mailbox_night_event/frame_000300.png"", ""aligned_dataset/.frames_cache_event/check_mailbox_split/Seg1/check_mailbox_night_event/frame_000570.png"", ""aligned_dataset/.frames_cache_event/check_mailbox_split/Seg1/check_mailbox_night_event/frame_000870.png""]","{""max_new_tokens"": 128, ""do_sample"": false}",The balcony.,1.904,event,{},1.7013,event,The final area visible after moving through the doorway is a concrete floor with a shoe on it.,models/qwen/Qwen3-VL-4B-Instruct,4,aligned_dataset/check_mailbox_split/Seg1/event,4.764,qwen_vl,event__aligned_dataset_check_mailbox_split_seg1_check_mailbox_event__event_scene_sequence__01__input_event,What is the final area visible after moving through the doorway?,,event_scene_sequence,event,aligned_dataset/check_mailbox_split/Seg1/check_mailbox_event,event__aligned_dataset_check_mailbox_split_seg1_check_mailbox_event__event_scene_sequence__01,event_scene_sequence,answered
2.86,4,True,8,"[""aligned_dataset/.frames_cache_event/check_mailbox_split/Seg1/check_mailbox_day_event/frame_000000.png"", ""aligned_dataset/.frames_cache_event/check_mailbox_split/Seg1/check_mailbox_day_event/frame_000300.png"", ""aligned_dataset/.frames_cache_event/check_mailbox_split/Seg1/check_mailbox_day_event/frame_000570.png"", ""aligned_dataset/.frames_cache_event/check_mailbox_split/Seg1/check_mailbox_day_event/frame_000870.png"", ""aligned_dataset/.frames_cache_event/check_mailbox_split/Seg1/check_mailbox_night_event/frame_000000.png"", ""aligned_dataset/.frames_cache_event/check_mailbox_split/Seg1/check_mailbox_night_event/frame_000300.png"", ""aligned_dataset/.frames_cache_event/check_mailbox_split/Seg1/check_mailbox_night_event/frame_000570.png"", ""aligned_dataset/.frames_cache_event/check_mailbox_split/Seg1/check_mailbox_night_event/frame_000870.png""]","{""max_new_tokens"": 128, ""do_sample"": false}","Two, the dresser and the shoe rack.",1.904,event,{},1.2491,event,1,models/qwen/Qwen3-VL-4B-Instruct,4,aligned_dataset/check_mailbox_split/Seg1/event,4.764,qwen_vl,event__aligned_dataset_check_mailbox_split_seg1_check_mailbox_event__event_counting__01__input_event,How many major pieces of furniture are visible in the room?,,event_counting,event,aligned_dataset/check_mailbox_split/Seg1/check_mailbox_event,event__aligned_dataset_check_mailbox_split_seg1_check_mailbox_event__event_counting__01,event_counting,answered
2.86,4,True,8,"[""aligned_dataset/.frames_cache_event/check_mailbox_split/Seg1/check_mailbox_day_event/frame_000000.png"", ""aligned_dataset/.frames_cache_event/check_mailbox_split/Seg1/check_mailbox_day_event/frame_000300.png"", ""aligned_dataset/.frames_cache_event/check_mailbox_split/Seg1/check_mailbox_day_event/frame_000570.png"", ""aligned_dataset/.frames_cache_event/check_mailbox_split/Seg1/check_mailbox_day_event/frame_000870.png"", ""aligned_dataset/.frames_cache_event/check_mailbox_split/Seg1/check_mailbox_night_event/frame_000000.png"", ""aligned_dataset/.frames_cache_event/check_mailbox_split/Seg1/check_mailbox_night_event/frame_000300.png"", ""aligned_dataset/.frames_cache_event/check_mailbox_split/Seg1/check_mailbox_night_event/frame_000570.png"", ""aligned_dataset/.frames_cache_event/check_mailbox_split/Seg1/check_mailbox_night_event/frame_000870.png""]","{""max_new_tokens"": 128, ""do_sample"": false}",Zero.,1.903,event,{},1.2558,event,1,models/qwen/Qwen3-VL-4B-Instruct,4,aligned_dataset/check_mailbox_split/Seg1/event,4.763,qwen_vl,event__aligned_dataset_check_mailbox_split_seg1_check_mailbox_event__event_dynamic_counting__01__input_event,How many people walk past the camera?,,event_dynamic_counting,event,aligned_dataset/check_mailbox_split/Seg1/check_mailbox_event,event__aligned_dataset_check_mailbox_split_seg1_check_mailbox_event__event_dynamic_counting__01,event_dynamic_counting,answered
2.86,4,True,8,"[""aligned_dataset/.frames_cache_event/check_mailbox_split/Seg1/check_mailbox_day_event/frame_000000.png"", ""aligned_dataset/.frames_cache_event/check_mailbox_split/Seg1/check_mailbox_day_event/frame_000300.png"", ""aligned_dataset/.frames_cache_event/check_mailbox_split/Seg1/check_mailbox_day_event/frame_000570.png"", ""aligned_dataset/.frames_cache_event/check_mailbox_split/Seg1/check_mailbox_day_event/frame_000870.png"", ""aligned_dataset/.frames_cache_event/check_mailbox_split/Seg1/check_mailbox_night_event/frame_000000.png"", ""aligned_dataset/.frames_cache_event/check_mailbox_split/Seg1/check_mailbox_night_event/frame_000300.png"", ""aligned_dataset/.frames_cache_event/check_mailbox_split/Seg1/check_mailbox_night_event/frame_000570.png"", ""aligned_dataset/.frames_cache_event/check_mailbox_split/Seg1/check_mailbox_night_event/frame_000870.png""]","{""max_new_tokens"": 128, ""do_sample"": false}",Forward towards the doorway.,1.903,event,{},1.2746,event,Downward,models/qwen/Qwen3-VL-4B-Instruct,4,aligned_dataset/check_mailbox_split/Seg1/event,4.763,qwen_vl,event__aligned_dataset_check_mailbox_split_seg1_check_mailbox_event__event_navigation__01__input_event,What is the primary direction of the camera's movement?,,event_navigation,event,aligned_dataset/check_mailbox_split/Seg1/check_mailbox_event,event__aligned_dataset_check_mailbox_split_seg1_check_mailbox_event__event_navigation__01,event_navigation,answered
2.86,4,True,8,"[""aligned_dataset/.frames_cache_event/check_mailbox_split/Seg1/check_mailbox_day_event/frame_000000.png"", ""aligned_dataset/.frames_cache_event/check_mailbox_split/Seg1/check_mailbox_day_event/frame_000300.png"", ""aligned_dataset/.frames_cache_event/check_mailbox_split/Seg1/check_mailbox_day_event/frame_000570.png"", ""aligned_dataset/.frames_cache_event/check_mailbox_split/Seg1/check_mailbox_day_event/frame_000870.png"", ""aligned_dataset/.frames_cache_event/check_mailbox_split/Seg1/check_mailbox_night_event/frame_000000.png"", ""aligned_dataset/.frames_cache_event/check_mailbox_split/Seg1/check_mailbox_night_event/frame_000300.png"", ""aligned_dataset/.frames_cache_event/check_mailbox_split/Seg1/check_mailbox_night_event/frame_000570.png"", ""aligned_dataset/.frames_cache_event/check_mailbox_split/Seg1/check_mailbox_night_event/frame_000870.png""]","{""max_new_tokens"": 128, ""do_sample"": false}",No.,1.903,event,{},1.2477,event,No,models/qwen/Qwen3-VL-4B-Instruct,4,aligned_dataset/check_mailbox_split/Seg1/event,4.763,qwen_vl,event__aligned_dataset_check_mailbox_split_seg1_check_mailbox_event__event_dynamic_recognition__01__input_event,Are there any moving objects in the room?,,event_dynamic_recognition,event,aligned_dataset/check_mailbox_split/Seg1/check_mailbox_event,event__aligned_dataset_check_mailbox_split_seg1_check_mailbox_event__event_dynamic_recognition__01,event_dynamic_recognition,answered
2.86,4,True,8,"[""aligned_dataset/.frames_cache_event/check_mailbox_split/Seg1/check_mailbox_day_event/frame_000000.png"", ""aligned_dataset/.frames_cache_event/check_mailbox_split/Seg1/check_mailbox_day_event/frame_000300.png"", ""aligned_dataset/.frames_cache_event/check_mailbox_split/Seg1/check_mailbox_day_event/frame_000570.png"", ""aligned_dataset/.frames_cache_event/check_mailbox_split/Seg1/check_mailbox_day_event/frame_000870.png"", ""aligned_dataset/.frames_cache_event/check_mailbox_split/Seg1/check_mailbox_night_event/frame_000000.png"", ""aligned_dataset/.frames_cache_event/check_mailbox_split/Seg1/check_mailbox_night_event/frame_000300.png"", ""aligned_dataset/.frames_cache_event/check_mailbox_split/Seg1/check_mailbox_night_event/frame_000570.png"", ""aligned_dataset/.frames_cache_event/check_mailbox_split/Seg1/check_mailbox_night_event/frame_000870.png""]","{""max_new_tokens"": 128, ""do_sample"": false}",Walking forward.,1.903,event,{},1.352,event,Looking down at the shoe,models/qwen/Qwen3-VL-4B-Instruct,4,aligned_dataset/check_mailbox_split/Seg1/event,4.763,qwen_vl,event__aligned_dataset_check_mailbox_split_seg1_check_mailbox_event__event_action__01__input_event,What action is being performed by the camera holder?,,event_action,event,aligned_dataset/check_mailbox_split/Seg1/check_mailbox_event,event__aligned_dataset_check_mailbox_split_seg1_check_mailbox_event__event_action__01,event_action,answered
2.86,4,True,8,"[""aligned_dataset/.frames_cache_event/check_mailbox_split/Seg1/check_mailbox_day_event/frame_000000.png"", ""aligned_dataset/.frames_cache_event/check_mailbox_split/Seg1/check_mailbox_day_event/frame_000300.png"", ""aligned_dataset/.frames_cache_event/check_mailbox_split/Seg1/check_mailbox_day_event/frame_000570.png"", ""aligned_dataset/.frames_cache_event/check_mailbox_split/Seg1/check_mailbox_day_event/frame_000870.png"", ""aligned_dataset/.frames_cache_event/check_mailbox_split/Seg1/check_mailbox_night_event/frame_000000.png"", ""aligned_dataset/.frames_cache_event/check_mailbox_split/Seg1/check_mailbox_night_event/frame_000300.png"", ""aligned_dataset/.frames_cache_event/check_mailbox_split/Seg1/check_mailbox_night_event/frame_000570.png"", ""aligned_dataset/.frames_cache_event/check_mailbox_split/Seg1/check_mailbox_night_event/frame_000870.png""]","{""max_new_tokens"": 128, ""do_sample"": false}",No.,1.903,event,{},1.2581,event,No,models/qwen/Qwen3-VL-4B-Instruct,4,aligned_dataset/check_mailbox_split/Seg1/event,4.763,qwen_vl,event__aligned_dataset_check_mailbox_split_seg1_check_mailbox_event__event_non_common__01__input_event,Are there any floating or impossible objects visible?,,event_non_common,event,aligned_dataset/check_mailbox_split/Seg1/check_mailbox_event,event__aligned_dataset_check_mailbox_split_seg1_check_mailbox_event__event_non_common__01,event_non_common,answered
2.86,4,False,8,"[""aligned_dataset/.frames_cache_event/check_mailbox_split/Seg2/check_mailbox_day_event/frame_000000.png"", ""aligned_dataset/.frames_cache_event/check_mailbox_split/Seg2/check_mailbox_day_event/frame_000300.png"", ""aligned_dataset/.frames_cache_event/check_mailbox_split/Seg2/check_mailbox_day_event/frame_000570.png"", ""aligned_dataset/.frames_cache_event/check_mailbox_split/Seg2/check_mailbox_day_event/frame_000870.png"", ""aligned_dataset/.frames_cache_event/check_mailbox_split/Seg2/check_mailbox_night_event/frame_000000.png"", ""aligned_dataset/.frames_cache_event/check_mailbox_split/Seg2/check_mailbox_night_event/frame_000300.png"", ""aligned_dataset/.frames_cache_event/check_mailbox_split/Seg2/check_mailbox_night_event/frame_000570.png"", ""aligned_dataset/.frames_cache_event/check_mailbox_split/Seg2/check_mailbox_night_event/frame_000870.png""]","{""max_new_tokens"": 128, ""do_sample"": false}",An exterior stairwell.,1.904,event,{},1.3432,event,stairs,models/qwen/Qwen3-VL-4B-Instruct,4,check_mailbox_split/Seg2/event,4.763,qwen_vl,depth__check_mailbox_split_seg2_check_mailbox__depth_object_recognition__01__input_event,What is the primary geometric structure visible in front of me?,,depth_object_recognition,depth,check_mailbox_split/Seg2/check_mailbox,depth__check_mailbox_split_seg2_check_mailbox__depth_object_recognition__01,depth_object_recognition,answered
2.86,4,True,8,"[""aligned_dataset/.frames_cache_event/check_mailbox_split/Seg2/check_mailbox_day_event/frame_000000.png"", ""aligned_dataset/.frames_cache_event/check_mailbox_split/Seg2/check_mailbox_day_event/frame_000300.png"", ""aligned_dataset/.frames_cache_event/check_mailbox_split/Seg2/check_mailbox_day_event/frame_000570.png"", ""aligned_dataset/.frames_cache_event/check_mailbox_split/Seg2/check_mailbox_day_event/frame_000870.png"", ""aligned_dataset/.frames_cache_event/check_mailbox_split/Seg2/check_mailbox_night_event/frame_000000.png"", ""aligned_dataset/.frames_cache_event/check_mailbox_split/Seg2/check_mailbox_night_event/frame_000300.png"", ""aligned_dataset/.frames_cache_event/check_mailbox_split/Seg2/check_mailbox_night_event/frame_000570.png"", ""aligned_dataset/.frames_cache_event/check_mailbox_split/Seg2/check_mailbox_night_event/frame_000870.png""]","{""max_new_tokens"": 128, ""do_sample"": false}","Yes, it is closer.",1.904,event,{},1.2516,event,Yes,models/qwen/Qwen3-VL-4B-Instruct,4,check_mailbox_split/Seg2/event,4.764,qwen_vl,depth__check_mailbox_split_seg2_check_mailbox__depth_spatial_reasoning__01__input_event,Is the staircase railing closer to me than the tree on the left?,,depth_spatial_reasoning,depth,check_mailbox_split/Seg2/check_mailbox,depth__check_mailbox_split_seg2_check_mailbox__depth_spatial_reasoning__01,depth_spatial_reasoning,answered
2.86,4,True,8,"[""aligned_dataset/.frames_cache_event/check_mailbox_split/Seg2/check_mailbox_day_event/frame_000000.png"", ""aligned_dataset/.frames_cache_event/check_mailbox_split/Seg2/check_mailbox_day_event/frame_000300.png"", ""aligned_dataset/.frames_cache_event/check_mailbox_split/Seg2/check_mailbox_day_event/frame_000570.png"", ""aligned_dataset/.frames_cache_event/check_mailbox_split/Seg2/check_mailbox_day_event/frame_000870.png"", ""aligned_dataset/.frames_cache_event/check_mailbox_split/Seg2/check_mailbox_night_event/frame_000000.png"", ""aligned_dataset/.frames_cache_event/check_mailbox_split/Seg2/check_mailbox_night_event/frame_000300.png"", ""aligned_dataset/.frames_cache_event/check_mailbox_split/Seg2/check_mailbox_night_event/frame_000570.png"", ""aligned_dataset/.frames_cache_event/check_mailbox_split/Seg2/check_mailbox_night_event/frame_000870.png""]","{""max_new_tokens"": 128, ""do_sample"": false}","No, it moves vertically.",1.904,event,{},1.2508,event,No,models/qwen/Qwen3-VL-4B-Instruct,4,check_mailbox_split/Seg2/event,4.763,qwen_vl,depth__check_mailbox_split_seg2_check_mailbox__depth_scene_sequence__01__input_event,Does the path I am following move along a single horizontal level?,,depth_scene_sequence,depth,check_mailbox_split/Seg2/check_mailbox,depth__check_mailbox_split_seg2_check_mailbox__depth_scene_sequence__01,depth_scene_sequence,answered
2.86,4,True,8,"[""aligned_dataset/.frames_cache_event/check_mailbox_split/Seg2/check_mailbox_day_event/frame_000000.png"", ""aligned_dataset/.frames_cache_event/check_mailbox_split/Seg2/check_mailbox_day_event/frame_000300.png"", ""aligned_dataset/.frames_cache_event/check_mailbox_split/Seg2/check_mailbox_day_event/frame_000570.png"", ""aligned_dataset/.frames_cache_event/check_mailbox_split/Seg2/check_mailbox_day_event/frame_000870.png"", ""aligned_dataset/.frames_cache_event/check_mailbox_split/Seg2/check_mailbox_night_event/frame_000000.png"", ""aligned_dataset/.frames_cache_event/check_mailbox_split/Seg2/check_mailbox_night_event/frame_000300.png"", ""aligned_dataset/.frames_cache_event/check_mailbox_split/Seg2/check_mailbox_night_event/frame_000570.png"", ""aligned_dataset/.frames_cache_event/check_mailbox_split/Seg2/check_mailbox_night_event/frame_000870.png""]","{""max_new_tokens"": 128, ""do_sample"": false}",Three levels.,1.904,event,{},1.2537,event,2,models/qwen/Qwen3-VL-4B-Instruct,4,check_mailbox_split/Seg2/event,4.764,qwen_vl,depth__check_mailbox_split_seg2_check_mailbox__depth_counting__01__input_event,How many main staircase levels can I see in the 3D scene?,,depth_counting,depth,check_mailbox_split/Seg2/check_mailbox,depth__check_mailbox_split_seg2_check_mailbox__depth_counting__01,depth_counting,answered
2.86,4,True,8,"[""aligned_dataset/.frames_cache_event/check_mailbox_split/Seg2/check_mailbox_day_event/frame_000000.png"", ""aligned_dataset/.frames_cache_event/check_mailbox_split/Seg2/check_mailbox_day_event/frame_000300.png"", ""aligned_dataset/.frames_cache_event/check_mailbox_split/Seg2/check_mailbox_day_event/frame_000570.png"", ""aligned_dataset/.frames_cache_event/check_mailbox_split/Seg2/check_mailbox_day_event/frame_000870.png"", ""aligned_dataset/.frames_cache_event/check_mailbox_split/Seg2/check_mailbox_night_event/frame_000000.png"", ""aligned_dataset/.frames_cache_event/check_mailbox_split/Seg2/check_mailbox_night_event/frame_000300.png"", ""aligned_dataset/.frames_cache_event/check_mailbox_split/Seg2/check_mailbox_night_event/frame_000570.png"", ""aligned_dataset/.frames_cache_event/check_mailbox_split/Seg2/check_mailbox_night_event/frame_000870.png""]","{""max_new_tokens"": 128, ""do_sample"": false}",Zero.,1.903,event,{},1.2486,event,0,models/qwen/Qwen3-VL-4B-Instruct,4,check_mailbox_split/Seg2/event,4.763,qwen_vl,depth__check_mailbox_split_seg2_check_mailbox__depth_dynamic_counting__01__input_event,How many moving people did I encounter during my descent?,,depth_dynamic_counting,depth,check_mailbox_split/Seg2/check_mailbox,depth__check_mailbox_split_seg2_check_mailbox__depth_dynamic_counting__01,depth_dynamic_counting,answered
2.86,4,True,8,"[""aligned_dataset/.frames_cache_event/check_mailbox_split/Seg2/check_mailbox_day_event/frame_000000.png"", ""aligned_dataset/.frames_cache_event/check_mailbox_split/Seg2/check_mailbox_day_event/frame_000300.png"", ""aligned_dataset/.frames_cache_event/check_mailbox_split/Seg2/check_mailbox_day_event/frame_000570.png"", ""aligned_dataset/.frames_cache_event/check_mailbox_split/Seg2/check_mailbox_day_event/frame_000870.png"", ""aligned_dataset/.frames_cache_event/check_mailbox_split/Seg2/check_mailbox_night_event/frame_000000.png"", ""aligned_dataset/.frames_cache_event/check_mailbox_split/Seg2/check_mailbox_night_event/frame_000300.png"", ""aligned_dataset/.frames_cache_event/check_mailbox_split/Seg2/check_mailbox_night_event/frame_000570.png"", ""aligned_dataset/.frames_cache_event/check_mailbox_split/Seg2/check_mailbox_night_event/frame_000870.png""]","{""max_new_tokens"": 128, ""do_sample"": false}","Yes, it is.",1.903,event,{},1.2464,event,No,models/qwen/Qwen3-VL-4B-Instruct,4,check_mailbox_split/Seg2/event,4.763,qwen_vl,depth__check_mailbox_split_seg2_check_mailbox__depth_navigation__01__input_event,Is the staircase a safe path for moving between these levels?,,depth_navigation,depth,check_mailbox_split/Seg2/check_mailbox,depth__check_mailbox_split_seg2_check_mailbox__depth_navigation__01,depth_navigation,answered
2.86,4,True,8,"[""aligned_dataset/.frames_cache_event/check_mailbox_split/Seg2/check_mailbox_day_event/frame_000000.png"", ""aligned_dataset/.frames_cache_event/check_mailbox_split/Seg2/check_mailbox_day_event/frame_000300.png"", ""aligned_dataset/.frames_cache_event/check_mailbox_split/Seg2/check_mailbox_day_event/frame_000570.png"", ""aligned_dataset/.frames_cache_event/check_mailbox_split/Seg2/check_mailbox_day_event/frame_000870.png"", ""aligned_dataset/.frames_cache_event/check_mailbox_split/Seg2/check_mailbox_night_event/frame_000000.png"", ""aligned_dataset/.frames_cache_event/check_mailbox_split/Seg2/check_mailbox_night_event/frame_000300.png"", ""aligned_dataset/.frames_cache_event/check_mailbox_split/Seg2/check_mailbox_night_event/frame_000570.png"", ""aligned_dataset/.frames_cache_event/check_mailbox_split/Seg2/check_mailbox_night_event/frame_000870.png""]","{""max_new_tokens"": 128, ""do_sample"": false}",No.,1.903,event,{},1.2491,event,No,models/qwen/Qwen3-VL-4B-Instruct,4,check_mailbox_split/Seg2/event,4.763,qwen_vl,depth__check_mailbox_split_seg2_check_mailbox__depth_dynamic_recognition__01__input_event,Are there any moving objects in this scene?,,depth_dynamic_recognition,depth,check_mailbox_split/Seg2/check_mailbox,depth__check_mailbox_split_seg2_check_mailbox__depth_dynamic_recognition__01,depth_dynamic_recognition,answered
2.86,4,True,8,"[""aligned_dataset/.frames_cache_event/check_mailbox_split/Seg2/check_mailbox_day_event/frame_000000.png"", ""aligned_dataset/.frames_cache_event/check_mailbox_split/Seg2/check_mailbox_day_event/frame_000300.png"", ""aligned_dataset/.frames_cache_event/check_mailbox_split/Seg2/check_mailbox_day_event/frame_000570.png"", ""aligned_dataset/.frames_cache_event/check_mailbox_split/Seg2/check_mailbox_day_event/frame_000870.png"", ""aligned_dataset/.frames_cache_event/check_mailbox_split/Seg2/check_mailbox_night_event/frame_000000.png"", ""aligned_dataset/.frames_cache_event/check_mailbox_split/Seg2/check_mailbox_night_event/frame_000300.png"", ""aligned_dataset/.frames_cache_event/check_mailbox_split/Seg2/check_mailbox_night_event/frame_000570.png"", ""aligned_dataset/.frames_cache_event/check_mailbox_split/Seg2/check_mailbox_night_event/frame_000870.png""]","{""max_new_tokens"": 128, ""do_sample"": false}",Descending the stairs.,1.903,event,{},1.2523,event,walking,models/qwen/Qwen3-VL-4B-Instruct,4,check_mailbox_split/Seg2/event,4.763,qwen_vl,depth__check_mailbox_split_seg2_check_mailbox__depth_action__01__input_event,What action am I performing as I move through this stairwell?,,depth_action,depth,check_mailbox_split/Seg2/check_mailbox,depth__check_mailbox_split_seg2_check_mailbox__depth_action__01,depth_action,answered
2.86,4,True,8,"[""aligned_dataset/.frames_cache_event/check_mailbox_split/Seg2/check_mailbox_day_event/frame_000000.png"", ""aligned_dataset/.frames_cache_event/check_mailbox_split/Seg2/check_mailbox_day_event/frame_000300.png"", ""aligned_dataset/.frames_cache_event/check_mailbox_split/Seg2/check_mailbox_day_event/frame_000570.png"", ""aligned_dataset/.frames_cache_event/check_mailbox_split/Seg2/check_mailbox_day_event/frame_000870.png"", ""aligned_dataset/.frames_cache_event/check_mailbox_split/Seg2/check_mailbox_night_event/frame_000000.png"", ""aligned_dataset/.frames_cache_event/check_mailbox_split/Seg2/check_mailbox_night_event/frame_000300.png"", ""aligned_dataset/.frames_cache_event/check_mailbox_split/Seg2/check_mailbox_night_event/frame_000570.png"", ""aligned_dataset/.frames_cache_event/check_mailbox_split/Seg2/check_mailbox_night_event/frame_000870.png""]","{""max_new_tokens"": 128, ""do_sample"": false}",No.,1.903,event,{},1.2473,event,No,models/qwen/Qwen3-VL-4B-Instruct,4,check_mailbox_split/Seg2/event,4.763,qwen_vl,depth__check_mailbox_split_seg2_check_mailbox__depth_non_common__01__input_event,Are there any floating objects in the depth stream?,,depth_non_common,depth,check_mailbox_split/Seg2/check_mailbox,depth__check_mailbox_split_seg2_check_mailbox__depth_non_common__01,depth_non_common,answered
2.86,4,True,8,"[""aligned_dataset/.frames_cache_event/check_mailbox_split/Seg2/check_mailbox_day_event/frame_000000.png"", ""aligned_dataset/.frames_cache_event/check_mailbox_split/Seg2/check_mailbox_day_event/frame_000300.png"", ""aligned_dataset/.frames_cache_event/check_mailbox_split/Seg2/check_mailbox_day_event/frame_000570.png"", ""aligned_dataset/.frames_cache_event/check_mailbox_split/Seg2/check_mailbox_day_event/frame_000870.png"", ""aligned_dataset/.frames_cache_event/check_mailbox_split/Seg2/check_mailbox_night_event/frame_000000.png"", ""aligned_dataset/.frames_cache_event/check_mailbox_split/Seg2/check_mailbox_night_event/frame_000300.png"", ""aligned_dataset/.frames_cache_event/check_mailbox_split/Seg2/check_mailbox_night_event/frame_000570.png"", ""aligned_dataset/.frames_cache_event/check_mailbox_split/Seg2/check_mailbox_night_event/frame_000870.png""]","{""max_new_tokens"": 128, ""do_sample"": false}",The staircase is located directly ahead and slightly to the left.,1.905,event,{},1.3023,event,To the right,models/qwen/Qwen3-VL-4B-Instruct,4,aligned_dataset/check_mailbox_split/Seg2/event,4.765,qwen_vl,rgb__aligned_dataset_check_mailbox_split_seg2_check_mailbox_rgb__spatial_reasoning__01__input_event,Where is the metal staircase located relative to my path as I reach the end of the corridor?,,spatial_reasoning,rgb,aligned_dataset/check_mailbox_split/Seg2/check_mailbox_rgb,rgb__aligned_dataset_check_mailbox_split_seg2_check_mailbox_rgb__spatial_reasoning__01,spatial_reasoning,answered
2.86,4,True,8,"[""aligned_dataset/.frames_cache_event/check_mailbox_split/Seg2/check_mailbox_day_event/frame_000000.png"", ""aligned_dataset/.frames_cache_event/check_mailbox_split/Seg2/check_mailbox_day_event/frame_000300.png"", ""aligned_dataset/.frames_cache_event/check_mailbox_split/Seg2/check_mailbox_day_event/frame_000570.png"", ""aligned_dataset/.frames_cache_event/check_mailbox_split/Seg2/check_mailbox_day_event/frame_000870.png"", ""aligned_dataset/.frames_cache_event/check_mailbox_split/Seg2/check_mailbox_night_event/frame_000000.png"", ""aligned_dataset/.frames_cache_event/check_mailbox_split/Seg2/check_mailbox_night_event/frame_000300.png"", ""aligned_dataset/.frames_cache_event/check_mailbox_split/Seg2/check_mailbox_night_event/frame_000570.png"", ""aligned_dataset/.frames_cache_event/check_mailbox_split/Seg2/check_mailbox_night_event/frame_000870.png""]","{""max_new_tokens"": 128, ""do_sample"": false}",1233.,1.904,event,{},1.3271,event,1233,models/qwen/Qwen3-VL-4B-Instruct,4,aligned_dataset/check_mailbox_split/Seg2/event,4.763,qwen_vl,rgb__aligned_dataset_check_mailbox_split_seg2_check_mailbox_rgb__text_recognition__01__input_event,What is the first room number listed on the wall?,,text_recognition,rgb,aligned_dataset/check_mailbox_split/Seg2/check_mailbox_rgb,rgb__aligned_dataset_check_mailbox_split_seg2_check_mailbox_rgb__text_recognition__01,text_recognition,answered
2.86,4,True,8,"[""aligned_dataset/.frames_cache_event/check_mailbox_split/Seg2/check_mailbox_day_event/frame_000000.png"", ""aligned_dataset/.frames_cache_event/check_mailbox_split/Seg2/check_mailbox_day_event/frame_000300.png"", ""aligned_dataset/.frames_cache_event/check_mailbox_split/Seg2/check_mailbox_day_event/frame_000570.png"", ""aligned_dataset/.frames_cache_event/check_mailbox_split/Seg2/check_mailbox_day_event/frame_000870.png"", ""aligned_dataset/.frames_cache_event/check_mailbox_split/Seg2/check_mailbox_night_event/frame_000000.png"", ""aligned_dataset/.frames_cache_event/check_mailbox_split/Seg2/check_mailbox_night_event/frame_000300.png"", ""aligned_dataset/.frames_cache_event/check_mailbox_split/Seg2/check_mailbox_night_event/frame_000570.png"", ""aligned_dataset/.frames_cache_event/check_mailbox_split/Seg2/check_mailbox_night_event/frame_000870.png""]","{""max_new_tokens"": 128, ""do_sample"": false}","1233, 1234, and 1235.",1.904,event,{},1.6244,event,"1233, 1234, 1235",models/qwen/Qwen3-VL-4B-Instruct,4,aligned_dataset/check_mailbox_split/Seg2/event,4.764,qwen_vl,rgb__aligned_dataset_check_mailbox_split_seg2_check_mailbox_rgb__text_recognition__02__input_event,What are the three specific numbers displayed in the room directory?,,text_recognition,rgb,aligned_dataset/check_mailbox_split/Seg2/check_mailbox_rgb,rgb__aligned_dataset_check_mailbox_split_seg2_check_mailbox_rgb__text_recognition__02,text_recognition,answered
2.86,4,True,8,"[""aligned_dataset/.frames_cache_event/check_mailbox_split/Seg2/check_mailbox_day_event/frame_000000.png"", ""aligned_dataset/.frames_cache_event/check_mailbox_split/Seg2/check_mailbox_day_event/frame_000300.png"", ""aligned_dataset/.frames_cache_event/check_mailbox_split/Seg2/check_mailbox_day_event/frame_000570.png"", ""aligned_dataset/.frames_cache_event/check_mailbox_split/Seg2/check_mailbox_day_event/frame_000870.png"", ""aligned_dataset/.frames_cache_event/check_mailbox_split/Seg2/check_mailbox_night_event/frame_000000.png"", ""aligned_dataset/.frames_cache_event/check_mailbox_split/Seg2/check_mailbox_night_event/frame_000300.png"", ""aligned_dataset/.frames_cache_event/check_mailbox_split/Seg2/check_mailbox_night_event/frame_000570.png"", ""aligned_dataset/.frames_cache_event/check_mailbox_split/Seg2/check_mailbox_night_event/frame_000870.png""]","{""max_new_tokens"": 128, ""do_sample"": false}",N°.,1.903,event,{},1.2731,event,N°,models/qwen/Qwen3-VL-4B-Instruct,4,aligned_dataset/check_mailbox_split/Seg2/event,4.763,qwen_vl,rgb__aligned_dataset_check_mailbox_split_seg2_check_mailbox_rgb__text_recognition__03__input_event,What prefix precedes the numbers on the wall?,,text_recognition,rgb,aligned_dataset/check_mailbox_split/Seg2/check_mailbox_rgb,rgb__aligned_dataset_check_mailbox_split_seg2_check_mailbox_rgb__text_recognition__03,text_recognition,answered
2.86,4,True,8,"[""aligned_dataset/.frames_cache_event/check_mailbox_split/Seg2/check_mailbox_day_event/frame_000000.png"", ""aligned_dataset/.frames_cache_event/check_mailbox_split/Seg2/check_mailbox_day_event/frame_000300.png"", ""aligned_dataset/.frames_cache_event/check_mailbox_split/Seg2/check_mailbox_day_event/frame_000570.png"", ""aligned_dataset/.frames_cache_event/check_mailbox_split/Seg2/check_mailbox_day_event/frame_000870.png"", ""aligned_dataset/.frames_cache_event/check_mailbox_split/Seg2/check_mailbox_night_event/frame_000000.png"", ""aligned_dataset/.frames_cache_event/check_mailbox_split/Seg2/check_mailbox_night_event/frame_000300.png"", ""aligned_dataset/.frames_cache_event/check_mailbox_split/Seg2/check_mailbox_night_event/frame_000570.png"", ""aligned_dataset/.frames_cache_event/check_mailbox_split/Seg2/check_mailbox_night_event/frame_000870.png""]","{""max_new_tokens"": 128, ""do_sample"": false}",White.,1.903,event,{},1.2464,event,white,models/qwen/Qwen3-VL-4B-Instruct,4,aligned_dataset/check_mailbox_split/Seg2/event,4.763,qwen_vl,rgb__aligned_dataset_check_mailbox_split_seg2_check_mailbox_rgb__text_recognition__04__input_event,What color is the text for the room numbers?,,text_recognition,rgb,aligned_dataset/check_mailbox_split/Seg2/check_mailbox_rgb,rgb__aligned_dataset_check_mailbox_split_seg2_check_mailbox_rgb__text_recognition__04,text_recognition,answered
2.86,4,True,8,"[""aligned_dataset/.frames_cache_event/check_mailbox_split/Seg2/check_mailbox_day_event/frame_000000.png"", ""aligned_dataset/.frames_cache_event/check_mailbox_split/Seg2/check_mailbox_day_event/frame_000300.png"", ""aligned_dataset/.frames_cache_event/check_mailbox_split/Seg2/check_mailbox_day_event/frame_000570.png"", ""aligned_dataset/.frames_cache_event/check_mailbox_split/Seg2/check_mailbox_day_event/frame_000870.png"", ""aligned_dataset/.frames_cache_event/check_mailbox_split/Seg2/check_mailbox_night_event/frame_000000.png"", ""aligned_dataset/.frames_cache_event/check_mailbox_split/Seg2/check_mailbox_night_event/frame_000300.png"", ""aligned_dataset/.frames_cache_event/check_mailbox_split/Seg2/check_mailbox_night_event/frame_000570.png"", ""aligned_dataset/.frames_cache_event/check_mailbox_split/Seg2/check_mailbox_night_event/frame_000870.png""]","{""max_new_tokens"": 128, ""do_sample"": false}",Vertical bars (|).,1.904,event,{},1.2496,event,|,models/qwen/Qwen3-VL-4B-Instruct,4,aligned_dataset/check_mailbox_split/Seg2/event,4.764,qwen_vl,rgb__aligned_dataset_check_mailbox_split_seg2_check_mailbox_rgb__text_recognition__05__input_event,What symbol is used to separate the room numbers on the wall?,,text_recognition,rgb,aligned_dataset/check_mailbox_split/Seg2/check_mailbox_rgb,rgb__aligned_dataset_check_mailbox_split_seg2_check_mailbox_rgb__text_recognition__05,text_recognition,answered
2.86,4,True,8,"[""aligned_dataset/.frames_cache_event/check_mailbox_split/Seg2/check_mailbox_day_event/frame_000000.png"", ""aligned_dataset/.frames_cache_event/check_mailbox_split/Seg2/check_mailbox_day_event/frame_000300.png"", ""aligned_dataset/.frames_cache_event/check_mailbox_split/Seg2/check_mailbox_day_event/frame_000570.png"", ""aligned_dataset/.frames_cache_event/check_mailbox_split/Seg2/check_mailbox_day_event/frame_000870.png"", ""aligned_dataset/.frames_cache_event/check_mailbox_split/Seg2/check_mailbox_night_event/frame_000000.png"", ""aligned_dataset/.frames_cache_event/check_mailbox_split/Seg2/check_mailbox_night_event/frame_000300.png"", ""aligned_dataset/.frames_cache_event/check_mailbox_split/Seg2/check_mailbox_night_event/frame_000570.png"", ""aligned_dataset/.frames_cache_event/check_mailbox_split/Seg2/check_mailbox_night_event/frame_000870.png""]","{""max_new_tokens"": 128, ""do_sample"": false}",An emergency exit.,1.903,event,{},1.3718,event,No green sign on ceiling.,models/qwen/Qwen3-VL-4B-Instruct,4,aligned_dataset/check_mailbox_split/Seg2/event,4.763,qwen_vl,rgb__aligned_dataset_check_mailbox_split_seg2_check_mailbox_rgb__text_recognition__06__input_event,What does the green sign on the ceiling represent?,,text_recognition,rgb,aligned_dataset/check_mailbox_split/Seg2/check_mailbox_rgb,rgb__aligned_dataset_check_mailbox_split_seg2_check_mailbox_rgb__text_recognition__06,text_recognition,answered
2.86,4,True,8,"[""aligned_dataset/.frames_cache_event/check_mailbox_split/Seg2/check_mailbox_day_event/frame_000000.png"", ""aligned_dataset/.frames_cache_event/check_mailbox_split/Seg2/check_mailbox_day_event/frame_000300.png"", ""aligned_dataset/.frames_cache_event/check_mailbox_split/Seg2/check_mailbox_day_event/frame_000570.png"", ""aligned_dataset/.frames_cache_event/check_mailbox_split/Seg2/check_mailbox_day_event/frame_000870.png"", ""aligned_dataset/.frames_cache_event/check_mailbox_split/Seg2/check_mailbox_night_event/frame_000000.png"", ""aligned_dataset/.frames_cache_event/check_mailbox_split/Seg2/check_mailbox_night_event/frame_000300.png"", ""aligned_dataset/.frames_cache_event/check_mailbox_split/Seg2/check_mailbox_night_event/frame_000570.png"", ""aligned_dataset/.frames_cache_event/check_mailbox_split/Seg2/check_mailbox_night_event/frame_000870.png""]","{""max_new_tokens"": 128, ""do_sample"": false}",Left.,1.904,event,{},1.2468,event,Right,models/qwen/Qwen3-VL-4B-Instruct,4,aligned_dataset/check_mailbox_split/Seg2/event,4.763,qwen_vl,rgb__aligned_dataset_check_mailbox_split_seg2_check_mailbox_rgb__text_recognition__07__input_event,Which direction does the arrow on the exit sign point?,,text_recognition,rgb,aligned_dataset/check_mailbox_split/Seg2/check_mailbox_rgb,rgb__aligned_dataset_check_mailbox_split_seg2_check_mailbox_rgb__text_recognition__07,text_recognition,answered
2.86,4,True,8,"[""aligned_dataset/.frames_cache_event/check_mailbox_split/Seg2/check_mailbox_day_event/frame_000000.png"", ""aligned_dataset/.frames_cache_event/check_mailbox_split/Seg2/check_mailbox_day_event/frame_000300.png"", ""aligned_dataset/.frames_cache_event/check_mailbox_split/Seg2/check_mailbox_day_event/frame_000570.png"", ""aligned_dataset/.frames_cache_event/check_mailbox_split/Seg2/check_mailbox_day_event/frame_000870.png"", ""aligned_dataset/.frames_cache_event/check_mailbox_split/Seg2/check_mailbox_night_event/frame_000000.png"", ""aligned_dataset/.frames_cache_event/check_mailbox_split/Seg2/check_mailbox_night_event/frame_000300.png"", ""aligned_dataset/.frames_cache_event/check_mailbox_split/Seg2/check_mailbox_night_event/frame_000570.png"", ""aligned_dataset/.frames_cache_event/check_mailbox_split/Seg2/check_mailbox_night_event/frame_000870.png""]","{""max_new_tokens"": 128, ""do_sample"": false}","Indoor corridor, outdoor corridor extension, external staircase, and courtyard view.",1.903,event,{},1.4003,event,"door, staircase, hallway, mailbox",models/qwen/Qwen3-VL-4B-Instruct,4,aligned_dataset/check_mailbox_split/Seg2/event,4.763,qwen_vl,rgb__aligned_dataset_check_mailbox_split_seg2_check_mailbox_rgb__scene_sequence__01__input_event,What is the sequence of scenes I passed through?,,scene_sequence,rgb,aligned_dataset/check_mailbox_split/Seg2/check_mailbox_rgb,rgb__aligned_dataset_check_mailbox_split_seg2_check_mailbox_rgb__scene_sequence__01,scene_sequence,answered
2.86,4,True,8,"[""aligned_dataset/.frames_cache_event/check_mailbox_split/Seg2/check_mailbox_day_event/frame_000000.png"", ""aligned_dataset/.frames_cache_event/check_mailbox_split/Seg2/check_mailbox_day_event/frame_000300.png"", ""aligned_dataset/.frames_cache_event/check_mailbox_split/Seg2/check_mailbox_day_event/frame_000570.png"", ""aligned_dataset/.frames_cache_event/check_mailbox_split/Seg2/check_mailbox_day_event/frame_000870.png"", ""aligned_dataset/.frames_cache_event/check_mailbox_split/Seg2/check_mailbox_night_event/frame_000000.png"", ""aligned_dataset/.frames_cache_event/check_mailbox_split/Seg2/check_mailbox_night_event/frame_000300.png"", ""aligned_dataset/.frames_cache_event/check_mailbox_split/Seg2/check_mailbox_night_event/frame_000570.png"", ""aligned_dataset/.frames_cache_event/check_mailbox_split/Seg2/check_mailbox_night_event/frame_000870.png""]","{""max_new_tokens"": 128, ""do_sample"": false}",A ceiling-mounted exit sign and a section of the corridor with a railing.,1.903,event,{},1.2726,event,a door,models/qwen/Qwen3-VL-4B-Instruct,4,aligned_dataset/check_mailbox_split/Seg2/event,4.763,qwen_vl,rgb__aligned_dataset_check_mailbox_split_seg2_check_mailbox_rgb__scene_sequence__02__input_event,What did I pass just before reaching the staircase?,,scene_sequence,rgb,aligned_dataset/check_mailbox_split/Seg2/check_mailbox_rgb,rgb__aligned_dataset_check_mailbox_split_seg2_check_mailbox_rgb__scene_sequence__02,scene_sequence,answered
2.86,4,True,8,"[""aligned_dataset/.frames_cache_event/check_mailbox_split/Seg2/check_mailbox_day_event/frame_000000.png"", ""aligned_dataset/.frames_cache_event/check_mailbox_split/Seg2/check_mailbox_day_event/frame_000300.png"", ""aligned_dataset/.frames_cache_event/check_mailbox_split/Seg2/check_mailbox_day_event/frame_000570.png"", ""aligned_dataset/.frames_cache_event/check_mailbox_split/Seg2/check_mailbox_day_event/frame_000870.png"", ""aligned_dataset/.frames_cache_event/check_mailbox_split/Seg2/check_mailbox_night_event/frame_000000.png"", ""aligned_dataset/.frames_cache_event/check_mailbox_split/Seg2/check_mailbox_night_event/frame_000300.png"", ""aligned_dataset/.frames_cache_event/check_mailbox_split/Seg2/check_mailbox_night_event/frame_000570.png"", ""aligned_dataset/.frames_cache_event/check_mailbox_split/Seg2/check_mailbox_night_event/frame_000870.png""]","{""max_new_tokens"": 128, ""do_sample"": false}",The point where the solid wall on the left was replaced by a metal railing.,1.903,event,{},1.3055,event,Staircase,models/qwen/Qwen3-VL-4B-Instruct,4,aligned_dataset/check_mailbox_split/Seg2/event,4.763,qwen_vl,rgb__aligned_dataset_check_mailbox_split_seg2_check_mailbox_rgb__scene_sequence__05__input_event,What was the transition point from indoors to outdoors?,,scene_sequence,rgb,aligned_dataset/check_mailbox_split/Seg2/check_mailbox_rgb,rgb__aligned_dataset_check_mailbox_split_seg2_check_mailbox_rgb__scene_sequence__05,scene_sequence,answered
2.86,4,True,8,"[""aligned_dataset/.frames_cache_event/check_mailbox_split/Seg2/check_mailbox_day_event/frame_000000.png"", ""aligned_dataset/.frames_cache_event/check_mailbox_split/Seg2/check_mailbox_day_event/frame_000300.png"", ""aligned_dataset/.frames_cache_event/check_mailbox_split/Seg2/check_mailbox_day_event/frame_000570.png"", ""aligned_dataset/.frames_cache_event/check_mailbox_split/Seg2/check_mailbox_day_event/frame_000870.png"", ""aligned_dataset/.frames_cache_event/check_mailbox_split/Seg2/check_mailbox_night_event/frame_000000.png"", ""aligned_dataset/.frames_cache_event/check_mailbox_split/Seg2/check_mailbox_night_event/frame_000300.png"", ""aligned_dataset/.frames_cache_event/check_mailbox_split/Seg2/check_mailbox_night_event/frame_000570.png"", ""aligned_dataset/.frames_cache_event/check_mailbox_split/Seg2/check_mailbox_night_event/frame_000870.png""]","{""max_new_tokens"": 128, ""do_sample"": false}",An external metal staircase leading down.,1.904,event,{},1.2482,event,stairs,models/qwen/Qwen3-VL-4B-Instruct,4,aligned_dataset/check_mailbox_split/Seg2/event,4.764,qwen_vl,rgb__aligned_dataset_check_mailbox_split_seg2_check_mailbox_rgb__scene_sequence__06__input_event,What did I see after turning left at the end of the hallway?,,scene_sequence,rgb,aligned_dataset/check_mailbox_split/Seg2/check_mailbox_rgb,rgb__aligned_dataset_check_mailbox_split_seg2_check_mailbox_rgb__scene_sequence__06,scene_sequence,answered
2.86,4,True,8,"[""aligned_dataset/.frames_cache_event/check_mailbox_split/Seg2/check_mailbox_day_event/frame_000000.png"", ""aligned_dataset/.frames_cache_event/check_mailbox_split/Seg2/check_mailbox_day_event/frame_000300.png"", ""aligned_dataset/.frames_cache_event/check_mailbox_split/Seg2/check_mailbox_day_event/frame_000570.png"", ""aligned_dataset/.frames_cache_event/check_mailbox_split/Seg2/check_mailbox_day_event/frame_000870.png"", ""aligned_dataset/.frames_cache_event/check_mailbox_split/Seg2/check_mailbox_night_event/frame_000000.png"", ""aligned_dataset/.frames_cache_event/check_mailbox_split/Seg2/check_mailbox_night_event/frame_000300.png"", ""aligned_dataset/.frames_cache_event/check_mailbox_split/Seg2/check_mailbox_night_event/frame_000570.png"", ""aligned_dataset/.frames_cache_event/check_mailbox_split/Seg2/check_mailbox_night_event/frame_000870.png""]","{""max_new_tokens"": 128, ""do_sample"": false}",A ground-level courtyard with grass and concrete elements.,1.903,event,{},1.2757,event,hallway,models/qwen/Qwen3-VL-4B-Instruct,4,aligned_dataset/check_mailbox_split/Seg2/event,4.763,qwen_vl,rgb__aligned_dataset_check_mailbox_split_seg2_check_mailbox_rgb__scene_sequence__07__input_event,What environment did the stairs lead towards?,,scene_sequence,rgb,aligned_dataset/check_mailbox_split/Seg2/check_mailbox_rgb,rgb__aligned_dataset_check_mailbox_split_seg2_check_mailbox_rgb__scene_sequence__07,scene_sequence,answered
2.86,4,True,8,"[""aligned_dataset/.frames_cache_event/check_mailbox_split/Seg2/check_mailbox_day_event/frame_000000.png"", ""aligned_dataset/.frames_cache_event/check_mailbox_split/Seg2/check_mailbox_day_event/frame_000300.png"", ""aligned_dataset/.frames_cache_event/check_mailbox_split/Seg2/check_mailbox_day_event/frame_000570.png"", ""aligned_dataset/.frames_cache_event/check_mailbox_split/Seg2/check_mailbox_day_event/frame_000870.png"", ""aligned_dataset/.frames_cache_event/check_mailbox_split/Seg2/check_mailbox_night_event/frame_000000.png"", ""aligned_dataset/.frames_cache_event/check_mailbox_split/Seg2/check_mailbox_night_event/frame_000300.png"", ""aligned_dataset/.frames_cache_event/check_mailbox_split/Seg2/check_mailbox_night_event/frame_000570.png"", ""aligned_dataset/.frames_cache_event/check_mailbox_split/Seg2/check_mailbox_night_event/frame_000870.png""]","{""max_new_tokens"": 128, ""do_sample"": false}",A staircase railing and doorways.,1.904,event,{},1.3555,event,Stairs and railings,models/qwen/Qwen3-VL-4B-Instruct,4,aligned_dataset/check_mailbox_split/Seg2/event,4.764,qwen_vl,event__aligned_dataset_check_mailbox_split_seg2_check_mailbox_event__event_object_recognition__01__input_event,What primary architectural features are identified by the motion in this hallway?,,event_object_recognition,event,aligned_dataset/check_mailbox_split/Seg2/check_mailbox_event,event__aligned_dataset_check_mailbox_split_seg2_check_mailbox_event__event_object_recognition__01,event_object_recognition,answered
2.86,4,True,8,"[""aligned_dataset/.frames_cache_event/check_mailbox_split/Seg2/check_mailbox_day_event/frame_000000.png"", ""aligned_dataset/.frames_cache_event/check_mailbox_split/Seg2/check_mailbox_day_event/frame_000300.png"", ""aligned_dataset/.frames_cache_event/check_mailbox_split/Seg2/check_mailbox_day_event/frame_000570.png"", ""aligned_dataset/.frames_cache_event/check_mailbox_split/Seg2/check_mailbox_day_event/frame_000870.png"", ""aligned_dataset/.frames_cache_event/check_mailbox_split/Seg2/check_mailbox_night_event/frame_000000.png"", ""aligned_dataset/.frames_cache_event/check_mailbox_split/Seg2/check_mailbox_night_event/frame_000300.png"", ""aligned_dataset/.frames_cache_event/check_mailbox_split/Seg2/check_mailbox_night_event/frame_000570.png"", ""aligned_dataset/.frames_cache_event/check_mailbox_split/Seg2/check_mailbox_night_event/frame_000870.png""]","{""max_new_tokens"": 128, ""do_sample"": false}","Start in the dark hallway, walk past room numbers, reach the exit sign, turn onto the stairs, and descend into the courtyard.",1.903,event,{},2.2284,event,"The camera moves from a close-up of a door to a view down a hallway, then pans to show a staircase, and finally returns to a view of the hallway with a focus on a mailbox.",models/qwen/Qwen3-VL-4B-Instruct,4,aligned_dataset/check_mailbox_split/Seg2/event,4.763,qwen_vl,rgb__aligned_dataset_check_mailbox_split_seg2_check_mailbox_rgb__scene_sequence__09__input_event,Describe the progression from the first frame to the last.,,scene_sequence,rgb,aligned_dataset/check_mailbox_split/Seg2/check_mailbox_rgb,rgb__aligned_dataset_check_mailbox_split_seg2_check_mailbox_rgb__scene_sequence__09,scene_sequence,answered
2.86,4,True,8,"[""aligned_dataset/.frames_cache_event/check_mailbox_split/Seg2/check_mailbox_day_event/frame_000000.png"", ""aligned_dataset/.frames_cache_event/check_mailbox_split/Seg2/check_mailbox_day_event/frame_000300.png"", ""aligned_dataset/.frames_cache_event/check_mailbox_split/Seg2/check_mailbox_day_event/frame_000570.png"", ""aligned_dataset/.frames_cache_event/check_mailbox_split/Seg2/check_mailbox_day_event/frame_000870.png"", ""aligned_dataset/.frames_cache_event/check_mailbox_split/Seg2/check_mailbox_night_event/frame_000000.png"", ""aligned_dataset/.frames_cache_event/check_mailbox_split/Seg2/check_mailbox_night_event/frame_000300.png"", ""aligned_dataset/.frames_cache_event/check_mailbox_split/Seg2/check_mailbox_night_event/frame_000570.png"", ""aligned_dataset/.frames_cache_event/check_mailbox_split/Seg2/check_mailbox_night_event/frame_000870.png""]","{""max_new_tokens"": 128, ""do_sample"": false}",Farther.,1.905,event,{},1.2783,event,closer,models/qwen/Qwen3-VL-4B-Instruct,4,aligned_dataset/check_mailbox_split/Seg2/event,4.765,qwen_vl,event__aligned_dataset_check_mailbox_split_seg2_check_mailbox_event__event_spatial_reasoning__01__input_event,Are the doorways located closer or farther than the staircase railing from my perspective?,,event_spatial_reasoning,event,aligned_dataset/check_mailbox_split/Seg2/check_mailbox_event,event__aligned_dataset_check_mailbox_split_seg2_check_mailbox_event__event_spatial_reasoning__01,event_spatial_reasoning,answered
2.86,4,True,8,"[""aligned_dataset/.frames_cache_event/check_mailbox_split/Seg2/check_mailbox_day_event/frame_000000.png"", ""aligned_dataset/.frames_cache_event/check_mailbox_split/Seg2/check_mailbox_day_event/frame_000300.png"", ""aligned_dataset/.frames_cache_event/check_mailbox_split/Seg2/check_mailbox_day_event/frame_000570.png"", ""aligned_dataset/.frames_cache_event/check_mailbox_split/Seg2/check_mailbox_day_event/frame_000870.png"", ""aligned_dataset/.frames_cache_event/check_mailbox_split/Seg2/check_mailbox_night_event/frame_000000.png"", ""aligned_dataset/.frames_cache_event/check_mailbox_split/Seg2/check_mailbox_night_event/frame_000300.png"", ""aligned_dataset/.frames_cache_event/check_mailbox_split/Seg2/check_mailbox_night_event/frame_000570.png"", ""aligned_dataset/.frames_cache_event/check_mailbox_split/Seg2/check_mailbox_night_event/frame_000870.png""]","{""max_new_tokens"": 128, ""do_sample"": false}",The start of the metal staircase descent.,1.903,event,{},1.3811,event,The hallway with the staircase.,models/qwen/Qwen3-VL-4B-Instruct,4,aligned_dataset/check_mailbox_split/Seg2/event,4.763,qwen_vl,rgb__aligned_dataset_check_mailbox_split_seg2_check_mailbox_rgb__scene_sequence__10__input_event,Which scene followed the passage of the exit sign?,,scene_sequence,rgb,aligned_dataset/check_mailbox_split/Seg2/check_mailbox_rgb,rgb__aligned_dataset_check_mailbox_split_seg2_check_mailbox_rgb__scene_sequence__10,scene_sequence,answered
2.86,4,True,8,"[""aligned_dataset/.frames_cache_event/check_mailbox_split/Seg2/check_mailbox_day_event/frame_000000.png"", ""aligned_dataset/.frames_cache_event/check_mailbox_split/Seg2/check_mailbox_day_event/frame_000300.png"", ""aligned_dataset/.frames_cache_event/check_mailbox_split/Seg2/check_mailbox_day_event/frame_000570.png"", ""aligned_dataset/.frames_cache_event/check_mailbox_split/Seg2/check_mailbox_day_event/frame_000870.png"", ""aligned_dataset/.frames_cache_event/check_mailbox_split/Seg2/check_mailbox_night_event/frame_000000.png"", ""aligned_dataset/.frames_cache_event/check_mailbox_split/Seg2/check_mailbox_night_event/frame_000300.png"", ""aligned_dataset/.frames_cache_event/check_mailbox_split/Seg2/check_mailbox_night_event/frame_000570.png"", ""aligned_dataset/.frames_cache_event/check_mailbox_split/Seg2/check_mailbox_night_event/frame_000870.png""]","{""max_new_tokens"": 128, ""do_sample"": false}",The stairs.,1.905,event,{},1.5507,event,The sequence ends with a static view of a wall with numbers.,models/qwen/Qwen3-VL-4B-Instruct,4,aligned_dataset/check_mailbox_split/Seg2/event,4.764,qwen_vl,event__aligned_dataset_check_mailbox_split_seg2_check_mailbox_event__event_scene_sequence__01__input_event,What is the final part of the sequence I observe before the movement ends?,,event_scene_sequence,event,aligned_dataset/check_mailbox_split/Seg2/check_mailbox_event,event__aligned_dataset_check_mailbox_split_seg2_check_mailbox_event__event_scene_sequence__01,event_scene_sequence,answered
2.86,4,True,8,"[""aligned_dataset/.frames_cache_event/check_mailbox_split/Seg2/check_mailbox_day_event/frame_000000.png"", ""aligned_dataset/.frames_cache_event/check_mailbox_split/Seg2/check_mailbox_day_event/frame_000300.png"", ""aligned_dataset/.frames_cache_event/check_mailbox_split/Seg2/check_mailbox_day_event/frame_000570.png"", ""aligned_dataset/.frames_cache_event/check_mailbox_split/Seg2/check_mailbox_day_event/frame_000870.png"", ""aligned_dataset/.frames_cache_event/check_mailbox_split/Seg2/check_mailbox_night_event/frame_000000.png"", ""aligned_dataset/.frames_cache_event/check_mailbox_split/Seg2/check_mailbox_night_event/frame_000300.png"", ""aligned_dataset/.frames_cache_event/check_mailbox_split/Seg2/check_mailbox_night_event/frame_000570.png"", ""aligned_dataset/.frames_cache_event/check_mailbox_split/Seg2/check_mailbox_night_event/frame_000870.png""]","{""max_new_tokens"": 128, ""do_sample"": false}",Three.,1.904,event,{},1.2503,event,2,models/qwen/Qwen3-VL-4B-Instruct,4,aligned_dataset/check_mailbox_split/Seg2/event,4.763,qwen_vl,event__aligned_dataset_check_mailbox_split_seg2_check_mailbox_event__event_counting__01__input_event,How many doorway frames can I distinguish in the video?,,event_counting,event,aligned_dataset/check_mailbox_split/Seg2/check_mailbox_event,event__aligned_dataset_check_mailbox_split_seg2_check_mailbox_event__event_counting__01,event_counting,answered
2.86,4,True,8,"[""aligned_dataset/.frames_cache_event/check_mailbox_split/Seg2/check_mailbox_day_event/frame_000000.png"", ""aligned_dataset/.frames_cache_event/check_mailbox_split/Seg2/check_mailbox_day_event/frame_000300.png"", ""aligned_dataset/.frames_cache_event/check_mailbox_split/Seg2/check_mailbox_day_event/frame_000570.png"", ""aligned_dataset/.frames_cache_event/check_mailbox_split/Seg2/check_mailbox_day_event/frame_000870.png"", ""aligned_dataset/.frames_cache_event/check_mailbox_split/Seg2/check_mailbox_night_event/frame_000000.png"", ""aligned_dataset/.frames_cache_event/check_mailbox_split/Seg2/check_mailbox_night_event/frame_000300.png"", ""aligned_dataset/.frames_cache_event/check_mailbox_split/Seg2/check_mailbox_night_event/frame_000570.png"", ""aligned_dataset/.frames_cache_event/check_mailbox_split/Seg2/check_mailbox_night_event/frame_000870.png""]","{""max_new_tokens"": 128, ""do_sample"": false}","No, the lights stayed on.",1.904,event,{},1.2477,event,Yes,models/qwen/Qwen3-VL-4B-Instruct,4,aligned_dataset/check_mailbox_split/Seg2/event,4.763,qwen_vl,rgb__aligned_dataset_check_mailbox_split_seg2_check_mailbox_rgb__light_change__01__input_event,Did the lights in the corridor turn off at any point?,,light_change,rgb,aligned_dataset/check_mailbox_split/Seg2/check_mailbox_rgb,rgb__aligned_dataset_check_mailbox_split_seg2_check_mailbox_rgb__light_change__01,light_change,answered
2.86,4,True,8,"[""aligned_dataset/.frames_cache_event/check_mailbox_split/Seg2/check_mailbox_day_event/frame_000000.png"", ""aligned_dataset/.frames_cache_event/check_mailbox_split/Seg2/check_mailbox_day_event/frame_000300.png"", ""aligned_dataset/.frames_cache_event/check_mailbox_split/Seg2/check_mailbox_day_event/frame_000570.png"", ""aligned_dataset/.frames_cache_event/check_mailbox_split/Seg2/check_mailbox_day_event/frame_000870.png"", ""aligned_dataset/.frames_cache_event/check_mailbox_split/Seg2/check_mailbox_night_event/frame_000000.png"", ""aligned_dataset/.frames_cache_event/check_mailbox_split/Seg2/check_mailbox_night_event/frame_000300.png"", ""aligned_dataset/.frames_cache_event/check_mailbox_split/Seg2/check_mailbox_night_event/frame_000570.png"", ""aligned_dataset/.frames_cache_event/check_mailbox_split/Seg2/check_mailbox_night_event/frame_000870.png""]","{""max_new_tokens"": 128, ""do_sample"": false}",Zero.,1.904,event,{},1.2476,event,0,models/qwen/Qwen3-VL-4B-Instruct,4,aligned_dataset/check_mailbox_split/Seg2/event,4.764,qwen_vl,event__aligned_dataset_check_mailbox_split_seg2_check_mailbox_event__event_dynamic_counting__01__input_event,How many people do I see walking in this hallway?,,event_dynamic_counting,event,aligned_dataset/check_mailbox_split/Seg2/check_mailbox_event,event__aligned_dataset_check_mailbox_split_seg2_check_mailbox_event__event_dynamic_counting__01,event_dynamic_counting,answered
2.86,4,True,8,"[""aligned_dataset/.frames_cache_event/check_mailbox_split/Seg2/check_mailbox_day_event/frame_000000.png"", ""aligned_dataset/.frames_cache_event/check_mailbox_split/Seg2/check_mailbox_day_event/frame_000300.png"", ""aligned_dataset/.frames_cache_event/check_mailbox_split/Seg2/check_mailbox_day_event/frame_000570.png"", ""aligned_dataset/.frames_cache_event/check_mailbox_split/Seg2/check_mailbox_day_event/frame_000870.png"", ""aligned_dataset/.frames_cache_event/check_mailbox_split/Seg2/check_mailbox_night_event/frame_000000.png"", ""aligned_dataset/.frames_cache_event/check_mailbox_split/Seg2/check_mailbox_night_event/frame_000300.png"", ""aligned_dataset/.frames_cache_event/check_mailbox_split/Seg2/check_mailbox_night_event/frame_000570.png"", ""aligned_dataset/.frames_cache_event/check_mailbox_split/Seg2/check_mailbox_night_event/frame_000870.png""]","{""max_new_tokens"": 128, ""do_sample"": false}",The scene becomes noticeably darker as I descend the stairs.,1.904,event,{},1.2737,event,brighter,models/qwen/Qwen3-VL-4B-Instruct,4,aligned_dataset/check_mailbox_split/Seg2/event,4.764,qwen_vl,rgb__aligned_dataset_check_mailbox_split_seg2_check_mailbox_rgb__light_change__02__input_event,Does the scene get brighter or darker as I go down the stairs?,,light_change,rgb,aligned_dataset/check_mailbox_split/Seg2/check_mailbox_rgb,rgb__aligned_dataset_check_mailbox_split_seg2_check_mailbox_rgb__light_change__02,light_change,answered
2.86,4,True,8,"[""aligned_dataset/.frames_cache_event/check_mailbox_split/Seg2/check_mailbox_day_event/frame_000000.png"", ""aligned_dataset/.frames_cache_event/check_mailbox_split/Seg2/check_mailbox_day_event/frame_000300.png"", ""aligned_dataset/.frames_cache_event/check_mailbox_split/Seg2/check_mailbox_day_event/frame_000570.png"", ""aligned_dataset/.frames_cache_event/check_mailbox_split/Seg2/check_mailbox_day_event/frame_000870.png"", ""aligned_dataset/.frames_cache_event/check_mailbox_split/Seg2/check_mailbox_night_event/frame_000000.png"", ""aligned_dataset/.frames_cache_event/check_mailbox_split/Seg2/check_mailbox_night_event/frame_000300.png"", ""aligned_dataset/.frames_cache_event/check_mailbox_split/Seg2/check_mailbox_night_event/frame_000570.png"", ""aligned_dataset/.frames_cache_event/check_mailbox_split/Seg2/check_mailbox_night_event/frame_000870.png""]","{""max_new_tokens"": 128, ""do_sample"": false}",Forward.,1.904,event,{},1.2782,event,Downstairs,models/qwen/Qwen3-VL-4B-Instruct,4,aligned_dataset/check_mailbox_split/Seg2/event,4.763,qwen_vl,event__aligned_dataset_check_mailbox_split_seg2_check_mailbox_event__event_navigation__01__input_event,What is the main direction of my movement in this corridor?,,event_navigation,event,aligned_dataset/check_mailbox_split/Seg2/check_mailbox_event,event__aligned_dataset_check_mailbox_split_seg2_check_mailbox_event__event_navigation__01,event_navigation,answered
2.86,4,True,8,"[""aligned_dataset/.frames_cache_event/check_mailbox_split/Seg2/check_mailbox_day_event/frame_000000.png"", ""aligned_dataset/.frames_cache_event/check_mailbox_split/Seg2/check_mailbox_day_event/frame_000300.png"", ""aligned_dataset/.frames_cache_event/check_mailbox_split/Seg2/check_mailbox_day_event/frame_000570.png"", ""aligned_dataset/.frames_cache_event/check_mailbox_split/Seg2/check_mailbox_day_event/frame_000870.png"", ""aligned_dataset/.frames_cache_event/check_mailbox_split/Seg2/check_mailbox_night_event/frame_000000.png"", ""aligned_dataset/.frames_cache_event/check_mailbox_split/Seg2/check_mailbox_night_event/frame_000300.png"", ""aligned_dataset/.frames_cache_event/check_mailbox_split/Seg2/check_mailbox_night_event/frame_000570.png"", ""aligned_dataset/.frames_cache_event/check_mailbox_split/Seg2/check_mailbox_night_event/frame_000870.png""]","{""max_new_tokens"": 128, ""do_sample"": false}",I am moving away from the ceiling light sources.,1.904,event,{},1.2759,event,approaching,models/qwen/Qwen3-VL-4B-Instruct,4,aligned_dataset/check_mailbox_split/Seg2/event,4.764,qwen_vl,rgb__aligned_dataset_check_mailbox_split_seg2_check_mailbox_rgb__light_change__03__input_event,Is the light source approaching me or am I moving away from it?,,light_change,rgb,aligned_dataset/check_mailbox_split/Seg2/check_mailbox_rgb,rgb__aligned_dataset_check_mailbox_split_seg2_check_mailbox_rgb__light_change__03,light_change,answered
2.86,4,True,8,"[""aligned_dataset/.frames_cache_event/check_mailbox_split/Seg2/check_mailbox_day_event/frame_000000.png"", ""aligned_dataset/.frames_cache_event/check_mailbox_split/Seg2/check_mailbox_day_event/frame_000300.png"", ""aligned_dataset/.frames_cache_event/check_mailbox_split/Seg2/check_mailbox_day_event/frame_000570.png"", ""aligned_dataset/.frames_cache_event/check_mailbox_split/Seg2/check_mailbox_day_event/frame_000870.png"", ""aligned_dataset/.frames_cache_event/check_mailbox_split/Seg2/check_mailbox_night_event/frame_000000.png"", ""aligned_dataset/.frames_cache_event/check_mailbox_split/Seg2/check_mailbox_night_event/frame_000300.png"", ""aligned_dataset/.frames_cache_event/check_mailbox_split/Seg2/check_mailbox_night_event/frame_000570.png"", ""aligned_dataset/.frames_cache_event/check_mailbox_split/Seg2/check_mailbox_night_event/frame_000870.png""]","{""max_new_tokens"": 128, ""do_sample"": false}",No.,1.904,event,{},1.2482,event,No,models/qwen/Qwen3-VL-4B-Instruct,4,aligned_dataset/check_mailbox_split/Seg2/event,4.764,qwen_vl,event__aligned_dataset_check_mailbox_split_seg2_check_mailbox_event__event_dynamic_recognition__01__input_event,Did any person or vehicle pass by while I was walking?,,event_dynamic_recognition,event,aligned_dataset/check_mailbox_split/Seg2/check_mailbox_event,event__aligned_dataset_check_mailbox_split_seg2_check_mailbox_event__event_dynamic_recognition__01,event_dynamic_recognition,answered
2.86,4,True,8,"[""aligned_dataset/.frames_cache_event/check_mailbox_split/Seg2/check_mailbox_day_event/frame_000000.png"", ""aligned_dataset/.frames_cache_event/check_mailbox_split/Seg2/check_mailbox_day_event/frame_000300.png"", ""aligned_dataset/.frames_cache_event/check_mailbox_split/Seg2/check_mailbox_day_event/frame_000570.png"", ""aligned_dataset/.frames_cache_event/check_mailbox_split/Seg2/check_mailbox_day_event/frame_000870.png"", ""aligned_dataset/.frames_cache_event/check_mailbox_split/Seg2/check_mailbox_night_event/frame_000000.png"", ""aligned_dataset/.frames_cache_event/check_mailbox_split/Seg2/check_mailbox_night_event/frame_000300.png"", ""aligned_dataset/.frames_cache_event/check_mailbox_split/Seg2/check_mailbox_night_event/frame_000570.png"", ""aligned_dataset/.frames_cache_event/check_mailbox_split/Seg2/check_mailbox_night_event/frame_000870.png""]","{""max_new_tokens"": 128, ""do_sample"": false}",Walking down the hall.,1.903,event,{},1.3,event,walk down stairs,models/qwen/Qwen3-VL-4B-Instruct,4,aligned_dataset/check_mailbox_split/Seg2/event,4.763,qwen_vl,event__aligned_dataset_check_mailbox_split_seg2_check_mailbox_event__event_action__01__input_event,What is my primary action in this scene?,,event_action,event,aligned_dataset/check_mailbox_split/Seg2/check_mailbox_event,event__aligned_dataset_check_mailbox_split_seg2_check_mailbox_event__event_action__01,event_action,answered
2.86,4,True,8,"[""aligned_dataset/.frames_cache_event/check_mailbox_split/Seg2/check_mailbox_day_event/frame_000000.png"", ""aligned_dataset/.frames_cache_event/check_mailbox_split/Seg2/check_mailbox_day_event/frame_000300.png"", ""aligned_dataset/.frames_cache_event/check_mailbox_split/Seg2/check_mailbox_day_event/frame_000570.png"", ""aligned_dataset/.frames_cache_event/check_mailbox_split/Seg2/check_mailbox_day_event/frame_000870.png"", ""aligned_dataset/.frames_cache_event/check_mailbox_split/Seg2/check_mailbox_night_event/frame_000000.png"", ""aligned_dataset/.frames_cache_event/check_mailbox_split/Seg2/check_mailbox_night_event/frame_000300.png"", ""aligned_dataset/.frames_cache_event/check_mailbox_split/Seg2/check_mailbox_night_event/frame_000570.png"", ""aligned_dataset/.frames_cache_event/check_mailbox_split/Seg2/check_mailbox_night_event/frame_000870.png""]","{""max_new_tokens"": 128, ""do_sample"": false}","No, the light remains a consistent cool white from the interior and green from the exit sign.",1.903,event,{},1.2487,event,No,models/qwen/Qwen3-VL-4B-Instruct,4,aligned_dataset/check_mailbox_split/Seg2/event,4.763,qwen_vl,rgb__aligned_dataset_check_mailbox_split_seg2_check_mailbox_rgb__light_change__05__input_event,Does the color of the light change during the video?,,light_change,rgb,aligned_dataset/check_mailbox_split/Seg2/check_mailbox_rgb,rgb__aligned_dataset_check_mailbox_split_seg2_check_mailbox_rgb__light_change__05,light_change,answered
2.86,4,True,8,"[""aligned_dataset/.frames_cache_event/check_mailbox_split/Seg2/check_mailbox_day_event/frame_000000.png"", ""aligned_dataset/.frames_cache_event/check_mailbox_split/Seg2/check_mailbox_day_event/frame_000300.png"", ""aligned_dataset/.frames_cache_event/check_mailbox_split/Seg2/check_mailbox_day_event/frame_000570.png"", ""aligned_dataset/.frames_cache_event/check_mailbox_split/Seg2/check_mailbox_day_event/frame_000870.png"", ""aligned_dataset/.frames_cache_event/check_mailbox_split/Seg2/check_mailbox_night_event/frame_000000.png"", ""aligned_dataset/.frames_cache_event/check_mailbox_split/Seg2/check_mailbox_night_event/frame_000300.png"", ""aligned_dataset/.frames_cache_event/check_mailbox_split/Seg2/check_mailbox_night_event/frame_000570.png"", ""aligned_dataset/.frames_cache_event/check_mailbox_split/Seg2/check_mailbox_night_event/frame_000870.png""]","{""max_new_tokens"": 128, ""do_sample"": false}",No.,1.904,event,{},1.2497,event,No,models/qwen/Qwen3-VL-4B-Instruct,4,aligned_dataset/check_mailbox_split/Seg2/event,4.764,qwen_vl,event__aligned_dataset_check_mailbox_split_seg2_check_mailbox_event__event_non_common__01__input_event,Do I see any objects floating or moving in an impossible way?,,event_non_common,event,aligned_dataset/check_mailbox_split/Seg2/check_mailbox_event,event__aligned_dataset_check_mailbox_split_seg2_check_mailbox_event__event_non_common__01,event_non_common,answered
2.86,4,True,8,"[""aligned_dataset/.frames_cache_event/check_mailbox_split/Seg2/check_mailbox_day_event/frame_000000.png"", ""aligned_dataset/.frames_cache_event/check_mailbox_split/Seg2/check_mailbox_day_event/frame_000300.png"", ""aligned_dataset/.frames_cache_event/check_mailbox_split/Seg2/check_mailbox_day_event/frame_000570.png"", ""aligned_dataset/.frames_cache_event/check_mailbox_split/Seg2/check_mailbox_day_event/frame_000870.png"", ""aligned_dataset/.frames_cache_event/check_mailbox_split/Seg2/check_mailbox_night_event/frame_000000.png"", ""aligned_dataset/.frames_cache_event/check_mailbox_split/Seg2/check_mailbox_night_event/frame_000300.png"", ""aligned_dataset/.frames_cache_event/check_mailbox_split/Seg2/check_mailbox_night_event/frame_000570.png"", ""aligned_dataset/.frames_cache_event/check_mailbox_split/Seg2/check_mailbox_night_event/frame_000870.png""]","{""max_new_tokens"": 128, ""do_sample"": false}","No, although it gets very dark on the stairs, details are still visible.",1.904,event,{},1.249,event,Yes,models/qwen/Qwen3-VL-4B-Instruct,4,aligned_dataset/check_mailbox_split/Seg2/event,4.764,qwen_vl,rgb__aligned_dataset_check_mailbox_split_seg2_check_mailbox_rgb__light_change__06__input_event,Is there a point where I enter a completely pitch-black area?,,light_change,rgb,aligned_dataset/check_mailbox_split/Seg2/check_mailbox_rgb,rgb__aligned_dataset_check_mailbox_split_seg2_check_mailbox_rgb__light_change__06,light_change,answered
2.86,4,True,8,"[""aligned_dataset/.frames_cache_event/check_mailbox_split/Seg2/check_mailbox_day_event/frame_000000.png"", ""aligned_dataset/.frames_cache_event/check_mailbox_split/Seg2/check_mailbox_day_event/frame_000300.png"", ""aligned_dataset/.frames_cache_event/check_mailbox_split/Seg2/check_mailbox_day_event/frame_000570.png"", ""aligned_dataset/.frames_cache_event/check_mailbox_split/Seg2/check_mailbox_day_event/frame_000870.png"", ""aligned_dataset/.frames_cache_event/check_mailbox_split/Seg2/check_mailbox_night_event/frame_000000.png"", ""aligned_dataset/.frames_cache_event/check_mailbox_split/Seg2/check_mailbox_night_event/frame_000300.png"", ""aligned_dataset/.frames_cache_event/check_mailbox_split/Seg2/check_mailbox_night_event/frame_000570.png"", ""aligned_dataset/.frames_cache_event/check_mailbox_split/Seg2/check_mailbox_night_event/frame_000870.png""]","{""max_new_tokens"": 128, ""do_sample"": false}",One.,1.903,event,{},1.2519,event,0,models/qwen/Qwen3-VL-4B-Instruct,4,aligned_dataset/check_mailbox_split/Seg2/event,4.763,qwen_vl,rgb__aligned_dataset_check_mailbox_split_seg2_check_mailbox_rgb__counting__01__input_event,How many orange trash bins are in the courtyard area?,,counting,rgb,aligned_dataset/check_mailbox_split/Seg2/check_mailbox_rgb,rgb__aligned_dataset_check_mailbox_split_seg2_check_mailbox_rgb__counting__01,counting,answered
2.86,4,False,8,"[""aligned_dataset/.frames_cache_event/check_mailbox_split/Seg3/check_mailbox_day_event/frame_000000.png"", ""aligned_dataset/.frames_cache_event/check_mailbox_split/Seg3/check_mailbox_day_event/frame_000300.png"", ""aligned_dataset/.frames_cache_event/check_mailbox_split/Seg3/check_mailbox_day_event/frame_000570.png"", ""aligned_dataset/.frames_cache_event/check_mailbox_split/Seg3/check_mailbox_day_event/frame_000870.png"", ""aligned_dataset/.frames_cache_event/check_mailbox_split/Seg3/check_mailbox_night_event/frame_000000.png"", ""aligned_dataset/.frames_cache_event/check_mailbox_split/Seg3/check_mailbox_night_event/frame_000300.png"", ""aligned_dataset/.frames_cache_event/check_mailbox_split/Seg3/check_mailbox_night_event/frame_000570.png"", ""aligned_dataset/.frames_cache_event/check_mailbox_split/Seg3/check_mailbox_night_event/frame_000870.png""]","{""max_new_tokens"": 128, ""do_sample"": false}",A balcony railing.,1.906,event,{},1.3545,event,Door,models/qwen/Qwen3-VL-4B-Instruct,4,check_mailbox_split/Seg3/event,4.766,qwen_vl,depth__check_mailbox_split_seg3_check_mailbox__depth_object_recognition__01__input_event,What is the primary architectural feature located to the right side of the corridor that defines the boundary of the space?,,depth_object_recognition,depth,check_mailbox_split/Seg3/check_mailbox,depth__check_mailbox_split_seg3_check_mailbox__depth_object_recognition__01,depth_object_recognition,answered
2.86,4,True,8,"[""aligned_dataset/.frames_cache_event/check_mailbox_split/Seg3/check_mailbox_day_event/frame_000000.png"", ""aligned_dataset/.frames_cache_event/check_mailbox_split/Seg3/check_mailbox_day_event/frame_000300.png"", ""aligned_dataset/.frames_cache_event/check_mailbox_split/Seg3/check_mailbox_day_event/frame_000570.png"", ""aligned_dataset/.frames_cache_event/check_mailbox_split/Seg3/check_mailbox_day_event/frame_000870.png"", ""aligned_dataset/.frames_cache_event/check_mailbox_split/Seg3/check_mailbox_night_event/frame_000000.png"", ""aligned_dataset/.frames_cache_event/check_mailbox_split/Seg3/check_mailbox_night_event/frame_000300.png"", ""aligned_dataset/.frames_cache_event/check_mailbox_split/Seg3/check_mailbox_night_event/frame_000570.png"", ""aligned_dataset/.frames_cache_event/check_mailbox_split/Seg3/check_mailbox_night_event/frame_000870.png""]","{""max_new_tokens"": 128, ""do_sample"": false}","No, it is farther.",1.904,event,{},1.2522,event,Yes,models/qwen/Qwen3-VL-4B-Instruct,4,check_mailbox_split/Seg3/event,4.764,qwen_vl,depth__check_mailbox_split_seg3_check_mailbox__depth_spatial_reasoning__01__input_event,Is the staircase located closer to me than the balcony railing?,,depth_spatial_reasoning,depth,check_mailbox_split/Seg3/check_mailbox,depth__check_mailbox_split_seg3_check_mailbox__depth_spatial_reasoning__01,depth_spatial_reasoning,answered
2.86,4,True,8,"[""aligned_dataset/.frames_cache_event/check_mailbox_split/Seg3/check_mailbox_day_event/frame_000000.png"", ""aligned_dataset/.frames_cache_event/check_mailbox_split/Seg3/check_mailbox_day_event/frame_000300.png"", ""aligned_dataset/.frames_cache_event/check_mailbox_split/Seg3/check_mailbox_day_event/frame_000570.png"", ""aligned_dataset/.frames_cache_event/check_mailbox_split/Seg3/check_mailbox_day_event/frame_000870.png"", ""aligned_dataset/.frames_cache_event/check_mailbox_split/Seg3/check_mailbox_night_event/frame_000000.png"", ""aligned_dataset/.frames_cache_event/check_mailbox_split/Seg3/check_mailbox_night_event/frame_000300.png"", ""aligned_dataset/.frames_cache_event/check_mailbox_split/Seg3/check_mailbox_night_event/frame_000570.png"", ""aligned_dataset/.frames_cache_event/check_mailbox_split/Seg3/check_mailbox_night_event/frame_000870.png""]","{""max_new_tokens"": 128, ""do_sample"": false}",The stairwell and balcony.,1.904,event,{},1.3028,event,Staircase,models/qwen/Qwen3-VL-4B-Instruct,4,check_mailbox_split/Seg3/event,4.764,qwen_vl,depth__check_mailbox_split_seg3_check_mailbox__depth_scene_sequence__01__input_event,What structure do I pass immediately before entering the open area where cars are parked?,,depth_scene_sequence,depth,check_mailbox_split/Seg3/check_mailbox,depth__check_mailbox_split_seg3_check_mailbox__depth_scene_sequence__01,depth_scene_sequence,answered
2.86,4,True,8,"[""aligned_dataset/.frames_cache_event/check_mailbox_split/Seg3/check_mailbox_day_event/frame_000000.png"", ""aligned_dataset/.frames_cache_event/check_mailbox_split/Seg3/check_mailbox_day_event/frame_000300.png"", ""aligned_dataset/.frames_cache_event/check_mailbox_split/Seg3/check_mailbox_day_event/frame_000570.png"", ""aligned_dataset/.frames_cache_event/check_mailbox_split/Seg3/check_mailbox_day_event/frame_000870.png"", ""aligned_dataset/.frames_cache_event/check_mailbox_split/Seg3/check_mailbox_night_event/frame_000000.png"", ""aligned_dataset/.frames_cache_event/check_mailbox_split/Seg3/check_mailbox_night_event/frame_000300.png"", ""aligned_dataset/.frames_cache_event/check_mailbox_split/Seg3/check_mailbox_night_event/frame_000570.png"", ""aligned_dataset/.frames_cache_event/check_mailbox_split/Seg3/check_mailbox_night_event/frame_000870.png""]","{""max_new_tokens"": 128, ""do_sample"": false}",Two.,1.904,event,{},1.2539,event,0,models/qwen/Qwen3-VL-4B-Instruct,4,check_mailbox_split/Seg3/event,4.764,qwen_vl,depth__check_mailbox_split_seg3_check_mailbox__depth_counting__01__input_event,How many cars are visible in the parking area at the end of the sequence?,,depth_counting,depth,check_mailbox_split/Seg3/check_mailbox,depth__check_mailbox_split_seg3_check_mailbox__depth_counting__01,depth_counting,answered
2.86,4,True,8,"[""aligned_dataset/.frames_cache_event/check_mailbox_split/Seg3/check_mailbox_day_event/frame_000000.png"", ""aligned_dataset/.frames_cache_event/check_mailbox_split/Seg3/check_mailbox_day_event/frame_000300.png"", ""aligned_dataset/.frames_cache_event/check_mailbox_split/Seg3/check_mailbox_day_event/frame_000570.png"", ""aligned_dataset/.frames_cache_event/check_mailbox_split/Seg3/check_mailbox_day_event/frame_000870.png"", ""aligned_dataset/.frames_cache_event/check_mailbox_split/Seg3/check_mailbox_night_event/frame_000000.png"", ""aligned_dataset/.frames_cache_event/check_mailbox_split/Seg3/check_mailbox_night_event/frame_000300.png"", ""aligned_dataset/.frames_cache_event/check_mailbox_split/Seg3/check_mailbox_night_event/frame_000570.png"", ""aligned_dataset/.frames_cache_event/check_mailbox_split/Seg3/check_mailbox_night_event/frame_000870.png""]","{""max_new_tokens"": 128, ""do_sample"": false}",Zero.,1.903,event,{},1.2518,event,0,models/qwen/Qwen3-VL-4B-Instruct,4,check_mailbox_split/Seg3/event,4.763,qwen_vl,depth__check_mailbox_split_seg3_check_mailbox__depth_dynamic_counting__01__input_event,How many people walk past me during the sequence?,,depth_dynamic_counting,depth,check_mailbox_split/Seg3/check_mailbox,depth__check_mailbox_split_seg3_check_mailbox__depth_dynamic_counting__01,depth_dynamic_counting,answered
2.86,4,True,8,"[""aligned_dataset/.frames_cache_event/check_mailbox_split/Seg3/check_mailbox_day_event/frame_000000.png"", ""aligned_dataset/.frames_cache_event/check_mailbox_split/Seg3/check_mailbox_day_event/frame_000300.png"", ""aligned_dataset/.frames_cache_event/check_mailbox_split/Seg3/check_mailbox_day_event/frame_000570.png"", ""aligned_dataset/.frames_cache_event/check_mailbox_split/Seg3/check_mailbox_day_event/frame_000870.png"", ""aligned_dataset/.frames_cache_event/check_mailbox_split/Seg3/check_mailbox_night_event/frame_000000.png"", ""aligned_dataset/.frames_cache_event/check_mailbox_split/Seg3/check_mailbox_night_event/frame_000300.png"", ""aligned_dataset/.frames_cache_event/check_mailbox_split/Seg3/check_mailbox_night_event/frame_000570.png"", ""aligned_dataset/.frames_cache_event/check_mailbox_split/Seg3/check_mailbox_night_event/frame_000870.png""]","{""max_new_tokens"": 128, ""do_sample"": false}",It leads to an open area.,1.905,event,{},1.2836,event,dead-end,models/qwen/Qwen3-VL-4B-Instruct,4,check_mailbox_split/Seg3/event,4.764,qwen_vl,depth__check_mailbox_split_seg3_check_mailbox__depth_navigation__01__input_event,Is the current path I am following a dead-end or does it lead to an open area?,,depth_navigation,depth,check_mailbox_split/Seg3/check_mailbox,depth__check_mailbox_split_seg3_check_mailbox__depth_navigation__01,depth_navigation,answered
2.86,4,True,8,"[""aligned_dataset/.frames_cache_event/check_mailbox_split/Seg3/check_mailbox_day_event/frame_000000.png"", ""aligned_dataset/.frames_cache_event/check_mailbox_split/Seg3/check_mailbox_day_event/frame_000300.png"", ""aligned_dataset/.frames_cache_event/check_mailbox_split/Seg3/check_mailbox_day_event/frame_000570.png"", ""aligned_dataset/.frames_cache_event/check_mailbox_split/Seg3/check_mailbox_day_event/frame_000870.png"", ""aligned_dataset/.frames_cache_event/check_mailbox_split/Seg3/check_mailbox_night_event/frame_000000.png"", ""aligned_dataset/.frames_cache_event/check_mailbox_split/Seg3/check_mailbox_night_event/frame_000300.png"", ""aligned_dataset/.frames_cache_event/check_mailbox_split/Seg3/check_mailbox_night_event/frame_000570.png"", ""aligned_dataset/.frames_cache_event/check_mailbox_split/Seg3/check_mailbox_night_event/frame_000870.png""]","{""max_new_tokens"": 128, ""do_sample"": false}",Moving forward.,1.903,event,{},1.2544,event,walking,models/qwen/Qwen3-VL-4B-Instruct,4,check_mailbox_split/Seg3/event,4.763,qwen_vl,depth__check_mailbox_split_seg3_check_mailbox__depth_action__01__input_event,What is the primary action I am performing as the camera moves?,,depth_action,depth,check_mailbox_split/Seg3/check_mailbox,depth__check_mailbox_split_seg3_check_mailbox__depth_action__01,depth_action,answered
2.86,4,True,8,"[""aligned_dataset/.frames_cache_event/check_mailbox_split/Seg3/check_mailbox_day_event/frame_000000.png"", ""aligned_dataset/.frames_cache_event/check_mailbox_split/Seg3/check_mailbox_day_event/frame_000300.png"", ""aligned_dataset/.frames_cache_event/check_mailbox_split/Seg3/check_mailbox_day_event/frame_000570.png"", ""aligned_dataset/.frames_cache_event/check_mailbox_split/Seg3/check_mailbox_day_event/frame_000870.png"", ""aligned_dataset/.frames_cache_event/check_mailbox_split/Seg3/check_mailbox_night_event/frame_000000.png"", ""aligned_dataset/.frames_cache_event/check_mailbox_split/Seg3/check_mailbox_night_event/frame_000300.png"", ""aligned_dataset/.frames_cache_event/check_mailbox_split/Seg3/check_mailbox_night_event/frame_000570.png"", ""aligned_dataset/.frames_cache_event/check_mailbox_split/Seg3/check_mailbox_night_event/frame_000870.png""]","{""max_new_tokens"": 128, ""do_sample"": false}",No.,1.904,event,{},1.2535,event,No,models/qwen/Qwen3-VL-4B-Instruct,4,check_mailbox_split/Seg3/event,4.764,qwen_vl,depth__check_mailbox_split_seg3_check_mailbox__depth_non_common__01__input_event,Are there any floating objects or depth artifacts visible in the corridor walls?,,depth_non_common,depth,check_mailbox_split/Seg3/check_mailbox,depth__check_mailbox_split_seg3_check_mailbox__depth_non_common__01,depth_non_common,answered
2.86,4,True,8,"[""aligned_dataset/.frames_cache_event/check_mailbox_split/Seg3/check_mailbox_day_event/frame_000000.png"", ""aligned_dataset/.frames_cache_event/check_mailbox_split/Seg3/check_mailbox_day_event/frame_000300.png"", ""aligned_dataset/.frames_cache_event/check_mailbox_split/Seg3/check_mailbox_day_event/frame_000570.png"", ""aligned_dataset/.frames_cache_event/check_mailbox_split/Seg3/check_mailbox_day_event/frame_000870.png"", ""aligned_dataset/.frames_cache_event/check_mailbox_split/Seg3/check_mailbox_night_event/frame_000000.png"", ""aligned_dataset/.frames_cache_event/check_mailbox_split/Seg3/check_mailbox_night_event/frame_000300.png"", ""aligned_dataset/.frames_cache_event/check_mailbox_split/Seg3/check_mailbox_night_event/frame_000570.png"", ""aligned_dataset/.frames_cache_event/check_mailbox_split/Seg3/check_mailbox_night_event/frame_000870.png""]","{""max_new_tokens"": 128, ""do_sample"": false}",Mailboxes.,1.905,event,{},1.2588,event,mailbox,models/qwen/Qwen3-VL-4B-Instruct,4,aligned_dataset/check_mailbox_split/Seg3/event,4.765,qwen_vl,event__aligned_dataset_check_mailbox_split_seg3_check_mailbox_event__event_object_recognition__01__input_event,What object with numerical labels do I pass on the right wall inside the building?,,event_object_recognition,event,aligned_dataset/check_mailbox_split/Seg3/check_mailbox_event,event__aligned_dataset_check_mailbox_split_seg3_check_mailbox_event__event_object_recognition__01,event_object_recognition,answered
2.86,4,True,8,"[""aligned_dataset/.frames_cache_event/check_mailbox_split/Seg3/check_mailbox_day_event/frame_000000.png"", ""aligned_dataset/.frames_cache_event/check_mailbox_split/Seg3/check_mailbox_day_event/frame_000300.png"", ""aligned_dataset/.frames_cache_event/check_mailbox_split/Seg3/check_mailbox_day_event/frame_000570.png"", ""aligned_dataset/.frames_cache_event/check_mailbox_split/Seg3/check_mailbox_day_event/frame_000870.png"", ""aligned_dataset/.frames_cache_event/check_mailbox_split/Seg3/check_mailbox_night_event/frame_000000.png"", ""aligned_dataset/.frames_cache_event/check_mailbox_split/Seg3/check_mailbox_night_event/frame_000300.png"", ""aligned_dataset/.frames_cache_event/check_mailbox_split/Seg3/check_mailbox_night_event/frame_000570.png"", ""aligned_dataset/.frames_cache_event/check_mailbox_split/Seg3/check_mailbox_night_event/frame_000870.png""]","{""max_new_tokens"": 128, ""do_sample"": false}",Outside.,1.905,event,{},1.2622,event,outside,models/qwen/Qwen3-VL-4B-Instruct,4,aligned_dataset/check_mailbox_split/Seg3/event,4.765,qwen_vl,event__aligned_dataset_check_mailbox_split_seg3_check_mailbox_event__event_spatial_reasoning__01__input_event,Is the parked car located inside or outside the building relative to my path?,,event_spatial_reasoning,event,aligned_dataset/check_mailbox_split/Seg3/check_mailbox_event,event__aligned_dataset_check_mailbox_split_seg3_check_mailbox_event__event_spatial_reasoning__01,event_spatial_reasoning,answered
2.86,4,True,8,"[""aligned_dataset/.frames_cache_event/check_mailbox_split/Seg3/check_mailbox_day_event/frame_000000.png"", ""aligned_dataset/.frames_cache_event/check_mailbox_split/Seg3/check_mailbox_day_event/frame_000300.png"", ""aligned_dataset/.frames_cache_event/check_mailbox_split/Seg3/check_mailbox_day_event/frame_000570.png"", ""aligned_dataset/.frames_cache_event/check_mailbox_split/Seg3/check_mailbox_day_event/frame_000870.png"", ""aligned_dataset/.frames_cache_event/check_mailbox_split/Seg3/check_mailbox_night_event/frame_000000.png"", ""aligned_dataset/.frames_cache_event/check_mailbox_split/Seg3/check_mailbox_night_event/frame_000300.png"", ""aligned_dataset/.frames_cache_event/check_mailbox_split/Seg3/check_mailbox_night_event/frame_000570.png"", ""aligned_dataset/.frames_cache_event/check_mailbox_split/Seg3/check_mailbox_night_event/frame_000870.png""]","{""max_new_tokens"": 128, ""do_sample"": false}",Entering an indoor hallway.,1.904,event,{},1.4758,event,I enter a covered walkway with a railing.,models/qwen/Qwen3-VL-4B-Instruct,4,aligned_dataset/check_mailbox_split/Seg3/event,4.764,qwen_vl,event__aligned_dataset_check_mailbox_split_seg3_check_mailbox_event__event_scene_sequence__01__input_event,What scene change occurs immediately after I move along the outdoor walkway?,,event_scene_sequence,event,aligned_dataset/check_mailbox_split/Seg3/check_mailbox_event,event__aligned_dataset_check_mailbox_split_seg3_check_mailbox_event__event_scene_sequence__01,event_scene_sequence,answered
2.86,4,False,8,"[""aligned_dataset/.frames_cache_event/check_mailbox_split/Seg4/check_mailbox_day_event/frame_000000.png"", ""aligned_dataset/.frames_cache_event/check_mailbox_split/Seg4/check_mailbox_day_event/frame_000300.png"", ""aligned_dataset/.frames_cache_event/check_mailbox_split/Seg4/check_mailbox_day_event/frame_000570.png"", ""aligned_dataset/.frames_cache_event/check_mailbox_split/Seg4/check_mailbox_day_event/frame_000870.png"", ""aligned_dataset/.frames_cache_event/check_mailbox_split/Seg4/check_mailbox_night_event/frame_000000.png"", ""aligned_dataset/.frames_cache_event/check_mailbox_split/Seg4/check_mailbox_night_event/frame_000300.png"", ""aligned_dataset/.frames_cache_event/check_mailbox_split/Seg4/check_mailbox_night_event/frame_000570.png"", ""aligned_dataset/.frames_cache_event/check_mailbox_split/Seg4/check_mailbox_night_event/frame_000870.png""]","{""max_new_tokens"": 128, ""do_sample"": false}",Rectangular.,1.905,event,{},1.3744,event,rectangular,models/qwen/Qwen3-VL-4B-Instruct,4,check_mailbox_split/Seg4/event,4.765,qwen_vl,depth__check_mailbox_split_seg4_check_mailbox__depth_object_recognition__01__input_event,What is the 3D shape of the mailbox slots seen at the end of the video?,,depth_object_recognition,depth,check_mailbox_split/Seg4/check_mailbox,depth__check_mailbox_split_seg4_check_mailbox__depth_object_recognition__01,depth_object_recognition,answered
2.86,4,True,8,"[""aligned_dataset/.frames_cache_event/check_mailbox_split/Seg4/check_mailbox_day_event/frame_000000.png"", ""aligned_dataset/.frames_cache_event/check_mailbox_split/Seg4/check_mailbox_day_event/frame_000300.png"", ""aligned_dataset/.frames_cache_event/check_mailbox_split/Seg4/check_mailbox_day_event/frame_000570.png"", ""aligned_dataset/.frames_cache_event/check_mailbox_split/Seg4/check_mailbox_day_event/frame_000870.png"", ""aligned_dataset/.frames_cache_event/check_mailbox_split/Seg4/check_mailbox_night_event/frame_000000.png"", ""aligned_dataset/.frames_cache_event/check_mailbox_split/Seg4/check_mailbox_night_event/frame_000300.png"", ""aligned_dataset/.frames_cache_event/check_mailbox_split/Seg4/check_mailbox_night_event/frame_000570.png"", ""aligned_dataset/.frames_cache_event/check_mailbox_split/Seg4/check_mailbox_night_event/frame_000870.png""]","{""max_new_tokens"": 128, ""do_sample"": false}",Right.,1.905,event,{},1.2547,event,left,models/qwen/Qwen3-VL-4B-Instruct,4,check_mailbox_split/Seg4/event,4.765,qwen_vl,depth__check_mailbox_split_seg4_check_mailbox__depth_spatial_reasoning__01__input_event,"As I walk toward the mailboxes, is the staircase on my left or my right?",,depth_spatial_reasoning,depth,check_mailbox_split/Seg4/check_mailbox,depth__check_mailbox_split_seg4_check_mailbox__depth_spatial_reasoning__01,depth_spatial_reasoning,answered
2.86,4,True,8,"[""aligned_dataset/.frames_cache_event/check_mailbox_split/Seg4/check_mailbox_day_event/frame_000000.png"", ""aligned_dataset/.frames_cache_event/check_mailbox_split/Seg4/check_mailbox_day_event/frame_000300.png"", ""aligned_dataset/.frames_cache_event/check_mailbox_split/Seg4/check_mailbox_day_event/frame_000570.png"", ""aligned_dataset/.frames_cache_event/check_mailbox_split/Seg4/check_mailbox_day_event/frame_000870.png"", ""aligned_dataset/.frames_cache_event/check_mailbox_split/Seg4/check_mailbox_night_event/frame_000000.png"", ""aligned_dataset/.frames_cache_event/check_mailbox_split/Seg4/check_mailbox_night_event/frame_000300.png"", ""aligned_dataset/.frames_cache_event/check_mailbox_split/Seg4/check_mailbox_night_event/frame_000570.png"", ""aligned_dataset/.frames_cache_event/check_mailbox_split/Seg4/check_mailbox_night_event/frame_000870.png""]","{""max_new_tokens"": 128, ""do_sample"": false}",Outdoors.,1.903,event,{},1.2497,event,outside,models/qwen/Qwen3-VL-4B-Instruct,4,check_mailbox_split/Seg4/event,4.763,qwen_vl,depth__check_mailbox_split_seg4_check_mailbox__depth_scene_sequence__01__input_event,Where am I between passing through the first and second doorway?,,depth_scene_sequence,depth,check_mailbox_split/Seg4/check_mailbox,depth__check_mailbox_split_seg4_check_mailbox__depth_scene_sequence__01,depth_scene_sequence,answered
2.86,4,True,8,"[""aligned_dataset/.frames_cache_event/check_mailbox_split/Seg4/check_mailbox_day_event/frame_000000.png"", ""aligned_dataset/.frames_cache_event/check_mailbox_split/Seg4/check_mailbox_day_event/frame_000300.png"", ""aligned_dataset/.frames_cache_event/check_mailbox_split/Seg4/check_mailbox_day_event/frame_000570.png"", ""aligned_dataset/.frames_cache_event/check_mailbox_split/Seg4/check_mailbox_day_event/frame_000870.png"", ""aligned_dataset/.frames_cache_event/check_mailbox_split/Seg4/check_mailbox_night_event/frame_000000.png"", ""aligned_dataset/.frames_cache_event/check_mailbox_split/Seg4/check_mailbox_night_event/frame_000300.png"", ""aligned_dataset/.frames_cache_event/check_mailbox_split/Seg4/check_mailbox_night_event/frame_000570.png"", ""aligned_dataset/.frames_cache_event/check_mailbox_split/Seg4/check_mailbox_night_event/frame_000870.png""]","{""max_new_tokens"": 128, ""do_sample"": false}",One.,1.903,event,{},1.2483,event,1,models/qwen/Qwen3-VL-4B-Instruct,4,check_mailbox_split/Seg4/event,4.763,qwen_vl,depth__check_mailbox_split_seg4_check_mailbox__depth_counting__01__input_event,How many people are walking in the distance?,,depth_counting,depth,check_mailbox_split/Seg4/check_mailbox,depth__check_mailbox_split_seg4_check_mailbox__depth_counting__01,depth_counting,answered
2.86,4,True,8,"[""aligned_dataset/.frames_cache_event/check_mailbox_split/Seg4/check_mailbox_day_event/frame_000000.png"", ""aligned_dataset/.frames_cache_event/check_mailbox_split/Seg4/check_mailbox_day_event/frame_000300.png"", ""aligned_dataset/.frames_cache_event/check_mailbox_split/Seg4/check_mailbox_day_event/frame_000570.png"", ""aligned_dataset/.frames_cache_event/check_mailbox_split/Seg4/check_mailbox_day_event/frame_000870.png"", ""aligned_dataset/.frames_cache_event/check_mailbox_split/Seg4/check_mailbox_night_event/frame_000000.png"", ""aligned_dataset/.frames_cache_event/check_mailbox_split/Seg4/check_mailbox_night_event/frame_000300.png"", ""aligned_dataset/.frames_cache_event/check_mailbox_split/Seg4/check_mailbox_night_event/frame_000570.png"", ""aligned_dataset/.frames_cache_event/check_mailbox_split/Seg4/check_mailbox_night_event/frame_000870.png""]","{""max_new_tokens"": 128, ""do_sample"": false}",One.,1.902,event,{},1.2488,event,0,models/qwen/Qwen3-VL-4B-Instruct,4,check_mailbox_split/Seg4/event,4.762,qwen_vl,depth__check_mailbox_split_seg4_check_mailbox__depth_counting__02__input_event,How many staircases are visible?,,depth_counting,depth,check_mailbox_split/Seg4/check_mailbox,depth__check_mailbox_split_seg4_check_mailbox__depth_counting__02,depth_counting,answered
2.86,4,True,8,"[""aligned_dataset/.frames_cache_event/check_mailbox_split/Seg4/check_mailbox_day_event/frame_000000.png"", ""aligned_dataset/.frames_cache_event/check_mailbox_split/Seg4/check_mailbox_day_event/frame_000300.png"", ""aligned_dataset/.frames_cache_event/check_mailbox_split/Seg4/check_mailbox_day_event/frame_000570.png"", ""aligned_dataset/.frames_cache_event/check_mailbox_split/Seg4/check_mailbox_day_event/frame_000870.png"", ""aligned_dataset/.frames_cache_event/check_mailbox_split/Seg4/check_mailbox_night_event/frame_000000.png"", ""aligned_dataset/.frames_cache_event/check_mailbox_split/Seg4/check_mailbox_night_event/frame_000300.png"", ""aligned_dataset/.frames_cache_event/check_mailbox_split/Seg4/check_mailbox_night_event/frame_000570.png"", ""aligned_dataset/.frames_cache_event/check_mailbox_split/Seg4/check_mailbox_night_event/frame_000870.png""]","{""max_new_tokens"": 128, ""do_sample"": false}",One.,1.903,event,{},1.2503,event,1,models/qwen/Qwen3-VL-4B-Instruct,4,check_mailbox_split/Seg4/event,4.763,qwen_vl,depth__check_mailbox_split_seg4_check_mailbox__depth_counting__05__input_event,How many distinct outdoor garden areas do I visit?,,depth_counting,depth,check_mailbox_split/Seg4/check_mailbox,depth__check_mailbox_split_seg4_check_mailbox__depth_counting__05,depth_counting,answered
2.86,4,True,8,"[""aligned_dataset/.frames_cache_event/check_mailbox_split/Seg4/check_mailbox_day_event/frame_000000.png"", ""aligned_dataset/.frames_cache_event/check_mailbox_split/Seg4/check_mailbox_day_event/frame_000300.png"", ""aligned_dataset/.frames_cache_event/check_mailbox_split/Seg4/check_mailbox_day_event/frame_000570.png"", ""aligned_dataset/.frames_cache_event/check_mailbox_split/Seg4/check_mailbox_day_event/frame_000870.png"", ""aligned_dataset/.frames_cache_event/check_mailbox_split/Seg4/check_mailbox_night_event/frame_000000.png"", ""aligned_dataset/.frames_cache_event/check_mailbox_split/Seg4/check_mailbox_night_event/frame_000300.png"", ""aligned_dataset/.frames_cache_event/check_mailbox_split/Seg4/check_mailbox_night_event/frame_000570.png"", ""aligned_dataset/.frames_cache_event/check_mailbox_split/Seg4/check_mailbox_night_event/frame_000870.png""]","{""max_new_tokens"": 128, ""do_sample"": false}",Two.,1.903,event,{},1.2518,event,2,models/qwen/Qwen3-VL-4B-Instruct,4,check_mailbox_split/Seg4/event,4.763,qwen_vl,depth__check_mailbox_split_seg4_check_mailbox__depth_counting__06__input_event,How many times do I pass through a doorway transition?,,depth_counting,depth,check_mailbox_split/Seg4/check_mailbox,depth__check_mailbox_split_seg4_check_mailbox__depth_counting__06,depth_counting,answered
2.86,4,True,8,"[""aligned_dataset/.frames_cache_event/check_mailbox_split/Seg4/check_mailbox_day_event/frame_000000.png"", ""aligned_dataset/.frames_cache_event/check_mailbox_split/Seg4/check_mailbox_day_event/frame_000300.png"", ""aligned_dataset/.frames_cache_event/check_mailbox_split/Seg4/check_mailbox_day_event/frame_000570.png"", ""aligned_dataset/.frames_cache_event/check_mailbox_split/Seg4/check_mailbox_day_event/frame_000870.png"", ""aligned_dataset/.frames_cache_event/check_mailbox_split/Seg4/check_mailbox_night_event/frame_000000.png"", ""aligned_dataset/.frames_cache_event/check_mailbox_split/Seg4/check_mailbox_night_event/frame_000300.png"", ""aligned_dataset/.frames_cache_event/check_mailbox_split/Seg4/check_mailbox_night_event/frame_000570.png"", ""aligned_dataset/.frames_cache_event/check_mailbox_split/Seg4/check_mailbox_night_event/frame_000870.png""]","{""max_new_tokens"": 128, ""do_sample"": false}",One.,1.903,event,{},1.2534,event,1,models/qwen/Qwen3-VL-4B-Instruct,4,check_mailbox_split/Seg4/event,4.763,qwen_vl,depth__check_mailbox_split_seg4_check_mailbox__depth_counting__07__input_event,How many human figures appear in the building hallways?,,depth_counting,depth,check_mailbox_split/Seg4/check_mailbox,depth__check_mailbox_split_seg4_check_mailbox__depth_counting__07,depth_counting,answered
2.86,4,True,8,"[""aligned_dataset/.frames_cache_event/check_mailbox_split/Seg4/check_mailbox_day_event/frame_000000.png"", ""aligned_dataset/.frames_cache_event/check_mailbox_split/Seg4/check_mailbox_day_event/frame_000300.png"", ""aligned_dataset/.frames_cache_event/check_mailbox_split/Seg4/check_mailbox_day_event/frame_000570.png"", ""aligned_dataset/.frames_cache_event/check_mailbox_split/Seg4/check_mailbox_day_event/frame_000870.png"", ""aligned_dataset/.frames_cache_event/check_mailbox_split/Seg4/check_mailbox_night_event/frame_000000.png"", ""aligned_dataset/.frames_cache_event/check_mailbox_split/Seg4/check_mailbox_night_event/frame_000300.png"", ""aligned_dataset/.frames_cache_event/check_mailbox_split/Seg4/check_mailbox_night_event/frame_000570.png"", ""aligned_dataset/.frames_cache_event/check_mailbox_split/Seg4/check_mailbox_night_event/frame_000870.png""]","{""max_new_tokens"": 128, ""do_sample"": false}",Zero.,1.903,event,{},1.2496,event,0,models/qwen/Qwen3-VL-4B-Instruct,4,check_mailbox_split/Seg4/event,4.763,qwen_vl,depth__check_mailbox_split_seg4_check_mailbox__depth_dynamic_counting__01__input_event,How many people approach me from the front?,,depth_dynamic_counting,depth,check_mailbox_split/Seg4/check_mailbox,depth__check_mailbox_split_seg4_check_mailbox__depth_dynamic_counting__01,depth_dynamic_counting,answered
2.86,4,True,8,"[""aligned_dataset/.frames_cache_event/check_mailbox_split/Seg4/check_mailbox_day_event/frame_000000.png"", ""aligned_dataset/.frames_cache_event/check_mailbox_split/Seg4/check_mailbox_day_event/frame_000300.png"", ""aligned_dataset/.frames_cache_event/check_mailbox_split/Seg4/check_mailbox_day_event/frame_000570.png"", ""aligned_dataset/.frames_cache_event/check_mailbox_split/Seg4/check_mailbox_day_event/frame_000870.png"", ""aligned_dataset/.frames_cache_event/check_mailbox_split/Seg4/check_mailbox_night_event/frame_000000.png"", ""aligned_dataset/.frames_cache_event/check_mailbox_split/Seg4/check_mailbox_night_event/frame_000300.png"", ""aligned_dataset/.frames_cache_event/check_mailbox_split/Seg4/check_mailbox_night_event/frame_000570.png"", ""aligned_dataset/.frames_cache_event/check_mailbox_split/Seg4/check_mailbox_night_event/frame_000870.png""]","{""max_new_tokens"": 128, ""do_sample"": false}",One.,1.903,event,{},1.2513,event,1,models/qwen/Qwen3-VL-4B-Instruct,4,check_mailbox_split/Seg4/event,4.763,qwen_vl,depth__check_mailbox_split_seg4_check_mailbox__depth_dynamic_counting__02__input_event,How many people do I see walking away?,,depth_dynamic_counting,depth,check_mailbox_split/Seg4/check_mailbox,depth__check_mailbox_split_seg4_check_mailbox__depth_dynamic_counting__02,depth_dynamic_counting,answered
2.86,4,True,8,"[""aligned_dataset/.frames_cache_event/check_mailbox_split/Seg4/check_mailbox_day_event/frame_000000.png"", ""aligned_dataset/.frames_cache_event/check_mailbox_split/Seg4/check_mailbox_day_event/frame_000300.png"", ""aligned_dataset/.frames_cache_event/check_mailbox_split/Seg4/check_mailbox_day_event/frame_000570.png"", ""aligned_dataset/.frames_cache_event/check_mailbox_split/Seg4/check_mailbox_day_event/frame_000870.png"", ""aligned_dataset/.frames_cache_event/check_mailbox_split/Seg4/check_mailbox_night_event/frame_000000.png"", ""aligned_dataset/.frames_cache_event/check_mailbox_split/Seg4/check_mailbox_night_event/frame_000300.png"", ""aligned_dataset/.frames_cache_event/check_mailbox_split/Seg4/check_mailbox_night_event/frame_000570.png"", ""aligned_dataset/.frames_cache_event/check_mailbox_split/Seg4/check_mailbox_night_event/frame_000870.png""]","{""max_new_tokens"": 128, ""do_sample"": false}",Zero.,1.903,event,{},1.2531,event,0,models/qwen/Qwen3-VL-4B-Instruct,4,check_mailbox_split/Seg4/event,4.763,qwen_vl,depth__check_mailbox_split_seg4_check_mailbox__depth_dynamic_counting__03__input_event,How many vehicles are moving in the scene?,,depth_dynamic_counting,depth,check_mailbox_split/Seg4/check_mailbox,depth__check_mailbox_split_seg4_check_mailbox__depth_dynamic_counting__03,depth_dynamic_counting,answered
2.86,4,True,8,"[""aligned_dataset/.frames_cache_event/check_mailbox_split/Seg4/check_mailbox_day_event/frame_000000.png"", ""aligned_dataset/.frames_cache_event/check_mailbox_split/Seg4/check_mailbox_day_event/frame_000300.png"", ""aligned_dataset/.frames_cache_event/check_mailbox_split/Seg4/check_mailbox_day_event/frame_000570.png"", ""aligned_dataset/.frames_cache_event/check_mailbox_split/Seg4/check_mailbox_day_event/frame_000870.png"", ""aligned_dataset/.frames_cache_event/check_mailbox_split/Seg4/check_mailbox_night_event/frame_000000.png"", ""aligned_dataset/.frames_cache_event/check_mailbox_split/Seg4/check_mailbox_night_event/frame_000300.png"", ""aligned_dataset/.frames_cache_event/check_mailbox_split/Seg4/check_mailbox_night_event/frame_000570.png"", ""aligned_dataset/.frames_cache_event/check_mailbox_split/Seg4/check_mailbox_night_event/frame_000870.png""]","{""max_new_tokens"": 128, ""do_sample"": false}",Zero.,1.903,event,{},1.2582,event,0,models/qwen/Qwen3-VL-4B-Instruct,4,check_mailbox_split/Seg4/event,4.763,qwen_vl,depth__check_mailbox_split_seg4_check_mailbox__depth_dynamic_counting__05__input_event,How many moving objects pass me on the left?,,depth_dynamic_counting,depth,check_mailbox_split/Seg4/check_mailbox,depth__check_mailbox_split_seg4_check_mailbox__depth_dynamic_counting__05,depth_dynamic_counting,answered
2.86,4,True,8,"[""aligned_dataset/.frames_cache_event/check_mailbox_split/Seg4/check_mailbox_day_event/frame_000000.png"", ""aligned_dataset/.frames_cache_event/check_mailbox_split/Seg4/check_mailbox_day_event/frame_000300.png"", ""aligned_dataset/.frames_cache_event/check_mailbox_split/Seg4/check_mailbox_day_event/frame_000570.png"", ""aligned_dataset/.frames_cache_event/check_mailbox_split/Seg4/check_mailbox_day_event/frame_000870.png"", ""aligned_dataset/.frames_cache_event/check_mailbox_split/Seg4/check_mailbox_night_event/frame_000000.png"", ""aligned_dataset/.frames_cache_event/check_mailbox_split/Seg4/check_mailbox_night_event/frame_000300.png"", ""aligned_dataset/.frames_cache_event/check_mailbox_split/Seg4/check_mailbox_night_event/frame_000570.png"", ""aligned_dataset/.frames_cache_event/check_mailbox_split/Seg4/check_mailbox_night_event/frame_000870.png""]","{""max_new_tokens"": 128, ""do_sample"": false}",One.,1.903,event,{},1.2484,event,1,models/qwen/Qwen3-VL-4B-Instruct,4,check_mailbox_split/Seg4/event,4.763,qwen_vl,depth__check_mailbox_split_seg4_check_mailbox__depth_dynamic_counting__06__input_event,How many dynamic entities appear in the outdoor section?,,depth_dynamic_counting,depth,check_mailbox_split/Seg4/check_mailbox,depth__check_mailbox_split_seg4_check_mailbox__depth_dynamic_counting__06,depth_dynamic_counting,answered
2.86,4,True,8,"[""aligned_dataset/.frames_cache_event/check_mailbox_split/Seg4/check_mailbox_day_event/frame_000000.png"", ""aligned_dataset/.frames_cache_event/check_mailbox_split/Seg4/check_mailbox_day_event/frame_000300.png"", ""aligned_dataset/.frames_cache_event/check_mailbox_split/Seg4/check_mailbox_day_event/frame_000570.png"", ""aligned_dataset/.frames_cache_event/check_mailbox_split/Seg4/check_mailbox_day_event/frame_000870.png"", ""aligned_dataset/.frames_cache_event/check_mailbox_split/Seg4/check_mailbox_night_event/frame_000000.png"", ""aligned_dataset/.frames_cache_event/check_mailbox_split/Seg4/check_mailbox_night_event/frame_000300.png"", ""aligned_dataset/.frames_cache_event/check_mailbox_split/Seg4/check_mailbox_night_event/frame_000570.png"", ""aligned_dataset/.frames_cache_event/check_mailbox_split/Seg4/check_mailbox_night_event/frame_000870.png""]","{""max_new_tokens"": 128, ""do_sample"": false}",One.,1.903,event,{},1.2532,event,1,models/qwen/Qwen3-VL-4B-Instruct,4,check_mailbox_split/Seg4/event,4.763,qwen_vl,depth__check_mailbox_split_seg4_check_mailbox__depth_dynamic_counting__08__input_event,How many human figures are seen throughout the entire sequence?,,depth_dynamic_counting,depth,check_mailbox_split/Seg4/check_mailbox,depth__check_mailbox_split_seg4_check_mailbox__depth_dynamic_counting__08,depth_dynamic_counting,answered
2.86,4,True,8,"[""aligned_dataset/.frames_cache_event/check_mailbox_split/Seg4/check_mailbox_day_event/frame_000000.png"", ""aligned_dataset/.frames_cache_event/check_mailbox_split/Seg4/check_mailbox_day_event/frame_000300.png"", ""aligned_dataset/.frames_cache_event/check_mailbox_split/Seg4/check_mailbox_day_event/frame_000570.png"", ""aligned_dataset/.frames_cache_event/check_mailbox_split/Seg4/check_mailbox_day_event/frame_000870.png"", ""aligned_dataset/.frames_cache_event/check_mailbox_split/Seg4/check_mailbox_night_event/frame_000000.png"", ""aligned_dataset/.frames_cache_event/check_mailbox_split/Seg4/check_mailbox_night_event/frame_000300.png"", ""aligned_dataset/.frames_cache_event/check_mailbox_split/Seg4/check_mailbox_night_event/frame_000570.png"", ""aligned_dataset/.frames_cache_event/check_mailbox_split/Seg4/check_mailbox_night_event/frame_000870.png""]","{""max_new_tokens"": 128, ""do_sample"": false}",A staircase.,1.905,event,{},1.2587,event,Building,models/qwen/Qwen3-VL-4B-Instruct,4,check_mailbox_split/Seg4/event,4.765,qwen_vl,depth__check_mailbox_split_seg4_check_mailbox__depth_navigation__01__input_event,What landmark is visible on the right side of the hallway as I approach the end of my path?,,depth_navigation,depth,check_mailbox_split/Seg4/check_mailbox,depth__check_mailbox_split_seg4_check_mailbox__depth_navigation__01,depth_navigation,answered
2.86,4,True,8,"[""aligned_dataset/.frames_cache_event/check_mailbox_split/Seg4/check_mailbox_day_event/frame_000000.png"", ""aligned_dataset/.frames_cache_event/check_mailbox_split/Seg4/check_mailbox_day_event/frame_000300.png"", ""aligned_dataset/.frames_cache_event/check_mailbox_split/Seg4/check_mailbox_day_event/frame_000570.png"", ""aligned_dataset/.frames_cache_event/check_mailbox_split/Seg4/check_mailbox_day_event/frame_000870.png"", ""aligned_dataset/.frames_cache_event/check_mailbox_split/Seg4/check_mailbox_night_event/frame_000000.png"", ""aligned_dataset/.frames_cache_event/check_mailbox_split/Seg4/check_mailbox_night_event/frame_000300.png"", ""aligned_dataset/.frames_cache_event/check_mailbox_split/Seg4/check_mailbox_night_event/frame_000570.png"", ""aligned_dataset/.frames_cache_event/check_mailbox_split/Seg4/check_mailbox_night_event/frame_000870.png""]","{""max_new_tokens"": 128, ""do_sample"": false}",No.,1.903,event,{},1.2531,event,No,models/qwen/Qwen3-VL-4B-Instruct,4,check_mailbox_split/Seg4/event,4.763,qwen_vl,depth__check_mailbox_split_seg4_check_mailbox__depth_dynamic_recognition__01__input_event,Is the person in the distance moving toward me?,,depth_dynamic_recognition,depth,check_mailbox_split/Seg4/check_mailbox,depth__check_mailbox_split_seg4_check_mailbox__depth_dynamic_recognition__01,depth_dynamic_recognition,answered
2.86,4,True,8,"[""aligned_dataset/.frames_cache_event/check_mailbox_split/Seg4/check_mailbox_day_event/frame_000000.png"", ""aligned_dataset/.frames_cache_event/check_mailbox_split/Seg4/check_mailbox_day_event/frame_000300.png"", ""aligned_dataset/.frames_cache_event/check_mailbox_split/Seg4/check_mailbox_day_event/frame_000570.png"", ""aligned_dataset/.frames_cache_event/check_mailbox_split/Seg4/check_mailbox_day_event/frame_000870.png"", ""aligned_dataset/.frames_cache_event/check_mailbox_split/Seg4/check_mailbox_night_event/frame_000000.png"", ""aligned_dataset/.frames_cache_event/check_mailbox_split/Seg4/check_mailbox_night_event/frame_000300.png"", ""aligned_dataset/.frames_cache_event/check_mailbox_split/Seg4/check_mailbox_night_event/frame_000570.png"", ""aligned_dataset/.frames_cache_event/check_mailbox_split/Seg4/check_mailbox_night_event/frame_000870.png""]","{""max_new_tokens"": 128, ""do_sample"": false}",Yes.,1.903,event,{},1.2548,event,No,models/qwen/Qwen3-VL-4B-Instruct,4,check_mailbox_split/Seg4/event,4.763,qwen_vl,depth__check_mailbox_split_seg4_check_mailbox__depth_dynamic_recognition__02__input_event,Does the person vanish behind a wall?,,depth_dynamic_recognition,depth,check_mailbox_split/Seg4/check_mailbox,depth__check_mailbox_split_seg4_check_mailbox__depth_dynamic_recognition__02,depth_dynamic_recognition,answered
2.86,4,True,8,"[""aligned_dataset/.frames_cache_event/check_mailbox_split/Seg4/check_mailbox_day_event/frame_000000.png"", ""aligned_dataset/.frames_cache_event/check_mailbox_split/Seg4/check_mailbox_day_event/frame_000300.png"", ""aligned_dataset/.frames_cache_event/check_mailbox_split/Seg4/check_mailbox_day_event/frame_000570.png"", ""aligned_dataset/.frames_cache_event/check_mailbox_split/Seg4/check_mailbox_day_event/frame_000870.png"", ""aligned_dataset/.frames_cache_event/check_mailbox_split/Seg4/check_mailbox_night_event/frame_000000.png"", ""aligned_dataset/.frames_cache_event/check_mailbox_split/Seg4/check_mailbox_night_event/frame_000300.png"", ""aligned_dataset/.frames_cache_event/check_mailbox_split/Seg4/check_mailbox_night_event/frame_000570.png"", ""aligned_dataset/.frames_cache_event/check_mailbox_split/Seg4/check_mailbox_night_event/frame_000870.png""]","{""max_new_tokens"": 128, ""do_sample"": false}",Frame 300.,1.904,event,{},1.4523,event,frame_000300.png,models/qwen/Qwen3-VL-4B-Instruct,4,check_mailbox_split/Seg4/event,4.763,qwen_vl,depth__check_mailbox_split_seg4_check_mailbox__depth_dynamic_recognition__03__input_event,At what frame does the person first appear in the distance?,,depth_dynamic_recognition,depth,check_mailbox_split/Seg4/check_mailbox,depth__check_mailbox_split_seg4_check_mailbox__depth_dynamic_recognition__03,depth_dynamic_recognition,answered
2.86,4,True,8,"[""aligned_dataset/.frames_cache_event/check_mailbox_split/Seg4/check_mailbox_day_event/frame_000000.png"", ""aligned_dataset/.frames_cache_event/check_mailbox_split/Seg4/check_mailbox_day_event/frame_000300.png"", ""aligned_dataset/.frames_cache_event/check_mailbox_split/Seg4/check_mailbox_day_event/frame_000570.png"", ""aligned_dataset/.frames_cache_event/check_mailbox_split/Seg4/check_mailbox_day_event/frame_000870.png"", ""aligned_dataset/.frames_cache_event/check_mailbox_split/Seg4/check_mailbox_night_event/frame_000000.png"", ""aligned_dataset/.frames_cache_event/check_mailbox_split/Seg4/check_mailbox_night_event/frame_000300.png"", ""aligned_dataset/.frames_cache_event/check_mailbox_split/Seg4/check_mailbox_night_event/frame_000570.png"", ""aligned_dataset/.frames_cache_event/check_mailbox_split/Seg4/check_mailbox_night_event/frame_000870.png""]","{""max_new_tokens"": 128, ""do_sample"": false}",No.,1.903,event,{},1.2528,event,No,models/qwen/Qwen3-VL-4B-Instruct,4,check_mailbox_split/Seg4/event,4.763,qwen_vl,depth__check_mailbox_split_seg4_check_mailbox__depth_dynamic_recognition__04__input_event,Is there a car moving in the background?,,depth_dynamic_recognition,depth,check_mailbox_split/Seg4/check_mailbox,depth__check_mailbox_split_seg4_check_mailbox__depth_dynamic_recognition__04,depth_dynamic_recognition,answered
2.86,4,True,8,"[""aligned_dataset/.frames_cache_event/check_mailbox_split/Seg4/check_mailbox_day_event/frame_000000.png"", ""aligned_dataset/.frames_cache_event/check_mailbox_split/Seg4/check_mailbox_day_event/frame_000300.png"", ""aligned_dataset/.frames_cache_event/check_mailbox_split/Seg4/check_mailbox_day_event/frame_000570.png"", ""aligned_dataset/.frames_cache_event/check_mailbox_split/Seg4/check_mailbox_day_event/frame_000870.png"", ""aligned_dataset/.frames_cache_event/check_mailbox_split/Seg4/check_mailbox_night_event/frame_000000.png"", ""aligned_dataset/.frames_cache_event/check_mailbox_split/Seg4/check_mailbox_night_event/frame_000300.png"", ""aligned_dataset/.frames_cache_event/check_mailbox_split/Seg4/check_mailbox_night_event/frame_000570.png"", ""aligned_dataset/.frames_cache_event/check_mailbox_split/Seg4/check_mailbox_night_event/frame_000870.png""]","{""max_new_tokens"": 128, ""do_sample"": false}",Yes.,1.903,event,{},1.2545,event,Yes,models/qwen/Qwen3-VL-4B-Instruct,4,check_mailbox_split/Seg4/event,4.763,qwen_vl,depth__check_mailbox_split_seg4_check_mailbox__depth_dynamic_recognition__05__input_event,Does the human figure enter a doorway?,,depth_dynamic_recognition,depth,check_mailbox_split/Seg4/check_mailbox,depth__check_mailbox_split_seg4_check_mailbox__depth_dynamic_recognition__05,depth_dynamic_recognition,answered
2.86,4,True,8,"[""aligned_dataset/.frames_cache_event/check_mailbox_split/Seg4/check_mailbox_day_event/frame_000000.png"", ""aligned_dataset/.frames_cache_event/check_mailbox_split/Seg4/check_mailbox_day_event/frame_000300.png"", ""aligned_dataset/.frames_cache_event/check_mailbox_split/Seg4/check_mailbox_day_event/frame_000570.png"", ""aligned_dataset/.frames_cache_event/check_mailbox_split/Seg4/check_mailbox_day_event/frame_000870.png"", ""aligned_dataset/.frames_cache_event/check_mailbox_split/Seg4/check_mailbox_night_event/frame_000000.png"", ""aligned_dataset/.frames_cache_event/check_mailbox_split/Seg4/check_mailbox_night_event/frame_000300.png"", ""aligned_dataset/.frames_cache_event/check_mailbox_split/Seg4/check_mailbox_night_event/frame_000570.png"", ""aligned_dataset/.frames_cache_event/check_mailbox_split/Seg4/check_mailbox_night_event/frame_000870.png""]","{""max_new_tokens"": 128, ""do_sample"": false}",Yes.,1.903,event,{},1.2577,event,Yes,models/qwen/Qwen3-VL-4B-Instruct,4,check_mailbox_split/Seg4/event,4.762,qwen_vl,depth__check_mailbox_split_seg4_check_mailbox__depth_dynamic_recognition__06__input_event,Is the dynamic object a person?,,depth_dynamic_recognition,depth,check_mailbox_split/Seg4/check_mailbox,depth__check_mailbox_split_seg4_check_mailbox__depth_dynamic_recognition__06,depth_dynamic_recognition,answered
2.86,4,True,8,"[""aligned_dataset/.frames_cache_event/check_mailbox_split/Seg4/check_mailbox_day_event/frame_000000.png"", ""aligned_dataset/.frames_cache_event/check_mailbox_split/Seg4/check_mailbox_day_event/frame_000300.png"", ""aligned_dataset/.frames_cache_event/check_mailbox_split/Seg4/check_mailbox_day_event/frame_000570.png"", ""aligned_dataset/.frames_cache_event/check_mailbox_split/Seg4/check_mailbox_day_event/frame_000870.png"", ""aligned_dataset/.frames_cache_event/check_mailbox_split/Seg4/check_mailbox_night_event/frame_000000.png"", ""aligned_dataset/.frames_cache_event/check_mailbox_split/Seg4/check_mailbox_night_event/frame_000300.png"", ""aligned_dataset/.frames_cache_event/check_mailbox_split/Seg4/check_mailbox_night_event/frame_000570.png"", ""aligned_dataset/.frames_cache_event/check_mailbox_split/Seg4/check_mailbox_night_event/frame_000870.png""]","{""max_new_tokens"": 128, ""do_sample"": false}",Walking forward.,1.903,event,{},1.2802,event,check mailbox,models/qwen/Qwen3-VL-4B-Instruct,4,check_mailbox_split/Seg4/event,4.762,qwen_vl,depth__check_mailbox_split_seg4_check_mailbox__depth_action__01__input_event,What is my primary action during the video?,,depth_action,depth,check_mailbox_split/Seg4/check_mailbox,depth__check_mailbox_split_seg4_check_mailbox__depth_action__01,depth_action,answered
2.86,4,True,8,"[""aligned_dataset/.frames_cache_event/check_mailbox_split/Seg4/check_mailbox_day_event/frame_000000.png"", ""aligned_dataset/.frames_cache_event/check_mailbox_split/Seg4/check_mailbox_day_event/frame_000300.png"", ""aligned_dataset/.frames_cache_event/check_mailbox_split/Seg4/check_mailbox_day_event/frame_000570.png"", ""aligned_dataset/.frames_cache_event/check_mailbox_split/Seg4/check_mailbox_day_event/frame_000870.png"", ""aligned_dataset/.frames_cache_event/check_mailbox_split/Seg4/check_mailbox_night_event/frame_000000.png"", ""aligned_dataset/.frames_cache_event/check_mailbox_split/Seg4/check_mailbox_night_event/frame_000300.png"", ""aligned_dataset/.frames_cache_event/check_mailbox_split/Seg4/check_mailbox_night_event/frame_000570.png"", ""aligned_dataset/.frames_cache_event/check_mailbox_split/Seg4/check_mailbox_night_event/frame_000870.png""]","{""max_new_tokens"": 128, ""do_sample"": false}",Mailboxes.,1.903,event,{},1.2536,event,mailbox,models/qwen/Qwen3-VL-4B-Instruct,4,check_mailbox_split/Seg4/event,4.763,qwen_vl,depth__check_mailbox_split_seg4_check_mailbox__depth_action__02__input_event,Which object do I interact with at the end?,,depth_action,depth,check_mailbox_split/Seg4/check_mailbox,depth__check_mailbox_split_seg4_check_mailbox__depth_action__02,depth_action,answered
2.86,4,True,8,"[""aligned_dataset/.frames_cache_event/check_mailbox_split/Seg4/check_mailbox_day_event/frame_000000.png"", ""aligned_dataset/.frames_cache_event/check_mailbox_split/Seg4/check_mailbox_day_event/frame_000300.png"", ""aligned_dataset/.frames_cache_event/check_mailbox_split/Seg4/check_mailbox_day_event/frame_000570.png"", ""aligned_dataset/.frames_cache_event/check_mailbox_split/Seg4/check_mailbox_day_event/frame_000870.png"", ""aligned_dataset/.frames_cache_event/check_mailbox_split/Seg4/check_mailbox_night_event/frame_000000.png"", ""aligned_dataset/.frames_cache_event/check_mailbox_split/Seg4/check_mailbox_night_event/frame_000300.png"", ""aligned_dataset/.frames_cache_event/check_mailbox_split/Seg4/check_mailbox_night_event/frame_000570.png"", ""aligned_dataset/.frames_cache_event/check_mailbox_split/Seg4/check_mailbox_night_event/frame_000870.png""]","{""max_new_tokens"": 128, ""do_sample"": false}",Yes.,1.903,event,{},1.2531,event,no,models/qwen/Qwen3-VL-4B-Instruct,4,check_mailbox_split/Seg4/event,4.763,qwen_vl,depth__check_mailbox_split_seg4_check_mailbox__depth_action__03__input_event,Do I use my hand to reach for the mailboxes?,,depth_action,depth,check_mailbox_split/Seg4/check_mailbox,depth__check_mailbox_split_seg4_check_mailbox__depth_action__03,depth_action,answered
2.86,4,False,8,"[""aligned_dataset/.frames_cache_ir/check_mailbox_split/Seg1/check_mailbox_day_ir/frame_000000.png"", ""aligned_dataset/.frames_cache_ir/check_mailbox_split/Seg1/check_mailbox_day_ir/frame_000300.png"", ""aligned_dataset/.frames_cache_ir/check_mailbox_split/Seg1/check_mailbox_day_ir/frame_000570.png"", ""aligned_dataset/.frames_cache_ir/check_mailbox_split/Seg1/check_mailbox_day_ir/frame_000870.png"", ""aligned_dataset/.frames_cache_ir/check_mailbox_split/Seg1/check_mailbox_night_ir/frame_000000.png"", ""aligned_dataset/.frames_cache_ir/check_mailbox_split/Seg1/check_mailbox_night_ir/frame_000300.png"", ""aligned_dataset/.frames_cache_ir/check_mailbox_split/Seg1/check_mailbox_night_ir/frame_000570.png"", ""aligned_dataset/.frames_cache_ir/check_mailbox_split/Seg1/check_mailbox_night_ir/frame_000870.png""]","{""max_new_tokens"": 128, ""do_sample"": false}",A doorway.,1.904,ir,{},1.314,ir,Door,models/qwen/Qwen3-VL-4B-Instruct,4,check_mailbox_split/Seg1/ir,4.764,qwen_vl,depth__check_mailbox_split_seg1_check_mailbox__depth_object_recognition__01__input_ir,What is the primary geometric structure visible that connects two distinct spaces?,,depth_object_recognition,depth,check_mailbox_split/Seg1/check_mailbox,depth__check_mailbox_split_seg1_check_mailbox__depth_object_recognition__01,depth_object_recognition,answered
2.86,4,True,8,"[""aligned_dataset/.frames_cache_ir/check_mailbox_split/Seg1/check_mailbox_day_ir/frame_000000.png"", ""aligned_dataset/.frames_cache_ir/check_mailbox_split/Seg1/check_mailbox_day_ir/frame_000300.png"", ""aligned_dataset/.frames_cache_ir/check_mailbox_split/Seg1/check_mailbox_day_ir/frame_000570.png"", ""aligned_dataset/.frames_cache_ir/check_mailbox_split/Seg1/check_mailbox_day_ir/frame_000870.png"", ""aligned_dataset/.frames_cache_ir/check_mailbox_split/Seg1/check_mailbox_night_ir/frame_000000.png"", ""aligned_dataset/.frames_cache_ir/check_mailbox_split/Seg1/check_mailbox_night_ir/frame_000300.png"", ""aligned_dataset/.frames_cache_ir/check_mailbox_split/Seg1/check_mailbox_night_ir/frame_000570.png"", ""aligned_dataset/.frames_cache_ir/check_mailbox_split/Seg1/check_mailbox_night_ir/frame_000870.png""]","{""max_new_tokens"": 128, ""do_sample"": false}","Yes, it is closer.",1.906,ir,{},1.2618,ir,Yes,models/qwen/Qwen3-VL-4B-Instruct,4,check_mailbox_split/Seg1/ir,4.765,qwen_vl,depth__check_mailbox_split_seg1_check_mailbox__depth_spatial_reasoning__01__input_ir,Is the table-like object closer to me than the items on the floor in the further room?,,depth_spatial_reasoning,depth,check_mailbox_split/Seg1/check_mailbox,depth__check_mailbox_split_seg1_check_mailbox__depth_spatial_reasoning__01,depth_spatial_reasoning,answered
2.86,4,True,8,"[""aligned_dataset/.frames_cache_ir/check_mailbox_split/Seg1/check_mailbox_day_ir/frame_000000.png"", ""aligned_dataset/.frames_cache_ir/check_mailbox_split/Seg1/check_mailbox_day_ir/frame_000300.png"", ""aligned_dataset/.frames_cache_ir/check_mailbox_split/Seg1/check_mailbox_day_ir/frame_000570.png"", ""aligned_dataset/.frames_cache_ir/check_mailbox_split/Seg1/check_mailbox_day_ir/frame_000870.png"", ""aligned_dataset/.frames_cache_ir/check_mailbox_split/Seg1/check_mailbox_night_ir/frame_000000.png"", ""aligned_dataset/.frames_cache_ir/check_mailbox_split/Seg1/check_mailbox_night_ir/frame_000300.png"", ""aligned_dataset/.frames_cache_ir/check_mailbox_split/Seg1/check_mailbox_night_ir/frame_000570.png"", ""aligned_dataset/.frames_cache_ir/check_mailbox_split/Seg1/check_mailbox_night_ir/frame_000870.png""]","{""max_new_tokens"": 128, ""do_sample"": false}",From a room through a doorway into a second room.,1.903,ir,{},1.6228,ir,"From the room with the window, to the hallway, then to the bathroom.",models/qwen/Qwen3-VL-4B-Instruct,4,check_mailbox_split/Seg1/ir,4.763,qwen_vl,depth__check_mailbox_split_seg1_check_mailbox__depth_scene_sequence__01__input_ir,What is the sequence of spaces I move through?,,depth_scene_sequence,depth,check_mailbox_split/Seg1/check_mailbox,depth__check_mailbox_split_seg1_check_mailbox__depth_scene_sequence__01,depth_scene_sequence,answered
2.86,4,True,8,"[""aligned_dataset/.frames_cache_ir/check_mailbox_split/Seg1/check_mailbox_day_ir/frame_000000.png"", ""aligned_dataset/.frames_cache_ir/check_mailbox_split/Seg1/check_mailbox_day_ir/frame_000300.png"", ""aligned_dataset/.frames_cache_ir/check_mailbox_split/Seg1/check_mailbox_day_ir/frame_000570.png"", ""aligned_dataset/.frames_cache_ir/check_mailbox_split/Seg1/check_mailbox_day_ir/frame_000870.png"", ""aligned_dataset/.frames_cache_ir/check_mailbox_split/Seg1/check_mailbox_night_ir/frame_000000.png"", ""aligned_dataset/.frames_cache_ir/check_mailbox_split/Seg1/check_mailbox_night_ir/frame_000300.png"", ""aligned_dataset/.frames_cache_ir/check_mailbox_split/Seg1/check_mailbox_night_ir/frame_000570.png"", ""aligned_dataset/.frames_cache_ir/check_mailbox_split/Seg1/check_mailbox_night_ir/frame_000870.png""]","{""max_new_tokens"": 128, ""do_sample"": false}","Yes, it is clear.",1.903,ir,{},1.2519,ir,Yes,models/qwen/Qwen3-VL-4B-Instruct,4,check_mailbox_split/Seg1/ir,4.763,qwen_vl,depth__check_mailbox_split_seg1_check_mailbox__depth_navigation__01__input_ir,Is the pathway through the door clear for movement?,,depth_navigation,depth,check_mailbox_split/Seg1/check_mailbox,depth__check_mailbox_split_seg1_check_mailbox__depth_navigation__01,depth_navigation,answered
2.86,4,True,8,"[""aligned_dataset/.frames_cache_ir/check_mailbox_split/Seg1/check_mailbox_day_ir/frame_000000.png"", ""aligned_dataset/.frames_cache_ir/check_mailbox_split/Seg1/check_mailbox_day_ir/frame_000300.png"", ""aligned_dataset/.frames_cache_ir/check_mailbox_split/Seg1/check_mailbox_day_ir/frame_000570.png"", ""aligned_dataset/.frames_cache_ir/check_mailbox_split/Seg1/check_mailbox_day_ir/frame_000870.png"", ""aligned_dataset/.frames_cache_ir/check_mailbox_split/Seg1/check_mailbox_night_ir/frame_000000.png"", ""aligned_dataset/.frames_cache_ir/check_mailbox_split/Seg1/check_mailbox_night_ir/frame_000300.png"", ""aligned_dataset/.frames_cache_ir/check_mailbox_split/Seg1/check_mailbox_night_ir/frame_000570.png"", ""aligned_dataset/.frames_cache_ir/check_mailbox_split/Seg1/check_mailbox_night_ir/frame_000870.png""]","{""max_new_tokens"": 128, ""do_sample"": false}","Yes, they are.",1.903,ir,{},1.259,ir,Yes,models/qwen/Qwen3-VL-4B-Instruct,4,check_mailbox_split/Seg1/ir,4.763,qwen_vl,depth__check_mailbox_split_seg1_check_mailbox__depth_dynamic_recognition__01__input_ir,Is the person moving closer to me?,,depth_dynamic_recognition,depth,check_mailbox_split/Seg1/check_mailbox,depth__check_mailbox_split_seg1_check_mailbox__depth_dynamic_recognition__01,depth_dynamic_recognition,answered
2.86,4,True,8,"[""aligned_dataset/.frames_cache_ir/check_mailbox_split/Seg1/check_mailbox_day_ir/frame_000000.png"", ""aligned_dataset/.frames_cache_ir/check_mailbox_split/Seg1/check_mailbox_day_ir/frame_000300.png"", ""aligned_dataset/.frames_cache_ir/check_mailbox_split/Seg1/check_mailbox_day_ir/frame_000570.png"", ""aligned_dataset/.frames_cache_ir/check_mailbox_split/Seg1/check_mailbox_day_ir/frame_000870.png"", ""aligned_dataset/.frames_cache_ir/check_mailbox_split/Seg1/check_mailbox_night_ir/frame_000000.png"", ""aligned_dataset/.frames_cache_ir/check_mailbox_split/Seg1/check_mailbox_night_ir/frame_000300.png"", ""aligned_dataset/.frames_cache_ir/check_mailbox_split/Seg1/check_mailbox_night_ir/frame_000570.png"", ""aligned_dataset/.frames_cache_ir/check_mailbox_split/Seg1/check_mailbox_night_ir/frame_000870.png""]","{""max_new_tokens"": 128, ""do_sample"": false}",Moving through a doorway.,1.903,ir,{},1.2586,ir,walk,models/qwen/Qwen3-VL-4B-Instruct,4,check_mailbox_split/Seg1/ir,4.763,qwen_vl,depth__check_mailbox_split_seg1_check_mailbox__depth_action__01__input_ir,What is my primary action in the video?,,depth_action,depth,check_mailbox_split/Seg1/check_mailbox,depth__check_mailbox_split_seg1_check_mailbox__depth_action__01,depth_action,answered
2.86,4,True,8,"[""aligned_dataset/.frames_cache_ir/check_mailbox_split/Seg1/check_mailbox_day_ir/frame_000000.png"", ""aligned_dataset/.frames_cache_ir/check_mailbox_split/Seg1/check_mailbox_day_ir/frame_000300.png"", ""aligned_dataset/.frames_cache_ir/check_mailbox_split/Seg1/check_mailbox_day_ir/frame_000570.png"", ""aligned_dataset/.frames_cache_ir/check_mailbox_split/Seg1/check_mailbox_day_ir/frame_000870.png"", ""aligned_dataset/.frames_cache_ir/check_mailbox_split/Seg1/check_mailbox_night_ir/frame_000000.png"", ""aligned_dataset/.frames_cache_ir/check_mailbox_split/Seg1/check_mailbox_night_ir/frame_000300.png"", ""aligned_dataset/.frames_cache_ir/check_mailbox_split/Seg1/check_mailbox_night_ir/frame_000570.png"", ""aligned_dataset/.frames_cache_ir/check_mailbox_split/Seg1/check_mailbox_night_ir/frame_000870.png""]","{""max_new_tokens"": 128, ""do_sample"": false}","No, there are none.",1.904,ir,{},1.2673,ir,No,models/qwen/Qwen3-VL-4B-Instruct,4,check_mailbox_split/Seg1/ir,4.763,qwen_vl,depth__check_mailbox_split_seg1_check_mailbox__depth_non_common__01__input_ir,Are there any floating objects or impossible geometry in the scene?,,depth_non_common,depth,check_mailbox_split/Seg1/check_mailbox,depth__check_mailbox_split_seg1_check_mailbox__depth_non_common__01,depth_non_common,answered
2.86,4,True,8,"[""aligned_dataset/.frames_cache_ir/check_mailbox_split/Seg1/check_mailbox_day_ir/frame_000000.png"", ""aligned_dataset/.frames_cache_ir/check_mailbox_split/Seg1/check_mailbox_day_ir/frame_000300.png"", ""aligned_dataset/.frames_cache_ir/check_mailbox_split/Seg1/check_mailbox_day_ir/frame_000570.png"", ""aligned_dataset/.frames_cache_ir/check_mailbox_split/Seg1/check_mailbox_day_ir/frame_000870.png"", ""aligned_dataset/.frames_cache_ir/check_mailbox_split/Seg1/check_mailbox_night_ir/frame_000000.png"", ""aligned_dataset/.frames_cache_ir/check_mailbox_split/Seg1/check_mailbox_night_ir/frame_000300.png"", ""aligned_dataset/.frames_cache_ir/check_mailbox_split/Seg1/check_mailbox_night_ir/frame_000570.png"", ""aligned_dataset/.frames_cache_ir/check_mailbox_split/Seg1/check_mailbox_night_ir/frame_000870.png""]","{""max_new_tokens"": 128, ""do_sample"": false}",The spray bottle on the dresser is red.,1.904,ir,{},1.2651,ir,black,models/qwen/Qwen3-VL-4B-Instruct,4,aligned_dataset/check_mailbox_split/Seg1/ir,4.764,qwen_vl,rgb__aligned_dataset_check_mailbox_split_seg1_check_mailbox_rgb__object_recognition__01__input_ir,What color is the spray bottle located on top of the dresser?,,object_recognition,rgb,aligned_dataset/check_mailbox_split/Seg1/check_mailbox_rgb,rgb__aligned_dataset_check_mailbox_split_seg1_check_mailbox_rgb__object_recognition__01,object_recognition,answered
2.86,4,True,8,"[""aligned_dataset/.frames_cache_ir/check_mailbox_split/Seg1/check_mailbox_day_ir/frame_000000.png"", ""aligned_dataset/.frames_cache_ir/check_mailbox_split/Seg1/check_mailbox_day_ir/frame_000300.png"", ""aligned_dataset/.frames_cache_ir/check_mailbox_split/Seg1/check_mailbox_day_ir/frame_000570.png"", ""aligned_dataset/.frames_cache_ir/check_mailbox_split/Seg1/check_mailbox_day_ir/frame_000870.png"", ""aligned_dataset/.frames_cache_ir/check_mailbox_split/Seg1/check_mailbox_night_ir/frame_000000.png"", ""aligned_dataset/.frames_cache_ir/check_mailbox_split/Seg1/check_mailbox_night_ir/frame_000300.png"", ""aligned_dataset/.frames_cache_ir/check_mailbox_split/Seg1/check_mailbox_night_ir/frame_000570.png"", ""aligned_dataset/.frames_cache_ir/check_mailbox_split/Seg1/check_mailbox_night_ir/frame_000870.png""]","{""max_new_tokens"": 128, ""do_sample"": false}",The grey floor mat is located on the floor to the left of the shoe rack.,1.905,ir,{},1.43,ir,To the left of the shoe rack.,models/qwen/Qwen3-VL-4B-Instruct,4,aligned_dataset/check_mailbox_split/Seg1/ir,4.764,qwen_vl,rgb__aligned_dataset_check_mailbox_split_seg1_check_mailbox_rgb__spatial_reasoning__01__input_ir,Where is the grey floor mat located in relation to the shoe rack?,,spatial_reasoning,rgb,aligned_dataset/check_mailbox_split/Seg1/check_mailbox_rgb,rgb__aligned_dataset_check_mailbox_split_seg1_check_mailbox_rgb__spatial_reasoning__01,spatial_reasoning,answered
2.86,4,True,8,"[""aligned_dataset/.frames_cache_ir/check_mailbox_split/Seg1/check_mailbox_day_ir/frame_000000.png"", ""aligned_dataset/.frames_cache_ir/check_mailbox_split/Seg1/check_mailbox_day_ir/frame_000300.png"", ""aligned_dataset/.frames_cache_ir/check_mailbox_split/Seg1/check_mailbox_day_ir/frame_000570.png"", ""aligned_dataset/.frames_cache_ir/check_mailbox_split/Seg1/check_mailbox_day_ir/frame_000870.png"", ""aligned_dataset/.frames_cache_ir/check_mailbox_split/Seg1/check_mailbox_night_ir/frame_000000.png"", ""aligned_dataset/.frames_cache_ir/check_mailbox_split/Seg1/check_mailbox_night_ir/frame_000300.png"", ""aligned_dataset/.frames_cache_ir/check_mailbox_split/Seg1/check_mailbox_night_ir/frame_000570.png"", ""aligned_dataset/.frames_cache_ir/check_mailbox_split/Seg1/check_mailbox_night_ir/frame_000870.png""]","{""max_new_tokens"": 128, ""do_sample"": false}","The room numbers are 1'233, 1'234, and 1'235.",1.905,ir,{},1.71,ir,1'233 | 1'234 | 1'235,models/qwen/Qwen3-VL-4B-Instruct,4,aligned_dataset/check_mailbox_split/Seg1/ir,4.765,qwen_vl,rgb__aligned_dataset_check_mailbox_split_seg1_check_mailbox_rgb__text_recognition__01__input_ir,Please list the room numbers displayed on the sign at the end of the hallway.,,text_recognition,rgb,aligned_dataset/check_mailbox_split/Seg1/check_mailbox_rgb,rgb__aligned_dataset_check_mailbox_split_seg1_check_mailbox_rgb__text_recognition__01,text_recognition,answered
2.86,4,True,8,"[""aligned_dataset/.frames_cache_ir/check_mailbox_split/Seg1/check_mailbox_day_ir/frame_000000.png"", ""aligned_dataset/.frames_cache_ir/check_mailbox_split/Seg1/check_mailbox_day_ir/frame_000300.png"", ""aligned_dataset/.frames_cache_ir/check_mailbox_split/Seg1/check_mailbox_day_ir/frame_000570.png"", ""aligned_dataset/.frames_cache_ir/check_mailbox_split/Seg1/check_mailbox_day_ir/frame_000870.png"", ""aligned_dataset/.frames_cache_ir/check_mailbox_split/Seg1/check_mailbox_night_ir/frame_000000.png"", ""aligned_dataset/.frames_cache_ir/check_mailbox_split/Seg1/check_mailbox_night_ir/frame_000300.png"", ""aligned_dataset/.frames_cache_ir/check_mailbox_split/Seg1/check_mailbox_night_ir/frame_000570.png"", ""aligned_dataset/.frames_cache_ir/check_mailbox_split/Seg1/check_mailbox_night_ir/frame_000870.png""]","{""max_new_tokens"": 128, ""do_sample"": false}",I first pass a shoe rack on the right and then a wooden dresser on the left.,1.905,ir,{},1.4622,ir,"curtain, shoes, trash bin, door",models/qwen/Qwen3-VL-4B-Instruct,4,aligned_dataset/check_mailbox_split/Seg1/ir,4.764,qwen_vl,rgb__aligned_dataset_check_mailbox_split_seg1_check_mailbox_rgb__scene_sequence__01__input_ir,What is the sequence of main furniture items I pass while walking down the hallway?,,scene_sequence,rgb,aligned_dataset/check_mailbox_split/Seg1/check_mailbox_rgb,rgb__aligned_dataset_check_mailbox_split_seg1_check_mailbox_rgb__scene_sequence__01,scene_sequence,answered
2.86,4,True,8,"[""aligned_dataset/.frames_cache_ir/check_mailbox_split/Seg1/check_mailbox_day_ir/frame_000000.png"", ""aligned_dataset/.frames_cache_ir/check_mailbox_split/Seg1/check_mailbox_day_ir/frame_000300.png"", ""aligned_dataset/.frames_cache_ir/check_mailbox_split/Seg1/check_mailbox_day_ir/frame_000570.png"", ""aligned_dataset/.frames_cache_ir/check_mailbox_split/Seg1/check_mailbox_day_ir/frame_000870.png"", ""aligned_dataset/.frames_cache_ir/check_mailbox_split/Seg1/check_mailbox_night_ir/frame_000000.png"", ""aligned_dataset/.frames_cache_ir/check_mailbox_split/Seg1/check_mailbox_night_ir/frame_000300.png"", ""aligned_dataset/.frames_cache_ir/check_mailbox_split/Seg1/check_mailbox_night_ir/frame_000570.png"", ""aligned_dataset/.frames_cache_ir/check_mailbox_split/Seg1/check_mailbox_night_ir/frame_000870.png""]","{""max_new_tokens"": 128, ""do_sample"": false}",The most significant light source is a glowing screen or tablet on a desk.,1.905,ir,{},1.261,ir,Window,models/qwen/Qwen3-VL-4B-Instruct,4,aligned_dataset/check_mailbox_split/Seg1/ir,4.765,qwen_vl,rgb__aligned_dataset_check_mailbox_split_seg1_check_mailbox_rgb__light_recognition__01__input_ir,What is providing the most significant light source at the very beginning of the video?,,light_recognition,rgb,aligned_dataset/check_mailbox_split/Seg1/check_mailbox_rgb,rgb__aligned_dataset_check_mailbox_split_seg1_check_mailbox_rgb__light_recognition__01,light_recognition,answered
2.86,4,True,8,"[""aligned_dataset/.frames_cache_ir/check_mailbox_split/Seg1/check_mailbox_day_ir/frame_000000.png"", ""aligned_dataset/.frames_cache_ir/check_mailbox_split/Seg1/check_mailbox_day_ir/frame_000300.png"", ""aligned_dataset/.frames_cache_ir/check_mailbox_split/Seg1/check_mailbox_day_ir/frame_000570.png"", ""aligned_dataset/.frames_cache_ir/check_mailbox_split/Seg1/check_mailbox_day_ir/frame_000870.png"", ""aligned_dataset/.frames_cache_ir/check_mailbox_split/Seg1/check_mailbox_night_ir/frame_000000.png"", ""aligned_dataset/.frames_cache_ir/check_mailbox_split/Seg1/check_mailbox_night_ir/frame_000300.png"", ""aligned_dataset/.frames_cache_ir/check_mailbox_split/Seg1/check_mailbox_night_ir/frame_000570.png"", ""aligned_dataset/.frames_cache_ir/check_mailbox_split/Seg1/check_mailbox_night_ir/frame_000870.png""]","{""max_new_tokens"": 128, ""do_sample"": false}","Yes, the scene becomes much darker as I move away from the glowing screen and into the hallway.",1.904,ir,{},1.2586,ir,Yes,models/qwen/Qwen3-VL-4B-Instruct,4,aligned_dataset/check_mailbox_split/Seg1/ir,4.764,qwen_vl,rgb__aligned_dataset_check_mailbox_split_seg1_check_mailbox_rgb__light_change__01__input_ir,Does the environment get significantly darker after leaving the first room?,,light_change,rgb,aligned_dataset/check_mailbox_split/Seg1/check_mailbox_rgb,rgb__aligned_dataset_check_mailbox_split_seg1_check_mailbox_rgb__light_change__01,light_change,answered
2.86,4,True,8,"[""aligned_dataset/.frames_cache_ir/check_mailbox_split/Seg1/check_mailbox_day_ir/frame_000000.png"", ""aligned_dataset/.frames_cache_ir/check_mailbox_split/Seg1/check_mailbox_day_ir/frame_000300.png"", ""aligned_dataset/.frames_cache_ir/check_mailbox_split/Seg1/check_mailbox_day_ir/frame_000570.png"", ""aligned_dataset/.frames_cache_ir/check_mailbox_split/Seg1/check_mailbox_day_ir/frame_000870.png"", ""aligned_dataset/.frames_cache_ir/check_mailbox_split/Seg1/check_mailbox_night_ir/frame_000000.png"", ""aligned_dataset/.frames_cache_ir/check_mailbox_split/Seg1/check_mailbox_night_ir/frame_000300.png"", ""aligned_dataset/.frames_cache_ir/check_mailbox_split/Seg1/check_mailbox_night_ir/frame_000570.png"", ""aligned_dataset/.frames_cache_ir/check_mailbox_split/Seg1/check_mailbox_night_ir/frame_000870.png""]","{""max_new_tokens"": 128, ""do_sample"": false}",There are no other people moving in the hallway.,1.904,ir,{},1.2603,ir,1,models/qwen/Qwen3-VL-4B-Instruct,4,aligned_dataset/check_mailbox_split/Seg1/ir,4.764,qwen_vl,rgb__aligned_dataset_check_mailbox_split_seg1_check_mailbox_rgb__dynamic_counting__01__input_ir,How many other people besides me are moving in the hallway?,,dynamic_counting,rgb,aligned_dataset/check_mailbox_split/Seg1/check_mailbox_rgb,rgb__aligned_dataset_check_mailbox_split_seg1_check_mailbox_rgb__dynamic_counting__01,dynamic_counting,answered
2.86,4,True,8,"[""aligned_dataset/.frames_cache_ir/check_mailbox_split/Seg1/check_mailbox_day_ir/frame_000000.png"", ""aligned_dataset/.frames_cache_ir/check_mailbox_split/Seg1/check_mailbox_day_ir/frame_000300.png"", ""aligned_dataset/.frames_cache_ir/check_mailbox_split/Seg1/check_mailbox_day_ir/frame_000570.png"", ""aligned_dataset/.frames_cache_ir/check_mailbox_split/Seg1/check_mailbox_day_ir/frame_000870.png"", ""aligned_dataset/.frames_cache_ir/check_mailbox_split/Seg1/check_mailbox_night_ir/frame_000000.png"", ""aligned_dataset/.frames_cache_ir/check_mailbox_split/Seg1/check_mailbox_night_ir/frame_000300.png"", ""aligned_dataset/.frames_cache_ir/check_mailbox_split/Seg1/check_mailbox_night_ir/frame_000570.png"", ""aligned_dataset/.frames_cache_ir/check_mailbox_split/Seg1/check_mailbox_night_ir/frame_000870.png""]","{""max_new_tokens"": 128, ""do_sample"": false}","No, all objects appear to be placed normally on the floor or furniture surfaces.",1.905,ir,{},1.2599,ir,No,models/qwen/Qwen3-VL-4B-Instruct,4,aligned_dataset/check_mailbox_split/Seg1/ir,4.765,qwen_vl,rgb__aligned_dataset_check_mailbox_split_seg1_check_mailbox_rgb__non_common__01__input_ir,Are there any objects floating in the air or clipping through the walls in the hallway?,,non_common,rgb,aligned_dataset/check_mailbox_split/Seg1/check_mailbox_rgb,rgb__aligned_dataset_check_mailbox_split_seg1_check_mailbox_rgb__non_common__01,non_common,answered
2.86,4,True,8,"[""aligned_dataset/.frames_cache_ir/check_mailbox_split/Seg1/check_mailbox_day_ir/frame_000000.png"", ""aligned_dataset/.frames_cache_ir/check_mailbox_split/Seg1/check_mailbox_day_ir/frame_000300.png"", ""aligned_dataset/.frames_cache_ir/check_mailbox_split/Seg1/check_mailbox_day_ir/frame_000570.png"", ""aligned_dataset/.frames_cache_ir/check_mailbox_split/Seg1/check_mailbox_day_ir/frame_000870.png"", ""aligned_dataset/.frames_cache_ir/check_mailbox_split/Seg1/check_mailbox_night_ir/frame_000000.png"", ""aligned_dataset/.frames_cache_ir/check_mailbox_split/Seg1/check_mailbox_night_ir/frame_000300.png"", ""aligned_dataset/.frames_cache_ir/check_mailbox_split/Seg1/check_mailbox_night_ir/frame_000570.png"", ""aligned_dataset/.frames_cache_ir/check_mailbox_split/Seg1/check_mailbox_night_ir/frame_000870.png""]","{""max_new_tokens"": 128, ""do_sample"": false}",I should turn to the right.,1.905,ir,{},1.2618,ir,Right,models/qwen/Qwen3-VL-4B-Instruct,4,aligned_dataset/check_mailbox_split/Seg1/ir,4.764,qwen_vl,rgb__aligned_dataset_check_mailbox_split_seg1_check_mailbox_rgb__navigation__01__input_ir,Which way should I turn after exiting the first room to reach the shoe rack?,,navigation,rgb,aligned_dataset/check_mailbox_split/Seg1/check_mailbox_rgb,rgb__aligned_dataset_check_mailbox_split_seg1_check_mailbox_rgb__navigation__01,navigation,answered
2.86,4,True,8,"[""aligned_dataset/.frames_cache_ir/check_mailbox_split/Seg1/check_mailbox_day_ir/frame_000000.png"", ""aligned_dataset/.frames_cache_ir/check_mailbox_split/Seg1/check_mailbox_day_ir/frame_000300.png"", ""aligned_dataset/.frames_cache_ir/check_mailbox_split/Seg1/check_mailbox_day_ir/frame_000570.png"", ""aligned_dataset/.frames_cache_ir/check_mailbox_split/Seg1/check_mailbox_day_ir/frame_000870.png"", ""aligned_dataset/.frames_cache_ir/check_mailbox_split/Seg1/check_mailbox_night_ir/frame_000000.png"", ""aligned_dataset/.frames_cache_ir/check_mailbox_split/Seg1/check_mailbox_night_ir/frame_000300.png"", ""aligned_dataset/.frames_cache_ir/check_mailbox_split/Seg1/check_mailbox_night_ir/frame_000570.png"", ""aligned_dataset/.frames_cache_ir/check_mailbox_split/Seg1/check_mailbox_night_ir/frame_000870.png""]","{""max_new_tokens"": 128, ""do_sample"": false}",My hand reaches down to adjust or touch a white sneaker on the floor.,1.905,ir,{},1.4036,ir,I am reaching for a shoe.,models/qwen/Qwen3-VL-4B-Instruct,4,aligned_dataset/check_mailbox_split/Seg1/ir,4.764,qwen_vl,rgb__aligned_dataset_check_mailbox_split_seg1_check_mailbox_rgb__dynamic_recognition__01__input_ir,What dynamic action involving my hand occurs toward the end of the sequence?,,dynamic_recognition,rgb,aligned_dataset/check_mailbox_split/Seg1/check_mailbox_rgb,rgb__aligned_dataset_check_mailbox_split_seg1_check_mailbox_rgb__dynamic_recognition__01,dynamic_recognition,answered
2.86,4,True,8,"[""aligned_dataset/.frames_cache_ir/check_mailbox_split/Seg1/check_mailbox_day_ir/frame_000000.png"", ""aligned_dataset/.frames_cache_ir/check_mailbox_split/Seg1/check_mailbox_day_ir/frame_000300.png"", ""aligned_dataset/.frames_cache_ir/check_mailbox_split/Seg1/check_mailbox_day_ir/frame_000570.png"", ""aligned_dataset/.frames_cache_ir/check_mailbox_split/Seg1/check_mailbox_day_ir/frame_000870.png"", ""aligned_dataset/.frames_cache_ir/check_mailbox_split/Seg1/check_mailbox_night_ir/frame_000000.png"", ""aligned_dataset/.frames_cache_ir/check_mailbox_split/Seg1/check_mailbox_night_ir/frame_000300.png"", ""aligned_dataset/.frames_cache_ir/check_mailbox_split/Seg1/check_mailbox_night_ir/frame_000570.png"", ""aligned_dataset/.frames_cache_ir/check_mailbox_split/Seg1/check_mailbox_night_ir/frame_000870.png""]","{""max_new_tokens"": 128, ""do_sample"": false}",I am drawing or writing on a brightly lit screen or whiteboard.,1.905,ir,{},4.3987,ir,"Looking at the provided frames, the first frame (frame_000000.png) shows a view from a window with a book on the windowsill, and the room appears to be in a state of stillness. The second frame (frame_000300.png) shows a top-down view of shoes on the floor, suggesting a change in perspective or movement. The third frame (frame_000570.png) shows a countertop with various items, including bottles and a trash bin, indicating a shift in location or activity. The fourth frame (frame_00087",models/qwen/Qwen3-VL-4B-Instruct,4,aligned_dataset/check_mailbox_split/Seg1/ir,4.764,qwen_vl,rgb__aligned_dataset_check_mailbox_split_seg1_check_mailbox_rgb__action__01__input_ir,What action am I performing at the beginning of the video in the dark room?,,action,rgb,aligned_dataset/check_mailbox_split/Seg1/check_mailbox_rgb,rgb__aligned_dataset_check_mailbox_split_seg1_check_mailbox_rgb__action__01,action,answered
2.86,4,True,8,"[""aligned_dataset/.frames_cache_ir/check_mailbox_split/Seg1/check_mailbox_day_ir/frame_000000.png"", ""aligned_dataset/.frames_cache_ir/check_mailbox_split/Seg1/check_mailbox_day_ir/frame_000300.png"", ""aligned_dataset/.frames_cache_ir/check_mailbox_split/Seg1/check_mailbox_day_ir/frame_000570.png"", ""aligned_dataset/.frames_cache_ir/check_mailbox_split/Seg1/check_mailbox_day_ir/frame_000870.png"", ""aligned_dataset/.frames_cache_ir/check_mailbox_split/Seg1/check_mailbox_night_ir/frame_000000.png"", ""aligned_dataset/.frames_cache_ir/check_mailbox_split/Seg1/check_mailbox_night_ir/frame_000300.png"", ""aligned_dataset/.frames_cache_ir/check_mailbox_split/Seg1/check_mailbox_night_ir/frame_000570.png"", ""aligned_dataset/.frames_cache_ir/check_mailbox_split/Seg1/check_mailbox_night_ir/frame_000870.png""]","{""max_new_tokens"": 128, ""do_sample"": false}",Behind the chest.,1.906,ir,{},1.2841,ir,behind,models/qwen/Qwen3-VL-4B-Instruct,4,aligned_dataset/check_mailbox_split/Seg1/ir,4.766,qwen_vl,event__aligned_dataset_check_mailbox_split_seg1_check_mailbox_event__event_spatial_reasoning__01__input_ir,Is the shoe rack located behind or in front of the chest of drawers relative to the camera's path?,,event_spatial_reasoning,event,aligned_dataset/check_mailbox_split/Seg1/check_mailbox_event,event__aligned_dataset_check_mailbox_split_seg1_check_mailbox_event__event_spatial_reasoning__01,event_spatial_reasoning,answered
2.86,4,True,8,"[""aligned_dataset/.frames_cache_ir/check_mailbox_split/Seg1/check_mailbox_day_ir/frame_000000.png"", ""aligned_dataset/.frames_cache_ir/check_mailbox_split/Seg1/check_mailbox_day_ir/frame_000300.png"", ""aligned_dataset/.frames_cache_ir/check_mailbox_split/Seg1/check_mailbox_day_ir/frame_000570.png"", ""aligned_dataset/.frames_cache_ir/check_mailbox_split/Seg1/check_mailbox_day_ir/frame_000870.png"", ""aligned_dataset/.frames_cache_ir/check_mailbox_split/Seg1/check_mailbox_night_ir/frame_000000.png"", ""aligned_dataset/.frames_cache_ir/check_mailbox_split/Seg1/check_mailbox_night_ir/frame_000300.png"", ""aligned_dataset/.frames_cache_ir/check_mailbox_split/Seg1/check_mailbox_night_ir/frame_000570.png"", ""aligned_dataset/.frames_cache_ir/check_mailbox_split/Seg1/check_mailbox_night_ir/frame_000870.png""]","{""max_new_tokens"": 128, ""do_sample"": false}",The balcony.,1.904,ir,{},1.2809,ir,dark room,models/qwen/Qwen3-VL-4B-Instruct,4,aligned_dataset/check_mailbox_split/Seg1/ir,4.764,qwen_vl,event__aligned_dataset_check_mailbox_split_seg1_check_mailbox_event__event_scene_sequence__01__input_ir,What is the final area visible after moving through the doorway?,,event_scene_sequence,event,aligned_dataset/check_mailbox_split/Seg1/check_mailbox_event,event__aligned_dataset_check_mailbox_split_seg1_check_mailbox_event__event_scene_sequence__01,event_scene_sequence,answered
2.86,4,True,8,"[""aligned_dataset/.frames_cache_ir/check_mailbox_split/Seg1/check_mailbox_day_ir/frame_000000.png"", ""aligned_dataset/.frames_cache_ir/check_mailbox_split/Seg1/check_mailbox_day_ir/frame_000300.png"", ""aligned_dataset/.frames_cache_ir/check_mailbox_split/Seg1/check_mailbox_day_ir/frame_000570.png"", ""aligned_dataset/.frames_cache_ir/check_mailbox_split/Seg1/check_mailbox_day_ir/frame_000870.png"", ""aligned_dataset/.frames_cache_ir/check_mailbox_split/Seg1/check_mailbox_night_ir/frame_000000.png"", ""aligned_dataset/.frames_cache_ir/check_mailbox_split/Seg1/check_mailbox_night_ir/frame_000300.png"", ""aligned_dataset/.frames_cache_ir/check_mailbox_split/Seg1/check_mailbox_night_ir/frame_000570.png"", ""aligned_dataset/.frames_cache_ir/check_mailbox_split/Seg1/check_mailbox_night_ir/frame_000870.png""]","{""max_new_tokens"": 128, ""do_sample"": false}","Two, the dresser and the shoe rack.",1.904,ir,{},1.2564,ir,2,models/qwen/Qwen3-VL-4B-Instruct,4,aligned_dataset/check_mailbox_split/Seg1/ir,4.764,qwen_vl,event__aligned_dataset_check_mailbox_split_seg1_check_mailbox_event__event_counting__01__input_ir,How many major pieces of furniture are visible in the room?,,event_counting,event,aligned_dataset/check_mailbox_split/Seg1/check_mailbox_event,event__aligned_dataset_check_mailbox_split_seg1_check_mailbox_event__event_counting__01,event_counting,answered
2.86,4,True,8,"[""aligned_dataset/.frames_cache_ir/check_mailbox_split/Seg1/check_mailbox_day_ir/frame_000000.png"", ""aligned_dataset/.frames_cache_ir/check_mailbox_split/Seg1/check_mailbox_day_ir/frame_000300.png"", ""aligned_dataset/.frames_cache_ir/check_mailbox_split/Seg1/check_mailbox_day_ir/frame_000570.png"", ""aligned_dataset/.frames_cache_ir/check_mailbox_split/Seg1/check_mailbox_day_ir/frame_000870.png"", ""aligned_dataset/.frames_cache_ir/check_mailbox_split/Seg1/check_mailbox_night_ir/frame_000000.png"", ""aligned_dataset/.frames_cache_ir/check_mailbox_split/Seg1/check_mailbox_night_ir/frame_000300.png"", ""aligned_dataset/.frames_cache_ir/check_mailbox_split/Seg1/check_mailbox_night_ir/frame_000570.png"", ""aligned_dataset/.frames_cache_ir/check_mailbox_split/Seg1/check_mailbox_night_ir/frame_000870.png""]","{""max_new_tokens"": 128, ""do_sample"": false}",Zero.,1.903,ir,{},1.2555,ir,1,models/qwen/Qwen3-VL-4B-Instruct,4,aligned_dataset/check_mailbox_split/Seg1/ir,4.763,qwen_vl,event__aligned_dataset_check_mailbox_split_seg1_check_mailbox_event__event_dynamic_counting__01__input_ir,How many people walk past the camera?,,event_dynamic_counting,event,aligned_dataset/check_mailbox_split/Seg1/check_mailbox_event,event__aligned_dataset_check_mailbox_split_seg1_check_mailbox_event__event_dynamic_counting__01,event_dynamic_counting,answered
2.86,4,True,8,"[""aligned_dataset/.frames_cache_ir/check_mailbox_split/Seg1/check_mailbox_day_ir/frame_000000.png"", ""aligned_dataset/.frames_cache_ir/check_mailbox_split/Seg1/check_mailbox_day_ir/frame_000300.png"", ""aligned_dataset/.frames_cache_ir/check_mailbox_split/Seg1/check_mailbox_day_ir/frame_000570.png"", ""aligned_dataset/.frames_cache_ir/check_mailbox_split/Seg1/check_mailbox_day_ir/frame_000870.png"", ""aligned_dataset/.frames_cache_ir/check_mailbox_split/Seg1/check_mailbox_night_ir/frame_000000.png"", ""aligned_dataset/.frames_cache_ir/check_mailbox_split/Seg1/check_mailbox_night_ir/frame_000300.png"", ""aligned_dataset/.frames_cache_ir/check_mailbox_split/Seg1/check_mailbox_night_ir/frame_000570.png"", ""aligned_dataset/.frames_cache_ir/check_mailbox_split/Seg1/check_mailbox_night_ir/frame_000870.png""]","{""max_new_tokens"": 128, ""do_sample"": false}",Forward towards the doorway.,1.904,ir,{},1.2798,ir,Downward,models/qwen/Qwen3-VL-4B-Instruct,4,aligned_dataset/check_mailbox_split/Seg1/ir,4.763,qwen_vl,event__aligned_dataset_check_mailbox_split_seg1_check_mailbox_event__event_navigation__01__input_ir,What is the primary direction of the camera's movement?,,event_navigation,event,aligned_dataset/check_mailbox_split/Seg1/check_mailbox_event,event__aligned_dataset_check_mailbox_split_seg1_check_mailbox_event__event_navigation__01,event_navigation,answered
2.86,4,True,8,"[""aligned_dataset/.frames_cache_ir/check_mailbox_split/Seg1/check_mailbox_day_ir/frame_000000.png"", ""aligned_dataset/.frames_cache_ir/check_mailbox_split/Seg1/check_mailbox_day_ir/frame_000300.png"", ""aligned_dataset/.frames_cache_ir/check_mailbox_split/Seg1/check_mailbox_day_ir/frame_000570.png"", ""aligned_dataset/.frames_cache_ir/check_mailbox_split/Seg1/check_mailbox_day_ir/frame_000870.png"", ""aligned_dataset/.frames_cache_ir/check_mailbox_split/Seg1/check_mailbox_night_ir/frame_000000.png"", ""aligned_dataset/.frames_cache_ir/check_mailbox_split/Seg1/check_mailbox_night_ir/frame_000300.png"", ""aligned_dataset/.frames_cache_ir/check_mailbox_split/Seg1/check_mailbox_night_ir/frame_000570.png"", ""aligned_dataset/.frames_cache_ir/check_mailbox_split/Seg1/check_mailbox_night_ir/frame_000870.png""]","{""max_new_tokens"": 128, ""do_sample"": false}",No.,1.904,ir,{},1.2574,ir,Yes,models/qwen/Qwen3-VL-4B-Instruct,4,aligned_dataset/check_mailbox_split/Seg1/ir,4.763,qwen_vl,event__aligned_dataset_check_mailbox_split_seg1_check_mailbox_event__event_dynamic_recognition__01__input_ir,Are there any moving objects in the room?,,event_dynamic_recognition,event,aligned_dataset/check_mailbox_split/Seg1/check_mailbox_event,event__aligned_dataset_check_mailbox_split_seg1_check_mailbox_event__event_dynamic_recognition__01,event_dynamic_recognition,answered
2.86,4,True,8,"[""aligned_dataset/.frames_cache_ir/check_mailbox_split/Seg1/check_mailbox_day_ir/frame_000000.png"", ""aligned_dataset/.frames_cache_ir/check_mailbox_split/Seg1/check_mailbox_day_ir/frame_000300.png"", ""aligned_dataset/.frames_cache_ir/check_mailbox_split/Seg1/check_mailbox_day_ir/frame_000570.png"", ""aligned_dataset/.frames_cache_ir/check_mailbox_split/Seg1/check_mailbox_day_ir/frame_000870.png"", ""aligned_dataset/.frames_cache_ir/check_mailbox_split/Seg1/check_mailbox_night_ir/frame_000000.png"", ""aligned_dataset/.frames_cache_ir/check_mailbox_split/Seg1/check_mailbox_night_ir/frame_000300.png"", ""aligned_dataset/.frames_cache_ir/check_mailbox_split/Seg1/check_mailbox_night_ir/frame_000570.png"", ""aligned_dataset/.frames_cache_ir/check_mailbox_split/Seg1/check_mailbox_night_ir/frame_000870.png""]","{""max_new_tokens"": 128, ""do_sample"": false}",Walking forward.,1.903,ir,{},1.2507,ir,walking,models/qwen/Qwen3-VL-4B-Instruct,4,aligned_dataset/check_mailbox_split/Seg1/ir,4.763,qwen_vl,event__aligned_dataset_check_mailbox_split_seg1_check_mailbox_event__event_action__01__input_ir,What action is being performed by the camera holder?,,event_action,event,aligned_dataset/check_mailbox_split/Seg1/check_mailbox_event,event__aligned_dataset_check_mailbox_split_seg1_check_mailbox_event__event_action__01,event_action,answered
2.86,4,True,8,"[""aligned_dataset/.frames_cache_ir/check_mailbox_split/Seg1/check_mailbox_day_ir/frame_000000.png"", ""aligned_dataset/.frames_cache_ir/check_mailbox_split/Seg1/check_mailbox_day_ir/frame_000300.png"", ""aligned_dataset/.frames_cache_ir/check_mailbox_split/Seg1/check_mailbox_day_ir/frame_000570.png"", ""aligned_dataset/.frames_cache_ir/check_mailbox_split/Seg1/check_mailbox_day_ir/frame_000870.png"", ""aligned_dataset/.frames_cache_ir/check_mailbox_split/Seg1/check_mailbox_night_ir/frame_000000.png"", ""aligned_dataset/.frames_cache_ir/check_mailbox_split/Seg1/check_mailbox_night_ir/frame_000300.png"", ""aligned_dataset/.frames_cache_ir/check_mailbox_split/Seg1/check_mailbox_night_ir/frame_000570.png"", ""aligned_dataset/.frames_cache_ir/check_mailbox_split/Seg1/check_mailbox_night_ir/frame_000870.png""]","{""max_new_tokens"": 128, ""do_sample"": false}",No.,1.903,ir,{},1.2514,ir,No,models/qwen/Qwen3-VL-4B-Instruct,4,aligned_dataset/check_mailbox_split/Seg1/ir,4.763,qwen_vl,event__aligned_dataset_check_mailbox_split_seg1_check_mailbox_event__event_non_common__01__input_ir,Are there any floating or impossible objects visible?,,event_non_common,event,aligned_dataset/check_mailbox_split/Seg1/check_mailbox_event,event__aligned_dataset_check_mailbox_split_seg1_check_mailbox_event__event_non_common__01,event_non_common,answered
2.86,4,False,8,"[""aligned_dataset/.frames_cache_ir/check_mailbox_split/Seg2/check_mailbox_day_ir/frame_000000.png"", ""aligned_dataset/.frames_cache_ir/check_mailbox_split/Seg2/check_mailbox_day_ir/frame_000300.png"", ""aligned_dataset/.frames_cache_ir/check_mailbox_split/Seg2/check_mailbox_day_ir/frame_000570.png"", ""aligned_dataset/.frames_cache_ir/check_mailbox_split/Seg2/check_mailbox_day_ir/frame_000870.png"", ""aligned_dataset/.frames_cache_ir/check_mailbox_split/Seg2/check_mailbox_night_ir/frame_000000.png"", ""aligned_dataset/.frames_cache_ir/check_mailbox_split/Seg2/check_mailbox_night_ir/frame_000300.png"", ""aligned_dataset/.frames_cache_ir/check_mailbox_split/Seg2/check_mailbox_night_ir/frame_000570.png"", ""aligned_dataset/.frames_cache_ir/check_mailbox_split/Seg2/check_mailbox_night_ir/frame_000870.png""]","{""max_new_tokens"": 128, ""do_sample"": false}",An exterior stairwell.,1.904,ir,{},1.3393,ir,Stairs,models/qwen/Qwen3-VL-4B-Instruct,4,check_mailbox_split/Seg2/ir,4.764,qwen_vl,depth__check_mailbox_split_seg2_check_mailbox__depth_object_recognition__01__input_ir,What is the primary geometric structure visible in front of me?,,depth_object_recognition,depth,check_mailbox_split/Seg2/check_mailbox,depth__check_mailbox_split_seg2_check_mailbox__depth_object_recognition__01,depth_object_recognition,answered
2.86,4,True,8,"[""aligned_dataset/.frames_cache_ir/check_mailbox_split/Seg2/check_mailbox_day_ir/frame_000000.png"", ""aligned_dataset/.frames_cache_ir/check_mailbox_split/Seg2/check_mailbox_day_ir/frame_000300.png"", ""aligned_dataset/.frames_cache_ir/check_mailbox_split/Seg2/check_mailbox_day_ir/frame_000570.png"", ""aligned_dataset/.frames_cache_ir/check_mailbox_split/Seg2/check_mailbox_day_ir/frame_000870.png"", ""aligned_dataset/.frames_cache_ir/check_mailbox_split/Seg2/check_mailbox_night_ir/frame_000000.png"", ""aligned_dataset/.frames_cache_ir/check_mailbox_split/Seg2/check_mailbox_night_ir/frame_000300.png"", ""aligned_dataset/.frames_cache_ir/check_mailbox_split/Seg2/check_mailbox_night_ir/frame_000570.png"", ""aligned_dataset/.frames_cache_ir/check_mailbox_split/Seg2/check_mailbox_night_ir/frame_000870.png""]","{""max_new_tokens"": 128, ""do_sample"": false}","Yes, it is closer.",1.905,ir,{},1.2494,ir,Yes,models/qwen/Qwen3-VL-4B-Instruct,4,check_mailbox_split/Seg2/ir,4.764,qwen_vl,depth__check_mailbox_split_seg2_check_mailbox__depth_spatial_reasoning__01__input_ir,Is the staircase railing closer to me than the tree on the left?,,depth_spatial_reasoning,depth,check_mailbox_split/Seg2/check_mailbox,depth__check_mailbox_split_seg2_check_mailbox__depth_spatial_reasoning__01,depth_spatial_reasoning,answered
2.86,4,True,8,"[""aligned_dataset/.frames_cache_ir/check_mailbox_split/Seg2/check_mailbox_day_ir/frame_000000.png"", ""aligned_dataset/.frames_cache_ir/check_mailbox_split/Seg2/check_mailbox_day_ir/frame_000300.png"", ""aligned_dataset/.frames_cache_ir/check_mailbox_split/Seg2/check_mailbox_day_ir/frame_000570.png"", ""aligned_dataset/.frames_cache_ir/check_mailbox_split/Seg2/check_mailbox_day_ir/frame_000870.png"", ""aligned_dataset/.frames_cache_ir/check_mailbox_split/Seg2/check_mailbox_night_ir/frame_000000.png"", ""aligned_dataset/.frames_cache_ir/check_mailbox_split/Seg2/check_mailbox_night_ir/frame_000300.png"", ""aligned_dataset/.frames_cache_ir/check_mailbox_split/Seg2/check_mailbox_night_ir/frame_000570.png"", ""aligned_dataset/.frames_cache_ir/check_mailbox_split/Seg2/check_mailbox_night_ir/frame_000870.png""]","{""max_new_tokens"": 128, ""do_sample"": false}","No, it moves vertically.",1.904,ir,{},1.2517,ir,No,models/qwen/Qwen3-VL-4B-Instruct,4,check_mailbox_split/Seg2/ir,4.764,qwen_vl,depth__check_mailbox_split_seg2_check_mailbox__depth_scene_sequence__01__input_ir,Does the path I am following move along a single horizontal level?,,depth_scene_sequence,depth,check_mailbox_split/Seg2/check_mailbox,depth__check_mailbox_split_seg2_check_mailbox__depth_scene_sequence__01,depth_scene_sequence,answered
2.86,4,True,8,"[""aligned_dataset/.frames_cache_ir/check_mailbox_split/Seg2/check_mailbox_day_ir/frame_000000.png"", ""aligned_dataset/.frames_cache_ir/check_mailbox_split/Seg2/check_mailbox_day_ir/frame_000300.png"", ""aligned_dataset/.frames_cache_ir/check_mailbox_split/Seg2/check_mailbox_day_ir/frame_000570.png"", ""aligned_dataset/.frames_cache_ir/check_mailbox_split/Seg2/check_mailbox_day_ir/frame_000870.png"", ""aligned_dataset/.frames_cache_ir/check_mailbox_split/Seg2/check_mailbox_night_ir/frame_000000.png"", ""aligned_dataset/.frames_cache_ir/check_mailbox_split/Seg2/check_mailbox_night_ir/frame_000300.png"", ""aligned_dataset/.frames_cache_ir/check_mailbox_split/Seg2/check_mailbox_night_ir/frame_000570.png"", ""aligned_dataset/.frames_cache_ir/check_mailbox_split/Seg2/check_mailbox_night_ir/frame_000870.png""]","{""max_new_tokens"": 128, ""do_sample"": false}",Three levels.,1.904,ir,{},1.2495,ir,2,models/qwen/Qwen3-VL-4B-Instruct,4,check_mailbox_split/Seg2/ir,4.764,qwen_vl,depth__check_mailbox_split_seg2_check_mailbox__depth_counting__01__input_ir,How many main staircase levels can I see in the 3D scene?,,depth_counting,depth,check_mailbox_split/Seg2/check_mailbox,depth__check_mailbox_split_seg2_check_mailbox__depth_counting__01,depth_counting,answered
2.86,4,True,8,"[""aligned_dataset/.frames_cache_ir/check_mailbox_split/Seg2/check_mailbox_day_ir/frame_000000.png"", ""aligned_dataset/.frames_cache_ir/check_mailbox_split/Seg2/check_mailbox_day_ir/frame_000300.png"", ""aligned_dataset/.frames_cache_ir/check_mailbox_split/Seg2/check_mailbox_day_ir/frame_000570.png"", ""aligned_dataset/.frames_cache_ir/check_mailbox_split/Seg2/check_mailbox_day_ir/frame_000870.png"", ""aligned_dataset/.frames_cache_ir/check_mailbox_split/Seg2/check_mailbox_night_ir/frame_000000.png"", ""aligned_dataset/.frames_cache_ir/check_mailbox_split/Seg2/check_mailbox_night_ir/frame_000300.png"", ""aligned_dataset/.frames_cache_ir/check_mailbox_split/Seg2/check_mailbox_night_ir/frame_000570.png"", ""aligned_dataset/.frames_cache_ir/check_mailbox_split/Seg2/check_mailbox_night_ir/frame_000870.png""]","{""max_new_tokens"": 128, ""do_sample"": false}",Zero.,1.904,ir,{},1.2523,ir,0,models/qwen/Qwen3-VL-4B-Instruct,4,check_mailbox_split/Seg2/ir,4.763,qwen_vl,depth__check_mailbox_split_seg2_check_mailbox__depth_dynamic_counting__01__input_ir,How many moving people did I encounter during my descent?,,depth_dynamic_counting,depth,check_mailbox_split/Seg2/check_mailbox,depth__check_mailbox_split_seg2_check_mailbox__depth_dynamic_counting__01,depth_dynamic_counting,answered
2.86,4,True,8,"[""aligned_dataset/.frames_cache_ir/check_mailbox_split/Seg2/check_mailbox_day_ir/frame_000000.png"", ""aligned_dataset/.frames_cache_ir/check_mailbox_split/Seg2/check_mailbox_day_ir/frame_000300.png"", ""aligned_dataset/.frames_cache_ir/check_mailbox_split/Seg2/check_mailbox_day_ir/frame_000570.png"", ""aligned_dataset/.frames_cache_ir/check_mailbox_split/Seg2/check_mailbox_day_ir/frame_000870.png"", ""aligned_dataset/.frames_cache_ir/check_mailbox_split/Seg2/check_mailbox_night_ir/frame_000000.png"", ""aligned_dataset/.frames_cache_ir/check_mailbox_split/Seg2/check_mailbox_night_ir/frame_000300.png"", ""aligned_dataset/.frames_cache_ir/check_mailbox_split/Seg2/check_mailbox_night_ir/frame_000570.png"", ""aligned_dataset/.frames_cache_ir/check_mailbox_split/Seg2/check_mailbox_night_ir/frame_000870.png""]","{""max_new_tokens"": 128, ""do_sample"": false}","Yes, it is.",1.903,ir,{},1.2513,ir,No,models/qwen/Qwen3-VL-4B-Instruct,4,check_mailbox_split/Seg2/ir,4.763,qwen_vl,depth__check_mailbox_split_seg2_check_mailbox__depth_navigation__01__input_ir,Is the staircase a safe path for moving between these levels?,,depth_navigation,depth,check_mailbox_split/Seg2/check_mailbox,depth__check_mailbox_split_seg2_check_mailbox__depth_navigation__01,depth_navigation,answered
2.86,4,True,8,"[""aligned_dataset/.frames_cache_ir/check_mailbox_split/Seg2/check_mailbox_day_ir/frame_000000.png"", ""aligned_dataset/.frames_cache_ir/check_mailbox_split/Seg2/check_mailbox_day_ir/frame_000300.png"", ""aligned_dataset/.frames_cache_ir/check_mailbox_split/Seg2/check_mailbox_day_ir/frame_000570.png"", ""aligned_dataset/.frames_cache_ir/check_mailbox_split/Seg2/check_mailbox_day_ir/frame_000870.png"", ""aligned_dataset/.frames_cache_ir/check_mailbox_split/Seg2/check_mailbox_night_ir/frame_000000.png"", ""aligned_dataset/.frames_cache_ir/check_mailbox_split/Seg2/check_mailbox_night_ir/frame_000300.png"", ""aligned_dataset/.frames_cache_ir/check_mailbox_split/Seg2/check_mailbox_night_ir/frame_000570.png"", ""aligned_dataset/.frames_cache_ir/check_mailbox_split/Seg2/check_mailbox_night_ir/frame_000870.png""]","{""max_new_tokens"": 128, ""do_sample"": false}",No.,1.903,ir,{},1.2512,ir,No,models/qwen/Qwen3-VL-4B-Instruct,4,check_mailbox_split/Seg2/ir,4.763,qwen_vl,depth__check_mailbox_split_seg2_check_mailbox__depth_dynamic_recognition__01__input_ir,Are there any moving objects in this scene?,,depth_dynamic_recognition,depth,check_mailbox_split/Seg2/check_mailbox,depth__check_mailbox_split_seg2_check_mailbox__depth_dynamic_recognition__01,depth_dynamic_recognition,answered
2.86,4,True,8,"[""aligned_dataset/.frames_cache_ir/check_mailbox_split/Seg2/check_mailbox_day_ir/frame_000000.png"", ""aligned_dataset/.frames_cache_ir/check_mailbox_split/Seg2/check_mailbox_day_ir/frame_000300.png"", ""aligned_dataset/.frames_cache_ir/check_mailbox_split/Seg2/check_mailbox_day_ir/frame_000570.png"", ""aligned_dataset/.frames_cache_ir/check_mailbox_split/Seg2/check_mailbox_day_ir/frame_000870.png"", ""aligned_dataset/.frames_cache_ir/check_mailbox_split/Seg2/check_mailbox_night_ir/frame_000000.png"", ""aligned_dataset/.frames_cache_ir/check_mailbox_split/Seg2/check_mailbox_night_ir/frame_000300.png"", ""aligned_dataset/.frames_cache_ir/check_mailbox_split/Seg2/check_mailbox_night_ir/frame_000570.png"", ""aligned_dataset/.frames_cache_ir/check_mailbox_split/Seg2/check_mailbox_night_ir/frame_000870.png""]","{""max_new_tokens"": 128, ""do_sample"": false}",Descending the stairs.,1.904,ir,{},1.256,ir,descending,models/qwen/Qwen3-VL-4B-Instruct,4,check_mailbox_split/Seg2/ir,4.763,qwen_vl,depth__check_mailbox_split_seg2_check_mailbox__depth_action__01__input_ir,What action am I performing as I move through this stairwell?,,depth_action,depth,check_mailbox_split/Seg2/check_mailbox,depth__check_mailbox_split_seg2_check_mailbox__depth_action__01,depth_action,answered
2.86,4,True,8,"[""aligned_dataset/.frames_cache_ir/check_mailbox_split/Seg2/check_mailbox_day_ir/frame_000000.png"", ""aligned_dataset/.frames_cache_ir/check_mailbox_split/Seg2/check_mailbox_day_ir/frame_000300.png"", ""aligned_dataset/.frames_cache_ir/check_mailbox_split/Seg2/check_mailbox_day_ir/frame_000570.png"", ""aligned_dataset/.frames_cache_ir/check_mailbox_split/Seg2/check_mailbox_day_ir/frame_000870.png"", ""aligned_dataset/.frames_cache_ir/check_mailbox_split/Seg2/check_mailbox_night_ir/frame_000000.png"", ""aligned_dataset/.frames_cache_ir/check_mailbox_split/Seg2/check_mailbox_night_ir/frame_000300.png"", ""aligned_dataset/.frames_cache_ir/check_mailbox_split/Seg2/check_mailbox_night_ir/frame_000570.png"", ""aligned_dataset/.frames_cache_ir/check_mailbox_split/Seg2/check_mailbox_night_ir/frame_000870.png""]","{""max_new_tokens"": 128, ""do_sample"": false}",No.,1.903,ir,{},1.2505,ir,No,models/qwen/Qwen3-VL-4B-Instruct,4,check_mailbox_split/Seg2/ir,4.763,qwen_vl,depth__check_mailbox_split_seg2_check_mailbox__depth_non_common__01__input_ir,Are there any floating objects in the depth stream?,,depth_non_common,depth,check_mailbox_split/Seg2/check_mailbox,depth__check_mailbox_split_seg2_check_mailbox__depth_non_common__01,depth_non_common,answered
2.86,4,True,8,"[""aligned_dataset/.frames_cache_ir/check_mailbox_split/Seg2/check_mailbox_day_ir/frame_000000.png"", ""aligned_dataset/.frames_cache_ir/check_mailbox_split/Seg2/check_mailbox_day_ir/frame_000300.png"", ""aligned_dataset/.frames_cache_ir/check_mailbox_split/Seg2/check_mailbox_day_ir/frame_000570.png"", ""aligned_dataset/.frames_cache_ir/check_mailbox_split/Seg2/check_mailbox_day_ir/frame_000870.png"", ""aligned_dataset/.frames_cache_ir/check_mailbox_split/Seg2/check_mailbox_night_ir/frame_000000.png"", ""aligned_dataset/.frames_cache_ir/check_mailbox_split/Seg2/check_mailbox_night_ir/frame_000300.png"", ""aligned_dataset/.frames_cache_ir/check_mailbox_split/Seg2/check_mailbox_night_ir/frame_000570.png"", ""aligned_dataset/.frames_cache_ir/check_mailbox_split/Seg2/check_mailbox_night_ir/frame_000870.png""]","{""max_new_tokens"": 128, ""do_sample"": false}",The staircase is located directly ahead and slightly to the left.,1.906,ir,{},1.3039,ir,To the right,models/qwen/Qwen3-VL-4B-Instruct,4,aligned_dataset/check_mailbox_split/Seg2/ir,4.765,qwen_vl,rgb__aligned_dataset_check_mailbox_split_seg2_check_mailbox_rgb__spatial_reasoning__01__input_ir,Where is the metal staircase located relative to my path as I reach the end of the corridor?,,spatial_reasoning,rgb,aligned_dataset/check_mailbox_split/Seg2/check_mailbox_rgb,rgb__aligned_dataset_check_mailbox_split_seg2_check_mailbox_rgb__spatial_reasoning__01,spatial_reasoning,answered
2.86,4,True,8,"[""aligned_dataset/.frames_cache_ir/check_mailbox_split/Seg2/check_mailbox_day_ir/frame_000000.png"", ""aligned_dataset/.frames_cache_ir/check_mailbox_split/Seg2/check_mailbox_day_ir/frame_000300.png"", ""aligned_dataset/.frames_cache_ir/check_mailbox_split/Seg2/check_mailbox_day_ir/frame_000570.png"", ""aligned_dataset/.frames_cache_ir/check_mailbox_split/Seg2/check_mailbox_day_ir/frame_000870.png"", ""aligned_dataset/.frames_cache_ir/check_mailbox_split/Seg2/check_mailbox_night_ir/frame_000000.png"", ""aligned_dataset/.frames_cache_ir/check_mailbox_split/Seg2/check_mailbox_night_ir/frame_000300.png"", ""aligned_dataset/.frames_cache_ir/check_mailbox_split/Seg2/check_mailbox_night_ir/frame_000570.png"", ""aligned_dataset/.frames_cache_ir/check_mailbox_split/Seg2/check_mailbox_night_ir/frame_000870.png""]","{""max_new_tokens"": 128, ""do_sample"": false}",1233.,1.904,ir,{},1.3272,ir,1233,models/qwen/Qwen3-VL-4B-Instruct,4,aligned_dataset/check_mailbox_split/Seg2/ir,4.764,qwen_vl,rgb__aligned_dataset_check_mailbox_split_seg2_check_mailbox_rgb__text_recognition__01__input_ir,What is the first room number listed on the wall?,,text_recognition,rgb,aligned_dataset/check_mailbox_split/Seg2/check_mailbox_rgb,rgb__aligned_dataset_check_mailbox_split_seg2_check_mailbox_rgb__text_recognition__01,text_recognition,answered
2.86,4,True,8,"[""aligned_dataset/.frames_cache_ir/check_mailbox_split/Seg2/check_mailbox_day_ir/frame_000000.png"", ""aligned_dataset/.frames_cache_ir/check_mailbox_split/Seg2/check_mailbox_day_ir/frame_000300.png"", ""aligned_dataset/.frames_cache_ir/check_mailbox_split/Seg2/check_mailbox_day_ir/frame_000570.png"", ""aligned_dataset/.frames_cache_ir/check_mailbox_split/Seg2/check_mailbox_day_ir/frame_000870.png"", ""aligned_dataset/.frames_cache_ir/check_mailbox_split/Seg2/check_mailbox_night_ir/frame_000000.png"", ""aligned_dataset/.frames_cache_ir/check_mailbox_split/Seg2/check_mailbox_night_ir/frame_000300.png"", ""aligned_dataset/.frames_cache_ir/check_mailbox_split/Seg2/check_mailbox_night_ir/frame_000570.png"", ""aligned_dataset/.frames_cache_ir/check_mailbox_split/Seg2/check_mailbox_night_ir/frame_000870.png""]","{""max_new_tokens"": 128, ""do_sample"": false}","1233, 1234, and 1235.",1.904,ir,{},1.625,ir,1233 | 1234 | 1235,models/qwen/Qwen3-VL-4B-Instruct,4,aligned_dataset/check_mailbox_split/Seg2/ir,4.764,qwen_vl,rgb__aligned_dataset_check_mailbox_split_seg2_check_mailbox_rgb__text_recognition__02__input_ir,What are the three specific numbers displayed in the room directory?,,text_recognition,rgb,aligned_dataset/check_mailbox_split/Seg2/check_mailbox_rgb,rgb__aligned_dataset_check_mailbox_split_seg2_check_mailbox_rgb__text_recognition__02,text_recognition,answered
2.86,4,True,8,"[""aligned_dataset/.frames_cache_ir/check_mailbox_split/Seg2/check_mailbox_day_ir/frame_000000.png"", ""aligned_dataset/.frames_cache_ir/check_mailbox_split/Seg2/check_mailbox_day_ir/frame_000300.png"", ""aligned_dataset/.frames_cache_ir/check_mailbox_split/Seg2/check_mailbox_day_ir/frame_000570.png"", ""aligned_dataset/.frames_cache_ir/check_mailbox_split/Seg2/check_mailbox_day_ir/frame_000870.png"", ""aligned_dataset/.frames_cache_ir/check_mailbox_split/Seg2/check_mailbox_night_ir/frame_000000.png"", ""aligned_dataset/.frames_cache_ir/check_mailbox_split/Seg2/check_mailbox_night_ir/frame_000300.png"", ""aligned_dataset/.frames_cache_ir/check_mailbox_split/Seg2/check_mailbox_night_ir/frame_000570.png"", ""aligned_dataset/.frames_cache_ir/check_mailbox_split/Seg2/check_mailbox_night_ir/frame_000870.png""]","{""max_new_tokens"": 128, ""do_sample"": false}",N°.,1.904,ir,{},1.2758,ir,N°,models/qwen/Qwen3-VL-4B-Instruct,4,aligned_dataset/check_mailbox_split/Seg2/ir,4.763,qwen_vl,rgb__aligned_dataset_check_mailbox_split_seg2_check_mailbox_rgb__text_recognition__03__input_ir,What prefix precedes the numbers on the wall?,,text_recognition,rgb,aligned_dataset/check_mailbox_split/Seg2/check_mailbox_rgb,rgb__aligned_dataset_check_mailbox_split_seg2_check_mailbox_rgb__text_recognition__03,text_recognition,answered
2.86,4,True,8,"[""aligned_dataset/.frames_cache_ir/check_mailbox_split/Seg2/check_mailbox_day_ir/frame_000000.png"", ""aligned_dataset/.frames_cache_ir/check_mailbox_split/Seg2/check_mailbox_day_ir/frame_000300.png"", ""aligned_dataset/.frames_cache_ir/check_mailbox_split/Seg2/check_mailbox_day_ir/frame_000570.png"", ""aligned_dataset/.frames_cache_ir/check_mailbox_split/Seg2/check_mailbox_day_ir/frame_000870.png"", ""aligned_dataset/.frames_cache_ir/check_mailbox_split/Seg2/check_mailbox_night_ir/frame_000000.png"", ""aligned_dataset/.frames_cache_ir/check_mailbox_split/Seg2/check_mailbox_night_ir/frame_000300.png"", ""aligned_dataset/.frames_cache_ir/check_mailbox_split/Seg2/check_mailbox_night_ir/frame_000570.png"", ""aligned_dataset/.frames_cache_ir/check_mailbox_split/Seg2/check_mailbox_night_ir/frame_000870.png""]","{""max_new_tokens"": 128, ""do_sample"": false}",White.,1.904,ir,{},1.2503,ir,white,models/qwen/Qwen3-VL-4B-Instruct,4,aligned_dataset/check_mailbox_split/Seg2/ir,4.763,qwen_vl,rgb__aligned_dataset_check_mailbox_split_seg2_check_mailbox_rgb__text_recognition__04__input_ir,What color is the text for the room numbers?,,text_recognition,rgb,aligned_dataset/check_mailbox_split/Seg2/check_mailbox_rgb,rgb__aligned_dataset_check_mailbox_split_seg2_check_mailbox_rgb__text_recognition__04,text_recognition,answered
2.86,4,True,8,"[""aligned_dataset/.frames_cache_ir/check_mailbox_split/Seg2/check_mailbox_day_ir/frame_000000.png"", ""aligned_dataset/.frames_cache_ir/check_mailbox_split/Seg2/check_mailbox_day_ir/frame_000300.png"", ""aligned_dataset/.frames_cache_ir/check_mailbox_split/Seg2/check_mailbox_day_ir/frame_000570.png"", ""aligned_dataset/.frames_cache_ir/check_mailbox_split/Seg2/check_mailbox_day_ir/frame_000870.png"", ""aligned_dataset/.frames_cache_ir/check_mailbox_split/Seg2/check_mailbox_night_ir/frame_000000.png"", ""aligned_dataset/.frames_cache_ir/check_mailbox_split/Seg2/check_mailbox_night_ir/frame_000300.png"", ""aligned_dataset/.frames_cache_ir/check_mailbox_split/Seg2/check_mailbox_night_ir/frame_000570.png"", ""aligned_dataset/.frames_cache_ir/check_mailbox_split/Seg2/check_mailbox_night_ir/frame_000870.png""]","{""max_new_tokens"": 128, ""do_sample"": false}",Vertical bars (|).,1.904,ir,{},1.2497,ir,|,models/qwen/Qwen3-VL-4B-Instruct,4,aligned_dataset/check_mailbox_split/Seg2/ir,4.764,qwen_vl,rgb__aligned_dataset_check_mailbox_split_seg2_check_mailbox_rgb__text_recognition__05__input_ir,What symbol is used to separate the room numbers on the wall?,,text_recognition,rgb,aligned_dataset/check_mailbox_split/Seg2/check_mailbox_rgb,rgb__aligned_dataset_check_mailbox_split_seg2_check_mailbox_rgb__text_recognition__05,text_recognition,answered
2.86,4,True,8,"[""aligned_dataset/.frames_cache_ir/check_mailbox_split/Seg2/check_mailbox_day_ir/frame_000000.png"", ""aligned_dataset/.frames_cache_ir/check_mailbox_split/Seg2/check_mailbox_day_ir/frame_000300.png"", ""aligned_dataset/.frames_cache_ir/check_mailbox_split/Seg2/check_mailbox_day_ir/frame_000570.png"", ""aligned_dataset/.frames_cache_ir/check_mailbox_split/Seg2/check_mailbox_day_ir/frame_000870.png"", ""aligned_dataset/.frames_cache_ir/check_mailbox_split/Seg2/check_mailbox_night_ir/frame_000000.png"", ""aligned_dataset/.frames_cache_ir/check_mailbox_split/Seg2/check_mailbox_night_ir/frame_000300.png"", ""aligned_dataset/.frames_cache_ir/check_mailbox_split/Seg2/check_mailbox_night_ir/frame_000570.png"", ""aligned_dataset/.frames_cache_ir/check_mailbox_split/Seg2/check_mailbox_night_ir/frame_000870.png""]","{""max_new_tokens"": 128, ""do_sample"": false}",An emergency exit.,1.904,ir,{},1.2529,ir,exit,models/qwen/Qwen3-VL-4B-Instruct,4,aligned_dataset/check_mailbox_split/Seg2/ir,4.763,qwen_vl,rgb__aligned_dataset_check_mailbox_split_seg2_check_mailbox_rgb__text_recognition__06__input_ir,What does the green sign on the ceiling represent?,,text_recognition,rgb,aligned_dataset/check_mailbox_split/Seg2/check_mailbox_rgb,rgb__aligned_dataset_check_mailbox_split_seg2_check_mailbox_rgb__text_recognition__06,text_recognition,answered
2.86,4,True,8,"[""aligned_dataset/.frames_cache_ir/check_mailbox_split/Seg2/check_mailbox_day_ir/frame_000000.png"", ""aligned_dataset/.frames_cache_ir/check_mailbox_split/Seg2/check_mailbox_day_ir/frame_000300.png"", ""aligned_dataset/.frames_cache_ir/check_mailbox_split/Seg2/check_mailbox_day_ir/frame_000570.png"", ""aligned_dataset/.frames_cache_ir/check_mailbox_split/Seg2/check_mailbox_day_ir/frame_000870.png"", ""aligned_dataset/.frames_cache_ir/check_mailbox_split/Seg2/check_mailbox_night_ir/frame_000000.png"", ""aligned_dataset/.frames_cache_ir/check_mailbox_split/Seg2/check_mailbox_night_ir/frame_000300.png"", ""aligned_dataset/.frames_cache_ir/check_mailbox_split/Seg2/check_mailbox_night_ir/frame_000570.png"", ""aligned_dataset/.frames_cache_ir/check_mailbox_split/Seg2/check_mailbox_night_ir/frame_000870.png""]","{""max_new_tokens"": 128, ""do_sample"": false}",Left.,1.904,ir,{},1.2518,ir,Right,models/qwen/Qwen3-VL-4B-Instruct,4,aligned_dataset/check_mailbox_split/Seg2/ir,4.764,qwen_vl,rgb__aligned_dataset_check_mailbox_split_seg2_check_mailbox_rgb__text_recognition__07__input_ir,Which direction does the arrow on the exit sign point?,,text_recognition,rgb,aligned_dataset/check_mailbox_split/Seg2/check_mailbox_rgb,rgb__aligned_dataset_check_mailbox_split_seg2_check_mailbox_rgb__text_recognition__07,text_recognition,answered
2.86,4,True,8,"[""aligned_dataset/.frames_cache_ir/check_mailbox_split/Seg2/check_mailbox_day_ir/frame_000000.png"", ""aligned_dataset/.frames_cache_ir/check_mailbox_split/Seg2/check_mailbox_day_ir/frame_000300.png"", ""aligned_dataset/.frames_cache_ir/check_mailbox_split/Seg2/check_mailbox_day_ir/frame_000570.png"", ""aligned_dataset/.frames_cache_ir/check_mailbox_split/Seg2/check_mailbox_day_ir/frame_000870.png"", ""aligned_dataset/.frames_cache_ir/check_mailbox_split/Seg2/check_mailbox_night_ir/frame_000000.png"", ""aligned_dataset/.frames_cache_ir/check_mailbox_split/Seg2/check_mailbox_night_ir/frame_000300.png"", ""aligned_dataset/.frames_cache_ir/check_mailbox_split/Seg2/check_mailbox_night_ir/frame_000570.png"", ""aligned_dataset/.frames_cache_ir/check_mailbox_split/Seg2/check_mailbox_night_ir/frame_000870.png""]","{""max_new_tokens"": 128, ""do_sample"": false}","Indoor corridor, outdoor corridor extension, external staircase, and courtyard view.",1.903,ir,{},1.3984,ir,"door, stairs, hallway, door",models/qwen/Qwen3-VL-4B-Instruct,4,aligned_dataset/check_mailbox_split/Seg2/ir,4.763,qwen_vl,rgb__aligned_dataset_check_mailbox_split_seg2_check_mailbox_rgb__scene_sequence__01__input_ir,What is the sequence of scenes I passed through?,,scene_sequence,rgb,aligned_dataset/check_mailbox_split/Seg2/check_mailbox_rgb,rgb__aligned_dataset_check_mailbox_split_seg2_check_mailbox_rgb__scene_sequence__01,scene_sequence,answered
2.86,4,True,8,"[""aligned_dataset/.frames_cache_ir/check_mailbox_split/Seg2/check_mailbox_day_ir/frame_000000.png"", ""aligned_dataset/.frames_cache_ir/check_mailbox_split/Seg2/check_mailbox_day_ir/frame_000300.png"", ""aligned_dataset/.frames_cache_ir/check_mailbox_split/Seg2/check_mailbox_day_ir/frame_000570.png"", ""aligned_dataset/.frames_cache_ir/check_mailbox_split/Seg2/check_mailbox_day_ir/frame_000870.png"", ""aligned_dataset/.frames_cache_ir/check_mailbox_split/Seg2/check_mailbox_night_ir/frame_000000.png"", ""aligned_dataset/.frames_cache_ir/check_mailbox_split/Seg2/check_mailbox_night_ir/frame_000300.png"", ""aligned_dataset/.frames_cache_ir/check_mailbox_split/Seg2/check_mailbox_night_ir/frame_000570.png"", ""aligned_dataset/.frames_cache_ir/check_mailbox_split/Seg2/check_mailbox_night_ir/frame_000870.png""]","{""max_new_tokens"": 128, ""do_sample"": false}",A ceiling-mounted exit sign and a section of the corridor with a railing.,1.903,ir,{},1.5492,ir,a hallway with doors on the left and a railing on the right,models/qwen/Qwen3-VL-4B-Instruct,4,aligned_dataset/check_mailbox_split/Seg2/ir,4.763,qwen_vl,rgb__aligned_dataset_check_mailbox_split_seg2_check_mailbox_rgb__scene_sequence__02__input_ir,What did I pass just before reaching the staircase?,,scene_sequence,rgb,aligned_dataset/check_mailbox_split/Seg2/check_mailbox_rgb,rgb__aligned_dataset_check_mailbox_split_seg2_check_mailbox_rgb__scene_sequence__02,scene_sequence,answered
2.86,4,True,8,"[""aligned_dataset/.frames_cache_ir/check_mailbox_split/Seg2/check_mailbox_day_ir/frame_000000.png"", ""aligned_dataset/.frames_cache_ir/check_mailbox_split/Seg2/check_mailbox_day_ir/frame_000300.png"", ""aligned_dataset/.frames_cache_ir/check_mailbox_split/Seg2/check_mailbox_day_ir/frame_000570.png"", ""aligned_dataset/.frames_cache_ir/check_mailbox_split/Seg2/check_mailbox_day_ir/frame_000870.png"", ""aligned_dataset/.frames_cache_ir/check_mailbox_split/Seg2/check_mailbox_night_ir/frame_000000.png"", ""aligned_dataset/.frames_cache_ir/check_mailbox_split/Seg2/check_mailbox_night_ir/frame_000300.png"", ""aligned_dataset/.frames_cache_ir/check_mailbox_split/Seg2/check_mailbox_night_ir/frame_000570.png"", ""aligned_dataset/.frames_cache_ir/check_mailbox_split/Seg2/check_mailbox_night_ir/frame_000870.png""]","{""max_new_tokens"": 128, ""do_sample"": false}",The point where the solid wall on the left was replaced by a metal railing.,1.903,ir,{},1.3001,ir,Staircase,models/qwen/Qwen3-VL-4B-Instruct,4,aligned_dataset/check_mailbox_split/Seg2/ir,4.763,qwen_vl,rgb__aligned_dataset_check_mailbox_split_seg2_check_mailbox_rgb__scene_sequence__05__input_ir,What was the transition point from indoors to outdoors?,,scene_sequence,rgb,aligned_dataset/check_mailbox_split/Seg2/check_mailbox_rgb,rgb__aligned_dataset_check_mailbox_split_seg2_check_mailbox_rgb__scene_sequence__05,scene_sequence,answered
2.86,4,True,8,"[""aligned_dataset/.frames_cache_ir/check_mailbox_split/Seg2/check_mailbox_day_ir/frame_000000.png"", ""aligned_dataset/.frames_cache_ir/check_mailbox_split/Seg2/check_mailbox_day_ir/frame_000300.png"", ""aligned_dataset/.frames_cache_ir/check_mailbox_split/Seg2/check_mailbox_day_ir/frame_000570.png"", ""aligned_dataset/.frames_cache_ir/check_mailbox_split/Seg2/check_mailbox_day_ir/frame_000870.png"", ""aligned_dataset/.frames_cache_ir/check_mailbox_split/Seg2/check_mailbox_night_ir/frame_000000.png"", ""aligned_dataset/.frames_cache_ir/check_mailbox_split/Seg2/check_mailbox_night_ir/frame_000300.png"", ""aligned_dataset/.frames_cache_ir/check_mailbox_split/Seg2/check_mailbox_night_ir/frame_000570.png"", ""aligned_dataset/.frames_cache_ir/check_mailbox_split/Seg2/check_mailbox_night_ir/frame_000870.png""]","{""max_new_tokens"": 128, ""do_sample"": false}",An external metal staircase leading down.,1.904,ir,{},1.275,ir,a staircase,models/qwen/Qwen3-VL-4B-Instruct,4,aligned_dataset/check_mailbox_split/Seg2/ir,4.764,qwen_vl,rgb__aligned_dataset_check_mailbox_split_seg2_check_mailbox_rgb__scene_sequence__06__input_ir,What did I see after turning left at the end of the hallway?,,scene_sequence,rgb,aligned_dataset/check_mailbox_split/Seg2/check_mailbox_rgb,rgb__aligned_dataset_check_mailbox_split_seg2_check_mailbox_rgb__scene_sequence__06,scene_sequence,answered
2.86,4,True,8,"[""aligned_dataset/.frames_cache_ir/check_mailbox_split/Seg2/check_mailbox_day_ir/frame_000000.png"", ""aligned_dataset/.frames_cache_ir/check_mailbox_split/Seg2/check_mailbox_day_ir/frame_000300.png"", ""aligned_dataset/.frames_cache_ir/check_mailbox_split/Seg2/check_mailbox_day_ir/frame_000570.png"", ""aligned_dataset/.frames_cache_ir/check_mailbox_split/Seg2/check_mailbox_day_ir/frame_000870.png"", ""aligned_dataset/.frames_cache_ir/check_mailbox_split/Seg2/check_mailbox_night_ir/frame_000000.png"", ""aligned_dataset/.frames_cache_ir/check_mailbox_split/Seg2/check_mailbox_night_ir/frame_000300.png"", ""aligned_dataset/.frames_cache_ir/check_mailbox_split/Seg2/check_mailbox_night_ir/frame_000570.png"", ""aligned_dataset/.frames_cache_ir/check_mailbox_split/Seg2/check_mailbox_night_ir/frame_000870.png""]","{""max_new_tokens"": 128, ""do_sample"": false}",A ground-level courtyard with grass and concrete elements.,1.903,ir,{},1.3987,ir,a courtyard with plants and a bench,models/qwen/Qwen3-VL-4B-Instruct,4,aligned_dataset/check_mailbox_split/Seg2/ir,4.763,qwen_vl,rgb__aligned_dataset_check_mailbox_split_seg2_check_mailbox_rgb__scene_sequence__07__input_ir,What environment did the stairs lead towards?,,scene_sequence,rgb,aligned_dataset/check_mailbox_split/Seg2/check_mailbox_rgb,rgb__aligned_dataset_check_mailbox_split_seg2_check_mailbox_rgb__scene_sequence__07,scene_sequence,answered
2.86,4,True,8,"[""aligned_dataset/.frames_cache_ir/check_mailbox_split/Seg2/check_mailbox_day_ir/frame_000000.png"", ""aligned_dataset/.frames_cache_ir/check_mailbox_split/Seg2/check_mailbox_day_ir/frame_000300.png"", ""aligned_dataset/.frames_cache_ir/check_mailbox_split/Seg2/check_mailbox_day_ir/frame_000570.png"", ""aligned_dataset/.frames_cache_ir/check_mailbox_split/Seg2/check_mailbox_day_ir/frame_000870.png"", ""aligned_dataset/.frames_cache_ir/check_mailbox_split/Seg2/check_mailbox_night_ir/frame_000000.png"", ""aligned_dataset/.frames_cache_ir/check_mailbox_split/Seg2/check_mailbox_night_ir/frame_000300.png"", ""aligned_dataset/.frames_cache_ir/check_mailbox_split/Seg2/check_mailbox_night_ir/frame_000570.png"", ""aligned_dataset/.frames_cache_ir/check_mailbox_split/Seg2/check_mailbox_night_ir/frame_000870.png""]","{""max_new_tokens"": 128, ""do_sample"": false}",A staircase railing and doorways.,1.905,ir,{},1.3499,ir,Stairs and railings,models/qwen/Qwen3-VL-4B-Instruct,4,aligned_dataset/check_mailbox_split/Seg2/ir,4.764,qwen_vl,event__aligned_dataset_check_mailbox_split_seg2_check_mailbox_event__event_object_recognition__01__input_ir,What primary architectural features are identified by the motion in this hallway?,,event_object_recognition,event,aligned_dataset/check_mailbox_split/Seg2/check_mailbox_event,event__aligned_dataset_check_mailbox_split_seg2_check_mailbox_event__event_object_recognition__01,event_object_recognition,answered
2.86,4,True,8,"[""aligned_dataset/.frames_cache_ir/check_mailbox_split/Seg2/check_mailbox_day_ir/frame_000000.png"", ""aligned_dataset/.frames_cache_ir/check_mailbox_split/Seg2/check_mailbox_day_ir/frame_000300.png"", ""aligned_dataset/.frames_cache_ir/check_mailbox_split/Seg2/check_mailbox_day_ir/frame_000570.png"", ""aligned_dataset/.frames_cache_ir/check_mailbox_split/Seg2/check_mailbox_day_ir/frame_000870.png"", ""aligned_dataset/.frames_cache_ir/check_mailbox_split/Seg2/check_mailbox_night_ir/frame_000000.png"", ""aligned_dataset/.frames_cache_ir/check_mailbox_split/Seg2/check_mailbox_night_ir/frame_000300.png"", ""aligned_dataset/.frames_cache_ir/check_mailbox_split/Seg2/check_mailbox_night_ir/frame_000570.png"", ""aligned_dataset/.frames_cache_ir/check_mailbox_split/Seg2/check_mailbox_night_ir/frame_000870.png""]","{""max_new_tokens"": 128, ""do_sample"": false}","Start in the dark hallway, walk past room numbers, reach the exit sign, turn onto the stairs, and descend into the courtyard.",1.904,ir,{},2.0293,ir,"The camera moves from a close-up of a door with room numbers to a view of a staircase, then down a hallway, and finally back to the door.",models/qwen/Qwen3-VL-4B-Instruct,4,aligned_dataset/check_mailbox_split/Seg2/ir,4.763,qwen_vl,rgb__aligned_dataset_check_mailbox_split_seg2_check_mailbox_rgb__scene_sequence__09__input_ir,Describe the progression from the first frame to the last.,,scene_sequence,rgb,aligned_dataset/check_mailbox_split/Seg2/check_mailbox_rgb,rgb__aligned_dataset_check_mailbox_split_seg2_check_mailbox_rgb__scene_sequence__09,scene_sequence,answered
2.86,4,True,8,"[""aligned_dataset/.frames_cache_ir/check_mailbox_split/Seg2/check_mailbox_day_ir/frame_000000.png"", ""aligned_dataset/.frames_cache_ir/check_mailbox_split/Seg2/check_mailbox_day_ir/frame_000300.png"", ""aligned_dataset/.frames_cache_ir/check_mailbox_split/Seg2/check_mailbox_day_ir/frame_000570.png"", ""aligned_dataset/.frames_cache_ir/check_mailbox_split/Seg2/check_mailbox_day_ir/frame_000870.png"", ""aligned_dataset/.frames_cache_ir/check_mailbox_split/Seg2/check_mailbox_night_ir/frame_000000.png"", ""aligned_dataset/.frames_cache_ir/check_mailbox_split/Seg2/check_mailbox_night_ir/frame_000300.png"", ""aligned_dataset/.frames_cache_ir/check_mailbox_split/Seg2/check_mailbox_night_ir/frame_000570.png"", ""aligned_dataset/.frames_cache_ir/check_mailbox_split/Seg2/check_mailbox_night_ir/frame_000870.png""]","{""max_new_tokens"": 128, ""do_sample"": false}",Farther.,1.905,ir,{},1.2827,ir,closer,models/qwen/Qwen3-VL-4B-Instruct,4,aligned_dataset/check_mailbox_split/Seg2/ir,4.765,qwen_vl,event__aligned_dataset_check_mailbox_split_seg2_check_mailbox_event__event_spatial_reasoning__01__input_ir,Are the doorways located closer or farther than the staircase railing from my perspective?,,event_spatial_reasoning,event,aligned_dataset/check_mailbox_split/Seg2/check_mailbox_event,event__aligned_dataset_check_mailbox_split_seg2_check_mailbox_event__event_spatial_reasoning__01,event_spatial_reasoning,answered
2.86,4,True,8,"[""aligned_dataset/.frames_cache_ir/check_mailbox_split/Seg2/check_mailbox_day_ir/frame_000000.png"", ""aligned_dataset/.frames_cache_ir/check_mailbox_split/Seg2/check_mailbox_day_ir/frame_000300.png"", ""aligned_dataset/.frames_cache_ir/check_mailbox_split/Seg2/check_mailbox_day_ir/frame_000570.png"", ""aligned_dataset/.frames_cache_ir/check_mailbox_split/Seg2/check_mailbox_day_ir/frame_000870.png"", ""aligned_dataset/.frames_cache_ir/check_mailbox_split/Seg2/check_mailbox_night_ir/frame_000000.png"", ""aligned_dataset/.frames_cache_ir/check_mailbox_split/Seg2/check_mailbox_night_ir/frame_000300.png"", ""aligned_dataset/.frames_cache_ir/check_mailbox_split/Seg2/check_mailbox_night_ir/frame_000570.png"", ""aligned_dataset/.frames_cache_ir/check_mailbox_split/Seg2/check_mailbox_night_ir/frame_000870.png""]","{""max_new_tokens"": 128, ""do_sample"": false}",The start of the metal staircase descent.,1.903,ir,{},1.3219,ir,the hallway with doors,models/qwen/Qwen3-VL-4B-Instruct,4,aligned_dataset/check_mailbox_split/Seg2/ir,4.763,qwen_vl,rgb__aligned_dataset_check_mailbox_split_seg2_check_mailbox_rgb__scene_sequence__10__input_ir,Which scene followed the passage of the exit sign?,,scene_sequence,rgb,aligned_dataset/check_mailbox_split/Seg2/check_mailbox_rgb,rgb__aligned_dataset_check_mailbox_split_seg2_check_mailbox_rgb__scene_sequence__10,scene_sequence,answered
2.86,4,True,8,"[""aligned_dataset/.frames_cache_ir/check_mailbox_split/Seg2/check_mailbox_day_ir/frame_000000.png"", ""aligned_dataset/.frames_cache_ir/check_mailbox_split/Seg2/check_mailbox_day_ir/frame_000300.png"", ""aligned_dataset/.frames_cache_ir/check_mailbox_split/Seg2/check_mailbox_day_ir/frame_000570.png"", ""aligned_dataset/.frames_cache_ir/check_mailbox_split/Seg2/check_mailbox_day_ir/frame_000870.png"", ""aligned_dataset/.frames_cache_ir/check_mailbox_split/Seg2/check_mailbox_night_ir/frame_000000.png"", ""aligned_dataset/.frames_cache_ir/check_mailbox_split/Seg2/check_mailbox_night_ir/frame_000300.png"", ""aligned_dataset/.frames_cache_ir/check_mailbox_split/Seg2/check_mailbox_night_ir/frame_000570.png"", ""aligned_dataset/.frames_cache_ir/check_mailbox_split/Seg2/check_mailbox_night_ir/frame_000870.png""]","{""max_new_tokens"": 128, ""do_sample"": false}",The stairs.,1.905,ir,{},1.4806,ir,The sequence ends with a view of the staircase.,models/qwen/Qwen3-VL-4B-Instruct,4,aligned_dataset/check_mailbox_split/Seg2/ir,4.764,qwen_vl,event__aligned_dataset_check_mailbox_split_seg2_check_mailbox_event__event_scene_sequence__01__input_ir,What is the final part of the sequence I observe before the movement ends?,,event_scene_sequence,event,aligned_dataset/check_mailbox_split/Seg2/check_mailbox_event,event__aligned_dataset_check_mailbox_split_seg2_check_mailbox_event__event_scene_sequence__01,event_scene_sequence,answered
2.86,4,True,8,"[""aligned_dataset/.frames_cache_ir/check_mailbox_split/Seg2/check_mailbox_day_ir/frame_000000.png"", ""aligned_dataset/.frames_cache_ir/check_mailbox_split/Seg2/check_mailbox_day_ir/frame_000300.png"", ""aligned_dataset/.frames_cache_ir/check_mailbox_split/Seg2/check_mailbox_day_ir/frame_000570.png"", ""aligned_dataset/.frames_cache_ir/check_mailbox_split/Seg2/check_mailbox_day_ir/frame_000870.png"", ""aligned_dataset/.frames_cache_ir/check_mailbox_split/Seg2/check_mailbox_night_ir/frame_000000.png"", ""aligned_dataset/.frames_cache_ir/check_mailbox_split/Seg2/check_mailbox_night_ir/frame_000300.png"", ""aligned_dataset/.frames_cache_ir/check_mailbox_split/Seg2/check_mailbox_night_ir/frame_000570.png"", ""aligned_dataset/.frames_cache_ir/check_mailbox_split/Seg2/check_mailbox_night_ir/frame_000870.png""]","{""max_new_tokens"": 128, ""do_sample"": false}",Three.,1.904,ir,{},1.2552,ir,2,models/qwen/Qwen3-VL-4B-Instruct,4,aligned_dataset/check_mailbox_split/Seg2/ir,4.764,qwen_vl,event__aligned_dataset_check_mailbox_split_seg2_check_mailbox_event__event_counting__01__input_ir,How many doorway frames can I distinguish in the video?,,event_counting,event,aligned_dataset/check_mailbox_split/Seg2/check_mailbox_event,event__aligned_dataset_check_mailbox_split_seg2_check_mailbox_event__event_counting__01,event_counting,answered
2.86,4,True,8,"[""aligned_dataset/.frames_cache_ir/check_mailbox_split/Seg2/check_mailbox_day_ir/frame_000000.png"", ""aligned_dataset/.frames_cache_ir/check_mailbox_split/Seg2/check_mailbox_day_ir/frame_000300.png"", ""aligned_dataset/.frames_cache_ir/check_mailbox_split/Seg2/check_mailbox_day_ir/frame_000570.png"", ""aligned_dataset/.frames_cache_ir/check_mailbox_split/Seg2/check_mailbox_day_ir/frame_000870.png"", ""aligned_dataset/.frames_cache_ir/check_mailbox_split/Seg2/check_mailbox_night_ir/frame_000000.png"", ""aligned_dataset/.frames_cache_ir/check_mailbox_split/Seg2/check_mailbox_night_ir/frame_000300.png"", ""aligned_dataset/.frames_cache_ir/check_mailbox_split/Seg2/check_mailbox_night_ir/frame_000570.png"", ""aligned_dataset/.frames_cache_ir/check_mailbox_split/Seg2/check_mailbox_night_ir/frame_000870.png""]","{""max_new_tokens"": 128, ""do_sample"": false}","No, the lights stayed on.",1.904,ir,{},1.2516,ir,Yes,models/qwen/Qwen3-VL-4B-Instruct,4,aligned_dataset/check_mailbox_split/Seg2/ir,4.764,qwen_vl,rgb__aligned_dataset_check_mailbox_split_seg2_check_mailbox_rgb__light_change__01__input_ir,Did the lights in the corridor turn off at any point?,,light_change,rgb,aligned_dataset/check_mailbox_split/Seg2/check_mailbox_rgb,rgb__aligned_dataset_check_mailbox_split_seg2_check_mailbox_rgb__light_change__01,light_change,answered
2.86,4,True,8,"[""aligned_dataset/.frames_cache_ir/check_mailbox_split/Seg2/check_mailbox_day_ir/frame_000000.png"", ""aligned_dataset/.frames_cache_ir/check_mailbox_split/Seg2/check_mailbox_day_ir/frame_000300.png"", ""aligned_dataset/.frames_cache_ir/check_mailbox_split/Seg2/check_mailbox_day_ir/frame_000570.png"", ""aligned_dataset/.frames_cache_ir/check_mailbox_split/Seg2/check_mailbox_day_ir/frame_000870.png"", ""aligned_dataset/.frames_cache_ir/check_mailbox_split/Seg2/check_mailbox_night_ir/frame_000000.png"", ""aligned_dataset/.frames_cache_ir/check_mailbox_split/Seg2/check_mailbox_night_ir/frame_000300.png"", ""aligned_dataset/.frames_cache_ir/check_mailbox_split/Seg2/check_mailbox_night_ir/frame_000570.png"", ""aligned_dataset/.frames_cache_ir/check_mailbox_split/Seg2/check_mailbox_night_ir/frame_000870.png""]","{""max_new_tokens"": 128, ""do_sample"": false}",Zero.,1.904,ir,{},1.2503,ir,0,models/qwen/Qwen3-VL-4B-Instruct,4,aligned_dataset/check_mailbox_split/Seg2/ir,4.764,qwen_vl,event__aligned_dataset_check_mailbox_split_seg2_check_mailbox_event__event_dynamic_counting__01__input_ir,How many people do I see walking in this hallway?,,event_dynamic_counting,event,aligned_dataset/check_mailbox_split/Seg2/check_mailbox_event,event__aligned_dataset_check_mailbox_split_seg2_check_mailbox_event__event_dynamic_counting__01,event_dynamic_counting,answered
2.86,4,True,8,"[""aligned_dataset/.frames_cache_ir/check_mailbox_split/Seg2/check_mailbox_day_ir/frame_000000.png"", ""aligned_dataset/.frames_cache_ir/check_mailbox_split/Seg2/check_mailbox_day_ir/frame_000300.png"", ""aligned_dataset/.frames_cache_ir/check_mailbox_split/Seg2/check_mailbox_day_ir/frame_000570.png"", ""aligned_dataset/.frames_cache_ir/check_mailbox_split/Seg2/check_mailbox_day_ir/frame_000870.png"", ""aligned_dataset/.frames_cache_ir/check_mailbox_split/Seg2/check_mailbox_night_ir/frame_000000.png"", ""aligned_dataset/.frames_cache_ir/check_mailbox_split/Seg2/check_mailbox_night_ir/frame_000300.png"", ""aligned_dataset/.frames_cache_ir/check_mailbox_split/Seg2/check_mailbox_night_ir/frame_000570.png"", ""aligned_dataset/.frames_cache_ir/check_mailbox_split/Seg2/check_mailbox_night_ir/frame_000870.png""]","{""max_new_tokens"": 128, ""do_sample"": false}",The scene becomes noticeably darker as I descend the stairs.,1.904,ir,{},1.2773,ir,darker,models/qwen/Qwen3-VL-4B-Instruct,4,aligned_dataset/check_mailbox_split/Seg2/ir,4.764,qwen_vl,rgb__aligned_dataset_check_mailbox_split_seg2_check_mailbox_rgb__light_change__02__input_ir,Does the scene get brighter or darker as I go down the stairs?,,light_change,rgb,aligned_dataset/check_mailbox_split/Seg2/check_mailbox_rgb,rgb__aligned_dataset_check_mailbox_split_seg2_check_mailbox_rgb__light_change__02,light_change,answered
2.86,4,True,8,"[""aligned_dataset/.frames_cache_ir/check_mailbox_split/Seg2/check_mailbox_day_ir/frame_000000.png"", ""aligned_dataset/.frames_cache_ir/check_mailbox_split/Seg2/check_mailbox_day_ir/frame_000300.png"", ""aligned_dataset/.frames_cache_ir/check_mailbox_split/Seg2/check_mailbox_day_ir/frame_000570.png"", ""aligned_dataset/.frames_cache_ir/check_mailbox_split/Seg2/check_mailbox_day_ir/frame_000870.png"", ""aligned_dataset/.frames_cache_ir/check_mailbox_split/Seg2/check_mailbox_night_ir/frame_000000.png"", ""aligned_dataset/.frames_cache_ir/check_mailbox_split/Seg2/check_mailbox_night_ir/frame_000300.png"", ""aligned_dataset/.frames_cache_ir/check_mailbox_split/Seg2/check_mailbox_night_ir/frame_000570.png"", ""aligned_dataset/.frames_cache_ir/check_mailbox_split/Seg2/check_mailbox_night_ir/frame_000870.png""]","{""max_new_tokens"": 128, ""do_sample"": false}",Forward.,1.904,ir,{},1.251,ir,Forward,models/qwen/Qwen3-VL-4B-Instruct,4,aligned_dataset/check_mailbox_split/Seg2/ir,4.764,qwen_vl,event__aligned_dataset_check_mailbox_split_seg2_check_mailbox_event__event_navigation__01__input_ir,What is the main direction of my movement in this corridor?,,event_navigation,event,aligned_dataset/check_mailbox_split/Seg2/check_mailbox_event,event__aligned_dataset_check_mailbox_split_seg2_check_mailbox_event__event_navigation__01,event_navigation,answered
2.86,4,True,8,"[""aligned_dataset/.frames_cache_ir/check_mailbox_split/Seg2/check_mailbox_day_ir/frame_000000.png"", ""aligned_dataset/.frames_cache_ir/check_mailbox_split/Seg2/check_mailbox_day_ir/frame_000300.png"", ""aligned_dataset/.frames_cache_ir/check_mailbox_split/Seg2/check_mailbox_day_ir/frame_000570.png"", ""aligned_dataset/.frames_cache_ir/check_mailbox_split/Seg2/check_mailbox_day_ir/frame_000870.png"", ""aligned_dataset/.frames_cache_ir/check_mailbox_split/Seg2/check_mailbox_night_ir/frame_000000.png"", ""aligned_dataset/.frames_cache_ir/check_mailbox_split/Seg2/check_mailbox_night_ir/frame_000300.png"", ""aligned_dataset/.frames_cache_ir/check_mailbox_split/Seg2/check_mailbox_night_ir/frame_000570.png"", ""aligned_dataset/.frames_cache_ir/check_mailbox_split/Seg2/check_mailbox_night_ir/frame_000870.png""]","{""max_new_tokens"": 128, ""do_sample"": false}",I am moving away from the ceiling light sources.,1.904,ir,{},1.2778,ir,approaching,models/qwen/Qwen3-VL-4B-Instruct,4,aligned_dataset/check_mailbox_split/Seg2/ir,4.764,qwen_vl,rgb__aligned_dataset_check_mailbox_split_seg2_check_mailbox_rgb__light_change__03__input_ir,Is the light source approaching me or am I moving away from it?,,light_change,rgb,aligned_dataset/check_mailbox_split/Seg2/check_mailbox_rgb,rgb__aligned_dataset_check_mailbox_split_seg2_check_mailbox_rgb__light_change__03,light_change,answered
2.86,4,True,8,"[""aligned_dataset/.frames_cache_ir/check_mailbox_split/Seg2/check_mailbox_day_ir/frame_000000.png"", ""aligned_dataset/.frames_cache_ir/check_mailbox_split/Seg2/check_mailbox_day_ir/frame_000300.png"", ""aligned_dataset/.frames_cache_ir/check_mailbox_split/Seg2/check_mailbox_day_ir/frame_000570.png"", ""aligned_dataset/.frames_cache_ir/check_mailbox_split/Seg2/check_mailbox_day_ir/frame_000870.png"", ""aligned_dataset/.frames_cache_ir/check_mailbox_split/Seg2/check_mailbox_night_ir/frame_000000.png"", ""aligned_dataset/.frames_cache_ir/check_mailbox_split/Seg2/check_mailbox_night_ir/frame_000300.png"", ""aligned_dataset/.frames_cache_ir/check_mailbox_split/Seg2/check_mailbox_night_ir/frame_000570.png"", ""aligned_dataset/.frames_cache_ir/check_mailbox_split/Seg2/check_mailbox_night_ir/frame_000870.png""]","{""max_new_tokens"": 128, ""do_sample"": false}",No.,1.904,ir,{},1.2519,ir,no,models/qwen/Qwen3-VL-4B-Instruct,4,aligned_dataset/check_mailbox_split/Seg2/ir,4.764,qwen_vl,event__aligned_dataset_check_mailbox_split_seg2_check_mailbox_event__event_dynamic_recognition__01__input_ir,Did any person or vehicle pass by while I was walking?,,event_dynamic_recognition,event,aligned_dataset/check_mailbox_split/Seg2/check_mailbox_event,event__aligned_dataset_check_mailbox_split_seg2_check_mailbox_event__event_dynamic_recognition__01,event_dynamic_recognition,answered
2.86,4,True,8,"[""aligned_dataset/.frames_cache_ir/check_mailbox_split/Seg2/check_mailbox_day_ir/frame_000000.png"", ""aligned_dataset/.frames_cache_ir/check_mailbox_split/Seg2/check_mailbox_day_ir/frame_000300.png"", ""aligned_dataset/.frames_cache_ir/check_mailbox_split/Seg2/check_mailbox_day_ir/frame_000570.png"", ""aligned_dataset/.frames_cache_ir/check_mailbox_split/Seg2/check_mailbox_day_ir/frame_000870.png"", ""aligned_dataset/.frames_cache_ir/check_mailbox_split/Seg2/check_mailbox_night_ir/frame_000000.png"", ""aligned_dataset/.frames_cache_ir/check_mailbox_split/Seg2/check_mailbox_night_ir/frame_000300.png"", ""aligned_dataset/.frames_cache_ir/check_mailbox_split/Seg2/check_mailbox_night_ir/frame_000570.png"", ""aligned_dataset/.frames_cache_ir/check_mailbox_split/Seg2/check_mailbox_night_ir/frame_000870.png""]","{""max_new_tokens"": 128, ""do_sample"": false}",Walking down the hall.,1.903,ir,{},1.2519,ir,walk,models/qwen/Qwen3-VL-4B-Instruct,4,aligned_dataset/check_mailbox_split/Seg2/ir,4.763,qwen_vl,event__aligned_dataset_check_mailbox_split_seg2_check_mailbox_event__event_action__01__input_ir,What is my primary action in this scene?,,event_action,event,aligned_dataset/check_mailbox_split/Seg2/check_mailbox_event,event__aligned_dataset_check_mailbox_split_seg2_check_mailbox_event__event_action__01,event_action,answered
2.86,4,True,8,"[""aligned_dataset/.frames_cache_ir/check_mailbox_split/Seg2/check_mailbox_day_ir/frame_000000.png"", ""aligned_dataset/.frames_cache_ir/check_mailbox_split/Seg2/check_mailbox_day_ir/frame_000300.png"", ""aligned_dataset/.frames_cache_ir/check_mailbox_split/Seg2/check_mailbox_day_ir/frame_000570.png"", ""aligned_dataset/.frames_cache_ir/check_mailbox_split/Seg2/check_mailbox_day_ir/frame_000870.png"", ""aligned_dataset/.frames_cache_ir/check_mailbox_split/Seg2/check_mailbox_night_ir/frame_000000.png"", ""aligned_dataset/.frames_cache_ir/check_mailbox_split/Seg2/check_mailbox_night_ir/frame_000300.png"", ""aligned_dataset/.frames_cache_ir/check_mailbox_split/Seg2/check_mailbox_night_ir/frame_000570.png"", ""aligned_dataset/.frames_cache_ir/check_mailbox_split/Seg2/check_mailbox_night_ir/frame_000870.png""]","{""max_new_tokens"": 128, ""do_sample"": false}","No, the light remains a consistent cool white from the interior and green from the exit sign.",1.904,ir,{},1.253,ir,No,models/qwen/Qwen3-VL-4B-Instruct,4,aligned_dataset/check_mailbox_split/Seg2/ir,4.763,qwen_vl,rgb__aligned_dataset_check_mailbox_split_seg2_check_mailbox_rgb__light_change__05__input_ir,Does the color of the light change during the video?,,light_change,rgb,aligned_dataset/check_mailbox_split/Seg2/check_mailbox_rgb,rgb__aligned_dataset_check_mailbox_split_seg2_check_mailbox_rgb__light_change__05,light_change,answered
2.86,4,True,8,"[""aligned_dataset/.frames_cache_ir/check_mailbox_split/Seg2/check_mailbox_day_ir/frame_000000.png"", ""aligned_dataset/.frames_cache_ir/check_mailbox_split/Seg2/check_mailbox_day_ir/frame_000300.png"", ""aligned_dataset/.frames_cache_ir/check_mailbox_split/Seg2/check_mailbox_day_ir/frame_000570.png"", ""aligned_dataset/.frames_cache_ir/check_mailbox_split/Seg2/check_mailbox_day_ir/frame_000870.png"", ""aligned_dataset/.frames_cache_ir/check_mailbox_split/Seg2/check_mailbox_night_ir/frame_000000.png"", ""aligned_dataset/.frames_cache_ir/check_mailbox_split/Seg2/check_mailbox_night_ir/frame_000300.png"", ""aligned_dataset/.frames_cache_ir/check_mailbox_split/Seg2/check_mailbox_night_ir/frame_000570.png"", ""aligned_dataset/.frames_cache_ir/check_mailbox_split/Seg2/check_mailbox_night_ir/frame_000870.png""]","{""max_new_tokens"": 128, ""do_sample"": false}",No.,1.904,ir,{},1.253,ir,No,models/qwen/Qwen3-VL-4B-Instruct,4,aligned_dataset/check_mailbox_split/Seg2/ir,4.764,qwen_vl,event__aligned_dataset_check_mailbox_split_seg2_check_mailbox_event__event_non_common__01__input_ir,Do I see any objects floating or moving in an impossible way?,,event_non_common,event,aligned_dataset/check_mailbox_split/Seg2/check_mailbox_event,event__aligned_dataset_check_mailbox_split_seg2_check_mailbox_event__event_non_common__01,event_non_common,answered
2.86,4,True,8,"[""aligned_dataset/.frames_cache_ir/check_mailbox_split/Seg2/check_mailbox_day_ir/frame_000000.png"", ""aligned_dataset/.frames_cache_ir/check_mailbox_split/Seg2/check_mailbox_day_ir/frame_000300.png"", ""aligned_dataset/.frames_cache_ir/check_mailbox_split/Seg2/check_mailbox_day_ir/frame_000570.png"", ""aligned_dataset/.frames_cache_ir/check_mailbox_split/Seg2/check_mailbox_day_ir/frame_000870.png"", ""aligned_dataset/.frames_cache_ir/check_mailbox_split/Seg2/check_mailbox_night_ir/frame_000000.png"", ""aligned_dataset/.frames_cache_ir/check_mailbox_split/Seg2/check_mailbox_night_ir/frame_000300.png"", ""aligned_dataset/.frames_cache_ir/check_mailbox_split/Seg2/check_mailbox_night_ir/frame_000570.png"", ""aligned_dataset/.frames_cache_ir/check_mailbox_split/Seg2/check_mailbox_night_ir/frame_000870.png""]","{""max_new_tokens"": 128, ""do_sample"": false}","No, although it gets very dark on the stairs, details are still visible.",1.904,ir,{},1.2501,ir,Yes,models/qwen/Qwen3-VL-4B-Instruct,4,aligned_dataset/check_mailbox_split/Seg2/ir,4.764,qwen_vl,rgb__aligned_dataset_check_mailbox_split_seg2_check_mailbox_rgb__light_change__06__input_ir,Is there a point where I enter a completely pitch-black area?,,light_change,rgb,aligned_dataset/check_mailbox_split/Seg2/check_mailbox_rgb,rgb__aligned_dataset_check_mailbox_split_seg2_check_mailbox_rgb__light_change__06,light_change,answered
2.86,4,True,8,"[""aligned_dataset/.frames_cache_ir/check_mailbox_split/Seg2/check_mailbox_day_ir/frame_000000.png"", ""aligned_dataset/.frames_cache_ir/check_mailbox_split/Seg2/check_mailbox_day_ir/frame_000300.png"", ""aligned_dataset/.frames_cache_ir/check_mailbox_split/Seg2/check_mailbox_day_ir/frame_000570.png"", ""aligned_dataset/.frames_cache_ir/check_mailbox_split/Seg2/check_mailbox_day_ir/frame_000870.png"", ""aligned_dataset/.frames_cache_ir/check_mailbox_split/Seg2/check_mailbox_night_ir/frame_000000.png"", ""aligned_dataset/.frames_cache_ir/check_mailbox_split/Seg2/check_mailbox_night_ir/frame_000300.png"", ""aligned_dataset/.frames_cache_ir/check_mailbox_split/Seg2/check_mailbox_night_ir/frame_000570.png"", ""aligned_dataset/.frames_cache_ir/check_mailbox_split/Seg2/check_mailbox_night_ir/frame_000870.png""]","{""max_new_tokens"": 128, ""do_sample"": false}",One.,1.903,ir,{},1.2515,ir,0,models/qwen/Qwen3-VL-4B-Instruct,4,aligned_dataset/check_mailbox_split/Seg2/ir,4.763,qwen_vl,rgb__aligned_dataset_check_mailbox_split_seg2_check_mailbox_rgb__counting__01__input_ir,How many orange trash bins are in the courtyard area?,,counting,rgb,aligned_dataset/check_mailbox_split/Seg2/check_mailbox_rgb,rgb__aligned_dataset_check_mailbox_split_seg2_check_mailbox_rgb__counting__01,counting,answered
2.86,4,False,8,"[""aligned_dataset/.frames_cache_ir/check_mailbox_split/Seg3/check_mailbox_day_ir/frame_000000.png"", ""aligned_dataset/.frames_cache_ir/check_mailbox_split/Seg3/check_mailbox_day_ir/frame_000300.png"", ""aligned_dataset/.frames_cache_ir/check_mailbox_split/Seg3/check_mailbox_day_ir/frame_000570.png"", ""aligned_dataset/.frames_cache_ir/check_mailbox_split/Seg3/check_mailbox_day_ir/frame_000870.png"", ""aligned_dataset/.frames_cache_ir/check_mailbox_split/Seg3/check_mailbox_night_ir/frame_000000.png"", ""aligned_dataset/.frames_cache_ir/check_mailbox_split/Seg3/check_mailbox_night_ir/frame_000300.png"", ""aligned_dataset/.frames_cache_ir/check_mailbox_split/Seg3/check_mailbox_night_ir/frame_000570.png"", ""aligned_dataset/.frames_cache_ir/check_mailbox_split/Seg3/check_mailbox_night_ir/frame_000870.png""]","{""max_new_tokens"": 128, ""do_sample"": false}",A balcony railing.,1.906,ir,{},1.3452,ir,Railing,models/qwen/Qwen3-VL-4B-Instruct,4,check_mailbox_split/Seg3/ir,4.766,qwen_vl,depth__check_mailbox_split_seg3_check_mailbox__depth_object_recognition__01__input_ir,What is the primary architectural feature located to the right side of the corridor that defines the boundary of the space?,,depth_object_recognition,depth,check_mailbox_split/Seg3/check_mailbox,depth__check_mailbox_split_seg3_check_mailbox__depth_object_recognition__01,depth_object_recognition,answered
2.86,4,True,8,"[""aligned_dataset/.frames_cache_ir/check_mailbox_split/Seg3/check_mailbox_day_ir/frame_000000.png"", ""aligned_dataset/.frames_cache_ir/check_mailbox_split/Seg3/check_mailbox_day_ir/frame_000300.png"", ""aligned_dataset/.frames_cache_ir/check_mailbox_split/Seg3/check_mailbox_day_ir/frame_000570.png"", ""aligned_dataset/.frames_cache_ir/check_mailbox_split/Seg3/check_mailbox_day_ir/frame_000870.png"", ""aligned_dataset/.frames_cache_ir/check_mailbox_split/Seg3/check_mailbox_night_ir/frame_000000.png"", ""aligned_dataset/.frames_cache_ir/check_mailbox_split/Seg3/check_mailbox_night_ir/frame_000300.png"", ""aligned_dataset/.frames_cache_ir/check_mailbox_split/Seg3/check_mailbox_night_ir/frame_000570.png"", ""aligned_dataset/.frames_cache_ir/check_mailbox_split/Seg3/check_mailbox_night_ir/frame_000870.png""]","{""max_new_tokens"": 128, ""do_sample"": false}","No, it is farther.",1.904,ir,{},1.2508,ir,No,models/qwen/Qwen3-VL-4B-Instruct,4,check_mailbox_split/Seg3/ir,4.764,qwen_vl,depth__check_mailbox_split_seg3_check_mailbox__depth_spatial_reasoning__01__input_ir,Is the staircase located closer to me than the balcony railing?,,depth_spatial_reasoning,depth,check_mailbox_split/Seg3/check_mailbox,depth__check_mailbox_split_seg3_check_mailbox__depth_spatial_reasoning__01,depth_spatial_reasoning,answered
2.86,4,True,8,"[""aligned_dataset/.frames_cache_ir/check_mailbox_split/Seg3/check_mailbox_day_ir/frame_000000.png"", ""aligned_dataset/.frames_cache_ir/check_mailbox_split/Seg3/check_mailbox_day_ir/frame_000300.png"", ""aligned_dataset/.frames_cache_ir/check_mailbox_split/Seg3/check_mailbox_day_ir/frame_000570.png"", ""aligned_dataset/.frames_cache_ir/check_mailbox_split/Seg3/check_mailbox_day_ir/frame_000870.png"", ""aligned_dataset/.frames_cache_ir/check_mailbox_split/Seg3/check_mailbox_night_ir/frame_000000.png"", ""aligned_dataset/.frames_cache_ir/check_mailbox_split/Seg3/check_mailbox_night_ir/frame_000300.png"", ""aligned_dataset/.frames_cache_ir/check_mailbox_split/Seg3/check_mailbox_night_ir/frame_000570.png"", ""aligned_dataset/.frames_cache_ir/check_mailbox_split/Seg3/check_mailbox_night_ir/frame_000870.png""]","{""max_new_tokens"": 128, ""do_sample"": false}",The stairwell and balcony.,1.905,ir,{},1.301,ir,staircase,models/qwen/Qwen3-VL-4B-Instruct,4,check_mailbox_split/Seg3/ir,4.764,qwen_vl,depth__check_mailbox_split_seg3_check_mailbox__depth_scene_sequence__01__input_ir,What structure do I pass immediately before entering the open area where cars are parked?,,depth_scene_sequence,depth,check_mailbox_split/Seg3/check_mailbox,depth__check_mailbox_split_seg3_check_mailbox__depth_scene_sequence__01,depth_scene_sequence,answered
2.86,4,True,8,"[""aligned_dataset/.frames_cache_ir/check_mailbox_split/Seg3/check_mailbox_day_ir/frame_000000.png"", ""aligned_dataset/.frames_cache_ir/check_mailbox_split/Seg3/check_mailbox_day_ir/frame_000300.png"", ""aligned_dataset/.frames_cache_ir/check_mailbox_split/Seg3/check_mailbox_day_ir/frame_000570.png"", ""aligned_dataset/.frames_cache_ir/check_mailbox_split/Seg3/check_mailbox_day_ir/frame_000870.png"", ""aligned_dataset/.frames_cache_ir/check_mailbox_split/Seg3/check_mailbox_night_ir/frame_000000.png"", ""aligned_dataset/.frames_cache_ir/check_mailbox_split/Seg3/check_mailbox_night_ir/frame_000300.png"", ""aligned_dataset/.frames_cache_ir/check_mailbox_split/Seg3/check_mailbox_night_ir/frame_000570.png"", ""aligned_dataset/.frames_cache_ir/check_mailbox_split/Seg3/check_mailbox_night_ir/frame_000870.png""]","{""max_new_tokens"": 128, ""do_sample"": false}",Two.,1.905,ir,{},1.2535,ir,0,models/qwen/Qwen3-VL-4B-Instruct,4,check_mailbox_split/Seg3/ir,4.764,qwen_vl,depth__check_mailbox_split_seg3_check_mailbox__depth_counting__01__input_ir,How many cars are visible in the parking area at the end of the sequence?,,depth_counting,depth,check_mailbox_split/Seg3/check_mailbox,depth__check_mailbox_split_seg3_check_mailbox__depth_counting__01,depth_counting,answered
2.86,4,True,8,"[""aligned_dataset/.frames_cache_ir/check_mailbox_split/Seg3/check_mailbox_day_ir/frame_000000.png"", ""aligned_dataset/.frames_cache_ir/check_mailbox_split/Seg3/check_mailbox_day_ir/frame_000300.png"", ""aligned_dataset/.frames_cache_ir/check_mailbox_split/Seg3/check_mailbox_day_ir/frame_000570.png"", ""aligned_dataset/.frames_cache_ir/check_mailbox_split/Seg3/check_mailbox_day_ir/frame_000870.png"", ""aligned_dataset/.frames_cache_ir/check_mailbox_split/Seg3/check_mailbox_night_ir/frame_000000.png"", ""aligned_dataset/.frames_cache_ir/check_mailbox_split/Seg3/check_mailbox_night_ir/frame_000300.png"", ""aligned_dataset/.frames_cache_ir/check_mailbox_split/Seg3/check_mailbox_night_ir/frame_000570.png"", ""aligned_dataset/.frames_cache_ir/check_mailbox_split/Seg3/check_mailbox_night_ir/frame_000870.png""]","{""max_new_tokens"": 128, ""do_sample"": false}",Zero.,1.903,ir,{},1.2498,ir,1,models/qwen/Qwen3-VL-4B-Instruct,4,check_mailbox_split/Seg3/ir,4.763,qwen_vl,depth__check_mailbox_split_seg3_check_mailbox__depth_dynamic_counting__01__input_ir,How many people walk past me during the sequence?,,depth_dynamic_counting,depth,check_mailbox_split/Seg3/check_mailbox,depth__check_mailbox_split_seg3_check_mailbox__depth_dynamic_counting__01,depth_dynamic_counting,answered
2.86,4,True,8,"[""aligned_dataset/.frames_cache_ir/check_mailbox_split/Seg3/check_mailbox_day_ir/frame_000000.png"", ""aligned_dataset/.frames_cache_ir/check_mailbox_split/Seg3/check_mailbox_day_ir/frame_000300.png"", ""aligned_dataset/.frames_cache_ir/check_mailbox_split/Seg3/check_mailbox_day_ir/frame_000570.png"", ""aligned_dataset/.frames_cache_ir/check_mailbox_split/Seg3/check_mailbox_day_ir/frame_000870.png"", ""aligned_dataset/.frames_cache_ir/check_mailbox_split/Seg3/check_mailbox_night_ir/frame_000000.png"", ""aligned_dataset/.frames_cache_ir/check_mailbox_split/Seg3/check_mailbox_night_ir/frame_000300.png"", ""aligned_dataset/.frames_cache_ir/check_mailbox_split/Seg3/check_mailbox_night_ir/frame_000570.png"", ""aligned_dataset/.frames_cache_ir/check_mailbox_split/Seg3/check_mailbox_night_ir/frame_000870.png""]","{""max_new_tokens"": 128, ""do_sample"": false}",It leads to an open area.,1.905,ir,{},1.284,ir,dead-end,models/qwen/Qwen3-VL-4B-Instruct,4,check_mailbox_split/Seg3/ir,4.765,qwen_vl,depth__check_mailbox_split_seg3_check_mailbox__depth_navigation__01__input_ir,Is the current path I am following a dead-end or does it lead to an open area?,,depth_navigation,depth,check_mailbox_split/Seg3/check_mailbox,depth__check_mailbox_split_seg3_check_mailbox__depth_navigation__01,depth_navigation,answered
2.86,4,True,8,"[""aligned_dataset/.frames_cache_ir/check_mailbox_split/Seg3/check_mailbox_day_ir/frame_000000.png"", ""aligned_dataset/.frames_cache_ir/check_mailbox_split/Seg3/check_mailbox_day_ir/frame_000300.png"", ""aligned_dataset/.frames_cache_ir/check_mailbox_split/Seg3/check_mailbox_day_ir/frame_000570.png"", ""aligned_dataset/.frames_cache_ir/check_mailbox_split/Seg3/check_mailbox_day_ir/frame_000870.png"", ""aligned_dataset/.frames_cache_ir/check_mailbox_split/Seg3/check_mailbox_night_ir/frame_000000.png"", ""aligned_dataset/.frames_cache_ir/check_mailbox_split/Seg3/check_mailbox_night_ir/frame_000300.png"", ""aligned_dataset/.frames_cache_ir/check_mailbox_split/Seg3/check_mailbox_night_ir/frame_000570.png"", ""aligned_dataset/.frames_cache_ir/check_mailbox_split/Seg3/check_mailbox_night_ir/frame_000870.png""]","{""max_new_tokens"": 128, ""do_sample"": false}",Moving forward.,1.904,ir,{},1.2515,ir,walking,models/qwen/Qwen3-VL-4B-Instruct,4,check_mailbox_split/Seg3/ir,4.763,qwen_vl,depth__check_mailbox_split_seg3_check_mailbox__depth_action__01__input_ir,What is the primary action I am performing as the camera moves?,,depth_action,depth,check_mailbox_split/Seg3/check_mailbox,depth__check_mailbox_split_seg3_check_mailbox__depth_action__01,depth_action,answered
2.86,4,True,8,"[""aligned_dataset/.frames_cache_ir/check_mailbox_split/Seg3/check_mailbox_day_ir/frame_000000.png"", ""aligned_dataset/.frames_cache_ir/check_mailbox_split/Seg3/check_mailbox_day_ir/frame_000300.png"", ""aligned_dataset/.frames_cache_ir/check_mailbox_split/Seg3/check_mailbox_day_ir/frame_000570.png"", ""aligned_dataset/.frames_cache_ir/check_mailbox_split/Seg3/check_mailbox_day_ir/frame_000870.png"", ""aligned_dataset/.frames_cache_ir/check_mailbox_split/Seg3/check_mailbox_night_ir/frame_000000.png"", ""aligned_dataset/.frames_cache_ir/check_mailbox_split/Seg3/check_mailbox_night_ir/frame_000300.png"", ""aligned_dataset/.frames_cache_ir/check_mailbox_split/Seg3/check_mailbox_night_ir/frame_000570.png"", ""aligned_dataset/.frames_cache_ir/check_mailbox_split/Seg3/check_mailbox_night_ir/frame_000870.png""]","{""max_new_tokens"": 128, ""do_sample"": false}",No.,1.904,ir,{},1.252,ir,No,models/qwen/Qwen3-VL-4B-Instruct,4,check_mailbox_split/Seg3/ir,4.764,qwen_vl,depth__check_mailbox_split_seg3_check_mailbox__depth_non_common__01__input_ir,Are there any floating objects or depth artifacts visible in the corridor walls?,,depth_non_common,depth,check_mailbox_split/Seg3/check_mailbox,depth__check_mailbox_split_seg3_check_mailbox__depth_non_common__01,depth_non_common,answered
2.86,4,True,8,"[""aligned_dataset/.frames_cache_ir/check_mailbox_split/Seg3/check_mailbox_day_ir/frame_000000.png"", ""aligned_dataset/.frames_cache_ir/check_mailbox_split/Seg3/check_mailbox_day_ir/frame_000300.png"", ""aligned_dataset/.frames_cache_ir/check_mailbox_split/Seg3/check_mailbox_day_ir/frame_000570.png"", ""aligned_dataset/.frames_cache_ir/check_mailbox_split/Seg3/check_mailbox_day_ir/frame_000870.png"", ""aligned_dataset/.frames_cache_ir/check_mailbox_split/Seg3/check_mailbox_night_ir/frame_000000.png"", ""aligned_dataset/.frames_cache_ir/check_mailbox_split/Seg3/check_mailbox_night_ir/frame_000300.png"", ""aligned_dataset/.frames_cache_ir/check_mailbox_split/Seg3/check_mailbox_night_ir/frame_000570.png"", ""aligned_dataset/.frames_cache_ir/check_mailbox_split/Seg3/check_mailbox_night_ir/frame_000870.png""]","{""max_new_tokens"": 128, ""do_sample"": false}",Mailboxes.,1.905,ir,{},1.5592,ir,There is no object with numerical labels visible in the provided frames.,models/qwen/Qwen3-VL-4B-Instruct,4,aligned_dataset/check_mailbox_split/Seg3/ir,4.765,qwen_vl,event__aligned_dataset_check_mailbox_split_seg3_check_mailbox_event__event_object_recognition__01__input_ir,What object with numerical labels do I pass on the right wall inside the building?,,event_object_recognition,event,aligned_dataset/check_mailbox_split/Seg3/check_mailbox_event,event__aligned_dataset_check_mailbox_split_seg3_check_mailbox_event__event_object_recognition__01,event_object_recognition,answered
2.86,4,True,8,"[""aligned_dataset/.frames_cache_ir/check_mailbox_split/Seg3/check_mailbox_day_ir/frame_000000.png"", ""aligned_dataset/.frames_cache_ir/check_mailbox_split/Seg3/check_mailbox_day_ir/frame_000300.png"", ""aligned_dataset/.frames_cache_ir/check_mailbox_split/Seg3/check_mailbox_day_ir/frame_000570.png"", ""aligned_dataset/.frames_cache_ir/check_mailbox_split/Seg3/check_mailbox_day_ir/frame_000870.png"", ""aligned_dataset/.frames_cache_ir/check_mailbox_split/Seg3/check_mailbox_night_ir/frame_000000.png"", ""aligned_dataset/.frames_cache_ir/check_mailbox_split/Seg3/check_mailbox_night_ir/frame_000300.png"", ""aligned_dataset/.frames_cache_ir/check_mailbox_split/Seg3/check_mailbox_night_ir/frame_000570.png"", ""aligned_dataset/.frames_cache_ir/check_mailbox_split/Seg3/check_mailbox_night_ir/frame_000870.png""]","{""max_new_tokens"": 128, ""do_sample"": false}",Outside.,1.905,ir,{},1.2579,ir,outside,models/qwen/Qwen3-VL-4B-Instruct,4,aligned_dataset/check_mailbox_split/Seg3/ir,4.765,qwen_vl,event__aligned_dataset_check_mailbox_split_seg3_check_mailbox_event__event_spatial_reasoning__01__input_ir,Is the parked car located inside or outside the building relative to my path?,,event_spatial_reasoning,event,aligned_dataset/check_mailbox_split/Seg3/check_mailbox_event,event__aligned_dataset_check_mailbox_split_seg3_check_mailbox_event__event_spatial_reasoning__01,event_spatial_reasoning,answered
2.86,4,True,8,"[""aligned_dataset/.frames_cache_ir/check_mailbox_split/Seg3/check_mailbox_day_ir/frame_000000.png"", ""aligned_dataset/.frames_cache_ir/check_mailbox_split/Seg3/check_mailbox_day_ir/frame_000300.png"", ""aligned_dataset/.frames_cache_ir/check_mailbox_split/Seg3/check_mailbox_day_ir/frame_000570.png"", ""aligned_dataset/.frames_cache_ir/check_mailbox_split/Seg3/check_mailbox_day_ir/frame_000870.png"", ""aligned_dataset/.frames_cache_ir/check_mailbox_split/Seg3/check_mailbox_night_ir/frame_000000.png"", ""aligned_dataset/.frames_cache_ir/check_mailbox_split/Seg3/check_mailbox_night_ir/frame_000300.png"", ""aligned_dataset/.frames_cache_ir/check_mailbox_split/Seg3/check_mailbox_night_ir/frame_000570.png"", ""aligned_dataset/.frames_cache_ir/check_mailbox_split/Seg3/check_mailbox_night_ir/frame_000870.png""]","{""max_new_tokens"": 128, ""do_sample"": false}",Entering an indoor hallway.,1.905,ir,{},1.4562,ir,I enter a building through a glass door.,models/qwen/Qwen3-VL-4B-Instruct,4,aligned_dataset/check_mailbox_split/Seg3/ir,4.764,qwen_vl,event__aligned_dataset_check_mailbox_split_seg3_check_mailbox_event__event_scene_sequence__01__input_ir,What scene change occurs immediately after I move along the outdoor walkway?,,event_scene_sequence,event,aligned_dataset/check_mailbox_split/Seg3/check_mailbox_event,event__aligned_dataset_check_mailbox_split_seg3_check_mailbox_event__event_scene_sequence__01,event_scene_sequence,answered
2.86,4,False,8,"[""aligned_dataset/.frames_cache_ir/check_mailbox_split/Seg4/check_mailbox_day_ir/frame_000000.png"", ""aligned_dataset/.frames_cache_ir/check_mailbox_split/Seg4/check_mailbox_day_ir/frame_000300.png"", ""aligned_dataset/.frames_cache_ir/check_mailbox_split/Seg4/check_mailbox_day_ir/frame_000570.png"", ""aligned_dataset/.frames_cache_ir/check_mailbox_split/Seg4/check_mailbox_day_ir/frame_000870.png"", ""aligned_dataset/.frames_cache_ir/check_mailbox_split/Seg4/check_mailbox_night_ir/frame_000000.png"", ""aligned_dataset/.frames_cache_ir/check_mailbox_split/Seg4/check_mailbox_night_ir/frame_000300.png"", ""aligned_dataset/.frames_cache_ir/check_mailbox_split/Seg4/check_mailbox_night_ir/frame_000570.png"", ""aligned_dataset/.frames_cache_ir/check_mailbox_split/Seg4/check_mailbox_night_ir/frame_000870.png""]","{""max_new_tokens"": 128, ""do_sample"": false}",Rectangular.,1.905,ir,{},1.3493,ir,rectangular,models/qwen/Qwen3-VL-4B-Instruct,4,check_mailbox_split/Seg4/ir,4.765,qwen_vl,depth__check_mailbox_split_seg4_check_mailbox__depth_object_recognition__01__input_ir,What is the 3D shape of the mailbox slots seen at the end of the video?,,depth_object_recognition,depth,check_mailbox_split/Seg4/check_mailbox,depth__check_mailbox_split_seg4_check_mailbox__depth_object_recognition__01,depth_object_recognition,answered
2.86,4,True,8,"[""aligned_dataset/.frames_cache_ir/check_mailbox_split/Seg4/check_mailbox_day_ir/frame_000000.png"", ""aligned_dataset/.frames_cache_ir/check_mailbox_split/Seg4/check_mailbox_day_ir/frame_000300.png"", ""aligned_dataset/.frames_cache_ir/check_mailbox_split/Seg4/check_mailbox_day_ir/frame_000570.png"", ""aligned_dataset/.frames_cache_ir/check_mailbox_split/Seg4/check_mailbox_day_ir/frame_000870.png"", ""aligned_dataset/.frames_cache_ir/check_mailbox_split/Seg4/check_mailbox_night_ir/frame_000000.png"", ""aligned_dataset/.frames_cache_ir/check_mailbox_split/Seg4/check_mailbox_night_ir/frame_000300.png"", ""aligned_dataset/.frames_cache_ir/check_mailbox_split/Seg4/check_mailbox_night_ir/frame_000570.png"", ""aligned_dataset/.frames_cache_ir/check_mailbox_split/Seg4/check_mailbox_night_ir/frame_000870.png""]","{""max_new_tokens"": 128, ""do_sample"": false}",Right.,1.905,ir,{},1.2589,ir,right,models/qwen/Qwen3-VL-4B-Instruct,4,check_mailbox_split/Seg4/ir,4.765,qwen_vl,depth__check_mailbox_split_seg4_check_mailbox__depth_spatial_reasoning__01__input_ir,"As I walk toward the mailboxes, is the staircase on my left or my right?",,depth_spatial_reasoning,depth,check_mailbox_split/Seg4/check_mailbox,depth__check_mailbox_split_seg4_check_mailbox__depth_spatial_reasoning__01,depth_spatial_reasoning,answered
2.86,4,True,8,"[""aligned_dataset/.frames_cache_ir/check_mailbox_split/Seg4/check_mailbox_day_ir/frame_000000.png"", ""aligned_dataset/.frames_cache_ir/check_mailbox_split/Seg4/check_mailbox_day_ir/frame_000300.png"", ""aligned_dataset/.frames_cache_ir/check_mailbox_split/Seg4/check_mailbox_day_ir/frame_000570.png"", ""aligned_dataset/.frames_cache_ir/check_mailbox_split/Seg4/check_mailbox_day_ir/frame_000870.png"", ""aligned_dataset/.frames_cache_ir/check_mailbox_split/Seg4/check_mailbox_night_ir/frame_000000.png"", ""aligned_dataset/.frames_cache_ir/check_mailbox_split/Seg4/check_mailbox_night_ir/frame_000300.png"", ""aligned_dataset/.frames_cache_ir/check_mailbox_split/Seg4/check_mailbox_night_ir/frame_000570.png"", ""aligned_dataset/.frames_cache_ir/check_mailbox_split/Seg4/check_mailbox_night_ir/frame_000870.png""]","{""max_new_tokens"": 128, ""do_sample"": false}",Outdoors.,1.904,ir,{},1.3847,ir,In the hallway with mailboxes,models/qwen/Qwen3-VL-4B-Instruct,4,check_mailbox_split/Seg4/ir,4.763,qwen_vl,depth__check_mailbox_split_seg4_check_mailbox__depth_scene_sequence__01__input_ir,Where am I between passing through the first and second doorway?,,depth_scene_sequence,depth,check_mailbox_split/Seg4/check_mailbox,depth__check_mailbox_split_seg4_check_mailbox__depth_scene_sequence__01,depth_scene_sequence,answered
2.86,4,True,8,"[""aligned_dataset/.frames_cache_ir/check_mailbox_split/Seg4/check_mailbox_day_ir/frame_000000.png"", ""aligned_dataset/.frames_cache_ir/check_mailbox_split/Seg4/check_mailbox_day_ir/frame_000300.png"", ""aligned_dataset/.frames_cache_ir/check_mailbox_split/Seg4/check_mailbox_day_ir/frame_000570.png"", ""aligned_dataset/.frames_cache_ir/check_mailbox_split/Seg4/check_mailbox_day_ir/frame_000870.png"", ""aligned_dataset/.frames_cache_ir/check_mailbox_split/Seg4/check_mailbox_night_ir/frame_000000.png"", ""aligned_dataset/.frames_cache_ir/check_mailbox_split/Seg4/check_mailbox_night_ir/frame_000300.png"", ""aligned_dataset/.frames_cache_ir/check_mailbox_split/Seg4/check_mailbox_night_ir/frame_000570.png"", ""aligned_dataset/.frames_cache_ir/check_mailbox_split/Seg4/check_mailbox_night_ir/frame_000870.png""]","{""max_new_tokens"": 128, ""do_sample"": false}",One.,1.903,ir,{},1.2547,ir,1,models/qwen/Qwen3-VL-4B-Instruct,4,check_mailbox_split/Seg4/ir,4.763,qwen_vl,depth__check_mailbox_split_seg4_check_mailbox__depth_counting__01__input_ir,How many people are walking in the distance?,,depth_counting,depth,check_mailbox_split/Seg4/check_mailbox,depth__check_mailbox_split_seg4_check_mailbox__depth_counting__01,depth_counting,answered
2.86,4,True,8,"[""aligned_dataset/.frames_cache_ir/check_mailbox_split/Seg4/check_mailbox_day_ir/frame_000000.png"", ""aligned_dataset/.frames_cache_ir/check_mailbox_split/Seg4/check_mailbox_day_ir/frame_000300.png"", ""aligned_dataset/.frames_cache_ir/check_mailbox_split/Seg4/check_mailbox_day_ir/frame_000570.png"", ""aligned_dataset/.frames_cache_ir/check_mailbox_split/Seg4/check_mailbox_day_ir/frame_000870.png"", ""aligned_dataset/.frames_cache_ir/check_mailbox_split/Seg4/check_mailbox_night_ir/frame_000000.png"", ""aligned_dataset/.frames_cache_ir/check_mailbox_split/Seg4/check_mailbox_night_ir/frame_000300.png"", ""aligned_dataset/.frames_cache_ir/check_mailbox_split/Seg4/check_mailbox_night_ir/frame_000570.png"", ""aligned_dataset/.frames_cache_ir/check_mailbox_split/Seg4/check_mailbox_night_ir/frame_000870.png""]","{""max_new_tokens"": 128, ""do_sample"": false}",One.,1.903,ir,{},1.2581,ir,1,models/qwen/Qwen3-VL-4B-Instruct,4,check_mailbox_split/Seg4/ir,4.762,qwen_vl,depth__check_mailbox_split_seg4_check_mailbox__depth_counting__02__input_ir,How many staircases are visible?,,depth_counting,depth,check_mailbox_split/Seg4/check_mailbox,depth__check_mailbox_split_seg4_check_mailbox__depth_counting__02,depth_counting,answered
2.86,4,True,8,"[""aligned_dataset/.frames_cache_ir/check_mailbox_split/Seg4/check_mailbox_day_ir/frame_000000.png"", ""aligned_dataset/.frames_cache_ir/check_mailbox_split/Seg4/check_mailbox_day_ir/frame_000300.png"", ""aligned_dataset/.frames_cache_ir/check_mailbox_split/Seg4/check_mailbox_day_ir/frame_000570.png"", ""aligned_dataset/.frames_cache_ir/check_mailbox_split/Seg4/check_mailbox_day_ir/frame_000870.png"", ""aligned_dataset/.frames_cache_ir/check_mailbox_split/Seg4/check_mailbox_night_ir/frame_000000.png"", ""aligned_dataset/.frames_cache_ir/check_mailbox_split/Seg4/check_mailbox_night_ir/frame_000300.png"", ""aligned_dataset/.frames_cache_ir/check_mailbox_split/Seg4/check_mailbox_night_ir/frame_000570.png"", ""aligned_dataset/.frames_cache_ir/check_mailbox_split/Seg4/check_mailbox_night_ir/frame_000870.png""]","{""max_new_tokens"": 128, ""do_sample"": false}",One.,1.903,ir,{},1.2518,ir,1,models/qwen/Qwen3-VL-4B-Instruct,4,check_mailbox_split/Seg4/ir,4.763,qwen_vl,depth__check_mailbox_split_seg4_check_mailbox__depth_counting__05__input_ir,How many distinct outdoor garden areas do I visit?,,depth_counting,depth,check_mailbox_split/Seg4/check_mailbox,depth__check_mailbox_split_seg4_check_mailbox__depth_counting__05,depth_counting,answered
2.86,4,True,8,"[""aligned_dataset/.frames_cache_ir/check_mailbox_split/Seg4/check_mailbox_day_ir/frame_000000.png"", ""aligned_dataset/.frames_cache_ir/check_mailbox_split/Seg4/check_mailbox_day_ir/frame_000300.png"", ""aligned_dataset/.frames_cache_ir/check_mailbox_split/Seg4/check_mailbox_day_ir/frame_000570.png"", ""aligned_dataset/.frames_cache_ir/check_mailbox_split/Seg4/check_mailbox_day_ir/frame_000870.png"", ""aligned_dataset/.frames_cache_ir/check_mailbox_split/Seg4/check_mailbox_night_ir/frame_000000.png"", ""aligned_dataset/.frames_cache_ir/check_mailbox_split/Seg4/check_mailbox_night_ir/frame_000300.png"", ""aligned_dataset/.frames_cache_ir/check_mailbox_split/Seg4/check_mailbox_night_ir/frame_000570.png"", ""aligned_dataset/.frames_cache_ir/check_mailbox_split/Seg4/check_mailbox_night_ir/frame_000870.png""]","{""max_new_tokens"": 128, ""do_sample"": false}",Two.,1.903,ir,{},1.2579,ir,2,models/qwen/Qwen3-VL-4B-Instruct,4,check_mailbox_split/Seg4/ir,4.763,qwen_vl,depth__check_mailbox_split_seg4_check_mailbox__depth_counting__06__input_ir,How many times do I pass through a doorway transition?,,depth_counting,depth,check_mailbox_split/Seg4/check_mailbox,depth__check_mailbox_split_seg4_check_mailbox__depth_counting__06,depth_counting,answered
2.86,4,True,8,"[""aligned_dataset/.frames_cache_ir/check_mailbox_split/Seg4/check_mailbox_day_ir/frame_000000.png"", ""aligned_dataset/.frames_cache_ir/check_mailbox_split/Seg4/check_mailbox_day_ir/frame_000300.png"", ""aligned_dataset/.frames_cache_ir/check_mailbox_split/Seg4/check_mailbox_day_ir/frame_000570.png"", ""aligned_dataset/.frames_cache_ir/check_mailbox_split/Seg4/check_mailbox_day_ir/frame_000870.png"", ""aligned_dataset/.frames_cache_ir/check_mailbox_split/Seg4/check_mailbox_night_ir/frame_000000.png"", ""aligned_dataset/.frames_cache_ir/check_mailbox_split/Seg4/check_mailbox_night_ir/frame_000300.png"", ""aligned_dataset/.frames_cache_ir/check_mailbox_split/Seg4/check_mailbox_night_ir/frame_000570.png"", ""aligned_dataset/.frames_cache_ir/check_mailbox_split/Seg4/check_mailbox_night_ir/frame_000870.png""]","{""max_new_tokens"": 128, ""do_sample"": false}",One.,1.903,ir,{},1.2515,ir,1,models/qwen/Qwen3-VL-4B-Instruct,4,check_mailbox_split/Seg4/ir,4.763,qwen_vl,depth__check_mailbox_split_seg4_check_mailbox__depth_counting__07__input_ir,How many human figures appear in the building hallways?,,depth_counting,depth,check_mailbox_split/Seg4/check_mailbox,depth__check_mailbox_split_seg4_check_mailbox__depth_counting__07,depth_counting,answered
2.86,4,True,8,"[""aligned_dataset/.frames_cache_ir/check_mailbox_split/Seg4/check_mailbox_day_ir/frame_000000.png"", ""aligned_dataset/.frames_cache_ir/check_mailbox_split/Seg4/check_mailbox_day_ir/frame_000300.png"", ""aligned_dataset/.frames_cache_ir/check_mailbox_split/Seg4/check_mailbox_day_ir/frame_000570.png"", ""aligned_dataset/.frames_cache_ir/check_mailbox_split/Seg4/check_mailbox_day_ir/frame_000870.png"", ""aligned_dataset/.frames_cache_ir/check_mailbox_split/Seg4/check_mailbox_night_ir/frame_000000.png"", ""aligned_dataset/.frames_cache_ir/check_mailbox_split/Seg4/check_mailbox_night_ir/frame_000300.png"", ""aligned_dataset/.frames_cache_ir/check_mailbox_split/Seg4/check_mailbox_night_ir/frame_000570.png"", ""aligned_dataset/.frames_cache_ir/check_mailbox_split/Seg4/check_mailbox_night_ir/frame_000870.png""]","{""max_new_tokens"": 128, ""do_sample"": false}",Zero.,1.903,ir,{},1.2575,ir,1,models/qwen/Qwen3-VL-4B-Instruct,4,check_mailbox_split/Seg4/ir,4.763,qwen_vl,depth__check_mailbox_split_seg4_check_mailbox__depth_dynamic_counting__01__input_ir,How many people approach me from the front?,,depth_dynamic_counting,depth,check_mailbox_split/Seg4/check_mailbox,depth__check_mailbox_split_seg4_check_mailbox__depth_dynamic_counting__01,depth_dynamic_counting,answered
2.86,4,True,8,"[""aligned_dataset/.frames_cache_ir/check_mailbox_split/Seg4/check_mailbox_day_ir/frame_000000.png"", ""aligned_dataset/.frames_cache_ir/check_mailbox_split/Seg4/check_mailbox_day_ir/frame_000300.png"", ""aligned_dataset/.frames_cache_ir/check_mailbox_split/Seg4/check_mailbox_day_ir/frame_000570.png"", ""aligned_dataset/.frames_cache_ir/check_mailbox_split/Seg4/check_mailbox_day_ir/frame_000870.png"", ""aligned_dataset/.frames_cache_ir/check_mailbox_split/Seg4/check_mailbox_night_ir/frame_000000.png"", ""aligned_dataset/.frames_cache_ir/check_mailbox_split/Seg4/check_mailbox_night_ir/frame_000300.png"", ""aligned_dataset/.frames_cache_ir/check_mailbox_split/Seg4/check_mailbox_night_ir/frame_000570.png"", ""aligned_dataset/.frames_cache_ir/check_mailbox_split/Seg4/check_mailbox_night_ir/frame_000870.png""]","{""max_new_tokens"": 128, ""do_sample"": false}",One.,1.903,ir,{},1.2521,ir,0,models/qwen/Qwen3-VL-4B-Instruct,4,check_mailbox_split/Seg4/ir,4.763,qwen_vl,depth__check_mailbox_split_seg4_check_mailbox__depth_dynamic_counting__02__input_ir,How many people do I see walking away?,,depth_dynamic_counting,depth,check_mailbox_split/Seg4/check_mailbox,depth__check_mailbox_split_seg4_check_mailbox__depth_dynamic_counting__02,depth_dynamic_counting,answered
2.86,4,True,8,"[""aligned_dataset/.frames_cache_ir/check_mailbox_split/Seg4/check_mailbox_day_ir/frame_000000.png"", ""aligned_dataset/.frames_cache_ir/check_mailbox_split/Seg4/check_mailbox_day_ir/frame_000300.png"", ""aligned_dataset/.frames_cache_ir/check_mailbox_split/Seg4/check_mailbox_day_ir/frame_000570.png"", ""aligned_dataset/.frames_cache_ir/check_mailbox_split/Seg4/check_mailbox_day_ir/frame_000870.png"", ""aligned_dataset/.frames_cache_ir/check_mailbox_split/Seg4/check_mailbox_night_ir/frame_000000.png"", ""aligned_dataset/.frames_cache_ir/check_mailbox_split/Seg4/check_mailbox_night_ir/frame_000300.png"", ""aligned_dataset/.frames_cache_ir/check_mailbox_split/Seg4/check_mailbox_night_ir/frame_000570.png"", ""aligned_dataset/.frames_cache_ir/check_mailbox_split/Seg4/check_mailbox_night_ir/frame_000870.png""]","{""max_new_tokens"": 128, ""do_sample"": false}",Zero.,1.903,ir,{},1.2516,ir,0,models/qwen/Qwen3-VL-4B-Instruct,4,check_mailbox_split/Seg4/ir,4.763,qwen_vl,depth__check_mailbox_split_seg4_check_mailbox__depth_dynamic_counting__03__input_ir,How many vehicles are moving in the scene?,,depth_dynamic_counting,depth,check_mailbox_split/Seg4/check_mailbox,depth__check_mailbox_split_seg4_check_mailbox__depth_dynamic_counting__03,depth_dynamic_counting,answered
2.86,4,True,8,"[""aligned_dataset/.frames_cache_ir/check_mailbox_split/Seg4/check_mailbox_day_ir/frame_000000.png"", ""aligned_dataset/.frames_cache_ir/check_mailbox_split/Seg4/check_mailbox_day_ir/frame_000300.png"", ""aligned_dataset/.frames_cache_ir/check_mailbox_split/Seg4/check_mailbox_day_ir/frame_000570.png"", ""aligned_dataset/.frames_cache_ir/check_mailbox_split/Seg4/check_mailbox_day_ir/frame_000870.png"", ""aligned_dataset/.frames_cache_ir/check_mailbox_split/Seg4/check_mailbox_night_ir/frame_000000.png"", ""aligned_dataset/.frames_cache_ir/check_mailbox_split/Seg4/check_mailbox_night_ir/frame_000300.png"", ""aligned_dataset/.frames_cache_ir/check_mailbox_split/Seg4/check_mailbox_night_ir/frame_000570.png"", ""aligned_dataset/.frames_cache_ir/check_mailbox_split/Seg4/check_mailbox_night_ir/frame_000870.png""]","{""max_new_tokens"": 128, ""do_sample"": false}",Zero.,1.903,ir,{},1.2499,ir,1,models/qwen/Qwen3-VL-4B-Instruct,4,check_mailbox_split/Seg4/ir,4.763,qwen_vl,depth__check_mailbox_split_seg4_check_mailbox__depth_dynamic_counting__05__input_ir,How many moving objects pass me on the left?,,depth_dynamic_counting,depth,check_mailbox_split/Seg4/check_mailbox,depth__check_mailbox_split_seg4_check_mailbox__depth_dynamic_counting__05,depth_dynamic_counting,answered
2.86,4,True,8,"[""aligned_dataset/.frames_cache_ir/check_mailbox_split/Seg4/check_mailbox_day_ir/frame_000000.png"", ""aligned_dataset/.frames_cache_ir/check_mailbox_split/Seg4/check_mailbox_day_ir/frame_000300.png"", ""aligned_dataset/.frames_cache_ir/check_mailbox_split/Seg4/check_mailbox_day_ir/frame_000570.png"", ""aligned_dataset/.frames_cache_ir/check_mailbox_split/Seg4/check_mailbox_day_ir/frame_000870.png"", ""aligned_dataset/.frames_cache_ir/check_mailbox_split/Seg4/check_mailbox_night_ir/frame_000000.png"", ""aligned_dataset/.frames_cache_ir/check_mailbox_split/Seg4/check_mailbox_night_ir/frame_000300.png"", ""aligned_dataset/.frames_cache_ir/check_mailbox_split/Seg4/check_mailbox_night_ir/frame_000570.png"", ""aligned_dataset/.frames_cache_ir/check_mailbox_split/Seg4/check_mailbox_night_ir/frame_000870.png""]","{""max_new_tokens"": 128, ""do_sample"": false}",One.,1.903,ir,{},1.2536,ir,1,models/qwen/Qwen3-VL-4B-Instruct,4,check_mailbox_split/Seg4/ir,4.763,qwen_vl,depth__check_mailbox_split_seg4_check_mailbox__depth_dynamic_counting__06__input_ir,How many dynamic entities appear in the outdoor section?,,depth_dynamic_counting,depth,check_mailbox_split/Seg4/check_mailbox,depth__check_mailbox_split_seg4_check_mailbox__depth_dynamic_counting__06,depth_dynamic_counting,answered
2.86,4,True,8,"[""aligned_dataset/.frames_cache_ir/check_mailbox_split/Seg4/check_mailbox_day_ir/frame_000000.png"", ""aligned_dataset/.frames_cache_ir/check_mailbox_split/Seg4/check_mailbox_day_ir/frame_000300.png"", ""aligned_dataset/.frames_cache_ir/check_mailbox_split/Seg4/check_mailbox_day_ir/frame_000570.png"", ""aligned_dataset/.frames_cache_ir/check_mailbox_split/Seg4/check_mailbox_day_ir/frame_000870.png"", ""aligned_dataset/.frames_cache_ir/check_mailbox_split/Seg4/check_mailbox_night_ir/frame_000000.png"", ""aligned_dataset/.frames_cache_ir/check_mailbox_split/Seg4/check_mailbox_night_ir/frame_000300.png"", ""aligned_dataset/.frames_cache_ir/check_mailbox_split/Seg4/check_mailbox_night_ir/frame_000570.png"", ""aligned_dataset/.frames_cache_ir/check_mailbox_split/Seg4/check_mailbox_night_ir/frame_000870.png""]","{""max_new_tokens"": 128, ""do_sample"": false}",One.,1.904,ir,{},1.2538,ir,1,models/qwen/Qwen3-VL-4B-Instruct,4,check_mailbox_split/Seg4/ir,4.763,qwen_vl,depth__check_mailbox_split_seg4_check_mailbox__depth_dynamic_counting__08__input_ir,How many human figures are seen throughout the entire sequence?,,depth_dynamic_counting,depth,check_mailbox_split/Seg4/check_mailbox,depth__check_mailbox_split_seg4_check_mailbox__depth_dynamic_counting__08,depth_dynamic_counting,answered
2.86,4,True,8,"[""aligned_dataset/.frames_cache_ir/check_mailbox_split/Seg4/check_mailbox_day_ir/frame_000000.png"", ""aligned_dataset/.frames_cache_ir/check_mailbox_split/Seg4/check_mailbox_day_ir/frame_000300.png"", ""aligned_dataset/.frames_cache_ir/check_mailbox_split/Seg4/check_mailbox_day_ir/frame_000570.png"", ""aligned_dataset/.frames_cache_ir/check_mailbox_split/Seg4/check_mailbox_day_ir/frame_000870.png"", ""aligned_dataset/.frames_cache_ir/check_mailbox_split/Seg4/check_mailbox_night_ir/frame_000000.png"", ""aligned_dataset/.frames_cache_ir/check_mailbox_split/Seg4/check_mailbox_night_ir/frame_000300.png"", ""aligned_dataset/.frames_cache_ir/check_mailbox_split/Seg4/check_mailbox_night_ir/frame_000570.png"", ""aligned_dataset/.frames_cache_ir/check_mailbox_split/Seg4/check_mailbox_night_ir/frame_000870.png""]","{""max_new_tokens"": 128, ""do_sample"": false}",A staircase.,1.905,ir,{},1.3069,ir,Staircase,models/qwen/Qwen3-VL-4B-Instruct,4,check_mailbox_split/Seg4/ir,4.765,qwen_vl,depth__check_mailbox_split_seg4_check_mailbox__depth_navigation__01__input_ir,What landmark is visible on the right side of the hallway as I approach the end of my path?,,depth_navigation,depth,check_mailbox_split/Seg4/check_mailbox,depth__check_mailbox_split_seg4_check_mailbox__depth_navigation__01,depth_navigation,answered
2.86,4,True,8,"[""aligned_dataset/.frames_cache_ir/check_mailbox_split/Seg4/check_mailbox_day_ir/frame_000000.png"", ""aligned_dataset/.frames_cache_ir/check_mailbox_split/Seg4/check_mailbox_day_ir/frame_000300.png"", ""aligned_dataset/.frames_cache_ir/check_mailbox_split/Seg4/check_mailbox_day_ir/frame_000570.png"", ""aligned_dataset/.frames_cache_ir/check_mailbox_split/Seg4/check_mailbox_day_ir/frame_000870.png"", ""aligned_dataset/.frames_cache_ir/check_mailbox_split/Seg4/check_mailbox_night_ir/frame_000000.png"", ""aligned_dataset/.frames_cache_ir/check_mailbox_split/Seg4/check_mailbox_night_ir/frame_000300.png"", ""aligned_dataset/.frames_cache_ir/check_mailbox_split/Seg4/check_mailbox_night_ir/frame_000570.png"", ""aligned_dataset/.frames_cache_ir/check_mailbox_split/Seg4/check_mailbox_night_ir/frame_000870.png""]","{""max_new_tokens"": 128, ""do_sample"": false}",No.,1.903,ir,{},1.2535,ir,Yes,models/qwen/Qwen3-VL-4B-Instruct,4,check_mailbox_split/Seg4/ir,4.763,qwen_vl,depth__check_mailbox_split_seg4_check_mailbox__depth_dynamic_recognition__01__input_ir,Is the person in the distance moving toward me?,,depth_dynamic_recognition,depth,check_mailbox_split/Seg4/check_mailbox,depth__check_mailbox_split_seg4_check_mailbox__depth_dynamic_recognition__01,depth_dynamic_recognition,answered
2.86,4,True,8,"[""aligned_dataset/.frames_cache_ir/check_mailbox_split/Seg4/check_mailbox_day_ir/frame_000000.png"", ""aligned_dataset/.frames_cache_ir/check_mailbox_split/Seg4/check_mailbox_day_ir/frame_000300.png"", ""aligned_dataset/.frames_cache_ir/check_mailbox_split/Seg4/check_mailbox_day_ir/frame_000570.png"", ""aligned_dataset/.frames_cache_ir/check_mailbox_split/Seg4/check_mailbox_day_ir/frame_000870.png"", ""aligned_dataset/.frames_cache_ir/check_mailbox_split/Seg4/check_mailbox_night_ir/frame_000000.png"", ""aligned_dataset/.frames_cache_ir/check_mailbox_split/Seg4/check_mailbox_night_ir/frame_000300.png"", ""aligned_dataset/.frames_cache_ir/check_mailbox_split/Seg4/check_mailbox_night_ir/frame_000570.png"", ""aligned_dataset/.frames_cache_ir/check_mailbox_split/Seg4/check_mailbox_night_ir/frame_000870.png""]","{""max_new_tokens"": 128, ""do_sample"": false}",Yes.,1.903,ir,{},1.2535,ir,Yes,models/qwen/Qwen3-VL-4B-Instruct,4,check_mailbox_split/Seg4/ir,4.763,qwen_vl,depth__check_mailbox_split_seg4_check_mailbox__depth_dynamic_recognition__02__input_ir,Does the person vanish behind a wall?,,depth_dynamic_recognition,depth,check_mailbox_split/Seg4/check_mailbox,depth__check_mailbox_split_seg4_check_mailbox__depth_dynamic_recognition__02,depth_dynamic_recognition,answered
2.86,4,True,8,"[""aligned_dataset/.frames_cache_ir/check_mailbox_split/Seg4/check_mailbox_day_ir/frame_000000.png"", ""aligned_dataset/.frames_cache_ir/check_mailbox_split/Seg4/check_mailbox_day_ir/frame_000300.png"", ""aligned_dataset/.frames_cache_ir/check_mailbox_split/Seg4/check_mailbox_day_ir/frame_000570.png"", ""aligned_dataset/.frames_cache_ir/check_mailbox_split/Seg4/check_mailbox_day_ir/frame_000870.png"", ""aligned_dataset/.frames_cache_ir/check_mailbox_split/Seg4/check_mailbox_night_ir/frame_000000.png"", ""aligned_dataset/.frames_cache_ir/check_mailbox_split/Seg4/check_mailbox_night_ir/frame_000300.png"", ""aligned_dataset/.frames_cache_ir/check_mailbox_split/Seg4/check_mailbox_night_ir/frame_000570.png"", ""aligned_dataset/.frames_cache_ir/check_mailbox_split/Seg4/check_mailbox_night_ir/frame_000870.png""]","{""max_new_tokens"": 128, ""do_sample"": false}",Frame 300.,1.904,ir,{},1.4574,ir,frame_000300.png,models/qwen/Qwen3-VL-4B-Instruct,4,check_mailbox_split/Seg4/ir,4.764,qwen_vl,depth__check_mailbox_split_seg4_check_mailbox__depth_dynamic_recognition__03__input_ir,At what frame does the person first appear in the distance?,,depth_dynamic_recognition,depth,check_mailbox_split/Seg4/check_mailbox,depth__check_mailbox_split_seg4_check_mailbox__depth_dynamic_recognition__03,depth_dynamic_recognition,answered
2.86,4,True,8,"[""aligned_dataset/.frames_cache_ir/check_mailbox_split/Seg4/check_mailbox_day_ir/frame_000000.png"", ""aligned_dataset/.frames_cache_ir/check_mailbox_split/Seg4/check_mailbox_day_ir/frame_000300.png"", ""aligned_dataset/.frames_cache_ir/check_mailbox_split/Seg4/check_mailbox_day_ir/frame_000570.png"", ""aligned_dataset/.frames_cache_ir/check_mailbox_split/Seg4/check_mailbox_day_ir/frame_000870.png"", ""aligned_dataset/.frames_cache_ir/check_mailbox_split/Seg4/check_mailbox_night_ir/frame_000000.png"", ""aligned_dataset/.frames_cache_ir/check_mailbox_split/Seg4/check_mailbox_night_ir/frame_000300.png"", ""aligned_dataset/.frames_cache_ir/check_mailbox_split/Seg4/check_mailbox_night_ir/frame_000570.png"", ""aligned_dataset/.frames_cache_ir/check_mailbox_split/Seg4/check_mailbox_night_ir/frame_000870.png""]","{""max_new_tokens"": 128, ""do_sample"": false}",No.,1.903,ir,{},1.2495,ir,No,models/qwen/Qwen3-VL-4B-Instruct,4,check_mailbox_split/Seg4/ir,4.763,qwen_vl,depth__check_mailbox_split_seg4_check_mailbox__depth_dynamic_recognition__04__input_ir,Is there a car moving in the background?,,depth_dynamic_recognition,depth,check_mailbox_split/Seg4/check_mailbox,depth__check_mailbox_split_seg4_check_mailbox__depth_dynamic_recognition__04,depth_dynamic_recognition,answered
2.86,4,True,8,"[""aligned_dataset/.frames_cache_ir/check_mailbox_split/Seg4/check_mailbox_day_ir/frame_000000.png"", ""aligned_dataset/.frames_cache_ir/check_mailbox_split/Seg4/check_mailbox_day_ir/frame_000300.png"", ""aligned_dataset/.frames_cache_ir/check_mailbox_split/Seg4/check_mailbox_day_ir/frame_000570.png"", ""aligned_dataset/.frames_cache_ir/check_mailbox_split/Seg4/check_mailbox_day_ir/frame_000870.png"", ""aligned_dataset/.frames_cache_ir/check_mailbox_split/Seg4/check_mailbox_night_ir/frame_000000.png"", ""aligned_dataset/.frames_cache_ir/check_mailbox_split/Seg4/check_mailbox_night_ir/frame_000300.png"", ""aligned_dataset/.frames_cache_ir/check_mailbox_split/Seg4/check_mailbox_night_ir/frame_000570.png"", ""aligned_dataset/.frames_cache_ir/check_mailbox_split/Seg4/check_mailbox_night_ir/frame_000870.png""]","{""max_new_tokens"": 128, ""do_sample"": false}",Yes.,1.903,ir,{},1.2511,ir,Yes,models/qwen/Qwen3-VL-4B-Instruct,4,check_mailbox_split/Seg4/ir,4.763,qwen_vl,depth__check_mailbox_split_seg4_check_mailbox__depth_dynamic_recognition__05__input_ir,Does the human figure enter a doorway?,,depth_dynamic_recognition,depth,check_mailbox_split/Seg4/check_mailbox,depth__check_mailbox_split_seg4_check_mailbox__depth_dynamic_recognition__05,depth_dynamic_recognition,answered
2.86,4,True,8,"[""aligned_dataset/.frames_cache_ir/check_mailbox_split/Seg4/check_mailbox_day_ir/frame_000000.png"", ""aligned_dataset/.frames_cache_ir/check_mailbox_split/Seg4/check_mailbox_day_ir/frame_000300.png"", ""aligned_dataset/.frames_cache_ir/check_mailbox_split/Seg4/check_mailbox_day_ir/frame_000570.png"", ""aligned_dataset/.frames_cache_ir/check_mailbox_split/Seg4/check_mailbox_day_ir/frame_000870.png"", ""aligned_dataset/.frames_cache_ir/check_mailbox_split/Seg4/check_mailbox_night_ir/frame_000000.png"", ""aligned_dataset/.frames_cache_ir/check_mailbox_split/Seg4/check_mailbox_night_ir/frame_000300.png"", ""aligned_dataset/.frames_cache_ir/check_mailbox_split/Seg4/check_mailbox_night_ir/frame_000570.png"", ""aligned_dataset/.frames_cache_ir/check_mailbox_split/Seg4/check_mailbox_night_ir/frame_000870.png""]","{""max_new_tokens"": 128, ""do_sample"": false}",Yes.,1.903,ir,{},1.252,ir,Yes,models/qwen/Qwen3-VL-4B-Instruct,4,check_mailbox_split/Seg4/ir,4.763,qwen_vl,depth__check_mailbox_split_seg4_check_mailbox__depth_dynamic_recognition__06__input_ir,Is the dynamic object a person?,,depth_dynamic_recognition,depth,check_mailbox_split/Seg4/check_mailbox,depth__check_mailbox_split_seg4_check_mailbox__depth_dynamic_recognition__06,depth_dynamic_recognition,answered
2.86,4,True,8,"[""aligned_dataset/.frames_cache_ir/check_mailbox_split/Seg4/check_mailbox_day_ir/frame_000000.png"", ""aligned_dataset/.frames_cache_ir/check_mailbox_split/Seg4/check_mailbox_day_ir/frame_000300.png"", ""aligned_dataset/.frames_cache_ir/check_mailbox_split/Seg4/check_mailbox_day_ir/frame_000570.png"", ""aligned_dataset/.frames_cache_ir/check_mailbox_split/Seg4/check_mailbox_day_ir/frame_000870.png"", ""aligned_dataset/.frames_cache_ir/check_mailbox_split/Seg4/check_mailbox_night_ir/frame_000000.png"", ""aligned_dataset/.frames_cache_ir/check_mailbox_split/Seg4/check_mailbox_night_ir/frame_000300.png"", ""aligned_dataset/.frames_cache_ir/check_mailbox_split/Seg4/check_mailbox_night_ir/frame_000570.png"", ""aligned_dataset/.frames_cache_ir/check_mailbox_split/Seg4/check_mailbox_night_ir/frame_000870.png""]","{""max_new_tokens"": 128, ""do_sample"": false}",Walking forward.,1.903,ir,{},1.2763,ir,check mailbox,models/qwen/Qwen3-VL-4B-Instruct,4,check_mailbox_split/Seg4/ir,4.763,qwen_vl,depth__check_mailbox_split_seg4_check_mailbox__depth_action__01__input_ir,What is my primary action during the video?,,depth_action,depth,check_mailbox_split/Seg4/check_mailbox,depth__check_mailbox_split_seg4_check_mailbox__depth_action__01,depth_action,answered
2.86,4,True,8,"[""aligned_dataset/.frames_cache_ir/check_mailbox_split/Seg4/check_mailbox_day_ir/frame_000000.png"", ""aligned_dataset/.frames_cache_ir/check_mailbox_split/Seg4/check_mailbox_day_ir/frame_000300.png"", ""aligned_dataset/.frames_cache_ir/check_mailbox_split/Seg4/check_mailbox_day_ir/frame_000570.png"", ""aligned_dataset/.frames_cache_ir/check_mailbox_split/Seg4/check_mailbox_day_ir/frame_000870.png"", ""aligned_dataset/.frames_cache_ir/check_mailbox_split/Seg4/check_mailbox_night_ir/frame_000000.png"", ""aligned_dataset/.frames_cache_ir/check_mailbox_split/Seg4/check_mailbox_night_ir/frame_000300.png"", ""aligned_dataset/.frames_cache_ir/check_mailbox_split/Seg4/check_mailbox_night_ir/frame_000570.png"", ""aligned_dataset/.frames_cache_ir/check_mailbox_split/Seg4/check_mailbox_night_ir/frame_000870.png""]","{""max_new_tokens"": 128, ""do_sample"": false}",Mailboxes.,1.903,ir,{},1.2521,ir,mailbox,models/qwen/Qwen3-VL-4B-Instruct,4,check_mailbox_split/Seg4/ir,4.763,qwen_vl,depth__check_mailbox_split_seg4_check_mailbox__depth_action__02__input_ir,Which object do I interact with at the end?,,depth_action,depth,check_mailbox_split/Seg4/check_mailbox,depth__check_mailbox_split_seg4_check_mailbox__depth_action__02,depth_action,answered
2.86,4,True,8,"[""aligned_dataset/.frames_cache_ir/check_mailbox_split/Seg4/check_mailbox_day_ir/frame_000000.png"", ""aligned_dataset/.frames_cache_ir/check_mailbox_split/Seg4/check_mailbox_day_ir/frame_000300.png"", ""aligned_dataset/.frames_cache_ir/check_mailbox_split/Seg4/check_mailbox_day_ir/frame_000570.png"", ""aligned_dataset/.frames_cache_ir/check_mailbox_split/Seg4/check_mailbox_day_ir/frame_000870.png"", ""aligned_dataset/.frames_cache_ir/check_mailbox_split/Seg4/check_mailbox_night_ir/frame_000000.png"", ""aligned_dataset/.frames_cache_ir/check_mailbox_split/Seg4/check_mailbox_night_ir/frame_000300.png"", ""aligned_dataset/.frames_cache_ir/check_mailbox_split/Seg4/check_mailbox_night_ir/frame_000570.png"", ""aligned_dataset/.frames_cache_ir/check_mailbox_split/Seg4/check_mailbox_night_ir/frame_000870.png""]","{""max_new_tokens"": 128, ""do_sample"": false}",Yes.,1.903,ir,{},1.2527,ir,Yes,models/qwen/Qwen3-VL-4B-Instruct,4,check_mailbox_split/Seg4/ir,4.763,qwen_vl,depth__check_mailbox_split_seg4_check_mailbox__depth_action__03__input_ir,Do I use my hand to reach for the mailboxes?,,depth_action,depth,check_mailbox_split/Seg4/check_mailbox,depth__check_mailbox_split_seg4_check_mailbox__depth_action__03,depth_action,answered
2.86,4,False,8,"[""aligned_dataset/.frames_cache_marigold/check_mailbox_split/Seg1/check_mailbox/day/frame_000000_depth.png"", ""aligned_dataset/.frames_cache_marigold/check_mailbox_split/Seg1/check_mailbox/day/frame_000300_depth.png"", ""aligned_dataset/.frames_cache_marigold/check_mailbox_split/Seg1/check_mailbox/day/frame_000570_depth.png"", ""aligned_dataset/.frames_cache_marigold/check_mailbox_split/Seg1/check_mailbox/day/frame_000870_depth.png"", ""aligned_dataset/.frames_cache_marigold/check_mailbox_split/Seg1/check_mailbox/night/frame_000000_depth.png"", ""aligned_dataset/.frames_cache_marigold/check_mailbox_split/Seg1/check_mailbox/night/frame_000300_depth.png"", ""aligned_dataset/.frames_cache_marigold/check_mailbox_split/Seg1/check_mailbox/night/frame_000570_depth.png"", ""aligned_dataset/.frames_cache_marigold/check_mailbox_split/Seg1/check_mailbox/night/frame_000870_depth.png""]","{""max_new_tokens"": 128, ""do_sample"": false}",A doorway.,1.906,depth,{},1.3705,depth,A vertical line,models/qwen/Qwen3-VL-4B-Instruct,4,check_mailbox_split/Seg1/depth,4.766,qwen_vl,depth__check_mailbox_split_seg1_check_mailbox__depth_object_recognition__01__input_depth,What is the primary geometric structure visible that connects two distinct spaces?,,depth_object_recognition,depth,check_mailbox_split/Seg1/check_mailbox,depth__check_mailbox_split_seg1_check_mailbox__depth_object_recognition__01,depth_object_recognition,answered
2.86,4,True,8,"[""aligned_dataset/.frames_cache_marigold/check_mailbox_split/Seg1/check_mailbox/day/frame_000000_depth.png"", ""aligned_dataset/.frames_cache_marigold/check_mailbox_split/Seg1/check_mailbox/day/frame_000300_depth.png"", ""aligned_dataset/.frames_cache_marigold/check_mailbox_split/Seg1/check_mailbox/day/frame_000570_depth.png"", ""aligned_dataset/.frames_cache_marigold/check_mailbox_split/Seg1/check_mailbox/day/frame_000870_depth.png"", ""aligned_dataset/.frames_cache_marigold/check_mailbox_split/Seg1/check_mailbox/night/frame_000000_depth.png"", ""aligned_dataset/.frames_cache_marigold/check_mailbox_split/Seg1/check_mailbox/night/frame_000300_depth.png"", ""aligned_dataset/.frames_cache_marigold/check_mailbox_split/Seg1/check_mailbox/night/frame_000570_depth.png"", ""aligned_dataset/.frames_cache_marigold/check_mailbox_split/Seg1/check_mailbox/night/frame_000870_depth.png""]","{""max_new_tokens"": 128, ""do_sample"": false}","Yes, it is closer.",1.907,depth,{},1.255,depth,Yes,models/qwen/Qwen3-VL-4B-Instruct,4,check_mailbox_split/Seg1/depth,4.767,qwen_vl,depth__check_mailbox_split_seg1_check_mailbox__depth_spatial_reasoning__01__input_depth,Is the table-like object closer to me than the items on the floor in the further room?,,depth_spatial_reasoning,depth,check_mailbox_split/Seg1/check_mailbox,depth__check_mailbox_split_seg1_check_mailbox__depth_spatial_reasoning__01,depth_spatial_reasoning,answered
2.86,4,True,8,"[""aligned_dataset/.frames_cache_marigold/check_mailbox_split/Seg1/check_mailbox/day/frame_000000_depth.png"", ""aligned_dataset/.frames_cache_marigold/check_mailbox_split/Seg1/check_mailbox/day/frame_000300_depth.png"", ""aligned_dataset/.frames_cache_marigold/check_mailbox_split/Seg1/check_mailbox/day/frame_000570_depth.png"", ""aligned_dataset/.frames_cache_marigold/check_mailbox_split/Seg1/check_mailbox/day/frame_000870_depth.png"", ""aligned_dataset/.frames_cache_marigold/check_mailbox_split/Seg1/check_mailbox/night/frame_000000_depth.png"", ""aligned_dataset/.frames_cache_marigold/check_mailbox_split/Seg1/check_mailbox/night/frame_000300_depth.png"", ""aligned_dataset/.frames_cache_marigold/check_mailbox_split/Seg1/check_mailbox/night/frame_000570_depth.png"", ""aligned_dataset/.frames_cache_marigold/check_mailbox_split/Seg1/check_mailbox/night/frame_000870_depth.png""]","{""max_new_tokens"": 128, ""do_sample"": false}",From a room through a doorway into a second room.,1.905,depth,{},1.5037,depth,"From left to right, then from right to left.",models/qwen/Qwen3-VL-4B-Instruct,4,check_mailbox_split/Seg1/depth,4.765,qwen_vl,depth__check_mailbox_split_seg1_check_mailbox__depth_scene_sequence__01__input_depth,What is the sequence of spaces I move through?,,depth_scene_sequence,depth,check_mailbox_split/Seg1/check_mailbox,depth__check_mailbox_split_seg1_check_mailbox__depth_scene_sequence__01,depth_scene_sequence,answered
2.86,4,True,8,"[""aligned_dataset/.frames_cache_marigold/check_mailbox_split/Seg1/check_mailbox/day/frame_000000_depth.png"", ""aligned_dataset/.frames_cache_marigold/check_mailbox_split/Seg1/check_mailbox/day/frame_000300_depth.png"", ""aligned_dataset/.frames_cache_marigold/check_mailbox_split/Seg1/check_mailbox/day/frame_000570_depth.png"", ""aligned_dataset/.frames_cache_marigold/check_mailbox_split/Seg1/check_mailbox/day/frame_000870_depth.png"", ""aligned_dataset/.frames_cache_marigold/check_mailbox_split/Seg1/check_mailbox/night/frame_000000_depth.png"", ""aligned_dataset/.frames_cache_marigold/check_mailbox_split/Seg1/check_mailbox/night/frame_000300_depth.png"", ""aligned_dataset/.frames_cache_marigold/check_mailbox_split/Seg1/check_mailbox/night/frame_000570_depth.png"", ""aligned_dataset/.frames_cache_marigold/check_mailbox_split/Seg1/check_mailbox/night/frame_000870_depth.png""]","{""max_new_tokens"": 128, ""do_sample"": false}","Yes, it is clear.",1.905,depth,{},1.2547,depth,Yes,models/qwen/Qwen3-VL-4B-Instruct,4,check_mailbox_split/Seg1/depth,4.764,qwen_vl,depth__check_mailbox_split_seg1_check_mailbox__depth_navigation__01__input_depth,Is the pathway through the door clear for movement?,,depth_navigation,depth,check_mailbox_split/Seg1/check_mailbox,depth__check_mailbox_split_seg1_check_mailbox__depth_navigation__01,depth_navigation,answered
2.86,4,True,8,"[""aligned_dataset/.frames_cache_marigold/check_mailbox_split/Seg1/check_mailbox/day/frame_000000_depth.png"", ""aligned_dataset/.frames_cache_marigold/check_mailbox_split/Seg1/check_mailbox/day/frame_000300_depth.png"", ""aligned_dataset/.frames_cache_marigold/check_mailbox_split/Seg1/check_mailbox/day/frame_000570_depth.png"", ""aligned_dataset/.frames_cache_marigold/check_mailbox_split/Seg1/check_mailbox/day/frame_000870_depth.png"", ""aligned_dataset/.frames_cache_marigold/check_mailbox_split/Seg1/check_mailbox/night/frame_000000_depth.png"", ""aligned_dataset/.frames_cache_marigold/check_mailbox_split/Seg1/check_mailbox/night/frame_000300_depth.png"", ""aligned_dataset/.frames_cache_marigold/check_mailbox_split/Seg1/check_mailbox/night/frame_000570_depth.png"", ""aligned_dataset/.frames_cache_marigold/check_mailbox_split/Seg1/check_mailbox/night/frame_000870_depth.png""]","{""max_new_tokens"": 128, ""do_sample"": false}","Yes, they are.",1.905,depth,{},1.2583,depth,No,models/qwen/Qwen3-VL-4B-Instruct,4,check_mailbox_split/Seg1/depth,4.764,qwen_vl,depth__check_mailbox_split_seg1_check_mailbox__depth_dynamic_recognition__01__input_depth,Is the person moving closer to me?,,depth_dynamic_recognition,depth,check_mailbox_split/Seg1/check_mailbox,depth__check_mailbox_split_seg1_check_mailbox__depth_dynamic_recognition__01,depth_dynamic_recognition,answered
2.86,4,True,8,"[""aligned_dataset/.frames_cache_marigold/check_mailbox_split/Seg1/check_mailbox/day/frame_000000_depth.png"", ""aligned_dataset/.frames_cache_marigold/check_mailbox_split/Seg1/check_mailbox/day/frame_000300_depth.png"", ""aligned_dataset/.frames_cache_marigold/check_mailbox_split/Seg1/check_mailbox/day/frame_000570_depth.png"", ""aligned_dataset/.frames_cache_marigold/check_mailbox_split/Seg1/check_mailbox/day/frame_000870_depth.png"", ""aligned_dataset/.frames_cache_marigold/check_mailbox_split/Seg1/check_mailbox/night/frame_000000_depth.png"", ""aligned_dataset/.frames_cache_marigold/check_mailbox_split/Seg1/check_mailbox/night/frame_000300_depth.png"", ""aligned_dataset/.frames_cache_marigold/check_mailbox_split/Seg1/check_mailbox/night/frame_000570_depth.png"", ""aligned_dataset/.frames_cache_marigold/check_mailbox_split/Seg1/check_mailbox/night/frame_000870_depth.png""]","{""max_new_tokens"": 128, ""do_sample"": false}",Moving through a doorway.,1.905,depth,{},1.2785,depth,check mailbox,models/qwen/Qwen3-VL-4B-Instruct,4,check_mailbox_split/Seg1/depth,4.764,qwen_vl,depth__check_mailbox_split_seg1_check_mailbox__depth_action__01__input_depth,What is my primary action in the video?,,depth_action,depth,check_mailbox_split/Seg1/check_mailbox,depth__check_mailbox_split_seg1_check_mailbox__depth_action__01,depth_action,answered
2.86,4,True,8,"[""aligned_dataset/.frames_cache_marigold/check_mailbox_split/Seg1/check_mailbox/day/frame_000000_depth.png"", ""aligned_dataset/.frames_cache_marigold/check_mailbox_split/Seg1/check_mailbox/day/frame_000300_depth.png"", ""aligned_dataset/.frames_cache_marigold/check_mailbox_split/Seg1/check_mailbox/day/frame_000570_depth.png"", ""aligned_dataset/.frames_cache_marigold/check_mailbox_split/Seg1/check_mailbox/day/frame_000870_depth.png"", ""aligned_dataset/.frames_cache_marigold/check_mailbox_split/Seg1/check_mailbox/night/frame_000000_depth.png"", ""aligned_dataset/.frames_cache_marigold/check_mailbox_split/Seg1/check_mailbox/night/frame_000300_depth.png"", ""aligned_dataset/.frames_cache_marigold/check_mailbox_split/Seg1/check_mailbox/night/frame_000570_depth.png"", ""aligned_dataset/.frames_cache_marigold/check_mailbox_split/Seg1/check_mailbox/night/frame_000870_depth.png""]","{""max_new_tokens"": 128, ""do_sample"": false}","No, there are none.",1.905,depth,{},1.2578,depth,No,models/qwen/Qwen3-VL-4B-Instruct,4,check_mailbox_split/Seg1/depth,4.765,qwen_vl,depth__check_mailbox_split_seg1_check_mailbox__depth_non_common__01__input_depth,Are there any floating objects or impossible geometry in the scene?,,depth_non_common,depth,check_mailbox_split/Seg1/check_mailbox,depth__check_mailbox_split_seg1_check_mailbox__depth_non_common__01,depth_non_common,answered
2.86,4,True,8,"[""aligned_dataset/.frames_cache_marigold/check_mailbox_split/Seg1/check_mailbox/day/frame_000000_depth.png"", ""aligned_dataset/.frames_cache_marigold/check_mailbox_split/Seg1/check_mailbox/day/frame_000300_depth.png"", ""aligned_dataset/.frames_cache_marigold/check_mailbox_split/Seg1/check_mailbox/day/frame_000570_depth.png"", ""aligned_dataset/.frames_cache_marigold/check_mailbox_split/Seg1/check_mailbox/day/frame_000870_depth.png"", ""aligned_dataset/.frames_cache_marigold/check_mailbox_split/Seg1/check_mailbox/night/frame_000000_depth.png"", ""aligned_dataset/.frames_cache_marigold/check_mailbox_split/Seg1/check_mailbox/night/frame_000300_depth.png"", ""aligned_dataset/.frames_cache_marigold/check_mailbox_split/Seg1/check_mailbox/night/frame_000570_depth.png"", ""aligned_dataset/.frames_cache_marigold/check_mailbox_split/Seg1/check_mailbox/night/frame_000870_depth.png""]","{""max_new_tokens"": 128, ""do_sample"": false}",The spray bottle on the dresser is red.,1.906,depth,{},1.5306,depth,There is no spray bottle visible in the provided depth images.,models/qwen/Qwen3-VL-4B-Instruct,4,aligned_dataset/check_mailbox_split/Seg1/depth,4.766,qwen_vl,rgb__aligned_dataset_check_mailbox_split_seg1_check_mailbox_rgb__object_recognition__01__input_depth,What color is the spray bottle located on top of the dresser?,,object_recognition,rgb,aligned_dataset/check_mailbox_split/Seg1/check_mailbox_rgb,rgb__aligned_dataset_check_mailbox_split_seg1_check_mailbox_rgb__object_recognition__01,object_recognition,answered
2.86,4,True,8,"[""aligned_dataset/.frames_cache_marigold/check_mailbox_split/Seg1/check_mailbox/day/frame_000000_depth.png"", ""aligned_dataset/.frames_cache_marigold/check_mailbox_split/Seg1/check_mailbox/day/frame_000300_depth.png"", ""aligned_dataset/.frames_cache_marigold/check_mailbox_split/Seg1/check_mailbox/day/frame_000570_depth.png"", ""aligned_dataset/.frames_cache_marigold/check_mailbox_split/Seg1/check_mailbox/day/frame_000870_depth.png"", ""aligned_dataset/.frames_cache_marigold/check_mailbox_split/Seg1/check_mailbox/night/frame_000000_depth.png"", ""aligned_dataset/.frames_cache_marigold/check_mailbox_split/Seg1/check_mailbox/night/frame_000300_depth.png"", ""aligned_dataset/.frames_cache_marigold/check_mailbox_split/Seg1/check_mailbox/night/frame_000570_depth.png"", ""aligned_dataset/.frames_cache_marigold/check_mailbox_split/Seg1/check_mailbox/night/frame_000870_depth.png""]","{""max_new_tokens"": 128, ""do_sample"": false}",The grey floor mat is located on the floor to the left of the shoe rack.,1.906,depth,{},1.2581,depth,below,models/qwen/Qwen3-VL-4B-Instruct,4,aligned_dataset/check_mailbox_split/Seg1/depth,4.766,qwen_vl,rgb__aligned_dataset_check_mailbox_split_seg1_check_mailbox_rgb__spatial_reasoning__01__input_depth,Where is the grey floor mat located in relation to the shoe rack?,,spatial_reasoning,rgb,aligned_dataset/check_mailbox_split/Seg1/check_mailbox_rgb,rgb__aligned_dataset_check_mailbox_split_seg1_check_mailbox_rgb__spatial_reasoning__01,spatial_reasoning,answered
2.86,4,True,8,"[""aligned_dataset/.frames_cache_marigold/check_mailbox_split/Seg1/check_mailbox/day/frame_000000_depth.png"", ""aligned_dataset/.frames_cache_marigold/check_mailbox_split/Seg1/check_mailbox/day/frame_000300_depth.png"", ""aligned_dataset/.frames_cache_marigold/check_mailbox_split/Seg1/check_mailbox/day/frame_000570_depth.png"", ""aligned_dataset/.frames_cache_marigold/check_mailbox_split/Seg1/check_mailbox/day/frame_000870_depth.png"", ""aligned_dataset/.frames_cache_marigold/check_mailbox_split/Seg1/check_mailbox/night/frame_000000_depth.png"", ""aligned_dataset/.frames_cache_marigold/check_mailbox_split/Seg1/check_mailbox/night/frame_000300_depth.png"", ""aligned_dataset/.frames_cache_marigold/check_mailbox_split/Seg1/check_mailbox/night/frame_000570_depth.png"", ""aligned_dataset/.frames_cache_marigold/check_mailbox_split/Seg1/check_mailbox/night/frame_000870_depth.png""]","{""max_new_tokens"": 128, ""do_sample"": false}","The room numbers are 1'233, 1'234, and 1'235.",1.907,depth,{},1.3603,depth,No room numbers visible.,models/qwen/Qwen3-VL-4B-Instruct,4,aligned_dataset/check_mailbox_split/Seg1/depth,4.766,qwen_vl,rgb__aligned_dataset_check_mailbox_split_seg1_check_mailbox_rgb__text_recognition__01__input_depth,Please list the room numbers displayed on the sign at the end of the hallway.,,text_recognition,rgb,aligned_dataset/check_mailbox_split/Seg1/check_mailbox_rgb,rgb__aligned_dataset_check_mailbox_split_seg1_check_mailbox_rgb__text_recognition__01,text_recognition,answered
2.86,4,True,8,"[""aligned_dataset/.frames_cache_marigold/check_mailbox_split/Seg1/check_mailbox/day/frame_000000_depth.png"", ""aligned_dataset/.frames_cache_marigold/check_mailbox_split/Seg1/check_mailbox/day/frame_000300_depth.png"", ""aligned_dataset/.frames_cache_marigold/check_mailbox_split/Seg1/check_mailbox/day/frame_000570_depth.png"", ""aligned_dataset/.frames_cache_marigold/check_mailbox_split/Seg1/check_mailbox/day/frame_000870_depth.png"", ""aligned_dataset/.frames_cache_marigold/check_mailbox_split/Seg1/check_mailbox/night/frame_000000_depth.png"", ""aligned_dataset/.frames_cache_marigold/check_mailbox_split/Seg1/check_mailbox/night/frame_000300_depth.png"", ""aligned_dataset/.frames_cache_marigold/check_mailbox_split/Seg1/check_mailbox/night/frame_000570_depth.png"", ""aligned_dataset/.frames_cache_marigold/check_mailbox_split/Seg1/check_mailbox/night/frame_000870_depth.png""]","{""max_new_tokens"": 128, ""do_sample"": false}",I first pass a shoe rack on the right and then a wooden dresser on the left.,1.906,depth,{},1.3561,depth,No furniture items visible.,models/qwen/Qwen3-VL-4B-Instruct,4,aligned_dataset/check_mailbox_split/Seg1/depth,4.766,qwen_vl,rgb__aligned_dataset_check_mailbox_split_seg1_check_mailbox_rgb__scene_sequence__01__input_depth,What is the sequence of main furniture items I pass while walking down the hallway?,,scene_sequence,rgb,aligned_dataset/check_mailbox_split/Seg1/check_mailbox_rgb,rgb__aligned_dataset_check_mailbox_split_seg1_check_mailbox_rgb__scene_sequence__01,scene_sequence,answered
2.86,4,True,8,"[""aligned_dataset/.frames_cache_marigold/check_mailbox_split/Seg1/check_mailbox/day/frame_000000_depth.png"", ""aligned_dataset/.frames_cache_marigold/check_mailbox_split/Seg1/check_mailbox/day/frame_000300_depth.png"", ""aligned_dataset/.frames_cache_marigold/check_mailbox_split/Seg1/check_mailbox/day/frame_000570_depth.png"", ""aligned_dataset/.frames_cache_marigold/check_mailbox_split/Seg1/check_mailbox/day/frame_000870_depth.png"", ""aligned_dataset/.frames_cache_marigold/check_mailbox_split/Seg1/check_mailbox/night/frame_000000_depth.png"", ""aligned_dataset/.frames_cache_marigold/check_mailbox_split/Seg1/check_mailbox/night/frame_000300_depth.png"", ""aligned_dataset/.frames_cache_marigold/check_mailbox_split/Seg1/check_mailbox/night/frame_000570_depth.png"", ""aligned_dataset/.frames_cache_marigold/check_mailbox_split/Seg1/check_mailbox/night/frame_000870_depth.png""]","{""max_new_tokens"": 128, ""do_sample"": false}",The most significant light source is a glowing screen or tablet on a desk.,1.907,depth,{},1.4072,depth,The left side of the frame.,models/qwen/Qwen3-VL-4B-Instruct,4,aligned_dataset/check_mailbox_split/Seg1/depth,4.766,qwen_vl,rgb__aligned_dataset_check_mailbox_split_seg1_check_mailbox_rgb__light_recognition__01__input_depth,What is providing the most significant light source at the very beginning of the video?,,light_recognition,rgb,aligned_dataset/check_mailbox_split/Seg1/check_mailbox_rgb,rgb__aligned_dataset_check_mailbox_split_seg1_check_mailbox_rgb__light_recognition__01,light_recognition,answered
2.86,4,True,8,"[""aligned_dataset/.frames_cache_marigold/check_mailbox_split/Seg1/check_mailbox/day/frame_000000_depth.png"", ""aligned_dataset/.frames_cache_marigold/check_mailbox_split/Seg1/check_mailbox/day/frame_000300_depth.png"", ""aligned_dataset/.frames_cache_marigold/check_mailbox_split/Seg1/check_mailbox/day/frame_000570_depth.png"", ""aligned_dataset/.frames_cache_marigold/check_mailbox_split/Seg1/check_mailbox/day/frame_000870_depth.png"", ""aligned_dataset/.frames_cache_marigold/check_mailbox_split/Seg1/check_mailbox/night/frame_000000_depth.png"", ""aligned_dataset/.frames_cache_marigold/check_mailbox_split/Seg1/check_mailbox/night/frame_000300_depth.png"", ""aligned_dataset/.frames_cache_marigold/check_mailbox_split/Seg1/check_mailbox/night/frame_000570_depth.png"", ""aligned_dataset/.frames_cache_marigold/check_mailbox_split/Seg1/check_mailbox/night/frame_000870_depth.png""]","{""max_new_tokens"": 128, ""do_sample"": false}","Yes, the scene becomes much darker as I move away from the glowing screen and into the hallway.",1.906,depth,{},1.2547,depth,No,models/qwen/Qwen3-VL-4B-Instruct,4,aligned_dataset/check_mailbox_split/Seg1/depth,4.765,qwen_vl,rgb__aligned_dataset_check_mailbox_split_seg1_check_mailbox_rgb__light_change__01__input_depth,Does the environment get significantly darker after leaving the first room?,,light_change,rgb,aligned_dataset/check_mailbox_split/Seg1/check_mailbox_rgb,rgb__aligned_dataset_check_mailbox_split_seg1_check_mailbox_rgb__light_change__01,light_change,answered
2.86,4,True,8,"[""aligned_dataset/.frames_cache_marigold/check_mailbox_split/Seg1/check_mailbox/day/frame_000000_depth.png"", ""aligned_dataset/.frames_cache_marigold/check_mailbox_split/Seg1/check_mailbox/day/frame_000300_depth.png"", ""aligned_dataset/.frames_cache_marigold/check_mailbox_split/Seg1/check_mailbox/day/frame_000570_depth.png"", ""aligned_dataset/.frames_cache_marigold/check_mailbox_split/Seg1/check_mailbox/day/frame_000870_depth.png"", ""aligned_dataset/.frames_cache_marigold/check_mailbox_split/Seg1/check_mailbox/night/frame_000000_depth.png"", ""aligned_dataset/.frames_cache_marigold/check_mailbox_split/Seg1/check_mailbox/night/frame_000300_depth.png"", ""aligned_dataset/.frames_cache_marigold/check_mailbox_split/Seg1/check_mailbox/night/frame_000570_depth.png"", ""aligned_dataset/.frames_cache_marigold/check_mailbox_split/Seg1/check_mailbox/night/frame_000870_depth.png""]","{""max_new_tokens"": 128, ""do_sample"": false}",There are no other people moving in the hallway.,1.906,depth,{},1.2565,depth,0,models/qwen/Qwen3-VL-4B-Instruct,4,aligned_dataset/check_mailbox_split/Seg1/depth,4.766,qwen_vl,rgb__aligned_dataset_check_mailbox_split_seg1_check_mailbox_rgb__dynamic_counting__01__input_depth,How many other people besides me are moving in the hallway?,,dynamic_counting,rgb,aligned_dataset/check_mailbox_split/Seg1/check_mailbox_rgb,rgb__aligned_dataset_check_mailbox_split_seg1_check_mailbox_rgb__dynamic_counting__01,dynamic_counting,answered
2.86,4,True,8,"[""aligned_dataset/.frames_cache_marigold/check_mailbox_split/Seg1/check_mailbox/day/frame_000000_depth.png"", ""aligned_dataset/.frames_cache_marigold/check_mailbox_split/Seg1/check_mailbox/day/frame_000300_depth.png"", ""aligned_dataset/.frames_cache_marigold/check_mailbox_split/Seg1/check_mailbox/day/frame_000570_depth.png"", ""aligned_dataset/.frames_cache_marigold/check_mailbox_split/Seg1/check_mailbox/day/frame_000870_depth.png"", ""aligned_dataset/.frames_cache_marigold/check_mailbox_split/Seg1/check_mailbox/night/frame_000000_depth.png"", ""aligned_dataset/.frames_cache_marigold/check_mailbox_split/Seg1/check_mailbox/night/frame_000300_depth.png"", ""aligned_dataset/.frames_cache_marigold/check_mailbox_split/Seg1/check_mailbox/night/frame_000570_depth.png"", ""aligned_dataset/.frames_cache_marigold/check_mailbox_split/Seg1/check_mailbox/night/frame_000870_depth.png""]","{""max_new_tokens"": 128, ""do_sample"": false}","No, all objects appear to be placed normally on the floor or furniture surfaces.",1.907,depth,{},1.2602,depth,No,models/qwen/Qwen3-VL-4B-Instruct,4,aligned_dataset/check_mailbox_split/Seg1/depth,4.766,qwen_vl,rgb__aligned_dataset_check_mailbox_split_seg1_check_mailbox_rgb__non_common__01__input_depth,Are there any objects floating in the air or clipping through the walls in the hallway?,,non_common,rgb,aligned_dataset/check_mailbox_split/Seg1/check_mailbox_rgb,rgb__aligned_dataset_check_mailbox_split_seg1_check_mailbox_rgb__non_common__01,non_common,answered
2.86,4,True,8,"[""aligned_dataset/.frames_cache_marigold/check_mailbox_split/Seg1/check_mailbox/day/frame_000000_depth.png"", ""aligned_dataset/.frames_cache_marigold/check_mailbox_split/Seg1/check_mailbox/day/frame_000300_depth.png"", ""aligned_dataset/.frames_cache_marigold/check_mailbox_split/Seg1/check_mailbox/day/frame_000570_depth.png"", ""aligned_dataset/.frames_cache_marigold/check_mailbox_split/Seg1/check_mailbox/day/frame_000870_depth.png"", ""aligned_dataset/.frames_cache_marigold/check_mailbox_split/Seg1/check_mailbox/night/frame_000000_depth.png"", ""aligned_dataset/.frames_cache_marigold/check_mailbox_split/Seg1/check_mailbox/night/frame_000300_depth.png"", ""aligned_dataset/.frames_cache_marigold/check_mailbox_split/Seg1/check_mailbox/night/frame_000570_depth.png"", ""aligned_dataset/.frames_cache_marigold/check_mailbox_split/Seg1/check_mailbox/night/frame_000870_depth.png""]","{""max_new_tokens"": 128, ""do_sample"": false}",I should turn to the right.,1.906,depth,{},1.2559,depth,right,models/qwen/Qwen3-VL-4B-Instruct,4,aligned_dataset/check_mailbox_split/Seg1/depth,4.766,qwen_vl,rgb__aligned_dataset_check_mailbox_split_seg1_check_mailbox_rgb__navigation__01__input_depth,Which way should I turn after exiting the first room to reach the shoe rack?,,navigation,rgb,aligned_dataset/check_mailbox_split/Seg1/check_mailbox_rgb,rgb__aligned_dataset_check_mailbox_split_seg1_check_mailbox_rgb__navigation__01,navigation,answered
2.86,4,True,8,"[""aligned_dataset/.frames_cache_marigold/check_mailbox_split/Seg1/check_mailbox/day/frame_000000_depth.png"", ""aligned_dataset/.frames_cache_marigold/check_mailbox_split/Seg1/check_mailbox/day/frame_000300_depth.png"", ""aligned_dataset/.frames_cache_marigold/check_mailbox_split/Seg1/check_mailbox/day/frame_000570_depth.png"", ""aligned_dataset/.frames_cache_marigold/check_mailbox_split/Seg1/check_mailbox/day/frame_000870_depth.png"", ""aligned_dataset/.frames_cache_marigold/check_mailbox_split/Seg1/check_mailbox/night/frame_000000_depth.png"", ""aligned_dataset/.frames_cache_marigold/check_mailbox_split/Seg1/check_mailbox/night/frame_000300_depth.png"", ""aligned_dataset/.frames_cache_marigold/check_mailbox_split/Seg1/check_mailbox/night/frame_000570_depth.png"", ""aligned_dataset/.frames_cache_marigold/check_mailbox_split/Seg1/check_mailbox/night/frame_000870_depth.png""]","{""max_new_tokens"": 128, ""do_sample"": false}",My hand reaches down to adjust or touch a white sneaker on the floor.,1.906,depth,{},2.1526,depth,"I can't see any hand or dynamic action in the provided depth images. The images show only black shapes on a white background, with no clear indication of a hand or its movement.",models/qwen/Qwen3-VL-4B-Instruct,4,aligned_dataset/check_mailbox_split/Seg1/depth,4.766,qwen_vl,rgb__aligned_dataset_check_mailbox_split_seg1_check_mailbox_rgb__dynamic_recognition__01__input_depth,What dynamic action involving my hand occurs toward the end of the sequence?,,dynamic_recognition,rgb,aligned_dataset/check_mailbox_split/Seg1/check_mailbox_rgb,rgb__aligned_dataset_check_mailbox_split_seg1_check_mailbox_rgb__dynamic_recognition__01,dynamic_recognition,answered
2.86,4,True,8,"[""aligned_dataset/.frames_cache_marigold/check_mailbox_split/Seg1/check_mailbox/day/frame_000000_depth.png"", ""aligned_dataset/.frames_cache_marigold/check_mailbox_split/Seg1/check_mailbox/day/frame_000300_depth.png"", ""aligned_dataset/.frames_cache_marigold/check_mailbox_split/Seg1/check_mailbox/day/frame_000570_depth.png"", ""aligned_dataset/.frames_cache_marigold/check_mailbox_split/Seg1/check_mailbox/day/frame_000870_depth.png"", ""aligned_dataset/.frames_cache_marigold/check_mailbox_split/Seg1/check_mailbox/night/frame_000000_depth.png"", ""aligned_dataset/.frames_cache_marigold/check_mailbox_split/Seg1/check_mailbox/night/frame_000300_depth.png"", ""aligned_dataset/.frames_cache_marigold/check_mailbox_split/Seg1/check_mailbox/night/frame_000570_depth.png"", ""aligned_dataset/.frames_cache_marigold/check_mailbox_split/Seg1/check_mailbox/night/frame_000870_depth.png""]","{""max_new_tokens"": 128, ""do_sample"": false}",I am drawing or writing on a brightly lit screen or whiteboard.,1.906,depth,{},1.3296,depth,reaching for mailbox,models/qwen/Qwen3-VL-4B-Instruct,4,aligned_dataset/check_mailbox_split/Seg1/depth,4.766,qwen_vl,rgb__aligned_dataset_check_mailbox_split_seg1_check_mailbox_rgb__action__01__input_depth,What action am I performing at the beginning of the video in the dark room?,,action,rgb,aligned_dataset/check_mailbox_split/Seg1/check_mailbox_rgb,rgb__aligned_dataset_check_mailbox_split_seg1_check_mailbox_rgb__action__01,action,answered
2.86,4,True,8,"[""aligned_dataset/.frames_cache_marigold/check_mailbox_split/Seg1/check_mailbox/day/frame_000000_depth.png"", ""aligned_dataset/.frames_cache_marigold/check_mailbox_split/Seg1/check_mailbox/day/frame_000300_depth.png"", ""aligned_dataset/.frames_cache_marigold/check_mailbox_split/Seg1/check_mailbox/day/frame_000570_depth.png"", ""aligned_dataset/.frames_cache_marigold/check_mailbox_split/Seg1/check_mailbox/day/frame_000870_depth.png"", ""aligned_dataset/.frames_cache_marigold/check_mailbox_split/Seg1/check_mailbox/night/frame_000000_depth.png"", ""aligned_dataset/.frames_cache_marigold/check_mailbox_split/Seg1/check_mailbox/night/frame_000300_depth.png"", ""aligned_dataset/.frames_cache_marigold/check_mailbox_split/Seg1/check_mailbox/night/frame_000570_depth.png"", ""aligned_dataset/.frames_cache_marigold/check_mailbox_split/Seg1/check_mailbox/night/frame_000870_depth.png""]","{""max_new_tokens"": 128, ""do_sample"": false}",Behind the chest.,1.908,depth,{},1.2811,depth,behind,models/qwen/Qwen3-VL-4B-Instruct,4,aligned_dataset/check_mailbox_split/Seg1/depth,4.768,qwen_vl,event__aligned_dataset_check_mailbox_split_seg1_check_mailbox_event__event_spatial_reasoning__01__input_depth,Is the shoe rack located behind or in front of the chest of drawers relative to the camera's path?,,event_spatial_reasoning,event,aligned_dataset/check_mailbox_split/Seg1/check_mailbox_event,event__aligned_dataset_check_mailbox_split_seg1_check_mailbox_event__event_spatial_reasoning__01,event_spatial_reasoning,answered
2.86,4,True,8,"[""aligned_dataset/.frames_cache_marigold/check_mailbox_split/Seg1/check_mailbox/day/frame_000000_depth.png"", ""aligned_dataset/.frames_cache_marigold/check_mailbox_split/Seg1/check_mailbox/day/frame_000300_depth.png"", ""aligned_dataset/.frames_cache_marigold/check_mailbox_split/Seg1/check_mailbox/day/frame_000570_depth.png"", ""aligned_dataset/.frames_cache_marigold/check_mailbox_split/Seg1/check_mailbox/day/frame_000870_depth.png"", ""aligned_dataset/.frames_cache_marigold/check_mailbox_split/Seg1/check_mailbox/night/frame_000000_depth.png"", ""aligned_dataset/.frames_cache_marigold/check_mailbox_split/Seg1/check_mailbox/night/frame_000300_depth.png"", ""aligned_dataset/.frames_cache_marigold/check_mailbox_split/Seg1/check_mailbox/night/frame_000570_depth.png"", ""aligned_dataset/.frames_cache_marigold/check_mailbox_split/Seg1/check_mailbox/night/frame_000870_depth.png""]","{""max_new_tokens"": 128, ""do_sample"": false}",The balcony.,1.906,depth,{},1.3802,depth,The area is not visible.,models/qwen/Qwen3-VL-4B-Instruct,4,aligned_dataset/check_mailbox_split/Seg1/depth,4.766,qwen_vl,event__aligned_dataset_check_mailbox_split_seg1_check_mailbox_event__event_scene_sequence__01__input_depth,What is the final area visible after moving through the doorway?,,event_scene_sequence,event,aligned_dataset/check_mailbox_split/Seg1/check_mailbox_event,event__aligned_dataset_check_mailbox_split_seg1_check_mailbox_event__event_scene_sequence__01,event_scene_sequence,answered
2.86,4,True,8,"[""aligned_dataset/.frames_cache_marigold/check_mailbox_split/Seg1/check_mailbox/day/frame_000000_depth.png"", ""aligned_dataset/.frames_cache_marigold/check_mailbox_split/Seg1/check_mailbox/day/frame_000300_depth.png"", ""aligned_dataset/.frames_cache_marigold/check_mailbox_split/Seg1/check_mailbox/day/frame_000570_depth.png"", ""aligned_dataset/.frames_cache_marigold/check_mailbox_split/Seg1/check_mailbox/day/frame_000870_depth.png"", ""aligned_dataset/.frames_cache_marigold/check_mailbox_split/Seg1/check_mailbox/night/frame_000000_depth.png"", ""aligned_dataset/.frames_cache_marigold/check_mailbox_split/Seg1/check_mailbox/night/frame_000300_depth.png"", ""aligned_dataset/.frames_cache_marigold/check_mailbox_split/Seg1/check_mailbox/night/frame_000570_depth.png"", ""aligned_dataset/.frames_cache_marigold/check_mailbox_split/Seg1/check_mailbox/night/frame_000870_depth.png""]","{""max_new_tokens"": 128, ""do_sample"": false}","Two, the dresser and the shoe rack.",1.906,depth,{},1.254,depth,0,models/qwen/Qwen3-VL-4B-Instruct,4,aligned_dataset/check_mailbox_split/Seg1/depth,4.766,qwen_vl,event__aligned_dataset_check_mailbox_split_seg1_check_mailbox_event__event_counting__01__input_depth,How many major pieces of furniture are visible in the room?,,event_counting,event,aligned_dataset/check_mailbox_split/Seg1/check_mailbox_event,event__aligned_dataset_check_mailbox_split_seg1_check_mailbox_event__event_counting__01,event_counting,answered
2.86,4,True,8,"[""aligned_dataset/.frames_cache_marigold/check_mailbox_split/Seg1/check_mailbox/day/frame_000000_depth.png"", ""aligned_dataset/.frames_cache_marigold/check_mailbox_split/Seg1/check_mailbox/day/frame_000300_depth.png"", ""aligned_dataset/.frames_cache_marigold/check_mailbox_split/Seg1/check_mailbox/day/frame_000570_depth.png"", ""aligned_dataset/.frames_cache_marigold/check_mailbox_split/Seg1/check_mailbox/day/frame_000870_depth.png"", ""aligned_dataset/.frames_cache_marigold/check_mailbox_split/Seg1/check_mailbox/night/frame_000000_depth.png"", ""aligned_dataset/.frames_cache_marigold/check_mailbox_split/Seg1/check_mailbox/night/frame_000300_depth.png"", ""aligned_dataset/.frames_cache_marigold/check_mailbox_split/Seg1/check_mailbox/night/frame_000570_depth.png"", ""aligned_dataset/.frames_cache_marigold/check_mailbox_split/Seg1/check_mailbox/night/frame_000870_depth.png""]","{""max_new_tokens"": 128, ""do_sample"": false}",Zero.,1.905,depth,{},1.2562,depth,2,models/qwen/Qwen3-VL-4B-Instruct,4,aligned_dataset/check_mailbox_split/Seg1/depth,4.765,qwen_vl,event__aligned_dataset_check_mailbox_split_seg1_check_mailbox_event__event_dynamic_counting__01__input_depth,How many people walk past the camera?,,event_dynamic_counting,event,aligned_dataset/check_mailbox_split/Seg1/check_mailbox_event,event__aligned_dataset_check_mailbox_split_seg1_check_mailbox_event__event_dynamic_counting__01,event_dynamic_counting,answered
2.86,4,True,8,"[""aligned_dataset/.frames_cache_marigold/check_mailbox_split/Seg1/check_mailbox/day/frame_000000_depth.png"", ""aligned_dataset/.frames_cache_marigold/check_mailbox_split/Seg1/check_mailbox/day/frame_000300_depth.png"", ""aligned_dataset/.frames_cache_marigold/check_mailbox_split/Seg1/check_mailbox/day/frame_000570_depth.png"", ""aligned_dataset/.frames_cache_marigold/check_mailbox_split/Seg1/check_mailbox/day/frame_000870_depth.png"", ""aligned_dataset/.frames_cache_marigold/check_mailbox_split/Seg1/check_mailbox/night/frame_000000_depth.png"", ""aligned_dataset/.frames_cache_marigold/check_mailbox_split/Seg1/check_mailbox/night/frame_000300_depth.png"", ""aligned_dataset/.frames_cache_marigold/check_mailbox_split/Seg1/check_mailbox/night/frame_000570_depth.png"", ""aligned_dataset/.frames_cache_marigold/check_mailbox_split/Seg1/check_mailbox/night/frame_000870_depth.png""]","{""max_new_tokens"": 128, ""do_sample"": false}",Forward towards the doorway.,1.905,depth,{},1.2563,depth,left,models/qwen/Qwen3-VL-4B-Instruct,4,aligned_dataset/check_mailbox_split/Seg1/depth,4.765,qwen_vl,event__aligned_dataset_check_mailbox_split_seg1_check_mailbox_event__event_navigation__01__input_depth,What is the primary direction of the camera's movement?,,event_navigation,event,aligned_dataset/check_mailbox_split/Seg1/check_mailbox_event,event__aligned_dataset_check_mailbox_split_seg1_check_mailbox_event__event_navigation__01,event_navigation,answered
2.86,4,True,8,"[""aligned_dataset/.frames_cache_marigold/check_mailbox_split/Seg1/check_mailbox/day/frame_000000_depth.png"", ""aligned_dataset/.frames_cache_marigold/check_mailbox_split/Seg1/check_mailbox/day/frame_000300_depth.png"", ""aligned_dataset/.frames_cache_marigold/check_mailbox_split/Seg1/check_mailbox/day/frame_000570_depth.png"", ""aligned_dataset/.frames_cache_marigold/check_mailbox_split/Seg1/check_mailbox/day/frame_000870_depth.png"", ""aligned_dataset/.frames_cache_marigold/check_mailbox_split/Seg1/check_mailbox/night/frame_000000_depth.png"", ""aligned_dataset/.frames_cache_marigold/check_mailbox_split/Seg1/check_mailbox/night/frame_000300_depth.png"", ""aligned_dataset/.frames_cache_marigold/check_mailbox_split/Seg1/check_mailbox/night/frame_000570_depth.png"", ""aligned_dataset/.frames_cache_marigold/check_mailbox_split/Seg1/check_mailbox/night/frame_000870_depth.png""]","{""max_new_tokens"": 128, ""do_sample"": false}",No.,1.905,depth,{},1.2564,depth,No,models/qwen/Qwen3-VL-4B-Instruct,4,aligned_dataset/check_mailbox_split/Seg1/depth,4.765,qwen_vl,event__aligned_dataset_check_mailbox_split_seg1_check_mailbox_event__event_dynamic_recognition__01__input_depth,Are there any moving objects in the room?,,event_dynamic_recognition,event,aligned_dataset/check_mailbox_split/Seg1/check_mailbox_event,event__aligned_dataset_check_mailbox_split_seg1_check_mailbox_event__event_dynamic_recognition__01,event_dynamic_recognition,answered
2.86,4,True,8,"[""aligned_dataset/.frames_cache_marigold/check_mailbox_split/Seg1/check_mailbox/day/frame_000000_depth.png"", ""aligned_dataset/.frames_cache_marigold/check_mailbox_split/Seg1/check_mailbox/day/frame_000300_depth.png"", ""aligned_dataset/.frames_cache_marigold/check_mailbox_split/Seg1/check_mailbox/day/frame_000570_depth.png"", ""aligned_dataset/.frames_cache_marigold/check_mailbox_split/Seg1/check_mailbox/day/frame_000870_depth.png"", ""aligned_dataset/.frames_cache_marigold/check_mailbox_split/Seg1/check_mailbox/night/frame_000000_depth.png"", ""aligned_dataset/.frames_cache_marigold/check_mailbox_split/Seg1/check_mailbox/night/frame_000300_depth.png"", ""aligned_dataset/.frames_cache_marigold/check_mailbox_split/Seg1/check_mailbox/night/frame_000570_depth.png"", ""aligned_dataset/.frames_cache_marigold/check_mailbox_split/Seg1/check_mailbox/night/frame_000870_depth.png""]","{""max_new_tokens"": 128, ""do_sample"": false}",Walking forward.,1.905,depth,{},1.2785,depth,checking mailbox,models/qwen/Qwen3-VL-4B-Instruct,4,aligned_dataset/check_mailbox_split/Seg1/depth,4.765,qwen_vl,event__aligned_dataset_check_mailbox_split_seg1_check_mailbox_event__event_action__01__input_depth,What action is being performed by the camera holder?,,event_action,event,aligned_dataset/check_mailbox_split/Seg1/check_mailbox_event,event__aligned_dataset_check_mailbox_split_seg1_check_mailbox_event__event_action__01,event_action,answered
2.86,4,True,8,"[""aligned_dataset/.frames_cache_marigold/check_mailbox_split/Seg1/check_mailbox/day/frame_000000_depth.png"", ""aligned_dataset/.frames_cache_marigold/check_mailbox_split/Seg1/check_mailbox/day/frame_000300_depth.png"", ""aligned_dataset/.frames_cache_marigold/check_mailbox_split/Seg1/check_mailbox/day/frame_000570_depth.png"", ""aligned_dataset/.frames_cache_marigold/check_mailbox_split/Seg1/check_mailbox/day/frame_000870_depth.png"", ""aligned_dataset/.frames_cache_marigold/check_mailbox_split/Seg1/check_mailbox/night/frame_000000_depth.png"", ""aligned_dataset/.frames_cache_marigold/check_mailbox_split/Seg1/check_mailbox/night/frame_000300_depth.png"", ""aligned_dataset/.frames_cache_marigold/check_mailbox_split/Seg1/check_mailbox/night/frame_000570_depth.png"", ""aligned_dataset/.frames_cache_marigold/check_mailbox_split/Seg1/check_mailbox/night/frame_000870_depth.png""]","{""max_new_tokens"": 128, ""do_sample"": false}",No.,1.905,depth,{},1.2523,depth,No,models/qwen/Qwen3-VL-4B-Instruct,4,aligned_dataset/check_mailbox_split/Seg1/depth,4.765,qwen_vl,event__aligned_dataset_check_mailbox_split_seg1_check_mailbox_event__event_non_common__01__input_depth,Are there any floating or impossible objects visible?,,event_non_common,event,aligned_dataset/check_mailbox_split/Seg1/check_mailbox_event,event__aligned_dataset_check_mailbox_split_seg1_check_mailbox_event__event_non_common__01,event_non_common,answered
2.86,4,False,8,"[""aligned_dataset/.frames_cache_marigold/check_mailbox_split/Seg2/check_mailbox/day/frame_000000_depth.png"", ""aligned_dataset/.frames_cache_marigold/check_mailbox_split/Seg2/check_mailbox/day/frame_000300_depth.png"", ""aligned_dataset/.frames_cache_marigold/check_mailbox_split/Seg2/check_mailbox/day/frame_000570_depth.png"", ""aligned_dataset/.frames_cache_marigold/check_mailbox_split/Seg2/check_mailbox/day/frame_000870_depth.png"", ""aligned_dataset/.frames_cache_marigold/check_mailbox_split/Seg2/check_mailbox/night/frame_000000_depth.png"", ""aligned_dataset/.frames_cache_marigold/check_mailbox_split/Seg2/check_mailbox/night/frame_000300_depth.png"", ""aligned_dataset/.frames_cache_marigold/check_mailbox_split/Seg2/check_mailbox/night/frame_000570_depth.png"", ""aligned_dataset/.frames_cache_marigold/check_mailbox_split/Seg2/check_mailbox/night/frame_000870_depth.png""]","{""max_new_tokens"": 128, ""do_sample"": false}",An exterior stairwell.,1.906,depth,{},1.3237,depth,None,models/qwen/Qwen3-VL-4B-Instruct,4,check_mailbox_split/Seg2/depth,4.765,qwen_vl,depth__check_mailbox_split_seg2_check_mailbox__depth_object_recognition__01__input_depth,What is the primary geometric structure visible in front of me?,,depth_object_recognition,depth,check_mailbox_split/Seg2/check_mailbox,depth__check_mailbox_split_seg2_check_mailbox__depth_object_recognition__01,depth_object_recognition,answered
2.86,4,True,8,"[""aligned_dataset/.frames_cache_marigold/check_mailbox_split/Seg2/check_mailbox/day/frame_000000_depth.png"", ""aligned_dataset/.frames_cache_marigold/check_mailbox_split/Seg2/check_mailbox/day/frame_000300_depth.png"", ""aligned_dataset/.frames_cache_marigold/check_mailbox_split/Seg2/check_mailbox/day/frame_000570_depth.png"", ""aligned_dataset/.frames_cache_marigold/check_mailbox_split/Seg2/check_mailbox/day/frame_000870_depth.png"", ""aligned_dataset/.frames_cache_marigold/check_mailbox_split/Seg2/check_mailbox/night/frame_000000_depth.png"", ""aligned_dataset/.frames_cache_marigold/check_mailbox_split/Seg2/check_mailbox/night/frame_000300_depth.png"", ""aligned_dataset/.frames_cache_marigold/check_mailbox_split/Seg2/check_mailbox/night/frame_000570_depth.png"", ""aligned_dataset/.frames_cache_marigold/check_mailbox_split/Seg2/check_mailbox/night/frame_000870_depth.png""]","{""max_new_tokens"": 128, ""do_sample"": false}","Yes, it is closer.",1.906,depth,{},1.2576,depth,Yes,models/qwen/Qwen3-VL-4B-Instruct,4,check_mailbox_split/Seg2/depth,4.766,qwen_vl,depth__check_mailbox_split_seg2_check_mailbox__depth_spatial_reasoning__01__input_depth,Is the staircase railing closer to me than the tree on the left?,,depth_spatial_reasoning,depth,check_mailbox_split/Seg2/check_mailbox,depth__check_mailbox_split_seg2_check_mailbox__depth_spatial_reasoning__01,depth_spatial_reasoning,answered
2.86,4,True,8,"[""aligned_dataset/.frames_cache_marigold/check_mailbox_split/Seg2/check_mailbox/day/frame_000000_depth.png"", ""aligned_dataset/.frames_cache_marigold/check_mailbox_split/Seg2/check_mailbox/day/frame_000300_depth.png"", ""aligned_dataset/.frames_cache_marigold/check_mailbox_split/Seg2/check_mailbox/day/frame_000570_depth.png"", ""aligned_dataset/.frames_cache_marigold/check_mailbox_split/Seg2/check_mailbox/day/frame_000870_depth.png"", ""aligned_dataset/.frames_cache_marigold/check_mailbox_split/Seg2/check_mailbox/night/frame_000000_depth.png"", ""aligned_dataset/.frames_cache_marigold/check_mailbox_split/Seg2/check_mailbox/night/frame_000300_depth.png"", ""aligned_dataset/.frames_cache_marigold/check_mailbox_split/Seg2/check_mailbox/night/frame_000570_depth.png"", ""aligned_dataset/.frames_cache_marigold/check_mailbox_split/Seg2/check_mailbox/night/frame_000870_depth.png""]","{""max_new_tokens"": 128, ""do_sample"": false}","No, it moves vertically.",1.906,depth,{},1.2556,depth,No,models/qwen/Qwen3-VL-4B-Instruct,4,check_mailbox_split/Seg2/depth,4.765,qwen_vl,depth__check_mailbox_split_seg2_check_mailbox__depth_scene_sequence__01__input_depth,Does the path I am following move along a single horizontal level?,,depth_scene_sequence,depth,check_mailbox_split/Seg2/check_mailbox,depth__check_mailbox_split_seg2_check_mailbox__depth_scene_sequence__01,depth_scene_sequence,answered
2.86,4,True,8,"[""aligned_dataset/.frames_cache_marigold/check_mailbox_split/Seg2/check_mailbox/day/frame_000000_depth.png"", ""aligned_dataset/.frames_cache_marigold/check_mailbox_split/Seg2/check_mailbox/day/frame_000300_depth.png"", ""aligned_dataset/.frames_cache_marigold/check_mailbox_split/Seg2/check_mailbox/day/frame_000570_depth.png"", ""aligned_dataset/.frames_cache_marigold/check_mailbox_split/Seg2/check_mailbox/day/frame_000870_depth.png"", ""aligned_dataset/.frames_cache_marigold/check_mailbox_split/Seg2/check_mailbox/night/frame_000000_depth.png"", ""aligned_dataset/.frames_cache_marigold/check_mailbox_split/Seg2/check_mailbox/night/frame_000300_depth.png"", ""aligned_dataset/.frames_cache_marigold/check_mailbox_split/Seg2/check_mailbox/night/frame_000570_depth.png"", ""aligned_dataset/.frames_cache_marigold/check_mailbox_split/Seg2/check_mailbox/night/frame_000870_depth.png""]","{""max_new_tokens"": 128, ""do_sample"": false}",Three levels.,1.906,depth,{},1.2552,depth,0,models/qwen/Qwen3-VL-4B-Instruct,4,check_mailbox_split/Seg2/depth,4.766,qwen_vl,depth__check_mailbox_split_seg2_check_mailbox__depth_counting__01__input_depth,How many main staircase levels can I see in the 3D scene?,,depth_counting,depth,check_mailbox_split/Seg2/check_mailbox,depth__check_mailbox_split_seg2_check_mailbox__depth_counting__01,depth_counting,answered
2.86,4,True,8,"[""aligned_dataset/.frames_cache_marigold/check_mailbox_split/Seg2/check_mailbox/day/frame_000000_depth.png"", ""aligned_dataset/.frames_cache_marigold/check_mailbox_split/Seg2/check_mailbox/day/frame_000300_depth.png"", ""aligned_dataset/.frames_cache_marigold/check_mailbox_split/Seg2/check_mailbox/day/frame_000570_depth.png"", ""aligned_dataset/.frames_cache_marigold/check_mailbox_split/Seg2/check_mailbox/day/frame_000870_depth.png"", ""aligned_dataset/.frames_cache_marigold/check_mailbox_split/Seg2/check_mailbox/night/frame_000000_depth.png"", ""aligned_dataset/.frames_cache_marigold/check_mailbox_split/Seg2/check_mailbox/night/frame_000300_depth.png"", ""aligned_dataset/.frames_cache_marigold/check_mailbox_split/Seg2/check_mailbox/night/frame_000570_depth.png"", ""aligned_dataset/.frames_cache_marigold/check_mailbox_split/Seg2/check_mailbox/night/frame_000870_depth.png""]","{""max_new_tokens"": 128, ""do_sample"": false}",Zero.,1.905,depth,{},1.2603,depth,0,models/qwen/Qwen3-VL-4B-Instruct,4,check_mailbox_split/Seg2/depth,4.765,qwen_vl,depth__check_mailbox_split_seg2_check_mailbox__depth_dynamic_counting__01__input_depth,How many moving people did I encounter during my descent?,,depth_dynamic_counting,depth,check_mailbox_split/Seg2/check_mailbox,depth__check_mailbox_split_seg2_check_mailbox__depth_dynamic_counting__01,depth_dynamic_counting,answered
2.86,4,True,8,"[""aligned_dataset/.frames_cache_marigold/check_mailbox_split/Seg2/check_mailbox/day/frame_000000_depth.png"", ""aligned_dataset/.frames_cache_marigold/check_mailbox_split/Seg2/check_mailbox/day/frame_000300_depth.png"", ""aligned_dataset/.frames_cache_marigold/check_mailbox_split/Seg2/check_mailbox/day/frame_000570_depth.png"", ""aligned_dataset/.frames_cache_marigold/check_mailbox_split/Seg2/check_mailbox/day/frame_000870_depth.png"", ""aligned_dataset/.frames_cache_marigold/check_mailbox_split/Seg2/check_mailbox/night/frame_000000_depth.png"", ""aligned_dataset/.frames_cache_marigold/check_mailbox_split/Seg2/check_mailbox/night/frame_000300_depth.png"", ""aligned_dataset/.frames_cache_marigold/check_mailbox_split/Seg2/check_mailbox/night/frame_000570_depth.png"", ""aligned_dataset/.frames_cache_marigold/check_mailbox_split/Seg2/check_mailbox/night/frame_000870_depth.png""]","{""max_new_tokens"": 128, ""do_sample"": false}","Yes, it is.",1.905,depth,{},1.2554,depth,No,models/qwen/Qwen3-VL-4B-Instruct,4,check_mailbox_split/Seg2/depth,4.765,qwen_vl,depth__check_mailbox_split_seg2_check_mailbox__depth_navigation__01__input_depth,Is the staircase a safe path for moving between these levels?,,depth_navigation,depth,check_mailbox_split/Seg2/check_mailbox,depth__check_mailbox_split_seg2_check_mailbox__depth_navigation__01,depth_navigation,answered
2.86,4,True,8,"[""aligned_dataset/.frames_cache_marigold/check_mailbox_split/Seg2/check_mailbox/day/frame_000000_depth.png"", ""aligned_dataset/.frames_cache_marigold/check_mailbox_split/Seg2/check_mailbox/day/frame_000300_depth.png"", ""aligned_dataset/.frames_cache_marigold/check_mailbox_split/Seg2/check_mailbox/day/frame_000570_depth.png"", ""aligned_dataset/.frames_cache_marigold/check_mailbox_split/Seg2/check_mailbox/day/frame_000870_depth.png"", ""aligned_dataset/.frames_cache_marigold/check_mailbox_split/Seg2/check_mailbox/night/frame_000000_depth.png"", ""aligned_dataset/.frames_cache_marigold/check_mailbox_split/Seg2/check_mailbox/night/frame_000300_depth.png"", ""aligned_dataset/.frames_cache_marigold/check_mailbox_split/Seg2/check_mailbox/night/frame_000570_depth.png"", ""aligned_dataset/.frames_cache_marigold/check_mailbox_split/Seg2/check_mailbox/night/frame_000870_depth.png""]","{""max_new_tokens"": 128, ""do_sample"": false}",No.,1.905,depth,{},1.2569,depth,No,models/qwen/Qwen3-VL-4B-Instruct,4,check_mailbox_split/Seg2/depth,4.765,qwen_vl,depth__check_mailbox_split_seg2_check_mailbox__depth_dynamic_recognition__01__input_depth,Are there any moving objects in this scene?,,depth_dynamic_recognition,depth,check_mailbox_split/Seg2/check_mailbox,depth__check_mailbox_split_seg2_check_mailbox__depth_dynamic_recognition__01,depth_dynamic_recognition,answered
2.86,4,True,8,"[""aligned_dataset/.frames_cache_marigold/check_mailbox_split/Seg2/check_mailbox/day/frame_000000_depth.png"", ""aligned_dataset/.frames_cache_marigold/check_mailbox_split/Seg2/check_mailbox/day/frame_000300_depth.png"", ""aligned_dataset/.frames_cache_marigold/check_mailbox_split/Seg2/check_mailbox/day/frame_000570_depth.png"", ""aligned_dataset/.frames_cache_marigold/check_mailbox_split/Seg2/check_mailbox/day/frame_000870_depth.png"", ""aligned_dataset/.frames_cache_marigold/check_mailbox_split/Seg2/check_mailbox/night/frame_000000_depth.png"", ""aligned_dataset/.frames_cache_marigold/check_mailbox_split/Seg2/check_mailbox/night/frame_000300_depth.png"", ""aligned_dataset/.frames_cache_marigold/check_mailbox_split/Seg2/check_mailbox/night/frame_000570_depth.png"", ""aligned_dataset/.frames_cache_marigold/check_mailbox_split/Seg2/check_mailbox/night/frame_000870_depth.png""]","{""max_new_tokens"": 128, ""do_sample"": false}",Descending the stairs.,1.905,depth,{},1.2565,depth,walking,models/qwen/Qwen3-VL-4B-Instruct,4,check_mailbox_split/Seg2/depth,4.765,qwen_vl,depth__check_mailbox_split_seg2_check_mailbox__depth_action__01__input_depth,What action am I performing as I move through this stairwell?,,depth_action,depth,check_mailbox_split/Seg2/check_mailbox,depth__check_mailbox_split_seg2_check_mailbox__depth_action__01,depth_action,answered
2.86,4,True,8,"[""aligned_dataset/.frames_cache_marigold/check_mailbox_split/Seg2/check_mailbox/day/frame_000000_depth.png"", ""aligned_dataset/.frames_cache_marigold/check_mailbox_split/Seg2/check_mailbox/day/frame_000300_depth.png"", ""aligned_dataset/.frames_cache_marigold/check_mailbox_split/Seg2/check_mailbox/day/frame_000570_depth.png"", ""aligned_dataset/.frames_cache_marigold/check_mailbox_split/Seg2/check_mailbox/day/frame_000870_depth.png"", ""aligned_dataset/.frames_cache_marigold/check_mailbox_split/Seg2/check_mailbox/night/frame_000000_depth.png"", ""aligned_dataset/.frames_cache_marigold/check_mailbox_split/Seg2/check_mailbox/night/frame_000300_depth.png"", ""aligned_dataset/.frames_cache_marigold/check_mailbox_split/Seg2/check_mailbox/night/frame_000570_depth.png"", ""aligned_dataset/.frames_cache_marigold/check_mailbox_split/Seg2/check_mailbox/night/frame_000870_depth.png""]","{""max_new_tokens"": 128, ""do_sample"": false}",No.,1.905,depth,{},1.256,depth,No,models/qwen/Qwen3-VL-4B-Instruct,4,check_mailbox_split/Seg2/depth,4.765,qwen_vl,depth__check_mailbox_split_seg2_check_mailbox__depth_non_common__01__input_depth,Are there any floating objects in the depth stream?,,depth_non_common,depth,check_mailbox_split/Seg2/check_mailbox,depth__check_mailbox_split_seg2_check_mailbox__depth_non_common__01,depth_non_common,answered
2.86,4,True,8,"[""aligned_dataset/.frames_cache_marigold/check_mailbox_split/Seg2/check_mailbox/day/frame_000000_depth.png"", ""aligned_dataset/.frames_cache_marigold/check_mailbox_split/Seg2/check_mailbox/day/frame_000300_depth.png"", ""aligned_dataset/.frames_cache_marigold/check_mailbox_split/Seg2/check_mailbox/day/frame_000570_depth.png"", ""aligned_dataset/.frames_cache_marigold/check_mailbox_split/Seg2/check_mailbox/day/frame_000870_depth.png"", ""aligned_dataset/.frames_cache_marigold/check_mailbox_split/Seg2/check_mailbox/night/frame_000000_depth.png"", ""aligned_dataset/.frames_cache_marigold/check_mailbox_split/Seg2/check_mailbox/night/frame_000300_depth.png"", ""aligned_dataset/.frames_cache_marigold/check_mailbox_split/Seg2/check_mailbox/night/frame_000570_depth.png"", ""aligned_dataset/.frames_cache_marigold/check_mailbox_split/Seg2/check_mailbox/night/frame_000870_depth.png""]","{""max_new_tokens"": 128, ""do_sample"": false}",The staircase is located directly ahead and slightly to the left.,1.907,depth,{},1.2575,depth,left,models/qwen/Qwen3-VL-4B-Instruct,4,aligned_dataset/check_mailbox_split/Seg2/depth,4.767,qwen_vl,rgb__aligned_dataset_check_mailbox_split_seg2_check_mailbox_rgb__spatial_reasoning__01__input_depth,Where is the metal staircase located relative to my path as I reach the end of the corridor?,,spatial_reasoning,rgb,aligned_dataset/check_mailbox_split/Seg2/check_mailbox_rgb,rgb__aligned_dataset_check_mailbox_split_seg2_check_mailbox_rgb__spatial_reasoning__01,spatial_reasoning,answered
2.86,4,True,8,"[""aligned_dataset/.frames_cache_marigold/check_mailbox_split/Seg2/check_mailbox/day/frame_000000_depth.png"", ""aligned_dataset/.frames_cache_marigold/check_mailbox_split/Seg2/check_mailbox/day/frame_000300_depth.png"", ""aligned_dataset/.frames_cache_marigold/check_mailbox_split/Seg2/check_mailbox/day/frame_000570_depth.png"", ""aligned_dataset/.frames_cache_marigold/check_mailbox_split/Seg2/check_mailbox/day/frame_000870_depth.png"", ""aligned_dataset/.frames_cache_marigold/check_mailbox_split/Seg2/check_mailbox/night/frame_000000_depth.png"", ""aligned_dataset/.frames_cache_marigold/check_mailbox_split/Seg2/check_mailbox/night/frame_000300_depth.png"", ""aligned_dataset/.frames_cache_marigold/check_mailbox_split/Seg2/check_mailbox/night/frame_000570_depth.png"", ""aligned_dataset/.frames_cache_marigold/check_mailbox_split/Seg2/check_mailbox/night/frame_000870_depth.png""]","{""max_new_tokens"": 128, ""do_sample"": false}",1233.,1.906,depth,{},1.3029,depth,101,models/qwen/Qwen3-VL-4B-Instruct,4,aligned_dataset/check_mailbox_split/Seg2/depth,4.765,qwen_vl,rgb__aligned_dataset_check_mailbox_split_seg2_check_mailbox_rgb__text_recognition__01__input_depth,What is the first room number listed on the wall?,,text_recognition,rgb,aligned_dataset/check_mailbox_split/Seg2/check_mailbox_rgb,rgb__aligned_dataset_check_mailbox_split_seg2_check_mailbox_rgb__text_recognition__01,text_recognition,answered
2.86,4,True,8,"[""aligned_dataset/.frames_cache_marigold/check_mailbox_split/Seg2/check_mailbox/day/frame_000000_depth.png"", ""aligned_dataset/.frames_cache_marigold/check_mailbox_split/Seg2/check_mailbox/day/frame_000300_depth.png"", ""aligned_dataset/.frames_cache_marigold/check_mailbox_split/Seg2/check_mailbox/day/frame_000570_depth.png"", ""aligned_dataset/.frames_cache_marigold/check_mailbox_split/Seg2/check_mailbox/day/frame_000870_depth.png"", ""aligned_dataset/.frames_cache_marigold/check_mailbox_split/Seg2/check_mailbox/night/frame_000000_depth.png"", ""aligned_dataset/.frames_cache_marigold/check_mailbox_split/Seg2/check_mailbox/night/frame_000300_depth.png"", ""aligned_dataset/.frames_cache_marigold/check_mailbox_split/Seg2/check_mailbox/night/frame_000570_depth.png"", ""aligned_dataset/.frames_cache_marigold/check_mailbox_split/Seg2/check_mailbox/night/frame_000870_depth.png""]","{""max_new_tokens"": 128, ""do_sample"": false}","1233, 1234, and 1235.",1.906,depth,{},1.7836,depth,"000000, 000300, 000570",models/qwen/Qwen3-VL-4B-Instruct,4,aligned_dataset/check_mailbox_split/Seg2/depth,4.766,qwen_vl,rgb__aligned_dataset_check_mailbox_split_seg2_check_mailbox_rgb__text_recognition__02__input_depth,What are the three specific numbers displayed in the room directory?,,text_recognition,rgb,aligned_dataset/check_mailbox_split/Seg2/check_mailbox_rgb,rgb__aligned_dataset_check_mailbox_split_seg2_check_mailbox_rgb__text_recognition__02,text_recognition,answered
2.86,4,True,8,"[""aligned_dataset/.frames_cache_marigold/check_mailbox_split/Seg2/check_mailbox/day/frame_000000_depth.png"", ""aligned_dataset/.frames_cache_marigold/check_mailbox_split/Seg2/check_mailbox/day/frame_000300_depth.png"", ""aligned_dataset/.frames_cache_marigold/check_mailbox_split/Seg2/check_mailbox/day/frame_000570_depth.png"", ""aligned_dataset/.frames_cache_marigold/check_mailbox_split/Seg2/check_mailbox/day/frame_000870_depth.png"", ""aligned_dataset/.frames_cache_marigold/check_mailbox_split/Seg2/check_mailbox/night/frame_000000_depth.png"", ""aligned_dataset/.frames_cache_marigold/check_mailbox_split/Seg2/check_mailbox/night/frame_000300_depth.png"", ""aligned_dataset/.frames_cache_marigold/check_mailbox_split/Seg2/check_mailbox/night/frame_000570_depth.png"", ""aligned_dataset/.frames_cache_marigold/check_mailbox_split/Seg2/check_mailbox/night/frame_000870_depth.png""]","{""max_new_tokens"": 128, ""do_sample"": false}",N°.,1.905,depth,{},1.2808,depth,no prefix,models/qwen/Qwen3-VL-4B-Instruct,4,aligned_dataset/check_mailbox_split/Seg2/depth,4.765,qwen_vl,rgb__aligned_dataset_check_mailbox_split_seg2_check_mailbox_rgb__text_recognition__03__input_depth,What prefix precedes the numbers on the wall?,,text_recognition,rgb,aligned_dataset/check_mailbox_split/Seg2/check_mailbox_rgb,rgb__aligned_dataset_check_mailbox_split_seg2_check_mailbox_rgb__text_recognition__03,text_recognition,answered
2.86,4,True,8,"[""aligned_dataset/.frames_cache_marigold/check_mailbox_split/Seg2/check_mailbox/day/frame_000000_depth.png"", ""aligned_dataset/.frames_cache_marigold/check_mailbox_split/Seg2/check_mailbox/day/frame_000300_depth.png"", ""aligned_dataset/.frames_cache_marigold/check_mailbox_split/Seg2/check_mailbox/day/frame_000570_depth.png"", ""aligned_dataset/.frames_cache_marigold/check_mailbox_split/Seg2/check_mailbox/day/frame_000870_depth.png"", ""aligned_dataset/.frames_cache_marigold/check_mailbox_split/Seg2/check_mailbox/night/frame_000000_depth.png"", ""aligned_dataset/.frames_cache_marigold/check_mailbox_split/Seg2/check_mailbox/night/frame_000300_depth.png"", ""aligned_dataset/.frames_cache_marigold/check_mailbox_split/Seg2/check_mailbox/night/frame_000570_depth.png"", ""aligned_dataset/.frames_cache_marigold/check_mailbox_split/Seg2/check_mailbox/night/frame_000870_depth.png""]","{""max_new_tokens"": 128, ""do_sample"": false}",White.,1.905,depth,{},1.2552,depth,black,models/qwen/Qwen3-VL-4B-Instruct,4,aligned_dataset/check_mailbox_split/Seg2/depth,4.765,qwen_vl,rgb__aligned_dataset_check_mailbox_split_seg2_check_mailbox_rgb__text_recognition__04__input_depth,What color is the text for the room numbers?,,text_recognition,rgb,aligned_dataset/check_mailbox_split/Seg2/check_mailbox_rgb,rgb__aligned_dataset_check_mailbox_split_seg2_check_mailbox_rgb__text_recognition__04,text_recognition,answered
2.86,4,True,8,"[""aligned_dataset/.frames_cache_marigold/check_mailbox_split/Seg2/check_mailbox/day/frame_000000_depth.png"", ""aligned_dataset/.frames_cache_marigold/check_mailbox_split/Seg2/check_mailbox/day/frame_000300_depth.png"", ""aligned_dataset/.frames_cache_marigold/check_mailbox_split/Seg2/check_mailbox/day/frame_000570_depth.png"", ""aligned_dataset/.frames_cache_marigold/check_mailbox_split/Seg2/check_mailbox/day/frame_000870_depth.png"", ""aligned_dataset/.frames_cache_marigold/check_mailbox_split/Seg2/check_mailbox/night/frame_000000_depth.png"", ""aligned_dataset/.frames_cache_marigold/check_mailbox_split/Seg2/check_mailbox/night/frame_000300_depth.png"", ""aligned_dataset/.frames_cache_marigold/check_mailbox_split/Seg2/check_mailbox/night/frame_000570_depth.png"", ""aligned_dataset/.frames_cache_marigold/check_mailbox_split/Seg2/check_mailbox/night/frame_000870_depth.png""]","{""max_new_tokens"": 128, ""do_sample"": false}",Vertical bars (|).,1.906,depth,{},1.2559,depth,-,models/qwen/Qwen3-VL-4B-Instruct,4,aligned_dataset/check_mailbox_split/Seg2/depth,4.766,qwen_vl,rgb__aligned_dataset_check_mailbox_split_seg2_check_mailbox_rgb__text_recognition__05__input_depth,What symbol is used to separate the room numbers on the wall?,,text_recognition,rgb,aligned_dataset/check_mailbox_split/Seg2/check_mailbox_rgb,rgb__aligned_dataset_check_mailbox_split_seg2_check_mailbox_rgb__text_recognition__05,text_recognition,answered
2.86,4,True,8,"[""aligned_dataset/.frames_cache_marigold/check_mailbox_split/Seg2/check_mailbox/day/frame_000000_depth.png"", ""aligned_dataset/.frames_cache_marigold/check_mailbox_split/Seg2/check_mailbox/day/frame_000300_depth.png"", ""aligned_dataset/.frames_cache_marigold/check_mailbox_split/Seg2/check_mailbox/day/frame_000570_depth.png"", ""aligned_dataset/.frames_cache_marigold/check_mailbox_split/Seg2/check_mailbox/day/frame_000870_depth.png"", ""aligned_dataset/.frames_cache_marigold/check_mailbox_split/Seg2/check_mailbox/night/frame_000000_depth.png"", ""aligned_dataset/.frames_cache_marigold/check_mailbox_split/Seg2/check_mailbox/night/frame_000300_depth.png"", ""aligned_dataset/.frames_cache_marigold/check_mailbox_split/Seg2/check_mailbox/night/frame_000570_depth.png"", ""aligned_dataset/.frames_cache_marigold/check_mailbox_split/Seg2/check_mailbox/night/frame_000870_depth.png""]","{""max_new_tokens"": 128, ""do_sample"": false}",An emergency exit.,1.905,depth,{},1.3566,depth,No green sign visible.,models/qwen/Qwen3-VL-4B-Instruct,4,aligned_dataset/check_mailbox_split/Seg2/depth,4.765,qwen_vl,rgb__aligned_dataset_check_mailbox_split_seg2_check_mailbox_rgb__text_recognition__06__input_depth,What does the green sign on the ceiling represent?,,text_recognition,rgb,aligned_dataset/check_mailbox_split/Seg2/check_mailbox_rgb,rgb__aligned_dataset_check_mailbox_split_seg2_check_mailbox_rgb__text_recognition__06,text_recognition,answered
2.86,4,True,8,"[""aligned_dataset/.frames_cache_marigold/check_mailbox_split/Seg2/check_mailbox/day/frame_000000_depth.png"", ""aligned_dataset/.frames_cache_marigold/check_mailbox_split/Seg2/check_mailbox/day/frame_000300_depth.png"", ""aligned_dataset/.frames_cache_marigold/check_mailbox_split/Seg2/check_mailbox/day/frame_000570_depth.png"", ""aligned_dataset/.frames_cache_marigold/check_mailbox_split/Seg2/check_mailbox/day/frame_000870_depth.png"", ""aligned_dataset/.frames_cache_marigold/check_mailbox_split/Seg2/check_mailbox/night/frame_000000_depth.png"", ""aligned_dataset/.frames_cache_marigold/check_mailbox_split/Seg2/check_mailbox/night/frame_000300_depth.png"", ""aligned_dataset/.frames_cache_marigold/check_mailbox_split/Seg2/check_mailbox/night/frame_000570_depth.png"", ""aligned_dataset/.frames_cache_marigold/check_mailbox_split/Seg2/check_mailbox/night/frame_000870_depth.png""]","{""max_new_tokens"": 128, ""do_sample"": false}",Left.,1.906,depth,{},1.2565,depth,right,models/qwen/Qwen3-VL-4B-Instruct,4,aligned_dataset/check_mailbox_split/Seg2/depth,4.765,qwen_vl,rgb__aligned_dataset_check_mailbox_split_seg2_check_mailbox_rgb__text_recognition__07__input_depth,Which direction does the arrow on the exit sign point?,,text_recognition,rgb,aligned_dataset/check_mailbox_split/Seg2/check_mailbox_rgb,rgb__aligned_dataset_check_mailbox_split_seg2_check_mailbox_rgb__text_recognition__07,text_recognition,answered
2.86,4,True,8,"[""aligned_dataset/.frames_cache_marigold/check_mailbox_split/Seg2/check_mailbox/day/frame_000000_depth.png"", ""aligned_dataset/.frames_cache_marigold/check_mailbox_split/Seg2/check_mailbox/day/frame_000300_depth.png"", ""aligned_dataset/.frames_cache_marigold/check_mailbox_split/Seg2/check_mailbox/day/frame_000570_depth.png"", ""aligned_dataset/.frames_cache_marigold/check_mailbox_split/Seg2/check_mailbox/day/frame_000870_depth.png"", ""aligned_dataset/.frames_cache_marigold/check_mailbox_split/Seg2/check_mailbox/night/frame_000000_depth.png"", ""aligned_dataset/.frames_cache_marigold/check_mailbox_split/Seg2/check_mailbox/night/frame_000300_depth.png"", ""aligned_dataset/.frames_cache_marigold/check_mailbox_split/Seg2/check_mailbox/night/frame_000570_depth.png"", ""aligned_dataset/.frames_cache_marigold/check_mailbox_split/Seg2/check_mailbox/night/frame_000870_depth.png""]","{""max_new_tokens"": 128, ""do_sample"": false}","Indoor corridor, outdoor corridor extension, external staircase, and courtyard view.",1.905,depth,{},1.4092,depth,"Left, Right, Left, Right",models/qwen/Qwen3-VL-4B-Instruct,4,aligned_dataset/check_mailbox_split/Seg2/depth,4.765,qwen_vl,rgb__aligned_dataset_check_mailbox_split_seg2_check_mailbox_rgb__scene_sequence__01__input_depth,What is the sequence of scenes I passed through?,,scene_sequence,rgb,aligned_dataset/check_mailbox_split/Seg2/check_mailbox_rgb,rgb__aligned_dataset_check_mailbox_split_seg2_check_mailbox_rgb__scene_sequence__01,scene_sequence,answered
2.86,4,True,8,"[""aligned_dataset/.frames_cache_marigold/check_mailbox_split/Seg2/check_mailbox/day/frame_000000_depth.png"", ""aligned_dataset/.frames_cache_marigold/check_mailbox_split/Seg2/check_mailbox/day/frame_000300_depth.png"", ""aligned_dataset/.frames_cache_marigold/check_mailbox_split/Seg2/check_mailbox/day/frame_000570_depth.png"", ""aligned_dataset/.frames_cache_marigold/check_mailbox_split/Seg2/check_mailbox/day/frame_000870_depth.png"", ""aligned_dataset/.frames_cache_marigold/check_mailbox_split/Seg2/check_mailbox/night/frame_000000_depth.png"", ""aligned_dataset/.frames_cache_marigold/check_mailbox_split/Seg2/check_mailbox/night/frame_000300_depth.png"", ""aligned_dataset/.frames_cache_marigold/check_mailbox_split/Seg2/check_mailbox/night/frame_000570_depth.png"", ""aligned_dataset/.frames_cache_marigold/check_mailbox_split/Seg2/check_mailbox/night/frame_000870_depth.png""]","{""max_new_tokens"": 128, ""do_sample"": false}",A ceiling-mounted exit sign and a section of the corridor with a railing.,1.905,depth,{},1.2545,depth,mailbox,models/qwen/Qwen3-VL-4B-Instruct,4,aligned_dataset/check_mailbox_split/Seg2/depth,4.765,qwen_vl,rgb__aligned_dataset_check_mailbox_split_seg2_check_mailbox_rgb__scene_sequence__02__input_depth,What did I pass just before reaching the staircase?,,scene_sequence,rgb,aligned_dataset/check_mailbox_split/Seg2/check_mailbox_rgb,rgb__aligned_dataset_check_mailbox_split_seg2_check_mailbox_rgb__scene_sequence__02,scene_sequence,answered
2.86,4,True,8,"[""aligned_dataset/.frames_cache_marigold/check_mailbox_split/Seg2/check_mailbox/day/frame_000000_depth.png"", ""aligned_dataset/.frames_cache_marigold/check_mailbox_split/Seg2/check_mailbox/day/frame_000300_depth.png"", ""aligned_dataset/.frames_cache_marigold/check_mailbox_split/Seg2/check_mailbox/day/frame_000570_depth.png"", ""aligned_dataset/.frames_cache_marigold/check_mailbox_split/Seg2/check_mailbox/day/frame_000870_depth.png"", ""aligned_dataset/.frames_cache_marigold/check_mailbox_split/Seg2/check_mailbox/night/frame_000000_depth.png"", ""aligned_dataset/.frames_cache_marigold/check_mailbox_split/Seg2/check_mailbox/night/frame_000300_depth.png"", ""aligned_dataset/.frames_cache_marigold/check_mailbox_split/Seg2/check_mailbox/night/frame_000570_depth.png"", ""aligned_dataset/.frames_cache_marigold/check_mailbox_split/Seg2/check_mailbox/night/frame_000870_depth.png""]","{""max_new_tokens"": 128, ""do_sample"": false}",The point where the solid wall on the left was replaced by a metal railing.,1.905,depth,{},1.4794,depth,frame_000300_depth.png,models/qwen/Qwen3-VL-4B-Instruct,4,aligned_dataset/check_mailbox_split/Seg2/depth,4.765,qwen_vl,rgb__aligned_dataset_check_mailbox_split_seg2_check_mailbox_rgb__scene_sequence__05__input_depth,What was the transition point from indoors to outdoors?,,scene_sequence,rgb,aligned_dataset/check_mailbox_split/Seg2/check_mailbox_rgb,rgb__aligned_dataset_check_mailbox_split_seg2_check_mailbox_rgb__scene_sequence__05,scene_sequence,answered
2.86,4,True,8,"[""aligned_dataset/.frames_cache_marigold/check_mailbox_split/Seg2/check_mailbox/day/frame_000000_depth.png"", ""aligned_dataset/.frames_cache_marigold/check_mailbox_split/Seg2/check_mailbox/day/frame_000300_depth.png"", ""aligned_dataset/.frames_cache_marigold/check_mailbox_split/Seg2/check_mailbox/day/frame_000570_depth.png"", ""aligned_dataset/.frames_cache_marigold/check_mailbox_split/Seg2/check_mailbox/day/frame_000870_depth.png"", ""aligned_dataset/.frames_cache_marigold/check_mailbox_split/Seg2/check_mailbox/night/frame_000000_depth.png"", ""aligned_dataset/.frames_cache_marigold/check_mailbox_split/Seg2/check_mailbox/night/frame_000300_depth.png"", ""aligned_dataset/.frames_cache_marigold/check_mailbox_split/Seg2/check_mailbox/night/frame_000570_depth.png"", ""aligned_dataset/.frames_cache_marigold/check_mailbox_split/Seg2/check_mailbox/night/frame_000870_depth.png""]","{""max_new_tokens"": 128, ""do_sample"": false}",An external metal staircase leading down.,1.906,depth,{},1.5284,depth,A dark vertical object on the left side of the frame.,models/qwen/Qwen3-VL-4B-Instruct,4,aligned_dataset/check_mailbox_split/Seg2/depth,4.766,qwen_vl,rgb__aligned_dataset_check_mailbox_split_seg2_check_mailbox_rgb__scene_sequence__06__input_depth,What did I see after turning left at the end of the hallway?,,scene_sequence,rgb,aligned_dataset/check_mailbox_split/Seg2/check_mailbox_rgb,rgb__aligned_dataset_check_mailbox_split_seg2_check_mailbox_rgb__scene_sequence__06,scene_sequence,answered
2.86,4,True,8,"[""aligned_dataset/.frames_cache_marigold/check_mailbox_split/Seg2/check_mailbox/day/frame_000000_depth.png"", ""aligned_dataset/.frames_cache_marigold/check_mailbox_split/Seg2/check_mailbox/day/frame_000300_depth.png"", ""aligned_dataset/.frames_cache_marigold/check_mailbox_split/Seg2/check_mailbox/day/frame_000570_depth.png"", ""aligned_dataset/.frames_cache_marigold/check_mailbox_split/Seg2/check_mailbox/day/frame_000870_depth.png"", ""aligned_dataset/.frames_cache_marigold/check_mailbox_split/Seg2/check_mailbox/night/frame_000000_depth.png"", ""aligned_dataset/.frames_cache_marigold/check_mailbox_split/Seg2/check_mailbox/night/frame_000300_depth.png"", ""aligned_dataset/.frames_cache_marigold/check_mailbox_split/Seg2/check_mailbox/night/frame_000570_depth.png"", ""aligned_dataset/.frames_cache_marigold/check_mailbox_split/Seg2/check_mailbox/night/frame_000870_depth.png""]","{""max_new_tokens"": 128, ""do_sample"": false}",A ground-level courtyard with grass and concrete elements.,1.905,depth,{},1.2792,depth,hallway,models/qwen/Qwen3-VL-4B-Instruct,4,aligned_dataset/check_mailbox_split/Seg2/depth,4.764,qwen_vl,rgb__aligned_dataset_check_mailbox_split_seg2_check_mailbox_rgb__scene_sequence__07__input_depth,What environment did the stairs lead towards?,,scene_sequence,rgb,aligned_dataset/check_mailbox_split/Seg2/check_mailbox_rgb,rgb__aligned_dataset_check_mailbox_split_seg2_check_mailbox_rgb__scene_sequence__07,scene_sequence,answered
2.86,4,True,8,"[""aligned_dataset/.frames_cache_marigold/check_mailbox_split/Seg2/check_mailbox/day/frame_000000_depth.png"", ""aligned_dataset/.frames_cache_marigold/check_mailbox_split/Seg2/check_mailbox/day/frame_000300_depth.png"", ""aligned_dataset/.frames_cache_marigold/check_mailbox_split/Seg2/check_mailbox/day/frame_000570_depth.png"", ""aligned_dataset/.frames_cache_marigold/check_mailbox_split/Seg2/check_mailbox/day/frame_000870_depth.png"", ""aligned_dataset/.frames_cache_marigold/check_mailbox_split/Seg2/check_mailbox/night/frame_000000_depth.png"", ""aligned_dataset/.frames_cache_marigold/check_mailbox_split/Seg2/check_mailbox/night/frame_000300_depth.png"", ""aligned_dataset/.frames_cache_marigold/check_mailbox_split/Seg2/check_mailbox/night/frame_000570_depth.png"", ""aligned_dataset/.frames_cache_marigold/check_mailbox_split/Seg2/check_mailbox/night/frame_000870_depth.png""]","{""max_new_tokens"": 128, ""do_sample"": false}",A staircase railing and doorways.,1.906,depth,{},1.2568,depth,walls,models/qwen/Qwen3-VL-4B-Instruct,4,aligned_dataset/check_mailbox_split/Seg2/depth,4.766,qwen_vl,event__aligned_dataset_check_mailbox_split_seg2_check_mailbox_event__event_object_recognition__01__input_depth,What primary architectural features are identified by the motion in this hallway?,,event_object_recognition,event,aligned_dataset/check_mailbox_split/Seg2/check_mailbox_event,event__aligned_dataset_check_mailbox_split_seg2_check_mailbox_event__event_object_recognition__01,event_object_recognition,answered
2.86,4,True,8,"[""aligned_dataset/.frames_cache_marigold/check_mailbox_split/Seg2/check_mailbox/day/frame_000000_depth.png"", ""aligned_dataset/.frames_cache_marigold/check_mailbox_split/Seg2/check_mailbox/day/frame_000300_depth.png"", ""aligned_dataset/.frames_cache_marigold/check_mailbox_split/Seg2/check_mailbox/day/frame_000570_depth.png"", ""aligned_dataset/.frames_cache_marigold/check_mailbox_split/Seg2/check_mailbox/day/frame_000870_depth.png"", ""aligned_dataset/.frames_cache_marigold/check_mailbox_split/Seg2/check_mailbox/night/frame_000000_depth.png"", ""aligned_dataset/.frames_cache_marigold/check_mailbox_split/Seg2/check_mailbox/night/frame_000300_depth.png"", ""aligned_dataset/.frames_cache_marigold/check_mailbox_split/Seg2/check_mailbox/night/frame_000570_depth.png"", ""aligned_dataset/.frames_cache_marigold/check_mailbox_split/Seg2/check_mailbox/night/frame_000870_depth.png""]","{""max_new_tokens"": 128, ""do_sample"": false}","Start in the dark hallway, walk past room numbers, reach the exit sign, turn onto the stairs, and descend into the courtyard.",1.905,depth,{},1.6129,depth,The scene remains consistently white with no discernible objects or changes in depth.,models/qwen/Qwen3-VL-4B-Instruct,4,aligned_dataset/check_mailbox_split/Seg2/depth,4.765,qwen_vl,rgb__aligned_dataset_check_mailbox_split_seg2_check_mailbox_rgb__scene_sequence__09__input_depth,Describe the progression from the first frame to the last.,,scene_sequence,rgb,aligned_dataset/check_mailbox_split/Seg2/check_mailbox_rgb,rgb__aligned_dataset_check_mailbox_split_seg2_check_mailbox_rgb__scene_sequence__09,scene_sequence,answered
2.86,4,True,8,"[""aligned_dataset/.frames_cache_marigold/check_mailbox_split/Seg2/check_mailbox/day/frame_000000_depth.png"", ""aligned_dataset/.frames_cache_marigold/check_mailbox_split/Seg2/check_mailbox/day/frame_000300_depth.png"", ""aligned_dataset/.frames_cache_marigold/check_mailbox_split/Seg2/check_mailbox/day/frame_000570_depth.png"", ""aligned_dataset/.frames_cache_marigold/check_mailbox_split/Seg2/check_mailbox/day/frame_000870_depth.png"", ""aligned_dataset/.frames_cache_marigold/check_mailbox_split/Seg2/check_mailbox/night/frame_000000_depth.png"", ""aligned_dataset/.frames_cache_marigold/check_mailbox_split/Seg2/check_mailbox/night/frame_000300_depth.png"", ""aligned_dataset/.frames_cache_marigold/check_mailbox_split/Seg2/check_mailbox/night/frame_000570_depth.png"", ""aligned_dataset/.frames_cache_marigold/check_mailbox_split/Seg2/check_mailbox/night/frame_000870_depth.png""]","{""max_new_tokens"": 128, ""do_sample"": false}",Farther.,1.907,depth,{},1.2831,depth,closer,models/qwen/Qwen3-VL-4B-Instruct,4,aligned_dataset/check_mailbox_split/Seg2/depth,4.767,qwen_vl,event__aligned_dataset_check_mailbox_split_seg2_check_mailbox_event__event_spatial_reasoning__01__input_depth,Are the doorways located closer or farther than the staircase railing from my perspective?,,event_spatial_reasoning,event,aligned_dataset/check_mailbox_split/Seg2/check_mailbox_event,event__aligned_dataset_check_mailbox_split_seg2_check_mailbox_event__event_spatial_reasoning__01,event_spatial_reasoning,answered
2.86,4,True,8,"[""aligned_dataset/.frames_cache_marigold/check_mailbox_split/Seg2/check_mailbox/day/frame_000000_depth.png"", ""aligned_dataset/.frames_cache_marigold/check_mailbox_split/Seg2/check_mailbox/day/frame_000300_depth.png"", ""aligned_dataset/.frames_cache_marigold/check_mailbox_split/Seg2/check_mailbox/day/frame_000570_depth.png"", ""aligned_dataset/.frames_cache_marigold/check_mailbox_split/Seg2/check_mailbox/day/frame_000870_depth.png"", ""aligned_dataset/.frames_cache_marigold/check_mailbox_split/Seg2/check_mailbox/night/frame_000000_depth.png"", ""aligned_dataset/.frames_cache_marigold/check_mailbox_split/Seg2/check_mailbox/night/frame_000300_depth.png"", ""aligned_dataset/.frames_cache_marigold/check_mailbox_split/Seg2/check_mailbox/night/frame_000570_depth.png"", ""aligned_dataset/.frames_cache_marigold/check_mailbox_split/Seg2/check_mailbox/night/frame_000870_depth.png""]","{""max_new_tokens"": 128, ""do_sample"": false}",The start of the metal staircase descent.,1.905,depth,{},1.3325,depth,scene with no sign,models/qwen/Qwen3-VL-4B-Instruct,4,aligned_dataset/check_mailbox_split/Seg2/depth,4.765,qwen_vl,rgb__aligned_dataset_check_mailbox_split_seg2_check_mailbox_rgb__scene_sequence__10__input_depth,Which scene followed the passage of the exit sign?,,scene_sequence,rgb,aligned_dataset/check_mailbox_split/Seg2/check_mailbox_rgb,rgb__aligned_dataset_check_mailbox_split_seg2_check_mailbox_rgb__scene_sequence__10,scene_sequence,answered
2.86,4,True,8,"[""aligned_dataset/.frames_cache_marigold/check_mailbox_split/Seg2/check_mailbox/day/frame_000000_depth.png"", ""aligned_dataset/.frames_cache_marigold/check_mailbox_split/Seg2/check_mailbox/day/frame_000300_depth.png"", ""aligned_dataset/.frames_cache_marigold/check_mailbox_split/Seg2/check_mailbox/day/frame_000570_depth.png"", ""aligned_dataset/.frames_cache_marigold/check_mailbox_split/Seg2/check_mailbox/day/frame_000870_depth.png"", ""aligned_dataset/.frames_cache_marigold/check_mailbox_split/Seg2/check_mailbox/night/frame_000000_depth.png"", ""aligned_dataset/.frames_cache_marigold/check_mailbox_split/Seg2/check_mailbox/night/frame_000300_depth.png"", ""aligned_dataset/.frames_cache_marigold/check_mailbox_split/Seg2/check_mailbox/night/frame_000570_depth.png"", ""aligned_dataset/.frames_cache_marigold/check_mailbox_split/Seg2/check_mailbox/night/frame_000870_depth.png""]","{""max_new_tokens"": 128, ""do_sample"": false}",The stairs.,1.906,depth,{},1.5075,depth,The sequence ends with a static frame showing no movement.,models/qwen/Qwen3-VL-4B-Instruct,4,aligned_dataset/check_mailbox_split/Seg2/depth,4.766,qwen_vl,event__aligned_dataset_check_mailbox_split_seg2_check_mailbox_event__event_scene_sequence__01__input_depth,What is the final part of the sequence I observe before the movement ends?,,event_scene_sequence,event,aligned_dataset/check_mailbox_split/Seg2/check_mailbox_event,event__aligned_dataset_check_mailbox_split_seg2_check_mailbox_event__event_scene_sequence__01,event_scene_sequence,answered
2.86,4,True,8,"[""aligned_dataset/.frames_cache_marigold/check_mailbox_split/Seg2/check_mailbox/day/frame_000000_depth.png"", ""aligned_dataset/.frames_cache_marigold/check_mailbox_split/Seg2/check_mailbox/day/frame_000300_depth.png"", ""aligned_dataset/.frames_cache_marigold/check_mailbox_split/Seg2/check_mailbox/day/frame_000570_depth.png"", ""aligned_dataset/.frames_cache_marigold/check_mailbox_split/Seg2/check_mailbox/day/frame_000870_depth.png"", ""aligned_dataset/.frames_cache_marigold/check_mailbox_split/Seg2/check_mailbox/night/frame_000000_depth.png"", ""aligned_dataset/.frames_cache_marigold/check_mailbox_split/Seg2/check_mailbox/night/frame_000300_depth.png"", ""aligned_dataset/.frames_cache_marigold/check_mailbox_split/Seg2/check_mailbox/night/frame_000570_depth.png"", ""aligned_dataset/.frames_cache_marigold/check_mailbox_split/Seg2/check_mailbox/night/frame_000870_depth.png""]","{""max_new_tokens"": 128, ""do_sample"": false}",Three.,1.906,depth,{},1.2558,depth,0,models/qwen/Qwen3-VL-4B-Instruct,4,aligned_dataset/check_mailbox_split/Seg2/depth,4.765,qwen_vl,event__aligned_dataset_check_mailbox_split_seg2_check_mailbox_event__event_counting__01__input_depth,How many doorway frames can I distinguish in the video?,,event_counting,event,aligned_dataset/check_mailbox_split/Seg2/check_mailbox_event,event__aligned_dataset_check_mailbox_split_seg2_check_mailbox_event__event_counting__01,event_counting,answered
2.86,4,True,8,"[""aligned_dataset/.frames_cache_marigold/check_mailbox_split/Seg2/check_mailbox/day/frame_000000_depth.png"", ""aligned_dataset/.frames_cache_marigold/check_mailbox_split/Seg2/check_mailbox/day/frame_000300_depth.png"", ""aligned_dataset/.frames_cache_marigold/check_mailbox_split/Seg2/check_mailbox/day/frame_000570_depth.png"", ""aligned_dataset/.frames_cache_marigold/check_mailbox_split/Seg2/check_mailbox/day/frame_000870_depth.png"", ""aligned_dataset/.frames_cache_marigold/check_mailbox_split/Seg2/check_mailbox/night/frame_000000_depth.png"", ""aligned_dataset/.frames_cache_marigold/check_mailbox_split/Seg2/check_mailbox/night/frame_000300_depth.png"", ""aligned_dataset/.frames_cache_marigold/check_mailbox_split/Seg2/check_mailbox/night/frame_000570_depth.png"", ""aligned_dataset/.frames_cache_marigold/check_mailbox_split/Seg2/check_mailbox/night/frame_000870_depth.png""]","{""max_new_tokens"": 128, ""do_sample"": false}","No, the lights stayed on.",1.906,depth,{},1.2545,depth,No,models/qwen/Qwen3-VL-4B-Instruct,4,aligned_dataset/check_mailbox_split/Seg2/depth,4.765,qwen_vl,rgb__aligned_dataset_check_mailbox_split_seg2_check_mailbox_rgb__light_change__01__input_depth,Did the lights in the corridor turn off at any point?,,light_change,rgb,aligned_dataset/check_mailbox_split/Seg2/check_mailbox_rgb,rgb__aligned_dataset_check_mailbox_split_seg2_check_mailbox_rgb__light_change__01,light_change,answered
2.86,4,True,8,"[""aligned_dataset/.frames_cache_marigold/check_mailbox_split/Seg2/check_mailbox/day/frame_000000_depth.png"", ""aligned_dataset/.frames_cache_marigold/check_mailbox_split/Seg2/check_mailbox/day/frame_000300_depth.png"", ""aligned_dataset/.frames_cache_marigold/check_mailbox_split/Seg2/check_mailbox/day/frame_000570_depth.png"", ""aligned_dataset/.frames_cache_marigold/check_mailbox_split/Seg2/check_mailbox/day/frame_000870_depth.png"", ""aligned_dataset/.frames_cache_marigold/check_mailbox_split/Seg2/check_mailbox/night/frame_000000_depth.png"", ""aligned_dataset/.frames_cache_marigold/check_mailbox_split/Seg2/check_mailbox/night/frame_000300_depth.png"", ""aligned_dataset/.frames_cache_marigold/check_mailbox_split/Seg2/check_mailbox/night/frame_000570_depth.png"", ""aligned_dataset/.frames_cache_marigold/check_mailbox_split/Seg2/check_mailbox/night/frame_000870_depth.png""]","{""max_new_tokens"": 128, ""do_sample"": false}",Zero.,1.906,depth,{},1.2597,depth,0,models/qwen/Qwen3-VL-4B-Instruct,4,aligned_dataset/check_mailbox_split/Seg2/depth,4.766,qwen_vl,event__aligned_dataset_check_mailbox_split_seg2_check_mailbox_event__event_dynamic_counting__01__input_depth,How many people do I see walking in this hallway?,,event_dynamic_counting,event,aligned_dataset/check_mailbox_split/Seg2/check_mailbox_event,event__aligned_dataset_check_mailbox_split_seg2_check_mailbox_event__event_dynamic_counting__01,event_dynamic_counting,answered
2.86,4,True,8,"[""aligned_dataset/.frames_cache_marigold/check_mailbox_split/Seg2/check_mailbox/day/frame_000000_depth.png"", ""aligned_dataset/.frames_cache_marigold/check_mailbox_split/Seg2/check_mailbox/day/frame_000300_depth.png"", ""aligned_dataset/.frames_cache_marigold/check_mailbox_split/Seg2/check_mailbox/day/frame_000570_depth.png"", ""aligned_dataset/.frames_cache_marigold/check_mailbox_split/Seg2/check_mailbox/day/frame_000870_depth.png"", ""aligned_dataset/.frames_cache_marigold/check_mailbox_split/Seg2/check_mailbox/night/frame_000000_depth.png"", ""aligned_dataset/.frames_cache_marigold/check_mailbox_split/Seg2/check_mailbox/night/frame_000300_depth.png"", ""aligned_dataset/.frames_cache_marigold/check_mailbox_split/Seg2/check_mailbox/night/frame_000570_depth.png"", ""aligned_dataset/.frames_cache_marigold/check_mailbox_split/Seg2/check_mailbox/night/frame_000870_depth.png""]","{""max_new_tokens"": 128, ""do_sample"": false}",The scene becomes noticeably darker as I descend the stairs.,1.906,depth,{},1.2812,depth,brighter,models/qwen/Qwen3-VL-4B-Instruct,4,aligned_dataset/check_mailbox_split/Seg2/depth,4.766,qwen_vl,rgb__aligned_dataset_check_mailbox_split_seg2_check_mailbox_rgb__light_change__02__input_depth,Does the scene get brighter or darker as I go down the stairs?,,light_change,rgb,aligned_dataset/check_mailbox_split/Seg2/check_mailbox_rgb,rgb__aligned_dataset_check_mailbox_split_seg2_check_mailbox_rgb__light_change__02,light_change,answered
2.86,4,True,8,"[""aligned_dataset/.frames_cache_marigold/check_mailbox_split/Seg2/check_mailbox/day/frame_000000_depth.png"", ""aligned_dataset/.frames_cache_marigold/check_mailbox_split/Seg2/check_mailbox/day/frame_000300_depth.png"", ""aligned_dataset/.frames_cache_marigold/check_mailbox_split/Seg2/check_mailbox/day/frame_000570_depth.png"", ""aligned_dataset/.frames_cache_marigold/check_mailbox_split/Seg2/check_mailbox/day/frame_000870_depth.png"", ""aligned_dataset/.frames_cache_marigold/check_mailbox_split/Seg2/check_mailbox/night/frame_000000_depth.png"", ""aligned_dataset/.frames_cache_marigold/check_mailbox_split/Seg2/check_mailbox/night/frame_000300_depth.png"", ""aligned_dataset/.frames_cache_marigold/check_mailbox_split/Seg2/check_mailbox/night/frame_000570_depth.png"", ""aligned_dataset/.frames_cache_marigold/check_mailbox_split/Seg2/check_mailbox/night/frame_000870_depth.png""]","{""max_new_tokens"": 128, ""do_sample"": false}",Forward.,1.906,depth,{},1.255,depth,forward,models/qwen/Qwen3-VL-4B-Instruct,4,aligned_dataset/check_mailbox_split/Seg2/depth,4.765,qwen_vl,event__aligned_dataset_check_mailbox_split_seg2_check_mailbox_event__event_navigation__01__input_depth,What is the main direction of my movement in this corridor?,,event_navigation,event,aligned_dataset/check_mailbox_split/Seg2/check_mailbox_event,event__aligned_dataset_check_mailbox_split_seg2_check_mailbox_event__event_navigation__01,event_navigation,answered
2.86,4,True,8,"[""aligned_dataset/.frames_cache_marigold/check_mailbox_split/Seg2/check_mailbox/day/frame_000000_depth.png"", ""aligned_dataset/.frames_cache_marigold/check_mailbox_split/Seg2/check_mailbox/day/frame_000300_depth.png"", ""aligned_dataset/.frames_cache_marigold/check_mailbox_split/Seg2/check_mailbox/day/frame_000570_depth.png"", ""aligned_dataset/.frames_cache_marigold/check_mailbox_split/Seg2/check_mailbox/day/frame_000870_depth.png"", ""aligned_dataset/.frames_cache_marigold/check_mailbox_split/Seg2/check_mailbox/night/frame_000000_depth.png"", ""aligned_dataset/.frames_cache_marigold/check_mailbox_split/Seg2/check_mailbox/night/frame_000300_depth.png"", ""aligned_dataset/.frames_cache_marigold/check_mailbox_split/Seg2/check_mailbox/night/frame_000570_depth.png"", ""aligned_dataset/.frames_cache_marigold/check_mailbox_split/Seg2/check_mailbox/night/frame_000870_depth.png""]","{""max_new_tokens"": 128, ""do_sample"": false}",I am moving away from the ceiling light sources.,1.906,depth,{},1.2839,depth,approaching,models/qwen/Qwen3-VL-4B-Instruct,4,aligned_dataset/check_mailbox_split/Seg2/depth,4.766,qwen_vl,rgb__aligned_dataset_check_mailbox_split_seg2_check_mailbox_rgb__light_change__03__input_depth,Is the light source approaching me or am I moving away from it?,,light_change,rgb,aligned_dataset/check_mailbox_split/Seg2/check_mailbox_rgb,rgb__aligned_dataset_check_mailbox_split_seg2_check_mailbox_rgb__light_change__03,light_change,answered
2.86,4,True,8,"[""aligned_dataset/.frames_cache_marigold/check_mailbox_split/Seg2/check_mailbox/day/frame_000000_depth.png"", ""aligned_dataset/.frames_cache_marigold/check_mailbox_split/Seg2/check_mailbox/day/frame_000300_depth.png"", ""aligned_dataset/.frames_cache_marigold/check_mailbox_split/Seg2/check_mailbox/day/frame_000570_depth.png"", ""aligned_dataset/.frames_cache_marigold/check_mailbox_split/Seg2/check_mailbox/day/frame_000870_depth.png"", ""aligned_dataset/.frames_cache_marigold/check_mailbox_split/Seg2/check_mailbox/night/frame_000000_depth.png"", ""aligned_dataset/.frames_cache_marigold/check_mailbox_split/Seg2/check_mailbox/night/frame_000300_depth.png"", ""aligned_dataset/.frames_cache_marigold/check_mailbox_split/Seg2/check_mailbox/night/frame_000570_depth.png"", ""aligned_dataset/.frames_cache_marigold/check_mailbox_split/Seg2/check_mailbox/night/frame_000870_depth.png""]","{""max_new_tokens"": 128, ""do_sample"": false}",No.,1.906,depth,{},1.2578,depth,no,models/qwen/Qwen3-VL-4B-Instruct,4,aligned_dataset/check_mailbox_split/Seg2/depth,4.766,qwen_vl,event__aligned_dataset_check_mailbox_split_seg2_check_mailbox_event__event_dynamic_recognition__01__input_depth,Did any person or vehicle pass by while I was walking?,,event_dynamic_recognition,event,aligned_dataset/check_mailbox_split/Seg2/check_mailbox_event,event__aligned_dataset_check_mailbox_split_seg2_check_mailbox_event__event_dynamic_recognition__01,event_dynamic_recognition,answered
2.86,4,True,8,"[""aligned_dataset/.frames_cache_marigold/check_mailbox_split/Seg2/check_mailbox/day/frame_000000_depth.png"", ""aligned_dataset/.frames_cache_marigold/check_mailbox_split/Seg2/check_mailbox/day/frame_000300_depth.png"", ""aligned_dataset/.frames_cache_marigold/check_mailbox_split/Seg2/check_mailbox/day/frame_000570_depth.png"", ""aligned_dataset/.frames_cache_marigold/check_mailbox_split/Seg2/check_mailbox/day/frame_000870_depth.png"", ""aligned_dataset/.frames_cache_marigold/check_mailbox_split/Seg2/check_mailbox/night/frame_000000_depth.png"", ""aligned_dataset/.frames_cache_marigold/check_mailbox_split/Seg2/check_mailbox/night/frame_000300_depth.png"", ""aligned_dataset/.frames_cache_marigold/check_mailbox_split/Seg2/check_mailbox/night/frame_000570_depth.png"", ""aligned_dataset/.frames_cache_marigold/check_mailbox_split/Seg2/check_mailbox/night/frame_000870_depth.png""]","{""max_new_tokens"": 128, ""do_sample"": false}",Walking down the hall.,1.905,depth,{},1.28,depth,check mailbox,models/qwen/Qwen3-VL-4B-Instruct,4,aligned_dataset/check_mailbox_split/Seg2/depth,4.765,qwen_vl,event__aligned_dataset_check_mailbox_split_seg2_check_mailbox_event__event_action__01__input_depth,What is my primary action in this scene?,,event_action,event,aligned_dataset/check_mailbox_split/Seg2/check_mailbox_event,event__aligned_dataset_check_mailbox_split_seg2_check_mailbox_event__event_action__01,event_action,answered
2.86,4,True,8,"[""aligned_dataset/.frames_cache_marigold/check_mailbox_split/Seg2/check_mailbox/day/frame_000000_depth.png"", ""aligned_dataset/.frames_cache_marigold/check_mailbox_split/Seg2/check_mailbox/day/frame_000300_depth.png"", ""aligned_dataset/.frames_cache_marigold/check_mailbox_split/Seg2/check_mailbox/day/frame_000570_depth.png"", ""aligned_dataset/.frames_cache_marigold/check_mailbox_split/Seg2/check_mailbox/day/frame_000870_depth.png"", ""aligned_dataset/.frames_cache_marigold/check_mailbox_split/Seg2/check_mailbox/night/frame_000000_depth.png"", ""aligned_dataset/.frames_cache_marigold/check_mailbox_split/Seg2/check_mailbox/night/frame_000300_depth.png"", ""aligned_dataset/.frames_cache_marigold/check_mailbox_split/Seg2/check_mailbox/night/frame_000570_depth.png"", ""aligned_dataset/.frames_cache_marigold/check_mailbox_split/Seg2/check_mailbox/night/frame_000870_depth.png""]","{""max_new_tokens"": 128, ""do_sample"": false}","No, the light remains a consistent cool white from the interior and green from the exit sign.",1.905,depth,{},1.2569,depth,No,models/qwen/Qwen3-VL-4B-Instruct,4,aligned_dataset/check_mailbox_split/Seg2/depth,4.765,qwen_vl,rgb__aligned_dataset_check_mailbox_split_seg2_check_mailbox_rgb__light_change__05__input_depth,Does the color of the light change during the video?,,light_change,rgb,aligned_dataset/check_mailbox_split/Seg2/check_mailbox_rgb,rgb__aligned_dataset_check_mailbox_split_seg2_check_mailbox_rgb__light_change__05,light_change,answered
2.86,4,True,8,"[""aligned_dataset/.frames_cache_marigold/check_mailbox_split/Seg2/check_mailbox/day/frame_000000_depth.png"", ""aligned_dataset/.frames_cache_marigold/check_mailbox_split/Seg2/check_mailbox/day/frame_000300_depth.png"", ""aligned_dataset/.frames_cache_marigold/check_mailbox_split/Seg2/check_mailbox/day/frame_000570_depth.png"", ""aligned_dataset/.frames_cache_marigold/check_mailbox_split/Seg2/check_mailbox/day/frame_000870_depth.png"", ""aligned_dataset/.frames_cache_marigold/check_mailbox_split/Seg2/check_mailbox/night/frame_000000_depth.png"", ""aligned_dataset/.frames_cache_marigold/check_mailbox_split/Seg2/check_mailbox/night/frame_000300_depth.png"", ""aligned_dataset/.frames_cache_marigold/check_mailbox_split/Seg2/check_mailbox/night/frame_000570_depth.png"", ""aligned_dataset/.frames_cache_marigold/check_mailbox_split/Seg2/check_mailbox/night/frame_000870_depth.png""]","{""max_new_tokens"": 128, ""do_sample"": false}",No.,1.906,depth,{},1.254,depth,No,models/qwen/Qwen3-VL-4B-Instruct,4,aligned_dataset/check_mailbox_split/Seg2/depth,4.766,qwen_vl,event__aligned_dataset_check_mailbox_split_seg2_check_mailbox_event__event_non_common__01__input_depth,Do I see any objects floating or moving in an impossible way?,,event_non_common,event,aligned_dataset/check_mailbox_split/Seg2/check_mailbox_event,event__aligned_dataset_check_mailbox_split_seg2_check_mailbox_event__event_non_common__01,event_non_common,answered
2.86,4,True,8,"[""aligned_dataset/.frames_cache_marigold/check_mailbox_split/Seg2/check_mailbox/day/frame_000000_depth.png"", ""aligned_dataset/.frames_cache_marigold/check_mailbox_split/Seg2/check_mailbox/day/frame_000300_depth.png"", ""aligned_dataset/.frames_cache_marigold/check_mailbox_split/Seg2/check_mailbox/day/frame_000570_depth.png"", ""aligned_dataset/.frames_cache_marigold/check_mailbox_split/Seg2/check_mailbox/day/frame_000870_depth.png"", ""aligned_dataset/.frames_cache_marigold/check_mailbox_split/Seg2/check_mailbox/night/frame_000000_depth.png"", ""aligned_dataset/.frames_cache_marigold/check_mailbox_split/Seg2/check_mailbox/night/frame_000300_depth.png"", ""aligned_dataset/.frames_cache_marigold/check_mailbox_split/Seg2/check_mailbox/night/frame_000570_depth.png"", ""aligned_dataset/.frames_cache_marigold/check_mailbox_split/Seg2/check_mailbox/night/frame_000870_depth.png""]","{""max_new_tokens"": 128, ""do_sample"": false}","No, although it gets very dark on the stairs, details are still visible.",1.906,depth,{},1.2565,depth,No,models/qwen/Qwen3-VL-4B-Instruct,4,aligned_dataset/check_mailbox_split/Seg2/depth,4.766,qwen_vl,rgb__aligned_dataset_check_mailbox_split_seg2_check_mailbox_rgb__light_change__06__input_depth,Is there a point where I enter a completely pitch-black area?,,light_change,rgb,aligned_dataset/check_mailbox_split/Seg2/check_mailbox_rgb,rgb__aligned_dataset_check_mailbox_split_seg2_check_mailbox_rgb__light_change__06,light_change,answered
2.86,4,True,8,"[""aligned_dataset/.frames_cache_marigold/check_mailbox_split/Seg2/check_mailbox/day/frame_000000_depth.png"", ""aligned_dataset/.frames_cache_marigold/check_mailbox_split/Seg2/check_mailbox/day/frame_000300_depth.png"", ""aligned_dataset/.frames_cache_marigold/check_mailbox_split/Seg2/check_mailbox/day/frame_000570_depth.png"", ""aligned_dataset/.frames_cache_marigold/check_mailbox_split/Seg2/check_mailbox/day/frame_000870_depth.png"", ""aligned_dataset/.frames_cache_marigold/check_mailbox_split/Seg2/check_mailbox/night/frame_000000_depth.png"", ""aligned_dataset/.frames_cache_marigold/check_mailbox_split/Seg2/check_mailbox/night/frame_000300_depth.png"", ""aligned_dataset/.frames_cache_marigold/check_mailbox_split/Seg2/check_mailbox/night/frame_000570_depth.png"", ""aligned_dataset/.frames_cache_marigold/check_mailbox_split/Seg2/check_mailbox/night/frame_000870_depth.png""]","{""max_new_tokens"": 128, ""do_sample"": false}",One.,1.905,depth,{},1.2588,depth,0,models/qwen/Qwen3-VL-4B-Instruct,4,aligned_dataset/check_mailbox_split/Seg2/depth,4.765,qwen_vl,rgb__aligned_dataset_check_mailbox_split_seg2_check_mailbox_rgb__counting__01__input_depth,How many orange trash bins are in the courtyard area?,,counting,rgb,aligned_dataset/check_mailbox_split/Seg2/check_mailbox_rgb,rgb__aligned_dataset_check_mailbox_split_seg2_check_mailbox_rgb__counting__01,counting,answered
2.86,4,False,8,"[""aligned_dataset/.frames_cache_marigold/check_mailbox_split/Seg3/check_mailbox/day/frame_000000_depth.png"", ""aligned_dataset/.frames_cache_marigold/check_mailbox_split/Seg3/check_mailbox/day/frame_000300_depth.png"", ""aligned_dataset/.frames_cache_marigold/check_mailbox_split/Seg3/check_mailbox/day/frame_000570_depth.png"", ""aligned_dataset/.frames_cache_marigold/check_mailbox_split/Seg3/check_mailbox/day/frame_000870_depth.png"", ""aligned_dataset/.frames_cache_marigold/check_mailbox_split/Seg3/check_mailbox/night/frame_000000_depth.png"", ""aligned_dataset/.frames_cache_marigold/check_mailbox_split/Seg3/check_mailbox/night/frame_000300_depth.png"", ""aligned_dataset/.frames_cache_marigold/check_mailbox_split/Seg3/check_mailbox/night/frame_000570_depth.png"", ""aligned_dataset/.frames_cache_marigold/check_mailbox_split/Seg3/check_mailbox/night/frame_000870_depth.png""]","{""max_new_tokens"": 128, ""do_sample"": false}",A balcony railing.,1.908,depth,{},1.3291,depth,Wall,models/qwen/Qwen3-VL-4B-Instruct,4,check_mailbox_split/Seg3/depth,4.767,qwen_vl,depth__check_mailbox_split_seg3_check_mailbox__depth_object_recognition__01__input_depth,What is the primary architectural feature located to the right side of the corridor that defines the boundary of the space?,,depth_object_recognition,depth,check_mailbox_split/Seg3/check_mailbox,depth__check_mailbox_split_seg3_check_mailbox__depth_object_recognition__01,depth_object_recognition,answered
2.86,4,True,8,"[""aligned_dataset/.frames_cache_marigold/check_mailbox_split/Seg3/check_mailbox/day/frame_000000_depth.png"", ""aligned_dataset/.frames_cache_marigold/check_mailbox_split/Seg3/check_mailbox/day/frame_000300_depth.png"", ""aligned_dataset/.frames_cache_marigold/check_mailbox_split/Seg3/check_mailbox/day/frame_000570_depth.png"", ""aligned_dataset/.frames_cache_marigold/check_mailbox_split/Seg3/check_mailbox/day/frame_000870_depth.png"", ""aligned_dataset/.frames_cache_marigold/check_mailbox_split/Seg3/check_mailbox/night/frame_000000_depth.png"", ""aligned_dataset/.frames_cache_marigold/check_mailbox_split/Seg3/check_mailbox/night/frame_000300_depth.png"", ""aligned_dataset/.frames_cache_marigold/check_mailbox_split/Seg3/check_mailbox/night/frame_000570_depth.png"", ""aligned_dataset/.frames_cache_marigold/check_mailbox_split/Seg3/check_mailbox/night/frame_000870_depth.png""]","{""max_new_tokens"": 128, ""do_sample"": false}","No, it is farther.",1.906,depth,{},1.2615,depth,Yes,models/qwen/Qwen3-VL-4B-Instruct,4,check_mailbox_split/Seg3/depth,4.766,qwen_vl,depth__check_mailbox_split_seg3_check_mailbox__depth_spatial_reasoning__01__input_depth,Is the staircase located closer to me than the balcony railing?,,depth_spatial_reasoning,depth,check_mailbox_split/Seg3/check_mailbox,depth__check_mailbox_split_seg3_check_mailbox__depth_spatial_reasoning__01,depth_spatial_reasoning,answered
2.86,4,True,8,"[""aligned_dataset/.frames_cache_marigold/check_mailbox_split/Seg3/check_mailbox/day/frame_000000_depth.png"", ""aligned_dataset/.frames_cache_marigold/check_mailbox_split/Seg3/check_mailbox/day/frame_000300_depth.png"", ""aligned_dataset/.frames_cache_marigold/check_mailbox_split/Seg3/check_mailbox/day/frame_000570_depth.png"", ""aligned_dataset/.frames_cache_marigold/check_mailbox_split/Seg3/check_mailbox/day/frame_000870_depth.png"", ""aligned_dataset/.frames_cache_marigold/check_mailbox_split/Seg3/check_mailbox/night/frame_000000_depth.png"", ""aligned_dataset/.frames_cache_marigold/check_mailbox_split/Seg3/check_mailbox/night/frame_000300_depth.png"", ""aligned_dataset/.frames_cache_marigold/check_mailbox_split/Seg3/check_mailbox/night/frame_000570_depth.png"", ""aligned_dataset/.frames_cache_marigold/check_mailbox_split/Seg3/check_mailbox/night/frame_000870_depth.png""]","{""max_new_tokens"": 128, ""do_sample"": false}",The stairwell and balcony.,1.906,depth,{},1.2607,depth,mailbox,models/qwen/Qwen3-VL-4B-Instruct,4,check_mailbox_split/Seg3/depth,4.766,qwen_vl,depth__check_mailbox_split_seg3_check_mailbox__depth_scene_sequence__01__input_depth,What structure do I pass immediately before entering the open area where cars are parked?,,depth_scene_sequence,depth,check_mailbox_split/Seg3/check_mailbox,depth__check_mailbox_split_seg3_check_mailbox__depth_scene_sequence__01,depth_scene_sequence,answered
2.86,4,True,8,"[""aligned_dataset/.frames_cache_marigold/check_mailbox_split/Seg3/check_mailbox/day/frame_000000_depth.png"", ""aligned_dataset/.frames_cache_marigold/check_mailbox_split/Seg3/check_mailbox/day/frame_000300_depth.png"", ""aligned_dataset/.frames_cache_marigold/check_mailbox_split/Seg3/check_mailbox/day/frame_000570_depth.png"", ""aligned_dataset/.frames_cache_marigold/check_mailbox_split/Seg3/check_mailbox/day/frame_000870_depth.png"", ""aligned_dataset/.frames_cache_marigold/check_mailbox_split/Seg3/check_mailbox/night/frame_000000_depth.png"", ""aligned_dataset/.frames_cache_marigold/check_mailbox_split/Seg3/check_mailbox/night/frame_000300_depth.png"", ""aligned_dataset/.frames_cache_marigold/check_mailbox_split/Seg3/check_mailbox/night/frame_000570_depth.png"", ""aligned_dataset/.frames_cache_marigold/check_mailbox_split/Seg3/check_mailbox/night/frame_000870_depth.png""]","{""max_new_tokens"": 128, ""do_sample"": false}",Two.,1.906,depth,{},1.2621,depth,0,models/qwen/Qwen3-VL-4B-Instruct,4,check_mailbox_split/Seg3/depth,4.766,qwen_vl,depth__check_mailbox_split_seg3_check_mailbox__depth_counting__01__input_depth,How many cars are visible in the parking area at the end of the sequence?,,depth_counting,depth,check_mailbox_split/Seg3/check_mailbox,depth__check_mailbox_split_seg3_check_mailbox__depth_counting__01,depth_counting,answered
2.86,4,True,8,"[""aligned_dataset/.frames_cache_marigold/check_mailbox_split/Seg3/check_mailbox/day/frame_000000_depth.png"", ""aligned_dataset/.frames_cache_marigold/check_mailbox_split/Seg3/check_mailbox/day/frame_000300_depth.png"", ""aligned_dataset/.frames_cache_marigold/check_mailbox_split/Seg3/check_mailbox/day/frame_000570_depth.png"", ""aligned_dataset/.frames_cache_marigold/check_mailbox_split/Seg3/check_mailbox/day/frame_000870_depth.png"", ""aligned_dataset/.frames_cache_marigold/check_mailbox_split/Seg3/check_mailbox/night/frame_000000_depth.png"", ""aligned_dataset/.frames_cache_marigold/check_mailbox_split/Seg3/check_mailbox/night/frame_000300_depth.png"", ""aligned_dataset/.frames_cache_marigold/check_mailbox_split/Seg3/check_mailbox/night/frame_000570_depth.png"", ""aligned_dataset/.frames_cache_marigold/check_mailbox_split/Seg3/check_mailbox/night/frame_000870_depth.png""]","{""max_new_tokens"": 128, ""do_sample"": false}",Zero.,1.905,depth,{},1.261,depth,0,models/qwen/Qwen3-VL-4B-Instruct,4,check_mailbox_split/Seg3/depth,4.765,qwen_vl,depth__check_mailbox_split_seg3_check_mailbox__depth_dynamic_counting__01__input_depth,How many people walk past me during the sequence?,,depth_dynamic_counting,depth,check_mailbox_split/Seg3/check_mailbox,depth__check_mailbox_split_seg3_check_mailbox__depth_dynamic_counting__01,depth_dynamic_counting,answered
2.86,4,True,8,"[""aligned_dataset/.frames_cache_marigold/check_mailbox_split/Seg3/check_mailbox/day/frame_000000_depth.png"", ""aligned_dataset/.frames_cache_marigold/check_mailbox_split/Seg3/check_mailbox/day/frame_000300_depth.png"", ""aligned_dataset/.frames_cache_marigold/check_mailbox_split/Seg3/check_mailbox/day/frame_000570_depth.png"", ""aligned_dataset/.frames_cache_marigold/check_mailbox_split/Seg3/check_mailbox/day/frame_000870_depth.png"", ""aligned_dataset/.frames_cache_marigold/check_mailbox_split/Seg3/check_mailbox/night/frame_000000_depth.png"", ""aligned_dataset/.frames_cache_marigold/check_mailbox_split/Seg3/check_mailbox/night/frame_000300_depth.png"", ""aligned_dataset/.frames_cache_marigold/check_mailbox_split/Seg3/check_mailbox/night/frame_000570_depth.png"", ""aligned_dataset/.frames_cache_marigold/check_mailbox_split/Seg3/check_mailbox/night/frame_000870_depth.png""]","{""max_new_tokens"": 128, ""do_sample"": false}",It leads to an open area.,1.907,depth,{},1.2863,depth,dead-end,models/qwen/Qwen3-VL-4B-Instruct,4,check_mailbox_split/Seg3/depth,4.766,qwen_vl,depth__check_mailbox_split_seg3_check_mailbox__depth_navigation__01__input_depth,Is the current path I am following a dead-end or does it lead to an open area?,,depth_navigation,depth,check_mailbox_split/Seg3/check_mailbox,depth__check_mailbox_split_seg3_check_mailbox__depth_navigation__01,depth_navigation,answered
2.86,4,True,8,"[""aligned_dataset/.frames_cache_marigold/check_mailbox_split/Seg3/check_mailbox/day/frame_000000_depth.png"", ""aligned_dataset/.frames_cache_marigold/check_mailbox_split/Seg3/check_mailbox/day/frame_000300_depth.png"", ""aligned_dataset/.frames_cache_marigold/check_mailbox_split/Seg3/check_mailbox/day/frame_000570_depth.png"", ""aligned_dataset/.frames_cache_marigold/check_mailbox_split/Seg3/check_mailbox/day/frame_000870_depth.png"", ""aligned_dataset/.frames_cache_marigold/check_mailbox_split/Seg3/check_mailbox/night/frame_000000_depth.png"", ""aligned_dataset/.frames_cache_marigold/check_mailbox_split/Seg3/check_mailbox/night/frame_000300_depth.png"", ""aligned_dataset/.frames_cache_marigold/check_mailbox_split/Seg3/check_mailbox/night/frame_000570_depth.png"", ""aligned_dataset/.frames_cache_marigold/check_mailbox_split/Seg3/check_mailbox/night/frame_000870_depth.png""]","{""max_new_tokens"": 128, ""do_sample"": false}",Moving forward.,1.905,depth,{},1.2873,depth,reaching,models/qwen/Qwen3-VL-4B-Instruct,4,check_mailbox_split/Seg3/depth,4.765,qwen_vl,depth__check_mailbox_split_seg3_check_mailbox__depth_action__01__input_depth,What is the primary action I am performing as the camera moves?,,depth_action,depth,check_mailbox_split/Seg3/check_mailbox,depth__check_mailbox_split_seg3_check_mailbox__depth_action__01,depth_action,answered
2.86,4,True,8,"[""aligned_dataset/.frames_cache_marigold/check_mailbox_split/Seg3/check_mailbox/day/frame_000000_depth.png"", ""aligned_dataset/.frames_cache_marigold/check_mailbox_split/Seg3/check_mailbox/day/frame_000300_depth.png"", ""aligned_dataset/.frames_cache_marigold/check_mailbox_split/Seg3/check_mailbox/day/frame_000570_depth.png"", ""aligned_dataset/.frames_cache_marigold/check_mailbox_split/Seg3/check_mailbox/day/frame_000870_depth.png"", ""aligned_dataset/.frames_cache_marigold/check_mailbox_split/Seg3/check_mailbox/night/frame_000000_depth.png"", ""aligned_dataset/.frames_cache_marigold/check_mailbox_split/Seg3/check_mailbox/night/frame_000300_depth.png"", ""aligned_dataset/.frames_cache_marigold/check_mailbox_split/Seg3/check_mailbox/night/frame_000570_depth.png"", ""aligned_dataset/.frames_cache_marigold/check_mailbox_split/Seg3/check_mailbox/night/frame_000870_depth.png""]","{""max_new_tokens"": 128, ""do_sample"": false}",No.,1.906,depth,{},1.2624,depth,No,models/qwen/Qwen3-VL-4B-Instruct,4,check_mailbox_split/Seg3/depth,4.766,qwen_vl,depth__check_mailbox_split_seg3_check_mailbox__depth_non_common__01__input_depth,Are there any floating objects or depth artifacts visible in the corridor walls?,,depth_non_common,depth,check_mailbox_split/Seg3/check_mailbox,depth__check_mailbox_split_seg3_check_mailbox__depth_non_common__01,depth_non_common,answered
2.86,4,True,8,"[""aligned_dataset/.frames_cache_marigold/check_mailbox_split/Seg3/check_mailbox/day/frame_000000_depth.png"", ""aligned_dataset/.frames_cache_marigold/check_mailbox_split/Seg3/check_mailbox/day/frame_000300_depth.png"", ""aligned_dataset/.frames_cache_marigold/check_mailbox_split/Seg3/check_mailbox/day/frame_000570_depth.png"", ""aligned_dataset/.frames_cache_marigold/check_mailbox_split/Seg3/check_mailbox/day/frame_000870_depth.png"", ""aligned_dataset/.frames_cache_marigold/check_mailbox_split/Seg3/check_mailbox/night/frame_000000_depth.png"", ""aligned_dataset/.frames_cache_marigold/check_mailbox_split/Seg3/check_mailbox/night/frame_000300_depth.png"", ""aligned_dataset/.frames_cache_marigold/check_mailbox_split/Seg3/check_mailbox/night/frame_000570_depth.png"", ""aligned_dataset/.frames_cache_marigold/check_mailbox_split/Seg3/check_mailbox/night/frame_000870_depth.png""]","{""max_new_tokens"": 128, ""do_sample"": false}",Mailboxes.,1.907,depth,{},1.4385,depth,No object with numerical labels is visible.,models/qwen/Qwen3-VL-4B-Instruct,4,aligned_dataset/check_mailbox_split/Seg3/depth,4.767,qwen_vl,event__aligned_dataset_check_mailbox_split_seg3_check_mailbox_event__event_object_recognition__01__input_depth,What object with numerical labels do I pass on the right wall inside the building?,,event_object_recognition,event,aligned_dataset/check_mailbox_split/Seg3/check_mailbox_event,event__aligned_dataset_check_mailbox_split_seg3_check_mailbox_event__event_object_recognition__01,event_object_recognition,answered
2.86,4,True,8,"[""aligned_dataset/.frames_cache_marigold/check_mailbox_split/Seg3/check_mailbox/day/frame_000000_depth.png"", ""aligned_dataset/.frames_cache_marigold/check_mailbox_split/Seg3/check_mailbox/day/frame_000300_depth.png"", ""aligned_dataset/.frames_cache_marigold/check_mailbox_split/Seg3/check_mailbox/day/frame_000570_depth.png"", ""aligned_dataset/.frames_cache_marigold/check_mailbox_split/Seg3/check_mailbox/day/frame_000870_depth.png"", ""aligned_dataset/.frames_cache_marigold/check_mailbox_split/Seg3/check_mailbox/night/frame_000000_depth.png"", ""aligned_dataset/.frames_cache_marigold/check_mailbox_split/Seg3/check_mailbox/night/frame_000300_depth.png"", ""aligned_dataset/.frames_cache_marigold/check_mailbox_split/Seg3/check_mailbox/night/frame_000570_depth.png"", ""aligned_dataset/.frames_cache_marigold/check_mailbox_split/Seg3/check_mailbox/night/frame_000870_depth.png""]","{""max_new_tokens"": 128, ""do_sample"": false}",Outside.,1.907,depth,{},1.2618,depth,outside,models/qwen/Qwen3-VL-4B-Instruct,4,aligned_dataset/check_mailbox_split/Seg3/depth,4.767,qwen_vl,event__aligned_dataset_check_mailbox_split_seg3_check_mailbox_event__event_spatial_reasoning__01__input_depth,Is the parked car located inside or outside the building relative to my path?,,event_spatial_reasoning,event,aligned_dataset/check_mailbox_split/Seg3/check_mailbox_event,event__aligned_dataset_check_mailbox_split_seg3_check_mailbox_event__event_spatial_reasoning__01,event_spatial_reasoning,answered
2.86,4,True,8,"[""aligned_dataset/.frames_cache_marigold/check_mailbox_split/Seg3/check_mailbox/day/frame_000000_depth.png"", ""aligned_dataset/.frames_cache_marigold/check_mailbox_split/Seg3/check_mailbox/day/frame_000300_depth.png"", ""aligned_dataset/.frames_cache_marigold/check_mailbox_split/Seg3/check_mailbox/day/frame_000570_depth.png"", ""aligned_dataset/.frames_cache_marigold/check_mailbox_split/Seg3/check_mailbox/day/frame_000870_depth.png"", ""aligned_dataset/.frames_cache_marigold/check_mailbox_split/Seg3/check_mailbox/night/frame_000000_depth.png"", ""aligned_dataset/.frames_cache_marigold/check_mailbox_split/Seg3/check_mailbox/night/frame_000300_depth.png"", ""aligned_dataset/.frames_cache_marigold/check_mailbox_split/Seg3/check_mailbox/night/frame_000570_depth.png"", ""aligned_dataset/.frames_cache_marigold/check_mailbox_split/Seg3/check_mailbox/night/frame_000870_depth.png""]","{""max_new_tokens"": 128, ""do_sample"": false}",Entering an indoor hallway.,1.906,depth,{},1.5583,depth,The scene transitions from an outdoor walkway to an indoor space.,models/qwen/Qwen3-VL-4B-Instruct,4,aligned_dataset/check_mailbox_split/Seg3/depth,4.766,qwen_vl,event__aligned_dataset_check_mailbox_split_seg3_check_mailbox_event__event_scene_sequence__01__input_depth,What scene change occurs immediately after I move along the outdoor walkway?,,event_scene_sequence,event,aligned_dataset/check_mailbox_split/Seg3/check_mailbox_event,event__aligned_dataset_check_mailbox_split_seg3_check_mailbox_event__event_scene_sequence__01,event_scene_sequence,answered
2.86,4,False,8,"[""aligned_dataset/.frames_cache_marigold/check_mailbox_split/Seg4/check_mailbox/day/frame_000000_depth.png"", ""aligned_dataset/.frames_cache_marigold/check_mailbox_split/Seg4/check_mailbox/day/frame_000300_depth.png"", ""aligned_dataset/.frames_cache_marigold/check_mailbox_split/Seg4/check_mailbox/day/frame_000570_depth.png"", ""aligned_dataset/.frames_cache_marigold/check_mailbox_split/Seg4/check_mailbox/day/frame_000870_depth.png"", ""aligned_dataset/.frames_cache_marigold/check_mailbox_split/Seg4/check_mailbox/night/frame_000000_depth.png"", ""aligned_dataset/.frames_cache_marigold/check_mailbox_split/Seg4/check_mailbox/night/frame_000300_depth.png"", ""aligned_dataset/.frames_cache_marigold/check_mailbox_split/Seg4/check_mailbox/night/frame_000570_depth.png"", ""aligned_dataset/.frames_cache_marigold/check_mailbox_split/Seg4/check_mailbox/night/frame_000870_depth.png""]","{""max_new_tokens"": 128, ""do_sample"": false}",Rectangular.,1.907,depth,{},1.376,depth,vertical rectangular prism,models/qwen/Qwen3-VL-4B-Instruct,4,check_mailbox_split/Seg4/depth,4.767,qwen_vl,depth__check_mailbox_split_seg4_check_mailbox__depth_object_recognition__01__input_depth,What is the 3D shape of the mailbox slots seen at the end of the video?,,depth_object_recognition,depth,check_mailbox_split/Seg4/check_mailbox,depth__check_mailbox_split_seg4_check_mailbox__depth_object_recognition__01,depth_object_recognition,answered
2.86,4,True,8,"[""aligned_dataset/.frames_cache_marigold/check_mailbox_split/Seg4/check_mailbox/day/frame_000000_depth.png"", ""aligned_dataset/.frames_cache_marigold/check_mailbox_split/Seg4/check_mailbox/day/frame_000300_depth.png"", ""aligned_dataset/.frames_cache_marigold/check_mailbox_split/Seg4/check_mailbox/day/frame_000570_depth.png"", ""aligned_dataset/.frames_cache_marigold/check_mailbox_split/Seg4/check_mailbox/day/frame_000870_depth.png"", ""aligned_dataset/.frames_cache_marigold/check_mailbox_split/Seg4/check_mailbox/night/frame_000000_depth.png"", ""aligned_dataset/.frames_cache_marigold/check_mailbox_split/Seg4/check_mailbox/night/frame_000300_depth.png"", ""aligned_dataset/.frames_cache_marigold/check_mailbox_split/Seg4/check_mailbox/night/frame_000570_depth.png"", ""aligned_dataset/.frames_cache_marigold/check_mailbox_split/Seg4/check_mailbox/night/frame_000870_depth.png""]","{""max_new_tokens"": 128, ""do_sample"": false}",Right.,1.907,depth,{},1.2587,depth,left,models/qwen/Qwen3-VL-4B-Instruct,4,check_mailbox_split/Seg4/depth,4.767,qwen_vl,depth__check_mailbox_split_seg4_check_mailbox__depth_spatial_reasoning__01__input_depth,"As I walk toward the mailboxes, is the staircase on my left or my right?",,depth_spatial_reasoning,depth,check_mailbox_split/Seg4/check_mailbox,depth__check_mailbox_split_seg4_check_mailbox__depth_spatial_reasoning__01,depth_spatial_reasoning,answered
2.86,4,True,8,"[""aligned_dataset/.frames_cache_marigold/check_mailbox_split/Seg4/check_mailbox/day/frame_000000_depth.png"", ""aligned_dataset/.frames_cache_marigold/check_mailbox_split/Seg4/check_mailbox/day/frame_000300_depth.png"", ""aligned_dataset/.frames_cache_marigold/check_mailbox_split/Seg4/check_mailbox/day/frame_000570_depth.png"", ""aligned_dataset/.frames_cache_marigold/check_mailbox_split/Seg4/check_mailbox/day/frame_000870_depth.png"", ""aligned_dataset/.frames_cache_marigold/check_mailbox_split/Seg4/check_mailbox/night/frame_000000_depth.png"", ""aligned_dataset/.frames_cache_marigold/check_mailbox_split/Seg4/check_mailbox/night/frame_000300_depth.png"", ""aligned_dataset/.frames_cache_marigold/check_mailbox_split/Seg4/check_mailbox/night/frame_000570_depth.png"", ""aligned_dataset/.frames_cache_marigold/check_mailbox_split/Seg4/check_mailbox/night/frame_000870_depth.png""]","{""max_new_tokens"": 128, ""do_sample"": false}",Outdoors.,1.905,depth,{},1.3599,depth,between the two doorways,models/qwen/Qwen3-VL-4B-Instruct,4,check_mailbox_split/Seg4/depth,4.765,qwen_vl,depth__check_mailbox_split_seg4_check_mailbox__depth_scene_sequence__01__input_depth,Where am I between passing through the first and second doorway?,,depth_scene_sequence,depth,check_mailbox_split/Seg4/check_mailbox,depth__check_mailbox_split_seg4_check_mailbox__depth_scene_sequence__01,depth_scene_sequence,answered
2.86,4,True,8,"[""aligned_dataset/.frames_cache_marigold/check_mailbox_split/Seg4/check_mailbox/day/frame_000000_depth.png"", ""aligned_dataset/.frames_cache_marigold/check_mailbox_split/Seg4/check_mailbox/day/frame_000300_depth.png"", ""aligned_dataset/.frames_cache_marigold/check_mailbox_split/Seg4/check_mailbox/day/frame_000570_depth.png"", ""aligned_dataset/.frames_cache_marigold/check_mailbox_split/Seg4/check_mailbox/day/frame_000870_depth.png"", ""aligned_dataset/.frames_cache_marigold/check_mailbox_split/Seg4/check_mailbox/night/frame_000000_depth.png"", ""aligned_dataset/.frames_cache_marigold/check_mailbox_split/Seg4/check_mailbox/night/frame_000300_depth.png"", ""aligned_dataset/.frames_cache_marigold/check_mailbox_split/Seg4/check_mailbox/night/frame_000570_depth.png"", ""aligned_dataset/.frames_cache_marigold/check_mailbox_split/Seg4/check_mailbox/night/frame_000870_depth.png""]","{""max_new_tokens"": 128, ""do_sample"": false}",One.,1.905,depth,{},1.2609,depth,0,models/qwen/Qwen3-VL-4B-Instruct,4,check_mailbox_split/Seg4/depth,4.764,qwen_vl,depth__check_mailbox_split_seg4_check_mailbox__depth_counting__01__input_depth,How many people are walking in the distance?,,depth_counting,depth,check_mailbox_split/Seg4/check_mailbox,depth__check_mailbox_split_seg4_check_mailbox__depth_counting__01,depth_counting,answered
2.86,4,True,8,"[""aligned_dataset/.frames_cache_marigold/check_mailbox_split/Seg4/check_mailbox/day/frame_000000_depth.png"", ""aligned_dataset/.frames_cache_marigold/check_mailbox_split/Seg4/check_mailbox/day/frame_000300_depth.png"", ""aligned_dataset/.frames_cache_marigold/check_mailbox_split/Seg4/check_mailbox/day/frame_000570_depth.png"", ""aligned_dataset/.frames_cache_marigold/check_mailbox_split/Seg4/check_mailbox/day/frame_000870_depth.png"", ""aligned_dataset/.frames_cache_marigold/check_mailbox_split/Seg4/check_mailbox/night/frame_000000_depth.png"", ""aligned_dataset/.frames_cache_marigold/check_mailbox_split/Seg4/check_mailbox/night/frame_000300_depth.png"", ""aligned_dataset/.frames_cache_marigold/check_mailbox_split/Seg4/check_mailbox/night/frame_000570_depth.png"", ""aligned_dataset/.frames_cache_marigold/check_mailbox_split/Seg4/check_mailbox/night/frame_000870_depth.png""]","{""max_new_tokens"": 128, ""do_sample"": false}",One.,1.904,depth,{},1.2572,depth,0,models/qwen/Qwen3-VL-4B-Instruct,4,check_mailbox_split/Seg4/depth,4.764,qwen_vl,depth__check_mailbox_split_seg4_check_mailbox__depth_counting__02__input_depth,How many staircases are visible?,,depth_counting,depth,check_mailbox_split/Seg4/check_mailbox,depth__check_mailbox_split_seg4_check_mailbox__depth_counting__02,depth_counting,answered
2.86,4,True,8,"[""aligned_dataset/.frames_cache_marigold/check_mailbox_split/Seg4/check_mailbox/day/frame_000000_depth.png"", ""aligned_dataset/.frames_cache_marigold/check_mailbox_split/Seg4/check_mailbox/day/frame_000300_depth.png"", ""aligned_dataset/.frames_cache_marigold/check_mailbox_split/Seg4/check_mailbox/day/frame_000570_depth.png"", ""aligned_dataset/.frames_cache_marigold/check_mailbox_split/Seg4/check_mailbox/day/frame_000870_depth.png"", ""aligned_dataset/.frames_cache_marigold/check_mailbox_split/Seg4/check_mailbox/night/frame_000000_depth.png"", ""aligned_dataset/.frames_cache_marigold/check_mailbox_split/Seg4/check_mailbox/night/frame_000300_depth.png"", ""aligned_dataset/.frames_cache_marigold/check_mailbox_split/Seg4/check_mailbox/night/frame_000570_depth.png"", ""aligned_dataset/.frames_cache_marigold/check_mailbox_split/Seg4/check_mailbox/night/frame_000870_depth.png""]","{""max_new_tokens"": 128, ""do_sample"": false}",One.,1.905,depth,{},1.2613,depth,0,models/qwen/Qwen3-VL-4B-Instruct,4,check_mailbox_split/Seg4/depth,4.765,qwen_vl,depth__check_mailbox_split_seg4_check_mailbox__depth_counting__05__input_depth,How many distinct outdoor garden areas do I visit?,,depth_counting,depth,check_mailbox_split/Seg4/check_mailbox,depth__check_mailbox_split_seg4_check_mailbox__depth_counting__05,depth_counting,answered
2.86,4,True,8,"[""aligned_dataset/.frames_cache_marigold/check_mailbox_split/Seg4/check_mailbox/day/frame_000000_depth.png"", ""aligned_dataset/.frames_cache_marigold/check_mailbox_split/Seg4/check_mailbox/day/frame_000300_depth.png"", ""aligned_dataset/.frames_cache_marigold/check_mailbox_split/Seg4/check_mailbox/day/frame_000570_depth.png"", ""aligned_dataset/.frames_cache_marigold/check_mailbox_split/Seg4/check_mailbox/day/frame_000870_depth.png"", ""aligned_dataset/.frames_cache_marigold/check_mailbox_split/Seg4/check_mailbox/night/frame_000000_depth.png"", ""aligned_dataset/.frames_cache_marigold/check_mailbox_split/Seg4/check_mailbox/night/frame_000300_depth.png"", ""aligned_dataset/.frames_cache_marigold/check_mailbox_split/Seg4/check_mailbox/night/frame_000570_depth.png"", ""aligned_dataset/.frames_cache_marigold/check_mailbox_split/Seg4/check_mailbox/night/frame_000870_depth.png""]","{""max_new_tokens"": 128, ""do_sample"": false}",Two.,1.905,depth,{},1.262,depth,2,models/qwen/Qwen3-VL-4B-Instruct,4,check_mailbox_split/Seg4/depth,4.765,qwen_vl,depth__check_mailbox_split_seg4_check_mailbox__depth_counting__06__input_depth,How many times do I pass through a doorway transition?,,depth_counting,depth,check_mailbox_split/Seg4/check_mailbox,depth__check_mailbox_split_seg4_check_mailbox__depth_counting__06,depth_counting,answered
2.86,4,True,8,"[""aligned_dataset/.frames_cache_marigold/check_mailbox_split/Seg4/check_mailbox/day/frame_000000_depth.png"", ""aligned_dataset/.frames_cache_marigold/check_mailbox_split/Seg4/check_mailbox/day/frame_000300_depth.png"", ""aligned_dataset/.frames_cache_marigold/check_mailbox_split/Seg4/check_mailbox/day/frame_000570_depth.png"", ""aligned_dataset/.frames_cache_marigold/check_mailbox_split/Seg4/check_mailbox/day/frame_000870_depth.png"", ""aligned_dataset/.frames_cache_marigold/check_mailbox_split/Seg4/check_mailbox/night/frame_000000_depth.png"", ""aligned_dataset/.frames_cache_marigold/check_mailbox_split/Seg4/check_mailbox/night/frame_000300_depth.png"", ""aligned_dataset/.frames_cache_marigold/check_mailbox_split/Seg4/check_mailbox/night/frame_000570_depth.png"", ""aligned_dataset/.frames_cache_marigold/check_mailbox_split/Seg4/check_mailbox/night/frame_000870_depth.png""]","{""max_new_tokens"": 128, ""do_sample"": false}",One.,1.905,depth,{},1.2572,depth,0,models/qwen/Qwen3-VL-4B-Instruct,4,check_mailbox_split/Seg4/depth,4.765,qwen_vl,depth__check_mailbox_split_seg4_check_mailbox__depth_counting__07__input_depth,How many human figures appear in the building hallways?,,depth_counting,depth,check_mailbox_split/Seg4/check_mailbox,depth__check_mailbox_split_seg4_check_mailbox__depth_counting__07,depth_counting,answered
2.86,4,True,8,"[""aligned_dataset/.frames_cache_marigold/check_mailbox_split/Seg4/check_mailbox/day/frame_000000_depth.png"", ""aligned_dataset/.frames_cache_marigold/check_mailbox_split/Seg4/check_mailbox/day/frame_000300_depth.png"", ""aligned_dataset/.frames_cache_marigold/check_mailbox_split/Seg4/check_mailbox/day/frame_000570_depth.png"", ""aligned_dataset/.frames_cache_marigold/check_mailbox_split/Seg4/check_mailbox/day/frame_000870_depth.png"", ""aligned_dataset/.frames_cache_marigold/check_mailbox_split/Seg4/check_mailbox/night/frame_000000_depth.png"", ""aligned_dataset/.frames_cache_marigold/check_mailbox_split/Seg4/check_mailbox/night/frame_000300_depth.png"", ""aligned_dataset/.frames_cache_marigold/check_mailbox_split/Seg4/check_mailbox/night/frame_000570_depth.png"", ""aligned_dataset/.frames_cache_marigold/check_mailbox_split/Seg4/check_mailbox/night/frame_000870_depth.png""]","{""max_new_tokens"": 128, ""do_sample"": false}",Zero.,1.905,depth,{},1.266,depth,0,models/qwen/Qwen3-VL-4B-Instruct,4,check_mailbox_split/Seg4/depth,4.765,qwen_vl,depth__check_mailbox_split_seg4_check_mailbox__depth_dynamic_counting__01__input_depth,How many people approach me from the front?,,depth_dynamic_counting,depth,check_mailbox_split/Seg4/check_mailbox,depth__check_mailbox_split_seg4_check_mailbox__depth_dynamic_counting__01,depth_dynamic_counting,answered
2.86,4,True,8,"[""aligned_dataset/.frames_cache_marigold/check_mailbox_split/Seg4/check_mailbox/day/frame_000000_depth.png"", ""aligned_dataset/.frames_cache_marigold/check_mailbox_split/Seg4/check_mailbox/day/frame_000300_depth.png"", ""aligned_dataset/.frames_cache_marigold/check_mailbox_split/Seg4/check_mailbox/day/frame_000570_depth.png"", ""aligned_dataset/.frames_cache_marigold/check_mailbox_split/Seg4/check_mailbox/day/frame_000870_depth.png"", ""aligned_dataset/.frames_cache_marigold/check_mailbox_split/Seg4/check_mailbox/night/frame_000000_depth.png"", ""aligned_dataset/.frames_cache_marigold/check_mailbox_split/Seg4/check_mailbox/night/frame_000300_depth.png"", ""aligned_dataset/.frames_cache_marigold/check_mailbox_split/Seg4/check_mailbox/night/frame_000570_depth.png"", ""aligned_dataset/.frames_cache_marigold/check_mailbox_split/Seg4/check_mailbox/night/frame_000870_depth.png""]","{""max_new_tokens"": 128, ""do_sample"": false}",One.,1.905,depth,{},1.2659,depth,0,models/qwen/Qwen3-VL-4B-Instruct,4,check_mailbox_split/Seg4/depth,4.765,qwen_vl,depth__check_mailbox_split_seg4_check_mailbox__depth_dynamic_counting__02__input_depth,How many people do I see walking away?,,depth_dynamic_counting,depth,check_mailbox_split/Seg4/check_mailbox,depth__check_mailbox_split_seg4_check_mailbox__depth_dynamic_counting__02,depth_dynamic_counting,answered
2.86,4,True,8,"[""aligned_dataset/.frames_cache_marigold/check_mailbox_split/Seg4/check_mailbox/day/frame_000000_depth.png"", ""aligned_dataset/.frames_cache_marigold/check_mailbox_split/Seg4/check_mailbox/day/frame_000300_depth.png"", ""aligned_dataset/.frames_cache_marigold/check_mailbox_split/Seg4/check_mailbox/day/frame_000570_depth.png"", ""aligned_dataset/.frames_cache_marigold/check_mailbox_split/Seg4/check_mailbox/day/frame_000870_depth.png"", ""aligned_dataset/.frames_cache_marigold/check_mailbox_split/Seg4/check_mailbox/night/frame_000000_depth.png"", ""aligned_dataset/.frames_cache_marigold/check_mailbox_split/Seg4/check_mailbox/night/frame_000300_depth.png"", ""aligned_dataset/.frames_cache_marigold/check_mailbox_split/Seg4/check_mailbox/night/frame_000570_depth.png"", ""aligned_dataset/.frames_cache_marigold/check_mailbox_split/Seg4/check_mailbox/night/frame_000870_depth.png""]","{""max_new_tokens"": 128, ""do_sample"": false}",Zero.,1.905,depth,{},1.2588,depth,0,models/qwen/Qwen3-VL-4B-Instruct,4,check_mailbox_split/Seg4/depth,4.765,qwen_vl,depth__check_mailbox_split_seg4_check_mailbox__depth_dynamic_counting__03__input_depth,How many vehicles are moving in the scene?,,depth_dynamic_counting,depth,check_mailbox_split/Seg4/check_mailbox,depth__check_mailbox_split_seg4_check_mailbox__depth_dynamic_counting__03,depth_dynamic_counting,answered
2.86,4,True,8,"[""aligned_dataset/.frames_cache_marigold/check_mailbox_split/Seg4/check_mailbox/day/frame_000000_depth.png"", ""aligned_dataset/.frames_cache_marigold/check_mailbox_split/Seg4/check_mailbox/day/frame_000300_depth.png"", ""aligned_dataset/.frames_cache_marigold/check_mailbox_split/Seg4/check_mailbox/day/frame_000570_depth.png"", ""aligned_dataset/.frames_cache_marigold/check_mailbox_split/Seg4/check_mailbox/day/frame_000870_depth.png"", ""aligned_dataset/.frames_cache_marigold/check_mailbox_split/Seg4/check_mailbox/night/frame_000000_depth.png"", ""aligned_dataset/.frames_cache_marigold/check_mailbox_split/Seg4/check_mailbox/night/frame_000300_depth.png"", ""aligned_dataset/.frames_cache_marigold/check_mailbox_split/Seg4/check_mailbox/night/frame_000570_depth.png"", ""aligned_dataset/.frames_cache_marigold/check_mailbox_split/Seg4/check_mailbox/night/frame_000870_depth.png""]","{""max_new_tokens"": 128, ""do_sample"": false}",Zero.,1.905,depth,{},1.2602,depth,1,models/qwen/Qwen3-VL-4B-Instruct,4,check_mailbox_split/Seg4/depth,4.765,qwen_vl,depth__check_mailbox_split_seg4_check_mailbox__depth_dynamic_counting__05__input_depth,How many moving objects pass me on the left?,,depth_dynamic_counting,depth,check_mailbox_split/Seg4/check_mailbox,depth__check_mailbox_split_seg4_check_mailbox__depth_dynamic_counting__05,depth_dynamic_counting,answered
2.86,4,True,8,"[""aligned_dataset/.frames_cache_marigold/check_mailbox_split/Seg4/check_mailbox/day/frame_000000_depth.png"", ""aligned_dataset/.frames_cache_marigold/check_mailbox_split/Seg4/check_mailbox/day/frame_000300_depth.png"", ""aligned_dataset/.frames_cache_marigold/check_mailbox_split/Seg4/check_mailbox/day/frame_000570_depth.png"", ""aligned_dataset/.frames_cache_marigold/check_mailbox_split/Seg4/check_mailbox/day/frame_000870_depth.png"", ""aligned_dataset/.frames_cache_marigold/check_mailbox_split/Seg4/check_mailbox/night/frame_000000_depth.png"", ""aligned_dataset/.frames_cache_marigold/check_mailbox_split/Seg4/check_mailbox/night/frame_000300_depth.png"", ""aligned_dataset/.frames_cache_marigold/check_mailbox_split/Seg4/check_mailbox/night/frame_000570_depth.png"", ""aligned_dataset/.frames_cache_marigold/check_mailbox_split/Seg4/check_mailbox/night/frame_000870_depth.png""]","{""max_new_tokens"": 128, ""do_sample"": false}",One.,1.905,depth,{},1.2608,depth,2,models/qwen/Qwen3-VL-4B-Instruct,4,check_mailbox_split/Seg4/depth,4.765,qwen_vl,depth__check_mailbox_split_seg4_check_mailbox__depth_dynamic_counting__06__input_depth,How many dynamic entities appear in the outdoor section?,,depth_dynamic_counting,depth,check_mailbox_split/Seg4/check_mailbox,depth__check_mailbox_split_seg4_check_mailbox__depth_dynamic_counting__06,depth_dynamic_counting,answered
2.86,4,True,8,"[""aligned_dataset/.frames_cache_marigold/check_mailbox_split/Seg4/check_mailbox/day/frame_000000_depth.png"", ""aligned_dataset/.frames_cache_marigold/check_mailbox_split/Seg4/check_mailbox/day/frame_000300_depth.png"", ""aligned_dataset/.frames_cache_marigold/check_mailbox_split/Seg4/check_mailbox/day/frame_000570_depth.png"", ""aligned_dataset/.frames_cache_marigold/check_mailbox_split/Seg4/check_mailbox/day/frame_000870_depth.png"", ""aligned_dataset/.frames_cache_marigold/check_mailbox_split/Seg4/check_mailbox/night/frame_000000_depth.png"", ""aligned_dataset/.frames_cache_marigold/check_mailbox_split/Seg4/check_mailbox/night/frame_000300_depth.png"", ""aligned_dataset/.frames_cache_marigold/check_mailbox_split/Seg4/check_mailbox/night/frame_000570_depth.png"", ""aligned_dataset/.frames_cache_marigold/check_mailbox_split/Seg4/check_mailbox/night/frame_000870_depth.png""]","{""max_new_tokens"": 128, ""do_sample"": false}",One.,1.905,depth,{},1.2613,depth,1,models/qwen/Qwen3-VL-4B-Instruct,4,check_mailbox_split/Seg4/depth,4.765,qwen_vl,depth__check_mailbox_split_seg4_check_mailbox__depth_dynamic_counting__08__input_depth,How many human figures are seen throughout the entire sequence?,,depth_dynamic_counting,depth,check_mailbox_split/Seg4/check_mailbox,depth__check_mailbox_split_seg4_check_mailbox__depth_dynamic_counting__08,depth_dynamic_counting,answered
2.86,4,True,8,"[""aligned_dataset/.frames_cache_marigold/check_mailbox_split/Seg4/check_mailbox/day/frame_000000_depth.png"", ""aligned_dataset/.frames_cache_marigold/check_mailbox_split/Seg4/check_mailbox/day/frame_000300_depth.png"", ""aligned_dataset/.frames_cache_marigold/check_mailbox_split/Seg4/check_mailbox/day/frame_000570_depth.png"", ""aligned_dataset/.frames_cache_marigold/check_mailbox_split/Seg4/check_mailbox/day/frame_000870_depth.png"", ""aligned_dataset/.frames_cache_marigold/check_mailbox_split/Seg4/check_mailbox/night/frame_000000_depth.png"", ""aligned_dataset/.frames_cache_marigold/check_mailbox_split/Seg4/check_mailbox/night/frame_000300_depth.png"", ""aligned_dataset/.frames_cache_marigold/check_mailbox_split/Seg4/check_mailbox/night/frame_000570_depth.png"", ""aligned_dataset/.frames_cache_marigold/check_mailbox_split/Seg4/check_mailbox/night/frame_000870_depth.png""]","{""max_new_tokens"": 128, ""do_sample"": false}",A staircase.,1.907,depth,{},1.2555,depth,mailbox,models/qwen/Qwen3-VL-4B-Instruct,4,check_mailbox_split/Seg4/depth,4.767,qwen_vl,depth__check_mailbox_split_seg4_check_mailbox__depth_navigation__01__input_depth,What landmark is visible on the right side of the hallway as I approach the end of my path?,,depth_navigation,depth,check_mailbox_split/Seg4/check_mailbox,depth__check_mailbox_split_seg4_check_mailbox__depth_navigation__01,depth_navigation,answered
2.86,4,True,8,"[""aligned_dataset/.frames_cache_marigold/check_mailbox_split/Seg4/check_mailbox/day/frame_000000_depth.png"", ""aligned_dataset/.frames_cache_marigold/check_mailbox_split/Seg4/check_mailbox/day/frame_000300_depth.png"", ""aligned_dataset/.frames_cache_marigold/check_mailbox_split/Seg4/check_mailbox/day/frame_000570_depth.png"", ""aligned_dataset/.frames_cache_marigold/check_mailbox_split/Seg4/check_mailbox/day/frame_000870_depth.png"", ""aligned_dataset/.frames_cache_marigold/check_mailbox_split/Seg4/check_mailbox/night/frame_000000_depth.png"", ""aligned_dataset/.frames_cache_marigold/check_mailbox_split/Seg4/check_mailbox/night/frame_000300_depth.png"", ""aligned_dataset/.frames_cache_marigold/check_mailbox_split/Seg4/check_mailbox/night/frame_000570_depth.png"", ""aligned_dataset/.frames_cache_marigold/check_mailbox_split/Seg4/check_mailbox/night/frame_000870_depth.png""]","{""max_new_tokens"": 128, ""do_sample"": false}",No.,1.905,depth,{},1.257,depth,No,models/qwen/Qwen3-VL-4B-Instruct,4,check_mailbox_split/Seg4/depth,4.765,qwen_vl,depth__check_mailbox_split_seg4_check_mailbox__depth_dynamic_recognition__01__input_depth,Is the person in the distance moving toward me?,,depth_dynamic_recognition,depth,check_mailbox_split/Seg4/check_mailbox,depth__check_mailbox_split_seg4_check_mailbox__depth_dynamic_recognition__01,depth_dynamic_recognition,answered
2.86,4,True,8,"[""aligned_dataset/.frames_cache_marigold/check_mailbox_split/Seg4/check_mailbox/day/frame_000000_depth.png"", ""aligned_dataset/.frames_cache_marigold/check_mailbox_split/Seg4/check_mailbox/day/frame_000300_depth.png"", ""aligned_dataset/.frames_cache_marigold/check_mailbox_split/Seg4/check_mailbox/day/frame_000570_depth.png"", ""aligned_dataset/.frames_cache_marigold/check_mailbox_split/Seg4/check_mailbox/day/frame_000870_depth.png"", ""aligned_dataset/.frames_cache_marigold/check_mailbox_split/Seg4/check_mailbox/night/frame_000000_depth.png"", ""aligned_dataset/.frames_cache_marigold/check_mailbox_split/Seg4/check_mailbox/night/frame_000300_depth.png"", ""aligned_dataset/.frames_cache_marigold/check_mailbox_split/Seg4/check_mailbox/night/frame_000570_depth.png"", ""aligned_dataset/.frames_cache_marigold/check_mailbox_split/Seg4/check_mailbox/night/frame_000870_depth.png""]","{""max_new_tokens"": 128, ""do_sample"": false}",Yes.,1.905,depth,{},1.2577,depth,No,models/qwen/Qwen3-VL-4B-Instruct,4,check_mailbox_split/Seg4/depth,4.764,qwen_vl,depth__check_mailbox_split_seg4_check_mailbox__depth_dynamic_recognition__02__input_depth,Does the person vanish behind a wall?,,depth_dynamic_recognition,depth,check_mailbox_split/Seg4/check_mailbox,depth__check_mailbox_split_seg4_check_mailbox__depth_dynamic_recognition__02,depth_dynamic_recognition,answered
2.86,4,True,8,"[""aligned_dataset/.frames_cache_marigold/check_mailbox_split/Seg4/check_mailbox/day/frame_000000_depth.png"", ""aligned_dataset/.frames_cache_marigold/check_mailbox_split/Seg4/check_mailbox/day/frame_000300_depth.png"", ""aligned_dataset/.frames_cache_marigold/check_mailbox_split/Seg4/check_mailbox/day/frame_000570_depth.png"", ""aligned_dataset/.frames_cache_marigold/check_mailbox_split/Seg4/check_mailbox/day/frame_000870_depth.png"", ""aligned_dataset/.frames_cache_marigold/check_mailbox_split/Seg4/check_mailbox/night/frame_000000_depth.png"", ""aligned_dataset/.frames_cache_marigold/check_mailbox_split/Seg4/check_mailbox/night/frame_000300_depth.png"", ""aligned_dataset/.frames_cache_marigold/check_mailbox_split/Seg4/check_mailbox/night/frame_000570_depth.png"", ""aligned_dataset/.frames_cache_marigold/check_mailbox_split/Seg4/check_mailbox/night/frame_000870_depth.png""]","{""max_new_tokens"": 128, ""do_sample"": false}",Frame 300.,1.906,depth,{},1.4341,depth,000000_depth.png,models/qwen/Qwen3-VL-4B-Instruct,4,check_mailbox_split/Seg4/depth,4.765,qwen_vl,depth__check_mailbox_split_seg4_check_mailbox__depth_dynamic_recognition__03__input_depth,At what frame does the person first appear in the distance?,,depth_dynamic_recognition,depth,check_mailbox_split/Seg4/check_mailbox,depth__check_mailbox_split_seg4_check_mailbox__depth_dynamic_recognition__03,depth_dynamic_recognition,answered
2.86,4,True,8,"[""aligned_dataset/.frames_cache_marigold/check_mailbox_split/Seg4/check_mailbox/day/frame_000000_depth.png"", ""aligned_dataset/.frames_cache_marigold/check_mailbox_split/Seg4/check_mailbox/day/frame_000300_depth.png"", ""aligned_dataset/.frames_cache_marigold/check_mailbox_split/Seg4/check_mailbox/day/frame_000570_depth.png"", ""aligned_dataset/.frames_cache_marigold/check_mailbox_split/Seg4/check_mailbox/day/frame_000870_depth.png"", ""aligned_dataset/.frames_cache_marigold/check_mailbox_split/Seg4/check_mailbox/night/frame_000000_depth.png"", ""aligned_dataset/.frames_cache_marigold/check_mailbox_split/Seg4/check_mailbox/night/frame_000300_depth.png"", ""aligned_dataset/.frames_cache_marigold/check_mailbox_split/Seg4/check_mailbox/night/frame_000570_depth.png"", ""aligned_dataset/.frames_cache_marigold/check_mailbox_split/Seg4/check_mailbox/night/frame_000870_depth.png""]","{""max_new_tokens"": 128, ""do_sample"": false}",No.,1.905,depth,{},1.2575,depth,No,models/qwen/Qwen3-VL-4B-Instruct,4,check_mailbox_split/Seg4/depth,4.765,qwen_vl,depth__check_mailbox_split_seg4_check_mailbox__depth_dynamic_recognition__04__input_depth,Is there a car moving in the background?,,depth_dynamic_recognition,depth,check_mailbox_split/Seg4/check_mailbox,depth__check_mailbox_split_seg4_check_mailbox__depth_dynamic_recognition__04,depth_dynamic_recognition,answered
2.86,4,True,8,"[""aligned_dataset/.frames_cache_marigold/check_mailbox_split/Seg4/check_mailbox/day/frame_000000_depth.png"", ""aligned_dataset/.frames_cache_marigold/check_mailbox_split/Seg4/check_mailbox/day/frame_000300_depth.png"", ""aligned_dataset/.frames_cache_marigold/check_mailbox_split/Seg4/check_mailbox/day/frame_000570_depth.png"", ""aligned_dataset/.frames_cache_marigold/check_mailbox_split/Seg4/check_mailbox/day/frame_000870_depth.png"", ""aligned_dataset/.frames_cache_marigold/check_mailbox_split/Seg4/check_mailbox/night/frame_000000_depth.png"", ""aligned_dataset/.frames_cache_marigold/check_mailbox_split/Seg4/check_mailbox/night/frame_000300_depth.png"", ""aligned_dataset/.frames_cache_marigold/check_mailbox_split/Seg4/check_mailbox/night/frame_000570_depth.png"", ""aligned_dataset/.frames_cache_marigold/check_mailbox_split/Seg4/check_mailbox/night/frame_000870_depth.png""]","{""max_new_tokens"": 128, ""do_sample"": false}",Yes.,1.905,depth,{},1.2625,depth,No,models/qwen/Qwen3-VL-4B-Instruct,4,check_mailbox_split/Seg4/depth,4.764,qwen_vl,depth__check_mailbox_split_seg4_check_mailbox__depth_dynamic_recognition__05__input_depth,Does the human figure enter a doorway?,,depth_dynamic_recognition,depth,check_mailbox_split/Seg4/check_mailbox,depth__check_mailbox_split_seg4_check_mailbox__depth_dynamic_recognition__05,depth_dynamic_recognition,answered
2.86,4,True,8,"[""aligned_dataset/.frames_cache_marigold/check_mailbox_split/Seg4/check_mailbox/day/frame_000000_depth.png"", ""aligned_dataset/.frames_cache_marigold/check_mailbox_split/Seg4/check_mailbox/day/frame_000300_depth.png"", ""aligned_dataset/.frames_cache_marigold/check_mailbox_split/Seg4/check_mailbox/day/frame_000570_depth.png"", ""aligned_dataset/.frames_cache_marigold/check_mailbox_split/Seg4/check_mailbox/day/frame_000870_depth.png"", ""aligned_dataset/.frames_cache_marigold/check_mailbox_split/Seg4/check_mailbox/night/frame_000000_depth.png"", ""aligned_dataset/.frames_cache_marigold/check_mailbox_split/Seg4/check_mailbox/night/frame_000300_depth.png"", ""aligned_dataset/.frames_cache_marigold/check_mailbox_split/Seg4/check_mailbox/night/frame_000570_depth.png"", ""aligned_dataset/.frames_cache_marigold/check_mailbox_split/Seg4/check_mailbox/night/frame_000870_depth.png""]","{""max_new_tokens"": 128, ""do_sample"": false}",Yes.,1.905,depth,{},1.2559,depth,Yes,models/qwen/Qwen3-VL-4B-Instruct,4,check_mailbox_split/Seg4/depth,4.764,qwen_vl,depth__check_mailbox_split_seg4_check_mailbox__depth_dynamic_recognition__06__input_depth,Is the dynamic object a person?,,depth_dynamic_recognition,depth,check_mailbox_split/Seg4/check_mailbox,depth__check_mailbox_split_seg4_check_mailbox__depth_dynamic_recognition__06,depth_dynamic_recognition,answered
2.86,4,True,8,"[""aligned_dataset/.frames_cache_marigold/check_mailbox_split/Seg4/check_mailbox/day/frame_000000_depth.png"", ""aligned_dataset/.frames_cache_marigold/check_mailbox_split/Seg4/check_mailbox/day/frame_000300_depth.png"", ""aligned_dataset/.frames_cache_marigold/check_mailbox_split/Seg4/check_mailbox/day/frame_000570_depth.png"", ""aligned_dataset/.frames_cache_marigold/check_mailbox_split/Seg4/check_mailbox/day/frame_000870_depth.png"", ""aligned_dataset/.frames_cache_marigold/check_mailbox_split/Seg4/check_mailbox/night/frame_000000_depth.png"", ""aligned_dataset/.frames_cache_marigold/check_mailbox_split/Seg4/check_mailbox/night/frame_000300_depth.png"", ""aligned_dataset/.frames_cache_marigold/check_mailbox_split/Seg4/check_mailbox/night/frame_000570_depth.png"", ""aligned_dataset/.frames_cache_marigold/check_mailbox_split/Seg4/check_mailbox/night/frame_000870_depth.png""]","{""max_new_tokens"": 128, ""do_sample"": false}",Walking forward.,1.905,depth,{},1.2795,depth,check mailbox,models/qwen/Qwen3-VL-4B-Instruct,4,check_mailbox_split/Seg4/depth,4.764,qwen_vl,depth__check_mailbox_split_seg4_check_mailbox__depth_action__01__input_depth,What is my primary action during the video?,,depth_action,depth,check_mailbox_split/Seg4/check_mailbox,depth__check_mailbox_split_seg4_check_mailbox__depth_action__01,depth_action,answered
2.86,4,True,8,"[""aligned_dataset/.frames_cache_marigold/check_mailbox_split/Seg4/check_mailbox/day/frame_000000_depth.png"", ""aligned_dataset/.frames_cache_marigold/check_mailbox_split/Seg4/check_mailbox/day/frame_000300_depth.png"", ""aligned_dataset/.frames_cache_marigold/check_mailbox_split/Seg4/check_mailbox/day/frame_000570_depth.png"", ""aligned_dataset/.frames_cache_marigold/check_mailbox_split/Seg4/check_mailbox/day/frame_000870_depth.png"", ""aligned_dataset/.frames_cache_marigold/check_mailbox_split/Seg4/check_mailbox/night/frame_000000_depth.png"", ""aligned_dataset/.frames_cache_marigold/check_mailbox_split/Seg4/check_mailbox/night/frame_000300_depth.png"", ""aligned_dataset/.frames_cache_marigold/check_mailbox_split/Seg4/check_mailbox/night/frame_000570_depth.png"", ""aligned_dataset/.frames_cache_marigold/check_mailbox_split/Seg4/check_mailbox/night/frame_000870_depth.png""]","{""max_new_tokens"": 128, ""do_sample"": false}",Mailboxes.,1.905,depth,{},1.2572,depth,mailbox,models/qwen/Qwen3-VL-4B-Instruct,4,check_mailbox_split/Seg4/depth,4.764,qwen_vl,depth__check_mailbox_split_seg4_check_mailbox__depth_action__02__input_depth,Which object do I interact with at the end?,,depth_action,depth,check_mailbox_split/Seg4/check_mailbox,depth__check_mailbox_split_seg4_check_mailbox__depth_action__02,depth_action,answered
2.86,4,True,8,"[""aligned_dataset/.frames_cache_marigold/check_mailbox_split/Seg4/check_mailbox/day/frame_000000_depth.png"", ""aligned_dataset/.frames_cache_marigold/check_mailbox_split/Seg4/check_mailbox/day/frame_000300_depth.png"", ""aligned_dataset/.frames_cache_marigold/check_mailbox_split/Seg4/check_mailbox/day/frame_000570_depth.png"", ""aligned_dataset/.frames_cache_marigold/check_mailbox_split/Seg4/check_mailbox/day/frame_000870_depth.png"", ""aligned_dataset/.frames_cache_marigold/check_mailbox_split/Seg4/check_mailbox/night/frame_000000_depth.png"", ""aligned_dataset/.frames_cache_marigold/check_mailbox_split/Seg4/check_mailbox/night/frame_000300_depth.png"", ""aligned_dataset/.frames_cache_marigold/check_mailbox_split/Seg4/check_mailbox/night/frame_000570_depth.png"", ""aligned_dataset/.frames_cache_marigold/check_mailbox_split/Seg4/check_mailbox/night/frame_000870_depth.png""]","{""max_new_tokens"": 128, ""do_sample"": false}",Yes.,1.905,depth,{},1.2591,depth,no,models/qwen/Qwen3-VL-4B-Instruct,4,check_mailbox_split/Seg4/depth,4.765,qwen_vl,depth__check_mailbox_split_seg4_check_mailbox__depth_action__03__input_depth,Do I use my hand to reach for the mailboxes?,,depth_action,depth,check_mailbox_split/Seg4/check_mailbox,depth__check_mailbox_split_seg4_check_mailbox__depth_action__03,depth_action,answered
