night_frame,night_time_seconds,day_frame,day_time_seconds,confidence,status
0,0.0,0,0.0,0.034585,review
1,0.033333,0,0.0,0.092606,review
2,0.066667,1,0.033333,0.150627,review
3,0.1,2,0.066667,0.208648,review
4,0.133333,2,0.066667,0.266669,review
5,0.166667,2,0.066667,0.32469,review
6,0.2,3,0.1,0.382711,matched
7,0.233333,4,0.133333,0.440732,matched
8,0.266667,4,0.133333,0.498753,matched
9,0.3,4,0.133333,0.556774,matched
10,0.333333,5,0.166667,0.614795,matched
11,0.366667,6,0.2,0.672816,matched
12,0.4,6,0.2,0.730837,matched
13,0.433333,8,0.266667,0.609031,matched
14,0.466667,10,0.333333,0.487225,matched
15,0.5,12,0.4,0.365419,matched
16,0.533333,14,0.466667,0.243612,review
17,0.566667,16,0.533333,0.121806,review
18,0.6,18,0.6,0.0,review
19,0.633333,20,0.666667,0.0,review
20,0.666667,22,0.733333,0.0,review
21,0.7,24,0.8,0.0,review
22,0.733333,26,0.866667,0.0,review
23,0.766667,28,0.933333,0.0,review
24,0.8,30,1.0,0.0,review
25,0.833333,32,1.066667,0.084607,review
26,0.866667,34,1.133333,0.169214,review
27,0.9,36,1.2,0.253821,review
28,0.933333,38,1.266667,0.338428,review
29,0.966667,40,1.333333,0.423035,matched
30,1.0,42,1.4,0.507642,matched
31,1.033333,43,1.433333,0.497468,matched
32,1.066667,44,1.466667,0.487294,matched
33,1.1,45,1.5,0.47712,matched
34,1.133333,46,1.533333,0.466946,matched
35,1.166667,47,1.566667,0.456772,matched
36,1.2,48,1.6,0.446598,matched
37,1.233333,50,1.666667,0.429521,matched
38,1.266667,52,1.733333,0.412444,matched
39,1.3,54,1.8,0.395367,matched
40,1.333333,56,1.866667,0.37829,matched
41,1.366667,58,1.933333,0.361213,matched
42,1.4,60,2.0,0.344136,review
43,1.433333,62,2.066667,0.383072,matched
44,1.466667,64,2.133333,0.422008,matched
45,1.5,66,2.2,0.460944,matched
46,1.533333,68,2.266667,0.49988,matched
47,1.566667,70,2.333333,0.538816,matched
48,1.6,72,2.4,0.577752,matched
49,1.633333,73,2.433333,0.582785,matched
50,1.666667,73,2.433333,0.587818,matched
51,1.7,74,2.466667,0.592851,matched
52,1.733333,74,2.466667,0.597884,matched
53,1.766667,75,2.5,0.602917,matched
54,1.8,75,2.5,0.607951,matched
55,1.833333,75,2.5,0.612984,matched
56,1.866667,76,2.533333,0.618017,matched
57,1.9,76,2.533333,0.62305,matched
58,1.933333,77,2.566667,0.628083,matched
59,1.966667,77,2.566667,0.633116,matched
60,2.0,78,2.6,0.638149,matched
61,2.033333,78,2.6,0.614274,matched
62,2.066667,79,2.633333,0.590399,matched
63,2.1,79,2.633333,0.566524,matched
64,2.133333,80,2.666667,0.542649,matched
65,2.166667,80,2.666667,0.518774,matched
66,2.2,81,2.7,0.494899,matched
67,2.233333,81,2.7,0.471024,matched
68,2.266667,82,2.733333,0.447149,matched
69,2.3,82,2.733333,0.423274,matched
70,2.333333,83,2.766667,0.399399,matched
71,2.366667,83,2.766667,0.375524,matched
72,2.4,84,2.8,0.351649,matched
73,2.433333,84,2.8,0.380678,matched
74,2.466667,85,2.833333,0.409707,matched
75,2.5,85,2.833333,0.438737,matched
76,2.533333,86,2.866667,0.467766,matched
77,2.566667,86,2.866667,0.496795,matched
78,2.6,87,2.9,0.525824,matched
79,2.633333,87,2.9,0.554854,matched
80,2.666667,88,2.933333,0.583883,matched
81,2.7,88,2.933333,0.612912,matched
82,2.733333,89,2.966667,0.641942,matched
83,2.766667,90,3.0,0.670971,matched
84,2.8,90,3.0,0.7,matched
85,2.833333,91,3.033333,0.698851,matched
86,2.866667,91,3.033333,0.697703,matched
87,2.9,92,3.066667,0.696554,matched
88,2.933333,92,3.066667,0.695405,matched
89,2.966667,93,3.1,0.694257,matched
90,3.0,93,3.1,0.693108,matched
91,3.033333,94,3.133333,0.691959,matched
92,3.066667,94,3.133333,0.690811,matched
93,3.1,95,3.166667,0.689662,matched
94,3.133333,95,3.166667,0.688513,matched
95,3.166667,96,3.2,0.687365,matched
96,3.2,96,3.2,0.686216,matched
97,3.233333,98,3.266667,0.692511,matched
98,3.266667,100,3.333333,0.698807,matched
99,3.3,102,3.4,0.705102,matched
100,3.333333,104,3.466667,0.711398,matched
101,3.366667,106,3.533333,0.717693,matched
102,3.4,108,3.6,0.723989,matched
103,3.433333,108,3.6,0.717617,matched
104,3.466667,109,3.633333,0.711245,matched
105,3.5,109,3.633333,0.704873,matched
106,3.533333,110,3.666667,0.6985,matched
107,3.566667,110,3.666667,0.692128,matched
108,3.6,111,3.7,0.685756,matched
109,3.633333,111,3.7,0.679384,matched
110,3.666667,112,3.733333,0.673012,matched
111,3.7,112,3.733333,0.666639,matched
112,3.733333,113,3.766667,0.660267,matched
113,3.766667,113,3.766667,0.653895,matched
114,3.8,114,3.8,0.647523,matched
115,3.833333,114,3.8,0.640117,matched
116,3.866667,115,3.833333,0.632711,matched
117,3.9,116,3.866667,0.625305,matched
118,3.933333,116,3.866667,0.617899,matched
119,3.966667,117,3.9,0.610493,matched
120,4.0,117,3.9,0.603086,matched
121,4.033333,118,3.933333,0.59568,matched
122,4.066667,118,3.933333,0.588274,matched
123,4.1,119,3.966667,0.580868,matched
124,4.133333,119,3.966667,0.573462,matched
125,4.166667,120,4.0,0.566056,matched
126,4.2,120,4.0,0.55865,matched
127,4.233333,121,4.033333,0.570429,matched
128,4.266667,121,4.033333,0.582208,matched
129,4.3,122,4.066667,0.593988,matched
130,4.333333,122,4.066667,0.605767,matched
131,4.366667,122,4.066667,0.617546,matched
132,4.4,123,4.1,0.629325,matched
133,4.433333,123,4.1,0.641104,matched
134,4.466667,124,4.133333,0.652883,matched
135,4.5,124,4.133333,0.664663,matched
136,4.533333,125,4.166667,0.676442,matched
137,4.566667,125,4.166667,0.688221,matched
138,4.6,126,4.2,0.7,matched
139,4.633333,128,4.266667,0.67612,matched
140,4.666667,130,4.333333,0.65224,matched
141,4.7,132,4.4,0.62836,matched
142,4.733333,134,4.466667,0.604479,matched
143,4.766667,136,4.533333,0.580599,matched
144,4.8,138,4.6,0.556719,matched
145,4.833333,138,4.6,0.568659,matched
146,4.866667,139,4.633333,0.580599,matched
147,4.9,139,4.633333,0.592539,matched
148,4.933333,140,4.666667,0.604479,matched
149,4.966667,141,4.7,0.616419,matched
150,5.0,141,4.7,0.628359,matched
151,5.033333,142,4.733333,0.6403,matched
152,5.066667,142,4.733333,0.65224,matched
153,5.1,143,4.766667,0.66418,matched
154,5.133333,143,4.766667,0.67612,matched
155,5.166667,144,4.8,0.68806,matched
156,5.2,144,4.8,0.7,matched
157,5.233333,145,4.833333,0.7,matched
158,5.266667,145,4.833333,0.7,matched
159,5.3,146,4.866667,0.7,matched
160,5.333333,146,4.866667,0.7,matched
161,5.366667,147,4.9,0.7,matched
162,5.4,147,4.9,0.7,matched
163,5.433333,148,4.933333,0.7,matched
164,5.466667,148,4.933333,0.7,matched
165,5.5,149,4.966667,0.7,matched
166,5.533333,149,4.966667,0.7,matched
167,5.566667,150,5.0,0.7,matched
168,5.6,150,5.0,0.7,matched
169,5.633333,152,5.066667,0.7,matched
170,5.666667,154,5.133333,0.7,matched
171,5.7,156,5.2,0.7,matched
172,5.733333,158,5.266667,0.7,matched
173,5.766667,160,5.333333,0.7,matched
174,5.8,162,5.4,0.7,matched
175,5.833333,164,5.466667,0.699962,matched
176,5.866667,166,5.533333,0.699924,matched
177,5.9,168,5.6,0.699885,matched
178,5.933333,170,5.666667,0.699847,matched
179,5.966667,172,5.733333,0.699809,matched
180,6.0,174,5.8,0.699771,matched
181,6.033333,176,5.866667,0.699809,matched
182,6.066667,178,5.933333,0.699847,matched
183,6.1,180,6.0,0.699885,matched
184,6.133333,182,6.066667,0.699924,matched
185,6.166667,184,6.133333,0.699962,matched
186,6.2,186,6.2,0.7,matched
187,6.233333,186,6.2,0.7,matched
188,6.266667,187,6.233333,0.7,matched
189,6.3,187,6.233333,0.7,matched
190,6.333333,188,6.266667,0.7,matched
191,6.366667,189,6.3,0.7,matched
192,6.4,189,6.3,0.7,matched
193,6.433333,190,6.333333,0.7,matched
194,6.466667,190,6.333333,0.7,matched
195,6.5,191,6.366667,0.7,matched
196,6.533333,191,6.366667,0.7,matched
197,6.566667,192,6.4,0.7,matched
198,6.6,192,6.4,0.7,matched
199,6.633333,193,6.433333,0.7,matched
200,6.666667,193,6.433333,0.7,matched
201,6.7,194,6.466667,0.7,matched
202,6.733333,194,6.466667,0.7,matched
203,6.766667,195,6.5,0.7,matched
204,6.8,195,6.5,0.7,matched
205,6.833333,196,6.533333,0.7,matched
206,6.866667,196,6.533333,0.7,matched
207,6.9,196,6.533333,0.7,matched
208,6.933333,197,6.566667,0.7,matched
209,6.966667,197,6.566667,0.7,matched
210,7.0,198,6.6,0.7,matched
211,7.033333,200,6.666667,0.7,matched
212,7.066667,202,6.733333,0.7,matched
213,7.1,204,6.8,0.7,matched
214,7.133333,206,6.866667,0.7,matched
215,7.166667,208,6.933333,0.7,matched
216,7.2,210,7.0,0.7,matched
217,7.233333,212,7.066667,0.7,matched
218,7.266667,214,7.133333,0.7,matched
219,7.3,216,7.2,0.7,matched
220,7.333333,218,7.266667,0.7,matched
221,7.366667,220,7.333333,0.7,matched
222,7.4,222,7.4,0.7,matched
223,7.433333,223,7.433333,0.667806,matched
224,7.466667,223,7.433333,0.635612,matched
225,7.5,223,7.433333,0.603418,matched
226,7.533333,224,7.466667,0.571224,matched
227,7.566667,224,7.466667,0.53903,matched
228,7.6,225,7.5,0.506836,matched
229,7.633333,225,7.5,0.474642,matched
230,7.666667,226,7.533333,0.442447,matched
231,7.7,226,7.533333,0.410253,matched
232,7.733333,227,7.566667,0.378059,matched
233,7.766667,227,7.566667,0.345865,review
234,7.8,228,7.6,0.313671,review
235,7.833333,230,7.666667,0.368206,matched
236,7.866667,232,7.733333,0.422741,matched
237,7.9,234,7.8,0.477277,matched
238,7.933333,236,7.866667,0.531812,matched
239,7.966667,238,7.933333,0.586348,matched
240,8.0,240,8.0,0.640883,matched
241,8.033333,240,8.0,0.632566,matched
242,8.066667,241,8.033333,0.624248,matched
243,8.1,242,8.066667,0.615931,matched
244,8.133333,242,8.066667,0.607614,matched
245,8.166667,242,8.066667,0.599296,matched
246,8.2,243,8.1,0.590979,matched
247,8.233333,244,8.133333,0.582662,matched
248,8.266667,244,8.133333,0.574344,matched
249,8.3,244,8.133333,0.566027,matched
250,8.333333,245,8.166667,0.55771,matched
251,8.366667,246,8.2,0.549392,matched
252,8.4,246,8.2,0.541075,matched
253,8.433333,248,8.266667,0.567563,matched
254,8.466667,250,8.333333,0.59405,matched
255,8.5,252,8.4,0.620537,matched
256,8.533333,254,8.466667,0.647025,matched
257,8.566667,256,8.533333,0.673512,matched
258,8.6,258,8.6,0.7,matched
259,8.633333,259,8.633333,0.689048,matched
260,8.666667,259,8.633333,0.678097,matched
261,8.7,260,8.666667,0.667145,matched
262,8.733333,260,8.666667,0.656193,matched
263,8.766667,261,8.7,0.645242,matched
264,8.8,261,8.7,0.63429,matched
265,8.833333,262,8.733333,0.623338,matched
266,8.866667,262,8.733333,0.612387,matched
267,8.9,263,8.766667,0.601435,matched
268,8.933333,263,8.766667,0.590483,matched
269,8.966667,264,8.8,0.579532,matched
270,9.0,264,8.8,0.56858,matched
271,9.033333,266,8.866667,0.581013,matched
272,9.066667,268,8.933333,0.593447,matched
273,9.1,270,9.0,0.60588,matched
274,9.133333,272,9.066667,0.618313,matched
275,9.166667,274,9.133333,0.630747,matched
276,9.2,276,9.2,0.64318,matched
277,9.233333,278,9.266667,0.650205,matched
278,9.266667,280,9.333333,0.657229,matched
279,9.3,282,9.4,0.664254,matched
280,9.333333,284,9.466667,0.671279,matched
281,9.366667,286,9.533333,0.678303,matched
282,9.4,288,9.6,0.685328,matched
283,9.433333,290,9.666667,0.654287,matched
284,9.466667,292,9.733333,0.623247,matched
285,9.5,294,9.8,0.592206,matched
286,9.533333,296,9.866667,0.561165,matched
287,9.566667,298,9.933333,0.530125,matched
288,9.6,300,10.0,0.499084,matched
289,9.633333,302,10.066667,0.531372,matched
290,9.666667,304,10.133333,0.563661,matched
291,9.7,306,10.2,0.59595,matched
292,9.733333,308,10.266667,0.628238,matched
293,9.766667,310,10.333333,0.660527,matched
294,9.8,312,10.4,0.692816,matched
295,9.833333,314,10.466667,0.634487,matched
296,9.866667,316,10.533333,0.576157,matched
297,9.9,318,10.6,0.517827,matched
298,9.933333,320,10.666667,0.459497,matched
299,9.966667,322,10.733333,0.401168,matched
300,10.0,324,10.8,0.342838,review
301,10.033333,325,10.833333,0.372602,matched
302,10.066667,325,10.833333,0.402365,matched
303,10.1,326,10.866667,0.432129,matched
304,10.133333,326,10.866667,0.461892,matched
305,10.166667,327,10.9,0.491656,matched
306,10.2,327,10.9,0.521419,matched
307,10.233333,328,10.933333,0.551183,matched
308,10.266667,328,10.933333,0.580946,matched
309,10.3,329,10.966667,0.61071,matched
310,10.333333,329,10.966667,0.640473,matched
311,10.366667,330,11.0,0.670237,matched
312,10.4,330,11.0,0.7,matched
313,10.433333,331,11.033333,0.7,matched
314,10.466667,331,11.033333,0.7,matched
315,10.5,332,11.066667,0.7,matched
316,10.533333,332,11.066667,0.7,matched
317,10.566667,332,11.066667,0.7,matched
318,10.6,333,11.1,0.7,matched
319,10.633333,333,11.1,0.7,matched
320,10.666667,334,11.133333,0.7,matched
321,10.7,334,11.133333,0.7,matched
322,10.733333,335,11.166667,0.7,matched
323,10.766667,335,11.166667,0.7,matched
324,10.8,336,11.2,0.7,matched
325,10.833333,338,11.266667,0.683845,matched
326,10.866667,340,11.333333,0.667689,matched
327,10.9,342,11.4,0.651534,matched
328,10.933333,344,11.466667,0.635379,matched
329,10.966667,346,11.533333,0.619223,matched
330,11.0,348,11.6,0.603068,matched
331,11.033333,350,11.666667,0.571473,matched
332,11.066667,352,11.733333,0.539879,matched
333,11.1,354,11.8,0.508284,matched
334,11.133333,356,11.866667,0.476689,matched
335,11.166667,358,11.933333,0.445095,matched
336,11.2,360,12.0,0.4135,matched
337,11.233333,362,12.066667,0.420263,matched
338,11.266667,364,12.133333,0.427025,matched
339,11.3,366,12.2,0.433788,matched
340,11.333333,368,12.266667,0.44055,matched
341,11.366667,370,12.333333,0.447313,matched
342,11.4,372,12.4,0.454075,matched
343,11.433333,374,12.466667,0.495063,matched
344,11.466667,376,12.533333,0.53605,matched
345,11.5,378,12.6,0.577037,matched
346,11.533333,380,12.666667,0.618025,matched
347,11.566667,382,12.733333,0.659012,matched
348,11.6,384,12.8,0.7,matched
349,11.633333,384,12.8,0.696336,matched
350,11.666667,385,12.833333,0.692673,matched
351,11.7,386,12.866667,0.689009,matched
352,11.733333,386,12.866667,0.685346,matched
353,11.766667,386,12.866667,0.681682,matched
354,11.8,387,12.9,0.678019,matched
355,11.833333,388,12.933333,0.674355,matched
356,11.866667,388,12.933333,0.670691,matched
357,11.9,388,12.933333,0.667028,matched
358,11.933333,389,12.966667,0.663364,matched
359,11.966667,390,13.0,0.659701,matched
360,12.0,390,13.0,0.656037,matched
361,12.033333,392,13.066667,0.632152,matched
362,12.066667,394,13.133333,0.608268,matched
363,12.1,396,13.2,0.584383,matched
364,12.133333,398,13.266667,0.560498,matched
365,12.166667,400,13.333333,0.536614,matched
366,12.2,402,13.4,0.512729,matched
367,12.233333,404,13.466667,0.480488,matched
368,12.266667,406,13.533333,0.448247,matched
369,12.3,408,13.6,0.416007,matched
370,12.333333,410,13.666667,0.383766,matched
371,12.366667,412,13.733333,0.351525,matched
372,12.4,414,13.8,0.319285,review
373,12.433333,416,13.866667,0.349804,review
374,12.466667,418,13.933333,0.380323,matched
375,12.5,420,14.0,0.410842,matched
376,12.533333,422,14.066667,0.441361,matched
377,12.566667,424,14.133333,0.47188,matched
378,12.6,426,14.2,0.502399,matched
379,12.633333,428,14.266667,0.497202,matched
380,12.666667,430,14.333333,0.492006,matched
381,12.7,432,14.4,0.486809,matched
382,12.733333,434,14.466667,0.481612,matched
383,12.766667,436,14.533333,0.476416,matched
384,12.8,438,14.6,0.471219,matched
385,12.833333,440,14.666667,0.458285,matched
386,12.866667,442,14.733333,0.44535,matched
387,12.9,444,14.8,0.432416,matched
388,12.933333,446,14.866667,0.419481,matched
389,12.966667,448,14.933333,0.406547,matched
390,13.0,450,15.0,0.393612,matched
391,13.033333,452,15.066667,0.440319,matched
392,13.066667,454,15.133333,0.487025,matched
393,13.1,456,15.2,0.533732,matched
394,13.133333,458,15.266667,0.580439,matched
395,13.166667,460,15.333333,0.627146,matched
396,13.2,462,15.4,0.673852,matched
397,13.233333,464,15.466667,0.641292,matched
398,13.266667,466,15.533333,0.608732,matched
399,13.3,468,15.6,0.576172,matched
400,13.333333,470,15.666667,0.543612,matched
401,13.366667,472,15.733333,0.511052,matched
402,13.4,474,15.8,0.478492,matched
403,13.433333,476,15.866667,0.507326,matched
404,13.466667,478,15.933333,0.53616,matched
405,13.5,480,16.0,0.564994,matched
406,13.533333,482,16.066667,0.593829,matched
407,13.566667,484,16.133333,0.622663,matched
408,13.6,486,16.2,0.651497,matched
409,13.633333,488,16.266667,0.631918,matched
410,13.666667,490,16.333333,0.612339,matched
411,13.7,492,16.4,0.59276,matched
412,13.733333,494,16.466667,0.573181,matched
413,13.766667,496,16.533333,0.553602,matched
414,13.8,498,16.6,0.534023,matched
415,13.833333,500,16.666667,0.542374,matched
416,13.866667,502,16.733333,0.550725,matched
417,13.9,504,16.8,0.559075,matched
418,13.933333,506,16.866667,0.567426,matched
419,13.966667,508,16.933333,0.575777,matched
420,14.0,510,17.0,0.584128,matched
421,14.033333,512,17.066667,0.57777,matched
422,14.066667,514,17.133333,0.571413,matched
423,14.1,516,17.2,0.565055,matched
424,14.133333,518,17.266667,0.558697,matched
425,14.166667,520,17.333333,0.55234,matched
426,14.2,522,17.4,0.545982,matched
427,14.233333,524,17.466667,0.486158,matched
428,14.266667,526,17.533333,0.426335,matched
429,14.3,528,17.6,0.366511,matched
430,14.333333,530,17.666667,0.306687,review
431,14.366667,532,17.733333,0.246864,review
432,14.4,534,17.8,0.187042,review
433,14.433333,536,17.866667,0.23202,review
434,14.466667,538,17.933333,0.276999,review
435,14.5,540,18.0,0.321978,review
436,14.533333,542,18.066667,0.366956,matched
437,14.566667,544,18.133333,0.411935,matched
438,14.6,546,18.2,0.456913,matched
439,14.633333,548,18.266667,0.462247,matched
440,14.666667,550,18.333333,0.46758,matched
441,14.7,552,18.4,0.472913,matched
442,14.733333,554,18.466667,0.478246,matched
443,14.766667,556,18.533333,0.483579,matched
444,14.8,558,18.6,0.488912,matched
445,14.833333,560,18.666667,0.49007,matched
446,14.866667,562,18.733333,0.491229,matched
447,14.9,564,18.8,0.492387,matched
448,14.933333,566,18.866667,0.493545,matched
449,14.966667,568,18.933333,0.494704,matched
450,15.0,570,19.0,0.495862,matched
451,15.033333,572,19.066667,0.479537,matched
452,15.066667,574,19.133333,0.463212,matched
453,15.1,576,19.2,0.446887,matched
454,15.133333,578,19.266667,0.430563,matched
455,15.166667,580,19.333333,0.414238,matched
456,15.2,582,19.4,0.397913,matched
457,15.233333,584,19.466667,0.422081,matched
458,15.266667,586,19.533333,0.446249,matched
459,15.3,588,19.6,0.470417,matched
460,15.333333,590,19.666667,0.494585,matched
461,15.366667,592,19.733333,0.518752,matched
462,15.4,594,19.8,0.542919,matched
463,15.433333,596,19.866667,0.493827,matched
464,15.466667,598,19.933333,0.444734,matched
465,15.5,600,20.0,0.395642,matched
466,15.533333,602,20.066667,0.34655,review
467,15.566667,604,20.133333,0.297457,review
468,15.6,606,20.2,0.248365,review
469,15.633333,608,20.266667,0.319117,review
470,15.666667,610,20.333333,0.389871,matched
471,15.7,612,20.4,0.460624,matched
472,15.733333,614,20.466667,0.531378,matched
473,15.766667,616,20.533333,0.602132,matched
474,15.8,618,20.6,0.672886,matched
475,15.833333,620,20.666667,0.677405,matched
476,15.866667,622,20.733333,0.681924,matched
477,15.9,624,20.8,0.686443,matched
478,15.933333,626,20.866667,0.690962,matched
479,15.966667,628,20.933333,0.695481,matched
480,16.0,630,21.0,0.7,matched
481,16.033333,632,21.066667,0.656909,matched
482,16.066667,634,21.133333,0.613819,matched
483,16.1,636,21.2,0.570728,matched
484,16.133333,638,21.266667,0.527637,matched
485,16.166667,640,21.333333,0.484547,matched
486,16.2,642,21.4,0.441456,matched
487,16.233333,644,21.466667,0.446749,matched
488,16.266667,646,21.533333,0.452043,matched
489,16.3,648,21.6,0.457337,matched
490,16.333333,650,21.666667,0.462632,matched
491,16.366667,652,21.733333,0.467926,matched
492,16.4,654,21.8,0.47322,matched
493,16.433333,656,21.866667,0.501373,matched
494,16.466667,658,21.933333,0.529525,matched
495,16.5,660,22.0,0.557678,matched
496,16.533333,662,22.066667,0.585831,matched
497,16.566667,664,22.133333,0.613983,matched
498,16.6,666,22.2,0.642136,matched
499,16.633333,668,22.266667,0.623792,matched
500,16.666667,670,22.333333,0.605448,matched
501,16.7,672,22.4,0.587104,matched
502,16.733333,674,22.466667,0.56876,matched
503,16.766667,676,22.533333,0.550416,matched
504,16.8,678,22.6,0.532072,matched
505,16.833333,679,22.633333,0.546066,matched
506,16.866667,679,22.633333,0.56006,matched
507,16.9,680,22.666667,0.574054,matched
508,16.933333,680,22.666667,0.588048,matched
509,16.966667,680,22.666667,0.602042,matched
510,17.0,681,22.7,0.616036,matched
511,17.033333,681,22.7,0.63003,matched
512,17.066667,682,22.733333,0.644024,matched
513,17.1,682,22.733333,0.658018,matched
514,17.133333,683,22.766667,0.672012,matched
515,17.166667,683,22.766667,0.686006,matched
516,17.2,684,22.8,0.7,matched
517,17.233333,684,22.8,0.688138,matched
518,17.266667,685,22.833333,0.676276,matched
519,17.3,685,22.833333,0.664414,matched
520,17.333333,686,22.866667,0.652553,matched
521,17.366667,686,22.866667,0.640691,matched
522,17.4,687,22.9,0.628829,matched
523,17.433333,687,22.9,0.616967,matched
524,17.466667,688,22.933333,0.605105,matched
525,17.5,688,22.933333,0.593243,matched
526,17.533333,689,22.966667,0.581381,matched
527,17.566667,689,22.966667,0.569519,matched
528,17.6,690,23.0,0.557657,matched
529,17.633333,692,23.066667,0.581262,matched
530,17.666667,694,23.133333,0.604868,matched
531,17.7,696,23.2,0.628473,matched
532,17.733333,698,23.266667,0.652079,matched
533,17.766667,700,23.333333,0.675684,matched
534,17.8,702,23.4,0.699289,matched
535,17.833333,704,23.466667,0.685489,matched
536,17.866667,706,23.533333,0.671688,matched
537,17.9,708,23.6,0.657888,matched
538,17.933333,710,23.666667,0.644088,matched
539,17.966667,712,23.733333,0.630288,matched
540,18.0,714,23.8,0.616488,matched
541,18.033333,716,23.866667,0.620517,matched
542,18.066667,718,23.933333,0.624546,matched
543,18.1,720,24.0,0.628575,matched
544,18.133333,722,24.066667,0.632604,matched
545,18.166667,724,24.133333,0.636633,matched
546,18.2,726,24.2,0.640662,matched
547,18.233333,728,24.266667,0.650552,matched
548,18.266667,730,24.333333,0.660441,matched
549,18.3,732,24.4,0.670331,matched
550,18.333333,734,24.466667,0.680221,matched
551,18.366667,736,24.533333,0.69011,matched
552,18.4,738,24.6,0.7,matched
553,18.433333,739,24.633333,0.686013,matched
554,18.466667,739,24.633333,0.672026,matched
555,18.5,740,24.666667,0.658039,matched
556,18.533333,740,24.666667,0.644052,matched
557,18.566667,741,24.7,0.630066,matched
558,18.6,741,24.7,0.616079,matched
559,18.633333,742,24.733333,0.602092,matched
560,18.666667,742,24.733333,0.588105,matched
561,18.7,742,24.733333,0.574118,matched
562,18.733333,743,24.766667,0.560131,matched
563,18.766667,743,24.766667,0.546145,matched
564,18.8,744,24.8,0.532158,matched
565,18.833333,746,24.866667,0.549886,matched
566,18.866667,748,24.933333,0.567614,matched
567,18.9,750,25.0,0.585342,matched
568,18.933333,752,25.066667,0.603069,matched
569,18.966667,754,25.133333,0.620797,matched
570,19.0,756,25.2,0.638525,matched
571,19.033333,758,25.266667,0.645199,matched
572,19.066667,760,25.333333,0.651874,matched
573,19.1,762,25.4,0.658548,matched
574,19.133333,764,25.466667,0.665223,matched
575,19.166667,766,25.533333,0.671897,matched
576,19.2,768,25.6,0.678572,matched
577,19.233333,770,25.666667,0.682143,matched
578,19.266667,772,25.733333,0.685715,matched
579,19.3,774,25.8,0.689286,matched
580,19.333333,776,25.866667,0.692857,matched
581,19.366667,778,25.933333,0.696429,matched
582,19.4,780,26.0,0.7,matched
583,19.433333,782,26.066667,0.674786,matched
584,19.466667,784,26.133333,0.649573,matched
585,19.5,786,26.2,0.624359,matched
586,19.533333,788,26.266667,0.599146,matched
587,19.566667,790,26.333333,0.573933,matched
588,19.6,792,26.4,0.548719,matched
589,19.633333,794,26.466667,0.573932,matched
590,19.666667,796,26.533333,0.599146,matched
591,19.7,798,26.6,0.62436,matched
592,19.733333,800,26.666667,0.649573,matched
593,19.766667,802,26.733333,0.674787,matched
594,19.8,804,26.8,0.7,matched
595,19.833333,804,26.8,0.699499,matched
596,19.866667,805,26.833333,0.698997,matched
597,19.9,805,26.833333,0.698496,matched
598,19.933333,806,26.866667,0.697995,matched
599,19.966667,806,26.866667,0.697493,matched
600,20.0,807,26.9,0.696992,matched
601,20.033333,807,26.9,0.696491,matched
602,20.066667,808,26.933333,0.695989,matched
603,20.1,808,26.933333,0.695488,matched
604,20.133333,809,26.966667,0.694987,matched
605,20.166667,809,26.966667,0.694485,matched
606,20.2,810,27.0,0.693984,matched
607,20.233333,812,27.066667,0.694987,matched
608,20.266667,814,27.133333,0.695989,matched
609,20.3,816,27.2,0.696992,matched
610,20.333333,818,27.266667,0.697995,matched
611,20.366667,820,27.333333,0.698997,matched
612,20.4,822,27.4,0.7,matched
613,20.433333,824,27.466667,0.7,matched
614,20.466667,826,27.533333,0.7,matched
615,20.5,828,27.6,0.7,matched
616,20.533333,830,27.666667,0.7,matched
617,20.566667,832,27.733333,0.7,matched
618,20.6,834,27.8,0.7,matched
619,20.633333,834,27.8,0.696243,matched
620,20.666667,835,27.833333,0.692487,matched
621,20.7,835,27.833333,0.68873,matched
622,20.733333,836,27.866667,0.684973,matched
623,20.766667,836,27.866667,0.681217,matched
624,20.8,837,27.9,0.67746,matched
625,20.833333,837,27.9,0.673703,matched
626,20.866667,838,27.933333,0.669947,matched
627,20.9,838,27.933333,0.66619,matched
628,20.933333,839,27.966667,0.662433,matched
629,20.966667,839,27.966667,0.658677,matched
630,21.0,840,28.0,0.65492,matched
631,21.033333,842,28.066667,0.645224,matched
632,21.066667,844,28.133333,0.635527,matched
633,21.1,846,28.2,0.625831,matched
634,21.133333,848,28.266667,0.616134,matched
635,21.166667,850,28.333333,0.606438,matched
636,21.2,852,28.4,0.596741,matched
637,21.233333,852,28.4,0.605346,matched
638,21.266667,853,28.433333,0.613951,matched
639,21.3,853,28.433333,0.622556,matched
640,21.333333,854,28.466667,0.631161,matched
641,21.366667,854,28.466667,0.639765,matched
642,21.4,855,28.5,0.64837,matched
643,21.433333,855,28.5,0.656975,matched
644,21.466667,856,28.533333,0.66558,matched
645,21.5,856,28.533333,0.674185,matched
646,21.533333,857,28.566667,0.68279,matched
647,21.566667,858,28.6,0.691395,matched
648,21.6,858,28.6,0.7,matched
649,21.633333,860,28.666667,0.664622,matched
650,21.666667,862,28.733333,0.629244,matched
651,21.7,864,28.8,0.593866,matched
652,21.733333,866,28.866667,0.558488,matched
653,21.766667,868,28.933333,0.52311,matched
654,21.8,870,29.0,0.487733,matched
655,21.833333,872,29.066667,0.489458,matched
656,21.866667,874,29.133333,0.491183,matched
657,21.9,876,29.2,0.492909,matched
658,21.933333,878,29.266667,0.494634,matched
659,21.966667,880,29.333333,0.496359,matched
660,22.0,882,29.4,0.498084,matched
661,22.033333,882,29.4,0.498007,matched
662,22.066667,883,29.433333,0.49793,matched
663,22.1,883,29.433333,0.497853,matched
664,22.133333,884,29.466667,0.497775,matched
665,22.166667,885,29.5,0.497698,matched
666,22.2,885,29.5,0.497621,matched
667,22.233333,886,29.533333,0.497544,matched
668,22.266667,886,29.533333,0.497467,matched
669,22.3,887,29.566667,0.497389,matched
670,22.333333,887,29.566667,0.497312,matched
671,22.366667,888,29.6,0.497235,matched
672,22.4,888,29.6,0.497158,matched
673,22.433333,890,29.666667,0.515191,matched
674,22.466667,892,29.733333,0.533223,matched
675,22.5,894,29.8,0.551256,matched
676,22.533333,896,29.866667,0.569289,matched
677,22.566667,898,29.933333,0.587321,matched
678,22.6,900,30.0,0.605354,matched
679,22.633333,900,30.0,0.604202,matched
680,22.666667,901,30.033333,0.603051,matched
681,22.7,902,30.066667,0.601899,matched
682,22.733333,902,30.066667,0.600748,matched
683,22.766667,903,30.1,0.599596,matched
684,22.8,903,30.1,0.598444,matched
685,22.833333,904,30.133333,0.597293,matched
686,22.866667,904,30.133333,0.596141,matched
687,22.9,905,30.166667,0.59499,matched
688,22.933333,905,30.166667,0.593838,matched
689,22.966667,906,30.2,0.592687,matched
690,23.0,906,30.2,0.591535,matched
691,23.033333,907,30.233333,0.597522,matched
692,23.066667,907,30.233333,0.603509,matched
693,23.1,908,30.266667,0.609497,matched
694,23.133333,908,30.266667,0.615484,matched
695,23.166667,909,30.3,0.621471,matched
696,23.2,909,30.3,0.627459,matched
697,23.233333,910,30.333333,0.633446,matched
698,23.266667,910,30.333333,0.639433,matched
699,23.3,911,30.366667,0.64542,matched
700,23.333333,911,30.366667,0.651408,matched
701,23.366667,911,30.366667,0.657395,matched
702,23.4,912,30.4,0.663382,matched
703,23.433333,912,30.4,0.651696,matched
704,23.466667,913,30.433333,0.64001,matched
705,23.5,914,30.466667,0.628324,matched
706,23.533333,914,30.466667,0.616638,matched
707,23.566667,915,30.5,0.604953,matched
708,23.6,915,30.5,0.593267,matched
709,23.633333,916,30.533333,0.581581,matched
710,23.666667,916,30.533333,0.569895,matched
711,23.7,917,30.566667,0.558209,matched
712,23.733333,917,30.566667,0.546523,matched
713,23.766667,918,30.6,0.534838,matched
714,23.8,918,30.6,0.523153,matched
715,23.833333,920,30.666667,0.552627,matched
716,23.866667,922,30.733333,0.582102,matched
717,23.9,924,30.8,0.611576,matched
718,23.933333,926,30.866667,0.641051,matched
719,23.966667,928,30.933333,0.670525,matched
720,24.0,930,31.0,0.7,matched
721,24.033333,931,31.033333,0.7,matched
722,24.066667,932,31.066667,0.7,matched
723,24.1,933,31.1,0.7,matched
724,24.133333,934,31.133333,0.7,matched
725,24.166667,935,31.166667,0.7,matched
726,24.2,936,31.2,0.7,matched
727,24.233333,937,31.233333,0.693936,matched
728,24.266667,937,31.233333,0.687872,matched
729,24.3,938,31.266667,0.681807,matched
730,24.333333,938,31.266667,0.675743,matched
731,24.366667,938,31.266667,0.669679,matched
732,24.4,939,31.3,0.663615,matched
733,24.433333,939,31.3,0.65755,matched
734,24.466667,940,31.333333,0.651486,matched
735,24.5,940,31.333333,0.645422,matched
736,24.533333,941,31.366667,0.639358,matched
737,24.566667,941,31.366667,0.633293,matched
738,24.6,942,31.4,0.627229,matched
739,24.633333,944,31.466667,0.624104,matched
740,24.666667,946,31.533333,0.62098,matched
741,24.7,948,31.6,0.617855,matched
742,24.733333,950,31.666667,0.61473,matched
743,24.766667,952,31.733333,0.611606,matched
744,24.8,954,31.8,0.608481,matched
745,24.833333,956,31.866667,0.623734,matched
746,24.866667,958,31.933333,0.638988,matched
747,24.9,960,32.0,0.654241,matched
748,24.933333,962,32.066667,0.669494,matched
749,24.966667,964,32.133333,0.684747,matched
750,25.0,966,32.2,0.7,matched
751,25.033333,968,32.266667,0.654757,matched
752,25.066667,970,32.333333,0.609514,matched
753,25.1,972,32.4,0.564271,matched
754,25.133333,974,32.466667,0.519028,matched
755,25.166667,976,32.533333,0.473785,matched
756,25.2,978,32.6,0.428542,matched
757,25.233333,980,32.666667,0.473783,matched
758,25.266667,982,32.733333,0.519027,matched
759,25.3,984,32.8,0.56427,matched
760,25.333333,986,32.866667,0.609514,matched
761,25.366667,988,32.933333,0.654757,matched
762,25.4,990,33.0,0.7,matched
763,25.433333,992,33.066667,0.693063,matched
764,25.466667,994,33.133333,0.686126,matched
765,25.5,996,33.2,0.679188,matched
766,25.533333,998,33.266667,0.672251,matched
767,25.566667,1000,33.333333,0.665314,matched
768,25.6,1002,33.4,0.658377,matched
769,25.633333,1003,33.433333,0.64798,matched
770,25.666667,1003,33.433333,0.637583,matched
771,25.7,1004,33.466667,0.627185,matched
772,25.733333,1004,33.466667,0.616788,matched
773,25.766667,1005,33.5,0.606391,matched
774,25.8,1005,33.5,0.595994,matched
775,25.833333,1005,33.5,0.585596,matched
776,25.866667,1006,33.533333,0.575199,matched
777,25.9,1006,33.533333,0.564802,matched
778,25.933333,1007,33.566667,0.554405,matched
779,25.966667,1007,33.566667,0.544007,matched
780,26.0,1008,33.6,0.53361,matched
781,26.033333,1010,33.666667,0.536098,matched
782,26.066667,1012,33.733333,0.538585,matched
783,26.1,1014,33.8,0.541073,matched
784,26.133333,1016,33.866667,0.543561,matched
785,26.166667,1018,33.933333,0.546048,matched
786,26.2,1020,34.0,0.548536,matched
787,26.233333,1020,34.0,0.548052,matched
788,26.266667,1021,34.033333,0.547568,matched
789,26.3,1021,34.033333,0.547084,matched
790,26.333333,1022,34.066667,0.5466,matched
791,26.366667,1023,34.1,0.546116,matched
792,26.4,1023,34.1,0.545632,matched
793,26.433333,1024,34.133333,0.545147,matched
794,26.466667,1024,34.133333,0.544663,matched
795,26.5,1025,34.166667,0.544179,matched
796,26.533333,1025,34.166667,0.543695,matched
797,26.566667,1026,34.2,0.543211,matched
798,26.6,1026,34.2,0.542727,matched
799,26.633333,1027,34.233333,0.555833,matched
800,26.666667,1027,34.233333,0.568939,matched
801,26.7,1028,34.266667,0.582045,matched
802,26.733333,1028,34.266667,0.595151,matched
803,26.766667,1029,34.3,0.608257,matched
804,26.8,1029,34.3,0.621363,matched
805,26.833333,1030,34.333333,0.63447,matched
806,26.866667,1030,34.333333,0.647576,matched
807,26.9,1031,34.366667,0.660682,matched
808,26.933333,1031,34.366667,0.673788,matched
809,26.966667,1032,34.4,0.686894,matched
810,27.0,1032,34.4,0.7,matched
811,27.033333,1033,34.433333,0.683072,matched
812,27.066667,1033,34.433333,0.666144,matched
813,27.1,1034,34.466667,0.649216,matched
814,27.133333,1034,34.466667,0.632288,matched
815,27.166667,1035,34.5,0.61536,matched
816,27.2,1035,34.5,0.598432,matched
817,27.233333,1035,34.5,0.581504,matched
818,27.266667,1036,34.533333,0.564577,matched
819,27.3,1036,34.533333,0.547649,matched
820,27.333333,1037,34.566667,0.530721,matched
821,27.366667,1037,34.566667,0.513793,matched
822,27.4,1038,34.6,0.496865,matched
823,27.433333,1040,34.666667,0.496894,matched
824,27.466667,1042,34.733333,0.496923,matched
825,27.5,1044,34.8,0.496952,matched
826,27.533333,1046,34.866667,0.49698,matched
827,27.566667,1048,34.933333,0.497009,matched
828,27.6,1050,35.0,0.497038,matched
829,27.633333,1052,35.066667,0.46521,matched
830,27.666667,1054,35.133333,0.433382,matched
831,27.7,1056,35.2,0.401553,matched
832,27.733333,1058,35.266667,0.369725,matched
833,27.766667,1060,35.333333,0.337897,review
834,27.8,1062,35.4,0.30607,review
835,27.833333,1064,35.466667,0.342869,review
836,27.866667,1066,35.533333,0.379669,matched
837,27.9,1068,35.6,0.416468,matched
838,27.933333,1070,35.666667,0.453268,matched
839,27.966667,1072,35.733333,0.490067,matched
840,28.0,1074,35.8,0.526867,matched
841,28.033333,1076,35.866667,0.55114,matched
842,28.066667,1078,35.933333,0.575413,matched
843,28.1,1080,36.0,0.599687,matched
844,28.133333,1082,36.066667,0.62396,matched
845,28.166667,1084,36.133333,0.648233,matched
846,28.2,1086,36.2,0.672506,matched
847,28.233333,1088,36.266667,0.626541,matched
848,28.266667,1090,36.333333,0.580574,matched
849,28.3,1092,36.4,0.534607,matched
850,28.333333,1094,36.466667,0.48864,matched
851,28.366667,1096,36.533333,0.442673,matched
852,28.4,1098,36.6,0.396706,matched
853,28.433333,1100,36.666667,0.428256,matched
854,28.466667,1102,36.733333,0.459805,matched
855,28.5,1104,36.8,0.491354,matched
856,28.533333,1106,36.866667,0.522903,matched
857,28.566667,1108,36.933333,0.554452,matched
858,28.6,1110,37.0,0.586002,matched
859,28.633333,1112,37.066667,0.605002,matched
860,28.666667,1114,37.133333,0.624001,matched
861,28.7,1116,37.2,0.643001,matched
862,28.733333,1118,37.266667,0.662001,matched
863,28.766667,1120,37.333333,0.681001,matched
864,28.8,1122,37.4,0.7,matched
865,28.833333,1124,37.466667,0.693469,matched
866,28.866667,1126,37.533333,0.686938,matched
867,28.9,1128,37.6,0.680407,matched
868,28.933333,1130,37.666667,0.673877,matched
869,28.966667,1132,37.733333,0.667346,matched
870,29.0,1134,37.8,0.660815,matched
871,29.033333,1136,37.866667,0.667346,matched
872,29.066667,1138,37.933333,0.673877,matched
873,29.1,1140,38.0,0.680407,matched
874,29.133333,1142,38.066667,0.686938,matched
875,29.166667,1144,38.133333,0.693469,matched
876,29.2,1146,38.2,0.7,matched
877,29.233333,1148,38.266667,0.698725,matched
878,29.266667,1150,38.333333,0.697449,matched
879,29.3,1152,38.4,0.696173,matched
880,29.333333,1154,38.466667,0.694898,matched
881,29.366667,1156,38.533333,0.693622,matched
882,29.4,1158,38.6,0.692347,matched
883,29.433333,1160,38.666667,0.665814,matched
884,29.466667,1162,38.733333,0.639281,matched
885,29.5,1164,38.8,0.612747,matched
886,29.533333,1166,38.866667,0.586214,matched
887,29.566667,1168,38.933333,0.559681,matched
888,29.6,1170,39.0,0.533148,matched
889,29.633333,1170,39.0,0.547052,matched
890,29.666667,1171,39.033333,0.560957,matched
891,29.7,1172,39.066667,0.574861,matched
892,29.733333,1172,39.066667,0.588765,matched
893,29.766667,1173,39.1,0.60267,matched
894,29.8,1173,39.1,0.616574,matched
895,29.833333,1174,39.133333,0.630478,matched
896,29.866667,1174,39.133333,0.644383,matched
897,29.9,1175,39.166667,0.658287,matched
898,29.933333,1175,39.166667,0.672191,matched
899,29.966667,1176,39.2,0.686096,matched
900,30.0,1176,39.2,0.7,matched
901,30.033333,1178,39.266667,0.686449,matched
902,30.066667,1180,39.333333,0.672898,matched
903,30.1,1182,39.4,0.659348,matched
904,30.133333,1184,39.466667,0.645797,matched
905,30.166667,1186,39.533333,0.632246,matched
906,30.2,1188,39.6,0.618695,matched
907,30.233333,1188,39.6,0.625627,matched
908,30.266667,1189,39.633333,0.632559,matched
909,30.3,1189,39.633333,0.639491,matched
910,30.333333,1190,39.666667,0.646423,matched
911,30.366667,1190,39.666667,0.653354,matched
912,30.4,1191,39.7,0.660286,matched
913,30.433333,1191,39.7,0.667218,matched
914,30.466667,1192,39.733333,0.67415,matched
915,30.5,1192,39.733333,0.681082,matched
916,30.533333,1193,39.766667,0.688014,matched
917,30.566667,1193,39.766667,0.694946,matched
918,30.6,1194,39.8,0.701878,matched
919,30.633333,1196,39.866667,0.679097,matched
920,30.666667,1198,39.933333,0.656315,matched
921,30.7,1200,40.0,0.633533,matched
922,30.733333,1202,40.066667,0.610752,matched
923,30.766667,1204,40.133333,0.58797,matched
924,30.8,1206,40.2,0.565188,matched
925,30.833333,1208,40.266667,0.515235,matched
926,30.866667,1210,40.333333,0.465283,matched
927,30.9,1212,40.4,0.41533,matched
928,30.933333,1214,40.466667,0.365378,matched
929,30.966667,1216,40.533333,0.315425,review
930,31.0,1218,40.6,0.265473,review
931,31.033333,1220,40.666667,0.28966,review
932,31.066667,1222,40.733333,0.313848,review
933,31.1,1224,40.8,0.338035,review
934,31.133333,1226,40.866667,0.362223,matched
935,31.166667,1228,40.933333,0.38641,matched
936,31.2,1230,41.0,0.410597,matched
937,31.233333,1232,41.066667,0.41446,matched
938,31.266667,1234,41.133333,0.418322,matched
939,31.3,1236,41.2,0.422184,matched
940,31.333333,1238,41.266667,0.426047,matched
941,31.366667,1240,41.333333,0.429909,matched
942,31.4,1242,41.4,0.433771,matched
943,31.433333,1243,41.433333,0.430237,matched
944,31.466667,1243,41.433333,0.426704,matched
945,31.5,1244,41.466667,0.42317,matched
946,31.533333,1244,41.466667,0.419637,matched
947,31.566667,1245,41.5,0.416103,matched
948,31.6,1245,41.5,0.412569,matched
949,31.633333,1246,41.533333,0.409036,matched
950,31.666667,1246,41.533333,0.405502,matched
951,31.7,1246,41.533333,0.401969,matched
952,31.733333,1247,41.566667,0.398435,matched
953,31.766667,1247,41.566667,0.394902,matched
954,31.8,1248,41.6,0.391369,matched
955,31.833333,1250,41.666667,0.442808,matched
956,31.866667,1252,41.733333,0.494246,matched
957,31.9,1254,41.8,0.545685,matched
958,31.933333,1256,41.866667,0.597123,matched
959,31.966667,1258,41.933333,0.648562,matched
960,32.0,1260,42.0,0.7,matched
961,32.033333,1260,42.0,0.69429,matched
962,32.066667,1261,42.033333,0.68858,matched
963,32.1,1262,42.066667,0.68287,matched
964,32.133333,1262,42.066667,0.67716,matched
965,32.166667,1262,42.066667,0.67145,matched
966,32.2,1263,42.1,0.66574,matched
967,32.233333,1264,42.133333,0.66003,matched
968,32.266667,1264,42.133333,0.65432,matched
969,32.3,1264,42.133333,0.64861,matched
970,32.333333,1265,42.166667,0.6429,matched
971,32.366667,1266,42.2,0.63719,matched
972,32.4,1266,42.2,0.63148,matched
973,32.433333,1268,42.266667,0.594632,matched
974,32.466667,1270,42.333333,0.557782,matched
975,32.5,1272,42.4,0.520932,matched
976,32.533333,1274,42.466667,0.484083,matched
977,32.566667,1276,42.533333,0.447233,matched
978,32.6,1278,42.6,0.410386,matched
979,32.633333,1278,42.6,0.424564,matched
980,32.666667,1279,42.633333,0.438742,matched
981,32.7,1279,42.633333,0.45292,matched
982,32.733333,1280,42.666667,0.467098,matched
983,32.766667,1280,42.666667,0.481277,matched
984,32.8,1281,42.7,0.495455,matched
985,32.833333,1281,42.7,0.509633,matched
986,32.866667,1282,42.733333,0.523811,matched
987,32.9,1282,42.733333,0.537989,matched
988,32.933333,1283,42.766667,0.552168,matched
989,32.966667,1283,42.766667,0.566346,matched
990,33.0,1284,42.8,0.580524,matched
991,33.033333,1286,42.866667,0.596448,matched
992,33.066667,1288,42.933333,0.612371,matched
993,33.1,1290,43.0,0.628295,matched
994,33.133333,1292,43.066667,0.644218,matched
995,33.166667,1294,43.133333,0.660142,matched
996,33.2,1296,43.2,0.676066,matched
997,33.233333,1297,43.233333,0.667258,matched
998,33.266667,1297,43.233333,0.65845,matched
999,33.3,1298,43.266667,0.649641,matched
1000,33.333333,1298,43.266667,0.640833,matched
1001,33.366667,1299,43.3,0.632025,matched
1002,33.4,1299,43.3,0.623216,matched
1003,33.433333,1300,43.333333,0.614408,matched
1004,33.466667,1300,43.333333,0.6056,matched
1005,33.5,1301,43.366667,0.596791,matched
1006,33.533333,1301,43.366667,0.587983,matched
1007,33.566667,1302,43.4,0.579175,matched
1008,33.6,1302,43.4,0.570367,matched
1009,33.633333,1303,43.433333,0.578928,matched
1010,33.666667,1303,43.433333,0.587488,matched
1011,33.7,1304,43.466667,0.596049,matched
1012,33.733333,1304,43.466667,0.604609,matched
1013,33.766667,1305,43.5,0.61317,matched
1014,33.8,1305,43.5,0.62173,matched
1015,33.833333,1306,43.533333,0.630291,matched
1016,33.866667,1306,43.533333,0.638851,matched
1017,33.9,1306,43.533333,0.647412,matched
1018,33.933333,1307,43.566667,0.655972,matched
1019,33.966667,1307,43.566667,0.664533,matched
1020,34.0,1308,43.6,0.673093,matched
1021,34.033333,1310,43.666667,0.661791,matched
1022,34.066667,1312,43.733333,0.650488,matched
1023,34.1,1314,43.8,0.639186,matched
1024,34.133333,1316,43.866667,0.627884,matched
1025,34.166667,1318,43.933333,0.616582,matched
1026,34.2,1320,44.0,0.605279,matched
1027,34.233333,1322,44.066667,0.563753,matched
1028,34.266667,1324,44.133333,0.522227,matched
1029,34.3,1326,44.2,0.4807,matched
1030,34.333333,1328,44.266667,0.439173,matched
1031,34.366667,1330,44.333333,0.397647,matched
1032,34.4,1332,44.4,0.35612,matched
1033,34.433333,1333,44.433333,0.362335,matched
1034,34.466667,1333,44.433333,0.368552,matched
1035,34.5,1334,44.466667,0.374769,matched
1036,34.533333,1334,44.466667,0.380986,matched
1037,34.566667,1334,44.466667,0.387203,matched
1038,34.6,1335,44.5,0.39342,matched
1039,34.633333,1335,44.5,0.399638,matched
1040,34.666667,1336,44.533333,0.405855,matched
1041,34.7,1336,44.533333,0.412072,matched
1042,34.733333,1337,44.566667,0.418289,matched
1043,34.766667,1337,44.566667,0.424506,matched
1044,34.8,1338,44.6,0.430724,matched
1045,34.833333,1340,44.666667,0.463382,matched
1046,34.866667,1342,44.733333,0.49604,matched
1047,34.9,1344,44.8,0.528698,matched
1048,34.933333,1346,44.866667,0.561356,matched
1049,34.966667,1348,44.933333,0.594014,matched
1050,35.0,1350,45.0,0.626672,matched
1051,35.033333,1350,45.0,0.6223,matched
1052,35.066667,1351,45.033333,0.617927,matched
1053,35.1,1352,45.066667,0.613555,matched
1054,35.133333,1352,45.066667,0.609182,matched
1055,35.166667,1352,45.066667,0.60481,matched
1056,35.2,1353,45.1,0.600437,matched
1057,35.233333,1354,45.133333,0.596065,matched
1058,35.266667,1354,45.133333,0.591692,matched
1059,35.3,1354,45.133333,0.58732,matched
1060,35.333333,1355,45.166667,0.582947,matched
1061,35.366667,1356,45.2,0.578575,matched
1062,35.4,1356,45.2,0.574202,matched
1063,35.433333,1357,45.233333,0.577492,matched
1064,35.466667,1357,45.233333,0.580783,matched
1065,35.5,1358,45.266667,0.584074,matched
1066,35.533333,1358,45.266667,0.587364,matched
1067,35.566667,1359,45.3,0.590655,matched
1068,35.6,1359,45.3,0.593945,matched
1069,35.633333,1360,45.333333,0.597236,matched
1070,35.666667,1360,45.333333,0.600527,matched
1071,35.7,1361,45.366667,0.603817,matched
1072,35.733333,1361,45.366667,0.607108,matched
1073,35.766667,1362,45.4,0.610398,matched
1074,35.8,1362,45.4,0.613689,matched
1075,35.833333,1364,45.466667,0.628074,matched
1076,35.866667,1366,45.533333,0.64246,matched
1077,35.9,1368,45.6,0.656845,matched
1078,35.933333,1370,45.666667,0.67123,matched
1079,35.966667,1372,45.733333,0.685615,matched
1080,36.0,1374,45.8,0.7,matched
1081,36.033333,1374,45.8,0.694593,matched
1082,36.066667,1375,45.833333,0.689187,matched
1083,36.1,1375,45.833333,0.68378,matched
1084,36.133333,1376,45.866667,0.678374,matched
1085,36.166667,1376,45.866667,0.672967,matched
1086,36.2,1377,45.9,0.667561,matched
1087,36.233333,1377,45.9,0.662154,matched
1088,36.266667,1378,45.933333,0.656747,matched
1089,36.3,1378,45.933333,0.651341,matched
1090,36.333333,1379,45.966667,0.645934,matched
1091,36.366667,1379,45.966667,0.640528,matched
1092,36.4,1380,46.0,0.635121,matched
1093,36.433333,1380,46.0,0.640527,matched
1094,36.466667,1381,46.033333,0.645934,matched
1095,36.5,1381,46.033333,0.651341,matched
1096,36.533333,1382,46.066667,0.656747,matched
1097,36.566667,1383,46.1,0.662154,matched
1098,36.6,1383,46.1,0.66756,matched
1099,36.633333,1384,46.133333,0.672967,matched
1100,36.666667,1384,46.133333,0.678374,matched
1101,36.7,1385,46.166667,0.68378,matched
1102,36.733333,1385,46.166667,0.689187,matched
1103,36.766667,1386,46.2,0.694593,matched
1104,36.8,1386,46.2,0.699999,matched
1105,36.833333,1388,46.266667,0.669745,matched
1106,36.866667,1390,46.333333,0.639491,matched
1107,36.9,1392,46.4,0.609237,matched
1108,36.933333,1394,46.466667,0.578983,matched
1109,36.966667,1396,46.533333,0.548729,matched
1110,37.0,1398,46.6,0.518475,matched
1111,37.033333,1400,46.666667,0.548729,matched
1112,37.066667,1402,46.733333,0.578983,matched
1113,37.1,1404,46.8,0.609237,matched
1114,37.133333,1406,46.866667,0.639491,matched
1115,37.166667,1408,46.933333,0.669745,matched
1116,37.2,1410,47.0,0.699999,matched
1117,37.233333,1412,47.066667,0.7,matched
1118,37.266667,1414,47.133333,0.7,matched
1119,37.3,1416,47.2,0.7,matched
1120,37.333333,1418,47.266667,0.7,matched
1121,37.366667,1420,47.333333,0.7,matched
1122,37.4,1422,47.4,0.7,matched
1123,37.433333,1423,47.433333,0.7,matched
1124,37.466667,1423,47.433333,0.7,matched
1125,37.5,1424,47.466667,0.7,matched
1126,37.533333,1424,47.466667,0.7,matched
1127,37.566667,1424,47.466667,0.7,matched
1128,37.6,1425,47.5,0.7,matched
1129,37.633333,1425,47.5,0.7,matched
1130,37.666667,1426,47.533333,0.7,matched
1131,37.7,1426,47.533333,0.7,matched
1132,37.733333,1427,47.566667,0.7,matched
1133,37.766667,1427,47.566667,0.7,matched
1134,37.8,1428,47.6,0.7,matched
1135,37.833333,1430,47.666667,0.7,matched
1136,37.866667,1432,47.733333,0.7,matched
1137,37.9,1434,47.8,0.7,matched
1138,37.933333,1436,47.866667,0.7,matched
1139,37.966667,1438,47.933333,0.7,matched
1140,38.0,1440,48.0,0.7,matched
1141,38.033333,1440,48.0,0.7,matched
1142,38.066667,1441,48.033333,0.7,matched
1143,38.1,1442,48.066667,0.7,matched
1144,38.133333,1442,48.066667,0.7,matched
1145,38.166667,1442,48.066667,0.7,matched
1146,38.2,1443,48.1,0.7,matched
1147,38.233333,1444,48.133333,0.7,matched
1148,38.266667,1444,48.133333,0.7,matched
1149,38.3,1444,48.133333,0.7,matched
1150,38.333333,1445,48.166667,0.7,matched
1151,38.366667,1446,48.2,0.7,matched
1152,38.4,1446,48.2,0.7,matched
1153,38.433333,1447,48.233333,0.7,matched
1154,38.466667,1447,48.233333,0.7,matched
1155,38.5,1448,48.266667,0.7,matched
1156,38.533333,1448,48.266667,0.7,matched
1157,38.566667,1449,48.3,0.7,matched
1158,38.6,1449,48.3,0.7,matched
1159,38.633333,1450,48.333333,0.7,matched
1160,38.666667,1450,48.333333,0.7,matched
1161,38.7,1451,48.366667,0.7,matched
1162,38.733333,1451,48.366667,0.7,matched
1163,38.766667,1452,48.4,0.7,matched
1164,38.8,1452,48.4,0.7,matched
1165,38.833333,1453,48.433333,0.7,matched
1166,38.866667,1453,48.433333,0.7,matched
1167,38.9,1454,48.466667,0.7,matched
1168,38.933333,1454,48.466667,0.7,matched
1169,38.966667,1455,48.5,0.7,matched
1170,39.0,1455,48.5,0.7,matched
1171,39.033333,1455,48.5,0.7,matched
1172,39.066667,1456,48.533333,0.7,matched
1173,39.1,1456,48.533333,0.7,matched
1174,39.133333,1457,48.566667,0.7,matched
1175,39.166667,1457,48.566667,0.7,matched
1176,39.2,1458,48.6,0.7,matched
1177,39.233333,1458,48.6,0.7,matched
1178,39.266667,1459,48.633333,0.7,matched
1179,39.3,1459,48.633333,0.7,matched
1180,39.333333,1460,48.666667,0.7,matched
1181,39.366667,1460,48.666667,0.7,matched
1182,39.4,1461,48.7,0.7,matched
1183,39.433333,1461,48.7,0.7,matched
1184,39.466667,1462,48.733333,0.7,matched
1185,39.5,1462,48.733333,0.7,matched
1186,39.533333,1463,48.766667,0.7,matched
1187,39.566667,1463,48.766667,0.7,matched
1188,39.6,1464,48.8,0.7,matched
1189,39.633333,1466,48.866667,0.7,matched
1190,39.666667,1468,48.933333,0.7,matched
1191,39.7,1470,49.0,0.7,matched
1192,39.733333,1472,49.066667,0.7,matched
1193,39.766667,1474,49.133333,0.7,matched
1194,39.8,1476,49.2,0.7,matched
1195,39.833333,1478,49.266667,0.7,matched
1196,39.866667,1480,49.333333,0.7,matched
1197,39.9,1482,49.4,0.7,matched
1198,39.933333,1484,49.466667,0.7,matched
1199,39.966667,1486,49.533333,0.7,matched
1200,40.0,1488,49.6,0.7,matched
1201,40.033333,1490,49.666667,0.7,matched
1202,40.066667,1492,49.733333,0.7,matched
1203,40.1,1494,49.8,0.7,matched
1204,40.133333,1496,49.866667,0.7,matched
1205,40.166667,1498,49.933333,0.7,matched
1206,40.2,1500,50.0,0.7,matched
1207,40.233333,1502,50.066667,0.694272,matched
1208,40.266667,1504,50.133333,0.688545,matched
1209,40.3,1506,50.2,0.682817,matched
1210,40.333333,1508,50.266667,0.67709,matched
1211,40.366667,1510,50.333333,0.671362,matched
1212,40.4,1512,50.4,0.665634,matched
1213,40.433333,1513,50.433333,0.667693,matched
1214,40.466667,1513,50.433333,0.669752,matched
1215,40.5,1514,50.466667,0.671811,matched
1216,40.533333,1514,50.466667,0.67387,matched
1217,40.566667,1514,50.466667,0.675929,matched
1218,40.6,1515,50.5,0.677988,matched
1219,40.633333,1515,50.5,0.680047,matched
1220,40.666667,1516,50.533333,0.682106,matched
1221,40.7,1516,50.533333,0.684165,matched
1222,40.733333,1517,50.566667,0.686224,matched
1223,40.766667,1517,50.566667,0.688283,matched
1224,40.8,1518,50.6,0.690342,matched
1225,40.833333,1520,50.666667,0.691952,matched
1226,40.866667,1522,50.733333,0.693561,matched
1227,40.9,1524,50.8,0.695171,matched
1228,40.933333,1526,50.866667,0.696781,matched
1229,40.966667,1528,50.933333,0.69839,matched
1230,41.0,1530,51.0,0.7,matched
1231,41.033333,1532,51.066667,0.688091,matched
1232,41.066667,1534,51.133333,0.676181,matched
1233,41.1,1536,51.2,0.664272,matched
1234,41.133333,1538,51.266667,0.652362,matched
1235,41.166667,1540,51.333333,0.640453,matched
1236,41.2,1542,51.4,0.628543,matched
1237,41.233333,1544,51.466667,0.640452,matched
1238,41.266667,1546,51.533333,0.652362,matched
1239,41.3,1548,51.6,0.664271,matched
1240,41.333333,1550,51.666667,0.676181,matched
1241,41.366667,1552,51.733333,0.68809,matched
1242,41.4,1554,51.8,0.699999,matched
1243,41.433333,1554,51.8,0.7,matched
1244,41.466667,1555,51.833333,0.7,matched
1245,41.5,1555,51.833333,0.7,matched
1246,41.533333,1556,51.866667,0.7,matched
1247,41.566667,1556,51.866667,0.7,matched
1248,41.6,1557,51.9,0.7,matched
1249,41.633333,1557,51.9,0.7,matched
1250,41.666667,1558,51.933333,0.7,matched
1251,41.7,1558,51.933333,0.7,matched
1252,41.733333,1559,51.966667,0.7,matched
1253,41.766667,1560,52.0,0.7,matched
1254,41.8,1560,52.0,0.7,matched
1255,41.833333,1561,52.033333,0.7,matched
1256,41.866667,1561,52.033333,0.7,matched
1257,41.9,1562,52.066667,0.7,matched
1258,41.933333,1562,52.066667,0.7,matched
1259,41.966667,1563,52.1,0.7,matched
1260,42.0,1563,52.1,0.7,matched
1261,42.033333,1564,52.133333,0.7,matched
1262,42.066667,1564,52.133333,0.7,matched
1263,42.1,1565,52.166667,0.7,matched
1264,42.133333,1565,52.166667,0.7,matched
1265,42.166667,1566,52.2,0.7,matched
1266,42.2,1566,52.2,0.7,matched
1267,42.233333,1567,52.233333,0.7,matched
1268,42.266667,1567,52.233333,0.7,matched
1269,42.3,1568,52.266667,0.7,matched
1270,42.333333,1568,52.266667,0.7,matched
1271,42.366667,1569,52.3,0.7,matched
1272,42.4,1569,52.3,0.7,matched
1273,42.433333,1570,52.333333,0.7,matched
1274,42.466667,1570,52.333333,0.7,matched
1275,42.5,1571,52.366667,0.7,matched
1276,42.533333,1571,52.366667,0.7,matched
1277,42.566667,1572,52.4,0.7,matched
1278,42.6,1572,52.4,0.7,matched
1279,42.633333,1574,52.466667,0.7,matched
1280,42.666667,1576,52.533333,0.7,matched
1281,42.7,1578,52.6,0.7,matched
1282,42.733333,1580,52.666667,0.7,matched
1283,42.766667,1582,52.733333,0.7,matched
1284,42.8,1584,52.8,0.7,matched
1285,42.833333,1586,52.866667,0.68703,matched
1286,42.866667,1588,52.933333,0.67406,matched
1287,42.9,1590,53.0,0.66109,matched
1288,42.933333,1592,53.066667,0.64812,matched
1289,42.966667,1594,53.133333,0.63515,matched
1290,43.0,1596,53.2,0.62218,matched
1291,43.033333,1597,53.233333,0.619081,matched
1292,43.066667,1597,53.233333,0.615982,matched
1293,43.1,1598,53.266667,0.612883,matched
1294,43.133333,1598,53.266667,0.609784,matched
1295,43.166667,1599,53.3,0.606685,matched
1296,43.2,1599,53.3,0.603586,matched
1297,43.233333,1600,53.333333,0.600487,matched
1298,43.266667,1600,53.333333,0.597388,matched
1299,43.3,1601,53.366667,0.594289,matched
1300,43.333333,1601,53.366667,0.59119,matched
1301,43.366667,1602,53.4,0.588091,matched
1302,43.4,1602,53.4,0.584992,matched
1303,43.433333,1603,53.433333,0.594576,matched
1304,43.466667,1603,53.433333,0.60416,matched
1305,43.5,1604,53.466667,0.613744,matched
1306,43.533333,1604,53.466667,0.623328,matched
1307,43.566667,1604,53.466667,0.632912,matched
1308,43.6,1605,53.5,0.642496,matched
1309,43.633333,1605,53.5,0.65208,matched
1310,43.666667,1606,53.533333,0.661664,matched
1311,43.7,1606,53.533333,0.671248,matched
1312,43.733333,1607,53.566667,0.680832,matched
1313,43.766667,1607,53.566667,0.690416,matched
1314,43.8,1608,53.6,0.7,matched
1315,43.833333,1608,53.6,0.696217,matched
1316,43.866667,1609,53.633333,0.692433,matched
1317,43.9,1609,53.633333,0.68865,matched
1318,43.933333,1610,53.666667,0.684867,matched
1319,43.966667,1610,53.666667,0.681083,matched
1320,44.0,1611,53.7,0.6773,matched
1321,44.033333,1611,53.7,0.673517,matched
1322,44.066667,1612,53.733333,0.669733,matched
1323,44.1,1612,53.733333,0.66595,matched
1324,44.133333,1613,53.766667,0.662167,matched
1325,44.166667,1613,53.766667,0.658383,matched
1326,44.2,1614,53.8,0.6546,matched
1327,44.233333,1614,53.8,0.649322,matched
1328,44.266667,1615,53.833333,0.644043,matched
1329,44.3,1615,53.833333,0.638764,matched
1330,44.333333,1616,53.866667,0.633486,matched
1331,44.366667,1616,53.866667,0.628207,matched
1332,44.4,1617,53.9,0.622928,matched
1333,44.433333,1617,53.9,0.61765,matched
1334,44.466667,1618,53.933333,0.612371,matched
1335,44.5,1619,53.966667,0.607093,matched
1336,44.533333,1619,53.966667,0.601814,matched
1337,44.566667,1620,54.0,0.596535,matched
1338,44.6,1620,54.0,0.591257,matched
1339,44.633333,1621,54.033333,0.591031,matched
1340,44.666667,1621,54.033333,0.590806,matched
1341,44.7,1622,54.066667,0.59058,matched
1342,44.733333,1622,54.066667,0.590355,matched
1343,44.766667,1623,54.1,0.590129,matched
1344,44.8,1623,54.1,0.589904,matched
1345,44.833333,1624,54.133333,0.589678,matched
1346,44.866667,1624,54.133333,0.589453,matched
1347,44.9,1625,54.166667,0.589227,matched
1348,44.933333,1625,54.166667,0.589002,matched
1349,44.966667,1626,54.2,0.588776,matched
1350,45.0,1626,54.2,0.588551,matched
1351,45.033333,1627,54.233333,0.583153,matched
1352,45.066667,1627,54.233333,0.577756,matched
1353,45.1,1628,54.266667,0.572358,matched
1354,45.133333,1628,54.266667,0.56696,matched
1355,45.166667,1629,54.3,0.561563,matched
1356,45.2,1629,54.3,0.556165,matched
1357,45.233333,1630,54.333333,0.550767,matched
1358,45.266667,1630,54.333333,0.54537,matched
1359,45.3,1631,54.366667,0.539972,matched
1360,45.333333,1631,54.366667,0.534575,matched
1361,45.366667,1632,54.4,0.529177,matched
1362,45.4,1632,54.4,0.523779,matched
1363,45.433333,1633,54.433333,0.538463,matched
1364,45.466667,1633,54.433333,0.553149,matched
1365,45.5,1634,54.466667,0.567834,matched
1366,45.533333,1634,54.466667,0.582519,matched
1367,45.566667,1634,54.466667,0.597204,matched
1368,45.6,1635,54.5,0.611889,matched
1369,45.633333,1635,54.5,0.626574,matched
1370,45.666667,1636,54.533333,0.64126,matched
1371,45.7,1636,54.533333,0.655945,matched
1372,45.733333,1637,54.566667,0.67063,matched
1373,45.766667,1637,54.566667,0.685315,matched
1374,45.8,1638,54.6,0.7,matched
1375,45.833333,1640,54.666667,0.7,matched
1376,45.866667,1642,54.733333,0.7,matched
1377,45.9,1644,54.8,0.7,matched
1378,45.933333,1646,54.866667,0.7,matched
1379,45.966667,1648,54.933333,0.7,matched
1380,46.0,1650,55.0,0.7,matched
1381,46.033333,1652,55.066667,0.672361,matched
1382,46.066667,1654,55.133333,0.644723,matched
1383,46.1,1656,55.2,0.617084,matched
1384,46.133333,1658,55.266667,0.589446,matched
1385,46.166667,1660,55.333333,0.561807,matched
1386,46.2,1662,55.4,0.534169,matched
1387,46.233333,1664,55.466667,0.561806,matched
1388,46.266667,1666,55.533333,0.589444,matched
1389,46.3,1668,55.6,0.617083,matched
1390,46.333333,1670,55.666667,0.644722,matched
1391,46.366667,1672,55.733333,0.67236,matched
1392,46.4,1674,55.8,0.699999,matched
1393,46.433333,1676,55.866667,0.68342,matched
1394,46.466667,1678,55.933333,0.66684,matched
1395,46.5,1680,56.0,0.650259,matched
1396,46.533333,1682,56.066667,0.633678,matched
1397,46.566667,1684,56.133333,0.617098,matched
1398,46.6,1686,56.2,0.600517,matched
1399,46.633333,1688,56.266667,0.581276,matched
1400,46.666667,1690,56.333333,0.562034,matched
1401,46.7,1692,56.4,0.542793,matched
1402,46.733333,1694,56.466667,0.523551,matched
1403,46.766667,1696,56.533333,0.50431,matched
1404,46.8,1698,56.6,0.485068,matched
1405,46.833333,1700,56.666667,0.428732,matched
1406,46.866667,1702,56.733333,0.372396,matched
1407,46.9,1704,56.8,0.316061,review
1408,46.933333,1706,56.866667,0.259725,review
1409,46.966667,1708,56.933333,0.20339,review
1410,47.0,1710,57.0,0.147054,review
1411,47.033333,1712,57.066667,0.184773,review
1412,47.066667,1714,57.133333,0.222493,review
1413,47.1,1716,57.2,0.260212,review
1414,47.133333,1718,57.266667,0.297931,review
1415,47.166667,1720,57.333333,0.335651,review
1416,47.2,1722,57.4,0.37337,matched
1417,47.233333,1723,57.433333,0.389138,matched
1418,47.266667,1723,57.433333,0.404905,matched
1419,47.3,1724,57.466667,0.420672,matched
1420,47.333333,1724,57.466667,0.436439,matched
1421,47.366667,1725,57.5,0.452206,matched
1422,47.4,1725,57.5,0.467973,matched
1423,47.433333,1726,57.533333,0.48374,matched
1424,47.466667,1726,57.533333,0.499507,matched
1425,47.5,1726,57.533333,0.515274,matched
1426,47.533333,1727,57.566667,0.531041,matched
1427,47.566667,1727,57.566667,0.546808,matched
1428,47.6,1728,57.6,0.562572,matched
1429,47.633333,1730,57.666667,0.525989,matched
1430,47.666667,1732,57.733333,0.489406,matched
1431,47.7,1734,57.8,0.452822,matched
1432,47.733333,1736,57.866667,0.416239,matched
1433,47.766667,1738,57.933333,0.379656,matched
1434,47.8,1740,58.0,0.343073,review
1435,47.833333,1742,58.066667,0.361705,matched
1436,47.866667,1744,58.133333,0.380337,matched
1437,47.9,1746,58.2,0.398969,matched
1438,47.933333,1748,58.266667,0.4176,matched
1439,47.966667,1750,58.333333,0.436232,matched
1440,48.0,1752,58.4,0.454864,matched
1441,48.033333,1754,58.466667,0.43511,matched
1442,48.066667,1756,58.533333,0.415357,matched
1443,48.1,1758,58.6,0.395603,matched
1444,48.133333,1760,58.666667,0.37585,matched
1445,48.166667,1762,58.733333,0.356096,matched
1446,48.2,1764,58.8,0.336342,review
1447,48.233333,1766,58.866667,0.375251,matched
1448,48.266667,1768,58.933333,0.414161,matched
1449,48.3,1770,59.0,0.453071,matched
1450,48.333333,1772,59.066667,0.491981,matched
1451,48.366667,1774,59.133333,0.530891,matched
1452,48.4,1776,59.2,0.569801,matched
1453,48.433333,1778,59.266667,0.556916,matched
1454,48.466667,1780,59.333333,0.544029,matched
1455,48.5,1782,59.4,0.531141,matched
1456,48.533333,1784,59.466667,0.518253,matched
1457,48.566667,1786,59.533333,0.505366,matched
1458,48.6,1788,59.6,0.492478,matched
1459,48.633333,1790,59.666667,0.469275,matched
1460,48.666667,1792,59.733333,0.446071,matched
1461,48.7,1794,59.8,0.422868,matched
1462,48.733333,1796,59.866667,0.399665,matched
1463,48.766667,1798,59.933333,0.376462,matched
1464,48.8,1800,60.0,0.35326,matched
1465,48.833333,1802,60.066667,0.396438,matched
1466,48.866667,1804,60.133333,0.439617,matched
1467,48.9,1806,60.2,0.482795,matched
1468,48.933333,1808,60.266667,0.525974,matched
1469,48.966667,1810,60.333333,0.569152,matched
1470,49.0,1812,60.4,0.612331,matched
1471,49.033333,1814,60.466667,0.591526,matched
1472,49.066667,1816,60.533333,0.570721,matched
1473,49.1,1818,60.6,0.549917,matched
1474,49.133333,1820,60.666667,0.529112,matched
1475,49.166667,1822,60.733333,0.508307,matched
1476,49.2,1824,60.8,0.487502,matched
1477,49.233333,1826,60.866667,0.426116,matched
1478,49.266667,1828,60.933333,0.364728,matched
1479,49.3,1830,61.0,0.303341,review
1480,49.333333,1832,61.066667,0.241953,review
1481,49.366667,1834,61.133333,0.180565,review
1482,49.4,1836,61.2,0.119178,review
1483,49.433333,1838,61.266667,0.099313,review
1484,49.466667,1840,61.333333,0.07945,review
1485,49.5,1842,61.4,0.059588,review
1486,49.533333,1844,61.466667,0.039725,review
1487,49.566667,1846,61.533333,0.019862,review
1488,49.6,1848,61.6,0.0,review
1489,49.633333,1850,61.666667,0.0,review
1490,49.666667,1852,61.733333,0.0,review
1491,49.7,1854,61.8,0.0,review
1492,49.733333,1856,61.866667,0.0,review
1493,49.766667,1858,61.933333,0.0,review
1494,49.8,1860,62.0,1e-06,review
1495,49.833333,1862,62.066667,0.062994,review
1496,49.866667,1864,62.133333,0.125987,review
1497,49.9,1866,62.2,0.18898,review
1498,49.933333,1868,62.266667,0.251973,review
1499,49.966667,1870,62.333333,0.314966,review
1500,50.0,1872,62.4,0.377959,matched
1501,50.033333,1874,62.466667,0.408198,matched
1502,50.066667,1876,62.533333,0.438437,matched
1503,50.1,1878,62.6,0.468676,matched
1504,50.133333,1880,62.666667,0.498915,matched
1505,50.166667,1882,62.733333,0.529153,matched
1506,50.2,1884,62.8,0.559392,matched
1507,50.233333,1886,62.866667,0.57055,matched
1508,50.266667,1888,62.933333,0.581707,matched
1509,50.3,1890,63.0,0.592864,matched
1510,50.333333,1892,63.066667,0.604021,matched
1511,50.366667,1894,63.133333,0.615178,matched
1512,50.4,1896,63.2,0.626335,matched
1513,50.433333,1897,63.233333,0.638613,matched
1514,50.466667,1898,63.266667,0.65089,matched
1515,50.5,1899,63.3,0.663168,matched
1516,50.533333,1900,63.333333,0.675446,matched
1517,50.566667,1901,63.366667,0.687723,matched
1518,50.6,1902,63.4,0.699997,matched
1519,50.633333,1904,63.466667,0.63736,matched
1520,50.666667,1906,63.533333,0.574722,matched
1521,50.7,1908,63.6,0.512085,matched
1522,50.733333,1910,63.666667,0.449447,matched
1523,50.766667,1912,63.733333,0.38681,matched
1524,50.8,1914,63.8,0.324175,review
1525,50.833333,1916,63.866667,0.359545,matched
1526,50.866667,1918,63.933333,0.394916,matched
1527,50.9,1920,64.0,0.430287,matched
1528,50.933333,1922,64.066667,0.465658,matched
1529,50.966667,1924,64.133333,0.501028,matched
1530,51.0,1926,64.2,0.536399,matched
1531,51.033333,1928,64.266667,0.51944,matched
1532,51.066667,1930,64.333333,0.502481,matched
1533,51.1,1932,64.4,0.485523,matched
1534,51.133333,1934,64.466667,0.468564,matched
1535,51.166667,1936,64.533333,0.451605,matched
1536,51.2,1938,64.6,0.434646,matched
1537,51.233333,1940,64.666667,0.362207,matched
1538,51.266667,1942,64.733333,0.289766,review
1539,51.3,1944,64.8,0.217325,review
1540,51.333333,1946,64.866667,0.144885,review
1541,51.366667,1948,64.933333,0.072444,review
1542,51.4,1950,65.0,3e-06,review
1543,51.433333,1952,65.066667,0.018169,review
1544,51.466667,1954,65.133333,0.036339,review
1545,51.5,1956,65.2,0.054509,review
1546,51.533333,1958,65.266667,0.07268,review
1547,51.566667,1960,65.333333,0.09085,review
1548,51.6,1962,65.4,0.109019,review
1549,51.633333,1964,65.466667,0.114367,review
1550,51.666667,1966,65.533333,0.119715,review
1551,51.7,1968,65.6,0.125063,review
1552,51.733333,1970,65.666667,0.130411,review
1553,51.766667,1972,65.733333,0.135759,review
1554,51.8,1974,65.8,0.141107,review
1555,51.833333,1975,65.833333,0.159739,review
1556,51.866667,1975,65.833333,0.178371,review
1557,51.9,1976,65.866667,0.197002,review
1558,51.933333,1976,65.866667,0.215634,review
1559,51.966667,1977,65.9,0.234265,review
1560,52.0,1977,65.9,0.252897,review
1561,52.033333,1978,65.933333,0.271529,review
1562,52.066667,1978,65.933333,0.29016,review
1563,52.1,1979,65.966667,0.308792,review
1564,52.133333,1979,65.966667,0.327423,review
1565,52.166667,1979,65.966667,0.346055,review
1566,52.2,1980,66.0,0.364687,matched
1567,52.233333,1982,66.066667,0.363982,matched
1568,52.266667,1984,66.133333,0.363276,matched
1569,52.3,1986,66.2,0.362571,matched
1570,52.333333,1988,66.266667,0.361866,matched
1571,52.366667,1990,66.333333,0.36116,matched
1572,52.4,1992,66.4,0.360455,matched
1573,52.433333,1994,66.466667,0.321331,review
1574,52.466667,1996,66.533333,0.282206,review
1575,52.5,1998,66.6,0.24308,review
1576,52.533333,2000,66.666667,0.203954,review
1577,52.566667,2002,66.733333,0.164829,review
1578,52.6,2004,66.8,0.125706,review
1579,52.633333,2006,66.866667,0.137988,review
1580,52.666667,2008,66.933333,0.15027,review
1581,52.7,2010,67.0,0.162552,review
1582,52.733333,2012,67.066667,0.174835,review
1583,52.766667,2014,67.133333,0.187117,review
1584,52.8,2016,67.2,0.1994,review
1585,52.833333,2018,67.266667,0.222066,review
1586,52.866667,2020,67.333333,0.244733,review
1587,52.9,2022,67.4,0.267399,review
1588,52.933333,2024,67.466667,0.290066,review
1589,52.966667,2026,67.533333,0.312732,review
1590,53.0,2028,67.6,0.335399,review
1591,53.033333,2030,67.666667,0.327093,review
1592,53.066667,2032,67.733333,0.318786,review
1593,53.1,2034,67.8,0.31048,review
1594,53.133333,2036,67.866667,0.302173,review
1595,53.166667,2038,67.933333,0.293867,review
1596,53.2,2040,68.0,0.28556,review
1597,53.233333,2040,68.0,0.274518,review
1598,53.266667,2041,68.033333,0.263476,review
1599,53.3,2041,68.033333,0.252433,review
1600,53.333333,2042,68.066667,0.241391,review
1601,53.366667,2042,68.066667,0.230349,review
1602,53.4,2043,68.1,0.219306,review
1603,53.433333,2043,68.1,0.208264,review
1604,53.466667,2044,68.133333,0.197222,review
1605,53.5,2044,68.133333,0.186179,review
1606,53.533333,2045,68.166667,0.175137,review
1607,53.566667,2045,68.166667,0.164095,review
1608,53.6,2046,68.2,0.153052,review
1609,53.633333,2048,68.266667,0.134225,review
1610,53.666667,2050,68.333333,0.115398,review
1611,53.7,2052,68.4,0.096571,review
1612,53.733333,2054,68.466667,0.077744,review
1613,53.766667,2056,68.533333,0.058917,review
1614,53.8,2058,68.6,0.040091,review
1615,53.833333,2060,68.666667,0.054068,review
1616,53.866667,2062,68.733333,0.068045,review
1617,53.9,2064,68.8,0.082021,review
1618,53.933333,2066,68.866667,0.095998,review
1619,53.966667,2068,68.933333,0.109974,review
1620,54.0,2070,69.0,0.123951,review
1621,54.033333,2072,69.066667,0.1427,review
1622,54.066667,2074,69.133333,0.16145,review
1623,54.1,2076,69.2,0.180199,review
1624,54.133333,2078,69.266667,0.198948,review
1625,54.166667,2080,69.333333,0.217697,review
1626,54.2,2082,69.4,0.236447,review
1627,54.233333,2084,69.466667,0.233493,review
1628,54.266667,2086,69.533333,0.230539,review
1629,54.3,2088,69.6,0.227586,review
1630,54.333333,2090,69.666667,0.224632,review
1631,54.366667,2092,69.733333,0.221678,review
1632,54.4,2094,69.8,0.218724,review
1633,54.433333,2096,69.866667,0.262278,review
1634,54.466667,2098,69.933333,0.305834,review
1635,54.5,2100,70.0,0.34939,review
1636,54.533333,2102,70.066667,0.392946,matched
1637,54.566667,2104,70.133333,0.436502,matched
1638,54.6,2106,70.2,0.480053,matched
1639,54.633333,2108,70.266667,0.415451,matched
1640,54.666667,2110,70.333333,0.350849,matched
1641,54.7,2112,70.4,0.286247,review
1642,54.733333,2114,70.466667,0.221645,review
1643,54.766667,2116,70.533333,0.157043,review
1644,54.8,2118,70.6,0.092443,review
1645,54.833333,2118,70.6,0.113948,review
1646,54.866667,2119,70.633333,0.135453,review
1647,54.9,2119,70.633333,0.156958,review
1648,54.933333,2120,70.666667,0.178463,review
1649,54.966667,2121,70.7,0.199968,review
1650,55.0,2121,70.7,0.221473,review
1651,55.033333,2122,70.733333,0.242978,review
1652,55.066667,2122,70.733333,0.264483,review
1653,55.1,2123,70.766667,0.285988,review
1654,55.133333,2123,70.766667,0.307493,review
1655,55.166667,2124,70.8,0.328998,review
1656,55.2,2124,70.8,0.350503,matched
1657,55.233333,2126,70.866667,0.321655,review
1658,55.266667,2128,70.933333,0.292806,review
1659,55.3,2130,71.0,0.263957,review
1660,55.333333,2132,71.066667,0.235108,review
1661,55.366667,2134,71.133333,0.206259,review
1662,55.4,2136,71.2,0.17741,review
1663,55.433333,2138,71.266667,0.166925,review
1664,55.466667,2140,71.333333,0.15644,review
1665,55.5,2142,71.4,0.145955,review
1666,55.533333,2144,71.466667,0.135471,review
1667,55.566667,2146,71.533333,0.124986,review
1668,55.6,2148,71.6,0.114505,review
1669,55.633333,2150,71.666667,0.182215,review
1670,55.666667,2152,71.733333,0.249925,review
1671,55.7,2154,71.8,0.317634,review
1672,55.733333,2156,71.866667,0.385344,matched
1673,55.766667,2158,71.933333,0.453054,matched
1674,55.8,2160,72.0,0.520762,matched
1675,55.833333,2161,72.033333,0.506752,matched
1676,55.866667,2161,72.033333,0.492742,matched
1677,55.9,2161,72.033333,0.478733,matched
1678,55.933333,2162,72.066667,0.464723,matched
1679,55.966667,2162,72.066667,0.450714,matched
1680,56.0,2163,72.1,0.436704,matched
1681,56.033333,2163,72.1,0.422694,matched
1682,56.066667,2164,72.133333,0.408685,matched
1683,56.1,2164,72.133333,0.394675,matched
1684,56.133333,2165,72.166667,0.380666,matched
1685,56.166667,2165,72.166667,0.366656,matched
1686,56.2,2166,72.2,0.352646,matched
1687,56.233333,2168,72.266667,0.324298,review
1688,56.266667,2170,72.333333,0.295949,review
1689,56.3,2172,72.4,0.2676,review
1690,56.333333,2174,72.466667,0.239252,review
1691,56.366667,2176,72.533333,0.210903,review
1692,56.4,2178,72.6,0.182554,review
1693,56.433333,2180,72.666667,0.153325,review
1694,56.466667,2182,72.733333,0.124096,review
1695,56.5,2184,72.8,0.094867,review
1696,56.533333,2186,72.866667,0.065639,review
1697,56.566667,2188,72.933333,0.03641,review
1698,56.6,2190,73.0,0.007185,review
1699,56.633333,2192,73.066667,0.068529,review
1700,56.666667,2194,73.133333,0.129872,review
1701,56.7,2196,73.2,0.191216,review
1702,56.733333,2198,73.266667,0.25256,review
1703,56.766667,2200,73.333333,0.313904,review
1704,56.8,2202,73.4,0.375246,matched
1705,56.833333,2204,73.466667,0.360613,matched
1706,56.866667,2206,73.533333,0.34598,review
1707,56.9,2208,73.6,0.331348,review
1708,56.933333,2210,73.666667,0.316715,review
1709,56.966667,2212,73.733333,0.302083,review
1710,57.0,2214,73.8,0.28745,review
1711,57.033333,2216,73.866667,0.333896,review
1712,57.066667,2218,73.933333,0.380343,matched
1713,57.1,2220,74.0,0.426789,matched
1714,57.133333,2222,74.066667,0.473235,matched
1715,57.166667,2224,74.133333,0.519682,matched
1716,57.2,2226,74.2,0.566128,matched
1717,57.233333,2228,74.266667,0.525882,matched
1718,57.266667,2230,74.333333,0.485635,matched
1719,57.3,2232,74.4,0.445387,matched
1720,57.333333,2234,74.466667,0.405139,matched
1721,57.366667,2236,74.533333,0.364892,matched
1722,57.4,2238,74.6,0.324644,review
1723,57.433333,2240,74.666667,0.308114,review
1724,57.466667,2242,74.733333,0.291584,review
1725,57.5,2244,74.8,0.275055,review
1726,57.533333,2246,74.866667,0.258526,review
1727,57.566667,2248,74.933333,0.241996,review
1728,57.6,2250,75.0,0.225469,review
1729,57.633333,2252,75.066667,0.250828,review
1730,57.666667,2254,75.133333,0.276187,review
1731,57.7,2256,75.2,0.301546,review
1732,57.733333,2258,75.266667,0.326905,review
1733,57.766667,2260,75.333333,0.352264,matched
1734,57.8,2262,75.4,0.377622,matched
1735,57.833333,2263,75.433333,0.377127,matched
1736,57.866667,2263,75.433333,0.376632,matched
1737,57.9,2264,75.466667,0.376138,matched
1738,57.933333,2264,75.466667,0.375643,matched
1739,57.966667,2265,75.5,0.375148,matched
1740,58.0,2265,75.5,0.374654,matched
1741,58.033333,2265,75.5,0.374159,matched
1742,58.066667,2266,75.533333,0.373664,matched
1743,58.1,2266,75.533333,0.373169,matched
1744,58.133333,2267,75.566667,0.372675,matched
1745,58.166667,2267,75.566667,0.37218,matched
1746,58.2,2268,75.6,0.371685,matched
1747,58.233333,2270,75.666667,0.339706,review
1748,58.266667,2272,75.733333,0.307727,review
1749,58.3,2274,75.8,0.275748,review
1750,58.333333,2276,75.866667,0.243768,review
1751,58.366667,2278,75.933333,0.211789,review
1752,58.4,2280,76.0,0.179809,review
1753,58.433333,2282,76.066667,0.197073,review
1754,58.466667,2284,76.133333,0.214339,review
1755,58.5,2286,76.2,0.231606,review
1756,58.533333,2288,76.266667,0.248872,review
1757,58.566667,2290,76.333333,0.266138,review
1758,58.6,2292,76.4,0.283403,review
1759,58.633333,2293,76.433333,0.284804,review
1760,58.666667,2293,76.433333,0.286205,review
1761,58.7,2294,76.466667,0.287605,review
1762,58.733333,2294,76.466667,0.289006,review
1763,58.766667,2295,76.5,0.290407,review
1764,58.8,2295,76.5,0.291808,review
1765,58.833333,2296,76.533333,0.293208,review
1766,58.866667,2296,76.533333,0.294609,review
1767,58.9,2296,76.533333,0.29601,review
1768,58.933333,2297,76.566667,0.297411,review
1769,58.966667,2297,76.566667,0.298811,review
1770,59.0,2298,76.6,0.300212,review
1771,59.033333,2300,76.666667,0.250177,review
1772,59.066667,2302,76.733333,0.200142,review
1773,59.1,2304,76.8,0.150107,review
1774,59.133333,2306,76.866667,0.100071,review
1775,59.166667,2308,76.933333,0.050036,review
1776,59.2,2310,77.0,1e-06,review
1777,59.233333,2310,77.0,0.008266,review
1778,59.266667,2311,77.033333,0.016531,review
1779,59.3,2311,77.033333,0.024797,review
1780,59.333333,2312,77.066667,0.033063,review
1781,59.366667,2312,77.066667,0.041329,review
1782,59.4,2313,77.1,0.049595,review
1783,59.433333,2313,77.1,0.05786,review
1784,59.466667,2314,77.133333,0.066126,review
1785,59.5,2314,77.133333,0.074392,review
1786,59.533333,2315,77.166667,0.082658,review
1787,59.566667,2315,77.166667,0.090924,review
1788,59.6,2316,77.2,0.099188,review
1789,59.633333,2318,77.266667,0.082657,review
1790,59.666667,2320,77.333333,0.066125,review
1791,59.7,2322,77.4,0.049594,review
1792,59.733333,2324,77.466667,0.033062,review
1793,59.766667,2326,77.533333,0.016531,review
1794,59.8,2328,77.6,0.0,review
1795,59.833333,2328,77.6,0.0,review
1796,59.866667,2329,77.633333,0.0,review
1797,59.9,2329,77.633333,0.0,review
1798,59.933333,2330,77.666667,0.0,review
1799,59.966667,2331,77.7,0.0,review
1800,60.0,2331,77.7,0.0,review
1801,60.033333,2332,77.733333,0.0,review
1802,60.066667,2332,77.733333,0.0,review
1803,60.1,2333,77.766667,0.0,review
1804,60.133333,2333,77.766667,0.0,review
1805,60.166667,2334,77.8,0.0,review
1806,60.2,2334,77.8,0.0,review
1807,60.233333,2336,77.866667,0.028395,review
1808,60.266667,2338,77.933333,0.05679,review
1809,60.3,2340,78.0,0.085186,review
1810,60.333333,2342,78.066667,0.113581,review
1811,60.366667,2344,78.133333,0.141976,review
1812,60.4,2346,78.2,0.170372,review
1813,60.433333,2348,78.266667,0.147497,review
1814,60.466667,2350,78.333333,0.124619,review
1815,60.5,2352,78.4,0.101742,review
1816,60.533333,2354,78.466667,0.078865,review
1817,60.566667,2356,78.533333,0.055987,review
1818,60.6,2358,78.6,0.033112,review
1819,60.633333,2360,78.666667,0.049606,review
1820,60.666667,2362,78.733333,0.0661,review
1821,60.7,2364,78.8,0.082595,review
1822,60.733333,2366,78.866667,0.099089,review
1823,60.766667,2368,78.933333,0.115583,review
1824,60.8,2370,79.0,0.132077,review
1825,60.833333,2372,79.066667,0.13821,review
1826,60.866667,2374,79.133333,0.144343,review
1827,60.9,2376,79.2,0.150476,review
1828,60.933333,2378,79.266667,0.156608,review
1829,60.966667,2380,79.333333,0.162741,review
1830,61.0,2382,79.4,0.168874,review
1831,61.033333,2383,79.433333,0.170059,review
1832,61.066667,2383,79.433333,0.171243,review
1833,61.1,2384,79.466667,0.172428,review
1834,61.133333,2384,79.466667,0.173613,review
1835,61.166667,2384,79.466667,0.174797,review
1836,61.2,2385,79.5,0.175982,review
1837,61.233333,2385,79.5,0.177167,review
1838,61.266667,2386,79.533333,0.178351,review
1839,61.3,2386,79.533333,0.179536,review
1840,61.333333,2387,79.566667,0.180721,review
1841,61.366667,2387,79.566667,0.181905,review
1842,61.4,2388,79.6,0.18309,review
1843,61.433333,2388,79.6,0.172862,review
1844,61.466667,2389,79.633333,0.162634,review
1845,61.5,2389,79.633333,0.152406,review
1846,61.533333,2390,79.666667,0.142178,review
1847,61.566667,2391,79.7,0.13195,review
1848,61.6,2391,79.7,0.121722,review
1849,61.633333,2392,79.733333,0.111494,review
1850,61.666667,2392,79.733333,0.101266,review
1851,61.7,2393,79.766667,0.091038,review
1852,61.733333,2393,79.766667,0.08081,review
1853,61.766667,2394,79.8,0.070582,review
1854,61.8,2394,79.8,0.060354,review
1855,61.833333,2395,79.833333,0.06873,review
1856,61.866667,2395,79.833333,0.077106,review
1857,61.9,2396,79.866667,0.085482,review
1858,61.933333,2396,79.866667,0.093858,review
1859,61.966667,2397,79.9,0.102234,review
1860,62.0,2397,79.9,0.11061,review
1861,62.033333,2398,79.933333,0.118986,review
1862,62.066667,2398,79.933333,0.127362,review
1863,62.1,2399,79.966667,0.135738,review
1864,62.133333,2399,79.966667,0.144114,review
1865,62.166667,2399,79.966667,0.15249,review
1866,62.2,2400,80.0,0.160866,review
1867,62.233333,2400,80.0,0.171217,review
1868,62.266667,2401,80.033333,0.181568,review
1869,62.3,2401,80.033333,0.191919,review
1870,62.333333,2402,80.066667,0.202271,review
1871,62.366667,2402,80.066667,0.212622,review
1872,62.4,2403,80.1,0.222973,review
1873,62.433333,2403,80.1,0.233324,review
1874,62.466667,2404,80.133333,0.243676,review
1875,62.5,2404,80.133333,0.254027,review
1876,62.533333,2405,80.166667,0.264378,review
1877,62.566667,2405,80.166667,0.274729,review
1878,62.6,2406,80.2,0.28508,review
1879,62.633333,2406,80.2,0.282656,review
1880,62.666667,2407,80.233333,0.280231,review
1881,62.7,2407,80.233333,0.277807,review
1882,62.733333,2408,80.266667,0.275383,review
1883,62.766667,2408,80.266667,0.272958,review
1884,62.8,2409,80.3,0.270534,review
1885,62.833333,2409,80.3,0.26811,review
1886,62.866667,2410,80.333333,0.265685,review
1887,62.9,2411,80.366667,0.263261,review
1888,62.933333,2411,80.366667,0.260837,review
1889,62.966667,2412,80.4,0.258412,review
1890,63.0,2412,80.4,0.255988,review
1891,63.033333,2413,80.433333,0.239781,review
1892,63.066667,2413,80.433333,0.223574,review
1893,63.1,2414,80.466667,0.207366,review
1894,63.133333,2414,80.466667,0.191159,review
1895,63.166667,2414,80.466667,0.174952,review
1896,63.2,2415,80.5,0.158745,review
1897,63.233333,2415,80.5,0.142538,review
1898,63.266667,2416,80.533333,0.12633,review
1899,63.3,2416,80.533333,0.110123,review
1900,63.333333,2417,80.566667,0.093916,review
1901,63.366667,2417,80.566667,0.077709,review
1902,63.4,2418,80.6,0.061502,review
1903,63.433333,2420,80.666667,0.083983,review
1904,63.466667,2422,80.733333,0.106465,review
1905,63.5,2424,80.8,0.128948,review
1906,63.533333,2426,80.866667,0.151431,review
1907,63.566667,2428,80.933333,0.173913,review
1908,63.6,2430,81.0,0.196395,review
1909,63.633333,2432,81.066667,0.204097,review
1910,63.666667,2434,81.133333,0.211799,review
1911,63.7,2436,81.2,0.219501,review
1912,63.733333,2438,81.266667,0.227203,review
1913,63.766667,2440,81.333333,0.234905,review
1914,63.8,2442,81.4,0.242606,review
1915,63.833333,2444,81.466667,0.204667,review
1916,63.866667,2446,81.533333,0.166727,review
1917,63.9,2448,81.6,0.128788,review
1918,63.933333,2450,81.666667,0.090848,review
1919,63.966667,2452,81.733333,0.052909,review
1920,64.0,2454,81.8,0.014969,review
1921,64.033333,2456,81.866667,0.035118,review
1922,64.066667,2458,81.933333,0.055268,review
1923,64.1,2460,82.0,0.075417,review
1924,64.133333,2462,82.066667,0.095566,review
1925,64.166667,2464,82.133333,0.115716,review
1926,64.2,2466,82.2,0.135865,review
1927,64.233333,2468,82.266667,0.159887,review
1928,64.266667,2470,82.333333,0.183909,review
1929,64.3,2472,82.4,0.207932,review
1930,64.333333,2474,82.466667,0.231954,review
1931,64.366667,2476,82.533333,0.255976,review
1932,64.4,2478,82.6,0.279998,review
1933,64.433333,2480,82.666667,0.26839,review
1934,64.466667,2482,82.733333,0.256781,review
1935,64.5,2484,82.8,0.245171,review
1936,64.533333,2486,82.866667,0.233561,review
1937,64.566667,2488,82.933333,0.221952,review
1938,64.6,2490,83.0,0.210342,review
1939,64.633333,2492,83.066667,0.17807,review
1940,64.666667,2494,83.133333,0.145798,review
1941,64.7,2496,83.2,0.113526,review
1942,64.733333,2498,83.266667,0.081254,review
1943,64.766667,2500,83.333333,0.048983,review
1944,64.8,2502,83.4,0.016711,review
1945,64.833333,2504,83.466667,0.025137,review
1946,64.866667,2506,83.533333,0.033567,review
1947,64.9,2508,83.6,0.041997,review
1948,64.933333,2510,83.666667,0.050426,review
1949,64.966667,2512,83.733333,0.058856,review
1950,65.0,2514,83.8,0.067286,review
1951,65.033333,2515,83.833333,0.076226,review
1952,65.066667,2515,83.833333,0.085166,review
1953,65.1,2516,83.866667,0.094106,review
1954,65.133333,2516,83.866667,0.103046,review
1955,65.166667,2517,83.9,0.111986,review
1956,65.2,2517,83.9,0.120926,review
1957,65.233333,2518,83.933333,0.129866,review
1958,65.266667,2518,83.933333,0.138806,review
1959,65.3,2519,83.966667,0.147746,review
1960,65.333333,2519,83.966667,0.156686,review
1961,65.366667,2519,83.966667,0.165626,review
1962,65.4,2520,84.0,0.174566,review
1963,65.433333,2522,84.066667,0.189083,review
1964,65.466667,2524,84.133333,0.2036,review
1965,65.5,2526,84.2,0.218118,review
1966,65.533333,2528,84.266667,0.232635,review
1967,65.566667,2530,84.333333,0.247152,review
1968,65.6,2532,84.4,0.261669,review
1969,65.633333,2533,84.433333,0.256044,review
1970,65.666667,2533,84.433333,0.250419,review
1971,65.7,2534,84.466667,0.244794,review
1972,65.733333,2534,84.466667,0.23917,review
1973,65.766667,2535,84.5,0.233545,review
1974,65.8,2535,84.5,0.22792,review
1975,65.833333,2536,84.533333,0.222295,review
1976,65.866667,2536,84.533333,0.21667,review
1977,65.9,2536,84.533333,0.211045,review
1978,65.933333,2537,84.566667,0.205421,review
1979,65.966667,2537,84.566667,0.199796,review
1980,66.0,2538,84.6,0.194171,review
1981,66.033333,2540,84.666667,0.180858,review
1982,66.066667,2542,84.733333,0.167544,review
1983,66.1,2544,84.8,0.154231,review
1984,66.133333,2546,84.866667,0.140918,review
1985,66.166667,2548,84.933333,0.127604,review
1986,66.2,2550,85.0,0.11429,review
1987,66.233333,2552,85.066667,0.095242,review
1988,66.266667,2554,85.133333,0.076194,review
1989,66.3,2556,85.2,0.057146,review
1990,66.333333,2558,85.266667,0.038097,review
1991,66.366667,2560,85.333333,0.019049,review
1992,66.4,2562,85.4,1e-06,review
1993,66.433333,2563,85.433333,0.015246,review
1994,66.466667,2563,85.433333,0.030492,review
1995,66.5,2563,85.433333,0.045738,review
1996,66.533333,2564,85.466667,0.060984,review
1997,66.566667,2564,85.466667,0.076231,review
1998,66.6,2565,85.5,0.091477,review
1999,66.633333,2565,85.5,0.106723,review
2000,66.666667,2566,85.533333,0.12197,review
2001,66.7,2566,85.533333,0.137216,review
2002,66.733333,2567,85.566667,0.152462,review
2003,66.766667,2567,85.566667,0.167708,review
2004,66.8,2568,85.6,0.182955,review
2005,66.833333,2570,85.666667,0.191962,review
2006,66.866667,2572,85.733333,0.200969,review
2007,66.9,2574,85.8,0.209977,review
2008,66.933333,2576,85.866667,0.218984,review
2009,66.966667,2578,85.933333,0.227991,review
2010,67.0,2580,86.0,0.236998,review
2011,67.033333,2580,86.0,0.234345,review
2012,67.066667,2581,86.033333,0.231692,review
2013,67.1,2581,86.033333,0.229039,review
2014,67.133333,2582,86.066667,0.226385,review
2015,67.166667,2582,86.066667,0.223732,review
2016,67.2,2583,86.1,0.221079,review
2017,67.233333,2583,86.1,0.218426,review
2018,67.266667,2584,86.133333,0.215773,review
2019,67.3,2584,86.133333,0.21312,review
2020,67.333333,2585,86.166667,0.210466,review
2021,67.366667,2585,86.166667,0.207813,review
2022,67.4,2586,86.2,0.20516,review
2023,67.433333,2586,86.2,0.194203,review
2024,67.466667,2587,86.233333,0.183245,review
2025,67.5,2587,86.233333,0.172287,review
2026,67.533333,2588,86.266667,0.161329,review
2027,67.566667,2588,86.266667,0.150371,review
2028,67.6,2589,86.3,0.139413,review
2029,67.633333,2589,86.3,0.128455,review
2030,67.666667,2590,86.333333,0.117498,review
2031,67.7,2590,86.333333,0.10654,review
2032,67.733333,2591,86.366667,0.095582,review
2033,67.766667,2591,86.366667,0.084624,review
2034,67.8,2592,86.4,0.073666,review
2035,67.833333,2594,86.466667,0.085869,review
2036,67.866667,2596,86.533333,0.098073,review
2037,67.9,2598,86.6,0.110278,review
2038,67.933333,2600,86.666667,0.122483,review
2039,67.966667,2602,86.733333,0.134687,review
2040,68.0,2604,86.8,0.146892,review
2041,68.033333,2605,86.833333,0.146493,review
2042,68.066667,2605,86.833333,0.146094,review
2043,68.1,2606,86.866667,0.145695,review
2044,68.133333,2606,86.866667,0.145295,review
2045,68.166667,2607,86.9,0.144896,review
2046,68.2,2607,86.9,0.144497,review
2047,68.233333,2608,86.933333,0.144098,review
2048,68.266667,2608,86.933333,0.143699,review
2049,68.3,2609,86.966667,0.1433,review
2050,68.333333,2609,86.966667,0.1429,review
2051,68.366667,2609,86.966667,0.142501,review
2052,68.4,2610,87.0,0.142102,review
2053,68.433333,2610,87.0,0.130261,review
2054,68.466667,2611,87.033333,0.118419,review
2055,68.5,2611,87.033333,0.106577,review
2056,68.533333,2612,87.066667,0.094735,review
2057,68.566667,2612,87.066667,0.082894,review
2058,68.6,2613,87.1,0.071052,review
2059,68.633333,2613,87.1,0.05921,review
2060,68.666667,2614,87.133333,0.047368,review
2061,68.7,2614,87.133333,0.035526,review
2062,68.733333,2615,87.166667,0.023685,review
2063,68.766667,2615,87.166667,0.011843,review
2064,68.8,2616,87.2,1e-06,review
2065,68.833333,2616,87.2,0.022808,review
2066,68.866667,2617,87.233333,0.045618,review
2067,68.9,2617,87.233333,0.068429,review
2068,68.933333,2618,87.266667,0.091239,review
2069,68.966667,2618,87.266667,0.114049,review
2070,69.0,2619,87.3,0.13686,review
2071,69.033333,2619,87.3,0.15967,review
2072,69.066667,2620,87.333333,0.18248,review
2073,69.1,2621,87.366667,0.20529,review
2074,69.133333,2621,87.366667,0.228101,review
2075,69.166667,2622,87.4,0.250911,review
2076,69.2,2622,87.4,0.27372,review
2077,69.233333,2623,87.433333,0.283676,review
2078,69.266667,2623,87.433333,0.293631,review
2079,69.3,2624,87.466667,0.303587,review
2080,69.333333,2624,87.466667,0.313543,review
2081,69.366667,2625,87.5,0.323498,review
2082,69.4,2625,87.5,0.333454,review
2083,69.433333,2626,87.533333,0.34341,review
2084,69.466667,2626,87.533333,0.353366,matched
2085,69.5,2627,87.566667,0.363321,matched
2086,69.533333,2627,87.566667,0.373277,matched
2087,69.566667,2627,87.566667,0.383233,matched
2088,69.6,2628,87.6,0.393187,matched
2089,69.633333,2628,87.6,0.374767,matched
2090,69.666667,2629,87.633333,0.356346,matched
2091,69.7,2630,87.666667,0.337926,review
2092,69.733333,2630,87.666667,0.319505,review
2093,69.766667,2631,87.7,0.301085,review
2094,69.8,2631,87.7,0.282664,review
2095,69.833333,2632,87.733333,0.264244,review
2096,69.866667,2632,87.733333,0.245823,review
2097,69.9,2633,87.766667,0.227403,review
2098,69.933333,2633,87.766667,0.208982,review
2099,69.966667,2634,87.8,0.190562,review
2100,70.0,2634,87.8,0.172141,review
2101,70.033333,2635,87.833333,0.162319,review
2102,70.066667,2635,87.833333,0.152497,review
2103,70.1,2636,87.866667,0.142675,review
2104,70.133333,2636,87.866667,0.132853,review
2105,70.166667,2637,87.9,0.123031,review
2106,70.2,2637,87.9,0.113209,review
2107,70.233333,2638,87.933333,0.103387,review
2108,70.266667,2638,87.933333,0.093565,review
2109,70.3,2639,87.966667,0.083743,review
2110,70.333333,2639,87.966667,0.073921,review
2111,70.366667,2639,87.966667,0.064099,review
2112,70.4,2640,88.0,0.054277,review
2113,70.433333,2642,88.066667,0.078147,review
2114,70.466667,2644,88.133333,0.102019,review
2115,70.5,2646,88.2,0.12589,review
2116,70.533333,2648,88.266667,0.149762,review
2117,70.566667,2650,88.333333,0.173634,review
2118,70.6,2652,88.4,0.197503,review
2119,70.633333,2654,88.466667,0.178728,review
2120,70.666667,2656,88.533333,0.159953,review
2121,70.7,2658,88.6,0.141178,review
2122,70.733333,2660,88.666667,0.122403,review
2123,70.766667,2662,88.733333,0.103628,review
2124,70.8,2664,88.8,0.084853,review
2125,70.833333,2665,88.833333,0.077781,review
2126,70.866667,2665,88.833333,0.07071,review
2127,70.9,2666,88.866667,0.063639,review
2128,70.933333,2666,88.866667,0.056568,review
2129,70.966667,2667,88.9,0.049497,review
2130,71.0,2667,88.9,0.042425,review
2131,71.033333,2668,88.933333,0.035354,review
2132,71.066667,2668,88.933333,0.028283,review
2133,71.1,2669,88.966667,0.021212,review
2134,71.133333,2669,88.966667,0.014141,review
2135,71.166667,2670,89.0,0.00707,review
2136,71.2,2670,89.0,0.0,review
2137,71.233333,2671,89.033333,0.0,review
2138,71.266667,2671,89.033333,0.0,review
2139,71.3,2672,89.066667,0.0,review
2140,71.333333,2672,89.066667,0.0,review
2141,71.366667,2672,89.066667,0.0,review
2142,71.4,2673,89.1,0.0,review
2143,71.433333,2673,89.1,0.0,review
2144,71.466667,2674,89.133333,0.0,review
2145,71.5,2674,89.133333,0.0,review
2146,71.533333,2675,89.166667,0.0,review
2147,71.566667,2675,89.166667,0.0,review
2148,71.6,2676,89.2,0.0,review
2149,71.633333,2678,89.266667,0.0,review
2150,71.666667,2680,89.333333,0.0,review
2151,71.7,2682,89.4,0.0,review
2152,71.733333,2684,89.466667,0.0,review
2153,71.766667,2686,89.533333,0.0,review
2154,71.8,2688,89.6,0.0,review
2155,71.833333,2688,89.6,0.013106,review
2156,71.866667,2689,89.633333,0.026213,review
2157,71.9,2689,89.633333,0.03932,review
2158,71.933333,2690,89.666667,0.052427,review
2159,71.966667,2691,89.7,0.065534,review
2160,72.0,2691,89.7,0.07864,review
2161,72.033333,2692,89.733333,0.091747,review
2162,72.066667,2692,89.733333,0.104854,review
2163,72.1,2693,89.766667,0.117961,review
2164,72.133333,2693,89.766667,0.131068,review
2165,72.166667,2694,89.8,0.144175,review
2166,72.2,2694,89.8,0.15728,review
2167,72.233333,2695,89.833333,0.148194,review
2168,72.266667,2695,89.833333,0.139108,review
2169,72.3,2696,89.866667,0.130023,review
2170,72.333333,2696,89.866667,0.120937,review
2171,72.366667,2697,89.9,0.111851,review
2172,72.4,2697,89.9,0.102765,review
2173,72.433333,2698,89.933333,0.093679,review
2174,72.466667,2698,89.933333,0.084593,review
2175,72.5,2699,89.966667,0.075507,review
2176,72.533333,2699,89.966667,0.066421,review
2177,72.566667,2700,90.0,0.057335,review
2178,72.6,2700,90.0,0.04825,review
2179,72.633333,2702,90.066667,0.040208,review
2180,72.666667,2704,90.133333,0.032167,review
2181,72.7,2706,90.2,0.024125,review
2182,72.733333,2708,90.266667,0.016084,review
2183,72.766667,2710,90.333333,0.008042,review
2184,72.8,2712,90.4,1e-06,review
2185,72.833333,2714,90.466667,0.045896,review
2186,72.866667,2716,90.533333,0.091796,review
2187,72.9,2718,90.6,0.137695,review
2188,72.933333,2720,90.666667,0.183595,review
2189,72.966667,2722,90.733333,0.229495,review
2190,73.0,2724,90.8,0.275395,review
2191,73.033333,2725,90.833333,0.26831,review
2192,73.066667,2725,90.833333,0.261226,review
2193,73.1,2726,90.866667,0.254141,review
2194,73.133333,2726,90.866667,0.247056,review
2195,73.166667,2727,90.9,0.239972,review
2196,73.2,2727,90.9,0.232887,review
2197,73.233333,2728,90.933333,0.225803,review
2198,73.266667,2728,90.933333,0.218718,review
2199,73.3,2729,90.966667,0.211633,review
2200,73.333333,2729,90.966667,0.204549,review
2201,73.366667,2729,90.966667,0.197464,review
2202,73.4,2730,91.0,0.190379,review
2203,73.433333,2732,91.066667,0.19255,review
2204,73.466667,2734,91.133333,0.194722,review
2205,73.5,2736,91.2,0.196893,review
2206,73.533333,2738,91.266667,0.199064,review
2207,73.566667,2740,91.333333,0.201236,review
2208,73.6,2742,91.4,0.203406,review
2209,73.633333,2744,91.466667,0.191499,review
2210,73.666667,2746,91.533333,0.179592,review
2211,73.7,2748,91.6,0.167684,review
2212,73.733333,2750,91.666667,0.155777,review
2213,73.766667,2752,91.733333,0.143869,review
2214,73.8,2754,91.8,0.131962,review
2215,73.833333,2756,91.866667,0.173932,review
2216,73.866667,2758,91.933333,0.215906,review
2217,73.9,2760,92.0,0.257881,review
2218,73.933333,2762,92.066667,0.299855,review
2219,73.966667,2764,92.133333,0.34183,review
2220,74.0,2766,92.2,0.383804,matched
2221,74.033333,2768,92.266667,0.339678,review
2222,74.066667,2770,92.333333,0.295552,review
2223,74.1,2772,92.4,0.251426,review
2224,74.133333,2774,92.466667,0.2073,review
2225,74.166667,2776,92.533333,0.163174,review
2226,74.2,2778,92.6,0.119054,review
2227,74.233333,2779,92.633333,0.136304,review
2228,74.266667,2780,92.666667,0.153555,review
2229,74.3,2781,92.7,0.170806,review
2230,74.333333,2782,92.733333,0.188057,review
2231,74.366667,2783,92.766667,0.205307,review
2232,74.4,2784,92.8,0.222558,review
2233,74.433333,2786,92.866667,0.214245,review
2234,74.466667,2788,92.933333,0.20593,review
2235,74.5,2790,93.0,0.197616,review
2236,74.533333,2792,93.066667,0.189302,review
2237,74.566667,2794,93.133333,0.180987,review
2238,74.6,2796,93.2,0.172673,review
2239,74.633333,2798,93.266667,0.181115,review
2240,74.666667,2800,93.333333,0.189556,review
2241,74.7,2802,93.4,0.197997,review
2242,74.733333,2804,93.466667,0.206438,review
2243,74.766667,2806,93.533333,0.214879,review
2244,74.8,2808,93.6,0.22332,review
2245,74.833333,2810,93.666667,0.200771,review
2246,74.866667,2812,93.733333,0.178219,review
2247,74.9,2814,93.8,0.155668,review
2248,74.933333,2816,93.866667,0.133116,review
2249,74.966667,2818,93.933333,0.110564,review
2250,75.0,2820,94.0,0.088012,review
2251,75.033333,2822,94.066667,0.075217,review
2252,75.066667,2824,94.133333,0.062422,review
2253,75.1,2826,94.2,0.049627,review
2254,75.133333,2828,94.266667,0.036833,review
2255,75.166667,2830,94.333333,0.024038,review
2256,75.2,2832,94.4,0.011247,review
2257,75.233333,2834,94.466667,0.038743,review
2258,75.266667,2836,94.533333,0.06624,review
2259,75.3,2838,94.6,0.093737,review
2260,75.333333,2840,94.666667,0.121233,review
2261,75.366667,2842,94.733333,0.14873,review
2262,75.4,2844,94.8,0.176227,review
2263,75.433333,2846,94.866667,0.163998,review
2264,75.466667,2848,94.933333,0.151767,review
2265,75.5,2850,95.0,0.139536,review
2266,75.533333,2852,95.066667,0.127305,review
2267,75.566667,2854,95.133333,0.115074,review
2268,75.6,2856,95.2,0.102845,review
2269,75.633333,2858,95.266667,0.117472,review
2270,75.666667,2860,95.333333,0.132099,review
2271,75.7,2862,95.4,0.146726,review
2272,75.733333,2864,95.466667,0.161353,review
2273,75.766667,2866,95.533333,0.17598,review
2274,75.8,2868,95.6,0.190608,review
2275,75.833333,2870,95.666667,0.168922,review
2276,75.866667,2872,95.733333,0.147233,review
2277,75.9,2874,95.8,0.125544,review
2278,75.933333,2876,95.866667,0.103855,review
2279,75.966667,2878,95.933333,0.082166,review
2280,76.0,2880,96.0,0.060477,review
2281,76.033333,2882,96.066667,0.077114,review
2282,76.066667,2884,96.133333,0.09375,review
2283,76.1,2886,96.2,0.110387,review
2284,76.133333,2888,96.266667,0.127023,review
2285,76.166667,2890,96.333333,0.14366,review
2286,76.2,2892,96.4,0.160296,review
2287,76.233333,2894,96.466667,0.172155,review
2288,76.266667,2896,96.533333,0.184015,review
2289,76.3,2898,96.6,0.195874,review
2290,76.333333,2900,96.666667,0.207733,review
2291,76.366667,2902,96.733333,0.219592,review
2292,76.4,2904,96.8,0.231451,review
2293,76.433333,2906,96.866667,0.204499,review
2294,76.466667,2908,96.933333,0.177545,review
2295,76.5,2910,97.0,0.150592,review
2296,76.533333,2912,97.066667,0.123638,review
2297,76.566667,2914,97.133333,0.096684,review
2298,76.6,2916,97.2,0.069732,review
2299,76.633333,2918,97.266667,0.089283,review
2300,76.666667,2920,97.333333,0.108835,review
2301,76.7,2922,97.4,0.128386,review
2302,76.733333,2924,97.466667,0.147937,review
2303,76.766667,2926,97.533333,0.167489,review
2304,76.8,2928,97.6,0.18704,review
2305,76.833333,2930,97.666667,0.195193,review
2306,76.866667,2932,97.733333,0.203345,review
2307,76.9,2934,97.8,0.211496,review
2308,76.933333,2936,97.866667,0.219648,review
2309,76.966667,2938,97.933333,0.227799,review
2310,77.0,2940,98.0,0.235951,review
2311,77.033333,2942,98.066667,0.21839,review
2312,77.066667,2944,98.133333,0.200828,review
2313,77.1,2946,98.2,0.183267,review
2314,77.133333,2948,98.266667,0.165705,review
2315,77.166667,2950,98.333333,0.148144,review
2316,77.2,2952,98.4,0.130586,review
2317,77.233333,2954,98.466667,0.156559,review
2318,77.266667,2956,98.533333,0.182531,review
2319,77.3,2958,98.6,0.208503,review
2320,77.333333,2960,98.666667,0.234475,review
2321,77.366667,2962,98.733333,0.260448,review
2322,77.4,2964,98.8,0.28642,review
2323,77.433333,2966,98.866667,0.242508,review
2324,77.466667,2968,98.933333,0.198592,review
2325,77.5,2970,99.0,0.154677,review
2326,77.533333,2972,99.066667,0.110761,review
2327,77.566667,2974,99.133333,0.066845,review
2328,77.6,2976,99.2,0.022934,review
2329,77.633333,2978,99.266667,0.06654,review
2330,77.666667,2980,99.333333,0.110146,review
2331,77.7,2982,99.4,0.153752,review
2332,77.733333,2984,99.466667,0.197359,review
2333,77.766667,2986,99.533333,0.240965,review
2334,77.8,2988,99.6,0.284571,review
2335,77.833333,2990,99.666667,0.278629,review
2336,77.866667,2992,99.733333,0.272683,review
2337,77.9,2994,99.8,0.266736,review
2338,77.933333,2996,99.866667,0.26079,review
2339,77.966667,2998,99.933333,0.254843,review
2340,78.0,3000,100.0,0.248897,review
2341,78.033333,3002,100.066667,0.207414,review
2342,78.066667,3004,100.133333,0.16593,review
2343,78.1,3006,100.2,0.124447,review
2344,78.133333,3008,100.266667,0.082963,review
2345,78.166667,3010,100.333333,0.04148,review
2346,78.2,3012,100.4,3e-06,review
2347,78.233333,3014,100.466667,0.036341,review
2348,78.266667,3016,100.533333,0.07268,review
2349,78.3,3018,100.6,0.109018,review
2350,78.333333,3020,100.666667,0.145356,review
2351,78.366667,3022,100.733333,0.181694,review
2352,78.4,3024,100.8,0.218032,review
2353,78.433333,3026,100.866667,0.210651,review
2354,78.466667,3028,100.933333,0.203267,review
2355,78.5,3030,101.0,0.195884,review
2356,78.533333,3032,101.066667,0.188501,review
2357,78.566667,3034,101.133333,0.181117,review
2358,78.6,3036,101.2,0.173734,review
2359,78.633333,3038,101.266667,0.184056,review
2360,78.666667,3040,101.333333,0.194378,review
2361,78.7,3042,101.4,0.2047,review
2362,78.733333,3044,101.466667,0.215022,review
2363,78.766667,3046,101.533333,0.225343,review
2364,78.8,3048,101.6,0.235665,review
2365,78.833333,3050,101.666667,0.22226,review
2366,78.866667,3052,101.733333,0.208852,review
2367,78.9,3054,101.8,0.195445,review
2368,78.933333,3056,101.866667,0.182038,review
2369,78.966667,3058,101.933333,0.16863,review
2370,79.0,3060,102.0,0.155223,review
2371,79.033333,3060,102.0,0.167345,review
2372,79.066667,3061,102.033333,0.179467,review
2373,79.1,3061,102.033333,0.191589,review
2374,79.133333,3062,102.066667,0.203711,review
2375,79.166667,3062,102.066667,0.215833,review
2376,79.2,3063,102.1,0.227955,review
2377,79.233333,3063,102.1,0.240077,review
2378,79.266667,3064,102.133333,0.252199,review
2379,79.3,3064,102.133333,0.264321,review
2380,79.333333,3065,102.166667,0.276443,review
2381,79.366667,3065,102.166667,0.288564,review
2382,79.4,3066,102.2,0.300686,review
2383,79.433333,3068,102.266667,0.300408,review
2384,79.466667,3070,102.333333,0.300128,review
2385,79.5,3072,102.4,0.299849,review
2386,79.533333,3074,102.466667,0.29957,review
2387,79.566667,3076,102.533333,0.29929,review
2388,79.6,3078,102.6,0.29901,review
2389,79.633333,3078,102.6,0.274467,review
2390,79.666667,3079,102.633333,0.249924,review
2391,79.7,3080,102.666667,0.22538,review
2392,79.733333,3080,102.666667,0.200837,review
2393,79.766667,3081,102.7,0.176294,review
2394,79.8,3081,102.7,0.151751,review
2395,79.833333,3082,102.733333,0.127208,review
2396,79.866667,3082,102.733333,0.102665,review
2397,79.9,3083,102.766667,0.078121,review
2398,79.933333,3083,102.766667,0.053578,review
2399,79.966667,3084,102.8,0.029035,review
2400,80.0,3084,102.8,0.004492,review
2401,80.033333,3086,102.866667,0.03056,review
2402,80.066667,3088,102.933333,0.056627,review
2403,80.1,3090,103.0,0.082695,review
2404,80.133333,3092,103.066667,0.108762,review
2405,80.166667,3094,103.133333,0.13483,review
2406,80.2,3096,103.2,0.160893,review
2407,80.233333,3098,103.266667,0.134077,review
2408,80.266667,3100,103.333333,0.107262,review
2409,80.3,3102,103.4,0.080447,review
2410,80.333333,3104,103.466667,0.053632,review
2411,80.366667,3106,103.533333,0.026816,review
2412,80.4,3108,103.6,1e-06,review
2413,80.433333,3110,103.666667,0.0,review
2414,80.466667,3112,103.733333,0.0,review
2415,80.5,3114,103.8,0.0,review
2416,80.533333,3116,103.866667,0.0,review
2417,80.566667,3118,103.933333,0.0,review
2418,80.6,3120,104.0,0.0,review
2419,80.633333,3122,104.066667,0.0,review
2420,80.666667,3124,104.133333,0.0,review
2421,80.7,3126,104.2,0.0,review
2422,80.733333,3128,104.266667,0.0,review
2423,80.766667,3130,104.333333,0.0,review
2424,80.8,3132,104.4,0.0,review
2425,80.833333,3132,104.4,0.0,review
2426,80.866667,3133,104.433333,0.0,review
2427,80.9,3134,104.466667,0.0,review
2428,80.933333,3134,104.466667,0.0,review
2429,80.966667,3134,104.466667,0.0,review
2430,81.0,3135,104.5,0.0,review
2431,81.033333,3136,104.533333,0.0,review
2432,81.066667,3136,104.533333,0.0,review
2433,81.1,3136,104.533333,0.0,review
2434,81.133333,3137,104.566667,0.0,review
2435,81.166667,3138,104.6,0.0,review
2436,81.2,3138,104.6,3e-06,review
2437,81.233333,3140,104.666667,0.033095,review
2438,81.266667,3142,104.733333,0.066188,review
2439,81.3,3144,104.8,0.09928,review
2440,81.333333,3146,104.866667,0.132372,review
2441,81.366667,3148,104.933333,0.165464,review
2442,81.4,3150,105.0,0.198556,review
2443,81.433333,3152,105.066667,0.190391,review
2444,81.466667,3154,105.133333,0.182223,review
2445,81.5,3156,105.2,0.174055,review
2446,81.533333,3158,105.266667,0.165887,review
2447,81.566667,3160,105.333333,0.157719,review
2448,81.6,3162,105.4,0.149552,review
2449,81.633333,3163,105.433333,0.158319,review
2450,81.666667,3163,105.433333,0.167086,review
2451,81.7,3164,105.466667,0.175853,review
2452,81.733333,3164,105.466667,0.18462,review
2453,81.766667,3165,105.5,0.193387,review
2454,81.8,3165,105.5,0.202154,review
2455,81.833333,3166,105.533333,0.210921,review
2456,81.866667,3166,105.533333,0.219687,review
2457,81.9,3166,105.533333,0.228454,review
2458,81.933333,3167,105.566667,0.237221,review
2459,81.966667,3167,105.566667,0.245988,review
2460,82.0,3168,105.6,0.254755,review
2461,82.033333,3170,105.666667,0.26531,review
2462,82.066667,3172,105.733333,0.275865,review
2463,82.1,3174,105.8,0.28642,review
2464,82.133333,3176,105.866667,0.296976,review
2465,82.166667,3178,105.933333,0.307531,review
2466,82.2,3180,106.0,0.318084,review
2467,82.233333,3182,106.066667,0.30573,review
2468,82.266667,3184,106.133333,0.293375,review
2469,82.3,3186,106.2,0.281021,review
2470,82.333333,3188,106.266667,0.268667,review
2471,82.366667,3190,106.333333,0.256313,review
2472,82.4,3192,106.4,0.243959,review
2473,82.433333,3194,106.466667,0.288105,review
2474,82.466667,3196,106.533333,0.332254,review
2475,82.5,3198,106.6,0.376404,matched
2476,82.533333,3200,106.666667,0.420553,matched
2477,82.566667,3202,106.733333,0.464702,matched
2478,82.6,3204,106.8,0.508848,matched
2479,82.633333,3206,106.866667,0.485307,matched
2480,82.666667,3208,106.933333,0.461767,matched
2481,82.7,3210,107.0,0.438227,matched
2482,82.733333,3212,107.066667,0.414686,matched
2483,82.766667,3214,107.133333,0.391146,matched
2484,82.8,3216,107.2,0.367605,matched
2485,82.833333,3216,107.2,0.372853,matched
2486,82.866667,3217,107.233333,0.378104,matched
2487,82.9,3217,107.233333,0.383355,matched
2488,82.933333,3218,107.266667,0.388606,matched
2489,82.966667,3218,107.266667,0.393857,matched
2490,83.0,3219,107.3,0.399108,matched
2491,83.033333,3219,107.3,0.404359,matched
2492,83.066667,3220,107.333333,0.40961,matched
2493,83.1,3221,107.366667,0.414861,matched
2494,83.133333,3221,107.366667,0.420112,matched
2495,83.166667,3222,107.4,0.425363,matched
2496,83.2,3222,107.4,0.430611,matched
2497,83.233333,3224,107.466667,0.413625,matched
2498,83.266667,3226,107.533333,0.396638,matched
2499,83.3,3228,107.6,0.379651,matched
2500,83.333333,3230,107.666667,0.362664,matched
2501,83.366667,3232,107.733333,0.345677,review
2502,83.4,3234,107.8,0.32869,review
2503,83.433333,3236,107.866667,0.348432,review
2504,83.466667,3238,107.933333,0.368175,matched
2505,83.5,3240,108.0,0.387919,matched
2506,83.533333,3242,108.066667,0.407663,matched
2507,83.566667,3244,108.133333,0.427406,matched
2508,83.6,3246,108.2,0.447149,matched
2509,83.633333,3246,108.2,0.44638,matched
2510,83.666667,3247,108.233333,0.44561,matched
2511,83.7,3247,108.233333,0.444841,matched
2512,83.733333,3248,108.266667,0.444072,matched
2513,83.766667,3248,108.266667,0.443302,matched
2514,83.8,3249,108.3,0.442533,matched
2515,83.833333,3249,108.3,0.441764,matched
2516,83.866667,3250,108.333333,0.440994,matched
2517,83.9,3251,108.366667,0.440225,matched
2518,83.933333,3251,108.366667,0.439456,matched
2519,83.966667,3252,108.4,0.438686,matched
2520,84.0,3252,108.4,0.437917,matched
2521,84.033333,3253,108.433333,0.455134,matched
2522,84.066667,3253,108.433333,0.472351,matched
2523,84.1,3254,108.466667,0.489569,matched
2524,84.133333,3254,108.466667,0.506786,matched
2525,84.166667,3254,108.466667,0.524003,matched
2526,84.2,3255,108.5,0.54122,matched
2527,84.233333,3255,108.5,0.558437,matched
2528,84.266667,3256,108.533333,0.575654,matched
2529,84.3,3256,108.533333,0.592872,matched
2530,84.333333,3257,108.566667,0.610089,matched
2531,84.366667,3257,108.566667,0.627306,matched
2532,84.4,3258,108.6,0.644523,matched
2533,84.433333,3258,108.6,0.63024,matched
2534,84.466667,3259,108.633333,0.615955,matched
2535,84.5,3259,108.633333,0.601671,matched
2536,84.533333,3260,108.666667,0.587386,matched
2537,84.566667,3260,108.666667,0.573101,matched
2538,84.6,3261,108.7,0.558816,matched
2539,84.633333,3261,108.7,0.544532,matched
2540,84.666667,3262,108.733333,0.530247,matched
2541,84.7,3263,108.766667,0.515962,matched
2542,84.733333,3263,108.766667,0.501678,matched
2543,84.766667,3264,108.8,0.487393,matched
2544,84.8,3264,108.8,0.473108,matched
2545,84.833333,3266,108.866667,0.417305,matched
2546,84.866667,3268,108.933333,0.361498,matched
2547,84.9,3270,109.0,0.305691,review
2548,84.933333,3272,109.066667,0.249884,review
2549,84.966667,3274,109.133333,0.194077,review
2550,85.0,3276,109.2,0.13827,review
2551,85.033333,3278,109.266667,0.156233,review
2552,85.066667,3280,109.333333,0.174196,review
2553,85.1,3282,109.4,0.192159,review
2554,85.133333,3284,109.466667,0.210122,review
2555,85.166667,3286,109.533333,0.228086,review
2556,85.2,3288,109.6,0.246048,review
2557,85.233333,3290,109.666667,0.257395,review
2558,85.266667,3292,109.733333,0.268742,review
2559,85.3,3294,109.8,0.280089,review
2560,85.333333,3296,109.866667,0.291436,review
2561,85.366667,3298,109.933333,0.302783,review
2562,85.4,3300,110.0,0.31413,review
2563,85.433333,3300,110.0,0.301201,review
2564,85.466667,3301,110.033333,0.288271,review
2565,85.5,3301,110.033333,0.275341,review
2566,85.533333,3302,110.066667,0.262411,review
2567,85.566667,3302,110.066667,0.249481,review
2568,85.6,3303,110.1,0.236551,review
2569,85.633333,3303,110.1,0.223621,review
2570,85.666667,3304,110.133333,0.210691,review
2571,85.7,3304,110.133333,0.197761,review
2572,85.733333,3305,110.166667,0.18483,review
2573,85.766667,3305,110.166667,0.1719,review
2574,85.8,3306,110.2,0.15897,review
2575,85.833333,3306,110.2,0.172334,review
2576,85.866667,3307,110.233333,0.1857,review
2577,85.9,3307,110.233333,0.199066,review
2578,85.933333,3308,110.266667,0.212432,review
2579,85.966667,3308,110.266667,0.225798,review
2580,86.0,3309,110.3,0.239163,review
2581,86.033333,3309,110.3,0.252529,review
2582,86.066667,3310,110.333333,0.265895,review
2583,86.1,3311,110.366667,0.279261,review
2584,86.133333,3311,110.366667,0.292627,review
2585,86.166667,3312,110.4,0.305993,review
2586,86.2,3312,110.4,0.319358,review
2587,86.233333,3313,110.433333,0.324521,review
2588,86.266667,3313,110.433333,0.329684,review
2589,86.3,3314,110.466667,0.334846,review
2590,86.333333,3314,110.466667,0.340009,review
2591,86.366667,3315,110.5,0.345172,review
2592,86.4,3315,110.5,0.350334,matched
2593,86.433333,3316,110.533333,0.355497,matched
2594,86.466667,3316,110.533333,0.36066,matched
2595,86.5,3317,110.566667,0.365822,matched
2596,86.533333,3317,110.566667,0.370985,matched
2597,86.566667,3317,110.566667,0.376148,matched
2598,86.6,3318,110.6,0.381309,matched
2599,86.633333,3318,110.6,0.367336,matched
2600,86.666667,3319,110.633333,0.353362,matched
2601,86.7,3320,110.666667,0.339389,review
2602,86.733333,3320,110.666667,0.325415,review
2603,86.766667,3321,110.7,0.311442,review
2604,86.8,3321,110.7,0.297468,review
2605,86.833333,3322,110.733333,0.283495,review
2606,86.866667,3322,110.733333,0.269521,review
2607,86.9,3323,110.766667,0.255548,review
2608,86.933333,3323,110.766667,0.241574,review
2609,86.966667,3324,110.8,0.227601,review
2610,87.0,3324,110.8,0.213627,review
2611,87.033333,3325,110.833333,0.218067,review
2612,87.066667,3325,110.833333,0.222508,review
2613,87.1,3326,110.866667,0.226948,review
2614,87.133333,3326,110.866667,0.231389,review
2615,87.166667,3327,110.9,0.235829,review
2616,87.2,3327,110.9,0.24027,review
2617,87.233333,3328,110.933333,0.24471,review
2618,87.266667,3328,110.933333,0.249151,review
2619,87.3,3329,110.966667,0.253591,review
2620,87.333333,3329,110.966667,0.258032,review
2621,87.366667,3329,110.966667,0.262472,review
2622,87.4,3330,111.0,0.266913,review
2623,87.433333,3330,111.0,0.273377,review
2624,87.466667,3331,111.033333,0.279841,review
2625,87.5,3331,111.033333,0.286305,review
2626,87.533333,3332,111.066667,0.292769,review
2627,87.566667,3332,111.066667,0.299233,review
2628,87.6,3333,111.1,0.305697,review
2629,87.633333,3333,111.1,0.312161,review
2630,87.666667,3334,111.133333,0.318625,review
2631,87.7,3334,111.133333,0.325088,review
2632,87.733333,3335,111.166667,0.331552,review
2633,87.766667,3335,111.166667,0.338016,review
2634,87.8,3336,111.2,0.34448,review
2635,87.833333,3336,111.2,0.333866,review
2636,87.866667,3337,111.233333,0.32325,review
2637,87.9,3337,111.233333,0.312635,review
2638,87.933333,3338,111.266667,0.302019,review
2639,87.966667,3338,111.266667,0.291403,review
2640,88.0,3339,111.3,0.280787,review
2641,88.033333,3339,111.3,0.270172,review
2642,88.066667,3340,111.333333,0.259556,review
2643,88.1,3341,111.366667,0.24894,review
2644,88.133333,3341,111.366667,0.238325,review
2645,88.166667,3342,111.4,0.227709,review
2646,88.2,3342,111.4,0.217094,review
2647,88.233333,3343,111.433333,0.217881,review
2648,88.266667,3343,111.433333,0.218667,review
2649,88.3,3344,111.466667,0.219454,review
2650,88.333333,3344,111.466667,0.22024,review
2651,88.366667,3345,111.5,0.221027,review
2652,88.4,3345,111.5,0.221813,review
2653,88.433333,3346,111.533333,0.2226,review
2654,88.466667,3346,111.533333,0.223386,review
2655,88.5,3347,111.566667,0.224173,review
2656,88.533333,3347,111.566667,0.224959,review
2657,88.566667,3347,111.566667,0.225746,review
2658,88.6,3348,111.6,0.226532,review
2659,88.633333,3348,111.6,0.231418,review
2660,88.666667,3349,111.633333,0.236303,review
2661,88.7,3350,111.666667,0.241188,review
2662,88.733333,3350,111.666667,0.246073,review
2663,88.766667,3351,111.7,0.250959,review
2664,88.8,3351,111.7,0.255844,review
2665,88.833333,3352,111.733333,0.260729,review
2666,88.866667,3352,111.733333,0.265615,review
2667,88.9,3353,111.766667,0.2705,review
2668,88.933333,3353,111.766667,0.275385,review
2669,88.966667,3354,111.8,0.280271,review
2670,89.0,3354,111.8,0.285156,review
2671,89.033333,3355,111.833333,0.287365,review
2672,89.066667,3355,111.833333,0.289575,review
2673,89.1,3356,111.866667,0.291784,review
2674,89.133333,3356,111.866667,0.293993,review
2675,89.166667,3357,111.9,0.296203,review
2676,89.2,3357,111.9,0.298412,review
2677,89.233333,3358,111.933333,0.300621,review
2678,89.266667,3358,111.933333,0.302831,review
2679,89.3,3359,111.966667,0.30504,review
2680,89.333333,3359,111.966667,0.307249,review
2681,89.366667,3359,111.966667,0.309459,review
2682,89.4,3360,112.0,0.311668,review
2683,89.433333,3360,112.0,0.299898,review
2684,89.466667,3361,112.033333,0.288127,review
2685,89.5,3361,112.033333,0.276356,review
2686,89.533333,3362,112.066667,0.264585,review
2687,89.566667,3362,112.066667,0.252815,review
2688,89.6,3363,112.1,0.241044,review
2689,89.633333,3363,112.1,0.229273,review
2690,89.666667,3364,112.133333,0.217502,review
2691,89.7,3364,112.133333,0.205731,review
2692,89.733333,3365,112.166667,0.193961,review
2693,89.766667,3365,112.166667,0.18219,review
2694,89.8,3366,112.2,0.170419,review
2695,89.833333,3366,112.2,0.180245,review
2696,89.866667,3367,112.233333,0.190072,review
2697,89.9,3367,112.233333,0.1999,review
2698,89.933333,3368,112.266667,0.209728,review
2699,89.966667,3368,112.266667,0.219555,review
2700,90.0,3369,112.3,0.229383,review
2701,90.033333,3369,112.3,0.239211,review
2702,90.066667,3370,112.333333,0.249038,review
2703,90.1,3371,112.366667,0.258866,review
2704,90.133333,3371,112.366667,0.268694,review
2705,90.166667,3372,112.4,0.278521,review
2706,90.2,3372,112.4,0.288348,review
2707,90.233333,3374,112.466667,0.283011,review
2708,90.266667,3376,112.533333,0.277674,review
2709,90.3,3378,112.6,0.272338,review
2710,90.333333,3380,112.666667,0.267001,review
2711,90.366667,3382,112.733333,0.261665,review
2712,90.4,3384,112.8,0.256328,review
2713,90.433333,3385,112.833333,0.237577,review
2714,90.466667,3385,112.833333,0.218825,review
2715,90.5,3386,112.866667,0.200074,review
2716,90.533333,3386,112.866667,0.181322,review
2717,90.566667,3387,112.9,0.16257,review
2718,90.6,3387,112.9,0.143818,review
2719,90.633333,3388,112.933333,0.125067,review
2720,90.666667,3388,112.933333,0.106315,review
2721,90.7,3388,112.933333,0.087563,review
2722,90.733333,3389,112.966667,0.068811,review
2723,90.766667,3389,112.966667,0.050059,review
2724,90.8,3390,113.0,0.031308,review
2725,90.833333,3390,113.0,0.041535,review
2726,90.866667,3391,113.033333,0.051765,review
2727,90.9,3391,113.033333,0.061995,review
2728,90.933333,3392,113.066667,0.072225,review
2729,90.966667,3392,113.066667,0.082455,review
2730,91.0,3393,113.1,0.092685,review
2731,91.033333,3393,113.1,0.102915,review
2732,91.066667,3394,113.133333,0.113145,review
2733,91.1,3394,113.133333,0.123375,review
2734,91.133333,3395,113.166667,0.133605,review
2735,91.166667,3395,113.166667,0.143835,review
2736,91.2,3396,113.2,0.154065,review
2737,91.233333,3396,113.2,0.166877,review
2738,91.266667,3397,113.233333,0.17969,review
2739,91.3,3397,113.233333,0.192502,review
2740,91.333333,3398,113.266667,0.205314,review
2741,91.366667,3399,113.3,0.218127,review
2742,91.4,3399,113.3,0.230939,review
2743,91.433333,3400,113.333333,0.243751,review
2744,91.466667,3400,113.333333,0.256563,review
2745,91.5,3401,113.366667,0.269376,review
2746,91.533333,3401,113.366667,0.282188,review
2747,91.566667,3402,113.4,0.295,review
2748,91.6,3402,113.4,0.307811,review
2749,91.633333,3404,113.466667,0.282858,review
2750,91.666667,3406,113.533333,0.257906,review
2751,91.7,3408,113.6,0.232954,review
2752,91.733333,3410,113.666667,0.208001,review
2753,91.766667,3412,113.733333,0.183049,review
2754,91.8,3414,113.8,0.158096,review
2755,91.833333,3415,113.833333,0.172761,review
2756,91.866667,3415,113.833333,0.187429,review
2757,91.9,3416,113.866667,0.202097,review
2758,91.933333,3416,113.866667,0.216765,review
2759,91.966667,3417,113.9,0.231433,review
2760,92.0,3417,113.9,0.246101,review
2761,92.033333,3418,113.933333,0.260768,review
2762,92.066667,3418,113.933333,0.275436,review
2763,92.1,3419,113.966667,0.290104,review
2764,92.133333,3419,113.966667,0.304772,review
2765,92.166667,3420,114.0,0.31944,review
2766,92.2,3420,114.0,0.334109,review
2767,92.233333,3421,114.033333,0.352325,matched
2768,92.266667,3421,114.033333,0.370542,matched
2769,92.3,3422,114.066667,0.388758,matched
2770,92.333333,3422,114.066667,0.406974,matched
2771,92.366667,3422,114.066667,0.425191,matched
2772,92.4,3423,114.1,0.443407,matched
2773,92.433333,3423,114.1,0.461624,matched
2774,92.466667,3424,114.133333,0.47984,matched
2775,92.5,3424,114.133333,0.498057,matched
2776,92.533333,3425,114.166667,0.516273,matched
2777,92.566667,3425,114.166667,0.534489,matched
2778,92.6,3426,114.2,0.552703,matched
2779,92.633333,3426,114.2,0.51388,matched
2780,92.666667,3427,114.233333,0.475056,matched
2781,92.7,3427,114.233333,0.436232,matched
2782,92.733333,3428,114.266667,0.397408,matched
2783,92.766667,3428,114.266667,0.358585,matched
2784,92.8,3429,114.3,0.319761,review
2785,92.833333,3429,114.3,0.280937,review
2786,92.866667,3430,114.333333,0.242114,review
2787,92.9,3431,114.366667,0.20329,review
2788,92.933333,3431,114.366667,0.164466,review
2789,92.966667,3432,114.4,0.125643,review
2790,93.0,3432,114.4,0.086819,review
2791,93.033333,3433,114.433333,0.091302,review
2792,93.066667,3433,114.433333,0.095784,review
2793,93.1,3434,114.466667,0.100267,review
2794,93.133333,3434,114.466667,0.10475,review
2795,93.166667,3434,114.466667,0.109233,review
2796,93.2,3435,114.5,0.113715,review
2797,93.233333,3435,114.5,0.118198,review
2798,93.266667,3436,114.533333,0.122681,review
2799,93.3,3436,114.533333,0.127164,review
2800,93.333333,3437,114.566667,0.131646,review
2801,93.366667,3437,114.566667,0.136129,review
2802,93.4,3438,114.6,0.140612,review
2803,93.433333,3438,114.6,0.128895,review
2804,93.466667,3439,114.633333,0.117177,review
2805,93.5,3439,114.633333,0.10546,review
2806,93.533333,3440,114.666667,0.093742,review
2807,93.566667,3440,114.666667,0.082024,review
2808,93.6,3441,114.7,0.070307,review
2809,93.633333,3441,114.7,0.058589,review
2810,93.666667,3442,114.733333,0.046872,review
2811,93.7,3443,114.766667,0.035154,review
2812,93.733333,3443,114.766667,0.023436,review
2813,93.766667,3444,114.8,0.011719,review
2814,93.8,3444,114.8,1e-06,review
2815,93.833333,3446,114.866667,0.038621,review
2816,93.866667,3448,114.933333,0.077246,review
2817,93.9,3450,115.0,0.115871,review
2818,93.933333,3452,115.066667,0.154495,review
2819,93.966667,3454,115.133333,0.19312,review
2820,94.0,3456,115.2,0.231745,review
2821,94.033333,3456,115.2,0.224556,review
2822,94.066667,3457,115.233333,0.217367,review
2823,94.1,3457,115.233333,0.210179,review
2824,94.133333,3458,115.266667,0.20299,review
2825,94.166667,3458,115.266667,0.195801,review
2826,94.2,3459,115.3,0.188612,review
2827,94.233333,3459,115.3,0.181423,review
2828,94.266667,3460,115.333333,0.174235,review
2829,94.3,3460,115.333333,0.167046,review
2830,94.333333,3461,115.366667,0.159857,review
2831,94.366667,3462,115.4,0.152668,review
2832,94.4,3462,115.4,0.145479,review
2833,94.433333,3463,115.433333,0.144769,review
2834,94.466667,3463,115.433333,0.144058,review
2835,94.5,3463,115.433333,0.143348,review
2836,94.533333,3464,115.466667,0.142637,review
2837,94.566667,3464,115.466667,0.141927,review
2838,94.6,3465,115.5,0.141216,review
2839,94.633333,3465,115.5,0.140506,review
2840,94.666667,3466,115.533333,0.139795,review
2841,94.7,3466,115.533333,0.139085,review
2842,94.733333,3467,115.566667,0.138374,review
2843,94.766667,3467,115.566667,0.137664,review
2844,94.8,3468,115.6,0.136953,review
2845,94.833333,3470,115.666667,0.144081,review
2846,94.866667,3472,115.733333,0.151209,review
2847,94.9,3474,115.8,0.158337,review
2848,94.933333,3476,115.866667,0.165465,review
2849,94.966667,3478,115.933333,0.172594,review
2850,95.0,3480,116.0,0.179722,review
2851,95.033333,3480,116.0,0.190524,review
2852,95.066667,3481,116.033333,0.201327,review
2853,95.1,3481,116.033333,0.212129,review
2854,95.133333,3482,116.066667,0.222932,review
2855,95.166667,3482,116.066667,0.233734,review
2856,95.2,3483,116.1,0.244537,review
2857,95.233333,3483,116.1,0.255339,review
2858,95.266667,3484,116.133333,0.266142,review
2859,95.3,3484,116.133333,0.276944,review
2860,95.333333,3485,116.166667,0.287747,review
2861,95.366667,3485,116.166667,0.298549,review
2862,95.4,3486,116.2,0.309352,review
2863,95.433333,3488,116.266667,0.308576,review
2864,95.466667,3490,116.333333,0.307799,review
2865,95.5,3492,116.4,0.307023,review
2866,95.533333,3494,116.466667,0.306246,review
2867,95.566667,3496,116.533333,0.305469,review
2868,95.6,3498,116.6,0.304692,review
2869,95.633333,3500,116.666667,0.290372,review
2870,95.666667,3502,116.733333,0.276051,review
2871,95.7,3504,116.8,0.26173,review
2872,95.733333,3506,116.866667,0.247409,review
2873,95.766667,3508,116.933333,0.233088,review
2874,95.8,3510,117.0,0.218767,review
2875,95.833333,3512,117.066667,0.241194,review
2876,95.866667,3514,117.133333,0.263625,review
2877,95.9,3516,117.2,0.286055,review
2878,95.933333,3518,117.266667,0.308485,review
2879,95.966667,3520,117.333333,0.330916,review
2880,96.0,3522,117.4,0.353346,matched
2881,96.033333,3524,117.466667,0.321449,review
2882,96.066667,3526,117.533333,0.289553,review
2883,96.1,3528,117.6,0.257656,review
2884,96.133333,3530,117.666667,0.225759,review
2885,96.166667,3532,117.733333,0.193863,review
2886,96.2,3534,117.8,0.16197,review
2887,96.233333,3535,117.833333,0.168839,review
2888,96.266667,3535,117.833333,0.175709,review
2889,96.3,3536,117.866667,0.182578,review
2890,96.333333,3536,117.866667,0.189448,review
2891,96.366667,3537,117.9,0.196317,review
2892,96.4,3537,117.9,0.203186,review
2893,96.433333,3538,117.933333,0.210056,review
2894,96.466667,3538,117.933333,0.216925,review
2895,96.5,3539,117.966667,0.223795,review
2896,96.533333,3539,117.966667,0.230664,review
2897,96.566667,3540,118.0,0.237534,review
2898,96.6,3540,118.0,0.244402,review
2899,96.633333,3542,118.066667,0.226743,review
2900,96.666667,3544,118.133333,0.209083,review
2901,96.7,3546,118.2,0.191424,review
2902,96.733333,3548,118.266667,0.173764,review
2903,96.766667,3550,118.333333,0.156105,review
2904,96.8,3552,118.4,0.138446,review
2905,96.833333,3552,118.4,0.139391,review
2906,96.866667,3553,118.433333,0.140337,review
2907,96.9,3554,118.466667,0.141284,review
2908,96.933333,3554,118.466667,0.14223,review
2909,96.966667,3554,118.466667,0.143177,review
2910,97.0,3555,118.5,0.144124,review
2911,97.033333,3556,118.533333,0.14507,review
2912,97.066667,3556,118.533333,0.146017,review
2913,97.1,3556,118.533333,0.146963,review
2914,97.133333,3557,118.566667,0.14791,review
2915,97.166667,3558,118.6,0.148856,review
2916,97.2,3558,118.6,0.149803,review
2917,97.233333,3560,118.666667,0.152625,review
2918,97.266667,3562,118.733333,0.155447,review
2919,97.3,3564,118.8,0.158269,review
2920,97.333333,3566,118.866667,0.161091,review
2921,97.366667,3568,118.933333,0.163913,review
2922,97.4,3570,119.0,0.166735,review
2923,97.433333,3572,119.066667,0.159333,review
2924,97.466667,3574,119.133333,0.15193,review
2925,97.5,3576,119.2,0.144527,review
2926,97.533333,3578,119.266667,0.137124,review
2927,97.566667,3580,119.333333,0.129721,review
2928,97.6,3582,119.4,0.12232,review
2929,97.633333,3584,119.466667,0.142343,review
2930,97.666667,3586,119.533333,0.162366,review
2931,97.7,3588,119.6,0.182389,review
2932,97.733333,3590,119.666667,0.202411,review
2933,97.766667,3592,119.733333,0.222434,review
2934,97.8,3594,119.8,0.242457,review
2935,97.833333,3595,119.833333,0.242093,review
2936,97.866667,3595,119.833333,0.241728,review
2937,97.9,3596,119.866667,0.241362,review
2938,97.933333,3596,119.866667,0.240996,review
2939,97.966667,3597,119.9,0.24063,review
2940,98.0,3597,119.9,0.240264,review
2941,98.033333,3598,119.933333,0.239899,review
2942,98.066667,3598,119.933333,0.239533,review
2943,98.1,3599,119.966667,0.239167,review
2944,98.133333,3599,119.966667,0.238801,review
2945,98.166667,3600,120.0,0.238436,review
2946,98.2,3600,120.0,0.23807,review
2947,98.233333,3602,120.066667,0.238512,review
2948,98.266667,3604,120.133333,0.238954,review
2949,98.3,3606,120.2,0.239397,review
2950,98.333333,3608,120.266667,0.239839,review
2951,98.366667,3610,120.333333,0.240281,review
2952,98.4,3612,120.4,0.240723,review
2953,98.433333,3614,120.466667,0.229361,review
2954,98.466667,3616,120.533333,0.217999,review
2955,98.5,3618,120.6,0.206636,review
2956,98.533333,3620,120.666667,0.195273,review
2957,98.566667,3622,120.733333,0.183911,review
2958,98.6,3624,120.8,0.172549,review
2959,98.633333,3625,120.833333,0.167807,review
2960,98.666667,3625,120.833333,0.163066,review
2961,98.7,3626,120.866667,0.158324,review
2962,98.733333,3626,120.866667,0.153583,review
2963,98.766667,3627,120.9,0.148841,review
2964,98.8,3627,120.9,0.1441,review
2965,98.833333,3628,120.933333,0.139358,review
2966,98.866667,3628,120.933333,0.134617,review
2967,98.9,3629,120.966667,0.129875,review
2968,98.933333,3629,120.966667,0.125134,review
2969,98.966667,3630,121.0,0.120392,review
2970,99.0,3630,121.0,0.115651,review
2971,99.033333,3632,121.066667,0.110867,review
2972,99.066667,3634,121.133333,0.106083,review
2973,99.1,3636,121.2,0.101299,review
2974,99.133333,3638,121.266667,0.096515,review
2975,99.166667,3640,121.333333,0.091731,review
2976,99.2,3642,121.4,0.086948,review
2977,99.233333,3644,121.466667,0.086844,review
2978,99.266667,3646,121.533333,0.086741,review
2979,99.3,3648,121.6,0.086637,review
2980,99.333333,3650,121.666667,0.086534,review
2981,99.366667,3652,121.733333,0.086431,review
2982,99.4,3654,121.8,0.086327,review
2983,99.433333,3655,121.833333,0.094882,review
2984,99.466667,3655,121.833333,0.103438,review
2985,99.5,3656,121.866667,0.111994,review
2986,99.533333,3656,121.866667,0.12055,review
2987,99.566667,3657,121.9,0.129106,review
2988,99.6,3657,121.9,0.137661,review
2989,99.633333,3658,121.933333,0.146217,review
2990,99.666667,3658,121.933333,0.154773,review
2991,99.7,3658,121.933333,0.163329,review
2992,99.733333,3659,121.966667,0.171885,review
2993,99.766667,3659,121.966667,0.18044,review
2994,99.8,3660,122.0,0.188996,review
2995,99.833333,3660,122.0,0.183145,review
2996,99.866667,3661,122.033333,0.177292,review
2997,99.9,3661,122.033333,0.17144,review
2998,99.933333,3662,122.066667,0.165587,review
2999,99.966667,3662,122.066667,0.159734,review
3000,100.0,3663,122.1,0.153882,review
3001,100.033333,3663,122.1,0.148029,review
3002,100.066667,3664,122.133333,0.142176,review
3003,100.1,3664,122.133333,0.136323,review
3004,100.133333,3665,122.166667,0.130471,review
3005,100.166667,3665,122.166667,0.124618,review
3006,100.2,3666,122.2,0.118767,review
3007,100.233333,3668,122.266667,0.133335,review
3008,100.266667,3670,122.333333,0.147902,review
3009,100.3,3672,122.4,0.16247,review
3010,100.333333,3674,122.466667,0.177037,review
3011,100.366667,3676,122.533333,0.191605,review
3012,100.4,3678,122.6,0.206172,review
3013,100.433333,3678,122.6,0.206393,review
3014,100.466667,3679,122.633333,0.206614,review
3015,100.5,3679,122.633333,0.206834,review
3016,100.533333,3680,122.666667,0.207054,review
3017,100.566667,3680,122.666667,0.207275,review
3018,100.6,3681,122.7,0.207495,review
3019,100.633333,3681,122.7,0.207715,review
3020,100.666667,3682,122.733333,0.207936,review
3021,100.7,3683,122.766667,0.208156,review
3022,100.733333,3683,122.766667,0.208376,review
3023,100.766667,3684,122.8,0.208597,review
3024,100.8,3684,122.8,0.208817,review
3025,100.833333,3686,122.866667,0.244978,review
3026,100.866667,3688,122.933333,0.281142,review
3027,100.9,3690,123.0,0.317307,review
3028,100.933333,3692,123.066667,0.353471,matched
3029,100.966667,3694,123.133333,0.389636,matched
3030,101.0,3696,123.2,0.4258,matched
3031,101.033333,3696,123.2,0.393504,matched
3032,101.066667,3697,123.233333,0.361209,matched
3033,101.1,3697,123.233333,0.328913,review
3034,101.133333,3698,123.266667,0.296618,review
3035,101.166667,3698,123.266667,0.264322,review
3036,101.2,3699,123.3,0.232027,review
3037,101.233333,3699,123.3,0.199731,review
3038,101.266667,3700,123.333333,0.167436,review
3039,101.3,3700,123.333333,0.13514,review
3040,101.333333,3701,123.366667,0.102845,review
3041,101.366667,3702,123.4,0.070549,review
3042,101.4,3702,123.4,0.038253,review
3043,101.433333,3704,123.466667,0.049828,review
3044,101.466667,3706,123.533333,0.061404,review
3045,101.5,3708,123.6,0.07298,review
3046,101.533333,3710,123.666667,0.084557,review
3047,101.566667,3712,123.733333,0.096133,review
3048,101.6,3714,123.8,0.107709,review
3049,101.633333,3715,123.833333,0.117012,review
3050,101.666667,3715,123.833333,0.126316,review
3051,101.7,3716,123.866667,0.135619,review
3052,101.733333,3716,123.866667,0.144922,review
3053,101.766667,3717,123.9,0.154225,review
3054,101.8,3717,123.9,0.163528,review
3055,101.833333,3718,123.933333,0.172831,review
3056,101.866667,3718,123.933333,0.182134,review
3057,101.9,3719,123.966667,0.191437,review
3058,101.933333,3719,123.966667,0.20074,review
3059,101.966667,3720,124.0,0.210043,review
3060,102.0,3720,124.0,0.219346,review
3061,102.033333,3722,124.066667,0.245223,review
3062,102.066667,3724,124.133333,0.271101,review
3063,102.1,3726,124.2,0.296978,review
3064,102.133333,3728,124.266667,0.322856,review
3065,102.166667,3730,124.333333,0.348733,review
3066,102.2,3732,124.4,0.374607,matched
3067,102.233333,3734,124.466667,0.360905,matched
3068,102.266667,3736,124.533333,0.347204,review
3069,102.3,3738,124.6,0.333503,review
3070,102.333333,3740,124.666667,0.319801,review
3071,102.366667,3742,124.733333,0.3061,review
3072,102.4,3744,124.8,0.292399,review
3073,102.433333,3745,124.833333,0.283046,review
3074,102.466667,3745,124.833333,0.273693,review
3075,102.5,3746,124.866667,0.26434,review
3076,102.533333,3746,124.866667,0.254987,review
3077,102.566667,3747,124.9,0.245634,review
3078,102.6,3747,124.9,0.236282,review
3079,102.633333,3748,124.933333,0.226929,review
3080,102.666667,3748,124.933333,0.217576,review
3081,102.7,3748,124.933333,0.208223,review
3082,102.733333,3749,124.966667,0.19887,review
3083,102.766667,3749,124.966667,0.189518,review
3084,102.8,3750,125.0,0.180165,review
3085,102.833333,3752,125.066667,0.150139,review
3086,102.866667,3754,125.133333,0.120111,review
3087,102.9,3756,125.2,0.090083,review
3088,102.933333,3758,125.266667,0.060056,review
3089,102.966667,3760,125.333333,0.030028,review
3090,103.0,3762,125.4,0.0,review
3091,103.033333,3764,125.466667,0.029142,review
3092,103.066667,3766,125.533333,0.058284,review
3093,103.1,3768,125.6,0.087425,review
3094,103.133333,3770,125.666667,0.116567,review
3095,103.166667,3772,125.733333,0.145709,review
3096,103.2,3774,125.8,0.174846,review
3097,103.233333,3776,125.866667,0.155574,review
3098,103.266667,3778,125.933333,0.136301,review
3099,103.3,3780,126.0,0.117029,review
3100,103.333333,3782,126.066667,0.097756,review
3101,103.366667,3784,126.133333,0.078483,review
3102,103.4,3786,126.2,0.059211,review
3103,103.433333,3786,126.2,0.064902,review
3104,103.466667,3787,126.233333,0.070594,review
3105,103.5,3787,126.233333,0.076287,review
3106,103.533333,3788,126.266667,0.081979,review
3107,103.566667,3788,126.266667,0.087671,review
3108,103.6,3789,126.3,0.093364,review
3109,103.633333,3789,126.3,0.099056,review
3110,103.666667,3790,126.333333,0.104748,review
3111,103.7,3790,126.333333,0.110441,review
3112,103.733333,3791,126.366667,0.116133,review
3113,103.766667,3791,126.366667,0.121825,review
3114,103.8,3792,126.4,0.127517,review
3115,103.833333,3794,126.466667,0.152948,review
3116,103.866667,3796,126.533333,0.178381,review
3117,103.9,3798,126.6,0.203814,review
3118,103.933333,3800,126.666667,0.229247,review
3119,103.966667,3802,126.733333,0.254679,review
3120,104.0,3804,126.8,0.280112,review
3121,104.033333,3806,126.866667,0.233426,review
3122,104.066667,3808,126.933333,0.18674,review
3123,104.1,3810,127.0,0.140054,review
3124,104.133333,3812,127.066667,0.093368,review
3125,104.166667,3814,127.133333,0.046682,review
3126,104.2,3816,127.2,0.0,review
3127,104.233333,3816,127.2,0.001919,review
3128,104.266667,3817,127.233333,0.003837,review
3129,104.3,3817,127.233333,0.005755,review
3130,104.333333,3818,127.266667,0.007674,review
3131,104.366667,3819,127.3,0.009592,review
3132,104.4,3819,127.3,0.011511,review
3133,104.433333,3820,127.333333,0.013429,review
3134,104.466667,3820,127.333333,0.015347,review
3135,104.5,3821,127.366667,0.017266,review
3136,104.533333,3821,127.366667,0.019184,review
3137,104.566667,3822,127.4,0.021103,review
3138,104.6,3822,127.4,0.023022,review
3139,104.633333,3823,127.433333,0.039504,review
3140,104.666667,3823,127.433333,0.055986,review
3141,104.7,3824,127.466667,0.072468,review
3142,104.733333,3824,127.466667,0.08895,review
3143,104.766667,3825,127.5,0.105432,review
3144,104.8,3825,127.5,0.121914,review
3145,104.833333,3826,127.533333,0.138396,review
3146,104.866667,3826,127.533333,0.154878,review
3147,104.9,3826,127.533333,0.17136,review
3148,104.933333,3827,127.566667,0.187842,review
3149,104.966667,3827,127.566667,0.204324,review
3150,105.0,3828,127.6,0.220806,review
3151,105.033333,3830,127.666667,0.225069,review
3152,105.066667,3832,127.733333,0.229332,review
3153,105.1,3834,127.8,0.233596,review
3154,105.133333,3836,127.866667,0.237859,review
3155,105.166667,3838,127.933333,0.242122,review
3156,105.2,3840,128.0,0.246385,review
3157,105.233333,3841,128.033333,0.242406,review
3158,105.266667,3841,128.033333,0.238428,review
3159,105.3,3842,128.066667,0.23445,review
3160,105.333333,3842,128.066667,0.230472,review
3161,105.366667,3842,128.066667,0.226494,review
3162,105.4,3843,128.1,0.222516,review
3163,105.433333,3843,128.1,0.218538,review
3164,105.466667,3844,128.133333,0.214559,review
3165,105.5,3844,128.133333,0.210581,review
3166,105.533333,3845,128.166667,0.206603,review
3167,105.566667,3845,128.166667,0.202625,review
3168,105.6,3846,128.2,0.198646,review
3169,105.633333,3848,128.266667,0.184181,review
3170,105.666667,3850,128.333333,0.169715,review
3171,105.7,3852,128.4,0.155249,review
3172,105.733333,3854,128.466667,0.140783,review
3173,105.766667,3856,128.533333,0.126317,review
3174,105.8,3858,128.6,0.111851,review
3175,105.833333,3859,128.633333,0.102543,review
3176,105.866667,3859,128.633333,0.093236,review
3177,105.9,3860,128.666667,0.083928,review
3178,105.933333,3860,128.666667,0.07462,review
3179,105.966667,3861,128.7,0.065313,review
3180,106.0,3861,128.7,0.056005,review
3181,106.033333,3862,128.733333,0.046697,review
3182,106.066667,3862,128.733333,0.03739,review
3183,106.1,3863,128.766667,0.028082,review
3184,106.133333,3863,128.766667,0.018774,review
3185,106.166667,3864,128.8,0.009467,review
3186,106.2,3864,128.8,0.000163,review
3187,106.233333,3866,128.866667,0.032219,review
3188,106.266667,3868,128.933333,0.064275,review
3189,106.3,3870,129.0,0.096331,review
3190,106.333333,3872,129.066667,0.128387,review
3191,106.366667,3874,129.133333,0.160443,review
3192,106.4,3876,129.2,0.192499,review
3193,106.433333,3878,129.266667,0.241105,review
3194,106.466667,3880,129.333333,0.289713,review
3195,106.5,3882,129.4,0.33832,review
3196,106.533333,3884,129.466667,0.386927,matched
3197,106.566667,3886,129.533333,0.435535,matched
3198,106.6,3888,129.6,0.484139,matched
3199,106.633333,3890,129.666667,0.462911,matched
3200,106.666667,3892,129.733333,0.441682,matched
3201,106.7,3894,129.8,0.420454,matched
3202,106.733333,3896,129.866667,0.399226,matched
3203,106.766667,3898,129.933333,0.377997,matched
3204,106.8,3900,130.0,0.356769,matched
3205,106.833333,3902,130.066667,0.29731,review
3206,106.866667,3904,130.133333,0.237848,review
3207,106.9,3906,130.2,0.178386,review
3208,106.933333,3908,130.266667,0.118924,review
3209,106.966667,3910,130.333333,0.059462,review
3210,107.0,3912,130.4,0.0,review
3211,107.033333,3914,130.466667,0.031966,review
3212,107.066667,3916,130.533333,0.063931,review
3213,107.1,3918,130.6,0.095897,review
3214,107.133333,3920,130.666667,0.127863,review
3215,107.166667,3922,130.733333,0.159828,review
3216,107.2,3924,130.8,0.191791,review
3217,107.233333,3926,130.866667,0.18795,review
3218,107.266667,3928,130.933333,0.18411,review
3219,107.3,3930,131.0,0.18027,review
3220,107.333333,3932,131.066667,0.17643,review
3221,107.366667,3934,131.133333,0.172589,review
3222,107.4,3936,131.2,0.168749,review
3223,107.433333,3938,131.266667,0.185842,review
3224,107.466667,3940,131.333333,0.202936,review
3225,107.5,3942,131.4,0.22003,review
3226,107.533333,3944,131.466667,0.237124,review
3227,107.566667,3946,131.533333,0.254218,review
3228,107.6,3948,131.6,0.271311,review
3229,107.633333,3950,131.666667,0.26907,review
3230,107.666667,3952,131.733333,0.266828,review
3231,107.7,3954,131.8,0.264587,review
3232,107.733333,3956,131.866667,0.262346,review
3233,107.766667,3958,131.933333,0.260104,review
3234,107.8,3960,132.0,0.257863,review
3235,107.833333,3962,132.066667,0.261028,review
3236,107.866667,3964,132.133333,0.264194,review
3237,107.9,3966,132.2,0.267359,review
3238,107.933333,3968,132.266667,0.270525,review
3239,107.966667,3970,132.333333,0.27369,review
3240,108.0,3972,132.4,0.276856,review
3241,108.033333,3974,132.466667,0.283408,review
3242,108.066667,3976,132.533333,0.289961,review
3243,108.1,3978,132.6,0.296513,review
3244,108.133333,3980,132.666667,0.303066,review
3245,108.166667,3982,132.733333,0.309618,review
3246,108.2,3984,132.8,0.316173,review
3247,108.233333,3986,132.866667,0.351195,matched
3248,108.266667,3988,132.933333,0.386217,matched
3249,108.3,3990,133.0,0.421238,matched
3250,108.333333,3992,133.066667,0.45626,matched
3251,108.366667,3994,133.133333,0.491282,matched
3252,108.4,3996,133.2,0.526303,matched
3253,108.433333,3998,133.266667,0.47211,matched
3254,108.466667,4000,133.333333,0.417913,matched
3255,108.5,4002,133.4,0.363716,matched
3256,108.533333,4004,133.466667,0.309518,review
3257,108.566667,4006,133.533333,0.255321,review
3258,108.6,4008,133.6,0.201126,review
3259,108.633333,4010,133.666667,0.191298,review
3260,108.666667,4012,133.733333,0.18147,review
3261,108.7,4014,133.8,0.171642,review
3262,108.733333,4016,133.866667,0.161814,review
3263,108.766667,4018,133.933333,0.151987,review
3264,108.8,4020,134.0,0.142159,review
3265,108.833333,4022,134.066667,0.153261,review
3266,108.866667,4024,134.133333,0.164366,review
3267,108.9,4026,134.2,0.17547,review
3268,108.933333,4028,134.266667,0.186574,review
3269,108.966667,4030,134.333333,0.197679,review
3270,109.0,4032,134.4,0.208783,review
3271,109.033333,4034,134.466667,0.226742,review
3272,109.066667,4036,134.533333,0.2447,review
3273,109.1,4038,134.6,0.262659,review
3274,109.133333,4040,134.666667,0.280617,review
3275,109.166667,4042,134.733333,0.298576,review
3276,109.2,4044,134.8,0.316529,review
3277,109.233333,4046,134.866667,0.26886,review
3278,109.266667,4048,134.933333,0.22119,review
3279,109.3,4050,135.0,0.173521,review
3280,109.333333,4052,135.066667,0.125852,review
3281,109.366667,4054,135.133333,0.078183,review
3282,109.4,4056,135.2,0.030514,review
3283,109.433333,4058,135.266667,0.060774,review
3284,109.466667,4060,135.333333,0.091037,review
3285,109.5,4062,135.4,0.1213,review
3286,109.533333,4064,135.466667,0.151562,review
3287,109.566667,4066,135.533333,0.181825,review
3288,109.6,4068,135.6,0.212085,review
3289,109.633333,4070,135.666667,0.176738,review
3290,109.666667,4072,135.733333,0.141391,review
3291,109.7,4074,135.8,0.106044,review
3292,109.733333,4076,135.866667,0.070697,review
3293,109.766667,4078,135.933333,0.03535,review
3294,109.8,4080,136.0,3e-06,review
3295,109.833333,4082,136.066667,0.036244,review
3296,109.866667,4084,136.133333,0.072492,review
3297,109.9,4086,136.2,0.108739,review
3298,109.933333,4088,136.266667,0.144987,review
3299,109.966667,4090,136.333333,0.181234,review
3300,110.0,4092,136.4,0.217482,review
3301,110.033333,4092,136.4,0.199359,review
3302,110.066667,4093,136.433333,0.181235,review
3303,110.1,4093,136.433333,0.163112,review
3304,110.133333,4094,136.466667,0.144988,review
3305,110.166667,4094,136.466667,0.126865,review
3306,110.2,4095,136.5,0.108741,review
3307,110.233333,4096,136.533333,0.090618,review
3308,110.266667,4096,136.533333,0.072495,review
3309,110.3,4097,136.566667,0.054371,review
3310,110.333333,4097,136.566667,0.036248,review
3311,110.366667,4098,136.6,0.018124,review
3312,110.4,4098,136.6,1e-06,review
3313,110.433333,4100,136.666667,0.037598,review
3314,110.466667,4102,136.733333,0.075198,review
3315,110.5,4104,136.8,0.112798,review
3316,110.533333,4106,136.866667,0.150399,review
3317,110.566667,4108,136.933333,0.187999,review
3318,110.6,4110,137.0,0.225597,review
3319,110.633333,4112,137.066667,0.218387,review
3320,110.666667,4114,137.133333,0.211178,review
3321,110.7,4116,137.2,0.203969,review
3322,110.733333,4118,137.266667,0.19676,review
3323,110.766667,4120,137.333333,0.189551,review
3324,110.8,4122,137.4,0.182342,review
3325,110.833333,4122,137.4,0.191305,review
3326,110.866667,4123,137.433333,0.200271,review
3327,110.9,4123,137.433333,0.209236,review
3328,110.933333,4124,137.466667,0.218201,review
3329,110.966667,4124,137.466667,0.227166,review
3330,111.0,4125,137.5,0.236131,review
3331,111.033333,4126,137.533333,0.245097,review
3332,111.066667,4126,137.533333,0.254062,review
3333,111.1,4127,137.566667,0.263027,review
3334,111.133333,4127,137.566667,0.271992,review
3335,111.166667,4128,137.6,0.280958,review
3336,111.2,4128,137.6,0.28992,review
3337,111.233333,4130,137.666667,0.272099,review
3338,111.266667,4132,137.733333,0.254278,review
3339,111.3,4134,137.8,0.236457,review
3340,111.333333,4136,137.866667,0.218635,review
3341,111.366667,4138,137.933333,0.200814,review
3342,111.4,4140,138.0,0.182993,review
3343,111.433333,4142,138.066667,0.184076,review
3344,111.466667,4144,138.133333,0.18516,review
3345,111.5,4146,138.2,0.186244,review
3346,111.533333,4148,138.266667,0.187329,review
3347,111.566667,4150,138.333333,0.188413,review
3348,111.6,4152,138.4,0.189496,review
3349,111.633333,4154,138.466667,0.15913,review
3350,111.666667,4156,138.533333,0.128764,review
3351,111.7,4158,138.6,0.098399,review
3352,111.733333,4160,138.666667,0.068033,review
3353,111.766667,4162,138.733333,0.037667,review
3354,111.8,4164,138.8,0.007302,review
3355,111.833333,4166,138.866667,0.006083,review
3356,111.866667,4168,138.933333,0.004866,review
3357,111.9,4170,139.0,0.00365,review
3358,111.933333,4172,139.066667,0.002433,review
3359,111.966667,4174,139.133333,0.001217,review
3360,112.0,4176,139.2,0.0,review
3361,112.033333,4178,139.266667,0.044157,review
3362,112.066667,4180,139.333333,0.088313,review
3363,112.1,4182,139.4,0.13247,review
3364,112.133333,4184,139.466667,0.176626,review
3365,112.166667,4186,139.533333,0.220783,review
3366,112.2,4188,139.6,0.264933,review
3367,112.233333,4190,139.666667,0.238119,review
3368,112.266667,4192,139.733333,0.211305,review
3369,112.3,4194,139.8,0.184491,review
3370,112.333333,4196,139.866667,0.157677,review
3371,112.366667,4198,139.933333,0.130863,review
3372,112.4,4200,140.0,0.104049,review
3373,112.433333,4202,140.066667,0.108092,review
3374,112.466667,4204,140.133333,0.112137,review
3375,112.5,4206,140.2,0.116181,review
3376,112.533333,4208,140.266667,0.120225,review
3377,112.566667,4210,140.333333,0.12427,review
3378,112.6,4212,140.4,0.128314,review
3379,112.633333,4214,140.466667,0.133465,review
3380,112.666667,4216,140.533333,0.138616,review
3381,112.7,4218,140.6,0.143766,review
3382,112.733333,4220,140.666667,0.148917,review
3383,112.766667,4222,140.733333,0.154068,review
3384,112.8,4224,140.8,0.159219,review
3385,112.833333,4226,140.866667,0.133701,review
3386,112.866667,4228,140.933333,0.108182,review
3387,112.9,4230,141.0,0.082662,review
3388,112.933333,4232,141.066667,0.057142,review
3389,112.966667,4234,141.133333,0.031622,review
3390,113.0,4236,141.2,0.006102,review
3391,113.033333,4236,141.2,0.020905,review
3392,113.066667,4237,141.233333,0.035707,review
3393,113.1,4237,141.233333,0.05051,review
3394,113.133333,4238,141.266667,0.065312,review
3395,113.166667,4238,141.266667,0.080115,review
3396,113.2,4239,141.3,0.094917,review
3397,113.233333,4239,141.3,0.10972,review
3398,113.266667,4240,141.333333,0.124522,review
3399,113.3,4240,141.333333,0.139325,review
3400,113.333333,4241,141.366667,0.154127,review
3401,113.366667,4241,141.366667,0.16893,review
3402,113.4,4242,141.4,0.183732,review
3403,113.433333,4244,141.466667,0.182917,review
3404,113.466667,4246,141.533333,0.1821,review
3405,113.5,4248,141.6,0.181284,review
3406,113.533333,4250,141.666667,0.180467,review
3407,113.566667,4252,141.733333,0.17965,review
3408,113.6,4254,141.8,0.178834,review
3409,113.633333,4255,141.833333,0.180927,review
3410,113.666667,4255,141.833333,0.18302,review
3411,113.7,4256,141.866667,0.185113,review
3412,113.733333,4256,141.866667,0.187206,review
3413,113.766667,4257,141.9,0.189299,review
3414,113.8,4257,141.9,0.191392,review
3415,113.833333,4258,141.933333,0.193484,review
3416,113.866667,4258,141.933333,0.195577,review
3417,113.9,4259,141.966667,0.19767,review
3418,113.933333,4259,141.966667,0.199763,review
3419,113.966667,4260,142.0,0.201856,review
3420,114.0,4260,142.0,0.203949,review
3421,114.033333,4260,142.0,0.220682,review
3422,114.066667,4261,142.033333,0.237415,review
3423,114.1,4261,142.033333,0.254148,review
3424,114.133333,4262,142.066667,0.270881,review
3425,114.166667,4262,142.066667,0.287615,review
3426,114.2,4263,142.1,0.304348,review
3427,114.233333,4263,142.1,0.321081,review
3428,114.266667,4264,142.133333,0.337814,review
3429,114.3,4264,142.133333,0.354547,matched
3430,114.333333,4265,142.166667,0.37128,matched
3431,114.366667,4265,142.166667,0.388013,matched
3432,114.4,4266,142.2,0.404746,matched
3433,114.433333,4268,142.266667,0.340226,review
3434,114.466667,4270,142.333333,0.275702,review
3435,114.5,4272,142.4,0.211178,review
3436,114.533333,4274,142.466667,0.146654,review
3437,114.566667,4276,142.533333,0.08213,review
3438,114.6,4278,142.6,0.017609,review
3439,114.633333,4279,142.633333,0.016142,review
3440,114.666667,4279,142.633333,0.014674,review
3441,114.7,4280,142.666667,0.013207,review
3442,114.733333,4280,142.666667,0.011739,review
3443,114.766667,4281,142.7,0.010272,review
3444,114.8,4281,142.7,0.008804,review
3445,114.833333,4282,142.733333,0.007337,review
3446,114.866667,4282,142.733333,0.00587,review
3447,114.9,4283,142.766667,0.004402,review
3448,114.933333,4283,142.766667,0.002935,review
3449,114.966667,4284,142.8,0.001467,review
3450,115.0,4284,142.8,0.0,review
3451,115.033333,4286,142.866667,0.012225,review
3452,115.066667,4288,142.933333,0.02445,review
3453,115.1,4290,143.0,0.036675,review
3454,115.133333,4292,143.066667,0.048899,review
3455,115.166667,4294,143.133333,0.061124,review
3456,115.2,4296,143.2,0.073347,review
3457,115.233333,4298,143.266667,0.061122,review
3458,115.266667,4300,143.333333,0.048898,review
3459,115.3,4302,143.4,0.036674,review
3460,115.333333,4304,143.466667,0.024449,review
3461,115.366667,4306,143.533333,0.012225,review
3462,115.4,4308,143.6,1e-06,review
3463,115.433333,4309,143.633333,0.0,review
3464,115.466667,4309,143.633333,0.0,review
3465,115.5,4310,143.666667,0.0,review
3466,115.533333,4310,143.666667,0.0,review
3467,115.566667,4311,143.7,0.0,review
3468,115.6,4311,143.7,0.0,review
3469,115.633333,4312,143.733333,0.0,review
3470,115.666667,4312,143.733333,0.0,review
3471,115.7,4313,143.766667,0.0,review
3472,115.733333,4313,143.766667,0.0,review
3473,115.766667,4314,143.8,0.0,review
3474,115.8,4314,143.8,0.0,review
3475,115.833333,4316,143.866667,0.006013,review
3476,115.866667,4318,143.933333,0.012027,review
3477,115.9,4320,144.0,0.01804,review
3478,115.933333,4322,144.066667,0.024054,review
3479,115.966667,4324,144.133333,0.030067,review
3480,116.0,4326,144.2,0.036081,review
3481,116.033333,4326,144.2,0.050426,review
3482,116.066667,4327,144.233333,0.064771,review
3483,116.1,4327,144.233333,0.079116,review
3484,116.133333,4328,144.266667,0.093461,review
3485,116.166667,4328,144.266667,0.107806,review
3486,116.2,4329,144.3,0.122151,review
3487,116.233333,4329,144.3,0.136496,review
3488,116.266667,4330,144.333333,0.150841,review
3489,116.3,4330,144.333333,0.165186,review
3490,116.333333,4331,144.366667,0.179531,review
3491,116.366667,4331,144.366667,0.193876,review
3492,116.4,4332,144.4,0.208221,review
3493,116.433333,4334,144.466667,0.200965,review
3494,116.466667,4336,144.533333,0.193708,review
3495,116.5,4338,144.6,0.186451,review
3496,116.533333,4340,144.666667,0.179194,review
3497,116.566667,4342,144.733333,0.171937,review
3498,116.6,4344,144.8,0.164679,review
3499,116.633333,4346,144.866667,0.137233,review
3500,116.666667,4348,144.933333,0.109787,review
3501,116.7,4350,145.0,0.082341,review
3502,116.733333,4352,145.066667,0.054895,review
3503,116.766667,4354,145.133333,0.027449,review
3504,116.8,4356,145.2,3e-06,review
3505,116.833333,4358,145.266667,0.024042,review
3506,116.866667,4360,145.333333,0.048086,review
3507,116.9,4362,145.4,0.07213,review
3508,116.933333,4364,145.466667,0.096174,review
3509,116.966667,4366,145.533333,0.120218,review
3510,117.0,4368,145.6,0.144262,review
3511,117.033333,4370,145.666667,0.120218,review
3512,117.066667,4372,145.733333,0.096174,review
3513,117.1,4374,145.8,0.07213,review
3514,117.133333,4376,145.866667,0.048086,review
3515,117.166667,4378,145.933333,0.024042,review
3516,117.2,4380,146.0,3e-06,review
3517,117.233333,4381,146.033333,0.029249,review
3518,117.266667,4381,146.033333,0.058496,review
3519,117.3,4382,146.066667,0.087743,review
3520,117.333333,4382,146.066667,0.116989,review
3521,117.366667,4382,146.066667,0.146236,review
3522,117.4,4383,146.1,0.175483,review
3523,117.433333,4383,146.1,0.204729,review
3524,117.466667,4384,146.133333,0.233976,review
3525,117.5,4384,146.133333,0.263222,review
3526,117.533333,4385,146.166667,0.292469,review
3527,117.566667,4385,146.166667,0.321716,review
3528,117.6,4386,146.2,0.350961,matched
3529,117.633333,4388,146.266667,0.343042,review
3530,117.666667,4390,146.333333,0.335123,review
3531,117.7,4392,146.4,0.327204,review
3532,117.733333,4394,146.466667,0.319285,review
3533,117.766667,4396,146.533333,0.311367,review
3534,117.8,4398,146.6,0.303448,review
3535,117.833333,4399,146.633333,0.296551,review
3536,117.866667,4399,146.633333,0.289655,review
3537,117.9,4400,146.666667,0.282758,review
3538,117.933333,4400,146.666667,0.275862,review
3539,117.966667,4401,146.7,0.268965,review
3540,118.0,4401,146.7,0.262069,review
3541,118.033333,4402,146.733333,0.255173,review
3542,118.066667,4402,146.733333,0.248276,review
3543,118.1,4403,146.766667,0.24138,review
3544,118.133333,4403,146.766667,0.234483,review
3545,118.166667,4404,146.8,0.227587,review
3546,118.2,4404,146.8,0.22069,review
3547,118.233333,4405,146.833333,0.20677,review
3548,118.266667,4405,146.833333,0.19285,review
3549,118.3,4406,146.866667,0.17893,review
3550,118.333333,4406,146.866667,0.16501,review
3551,118.366667,4407,146.9,0.15109,review
3552,118.4,4407,146.9,0.137171,review
3553,118.433333,4408,146.933333,0.123251,review
3554,118.466667,4408,146.933333,0.109331,review
3555,118.5,4409,146.966667,0.095411,review
3556,118.533333,4409,146.966667,0.081491,review
3557,118.566667,4410,147.0,0.067571,review
3558,118.6,4410,147.0,0.053652,review
3559,118.633333,4412,147.066667,0.058708,review
3560,118.666667,4414,147.133333,0.063763,review
3561,118.7,4416,147.2,0.068819,review
3562,118.733333,4418,147.266667,0.073874,review
3563,118.766667,4420,147.333333,0.07893,review
3564,118.8,4422,147.4,0.083986,review
3565,118.833333,4424,147.466667,0.114647,review
3566,118.866667,4426,147.533333,0.145312,review
3567,118.9,4428,147.6,0.175976,review
3568,118.933333,4430,147.666667,0.20664,review
3569,118.966667,4432,147.733333,0.237305,review
3570,119.0,4434,147.8,0.267969,review
3571,119.033333,4436,147.866667,0.269653,review
3572,119.066667,4438,147.933333,0.271337,review
3573,119.1,4440,148.0,0.273022,review
3574,119.133333,4442,148.066667,0.274706,review
3575,119.166667,4444,148.133333,0.27639,review
3576,119.2,4446,148.2,0.278071,review
3577,119.233333,4448,148.266667,0.244154,review
3578,119.266667,4450,148.333333,0.210236,review
3579,119.3,4452,148.4,0.176319,review
3580,119.333333,4454,148.466667,0.142401,review
3581,119.366667,4456,148.533333,0.108484,review
3582,119.4,4458,148.6,0.074567,review
3583,119.433333,4460,148.666667,0.073673,review
3584,119.466667,4462,148.733333,0.07278,review
3585,119.5,4464,148.8,0.071888,review
3586,119.533333,4466,148.866667,0.070995,review
3587,119.566667,4468,148.933333,0.070102,review
3588,119.6,4470,149.0,0.06921,review
3589,119.633333,4471,149.033333,0.069924,review
3590,119.666667,4471,149.033333,0.070637,review
3591,119.7,4471,149.033333,0.071351,review
3592,119.733333,4472,149.066667,0.072064,review
3593,119.766667,4472,149.066667,0.072778,review
3594,119.8,4473,149.1,0.073492,review
3595,119.833333,4473,149.1,0.074205,review
3596,119.866667,4474,149.133333,0.074919,review
3597,119.9,4474,149.133333,0.075632,review
3598,119.933333,4475,149.166667,0.076346,review
3599,119.966667,4475,149.166667,0.077059,review
3600,120.0,4476,149.2,0.077773,review
3601,120.033333,4476,149.2,0.075508,review
3602,120.066667,4477,149.233333,0.073243,review
3603,120.1,4477,149.233333,0.070978,review
3604,120.133333,4478,149.266667,0.068713,review
3605,120.166667,4478,149.266667,0.066448,review
3606,120.2,4479,149.3,0.064183,review
3607,120.233333,4479,149.3,0.061918,review
3608,120.266667,4480,149.333333,0.059653,review
3609,120.3,4480,149.333333,0.057388,review
3610,120.333333,4481,149.366667,0.055123,review
3611,120.366667,4481,149.366667,0.052858,review
3612,120.4,4482,149.4,0.050593,review
3613,120.433333,4484,149.466667,0.048723,review
3614,120.466667,4486,149.533333,0.046853,review
3615,120.5,4488,149.6,0.044984,review
3616,120.533333,4490,149.666667,0.043114,review
3617,120.566667,4492,149.733333,0.041244,review
3618,120.6,4494,149.8,0.039374,review
3619,120.633333,4496,149.866667,0.032812,review
3620,120.666667,4498,149.933333,0.026249,review
3621,120.7,4500,150.0,0.019687,review
3622,120.733333,4502,150.066667,0.013125,review
3623,120.766667,4504,150.133333,0.006563,review
3624,120.8,4506,150.2,1e-06,review
3625,120.833333,4508,150.266667,0.020314,review
3626,120.866667,4510,150.333333,0.04063,review
3627,120.9,4512,150.4,0.060946,review
3628,120.933333,4514,150.466667,0.081262,review
3629,120.966667,4516,150.533333,0.101578,review
3630,121.0,4518,150.6,0.121894,review
3631,121.033333,4519,150.633333,0.120755,review
3632,121.066667,4519,150.633333,0.119616,review
3633,121.1,4520,150.666667,0.118477,review
3634,121.133333,4520,150.666667,0.117338,review
3635,121.166667,4521,150.7,0.116199,review
3636,121.2,4521,150.7,0.115061,review
3637,121.233333,4522,150.733333,0.113922,review
3638,121.266667,4522,150.733333,0.112783,review
3639,121.3,4523,150.766667,0.111644,review
3640,121.333333,4523,150.766667,0.110505,review
3641,121.366667,4524,150.8,0.109366,review
3642,121.4,4524,150.8,0.108227,review
3643,121.433333,4526,150.866667,0.101979,review
3644,121.466667,4528,150.933333,0.09573,review
3645,121.5,4530,151.0,0.089481,review
3646,121.533333,4532,151.066667,0.083233,review
3647,121.566667,4534,151.133333,0.076984,review
3648,121.6,4536,151.2,0.070736,review
3649,121.633333,4536,151.2,0.064841,review
3650,121.666667,4537,151.233333,0.058946,review
3651,121.7,4537,151.233333,0.053052,review
3652,121.733333,4538,151.266667,0.047157,review
3653,121.766667,4538,151.266667,0.041263,review
3654,121.8,4539,151.3,0.035368,review
3655,121.833333,4539,151.3,0.029473,review
3656,121.866667,4540,151.333333,0.023579,review
3657,121.9,4540,151.333333,0.017684,review
3658,121.933333,4541,151.366667,0.011789,review
3659,121.966667,4541,151.366667,0.005895,review
3660,122.0,4542,151.4,0.0,review
3661,122.033333,4544,151.466667,0.052305,review
3662,122.066667,4546,151.533333,0.104611,review
3663,122.1,4548,151.6,0.156916,review
3664,122.133333,4550,151.666667,0.209222,review
3665,122.166667,4552,151.733333,0.261527,review
3666,122.2,4554,151.8,0.313828,review
3667,122.233333,4555,151.833333,0.318016,review
3668,122.266667,4555,151.833333,0.322203,review
3669,122.3,4556,151.866667,0.32639,review
3670,122.333333,4556,151.866667,0.330577,review
3671,122.366667,4557,151.9,0.334765,review
3672,122.4,4557,151.9,0.338952,review
3673,122.433333,4558,151.933333,0.343139,review
3674,122.466667,4558,151.933333,0.347326,review
3675,122.5,4559,151.966667,0.351513,matched
3676,122.533333,4559,151.966667,0.355701,matched
3677,122.566667,4560,152.0,0.359888,matched
3678,122.6,4560,152.0,0.364074,matched
3679,122.633333,4561,152.033333,0.351184,matched
3680,122.666667,4561,152.033333,0.338293,review
3681,122.7,4561,152.033333,0.325403,review
3682,122.733333,4562,152.066667,0.312512,review
3683,122.766667,4562,152.066667,0.299622,review
3684,122.8,4563,152.1,0.286731,review
3685,122.833333,4563,152.1,0.273841,review
3686,122.866667,4564,152.133333,0.26095,review
3687,122.9,4564,152.133333,0.24806,review
3688,122.933333,4565,152.166667,0.235169,review
3689,122.966667,4565,152.166667,0.222279,review
3690,123.0,4566,152.2,0.209388,review
3691,123.033333,4566,152.2,0.2057,review
3692,123.066667,4567,152.233333,0.202012,review
3693,123.1,4567,152.233333,0.198324,review
3694,123.133333,4568,152.266667,0.194635,review
3695,123.166667,4568,152.266667,0.190947,review
3696,123.2,4569,152.3,0.187259,review
3697,123.233333,4569,152.3,0.183571,review
3698,123.266667,4570,152.333333,0.179883,review
3699,123.3,4570,152.333333,0.176195,review
3700,123.333333,4571,152.366667,0.172506,review
3701,123.366667,4571,152.366667,0.168818,review
3702,123.4,4572,152.4,0.16513,review
3703,123.433333,4572,152.4,0.160689,review
3704,123.466667,4573,152.433333,0.156248,review
3705,123.5,4573,152.433333,0.151807,review
3706,123.533333,4574,152.466667,0.147366,review
3707,123.566667,4574,152.466667,0.142925,review
3708,123.6,4575,152.5,0.138484,review
3709,123.633333,4575,152.5,0.134043,review
3710,123.666667,4576,152.533333,0.129602,review
3711,123.7,4577,152.566667,0.125161,review
3712,123.733333,4577,152.566667,0.12072,review
3713,123.766667,4578,152.6,0.116279,review
3714,123.8,4578,152.6,0.111838,review
3715,123.833333,4580,152.666667,0.112192,review
3716,123.866667,4582,152.733333,0.112546,review
3717,123.9,4584,152.8,0.112899,review
3718,123.933333,4586,152.866667,0.113253,review
3719,123.966667,4588,152.933333,0.113607,review
3720,124.0,4590,153.0,0.113961,review
3721,124.033333,4590,153.0,0.113095,review
3722,124.066667,4591,153.033333,0.112229,review
3723,124.1,4591,153.033333,0.111363,review
3724,124.133333,4592,153.066667,0.110497,review
3725,124.166667,4592,153.066667,0.109631,review
3726,124.2,4593,153.1,0.108766,review
3727,124.233333,4593,153.1,0.1079,review
3728,124.266667,4594,153.133333,0.107034,review
3729,124.3,4594,153.133333,0.106168,review
3730,124.333333,4595,153.166667,0.105302,review
3731,124.366667,4595,153.166667,0.104436,review
3732,124.4,4596,153.2,0.10357,review
3733,124.433333,4596,153.2,0.106864,review
3734,124.466667,4597,153.233333,0.110157,review
3735,124.5,4597,153.233333,0.113451,review
3736,124.533333,4598,153.266667,0.116744,review
3737,124.566667,4598,153.266667,0.120038,review
3738,124.6,4599,153.3,0.123332,review
3739,124.633333,4599,153.3,0.126625,review
3740,124.666667,4600,153.333333,0.129919,review
3741,124.7,4600,153.333333,0.133213,review
3742,124.733333,4601,153.366667,0.136506,review
3743,124.766667,4601,153.366667,0.1398,review
3744,124.8,4602,153.4,0.143094,review
3745,124.833333,4604,153.466667,0.15829,review
3746,124.866667,4606,153.533333,0.173488,review
3747,124.9,4608,153.6,0.188685,review
3748,124.933333,4610,153.666667,0.203883,review
3749,124.966667,4612,153.733333,0.21908,review
3750,125.0,4614,153.8,0.234278,review
3751,125.033333,4615,153.833333,0.243977,review
3752,125.066667,4615,153.833333,0.253677,review
3753,125.1,4616,153.866667,0.263376,review
3754,125.133333,4616,153.866667,0.273075,review
3755,125.166667,4617,153.9,0.282774,review
3756,125.2,4617,153.9,0.292474,review
3757,125.233333,4618,153.933333,0.302173,review
3758,125.266667,4618,153.933333,0.311872,review
3759,125.3,4619,153.966667,0.321572,review
3760,125.333333,4619,153.966667,0.331271,review
3761,125.366667,4619,153.966667,0.34097,review
3762,125.4,4620,154.0,0.35067,matched
3763,125.433333,4620,154.0,0.339123,review
3764,125.466667,4621,154.033333,0.327575,review
3765,125.5,4621,154.033333,0.316027,review
3766,125.533333,4622,154.066667,0.304479,review
3767,125.566667,4622,154.066667,0.292931,review
3768,125.6,4623,154.1,0.281383,review
3769,125.633333,4623,154.1,0.269835,review
3770,125.666667,4624,154.133333,0.258287,review
3771,125.7,4624,154.133333,0.246739,review
3772,125.733333,4625,154.166667,0.235191,review
3773,125.766667,4625,154.166667,0.223643,review
3774,125.8,4626,154.2,0.212095,review
3775,125.833333,4626,154.2,0.220214,review
3776,125.866667,4627,154.233333,0.228335,review
3777,125.9,4627,154.233333,0.236456,review
3778,125.933333,4628,154.266667,0.244577,review
3779,125.966667,4628,154.266667,0.252698,review
3780,126.0,4629,154.3,0.260819,review
3781,126.033333,4629,154.3,0.268939,review
3782,126.066667,4630,154.333333,0.27706,review
3783,126.1,4630,154.333333,0.285181,review
3784,126.133333,4631,154.366667,0.293302,review
3785,126.166667,4631,154.366667,0.301423,review
3786,126.2,4632,154.4,0.309542,review
3787,126.233333,4632,154.4,0.298591,review
3788,126.266667,4633,154.433333,0.28764,review
3789,126.3,4633,154.433333,0.276689,review
3790,126.333333,4634,154.466667,0.265738,review
3791,126.366667,4635,154.5,0.254787,review
3792,126.4,4635,154.5,0.243836,review
3793,126.433333,4636,154.533333,0.232885,review
3794,126.466667,4636,154.533333,0.221934,review
3795,126.5,4637,154.566667,0.210983,review
3796,126.533333,4637,154.566667,0.200032,review
3797,126.566667,4638,154.6,0.189081,review
3798,126.6,4638,154.6,0.178132,review
3799,126.633333,4640,154.666667,0.201319,review
3800,126.666667,4642,154.733333,0.224506,review
3801,126.7,4644,154.8,0.247693,review
3802,126.733333,4646,154.866667,0.27088,review
3803,126.766667,4648,154.933333,0.294067,review
3804,126.8,4650,155.0,0.317254,review
3805,126.833333,4650,155.0,0.307743,review
3806,126.866667,4651,155.033333,0.29823,review
3807,126.9,4651,155.033333,0.288717,review
3808,126.933333,4652,155.066667,0.279203,review
3809,126.966667,4652,155.066667,0.26969,review
3810,127.0,4653,155.1,0.260177,review
3811,127.033333,4653,155.1,0.250663,review
3812,127.066667,4654,155.133333,0.24115,review
3813,127.1,4654,155.133333,0.231636,review
3814,127.133333,4655,155.166667,0.222123,review
3815,127.166667,4655,155.166667,0.21261,review
3816,127.2,4656,155.2,0.203097,review
3817,127.233333,4656,155.2,0.205067,review
3818,127.266667,4657,155.233333,0.207037,review
3819,127.3,4657,155.233333,0.209007,review
3820,127.333333,4658,155.266667,0.210977,review
3821,127.366667,4658,155.266667,0.212948,review
3822,127.4,4659,155.3,0.214918,review
3823,127.433333,4659,155.3,0.216888,review
3824,127.466667,4660,155.333333,0.218858,review
3825,127.5,4660,155.333333,0.220828,review
3826,127.533333,4661,155.366667,0.222798,review
3827,127.566667,4661,155.366667,0.224768,review
3828,127.6,4662,155.4,0.226739,review
3829,127.633333,4662,155.4,0.239601,review
3830,127.666667,4663,155.433333,0.252464,review
3831,127.7,4663,155.433333,0.265327,review
3832,127.733333,4664,155.466667,0.27819,review
3833,127.766667,4664,155.466667,0.291053,review
3834,127.8,4665,155.5,0.303915,review
3835,127.833333,4666,155.533333,0.316778,review
3836,127.866667,4666,155.533333,0.329641,review
3837,127.9,4667,155.566667,0.342504,review
3838,127.933333,4667,155.566667,0.355366,matched
3839,127.966667,4668,155.6,0.368229,matched
3840,128.0,4668,155.6,0.381092,matched
3841,128.033333,4669,155.633333,0.356821,matched
3842,128.066667,4669,155.633333,0.33255,review
3843,128.1,4670,155.666667,0.308278,review
3844,128.133333,4670,155.666667,0.284007,review
3845,128.166667,4671,155.7,0.259736,review
3846,128.2,4671,155.7,0.235465,review
3847,128.233333,4672,155.733333,0.211194,review
3848,128.266667,4672,155.733333,0.186922,review
3849,128.3,4673,155.766667,0.162651,review
3850,128.333333,4673,155.766667,0.13838,review
3851,128.366667,4674,155.8,0.114109,review
3852,128.4,4674,155.8,0.089846,review
3853,128.433333,4675,155.833333,0.113374,review
3854,128.466667,4675,155.833333,0.136902,review
3855,128.5,4676,155.866667,0.16043,review
3856,128.533333,4676,155.866667,0.183958,review
3857,128.566667,4677,155.9,0.207486,review
3858,128.6,4677,155.9,0.231014,review
3859,128.633333,4678,155.933333,0.254541,review
3860,128.666667,4678,155.933333,0.278069,review
3861,128.7,4679,155.966667,0.301597,review
3862,128.733333,4679,155.966667,0.325125,review
3863,128.766667,4679,155.966667,0.348653,review
3864,128.8,4680,156.0,0.372181,matched
3865,128.833333,4682,156.066667,0.369657,matched
3866,128.866667,4684,156.133333,0.367131,matched
3867,128.9,4686,156.2,0.364606,matched
3868,128.933333,4688,156.266667,0.36208,matched
3869,128.966667,4690,156.333333,0.359554,matched
3870,129.0,4692,156.4,0.357028,matched
3871,129.033333,4692,156.4,0.338133,review
3872,129.066667,4693,156.433333,0.319237,review
3873,129.1,4693,156.433333,0.300342,review
3874,129.133333,4694,156.466667,0.281447,review
3875,129.166667,4695,156.5,0.262552,review
3876,129.2,4695,156.5,0.243656,review
3877,129.233333,4696,156.533333,0.224761,review
3878,129.266667,4696,156.533333,0.205866,review
3879,129.3,4697,156.566667,0.18697,review
3880,129.333333,4697,156.566667,0.168075,review
3881,129.366667,4698,156.6,0.14918,review
3882,129.4,4698,156.6,0.130289,review
3883,129.433333,4699,156.633333,0.138179,review
3884,129.466667,4699,156.633333,0.146068,review
3885,129.5,4700,156.666667,0.153958,review
3886,129.533333,4700,156.666667,0.161847,review
3887,129.566667,4701,156.7,0.169736,review
3888,129.6,4701,156.7,0.177626,review
3889,129.633333,4702,156.733333,0.185515,review
3890,129.666667,4702,156.733333,0.193405,review
3891,129.7,4703,156.766667,0.201294,review
3892,129.733333,4703,156.766667,0.209183,review
3893,129.766667,4704,156.8,0.217073,review
3894,129.8,4704,156.8,0.224962,review
3895,129.833333,4706,156.866667,0.220506,review
3896,129.866667,4708,156.933333,0.216049,review
3897,129.9,4710,157.0,0.211592,review
3898,129.933333,4712,157.066667,0.207134,review
3899,129.966667,4714,157.133333,0.202677,review
3900,130.0,4716,157.2,0.19822,review
3901,130.033333,4716,157.2,0.191886,review
3902,130.066667,4717,157.233333,0.185552,review
3903,130.1,4717,157.233333,0.179219,review
3904,130.133333,4718,157.266667,0.172885,review
3905,130.166667,4718,157.266667,0.166551,review
3906,130.2,4719,157.3,0.160217,review
3907,130.233333,4719,157.3,0.153884,review
3908,130.266667,4720,157.333333,0.14755,review
3909,130.3,4720,157.333333,0.141216,review
3910,130.333333,4721,157.366667,0.134882,review
3911,130.366667,4721,157.366667,0.128549,review
3912,130.4,4722,157.4,0.122217,review
3913,130.433333,4722,157.4,0.128255,review
3914,130.466667,4723,157.433333,0.134293,review
3915,130.5,4723,157.433333,0.140331,review
3916,130.533333,4724,157.466667,0.146369,review
3917,130.566667,4725,157.5,0.152407,review
3918,130.6,4725,157.5,0.158445,review
3919,130.633333,4726,157.533333,0.164483,review
3920,130.666667,4726,157.533333,0.170521,review
3921,130.7,4727,157.566667,0.176559,review
3922,130.733333,4727,157.566667,0.182597,review
3923,130.766667,4728,157.6,0.188635,review
3924,130.8,4728,157.6,0.194672,review
3925,130.833333,4729,157.633333,0.190038,review
3926,130.866667,4729,157.633333,0.185403,review
3927,130.9,4730,157.666667,0.180768,review
3928,130.933333,4730,157.666667,0.176133,review
3929,130.966667,4731,157.7,0.171498,review
3930,131.0,4731,157.7,0.166864,review
3931,131.033333,4732,157.733333,0.162229,review
3932,131.066667,4732,157.733333,0.157594,review
3933,131.1,4733,157.766667,0.152959,review
3934,131.133333,4733,157.766667,0.148324,review
3935,131.166667,4734,157.8,0.143689,review
3936,131.2,4734,157.8,0.139053,review
3937,131.233333,4736,157.866667,0.12711,review
3938,131.266667,4738,157.933333,0.115167,review
3939,131.3,4740,158.0,0.103223,review
3940,131.333333,4742,158.066667,0.09128,review
3941,131.366667,4744,158.133333,0.079337,review
3942,131.4,4746,158.2,0.067396,review
3943,131.433333,4748,158.266667,0.067749,review
3944,131.466667,4750,158.333333,0.068101,review
3945,131.5,4752,158.4,0.068453,review
3946,131.533333,4754,158.466667,0.068806,review
3947,131.566667,4756,158.533333,0.069158,review
3948,131.6,4758,158.6,0.069511,review
3949,131.633333,4759,158.633333,0.086128,review
3950,131.666667,4759,158.633333,0.102748,review
3951,131.7,4760,158.666667,0.119368,review
3952,131.733333,4760,158.666667,0.135988,review
3953,131.766667,4761,158.7,0.152608,review
3954,131.8,4761,158.7,0.169228,review
3955,131.833333,4762,158.733333,0.185849,review
3956,131.866667,4762,158.733333,0.202469,review
3957,131.9,4763,158.766667,0.219089,review
3958,131.933333,4763,158.766667,0.235709,review
3959,131.966667,4764,158.8,0.252329,review
3960,132.0,4764,158.8,0.268949,review
3961,132.033333,4766,158.866667,0.22809,review
3962,132.066667,4768,158.933333,0.187231,review
3963,132.1,4770,159.0,0.146372,review
3964,132.133333,4772,159.066667,0.105513,review
3965,132.166667,4774,159.133333,0.064654,review
3966,132.2,4776,159.2,0.023801,review
3967,132.233333,4778,159.266667,0.047267,review
3968,132.266667,4780,159.333333,0.070733,review
3969,132.3,4782,159.4,0.094199,review
3970,132.333333,4784,159.466667,0.117665,review
3971,132.366667,4786,159.533333,0.14113,review
3972,132.4,4788,159.6,0.164593,review
3973,132.433333,4790,159.666667,0.170693,review
3974,132.466667,4792,159.733333,0.176793,review
3975,132.5,4794,159.8,0.182893,review
3976,132.533333,4796,159.866667,0.188992,review
3977,132.566667,4798,159.933333,0.195092,review
3978,132.6,4800,160.0,0.201192,review
3979,132.633333,4802,160.066667,0.194032,review
3980,132.666667,4804,160.133333,0.18687,review
3981,132.7,4806,160.2,0.179708,review
3982,132.733333,4808,160.266667,0.172546,review
3983,132.766667,4810,160.333333,0.165384,review
3984,132.8,4812,160.4,0.158222,review
3985,132.833333,4812,160.4,0.156315,review
3986,132.866667,4813,160.433333,0.154409,review
3987,132.9,4813,160.433333,0.152502,review
3988,132.933333,4814,160.466667,0.150596,review
3989,132.966667,4814,160.466667,0.14869,review
3990,133.0,4815,160.5,0.146784,review
3991,133.033333,4816,160.533333,0.144877,review
3992,133.066667,4816,160.533333,0.142971,review
3993,133.1,4817,160.566667,0.141065,review
3994,133.133333,4817,160.566667,0.139158,review
3995,133.166667,4818,160.6,0.137252,review
3996,133.2,4818,160.6,0.135346,review
3997,133.233333,4819,160.633333,0.136624,review
3998,133.266667,4819,160.633333,0.137902,review
3999,133.3,4820,160.666667,0.139181,review
4000,133.333333,4820,160.666667,0.140459,review
4001,133.366667,4821,160.7,0.141737,review
4002,133.4,4821,160.7,0.143015,review
4003,133.433333,4822,160.733333,0.144293,review
4004,133.466667,4822,160.733333,0.145571,review
4005,133.5,4823,160.766667,0.146849,review
4006,133.533333,4823,160.766667,0.148127,review
4007,133.566667,4824,160.8,0.149406,review
4008,133.6,4824,160.8,0.150684,review
4009,133.633333,4826,160.866667,0.16795,review
4010,133.666667,4828,160.933333,0.185219,review
4011,133.7,4830,161.0,0.202488,review
4012,133.733333,4832,161.066667,0.219757,review
4013,133.766667,4834,161.133333,0.237026,review
4014,133.8,4836,161.2,0.254295,review
4015,133.833333,4838,161.266667,0.215449,review
4016,133.866667,4840,161.333333,0.176597,review
4017,133.9,4842,161.4,0.137746,review
4018,133.933333,4844,161.466667,0.098894,review
4019,133.966667,4846,161.533333,0.060043,review
4020,134.0,4848,161.6,0.021191,review
4021,134.033333,4850,161.666667,0.056214,review
4022,134.066667,4852,161.733333,0.091237,review
4023,134.1,4854,161.8,0.12626,review
4024,134.133333,4856,161.866667,0.161283,review
4025,134.166667,4858,161.933333,0.196306,review
4026,134.2,4860,162.0,0.231325,review
4027,134.233333,4861,162.033333,0.218174,review
4028,134.266667,4861,162.033333,0.205022,review
4029,134.3,4861,162.033333,0.191871,review
4030,134.333333,4862,162.066667,0.17872,review
4031,134.366667,4862,162.066667,0.165569,review
4032,134.4,4863,162.1,0.152418,review
4033,134.433333,4863,162.1,0.139266,review
4034,134.466667,4864,162.133333,0.126115,review
4035,134.5,4864,162.133333,0.112964,review
4036,134.533333,4865,162.166667,0.099813,review
4037,134.566667,4865,162.166667,0.086662,review
4038,134.6,4866,162.2,0.07351,review
4039,134.633333,4866,162.2,0.083809,review
4040,134.666667,4867,162.233333,0.094112,review
4041,134.7,4867,162.233333,0.104415,review
4042,134.733333,4868,162.266667,0.114718,review
4043,134.766667,4868,162.266667,0.125021,review
4044,134.8,4869,162.3,0.135325,review
4045,134.833333,4869,162.3,0.145628,review
4046,134.866667,4870,162.333333,0.155931,review
4047,134.9,4870,162.333333,0.166234,review
4048,134.933333,4871,162.366667,0.176537,review
4049,134.966667,4871,162.366667,0.18684,review
4050,135.0,4872,162.4,0.197143,review
4051,135.033333,4874,162.466667,0.192647,review
4052,135.066667,4876,162.533333,0.188151,review
4053,135.1,4878,162.6,0.183655,review
4054,135.133333,4880,162.666667,0.179159,review
4055,135.166667,4882,162.733333,0.174663,review
4056,135.2,4884,162.8,0.17017,review
4057,135.233333,4886,162.866667,0.199383,review
4058,135.266667,4888,162.933333,0.228597,review
4059,135.3,4890,163.0,0.257811,review
4060,135.333333,4892,163.066667,0.287025,review
4061,135.366667,4894,163.133333,0.316239,review
4062,135.4,4896,163.2,0.345448,review
4063,135.433333,4898,163.266667,0.352739,matched
4064,135.466667,4900,163.333333,0.36003,matched
4065,135.5,4902,163.4,0.367321,matched
4066,135.533333,4904,163.466667,0.374612,matched
4067,135.566667,4906,163.533333,0.381903,matched
4068,135.6,4908,163.6,0.389194,matched
4069,135.633333,4910,163.666667,0.370552,matched
4070,135.666667,4912,163.733333,0.351906,matched
4071,135.7,4914,163.8,0.333259,review
4072,135.733333,4916,163.866667,0.314613,review
4073,135.766667,4918,163.933333,0.295966,review
4074,135.8,4920,164.0,0.27732,review
4075,135.833333,4922,164.066667,0.282047,review
4076,135.866667,4924,164.133333,0.286776,review
4077,135.9,4926,164.2,0.291505,review
4078,135.933333,4928,164.266667,0.296234,review
4079,135.966667,4930,164.333333,0.300963,review
4080,136.0,4932,164.4,0.305692,review
4081,136.033333,4934,164.466667,0.306986,review
4082,136.066667,4936,164.533333,0.30828,review
4083,136.1,4938,164.6,0.309575,review
4084,136.133333,4940,164.666667,0.310869,review
4085,136.166667,4942,164.733333,0.312163,review
4086,136.2,4944,164.8,0.313454,review
4087,136.233333,4946,164.866667,0.275116,review
4088,136.266667,4948,164.933333,0.236778,review
4089,136.3,4950,165.0,0.19844,review
4090,136.333333,4952,165.066667,0.160102,review
4091,136.366667,4954,165.133333,0.121765,review
4092,136.4,4956,165.2,0.083441,review
4093,136.433333,4958,165.266667,0.12236,review
4094,136.466667,4960,165.333333,0.161279,review
4095,136.5,4962,165.4,0.200197,review
4096,136.533333,4964,165.466667,0.239116,review
4097,136.566667,4966,165.533333,0.278035,review
4098,136.6,4968,165.6,0.316954,review
4099,136.633333,4970,165.666667,0.299808,review
4100,136.666667,4972,165.733333,0.282652,review
4101,136.7,4974,165.8,0.265496,review
4102,136.733333,4976,165.866667,0.24834,review
4103,136.766667,4978,165.933333,0.231184,review
4104,136.8,4980,166.0,0.214029,review
4105,136.833333,4982,166.066667,0.182932,review
4106,136.866667,4984,166.133333,0.151834,review
4107,136.9,4986,166.2,0.120736,review
4108,136.933333,4988,166.266667,0.089639,review
4109,136.966667,4990,166.333333,0.058541,review
4110,137.0,4992,166.4,0.027443,review
4111,137.033333,4994,166.466667,0.0632,review
4112,137.066667,4996,166.533333,0.098956,review
4113,137.1,4998,166.6,0.134713,review
4114,137.133333,5000,166.666667,0.170469,review
4115,137.166667,5002,166.733333,0.206226,review
4116,137.2,5004,166.8,0.241978,review
4117,137.233333,5006,166.866667,0.226836,review
4118,137.266667,5008,166.933333,0.211694,review
4119,137.3,5010,167.0,0.196552,review
4120,137.333333,5012,167.066667,0.181411,review
4121,137.366667,5014,167.133333,0.166269,review
4122,137.4,5016,167.2,0.151131,review
4123,137.433333,5016,167.2,0.15851,review
4124,137.466667,5017,167.233333,0.165888,review
4125,137.5,5017,167.233333,0.173266,review
4126,137.533333,5018,167.266667,0.180644,review
4127,137.566667,5018,167.266667,0.188022,review
4128,137.6,5019,167.3,0.1954,review
4129,137.633333,5019,167.3,0.202779,review
4130,137.666667,5020,167.333333,0.210157,review
4131,137.7,5020,167.333333,0.217535,review
4132,137.733333,5021,167.366667,0.224913,review
4133,137.766667,5021,167.366667,0.232291,review
4134,137.8,5022,167.4,0.239669,review
4135,137.833333,5024,167.466667,0.241786,review
4136,137.866667,5026,167.533333,0.243901,review
4137,137.9,5028,167.6,0.246017,review
4138,137.933333,5030,167.666667,0.248133,review
4139,137.966667,5032,167.733333,0.250248,review
4140,138.0,5034,167.8,0.252364,review
4141,138.033333,5035,167.833333,0.24419,review
4142,138.066667,5035,167.833333,0.236016,review
4143,138.1,5036,167.866667,0.227842,review
4144,138.133333,5036,167.866667,0.219668,review
4145,138.166667,5037,167.9,0.211493,review
4146,138.2,5037,167.9,0.203319,review
4147,138.233333,5038,167.933333,0.195145,review
4148,138.266667,5038,167.933333,0.186971,review
4149,138.3,5039,167.966667,0.178797,review
4150,138.333333,5039,167.966667,0.170623,review
4151,138.366667,5040,168.0,0.162449,review
4152,138.4,5040,168.0,0.154279,review
4153,138.433333,5042,168.066667,0.169431,review
4154,138.466667,5044,168.133333,0.184583,review
4155,138.5,5046,168.2,0.199735,review
4156,138.533333,5048,168.266667,0.214886,review
4157,138.566667,5050,168.333333,0.230038,review
4158,138.6,5052,168.4,0.24519,review
4159,138.633333,5054,168.466667,0.225528,review
4160,138.666667,5056,168.533333,0.205859,review
4161,138.7,5058,168.6,0.18619,review
4162,138.733333,5060,168.666667,0.166521,review
4163,138.766667,5062,168.733333,0.146853,review
4164,138.8,5064,168.8,0.127184,review
4165,138.833333,5065,168.833333,0.127896,review
4166,138.866667,5065,168.833333,0.12861,review
4167,138.9,5066,168.866667,0.129324,review
4168,138.933333,5066,168.866667,0.130038,review
4169,138.966667,5067,168.9,0.130752,review
4170,139.0,5067,168.9,0.131466,review
4171,139.033333,5068,168.933333,0.13218,review
4172,139.066667,5068,168.933333,0.132894,review
4173,139.1,5069,168.966667,0.133608,review
4174,139.133333,5069,168.966667,0.134322,review
4175,139.166667,5070,169.0,0.135036,review
4176,139.2,5070,169.0,0.13575,review
4177,139.233333,5071,169.033333,0.133203,review
4178,139.266667,5071,169.033333,0.130657,review
4179,139.3,5071,169.033333,0.12811,review
4180,139.333333,5072,169.066667,0.125564,review
4181,139.366667,5072,169.066667,0.123018,review
4182,139.4,5073,169.1,0.120471,review
4183,139.433333,5073,169.1,0.117925,review
4184,139.466667,5074,169.133333,0.115378,review
4185,139.5,5074,169.133333,0.112832,review
4186,139.533333,5075,169.166667,0.110285,review
4187,139.566667,5075,169.166667,0.107739,review
4188,139.6,5076,169.2,0.105192,review
4189,139.633333,5076,169.2,0.107904,review
4190,139.666667,5077,169.233333,0.110616,review
4191,139.7,5077,169.233333,0.113329,review
4192,139.733333,5078,169.266667,0.116041,review
4193,139.766667,5078,169.266667,0.118754,review
4194,139.8,5079,169.3,0.121466,review
4195,139.833333,5079,169.3,0.124179,review
4196,139.866667,5080,169.333333,0.126891,review
4197,139.9,5080,169.333333,0.129604,review
4198,139.933333,5081,169.366667,0.132316,review
4199,139.966667,5081,169.366667,0.135029,review
4200,140.0,5082,169.4,0.137741,review
4201,140.033333,5084,169.466667,0.140865,review
4202,140.066667,5086,169.533333,0.14399,review
4203,140.1,5088,169.6,0.147114,review
4204,140.133333,5090,169.666667,0.150239,review
4205,140.166667,5092,169.733333,0.153363,review
4206,140.2,5094,169.8,0.156487,review
4207,140.233333,5095,169.833333,0.15915,review
4208,140.266667,5095,169.833333,0.161813,review
4209,140.3,5096,169.866667,0.164475,review
4210,140.333333,5096,169.866667,0.167138,review
4211,140.366667,5097,169.9,0.169801,review
4212,140.4,5097,169.9,0.172463,review
4213,140.433333,5098,169.933333,0.175126,review
4214,140.466667,5098,169.933333,0.177789,review
4215,140.5,5098,169.933333,0.180451,review
4216,140.533333,5099,169.966667,0.183114,review
4217,140.566667,5099,169.966667,0.185777,review
4218,140.6,5100,170.0,0.18844,review
4219,140.633333,5102,170.066667,0.157299,review
4220,140.666667,5104,170.133333,0.126153,review
4221,140.7,5106,170.2,0.095007,review
4222,140.733333,5108,170.266667,0.06386,review
4223,140.766667,5110,170.333333,0.032714,review
4224,140.8,5112,170.4,0.001568,review
4225,140.833333,5114,170.466667,0.001304,review
4226,140.866667,5116,170.533333,0.001043,review
4227,140.9,5118,170.6,0.000783,review
4228,140.933333,5120,170.666667,0.000522,review
4229,140.966667,5122,170.733333,0.000261,review
4230,141.0,5124,170.8,0.0,review
4231,141.033333,5125,170.833333,0.016199,review
4232,141.066667,5125,170.833333,0.032398,review
4233,141.1,5126,170.866667,0.048597,review
4234,141.133333,5126,170.866667,0.064796,review
4235,141.166667,5127,170.9,0.080995,review
4236,141.2,5127,170.9,0.097193,review
4237,141.233333,5128,170.933333,0.113392,review
4238,141.266667,5128,170.933333,0.129591,review
4239,141.3,5129,170.966667,0.14579,review
4240,141.333333,5129,170.966667,0.161989,review
4241,141.366667,5130,171.0,0.178188,review
4242,141.4,5130,171.0,0.194381,review
4243,141.433333,5131,171.033333,0.178183,review
4244,141.466667,5131,171.033333,0.161984,review
4245,141.5,5132,171.066667,0.145786,review
4246,141.533333,5132,171.066667,0.129588,review
4247,141.566667,5132,171.066667,0.11339,review
4248,141.6,5133,171.1,0.097191,review
4249,141.633333,5133,171.1,0.080993,review
4250,141.666667,5134,171.133333,0.064795,review
4251,141.7,5134,171.133333,0.048596,review
4252,141.733333,5135,171.166667,0.032398,review
4253,141.766667,5135,171.166667,0.0162,review
4254,141.8,5136,171.2,1e-06,review
4255,141.833333,5136,171.2,0.007273,review
4256,141.866667,5137,171.233333,0.014546,review
4257,141.9,5137,171.233333,0.021819,review
4258,141.933333,5138,171.266667,0.029092,review
4259,141.966667,5138,171.266667,0.036365,review
4260,142.0,5139,171.3,0.043639,review
4261,142.033333,5139,171.3,0.050912,review
4262,142.066667,5140,171.333333,0.058185,review
4263,142.1,5140,171.333333,0.065458,review
4264,142.133333,5141,171.366667,0.072731,review
4265,142.166667,5141,171.366667,0.080004,review
4266,142.2,5142,171.4,0.087278,review
4267,142.233333,5144,171.466667,0.100792,review
4268,142.266667,5146,171.533333,0.114307,review
4269,142.3,5148,171.6,0.127821,review
4270,142.333333,5150,171.666667,0.141335,review
4271,142.366667,5152,171.733333,0.154849,review
4272,142.4,5154,171.8,0.168359,review
4273,142.433333,5155,171.833333,0.157733,review
4274,142.466667,5155,171.833333,0.147107,review
4275,142.5,5156,171.866667,0.136481,review
4276,142.533333,5156,171.866667,0.125855,review
4277,142.566667,5157,171.9,0.115229,review
4278,142.6,5157,171.9,0.104604,review
4279,142.633333,5158,171.933333,0.093978,review
4280,142.666667,5158,171.933333,0.083352,review
4281,142.7,5159,171.966667,0.072726,review
4282,142.733333,5159,171.966667,0.0621,review
4283,142.766667,5159,171.966667,0.051474,review
4284,142.8,5160,172.0,0.040848,review
4285,142.833333,5160,172.0,0.042581,review
4286,142.866667,5161,172.033333,0.044315,review
4287,142.9,5161,172.033333,0.046048,review
4288,142.933333,5162,172.066667,0.047782,review
4289,142.966667,5162,172.066667,0.049516,review
4290,143.0,5163,172.1,0.05125,review
4291,143.033333,5163,172.1,0.052984,review
4292,143.066667,5164,172.133333,0.054718,review
4293,143.1,5164,172.133333,0.056452,review
4294,143.133333,5165,172.166667,0.058185,review
4295,143.166667,5165,172.166667,0.059919,review
4296,143.2,5166,172.2,0.061653,review
4297,143.233333,5166,172.2,0.05936,review
4298,143.266667,5167,172.233333,0.057066,review
4299,143.3,5167,172.233333,0.054773,review
4300,143.333333,5168,172.266667,0.05248,review
4301,143.366667,5168,172.266667,0.050186,review
4302,143.4,5169,172.3,0.047893,review
4303,143.433333,5169,172.3,0.0456,review
4304,143.466667,5170,172.333333,0.043307,review
4305,143.5,5170,172.333333,0.041013,review
4306,143.533333,5171,172.366667,0.03872,review
4307,143.566667,5171,172.366667,0.036427,review
4308,143.6,5172,172.4,0.034133,review
4309,143.633333,5172,172.4,0.035057,review
4310,143.666667,5173,172.433333,0.035981,review
4311,143.7,5173,172.433333,0.036904,review
4312,143.733333,5174,172.466667,0.037828,review
4313,143.766667,5174,172.466667,0.038752,review
4314,143.8,5175,172.5,0.039676,review
4315,143.833333,5175,172.5,0.0406,review
4316,143.866667,5176,172.533333,0.041524,review
4317,143.9,5177,172.566667,0.042447,review
4318,143.933333,5177,172.566667,0.043371,review
4319,143.966667,5178,172.6,0.044295,review
4320,144.0,5178,172.6,0.045219,review
4321,144.033333,5179,172.633333,0.04597,review
4322,144.066667,5179,172.633333,0.046721,review
4323,144.1,5180,172.666667,0.047472,review
4324,144.133333,5180,172.666667,0.048223,review
4325,144.166667,5181,172.7,0.048974,review
4326,144.2,5181,172.7,0.049725,review
4327,144.233333,5182,172.733333,0.050476,review
4328,144.266667,5182,172.733333,0.051227,review
4329,144.3,5183,172.766667,0.051978,review
4330,144.333333,5183,172.766667,0.052729,review
4331,144.366667,5184,172.8,0.05348,review
4332,144.4,5184,172.8,0.05423,review
4333,144.433333,5185,172.833333,0.050295,review
4334,144.466667,5185,172.833333,0.04636,review
4335,144.5,5186,172.866667,0.042425,review
4336,144.533333,5186,172.866667,0.03849,review
4337,144.566667,5187,172.9,0.034555,review
4338,144.6,5187,172.9,0.03062,review
4339,144.633333,5188,172.933333,0.026685,review
4340,144.666667,5188,172.933333,0.02275,review
4341,144.7,5189,172.966667,0.018815,review
4342,144.733333,5189,172.966667,0.01488,review
4343,144.766667,5189,172.966667,0.010944,review
4344,144.8,5190,173.0,0.007009,review
4345,144.833333,5190,173.0,0.017383,review
4346,144.866667,5191,173.033333,0.027758,review
4347,144.9,5191,173.033333,0.038134,review
4348,144.933333,5192,173.066667,0.048509,review
4349,144.966667,5192,173.066667,0.058884,review
4350,145.0,5193,173.1,0.069259,review
4351,145.033333,5193,173.1,0.079634,review
4352,145.066667,5194,173.133333,0.090009,review
4353,145.1,5194,173.133333,0.100384,review
4354,145.133333,5195,173.166667,0.11076,review
4355,145.166667,5195,173.166667,0.121135,review
4356,145.2,5196,173.2,0.131508,review
4357,145.233333,5196,173.2,0.124837,review
4358,145.266667,5197,173.233333,0.118166,review
4359,145.3,5197,173.233333,0.111495,review
4360,145.333333,5198,173.266667,0.104823,review
4361,145.366667,5198,173.266667,0.098152,review
4362,145.4,5199,173.3,0.091481,review
4363,145.433333,5199,173.3,0.08481,review
4364,145.466667,5200,173.333333,0.078138,review
4365,145.5,5200,173.333333,0.071467,review
4366,145.533333,5201,173.366667,0.064796,review
4367,145.566667,5201,173.366667,0.058124,review
4368,145.6,5202,173.4,0.051453,review
4369,145.633333,5202,173.4,0.047165,review
4370,145.666667,5203,173.433333,0.042877,review
4371,145.7,5203,173.433333,0.03859,review
4372,145.733333,5204,173.466667,0.034302,review
4373,145.766667,5204,173.466667,0.030014,review
4374,145.8,5205,173.5,0.025726,review
4375,145.833333,5205,173.5,0.021439,review
4376,145.866667,5206,173.533333,0.017151,review
4377,145.9,5207,173.566667,0.012863,review
4378,145.933333,5207,173.566667,0.008575,review
4379,145.966667,5208,173.6,0.004288,review
4380,146.0,5208,173.6,0.0,review
4381,146.033333,5209,173.633333,0.0,review
4382,146.066667,5209,173.633333,0.0,review
4383,146.1,5210,173.666667,0.0,review
4384,146.133333,5210,173.666667,0.0,review
4385,146.166667,5211,173.7,0.0,review
4386,146.2,5211,173.7,0.0,review
4387,146.233333,5212,173.733333,0.0,review
4388,146.266667,5212,173.733333,0.0,review
4389,146.3,5213,173.766667,0.0,review
4390,146.333333,5213,173.766667,0.0,review
4391,146.366667,5214,173.8,0.0,review
4392,146.4,5214,173.8,0.0,review
4393,146.433333,5215,173.833333,0.0,review
4394,146.466667,5215,173.833333,0.0,review
4395,146.5,5216,173.866667,0.0,review
4396,146.533333,5216,173.866667,0.0,review
4397,146.566667,5217,173.9,0.0,review
4398,146.6,5217,173.9,0.0,review
4399,146.633333,5218,173.933333,0.0,review
4400,146.666667,5218,173.933333,0.0,review
4401,146.7,5219,173.966667,0.0,review
4402,146.733333,5219,173.966667,0.0,review
4403,146.766667,5219,173.966667,0.0,review
4404,146.8,5220,174.0,0.0,review
4405,146.833333,5220,174.0,0.000503,review
4406,146.866667,5221,174.033333,0.001007,review
4407,146.9,5221,174.033333,0.00151,review
4408,146.933333,5222,174.066667,0.002014,review
4409,146.966667,5222,174.066667,0.002517,review
4410,147.0,5223,174.1,0.003021,review
4411,147.033333,5223,174.1,0.003524,review
4412,147.066667,5224,174.133333,0.004027,review
4413,147.1,5224,174.133333,0.004531,review
4414,147.133333,5225,174.166667,0.005034,review
4415,147.166667,5225,174.166667,0.005538,review
4416,147.2,5226,174.2,0.006041,review
4417,147.233333,5226,174.2,0.006479,review
4418,147.266667,5227,174.233333,0.006918,review
4419,147.3,5227,174.233333,0.007356,review
4420,147.333333,5228,174.266667,0.007795,review
4421,147.366667,5228,174.266667,0.008233,review
4422,147.4,5229,174.3,0.008671,review
4423,147.433333,5229,174.3,0.00911,review
4424,147.466667,5230,174.333333,0.009548,review
4425,147.5,5230,174.333333,0.009987,review
4426,147.533333,5231,174.366667,0.010425,review
4427,147.566667,5231,174.366667,0.010864,review
4428,147.6,5232,174.4,0.011302,review
4429,147.633333,5234,174.466667,0.009419,review
4430,147.666667,5236,174.533333,0.007535,review
4431,147.7,5238,174.6,0.005651,review
4432,147.733333,5240,174.666667,0.003768,review
4433,147.766667,5242,174.733333,0.001884,review
4434,147.8,5244,174.8,0.0,review
4435,147.833333,5245,174.833333,0.023524,review
4436,147.866667,5245,174.833333,0.04705,review
4437,147.9,5246,174.866667,0.070575,review
4438,147.933333,5246,174.866667,0.094101,review
4439,147.966667,5247,174.9,0.117627,review
4440,148.0,5247,174.9,0.141153,review
4441,148.033333,5248,174.933333,0.164679,review
4442,148.066667,5248,174.933333,0.188205,review
4443,148.1,5249,174.966667,0.211731,review
4444,148.133333,5249,174.966667,0.235256,review
4445,148.166667,5250,175.0,0.258782,review
4446,148.2,5250,175.0,0.282305,review
4447,148.233333,5251,175.033333,0.266819,review
4448,148.266667,5251,175.033333,0.251333,review
4449,148.3,5251,175.033333,0.235848,review
4450,148.333333,5252,175.066667,0.220362,review
4451,148.366667,5252,175.066667,0.204877,review
4452,148.4,5253,175.1,0.189391,review
4453,148.433333,5253,175.1,0.173906,review
4454,148.466667,5254,175.133333,0.15842,review
4455,148.5,5254,175.133333,0.142935,review
4456,148.533333,5255,175.166667,0.127449,review
4457,148.566667,5255,175.166667,0.111963,review
4458,148.6,5256,175.2,0.096478,review
4459,148.633333,5256,175.2,0.088437,review
4460,148.666667,5257,175.233333,0.080397,review
4461,148.7,5257,175.233333,0.072357,review
4462,148.733333,5258,175.266667,0.064318,review
4463,148.766667,5258,175.266667,0.056278,review
4464,148.8,5259,175.3,0.048238,review
4465,148.833333,5259,175.3,0.040199,review
4466,148.866667,5260,175.333333,0.032159,review
4467,148.9,5260,175.333333,0.024119,review
4468,148.933333,5261,175.366667,0.016079,review
4469,148.966667,5261,175.366667,0.00804,review
4470,149.0,5262,175.4,0.0,review
4471,149.033333,5262,175.4,0.004065,review
4472,149.066667,5263,175.433333,0.00813,review
4473,149.1,5263,175.433333,0.012195,review
4474,149.133333,5264,175.466667,0.01626,review
4475,149.166667,5265,175.5,0.020325,review
4476,149.2,5265,175.5,0.02439,review
4477,149.233333,5266,175.533333,0.028455,review
4478,149.266667,5266,175.533333,0.03252,review
4479,149.3,5267,175.566667,0.036586,review
4480,149.333333,5267,175.566667,0.040651,review
4481,149.366667,5268,175.6,0.044716,review
4482,149.4,5268,175.6,0.04878,review
4483,149.433333,5269,175.633333,0.046891,review
4484,149.466667,5269,175.633333,0.045002,review
4485,149.5,5270,175.666667,0.043113,review
4486,149.533333,5270,175.666667,0.041224,review
4487,149.566667,5271,175.7,0.039335,review
4488,149.6,5271,175.7,0.037446,review
4489,149.633333,5272,175.733333,0.035558,review
4490,149.666667,5272,175.733333,0.033669,review
4491,149.7,5273,175.766667,0.03178,review
4492,149.733333,5273,175.766667,0.029891,review
4493,149.766667,5274,175.8,0.028002,review
4494,149.8,5274,175.8,0.026113,review
4495,149.833333,5275,175.833333,0.038896,review
4496,149.866667,5275,175.833333,0.051681,review
4497,149.9,5276,175.866667,0.064466,review
4498,149.933333,5276,175.866667,0.07725,review
4499,149.966667,5277,175.9,0.090035,review
4500,150.0,5277,175.9,0.10282,review
4501,150.033333,5278,175.933333,0.115604,review
4502,150.066667,5278,175.933333,0.128389,review
4503,150.1,5279,175.966667,0.141173,review
4504,150.133333,5279,175.966667,0.153958,review
4505,150.166667,5280,176.0,0.166743,review
4506,150.2,5280,176.0,0.179525,review
4507,150.233333,5281,176.033333,0.171432,review
4508,150.266667,5281,176.033333,0.163339,review
4509,150.3,5281,176.033333,0.155246,review
4510,150.333333,5282,176.066667,0.147153,review
4511,150.366667,5282,176.066667,0.13906,review
4512,150.4,5283,176.1,0.130967,review
4513,150.433333,5283,176.1,0.122874,review
4514,150.466667,5284,176.133333,0.114781,review
4515,150.5,5284,176.133333,0.106688,review
4516,150.533333,5285,176.166667,0.098595,review
4517,150.566667,5285,176.166667,0.090502,review
4518,150.6,5286,176.2,0.082408,review
4519,150.633333,5286,176.2,0.080992,review
4520,150.666667,5287,176.233333,0.079577,review
4521,150.7,5287,176.233333,0.078162,review
4522,150.733333,5288,176.266667,0.076747,review
4523,150.766667,5288,176.266667,0.075332,review
4524,150.8,5289,176.3,0.073917,review
4525,150.833333,5289,176.3,0.072502,review
4526,150.866667,5290,176.333333,0.071087,review
4527,150.9,5290,176.333333,0.069672,review
4528,150.933333,5291,176.366667,0.068257,review
4529,150.966667,5291,176.366667,0.066842,review
4530,151.0,5292,176.4,0.065427,review
4531,151.033333,5292,176.4,0.065254,review
4532,151.066667,5293,176.433333,0.065081,review
4533,151.1,5293,176.433333,0.064908,review
4534,151.133333,5294,176.466667,0.064735,review
4535,151.166667,5295,176.5,0.064562,review
4536,151.2,5295,176.5,0.064389,review
4537,151.233333,5296,176.533333,0.064217,review
4538,151.266667,5296,176.533333,0.064044,review
4539,151.3,5297,176.566667,0.063871,review
4540,151.333333,5297,176.566667,0.063698,review
4541,151.366667,5298,176.6,0.063525,review
4542,151.4,5298,176.6,0.06335,review
4543,151.433333,5300,176.666667,0.052792,review
4544,151.466667,5302,176.733333,0.042234,review
4545,151.5,5304,176.8,0.031676,review
4546,151.533333,5306,176.866667,0.021118,review
4547,151.566667,5308,176.933333,0.01056,review
4548,151.6,5310,177.0,2e-06,review
4549,151.633333,5310,177.0,0.0,review
4550,151.666667,5311,177.033333,0.0,review
4551,151.7,5311,177.033333,0.0,review
4552,151.733333,5312,177.066667,0.0,review
4553,151.766667,5312,177.066667,0.0,review
4554,151.8,5313,177.1,0.0,review
4555,151.833333,5313,177.1,0.0,review
4556,151.866667,5314,177.133333,0.0,review
4557,151.9,5314,177.133333,0.0,review
4558,151.933333,5315,177.166667,0.0,review
4559,151.966667,5315,177.166667,0.0,review
4560,152.0,5316,177.2,0.0,review
4561,152.033333,5316,177.2,0.0,review
4562,152.066667,5317,177.233333,0.0,review
4563,152.1,5317,177.233333,0.0,review
4564,152.133333,5318,177.266667,0.0,review
4565,152.166667,5318,177.266667,0.0,review
4566,152.2,5319,177.3,0.0,review
4567,152.233333,5319,177.3,0.0,review
4568,152.266667,5320,177.333333,0.0,review
4569,152.3,5320,177.333333,0.0,review
4570,152.333333,5321,177.366667,0.0,review
4571,152.366667,5321,177.366667,0.0,review
4572,152.4,5322,177.4,0.0,review
4573,152.433333,5322,177.4,0.001593,review
4574,152.466667,5323,177.433333,0.003186,review
4575,152.5,5323,177.433333,0.004779,review
4576,152.533333,5324,177.466667,0.006371,review
4577,152.566667,5325,177.5,0.007964,review
4578,152.6,5325,177.5,0.009557,review
4579,152.633333,5326,177.533333,0.01115,review
4580,152.666667,5326,177.533333,0.012743,review
4581,152.7,5327,177.566667,0.014335,review
4582,152.733333,5327,177.566667,0.015928,review
4583,152.766667,5328,177.6,0.017521,review
4584,152.8,5328,177.6,0.019114,review
4585,152.833333,5329,177.633333,0.02391,review
4586,152.866667,5329,177.633333,0.028706,review
4587,152.9,5330,177.666667,0.033502,review
4588,152.933333,5330,177.666667,0.038298,review
4589,152.966667,5331,177.7,0.043094,review
4590,153.0,5331,177.7,0.047889,review
4591,153.033333,5332,177.733333,0.052685,review
4592,153.066667,5332,177.733333,0.057481,review
4593,153.1,5333,177.766667,0.062277,review
4594,153.133333,5333,177.766667,0.067073,review
4595,153.166667,5334,177.8,0.071869,review
4596,153.2,5334,177.8,0.076665,review
4597,153.233333,5335,177.833333,0.078624,review
4598,153.266667,5335,177.833333,0.080584,review
4599,153.3,5336,177.866667,0.082543,review
4600,153.333333,5336,177.866667,0.084502,review
4601,153.366667,5337,177.9,0.086462,review
4602,153.4,5337,177.9,0.088421,review
4603,153.433333,5338,177.933333,0.09038,review
4604,153.466667,5338,177.933333,0.092339,review
4605,153.5,5338,177.933333,0.094299,review
4606,153.533333,5339,177.966667,0.096258,review
4607,153.566667,5339,177.966667,0.098217,review
4608,153.6,5340,178.0,0.100177,review
4609,153.633333,5340,178.0,0.092871,review
4610,153.666667,5341,178.033333,0.085564,review
4611,153.7,5341,178.033333,0.078256,review
4612,153.733333,5342,178.066667,0.070949,review
4613,153.766667,5342,178.066667,0.063642,review
4614,153.8,5343,178.1,0.056334,review
4615,153.833333,5343,178.1,0.049027,review
4616,153.866667,5344,178.133333,0.041719,review
4617,153.9,5344,178.133333,0.034412,review
4618,153.933333,5345,178.166667,0.027105,review
4619,153.966667,5345,178.166667,0.019797,review
4620,154.0,5346,178.2,0.01249,review
4621,154.033333,5346,178.2,0.018292,review
4622,154.066667,5347,178.233333,0.024093,review
4623,154.1,5347,178.233333,0.029895,review
4624,154.133333,5348,178.266667,0.035696,review
4625,154.166667,5348,178.266667,0.041498,review
4626,154.2,5349,178.3,0.0473,review
4627,154.233333,5349,178.3,0.053101,review
4628,154.266667,5350,178.333333,0.058903,review
4629,154.3,5350,178.333333,0.064704,review
4630,154.333333,5351,178.366667,0.070506,review
4631,154.366667,5351,178.366667,0.076307,review
4632,154.4,5352,178.4,0.082113,review
4633,154.433333,5354,178.466667,0.108374,review
4634,154.466667,5356,178.533333,0.134635,review
4635,154.5,5358,178.6,0.160896,review
4636,154.533333,5360,178.666667,0.187158,review
4637,154.566667,5362,178.733333,0.213419,review
4638,154.6,5364,178.8,0.23968,review
4639,154.633333,5364,178.8,0.219715,review
4640,154.666667,5365,178.833333,0.199741,review
4641,154.7,5366,178.866667,0.179766,review
4642,154.733333,5366,178.866667,0.159792,review
4643,154.766667,5366,178.866667,0.139818,review
4644,154.8,5367,178.9,0.119844,review
4645,154.833333,5368,178.933333,0.09987,review
4646,154.866667,5368,178.933333,0.079896,review
4647,154.9,5368,178.933333,0.059922,review
4648,154.933333,5369,178.966667,0.039948,review
4649,154.966667,5370,179.0,0.019974,review
4650,155.0,5370,179.0,0.0,review
4651,155.033333,5372,179.066667,0.01737,review
4652,155.066667,5374,179.133333,0.034739,review
4653,155.1,5376,179.2,0.052109,review
4654,155.133333,5378,179.266667,0.069478,review
4655,155.166667,5380,179.333333,0.086848,review
4656,155.2,5382,179.4,0.104215,review
4657,155.233333,5382,179.4,0.097838,review
4658,155.266667,5383,179.433333,0.09146,review
4659,155.3,5383,179.433333,0.085082,review
4660,155.333333,5384,179.466667,0.078705,review
4661,155.366667,5384,179.466667,0.072327,review
4662,155.4,5385,179.5,0.065949,review
4663,155.433333,5385,179.5,0.059572,review
4664,155.466667,5386,179.533333,0.053194,review
4665,155.5,5387,179.566667,0.046816,review
4666,155.533333,5387,179.566667,0.040439,review
4667,155.566667,5388,179.6,0.034061,review
4668,155.6,5388,179.6,0.027683,review
4669,155.633333,5389,179.633333,0.025376,review
4670,155.666667,5389,179.633333,0.023069,review
4671,155.7,5390,179.666667,0.020762,review
4672,155.733333,5390,179.666667,0.018455,review
4673,155.766667,5391,179.7,0.016148,review
4674,155.8,5391,179.7,0.013841,review
4675,155.833333,5392,179.733333,0.011534,review
4676,155.866667,5392,179.733333,0.009227,review
4677,155.9,5393,179.766667,0.006921,review
4678,155.933333,5393,179.766667,0.004614,review
4679,155.966667,5394,179.8,0.002307,review
4680,156.0,5394,179.8,0.0,review
4681,156.033333,5396,179.866667,0.0,review
4682,156.066667,5398,179.933333,0.0,review
4683,156.1,5400,180.0,0.0,review
4684,156.133333,5402,180.066667,0.0,review
4685,156.166667,5404,180.133333,0.0,review
4686,156.2,5406,180.2,2e-06,review
4687,156.233333,5406,180.2,0.01963,review
4688,156.266667,5407,180.233333,0.039258,review
4689,156.3,5407,180.233333,0.058887,review
4690,156.333333,5408,180.266667,0.078515,review
4691,156.366667,5408,180.266667,0.098143,review
4692,156.4,5409,180.3,0.117772,review
4693,156.433333,5409,180.3,0.1374,review
4694,156.466667,5410,180.333333,0.157028,review
4695,156.5,5410,180.333333,0.176656,review
4696,156.533333,5411,180.366667,0.196285,review
4697,156.566667,5411,180.366667,0.215913,review
4698,156.6,5412,180.4,0.235541,review
4699,156.633333,5412,180.4,0.21592,review
4700,156.666667,5413,180.433333,0.19629,review
4701,156.7,5413,180.433333,0.176661,review
4702,156.733333,5414,180.466667,0.157032,review
4703,156.766667,5414,180.466667,0.137403,review
4704,156.8,5415,180.5,0.117774,review
4705,156.833333,5415,180.5,0.098145,review
4706,156.866667,5416,180.533333,0.078516,review
4707,156.9,5417,180.566667,0.058887,review
4708,156.933333,5417,180.566667,0.039258,review
4709,156.966667,5418,180.6,0.019629,review
4710,157.0,5418,180.6,0.0,review
4711,157.033333,5419,180.633333,0.0,review
4712,157.066667,5419,180.633333,0.0,review
4713,157.1,5420,180.666667,0.0,review
4714,157.133333,5420,180.666667,0.0,review
4715,157.166667,5421,180.7,0.0,review
4716,157.2,5421,180.7,0.0,review
4717,157.233333,5422,180.733333,0.0,review
4718,157.266667,5422,180.733333,0.0,review
4719,157.3,5423,180.766667,0.0,review
4720,157.333333,5423,180.766667,0.0,review
4721,157.366667,5424,180.8,0.0,review
4722,157.4,5424,180.8,0.0,review
4723,157.433333,5426,180.866667,0.0,review
4724,157.466667,5428,180.933333,0.0,review
4725,157.5,5430,181.0,0.0,review
4726,157.533333,5432,181.066667,0.0,review
4727,157.566667,5434,181.133333,0.0,review
4728,157.6,5436,181.2,0.0,review
4729,157.633333,5438,181.266667,0.0,review
4730,157.666667,5440,181.333333,0.0,review
4731,157.7,5442,181.4,0.0,review
4732,157.733333,5444,181.466667,0.0,review
4733,157.766667,5446,181.533333,0.0,review
4734,157.8,5448,181.6,0.0,review
4735,157.833333,5449,181.633333,0.0,review
4736,157.866667,5449,181.633333,0.0,review
4737,157.9,5450,181.666667,0.0,review
4738,157.933333,5450,181.666667,0.0,review
4739,157.966667,5451,181.7,0.0,review
4740,158.0,5451,181.7,0.0,review
4741,158.033333,5452,181.733333,0.0,review
4742,158.066667,5452,181.733333,0.0,review
4743,158.1,5453,181.766667,0.0,review
4744,158.133333,5453,181.766667,0.0,review
4745,158.166667,5454,181.8,0.0,review
4746,158.2,5454,181.8,1e-06,review
4747,158.233333,5456,181.866667,0.005633,review
4748,158.266667,5458,181.933333,0.011265,review
4749,158.3,5460,182.0,0.016897,review
4750,158.333333,5462,182.066667,0.02253,review
4751,158.366667,5464,182.133333,0.028162,review
4752,158.4,5466,182.2,0.033796,review
4753,158.433333,5468,182.266667,0.049153,review
4754,158.466667,5470,182.333333,0.06451,review
4755,158.5,5472,182.4,0.079868,review
4756,158.533333,5474,182.466667,0.095225,review
4757,158.566667,5476,182.533333,0.110582,review
4758,158.6,5478,182.6,0.125939,review
4759,158.633333,5479,182.633333,0.115449,review
4760,158.666667,5479,182.633333,0.104953,review
4761,158.7,5480,182.666667,0.094458,review
4762,158.733333,5480,182.666667,0.083963,review
4763,158.766667,5481,182.7,0.073467,review
4764,158.8,5481,182.7,0.062972,review
4765,158.833333,5482,182.733333,0.052477,review
4766,158.866667,5482,182.733333,0.041981,review
4767,158.9,5483,182.766667,0.031486,review
4768,158.933333,5483,182.766667,0.020991,review
4769,158.966667,5484,182.8,0.010495,review
4770,159.0,5484,182.8,0.0,review
4771,159.033333,5486,182.866667,0.0,review
4772,159.066667,5488,182.933333,0.0,review
4773,159.1,5490,183.0,0.0,review
4774,159.133333,5492,183.066667,0.0,review
4775,159.166667,5494,183.133333,0.0,review
4776,159.2,5496,183.2,1e-06,review
4777,159.233333,5496,183.2,0.008565,review
4778,159.266667,5497,183.233333,0.017129,review
4779,159.3,5497,183.233333,0.025693,review
4780,159.333333,5498,183.266667,0.034257,review
4781,159.366667,5498,183.266667,0.042821,review
4782,159.4,5499,183.3,0.051385,review
4783,159.433333,5499,183.3,0.059949,review
4784,159.466667,5500,183.333333,0.068513,review
4785,159.5,5500,183.333333,0.077077,review
4786,159.533333,5501,183.366667,0.085641,review
4787,159.566667,5501,183.366667,0.094205,review
4788,159.6,5502,183.4,0.102769,review
4789,159.633333,5502,183.4,0.094208,review
4790,159.666667,5503,183.433333,0.085644,review
4791,159.7,5503,183.433333,0.077079,review
4792,159.733333,5504,183.466667,0.068515,review
4793,159.766667,5504,183.466667,0.059951,review
4794,159.8,5505,183.5,0.051386,review
4795,159.833333,5505,183.5,0.042822,review
4796,159.866667,5506,183.533333,0.034258,review
4797,159.9,5507,183.566667,0.025693,review
4798,159.933333,5507,183.566667,0.017129,review
4799,159.966667,5508,183.6,0.008564,review
4800,160.0,5508,183.6,0.0,review
4801,160.033333,5510,183.666667,0.010738,review
4802,160.066667,5512,183.733333,0.021476,review
4803,160.1,5514,183.8,0.032214,review
4804,160.133333,5516,183.866667,0.042952,review
4805,160.166667,5518,183.933333,0.05369,review
4806,160.2,5520,184.0,0.064427,review
4807,160.233333,5521,184.033333,0.059058,review
4808,160.266667,5521,184.033333,0.053689,review
4809,160.3,5521,184.033333,0.04832,review
4810,160.333333,5522,184.066667,0.042951,review
4811,160.366667,5522,184.066667,0.037583,review
4812,160.4,5523,184.1,0.032214,review
4813,160.433333,5523,184.1,0.026845,review
4814,160.466667,5524,184.133333,0.021476,review
4815,160.5,5524,184.133333,0.016107,review
4816,160.533333,5525,184.166667,0.010739,review
4817,160.566667,5525,184.166667,0.00537,review
4818,160.6,5526,184.2,1e-06,review
4819,160.633333,5526,184.2,0.001498,review
4820,160.666667,5527,184.233333,0.002997,review
4821,160.7,5527,184.233333,0.004496,review
4822,160.733333,5528,184.266667,0.005994,review
4823,160.766667,5528,184.266667,0.007493,review
4824,160.8,5529,184.3,0.008991,review
4825,160.833333,5529,184.3,0.01049,review
4826,160.866667,5530,184.333333,0.011989,review
4827,160.9,5530,184.333333,0.013487,review
4828,160.933333,5531,184.366667,0.014986,review
4829,160.966667,5531,184.366667,0.016484,review
4830,161.0,5532,184.4,0.017983,review
4831,161.033333,5532,184.4,0.016484,review
4832,161.066667,5533,184.433333,0.014986,review
4833,161.1,5533,184.433333,0.013487,review
4834,161.133333,5534,184.466667,0.011989,review
4835,161.166667,5535,184.5,0.01049,review
4836,161.2,5535,184.5,0.008991,review
4837,161.233333,5536,184.533333,0.007493,review
4838,161.266667,5536,184.533333,0.005994,review
4839,161.3,5537,184.566667,0.004496,review
4840,161.333333,5537,184.566667,0.002997,review
4841,161.366667,5538,184.6,0.001498,review
4842,161.4,5538,184.6,0.0,review
4843,161.433333,5539,184.633333,0.0,review
4844,161.466667,5539,184.633333,0.0,review
4845,161.5,5540,184.666667,0.0,review
4846,161.533333,5540,184.666667,0.0,review
4847,161.566667,5541,184.7,0.0,review
4848,161.6,5541,184.7,0.0,review
4849,161.633333,5542,184.733333,0.0,review
4850,161.666667,5542,184.733333,0.0,review
4851,161.7,5543,184.766667,0.0,review
4852,161.733333,5543,184.766667,0.0,review
4853,161.766667,5544,184.8,0.0,review
4854,161.8,5544,184.8,0.0,review
4855,161.833333,,,0.0,unmatched
4856,161.866667,,,0.0,unmatched
4857,161.9,,,0.0,unmatched
