night_frame,night_time_seconds,day_frame,day_time_seconds,confidence,status
0,0.0,24,0.8,0.0,review
1,0.033333,25,0.833333,0.020547,review
2,0.066667,25,0.833333,0.041094,review
3,0.1,26,0.866667,0.061641,review
4,0.133333,26,0.866667,0.082188,review
5,0.166667,27,0.9,0.102735,review
6,0.2,27,0.9,0.123281,review
7,0.233333,28,0.933333,0.143828,review
8,0.266667,28,0.933333,0.164375,review
9,0.3,29,0.966667,0.184922,review
10,0.333333,29,0.966667,0.205469,review
11,0.366667,29,0.966667,0.226016,review
12,0.4,30,1.0,0.246563,review
13,0.433333,32,1.066667,0.265807,review
14,0.466667,34,1.133333,0.285052,review
15,0.5,36,1.2,0.304296,review
16,0.533333,38,1.266667,0.323541,review
17,0.566667,40,1.333333,0.342785,review
18,0.6,42,1.4,0.36203,matched
19,0.633333,42,1.4,0.36165,matched
20,0.666667,43,1.433333,0.361271,matched
21,0.7,43,1.433333,0.360891,matched
22,0.733333,44,1.466667,0.360512,matched
23,0.766667,44,1.466667,0.360132,matched
24,0.8,45,1.5,0.359753,matched
25,0.833333,45,1.5,0.359373,matched
26,0.866667,46,1.533333,0.358993,matched
27,0.9,47,1.566667,0.358614,matched
28,0.933333,47,1.566667,0.358234,matched
29,0.966667,48,1.6,0.357855,matched
30,1.0,48,1.6,0.357475,matched
31,1.033333,50,1.666667,0.328456,review
32,1.066667,52,1.733333,0.299437,review
33,1.1,54,1.8,0.270419,review
34,1.133333,56,1.866667,0.2414,review
35,1.166667,58,1.933333,0.212381,review
36,1.2,60,2.0,0.183362,review
37,1.233333,62,2.066667,0.19795,review
38,1.266667,64,2.133333,0.212539,review
39,1.3,66,2.2,0.227127,review
40,1.333333,68,2.266667,0.241715,review
41,1.366667,70,2.333333,0.256304,review
42,1.4,72,2.4,0.270892,review
43,1.433333,74,2.466667,0.291151,review
44,1.466667,76,2.533333,0.311409,review
45,1.5,78,2.6,0.331667,review
46,1.533333,80,2.666667,0.351926,matched
47,1.566667,82,2.733333,0.372184,matched
48,1.6,84,2.8,0.392443,matched
49,1.633333,86,2.866667,0.420926,matched
50,1.666667,88,2.933333,0.449409,matched
51,1.7,90,3.0,0.477892,matched
52,1.733333,92,3.066667,0.506374,matched
53,1.766667,94,3.133333,0.534857,matched
54,1.8,96,3.2,0.56334,matched
55,1.833333,98,3.266667,0.586117,matched
56,1.866667,100,3.333333,0.608893,matched
57,1.9,102,3.4,0.63167,matched
58,1.933333,104,3.466667,0.654447,matched
59,1.966667,106,3.533333,0.677223,matched
60,2.0,108,3.6,0.7,matched
61,2.033333,108,3.6,0.7,matched
62,2.066667,109,3.633333,0.7,matched
63,2.1,109,3.633333,0.7,matched
64,2.133333,110,3.666667,0.7,matched
65,2.166667,110,3.666667,0.7,matched
66,2.2,111,3.7,0.7,matched
67,2.233333,111,3.7,0.7,matched
68,2.266667,112,3.733333,0.7,matched
69,2.3,112,3.733333,0.7,matched
70,2.333333,113,3.766667,0.7,matched
71,2.366667,113,3.766667,0.7,matched
72,2.4,114,3.8,0.7,matched
73,2.433333,116,3.866667,0.7,matched
74,2.466667,118,3.933333,0.7,matched
75,2.5,120,4.0,0.7,matched
76,2.533333,122,4.066667,0.7,matched
77,2.566667,124,4.133333,0.7,matched
78,2.6,126,4.2,0.7,matched
79,2.633333,128,4.266667,0.694206,matched
80,2.666667,130,4.333333,0.688412,matched
81,2.7,132,4.4,0.682617,matched
82,2.733333,134,4.466667,0.676823,matched
83,2.766667,136,4.533333,0.671029,matched
84,2.8,138,4.6,0.665235,matched
85,2.833333,140,4.666667,0.671029,matched
86,2.866667,142,4.733333,0.676823,matched
87,2.9,144,4.8,0.682617,matched
88,2.933333,146,4.866667,0.688412,matched
89,2.966667,148,4.933333,0.694206,matched
90,3.0,150,5.0,0.7,matched
91,3.033333,152,5.066667,0.7,matched
92,3.066667,154,5.133333,0.7,matched
93,3.1,156,5.2,0.7,matched
94,3.133333,158,5.266667,0.7,matched
95,3.166667,160,5.333333,0.7,matched
96,3.2,162,5.4,0.7,matched
97,3.233333,164,5.466667,0.685846,matched
98,3.266667,166,5.533333,0.671693,matched
99,3.3,168,5.6,0.657539,matched
100,3.333333,170,5.666667,0.643385,matched
101,3.366667,172,5.733333,0.629232,matched
102,3.4,174,5.8,0.615078,matched
103,3.433333,176,5.866667,0.629232,matched
104,3.466667,178,5.933333,0.643385,matched
105,3.5,180,6.0,0.657539,matched
106,3.533333,182,6.066667,0.671693,matched
107,3.566667,184,6.133333,0.685846,matched
108,3.6,186,6.2,0.7,matched
109,3.633333,188,6.266667,0.629983,matched
110,3.666667,190,6.333333,0.559967,matched
111,3.7,192,6.4,0.48995,matched
112,3.733333,194,6.466667,0.419934,matched
113,3.766667,196,6.533333,0.349917,review
114,3.8,198,6.6,0.279901,review
115,3.833333,198,6.6,0.278573,review
116,3.866667,199,6.633333,0.277246,review
117,3.9,200,6.666667,0.275918,review
118,3.933333,200,6.666667,0.274591,review
119,3.966667,201,6.7,0.273263,review
120,4.0,201,6.7,0.271936,review
121,4.033333,202,6.733333,0.270608,review
122,4.066667,202,6.733333,0.269281,review
123,4.1,203,6.766667,0.267953,review
124,4.133333,203,6.766667,0.266626,review
125,4.166667,204,6.8,0.265298,review
126,4.2,204,6.8,0.263971,review
127,4.233333,206,6.866667,0.265545,review
128,4.266667,208,6.933333,0.267119,review
129,4.3,210,7.0,0.268694,review
130,4.333333,212,7.066667,0.270268,review
131,4.366667,214,7.133333,0.271842,review
132,4.4,216,7.2,0.273416,review
133,4.433333,218,7.266667,0.25675,review
134,4.466667,220,7.333333,0.240084,review
135,4.5,222,7.4,0.223419,review
136,4.533333,224,7.466667,0.206753,review
137,4.566667,226,7.533333,0.190087,review
138,4.6,228,7.6,0.173421,review
139,4.633333,228,7.6,0.194025,review
140,4.666667,229,7.633333,0.214629,review
141,4.7,230,7.666667,0.235233,review
142,4.733333,230,7.666667,0.255837,review
143,4.766667,231,7.7,0.276441,review
144,4.8,231,7.7,0.297046,review
145,4.833333,232,7.733333,0.31765,review
146,4.866667,232,7.733333,0.338254,review
147,4.9,233,7.766667,0.358858,matched
148,4.933333,233,7.766667,0.379462,matched
149,4.966667,234,7.8,0.400066,matched
150,5.0,234,7.8,0.42067,matched
151,5.033333,236,7.866667,0.350558,matched
152,5.066667,238,7.933333,0.280447,review
153,5.1,240,8.0,0.210335,review
154,5.133333,242,8.066667,0.140223,review
155,5.166667,244,8.133333,0.070111,review
156,5.2,246,8.2,0.0,review
157,5.233333,248,8.266667,0.003905,review
158,5.266667,250,8.333333,0.007811,review
159,5.3,252,8.4,0.011716,review
160,5.333333,254,8.466667,0.015621,review
161,5.366667,256,8.533333,0.019527,review
162,5.4,258,8.6,0.023432,review
163,5.433333,260,8.666667,0.019527,review
164,5.466667,262,8.733333,0.015621,review
165,5.5,264,8.8,0.011716,review
166,5.533333,266,8.866667,0.007811,review
167,5.566667,268,8.933333,0.003905,review
168,5.6,270,9.0,0.0,review
169,5.633333,272,9.066667,0.0,review
170,5.666667,274,9.133333,0.0,review
171,5.7,276,9.2,0.0,review
172,5.733333,278,9.266667,0.0,review
173,5.766667,280,9.333333,0.0,review
174,5.8,282,9.4,0.0,review
175,5.833333,284,9.466667,0.005474,review
176,5.866667,286,9.533333,0.010948,review
177,5.9,288,9.6,0.016422,review
178,5.933333,290,9.666667,0.021897,review
179,5.966667,292,9.733333,0.027371,review
180,6.0,294,9.8,0.032845,review
181,6.033333,296,9.866667,0.027371,review
182,6.066667,298,9.933333,0.021897,review
183,6.1,300,10.0,0.016422,review
184,6.133333,302,10.066667,0.010948,review
185,6.166667,304,10.133333,0.005474,review
186,6.2,306,10.2,0.0,review
187,6.233333,306,10.2,0.027855,review
188,6.266667,307,10.233333,0.055709,review
189,6.3,307,10.233333,0.083564,review
190,6.333333,308,10.266667,0.111418,review
191,6.366667,308,10.266667,0.139273,review
192,6.4,309,10.3,0.167127,review
193,6.433333,309,10.3,0.194982,review
194,6.466667,310,10.333333,0.222836,review
195,6.5,310,10.333333,0.250691,review
196,6.533333,311,10.366667,0.278545,review
197,6.566667,311,10.366667,0.3064,review
198,6.6,312,10.4,0.334254,review
199,6.633333,312,10.4,0.343381,review
200,6.666667,313,10.433333,0.352508,matched
201,6.7,313,10.433333,0.361636,matched
202,6.733333,314,10.466667,0.370763,matched
203,6.766667,314,10.466667,0.37989,matched
204,6.8,315,10.5,0.389017,matched
205,6.833333,316,10.533333,0.398144,matched
206,6.866667,316,10.533333,0.407271,matched
207,6.9,317,10.566667,0.416399,matched
208,6.933333,317,10.566667,0.425526,matched
209,6.966667,318,10.6,0.434653,matched
210,7.0,318,10.6,0.44378,matched
211,7.033333,319,10.633333,0.428862,matched
212,7.066667,319,10.633333,0.413944,matched
213,7.1,320,10.666667,0.399026,matched
214,7.133333,320,10.666667,0.384108,matched
215,7.166667,321,10.7,0.36919,matched
216,7.2,321,10.7,0.354272,matched
217,7.233333,322,10.733333,0.339354,review
218,7.266667,322,10.733333,0.324436,review
219,7.3,323,10.766667,0.309518,review
220,7.333333,323,10.766667,0.2946,review
221,7.366667,324,10.8,0.279682,review
222,7.4,324,10.8,0.264764,review
223,7.433333,326,10.866667,0.27292,review
224,7.466667,328,10.933333,0.281076,review
225,7.5,330,11.0,0.289232,review
226,7.533333,332,11.066667,0.297388,review
227,7.566667,334,11.133333,0.305544,review
228,7.6,336,11.2,0.3137,review
229,7.633333,336,11.2,0.311514,review
230,7.666667,337,11.233333,0.309328,review
231,7.7,337,11.233333,0.307143,review
232,7.733333,338,11.266667,0.304957,review
233,7.766667,338,11.266667,0.302771,review
234,7.8,339,11.3,0.300585,review
235,7.833333,339,11.3,0.2984,review
236,7.866667,340,11.333333,0.296214,review
237,7.9,340,11.333333,0.294028,review
238,7.933333,341,11.366667,0.291842,review
239,7.966667,341,11.366667,0.289657,review
240,8.0,342,11.4,0.287471,review
241,8.033333,342,11.4,0.266934,review
242,8.066667,343,11.433333,0.246396,review
243,8.1,343,11.433333,0.225859,review
244,8.133333,344,11.466667,0.205322,review
245,8.166667,345,11.5,0.184784,review
246,8.2,345,11.5,0.164247,review
247,8.233333,346,11.533333,0.14371,review
248,8.266667,346,11.533333,0.123172,review
249,8.3,347,11.566667,0.102635,review
250,8.333333,347,11.566667,0.082097,review
251,8.366667,348,11.6,0.06156,review
252,8.4,348,11.6,0.041024,review
253,8.433333,350,11.666667,0.111181,review
254,8.466667,352,11.733333,0.181338,review
255,8.5,354,11.8,0.251496,review
256,8.533333,356,11.866667,0.321653,review
257,8.566667,358,11.933333,0.39181,matched
258,8.6,360,12.0,0.461967,matched
259,8.633333,362,12.066667,0.390761,matched
260,8.666667,364,12.133333,0.319553,review
261,8.7,366,12.2,0.248346,review
262,8.733333,368,12.266667,0.177138,review
263,8.766667,370,12.333333,0.10593,review
264,8.8,372,12.4,0.034722,review
265,8.833333,374,12.466667,0.111728,review
266,8.866667,376,12.533333,0.188734,review
267,8.9,378,12.6,0.26574,review
268,8.933333,380,12.666667,0.342747,review
269,8.966667,382,12.733333,0.419753,matched
270,9.0,384,12.8,0.496759,matched
271,9.033333,385,12.833333,0.513696,matched
272,9.066667,385,12.833333,0.530633,matched
273,9.1,386,12.866667,0.547569,matched
274,9.133333,386,12.866667,0.564506,matched
275,9.166667,387,12.9,0.581443,matched
276,9.2,387,12.9,0.59838,matched
277,9.233333,388,12.933333,0.615316,matched
278,9.266667,388,12.933333,0.632253,matched
279,9.3,389,12.966667,0.64919,matched
280,9.333333,389,12.966667,0.666127,matched
281,9.366667,390,13.0,0.683063,matched
282,9.4,390,13.0,0.7,matched
283,9.433333,391,13.033333,0.7,matched
284,9.466667,391,13.033333,0.7,matched
285,9.5,392,13.066667,0.7,matched
286,9.533333,392,13.066667,0.7,matched
287,9.566667,392,13.066667,0.7,matched
288,9.6,393,13.1,0.7,matched
289,9.633333,393,13.1,0.7,matched
290,9.666667,394,13.133333,0.7,matched
291,9.7,394,13.133333,0.7,matched
292,9.733333,395,13.166667,0.7,matched
293,9.766667,395,13.166667,0.7,matched
294,9.8,396,13.2,0.7,matched
295,9.833333,398,13.266667,0.634034,matched
296,9.866667,400,13.333333,0.568069,matched
297,9.9,402,13.4,0.502103,matched
298,9.933333,404,13.466667,0.436137,matched
299,9.966667,406,13.533333,0.370171,matched
300,10.0,408,13.6,0.304205,review
301,10.033333,410,13.666667,0.253504,review
302,10.066667,412,13.733333,0.202803,review
303,10.1,414,13.8,0.152102,review
304,10.133333,416,13.866667,0.101401,review
305,10.166667,418,13.933333,0.050701,review
306,10.2,420,14.0,0.0,review
307,10.233333,422,14.066667,0.040889,review
308,10.266667,424,14.133333,0.081778,review
309,10.3,426,14.2,0.122667,review
310,10.333333,428,14.266667,0.163556,review
311,10.366667,430,14.333333,0.204445,review
312,10.4,432,14.4,0.245333,review
313,10.433333,434,14.466667,0.212565,review
314,10.466667,436,14.533333,0.179798,review
315,10.5,438,14.6,0.147031,review
316,10.533333,440,14.666667,0.114264,review
317,10.566667,442,14.733333,0.081497,review
318,10.6,444,14.8,0.048729,review
319,10.633333,446,14.866667,0.157273,review
320,10.666667,448,14.933333,0.265818,review
321,10.7,450,15.0,0.374364,matched
322,10.733333,452,15.066667,0.482909,matched
323,10.766667,454,15.133333,0.591454,matched
324,10.8,456,15.2,0.699999,matched
325,10.833333,456,15.2,0.7,matched
326,10.866667,457,15.233333,0.7,matched
327,10.9,457,15.233333,0.7,matched
328,10.933333,458,15.266667,0.7,matched
329,10.966667,458,15.266667,0.7,matched
330,11.0,459,15.3,0.7,matched
331,11.033333,459,15.3,0.7,matched
332,11.066667,460,15.333333,0.7,matched
333,11.1,460,15.333333,0.7,matched
334,11.133333,461,15.366667,0.7,matched
335,11.166667,461,15.366667,0.7,matched
336,11.2,462,15.4,0.7,matched
337,11.233333,462,15.4,0.7,matched
338,11.266667,463,15.433333,0.7,matched
339,11.3,463,15.433333,0.7,matched
340,11.333333,464,15.466667,0.7,matched
341,11.366667,464,15.466667,0.7,matched
342,11.4,465,15.5,0.7,matched
343,11.433333,465,15.5,0.7,matched
344,11.466667,466,15.533333,0.7,matched
345,11.5,467,15.566667,0.7,matched
346,11.533333,467,15.566667,0.7,matched
347,11.566667,468,15.6,0.7,matched
348,11.6,468,15.6,0.7,matched
349,11.633333,469,15.633333,0.708325,matched
350,11.666667,469,15.633333,0.716651,matched
351,11.7,470,15.666667,0.724976,matched
352,11.733333,470,15.666667,0.733302,matched
353,11.766667,471,15.7,0.741627,matched
354,11.8,471,15.7,0.749952,matched
355,11.833333,472,15.733333,0.758278,matched
356,11.866667,472,15.733333,0.766603,matched
357,11.9,473,15.766667,0.774929,matched
358,11.933333,473,15.766667,0.783254,matched
359,11.966667,474,15.8,0.79158,matched
360,12.0,474,15.8,0.799905,matched
361,12.033333,475,15.833333,0.795177,matched
362,12.066667,475,15.833333,0.79045,matched
363,12.1,476,15.866667,0.785722,matched
364,12.133333,476,15.866667,0.780994,matched
365,12.166667,477,15.9,0.776267,matched
366,12.2,477,15.9,0.771539,matched
367,12.233333,478,15.933333,0.766811,matched
368,12.266667,478,15.933333,0.762084,matched
369,12.3,479,15.966667,0.757356,matched
370,12.333333,479,15.966667,0.752628,matched
371,12.366667,480,16.0,0.747901,matched
372,12.4,480,16.0,0.743173,matched
373,12.433333,481,16.033333,0.746187,matched
374,12.466667,481,16.033333,0.7492,matched
375,12.5,482,16.066667,0.752214,matched
376,12.533333,482,16.066667,0.755227,matched
377,12.566667,483,16.1,0.758241,matched
378,12.6,483,16.1,0.761254,matched
379,12.633333,484,16.133333,0.764268,matched
380,12.666667,484,16.133333,0.767281,matched
381,12.7,485,16.166667,0.770295,matched
382,12.733333,485,16.166667,0.773308,matched
383,12.766667,486,16.2,0.776322,matched
384,12.8,486,16.2,0.779335,matched
385,12.833333,487,16.233333,0.774879,matched
386,12.866667,487,16.233333,0.770423,matched
387,12.9,488,16.266667,0.765967,matched
388,12.933333,488,16.266667,0.761511,matched
389,12.966667,489,16.3,0.757055,matched
390,13.0,489,16.3,0.752599,matched
391,13.033333,490,16.333333,0.748143,matched
392,13.066667,490,16.333333,0.743687,matched
393,13.1,490,16.333333,0.739231,matched
394,13.133333,491,16.366667,0.734775,matched
395,13.166667,491,16.366667,0.730319,matched
396,13.2,492,16.4,0.725863,matched
397,13.233333,492,16.4,0.723708,matched
398,13.266667,493,16.433333,0.721552,matched
399,13.3,493,16.433333,0.719397,matched
400,13.333333,494,16.466667,0.717242,matched
401,13.366667,494,16.466667,0.715087,matched
402,13.4,495,16.5,0.712931,matched
403,13.433333,495,16.5,0.710776,matched
404,13.466667,496,16.533333,0.708621,matched
405,13.5,497,16.566667,0.706466,matched
406,13.533333,497,16.566667,0.704311,matched
407,13.566667,498,16.6,0.702155,matched
408,13.6,498,16.6,0.7,matched
409,13.633333,499,16.633333,0.689128,matched
410,13.666667,499,16.633333,0.678257,matched
411,13.7,499,16.633333,0.667385,matched
412,13.733333,500,16.666667,0.656513,matched
413,13.766667,500,16.666667,0.645641,matched
414,13.8,501,16.7,0.63477,matched
415,13.833333,501,16.7,0.623898,matched
416,13.866667,502,16.733333,0.613026,matched
417,13.9,502,16.733333,0.602154,matched
418,13.933333,503,16.766667,0.591283,matched
419,13.966667,503,16.766667,0.580411,matched
420,14.0,504,16.8,0.569539,matched
421,14.033333,506,16.866667,0.474616,matched
422,14.066667,508,16.933333,0.379692,matched
423,14.1,510,17.0,0.284769,review
424,14.133333,512,17.066667,0.189846,review
425,14.166667,514,17.133333,0.094923,review
426,14.2,516,17.2,0.0,review
427,14.233333,518,17.266667,0.006746,review
428,14.266667,520,17.333333,0.013493,review
429,14.3,522,17.4,0.020239,review
430,14.333333,524,17.466667,0.026985,review
431,14.366667,526,17.533333,0.033732,review
432,14.4,528,17.6,0.040478,review
433,14.433333,530,17.666667,0.053708,review
434,14.466667,532,17.733333,0.066937,review
435,14.5,534,17.8,0.080167,review
436,14.533333,536,17.866667,0.093396,review
437,14.566667,538,17.933333,0.106625,review
438,14.6,540,18.0,0.119855,review
439,14.633333,542,18.066667,0.11887,review
440,14.666667,544,18.133333,0.117885,review
441,14.7,546,18.2,0.1169,review
442,14.733333,548,18.266667,0.115914,review
443,14.766667,550,18.333333,0.114929,review
444,14.8,552,18.4,0.113944,review
445,14.833333,554,18.466667,0.132299,review
446,14.866667,556,18.533333,0.150654,review
447,14.9,558,18.6,0.169008,review
448,14.933333,560,18.666667,0.187363,review
449,14.966667,562,18.733333,0.205718,review
450,15.0,564,18.8,0.224073,review
451,15.033333,566,18.866667,0.247532,review
452,15.066667,568,18.933333,0.270991,review
453,15.1,570,19.0,0.294451,review
454,15.133333,572,19.066667,0.31791,review
455,15.166667,574,19.133333,0.341369,review
456,15.2,576,19.2,0.364828,matched
457,15.233333,578,19.266667,0.333134,review
458,15.266667,580,19.333333,0.30144,review
459,15.3,582,19.4,0.269746,review
460,15.333333,584,19.466667,0.238052,review
461,15.366667,586,19.533333,0.206359,review
462,15.4,588,19.6,0.174665,review
463,15.433333,590,19.666667,0.154902,review
464,15.466667,592,19.733333,0.13514,review
465,15.5,594,19.8,0.115377,review
466,15.533333,596,19.866667,0.095614,review
467,15.566667,598,19.933333,0.075852,review
468,15.6,600,20.0,0.056089,review
469,15.633333,602,20.066667,0.066148,review
470,15.666667,604,20.133333,0.076208,review
471,15.7,606,20.2,0.086267,review
472,15.733333,608,20.266667,0.096327,review
473,15.766667,610,20.333333,0.106386,review
474,15.8,612,20.4,0.116446,review
475,15.833333,614,20.466667,0.097038,review
476,15.866667,616,20.533333,0.077631,review
477,15.9,618,20.6,0.058223,review
478,15.933333,620,20.666667,0.038815,review
479,15.966667,622,20.733333,0.019408,review
480,16.0,624,20.8,0.0,review
481,16.033333,624,20.8,0.02059,review
482,16.066667,625,20.833333,0.04118,review
483,16.1,625,20.833333,0.06177,review
484,16.133333,626,20.866667,0.08236,review
485,16.166667,626,20.866667,0.10295,review
486,16.2,627,20.9,0.12354,review
487,16.233333,627,20.9,0.14413,review
488,16.266667,628,20.933333,0.164719,review
489,16.3,628,20.933333,0.185309,review
490,16.333333,629,20.966667,0.205899,review
491,16.366667,630,21.0,0.226489,review
492,16.4,630,21.0,0.247079,review
493,16.433333,631,21.033333,0.252782,review
494,16.466667,631,21.033333,0.258485,review
495,16.5,632,21.066667,0.264188,review
496,16.533333,632,21.066667,0.269891,review
497,16.566667,633,21.1,0.275595,review
498,16.6,633,21.1,0.281298,review
499,16.633333,634,21.133333,0.287001,review
500,16.666667,634,21.133333,0.292704,review
501,16.7,635,21.166667,0.298407,review
502,16.733333,635,21.166667,0.30411,review
503,16.766667,636,21.2,0.309813,review
504,16.8,636,21.2,0.315516,review
505,16.833333,637,21.233333,0.318765,review
506,16.866667,637,21.233333,0.322015,review
507,16.9,638,21.266667,0.325264,review
508,16.933333,638,21.266667,0.328513,review
509,16.966667,639,21.3,0.331762,review
510,17.0,639,21.3,0.335011,review
511,17.033333,640,21.333333,0.338261,review
512,17.066667,640,21.333333,0.34151,review
513,17.1,640,21.333333,0.344759,review
514,17.133333,641,21.366667,0.348008,review
515,17.166667,641,21.366667,0.351258,matched
516,17.2,642,21.4,0.354507,matched
517,17.233333,642,21.4,0.383297,matched
518,17.266667,643,21.433333,0.412089,matched
519,17.3,643,21.433333,0.44088,matched
520,17.333333,644,21.466667,0.469671,matched
521,17.366667,644,21.466667,0.498462,matched
522,17.4,645,21.5,0.527253,matched
523,17.433333,645,21.5,0.556044,matched
524,17.466667,646,21.533333,0.584835,matched
525,17.5,646,21.533333,0.613626,matched
526,17.533333,647,21.566667,0.642417,matched
527,17.566667,648,21.6,0.671209,matched
528,17.6,648,21.6,0.7,matched
529,17.633333,649,21.633333,0.699684,matched
530,17.666667,649,21.633333,0.699368,matched
531,17.7,649,21.633333,0.699051,matched
532,17.733333,650,21.666667,0.698735,matched
533,17.766667,650,21.666667,0.698419,matched
534,17.8,651,21.7,0.698103,matched
535,17.833333,651,21.7,0.697787,matched
536,17.866667,652,21.733333,0.697471,matched
537,17.9,652,21.733333,0.697154,matched
538,17.933333,653,21.766667,0.696838,matched
539,17.966667,653,21.766667,0.696522,matched
540,18.0,654,21.8,0.696206,matched
541,18.033333,654,21.8,0.696522,matched
542,18.066667,655,21.833333,0.696838,matched
543,18.1,655,21.833333,0.697154,matched
544,18.133333,656,21.866667,0.697471,matched
545,18.166667,656,21.866667,0.697787,matched
546,18.2,657,21.9,0.698103,matched
547,18.233333,657,21.9,0.698419,matched
548,18.266667,658,21.933333,0.698735,matched
549,18.3,658,21.933333,0.699051,matched
550,18.333333,659,21.966667,0.699368,matched
551,18.366667,660,22.0,0.699684,matched
552,18.4,660,22.0,0.7,matched
553,18.433333,661,22.033333,0.7,matched
554,18.466667,661,22.033333,0.7,matched
555,18.5,662,22.066667,0.7,matched
556,18.533333,662,22.066667,0.7,matched
557,18.566667,663,22.1,0.7,matched
558,18.6,663,22.1,0.7,matched
559,18.633333,664,22.133333,0.7,matched
560,18.666667,664,22.133333,0.7,matched
561,18.7,665,22.166667,0.7,matched
562,18.733333,665,22.166667,0.7,matched
563,18.766667,666,22.2,0.7,matched
564,18.8,666,22.2,0.7,matched
565,18.833333,667,22.233333,0.7,matched
566,18.866667,667,22.233333,0.7,matched
567,18.9,668,22.266667,0.7,matched
568,18.933333,668,22.266667,0.7,matched
569,18.966667,669,22.3,0.7,matched
570,19.0,669,22.3,0.7,matched
571,19.033333,670,22.333333,0.7,matched
572,19.066667,670,22.333333,0.7,matched
573,19.1,670,22.333333,0.7,matched
574,19.133333,671,22.366667,0.7,matched
575,19.166667,671,22.366667,0.7,matched
576,19.2,672,22.4,0.7,matched
577,19.233333,672,22.4,0.7,matched
578,19.266667,673,22.433333,0.7,matched
579,19.3,673,22.433333,0.7,matched
580,19.333333,674,22.466667,0.7,matched
581,19.366667,674,22.466667,0.7,matched
582,19.4,675,22.5,0.7,matched
583,19.433333,675,22.5,0.7,matched
584,19.466667,676,22.533333,0.7,matched
585,19.5,676,22.533333,0.7,matched
586,19.533333,677,22.566667,0.7,matched
587,19.566667,678,22.6,0.7,matched
588,19.6,678,22.6,0.7,matched
589,19.633333,679,22.633333,0.7,matched
590,19.666667,679,22.633333,0.7,matched
591,19.7,679,22.633333,0.7,matched
592,19.733333,680,22.666667,0.7,matched
593,19.766667,680,22.666667,0.7,matched
594,19.8,681,22.7,0.7,matched
595,19.833333,681,22.7,0.7,matched
596,19.866667,682,22.733333,0.7,matched
597,19.9,682,22.733333,0.7,matched
598,19.933333,683,22.766667,0.7,matched
599,19.966667,683,22.766667,0.7,matched
600,20.0,684,22.8,0.7,matched
601,20.033333,684,22.8,0.697391,matched
602,20.066667,685,22.833333,0.694783,matched
603,20.1,685,22.833333,0.692174,matched
604,20.133333,686,22.866667,0.689565,matched
605,20.166667,686,22.866667,0.686957,matched
606,20.2,687,22.9,0.684348,matched
607,20.233333,687,22.9,0.681739,matched
608,20.266667,688,22.933333,0.679131,matched
609,20.3,688,22.933333,0.676522,matched
610,20.333333,689,22.966667,0.673913,matched
611,20.366667,690,23.0,0.671305,matched
612,20.4,690,23.0,0.668696,matched
613,20.433333,691,23.033333,0.671305,matched
614,20.466667,691,23.033333,0.673913,matched
615,20.5,692,23.066667,0.676522,matched
616,20.533333,692,23.066667,0.679131,matched
617,20.566667,693,23.1,0.681739,matched
618,20.6,693,23.1,0.684348,matched
619,20.633333,694,23.133333,0.686957,matched
620,20.666667,694,23.133333,0.689565,matched
621,20.7,695,23.166667,0.692174,matched
622,20.733333,695,23.166667,0.694783,matched
623,20.766667,696,23.2,0.697391,matched
624,20.8,696,23.2,0.7,matched
625,20.833333,697,23.233333,0.7,matched
626,20.866667,697,23.233333,0.7,matched
627,20.9,698,23.266667,0.7,matched
628,20.933333,698,23.266667,0.7,matched
629,20.966667,699,23.3,0.7,matched
630,21.0,699,23.3,0.7,matched
631,21.033333,700,23.333333,0.7,matched
632,21.066667,700,23.333333,0.7,matched
633,21.1,700,23.333333,0.7,matched
634,21.133333,701,23.366667,0.7,matched
635,21.166667,701,23.366667,0.7,matched
636,21.2,702,23.4,0.7,matched
637,21.233333,702,23.4,0.7,matched
638,21.266667,703,23.433333,0.7,matched
639,21.3,703,23.433333,0.7,matched
640,21.333333,704,23.466667,0.7,matched
641,21.366667,704,23.466667,0.7,matched
642,21.4,705,23.5,0.7,matched
643,21.433333,705,23.5,0.7,matched
644,21.466667,706,23.533333,0.7,matched
645,21.5,706,23.533333,0.7,matched
646,21.533333,707,23.566667,0.7,matched
647,21.566667,708,23.6,0.7,matched
648,21.6,708,23.6,0.7,matched
649,21.633333,709,23.633333,0.7,matched
650,21.666667,709,23.633333,0.7,matched
651,21.7,709,23.633333,0.7,matched
652,21.733333,710,23.666667,0.7,matched
653,21.766667,710,23.666667,0.7,matched
654,21.8,711,23.7,0.7,matched
655,21.833333,711,23.7,0.7,matched
656,21.866667,712,23.733333,0.7,matched
657,21.9,712,23.733333,0.7,matched
658,21.933333,713,23.766667,0.7,matched
659,21.966667,713,23.766667,0.7,matched
660,22.0,714,23.8,0.7,matched
661,22.033333,714,23.8,0.7,matched
662,22.066667,715,23.833333,0.7,matched
663,22.1,715,23.833333,0.7,matched
664,22.133333,716,23.866667,0.7,matched
665,22.166667,716,23.866667,0.7,matched
666,22.2,717,23.9,0.7,matched
667,22.233333,717,23.9,0.7,matched
668,22.266667,718,23.933333,0.7,matched
669,22.3,718,23.933333,0.7,matched
670,22.333333,719,23.966667,0.7,matched
671,22.366667,720,24.0,0.7,matched
672,22.4,720,24.0,0.7,matched
673,22.433333,721,24.033333,0.7,matched
674,22.466667,721,24.033333,0.7,matched
675,22.5,722,24.066667,0.7,matched
676,22.533333,722,24.066667,0.7,matched
677,22.566667,723,24.1,0.7,matched
678,22.6,723,24.1,0.7,matched
679,22.633333,724,24.133333,0.7,matched
680,22.666667,724,24.133333,0.7,matched
681,22.7,725,24.166667,0.7,matched
682,22.733333,725,24.166667,0.7,matched
683,22.766667,726,24.2,0.7,matched
684,22.8,726,24.2,0.7,matched
685,22.833333,727,24.233333,0.7,matched
686,22.866667,727,24.233333,0.7,matched
687,22.9,728,24.266667,0.7,matched
688,22.933333,728,24.266667,0.7,matched
689,22.966667,729,24.3,0.7,matched
690,23.0,729,24.3,0.7,matched
691,23.033333,730,24.333333,0.7,matched
692,23.066667,730,24.333333,0.7,matched
693,23.1,730,24.333333,0.7,matched
694,23.133333,731,24.366667,0.7,matched
695,23.166667,731,24.366667,0.7,matched
696,23.2,732,24.4,0.7,matched
697,23.233333,732,24.4,0.7,matched
698,23.266667,733,24.433333,0.7,matched
699,23.3,733,24.433333,0.7,matched
700,23.333333,734,24.466667,0.7,matched
701,23.366667,734,24.466667,0.7,matched
702,23.4,735,24.5,0.7,matched
703,23.433333,735,24.5,0.7,matched
704,23.466667,736,24.533333,0.7,matched
705,23.5,736,24.533333,0.7,matched
706,23.533333,737,24.566667,0.7,matched
707,23.566667,738,24.6,0.7,matched
708,23.6,738,24.6,0.7,matched
709,23.633333,739,24.633333,0.7,matched
710,23.666667,739,24.633333,0.7,matched
711,23.7,739,24.633333,0.7,matched
712,23.733333,740,24.666667,0.7,matched
713,23.766667,740,24.666667,0.7,matched
714,23.8,741,24.7,0.7,matched
715,23.833333,741,24.7,0.7,matched
716,23.866667,742,24.733333,0.7,matched
717,23.9,742,24.733333,0.7,matched
718,23.933333,743,24.766667,0.7,matched
719,23.966667,743,24.766667,0.7,matched
720,24.0,744,24.8,0.7,matched
721,24.033333,744,24.8,0.681868,matched
722,24.066667,745,24.833333,0.663735,matched
723,24.1,745,24.833333,0.645603,matched
724,24.133333,746,24.866667,0.62747,matched
725,24.166667,746,24.866667,0.609338,matched
726,24.2,747,24.9,0.591205,matched
727,24.233333,747,24.9,0.573073,matched
728,24.266667,748,24.933333,0.554941,matched
729,24.3,748,24.933333,0.536808,matched
730,24.333333,749,24.966667,0.518676,matched
731,24.366667,750,25.0,0.500543,matched
732,24.4,750,25.0,0.482411,matched
733,24.433333,751,25.033333,0.469269,matched
734,24.466667,751,25.033333,0.456128,matched
735,24.5,752,25.066667,0.442986,matched
736,24.533333,752,25.066667,0.429845,matched
737,24.566667,753,25.1,0.416703,matched
738,24.6,753,25.1,0.403562,matched
739,24.633333,754,25.133333,0.39042,matched
740,24.666667,754,25.133333,0.377279,matched
741,24.7,755,25.166667,0.364137,matched
742,24.733333,755,25.166667,0.350996,matched
743,24.766667,756,25.2,0.337854,review
744,24.8,756,25.2,0.324713,review
745,24.833333,757,25.233333,0.321858,review
746,24.866667,757,25.233333,0.319003,review
747,24.9,758,25.266667,0.316148,review
748,24.933333,758,25.266667,0.313294,review
749,24.966667,759,25.3,0.310439,review
750,25.0,759,25.3,0.307584,review
751,25.033333,760,25.333333,0.304729,review
752,25.066667,760,25.333333,0.301874,review
753,25.1,760,25.333333,0.29902,review
754,25.133333,761,25.366667,0.296165,review
755,25.166667,761,25.366667,0.29331,review
756,25.2,762,25.4,0.290455,review
757,25.233333,762,25.4,0.266251,review
758,25.266667,763,25.433333,0.242046,review
759,25.3,763,25.433333,0.217842,review
760,25.333333,764,25.466667,0.193637,review
761,25.366667,764,25.466667,0.169433,review
762,25.4,765,25.5,0.145228,review
763,25.433333,765,25.5,0.121023,review
764,25.466667,766,25.533333,0.096819,review
765,25.5,766,25.533333,0.072614,review
766,25.533333,767,25.566667,0.048409,review
767,25.566667,768,25.6,0.024205,review
768,25.6,768,25.6,0.0,review
769,25.633333,770,25.666667,0.0,review
770,25.666667,772,25.733333,0.0,review
771,25.7,774,25.8,0.0,review
772,25.733333,776,25.866667,0.0,review
773,25.766667,778,25.933333,0.0,review
774,25.8,780,26.0,0.0,review
775,25.833333,782,26.066667,0.0,review
776,25.866667,784,26.133333,0.0,review
777,25.9,786,26.2,0.0,review
778,25.933333,788,26.266667,0.0,review
779,25.966667,790,26.333333,0.0,review
780,26.0,792,26.4,0.0,review
781,26.033333,792,26.4,0.0,review
782,26.066667,793,26.433333,0.0,review
783,26.1,793,26.433333,0.0,review
784,26.133333,794,26.466667,0.0,review
785,26.166667,795,26.5,0.0,review
786,26.2,795,26.5,0.0,review
787,26.233333,796,26.533333,0.0,review
788,26.266667,796,26.533333,0.0,review
789,26.3,797,26.566667,0.0,review
790,26.333333,797,26.566667,0.0,review
791,26.366667,798,26.6,0.0,review
792,26.4,798,26.6,0.0,review
793,26.433333,800,26.666667,0.032676,review
794,26.466667,802,26.733333,0.065351,review
795,26.5,804,26.8,0.098026,review
796,26.533333,806,26.866667,0.130702,review
797,26.566667,808,26.933333,0.163377,review
798,26.6,810,27.0,0.196053,review
799,26.633333,810,27.0,0.20242,review
800,26.666667,811,27.033333,0.208787,review
801,26.7,812,27.066667,0.215154,review
802,26.733333,812,27.066667,0.221521,review
803,26.766667,813,27.1,0.227888,review
804,26.8,813,27.1,0.234255,review
805,26.833333,814,27.133333,0.240622,review
806,26.866667,814,27.133333,0.246989,review
807,26.9,815,27.166667,0.253356,review
808,26.933333,815,27.166667,0.259723,review
809,26.966667,816,27.2,0.26609,review
810,27.0,816,27.2,0.272457,review
811,27.033333,818,27.266667,0.295754,review
812,27.066667,820,27.333333,0.319052,review
813,27.1,822,27.4,0.342349,review
814,27.133333,824,27.466667,0.365647,matched
815,27.166667,826,27.533333,0.388944,matched
816,27.2,828,27.6,0.412241,matched
817,27.233333,830,27.666667,0.355441,matched
818,27.266667,832,27.733333,0.298638,review
819,27.3,834,27.8,0.241835,review
820,27.333333,836,27.866667,0.185033,review
821,27.366667,838,27.933333,0.12823,review
822,27.4,840,28.0,0.071428,review
823,27.433333,842,28.066667,0.086707,review
824,27.466667,844,28.133333,0.101986,review
825,27.5,846,28.2,0.117265,review
826,27.533333,848,28.266667,0.132544,review
827,27.566667,850,28.333333,0.147823,review
828,27.6,852,28.4,0.163102,review
829,27.633333,854,28.466667,0.178915,review
830,27.666667,856,28.533333,0.194728,review
831,27.7,858,28.6,0.210542,review
832,27.733333,860,28.666667,0.226355,review
833,27.766667,862,28.733333,0.242168,review
834,27.8,864,28.8,0.257982,review
835,27.833333,864,28.8,0.281219,review
836,27.866667,865,28.833333,0.304456,review
837,27.9,865,28.833333,0.327694,review
838,27.933333,866,28.866667,0.350931,matched
839,27.966667,866,28.866667,0.374169,matched
840,28.0,867,28.9,0.397406,matched
841,28.033333,867,28.9,0.420643,matched
842,28.066667,868,28.933333,0.443881,matched
843,28.1,868,28.933333,0.467118,matched
844,28.133333,869,28.966667,0.490356,matched
845,28.166667,869,28.966667,0.513593,matched
846,28.2,870,29.0,0.53683,matched
847,28.233333,870,29.0,0.54918,matched
848,28.266667,871,29.033333,0.561529,matched
849,28.3,871,29.033333,0.573879,matched
850,28.333333,872,29.066667,0.586228,matched
851,28.366667,873,29.1,0.598577,matched
852,28.4,873,29.1,0.610926,matched
853,28.433333,874,29.133333,0.623276,matched
854,28.466667,874,29.133333,0.635625,matched
855,28.5,875,29.166667,0.647974,matched
856,28.533333,875,29.166667,0.660323,matched
857,28.566667,876,29.2,0.672673,matched
858,28.6,876,29.2,0.685022,matched
859,28.633333,877,29.233333,0.68627,matched
860,28.666667,877,29.233333,0.687518,matched
861,28.7,878,29.266667,0.688766,matched
862,28.733333,878,29.266667,0.690015,matched
863,28.766667,879,29.3,0.691263,matched
864,28.8,879,29.3,0.692511,matched
865,28.833333,880,29.333333,0.693759,matched
866,28.866667,880,29.333333,0.695007,matched
867,28.9,880,29.333333,0.696255,matched
868,28.933333,881,29.366667,0.697504,matched
869,28.966667,881,29.366667,0.698752,matched
870,29.0,882,29.4,0.7,matched
871,29.033333,882,29.4,0.7,matched
872,29.066667,883,29.433333,0.7,matched
873,29.1,883,29.433333,0.7,matched
874,29.133333,884,29.466667,0.7,matched
875,29.166667,885,29.5,0.7,matched
876,29.2,885,29.5,0.7,matched
877,29.233333,886,29.533333,0.7,matched
878,29.266667,886,29.533333,0.7,matched
879,29.3,887,29.566667,0.7,matched
880,29.333333,887,29.566667,0.7,matched
881,29.366667,888,29.6,0.7,matched
882,29.4,888,29.6,0.7,matched
883,29.433333,889,29.633333,0.7,matched
884,29.466667,889,29.633333,0.7,matched
885,29.5,890,29.666667,0.7,matched
886,29.533333,890,29.666667,0.7,matched
887,29.566667,891,29.7,0.7,matched
888,29.6,891,29.7,0.7,matched
889,29.633333,892,29.733333,0.7,matched
890,29.666667,892,29.733333,0.7,matched
891,29.7,892,29.733333,0.7,matched
892,29.733333,893,29.766667,0.7,matched
893,29.766667,893,29.766667,0.7,matched
894,29.8,894,29.8,0.699999,matched
895,29.833333,894,29.8,0.673133,matched
896,29.866667,895,29.833333,0.646266,matched
897,29.9,895,29.833333,0.619399,matched
898,29.933333,896,29.866667,0.592532,matched
899,29.966667,896,29.866667,0.565666,matched
900,30.0,897,29.9,0.538799,matched
901,30.033333,897,29.9,0.511932,matched
902,30.066667,898,29.933333,0.485066,matched
903,30.1,898,29.933333,0.458199,matched
904,30.133333,899,29.966667,0.431332,matched
905,30.166667,899,29.966667,0.404465,matched
906,30.2,900,30.0,0.377599,matched
907,30.233333,900,30.0,0.355522,matched
908,30.266667,901,30.033333,0.333445,review
909,30.3,901,30.033333,0.311368,review
910,30.333333,902,30.066667,0.289292,review
911,30.366667,903,30.1,0.267215,review
912,30.4,903,30.1,0.245138,review
913,30.433333,904,30.133333,0.223062,review
914,30.466667,904,30.133333,0.200985,review
915,30.5,905,30.166667,0.178908,review
916,30.533333,905,30.166667,0.156832,review
917,30.566667,906,30.2,0.134755,review
918,30.6,906,30.2,0.112678,review
919,30.633333,908,30.266667,0.102682,review
920,30.666667,910,30.333333,0.092686,review
921,30.7,912,30.4,0.082689,review
922,30.733333,914,30.466667,0.072693,review
923,30.766667,916,30.533333,0.062697,review
924,30.8,918,30.6,0.052701,review
925,30.833333,920,30.666667,0.058145,review
926,30.866667,922,30.733333,0.063588,review
927,30.9,924,30.8,0.069032,review
928,30.933333,926,30.866667,0.074475,review
929,30.966667,928,30.933333,0.079919,review
930,31.0,930,31.0,0.085362,review
931,31.033333,931,31.033333,0.099454,review
932,31.066667,931,31.033333,0.113545,review
933,31.1,932,31.066667,0.127637,review
934,31.133333,932,31.066667,0.141728,review
935,31.166667,933,31.1,0.15582,review
936,31.2,933,31.1,0.169911,review
937,31.233333,934,31.133333,0.184003,review
938,31.266667,934,31.133333,0.198094,review
939,31.3,935,31.166667,0.212186,review
940,31.333333,935,31.166667,0.226277,review
941,31.366667,936,31.2,0.240369,review
942,31.4,936,31.2,0.25446,review
943,31.433333,938,31.266667,0.21205,review
944,31.466667,940,31.333333,0.16964,review
945,31.5,942,31.4,0.12723,review
946,31.533333,944,31.466667,0.08482,review
947,31.566667,946,31.533333,0.04241,review
948,31.6,948,31.6,0.0,review
949,31.633333,950,31.666667,0.004229,review
950,31.666667,952,31.733333,0.008458,review
951,31.7,954,31.8,0.012687,review
952,31.733333,956,31.866667,0.016916,review
953,31.766667,958,31.933333,0.021145,review
954,31.8,960,32.0,0.025374,review
955,31.833333,962,32.066667,0.025896,review
956,31.866667,964,32.133333,0.026417,review
957,31.9,966,32.2,0.026939,review
958,31.933333,968,32.266667,0.02746,review
959,31.966667,970,32.333333,0.027982,review
960,32.0,972,32.4,0.028503,review
961,32.033333,974,32.466667,0.023753,review
962,32.066667,976,32.533333,0.019002,review
963,32.1,978,32.6,0.014252,review
964,32.133333,980,32.666667,0.009501,review
965,32.166667,982,32.733333,0.004751,review
966,32.2,984,32.8,0.0,review
967,32.233333,986,32.866667,0.043246,review
968,32.266667,988,32.933333,0.086494,review
969,32.3,990,33.0,0.129741,review
970,32.333333,992,33.066667,0.172988,review
971,32.366667,994,33.133333,0.216236,review
972,32.4,996,33.2,0.259483,review
973,32.433333,998,33.266667,0.216239,review
974,32.466667,1000,33.333333,0.172991,review
975,32.5,1002,33.4,0.129743,review
976,32.533333,1004,33.466667,0.086494,review
977,32.566667,1006,33.533333,0.043246,review
978,32.6,1008,33.6,1e-06,review
979,32.633333,1010,33.666667,0.024123,review
980,32.666667,1012,33.733333,0.048245,review
981,32.7,1014,33.8,0.072367,review
982,32.733333,1016,33.866667,0.096489,review
983,32.766667,1018,33.933333,0.120611,review
984,32.8,1020,34.0,0.144733,review
985,32.833333,1022,34.066667,0.15366,review
986,32.866667,1024,34.133333,0.162587,review
987,32.9,1026,34.2,0.171515,review
988,32.933333,1028,34.266667,0.180442,review
989,32.966667,1030,34.333333,0.189369,review
990,33.0,1032,34.4,0.198296,review
991,33.033333,1033,34.433333,0.19046,review
992,33.066667,1033,34.433333,0.182624,review
993,33.1,1034,34.466667,0.174788,review
994,33.133333,1034,34.466667,0.166952,review
995,33.166667,1034,34.466667,0.159116,review
996,33.2,1035,34.5,0.15128,review
997,33.233333,1035,34.5,0.143444,review
998,33.266667,1036,34.533333,0.135608,review
999,33.3,1036,34.533333,0.127772,review
1000,33.333333,1037,34.566667,0.119935,review
1001,33.366667,1037,34.566667,0.112099,review
1002,33.4,1038,34.6,0.104263,review
1003,33.433333,1038,34.6,0.095575,review
1004,33.466667,1039,34.633333,0.086886,review
1005,33.5,1039,34.633333,0.078197,review
1006,33.533333,1040,34.666667,0.069509,review
1007,33.566667,1040,34.666667,0.06082,review
1008,33.6,1041,34.7,0.052132,review
1009,33.633333,1041,34.7,0.043443,review
1010,33.666667,1042,34.733333,0.034754,review
1011,33.7,1042,34.733333,0.026066,review
1012,33.733333,1043,34.766667,0.017377,review
1013,33.766667,1043,34.766667,0.008688,review
1014,33.8,1044,34.8,1e-06,review
1015,33.833333,1046,34.866667,0.033959,review
1016,33.866667,1048,34.933333,0.067918,review
1017,33.9,1050,35.0,0.101876,review
1018,33.933333,1052,35.066667,0.135834,review
1019,33.966667,1054,35.133333,0.169793,review
1020,34.0,1056,35.2,0.203751,review
1021,34.033333,1058,35.266667,0.194189,review
1022,34.066667,1060,35.333333,0.184628,review
1023,34.1,1062,35.4,0.175066,review
1024,34.133333,1064,35.466667,0.165504,review
1025,34.166667,1066,35.533333,0.155943,review
1026,34.2,1068,35.6,0.146381,review
1027,34.233333,1070,35.666667,0.129915,review
1028,34.266667,1072,35.733333,0.11345,review
1029,34.3,1074,35.8,0.096984,review
1030,34.333333,1076,35.866667,0.080518,review
1031,34.366667,1078,35.933333,0.064052,review
1032,34.4,1080,36.0,0.047586,review
1033,34.433333,1080,36.0,0.060675,review
1034,34.466667,1081,36.033333,0.073765,review
1035,34.5,1081,36.033333,0.086855,review
1036,34.533333,1082,36.066667,0.099946,review
1037,34.566667,1083,36.1,0.113036,review
1038,34.6,1083,36.1,0.126126,review
1039,34.633333,1084,36.133333,0.139217,review
1040,34.666667,1084,36.133333,0.152307,review
1041,34.7,1085,36.166667,0.165397,review
1042,34.733333,1085,36.166667,0.178488,review
1043,34.766667,1086,36.2,0.191578,review
1044,34.8,1086,36.2,0.204668,review
1045,34.833333,1088,36.266667,0.203958,review
1046,34.866667,1090,36.333333,0.203248,review
1047,34.9,1092,36.4,0.202538,review
1048,34.933333,1094,36.466667,0.201829,review
1049,34.966667,1096,36.533333,0.201119,review
1050,35.0,1098,36.6,0.200409,review
1051,35.033333,1100,36.666667,0.174826,review
1052,35.066667,1102,36.733333,0.149242,review
1053,35.1,1104,36.8,0.123659,review
1054,35.133333,1106,36.866667,0.098075,review
1055,35.166667,1108,36.933333,0.072492,review
1056,35.2,1110,37.0,0.046909,review
1057,35.233333,1112,37.066667,0.045378,review
1058,35.266667,1114,37.133333,0.043848,review
1059,35.3,1116,37.2,0.042319,review
1060,35.333333,1118,37.266667,0.040789,review
1061,35.366667,1120,37.333333,0.039259,review
1062,35.4,1122,37.4,0.037729,review
1063,35.433333,1124,37.466667,0.061817,review
1064,35.466667,1126,37.533333,0.085906,review
1065,35.5,1128,37.6,0.109996,review
1066,35.533333,1130,37.666667,0.134085,review
1067,35.566667,1132,37.733333,0.158174,review
1068,35.6,1134,37.8,0.182263,review
1069,35.633333,1136,37.866667,0.203623,review
1070,35.666667,1138,37.933333,0.224983,review
1071,35.7,1140,38.0,0.246343,review
1072,35.733333,1142,38.066667,0.267703,review
1073,35.766667,1144,38.133333,0.289063,review
1074,35.8,1146,38.2,0.310422,review
1075,35.833333,1147,38.233333,0.32265,review
1076,35.866667,1147,38.233333,0.334877,review
1077,35.9,1148,38.266667,0.347105,review
1078,35.933333,1148,38.266667,0.359332,matched
1079,35.966667,1149,38.3,0.37156,matched
1080,36.0,1149,38.3,0.383787,matched
1081,36.033333,1150,38.333333,0.396014,matched
1082,36.066667,1150,38.333333,0.408242,matched
1083,36.1,1151,38.366667,0.420469,matched
1084,36.133333,1151,38.366667,0.432697,matched
1085,36.166667,1152,38.4,0.444924,matched
1086,36.2,1152,38.4,0.457152,matched
1087,36.233333,1154,38.466667,0.436497,matched
1088,36.266667,1156,38.533333,0.415842,matched
1089,36.3,1158,38.6,0.395186,matched
1090,36.333333,1160,38.666667,0.374531,matched
1091,36.366667,1162,38.733333,0.353875,matched
1092,36.4,1164,38.8,0.33322,review
1093,36.433333,1166,38.866667,0.343246,review
1094,36.466667,1168,38.933333,0.353273,matched
1095,36.5,1170,39.0,0.363301,matched
1096,36.533333,1172,39.066667,0.373328,matched
1097,36.566667,1174,39.133333,0.383355,matched
1098,36.6,1176,39.2,0.39338,matched
1099,36.633333,1178,39.266667,0.348773,review
1100,36.666667,1180,39.333333,0.304166,review
1101,36.7,1182,39.4,0.259559,review
1102,36.733333,1184,39.466667,0.214952,review
1103,36.766667,1186,39.533333,0.170345,review
1104,36.8,1188,39.6,0.125739,review
1105,36.833333,1188,39.6,0.141118,review
1106,36.866667,1189,39.633333,0.156497,review
1107,36.9,1189,39.633333,0.171876,review
1108,36.933333,1190,39.666667,0.187254,review
1109,36.966667,1190,39.666667,0.202633,review
1110,37.0,1191,39.7,0.218012,review
1111,37.033333,1191,39.7,0.233391,review
1112,37.066667,1192,39.733333,0.24877,review
1113,37.1,1192,39.733333,0.264148,review
1114,37.133333,1193,39.766667,0.279527,review
1115,37.166667,1193,39.766667,0.294906,review
1116,37.2,1194,39.8,0.310285,review
1117,37.233333,1194,39.8,0.30628,review
1118,37.266667,1195,39.833333,0.302275,review
1119,37.3,1195,39.833333,0.29827,review
1120,37.333333,1196,39.866667,0.294264,review
1121,37.366667,1196,39.866667,0.290259,review
1122,37.4,1197,39.9,0.286254,review
1123,37.433333,1197,39.9,0.282249,review
1124,37.466667,1198,39.933333,0.278244,review
1125,37.5,1199,39.966667,0.274238,review
1126,37.533333,1199,39.966667,0.270233,review
1127,37.566667,1200,40.0,0.266228,review
1128,37.6,1200,40.0,0.262223,review
1129,37.633333,1201,40.033333,0.256878,review
1130,37.666667,1201,40.033333,0.251533,review
1131,37.7,1202,40.066667,0.246188,review
1132,37.733333,1202,40.066667,0.240843,review
1133,37.766667,1203,40.1,0.235497,review
1134,37.8,1203,40.1,0.230152,review
1135,37.833333,1204,40.133333,0.224807,review
1136,37.866667,1204,40.133333,0.219462,review
1137,37.9,1205,40.166667,0.214117,review
1138,37.933333,1205,40.166667,0.208772,review
1139,37.966667,1206,40.2,0.203427,review
1140,38.0,1206,40.2,0.198082,review
1141,38.033333,1208,40.266667,0.174948,review
1142,38.066667,1210,40.333333,0.151815,review
1143,38.1,1212,40.4,0.128681,review
1144,38.133333,1214,40.466667,0.105548,review
1145,38.166667,1216,40.533333,0.082414,review
1146,38.2,1218,40.6,0.059281,review
1147,38.233333,1220,40.666667,0.067495,review
1148,38.266667,1222,40.733333,0.07571,review
1149,38.3,1224,40.8,0.083925,review
1150,38.333333,1226,40.866667,0.09214,review
1151,38.366667,1228,40.933333,0.100355,review
1152,38.4,1230,41.0,0.10857,review
1153,38.433333,1230,41.0,0.099523,review
1154,38.466667,1231,41.033333,0.090475,review
1155,38.5,1231,41.033333,0.081428,review
1156,38.533333,1232,41.066667,0.07238,review
1157,38.566667,1233,41.1,0.063333,review
1158,38.6,1233,41.1,0.054285,review
1159,38.633333,1234,41.133333,0.045238,review
1160,38.666667,1234,41.133333,0.03619,review
1161,38.7,1235,41.166667,0.027142,review
1162,38.733333,1235,41.166667,0.018095,review
1163,38.766667,1236,41.2,0.009047,review
1164,38.8,1236,41.2,1e-06,review
1165,38.833333,1238,41.266667,0.050941,review
1166,38.866667,1240,41.333333,0.101881,review
1167,38.9,1242,41.4,0.152821,review
1168,38.933333,1244,41.466667,0.203761,review
1169,38.966667,1246,41.533333,0.254701,review
1170,39.0,1248,41.6,0.305641,review
1171,39.033333,1248,41.6,0.29079,review
1172,39.066667,1249,41.633333,0.275939,review
1173,39.1,1249,41.633333,0.261088,review
1174,39.133333,1250,41.666667,0.246237,review
1175,39.166667,1250,41.666667,0.231385,review
1176,39.2,1251,41.7,0.216534,review
1177,39.233333,1251,41.7,0.201683,review
1178,39.266667,1252,41.733333,0.186832,review
1179,39.3,1252,41.733333,0.171981,review
1180,39.333333,1253,41.766667,0.15713,review
1181,39.366667,1253,41.766667,0.142279,review
1182,39.4,1254,41.8,0.127428,review
1183,39.433333,1254,41.8,0.137694,review
1184,39.466667,1255,41.833333,0.147961,review
1185,39.5,1255,41.833333,0.158228,review
1186,39.533333,1256,41.866667,0.168495,review
1187,39.566667,1256,41.866667,0.178762,review
1188,39.6,1257,41.9,0.189029,review
1189,39.633333,1257,41.9,0.199297,review
1190,39.666667,1258,41.933333,0.209564,review
1191,39.7,1258,41.933333,0.219831,review
1192,39.733333,1259,41.966667,0.230098,review
1193,39.766667,1260,42.0,0.240365,review
1194,39.8,1260,42.0,0.250633,review
1195,39.833333,1262,42.066667,0.277808,review
1196,39.866667,1264,42.133333,0.304983,review
1197,39.9,1266,42.2,0.332158,review
1198,39.933333,1268,42.266667,0.359334,matched
1199,39.966667,1270,42.333333,0.386509,matched
1200,40.0,1272,42.4,0.413684,matched
1201,40.033333,1274,42.466667,0.365385,matched
1202,40.066667,1276,42.533333,0.317086,review
1203,40.1,1278,42.6,0.268787,review
1204,40.133333,1280,42.666667,0.220488,review
1205,40.166667,1282,42.733333,0.172189,review
1206,40.2,1284,42.8,0.12389,review
1207,40.233333,1286,42.866667,0.111382,review
1208,40.266667,1288,42.933333,0.098874,review
1209,40.3,1290,43.0,0.086367,review
1210,40.333333,1292,43.066667,0.073859,review
1211,40.366667,1294,43.133333,0.061352,review
1212,40.4,1296,43.2,0.048845,review
1213,40.433333,1297,43.233333,0.066019,review
1214,40.466667,1297,43.233333,0.083194,review
1215,40.5,1298,43.266667,0.100369,review
1216,40.533333,1298,43.266667,0.117545,review
1217,40.566667,1299,43.3,0.13472,review
1218,40.6,1299,43.3,0.151895,review
1219,40.633333,1300,43.333333,0.169071,review
1220,40.666667,1300,43.333333,0.186246,review
1221,40.7,1301,43.366667,0.203421,review
1222,40.733333,1301,43.366667,0.220597,review
1223,40.766667,1302,43.4,0.237772,review
1224,40.8,1302,43.4,0.254947,review
1225,40.833333,1303,43.433333,0.266664,review
1226,40.866667,1303,43.433333,0.278381,review
1227,40.9,1304,43.466667,0.290098,review
1228,40.933333,1304,43.466667,0.301814,review
1229,40.966667,1305,43.5,0.313531,review
1230,41.0,1305,43.5,0.325248,review
1231,41.033333,1305,43.5,0.336965,review
1232,41.066667,1306,43.533333,0.348682,review
1233,41.1,1306,43.533333,0.360398,matched
1234,41.133333,1307,43.566667,0.372115,matched
1235,41.166667,1307,43.566667,0.383832,matched
1236,41.2,1308,43.6,0.395549,matched
1237,41.233333,1310,43.666667,0.446289,matched
1238,41.266667,1312,43.733333,0.497031,matched
1239,41.3,1314,43.8,0.547773,matched
1240,41.333333,1316,43.866667,0.598514,matched
1241,41.366667,1318,43.933333,0.649256,matched
1242,41.4,1320,44.0,0.699998,matched
1243,41.433333,1320,44.0,0.686404,matched
1244,41.466667,1321,44.033333,0.672808,matched
1245,41.5,1321,44.033333,0.659212,matched
1246,41.533333,1322,44.066667,0.645616,matched
1247,41.566667,1323,44.1,0.63202,matched
1248,41.6,1323,44.1,0.618424,matched
1249,41.633333,1324,44.133333,0.604827,matched
1250,41.666667,1324,44.133333,0.591231,matched
1251,41.7,1325,44.166667,0.577635,matched
1252,41.733333,1325,44.166667,0.564039,matched
1253,41.766667,1326,44.2,0.550443,matched
1254,41.8,1326,44.2,0.536847,matched
1255,41.833333,1327,44.233333,0.52057,matched
1256,41.866667,1327,44.233333,0.504294,matched
1257,41.9,1328,44.266667,0.488017,matched
1258,41.933333,1328,44.266667,0.471741,matched
1259,41.966667,1329,44.3,0.455464,matched
1260,42.0,1329,44.3,0.439187,matched
1261,42.033333,1330,44.333333,0.422911,matched
1262,42.066667,1330,44.333333,0.406634,matched
1263,42.1,1331,44.366667,0.390358,matched
1264,42.133333,1331,44.366667,0.374081,matched
1265,42.166667,1332,44.4,0.357805,matched
1266,42.2,1332,44.4,0.341528,review
1267,42.233333,1334,44.466667,0.297689,review
1268,42.266667,1336,44.533333,0.253849,review
1269,42.3,1338,44.6,0.210009,review
1270,42.333333,1340,44.666667,0.166169,review
1271,42.366667,1342,44.733333,0.122329,review
1272,42.4,1344,44.8,0.078489,review
1273,42.433333,1346,44.866667,0.103251,review
1274,42.466667,1348,44.933333,0.128017,review
1275,42.5,1350,45.0,0.152782,review
1276,42.533333,1352,45.066667,0.177547,review
1277,42.566667,1354,45.133333,0.202313,review
1278,42.6,1356,45.2,0.227075,review
1279,42.633333,1358,45.266667,0.189229,review
1280,42.666667,1360,45.333333,0.151383,review
1281,42.7,1362,45.4,0.113537,review
1282,42.733333,1364,45.466667,0.075691,review
1283,42.766667,1366,45.533333,0.037845,review
1284,42.8,1368,45.6,1e-06,review
1285,42.833333,1370,45.666667,0.061341,review
1286,42.866667,1372,45.733333,0.122681,review
1287,42.9,1374,45.8,0.18402,review
1288,42.933333,1376,45.866667,0.24536,review
1289,42.966667,1378,45.933333,0.306699,review
1290,43.0,1380,46.0,0.368039,matched
1291,43.033333,1380,46.0,0.372241,matched
1292,43.066667,1381,46.033333,0.376443,matched
1293,43.1,1382,46.066667,0.380645,matched
1294,43.133333,1382,46.066667,0.384848,matched
1295,43.166667,1382,46.066667,0.38905,matched
1296,43.2,1383,46.1,0.393252,matched
1297,43.233333,1384,46.133333,0.397454,matched
1298,43.266667,1384,46.133333,0.401656,matched
1299,43.3,1384,46.133333,0.405858,matched
1300,43.333333,1385,46.166667,0.41006,matched
1301,43.366667,1386,46.2,0.414263,matched
1302,43.4,1386,46.2,0.418465,matched
1303,43.433333,1387,46.233333,0.402584,matched
1304,43.466667,1387,46.233333,0.386703,matched
1305,43.5,1388,46.266667,0.370822,matched
1306,43.533333,1388,46.266667,0.354941,matched
1307,43.566667,1389,46.3,0.339059,review
1308,43.6,1389,46.3,0.323178,review
1309,43.633333,1390,46.333333,0.307297,review
1310,43.666667,1390,46.333333,0.291416,review
1311,43.7,1391,46.366667,0.275534,review
1312,43.733333,1391,46.366667,0.259653,review
1313,43.766667,1392,46.4,0.243772,review
1314,43.8,1392,46.4,0.227891,review
1315,43.833333,1393,46.433333,0.207123,review
1316,43.866667,1394,46.466667,0.186355,review
1317,43.9,1395,46.5,0.165587,review
1318,43.933333,1396,46.533333,0.14482,review
1319,43.966667,1397,46.566667,0.124052,review
1320,44.0,1398,46.6,0.103284,review
1321,44.033333,1398,46.6,0.094677,review
1322,44.066667,1399,46.633333,0.08607,review
1323,44.1,1399,46.633333,0.077463,review
1324,44.133333,1400,46.666667,0.068856,review
1325,44.166667,1400,46.666667,0.060249,review
1326,44.2,1401,46.7,0.051642,review
1327,44.233333,1401,46.7,0.043035,review
1328,44.266667,1402,46.733333,0.034428,review
1329,44.3,1402,46.733333,0.025821,review
1330,44.333333,1403,46.766667,0.017214,review
1331,44.366667,1403,46.766667,0.008607,review
1332,44.4,1404,46.8,0.0,review
1333,44.433333,1406,46.866667,0.076924,review
1334,44.466667,1408,46.933333,0.153852,review
1335,44.5,1410,47.0,0.230779,review
1336,44.533333,1412,47.066667,0.307707,review
1337,44.566667,1414,47.133333,0.384635,matched
1338,44.6,1416,47.2,0.461557,matched
1339,44.633333,1418,47.266667,0.423415,matched
1340,44.666667,1420,47.333333,0.385273,matched
1341,44.7,1422,47.4,0.347131,review
1342,44.733333,1424,47.466667,0.308988,review
1343,44.766667,1426,47.533333,0.270846,review
1344,44.8,1428,47.6,0.232705,review
1345,44.833333,1428,47.6,0.215603,review
1346,44.866667,1429,47.633333,0.198501,review
1347,44.9,1429,47.633333,0.1814,review
1348,44.933333,1430,47.666667,0.164298,review
1349,44.966667,1430,47.666667,0.147196,review
1350,45.0,1431,47.7,0.130094,review
1351,45.033333,1431,47.7,0.112993,review
1352,45.066667,1432,47.733333,0.095891,review
1353,45.1,1432,47.733333,0.078789,review
1354,45.133333,1433,47.766667,0.061688,review
1355,45.166667,1433,47.766667,0.044586,review
1356,45.2,1434,47.8,0.027484,review
1357,45.233333,1434,47.8,0.025194,review
1358,45.266667,1435,47.833333,0.022903,review
1359,45.3,1435,47.833333,0.020613,review
1360,45.333333,1436,47.866667,0.018323,review
1361,45.366667,1436,47.866667,0.016032,review
1362,45.4,1437,47.9,0.013742,review
1363,45.433333,1437,47.9,0.011452,review
1364,45.466667,1438,47.933333,0.009161,review
1365,45.5,1439,47.966667,0.006871,review
1366,45.533333,1439,47.966667,0.004581,review
1367,45.566667,1440,48.0,0.00229,review
1368,45.6,1440,48.0,1e-06,review
1369,45.633333,1441,48.033333,0.013135,review
1370,45.666667,1441,48.033333,0.02627,review
1371,45.7,1442,48.066667,0.039404,review
1372,45.733333,1442,48.066667,0.052539,review
1373,45.766667,1443,48.1,0.065674,review
1374,45.8,1443,48.1,0.078808,review
1375,45.833333,1444,48.133333,0.091943,review
1376,45.866667,1444,48.133333,0.105078,review
1377,45.9,1445,48.166667,0.118212,review
1378,45.933333,1445,48.166667,0.131347,review
1379,45.966667,1446,48.2,0.144481,review
1380,46.0,1446,48.2,0.157616,review
1381,46.033333,1447,48.233333,0.144481,review
1382,46.066667,1447,48.233333,0.131347,review
1383,46.1,1448,48.266667,0.118212,review
1384,46.133333,1448,48.266667,0.105078,review
1385,46.166667,1449,48.3,0.091943,review
1386,46.2,1449,48.3,0.078808,review
1387,46.233333,1450,48.333333,0.065674,review
1388,46.266667,1450,48.333333,0.052539,review
1389,46.3,1451,48.366667,0.039404,review
1390,46.333333,1451,48.366667,0.02627,review
1391,46.366667,1452,48.4,0.013135,review
1392,46.4,1452,48.4,1e-06,review
1393,46.433333,1453,48.433333,0.0,review
1394,46.466667,1453,48.433333,0.0,review
1395,46.5,1454,48.466667,0.0,review
1396,46.533333,1454,48.466667,0.0,review
1397,46.566667,1454,48.466667,0.0,review
1398,46.6,1455,48.5,0.0,review
1399,46.633333,1455,48.5,0.0,review
1400,46.666667,1456,48.533333,0.0,review
1401,46.7,1456,48.533333,0.0,review
1402,46.733333,1457,48.566667,0.0,review
1403,46.766667,1457,48.566667,0.0,review
1404,46.8,1458,48.6,0.0,review
1405,46.833333,1460,48.666667,0.003467,review
1406,46.866667,1462,48.733333,0.006935,review
1407,46.9,1464,48.8,0.010402,review
1408,46.933333,1466,48.866667,0.013869,review
1409,46.966667,1468,48.933333,0.017337,review
1410,47.0,1470,49.0,0.020804,review
1411,47.033333,1472,49.066667,0.017337,review
1412,47.066667,1474,49.133333,0.013869,review
1413,47.1,1476,49.2,0.010402,review
1414,47.133333,1478,49.266667,0.006935,review
1415,47.166667,1480,49.333333,0.003467,review
1416,47.2,1482,49.4,0.0,review
1417,47.233333,1483,49.433333,0.0,review
1418,47.266667,1483,49.433333,0.0,review
1419,47.3,1484,49.466667,0.0,review
1420,47.333333,1484,49.466667,0.0,review
1421,47.366667,1485,49.5,0.0,review
1422,47.4,1485,49.5,0.0,review
1423,47.433333,1486,49.533333,0.0,review
1424,47.466667,1486,49.533333,0.0,review
1425,47.5,1486,49.533333,0.0,review
1426,47.533333,1487,49.566667,0.0,review
1427,47.566667,1487,49.566667,0.0,review
1428,47.6,1488,49.6,0.0,review
1429,47.633333,1488,49.6,0.0,review
1430,47.666667,1489,49.633333,0.0,review
1431,47.7,1489,49.633333,0.0,review
1432,47.733333,1490,49.666667,0.0,review
1433,47.766667,1490,49.666667,0.0,review
1434,47.8,1491,49.7,0.0,review
1435,47.833333,1491,49.7,0.0,review
1436,47.866667,1492,49.733333,0.0,review
1437,47.9,1492,49.733333,0.0,review
1438,47.933333,1493,49.766667,0.0,review
1439,47.966667,1493,49.766667,0.0,review
1440,48.0,1494,49.8,0.0,review
1441,48.033333,1496,49.866667,0.005862,review
1442,48.066667,1498,49.933333,0.011725,review
1443,48.1,1500,50.0,0.017587,review
1444,48.133333,1502,50.066667,0.02345,review
1445,48.166667,1504,50.133333,0.029312,review
1446,48.2,1506,50.2,0.035175,review
1447,48.233333,1508,50.266667,0.08283,review
1448,48.266667,1510,50.333333,0.130486,review
1449,48.3,1512,50.4,0.178142,review
1450,48.333333,1514,50.466667,0.225799,review
1451,48.366667,1516,50.533333,0.273455,review
1452,48.4,1518,50.6,0.321111,review
1453,48.433333,1518,50.6,0.297868,review
1454,48.466667,1519,50.633333,0.274623,review
1455,48.5,1519,50.633333,0.251377,review
1456,48.533333,1520,50.666667,0.228132,review
1457,48.566667,1520,50.666667,0.204886,review
1458,48.6,1521,50.7,0.18164,review
1459,48.633333,1521,50.7,0.158395,review
1460,48.666667,1522,50.733333,0.135149,review
1461,48.7,1522,50.733333,0.111903,review
1462,48.733333,1523,50.766667,0.088658,review
1463,48.766667,1523,50.766667,0.065412,review
1464,48.8,1524,50.8,0.042167,review
1465,48.833333,1526,50.866667,0.035139,review
1466,48.866667,1528,50.933333,0.028111,review
1467,48.9,1530,51.0,0.021083,review
1468,48.933333,1532,51.066667,0.014056,review
1469,48.966667,1534,51.133333,0.007028,review
1470,49.0,1536,51.2,0.0,review
1471,49.033333,1537,51.233333,0.016738,review
1472,49.066667,1537,51.233333,0.033477,review
1473,49.1,1538,51.266667,0.050215,review
1474,49.133333,1538,51.266667,0.066953,review
1475,49.166667,1539,51.3,0.083692,review
1476,49.2,1539,51.3,0.10043,review
1477,49.233333,1540,51.333333,0.117168,review
1478,49.266667,1540,51.333333,0.133907,review
1479,49.3,1541,51.366667,0.150645,review
1480,49.333333,1541,51.366667,0.167384,review
1481,49.366667,1542,51.4,0.184122,review
1482,49.4,1542,51.4,0.20086,review
1483,49.433333,1543,51.433333,0.193217,review
1484,49.466667,1543,51.433333,0.185573,review
1485,49.5,1544,51.466667,0.177928,review
1486,49.533333,1544,51.466667,0.170284,review
1487,49.566667,1544,51.466667,0.162639,review
1488,49.6,1545,51.5,0.154995,review
1489,49.633333,1545,51.5,0.147351,review
1490,49.666667,1546,51.533333,0.139706,review
1491,49.7,1546,51.533333,0.132062,review
1492,49.733333,1547,51.566667,0.124418,review
1493,49.766667,1547,51.566667,0.116773,review
1494,49.8,1548,51.6,0.109129,review
1495,49.833333,1550,51.666667,0.09094,review
1496,49.866667,1552,51.733333,0.072752,review
1497,49.9,1554,51.8,0.054564,review
1498,49.933333,1556,51.866667,0.036376,review
1499,49.966667,1558,51.933333,0.018188,review
1500,50.0,1560,52.0,0.0,review
1501,50.033333,1560,52.0,0.022846,review
1502,50.066667,1561,52.033333,0.045692,review
1503,50.1,1562,52.066667,0.068539,review
1504,50.133333,1562,52.066667,0.091385,review
1505,50.166667,1562,52.066667,0.114231,review
1506,50.2,1563,52.1,0.137077,review
1507,50.233333,1564,52.133333,0.159924,review
1508,50.266667,1564,52.133333,0.18277,review
1509,50.3,1564,52.133333,0.205616,review
1510,50.333333,1565,52.166667,0.228462,review
1511,50.366667,1566,52.2,0.251309,review
1512,50.4,1566,52.2,0.274155,review
1513,50.433333,1567,52.233333,0.254274,review
1514,50.466667,1567,52.233333,0.234391,review
1515,50.5,1568,52.266667,0.214508,review
1516,50.533333,1568,52.266667,0.194624,review
1517,50.566667,1569,52.3,0.174741,review
1518,50.6,1569,52.3,0.154858,review
1519,50.633333,1570,52.333333,0.134975,review
1520,50.666667,1570,52.333333,0.115092,review
1521,50.7,1571,52.366667,0.095209,review
1522,50.733333,1571,52.366667,0.075326,review
1523,50.766667,1572,52.4,0.055443,review
1524,50.8,1572,52.4,0.035561,review
1525,50.833333,1574,52.466667,0.05821,review
1526,50.866667,1576,52.533333,0.080859,review
1527,50.9,1578,52.6,0.103509,review
1528,50.933333,1580,52.666667,0.126158,review
1529,50.966667,1582,52.733333,0.148808,review
1530,51.0,1584,52.8,0.171457,review
1531,51.033333,1586,52.866667,0.152378,review
1532,51.066667,1588,52.933333,0.133298,review
1533,51.1,1590,53.0,0.114219,review
1534,51.133333,1592,53.066667,0.09514,review
1535,51.166667,1594,53.133333,0.076061,review
1536,51.2,1596,53.2,0.056981,review
1537,51.233333,1598,53.266667,0.047484,review
1538,51.266667,1600,53.333333,0.037988,review
1539,51.3,1602,53.4,0.028491,review
1540,51.333333,1604,53.466667,0.018994,review
1541,51.366667,1606,53.533333,0.009497,review
1542,51.4,1608,53.6,0.0,review
1543,51.433333,1610,53.666667,0.031311,review
1544,51.466667,1612,53.733333,0.062624,review
1545,51.5,1614,53.8,0.093937,review
1546,51.533333,1616,53.866667,0.12525,review
1547,51.566667,1618,53.933333,0.156563,review
1548,51.6,1620,54.0,0.187874,review
1549,51.633333,1622,54.066667,0.184807,review
1550,51.666667,1624,54.133333,0.18174,review
1551,51.7,1626,54.2,0.178673,review
1552,51.733333,1628,54.266667,0.175607,review
1553,51.766667,1630,54.333333,0.17254,review
1554,51.8,1632,54.4,0.169473,review
1555,51.833333,1633,54.433333,0.161935,review
1556,51.866667,1633,54.433333,0.154398,review
1557,51.9,1634,54.466667,0.146861,review
1558,51.933333,1634,54.466667,0.139323,review
1559,51.966667,1635,54.5,0.131786,review
1560,52.0,1635,54.5,0.124249,review
1561,52.033333,1635,54.5,0.116711,review
1562,52.066667,1636,54.533333,0.109174,review
1563,52.1,1636,54.533333,0.101636,review
1564,52.133333,1637,54.566667,0.094099,review
1565,52.166667,1637,54.566667,0.086562,review
1566,52.2,1638,54.6,0.079024,review
1567,52.233333,1638,54.6,0.088561,review
1568,52.266667,1639,54.633333,0.098097,review
1569,52.3,1639,54.633333,0.107634,review
1570,52.333333,1640,54.666667,0.117171,review
1571,52.366667,1640,54.666667,0.126708,review
1572,52.4,1641,54.7,0.136245,review
1573,52.433333,1641,54.7,0.145781,review
1574,52.466667,1642,54.733333,0.155318,review
1575,52.5,1642,54.733333,0.164855,review
1576,52.533333,1643,54.766667,0.174392,review
1577,52.566667,1643,54.766667,0.183929,review
1578,52.6,1644,54.8,0.193465,review
1579,52.633333,1646,54.866667,0.195542,review
1580,52.666667,1648,54.933333,0.197618,review
1581,52.7,1650,55.0,0.199695,review
1582,52.733333,1652,55.066667,0.201771,review
1583,52.766667,1654,55.133333,0.203848,review
1584,52.8,1656,55.2,0.205924,review
1585,52.833333,1657,55.233333,0.189877,review
1586,52.866667,1657,55.233333,0.173831,review
1587,52.9,1658,55.266667,0.157785,review
1588,52.933333,1658,55.266667,0.141739,review
1589,52.966667,1659,55.3,0.125692,review
1590,53.0,1659,55.3,0.109646,review
1591,53.033333,1660,55.333333,0.0936,review
1592,53.066667,1660,55.333333,0.077553,review
1593,53.1,1661,55.366667,0.061507,review
1594,53.133333,1661,55.366667,0.045461,review
1595,53.166667,1662,55.4,0.029415,review
1596,53.2,1662,55.4,0.013368,review
1597,53.233333,1664,55.466667,0.034668,review
1598,53.266667,1666,55.533333,0.055968,review
1599,53.3,1668,55.6,0.077268,review
1600,53.333333,1670,55.666667,0.098568,review
1601,53.366667,1672,55.733333,0.119868,review
1602,53.4,1674,55.8,0.141168,review
1603,53.433333,1674,55.8,0.133112,review
1604,53.466667,1675,55.833333,0.125056,review
1605,53.5,1675,55.833333,0.116999,review
1606,53.533333,1676,55.866667,0.108942,review
1607,53.566667,1676,55.866667,0.100885,review
1608,53.6,1677,55.9,0.092828,review
1609,53.633333,1677,55.9,0.084771,review
1610,53.666667,1678,55.933333,0.076714,review
1611,53.7,1678,55.933333,0.068657,review
1612,53.733333,1679,55.966667,0.060601,review
1613,53.766667,1680,56.0,0.052544,review
1614,53.8,1680,56.0,0.044487,review
1615,53.833333,1681,56.033333,0.04078,review
1616,53.866667,1681,56.033333,0.037072,review
1617,53.9,1682,56.066667,0.033365,review
1618,53.933333,1682,56.066667,0.029658,review
1619,53.966667,1683,56.1,0.025951,review
1620,54.0,1683,56.1,0.022243,review
1621,54.033333,1684,56.133333,0.018536,review
1622,54.066667,1684,56.133333,0.014829,review
1623,54.1,1685,56.166667,0.011122,review
1624,54.133333,1685,56.166667,0.007415,review
1625,54.166667,1686,56.2,0.003707,review
1626,54.2,1686,56.2,0.0,review
1627,54.233333,1687,56.233333,0.021927,review
1628,54.266667,1687,56.233333,0.043855,review
1629,54.3,1688,56.266667,0.065782,review
1630,54.333333,1688,56.266667,0.08771,review
1631,54.366667,1689,56.3,0.109638,review
1632,54.4,1689,56.3,0.131565,review
1633,54.433333,1690,56.333333,0.153493,review
1634,54.466667,1690,56.333333,0.175421,review
1635,54.5,1691,56.366667,0.197348,review
1636,54.533333,1691,56.366667,0.219276,review
1637,54.566667,1692,56.4,0.241203,review
1638,54.6,1692,56.4,0.263131,review
1639,54.633333,1694,56.466667,0.286239,review
1640,54.666667,1696,56.533333,0.309347,review
1641,54.7,1698,56.6,0.332455,review
1642,54.733333,1700,56.666667,0.355563,matched
1643,54.766667,1702,56.733333,0.378671,matched
1644,54.8,1704,56.8,0.401779,matched
1645,54.833333,1704,56.8,0.401326,matched
1646,54.866667,1705,56.833333,0.400874,matched
1647,54.9,1705,56.833333,0.400421,matched
1648,54.933333,1706,56.866667,0.399969,matched
1649,54.966667,1706,56.866667,0.399517,matched
1650,55.0,1707,56.9,0.399064,matched
1651,55.033333,1707,56.9,0.398612,matched
1652,55.066667,1708,56.933333,0.398159,matched
1653,55.1,1708,56.933333,0.397707,matched
1654,55.133333,1709,56.966667,0.397254,matched
1655,55.166667,1709,56.966667,0.396802,matched
1656,55.2,1710,57.0,0.396349,matched
1657,55.233333,1712,57.066667,0.339372,review
1658,55.266667,1714,57.133333,0.282393,review
1659,55.3,1716,57.2,0.225414,review
1660,55.333333,1718,57.266667,0.168435,review
1661,55.366667,1720,57.333333,0.111456,review
1662,55.4,1722,57.4,0.054478,review
1663,55.433333,1723,57.433333,0.049936,review
1664,55.466667,1723,57.433333,0.045396,review
1665,55.5,1724,57.466667,0.040856,review
1666,55.533333,1724,57.466667,0.036317,review
1667,55.566667,1724,57.466667,0.031777,review
1668,55.6,1725,57.5,0.027238,review
1669,55.633333,1725,57.5,0.022698,review
1670,55.666667,1726,57.533333,0.018158,review
1671,55.7,1726,57.533333,0.013619,review
1672,55.733333,1727,57.566667,0.009079,review
1673,55.766667,1727,57.566667,0.00454,review
1674,55.8,1728,57.6,0.0,review
1675,55.833333,1728,57.6,0.001058,review
1676,55.866667,1729,57.633333,0.002115,review
1677,55.9,1729,57.633333,0.003173,review
1678,55.933333,1730,57.666667,0.00423,review
1679,55.966667,1730,57.666667,0.005288,review
1680,56.0,1731,57.7,0.006345,review
1681,56.033333,1731,57.7,0.007403,review
1682,56.066667,1732,57.733333,0.008461,review
1683,56.1,1732,57.733333,0.009518,review
1684,56.133333,1733,57.766667,0.010576,review
1685,56.166667,1733,57.766667,0.011633,review
1686,56.2,1734,57.8,0.012691,review
1687,56.233333,1736,57.866667,0.010576,review
1688,56.266667,1738,57.933333,0.008461,review
1689,56.3,1740,58.0,0.006346,review
1690,56.333333,1742,58.066667,0.00423,review
1691,56.366667,1744,58.133333,0.002115,review
1692,56.4,1746,58.2,0.0,review
1693,56.433333,1747,58.233333,0.022909,review
1694,56.466667,1747,58.233333,0.045819,review
1695,56.5,1748,58.266667,0.068729,review
1696,56.533333,1748,58.266667,0.091639,review
1697,56.566667,1749,58.3,0.11455,review
1698,56.6,1749,58.3,0.13746,review
1699,56.633333,1750,58.333333,0.16037,review
1700,56.666667,1750,58.333333,0.18328,review
1701,56.7,1751,58.366667,0.20619,review
1702,56.733333,1751,58.366667,0.2291,review
1703,56.766667,1752,58.4,0.25201,review
1704,56.8,1752,58.4,0.27492,review
1705,56.833333,1754,58.466667,0.283075,review
1706,56.866667,1756,58.533333,0.29123,review
1707,56.9,1758,58.6,0.299385,review
1708,56.933333,1760,58.666667,0.30754,review
1709,56.966667,1762,58.733333,0.315695,review
1710,57.0,1764,58.8,0.32385,review
1711,57.033333,1764,58.8,0.33226,review
1712,57.066667,1765,58.833333,0.340671,review
1713,57.1,1765,58.833333,0.349081,review
1714,57.133333,1766,58.866667,0.357492,matched
1715,57.166667,1766,58.866667,0.365902,matched
1716,57.2,1767,58.9,0.374312,matched
1717,57.233333,1767,58.9,0.382723,matched
1718,57.266667,1768,58.933333,0.391133,matched
1719,57.3,1768,58.933333,0.399543,matched
1720,57.333333,1769,58.966667,0.407954,matched
1721,57.366667,1769,58.966667,0.416364,matched
1722,57.4,1770,59.0,0.424775,matched
1723,57.433333,1770,59.0,0.41078,matched
1724,57.466667,1771,59.033333,0.396785,matched
1725,57.5,1771,59.033333,0.38279,matched
1726,57.533333,1772,59.066667,0.368794,matched
1727,57.566667,1773,59.1,0.354799,matched
1728,57.6,1773,59.1,0.340804,review
1729,57.633333,1774,59.133333,0.326808,review
1730,57.666667,1774,59.133333,0.312813,review
1731,57.7,1775,59.166667,0.298818,review
1732,57.733333,1775,59.166667,0.284822,review
1733,57.766667,1776,59.2,0.270827,review
1734,57.8,1776,59.2,0.256832,review
1735,57.833333,1777,59.233333,0.235432,review
1736,57.866667,1777,59.233333,0.214032,review
1737,57.9,1778,59.266667,0.192632,review
1738,57.933333,1778,59.266667,0.171232,review
1739,57.966667,1779,59.3,0.149832,review
1740,58.0,1779,59.3,0.128432,review
1741,58.033333,1780,59.333333,0.107031,review
1742,58.066667,1780,59.333333,0.085631,review
1743,58.1,1781,59.366667,0.064231,review
1744,58.133333,1781,59.366667,0.042831,review
1745,58.166667,1782,59.4,0.021431,review
1746,58.2,1782,59.4,3.1e-05,review
1747,58.233333,1783,59.433333,0.010005,review
1748,58.266667,1783,59.433333,0.019979,review
1749,58.3,1784,59.466667,0.029952,review
1750,58.333333,1784,59.466667,0.039926,review
1751,58.366667,1785,59.5,0.0499,review
1752,58.4,1785,59.5,0.059874,review
1753,58.433333,1786,59.533333,0.069848,review
1754,58.466667,1786,59.533333,0.079822,review
1755,58.5,1786,59.533333,0.089796,review
1756,58.533333,1787,59.566667,0.09977,review
1757,58.566667,1787,59.566667,0.109744,review
1758,58.6,1788,59.6,0.119716,review
1759,58.633333,1790,59.666667,0.099763,review
1760,58.666667,1792,59.733333,0.079811,review
1761,58.7,1794,59.8,0.059858,review
1762,58.733333,1796,59.866667,0.039905,review
1763,58.766667,1798,59.933333,0.019952,review
1764,58.8,1800,60.0,0.0,review
1765,58.833333,1801,60.033333,0.0,review
1766,58.866667,1801,60.033333,0.0,review
1767,58.9,1802,60.066667,0.0,review
1768,58.933333,1802,60.066667,0.0,review
1769,58.966667,1803,60.1,0.0,review
1770,59.0,1803,60.1,0.0,review
1771,59.033333,1804,60.133333,0.0,review
1772,59.066667,1804,60.133333,0.0,review
1773,59.1,1805,60.166667,0.0,review
1774,59.133333,1805,60.166667,0.0,review
1775,59.166667,1806,60.2,0.0,review
1776,59.2,1806,60.2,0.0,review
1777,59.233333,1807,60.233333,0.010154,review
1778,59.266667,1807,60.233333,0.020309,review
1779,59.3,1808,60.266667,0.030464,review
1780,59.333333,1808,60.266667,0.040618,review
1781,59.366667,1809,60.3,0.050773,review
1782,59.4,1809,60.3,0.060928,review
1783,59.433333,1810,60.333333,0.071082,review
1784,59.466667,1810,60.333333,0.081237,review
1785,59.5,1811,60.366667,0.091392,review
1786,59.533333,1811,60.366667,0.101546,review
1787,59.566667,1812,60.4,0.111701,review
1788,59.6,1812,60.4,0.121855,review
1789,59.633333,1814,60.466667,0.124709,review
1790,59.666667,1816,60.533333,0.127562,review
1791,59.7,1818,60.6,0.130416,review
1792,59.733333,1820,60.666667,0.133269,review
1793,59.766667,1822,60.733333,0.136123,review
1794,59.8,1824,60.8,0.138975,review
1795,59.833333,1826,60.866667,0.115813,review
1796,59.866667,1828,60.933333,0.09265,review
1797,59.9,1830,61.0,0.069488,review
1798,59.933333,1832,61.066667,0.046325,review
1799,59.966667,1834,61.133333,0.023163,review
1800,60.0,1836,61.2,0.0,review
1801,60.033333,1837,61.233333,0.0,review
1802,60.066667,1837,61.233333,0.0,review
1803,60.1,1838,61.266667,0.0,review
1804,60.133333,1838,61.266667,0.0,review
1805,60.166667,1839,61.3,0.0,review
1806,60.2,1839,61.3,0.0,review
1807,60.233333,1840,61.333333,0.0,review
1808,60.266667,1840,61.333333,0.0,review
1809,60.3,1841,61.366667,0.0,review
1810,60.333333,1841,61.366667,0.0,review
1811,60.366667,1842,61.4,0.0,review
1812,60.4,1842,61.4,0.0,review
1813,60.433333,1843,61.433333,0.011317,review
1814,60.466667,1843,61.433333,0.022635,review
1815,60.5,1844,61.466667,0.033953,review
1816,60.533333,1844,61.466667,0.04527,review
1817,60.566667,1844,61.466667,0.056588,review
1818,60.6,1845,61.5,0.067906,review
1819,60.633333,1845,61.5,0.079224,review
1820,60.666667,1846,61.533333,0.090541,review
1821,60.7,1846,61.533333,0.101859,review
1822,60.733333,1847,61.566667,0.113177,review
1823,60.766667,1847,61.566667,0.124495,review
1824,60.8,1848,61.6,0.135812,review
1825,60.833333,1848,61.6,0.145298,review
1826,60.866667,1849,61.633333,0.154783,review
1827,60.9,1849,61.633333,0.164269,review
1828,60.933333,1850,61.666667,0.173755,review
1829,60.966667,1850,61.666667,0.18324,review
1830,61.0,1851,61.7,0.192726,review
1831,61.033333,1851,61.7,0.202212,review
1832,61.066667,1852,61.733333,0.211697,review
1833,61.1,1852,61.733333,0.221183,review
1834,61.133333,1853,61.766667,0.230669,review
1835,61.166667,1853,61.766667,0.240154,review
1836,61.2,1854,61.8,0.24964,review
1837,61.233333,1854,61.8,0.228837,review
1838,61.266667,1855,61.833333,0.208034,review
1839,61.3,1855,61.833333,0.18723,review
1840,61.333333,1856,61.866667,0.166427,review
1841,61.366667,1856,61.866667,0.145623,review
1842,61.4,1857,61.9,0.12482,review
1843,61.433333,1857,61.9,0.104016,review
1844,61.466667,1858,61.933333,0.083213,review
1845,61.5,1859,61.966667,0.062409,review
1846,61.533333,1859,61.966667,0.041606,review
1847,61.566667,1860,62.0,0.020803,review
1848,61.6,1860,62.0,0.0,review
1849,61.633333,1861,62.033333,0.0,review
1850,61.666667,1861,62.033333,0.0,review
1851,61.7,1862,62.066667,0.0,review
1852,61.733333,1862,62.066667,0.0,review
1853,61.766667,1863,62.1,0.0,review
1854,61.8,1863,62.1,0.0,review
1855,61.833333,1864,62.133333,0.0,review
1856,61.866667,1864,62.133333,0.0,review
1857,61.9,1865,62.166667,0.0,review
1858,61.933333,1865,62.166667,0.0,review
1859,61.966667,1866,62.2,0.0,review
1860,62.0,1866,62.2,0.0,review
1861,62.033333,1867,62.233333,0.011195,review
1862,62.066667,1867,62.233333,0.022389,review
1863,62.1,1868,62.266667,0.033584,review
1864,62.133333,1868,62.266667,0.044779,review
1865,62.166667,1869,62.3,0.055974,review
1866,62.2,1869,62.3,0.067168,review
1867,62.233333,1870,62.333333,0.078363,review
1868,62.266667,1870,62.333333,0.089558,review
1869,62.3,1871,62.366667,0.100752,review
1870,62.333333,1871,62.366667,0.111947,review
1871,62.366667,1872,62.4,0.123142,review
1872,62.4,1872,62.4,0.134336,review
1873,62.433333,1874,62.466667,0.112803,review
1874,62.466667,1876,62.533333,0.091268,review
1875,62.5,1878,62.6,0.069732,review
1876,62.533333,1880,62.666667,0.048197,review
1877,62.566667,1882,62.733333,0.026662,review
1878,62.6,1884,62.8,0.00513,review
1879,62.633333,1886,62.866667,0.056515,review
1880,62.666667,1888,62.933333,0.1079,review
1881,62.7,1890,63.0,0.159284,review
1882,62.733333,1892,63.066667,0.210669,review
1883,62.766667,1894,63.133333,0.262054,review
1884,62.8,1896,63.2,0.313438,review
1885,62.833333,1898,63.266667,0.35654,matched
1886,62.866667,1900,63.333333,0.399641,matched
1887,62.9,1902,63.4,0.442743,matched
1888,62.933333,1904,63.466667,0.485845,matched
1889,62.966667,1906,63.533333,0.528946,matched
1890,63.0,1908,63.6,0.572048,matched
1891,63.033333,1908,63.6,0.55447,matched
1892,63.066667,1909,63.633333,0.536893,matched
1893,63.1,1909,63.633333,0.519315,matched
1894,63.133333,1910,63.666667,0.501738,matched
1895,63.166667,1910,63.666667,0.48416,matched
1896,63.2,1911,63.7,0.466583,matched
1897,63.233333,1911,63.7,0.449005,matched
1898,63.266667,1912,63.733333,0.431428,matched
1899,63.3,1912,63.733333,0.41385,matched
1900,63.333333,1913,63.766667,0.396273,matched
1901,63.366667,1913,63.766667,0.378695,matched
1902,63.4,1914,63.8,0.361118,matched
1903,63.433333,1914,63.8,0.338076,review
1904,63.466667,1915,63.833333,0.315034,review
1905,63.5,1915,63.833333,0.291992,review
1906,63.533333,1916,63.866667,0.26895,review
1907,63.566667,1916,63.866667,0.245907,review
1908,63.6,1917,63.9,0.222865,review
1909,63.633333,1917,63.9,0.199823,review
1910,63.666667,1918,63.933333,0.176781,review
1911,63.7,1918,63.933333,0.153739,review
1912,63.733333,1919,63.966667,0.130697,review
1913,63.766667,1920,64.0,0.107655,review
1914,63.8,1920,64.0,0.084614,review
1915,63.833333,1921,64.033333,0.110709,review
1916,63.866667,1921,64.033333,0.136804,review
1917,63.9,1921,64.033333,0.162899,review
1918,63.933333,1922,64.066667,0.188995,review
1919,63.966667,1922,64.066667,0.21509,review
1920,64.0,1923,64.1,0.241185,review
1921,64.033333,1923,64.1,0.26728,review
1922,64.066667,1924,64.133333,0.293375,review
1923,64.1,1924,64.133333,0.319471,review
1924,64.133333,1925,64.166667,0.345566,review
1925,64.166667,1925,64.166667,0.371661,matched
1926,64.2,1926,64.2,0.397753,matched
1927,64.233333,1926,64.2,0.391334,matched
1928,64.266667,1927,64.233333,0.384914,matched
1929,64.3,1927,64.233333,0.378494,matched
1930,64.333333,1928,64.266667,0.372074,matched
1931,64.366667,1929,64.3,0.365654,matched
1932,64.4,1929,64.3,0.359234,matched
1933,64.433333,1930,64.333333,0.352814,matched
1934,64.466667,1930,64.333333,0.346394,review
1935,64.5,1931,64.366667,0.339974,review
1936,64.533333,1931,64.366667,0.333555,review
1937,64.566667,1932,64.4,0.327135,review
1938,64.6,1932,64.4,0.320714,review
1939,64.633333,1933,64.433333,0.295497,review
1940,64.666667,1933,64.433333,0.270281,review
1941,64.7,1934,64.466667,0.245064,review
1942,64.733333,1934,64.466667,0.219848,review
1943,64.766667,1935,64.5,0.194631,review
1944,64.8,1935,64.5,0.169414,review
1945,64.833333,1936,64.533333,0.144198,review
1946,64.866667,1936,64.533333,0.118981,review
1947,64.9,1936,64.533333,0.093765,review
1948,64.933333,1937,64.566667,0.068548,review
1949,64.966667,1937,64.566667,0.043332,review
1950,65.0,1938,64.6,0.018115,review
1951,65.033333,1940,64.666667,0.050522,review
1952,65.066667,1942,64.733333,0.08293,review
1953,65.1,1944,64.8,0.115337,review
1954,65.133333,1946,64.866667,0.147744,review
1955,65.166667,1948,64.933333,0.180152,review
1956,65.2,1950,65.0,0.212556,review
1957,65.233333,1951,65.033333,0.212297,review
1958,65.266667,1951,65.033333,0.212037,review
1959,65.3,1952,65.066667,0.211778,review
1960,65.333333,1952,65.066667,0.211518,review
1961,65.366667,1952,65.066667,0.211259,review
1962,65.4,1953,65.1,0.210999,review
1963,65.433333,1953,65.1,0.21074,review
1964,65.466667,1954,65.133333,0.210481,review
1965,65.5,1954,65.133333,0.210221,review
1966,65.533333,1955,65.166667,0.209962,review
1967,65.566667,1955,65.166667,0.209702,review
1968,65.6,1956,65.2,0.209443,review
1969,65.633333,1956,65.2,0.200417,review
1970,65.666667,1957,65.233333,0.191391,review
1971,65.7,1957,65.233333,0.182365,review
1972,65.733333,1958,65.266667,0.173339,review
1973,65.766667,1958,65.266667,0.164313,review
1974,65.8,1959,65.3,0.155287,review
1975,65.833333,1959,65.3,0.146261,review
1976,65.866667,1960,65.333333,0.137236,review
1977,65.9,1961,65.366667,0.12821,review
1978,65.933333,1961,65.366667,0.119184,review
1979,65.966667,1962,65.4,0.110158,review
1980,66.0,1962,65.4,0.101132,review
1981,66.033333,1963,65.433333,0.151037,review
1982,66.066667,1963,65.433333,0.200943,review
1983,66.1,1964,65.466667,0.250848,review
1984,66.133333,1964,65.466667,0.300754,review
1985,66.166667,1964,65.466667,0.350659,matched
1986,66.2,1965,65.5,0.400565,matched
1987,66.233333,1965,65.5,0.45047,matched
1988,66.266667,1966,65.533333,0.500376,matched
1989,66.3,1966,65.533333,0.550281,matched
1990,66.333333,1967,65.566667,0.600187,matched
1991,66.366667,1967,65.566667,0.650092,matched
1992,66.4,1968,65.6,0.699998,matched
1993,66.433333,1970,65.666667,0.629932,matched
1994,66.466667,1972,65.733333,0.55986,matched
1995,66.5,1974,65.8,0.489788,matched
1996,66.533333,1976,65.866667,0.419717,matched
1997,66.566667,1978,65.933333,0.349645,review
1998,66.6,1980,66.0,0.279578,review
1999,66.633333,1981,66.033333,0.297792,review
2000,66.666667,1981,66.033333,0.316007,review
2001,66.7,1981,66.033333,0.334222,review
2002,66.733333,1982,66.066667,0.352436,matched
2003,66.766667,1982,66.066667,0.370651,matched
2004,66.8,1983,66.1,0.388865,matched
2005,66.833333,1983,66.1,0.40708,matched
2006,66.866667,1984,66.133333,0.425295,matched
2007,66.9,1984,66.133333,0.443509,matched
2008,66.933333,1985,66.166667,0.461724,matched
2009,66.966667,1985,66.166667,0.479938,matched
2010,67.0,1986,66.2,0.498153,matched
2011,67.033333,1986,66.2,0.514974,matched
2012,67.066667,1987,66.233333,0.531794,matched
2013,67.1,1987,66.233333,0.548615,matched
2014,67.133333,1988,66.266667,0.565435,matched
2015,67.166667,1988,66.266667,0.582256,matched
2016,67.2,1989,66.3,0.599076,matched
2017,67.233333,1989,66.3,0.615897,matched
2018,67.266667,1990,66.333333,0.632717,matched
2019,67.3,1990,66.333333,0.649538,matched
2020,67.333333,1991,66.366667,0.666358,matched
2021,67.366667,1992,66.4,0.683179,matched
2022,67.4,1992,66.4,0.699999,matched
2023,67.433333,1993,66.433333,0.669301,matched
2024,67.466667,1993,66.433333,0.638601,matched
2025,67.5,1993,66.433333,0.607901,matched
2026,67.533333,1994,66.466667,0.577201,matched
2027,67.566667,1994,66.466667,0.546501,matched
2028,67.6,1995,66.5,0.515801,matched
2029,67.633333,1995,66.5,0.4851,matched
2030,67.666667,1996,66.533333,0.4544,matched
2031,67.7,1996,66.533333,0.4237,matched
2032,67.733333,1997,66.566667,0.393,matched
2033,67.766667,1997,66.566667,0.3623,matched
2034,67.8,1998,66.6,0.3316,review
2035,67.833333,1998,66.6,0.349613,review
2036,67.866667,1999,66.633333,0.367631,matched
2037,67.9,1999,66.633333,0.385648,matched
2038,67.933333,2000,66.666667,0.403666,matched
2039,67.966667,2001,66.7,0.421683,matched
2040,68.0,2001,66.7,0.439701,matched
2041,68.033333,2002,66.733333,0.457719,matched
2042,68.066667,2002,66.733333,0.475736,matched
2043,68.1,2003,66.766667,0.493754,matched
2044,68.133333,2003,66.766667,0.511771,matched
2045,68.166667,2004,66.8,0.529789,matched
2046,68.2,2004,66.8,0.547802,matched
2047,68.233333,2006,66.866667,0.510085,matched
2048,68.266667,2008,66.933333,0.472369,matched
2049,68.3,2010,67.0,0.434653,matched
2050,68.333333,2012,67.066667,0.396937,matched
2051,68.366667,2014,67.133333,0.359221,matched
2052,68.4,2016,67.2,0.321505,review
2053,68.433333,2018,67.266667,0.319828,review
2054,68.466667,2020,67.333333,0.318154,review
2055,68.5,2022,67.4,0.316479,review
2056,68.533333,2024,67.466667,0.314804,review
2057,68.566667,2026,67.533333,0.31313,review
2058,68.6,2028,67.6,0.311455,review
2059,68.633333,2028,67.6,0.300709,review
2060,68.666667,2029,67.633333,0.289964,review
2061,68.7,2030,67.666667,0.279218,review
2062,68.733333,2030,67.666667,0.268473,review
2063,68.766667,2031,67.7,0.257727,review
2064,68.8,2031,67.7,0.246982,review
2065,68.833333,2032,67.733333,0.236236,review
2066,68.866667,2032,67.733333,0.225491,review
2067,68.9,2033,67.766667,0.214745,review
2068,68.933333,2033,67.766667,0.204,review
2069,68.966667,2034,67.8,0.193254,review
2070,69.0,2034,67.8,0.182509,review
2071,69.033333,2036,67.866667,0.17882,review
2072,69.066667,2038,67.933333,0.175132,review
2073,69.1,2040,68.0,0.171443,review
2074,69.133333,2042,68.066667,0.167754,review
2075,69.166667,2044,68.133333,0.164065,review
2076,69.2,2046,68.2,0.160378,review
2077,69.233333,2046,68.2,0.169651,review
2078,69.266667,2047,68.233333,0.178925,review
2079,69.3,2047,68.233333,0.188198,review
2080,69.333333,2048,68.266667,0.197472,review
2081,69.366667,2049,68.3,0.206745,review
2082,69.4,2049,68.3,0.216019,review
2083,69.433333,2050,68.333333,0.225292,review
2084,69.466667,2050,68.333333,0.234566,review
2085,69.5,2051,68.366667,0.243839,review
2086,69.533333,2051,68.366667,0.253112,review
2087,69.566667,2052,68.4,0.262386,review
2088,69.6,2052,68.4,0.27166,review
2089,69.633333,2053,68.433333,0.287284,review
2090,69.666667,2053,68.433333,0.302908,review
2091,69.7,2054,68.466667,0.318533,review
2092,69.733333,2054,68.466667,0.334157,review
2093,69.766667,2055,68.5,0.349781,review
2094,69.8,2055,68.5,0.365406,matched
2095,69.833333,2056,68.533333,0.38103,matched
2096,69.866667,2056,68.533333,0.396655,matched
2097,69.9,2056,68.533333,0.412279,matched
2098,69.933333,2057,68.566667,0.427903,matched
2099,69.966667,2057,68.566667,0.443528,matched
2100,70.0,2058,68.6,0.459152,matched
2101,70.033333,2058,68.6,0.452372,matched
2102,70.066667,2059,68.633333,0.445593,matched
2103,70.1,2059,68.633333,0.438813,matched
2104,70.133333,2060,68.666667,0.432033,matched
2105,70.166667,2061,68.7,0.425254,matched
2106,70.2,2061,68.7,0.418474,matched
2107,70.233333,2062,68.733333,0.411695,matched
2108,70.266667,2062,68.733333,0.404915,matched
2109,70.3,2063,68.766667,0.398135,matched
2110,70.333333,2063,68.766667,0.391356,matched
2111,70.366667,2064,68.8,0.384576,matched
2112,70.4,2064,68.8,0.377796,matched
2113,70.433333,2065,68.833333,0.363752,matched
2114,70.466667,2065,68.833333,0.349707,review
2115,70.5,2066,68.866667,0.335663,review
2116,70.533333,2066,68.866667,0.321618,review
2117,70.566667,2067,68.9,0.307573,review
2118,70.6,2067,68.9,0.293528,review
2119,70.633333,2068,68.933333,0.279484,review
2120,70.666667,2068,68.933333,0.265439,review
2121,70.7,2068,68.933333,0.251394,review
2122,70.733333,2069,68.966667,0.23735,review
2123,70.766667,2069,68.966667,0.223305,review
2124,70.8,2070,69.0,0.20926,review
2125,70.833333,2070,69.0,0.249615,review
2126,70.866667,2071,69.033333,0.289975,review
2127,70.9,2071,69.033333,0.330335,review
2128,70.933333,2072,69.066667,0.370695,matched
2129,70.966667,2072,69.066667,0.411055,matched
2130,71.0,2073,69.1,0.451415,matched
2131,71.033333,2073,69.1,0.491775,matched
2132,71.066667,2074,69.133333,0.532135,matched
2133,71.1,2074,69.133333,0.572495,matched
2134,71.133333,2075,69.166667,0.612855,matched
2135,71.166667,2075,69.166667,0.653215,matched
2136,71.2,2076,69.2,0.693569,matched
2137,71.233333,2076,69.2,0.671548,matched
2138,71.266667,2077,69.233333,0.649527,matched
2139,71.3,2077,69.233333,0.627506,matched
2140,71.333333,2078,69.266667,0.605485,matched
2141,71.366667,2079,69.3,0.583464,matched
2142,71.4,2079,69.3,0.561443,matched
2143,71.433333,2080,69.333333,0.539422,matched
2144,71.466667,2080,69.333333,0.517401,matched
2145,71.5,2081,69.366667,0.49538,matched
2146,71.533333,2081,69.366667,0.473359,matched
2147,71.566667,2082,69.4,0.451338,matched
2148,71.6,2082,69.4,0.42932,matched
2149,71.633333,2084,69.466667,0.474433,matched
2150,71.666667,2086,69.533333,0.519545,matched
2151,71.7,2088,69.6,0.564658,matched
2152,71.733333,2090,69.666667,0.609771,matched
2153,71.766667,2092,69.733333,0.654883,matched
2154,71.8,2094,69.8,0.699996,matched
2155,71.833333,2096,69.866667,0.686771,matched
2156,71.866667,2098,69.933333,0.673541,matched
2157,71.9,2100,70.0,0.660311,matched
2158,71.933333,2102,70.066667,0.647081,matched
2159,71.966667,2104,70.133333,0.633851,matched
2160,72.0,2106,70.2,0.620621,matched
2161,72.033333,2108,70.266667,0.528096,matched
2162,72.066667,2110,70.333333,0.435571,matched
2163,72.1,2112,70.4,0.343045,review
2164,72.133333,2114,70.466667,0.25052,review
2165,72.166667,2116,70.533333,0.157995,review
2166,72.2,2118,70.6,0.065482,review
2167,72.233333,2119,70.633333,0.105412,review
2168,72.266667,2119,70.633333,0.145343,review
2169,72.3,2120,70.666667,0.185274,review
2170,72.333333,2120,70.666667,0.225205,review
2171,72.366667,2121,70.7,0.265135,review
2172,72.4,2121,70.7,0.305066,review
2173,72.433333,2122,70.733333,0.344997,review
2174,72.466667,2122,70.733333,0.384928,matched
2175,72.5,2123,70.766667,0.424859,matched
2176,72.533333,2123,70.766667,0.464789,matched
2177,72.566667,2124,70.8,0.50472,matched
2178,72.6,2124,70.8,0.544648,matched
2179,72.633333,2126,70.866667,0.527585,matched
2180,72.666667,2128,70.933333,0.510521,matched
2181,72.7,2130,71.0,0.493457,matched
2182,72.733333,2132,71.066667,0.476394,matched
2183,72.766667,2134,71.133333,0.45933,matched
2184,72.8,2136,71.2,0.442267,matched
2185,72.833333,2136,71.2,0.447575,matched
2186,72.866667,2137,71.233333,0.452886,matched
2187,72.9,2137,71.233333,0.458197,matched
2188,72.933333,2138,71.266667,0.463507,matched
2189,72.966667,2138,71.266667,0.468818,matched
2190,73.0,2139,71.3,0.474128,matched
2191,73.033333,2139,71.3,0.479439,matched
2192,73.066667,2140,71.333333,0.48475,matched
2193,73.1,2141,71.366667,0.49006,matched
2194,73.133333,2141,71.366667,0.495371,matched
2195,73.166667,2142,71.4,0.500682,matched
2196,73.2,2142,71.4,0.505993,matched
2197,73.233333,2143,71.433333,0.515292,matched
2198,73.266667,2143,71.433333,0.524591,matched
2199,73.3,2144,71.466667,0.53389,matched
2200,73.333333,2144,71.466667,0.543189,matched
2201,73.366667,2145,71.5,0.552489,matched
2202,73.4,2145,71.5,0.561788,matched
2203,73.433333,2146,71.533333,0.571087,matched
2204,73.466667,2146,71.533333,0.580386,matched
2205,73.5,2147,71.566667,0.589685,matched
2206,73.533333,2147,71.566667,0.598984,matched
2207,73.566667,2147,71.566667,0.608283,matched
2208,73.6,2148,71.6,0.617581,matched
2209,73.633333,2150,71.666667,0.587699,matched
2210,73.666667,2152,71.733333,0.557817,matched
2211,73.7,2154,71.8,0.527935,matched
2212,73.733333,2156,71.866667,0.498053,matched
2213,73.766667,2158,71.933333,0.468171,matched
2214,73.8,2160,72.0,0.438289,matched
2215,73.833333,2162,72.066667,0.4317,matched
2216,73.866667,2164,72.133333,0.425113,matched
2217,73.9,2166,72.2,0.418526,matched
2218,73.933333,2168,72.266667,0.411939,matched
2219,73.966667,2170,72.333333,0.405352,matched
2220,74.0,2172,72.4,0.398765,matched
2221,74.033333,2174,72.466667,0.407426,matched
2222,74.066667,2176,72.533333,0.416086,matched
2223,74.1,2178,72.6,0.424747,matched
2224,74.133333,2180,72.666667,0.433408,matched
2225,74.166667,2182,72.733333,0.442068,matched
2226,74.2,2184,72.8,0.450729,matched
2227,74.233333,2185,72.833333,0.457025,matched
2228,74.266667,2185,72.833333,0.463321,matched
2229,74.3,2186,72.866667,0.469617,matched
2230,74.333333,2186,72.866667,0.475913,matched
2231,74.366667,2187,72.9,0.482209,matched
2232,74.4,2187,72.9,0.488505,matched
2233,74.433333,2188,72.933333,0.494802,matched
2234,74.466667,2188,72.933333,0.501098,matched
2235,74.5,2189,72.966667,0.507394,matched
2236,74.533333,2189,72.966667,0.51369,matched
2237,74.566667,2190,73.0,0.519986,matched
2238,74.6,2190,73.0,0.526281,matched
2239,74.633333,2191,73.033333,0.508761,matched
2240,74.666667,2191,73.033333,0.491241,matched
2241,74.7,2191,73.033333,0.473721,matched
2242,74.733333,2192,73.066667,0.456201,matched
2243,74.766667,2192,73.066667,0.438681,matched
2244,74.8,2193,73.1,0.421161,matched
2245,74.833333,2193,73.1,0.403641,matched
2246,74.866667,2194,73.133333,0.386121,matched
2247,74.9,2194,73.133333,0.368601,matched
2248,74.933333,2195,73.166667,0.351081,matched
2249,74.966667,2195,73.166667,0.333561,review
2250,75.0,2196,73.2,0.316041,review
2251,75.033333,2198,73.266667,0.320262,review
2252,75.066667,2200,73.333333,0.324482,review
2253,75.1,2202,73.4,0.328703,review
2254,75.133333,2204,73.466667,0.332923,review
2255,75.166667,2206,73.533333,0.337144,review
2256,75.2,2208,73.6,0.341365,review
2257,75.233333,2209,73.633333,0.355638,matched
2258,75.266667,2209,73.633333,0.369911,matched
2259,75.3,2210,73.666667,0.384184,matched
2260,75.333333,2210,73.666667,0.398457,matched
2261,75.366667,2211,73.7,0.41273,matched
2262,75.4,2211,73.7,0.427003,matched
2263,75.433333,2212,73.733333,0.441276,matched
2264,75.466667,2212,73.733333,0.455549,matched
2265,75.5,2213,73.766667,0.469822,matched
2266,75.533333,2213,73.766667,0.484095,matched
2267,75.566667,2214,73.8,0.498368,matched
2268,75.6,2214,73.8,0.512641,matched
2269,75.633333,2215,73.833333,0.528254,matched
2270,75.666667,2215,73.833333,0.543867,matched
2271,75.7,2216,73.866667,0.559481,matched
2272,75.733333,2216,73.866667,0.575094,matched
2273,75.766667,2217,73.9,0.590707,matched
2274,75.8,2217,73.9,0.60632,matched
2275,75.833333,2218,73.933333,0.621934,matched
2276,75.866667,2218,73.933333,0.637547,matched
2277,75.9,2219,73.966667,0.65316,matched
2278,75.933333,2219,73.966667,0.668773,matched
2279,75.966667,2220,74.0,0.684387,matched
2280,76.0,2220,74.0,0.7,matched
2281,76.033333,2220,74.0,0.678427,matched
2282,76.066667,2221,74.033333,0.656854,matched
2283,76.1,2221,74.033333,0.635281,matched
2284,76.133333,2222,74.066667,0.613708,matched
2285,76.166667,2222,74.066667,0.592135,matched
2286,76.2,2223,74.1,0.570562,matched
2287,76.233333,2223,74.1,0.54899,matched
2288,76.266667,2224,74.133333,0.527417,matched
2289,76.3,2224,74.133333,0.505844,matched
2290,76.333333,2225,74.166667,0.484271,matched
2291,76.366667,2225,74.166667,0.462698,matched
2292,76.4,2226,74.2,0.441125,matched
2293,76.433333,2226,74.2,0.428029,matched
2294,76.466667,2227,74.233333,0.414933,matched
2295,76.5,2227,74.233333,0.401837,matched
2296,76.533333,2228,74.266667,0.388741,matched
2297,76.566667,2228,74.266667,0.375645,matched
2298,76.6,2229,74.3,0.362549,matched
2299,76.633333,2229,74.3,0.349453,review
2300,76.666667,2230,74.333333,0.336357,review
2301,76.7,2230,74.333333,0.323261,review
2302,76.733333,2231,74.366667,0.310165,review
2303,76.766667,2231,74.366667,0.297069,review
2304,76.8,2232,74.4,0.283973,review
2305,76.833333,2234,74.466667,0.265592,review
2306,76.866667,2236,74.533333,0.247211,review
2307,76.9,2238,74.6,0.22883,review
2308,76.933333,2240,74.666667,0.210449,review
2309,76.966667,2242,74.733333,0.192067,review
2310,77.0,2244,74.8,0.173686,review
2311,77.033333,2246,74.866667,0.18708,review
2312,77.066667,2248,74.933333,0.200475,review
2313,77.1,2250,75.0,0.213869,review
2314,77.133333,2252,75.066667,0.227263,review
2315,77.166667,2254,75.133333,0.240658,review
2316,77.2,2256,75.2,0.254053,review
2317,77.233333,2256,75.2,0.274021,review
2318,77.266667,2257,75.233333,0.293988,review
2319,77.3,2257,75.233333,0.313956,review
2320,77.333333,2258,75.266667,0.333924,review
2321,77.366667,2259,75.3,0.353891,matched
2322,77.4,2259,75.3,0.373859,matched
2323,77.433333,2260,75.333333,0.393827,matched
2324,77.466667,2260,75.333333,0.413794,matched
2325,77.5,2261,75.366667,0.433762,matched
2326,77.533333,2261,75.366667,0.45373,matched
2327,77.566667,2262,75.4,0.473697,matched
2328,77.6,2262,75.4,0.493665,matched
2329,77.633333,2264,75.466667,0.510272,matched
2330,77.666667,2266,75.533333,0.52688,matched
2331,77.7,2268,75.6,0.543487,matched
2332,77.733333,2270,75.666667,0.560095,matched
2333,77.766667,2272,75.733333,0.576702,matched
2334,77.8,2274,75.8,0.593309,matched
2335,77.833333,2275,75.833333,0.564745,matched
2336,77.866667,2275,75.833333,0.536176,matched
2337,77.9,2276,75.866667,0.507608,matched
2338,77.933333,2276,75.866667,0.479039,matched
2339,77.966667,2277,75.9,0.45047,matched
2340,78.0,2277,75.9,0.421902,matched
2341,78.033333,2278,75.933333,0.393333,matched
2342,78.066667,2278,75.933333,0.364764,matched
2343,78.1,2279,75.966667,0.336195,review
2344,78.133333,2279,75.966667,0.307627,review
2345,78.166667,2280,76.0,0.279058,review
2346,78.2,2280,76.0,0.25049,review
2347,78.233333,2282,76.066667,0.225317,review
2348,78.266667,2284,76.133333,0.200145,review
2349,78.3,2286,76.2,0.174972,review
2350,78.333333,2288,76.266667,0.149799,review
2351,78.366667,2290,76.333333,0.124627,review
2352,78.4,2292,76.4,0.099454,review
2353,78.433333,2294,76.466667,0.151981,review
2354,78.466667,2296,76.533333,0.204512,review
2355,78.5,2298,76.6,0.257042,review
2356,78.533333,2300,76.666667,0.309572,review
2357,78.566667,2302,76.733333,0.362103,matched
2358,78.6,2304,76.8,0.41463,matched
2359,78.633333,2305,76.833333,0.402318,matched
2360,78.666667,2305,76.833333,0.390006,matched
2361,78.7,2306,76.866667,0.377694,matched
2362,78.733333,2306,76.866667,0.365382,matched
2363,78.766667,2307,76.9,0.353069,matched
2364,78.8,2307,76.9,0.340757,review
2365,78.833333,2308,76.933333,0.328445,review
2366,78.866667,2308,76.933333,0.316133,review
2367,78.9,2309,76.966667,0.303821,review
2368,78.933333,2309,76.966667,0.291508,review
2369,78.966667,2310,77.0,0.279196,review
2370,79.0,2310,77.0,0.266884,review
2371,79.033333,2310,77.0,0.297715,review
2372,79.066667,2311,77.033333,0.328546,review
2373,79.1,2311,77.033333,0.359378,matched
2374,79.133333,2312,77.066667,0.390209,matched
2375,79.166667,2312,77.066667,0.42104,matched
2376,79.2,2313,77.1,0.451871,matched
2377,79.233333,2313,77.1,0.482703,matched
2378,79.266667,2314,77.133333,0.513534,matched
2379,79.3,2314,77.133333,0.544365,matched
2380,79.333333,2315,77.166667,0.575196,matched
2381,79.366667,2315,77.166667,0.606027,matched
2382,79.4,2316,77.2,0.636859,matched
2383,79.433333,2316,77.2,0.630093,matched
2384,79.466667,2317,77.233333,0.623327,matched
2385,79.5,2317,77.233333,0.61656,matched
2386,79.533333,2318,77.266667,0.609793,matched
2387,79.566667,2318,77.266667,0.603026,matched
2388,79.6,2319,77.3,0.596259,matched
2389,79.633333,2319,77.3,0.589492,matched
2390,79.666667,2320,77.333333,0.582725,matched
2391,79.7,2320,77.333333,0.575958,matched
2392,79.733333,2321,77.366667,0.569191,matched
2393,79.766667,2321,77.366667,0.562425,matched
2394,79.8,2322,77.4,0.555658,matched
2395,79.833333,2322,77.4,0.561659,matched
2396,79.866667,2323,77.433333,0.567661,matched
2397,79.9,2324,77.466667,0.573663,matched
2398,79.933333,2324,77.466667,0.579665,matched
2399,79.966667,2324,77.466667,0.585667,matched
2400,80.0,2325,77.5,0.591669,matched
2401,80.033333,2326,77.533333,0.597671,matched
2402,80.066667,2326,77.533333,0.603673,matched
2403,80.1,2326,77.533333,0.609675,matched
2404,80.133333,2327,77.566667,0.615677,matched
2405,80.166667,2328,77.6,0.621679,matched
2406,80.2,2328,77.6,0.627678,matched
2407,80.233333,2330,77.666667,0.59693,matched
2408,80.266667,2332,77.733333,0.566183,matched
2409,80.3,2334,77.8,0.535435,matched
2410,80.333333,2336,77.866667,0.504687,matched
2411,80.366667,2338,77.933333,0.473939,matched
2412,80.4,2340,78.0,0.443191,matched
2413,80.433333,2342,78.066667,0.43882,matched
2414,80.466667,2344,78.133333,0.43445,matched
2415,80.5,2346,78.2,0.430081,matched
2416,80.533333,2348,78.266667,0.425711,matched
2417,80.566667,2350,78.333333,0.421341,matched
2418,80.6,2352,78.4,0.416969,matched
2419,80.633333,2353,78.433333,0.382222,matched
2420,80.666667,2353,78.433333,0.347475,review
2421,80.7,2354,78.466667,0.312727,review
2422,80.733333,2354,78.466667,0.27798,review
2423,80.766667,2355,78.5,0.243232,review
2424,80.8,2355,78.5,0.208485,review
2425,80.833333,2356,78.533333,0.173737,review
2426,80.866667,2356,78.533333,0.13899,review
2427,80.9,2356,78.533333,0.104242,review
2428,80.933333,2357,78.566667,0.069495,review
2429,80.966667,2357,78.566667,0.034747,review
2430,81.0,2358,78.6,0.0,review
2431,81.033333,2358,78.6,0.020482,review
2432,81.066667,2359,78.633333,0.040964,review
2433,81.1,2359,78.633333,0.061445,review
2434,81.133333,2360,78.666667,0.081927,review
2435,81.166667,2361,78.7,0.102409,review
2436,81.2,2361,78.7,0.122891,review
2437,81.233333,2362,78.733333,0.143372,review
2438,81.266667,2362,78.733333,0.163854,review
2439,81.3,2363,78.766667,0.184336,review
2440,81.333333,2363,78.766667,0.204818,review
2441,81.366667,2364,78.8,0.225299,review
2442,81.4,2364,78.8,0.245781,review
2443,81.433333,2365,78.833333,0.269695,review
2444,81.466667,2365,78.833333,0.293609,review
2445,81.5,2366,78.866667,0.317523,review
2446,81.533333,2366,78.866667,0.341438,review
2447,81.566667,2367,78.9,0.365352,matched
2448,81.6,2367,78.9,0.389266,matched
2449,81.633333,2368,78.933333,0.41318,matched
2450,81.666667,2368,78.933333,0.437094,matched
2451,81.7,2368,78.933333,0.461008,matched
2452,81.733333,2369,78.966667,0.484922,matched
2453,81.766667,2369,78.966667,0.508837,matched
2454,81.8,2370,79.0,0.532751,matched
2455,81.833333,2370,79.0,0.516889,matched
2456,81.866667,2371,79.033333,0.501023,matched
2457,81.9,2371,79.033333,0.485158,matched
2458,81.933333,2372,79.066667,0.469292,matched
2459,81.966667,2372,79.066667,0.453427,matched
2460,82.0,2373,79.1,0.437561,matched
2461,82.033333,2373,79.1,0.421696,matched
2462,82.066667,2374,79.133333,0.405831,matched
2463,82.1,2374,79.133333,0.389965,matched
2464,82.133333,2375,79.166667,0.3741,matched
2465,82.166667,2375,79.166667,0.358234,matched
2466,82.2,2376,79.2,0.34237,review
2467,82.233333,2376,79.2,0.342243,review
2468,82.266667,2377,79.233333,0.342117,review
2469,82.3,2377,79.233333,0.34199,review
2470,82.333333,2378,79.266667,0.341864,review
2471,82.366667,2379,79.3,0.341737,review
2472,82.4,2379,79.3,0.34161,review
2473,82.433333,2380,79.333333,0.341484,review
2474,82.466667,2380,79.333333,0.341357,review
2475,82.5,2381,79.366667,0.341231,review
2476,82.533333,2381,79.366667,0.341104,review
2477,82.566667,2382,79.4,0.340978,review
2478,82.6,2382,79.4,0.340852,review
2479,82.633333,2384,79.466667,0.358179,matched
2480,82.666667,2386,79.533333,0.375506,matched
2481,82.7,2388,79.6,0.392833,matched
2482,82.733333,2390,79.666667,0.41016,matched
2483,82.766667,2392,79.733333,0.427486,matched
2484,82.8,2394,79.8,0.444813,matched
2485,82.833333,2395,79.833333,0.438592,matched
2486,82.866667,2395,79.833333,0.432369,matched
2487,82.9,2396,79.866667,0.426146,matched
2488,82.933333,2396,79.866667,0.419923,matched
2489,82.966667,2397,79.9,0.4137,matched
2490,83.0,2397,79.9,0.407476,matched
2491,83.033333,2398,79.933333,0.401253,matched
2492,83.066667,2398,79.933333,0.39503,matched
2493,83.1,2399,79.966667,0.388807,matched
2494,83.133333,2399,79.966667,0.382584,matched
2495,83.166667,2400,80.0,0.376361,matched
2496,83.2,2400,80.0,0.370141,matched
2497,83.233333,2402,80.066667,0.401486,matched
2498,83.266667,2404,80.133333,0.432831,matched
2499,83.3,2406,80.2,0.464176,matched
2500,83.333333,2408,80.266667,0.495521,matched
2501,83.366667,2410,80.333333,0.526866,matched
2502,83.4,2412,80.4,0.558211,matched
2503,83.433333,2413,80.433333,0.54234,matched
2504,83.466667,2413,80.433333,0.526468,matched
2505,83.5,2413,80.433333,0.510595,matched
2506,83.533333,2414,80.466667,0.494723,matched
2507,83.566667,2414,80.466667,0.47885,matched
2508,83.6,2415,80.5,0.462978,matched
2509,83.633333,2415,80.5,0.447105,matched
2510,83.666667,2416,80.533333,0.431233,matched
2511,83.7,2416,80.533333,0.41536,matched
2512,83.733333,2417,80.566667,0.399487,matched
2513,83.766667,2417,80.566667,0.383615,matched
2514,83.8,2418,80.6,0.367742,matched
2515,83.833333,2418,80.6,0.362564,matched
2516,83.866667,2419,80.633333,0.357386,matched
2517,83.9,2419,80.633333,0.352208,matched
2518,83.933333,2420,80.666667,0.347031,review
2519,83.966667,2421,80.7,0.341853,review
2520,84.0,2421,80.7,0.336675,review
2521,84.033333,2422,80.733333,0.331498,review
2522,84.066667,2422,80.733333,0.32632,review
2523,84.1,2423,80.766667,0.321143,review
2524,84.133333,2423,80.766667,0.315965,review
2525,84.166667,2424,80.8,0.310787,review
2526,84.2,2424,80.8,0.305611,review
2527,84.233333,2425,80.833333,0.313751,review
2528,84.266667,2425,80.833333,0.321892,review
2529,84.3,2426,80.866667,0.330032,review
2530,84.333333,2426,80.866667,0.338172,review
2531,84.366667,2427,80.9,0.346313,review
2532,84.4,2427,80.9,0.354453,matched
2533,84.433333,2428,80.933333,0.362593,matched
2534,84.466667,2428,80.933333,0.370734,matched
2535,84.5,2429,80.966667,0.378874,matched
2536,84.533333,2429,80.966667,0.387015,matched
2537,84.566667,2430,81.0,0.395155,matched
2538,84.6,2430,81.0,0.403295,matched
2539,84.633333,2431,81.033333,0.399953,matched
2540,84.666667,2431,81.033333,0.396612,matched
2541,84.7,2431,81.033333,0.393271,matched
2542,84.733333,2432,81.066667,0.389929,matched
2543,84.766667,2432,81.066667,0.386588,matched
2544,84.8,2433,81.1,0.383246,matched
2545,84.833333,2433,81.1,0.379905,matched
2546,84.866667,2434,81.133333,0.376564,matched
2547,84.9,2434,81.133333,0.373222,matched
2548,84.933333,2435,81.166667,0.369881,matched
2549,84.966667,2435,81.166667,0.366539,matched
2550,85.0,2436,81.2,0.363198,matched
2551,85.033333,2436,81.2,0.37638,matched
2552,85.066667,2437,81.233333,0.389562,matched
2553,85.1,2437,81.233333,0.402744,matched
2554,85.133333,2438,81.266667,0.415926,matched
2555,85.166667,2438,81.266667,0.429108,matched
2556,85.2,2439,81.3,0.44229,matched
2557,85.233333,2439,81.3,0.455472,matched
2558,85.266667,2440,81.333333,0.468654,matched
2559,85.3,2440,81.333333,0.481836,matched
2560,85.333333,2441,81.366667,0.495018,matched
2561,85.366667,2442,81.4,0.5082,matched
2562,85.4,2442,81.4,0.521382,matched
2563,85.433333,2443,81.433333,0.521972,matched
2564,85.466667,2443,81.433333,0.522561,matched
2565,85.5,2443,81.433333,0.523151,matched
2566,85.533333,2444,81.466667,0.52374,matched
2567,85.566667,2444,81.466667,0.524329,matched
2568,85.6,2445,81.5,0.524918,matched
2569,85.633333,2445,81.5,0.525508,matched
2570,85.666667,2446,81.533333,0.526097,matched
2571,85.7,2446,81.533333,0.526686,matched
2572,85.733333,2447,81.566667,0.527275,matched
2573,85.766667,2447,81.566667,0.527865,matched
2574,85.8,2448,81.6,0.528454,matched
2575,85.833333,2448,81.6,0.525255,matched
2576,85.866667,2449,81.633333,0.522056,matched
2577,85.9,2449,81.633333,0.518857,matched
2578,85.933333,2450,81.666667,0.515658,matched
2579,85.966667,2451,81.7,0.512459,matched
2580,86.0,2451,81.7,0.50926,matched
2581,86.033333,2452,81.733333,0.50606,matched
2582,86.066667,2452,81.733333,0.502861,matched
2583,86.1,2453,81.766667,0.499662,matched
2584,86.133333,2453,81.766667,0.496463,matched
2585,86.166667,2454,81.8,0.493264,matched
2586,86.2,2454,81.8,0.490066,matched
2587,86.233333,2455,81.833333,0.500767,matched
2588,86.266667,2455,81.833333,0.511468,matched
2589,86.3,2456,81.866667,0.522169,matched
2590,86.333333,2456,81.866667,0.53287,matched
2591,86.366667,2457,81.9,0.543571,matched
2592,86.4,2457,81.9,0.554272,matched
2593,86.433333,2458,81.933333,0.564973,matched
2594,86.466667,2458,81.933333,0.575674,matched
2595,86.5,2459,81.966667,0.586375,matched
2596,86.533333,2459,81.966667,0.597076,matched
2597,86.566667,2460,82.0,0.607777,matched
2598,86.6,2460,82.0,0.618476,matched
2599,86.633333,2461,82.033333,0.586402,matched
2600,86.666667,2461,82.033333,0.554328,matched
2601,86.7,2461,82.033333,0.522254,matched
2602,86.733333,2462,82.066667,0.49018,matched
2603,86.766667,2462,82.066667,0.458106,matched
2604,86.8,2463,82.1,0.426032,matched
2605,86.833333,2463,82.1,0.393958,matched
2606,86.866667,2464,82.133333,0.361884,matched
2607,86.9,2464,82.133333,0.32981,review
2608,86.933333,2465,82.166667,0.297736,review
2609,86.966667,2465,82.166667,0.265662,review
2610,87.0,2466,82.2,0.233588,review
2611,87.033333,2466,82.2,0.240861,review
2612,87.066667,2467,82.233333,0.248133,review
2613,87.1,2467,82.233333,0.255406,review
2614,87.133333,2468,82.266667,0.262678,review
2615,87.166667,2468,82.266667,0.269951,review
2616,87.2,2469,82.3,0.277223,review
2617,87.233333,2469,82.3,0.284496,review
2618,87.266667,2470,82.333333,0.291768,review
2619,87.3,2470,82.333333,0.299041,review
2620,87.333333,2471,82.366667,0.306314,review
2621,87.366667,2472,82.4,0.313586,review
2622,87.4,2472,82.4,0.320859,review
2623,87.433333,2473,82.433333,0.324331,review
2624,87.466667,2473,82.433333,0.327803,review
2625,87.5,2473,82.433333,0.331276,review
2626,87.533333,2474,82.466667,0.334748,review
2627,87.566667,2474,82.466667,0.33822,review
2628,87.6,2475,82.5,0.341692,review
2629,87.633333,2475,82.5,0.345164,review
2630,87.666667,2476,82.533333,0.348637,review
2631,87.7,2476,82.533333,0.352109,matched
2632,87.733333,2477,82.566667,0.355581,matched
2633,87.766667,2477,82.566667,0.359053,matched
2634,87.8,2478,82.6,0.362526,matched
2635,87.833333,2480,82.666667,0.317292,review
2636,87.866667,2482,82.733333,0.272053,review
2637,87.9,2484,82.8,0.226815,review
2638,87.933333,2486,82.866667,0.181577,review
2639,87.966667,2488,82.933333,0.136338,review
2640,88.0,2490,83.0,0.0911,review
2641,88.033333,2492,83.066667,0.129025,review
2642,88.066667,2494,83.133333,0.166949,review
2643,88.1,2496,83.2,0.204874,review
2644,88.133333,2498,83.266667,0.242798,review
2645,88.166667,2500,83.333333,0.280723,review
2646,88.2,2502,83.4,0.318645,review
2647,88.233333,2504,83.466667,0.333492,review
2648,88.266667,2506,83.533333,0.348338,review
2649,88.3,2508,83.6,0.363185,matched
2650,88.333333,2510,83.666667,0.378031,matched
2651,88.366667,2512,83.733333,0.392878,matched
2652,88.4,2514,83.8,0.407724,matched
2653,88.433333,2515,83.833333,0.40526,matched
2654,88.466667,2515,83.833333,0.402795,matched
2655,88.5,2516,83.866667,0.40033,matched
2656,88.533333,2516,83.866667,0.397864,matched
2657,88.566667,2517,83.9,0.395399,matched
2658,88.6,2517,83.9,0.392934,matched
2659,88.633333,2518,83.933333,0.390469,matched
2660,88.666667,2518,83.933333,0.388004,matched
2661,88.7,2518,83.933333,0.385539,matched
2662,88.733333,2519,83.966667,0.383074,matched
2663,88.766667,2519,83.966667,0.380608,matched
2664,88.8,2520,84.0,0.378143,matched
2665,88.833333,2520,84.0,0.372495,matched
2666,88.866667,2521,84.033333,0.366847,matched
2667,88.9,2521,84.033333,0.361199,matched
2668,88.933333,2522,84.066667,0.355551,matched
2669,88.966667,2522,84.066667,0.349903,review
2670,89.0,2523,84.1,0.344255,review
2671,89.033333,2523,84.1,0.338607,review
2672,89.066667,2524,84.133333,0.332959,review
2673,89.1,2524,84.133333,0.327311,review
2674,89.133333,2525,84.166667,0.321663,review
2675,89.166667,2525,84.166667,0.316015,review
2676,89.2,2526,84.2,0.310366,review
2677,89.233333,2526,84.2,0.301422,review
2678,89.266667,2527,84.233333,0.292479,review
2679,89.3,2527,84.233333,0.283535,review
2680,89.333333,2528,84.266667,0.274591,review
2681,89.366667,2529,84.3,0.265647,review
2682,89.4,2529,84.3,0.256703,review
2683,89.433333,2530,84.333333,0.24776,review
2684,89.466667,2530,84.333333,0.238816,review
2685,89.5,2531,84.366667,0.229872,review
2686,89.533333,2531,84.366667,0.220928,review
2687,89.566667,2532,84.4,0.211984,review
2688,89.6,2532,84.4,0.203044,review
2689,89.633333,2534,84.466667,0.266053,review
2690,89.666667,2536,84.533333,0.329062,review
2691,89.7,2538,84.6,0.392071,matched
2692,89.733333,2540,84.666667,0.45508,matched
2693,89.766667,2542,84.733333,0.518089,matched
2694,89.8,2544,84.8,0.581098,matched
2695,89.833333,2545,84.833333,0.560064,matched
2696,89.866667,2545,84.833333,0.539022,matched
2697,89.9,2546,84.866667,0.51798,matched
2698,89.933333,2546,84.866667,0.496938,matched
2699,89.966667,2547,84.9,0.475896,matched
2700,90.0,2547,84.9,0.454854,matched
2701,90.033333,2548,84.933333,0.433812,matched
2702,90.066667,2548,84.933333,0.41277,matched
2703,90.1,2549,84.966667,0.391728,matched
2704,90.133333,2549,84.966667,0.370686,matched
2705,90.166667,2550,85.0,0.349644,review
2706,90.2,2550,85.0,0.328604,review
2707,90.233333,2552,85.066667,0.325481,review
2708,90.266667,2554,85.133333,0.322359,review
2709,90.3,2556,85.2,0.319237,review
2710,90.333333,2558,85.266667,0.316115,review
2711,90.366667,2560,85.333333,0.312992,review
2712,90.4,2562,85.4,0.30987,review
2713,90.433333,2563,85.433333,0.328573,review
2714,90.466667,2563,85.433333,0.347277,review
2715,90.5,2563,85.433333,0.365981,matched
2716,90.533333,2564,85.466667,0.384685,matched
2717,90.566667,2564,85.466667,0.403389,matched
2718,90.6,2565,85.5,0.422093,matched
2719,90.633333,2565,85.5,0.440797,matched
2720,90.666667,2566,85.533333,0.459501,matched
2721,90.7,2566,85.533333,0.478204,matched
2722,90.733333,2567,85.566667,0.496908,matched
2723,90.766667,2567,85.566667,0.515612,matched
2724,90.8,2568,85.6,0.534316,matched
2725,90.833333,2568,85.6,0.525368,matched
2726,90.866667,2569,85.633333,0.516417,matched
2727,90.9,2569,85.633333,0.507466,matched
2728,90.933333,2570,85.666667,0.498515,matched
2729,90.966667,2571,85.7,0.489564,matched
2730,91.0,2571,85.7,0.480612,matched
2731,91.033333,2572,85.733333,0.471661,matched
2732,91.066667,2572,85.733333,0.46271,matched
2733,91.1,2573,85.766667,0.453759,matched
2734,91.133333,2573,85.766667,0.444808,matched
2735,91.166667,2574,85.8,0.435857,matched
2736,91.2,2574,85.8,0.426906,matched
2737,91.233333,2575,85.833333,0.416849,matched
2738,91.266667,2575,85.833333,0.406791,matched
2739,91.3,2576,85.866667,0.396734,matched
2740,91.333333,2576,85.866667,0.386677,matched
2741,91.366667,2577,85.9,0.37662,matched
2742,91.4,2577,85.9,0.366562,matched
2743,91.433333,2578,85.933333,0.356505,matched
2744,91.466667,2578,85.933333,0.346448,review
2745,91.5,2579,85.966667,0.33639,review
2746,91.533333,2579,85.966667,0.326333,review
2747,91.566667,2580,86.0,0.316276,review
2748,91.6,2580,86.0,0.306219,review
2749,91.633333,2581,86.033333,0.310126,review
2750,91.666667,2581,86.033333,0.314032,review
2751,91.7,2581,86.033333,0.317939,review
2752,91.733333,2582,86.066667,0.321845,review
2753,91.766667,2582,86.066667,0.325752,review
2754,91.8,2583,86.1,0.329659,review
2755,91.833333,2583,86.1,0.333565,review
2756,91.866667,2584,86.133333,0.337472,review
2757,91.9,2584,86.133333,0.341378,review
2758,91.933333,2585,86.166667,0.345285,review
2759,91.966667,2585,86.166667,0.349191,review
2760,92.0,2586,86.2,0.353098,matched
2761,92.033333,2588,86.266667,0.382775,matched
2762,92.066667,2590,86.333333,0.412452,matched
2763,92.1,2592,86.4,0.442129,matched
2764,92.133333,2594,86.466667,0.471806,matched
2765,92.166667,2596,86.533333,0.501483,matched
2766,92.2,2598,86.6,0.531155,matched
2767,92.233333,2599,86.633333,0.50771,matched
2768,92.266667,2599,86.633333,0.484264,matched
2769,92.3,2600,86.666667,0.460819,matched
2770,92.333333,2600,86.666667,0.437374,matched
2771,92.366667,2601,86.7,0.413929,matched
2772,92.4,2601,86.7,0.390483,matched
2773,92.433333,2602,86.733333,0.367038,matched
2774,92.466667,2602,86.733333,0.343593,review
2775,92.5,2603,86.766667,0.320148,review
2776,92.533333,2603,86.766667,0.296702,review
2777,92.566667,2604,86.8,0.273257,review
2778,92.6,2604,86.8,0.249814,review
2779,92.633333,2606,86.866667,0.269041,review
2780,92.666667,2608,86.933333,0.288268,review
2781,92.7,2610,87.0,0.307495,review
2782,92.733333,2612,87.066667,0.326722,review
2783,92.766667,2614,87.133333,0.345949,review
2784,92.8,2616,87.2,0.365176,matched
2785,92.833333,2618,87.266667,0.395261,matched
2786,92.866667,2620,87.333333,0.425346,matched
2787,92.9,2622,87.4,0.455432,matched
2788,92.933333,2624,87.466667,0.485518,matched
2789,92.966667,2626,87.533333,0.515603,matched
2790,93.0,2628,87.6,0.545689,matched
2791,93.033333,2628,87.6,0.542072,matched
2792,93.066667,2629,87.633333,0.538456,matched
2793,93.1,2629,87.633333,0.534839,matched
2794,93.133333,2630,87.666667,0.531222,matched
2795,93.166667,2631,87.7,0.527606,matched
2796,93.2,2631,87.7,0.523989,matched
2797,93.233333,2632,87.733333,0.520372,matched
2798,93.266667,2632,87.733333,0.516756,matched
2799,93.3,2633,87.766667,0.513139,matched
2800,93.333333,2633,87.766667,0.509522,matched
2801,93.366667,2634,87.8,0.505906,matched
2802,93.4,2634,87.8,0.502289,matched
2803,93.433333,2636,87.866667,0.489709,matched
2804,93.466667,2638,87.933333,0.477128,matched
2805,93.5,2640,88.0,0.464547,matched
2806,93.533333,2642,88.066667,0.451966,matched
2807,93.566667,2644,88.133333,0.439385,matched
2808,93.6,2646,88.2,0.426805,matched
2809,93.633333,2646,88.2,0.419095,matched
2810,93.666667,2647,88.233333,0.411385,matched
2811,93.7,2647,88.233333,0.403675,matched
2812,93.733333,2648,88.266667,0.395965,matched
2813,93.766667,2648,88.266667,0.388256,matched
2814,93.8,2649,88.3,0.380546,matched
2815,93.833333,2649,88.3,0.372836,matched
2816,93.866667,2650,88.333333,0.365126,matched
2817,93.9,2651,88.366667,0.357416,matched
2818,93.933333,2651,88.366667,0.349707,review
2819,93.966667,2652,88.4,0.341997,review
2820,94.0,2652,88.4,0.334287,review
2821,94.033333,2654,88.466667,0.33638,review
2822,94.066667,2656,88.533333,0.338472,review
2823,94.1,2658,88.6,0.340565,review
2824,94.133333,2660,88.666667,0.342658,review
2825,94.166667,2662,88.733333,0.34475,review
2826,94.2,2664,88.8,0.346844,review
2827,94.233333,2665,88.833333,0.355335,matched
2828,94.266667,2665,88.833333,0.363827,matched
2829,94.3,2666,88.866667,0.372318,matched
2830,94.333333,2666,88.866667,0.38081,matched
2831,94.366667,2667,88.9,0.389302,matched
2832,94.4,2667,88.9,0.397793,matched
2833,94.433333,2668,88.933333,0.406285,matched
2834,94.466667,2668,88.933333,0.414776,matched
2835,94.5,2669,88.966667,0.423268,matched
2836,94.533333,2669,88.966667,0.431759,matched
2837,94.566667,2670,89.0,0.440251,matched
2838,94.6,2670,89.0,0.448741,matched
2839,94.633333,2671,89.033333,0.435794,matched
2840,94.666667,2671,89.033333,0.422846,matched
2841,94.7,2671,89.033333,0.409899,matched
2842,94.733333,2672,89.066667,0.396951,matched
2843,94.766667,2672,89.066667,0.384004,matched
2844,94.8,2673,89.1,0.371056,matched
2845,94.833333,2673,89.1,0.358109,matched
2846,94.866667,2674,89.133333,0.345161,review
2847,94.9,2674,89.133333,0.332214,review
2848,94.933333,2675,89.166667,0.319266,review
2849,94.966667,2675,89.166667,0.306319,review
2850,95.0,2676,89.2,0.293371,review
2851,95.033333,2678,89.266667,0.320581,review
2852,95.066667,2680,89.333333,0.347791,review
2853,95.1,2682,89.4,0.375001,matched
2854,95.133333,2684,89.466667,0.402211,matched
2855,95.166667,2686,89.533333,0.429421,matched
2856,95.2,2688,89.6,0.456627,matched
2857,95.233333,2689,89.633333,0.439333,matched
2858,95.266667,2689,89.633333,0.422038,matched
2859,95.3,2690,89.666667,0.404743,matched
2860,95.333333,2690,89.666667,0.387448,matched
2861,95.366667,2691,89.7,0.370153,matched
2862,95.4,2691,89.7,0.352858,matched
2863,95.433333,2692,89.733333,0.335563,review
2864,95.466667,2692,89.733333,0.318269,review
2865,95.5,2693,89.766667,0.300974,review
2866,95.533333,2693,89.766667,0.283679,review
2867,95.566667,2694,89.8,0.266384,review
2868,95.6,2694,89.8,0.24909,review
2869,95.633333,2695,89.833333,0.257423,review
2870,95.666667,2695,89.833333,0.265756,review
2871,95.7,2696,89.866667,0.274089,review
2872,95.733333,2696,89.866667,0.282422,review
2873,95.766667,2697,89.9,0.290754,review
2874,95.8,2697,89.9,0.299087,review
2875,95.833333,2698,89.933333,0.30742,review
2876,95.866667,2698,89.933333,0.315753,review
2877,95.9,2699,89.966667,0.324086,review
2878,95.933333,2699,89.966667,0.332418,review
2879,95.966667,2700,90.0,0.340751,review
2880,96.0,2700,90.0,0.349084,review
2881,96.033333,2702,90.066667,0.309088,review
2882,96.066667,2704,90.133333,0.269093,review
2883,96.1,2706,90.2,0.229097,review
2884,96.133333,2708,90.266667,0.189102,review
2885,96.166667,2710,90.333333,0.149106,review
2886,96.2,2712,90.4,0.109118,review
2887,96.233333,2714,90.466667,0.154513,review
2888,96.266667,2716,90.533333,0.199908,review
2889,96.3,2718,90.6,0.245303,review
2890,96.333333,2720,90.666667,0.290697,review
2891,96.366667,2722,90.733333,0.336092,review
2892,96.4,2724,90.8,0.381487,matched
2893,96.433333,2726,90.866667,0.414754,matched
2894,96.466667,2728,90.933333,0.44802,matched
2895,96.5,2730,91.0,0.481286,matched
2896,96.533333,2732,91.066667,0.514552,matched
2897,96.566667,2734,91.133333,0.547818,matched
2898,96.6,2736,91.2,0.581082,matched
2899,96.633333,2736,91.2,0.562113,matched
2900,96.666667,2737,91.233333,0.543144,matched
2901,96.7,2737,91.233333,0.524175,matched
2902,96.733333,2738,91.266667,0.505205,matched
2903,96.766667,2738,91.266667,0.486236,matched
2904,96.8,2739,91.3,0.467267,matched
2905,96.833333,2739,91.3,0.448298,matched
2906,96.866667,2740,91.333333,0.429329,matched
2907,96.9,2741,91.366667,0.41036,matched
2908,96.933333,2741,91.366667,0.39139,matched
2909,96.966667,2742,91.4,0.372421,matched
2910,97.0,2742,91.4,0.353452,matched
2911,97.033333,2743,91.433333,0.344905,review
2912,97.066667,2743,91.433333,0.336358,review
2913,97.1,2744,91.466667,0.327812,review
2914,97.133333,2744,91.466667,0.319265,review
2915,97.166667,2744,91.466667,0.310718,review
2916,97.2,2745,91.5,0.302171,review
2917,97.233333,2745,91.5,0.293624,review
2918,97.266667,2746,91.533333,0.285078,review
2919,97.3,2746,91.533333,0.276531,review
2920,97.333333,2747,91.566667,0.267984,review
2921,97.366667,2747,91.566667,0.259437,review
2922,97.4,2748,91.6,0.25089,review
2923,97.433333,2748,91.6,0.253699,review
2924,97.466667,2749,91.633333,0.256508,review
2925,97.5,2749,91.633333,0.259317,review
2926,97.533333,2750,91.666667,0.262126,review
2927,97.566667,2750,91.666667,0.264936,review
2928,97.6,2751,91.7,0.267745,review
2929,97.633333,2751,91.7,0.270554,review
2930,97.666667,2752,91.733333,0.273363,review
2931,97.7,2753,91.766667,0.276172,review
2932,97.733333,2753,91.766667,0.278981,review
2933,97.766667,2754,91.8,0.281791,review
2934,97.8,2754,91.8,0.2846,review
2935,97.833333,2755,91.833333,0.300552,review
2936,97.866667,2755,91.833333,0.316505,review
2937,97.9,2756,91.866667,0.332459,review
2938,97.933333,2756,91.866667,0.348412,review
2939,97.966667,2757,91.9,0.364366,matched
2940,98.0,2757,91.9,0.380319,matched
2941,98.033333,2758,91.933333,0.396272,matched
2942,98.066667,2758,91.933333,0.412226,matched
2943,98.1,2759,91.966667,0.428179,matched
2944,98.133333,2759,91.966667,0.444133,matched
2945,98.166667,2760,92.0,0.460086,matched
2946,98.2,2760,92.0,0.476038,matched
2947,98.233333,2761,92.033333,0.47934,matched
2948,98.266667,2761,92.033333,0.482641,matched
2949,98.3,2762,92.066667,0.485943,matched
2950,98.333333,2762,92.066667,0.489245,matched
2951,98.366667,2762,92.066667,0.492546,matched
2952,98.4,2763,92.1,0.495848,matched
2953,98.433333,2763,92.1,0.499149,matched
2954,98.466667,2764,92.133333,0.502451,matched
2955,98.5,2764,92.133333,0.505752,matched
2956,98.533333,2765,92.166667,0.509054,matched
2957,98.566667,2765,92.166667,0.512356,matched
2958,98.6,2766,92.2,0.515656,matched
2959,98.633333,2766,92.2,0.495817,matched
2960,98.666667,2767,92.233333,0.475978,matched
2961,98.7,2767,92.233333,0.45614,matched
2962,98.733333,2768,92.266667,0.436301,matched
2963,98.766667,2768,92.266667,0.416462,matched
2964,98.8,2769,92.3,0.396623,matched
2965,98.833333,2769,92.3,0.376784,matched
2966,98.866667,2770,92.333333,0.356945,matched
2967,98.9,2771,92.366667,0.337107,review
2968,98.933333,2771,92.366667,0.317268,review
2969,98.966667,2772,92.4,0.297429,review
2970,99.0,2772,92.4,0.27759,review
2971,99.033333,2773,92.433333,0.298224,review
2972,99.066667,2773,92.433333,0.318857,review
2973,99.1,2774,92.466667,0.339491,review
2974,99.133333,2774,92.466667,0.360125,matched
2975,99.166667,2774,92.466667,0.380758,matched
2976,99.2,2775,92.5,0.401392,matched
2977,99.233333,2775,92.5,0.422026,matched
2978,99.266667,2776,92.533333,0.442659,matched
2979,99.3,2776,92.533333,0.463293,matched
2980,99.333333,2777,92.566667,0.483927,matched
2981,99.366667,2777,92.566667,0.50456,matched
2982,99.4,2778,92.6,0.525194,matched
2983,99.433333,2778,92.6,0.491583,matched
2984,99.466667,2779,92.633333,0.45797,matched
2985,99.5,2779,92.633333,0.424357,matched
2986,99.533333,2780,92.666667,0.390744,matched
2987,99.566667,2780,92.666667,0.357131,matched
2988,99.6,2781,92.7,0.323517,review
2989,99.633333,2781,92.7,0.289904,review
2990,99.666667,2782,92.733333,0.256291,review
2991,99.7,2783,92.766667,0.222678,review
2992,99.733333,2783,92.766667,0.189064,review
2993,99.766667,2784,92.8,0.155451,review
2994,99.8,2784,92.8,0.121838,review
2995,99.833333,2785,92.833333,0.158874,review
2996,99.866667,2785,92.833333,0.195917,review
2997,99.9,2786,92.866667,0.23296,review
2998,99.933333,2786,92.866667,0.270002,review
2999,99.966667,2787,92.9,0.307045,review
3000,100.0,2787,92.9,0.344088,review
3001,100.033333,2788,92.933333,0.38113,matched
3002,100.066667,2788,92.933333,0.418173,matched
3003,100.1,2789,92.966667,0.455215,matched
3004,100.133333,2789,92.966667,0.492258,matched
3005,100.166667,2790,93.0,0.529301,matched
3006,100.2,2790,93.0,0.566339,matched
3007,100.233333,2791,93.033333,0.552614,matched
3008,100.266667,2791,93.033333,0.53889,matched
3009,100.3,2792,93.066667,0.525166,matched
3010,100.333333,2792,93.066667,0.511441,matched
3011,100.366667,2792,93.066667,0.497717,matched
3012,100.4,2793,93.1,0.483993,matched
3013,100.433333,2793,93.1,0.470268,matched
3014,100.466667,2794,93.133333,0.456544,matched
3015,100.5,2794,93.133333,0.442819,matched
3016,100.533333,2795,93.166667,0.429095,matched
3017,100.566667,2795,93.166667,0.415371,matched
3018,100.6,2796,93.2,0.401647,matched
3019,100.633333,2796,93.2,0.393248,matched
3020,100.666667,2797,93.233333,0.384849,matched
3021,100.7,2797,93.233333,0.37645,matched
3022,100.733333,2798,93.266667,0.368051,matched
3023,100.766667,2798,93.266667,0.359652,matched
3024,100.8,2799,93.3,0.351253,matched
3025,100.833333,2799,93.3,0.342854,review
3026,100.866667,2800,93.333333,0.334456,review
3027,100.9,2801,93.366667,0.326057,review
3028,100.933333,2801,93.366667,0.317658,review
3029,100.966667,2802,93.4,0.309259,review
3030,101.0,2802,93.4,0.30086,review
3031,101.033333,2803,93.433333,0.312855,review
3032,101.066667,2803,93.433333,0.324849,review
3033,101.1,2804,93.466667,0.336844,review
3034,101.133333,2804,93.466667,0.348838,review
3035,101.166667,2804,93.466667,0.360833,matched
3036,101.2,2805,93.5,0.372827,matched
3037,101.233333,2805,93.5,0.384822,matched
3038,101.266667,2806,93.533333,0.396816,matched
3039,101.3,2806,93.533333,0.408811,matched
3040,101.333333,2807,93.566667,0.420805,matched
3041,101.366667,2807,93.566667,0.4328,matched
3042,101.4,2808,93.6,0.444794,matched
3043,101.433333,2810,93.666667,0.443469,matched
3044,101.466667,2812,93.733333,0.442142,matched
3045,101.5,2814,93.8,0.440816,matched
3046,101.533333,2816,93.866667,0.43949,matched
3047,101.566667,2818,93.933333,0.438163,matched
3048,101.6,2820,94.0,0.436838,matched
3049,101.633333,2821,94.033333,0.458377,matched
3050,101.666667,2821,94.033333,0.479916,matched
3051,101.7,2821,94.033333,0.501455,matched
3052,101.733333,2822,94.066667,0.522994,matched
3053,101.766667,2822,94.066667,0.544533,matched
3054,101.8,2823,94.1,0.566071,matched
3055,101.833333,2823,94.1,0.58761,matched
3056,101.866667,2824,94.133333,0.609149,matched
3057,101.9,2824,94.133333,0.630688,matched
3058,101.933333,2825,94.166667,0.652227,matched
3059,101.966667,2825,94.166667,0.673766,matched
3060,102.0,2826,94.2,0.695305,matched
3061,102.033333,2826,94.2,0.667219,matched
3062,102.066667,2827,94.233333,0.639132,matched
3063,102.1,2827,94.233333,0.611046,matched
3064,102.133333,2828,94.266667,0.58296,matched
3065,102.166667,2828,94.266667,0.554873,matched
3066,102.2,2829,94.3,0.526787,matched
3067,102.233333,2829,94.3,0.498701,matched
3068,102.266667,2830,94.333333,0.470615,matched
3069,102.3,2830,94.333333,0.442528,matched
3070,102.333333,2831,94.366667,0.414442,matched
3071,102.366667,2832,94.4,0.386356,matched
3072,102.4,2832,94.4,0.358269,matched
3073,102.433333,2833,94.433333,0.374369,matched
3074,102.466667,2833,94.433333,0.39047,matched
3075,102.5,2833,94.433333,0.406572,matched
3076,102.533333,2834,94.466667,0.422673,matched
3077,102.566667,2834,94.466667,0.438774,matched
3078,102.6,2835,94.5,0.454876,matched
3079,102.633333,2835,94.5,0.470977,matched
3080,102.666667,2836,94.533333,0.487079,matched
3081,102.7,2836,94.533333,0.50318,matched
3082,102.733333,2837,94.566667,0.519282,matched
3083,102.766667,2837,94.566667,0.535383,matched
3084,102.8,2838,94.6,0.551485,matched
3085,102.833333,2840,94.666667,0.542629,matched
3086,102.866667,2842,94.733333,0.533771,matched
3087,102.9,2844,94.8,0.524913,matched
3088,102.933333,2846,94.866667,0.516055,matched
3089,102.966667,2848,94.933333,0.507197,matched
3090,103.0,2850,95.0,0.498339,matched
3091,103.033333,2850,95.0,0.515144,matched
3092,103.066667,2851,95.033333,0.531949,matched
3093,103.1,2851,95.033333,0.548754,matched
3094,103.133333,2852,95.066667,0.565559,matched
3095,103.166667,2852,95.066667,0.582364,matched
3096,103.2,2853,95.1,0.599169,matched
3097,103.233333,2853,95.1,0.615974,matched
3098,103.266667,2854,95.133333,0.632779,matched
3099,103.3,2854,95.133333,0.649584,matched
3100,103.333333,2855,95.166667,0.666389,matched
3101,103.366667,2855,95.166667,0.683194,matched
3102,103.4,2856,95.2,0.699999,matched
3103,103.433333,2858,95.266667,0.672114,matched
3104,103.466667,2860,95.333333,0.644227,matched
3105,103.5,2862,95.4,0.61634,matched
3106,103.533333,2864,95.466667,0.588452,matched
3107,103.566667,2866,95.533333,0.560565,matched
3108,103.6,2868,95.6,0.532679,matched
3109,103.633333,2868,95.6,0.526068,matched
3110,103.666667,2869,95.633333,0.519458,matched
3111,103.7,2870,95.666667,0.512847,matched
3112,103.733333,2870,95.666667,0.506236,matched
3113,103.766667,2871,95.7,0.499626,matched
3114,103.8,2871,95.7,0.493015,matched
3115,103.833333,2872,95.733333,0.486405,matched
3116,103.866667,2872,95.733333,0.479794,matched
3117,103.9,2873,95.766667,0.473184,matched
3118,103.933333,2873,95.766667,0.466573,matched
3119,103.966667,2874,95.8,0.459963,matched
3120,104.0,2874,95.8,0.453352,matched
3121,104.033333,2875,95.833333,0.467365,matched
3122,104.066667,2875,95.833333,0.481378,matched
3123,104.1,2876,95.866667,0.495392,matched
3124,104.133333,2876,95.866667,0.509405,matched
3125,104.166667,2877,95.9,0.523418,matched
3126,104.2,2877,95.9,0.537431,matched
3127,104.233333,2878,95.933333,0.551444,matched
3128,104.266667,2878,95.933333,0.565458,matched
3129,104.3,2879,95.966667,0.579471,matched
3130,104.333333,2879,95.966667,0.593484,matched
3131,104.366667,2879,95.966667,0.607497,matched
3132,104.4,2880,96.0,0.62151,matched
3133,104.433333,2880,96.0,0.606202,matched
3134,104.466667,2881,96.033333,0.590892,matched
3135,104.5,2881,96.033333,0.575582,matched
3136,104.533333,2882,96.066667,0.560273,matched
3137,104.566667,2882,96.066667,0.544963,matched
3138,104.6,2883,96.1,0.529653,matched
3139,104.633333,2883,96.1,0.514343,matched
3140,104.666667,2884,96.133333,0.499033,matched
3141,104.7,2884,96.133333,0.483724,matched
3142,104.733333,2885,96.166667,0.468414,matched
3143,104.766667,2885,96.166667,0.453104,matched
3144,104.8,2886,96.2,0.437794,matched
3145,104.833333,2886,96.2,0.435371,matched
3146,104.866667,2887,96.233333,0.432948,matched
3147,104.9,2887,96.233333,0.430525,matched
3148,104.933333,2888,96.266667,0.428103,matched
3149,104.966667,2888,96.266667,0.42568,matched
3150,105.0,2889,96.3,0.423257,matched
3151,105.033333,2889,96.3,0.420835,matched
3152,105.066667,2890,96.333333,0.418412,matched
3153,105.1,2891,96.366667,0.41599,matched
3154,105.133333,2891,96.366667,0.413567,matched
3155,105.166667,2892,96.4,0.411144,matched
3156,105.2,2892,96.4,0.408722,matched
3157,105.233333,2893,96.433333,0.406364,matched
3158,105.266667,2893,96.433333,0.404006,matched
3159,105.3,2894,96.466667,0.401649,matched
3160,105.333333,2894,96.466667,0.399291,matched
3161,105.366667,2895,96.5,0.396934,matched
3162,105.4,2895,96.5,0.394576,matched
3163,105.433333,2896,96.533333,0.392218,matched
3164,105.466667,2896,96.533333,0.389861,matched
3165,105.5,2897,96.566667,0.387503,matched
3166,105.533333,2897,96.566667,0.385145,matched
3167,105.566667,2897,96.566667,0.382788,matched
3168,105.6,2898,96.6,0.380431,matched
3169,105.633333,2898,96.6,0.407062,matched
3170,105.666667,2899,96.633333,0.433693,matched
3171,105.7,2900,96.666667,0.460323,matched
3172,105.733333,2900,96.666667,0.486954,matched
3173,105.766667,2901,96.7,0.513585,matched
3174,105.8,2901,96.7,0.540216,matched
3175,105.833333,2902,96.733333,0.566846,matched
3176,105.866667,2902,96.733333,0.593477,matched
3177,105.9,2903,96.766667,0.620108,matched
3178,105.933333,2903,96.766667,0.646739,matched
3179,105.966667,2904,96.8,0.673369,matched
3180,106.0,2904,96.8,0.7,matched
3181,106.033333,2905,96.833333,0.685133,matched
3182,106.066667,2905,96.833333,0.670266,matched
3183,106.1,2906,96.866667,0.655398,matched
3184,106.133333,2906,96.866667,0.640531,matched
3185,106.166667,2907,96.9,0.625664,matched
3186,106.2,2907,96.9,0.610797,matched
3187,106.233333,2908,96.933333,0.59593,matched
3188,106.266667,2908,96.933333,0.581062,matched
3189,106.3,2909,96.966667,0.566195,matched
3190,106.333333,2909,96.966667,0.551328,matched
3191,106.366667,2909,96.966667,0.536461,matched
3192,106.4,2910,97.0,0.521594,matched
3193,106.433333,2912,97.066667,0.506051,matched
3194,106.466667,2914,97.133333,0.490508,matched
3195,106.5,2916,97.2,0.474965,matched
3196,106.533333,2918,97.266667,0.459423,matched
3197,106.566667,2920,97.333333,0.44388,matched
3198,106.6,2922,97.4,0.428338,matched
3199,106.633333,2923,97.433333,0.432152,matched
3200,106.666667,2923,97.433333,0.435965,matched
3201,106.7,2924,97.466667,0.439779,matched
3202,106.733333,2924,97.466667,0.443593,matched
3203,106.766667,2925,97.5,0.447406,matched
3204,106.8,2925,97.5,0.45122,matched
3205,106.833333,2926,97.533333,0.455034,matched
3206,106.866667,2926,97.533333,0.458847,matched
3207,106.9,2926,97.533333,0.462661,matched
3208,106.933333,2927,97.566667,0.466475,matched
3209,106.966667,2927,97.566667,0.470288,matched
3210,107.0,2928,97.6,0.474102,matched
3211,107.033333,2930,97.666667,0.450554,matched
3212,107.066667,2932,97.733333,0.427006,matched
3213,107.1,2934,97.8,0.403457,matched
3214,107.133333,2936,97.866667,0.379909,matched
3215,107.166667,2938,97.933333,0.356361,matched
3216,107.2,2940,98.0,0.332816,review
3217,107.233333,2941,98.033333,0.342814,review
3218,107.266667,2941,98.033333,0.352811,matched
3219,107.3,2942,98.066667,0.362809,matched
3220,107.333333,2942,98.066667,0.372806,matched
3221,107.366667,2942,98.066667,0.382804,matched
3222,107.4,2943,98.1,0.392802,matched
3223,107.433333,2943,98.1,0.402799,matched
3224,107.466667,2944,98.133333,0.412797,matched
3225,107.5,2944,98.133333,0.422795,matched
3226,107.533333,2945,98.166667,0.432792,matched
3227,107.566667,2945,98.166667,0.44279,matched
3228,107.6,2946,98.2,0.452786,matched
3229,107.633333,2948,98.266667,0.433918,matched
3230,107.666667,2950,98.333333,0.41505,matched
3231,107.7,2952,98.4,0.396182,matched
3232,107.733333,2954,98.466667,0.377315,matched
3233,107.766667,2956,98.533333,0.358447,matched
3234,107.8,2958,98.6,0.339579,review
3235,107.833333,2960,98.666667,0.300028,review
3236,107.866667,2962,98.733333,0.260474,review
3237,107.9,2964,98.8,0.220921,review
3238,107.933333,2966,98.866667,0.181368,review
3239,107.966667,2968,98.933333,0.141815,review
3240,108.0,2970,99.0,0.102262,review
3241,108.033333,2972,99.066667,0.135086,review
3242,108.066667,2974,99.133333,0.16791,review
3243,108.1,2976,99.2,0.200733,review
3244,108.133333,2978,99.266667,0.233557,review
3245,108.166667,2980,99.333333,0.266381,review
3246,108.2,2982,99.4,0.299203,review
3247,108.233333,2984,99.466667,0.314693,review
3248,108.266667,2986,99.533333,0.330183,review
3249,108.3,2988,99.6,0.345673,review
3250,108.333333,2990,99.666667,0.361163,matched
3251,108.366667,2992,99.733333,0.376652,matched
3252,108.4,2994,99.8,0.392142,matched
3253,108.433333,2996,99.866667,0.405109,matched
3254,108.466667,2998,99.933333,0.418076,matched
3255,108.5,3000,100.0,0.431043,matched
3256,108.533333,3002,100.066667,0.444009,matched
3257,108.566667,3004,100.133333,0.456976,matched
3258,108.6,3006,100.2,0.469941,matched
3259,108.633333,3006,100.2,0.456628,matched
3260,108.666667,3007,100.233333,0.443315,matched
3261,108.7,3007,100.233333,0.430003,matched
3262,108.733333,3008,100.266667,0.41669,matched
3263,108.766667,3008,100.266667,0.403377,matched
3264,108.8,3009,100.3,0.390064,matched
3265,108.833333,3009,100.3,0.376751,matched
3266,108.866667,3010,100.333333,0.363438,matched
3267,108.9,3011,100.366667,0.350125,matched
3268,108.933333,3011,100.366667,0.336812,review
3269,108.966667,3012,100.4,0.323499,review
3270,109.0,3012,100.4,0.310186,review
3271,109.033333,3014,100.466667,0.345379,review
3272,109.066667,3016,100.533333,0.380572,matched
3273,109.1,3018,100.6,0.415766,matched
3274,109.133333,3020,100.666667,0.450959,matched
3275,109.166667,3022,100.733333,0.486152,matched
3276,109.2,3024,100.8,0.521336,matched
3277,109.233333,3026,100.866667,0.452187,matched
3278,109.266667,3028,100.933333,0.383038,matched
3279,109.3,3030,101.0,0.313889,review
3280,109.333333,3032,101.066667,0.24474,review
3281,109.366667,3034,101.133333,0.175591,review
3282,109.4,3036,101.2,0.106442,review
3283,109.433333,3038,101.266667,0.13192,review
3284,109.466667,3040,101.333333,0.157402,review
3285,109.5,3042,101.4,0.182885,review
3286,109.533333,3044,101.466667,0.208367,review
3287,109.566667,3046,101.533333,0.233849,review
3288,109.6,3048,101.6,0.259331,review
3289,109.633333,3050,101.666667,0.275786,review
3290,109.666667,3052,101.733333,0.29224,review
3291,109.7,3054,101.8,0.308695,review
3292,109.733333,3056,101.866667,0.32515,review
3293,109.766667,3058,101.933333,0.341605,review
3294,109.8,3060,102.0,0.358059,matched
3295,109.833333,3062,102.066667,0.415046,matched
3296,109.866667,3064,102.133333,0.472037,matched
3297,109.9,3066,102.2,0.529028,matched
3298,109.933333,3068,102.266667,0.586019,matched
3299,109.966667,3070,102.333333,0.643009,matched
3300,110.0,3072,102.4,0.7,matched
3301,110.033333,3073,102.433333,0.689323,matched
3302,110.066667,3073,102.433333,0.678647,matched
3303,110.1,3074,102.466667,0.66797,matched
3304,110.133333,3074,102.466667,0.657293,matched
3305,110.166667,3074,102.466667,0.646616,matched
3306,110.2,3075,102.5,0.63594,matched
3307,110.233333,3075,102.5,0.625263,matched
3308,110.266667,3076,102.533333,0.614586,matched
3309,110.3,3076,102.533333,0.60391,matched
3310,110.333333,3077,102.566667,0.593233,matched
3311,110.366667,3077,102.566667,0.582556,matched
3312,110.4,3078,102.6,0.57188,matched
3313,110.433333,3080,102.666667,0.562961,matched
3314,110.466667,3082,102.733333,0.554043,matched
3315,110.5,3084,102.8,0.545125,matched
3316,110.533333,3086,102.866667,0.536207,matched
3317,110.566667,3088,102.933333,0.527289,matched
3318,110.6,3090,103.0,0.51837,matched
3319,110.633333,3092,103.066667,0.490085,matched
3320,110.666667,3094,103.133333,0.461799,matched
3321,110.7,3096,103.2,0.433514,matched
3322,110.733333,3098,103.266667,0.405229,matched
3323,110.766667,3100,103.333333,0.376944,matched
3324,110.8,3102,103.4,0.348659,review
3325,110.833333,3104,103.466667,0.366796,matched
3326,110.866667,3106,103.533333,0.384937,matched
3327,110.9,3108,103.6,0.403078,matched
3328,110.933333,3110,103.666667,0.421219,matched
3329,110.966667,3112,103.733333,0.439361,matched
3330,111.0,3114,103.8,0.457502,matched
3331,111.033333,3115,103.833333,0.463784,matched
3332,111.066667,3115,103.833333,0.470066,matched
3333,111.1,3116,103.866667,0.476348,matched
3334,111.133333,3116,103.866667,0.48263,matched
3335,111.166667,3117,103.9,0.488911,matched
3336,111.2,3117,103.9,0.495193,matched
3337,111.233333,3118,103.933333,0.501475,matched
3338,111.266667,3118,103.933333,0.507757,matched
3339,111.3,3119,103.966667,0.514039,matched
3340,111.333333,3119,103.966667,0.520321,matched
3341,111.366667,3119,103.966667,0.526603,matched
3342,111.4,3120,104.0,0.532885,matched
3343,111.433333,3120,104.0,0.532344,matched
3344,111.466667,3121,104.033333,0.531802,matched
3345,111.5,3121,104.033333,0.531261,matched
3346,111.533333,3122,104.066667,0.530719,matched
3347,111.566667,3122,104.066667,0.530178,matched
3348,111.6,3123,104.1,0.529637,matched
3349,111.633333,3123,104.1,0.529095,matched
3350,111.666667,3124,104.133333,0.528554,matched
3351,111.7,3124,104.133333,0.528012,matched
3352,111.733333,3125,104.166667,0.527471,matched
3353,111.766667,3125,104.166667,0.526929,matched
3354,111.8,3126,104.2,0.526388,matched
3355,111.833333,3126,104.2,0.53602,matched
3356,111.866667,3127,104.233333,0.545654,matched
3357,111.9,3127,104.233333,0.555287,matched
3358,111.933333,3128,104.266667,0.56492,matched
3359,111.966667,3128,104.266667,0.574553,matched
3360,112.0,3129,104.3,0.584186,matched
3361,112.033333,3129,104.3,0.59382,matched
3362,112.066667,3130,104.333333,0.603453,matched
3363,112.1,3131,104.366667,0.613086,matched
3364,112.133333,3131,104.366667,0.622719,matched
3365,112.166667,3132,104.4,0.632353,matched
3366,112.2,3132,104.4,0.641984,matched
3367,112.233333,3133,104.433333,0.627427,matched
3368,112.266667,3133,104.433333,0.61287,matched
3369,112.3,3134,104.466667,0.598313,matched
3370,112.333333,3134,104.466667,0.583756,matched
3371,112.366667,3135,104.5,0.569199,matched
3372,112.4,3135,104.5,0.554642,matched
3373,112.433333,3136,104.533333,0.540086,matched
3374,112.466667,3136,104.533333,0.525529,matched
3375,112.5,3137,104.566667,0.510972,matched
3376,112.533333,3137,104.566667,0.496415,matched
3377,112.566667,3137,104.566667,0.481858,matched
3378,112.6,3138,104.6,0.467303,matched
3379,112.633333,3140,104.666667,0.481029,matched
3380,112.666667,3142,104.733333,0.494755,matched
3381,112.7,3144,104.8,0.508481,matched
3382,112.733333,3146,104.866667,0.522207,matched
3383,112.766667,3148,104.933333,0.535933,matched
3384,112.8,3150,105.0,0.549659,matched
3385,112.833333,3150,105.0,0.554524,matched
3386,112.866667,3151,105.033333,0.559389,matched
3387,112.9,3151,105.033333,0.564253,matched
3388,112.933333,3152,105.066667,0.569118,matched
3389,112.966667,3152,105.066667,0.573982,matched
3390,113.0,3153,105.1,0.578847,matched
3391,113.033333,3153,105.1,0.583712,matched
3392,113.066667,3154,105.133333,0.588576,matched
3393,113.1,3154,105.133333,0.593441,matched
3394,113.133333,3155,105.166667,0.598305,matched
3395,113.166667,3155,105.166667,0.60317,matched
3396,113.2,3156,105.2,0.608033,matched
3397,113.233333,3156,105.2,0.595095,matched
3398,113.266667,3157,105.233333,0.582157,matched
3399,113.3,3157,105.233333,0.569219,matched
3400,113.333333,3158,105.266667,0.556281,matched
3401,113.366667,3159,105.3,0.543343,matched
3402,113.4,3159,105.3,0.530405,matched
3403,113.433333,3160,105.333333,0.517467,matched
3404,113.466667,3160,105.333333,0.504529,matched
3405,113.5,3161,105.366667,0.491591,matched
3406,113.533333,3161,105.366667,0.478652,matched
3407,113.566667,3162,105.4,0.465714,matched
3408,113.6,3162,105.4,0.452776,matched
3409,113.633333,3164,105.466667,0.427696,matched
3410,113.666667,3166,105.533333,0.402616,matched
3411,113.7,3168,105.6,0.377536,matched
3412,113.733333,3170,105.666667,0.352456,matched
3413,113.766667,3172,105.733333,0.327376,review
3414,113.8,3174,105.8,0.302296,review
3415,113.833333,3176,105.866667,0.316432,review
3416,113.866667,3178,105.933333,0.33057,review
3417,113.9,3180,106.0,0.344709,review
3418,113.933333,3182,106.066667,0.358848,matched
3419,113.966667,3184,106.133333,0.372987,matched
3420,114.0,3186,106.2,0.387126,matched
3421,114.033333,3188,106.266667,0.371515,matched
3422,114.066667,3190,106.333333,0.355905,matched
3423,114.1,3192,106.4,0.340294,review
3424,114.133333,3194,106.466667,0.324683,review
3425,114.166667,3196,106.533333,0.309072,review
3426,114.2,3198,106.6,0.293465,review
3427,114.233333,3199,106.633333,0.315703,review
3428,114.266667,3199,106.633333,0.337941,review
3429,114.3,3200,106.666667,0.360179,matched
3430,114.333333,3200,106.666667,0.382417,matched
3431,114.366667,3201,106.7,0.404655,matched
3432,114.4,3201,106.7,0.426893,matched
3433,114.433333,3202,106.733333,0.44913,matched
3434,114.466667,3202,106.733333,0.471368,matched
3435,114.5,3203,106.766667,0.493606,matched
3436,114.533333,3203,106.766667,0.515844,matched
3437,114.566667,3204,106.8,0.538082,matched
3438,114.6,3204,106.8,0.560317,matched
3439,114.633333,3206,106.866667,0.514404,matched
3440,114.666667,3208,106.933333,0.46849,matched
3441,114.7,3210,107.0,0.422577,matched
3442,114.733333,3212,107.066667,0.376664,matched
3443,114.766667,3214,107.133333,0.33075,review
3444,114.8,3216,107.2,0.284837,review
3445,114.833333,3218,107.266667,0.273741,review
3446,114.866667,3220,107.333333,0.262647,review
3447,114.9,3222,107.4,0.251554,review
3448,114.933333,3224,107.466667,0.240461,review
3449,114.966667,3226,107.533333,0.229367,review
3450,115.0,3228,107.6,0.218274,review
3451,115.033333,3228,107.6,0.226795,review
3452,115.066667,3229,107.633333,0.235316,review
3453,115.1,3229,107.633333,0.243837,review
3454,115.133333,3230,107.666667,0.252358,review
3455,115.166667,3231,107.7,0.260878,review
3456,115.2,3231,107.7,0.269399,review
3457,115.233333,3232,107.733333,0.27792,review
3458,115.266667,3232,107.733333,0.286441,review
3459,115.3,3233,107.766667,0.294962,review
3460,115.333333,3233,107.766667,0.303483,review
3461,115.366667,3234,107.8,0.312004,review
3462,115.4,3234,107.8,0.320525,review
3463,115.433333,3236,107.866667,0.342355,review
3464,115.466667,3238,107.933333,0.364186,matched
3465,115.5,3240,108.0,0.386017,matched
3466,115.533333,3242,108.066667,0.407848,matched
3467,115.566667,3244,108.133333,0.429679,matched
3468,115.6,3246,108.2,0.451508,matched
3469,115.633333,3248,108.266667,0.41955,matched
3470,115.666667,3250,108.333333,0.387593,matched
3471,115.7,3252,108.4,0.355635,matched
3472,115.733333,3254,108.466667,0.323678,review
3473,115.766667,3256,108.533333,0.29172,review
3474,115.8,3258,108.6,0.259763,review
3475,115.833333,3260,108.666667,0.233449,review
3476,115.866667,3262,108.733333,0.207135,review
3477,115.9,3264,108.8,0.180822,review
3478,115.933333,3266,108.866667,0.154508,review
3479,115.966667,3268,108.933333,0.128195,review
3480,116.0,3270,109.0,0.101881,review
3481,116.033333,3270,109.0,0.131245,review
3482,116.066667,3271,109.033333,0.160608,review
3483,116.1,3271,109.033333,0.189972,review
3484,116.133333,3272,109.066667,0.219335,review
3485,116.166667,3272,109.066667,0.248699,review
3486,116.2,3273,109.1,0.278062,review
3487,116.233333,3273,109.1,0.307426,review
3488,116.266667,3274,109.133333,0.336789,review
3489,116.3,3274,109.133333,0.366153,matched
3490,116.333333,3275,109.166667,0.395517,matched
3491,116.366667,3275,109.166667,0.42488,matched
3492,116.4,3276,109.2,0.454244,matched
3493,116.433333,3278,109.266667,0.452584,matched
3494,116.466667,3280,109.333333,0.450922,matched
3495,116.5,3282,109.4,0.449261,matched
3496,116.533333,3284,109.466667,0.4476,matched
3497,116.566667,3286,109.533333,0.445938,matched
3498,116.6,3288,109.6,0.444278,matched
3499,116.633333,3290,109.666667,0.470275,matched
3500,116.666667,3292,109.733333,0.496272,matched
3501,116.7,3294,109.8,0.522269,matched
3502,116.733333,3296,109.866667,0.548266,matched
3503,116.766667,3298,109.933333,0.574264,matched
3504,116.8,3300,110.0,0.600261,matched
3505,116.833333,3302,110.066667,0.614867,matched
3506,116.866667,3304,110.133333,0.629472,matched
3507,116.9,3306,110.2,0.644077,matched
3508,116.933333,3308,110.266667,0.658682,matched
3509,116.966667,3310,110.333333,0.673287,matched
3510,117.0,3312,110.4,0.687892,matched
3511,117.033333,3314,110.466667,0.681436,matched
3512,117.066667,3316,110.533333,0.67498,matched
3513,117.1,3318,110.6,0.668524,matched
3514,117.133333,3320,110.666667,0.662068,matched
3515,117.166667,3322,110.733333,0.655612,matched
3516,117.2,3324,110.8,0.649158,matched
3517,117.233333,3326,110.866667,0.657631,matched
3518,117.266667,3328,110.933333,0.666105,matched
3519,117.3,3330,111.0,0.674579,matched
3520,117.333333,3332,111.066667,0.683052,matched
3521,117.366667,3334,111.133333,0.691526,matched
3522,117.4,3336,111.2,0.7,matched
3523,117.433333,3338,111.266667,0.681606,matched
3524,117.466667,3340,111.333333,0.663212,matched
3525,117.5,3342,111.4,0.644818,matched
3526,117.533333,3344,111.466667,0.626423,matched
3527,117.566667,3346,111.533333,0.608029,matched
3528,117.6,3348,111.6,0.589633,matched
3529,117.633333,3350,111.666667,0.54483,matched
3530,117.666667,3352,111.733333,0.500026,matched
3531,117.7,3354,111.8,0.455223,matched
3532,117.733333,3356,111.866667,0.41042,matched
3533,117.766667,3358,111.933333,0.365616,matched
3534,117.8,3360,112.0,0.320813,review
3535,117.833333,3362,112.066667,0.276292,review
3536,117.866667,3364,112.133333,0.23177,review
3537,117.9,3366,112.2,0.187249,review
3538,117.933333,3368,112.266667,0.142727,review
3539,117.966667,3370,112.333333,0.098206,review
3540,118.0,3372,112.4,0.053684,review
3541,118.033333,3374,112.466667,0.11316,review
3542,118.066667,3376,112.533333,0.172636,review
3543,118.1,3378,112.6,0.232112,review
3544,118.133333,3380,112.666667,0.291588,review
3545,118.166667,3382,112.733333,0.351064,matched
3546,118.2,3384,112.8,0.410532,matched
3547,118.233333,3386,112.866667,0.386263,matched
3548,118.266667,3388,112.933333,0.361994,matched
3549,118.3,3390,113.0,0.337725,review
3550,118.333333,3392,113.066667,0.313457,review
3551,118.366667,3394,113.133333,0.289188,review
3552,118.4,3396,113.2,0.264919,review
3553,118.433333,3398,113.266667,0.297295,review
3554,118.466667,3400,113.333333,0.329673,review
3555,118.5,3402,113.4,0.362052,matched
3556,118.533333,3404,113.466667,0.39443,matched
3557,118.566667,3406,113.533333,0.426808,matched
3558,118.6,3408,113.6,0.459185,matched
3559,118.633333,3408,113.6,0.454237,matched
3560,118.666667,3409,113.633333,0.44929,matched
3561,118.7,3410,113.666667,0.444342,matched
3562,118.733333,3410,113.666667,0.439395,matched
3563,118.766667,3411,113.7,0.434447,matched
3564,118.8,3411,113.7,0.429499,matched
3565,118.833333,3412,113.733333,0.424552,matched
3566,118.866667,3412,113.733333,0.419604,matched
3567,118.9,3413,113.766667,0.414657,matched
3568,118.933333,3413,113.766667,0.409709,matched
3569,118.966667,3414,113.8,0.404762,matched
3570,119.0,3414,113.8,0.399814,matched
3571,119.033333,3416,113.866667,0.404938,matched
3572,119.066667,3418,113.933333,0.410063,matched
3573,119.1,3420,114.0,0.415187,matched
3574,119.133333,3422,114.066667,0.420312,matched
3575,119.166667,3424,114.133333,0.425436,matched
3576,119.2,3426,114.2,0.430559,matched
3577,119.233333,3428,114.266667,0.421095,matched
3578,119.266667,3430,114.333333,0.411631,matched
3579,119.3,3432,114.4,0.402166,matched
3580,119.333333,3434,114.466667,0.392702,matched
3581,119.366667,3436,114.533333,0.383238,matched
3582,119.4,3438,114.6,0.373773,matched
3583,119.433333,3440,114.666667,0.349405,review
3584,119.466667,3442,114.733333,0.325037,review
3585,119.5,3444,114.8,0.300668,review
3586,119.533333,3446,114.866667,0.276299,review
3587,119.566667,3448,114.933333,0.251931,review
3588,119.6,3450,115.0,0.227563,review
3589,119.633333,3451,115.033333,0.226018,review
3590,119.666667,3451,115.033333,0.224474,review
3591,119.7,3451,115.033333,0.222929,review
3592,119.733333,3452,115.066667,0.221385,review
3593,119.766667,3452,115.066667,0.21984,review
3594,119.8,3453,115.1,0.218296,review
3595,119.833333,3453,115.1,0.216751,review
3596,119.866667,3454,115.133333,0.215207,review
3597,119.9,3454,115.133333,0.213662,review
3598,119.933333,3455,115.166667,0.212118,review
3599,119.966667,3455,115.166667,0.210573,review
3600,120.0,3456,115.2,0.209029,review
3601,120.033333,3458,115.266667,0.266381,review
3602,120.066667,3460,115.333333,0.323733,review
3603,120.1,3462,115.4,0.381085,matched
3604,120.133333,3464,115.466667,0.438436,matched
3605,120.166667,3466,115.533333,0.495788,matched
3606,120.2,3468,115.6,0.553134,matched
3607,120.233333,3470,115.666667,0.5429,matched
3608,120.266667,3472,115.733333,0.532666,matched
3609,120.3,3474,115.8,0.522431,matched
3610,120.333333,3476,115.866667,0.512197,matched
3611,120.366667,3478,115.933333,0.501963,matched
3612,120.4,3480,116.0,0.491728,matched
3613,120.433333,3482,116.066667,0.468306,matched
3614,120.466667,3484,116.133333,0.444884,matched
3615,120.5,3486,116.2,0.421461,matched
3616,120.533333,3488,116.266667,0.398038,matched
3617,120.566667,3490,116.333333,0.374616,matched
3618,120.6,3492,116.4,0.351194,matched
3619,120.633333,3494,116.466667,0.354662,matched
3620,120.666667,3496,116.533333,0.35813,matched
3621,120.7,3498,116.6,0.361598,matched
3622,120.733333,3500,116.666667,0.365066,matched
3623,120.766667,3502,116.733333,0.368534,matched
3624,120.8,3504,116.8,0.372002,matched
3625,120.833333,3506,116.866667,0.331766,review
3626,120.866667,3508,116.933333,0.291527,review
3627,120.9,3510,117.0,0.251288,review
3628,120.933333,3512,117.066667,0.211049,review
3629,120.966667,3514,117.133333,0.170809,review
3630,121.0,3516,117.2,0.13057,review
3631,121.033333,3518,117.266667,0.183437,review
3632,121.066667,3520,117.333333,0.236303,review
3633,121.1,3522,117.4,0.28917,review
3634,121.133333,3524,117.466667,0.342037,review
3635,121.166667,3526,117.533333,0.394903,matched
3636,121.2,3528,117.6,0.447762,matched
3637,121.233333,3530,117.666667,0.414896,matched
3638,121.266667,3532,117.733333,0.382029,matched
3639,121.3,3534,117.8,0.349163,review
3640,121.333333,3536,117.866667,0.316297,review
3641,121.366667,3538,117.933333,0.283431,review
3642,121.4,3540,118.0,0.250565,review
3643,121.433333,3542,118.066667,0.238889,review
3644,121.466667,3544,118.133333,0.227214,review
3645,121.5,3546,118.2,0.215539,review
3646,121.533333,3548,118.266667,0.203864,review
3647,121.566667,3550,118.333333,0.192189,review
3648,121.6,3552,118.4,0.180517,review
3649,121.633333,3554,118.466667,0.226768,review
3650,121.666667,3556,118.533333,0.273018,review
3651,121.7,3558,118.6,0.319268,review
3652,121.733333,3560,118.666667,0.365519,matched
3653,121.766667,3562,118.733333,0.411769,matched
3654,121.8,3564,118.8,0.45802,matched
3655,121.833333,3566,118.866667,0.491462,matched
3656,121.866667,3568,118.933333,0.524904,matched
3657,121.9,3570,119.0,0.558345,matched
3658,121.933333,3572,119.066667,0.591787,matched
3659,121.966667,3574,119.133333,0.625228,matched
3660,122.0,3576,119.2,0.65867,matched
3661,122.033333,3578,119.266667,0.576072,matched
3662,122.066667,3580,119.333333,0.493475,matched
3663,122.1,3582,119.4,0.410877,matched
3664,122.133333,3584,119.466667,0.32828,review
3665,122.166667,3586,119.533333,0.245682,review
3666,122.2,3588,119.6,0.163095,review
3667,122.233333,3590,119.666667,0.196679,review
3668,122.266667,3592,119.733333,0.230263,review
3669,122.3,3594,119.8,0.263846,review
3670,122.333333,3596,119.866667,0.29743,review
3671,122.366667,3598,119.933333,0.331014,review
3672,122.4,3600,120.0,0.364597,matched
3673,122.433333,3602,120.066667,0.371486,matched
3674,122.466667,3604,120.133333,0.378373,matched
3675,122.5,3606,120.2,0.38526,matched
3676,122.533333,3608,120.266667,0.392148,matched
3677,122.566667,3610,120.333333,0.399035,matched
3678,122.6,3612,120.4,0.405923,matched
3679,122.633333,3614,120.466667,0.430419,matched
3680,122.666667,3616,120.533333,0.454915,matched
3681,122.7,3618,120.6,0.479411,matched
3682,122.733333,3620,120.666667,0.503908,matched
3683,122.766667,3622,120.733333,0.528404,matched
3684,122.8,3624,120.8,0.5529,matched
3685,122.833333,3625,120.833333,0.552021,matched
3686,122.866667,3625,120.833333,0.55114,matched
3687,122.9,3626,120.866667,0.550259,matched
3688,122.933333,3626,120.866667,0.549378,matched
3689,122.966667,3627,120.9,0.548497,matched
3690,123.0,3627,120.9,0.547616,matched
3691,123.033333,3628,120.933333,0.546735,matched
3692,123.066667,3628,120.933333,0.545854,matched
3693,123.1,3629,120.966667,0.544973,matched
3694,123.133333,3629,120.966667,0.544092,matched
3695,123.166667,3630,121.0,0.543211,matched
3696,123.2,3630,121.0,0.542331,matched
3697,123.233333,3631,121.033333,0.552063,matched
3698,123.266667,3631,121.033333,0.561796,matched
3699,123.3,3632,121.066667,0.571528,matched
3700,123.333333,3632,121.066667,0.58126,matched
3701,123.366667,3632,121.066667,0.590992,matched
3702,123.4,3633,121.1,0.600725,matched
3703,123.433333,3633,121.1,0.610457,matched
3704,123.466667,3634,121.133333,0.620189,matched
3705,123.5,3634,121.133333,0.629922,matched
3706,123.533333,3635,121.166667,0.639654,matched
3707,123.566667,3635,121.166667,0.649386,matched
3708,123.6,3636,121.2,0.659118,matched
3709,123.633333,3636,121.2,0.659257,matched
3710,123.666667,3637,121.233333,0.659396,matched
3711,123.7,3637,121.233333,0.659535,matched
3712,123.733333,3638,121.266667,0.659674,matched
3713,123.766667,3638,121.266667,0.659813,matched
3714,123.8,3639,121.3,0.659952,matched
3715,123.833333,3639,121.3,0.660091,matched
3716,123.866667,3640,121.333333,0.66023,matched
3717,123.9,3641,121.366667,0.660369,matched
3718,123.933333,3641,121.366667,0.660508,matched
3719,123.966667,3642,121.4,0.660647,matched
3720,124.0,3642,121.4,0.660786,matched
3721,124.033333,3643,121.433333,0.634851,matched
3722,124.066667,3643,121.433333,0.608917,matched
3723,124.1,3644,121.466667,0.582982,matched
3724,124.133333,3644,121.466667,0.557048,matched
3725,124.166667,3644,121.466667,0.531113,matched
3726,124.2,3645,121.5,0.505179,matched
3727,124.233333,3645,121.5,0.479244,matched
3728,124.266667,3646,121.533333,0.453309,matched
3729,124.3,3646,121.533333,0.427375,matched
3730,124.333333,3647,121.566667,0.40144,matched
3731,124.366667,3647,121.566667,0.375506,matched
3732,124.4,3648,121.6,0.349571,review
3733,124.433333,3648,121.6,0.320441,review
3734,124.466667,3649,121.633333,0.29131,review
3735,124.5,3649,121.633333,0.262179,review
3736,124.533333,3650,121.666667,0.233048,review
3737,124.566667,3650,121.666667,0.203918,review
3738,124.6,3651,121.7,0.174787,review
3739,124.633333,3651,121.7,0.145656,review
3740,124.666667,3652,121.733333,0.116526,review
3741,124.7,3653,121.766667,0.087395,review
3742,124.733333,3653,121.766667,0.058264,review
3743,124.766667,3654,121.8,0.029133,review
3744,124.8,3654,121.8,3e-06,review
3745,124.833333,3655,121.833333,0.042922,review
3746,124.866667,3655,121.833333,0.085848,review
3747,124.9,3656,121.866667,0.128773,review
3748,124.933333,3656,121.866667,0.171699,review
3749,124.966667,3657,121.9,0.214625,review
3750,125.0,3657,121.9,0.257551,review
3751,125.033333,3658,121.933333,0.300476,review
3752,125.066667,3658,121.933333,0.343402,review
3753,125.1,3659,121.966667,0.386328,matched
3754,125.133333,3659,121.966667,0.429253,matched
3755,125.166667,3660,122.0,0.472179,matched
3756,125.2,3660,122.0,0.515101,matched
3757,125.233333,3661,122.033333,0.511837,matched
3758,125.266667,3661,122.033333,0.508573,matched
3759,125.3,3662,122.066667,0.505309,matched
3760,125.333333,3662,122.066667,0.502046,matched
3761,125.366667,3662,122.066667,0.498782,matched
3762,125.4,3663,122.1,0.495518,matched
3763,125.433333,3663,122.1,0.492255,matched
3764,125.466667,3664,122.133333,0.488991,matched
3765,125.5,3664,122.133333,0.485727,matched
3766,125.533333,3665,122.166667,0.482463,matched
3767,125.566667,3665,122.166667,0.4792,matched
3768,125.6,3666,122.2,0.475936,matched
3769,125.633333,3666,122.2,0.467999,matched
3770,125.666667,3667,122.233333,0.460062,matched
3771,125.7,3667,122.233333,0.452125,matched
3772,125.733333,3668,122.266667,0.444188,matched
3773,125.766667,3668,122.266667,0.436252,matched
3774,125.8,3669,122.3,0.428315,matched
3775,125.833333,3669,122.3,0.420378,matched
3776,125.866667,3670,122.333333,0.412441,matched
3777,125.9,3671,122.366667,0.404504,matched
3778,125.933333,3671,122.366667,0.396568,matched
3779,125.966667,3672,122.4,0.388631,matched
3780,126.0,3672,122.4,0.380694,matched
3781,126.033333,3673,122.433333,0.368976,matched
3782,126.066667,3673,122.433333,0.357258,matched
3783,126.1,3674,122.466667,0.34554,review
3784,126.133333,3674,122.466667,0.333822,review
3785,126.166667,3674,122.466667,0.322103,review
3786,126.2,3675,122.5,0.310385,review
3787,126.233333,3675,122.5,0.298667,review
3788,126.266667,3676,122.533333,0.286949,review
3789,126.3,3676,122.533333,0.275231,review
3790,126.333333,3677,122.566667,0.263513,review
3791,126.366667,3677,122.566667,0.251795,review
3792,126.4,3678,122.6,0.240077,review
3793,126.433333,3680,122.666667,0.200065,review
3794,126.466667,3682,122.733333,0.160051,review
3795,126.5,3684,122.8,0.120038,review
3796,126.533333,3686,122.866667,0.080025,review
3797,126.566667,3688,122.933333,0.040011,review
3798,126.6,3690,123.0,0.0,review
3799,126.633333,3691,123.033333,0.003358,review
3800,126.666667,3691,123.033333,0.006715,review
3801,126.7,3691,123.033333,0.010072,review
3802,126.733333,3692,123.066667,0.01343,review
3803,126.766667,3692,123.066667,0.016787,review
3804,126.8,3693,123.1,0.020145,review
3805,126.833333,3693,123.1,0.023502,review
3806,126.866667,3694,123.133333,0.026859,review
3807,126.9,3694,123.133333,0.030217,review
3808,126.933333,3695,123.166667,0.033574,review
3809,126.966667,3695,123.166667,0.036932,review
3810,127.0,3696,123.2,0.040289,review
3811,127.033333,3698,123.266667,0.033574,review
3812,127.066667,3700,123.333333,0.026859,review
3813,127.1,3702,123.4,0.020144,review
3814,127.133333,3704,123.466667,0.013429,review
3815,127.166667,3706,123.533333,0.006714,review
3816,127.2,3708,123.6,3e-06,review
3817,127.233333,3710,123.666667,0.030914,review
3818,127.266667,3712,123.733333,0.061826,review
3819,127.3,3714,123.8,0.092737,review
3820,127.333333,3716,123.866667,0.123649,review
3821,127.366667,3718,123.933333,0.15456,review
3822,127.4,3720,124.0,0.185472,review
3823,127.433333,3722,124.066667,0.154562,review
3824,127.466667,3724,124.133333,0.123649,review
3825,127.5,3726,124.2,0.092736,review
3826,127.533333,3728,124.266667,0.061824,review
3827,127.566667,3730,124.333333,0.030911,review
3828,127.6,3732,124.4,0.0,review
3829,127.633333,3734,124.466667,0.0,review
3830,127.666667,3736,124.533333,0.0,review
3831,127.7,3738,124.6,0.0,review
3832,127.733333,3740,124.666667,0.0,review
3833,127.766667,3742,124.733333,0.0,review
3834,127.8,3744,124.8,0.0,review
3835,127.833333,,,0.0,unmatched
3836,127.866667,,,0.0,unmatched
3837,127.9,,,0.0,unmatched
3838,127.933333,,,0.0,unmatched
3839,127.966667,,,0.0,unmatched
