night_frame,night_time_seconds,day_frame,day_time_seconds,confidence,status
0,0.0,0,0.0,0.159589,review
1,0.033333,2,0.066667,0.132991,review
2,0.066667,4,0.133333,0.106393,review
3,0.1,6,0.2,0.079794,review
4,0.133333,8,0.266667,0.053196,review
5,0.166667,10,0.333333,0.026598,review
6,0.2,12,0.4,0.0,review
7,0.233333,14,0.466667,0.0,review
8,0.266667,16,0.533333,0.0,review
9,0.3,18,0.6,0.0,review
10,0.333333,20,0.666667,0.0,review
11,0.366667,22,0.733333,0.0,review
12,0.4,24,0.8,0.0,review
13,0.433333,26,0.866667,0.007445,review
14,0.466667,28,0.933333,0.014891,review
15,0.5,30,1.0,0.022336,review
16,0.533333,32,1.066667,0.029782,review
17,0.566667,34,1.133333,0.037227,review
18,0.6,36,1.2,0.044673,review
19,0.633333,37,1.233333,0.043342,review
20,0.666667,37,1.233333,0.042011,review
21,0.7,38,1.266667,0.040681,review
22,0.733333,38,1.266667,0.03935,review
23,0.766667,39,1.3,0.038019,review
24,0.8,39,1.3,0.036688,review
25,0.833333,40,1.333333,0.035357,review
26,0.866667,40,1.333333,0.034026,review
27,0.9,40,1.333333,0.032696,review
28,0.933333,41,1.366667,0.031365,review
29,0.966667,41,1.366667,0.030034,review
30,1.0,42,1.4,0.028703,review
31,1.033333,42,1.4,0.03537,review
32,1.066667,43,1.433333,0.042038,review
33,1.1,43,1.433333,0.048705,review
34,1.133333,44,1.466667,0.055372,review
35,1.166667,45,1.5,0.062039,review
36,1.2,45,1.5,0.068707,review
37,1.233333,46,1.533333,0.075374,review
38,1.266667,46,1.533333,0.082041,review
39,1.3,47,1.566667,0.088708,review
40,1.333333,47,1.566667,0.095376,review
41,1.366667,48,1.6,0.102043,review
42,1.4,48,1.6,0.10871,review
43,1.433333,49,1.633333,0.099651,review
44,1.466667,49,1.633333,0.090592,review
45,1.5,50,1.666667,0.081532,review
46,1.533333,50,1.666667,0.072473,review
47,1.566667,51,1.7,0.063414,review
48,1.6,51,1.7,0.054355,review
49,1.633333,52,1.733333,0.045296,review
50,1.666667,52,1.733333,0.036237,review
51,1.7,52,1.733333,0.027177,review
52,1.733333,53,1.766667,0.018118,review
53,1.766667,53,1.766667,0.009059,review
54,1.8,54,1.8,0.0,review
55,1.833333,54,1.8,0.015433,review
56,1.866667,55,1.833333,0.030865,review
57,1.9,55,1.833333,0.046298,review
58,1.933333,56,1.866667,0.061731,review
59,1.966667,56,1.866667,0.077163,review
60,2.0,57,1.9,0.092596,review
61,2.033333,57,1.9,0.108029,review
62,2.066667,58,1.933333,0.123461,review
63,2.1,58,1.933333,0.138894,review
64,2.133333,59,1.966667,0.154327,review
65,2.166667,59,1.966667,0.169759,review
66,2.2,60,2.0,0.185192,review
67,2.233333,62,2.066667,0.167821,review
68,2.266667,64,2.133333,0.15045,review
69,2.3,66,2.2,0.133079,review
70,2.333333,68,2.266667,0.115707,review
71,2.366667,70,2.333333,0.098336,review
72,2.4,72,2.4,0.080965,review
73,2.433333,74,2.466667,0.090035,review
74,2.466667,76,2.533333,0.099105,review
75,2.5,78,2.6,0.108174,review
76,2.533333,80,2.666667,0.117244,review
77,2.566667,82,2.733333,0.126314,review
78,2.6,84,2.8,0.135384,review
79,2.633333,86,2.866667,0.11282,review
80,2.666667,88,2.933333,0.090256,review
81,2.7,90,3.0,0.067692,review
82,2.733333,92,3.066667,0.045128,review
83,2.766667,94,3.133333,0.022564,review
84,2.8,96,3.2,0.0,review
85,2.833333,98,3.266667,0.0,review
86,2.866667,100,3.333333,0.0,review
87,2.9,102,3.4,0.0,review
88,2.933333,104,3.466667,0.0,review
89,2.966667,106,3.533333,0.0,review
90,3.0,108,3.6,0.0,review
91,3.033333,110,3.666667,0.001912,review
92,3.066667,112,3.733333,0.003824,review
93,3.1,114,3.8,0.005736,review
94,3.133333,116,3.866667,0.007649,review
95,3.166667,118,3.933333,0.009561,review
96,3.2,120,4.0,0.011473,review
97,3.233333,122,4.066667,0.017198,review
98,3.266667,124,4.133333,0.022923,review
99,3.3,126,4.2,0.028647,review
100,3.333333,128,4.266667,0.034372,review
101,3.366667,130,4.333333,0.040097,review
102,3.4,132,4.4,0.045822,review
103,3.433333,133,4.433333,0.042004,review
104,3.466667,133,4.433333,0.038185,review
105,3.5,134,4.466667,0.034367,review
106,3.533333,134,4.466667,0.030548,review
107,3.566667,134,4.466667,0.02673,review
108,3.6,135,4.5,0.022911,review
109,3.633333,135,4.5,0.019093,review
110,3.666667,136,4.533333,0.015274,review
111,3.7,136,4.533333,0.011455,review
112,3.733333,137,4.566667,0.007637,review
113,3.766667,137,4.566667,0.003818,review
114,3.8,138,4.6,0.0,review
115,3.833333,140,4.666667,0.051196,review
116,3.866667,142,4.733333,0.102393,review
117,3.9,144,4.8,0.153589,review
118,3.933333,146,4.866667,0.204785,review
119,3.966667,148,4.933333,0.255982,review
120,4.0,150,5.0,0.307178,review
121,4.033333,152,5.066667,0.314923,review
122,4.066667,154,5.133333,0.322668,review
123,4.1,156,5.2,0.330414,review
124,4.133333,158,5.266667,0.338159,review
125,4.166667,160,5.333333,0.345904,review
126,4.2,162,5.4,0.353649,matched
127,4.233333,164,5.466667,0.339621,review
128,4.266667,166,5.533333,0.325594,review
129,4.3,168,5.6,0.311566,review
130,4.333333,170,5.666667,0.297539,review
131,4.366667,172,5.733333,0.283512,review
132,4.4,174,5.8,0.269484,review
133,4.433333,176,5.866667,0.263075,review
134,4.466667,178,5.933333,0.256665,review
135,4.5,180,6.0,0.250256,review
136,4.533333,182,6.066667,0.243846,review
137,4.566667,184,6.133333,0.237436,review
138,4.6,186,6.2,0.231027,review
139,4.633333,188,6.266667,0.192522,review
140,4.666667,190,6.333333,0.154018,review
141,4.7,192,6.4,0.115514,review
142,4.733333,194,6.466667,0.077009,review
143,4.766667,196,6.533333,0.038505,review
144,4.8,198,6.6,0.0,review
145,4.833333,200,6.666667,0.027895,review
146,4.866667,202,6.733333,0.055789,review
147,4.9,204,6.8,0.083684,review
148,4.933333,206,6.866667,0.111579,review
149,4.966667,208,6.933333,0.139473,review
150,5.0,210,7.0,0.167368,review
151,5.033333,212,7.066667,0.139473,review
152,5.066667,214,7.133333,0.111579,review
153,5.1,216,7.2,0.083684,review
154,5.133333,218,7.266667,0.055789,review
155,5.166667,220,7.333333,0.027895,review
156,5.2,222,7.4,0.0,review
157,5.233333,224,7.466667,0.0,review
158,5.266667,226,7.533333,0.0,review
159,5.3,228,7.6,0.0,review
160,5.333333,230,7.666667,0.0,review
161,5.366667,232,7.733333,0.0,review
162,5.4,234,7.8,0.0,review
163,5.433333,236,7.866667,0.0,review
164,5.466667,238,7.933333,0.0,review
165,5.5,240,8.0,0.0,review
166,5.533333,242,8.066667,0.0,review
167,5.566667,244,8.133333,0.0,review
168,5.6,246,8.2,0.0,review
169,5.633333,248,8.266667,0.008131,review
170,5.666667,250,8.333333,0.016262,review
171,5.7,252,8.4,0.024392,review
172,5.733333,254,8.466667,0.032523,review
173,5.766667,256,8.533333,0.040654,review
174,5.8,258,8.6,0.048785,review
175,5.833333,260,8.666667,0.138085,review
176,5.866667,262,8.733333,0.227386,review
177,5.9,264,8.8,0.316686,review
178,5.933333,266,8.866667,0.405987,matched
179,5.966667,268,8.933333,0.495287,matched
180,6.0,270,9.0,0.584588,matched
181,6.033333,272,9.066667,0.603823,matched
182,6.066667,274,9.133333,0.623059,matched
183,6.1,276,9.2,0.642294,matched
184,6.133333,278,9.266667,0.661529,matched
185,6.166667,280,9.333333,0.680765,matched
186,6.2,282,9.4,0.7,matched
187,6.233333,282,9.4,0.692723,matched
188,6.266667,283,9.433333,0.685446,matched
189,6.3,283,9.433333,0.678169,matched
190,6.333333,284,9.466667,0.670892,matched
191,6.366667,285,9.5,0.663615,matched
192,6.4,285,9.5,0.656338,matched
193,6.433333,286,9.533333,0.649062,matched
194,6.466667,286,9.533333,0.641785,matched
195,6.5,287,9.566667,0.634508,matched
196,6.533333,287,9.566667,0.627231,matched
197,6.566667,288,9.6,0.619954,matched
198,6.6,288,9.6,0.612677,matched
199,6.633333,289,9.633333,0.612332,matched
200,6.666667,289,9.633333,0.611987,matched
201,6.7,290,9.666667,0.611642,matched
202,6.733333,290,9.666667,0.611297,matched
203,6.766667,291,9.7,0.610952,matched
204,6.8,291,9.7,0.610606,matched
205,6.833333,292,9.733333,0.610261,matched
206,6.866667,292,9.733333,0.609916,matched
207,6.9,293,9.766667,0.609571,matched
208,6.933333,293,9.766667,0.609226,matched
209,6.966667,294,9.8,0.608881,matched
210,7.0,294,9.8,0.608536,matched
211,7.033333,296,9.866667,0.62378,matched
212,7.066667,298,9.933333,0.639024,matched
213,7.1,300,10.0,0.654268,matched
214,7.133333,302,10.066667,0.669512,matched
215,7.166667,304,10.133333,0.684756,matched
216,7.2,306,10.2,0.7,matched
217,7.233333,306,10.2,0.697216,matched
218,7.266667,307,10.233333,0.694432,matched
219,7.3,307,10.233333,0.691647,matched
220,7.333333,308,10.266667,0.688863,matched
221,7.366667,308,10.266667,0.686079,matched
222,7.4,309,10.3,0.683295,matched
223,7.433333,309,10.3,0.680511,matched
224,7.466667,310,10.333333,0.677727,matched
225,7.5,310,10.333333,0.674942,matched
226,7.533333,311,10.366667,0.672158,matched
227,7.566667,311,10.366667,0.669374,matched
228,7.6,312,10.4,0.66659,matched
229,7.633333,312,10.4,0.663775,matched
230,7.666667,313,10.433333,0.66096,matched
231,7.7,313,10.433333,0.658145,matched
232,7.733333,314,10.466667,0.65533,matched
233,7.766667,314,10.466667,0.652515,matched
234,7.8,315,10.5,0.6497,matched
235,7.833333,316,10.533333,0.646885,matched
236,7.866667,316,10.533333,0.64407,matched
237,7.9,317,10.566667,0.641255,matched
238,7.933333,317,10.566667,0.63844,matched
239,7.966667,318,10.6,0.635625,matched
240,8.0,318,10.6,0.63281,matched
241,8.033333,319,10.633333,0.631154,matched
242,8.066667,319,10.633333,0.629499,matched
243,8.1,320,10.666667,0.627843,matched
244,8.133333,320,10.666667,0.626188,matched
245,8.166667,321,10.7,0.624532,matched
246,8.2,321,10.7,0.622877,matched
247,8.233333,322,10.733333,0.621221,matched
248,8.266667,322,10.733333,0.619566,matched
249,8.3,323,10.766667,0.61791,matched
250,8.333333,323,10.766667,0.616255,matched
251,8.366667,324,10.8,0.614599,matched
252,8.4,324,10.8,0.612944,matched
253,8.433333,326,10.866667,0.627453,matched
254,8.466667,328,10.933333,0.641963,matched
255,8.5,330,11.0,0.656472,matched
256,8.533333,332,11.066667,0.670981,matched
257,8.566667,334,11.133333,0.685491,matched
258,8.6,336,11.2,0.7,matched
259,8.633333,336,11.2,0.7,matched
260,8.666667,337,11.233333,0.7,matched
261,8.7,337,11.233333,0.7,matched
262,8.733333,338,11.266667,0.7,matched
263,8.766667,338,11.266667,0.7,matched
264,8.8,339,11.3,0.7,matched
265,8.833333,339,11.3,0.7,matched
266,8.866667,340,11.333333,0.7,matched
267,8.9,340,11.333333,0.7,matched
268,8.933333,341,11.366667,0.7,matched
269,8.966667,341,11.366667,0.7,matched
270,9.0,342,11.4,0.7,matched
271,9.033333,344,11.466667,0.654759,matched
272,9.066667,346,11.533333,0.609518,matched
273,9.1,348,11.6,0.564276,matched
274,9.133333,350,11.666667,0.519035,matched
275,9.166667,352,11.733333,0.473794,matched
276,9.2,354,11.8,0.428553,matched
277,9.233333,356,11.866667,0.454617,matched
278,9.266667,358,11.933333,0.480682,matched
279,9.3,360,12.0,0.506746,matched
280,9.333333,362,12.066667,0.53281,matched
281,9.366667,364,12.133333,0.558874,matched
282,9.4,366,12.2,0.584938,matched
283,9.433333,368,12.266667,0.567137,matched
284,9.466667,370,12.333333,0.549336,matched
285,9.5,372,12.4,0.531534,matched
286,9.533333,374,12.466667,0.513733,matched
287,9.566667,376,12.533333,0.495932,matched
288,9.6,378,12.6,0.478131,matched
289,9.633333,380,12.666667,0.500553,matched
290,9.666667,382,12.733333,0.522975,matched
291,9.7,384,12.8,0.545397,matched
292,9.733333,386,12.866667,0.567819,matched
293,9.766667,388,12.933333,0.590241,matched
294,9.8,390,13.0,0.612663,matched
295,9.833333,392,13.066667,0.599311,matched
296,9.866667,394,13.133333,0.585958,matched
297,9.9,396,13.2,0.572606,matched
298,9.933333,398,13.266667,0.559254,matched
299,9.966667,400,13.333333,0.545901,matched
300,10.0,402,13.4,0.532549,matched
301,10.033333,404,13.466667,0.54084,matched
302,10.066667,406,13.533333,0.549131,matched
303,10.1,408,13.6,0.557423,matched
304,10.133333,410,13.666667,0.565714,matched
305,10.166667,412,13.733333,0.574005,matched
306,10.2,414,13.8,0.582296,matched
307,10.233333,416,13.866667,0.601913,matched
308,10.266667,418,13.933333,0.621531,matched
309,10.3,420,14.0,0.641148,matched
310,10.333333,422,14.066667,0.660766,matched
311,10.366667,424,14.133333,0.680383,matched
312,10.4,426,14.2,0.7,matched
313,10.433333,428,14.266667,0.698481,matched
314,10.466667,430,14.333333,0.696962,matched
315,10.5,432,14.4,0.695443,matched
316,10.533333,434,14.466667,0.693925,matched
317,10.566667,436,14.533333,0.692406,matched
318,10.6,438,14.6,0.690887,matched
319,10.633333,440,14.666667,0.692406,matched
320,10.666667,442,14.733333,0.693925,matched
321,10.7,444,14.8,0.695443,matched
322,10.733333,446,14.866667,0.696962,matched
323,10.766667,448,14.933333,0.698481,matched
324,10.8,450,15.0,0.7,matched
325,10.833333,452,15.066667,0.7,matched
326,10.866667,454,15.133333,0.7,matched
327,10.9,456,15.2,0.7,matched
328,10.933333,458,15.266667,0.7,matched
329,10.966667,460,15.333333,0.7,matched
330,11.0,462,15.4,0.7,matched
331,11.033333,464,15.466667,0.7,matched
332,11.066667,466,15.533333,0.7,matched
333,11.1,468,15.6,0.7,matched
334,11.133333,470,15.666667,0.7,matched
335,11.166667,472,15.733333,0.7,matched
336,11.2,474,15.8,0.7,matched
337,11.233333,476,15.866667,0.7,matched
338,11.266667,478,15.933333,0.7,matched
339,11.3,480,16.0,0.7,matched
340,11.333333,482,16.066667,0.7,matched
341,11.366667,484,16.133333,0.7,matched
342,11.4,486,16.2,0.7,matched
343,11.433333,488,16.266667,0.7,matched
344,11.466667,490,16.333333,0.7,matched
345,11.5,492,16.4,0.7,matched
346,11.533333,494,16.466667,0.7,matched
347,11.566667,496,16.533333,0.7,matched
348,11.6,498,16.6,0.7,matched
349,11.633333,500,16.666667,0.7,matched
350,11.666667,502,16.733333,0.7,matched
351,11.7,504,16.8,0.7,matched
352,11.733333,506,16.866667,0.7,matched
353,11.766667,508,16.933333,0.7,matched
354,11.8,510,17.0,0.7,matched
355,11.833333,512,17.066667,0.7,matched
356,11.866667,514,17.133333,0.7,matched
357,11.9,516,17.2,0.7,matched
358,11.933333,518,17.266667,0.7,matched
359,11.966667,520,17.333333,0.7,matched
360,12.0,522,17.4,0.7,matched
361,12.033333,522,17.4,0.7,matched
362,12.066667,523,17.433333,0.7,matched
363,12.1,523,17.433333,0.7,matched
364,12.133333,524,17.466667,0.7,matched
365,12.166667,525,17.5,0.7,matched
366,12.2,525,17.5,0.7,matched
367,12.233333,526,17.533333,0.7,matched
368,12.266667,526,17.533333,0.7,matched
369,12.3,527,17.566667,0.7,matched
370,12.333333,527,17.566667,0.7,matched
371,12.366667,528,17.6,0.7,matched
372,12.4,528,17.6,0.7,matched
373,12.433333,529,17.633333,0.7,matched
374,12.466667,529,17.633333,0.7,matched
375,12.5,530,17.666667,0.7,matched
376,12.533333,530,17.666667,0.7,matched
377,12.566667,530,17.666667,0.7,matched
378,12.6,531,17.7,0.7,matched
379,12.633333,531,17.7,0.7,matched
380,12.666667,532,17.733333,0.7,matched
381,12.7,532,17.733333,0.7,matched
382,12.733333,533,17.766667,0.7,matched
383,12.766667,533,17.766667,0.7,matched
384,12.8,534,17.8,0.7,matched
385,12.833333,536,17.866667,0.7,matched
386,12.866667,538,17.933333,0.7,matched
387,12.9,540,18.0,0.7,matched
388,12.933333,542,18.066667,0.7,matched
389,12.966667,544,18.133333,0.7,matched
390,13.0,546,18.2,0.7,matched
391,13.033333,547,18.233333,0.7,matched
392,13.066667,548,18.266667,0.7,matched
393,13.1,549,18.3,0.7,matched
394,13.133333,550,18.333333,0.7,matched
395,13.166667,551,18.366667,0.7,matched
396,13.2,552,18.4,0.7,matched
397,13.233333,552,18.4,0.694766,matched
398,13.266667,553,18.433333,0.689533,matched
399,13.3,553,18.433333,0.684299,matched
400,13.333333,554,18.466667,0.679066,matched
401,13.366667,554,18.466667,0.673832,matched
402,13.4,555,18.5,0.668599,matched
403,13.433333,555,18.5,0.663366,matched
404,13.466667,556,18.533333,0.658132,matched
405,13.5,557,18.566667,0.652899,matched
406,13.533333,557,18.566667,0.647665,matched
407,13.566667,558,18.6,0.642432,matched
408,13.6,558,18.6,0.637198,matched
409,13.633333,560,18.666667,0.647665,matched
410,13.666667,562,18.733333,0.658132,matched
411,13.7,564,18.8,0.668599,matched
412,13.733333,566,18.866667,0.679066,matched
413,13.766667,568,18.933333,0.689533,matched
414,13.8,570,19.0,0.7,matched
415,13.833333,572,19.066667,0.7,matched
416,13.866667,574,19.133333,0.7,matched
417,13.9,576,19.2,0.7,matched
418,13.933333,578,19.266667,0.7,matched
419,13.966667,580,19.333333,0.7,matched
420,14.0,582,19.4,0.7,matched
421,14.033333,584,19.466667,0.7,matched
422,14.066667,586,19.533333,0.7,matched
423,14.1,588,19.6,0.7,matched
424,14.133333,590,19.666667,0.7,matched
425,14.166667,592,19.733333,0.7,matched
426,14.2,594,19.8,0.7,matched
427,14.233333,596,19.866667,0.697152,matched
428,14.266667,598,19.933333,0.694303,matched
429,14.3,600,20.0,0.691455,matched
430,14.333333,602,20.066667,0.688607,matched
431,14.366667,604,20.133333,0.685758,matched
432,14.4,606,20.2,0.68291,matched
433,14.433333,607,20.233333,0.660332,matched
434,14.466667,607,20.233333,0.637754,matched
435,14.5,608,20.266667,0.615177,matched
436,14.533333,608,20.266667,0.592599,matched
437,14.566667,609,20.3,0.570021,matched
438,14.6,609,20.3,0.547443,matched
439,14.633333,610,20.333333,0.524866,matched
440,14.666667,610,20.333333,0.502288,matched
441,14.7,610,20.333333,0.47971,matched
442,14.733333,611,20.366667,0.457133,matched
443,14.766667,611,20.366667,0.434555,matched
444,14.8,612,20.4,0.411977,matched
445,14.833333,612,20.4,0.416526,matched
446,14.866667,613,20.433333,0.421076,matched
447,14.9,613,20.433333,0.425625,matched
448,14.933333,614,20.466667,0.430175,matched
449,14.966667,614,20.466667,0.434724,matched
450,15.0,615,20.5,0.439273,matched
451,15.033333,616,20.533333,0.443823,matched
452,15.066667,616,20.533333,0.448372,matched
453,15.1,617,20.566667,0.452922,matched
454,15.133333,617,20.566667,0.457471,matched
455,15.166667,618,20.6,0.462021,matched
456,15.2,618,20.6,0.46657,matched
457,15.233333,619,20.633333,0.453686,matched
458,15.266667,619,20.633333,0.440801,matched
459,15.3,620,20.666667,0.427917,matched
460,15.333333,620,20.666667,0.415032,matched
461,15.366667,620,20.666667,0.402148,matched
462,15.4,621,20.7,0.389264,matched
463,15.433333,621,20.7,0.376379,matched
464,15.466667,622,20.733333,0.363495,matched
465,15.5,622,20.733333,0.35061,matched
466,15.533333,623,20.766667,0.337726,review
467,15.566667,623,20.766667,0.324842,review
468,15.6,624,20.8,0.311957,review
469,15.633333,624,20.8,0.313702,review
470,15.666667,625,20.833333,0.315447,review
471,15.7,625,20.833333,0.317192,review
472,15.733333,626,20.866667,0.318937,review
473,15.766667,626,20.866667,0.320682,review
474,15.8,627,20.9,0.322427,review
475,15.833333,627,20.9,0.324173,review
476,15.866667,628,20.933333,0.325918,review
477,15.9,628,20.933333,0.327663,review
478,15.933333,629,20.966667,0.329408,review
479,15.966667,629,20.966667,0.331153,review
480,16.0,630,21.0,0.332898,review
481,16.033333,632,21.066667,0.321776,review
482,16.066667,634,21.133333,0.310654,review
483,16.1,636,21.2,0.299532,review
484,16.133333,638,21.266667,0.28841,review
485,16.166667,640,21.333333,0.277288,review
486,16.2,642,21.4,0.266166,review
487,16.233333,644,21.466667,0.261269,review
488,16.266667,646,21.533333,0.256372,review
489,16.3,648,21.6,0.251475,review
490,16.333333,650,21.666667,0.246577,review
491,16.366667,652,21.733333,0.24168,review
492,16.4,654,21.8,0.236783,review
493,16.433333,656,21.866667,0.252689,review
494,16.466667,658,21.933333,0.268594,review
495,16.5,660,22.0,0.284499,review
496,16.533333,662,22.066667,0.300405,review
497,16.566667,664,22.133333,0.31631,review
498,16.6,666,22.2,0.332216,review
499,16.633333,668,22.266667,0.326727,review
500,16.666667,670,22.333333,0.321238,review
501,16.7,672,22.4,0.315749,review
502,16.733333,674,22.466667,0.31026,review
503,16.766667,676,22.533333,0.304771,review
504,16.8,678,22.6,0.299282,review
505,16.833333,680,22.666667,0.314981,review
506,16.866667,682,22.733333,0.330679,review
507,16.9,684,22.8,0.346378,review
508,16.933333,686,22.866667,0.362076,matched
509,16.966667,688,22.933333,0.377775,matched
510,17.0,690,23.0,0.393473,matched
511,17.033333,692,23.066667,0.330306,review
512,17.066667,694,23.133333,0.267139,review
513,17.1,696,23.2,0.203973,review
514,17.133333,698,23.266667,0.140806,review
515,17.166667,700,23.333333,0.077639,review
516,17.2,702,23.4,0.014472,review
517,17.233333,704,23.466667,0.012059,review
518,17.266667,706,23.533333,0.009647,review
519,17.3,708,23.6,0.007236,review
520,17.333333,710,23.666667,0.004824,review
521,17.366667,712,23.733333,0.002412,review
522,17.4,714,23.8,0.0,review
523,17.433333,716,23.866667,0.007162,review
524,17.466667,718,23.933333,0.014325,review
525,17.5,720,24.0,0.021487,review
526,17.533333,722,24.066667,0.028649,review
527,17.566667,724,24.133333,0.035812,review
528,17.6,726,24.2,0.042974,review
529,17.633333,727,24.233333,0.039629,review
530,17.666667,727,24.233333,0.036284,review
531,17.7,728,24.266667,0.032939,review
532,17.733333,728,24.266667,0.029594,review
533,17.766667,729,24.3,0.026249,review
534,17.8,729,24.3,0.022905,review
535,17.833333,730,24.333333,0.01956,review
536,17.866667,730,24.333333,0.016215,review
537,17.9,730,24.333333,0.01287,review
538,17.933333,731,24.366667,0.009525,review
539,17.966667,731,24.366667,0.00618,review
540,18.0,732,24.4,0.002835,review
541,18.033333,732,24.4,0.022811,review
542,18.066667,733,24.433333,0.042787,review
543,18.1,733,24.433333,0.062764,review
544,18.133333,734,24.466667,0.08274,review
545,18.166667,735,24.5,0.102716,review
546,18.2,735,24.5,0.122692,review
547,18.233333,736,24.533333,0.142668,review
548,18.266667,736,24.533333,0.162644,review
549,18.3,737,24.566667,0.182621,review
550,18.333333,737,24.566667,0.202597,review
551,18.366667,738,24.6,0.222573,review
552,18.4,738,24.6,0.242549,review
553,18.433333,739,24.633333,0.246386,review
554,18.466667,739,24.633333,0.250222,review
555,18.5,740,24.666667,0.254059,review
556,18.533333,740,24.666667,0.257895,review
557,18.566667,741,24.7,0.261732,review
558,18.6,741,24.7,0.265569,review
559,18.633333,742,24.733333,0.269405,review
560,18.666667,742,24.733333,0.273242,review
561,18.7,742,24.733333,0.277078,review
562,18.733333,743,24.766667,0.280915,review
563,18.766667,743,24.766667,0.284751,review
564,18.8,744,24.8,0.288589,review
565,18.833333,746,24.866667,0.316943,review
566,18.866667,748,24.933333,0.345297,review
567,18.9,750,25.0,0.373652,matched
568,18.933333,752,25.066667,0.402006,matched
569,18.966667,754,25.133333,0.430361,matched
570,19.0,756,25.2,0.458715,matched
571,19.033333,758,25.266667,0.44763,matched
572,19.066667,760,25.333333,0.436545,matched
573,19.1,762,25.4,0.425461,matched
574,19.133333,764,25.466667,0.414376,matched
575,19.166667,766,25.533333,0.403291,matched
576,19.2,768,25.6,0.392206,matched
577,19.233333,770,25.666667,0.362538,matched
578,19.266667,772,25.733333,0.332868,review
579,19.3,774,25.8,0.303199,review
580,19.333333,776,25.866667,0.27353,review
581,19.366667,778,25.933333,0.243861,review
582,19.4,780,26.0,0.214192,review
583,19.433333,782,26.066667,0.21303,review
584,19.466667,784,26.133333,0.211868,review
585,19.5,786,26.2,0.210706,review
586,19.533333,788,26.266667,0.209544,review
587,19.566667,790,26.333333,0.208382,review
588,19.6,792,26.4,0.20722,review
589,19.633333,794,26.466667,0.244641,review
590,19.666667,796,26.533333,0.282063,review
591,19.7,798,26.6,0.319485,review
592,19.733333,800,26.666667,0.356907,matched
593,19.766667,802,26.733333,0.394329,matched
594,19.8,804,26.8,0.43175,matched
595,19.833333,804,26.8,0.432562,matched
596,19.866667,805,26.833333,0.433373,matched
597,19.9,805,26.833333,0.434185,matched
598,19.933333,806,26.866667,0.434996,matched
599,19.966667,806,26.866667,0.435808,matched
600,20.0,807,26.9,0.436619,matched
601,20.033333,807,26.9,0.43743,matched
602,20.066667,808,26.933333,0.438242,matched
603,20.1,808,26.933333,0.439053,matched
604,20.133333,809,26.966667,0.439865,matched
605,20.166667,809,26.966667,0.440676,matched
606,20.2,810,27.0,0.441488,matched
607,20.233333,812,27.066667,0.4112,matched
608,20.266667,814,27.133333,0.380911,matched
609,20.3,816,27.2,0.350622,matched
610,20.333333,818,27.266667,0.320333,review
611,20.366667,820,27.333333,0.290044,review
612,20.4,822,27.4,0.259756,review
613,20.433333,824,27.466667,0.299103,review
614,20.466667,826,27.533333,0.338449,review
615,20.5,828,27.6,0.377795,matched
616,20.533333,830,27.666667,0.417141,matched
617,20.566667,832,27.733333,0.456487,matched
618,20.6,834,27.8,0.495834,matched
619,20.633333,836,27.866667,0.460578,matched
620,20.666667,838,27.933333,0.425321,matched
621,20.7,840,28.0,0.390065,matched
622,20.733333,842,28.066667,0.354808,matched
623,20.766667,844,28.133333,0.319552,review
624,20.8,846,28.2,0.284296,review
625,20.833333,848,28.266667,0.285626,review
626,20.866667,850,28.333333,0.286957,review
627,20.9,852,28.4,0.288287,review
628,20.933333,854,28.466667,0.289617,review
629,20.966667,856,28.533333,0.290948,review
630,21.0,858,28.6,0.292278,review
631,21.033333,859,28.633333,0.297682,review
632,21.066667,859,28.633333,0.303086,review
633,21.1,860,28.666667,0.30849,review
634,21.133333,860,28.666667,0.313894,review
635,21.166667,860,28.666667,0.319298,review
636,21.2,861,28.7,0.324702,review
637,21.233333,861,28.7,0.330105,review
638,21.266667,862,28.733333,0.335509,review
639,21.3,862,28.733333,0.340913,review
640,21.333333,863,28.766667,0.346317,review
641,21.366667,863,28.766667,0.351721,matched
642,21.4,864,28.8,0.357125,matched
643,21.433333,866,28.866667,0.347024,review
644,21.466667,868,28.933333,0.336924,review
645,21.5,870,29.0,0.326823,review
646,21.533333,872,29.066667,0.316722,review
647,21.566667,874,29.133333,0.306622,review
648,21.6,876,29.2,0.296521,review
649,21.633333,878,29.266667,0.313034,review
650,21.666667,880,29.333333,0.329547,review
651,21.7,882,29.4,0.34606,review
652,21.733333,884,29.466667,0.362573,matched
653,21.766667,886,29.533333,0.379085,matched
654,21.8,888,29.6,0.395598,matched
655,21.833333,890,29.666667,0.376093,matched
656,21.866667,892,29.733333,0.356588,matched
657,21.9,894,29.8,0.337084,review
658,21.933333,896,29.866667,0.317579,review
659,21.966667,898,29.933333,0.298075,review
660,22.0,900,30.0,0.27857,review
661,22.033333,901,30.033333,0.27855,review
662,22.066667,901,30.033333,0.27853,review
663,22.1,902,30.066667,0.27851,review
664,22.133333,902,30.066667,0.278491,review
665,22.166667,903,30.1,0.278471,review
666,22.2,903,30.1,0.278451,review
667,22.233333,904,30.133333,0.278431,review
668,22.266667,904,30.133333,0.278411,review
669,22.3,905,30.166667,0.278391,review
670,22.333333,905,30.166667,0.278372,review
671,22.366667,906,30.2,0.278352,review
672,22.4,906,30.2,0.278331,review
673,22.433333,908,30.266667,0.231943,review
674,22.466667,910,30.333333,0.185554,review
675,22.5,912,30.4,0.139166,review
676,22.533333,914,30.466667,0.092778,review
677,22.566667,916,30.533333,0.046389,review
678,22.6,918,30.6,1e-06,review
679,22.633333,920,30.666667,0.0,review
680,22.666667,922,30.733333,0.0,review
681,22.7,924,30.8,0.0,review
682,22.733333,926,30.866667,0.0,review
683,22.766667,928,30.933333,0.0,review
684,22.8,930,31.0,1e-06,review
685,22.833333,932,31.066667,0.035652,review
686,22.866667,934,31.133333,0.071302,review
687,22.9,936,31.2,0.106953,review
688,22.933333,938,31.266667,0.142604,review
689,22.966667,940,31.333333,0.178254,review
690,23.0,942,31.4,0.213905,review
691,23.033333,944,31.466667,0.243388,review
692,23.066667,946,31.533333,0.272871,review
693,23.1,948,31.6,0.302354,review
694,23.133333,950,31.666667,0.331837,review
695,23.166667,952,31.733333,0.361319,matched
696,23.2,954,31.8,0.390802,matched
697,23.233333,956,31.866667,0.357612,matched
698,23.266667,958,31.933333,0.324419,review
699,23.3,960,32.0,0.291227,review
700,23.333333,962,32.066667,0.258035,review
701,23.366667,964,32.133333,0.224843,review
702,23.4,966,32.2,0.191651,review
703,23.433333,968,32.266667,0.185826,review
704,23.466667,970,32.333333,0.180001,review
705,23.5,972,32.4,0.174176,review
706,23.533333,974,32.466667,0.16835,review
707,23.566667,976,32.533333,0.162525,review
708,23.6,978,32.6,0.1567,review
709,23.633333,980,32.666667,0.201344,review
710,23.666667,982,32.733333,0.245989,review
711,23.7,984,32.8,0.290633,review
712,23.733333,986,32.866667,0.335278,review
713,23.766667,988,32.933333,0.379922,matched
714,23.8,990,33.0,0.424566,matched
715,23.833333,992,33.066667,0.440343,matched
716,23.866667,994,33.133333,0.45612,matched
717,23.9,996,33.2,0.471896,matched
718,23.933333,998,33.266667,0.487673,matched
719,23.966667,1000,33.333333,0.503449,matched
720,24.0,1002,33.4,0.519226,matched
721,24.033333,1003,33.433333,0.499366,matched
722,24.066667,1003,33.433333,0.479506,matched
723,24.1,1004,33.466667,0.459645,matched
724,24.133333,1004,33.466667,0.439785,matched
725,24.166667,1005,33.5,0.419925,matched
726,24.2,1005,33.5,0.400065,matched
727,24.233333,1005,33.5,0.380205,matched
728,24.266667,1006,33.533333,0.360345,matched
729,24.3,1006,33.533333,0.340484,review
730,24.333333,1007,33.566667,0.320624,review
731,24.366667,1007,33.566667,0.300764,review
732,24.4,1008,33.6,0.280904,review
733,24.433333,1010,33.666667,0.258797,review
734,24.466667,1012,33.733333,0.236691,review
735,24.5,1014,33.8,0.214585,review
736,24.533333,1016,33.866667,0.192479,review
737,24.566667,1018,33.933333,0.170373,review
738,24.6,1020,34.0,0.148266,review
739,24.633333,1020,34.0,0.156396,review
740,24.666667,1021,34.033333,0.164525,review
741,24.7,1022,34.066667,0.172655,review
742,24.733333,1022,34.066667,0.180784,review
743,24.766667,1023,34.1,0.188914,review
744,24.8,1023,34.1,0.197043,review
745,24.833333,1024,34.133333,0.205173,review
746,24.866667,1024,34.133333,0.213303,review
747,24.9,1025,34.166667,0.221432,review
748,24.933333,1025,34.166667,0.229562,review
749,24.966667,1026,34.2,0.237691,review
750,25.0,1026,34.2,0.245821,review
751,25.033333,1028,34.266667,0.215578,review
752,25.066667,1030,34.333333,0.185334,review
753,25.1,1032,34.4,0.155091,review
754,25.133333,1034,34.466667,0.124847,review
755,25.166667,1036,34.533333,0.094604,review
756,25.2,1038,34.6,0.064361,review
757,25.233333,1040,34.666667,0.053923,review
758,25.266667,1042,34.733333,0.043486,review
759,25.3,1044,34.8,0.033049,review
760,25.333333,1046,34.866667,0.022612,review
761,25.366667,1048,34.933333,0.012175,review
762,25.4,1050,35.0,0.001738,review
763,25.433333,1052,35.066667,0.02473,review
764,25.466667,1054,35.133333,0.047722,review
765,25.5,1056,35.2,0.070714,review
766,25.533333,1058,35.266667,0.093706,review
767,25.566667,1060,35.333333,0.116698,review
768,25.6,1062,35.4,0.13969,review
769,25.633333,1064,35.466667,0.161458,review
770,25.666667,1066,35.533333,0.183226,review
771,25.7,1068,35.6,0.204994,review
772,25.733333,1070,35.666667,0.226762,review
773,25.766667,1072,35.733333,0.24853,review
774,25.8,1074,35.8,0.270297,review
775,25.833333,1076,35.866667,0.270686,review
776,25.866667,1078,35.933333,0.271075,review
777,25.9,1080,36.0,0.271464,review
778,25.933333,1082,36.066667,0.271853,review
779,25.966667,1084,36.133333,0.272242,review
780,26.0,1086,36.2,0.272631,review
781,26.033333,1087,36.233333,0.270523,review
782,26.066667,1087,36.233333,0.268415,review
783,26.1,1088,36.266667,0.266306,review
784,26.133333,1088,36.266667,0.264198,review
785,26.166667,1089,36.3,0.26209,review
786,26.2,1089,36.3,0.259982,review
787,26.233333,1090,36.333333,0.257874,review
788,26.266667,1090,36.333333,0.255766,review
789,26.3,1091,36.366667,0.253657,review
790,26.333333,1091,36.366667,0.251549,review
791,26.366667,1092,36.4,0.249441,review
792,26.4,1092,36.4,0.247333,review
793,26.433333,1093,36.433333,0.237133,review
794,26.466667,1093,36.433333,0.226933,review
795,26.5,1094,36.466667,0.216733,review
796,26.533333,1094,36.466667,0.206533,review
797,26.566667,1095,36.5,0.196333,review
798,26.6,1095,36.5,0.186133,review
799,26.633333,1096,36.533333,0.175933,review
800,26.666667,1096,36.533333,0.165733,review
801,26.7,1096,36.533333,0.155534,review
802,26.733333,1097,36.566667,0.145334,review
803,26.766667,1097,36.566667,0.135134,review
804,26.8,1098,36.6,0.124934,review
805,26.833333,1098,36.6,0.137097,review
806,26.866667,1099,36.633333,0.149259,review
807,26.9,1099,36.633333,0.161421,review
808,26.933333,1100,36.666667,0.173584,review
809,26.966667,1100,36.666667,0.185746,review
810,27.0,1101,36.7,0.197908,review
811,27.033333,1101,36.7,0.210071,review
812,27.066667,1102,36.733333,0.222233,review
813,27.1,1102,36.733333,0.234396,review
814,27.133333,1103,36.766667,0.246558,review
815,27.166667,1103,36.766667,0.25872,review
816,27.2,1104,36.8,0.270883,review
817,27.233333,1104,36.8,0.288187,review
818,27.266667,1105,36.833333,0.30549,review
819,27.3,1105,36.833333,0.322794,review
820,27.333333,1106,36.866667,0.340098,review
821,27.366667,1106,36.866667,0.357402,matched
822,27.4,1107,36.9,0.374706,matched
823,27.433333,1107,36.9,0.39201,matched
824,27.466667,1108,36.933333,0.409314,matched
825,27.5,1108,36.933333,0.426618,matched
826,27.533333,1109,36.966667,0.443922,matched
827,27.566667,1109,36.966667,0.461226,matched
828,27.6,1110,37.0,0.47853,matched
829,27.633333,1111,37.033333,0.505275,matched
830,27.666667,1112,37.066667,0.532021,matched
831,27.7,1113,37.1,0.558766,matched
832,27.733333,1114,37.133333,0.585512,matched
833,27.766667,1115,37.166667,0.612257,matched
834,27.8,1116,37.2,0.639,matched
835,27.833333,1118,37.266667,0.557906,matched
836,27.866667,1120,37.333333,0.476812,matched
837,27.9,1122,37.4,0.395718,matched
838,27.933333,1124,37.466667,0.314623,review
839,27.966667,1126,37.533333,0.233529,review
840,28.0,1128,37.6,0.152435,review
841,28.033333,1130,37.666667,0.173787,review
842,28.066667,1132,37.733333,0.195139,review
843,28.1,1134,37.8,0.21649,review
844,28.133333,1136,37.866667,0.237842,review
845,28.166667,1138,37.933333,0.259194,review
846,28.2,1140,38.0,0.280546,review
847,28.233333,1142,38.066667,0.266049,review
848,28.266667,1144,38.133333,0.251552,review
849,28.3,1146,38.2,0.237054,review
850,28.333333,1148,38.266667,0.222557,review
851,28.366667,1150,38.333333,0.208059,review
852,28.4,1152,38.4,0.193562,review
853,28.433333,1154,38.466667,0.187024,review
854,28.466667,1156,38.533333,0.180486,review
855,28.5,1158,38.6,0.173948,review
856,28.533333,1160,38.666667,0.16741,review
857,28.566667,1162,38.733333,0.160872,review
858,28.6,1164,38.8,0.154334,review
859,28.633333,1166,38.866667,0.128612,review
860,28.666667,1168,38.933333,0.102889,review
861,28.7,1170,39.0,0.077167,review
862,28.733333,1172,39.066667,0.051444,review
863,28.766667,1174,39.133333,0.025722,review
864,28.8,1176,39.2,0.0,review
865,28.833333,1178,39.266667,0.021119,review
866,28.866667,1180,39.333333,0.042238,review
867,28.9,1182,39.4,0.063356,review
868,28.933333,1184,39.466667,0.084475,review
869,28.966667,1186,39.533333,0.105593,review
870,29.0,1188,39.6,0.126712,review
871,29.033333,1190,39.666667,0.118549,review
872,29.066667,1192,39.733333,0.110387,review
873,29.1,1194,39.8,0.102224,review
874,29.133333,1196,39.866667,0.094061,review
875,29.166667,1198,39.933333,0.085899,review
876,29.2,1200,40.0,0.077736,review
877,29.233333,1202,40.066667,0.076054,review
878,29.266667,1204,40.133333,0.074372,review
879,29.3,1206,40.2,0.07269,review
880,29.333333,1208,40.266667,0.071008,review
881,29.366667,1210,40.333333,0.069326,review
882,29.4,1212,40.4,0.067644,review
883,29.433333,1214,40.466667,0.05637,review
884,29.466667,1216,40.533333,0.045096,review
885,29.5,1218,40.6,0.033822,review
886,29.533333,1220,40.666667,0.022548,review
887,29.566667,1222,40.733333,0.011274,review
888,29.6,1224,40.8,0.0,review
889,29.633333,1226,40.866667,0.0,review
890,29.666667,1228,40.933333,0.0,review
891,29.7,1230,41.0,0.0,review
892,29.733333,1232,41.066667,0.0,review
893,29.766667,1234,41.133333,0.0,review
894,29.8,1236,41.2,0.0,review
895,29.833333,1238,41.266667,0.0,review
896,29.866667,1240,41.333333,0.0,review
897,29.9,1242,41.4,0.0,review
898,29.933333,1244,41.466667,0.0,review
899,29.966667,1246,41.533333,0.0,review
900,30.0,1248,41.6,0.0,review
901,30.033333,1250,41.666667,0.004949,review
902,30.066667,1252,41.733333,0.009897,review
903,30.1,1254,41.8,0.014846,review
904,30.133333,1256,41.866667,0.019795,review
905,30.166667,1258,41.933333,0.024743,review
906,30.2,1260,42.0,0.029692,review
907,30.233333,1262,42.066667,0.055925,review
908,30.266667,1264,42.133333,0.082158,review
909,30.3,1266,42.2,0.108391,review
910,30.333333,1268,42.266667,0.134625,review
911,30.366667,1270,42.333333,0.160858,review
912,30.4,1272,42.4,0.187091,review
913,30.433333,1273,42.433333,0.175278,review
914,30.466667,1273,42.433333,0.163464,review
915,30.5,1274,42.466667,0.151651,review
916,30.533333,1274,42.466667,0.139837,review
917,30.566667,1275,42.5,0.128024,review
918,30.6,1275,42.5,0.116211,review
919,30.633333,1276,42.533333,0.104397,review
920,30.666667,1276,42.533333,0.092584,review
921,30.7,1276,42.533333,0.080771,review
922,30.733333,1277,42.566667,0.068957,review
923,30.766667,1277,42.566667,0.057144,review
924,30.8,1278,42.6,0.045332,review
925,30.833333,1280,42.666667,0.067724,review
926,30.866667,1282,42.733333,0.090116,review
927,30.9,1284,42.8,0.112509,review
928,30.933333,1286,42.866667,0.134901,review
929,30.966667,1288,42.933333,0.157294,review
930,31.0,1290,43.0,0.179686,review
931,31.033333,1292,43.066667,0.149738,review
932,31.066667,1294,43.133333,0.119791,review
933,31.1,1296,43.2,0.089843,review
934,31.133333,1298,43.266667,0.059896,review
935,31.166667,1300,43.333333,0.029948,review
936,31.2,1302,43.4,1e-06,review
937,31.233333,1304,43.466667,0.012582,review
938,31.266667,1306,43.533333,0.025165,review
939,31.3,1308,43.6,0.037747,review
940,31.333333,1310,43.666667,0.05033,review
941,31.366667,1312,43.733333,0.062913,review
942,31.4,1314,43.8,0.075495,review
943,31.433333,1314,43.8,0.110825,review
944,31.466667,1315,43.833333,0.146155,review
945,31.5,1315,43.833333,0.181485,review
946,31.533333,1316,43.866667,0.216815,review
947,31.566667,1316,43.866667,0.252145,review
948,31.6,1317,43.9,0.287475,review
949,31.633333,1317,43.9,0.322805,review
950,31.666667,1318,43.933333,0.358135,matched
951,31.7,1319,43.966667,0.393465,matched
952,31.733333,1319,43.966667,0.428795,matched
953,31.766667,1320,44.0,0.464125,matched
954,31.8,1320,44.0,0.499454,matched
955,31.833333,1321,44.033333,0.500914,matched
956,31.866667,1321,44.033333,0.502374,matched
957,31.9,1322,44.066667,0.503834,matched
958,31.933333,1322,44.066667,0.505294,matched
959,31.966667,1323,44.1,0.506754,matched
960,32.0,1323,44.1,0.508214,matched
961,32.033333,1324,44.133333,0.509673,matched
962,32.066667,1324,44.133333,0.511133,matched
963,32.1,1325,44.166667,0.512593,matched
964,32.133333,1325,44.166667,0.514053,matched
965,32.166667,1326,44.2,0.515513,matched
966,32.2,1326,44.2,0.516973,matched
967,32.233333,1327,44.233333,0.52658,matched
968,32.266667,1327,44.233333,0.536188,matched
969,32.3,1328,44.266667,0.545795,matched
970,32.333333,1328,44.266667,0.555403,matched
971,32.366667,1329,44.3,0.565011,matched
972,32.4,1329,44.3,0.574618,matched
973,32.433333,1330,44.333333,0.584226,matched
974,32.466667,1330,44.333333,0.593833,matched
975,32.5,1331,44.366667,0.603441,matched
976,32.533333,1331,44.366667,0.613048,matched
977,32.566667,1332,44.4,0.622656,matched
978,32.6,1332,44.4,0.632262,matched
979,32.633333,1333,44.433333,0.614938,matched
980,32.666667,1333,44.433333,0.597614,matched
981,32.7,1334,44.466667,0.58029,matched
982,32.733333,1334,44.466667,0.562966,matched
983,32.766667,1335,44.5,0.545643,matched
984,32.8,1335,44.5,0.528319,matched
985,32.833333,1336,44.533333,0.510995,matched
986,32.866667,1336,44.533333,0.493671,matched
987,32.9,1336,44.533333,0.476347,matched
988,32.933333,1337,44.566667,0.459023,matched
989,32.966667,1337,44.566667,0.441699,matched
990,33.0,1338,44.6,0.424375,matched
991,33.033333,1338,44.6,0.433799,matched
992,33.066667,1339,44.633333,0.443224,matched
993,33.1,1339,44.633333,0.452648,matched
994,33.133333,1340,44.666667,0.462073,matched
995,33.166667,1340,44.666667,0.471497,matched
996,33.2,1341,44.7,0.480922,matched
997,33.233333,1341,44.7,0.490346,matched
998,33.266667,1342,44.733333,0.499771,matched
999,33.3,1342,44.733333,0.509195,matched
1000,33.333333,1343,44.766667,0.51862,matched
1001,33.366667,1343,44.766667,0.528044,matched
1002,33.4,1344,44.8,0.537469,matched
1003,33.433333,1344,44.8,0.521565,matched
1004,33.466667,1345,44.833333,0.505659,matched
1005,33.5,1345,44.833333,0.489754,matched
1006,33.533333,1346,44.866667,0.473849,matched
1007,33.566667,1346,44.866667,0.457944,matched
1008,33.6,1347,44.9,0.442039,matched
1009,33.633333,1347,44.9,0.426134,matched
1010,33.666667,1348,44.933333,0.410228,matched
1011,33.7,1348,44.933333,0.394323,matched
1012,33.733333,1349,44.966667,0.378418,matched
1013,33.766667,1350,45.0,0.362513,matched
1014,33.8,1350,45.0,0.346608,review
1015,33.833333,1351,45.033333,0.362181,matched
1016,33.866667,1351,45.033333,0.377754,matched
1017,33.9,1352,45.066667,0.393327,matched
1018,33.933333,1352,45.066667,0.4089,matched
1019,33.966667,1353,45.1,0.424473,matched
1020,34.0,1353,45.1,0.440047,matched
1021,34.033333,1354,45.133333,0.45562,matched
1022,34.066667,1354,45.133333,0.471193,matched
1023,34.1,1355,45.166667,0.486766,matched
1024,34.133333,1355,45.166667,0.502339,matched
1025,34.166667,1356,45.2,0.517912,matched
1026,34.2,1356,45.2,0.533485,matched
1027,34.233333,1357,45.233333,0.545999,matched
1028,34.266667,1357,45.233333,0.558513,matched
1029,34.3,1358,45.266667,0.571027,matched
1030,34.333333,1358,45.266667,0.583541,matched
1031,34.366667,1359,45.3,0.596055,matched
1032,34.4,1359,45.3,0.608569,matched
1033,34.433333,1360,45.333333,0.621083,matched
1034,34.466667,1360,45.333333,0.633597,matched
1035,34.5,1361,45.366667,0.646111,matched
1036,34.533333,1361,45.366667,0.658625,matched
1037,34.566667,1362,45.4,0.671139,matched
1038,34.6,1362,45.4,0.683651,matched
1039,34.633333,1363,45.433333,0.665212,matched
1040,34.666667,1363,45.433333,0.646774,matched
1041,34.7,1364,45.466667,0.628335,matched
1042,34.733333,1364,45.466667,0.609896,matched
1043,34.766667,1365,45.5,0.591458,matched
1044,34.8,1365,45.5,0.573019,matched
1045,34.833333,1366,45.533333,0.55458,matched
1046,34.866667,1366,45.533333,0.536142,matched
1047,34.9,1366,45.533333,0.517703,matched
1048,34.933333,1367,45.566667,0.499264,matched
1049,34.966667,1367,45.566667,0.480826,matched
1050,35.0,1368,45.6,0.462387,matched
1051,35.033333,1368,45.6,0.457895,matched
1052,35.066667,1369,45.633333,0.453402,matched
1053,35.1,1369,45.633333,0.44891,matched
1054,35.133333,1370,45.666667,0.444418,matched
1055,35.166667,1370,45.666667,0.439925,matched
1056,35.2,1371,45.7,0.435433,matched
1057,35.233333,1371,45.7,0.430941,matched
1058,35.266667,1372,45.733333,0.426448,matched
1059,35.3,1372,45.733333,0.421956,matched
1060,35.333333,1373,45.766667,0.417464,matched
1061,35.366667,1373,45.766667,0.412972,matched
1062,35.4,1374,45.8,0.408479,matched
1063,35.433333,1374,45.8,0.420406,matched
1064,35.466667,1375,45.833333,0.432334,matched
1065,35.5,1375,45.833333,0.444262,matched
1066,35.533333,1376,45.866667,0.45619,matched
1067,35.566667,1376,45.866667,0.468118,matched
1068,35.6,1377,45.9,0.480045,matched
1069,35.633333,1377,45.9,0.491973,matched
1070,35.666667,1378,45.933333,0.503901,matched
1071,35.7,1378,45.933333,0.515829,matched
1072,35.733333,1379,45.966667,0.527757,matched
1073,35.766667,1380,46.0,0.539684,matched
1074,35.8,1380,46.0,0.551612,matched
1075,35.833333,1381,46.033333,0.544705,matched
1076,35.866667,1381,46.033333,0.537798,matched
1077,35.9,1382,46.066667,0.530891,matched
1078,35.933333,1382,46.066667,0.523984,matched
1079,35.966667,1383,46.1,0.517077,matched
1080,36.0,1383,46.1,0.51017,matched
1081,36.033333,1384,46.133333,0.503263,matched
1082,36.066667,1384,46.133333,0.496356,matched
1083,36.1,1385,46.166667,0.489449,matched
1084,36.133333,1385,46.166667,0.482542,matched
1085,36.166667,1386,46.2,0.475635,matched
1086,36.2,1386,46.2,0.468728,matched
1087,36.233333,1388,46.266667,0.391265,matched
1088,36.266667,1390,46.333333,0.3138,review
1089,36.3,1392,46.4,0.236335,review
1090,36.333333,1394,46.466667,0.15887,review
1091,36.366667,1396,46.533333,0.081405,review
1092,36.4,1398,46.6,0.003941,review
1093,36.433333,1400,46.666667,0.003281,review
1094,36.466667,1402,46.733333,0.002625,review
1095,36.5,1404,46.8,0.001968,review
1096,36.533333,1406,46.866667,0.001312,review
1097,36.566667,1408,46.933333,0.000656,review
1098,36.6,1410,47.0,0.0,review
1099,36.633333,1412,47.066667,0.0,review
1100,36.666667,1414,47.133333,0.0,review
1101,36.7,1416,47.2,0.0,review
1102,36.733333,1418,47.266667,0.0,review
1103,36.766667,1420,47.333333,0.0,review
1104,36.8,1422,47.4,0.0,review
1105,36.833333,1424,47.466667,0.008146,review
1106,36.866667,1426,47.533333,0.016293,review
1107,36.9,1428,47.6,0.024439,review
1108,36.933333,1430,47.666667,0.032585,review
1109,36.966667,1432,47.733333,0.040732,review
1110,37.0,1434,47.8,0.048878,review
1111,37.033333,1436,47.866667,0.040732,review
1112,37.066667,1438,47.933333,0.032585,review
1113,37.1,1440,48.0,0.024439,review
1114,37.133333,1442,48.066667,0.016293,review
1115,37.166667,1444,48.133333,0.008146,review
1116,37.2,1446,48.2,0.0,review
1117,37.233333,1448,48.266667,0.0,review
1118,37.266667,1450,48.333333,0.0,review
1119,37.3,1452,48.4,0.0,review
1120,37.333333,1454,48.466667,0.0,review
1121,37.366667,1456,48.533333,0.0,review
1122,37.4,1458,48.6,0.0,review
1123,37.433333,1458,48.6,0.017736,review
1124,37.466667,1459,48.633333,0.035474,review
1125,37.5,1459,48.633333,0.053211,review
1126,37.533333,1460,48.666667,0.070948,review
1127,37.566667,1460,48.666667,0.088685,review
1128,37.6,1461,48.7,0.106422,review
1129,37.633333,1461,48.7,0.124159,review
1130,37.666667,1462,48.733333,0.141897,review
1131,37.7,1462,48.733333,0.159634,review
1132,37.733333,1463,48.766667,0.177371,review
1133,37.766667,1463,48.766667,0.195108,review
1134,37.8,1464,48.8,0.212845,review
1135,37.833333,1464,48.8,0.19528,review
1136,37.866667,1465,48.833333,0.177715,review
1137,37.9,1465,48.833333,0.16015,review
1138,37.933333,1466,48.866667,0.142585,review
1139,37.966667,1466,48.866667,0.12502,review
1140,38.0,1467,48.9,0.107455,review
1141,38.033333,1467,48.9,0.089891,review
1142,38.066667,1468,48.933333,0.072326,review
1143,38.1,1468,48.933333,0.054761,review
1144,38.133333,1469,48.966667,0.037196,review
1145,38.166667,1469,48.966667,0.019631,review
1146,38.2,1470,49.0,0.002066,review
1147,38.233333,1472,49.066667,0.012322,review
1148,38.266667,1474,49.133333,0.022578,review
1149,38.3,1476,49.2,0.032834,review
1150,38.333333,1478,49.266667,0.04309,review
1151,38.366667,1480,49.333333,0.053346,review
1152,38.4,1482,49.4,0.063603,review
1153,38.433333,1483,49.433333,0.078488,review
1154,38.466667,1483,49.433333,0.093374,review
1155,38.5,1484,49.466667,0.10826,review
1156,38.533333,1484,49.466667,0.123146,review
1157,38.566667,1484,49.466667,0.138032,review
1158,38.6,1485,49.5,0.152918,review
1159,38.633333,1485,49.5,0.167804,review
1160,38.666667,1486,49.533333,0.18269,review
1161,38.7,1486,49.533333,0.197576,review
1162,38.733333,1487,49.566667,0.212461,review
1163,38.766667,1487,49.566667,0.227347,review
1164,38.8,1488,49.6,0.242233,review
1165,38.833333,1488,49.6,0.249454,review
1166,38.866667,1489,49.633333,0.256675,review
1167,38.9,1489,49.633333,0.263896,review
1168,38.933333,1490,49.666667,0.271116,review
1169,38.966667,1490,49.666667,0.278337,review
1170,39.0,1491,49.7,0.285558,review
1171,39.033333,1491,49.7,0.292779,review
1172,39.066667,1492,49.733333,0.3,review
1173,39.1,1492,49.733333,0.30722,review
1174,39.133333,1493,49.766667,0.314441,review
1175,39.166667,1493,49.766667,0.321662,review
1176,39.2,1494,49.8,0.328883,review
1177,39.233333,1494,49.8,0.34493,review
1178,39.266667,1495,49.833333,0.360977,matched
1179,39.3,1495,49.833333,0.377024,matched
1180,39.333333,1496,49.866667,0.393072,matched
1181,39.366667,1496,49.866667,0.409119,matched
1182,39.4,1497,49.9,0.425166,matched
1183,39.433333,1497,49.9,0.441213,matched
1184,39.466667,1498,49.933333,0.457261,matched
1185,39.5,1499,49.966667,0.473308,matched
1186,39.533333,1499,49.966667,0.489355,matched
1187,39.566667,1500,50.0,0.505403,matched
1188,39.6,1500,50.0,0.521449,matched
1189,39.633333,1501,50.033333,0.527532,matched
1190,39.666667,1501,50.033333,0.533614,matched
1191,39.7,1502,50.066667,0.539696,matched
1192,39.733333,1502,50.066667,0.545779,matched
1193,39.766667,1503,50.1,0.551861,matched
1194,39.8,1503,50.1,0.557943,matched
1195,39.833333,1504,50.133333,0.564025,matched
1196,39.866667,1504,50.133333,0.570108,matched
1197,39.9,1505,50.166667,0.57619,matched
1198,39.933333,1505,50.166667,0.582272,matched
1199,39.966667,1506,50.2,0.588355,matched
1200,40.0,1506,50.2,0.594437,matched
1201,40.033333,1507,50.233333,0.600665,matched
1202,40.066667,1507,50.233333,0.606893,matched
1203,40.1,1508,50.266667,0.613121,matched
1204,40.133333,1508,50.266667,0.619349,matched
1205,40.166667,1509,50.3,0.625577,matched
1206,40.2,1509,50.3,0.631805,matched
1207,40.233333,1510,50.333333,0.638033,matched
1208,40.266667,1510,50.333333,0.644261,matched
1209,40.3,1511,50.366667,0.650489,matched
1210,40.333333,1511,50.366667,0.656717,matched
1211,40.366667,1512,50.4,0.662945,matched
1212,40.4,1512,50.4,0.669173,matched
1213,40.433333,1513,50.433333,0.649195,matched
1214,40.466667,1513,50.433333,0.629216,matched
1215,40.5,1514,50.466667,0.609236,matched
1216,40.533333,1514,50.466667,0.589257,matched
1217,40.566667,1514,50.466667,0.569278,matched
1218,40.6,1515,50.5,0.549299,matched
1219,40.633333,1515,50.5,0.52932,matched
1220,40.666667,1516,50.533333,0.50934,matched
1221,40.7,1516,50.533333,0.489361,matched
1222,40.733333,1517,50.566667,0.469382,matched
1223,40.766667,1517,50.566667,0.449403,matched
1224,40.8,1518,50.6,0.429424,matched
1225,40.833333,1518,50.6,0.440324,matched
1226,40.866667,1519,50.633333,0.451224,matched
1227,40.9,1519,50.633333,0.462124,matched
1228,40.933333,1520,50.666667,0.473023,matched
1229,40.966667,1520,50.666667,0.483923,matched
1230,41.0,1521,50.7,0.494823,matched
1231,41.033333,1521,50.7,0.505723,matched
1232,41.066667,1522,50.733333,0.516623,matched
1233,41.1,1522,50.733333,0.527522,matched
1234,41.133333,1523,50.766667,0.538422,matched
1235,41.166667,1523,50.766667,0.549322,matched
1236,41.2,1524,50.8,0.560222,matched
1237,41.233333,1525,50.833333,0.55972,matched
1238,41.266667,1526,50.866667,0.559217,matched
1239,41.3,1527,50.9,0.558715,matched
1240,41.333333,1528,50.933333,0.558213,matched
1241,41.366667,1529,50.966667,0.55771,matched
1242,41.4,1530,51.0,0.557208,matched
1243,41.433333,1530,51.0,0.538016,matched
1244,41.466667,1531,51.033333,0.518823,matched
1245,41.5,1531,51.033333,0.499631,matched
1246,41.533333,1532,51.066667,0.480438,matched
1247,41.566667,1533,51.1,0.461245,matched
1248,41.6,1533,51.1,0.442053,matched
1249,41.633333,1534,51.133333,0.42286,matched
1250,41.666667,1534,51.133333,0.403667,matched
1251,41.7,1535,51.166667,0.384475,matched
1252,41.733333,1535,51.166667,0.365282,matched
1253,41.766667,1536,51.2,0.346089,review
1254,41.8,1536,51.2,0.326898,review
1255,41.833333,1537,51.233333,0.353259,matched
1256,41.866667,1537,51.233333,0.37962,matched
1257,41.9,1538,51.266667,0.405982,matched
1258,41.933333,1538,51.266667,0.432343,matched
1259,41.966667,1539,51.3,0.458704,matched
1260,42.0,1539,51.3,0.485066,matched
1261,42.033333,1540,51.333333,0.511427,matched
1262,42.066667,1540,51.333333,0.537788,matched
1263,42.1,1541,51.366667,0.564149,matched
1264,42.133333,1541,51.366667,0.590511,matched
1265,42.166667,1542,51.4,0.616872,matched
1266,42.2,1542,51.4,0.643233,matched
1267,42.233333,1544,51.466667,0.606747,matched
1268,42.266667,1546,51.533333,0.57026,matched
1269,42.3,1548,51.6,0.533772,matched
1270,42.333333,1550,51.666667,0.497285,matched
1271,42.366667,1552,51.733333,0.460797,matched
1272,42.4,1554,51.8,0.42431,matched
1273,42.433333,1554,51.8,0.440235,matched
1274,42.466667,1555,51.833333,0.456162,matched
1275,42.5,1555,51.833333,0.472089,matched
1276,42.533333,1556,51.866667,0.488016,matched
1277,42.566667,1556,51.866667,0.503944,matched
1278,42.6,1557,51.9,0.519871,matched
1279,42.633333,1557,51.9,0.535798,matched
1280,42.666667,1558,51.933333,0.551725,matched
1281,42.7,1558,51.933333,0.567653,matched
1282,42.733333,1559,51.966667,0.58358,matched
1283,42.766667,1560,52.0,0.599507,matched
1284,42.8,1560,52.0,0.615434,matched
1285,42.833333,1561,52.033333,0.611624,matched
1286,42.866667,1561,52.033333,0.607815,matched
1287,42.9,1562,52.066667,0.604005,matched
1288,42.933333,1562,52.066667,0.600195,matched
1289,42.966667,1563,52.1,0.596386,matched
1290,43.0,1563,52.1,0.592576,matched
1291,43.033333,1564,52.133333,0.588766,matched
1292,43.066667,1564,52.133333,0.584957,matched
1293,43.1,1565,52.166667,0.581147,matched
1294,43.133333,1565,52.166667,0.577337,matched
1295,43.166667,1566,52.2,0.573528,matched
1296,43.2,1566,52.2,0.569718,matched
1297,43.233333,1567,52.233333,0.56435,matched
1298,43.266667,1567,52.233333,0.558983,matched
1299,43.3,1568,52.266667,0.553615,matched
1300,43.333333,1568,52.266667,0.548247,matched
1301,43.366667,1569,52.3,0.542879,matched
1302,43.4,1569,52.3,0.537511,matched
1303,43.433333,1570,52.333333,0.532144,matched
1304,43.466667,1570,52.333333,0.526776,matched
1305,43.5,1571,52.366667,0.521408,matched
1306,43.533333,1571,52.366667,0.51604,matched
1307,43.566667,1572,52.4,0.510673,matched
1308,43.6,1572,52.4,0.505305,matched
1309,43.633333,1573,52.433333,0.509459,matched
1310,43.666667,1573,52.433333,0.513612,matched
1311,43.7,1574,52.466667,0.517766,matched
1312,43.733333,1574,52.466667,0.52192,matched
1313,43.766667,1575,52.5,0.526073,matched
1314,43.8,1575,52.5,0.530227,matched
1315,43.833333,1576,52.533333,0.534381,matched
1316,43.866667,1576,52.533333,0.538534,matched
1317,43.9,1576,52.533333,0.542688,matched
1318,43.933333,1577,52.566667,0.546842,matched
1319,43.966667,1577,52.566667,0.550995,matched
1320,44.0,1578,52.6,0.555149,matched
1321,44.033333,1578,52.6,0.546435,matched
1322,44.066667,1579,52.633333,0.537721,matched
1323,44.1,1579,52.633333,0.529007,matched
1324,44.133333,1580,52.666667,0.520293,matched
1325,44.166667,1580,52.666667,0.511579,matched
1326,44.2,1581,52.7,0.502865,matched
1327,44.233333,1581,52.7,0.494151,matched
1328,44.266667,1582,52.733333,0.485437,matched
1329,44.3,1582,52.733333,0.476723,matched
1330,44.333333,1583,52.766667,0.468009,matched
1331,44.366667,1583,52.766667,0.459295,matched
1332,44.4,1584,52.8,0.450581,matched
1333,44.433333,1584,52.8,0.438793,matched
1334,44.466667,1585,52.833333,0.427004,matched
1335,44.5,1585,52.833333,0.415216,matched
1336,44.533333,1586,52.866667,0.403427,matched
1337,44.566667,1586,52.866667,0.391639,matched
1338,44.6,1587,52.9,0.37985,matched
1339,44.633333,1587,52.9,0.368062,matched
1340,44.666667,1588,52.933333,0.356273,matched
1341,44.7,1588,52.933333,0.344484,review
1342,44.733333,1589,52.966667,0.332696,review
1343,44.766667,1590,53.0,0.320907,review
1344,44.8,1590,53.0,0.309119,review
1345,44.833333,1592,53.066667,0.298104,review
1346,44.866667,1594,53.133333,0.287088,review
1347,44.9,1596,53.2,0.276073,review
1348,44.933333,1598,53.266667,0.265058,review
1349,44.966667,1600,53.333333,0.254043,review
1350,45.0,1602,53.4,0.243028,review
1351,45.033333,1604,53.466667,0.267249,review
1352,45.066667,1606,53.533333,0.291471,review
1353,45.1,1608,53.6,0.315692,review
1354,45.133333,1610,53.666667,0.339914,review
1355,45.166667,1612,53.733333,0.364135,matched
1356,45.2,1614,53.8,0.388356,matched
1357,45.233333,1616,53.866667,0.394947,matched
1358,45.266667,1618,53.933333,0.401536,matched
1359,45.3,1620,54.0,0.408126,matched
1360,45.333333,1622,54.066667,0.414716,matched
1361,45.366667,1624,54.133333,0.421306,matched
1362,45.4,1626,54.2,0.427896,matched
1363,45.433333,1627,54.233333,0.432697,matched
1364,45.466667,1627,54.233333,0.437498,matched
1365,45.5,1628,54.266667,0.4423,matched
1366,45.533333,1628,54.266667,0.447101,matched
1367,45.566667,1629,54.3,0.451902,matched
1368,45.6,1629,54.3,0.456703,matched
1369,45.633333,1630,54.333333,0.461505,matched
1370,45.666667,1630,54.333333,0.466306,matched
1371,45.7,1631,54.366667,0.471107,matched
1372,45.733333,1631,54.366667,0.475909,matched
1373,45.766667,1632,54.4,0.48071,matched
1374,45.8,1632,54.4,0.485511,matched
1375,45.833333,1633,54.433333,0.494131,matched
1376,45.866667,1633,54.433333,0.502751,matched
1377,45.9,1634,54.466667,0.511371,matched
1378,45.933333,1634,54.466667,0.519991,matched
1379,45.966667,1635,54.5,0.528611,matched
1380,46.0,1635,54.5,0.53723,matched
1381,46.033333,1635,54.5,0.54585,matched
1382,46.066667,1636,54.533333,0.55447,matched
1383,46.1,1636,54.533333,0.56309,matched
1384,46.133333,1637,54.566667,0.57171,matched
1385,46.166667,1637,54.566667,0.58033,matched
1386,46.2,1638,54.6,0.58895,matched
1387,46.233333,1638,54.6,0.594329,matched
1388,46.266667,1639,54.633333,0.599709,matched
1389,46.3,1639,54.633333,0.605088,matched
1390,46.333333,1640,54.666667,0.610468,matched
1391,46.366667,1640,54.666667,0.615848,matched
1392,46.4,1641,54.7,0.621227,matched
1393,46.433333,1641,54.7,0.626607,matched
1394,46.466667,1642,54.733333,0.631986,matched
1395,46.5,1642,54.733333,0.637366,matched
1396,46.533333,1643,54.766667,0.642745,matched
1397,46.566667,1643,54.766667,0.648125,matched
1398,46.6,1644,54.8,0.653503,matched
1399,46.633333,1646,54.866667,0.631462,matched
1400,46.666667,1648,54.933333,0.609422,matched
1401,46.7,1650,55.0,0.587381,matched
1402,46.733333,1652,55.066667,0.565341,matched
1403,46.766667,1654,55.133333,0.5433,matched
1404,46.8,1656,55.2,0.52126,matched
1405,46.833333,1658,55.266667,0.514947,matched
1406,46.866667,1660,55.333333,0.508634,matched
1407,46.9,1662,55.4,0.50232,matched
1408,46.933333,1664,55.466667,0.496007,matched
1409,46.966667,1666,55.533333,0.489694,matched
1410,47.0,1668,55.6,0.483381,matched
1411,47.033333,1668,55.6,0.501433,matched
1412,47.066667,1669,55.633333,0.519484,matched
1413,47.1,1669,55.633333,0.537536,matched
1414,47.133333,1670,55.666667,0.555587,matched
1415,47.166667,1670,55.666667,0.573639,matched
1416,47.2,1671,55.7,0.59169,matched
1417,47.233333,1671,55.7,0.609742,matched
1418,47.266667,1672,55.733333,0.627793,matched
1419,47.3,1672,55.733333,0.645845,matched
1420,47.333333,1673,55.766667,0.663896,matched
1421,47.366667,1673,55.766667,0.681948,matched
1422,47.4,1674,55.8,0.699999,matched
1423,47.433333,1674,55.8,0.692285,matched
1424,47.466667,1675,55.833333,0.684571,matched
1425,47.5,1675,55.833333,0.676856,matched
1426,47.533333,1676,55.866667,0.669141,matched
1427,47.566667,1676,55.866667,0.661426,matched
1428,47.6,1677,55.9,0.653711,matched
1429,47.633333,1677,55.9,0.645996,matched
1430,47.666667,1678,55.933333,0.638281,matched
1431,47.7,1678,55.933333,0.630566,matched
1432,47.733333,1679,55.966667,0.622852,matched
1433,47.766667,1680,56.0,0.615137,matched
1434,47.8,1680,56.0,0.607422,matched
1435,47.833333,1681,56.033333,0.601119,matched
1436,47.866667,1681,56.033333,0.594816,matched
1437,47.9,1682,56.066667,0.588513,matched
1438,47.933333,1682,56.066667,0.582211,matched
1439,47.966667,1683,56.1,0.575908,matched
1440,48.0,1683,56.1,0.569605,matched
1441,48.033333,1684,56.133333,0.563302,matched
1442,48.066667,1684,56.133333,0.556999,matched
1443,48.1,1685,56.166667,0.550697,matched
1444,48.133333,1685,56.166667,0.544394,matched
1445,48.166667,1686,56.2,0.538091,matched
1446,48.2,1686,56.2,0.531788,matched
1447,48.233333,1688,56.266667,0.559823,matched
1448,48.266667,1690,56.333333,0.587858,matched
1449,48.3,1692,56.4,0.615893,matched
1450,48.333333,1694,56.466667,0.643928,matched
1451,48.366667,1696,56.533333,0.671963,matched
1452,48.4,1698,56.6,0.699999,matched
1453,48.433333,1698,56.6,0.692717,matched
1454,48.466667,1699,56.633333,0.685435,matched
1455,48.5,1699,56.633333,0.678152,matched
1456,48.533333,1700,56.666667,0.670869,matched
1457,48.566667,1700,56.666667,0.663586,matched
1458,48.6,1701,56.7,0.656303,matched
1459,48.633333,1701,56.7,0.64902,matched
1460,48.666667,1702,56.733333,0.641737,matched
1461,48.7,1702,56.733333,0.634454,matched
1462,48.733333,1703,56.766667,0.627172,matched
1463,48.766667,1703,56.766667,0.619889,matched
1464,48.8,1704,56.8,0.612606,matched
1465,48.833333,1704,56.8,0.61399,matched
1466,48.866667,1705,56.833333,0.615374,matched
1467,48.9,1705,56.833333,0.616758,matched
1468,48.933333,1706,56.866667,0.618142,matched
1469,48.966667,1706,56.866667,0.619526,matched
1470,49.0,1707,56.9,0.62091,matched
1471,49.033333,1707,56.9,0.622294,matched
1472,49.066667,1708,56.933333,0.623678,matched
1473,49.1,1708,56.933333,0.625062,matched
1474,49.133333,1709,56.966667,0.626446,matched
1475,49.166667,1709,56.966667,0.62783,matched
1476,49.2,1710,57.0,0.629214,matched
1477,49.233333,1710,57.0,0.623554,matched
1478,49.266667,1711,57.033333,0.617894,matched
1479,49.3,1712,57.066667,0.612233,matched
1480,49.333333,1712,57.066667,0.606573,matched
1481,49.366667,1713,57.1,0.600913,matched
1482,49.4,1713,57.1,0.595252,matched
1483,49.433333,1714,57.133333,0.589592,matched
1484,49.466667,1714,57.133333,0.583932,matched
1485,49.5,1715,57.166667,0.578272,matched
1486,49.533333,1715,57.166667,0.572611,matched
1487,49.566667,1716,57.2,0.566951,matched
1488,49.6,1716,57.2,0.56129,matched
1489,49.633333,1717,57.233333,0.549892,matched
1490,49.666667,1717,57.233333,0.538494,matched
1491,49.7,1718,57.266667,0.527095,matched
1492,49.733333,1718,57.266667,0.515697,matched
1493,49.766667,1719,57.3,0.504299,matched
1494,49.8,1719,57.3,0.4929,matched
1495,49.833333,1720,57.333333,0.481502,matched
1496,49.866667,1720,57.333333,0.470103,matched
1497,49.9,1721,57.366667,0.458705,matched
1498,49.933333,1721,57.366667,0.447307,matched
1499,49.966667,1722,57.4,0.435908,matched
1500,50.0,1722,57.4,0.42451,matched
1501,50.033333,1723,57.433333,0.43181,matched
1502,50.066667,1723,57.433333,0.439109,matched
1503,50.1,1724,57.466667,0.446409,matched
1504,50.133333,1724,57.466667,0.453709,matched
1505,50.166667,1724,57.466667,0.461008,matched
1506,50.2,1725,57.5,0.468308,matched
1507,50.233333,1725,57.5,0.475607,matched
1508,50.266667,1726,57.533333,0.482907,matched
1509,50.3,1726,57.533333,0.490207,matched
1510,50.333333,1727,57.566667,0.497506,matched
1511,50.366667,1727,57.566667,0.504806,matched
1512,50.4,1728,57.6,0.512106,matched
1513,50.433333,1728,57.6,0.506325,matched
1514,50.466667,1729,57.633333,0.500545,matched
1515,50.5,1729,57.633333,0.494764,matched
1516,50.533333,1730,57.666667,0.488983,matched
1517,50.566667,1730,57.666667,0.483202,matched
1518,50.6,1731,57.7,0.477422,matched
1519,50.633333,1731,57.7,0.471641,matched
1520,50.666667,1732,57.733333,0.46586,matched
1521,50.7,1732,57.733333,0.460079,matched
1522,50.733333,1733,57.766667,0.454298,matched
1523,50.766667,1733,57.766667,0.448518,matched
1524,50.8,1734,57.8,0.442737,matched
1525,50.833333,1734,57.8,0.447605,matched
1526,50.866667,1735,57.833333,0.452474,matched
1527,50.9,1735,57.833333,0.457342,matched
1528,50.933333,1736,57.866667,0.46221,matched
1529,50.966667,1736,57.866667,0.467078,matched
1530,51.0,1737,57.9,0.471946,matched
1531,51.033333,1737,57.9,0.476815,matched
1532,51.066667,1738,57.933333,0.481683,matched
1533,51.1,1738,57.933333,0.486551,matched
1534,51.133333,1739,57.966667,0.491419,matched
1535,51.166667,1739,57.966667,0.496288,matched
1536,51.2,1740,58.0,0.501156,matched
1537,51.233333,1740,58.0,0.496709,matched
1538,51.266667,1741,58.033333,0.492262,matched
1539,51.3,1742,58.066667,0.487814,matched
1540,51.333333,1742,58.066667,0.483367,matched
1541,51.366667,1743,58.1,0.47892,matched
1542,51.4,1743,58.1,0.474472,matched
1543,51.433333,1744,58.133333,0.470025,matched
1544,51.466667,1744,58.133333,0.465578,matched
1545,51.5,1745,58.166667,0.461131,matched
1546,51.533333,1745,58.166667,0.456683,matched
1547,51.566667,1746,58.2,0.452236,matched
1548,51.6,1746,58.2,0.447789,matched
1549,51.633333,1747,58.233333,0.455553,matched
1550,51.666667,1747,58.233333,0.463316,matched
1551,51.7,1748,58.266667,0.471079,matched
1552,51.733333,1748,58.266667,0.478842,matched
1553,51.766667,1749,58.3,0.486605,matched
1554,51.8,1749,58.3,0.494369,matched
1555,51.833333,1750,58.333333,0.502132,matched
1556,51.866667,1750,58.333333,0.509895,matched
1557,51.9,1751,58.366667,0.517658,matched
1558,51.933333,1751,58.366667,0.525422,matched
1559,51.966667,1752,58.4,0.533185,matched
1560,52.0,1752,58.4,0.540948,matched
1561,52.033333,1753,58.433333,0.523941,matched
1562,52.066667,1753,58.433333,0.506934,matched
1563,52.1,1754,58.466667,0.489928,matched
1564,52.133333,1754,58.466667,0.472921,matched
1565,52.166667,1754,58.466667,0.455914,matched
1566,52.2,1755,58.5,0.438907,matched
1567,52.233333,1755,58.5,0.421901,matched
1568,52.266667,1756,58.533333,0.404894,matched
1569,52.3,1756,58.533333,0.387887,matched
1570,52.333333,1757,58.566667,0.37088,matched
1571,52.366667,1757,58.566667,0.353874,matched
1572,52.4,1758,58.6,0.336867,review
1573,52.433333,1760,58.666667,0.280723,review
1574,52.466667,1762,58.733333,0.224578,review
1575,52.5,1764,58.8,0.168433,review
1576,52.533333,1766,58.866667,0.112288,review
1577,52.566667,1768,58.933333,0.056143,review
1578,52.6,1770,59.0,1e-06,review
1579,52.633333,1772,59.066667,0.025503,review
1580,52.666667,1774,59.133333,0.051004,review
1581,52.7,1776,59.2,0.076506,review
1582,52.733333,1778,59.266667,0.102007,review
1583,52.766667,1780,59.333333,0.127509,review
1584,52.8,1782,59.4,0.15301,review
1585,52.833333,1784,59.466667,0.150088,review
1586,52.866667,1786,59.533333,0.147165,review
1587,52.9,1788,59.6,0.144243,review
1588,52.933333,1790,59.666667,0.141321,review
1589,52.966667,1792,59.733333,0.138398,review
1590,53.0,1794,59.8,0.135476,review
1591,53.033333,1796,59.866667,0.138054,review
1592,53.066667,1798,59.933333,0.140632,review
1593,53.1,1800,60.0,0.14321,review
1594,53.133333,1802,60.066667,0.145789,review
1595,53.166667,1804,60.133333,0.148367,review
1596,53.2,1806,60.2,0.150945,review
1597,53.233333,1808,60.266667,0.128197,review
1598,53.266667,1810,60.333333,0.105448,review
1599,53.3,1812,60.4,0.082699,review
1600,53.333333,1814,60.466667,0.059951,review
1601,53.366667,1816,60.533333,0.037202,review
1602,53.4,1818,60.6,0.014453,review
1603,53.433333,1820,60.666667,0.061334,review
1604,53.466667,1822,60.733333,0.108218,review
1605,53.5,1824,60.8,0.155102,review
1606,53.533333,1826,60.866667,0.201985,review
1607,53.566667,1828,60.933333,0.248869,review
1608,53.6,1830,61.0,0.29575,review
1609,53.633333,1832,61.066667,0.282094,review
1610,53.666667,1834,61.133333,0.268437,review
1611,53.7,1836,61.2,0.25478,review
1612,53.733333,1838,61.266667,0.241123,review
1613,53.766667,1840,61.333333,0.227466,review
1614,53.8,1842,61.4,0.21381,review
1615,53.833333,1844,61.466667,0.195105,review
1616,53.866667,1846,61.533333,0.1764,review
1617,53.9,1848,61.6,0.157696,review
1618,53.933333,1850,61.666667,0.138991,review
1619,53.966667,1852,61.733333,0.120287,review
1620,54.0,1854,61.8,0.101582,review
1621,54.033333,1856,61.866667,0.144532,review
1622,54.066667,1858,61.933333,0.187481,review
1623,54.1,1860,62.0,0.230431,review
1624,54.133333,1862,62.066667,0.273381,review
1625,54.166667,1864,62.133333,0.31633,review
1626,54.2,1866,62.2,0.35928,matched
1627,54.233333,1867,62.233333,0.386036,matched
1628,54.266667,1868,62.266667,0.412792,matched
1629,54.3,1869,62.3,0.439547,matched
1630,54.333333,1870,62.333333,0.466303,matched
1631,54.366667,1871,62.366667,0.493058,matched
1632,54.4,1872,62.4,0.519814,matched
1633,54.433333,1874,62.466667,0.497698,matched
1634,54.466667,1876,62.533333,0.47558,matched
1635,54.5,1878,62.6,0.453463,matched
1636,54.533333,1880,62.666667,0.431345,matched
1637,54.566667,1882,62.733333,0.409227,matched
1638,54.6,1884,62.8,0.38711,matched
1639,54.633333,1886,62.866667,0.378681,matched
1640,54.666667,1888,62.933333,0.370252,matched
1641,54.7,1890,63.0,0.361823,matched
1642,54.733333,1892,63.066667,0.353394,matched
1643,54.766667,1894,63.133333,0.344965,review
1644,54.8,1896,63.2,0.336536,review
1645,54.833333,1898,63.266667,0.347477,review
1646,54.866667,1900,63.333333,0.358418,matched
1647,54.9,1902,63.4,0.369359,matched
1648,54.933333,1904,63.466667,0.380299,matched
1649,54.966667,1906,63.533333,0.39124,matched
1650,55.0,1908,63.6,0.402181,matched
1651,55.033333,1908,63.6,0.40816,matched
1652,55.066667,1909,63.633333,0.41414,matched
1653,55.1,1909,63.633333,0.420119,matched
1654,55.133333,1910,63.666667,0.426099,matched
1655,55.166667,1910,63.666667,0.432078,matched
1656,55.2,1911,63.7,0.438057,matched
1657,55.233333,1911,63.7,0.444037,matched
1658,55.266667,1912,63.733333,0.450016,matched
1659,55.3,1912,63.733333,0.455996,matched
1660,55.333333,1913,63.766667,0.461975,matched
1661,55.366667,1913,63.766667,0.467954,matched
1662,55.4,1914,63.8,0.473934,matched
1663,55.433333,1916,63.866667,0.422404,matched
1664,55.466667,1918,63.933333,0.370872,matched
1665,55.5,1920,64.0,0.31934,review
1666,55.533333,1922,64.066667,0.267809,review
1667,55.566667,1924,64.133333,0.216277,review
1668,55.6,1926,64.2,0.164749,review
1669,55.633333,1928,64.266667,0.214786,review
1670,55.666667,1930,64.333333,0.264822,review
1671,55.7,1932,64.4,0.314859,review
1672,55.733333,1934,64.466667,0.364895,matched
1673,55.766667,1936,64.533333,0.414932,matched
1674,55.8,1938,64.6,0.464967,matched
1675,55.833333,1940,64.666667,0.44841,matched
1676,55.866667,1942,64.733333,0.431854,matched
1677,55.9,1944,64.8,0.415297,matched
1678,55.933333,1946,64.866667,0.398741,matched
1679,55.966667,1948,64.933333,0.382184,matched
1680,56.0,1950,65.0,0.365628,matched
1681,56.033333,1952,65.066667,0.30469,review
1682,56.066667,1954,65.133333,0.243752,review
1683,56.1,1956,65.2,0.182815,review
1684,56.133333,1958,65.266667,0.121877,review
1685,56.166667,1960,65.333333,0.060939,review
1686,56.2,1962,65.4,1e-06,review
1687,56.233333,1964,65.466667,0.023221,review
1688,56.266667,1966,65.533333,0.046442,review
1689,56.3,1968,65.6,0.069663,review
1690,56.333333,1970,65.666667,0.092884,review
1691,56.366667,1972,65.733333,0.116105,review
1692,56.4,1974,65.8,0.139326,review
1693,56.433333,1976,65.866667,0.182545,review
1694,56.466667,1978,65.933333,0.225764,review
1695,56.5,1980,66.0,0.268984,review
1696,56.533333,1982,66.066667,0.312204,review
1697,56.566667,1984,66.133333,0.355423,matched
1698,56.6,1986,66.2,0.398641,matched
1699,56.633333,1988,66.266667,0.407295,matched
1700,56.666667,1990,66.333333,0.415949,matched
1701,56.7,1992,66.4,0.424603,matched
1702,56.733333,1994,66.466667,0.433257,matched
1703,56.766667,1996,66.533333,0.441911,matched
1704,56.8,1998,66.6,0.450564,matched
1705,56.833333,2000,66.666667,0.419009,matched
1706,56.866667,2002,66.733333,0.387453,matched
1707,56.9,2004,66.8,0.355897,matched
1708,56.933333,2006,66.866667,0.324341,review
1709,56.966667,2008,66.933333,0.292786,review
1710,57.0,2010,67.0,0.26123,review
1711,57.033333,2012,67.066667,0.253161,review
1712,57.066667,2014,67.133333,0.245092,review
1713,57.1,2016,67.2,0.237023,review
1714,57.133333,2018,67.266667,0.228954,review
1715,57.166667,2020,67.333333,0.220885,review
1716,57.2,2022,67.4,0.212816,review
1717,57.233333,2024,67.466667,0.236042,review
1718,57.266667,2026,67.533333,0.259269,review
1719,57.3,2028,67.6,0.282496,review
1720,57.333333,2030,67.666667,0.305722,review
1721,57.366667,2032,67.733333,0.328949,review
1722,57.4,2034,67.8,0.352176,matched
1723,57.433333,2035,67.833333,0.343445,review
1724,57.466667,2035,67.833333,0.334713,review
1725,57.5,2036,67.866667,0.325981,review
1726,57.533333,2036,67.866667,0.317249,review
1727,57.566667,2037,67.9,0.308517,review
1728,57.6,2037,67.9,0.299785,review
1729,57.633333,2038,67.933333,0.291052,review
1730,57.666667,2038,67.933333,0.28232,review
1731,57.7,2039,67.966667,0.273588,review
1732,57.733333,2039,67.966667,0.264856,review
1733,57.766667,2040,68.0,0.256124,review
1734,57.8,2040,68.0,0.247392,review
1735,57.833333,2041,68.033333,0.252729,review
1736,57.866667,2041,68.033333,0.258065,review
1737,57.9,2041,68.033333,0.263402,review
1738,57.933333,2042,68.066667,0.268738,review
1739,57.966667,2042,68.066667,0.274075,review
1740,58.0,2043,68.1,0.279411,review
1741,58.033333,2043,68.1,0.284747,review
1742,58.066667,2044,68.133333,0.290084,review
1743,58.1,2044,68.133333,0.29542,review
1744,58.133333,2045,68.166667,0.300757,review
1745,58.166667,2045,68.166667,0.306093,review
1746,58.2,2046,68.2,0.31143,review
1747,58.233333,2048,68.266667,0.298489,review
1748,58.266667,2050,68.333333,0.285548,review
1749,58.3,2052,68.4,0.272607,review
1750,58.333333,2054,68.466667,0.259666,review
1751,58.366667,2056,68.533333,0.246725,review
1752,58.4,2058,68.6,0.233784,review
1753,58.433333,2058,68.6,0.260477,review
1754,58.466667,2059,68.633333,0.287173,review
1755,58.5,2059,68.633333,0.313868,review
1756,58.533333,2060,68.666667,0.340564,review
1757,58.566667,2061,68.7,0.36726,matched
1758,58.6,2061,68.7,0.393955,matched
1759,58.633333,2062,68.733333,0.420651,matched
1760,58.666667,2062,68.733333,0.447346,matched
1761,58.7,2063,68.766667,0.474042,matched
1762,58.733333,2063,68.766667,0.500737,matched
1763,58.766667,2064,68.8,0.527433,matched
1764,58.8,2064,68.8,0.554127,matched
1765,58.833333,2066,68.866667,0.492438,matched
1766,58.866667,2068,68.933333,0.43075,matched
1767,58.9,2070,69.0,0.369062,matched
1768,58.933333,2072,69.066667,0.307374,review
1769,58.966667,2074,69.133333,0.245686,review
1770,59.0,2076,69.2,0.183998,review
1771,59.033333,2078,69.266667,0.158763,review
1772,59.066667,2080,69.333333,0.133527,review
1773,59.1,2082,69.4,0.108292,review
1774,59.133333,2084,69.466667,0.083056,review
1775,59.166667,2086,69.533333,0.057821,review
1776,59.2,2088,69.6,0.032586,review
1777,59.233333,2090,69.666667,0.027154,review
1778,59.266667,2092,69.733333,0.021723,review
1779,59.3,2094,69.8,0.016293,review
1780,59.333333,2096,69.866667,0.010862,review
1781,59.366667,2098,69.933333,0.005431,review
1782,59.4,2100,70.0,0.0,review
1783,59.433333,2102,70.066667,0.016213,review
1784,59.466667,2104,70.133333,0.032426,review
1785,59.5,2106,70.2,0.048639,review
1786,59.533333,2108,70.266667,0.064853,review
1787,59.566667,2110,70.333333,0.081066,review
1788,59.6,2112,70.4,0.097279,review
1789,59.633333,2113,70.433333,0.098278,review
1790,59.666667,2113,70.433333,0.099277,review
1791,59.7,2114,70.466667,0.100276,review
1792,59.733333,2114,70.466667,0.101275,review
1793,59.766667,2115,70.5,0.102274,review
1794,59.8,2115,70.5,0.103274,review
1795,59.833333,2116,70.533333,0.104273,review
1796,59.866667,2116,70.533333,0.105272,review
1797,59.9,2116,70.533333,0.106271,review
1798,59.933333,2117,70.566667,0.10727,review
1799,59.966667,2117,70.566667,0.108269,review
1800,60.0,2118,70.6,0.109268,review
1801,60.033333,2120,70.666667,0.093938,review
1802,60.066667,2122,70.733333,0.078607,review
1803,60.1,2124,70.8,0.063277,review
1804,60.133333,2126,70.866667,0.047946,review
1805,60.166667,2128,70.933333,0.032616,review
1806,60.2,2130,71.0,0.017285,review
1807,60.233333,2132,71.066667,0.014404,review
1808,60.266667,2134,71.133333,0.011523,review
1809,60.3,2136,71.2,0.008643,review
1810,60.333333,2138,71.266667,0.005762,review
1811,60.366667,2140,71.333333,0.002881,review
1812,60.4,2142,71.4,0.0,review
1813,60.433333,2144,71.466667,0.0,review
1814,60.466667,2146,71.533333,0.0,review
1815,60.5,2148,71.6,0.0,review
1816,60.533333,2150,71.666667,0.0,review
1817,60.566667,2152,71.733333,0.0,review
1818,60.6,2154,71.8,2e-06,review
1819,60.633333,2155,71.833333,0.037008,review
1820,60.666667,2155,71.833333,0.074013,review
1821,60.7,2156,71.866667,0.111019,review
1822,60.733333,2156,71.866667,0.148025,review
1823,60.766667,2157,71.9,0.185031,review
1824,60.8,2157,71.9,0.222037,review
1825,60.833333,2158,71.933333,0.259043,review
1826,60.866667,2158,71.933333,0.296049,review
1827,60.9,2159,71.966667,0.333054,review
1828,60.933333,2159,71.966667,0.37006,matched
1829,60.966667,2160,72.0,0.407066,matched
1830,61.0,2160,72.0,0.444072,matched
1831,61.033333,2162,72.066667,0.37006,matched
1832,61.066667,2164,72.133333,0.296049,review
1833,61.1,2166,72.2,0.222037,review
1834,61.133333,2168,72.266667,0.148025,review
1835,61.166667,2170,72.333333,0.074013,review
1836,61.2,2172,72.4,2e-06,review
1837,61.233333,2174,72.466667,0.035092,review
1838,61.266667,2176,72.533333,0.070185,review
1839,61.3,2178,72.6,0.105278,review
1840,61.333333,2180,72.666667,0.140371,review
1841,61.366667,2182,72.733333,0.175464,review
1842,61.4,2184,72.8,0.210556,review
1843,61.433333,2186,72.866667,0.176741,review
1844,61.466667,2188,72.933333,0.142922,review
1845,61.5,2190,73.0,0.109103,review
1846,61.533333,2192,73.066667,0.075284,review
1847,61.566667,2194,73.133333,0.041465,review
1848,61.6,2196,73.2,0.007648,review
1849,61.633333,2198,73.266667,0.006373,review
1850,61.666667,2200,73.333333,0.005099,review
1851,61.7,2202,73.4,0.003824,review
1852,61.733333,2204,73.466667,0.002549,review
1853,61.766667,2206,73.533333,0.001275,review
1854,61.8,2208,73.6,1e-06,review
1855,61.833333,2210,73.666667,0.054314,review
1856,61.866667,2212,73.733333,0.108627,review
1857,61.9,2214,73.8,0.16294,review
1858,61.933333,2216,73.866667,0.217252,review
1859,61.966667,2218,73.933333,0.271565,review
1860,62.0,2220,74.0,0.325878,review
1861,62.033333,2222,74.066667,0.282634,review
1862,62.066667,2224,74.133333,0.23939,review
1863,62.1,2226,74.2,0.196146,review
1864,62.133333,2228,74.266667,0.152903,review
1865,62.166667,2230,74.333333,0.109659,review
1866,62.2,2232,74.4,0.066415,review
1867,62.233333,2234,74.466667,0.105292,review
1868,62.266667,2236,74.533333,0.14417,review
1869,62.3,2238,74.6,0.183049,review
1870,62.333333,2240,74.666667,0.221927,review
1871,62.366667,2242,74.733333,0.260806,review
1872,62.4,2244,74.8,0.299684,review
1873,62.433333,2245,74.833333,0.288323,review
1874,62.466667,2245,74.833333,0.276959,review
1875,62.5,2246,74.866667,0.265595,review
1876,62.533333,2246,74.866667,0.254231,review
1877,62.566667,2247,74.9,0.242867,review
1878,62.6,2247,74.9,0.231503,review
1879,62.633333,2248,74.933333,0.220139,review
1880,62.666667,2248,74.933333,0.208775,review
1881,62.7,2249,74.966667,0.197411,review
1882,62.733333,2249,74.966667,0.186047,review
1883,62.766667,2250,75.0,0.174683,review
1884,62.8,2250,75.0,0.163319,review
1885,62.833333,2251,75.033333,0.153182,review
1886,62.866667,2251,75.033333,0.143045,review
1887,62.9,2251,75.033333,0.132908,review
1888,62.933333,2252,75.066667,0.122771,review
1889,62.966667,2252,75.066667,0.112634,review
1890,63.0,2253,75.1,0.102498,review
1891,63.033333,2253,75.1,0.092361,review
1892,63.066667,2254,75.133333,0.082224,review
1893,63.1,2254,75.133333,0.072087,review
1894,63.133333,2255,75.166667,0.06195,review
1895,63.166667,2255,75.166667,0.051813,review
1896,63.2,2256,75.2,0.041676,review
1897,63.233333,2256,75.2,0.040257,review
1898,63.266667,2257,75.233333,0.038838,review
1899,63.3,2257,75.233333,0.037419,review
1900,63.333333,2258,75.266667,0.036,review
1901,63.366667,2258,75.266667,0.034581,review
1902,63.4,2259,75.3,0.033162,review
1903,63.433333,2259,75.3,0.031744,review
1904,63.466667,2260,75.333333,0.030325,review
1905,63.5,2261,75.366667,0.028906,review
1906,63.533333,2261,75.366667,0.027487,review
1907,63.566667,2262,75.4,0.026068,review
1908,63.6,2262,75.4,0.02465,review
1909,63.633333,2264,75.466667,0.05109,review
1910,63.666667,2266,75.533333,0.077529,review
1911,63.7,2268,75.6,0.103968,review
1912,63.733333,2270,75.666667,0.130408,review
1913,63.766667,2272,75.733333,0.156847,review
1914,63.8,2274,75.8,0.183286,review
1915,63.833333,2275,75.833333,0.189677,review
1916,63.866667,2275,75.833333,0.196067,review
1917,63.9,2276,75.866667,0.202457,review
1918,63.933333,2276,75.866667,0.208848,review
1919,63.966667,2277,75.9,0.215238,review
1920,64.0,2277,75.9,0.221628,review
1921,64.033333,2278,75.933333,0.228019,review
1922,64.066667,2278,75.933333,0.234409,review
1923,64.1,2279,75.966667,0.240799,review
1924,64.133333,2279,75.966667,0.24719,review
1925,64.166667,2280,76.0,0.25358,review
1926,64.2,2280,76.0,0.259969,review
1927,64.233333,2282,76.066667,0.249855,review
1928,64.266667,2284,76.133333,0.239741,review
1929,64.3,2286,76.2,0.229627,review
1930,64.333333,2288,76.266667,0.219513,review
1931,64.366667,2290,76.333333,0.209399,review
1932,64.4,2292,76.4,0.199285,review
1933,64.433333,2293,76.433333,0.203314,review
1934,64.466667,2293,76.433333,0.207344,review
1935,64.5,2293,76.433333,0.211373,review
1936,64.533333,2294,76.466667,0.215403,review
1937,64.566667,2294,76.466667,0.219432,review
1938,64.6,2295,76.5,0.223462,review
1939,64.633333,2295,76.5,0.227491,review
1940,64.666667,2296,76.533333,0.231521,review
1941,64.7,2296,76.533333,0.23555,review
1942,64.733333,2297,76.566667,0.23958,review
1943,64.766667,2297,76.566667,0.243609,review
1944,64.8,2298,76.6,0.247639,review
1945,64.833333,2298,76.6,0.258405,review
1946,64.866667,2299,76.633333,0.269172,review
1947,64.9,2299,76.633333,0.279939,review
1948,64.933333,2300,76.666667,0.290705,review
1949,64.966667,2301,76.7,0.301472,review
1950,65.0,2301,76.7,0.312239,review
1951,65.033333,2302,76.733333,0.323006,review
1952,65.066667,2302,76.733333,0.333773,review
1953,65.1,2303,76.766667,0.34454,review
1954,65.133333,2303,76.766667,0.355306,matched
1955,65.166667,2304,76.8,0.366073,matched
1956,65.2,2304,76.8,0.376839,matched
1957,65.233333,2305,76.833333,0.377038,matched
1958,65.266667,2305,76.833333,0.377237,matched
1959,65.3,2306,76.866667,0.377435,matched
1960,65.333333,2306,76.866667,0.377634,matched
1961,65.366667,2307,76.9,0.377833,matched
1962,65.4,2307,76.9,0.378032,matched
1963,65.433333,2308,76.933333,0.37823,matched
1964,65.466667,2308,76.933333,0.378429,matched
1965,65.5,2309,76.966667,0.378628,matched
1966,65.533333,2309,76.966667,0.378827,matched
1967,65.566667,2310,77.0,0.379025,matched
1968,65.6,2310,77.0,0.379225,matched
1969,65.633333,2311,77.033333,0.390189,matched
1970,65.666667,2311,77.033333,0.401153,matched
1971,65.7,2311,77.033333,0.412117,matched
1972,65.733333,2312,77.066667,0.423082,matched
1973,65.766667,2312,77.066667,0.434046,matched
1974,65.8,2313,77.1,0.44501,matched
1975,65.833333,2313,77.1,0.455975,matched
1976,65.866667,2314,77.133333,0.466939,matched
1977,65.9,2314,77.133333,0.477903,matched
1978,65.933333,2315,77.166667,0.488867,matched
1979,65.966667,2315,77.166667,0.499832,matched
1980,66.0,2316,77.2,0.510796,matched
1981,66.033333,2316,77.2,0.50817,matched
1982,66.066667,2317,77.233333,0.505544,matched
1983,66.1,2317,77.233333,0.502918,matched
1984,66.133333,2318,77.266667,0.500292,matched
1985,66.166667,2318,77.266667,0.497666,matched
1986,66.2,2319,77.3,0.495041,matched
1987,66.233333,2319,77.3,0.492415,matched
1988,66.266667,2320,77.333333,0.489789,matched
1989,66.3,2320,77.333333,0.487163,matched
1990,66.333333,2321,77.366667,0.484537,matched
1991,66.366667,2322,77.4,0.481911,matched
1992,66.4,2322,77.4,0.479285,matched
1993,66.433333,2323,77.433333,0.488375,matched
1994,66.466667,2323,77.433333,0.497466,matched
1995,66.5,2323,77.433333,0.506556,matched
1996,66.533333,2324,77.466667,0.515646,matched
1997,66.566667,2324,77.466667,0.524737,matched
1998,66.6,2325,77.5,0.533827,matched
1999,66.633333,2325,77.5,0.542918,matched
2000,66.666667,2326,77.533333,0.552008,matched
2001,66.7,2326,77.533333,0.561099,matched
2002,66.733333,2327,77.566667,0.570189,matched
2003,66.766667,2327,77.566667,0.57928,matched
2004,66.8,2328,77.6,0.58837,matched
2005,66.833333,2328,77.6,0.59535,matched
2006,66.866667,2329,77.633333,0.60233,matched
2007,66.9,2329,77.633333,0.609309,matched
2008,66.933333,2330,77.666667,0.616289,matched
2009,66.966667,2331,77.7,0.623269,matched
2010,67.0,2331,77.7,0.630248,matched
2011,67.033333,2332,77.733333,0.637228,matched
2012,67.066667,2332,77.733333,0.644208,matched
2013,67.1,2333,77.766667,0.651188,matched
2014,67.133333,2333,77.766667,0.658167,matched
2015,67.166667,2334,77.8,0.665147,matched
2016,67.2,2334,77.8,0.672126,matched
2017,67.233333,2335,77.833333,0.671405,matched
2018,67.266667,2335,77.833333,0.670683,matched
2019,67.3,2336,77.866667,0.669962,matched
2020,67.333333,2336,77.866667,0.66924,matched
2021,67.366667,2337,77.9,0.668519,matched
2022,67.4,2337,77.9,0.667797,matched
2023,67.433333,2338,77.933333,0.667076,matched
2024,67.466667,2338,77.933333,0.666355,matched
2025,67.5,2339,77.966667,0.665633,matched
2026,67.533333,2339,77.966667,0.664912,matched
2027,67.566667,2340,78.0,0.66419,matched
2028,67.6,2340,78.0,0.663469,matched
2029,67.633333,2341,78.033333,0.666513,matched
2030,67.666667,2341,78.033333,0.669558,matched
2031,67.7,2341,78.033333,0.672602,matched
2032,67.733333,2342,78.066667,0.675646,matched
2033,67.766667,2342,78.066667,0.67869,matched
2034,67.8,2343,78.1,0.681735,matched
2035,67.833333,2343,78.1,0.684779,matched
2036,67.866667,2344,78.133333,0.687823,matched
2037,67.9,2344,78.133333,0.690867,matched
2038,67.933333,2345,78.166667,0.693912,matched
2039,67.966667,2345,78.166667,0.696956,matched
2040,68.0,2346,78.2,0.7,matched
2041,68.033333,2346,78.2,0.7,matched
2042,68.066667,2347,78.233333,0.7,matched
2043,68.1,2347,78.233333,0.7,matched
2044,68.133333,2348,78.266667,0.7,matched
2045,68.166667,2348,78.266667,0.7,matched
2046,68.2,2349,78.3,0.7,matched
2047,68.233333,2349,78.3,0.7,matched
2048,68.266667,2350,78.333333,0.7,matched
2049,68.3,2350,78.333333,0.7,matched
2050,68.333333,2351,78.366667,0.7,matched
2051,68.366667,2352,78.4,0.7,matched
2052,68.4,2352,78.4,0.7,matched
2053,68.433333,2353,78.433333,0.7,matched
2054,68.466667,2353,78.433333,0.7,matched
2055,68.5,2353,78.433333,0.7,matched
2056,68.533333,2354,78.466667,0.7,matched
2057,68.566667,2354,78.466667,0.7,matched
2058,68.6,2355,78.5,0.7,matched
2059,68.633333,2355,78.5,0.7,matched
2060,68.666667,2356,78.533333,0.7,matched
2061,68.7,2356,78.533333,0.7,matched
2062,68.733333,2357,78.566667,0.7,matched
2063,68.766667,2357,78.566667,0.7,matched
2064,68.8,2358,78.6,0.7,matched
2065,68.833333,2358,78.6,0.7,matched
2066,68.866667,2359,78.633333,0.7,matched
2067,68.9,2359,78.633333,0.7,matched
2068,68.933333,2360,78.666667,0.7,matched
2069,68.966667,2361,78.7,0.7,matched
2070,69.0,2361,78.7,0.7,matched
2071,69.033333,2362,78.733333,0.7,matched
2072,69.066667,2362,78.733333,0.7,matched
2073,69.1,2363,78.766667,0.7,matched
2074,69.133333,2363,78.766667,0.7,matched
2075,69.166667,2364,78.8,0.7,matched
2076,69.2,2364,78.8,0.7,matched
2077,69.233333,2365,78.833333,0.700347,matched
2078,69.266667,2365,78.833333,0.700694,matched
2079,69.3,2366,78.866667,0.701041,matched
2080,69.333333,2366,78.866667,0.701388,matched
2081,69.366667,2367,78.9,0.701735,matched
2082,69.4,2367,78.9,0.702083,matched
2083,69.433333,2368,78.933333,0.70243,matched
2084,69.466667,2368,78.933333,0.702777,matched
2085,69.5,2369,78.966667,0.703124,matched
2086,69.533333,2369,78.966667,0.703471,matched
2087,69.566667,2370,79.0,0.703818,matched
2088,69.6,2370,79.0,0.704165,matched
2089,69.633333,2371,79.033333,0.703818,matched
2090,69.666667,2371,79.033333,0.703471,matched
2091,69.7,2371,79.033333,0.703124,matched
2092,69.733333,2372,79.066667,0.702777,matched
2093,69.766667,2372,79.066667,0.70243,matched
2094,69.8,2373,79.1,0.702082,matched
2095,69.833333,2373,79.1,0.701735,matched
2096,69.866667,2374,79.133333,0.701388,matched
2097,69.9,2374,79.133333,0.701041,matched
2098,69.933333,2375,79.166667,0.700694,matched
2099,69.966667,2375,79.166667,0.700347,matched
2100,70.0,2376,79.2,0.7,matched
2101,70.033333,2376,79.2,0.7,matched
2102,70.066667,2377,79.233333,0.7,matched
2103,70.1,2377,79.233333,0.7,matched
2104,70.133333,2378,79.266667,0.7,matched
2105,70.166667,2378,79.266667,0.7,matched
2106,70.2,2379,79.3,0.7,matched
2107,70.233333,2379,79.3,0.7,matched
2108,70.266667,2380,79.333333,0.7,matched
2109,70.3,2380,79.333333,0.7,matched
2110,70.333333,2381,79.366667,0.7,matched
2111,70.366667,2382,79.4,0.7,matched
2112,70.4,2382,79.4,0.7,matched
2113,70.433333,2383,79.433333,0.7,matched
2114,70.466667,2383,79.433333,0.7,matched
2115,70.5,2383,79.433333,0.7,matched
2116,70.533333,2384,79.466667,0.7,matched
2117,70.566667,2384,79.466667,0.7,matched
2118,70.6,2385,79.5,0.7,matched
2119,70.633333,2385,79.5,0.7,matched
2120,70.666667,2386,79.533333,0.7,matched
2121,70.7,2386,79.533333,0.7,matched
2122,70.733333,2387,79.566667,0.7,matched
2123,70.766667,2387,79.566667,0.7,matched
2124,70.8,2388,79.6,0.7,matched
2125,70.833333,2388,79.6,0.699271,matched
2126,70.866667,2389,79.633333,0.698543,matched
2127,70.9,2389,79.633333,0.697814,matched
2128,70.933333,2390,79.666667,0.697085,matched
2129,70.966667,2391,79.7,0.696356,matched
2130,71.0,2391,79.7,0.695627,matched
2131,71.033333,2392,79.733333,0.694899,matched
2132,71.066667,2392,79.733333,0.69417,matched
2133,71.1,2393,79.766667,0.693441,matched
2134,71.133333,2393,79.766667,0.692712,matched
2135,71.166667,2394,79.8,0.691984,matched
2136,71.2,2394,79.8,0.691253,matched
2137,71.233333,2395,79.833333,0.673413,matched
2138,71.266667,2395,79.833333,0.655573,matched
2139,71.3,2396,79.866667,0.637733,matched
2140,71.333333,2396,79.866667,0.619893,matched
2141,71.366667,2397,79.9,0.602052,matched
2142,71.4,2397,79.9,0.584212,matched
2143,71.433333,2398,79.933333,0.566372,matched
2144,71.466667,2398,79.933333,0.548532,matched
2145,71.5,2399,79.966667,0.530692,matched
2146,71.533333,2399,79.966667,0.512852,matched
2147,71.566667,2400,80.0,0.495011,matched
2148,71.6,2400,80.0,0.477172,matched
2149,71.633333,2401,80.033333,0.475043,matched
2150,71.666667,2401,80.033333,0.472915,matched
2151,71.7,2401,80.033333,0.470786,matched
2152,71.733333,2402,80.066667,0.468658,matched
2153,71.766667,2402,80.066667,0.466529,matched
2154,71.8,2403,80.1,0.464401,matched
2155,71.833333,2403,80.1,0.462272,matched
2156,71.866667,2404,80.133333,0.460144,matched
2157,71.9,2404,80.133333,0.458015,matched
2158,71.933333,2405,80.166667,0.455887,matched
2159,71.966667,2405,80.166667,0.453758,matched
2160,72.0,2406,80.2,0.45163,matched
2161,72.033333,2406,80.2,0.460129,matched
2162,72.066667,2407,80.233333,0.468628,matched
2163,72.1,2407,80.233333,0.477127,matched
2164,72.133333,2408,80.266667,0.485626,matched
2165,72.166667,2408,80.266667,0.494125,matched
2166,72.2,2409,80.3,0.502624,matched
2167,72.233333,2409,80.3,0.511123,matched
2168,72.266667,2410,80.333333,0.519622,matched
2169,72.3,2410,80.333333,0.528121,matched
2170,72.333333,2411,80.366667,0.53662,matched
2171,72.366667,2412,80.4,0.545119,matched
2172,72.4,2412,80.4,0.553618,matched
2173,72.433333,2414,80.466667,0.56816,matched
2174,72.466667,2416,80.533333,0.582703,matched
2175,72.5,2418,80.6,0.597246,matched
2176,72.533333,2420,80.666667,0.611788,matched
2177,72.566667,2422,80.733333,0.626331,matched
2178,72.6,2424,80.8,0.640872,matched
2179,72.633333,2426,80.866667,0.616658,matched
2180,72.666667,2428,80.933333,0.592445,matched
2181,72.7,2430,81.0,0.568231,matched
2182,72.733333,2432,81.066667,0.544017,matched
2183,72.766667,2434,81.133333,0.519804,matched
2184,72.8,2436,81.2,0.49559,matched
2185,72.833333,2438,81.266667,0.48159,matched
2186,72.866667,2440,81.333333,0.467591,matched
2187,72.9,2442,81.4,0.453592,matched
2188,72.933333,2444,81.466667,0.439592,matched
2189,72.966667,2446,81.533333,0.425593,matched
2190,73.0,2448,81.6,0.411594,matched
2191,73.033333,2450,81.666667,0.388143,matched
2192,73.066667,2452,81.733333,0.364693,matched
2193,73.1,2454,81.8,0.341242,review
2194,73.133333,2456,81.866667,0.317792,review
2195,73.166667,2458,81.933333,0.294341,review
2196,73.2,2460,82.0,0.270895,review
2197,73.233333,2462,82.066667,0.293428,review
2198,73.266667,2464,82.133333,0.315961,review
2199,73.3,2466,82.2,0.338494,review
2200,73.333333,2468,82.266667,0.361026,matched
2201,73.366667,2470,82.333333,0.383559,matched
2202,73.4,2472,82.4,0.406092,matched
2203,73.433333,2474,82.466667,0.384907,matched
2204,73.466667,2476,82.533333,0.36372,matched
2205,73.5,2478,82.6,0.342533,review
2206,73.533333,2480,82.666667,0.321347,review
2207,73.566667,2482,82.733333,0.30016,review
2208,73.6,2484,82.8,0.278974,review
2209,73.633333,2486,82.866667,0.276576,review
2210,73.666667,2488,82.933333,0.274179,review
2211,73.7,2490,83.0,0.271782,review
2212,73.733333,2492,83.066667,0.269384,review
2213,73.766667,2494,83.133333,0.266987,review
2214,73.8,2496,83.2,0.264589,review
2215,73.833333,2498,83.266667,0.265537,review
2216,73.866667,2500,83.333333,0.266485,review
2217,73.9,2502,83.4,0.267433,review
2218,73.933333,2504,83.466667,0.268382,review
2219,73.966667,2506,83.533333,0.26933,review
2220,74.0,2508,83.6,0.270278,review
2221,74.033333,2510,83.666667,0.326766,review
2222,74.066667,2512,83.733333,0.383255,matched
2223,74.1,2514,83.8,0.439743,matched
2224,74.133333,2516,83.866667,0.496231,matched
2225,74.166667,2518,83.933333,0.55272,matched
2226,74.2,2520,84.0,0.6092,matched
2227,74.233333,2522,84.066667,0.57646,matched
2228,74.266667,2524,84.133333,0.543719,matched
2229,74.3,2526,84.2,0.510979,matched
2230,74.333333,2528,84.266667,0.478238,matched
2231,74.366667,2530,84.333333,0.445498,matched
2232,74.4,2532,84.4,0.412757,matched
2233,74.433333,2534,84.466667,0.389486,matched
2234,74.466667,2536,84.533333,0.366214,matched
2235,74.5,2538,84.6,0.342942,review
2236,74.533333,2540,84.666667,0.319671,review
2237,74.566667,2542,84.733333,0.296399,review
2238,74.6,2544,84.8,0.27313,review
2239,74.633333,2546,84.866667,0.285088,review
2240,74.666667,2548,84.933333,0.297046,review
2241,74.7,2550,85.0,0.309004,review
2242,74.733333,2552,85.066667,0.320962,review
2243,74.766667,2554,85.133333,0.332921,review
2244,74.8,2556,85.2,0.344879,review
2245,74.833333,2556,85.2,0.358875,matched
2246,74.866667,2557,85.233333,0.372871,matched
2247,74.9,2557,85.233333,0.386867,matched
2248,74.933333,2558,85.266667,0.400864,matched
2249,74.966667,2558,85.266667,0.41486,matched
2250,75.0,2559,85.3,0.428856,matched
2251,75.033333,2559,85.3,0.442852,matched
2252,75.066667,2560,85.333333,0.456848,matched
2253,75.1,2561,85.366667,0.470845,matched
2254,75.133333,2561,85.366667,0.484841,matched
2255,75.166667,2562,85.4,0.498837,matched
2256,75.2,2562,85.4,0.512832,matched
2257,75.233333,2564,85.466667,0.514898,matched
2258,75.266667,2566,85.533333,0.516964,matched
2259,75.3,2568,85.6,0.51903,matched
2260,75.333333,2570,85.666667,0.521096,matched
2261,75.366667,2572,85.733333,0.523162,matched
2262,75.4,2574,85.8,0.525228,matched
2263,75.433333,2576,85.866667,0.528142,matched
2264,75.466667,2578,85.933333,0.531057,matched
2265,75.5,2580,86.0,0.533971,matched
2266,75.533333,2582,86.066667,0.536885,matched
2267,75.566667,2584,86.133333,0.5398,matched
2268,75.6,2586,86.2,0.542715,matched
2269,75.633333,2588,86.266667,0.556371,matched
2270,75.666667,2590,86.333333,0.570027,matched
2271,75.7,2592,86.4,0.583683,matched
2272,75.733333,2594,86.466667,0.597339,matched
2273,75.766667,2596,86.533333,0.610996,matched
2274,75.8,2598,86.6,0.624652,matched
2275,75.833333,2598,86.6,0.612902,matched
2276,75.866667,2599,86.633333,0.60115,matched
2277,75.9,2599,86.633333,0.589398,matched
2278,75.933333,2600,86.666667,0.577646,matched
2279,75.966667,2601,86.7,0.565894,matched
2280,76.0,2601,86.7,0.554142,matched
2281,76.033333,2602,86.733333,0.542391,matched
2282,76.066667,2602,86.733333,0.530639,matched
2283,76.1,2603,86.766667,0.518887,matched
2284,76.133333,2603,86.766667,0.507135,matched
2285,76.166667,2604,86.8,0.495383,matched
2286,76.2,2604,86.8,0.483633,matched
2287,76.233333,2606,86.866667,0.4962,matched
2288,76.266667,2608,86.933333,0.508766,matched
2289,76.3,2610,87.0,0.521332,matched
2290,76.333333,2612,87.066667,0.533899,matched
2291,76.366667,2614,87.133333,0.546465,matched
2292,76.4,2616,87.2,0.559031,matched
2293,76.433333,2616,87.2,0.537784,matched
2294,76.466667,2617,87.233333,0.516534,matched
2295,76.5,2617,87.233333,0.495285,matched
2296,76.533333,2618,87.266667,0.474036,matched
2297,76.566667,2618,87.266667,0.452786,matched
2298,76.6,2619,87.3,0.431537,matched
2299,76.633333,2619,87.3,0.410288,matched
2300,76.666667,2620,87.333333,0.389038,matched
2301,76.7,2620,87.333333,0.367789,matched
2302,76.733333,2621,87.366667,0.34654,review
2303,76.766667,2621,87.366667,0.32529,review
2304,76.8,2622,87.4,0.304041,review
2305,76.833333,2624,87.466667,0.365054,matched
2306,76.866667,2626,87.533333,0.426074,matched
2307,76.9,2628,87.6,0.487094,matched
2308,76.933333,2630,87.666667,0.548114,matched
2309,76.966667,2632,87.733333,0.609134,matched
2310,77.0,2634,87.8,0.670154,matched
2311,77.033333,2635,87.833333,0.670367,matched
2312,77.066667,2635,87.833333,0.67058,matched
2313,77.1,2636,87.866667,0.670793,matched
2314,77.133333,2636,87.866667,0.671006,matched
2315,77.166667,2637,87.9,0.671219,matched
2316,77.2,2637,87.9,0.671431,matched
2317,77.233333,2638,87.933333,0.671644,matched
2318,77.266667,2638,87.933333,0.671857,matched
2319,77.3,2639,87.966667,0.67207,matched
2320,77.333333,2639,87.966667,0.672283,matched
2321,77.366667,2639,87.966667,0.672496,matched
2322,77.4,2640,88.0,0.672709,matched
2323,77.433333,2642,88.066667,0.639622,matched
2324,77.466667,2644,88.133333,0.606534,matched
2325,77.5,2646,88.2,0.573446,matched
2326,77.533333,2648,88.266667,0.540358,matched
2327,77.566667,2650,88.333333,0.50727,matched
2328,77.6,2652,88.4,0.474183,matched
2329,77.633333,2654,88.466667,0.480602,matched
2330,77.666667,2656,88.533333,0.48702,matched
2331,77.7,2658,88.6,0.493438,matched
2332,77.733333,2660,88.666667,0.499857,matched
2333,77.766667,2662,88.733333,0.506275,matched
2334,77.8,2664,88.8,0.512693,matched
2335,77.833333,2666,88.866667,0.488983,matched
2336,77.866667,2668,88.933333,0.465271,matched
2337,77.9,2670,89.0,0.441558,matched
2338,77.933333,2672,89.066667,0.417845,matched
2339,77.966667,2674,89.133333,0.394133,matched
2340,78.0,2676,89.2,0.37042,matched
2341,78.033333,2676,89.2,0.371383,matched
2342,78.066667,2677,89.233333,0.372346,matched
2343,78.1,2677,89.233333,0.373309,matched
2344,78.133333,2678,89.266667,0.374272,matched
2345,78.166667,2678,89.266667,0.375235,matched
2346,78.2,2679,89.3,0.376197,matched
2347,78.233333,2679,89.3,0.37716,matched
2348,78.266667,2680,89.333333,0.378123,matched
2349,78.3,2680,89.333333,0.379086,matched
2350,78.333333,2681,89.366667,0.380049,matched
2351,78.366667,2682,89.4,0.381012,matched
2352,78.4,2682,89.4,0.381975,matched
2353,78.433333,2683,89.433333,0.382114,matched
2354,78.466667,2683,89.433333,0.382253,matched
2355,78.5,2683,89.433333,0.382392,matched
2356,78.533333,2684,89.466667,0.382532,matched
2357,78.566667,2684,89.466667,0.382671,matched
2358,78.6,2685,89.5,0.38281,matched
2359,78.633333,2685,89.5,0.382949,matched
2360,78.666667,2686,89.533333,0.383088,matched
2361,78.7,2686,89.533333,0.383227,matched
2362,78.733333,2687,89.566667,0.383367,matched
2363,78.766667,2687,89.566667,0.383506,matched
2364,78.8,2688,89.6,0.383645,matched
2365,78.833333,2688,89.6,0.375047,matched
2366,78.866667,2689,89.633333,0.366449,matched
2367,78.9,2689,89.633333,0.35785,matched
2368,78.933333,2690,89.666667,0.349252,review
2369,78.966667,2691,89.7,0.340653,review
2370,79.0,2691,89.7,0.332055,review
2371,79.033333,2692,89.733333,0.323457,review
2372,79.066667,2692,89.733333,0.314858,review
2373,79.1,2693,89.766667,0.30626,review
2374,79.133333,2693,89.766667,0.297661,review
2375,79.166667,2694,89.8,0.289063,review
2376,79.2,2694,89.8,0.280466,review
2377,79.233333,2696,89.866667,0.292611,review
2378,79.266667,2698,89.933333,0.304756,review
2379,79.3,2700,90.0,0.316901,review
2380,79.333333,2702,90.066667,0.329046,review
2381,79.366667,2704,90.133333,0.341191,review
2382,79.4,2706,90.2,0.353336,matched
2383,79.433333,2708,90.266667,0.387787,matched
2384,79.466667,2710,90.333333,0.422238,matched
2385,79.5,2712,90.4,0.45669,matched
2386,79.533333,2714,90.466667,0.491142,matched
2387,79.566667,2716,90.533333,0.525593,matched
2388,79.6,2718,90.6,0.560043,matched
2389,79.633333,2718,90.6,0.553542,matched
2390,79.666667,2719,90.633333,0.547041,matched
2391,79.7,2720,90.666667,0.54054,matched
2392,79.733333,2720,90.666667,0.534039,matched
2393,79.766667,2721,90.7,0.527539,matched
2394,79.8,2721,90.7,0.521038,matched
2395,79.833333,2722,90.733333,0.514537,matched
2396,79.866667,2722,90.733333,0.508036,matched
2397,79.9,2723,90.766667,0.501535,matched
2398,79.933333,2723,90.766667,0.495035,matched
2399,79.966667,2724,90.8,0.488534,matched
2400,80.0,2724,90.8,0.482033,matched
2401,80.033333,2725,90.833333,0.493624,matched
2402,80.066667,2725,90.833333,0.505216,matched
2403,80.1,2726,90.866667,0.516807,matched
2404,80.133333,2726,90.866667,0.528398,matched
2405,80.166667,2727,90.9,0.53999,matched
2406,80.2,2727,90.9,0.551581,matched
2407,80.233333,2728,90.933333,0.563173,matched
2408,80.266667,2728,90.933333,0.574764,matched
2409,80.3,2729,90.966667,0.586355,matched
2410,80.333333,2729,90.966667,0.597947,matched
2411,80.366667,2729,90.966667,0.609538,matched
2412,80.4,2730,91.0,0.621129,matched
2413,80.433333,2730,91.0,0.59407,matched
2414,80.466667,2731,91.033333,0.567008,matched
2415,80.5,2731,91.033333,0.539947,matched
2416,80.533333,2732,91.066667,0.512886,matched
2417,80.566667,2732,91.066667,0.485824,matched
2418,80.6,2733,91.1,0.458763,matched
2419,80.633333,2733,91.1,0.431701,matched
2420,80.666667,2734,91.133333,0.40464,matched
2421,80.7,2734,91.133333,0.377579,matched
2422,80.733333,2735,91.166667,0.350517,matched
2423,80.766667,2735,91.166667,0.323456,review
2424,80.8,2736,91.2,0.296394,review
2425,80.833333,2738,91.266667,0.342203,review
2426,80.866667,2740,91.333333,0.388019,matched
2427,80.9,2742,91.4,0.433834,matched
2428,80.933333,2744,91.466667,0.479649,matched
2429,80.966667,2746,91.533333,0.525465,matched
2430,81.0,2748,91.6,0.57128,matched
2431,81.033333,2749,91.633333,0.592734,matched
2432,81.066667,2750,91.666667,0.614187,matched
2433,81.1,2751,91.7,0.635641,matched
2434,81.133333,2752,91.733333,0.657095,matched
2435,81.166667,2753,91.766667,0.678548,matched
2436,81.2,2754,91.8,0.699997,matched
2437,81.233333,2756,91.866667,0.664621,matched
2438,81.266667,2758,91.933333,0.629246,matched
2439,81.3,2760,92.0,0.593871,matched
2440,81.333333,2762,92.066667,0.558495,matched
2441,81.366667,2764,92.133333,0.52312,matched
2442,81.4,2766,92.2,0.487745,matched
2443,81.433333,2768,92.266667,0.418563,matched
2444,81.466667,2770,92.333333,0.34938,review
2445,81.5,2772,92.4,0.280197,review
2446,81.533333,2774,92.466667,0.211014,review
2447,81.566667,2776,92.533333,0.141831,review
2448,81.6,2778,92.6,0.072651,review
2449,81.633333,2780,92.666667,0.080206,review
2450,81.666667,2782,92.733333,0.08776,review
2451,81.7,2784,92.8,0.095315,review
2452,81.733333,2786,92.866667,0.102869,review
2453,81.766667,2788,92.933333,0.110424,review
2454,81.8,2790,93.0,0.117978,review
2455,81.833333,2792,93.066667,0.191411,review
2456,81.866667,2794,93.133333,0.264851,review
2457,81.9,2796,93.2,0.33829,review
2458,81.933333,2798,93.266667,0.411729,matched
2459,81.966667,2800,93.333333,0.485168,matched
2460,82.0,2802,93.4,0.558607,matched
2461,82.033333,2803,93.433333,0.56755,matched
2462,82.066667,2803,93.433333,0.576492,matched
2463,82.1,2804,93.466667,0.585435,matched
2464,82.133333,2804,93.466667,0.594378,matched
2465,82.166667,2804,93.466667,0.603321,matched
2466,82.2,2805,93.5,0.612263,matched
2467,82.233333,2805,93.5,0.621206,matched
2468,82.266667,2806,93.533333,0.630149,matched
2469,82.3,2806,93.533333,0.639091,matched
2470,82.333333,2807,93.566667,0.648034,matched
2471,82.366667,2807,93.566667,0.656977,matched
2472,82.4,2808,93.6,0.66592,matched
2473,82.433333,2808,93.6,0.641072,matched
2474,82.466667,2809,93.633333,0.616224,matched
2475,82.5,2809,93.633333,0.591375,matched
2476,82.533333,2810,93.666667,0.566526,matched
2477,82.566667,2810,93.666667,0.541677,matched
2478,82.6,2811,93.7,0.516829,matched
2479,82.633333,2811,93.7,0.49198,matched
2480,82.666667,2812,93.733333,0.467131,matched
2481,82.7,2813,93.766667,0.442282,matched
2482,82.733333,2813,93.766667,0.417434,matched
2483,82.766667,2814,93.8,0.392585,matched
2484,82.8,2814,93.8,0.367736,matched
2485,82.833333,2815,93.833333,0.383406,matched
2486,82.866667,2815,93.833333,0.39908,matched
2487,82.9,2816,93.866667,0.414754,matched
2488,82.933333,2816,93.866667,0.430428,matched
2489,82.966667,2817,93.9,0.446102,matched
2490,83.0,2817,93.9,0.461775,matched
2491,83.033333,2818,93.933333,0.477449,matched
2492,83.066667,2818,93.933333,0.493123,matched
2493,83.1,2819,93.966667,0.508797,matched
2494,83.133333,2819,93.966667,0.524471,matched
2495,83.166667,2820,94.0,0.540145,matched
2496,83.2,2820,94.0,0.555816,matched
2497,83.233333,2821,94.033333,0.547327,matched
2498,83.266667,2821,94.033333,0.538837,matched
2499,83.3,2822,94.066667,0.530347,matched
2500,83.333333,2822,94.066667,0.521857,matched
2501,83.366667,2822,94.066667,0.513368,matched
2502,83.4,2823,94.1,0.504878,matched
2503,83.433333,2823,94.1,0.496388,matched
2504,83.466667,2824,94.133333,0.487898,matched
2505,83.5,2824,94.133333,0.479409,matched
2506,83.533333,2825,94.166667,0.470919,matched
2507,83.566667,2825,94.166667,0.462429,matched
2508,83.6,2826,94.2,0.453941,matched
2509,83.633333,2826,94.2,0.475744,matched
2510,83.666667,2827,94.233333,0.497547,matched
2511,83.7,2827,94.233333,0.519351,matched
2512,83.733333,2828,94.266667,0.541154,matched
2513,83.766667,2828,94.266667,0.562957,matched
2514,83.8,2829,94.3,0.58476,matched
2515,83.833333,2829,94.3,0.606564,matched
2516,83.866667,2830,94.333333,0.628367,matched
2517,83.9,2831,94.366667,0.65017,matched
2518,83.933333,2831,94.366667,0.671973,matched
2519,83.966667,2832,94.4,0.693777,matched
2520,84.0,2832,94.4,0.71558,matched
2521,84.033333,2833,94.433333,0.698354,matched
2522,84.066667,2833,94.433333,0.681128,matched
2523,84.1,2834,94.466667,0.663902,matched
2524,84.133333,2834,94.466667,0.646676,matched
2525,84.166667,2834,94.466667,0.62945,matched
2526,84.2,2835,94.5,0.612224,matched
2527,84.233333,2835,94.5,0.594998,matched
2528,84.266667,2836,94.533333,0.577773,matched
2529,84.3,2836,94.533333,0.560547,matched
2530,84.333333,2837,94.566667,0.543321,matched
2531,84.366667,2837,94.566667,0.526095,matched
2532,84.4,2838,94.6,0.508869,matched
2533,84.433333,2838,94.6,0.511619,matched
2534,84.466667,2839,94.633333,0.514369,matched
2535,84.5,2839,94.633333,0.51712,matched
2536,84.533333,2840,94.666667,0.519871,matched
2537,84.566667,2840,94.666667,0.522622,matched
2538,84.6,2841,94.7,0.525373,matched
2539,84.633333,2841,94.7,0.528124,matched
2540,84.666667,2842,94.733333,0.530874,matched
2541,84.7,2843,94.766667,0.533625,matched
2542,84.733333,2843,94.766667,0.536376,matched
2543,84.766667,2844,94.8,0.539127,matched
2544,84.8,2844,94.8,0.541878,matched
2545,84.833333,2845,94.833333,0.519598,matched
2546,84.866667,2845,94.833333,0.497316,matched
2547,84.9,2846,94.866667,0.475034,matched
2548,84.933333,2846,94.866667,0.452752,matched
2549,84.966667,2847,94.9,0.43047,matched
2550,85.0,2847,94.9,0.408187,matched
2551,85.033333,2848,94.933333,0.385905,matched
2552,85.066667,2848,94.933333,0.363623,matched
2553,85.1,2849,94.966667,0.341341,review
2554,85.133333,2849,94.966667,0.319059,review
2555,85.166667,2850,95.0,0.296777,review
2556,85.2,2850,95.0,0.274496,review
2557,85.233333,2851,95.033333,0.263182,review
2558,85.266667,2851,95.033333,0.251868,review
2559,85.3,2852,95.066667,0.240554,review
2560,85.333333,2852,95.066667,0.229239,review
2561,85.366667,2852,95.066667,0.217925,review
2562,85.4,2853,95.1,0.206611,review
2563,85.433333,2853,95.1,0.195297,review
2564,85.466667,2854,95.133333,0.183983,review
2565,85.5,2854,95.133333,0.172669,review
2566,85.533333,2855,95.166667,0.161355,review
2567,85.566667,2855,95.166667,0.150041,review
2568,85.6,2856,95.2,0.138727,review
2569,85.633333,2856,95.2,0.141185,review
2570,85.666667,2857,95.233333,0.143643,review
2571,85.7,2857,95.233333,0.146101,review
2572,85.733333,2858,95.266667,0.148559,review
2573,85.766667,2858,95.266667,0.151017,review
2574,85.8,2859,95.3,0.153476,review
2575,85.833333,2859,95.3,0.155934,review
2576,85.866667,2860,95.333333,0.158392,review
2577,85.9,2861,95.366667,0.16085,review
2578,85.933333,2861,95.366667,0.163308,review
2579,85.966667,2862,95.4,0.165766,review
2580,86.0,2862,95.4,0.168224,review
2581,86.033333,2863,95.433333,0.198982,review
2582,86.066667,2863,95.433333,0.22974,review
2583,86.1,2864,95.466667,0.260498,review
2584,86.133333,2864,95.466667,0.291256,review
2585,86.166667,2864,95.466667,0.322013,review
2586,86.2,2865,95.5,0.352771,matched
2587,86.233333,2865,95.5,0.383529,matched
2588,86.266667,2866,95.533333,0.414287,matched
2589,86.3,2866,95.533333,0.445045,matched
2590,86.333333,2867,95.566667,0.475803,matched
2591,86.366667,2867,95.566667,0.506561,matched
2592,86.4,2868,95.6,0.537319,matched
2593,86.433333,2868,95.6,0.512303,matched
2594,86.466667,2869,95.633333,0.487284,matched
2595,86.5,2869,95.633333,0.462265,matched
2596,86.533333,2870,95.666667,0.437247,matched
2597,86.566667,2870,95.666667,0.412228,matched
2598,86.6,2871,95.7,0.387209,matched
2599,86.633333,2871,95.7,0.362191,matched
2600,86.666667,2872,95.733333,0.337172,review
2601,86.7,2873,95.766667,0.312153,review
2602,86.733333,2873,95.766667,0.287135,review
2603,86.766667,2874,95.8,0.262116,review
2604,86.8,2874,95.8,0.237097,review
2605,86.833333,2875,95.833333,0.22534,review
2606,86.866667,2875,95.833333,0.213584,review
2607,86.9,2876,95.866667,0.201829,review
2608,86.933333,2876,95.866667,0.190073,review
2609,86.966667,2877,95.9,0.178317,review
2610,87.0,2877,95.9,0.166561,review
2611,87.033333,2878,95.933333,0.154805,review
2612,87.066667,2878,95.933333,0.143049,review
2613,87.1,2879,95.966667,0.131293,review
2614,87.133333,2879,95.966667,0.119538,review
2615,87.166667,2880,96.0,0.107782,review
2616,87.2,2880,96.0,0.096029,review
2617,87.233333,2881,96.033333,0.114972,review
2618,87.266667,2881,96.033333,0.133916,review
2619,87.3,2882,96.066667,0.152859,review
2620,87.333333,2882,96.066667,0.171803,review
2621,87.366667,2882,96.066667,0.190746,review
2622,87.4,2883,96.1,0.20969,review
2623,87.433333,2883,96.1,0.228633,review
2624,87.466667,2884,96.133333,0.247577,review
2625,87.5,2884,96.133333,0.26652,review
2626,87.533333,2885,96.166667,0.285464,review
2627,87.566667,2885,96.166667,0.304407,review
2628,87.6,2886,96.2,0.323351,review
2629,87.633333,2886,96.2,0.338143,review
2630,87.666667,2887,96.233333,0.352935,matched
2631,87.7,2887,96.233333,0.367727,matched
2632,87.733333,2888,96.266667,0.382518,matched
2633,87.766667,2888,96.266667,0.39731,matched
2634,87.8,2889,96.3,0.412102,matched
2635,87.833333,2889,96.3,0.426894,matched
2636,87.866667,2890,96.333333,0.441686,matched
2637,87.9,2891,96.366667,0.456478,matched
2638,87.933333,2891,96.366667,0.47127,matched
2639,87.966667,2892,96.4,0.486062,matched
2640,88.0,2892,96.4,0.500854,matched
2641,88.033333,2893,96.433333,0.504702,matched
2642,88.066667,2893,96.433333,0.50855,matched
2643,88.1,2894,96.466667,0.512398,matched
2644,88.133333,2894,96.466667,0.516247,matched
2645,88.166667,2894,96.466667,0.520095,matched
2646,88.2,2895,96.5,0.523943,matched
2647,88.233333,2895,96.5,0.527791,matched
2648,88.266667,2896,96.533333,0.531639,matched
2649,88.3,2896,96.533333,0.535487,matched
2650,88.333333,2897,96.566667,0.539336,matched
2651,88.366667,2897,96.566667,0.543184,matched
2652,88.4,2898,96.6,0.547032,matched
2653,88.433333,2899,96.633333,0.546199,matched
2654,88.466667,2900,96.666667,0.545365,matched
2655,88.5,2901,96.7,0.544532,matched
2656,88.533333,2902,96.733333,0.543699,matched
2657,88.566667,2903,96.766667,0.542865,matched
2658,88.6,2904,96.8,0.542031,matched
2659,88.633333,2905,96.833333,0.53085,matched
2660,88.666667,2905,96.833333,0.519668,matched
2661,88.7,2906,96.866667,0.508486,matched
2662,88.733333,2906,96.866667,0.497305,matched
2663,88.766667,2907,96.9,0.486123,matched
2664,88.8,2907,96.9,0.474941,matched
2665,88.833333,2908,96.933333,0.46376,matched
2666,88.866667,2908,96.933333,0.452578,matched
2667,88.9,2909,96.966667,0.441396,matched
2668,88.933333,2909,96.966667,0.430214,matched
2669,88.966667,2910,97.0,0.419033,matched
2670,89.0,2910,97.0,0.407851,matched
2671,89.033333,2912,97.066667,0.383356,matched
2672,89.066667,2914,97.133333,0.358861,matched
2673,89.1,2916,97.2,0.334366,review
2674,89.133333,2918,97.266667,0.309871,review
2675,89.166667,2920,97.333333,0.285377,review
2676,89.2,2922,97.4,0.260884,review
2677,89.233333,2923,97.433333,0.26142,review
2678,89.266667,2923,97.433333,0.261956,review
2679,89.3,2924,97.466667,0.262492,review
2680,89.333333,2924,97.466667,0.263028,review
2681,89.366667,2925,97.5,0.263564,review
2682,89.4,2925,97.5,0.2641,review
2683,89.433333,2926,97.533333,0.264635,review
2684,89.466667,2926,97.533333,0.265171,review
2685,89.5,2927,97.566667,0.265707,review
2686,89.533333,2927,97.566667,0.266243,review
2687,89.566667,2927,97.566667,0.266779,review
2688,89.6,2928,97.6,0.267316,review
2689,89.633333,2930,97.666667,0.282702,review
2690,89.666667,2932,97.733333,0.298089,review
2691,89.7,2934,97.8,0.313476,review
2692,89.733333,2936,97.866667,0.328862,review
2693,89.766667,2938,97.933333,0.344249,review
2694,89.8,2940,98.0,0.359636,matched
2695,89.833333,2940,98.0,0.369272,matched
2696,89.866667,2941,98.033333,0.378908,matched
2697,89.9,2941,98.033333,0.388544,matched
2698,89.933333,2942,98.066667,0.39818,matched
2699,89.966667,2942,98.066667,0.407816,matched
2700,90.0,2943,98.1,0.417452,matched
2701,90.033333,2943,98.1,0.427087,matched
2702,90.066667,2944,98.133333,0.436723,matched
2703,90.1,2944,98.133333,0.446359,matched
2704,90.133333,2945,98.166667,0.455995,matched
2705,90.166667,2945,98.166667,0.465631,matched
2706,90.2,2946,98.2,0.475267,matched
2707,90.233333,2946,98.2,0.483454,matched
2708,90.266667,2947,98.233333,0.491641,matched
2709,90.3,2947,98.233333,0.499829,matched
2710,90.333333,2948,98.266667,0.508016,matched
2711,90.366667,2949,98.3,0.516203,matched
2712,90.4,2949,98.3,0.524391,matched
2713,90.433333,2950,98.333333,0.532578,matched
2714,90.466667,2950,98.333333,0.540765,matched
2715,90.5,2951,98.366667,0.548952,matched
2716,90.533333,2951,98.366667,0.55714,matched
2717,90.566667,2952,98.4,0.565327,matched
2718,90.6,2952,98.4,0.573514,matched
2719,90.633333,2953,98.433333,0.570746,matched
2720,90.666667,2953,98.433333,0.567978,matched
2721,90.7,2954,98.466667,0.565211,matched
2722,90.733333,2954,98.466667,0.562443,matched
2723,90.766667,2955,98.5,0.559675,matched
2724,90.8,2955,98.5,0.556907,matched
2725,90.833333,2956,98.533333,0.55414,matched
2726,90.866667,2956,98.533333,0.551372,matched
2727,90.9,2956,98.533333,0.548604,matched
2728,90.933333,2957,98.566667,0.545836,matched
2729,90.966667,2957,98.566667,0.543069,matched
2730,91.0,2958,98.6,0.540301,matched
2731,91.033333,2958,98.6,0.542077,matched
2732,91.066667,2959,98.633333,0.543854,matched
2733,91.1,2959,98.633333,0.54563,matched
2734,91.133333,2960,98.666667,0.547407,matched
2735,91.166667,2961,98.7,0.549183,matched
2736,91.2,2961,98.7,0.550959,matched
2737,91.233333,2962,98.733333,0.552736,matched
2738,91.266667,2962,98.733333,0.554512,matched
2739,91.3,2963,98.766667,0.556289,matched
2740,91.333333,2963,98.766667,0.558065,matched
2741,91.366667,2964,98.8,0.559841,matched
2742,91.4,2964,98.8,0.561618,matched
2743,91.433333,2965,98.833333,0.573149,matched
2744,91.466667,2965,98.833333,0.584681,matched
2745,91.5,2966,98.866667,0.596213,matched
2746,91.533333,2966,98.866667,0.607745,matched
2747,91.566667,2967,98.9,0.619276,matched
2748,91.6,2967,98.9,0.630808,matched
2749,91.633333,2968,98.933333,0.64234,matched
2750,91.666667,2968,98.933333,0.653872,matched
2751,91.7,2968,98.933333,0.665404,matched
2752,91.733333,2969,98.966667,0.676935,matched
2753,91.766667,2969,98.966667,0.688467,matched
2754,91.8,2970,99.0,0.699999,matched
2755,91.833333,2970,99.0,0.7,matched
2756,91.866667,2971,99.033333,0.7,matched
2757,91.9,2971,99.033333,0.7,matched
2758,91.933333,2972,99.066667,0.7,matched
2759,91.966667,2972,99.066667,0.7,matched
2760,92.0,2973,99.1,0.7,matched
2761,92.033333,2973,99.1,0.7,matched
2762,92.066667,2974,99.133333,0.7,matched
2763,92.1,2974,99.133333,0.7,matched
2764,92.133333,2975,99.166667,0.7,matched
2765,92.166667,2975,99.166667,0.7,matched
2766,92.2,2976,99.2,0.7,matched
2767,92.233333,2976,99.2,0.698686,matched
2768,92.266667,2977,99.233333,0.697372,matched
2769,92.3,2977,99.233333,0.696058,matched
2770,92.333333,2978,99.266667,0.694744,matched
2771,92.366667,2979,99.3,0.69343,matched
2772,92.4,2979,99.3,0.692116,matched
2773,92.433333,2980,99.333333,0.690802,matched
2774,92.466667,2980,99.333333,0.689488,matched
2775,92.5,2981,99.366667,0.688174,matched
2776,92.533333,2981,99.366667,0.68686,matched
2777,92.566667,2982,99.4,0.685546,matched
2778,92.6,2982,99.4,0.684232,matched
2779,92.633333,2983,99.433333,0.680944,matched
2780,92.666667,2983,99.433333,0.677657,matched
2781,92.7,2984,99.466667,0.674369,matched
2782,92.733333,2984,99.466667,0.671082,matched
2783,92.766667,2985,99.5,0.667794,matched
2784,92.8,2985,99.5,0.664507,matched
2785,92.833333,2986,99.533333,0.661219,matched
2786,92.866667,2986,99.533333,0.657932,matched
2787,92.9,2986,99.533333,0.654644,matched
2788,92.933333,2987,99.566667,0.651357,matched
2789,92.966667,2987,99.566667,0.648069,matched
2790,93.0,2988,99.6,0.644782,matched
2791,93.033333,2988,99.6,0.649383,matched
2792,93.066667,2989,99.633333,0.653985,matched
2793,93.1,2989,99.633333,0.658586,matched
2794,93.133333,2990,99.666667,0.663188,matched
2795,93.166667,2991,99.7,0.667789,matched
2796,93.2,2991,99.7,0.672391,matched
2797,93.233333,2992,99.733333,0.676992,matched
2798,93.266667,2992,99.733333,0.681594,matched
2799,93.3,2993,99.766667,0.686195,matched
2800,93.333333,2993,99.766667,0.690797,matched
2801,93.366667,2994,99.8,0.695398,matched
2802,93.4,2994,99.8,0.7,matched
2803,93.433333,2995,99.833333,0.689192,matched
2804,93.466667,2995,99.833333,0.678384,matched
2805,93.5,2996,99.866667,0.667575,matched
2806,93.533333,2996,99.866667,0.656767,matched
2807,93.566667,2997,99.9,0.645959,matched
2808,93.6,2997,99.9,0.63515,matched
2809,93.633333,2998,99.933333,0.624342,matched
2810,93.666667,2998,99.933333,0.613534,matched
2811,93.7,2998,99.933333,0.602725,matched
2812,93.733333,2999,99.966667,0.591917,matched
2813,93.766667,2999,99.966667,0.581108,matched
2814,93.8,3000,100.0,0.5703,matched
2815,93.833333,3000,100.0,0.578726,matched
2816,93.866667,3001,100.033333,0.587154,matched
2817,93.9,3001,100.033333,0.595582,matched
2818,93.933333,3002,100.066667,0.60401,matched
2819,93.966667,3002,100.066667,0.612438,matched
2820,94.0,3003,100.1,0.620866,matched
2821,94.033333,3003,100.1,0.629293,matched
2822,94.066667,3004,100.133333,0.637721,matched
2823,94.1,3004,100.133333,0.646149,matched
2824,94.133333,3005,100.166667,0.654577,matched
2825,94.166667,3005,100.166667,0.663005,matched
2826,94.2,3006,100.2,0.671432,matched
2827,94.233333,3006,100.2,0.675651,matched
2828,94.266667,3007,100.233333,0.679869,matched
2829,94.3,3007,100.233333,0.684088,matched
2830,94.333333,3008,100.266667,0.688306,matched
2831,94.366667,3009,100.3,0.692524,matched
2832,94.4,3009,100.3,0.696743,matched
2833,94.433333,3010,100.333333,0.700961,matched
2834,94.466667,3010,100.333333,0.70518,matched
2835,94.5,3011,100.366667,0.709398,matched
2836,94.533333,3011,100.366667,0.713616,matched
2837,94.566667,3012,100.4,0.717835,matched
2838,94.6,3012,100.4,0.722052,matched
2839,94.633333,3013,100.433333,0.707597,matched
2840,94.666667,3013,100.433333,0.693142,matched
2841,94.7,3014,100.466667,0.678687,matched
2842,94.733333,3014,100.466667,0.664233,matched
2843,94.766667,3015,100.5,0.649778,matched
2844,94.8,3015,100.5,0.635323,matched
2845,94.833333,3016,100.533333,0.620868,matched
2846,94.866667,3016,100.533333,0.606413,matched
2847,94.9,3016,100.533333,0.591958,matched
2848,94.933333,3017,100.566667,0.577503,matched
2849,94.966667,3017,100.566667,0.563048,matched
2850,95.0,3018,100.6,0.548593,matched
2851,95.033333,3018,100.6,0.528277,matched
2852,95.066667,3019,100.633333,0.507961,matched
2853,95.1,3019,100.633333,0.487645,matched
2854,95.133333,3020,100.666667,0.467329,matched
2855,95.166667,3021,100.7,0.447013,matched
2856,95.2,3021,100.7,0.426697,matched
2857,95.233333,3022,100.733333,0.406382,matched
2858,95.266667,3022,100.733333,0.386066,matched
2859,95.3,3023,100.766667,0.36575,matched
2860,95.333333,3023,100.766667,0.345434,review
2861,95.366667,3024,100.8,0.325118,review
2862,95.4,3024,100.8,0.304802,review
2863,95.433333,3025,100.833333,0.301358,review
2864,95.466667,3025,100.833333,0.297915,review
2865,95.5,3026,100.866667,0.294472,review
2866,95.533333,3026,100.866667,0.291029,review
2867,95.566667,3027,100.9,0.287585,review
2868,95.6,3027,100.9,0.284142,review
2869,95.633333,3028,100.933333,0.280699,review
2870,95.666667,3028,100.933333,0.277256,review
2871,95.7,3028,100.933333,0.273813,review
2872,95.733333,3029,100.966667,0.27037,review
2873,95.766667,3029,100.966667,0.266926,review
2874,95.8,3030,101.0,0.263483,review
2875,95.833333,3030,101.0,0.262798,review
2876,95.866667,3031,101.033333,0.262113,review
2877,95.9,3031,101.033333,0.261428,review
2878,95.933333,3032,101.066667,0.260742,review
2879,95.966667,3032,101.066667,0.260057,review
2880,96.0,3033,101.1,0.259372,review
2881,96.033333,3033,101.1,0.258687,review
2882,96.066667,3034,101.133333,0.258002,review
2883,96.1,3034,101.133333,0.257316,review
2884,96.133333,3035,101.166667,0.256631,review
2885,96.166667,3035,101.166667,0.255946,review
2886,96.2,3036,101.2,0.255263,review
2887,96.233333,3036,101.2,0.276553,review
2888,96.266667,3037,101.233333,0.297843,review
2889,96.3,3037,101.233333,0.319134,review
2890,96.333333,3038,101.266667,0.340424,review
2891,96.366667,3039,101.3,0.361714,matched
2892,96.4,3039,101.3,0.383004,matched
2893,96.433333,3040,101.333333,0.404295,matched
2894,96.466667,3040,101.333333,0.425585,matched
2895,96.5,3041,101.366667,0.446875,matched
2896,96.533333,3041,101.366667,0.468165,matched
2897,96.566667,3042,101.4,0.489456,matched
2898,96.6,3042,101.4,0.510745,matched
2899,96.633333,3043,101.433333,0.518932,matched
2900,96.666667,3043,101.433333,0.527119,matched
2901,96.7,3044,101.466667,0.535306,matched
2902,96.733333,3044,101.466667,0.543493,matched
2903,96.766667,3045,101.5,0.551679,matched
2904,96.8,3045,101.5,0.559866,matched
2905,96.833333,3046,101.533333,0.568053,matched
2906,96.866667,3046,101.533333,0.57624,matched
2907,96.9,3046,101.533333,0.584427,matched
2908,96.933333,3047,101.566667,0.592613,matched
2909,96.966667,3047,101.566667,0.6008,matched
2910,97.0,3048,101.6,0.608987,matched
2911,97.033333,3048,101.6,0.597817,matched
2912,97.066667,3049,101.633333,0.586648,matched
2913,97.1,3049,101.633333,0.575478,matched
2914,97.133333,3050,101.666667,0.564308,matched
2915,97.166667,3051,101.7,0.553138,matched
2916,97.2,3051,101.7,0.541969,matched
2917,97.233333,3052,101.733333,0.530799,matched
2918,97.266667,3052,101.733333,0.519629,matched
2919,97.3,3053,101.766667,0.50846,matched
2920,97.333333,3053,101.766667,0.49729,matched
2921,97.366667,3054,101.8,0.48612,matched
2922,97.4,3054,101.8,0.47495,matched
2923,97.433333,3055,101.833333,0.474123,matched
2924,97.466667,3055,101.833333,0.473297,matched
2925,97.5,3056,101.866667,0.47247,matched
2926,97.533333,3056,101.866667,0.471643,matched
2927,97.566667,3057,101.9,0.470816,matched
2928,97.6,3057,101.9,0.46999,matched
2929,97.633333,3058,101.933333,0.469163,matched
2930,97.666667,3058,101.933333,0.468336,matched
2931,97.7,3058,101.933333,0.467509,matched
2932,97.733333,3059,101.966667,0.466683,matched
2933,97.766667,3059,101.966667,0.465856,matched
2934,97.8,3060,102.0,0.465029,matched
2935,97.833333,3060,102.0,0.440469,matched
2936,97.866667,3061,102.033333,0.415907,matched
2937,97.9,3061,102.033333,0.391344,matched
2938,97.933333,3062,102.066667,0.366782,matched
2939,97.966667,3062,102.066667,0.34222,review
2940,98.0,3063,102.1,0.317658,review
2941,98.033333,3063,102.1,0.293095,review
2942,98.066667,3064,102.133333,0.268533,review
2943,98.1,3064,102.133333,0.243971,review
2944,98.133333,3065,102.166667,0.219408,review
2945,98.166667,3065,102.166667,0.194846,review
2946,98.2,3066,102.2,0.170288,review
2947,98.233333,3066,102.2,0.193898,review
2948,98.266667,3067,102.233333,0.217507,review
2949,98.3,3067,102.233333,0.241117,review
2950,98.333333,3068,102.266667,0.264726,review
2951,98.366667,3069,102.3,0.288336,review
2952,98.4,3069,102.3,0.311946,review
2953,98.433333,3070,102.333333,0.335555,review
2954,98.466667,3070,102.333333,0.359165,matched
2955,98.5,3071,102.366667,0.382774,matched
2956,98.533333,3071,102.366667,0.406384,matched
2957,98.566667,3072,102.4,0.429993,matched
2958,98.6,3072,102.4,0.453601,matched
2959,98.633333,3073,102.433333,0.433148,matched
2960,98.666667,3073,102.433333,0.412696,matched
2961,98.7,3074,102.466667,0.392243,matched
2962,98.733333,3074,102.466667,0.371791,matched
2963,98.766667,3075,102.5,0.351338,matched
2964,98.8,3075,102.5,0.330886,review
2965,98.833333,3076,102.533333,0.310433,review
2966,98.866667,3076,102.533333,0.28998,review
2967,98.9,3076,102.533333,0.269528,review
2968,98.933333,3077,102.566667,0.249075,review
2969,98.966667,3077,102.566667,0.228623,review
2970,99.0,3078,102.6,0.20817,review
2971,99.033333,3078,102.6,0.205031,review
2972,99.066667,3079,102.633333,0.201892,review
2973,99.1,3079,102.633333,0.198753,review
2974,99.133333,3080,102.666667,0.195614,review
2975,99.166667,3081,102.7,0.192475,review
2976,99.2,3081,102.7,0.189336,review
2977,99.233333,3082,102.733333,0.186196,review
2978,99.266667,3082,102.733333,0.183057,review
2979,99.3,3083,102.766667,0.179918,review
2980,99.333333,3083,102.766667,0.176779,review
2981,99.366667,3084,102.8,0.17364,review
2982,99.4,3084,102.8,0.170501,review
2983,99.433333,3085,102.833333,0.186249,review
2984,99.466667,3085,102.833333,0.201997,review
2985,99.5,3086,102.866667,0.217746,review
2986,99.533333,3086,102.866667,0.233494,review
2987,99.566667,3087,102.9,0.249243,review
2988,99.6,3087,102.9,0.264991,review
2989,99.633333,3088,102.933333,0.28074,review
2990,99.666667,3088,102.933333,0.296488,review
2991,99.7,3088,102.933333,0.312237,review
2992,99.733333,3089,102.966667,0.327985,review
2993,99.766667,3089,102.966667,0.343734,review
2994,99.8,3090,103.0,0.359483,matched
2995,99.833333,3090,103.0,0.369395,matched
2996,99.866667,3091,103.033333,0.379308,matched
2997,99.9,3091,103.033333,0.38922,matched
2998,99.933333,3092,103.066667,0.399133,matched
2999,99.966667,3092,103.066667,0.409045,matched
3000,100.0,3093,103.1,0.418957,matched
3001,100.033333,3093,103.1,0.42887,matched
3002,100.066667,3094,103.133333,0.438782,matched
3003,100.1,3094,103.133333,0.448695,matched
3004,100.133333,3095,103.166667,0.458607,matched
3005,100.166667,3095,103.166667,0.468519,matched
3006,100.2,3096,103.2,0.478431,matched
3007,100.233333,3096,103.2,0.474368,matched
3008,100.266667,3097,103.233333,0.470305,matched
3009,100.3,3097,103.233333,0.466242,matched
3010,100.333333,3098,103.266667,0.462179,matched
3011,100.366667,3099,103.3,0.458116,matched
3012,100.4,3099,103.3,0.454053,matched
3013,100.433333,3100,103.333333,0.44999,matched
3014,100.466667,3100,103.333333,0.445927,matched
3015,100.5,3101,103.366667,0.441865,matched
3016,100.533333,3101,103.366667,0.437802,matched
3017,100.566667,3102,103.4,0.433739,matched
3018,100.6,3102,103.4,0.429675,matched
3019,100.633333,3103,103.433333,0.415728,matched
3020,100.666667,3103,103.433333,0.401781,matched
3021,100.7,3104,103.466667,0.387835,matched
3022,100.733333,3104,103.466667,0.373888,matched
3023,100.766667,3105,103.5,0.359941,matched
3024,100.8,3105,103.5,0.345994,review
3025,100.833333,3106,103.533333,0.332047,review
3026,100.866667,3106,103.533333,0.3181,review
3027,100.9,3106,103.533333,0.304153,review
3028,100.933333,3107,103.566667,0.290206,review
3029,100.966667,3107,103.566667,0.276259,review
3030,101.0,3108,103.6,0.262312,review
3031,101.033333,3108,103.6,0.263976,review
3032,101.066667,3109,103.633333,0.26564,review
3033,101.1,3109,103.633333,0.267305,review
3034,101.133333,3110,103.666667,0.268969,review
3035,101.166667,3111,103.7,0.270633,review
3036,101.2,3111,103.7,0.272297,review
3037,101.233333,3112,103.733333,0.273962,review
3038,101.266667,3112,103.733333,0.275626,review
3039,101.3,3113,103.766667,0.27729,review
3040,101.333333,3113,103.766667,0.278954,review
3041,101.366667,3114,103.8,0.280619,review
3042,101.4,3114,103.8,0.282283,review
3043,101.433333,3115,103.833333,0.297216,review
3044,101.466667,3115,103.833333,0.312149,review
3045,101.5,3116,103.866667,0.327083,review
3046,101.533333,3116,103.866667,0.342016,review
3047,101.566667,3117,103.9,0.35695,matched
3048,101.6,3117,103.9,0.371883,matched
3049,101.633333,3118,103.933333,0.386816,matched
3050,101.666667,3118,103.933333,0.40175,matched
3051,101.7,3118,103.933333,0.416683,matched
3052,101.733333,3119,103.966667,0.431617,matched
3053,101.766667,3119,103.966667,0.44655,matched
3054,101.8,3120,104.0,0.461484,matched
3055,101.833333,3120,104.0,0.447784,matched
3056,101.866667,3121,104.033333,0.434081,matched
3057,101.9,3121,104.033333,0.420378,matched
3058,101.933333,3122,104.066667,0.406675,matched
3059,101.966667,3122,104.066667,0.392973,matched
3060,102.0,3123,104.1,0.37927,matched
3061,102.033333,3123,104.1,0.365567,matched
3062,102.066667,3124,104.133333,0.351865,matched
3063,102.1,3124,104.133333,0.338162,review
3064,102.133333,3125,104.166667,0.324459,review
3065,102.166667,3125,104.166667,0.310756,review
3066,102.2,3126,104.2,0.297058,review
3067,102.233333,3126,104.2,0.330637,review
3068,102.266667,3127,104.233333,0.364215,matched
3069,102.3,3127,104.233333,0.397794,matched
3070,102.333333,3128,104.266667,0.431373,matched
3071,102.366667,3129,104.3,0.464951,matched
3072,102.4,3129,104.3,0.49853,matched
3073,102.433333,3130,104.333333,0.532108,matched
3074,102.466667,3130,104.333333,0.565687,matched
3075,102.5,3131,104.366667,0.599266,matched
3076,102.533333,3131,104.366667,0.632844,matched
3077,102.566667,3132,104.4,0.666423,matched
3078,102.6,3132,104.4,0.7,matched
3079,102.633333,3133,104.433333,0.7,matched
3080,102.666667,3133,104.433333,0.7,matched
3081,102.7,3134,104.466667,0.7,matched
3082,102.733333,3134,104.466667,0.7,matched
3083,102.766667,3135,104.5,0.7,matched
3084,102.8,3135,104.5,0.7,matched
3085,102.833333,3136,104.533333,0.7,matched
3086,102.866667,3136,104.533333,0.7,matched
3087,102.9,3136,104.533333,0.7,matched
3088,102.933333,3137,104.566667,0.7,matched
3089,102.966667,3137,104.566667,0.7,matched
3090,103.0,3138,104.6,0.7,matched
3091,103.033333,3138,104.6,0.684498,matched
3092,103.066667,3139,104.633333,0.668996,matched
3093,103.1,3139,104.633333,0.653494,matched
3094,103.133333,3140,104.666667,0.637992,matched
3095,103.166667,3141,104.7,0.622489,matched
3096,103.2,3141,104.7,0.606987,matched
3097,103.233333,3142,104.733333,0.591485,matched
3098,103.266667,3142,104.733333,0.575983,matched
3099,103.3,3143,104.766667,0.560481,matched
3100,103.333333,3143,104.766667,0.544979,matched
3101,103.366667,3144,104.8,0.529477,matched
3102,103.4,3144,104.8,0.513975,matched
3103,103.433333,3145,104.833333,0.508449,matched
3104,103.466667,3145,104.833333,0.502924,matched
3105,103.5,3146,104.866667,0.497399,matched
3106,103.533333,3146,104.866667,0.491873,matched
3107,103.566667,3147,104.9,0.486348,matched
3108,103.6,3147,104.9,0.480823,matched
3109,103.633333,3148,104.933333,0.475298,matched
3110,103.666667,3148,104.933333,0.469772,matched
3111,103.7,3148,104.933333,0.464247,matched
3112,103.733333,3149,104.966667,0.458722,matched
3113,103.766667,3149,104.966667,0.453197,matched
3114,103.8,3150,105.0,0.447672,matched
3115,103.833333,3150,105.0,0.442061,matched
3116,103.866667,3151,105.033333,0.436451,matched
3117,103.9,3151,105.033333,0.43084,matched
3118,103.933333,3152,105.066667,0.42523,matched
3119,103.966667,3152,105.066667,0.419619,matched
3120,104.0,3153,105.1,0.414008,matched
3121,104.033333,3153,105.1,0.408398,matched
3122,104.066667,3154,105.133333,0.402787,matched
3123,104.1,3154,105.133333,0.397177,matched
3124,104.133333,3155,105.166667,0.391566,matched
3125,104.166667,3155,105.166667,0.385956,matched
3126,104.2,3156,105.2,0.380346,matched
3127,104.233333,3156,105.2,0.382039,matched
3128,104.266667,3157,105.233333,0.383733,matched
3129,104.3,3157,105.233333,0.385426,matched
3130,104.333333,3158,105.266667,0.387119,matched
3131,104.366667,3159,105.3,0.388813,matched
3132,104.4,3159,105.3,0.390506,matched
3133,104.433333,3160,105.333333,0.392199,matched
3134,104.466667,3160,105.333333,0.393893,matched
3135,104.5,3161,105.366667,0.395586,matched
3136,104.533333,3161,105.366667,0.397279,matched
3137,104.566667,3162,105.4,0.398973,matched
3138,104.6,3162,105.4,0.400665,matched
3139,104.633333,3163,105.433333,0.378253,matched
3140,104.666667,3163,105.433333,0.355841,matched
3141,104.7,3164,105.466667,0.333429,review
3142,104.733333,3164,105.466667,0.311017,review
3143,104.766667,3165,105.5,0.288605,review
3144,104.8,3165,105.5,0.266192,review
3145,104.833333,3166,105.533333,0.24378,review
3146,104.866667,3166,105.533333,0.221368,review
3147,104.9,3166,105.533333,0.198956,review
3148,104.933333,3167,105.566667,0.176544,review
3149,104.966667,3167,105.566667,0.154132,review
3150,105.0,3168,105.6,0.13172,review
3151,105.033333,3170,105.666667,0.135346,review
3152,105.066667,3172,105.733333,0.138972,review
3153,105.1,3174,105.8,0.142599,review
3154,105.133333,3176,105.866667,0.146225,review
3155,105.166667,3178,105.933333,0.149851,review
3156,105.2,3180,106.0,0.153477,review
3157,105.233333,3181,106.033333,0.148647,review
3158,105.266667,3181,106.033333,0.143818,review
3159,105.3,3182,106.066667,0.138989,review
3160,105.333333,3182,106.066667,0.134159,review
3161,105.366667,3182,106.066667,0.12933,review
3162,105.4,3183,106.1,0.124501,review
3163,105.433333,3183,106.1,0.119671,review
3164,105.466667,3184,106.133333,0.114842,review
3165,105.5,3184,106.133333,0.110013,review
3166,105.533333,3185,106.166667,0.105183,review
3167,105.566667,3185,106.166667,0.100354,review
3168,105.6,3186,106.2,0.095525,review
3169,105.633333,3186,106.2,0.087564,review
3170,105.666667,3187,106.233333,0.079604,review
3171,105.7,3187,106.233333,0.071643,review
3172,105.733333,3188,106.266667,0.063683,review
3173,105.766667,3188,106.266667,0.055723,review
3174,105.8,3189,106.3,0.047762,review
3175,105.833333,3189,106.3,0.039802,review
3176,105.866667,3190,106.333333,0.031842,review
3177,105.9,3191,106.366667,0.023881,review
3178,105.933333,3191,106.366667,0.015921,review
3179,105.966667,3192,106.4,0.00796,review
3180,106.0,3192,106.4,0.0,review
3181,106.033333,3193,106.433333,0.0,review
3182,106.066667,3193,106.433333,0.0,review
3183,106.1,3194,106.466667,0.0,review
3184,106.133333,3194,106.466667,0.0,review
3185,106.166667,3194,106.466667,0.0,review
3186,106.2,3195,106.5,0.0,review
3187,106.233333,3195,106.5,0.0,review
3188,106.266667,3196,106.533333,0.0,review
3189,106.3,3196,106.533333,0.0,review
3190,106.333333,3197,106.566667,0.0,review
3191,106.366667,3197,106.566667,0.0,review
3192,106.4,3198,106.6,0.0,review
3193,106.433333,3198,106.6,0.0,review
3194,106.466667,3199,106.633333,0.0,review
3195,106.5,3199,106.633333,0.0,review
3196,106.533333,3200,106.666667,0.0,review
3197,106.566667,3200,106.666667,0.0,review
3198,106.6,3201,106.7,0.0,review
3199,106.633333,3201,106.7,0.0,review
3200,106.666667,3202,106.733333,0.0,review
3201,106.7,3203,106.766667,0.0,review
3202,106.733333,3203,106.766667,0.0,review
3203,106.766667,3204,106.8,0.0,review
3204,106.8,3204,106.8,0.0,review
3205,106.833333,3205,106.833333,0.0,review
3206,106.866667,3205,106.833333,0.0,review
3207,106.9,3206,106.866667,0.0,review
3208,106.933333,3206,106.866667,0.0,review
3209,106.966667,3207,106.9,0.0,review
3210,107.0,3207,106.9,0.0,review
3211,107.033333,3208,106.933333,0.0,review
3212,107.066667,3208,106.933333,0.0,review
3213,107.1,3209,106.966667,0.0,review
3214,107.133333,3209,106.966667,0.0,review
3215,107.166667,3210,107.0,0.0,review
3216,107.2,3210,107.0,0.0,review
3217,107.233333,3211,107.033333,0.0,review
3218,107.266667,3211,107.033333,0.0,review
3219,107.3,3212,107.066667,0.0,review
3220,107.333333,3212,107.066667,0.0,review
3221,107.366667,3212,107.066667,0.0,review
3222,107.4,3213,107.1,0.0,review
3223,107.433333,3213,107.1,0.0,review
3224,107.466667,3214,107.133333,0.0,review
3225,107.5,3214,107.133333,0.0,review
3226,107.533333,3215,107.166667,0.0,review
3227,107.566667,3215,107.166667,0.0,review
3228,107.6,3216,107.2,0.0,review
3229,107.633333,3216,107.2,0.0,review
3230,107.666667,3217,107.233333,0.0,review
3231,107.7,3217,107.233333,0.0,review
3232,107.733333,3218,107.266667,0.0,review
3233,107.766667,3218,107.266667,0.0,review
3234,107.8,3219,107.3,0.0,review
3235,107.833333,3219,107.3,0.0,review
3236,107.866667,3220,107.333333,0.0,review
3237,107.9,3221,107.366667,0.0,review
3238,107.933333,3221,107.366667,0.0,review
3239,107.966667,3222,107.4,0.0,review
3240,108.0,3222,107.4,0.0,review
3241,108.033333,3223,107.433333,0.0,review
3242,108.066667,3223,107.433333,0.0,review
3243,108.1,3224,107.466667,0.0,review
3244,108.133333,3224,107.466667,0.0,review
3245,108.166667,3224,107.466667,0.0,review
3246,108.2,3225,107.5,0.0,review
3247,108.233333,3225,107.5,0.0,review
3248,108.266667,3226,107.533333,0.0,review
3249,108.3,3226,107.533333,0.0,review
3250,108.333333,3227,107.566667,0.0,review
3251,108.366667,3227,107.566667,0.0,review
3252,108.4,3228,107.6,0.0,review
3253,108.433333,3228,107.6,0.0,review
3254,108.466667,3229,107.633333,0.0,review
3255,108.5,3229,107.633333,0.0,review
3256,108.533333,3230,107.666667,0.0,review
3257,108.566667,3230,107.666667,0.0,review
3258,108.6,3231,107.7,0.0,review
3259,108.633333,3231,107.7,0.0,review
3260,108.666667,3232,107.733333,0.0,review
3261,108.7,3233,107.766667,0.0,review
3262,108.733333,3233,107.766667,0.0,review
3263,108.766667,3234,107.8,0.0,review
3264,108.8,3234,107.8,0.0,review
3265,108.833333,,,0.0,unmatched
3266,108.866667,,,0.0,unmatched
3267,108.9,,,0.0,unmatched
3268,108.933333,,,0.0,unmatched
3269,108.966667,,,0.0,unmatched
