caption_id,modality,pair_key,source_file,sections,num_existing_qa,caption
66b9a041e29d,audio,aligned_dataset/check_mailbox_split/Seg1/check_mailbox,qa_pairs/aligned/audio_qa_results_aligned.json,audio_qa_pair;audio_qa_pair_2;audio_qa_pair_3,3,"[00:00 - 00:02] A loud, metallic click occurs as the camera operator opens a wooden door, followed by a subtle rustling sound as they step into the hallway. [00:11 - 00:14] The muffled sound of soft-soled shoes rhythmic against a hard-surfaced floor indicates the person is walking through an entry area past shoe racks. [00:18 - 00:23] A crisp, mechanical clicking sound is audible, coinciding with the person reaching down and adjusting the laces of their white athletic sneakers. [00:26 - 00:28] A light, hollow tapping sound occurs as the person brushes their hand against a small wooden cabinet to retrieve keys before moving toward the final doorway."
b101180a32f4,audio,aligned_dataset/check_mailbox_split/Seg2/check_mailbox,qa_pairs/aligned/audio_qa_results_aligned.json,audio_qa_pair;audio_qa_pair_2,2,"[00:13 – 00:17] A metallic, mechanical clicking sound is heard as the person reaches for and manipulates a door handle. This auditory cue aligns with the visual action of the person grasping the handle to unlatch the door, leading to a brief, resonant creak as the door is pushed open, confirming the successful mechanical engagement of the hinges and latch."
f70f224f5b86,audio,aligned_dataset/check_mailbox_split/Seg3/check_mailbox,qa_pairs/aligned/audio_qa_results_aligned.json,audio_qa_pair;audio_qa_pair_2;audio_qa_pair_3,3,"[00:25 - 00:27] The sound of a metallic latch clicking occurs as the user pushes open the glass door to enter the building, signaling transition from the outdoor hallway to the indoor vestibule. [00:30 - 00:32] A crisp metallic rattling and light clinking sound is heard as the user approaches the wall of mailboxes and manipulates the metal handle of mailbox labeled '1'234', indicating the physical interaction of checking or opening the compartment."
d61c96b56ec1,audio,aligned_dataset/check_mailbox_split/Seg4/check_mailbox,qa_pairs/aligned/audio_qa_results_aligned.json,audio_qa_pair;audio_qa_pair_2;audio_qa_pair_3,3,"[00:07 – 00:10] A crisp, metallic clink sound occurs as the user inserts a key into a mailbox lock, followed by the sound of a key turning in the lock. [00:10 – 00:13] A distinct clicking and creaking sound is heard as the mailbox door is pulled open, signifying the physical interaction with the metal fixture. [00:27 – 00:29] A short, metallic jingle and click sound occurs as the user inserts a key into a second, lower-positioned lock to open another door."
c31be2a146ae,audio,aligned_dataset/check_mailbox_split/Seg5/check_mailbox,qa_pairs/aligned/audio_qa_results_aligned.json,audio_qa_pair;audio_qa_pair_2;audio_qa_pair_3,3,"[00:00 - 00:04] A distinct metallic, clicking latch sound is heard as the person pushes open a glass door to exit the building, transitioning from an indoor acoustic environment to the outdoor space. [00:04 - 00:30] Rhythmic, resonant footsteps are heard as the person walks across the paved path, followed by a series of hollow, metallic clanging sounds created by each footfall as they ascend the metal staircase, indicating the weight of the person shifting onto the steel grating."
aac68e792707,audio,aligned_dataset/check_mailbox_split/Seg6/check_mailbox,qa_pairs/aligned/audio_qa_results_aligned.json,audio_qa_pair;audio_qa_pair_2;audio_qa_pair_3,3,"[00:00 - 00:06] The sound of rhythmic, hollow footsteps on a metal staircase echoes as the person descends, synchronized with the camera movement down the stairs. [00:06 - 00:19] A series of muffled, rapid footsteps continues on the metal grating of the walkway, creating a resonant, metallic tapping sound as the person moves along the corridor. [00:19 - 00:27] The footsteps become more distinct and sharp as the person slows down and stops, followed by a light rustling sound as they reach for their shoes. [00:27 - 00:40] Soft, repetitive scuffing and friction sounds are audible while the person adjusts and secures their white sneakers. [00:43 - 00:45] A clear, mechanical click and the screech of a metal latch occur as the person operates the door handle, followed by a hollow thud as the door swings open."
197db97e5fae,audio,aligned_dataset/check_mailbox_split/Seg7/check_mailbox,qa_pairs/aligned/audio_qa_results_aligned.json,audio_sound_source_identification_2,1,"[00:23] Scuffing and rustling sounds as the user slides their feet out of white sneakers, followed by a light thud."
4442176a8e4b,audio,aligned_dataset/check_mailbox_split/Seg7/check_mailbox,qa_pairs/aligned/audio_qa_results_aligned.json,audio_sound_source_identification,1,[00:13] A solid hollow thud and a latching click signify the user has pulled the door shut behind them.
488c7a4be9a5,audio,aligned_dataset/check_mailbox_split/Seg7/check_mailbox,qa_pairs/aligned/audio_qa_results_aligned.json,audio_sound_characteristics,1,"[00:00] Rhythmic, muffled footsteps on a hard hallway floor as the camera wearer approaches a door."
5385a549b24f,audio,aligned_dataset/check_mailbox_split/Seg7/check_mailbox,qa_pairs/aligned/audio_qa_results_aligned.json,audio_temporal_attribute,1,[00:09] The sound of footsteps continues but with a slightly different resonance as the person transitions from the hallway into the interior of a dark room.
9bc79332eef0,audio,aligned_dataset/check_mailbox_split/Seg7/check_mailbox,qa_pairs/aligned/audio_qa_results_aligned.json,audio_cross_modal_reasoning,1,"[00:18] Soft, thumping footsteps on a carpeted surface as the person walks toward a shoe rack area."
d5b63b1c56ff,audio,aligned_dataset/check_mailbox_split/Seg7/check_mailbox,qa_pairs/aligned/audio_qa_results_aligned.json,audio_counting,1,[00:03] Sharp metallic clinking and scratching sounds occur as the user's hand inserts a key into the lock of door number 1234 and turns it twice.
f50dc8c9fc49,audio,aligned_dataset/check_mailbox_split/Seg7/check_mailbox,qa_pairs/aligned/audio_qa_results_aligned.json,audio_inferential_causality,1,"[00:15] A distinct, plastic snap of a light switch being toggled is heard, which is visually confirmed as the room immediately illuminates."
754a9a3e8796,audio,aligned_dataset/cut_carrot_split/Seg1/cut_carrot,qa_pairs/aligned/audio_qa_results_aligned.json,audio_qa_pair;audio_qa_pair_2;audio_qa_pair_3,3,"[00:00 – 00:30] A rhythmic, crisp scraping sound occurs as the user repeatedly draws the metal blade of a vegetable peeler across the surface of a carrot. The audio exhibits a consistent, dry texture with each stroke, indicating the removal of thin, papery carrot skin. The sound originates from the center foreground, directly aligned with the visual action of the hands maneuvering the carrot over the bowl."
3c37287ac082,audio,aligned_dataset/cut_carrot_split/Seg2/cut_carrot,qa_pairs/aligned/audio_qa_results_aligned.json,audio_qa_pair;audio_qa_pair_2;audio_qa_pair_3,3,"[00:00 – 00:03] A series of soft, metallic scraping sounds occur as the person uses a vegetable peeler to peel a carrot into a small bowl, with the sounds localized directly in front of the camera. [00:03 – 00:05] A light, clattering thud is heard as the person sets the metal peeler down onto the table beside the cutting board. [00:07 – 00:30] A series of repetitive, sharp, and rhythmic 'thwack' sounds, indicative of a kitchen knife impacting a plastic cutting board, occurs as the person slices the carrot into smaller strips. The volume is consistent, reflecting the steady force applied during each cutting motion."
331006e483aa,audio,aligned_dataset/cut_carrot_split/Seg3/cut_carrot,qa_pairs/aligned/audio_qa_results_aligned.json,audio_qa_pair;audio_qa_pair_2;audio_qa_pair_3,3,"[00:00 – 00:08] A rapid series of crisp, rhythmic chopping sounds as a knife hits the cutting board, indicating the user is slicing a carrot into smaller pieces. [00:18 – 00:30] A second, more rapid sequence of sharp, percussive slicing sounds as the user finishes cutting the remaining portion of the carrot, with the knife making consistent contact with the board."
8257a79a5492,audio,aligned_dataset/cut_carrot_split/Seg4/cut_carrot,qa_pairs/aligned/audio_qa_results_aligned.json,audio_qa_pair;audio_qa_pair_2;audio_qa_pair_3,3,"[00:00 - 00:30] A series of sharp, rhythmic clicking and thumping sounds are heard as the user slices a carrot into thin strips; each strike of the blade against the cutting board produces a distinct, percussive sound with a high-frequency timbre, consistently occurring as the knife passes through the vegetable."
4214102b4329,audio,aligned_dataset/cut_carrot_split/Seg5/cut_carrot,qa_pairs/aligned/audio_qa_results_aligned.json,audio_qa_pair;audio_qa_pair_2;audio_qa_pair_3,3,"[00:00 – 00:30] A series of rhythmic, crisp, and percussive slicing sounds occur as the user repeatedly cuts a carrot on a cutting board, with the knife making distinct, sharp contacts against the surface after passing through each carrot strip, signaling a systematic food preparation process."
3a354fe745e0,audio,aligned_dataset/cut_carrot_split/Seg6/cut_carrot,qa_pairs/aligned/audio_qa_results_aligned.json,audio_qa_pair;audio_qa_pair_2;audio_qa_pair_3,3,"[00:00 - 00:31] A rhythmic, crisp, and high-frequency sound of a metal knife blade repeatedly striking the plastic cutting board after slicing through carrot segments. The sound events occur in rapid, consistent succession as the user manually cuts a carrot into uniform sticks. The volume remains relatively consistent throughout the clipping, indicating a steady pace of preparation on the white cutting board."
a315ace9389e,audio,aligned_dataset/cut_potato_and_carrot_split/Seg1/cut_potato_and_carrot,qa_pairs/aligned/audio_qa_results_aligned.json,audio_qa_pair;audio_qa_pair_2;audio_qa_pair_3,3,"[00:03 – 00:26] A soft, continuous crinkling and rustling sound is heard as the user picks up a plastic mesh bag filled with potatoes and moves it across the kitchen shelf and onto the table. [00:28 – 00:32] A sharp, mechanical creaking sound, followed by the hum of the internal light, occurs as the user pulls open the refrigerator door. [00:33 – 00:42] Soft plastic crinkling and shifting noises indicate the user reaching inside the refrigerator and retrieving an item."
b3f35f49538a,audio,aligned_dataset/cut_potato_and_carrot_split/Seg2/cut_potato_and_carrot,qa_pairs/aligned/audio_qa_results_aligned.json,audio_qa_pair;audio_qa_pair_2;audio_qa_pair_3,3,"[00:15 – 00:30] A rhythmic, crisp scraping sound occurs consistently as the user uses a metal peeler against the surface of a carrot. The metallic friction against the vegetable's skin produces a sharp, repeated texture that aligns precisely with the manual peeling motion seen over the kitchen sink. The sounds are sharp and relatively high-pitched, indicating the immediate proximity of the interaction to the microphone."
1f056be84663,audio,aligned_dataset/cut_potato_and_carrot_split/Seg3/cut_potato_and_carrot,qa_pairs/aligned/audio_qa_results_aligned.json,audio_qa_pair;audio_qa_pair_2;audio_qa_pair_3,3,"[00:00 – 00:01] A sharp, rhythmic scraping sound is heard as the user efficiently peels the skin off a carrot using a vegetable peeler. [00:02 – 00:30] The acoustic texture shifts to a slightly deeper, continuous dry scraping sound as the user maneuvers a potato in their hands and repeatedly strips its surface with the peeler, with the noise persisting steadily throughout the rest of the clip."
de4bb39f1669,audio,aligned_dataset/cut_potato_and_carrot_split/Seg4/cut_potato_and_carrot,qa_pairs/aligned/audio_qa_results_aligned.json,audio_qa_pair;audio_qa_pair_2;audio_qa_pair_3,3,"[00:00 - 00:13] A rhythmic, scraping metallic sound occurs as the user peels a potato, with the sound originating from the center-view workspace. [00:18 - 00:21] A distinct, high-pitched mechanical clicking and rushing water sound begins as the user adjusts the kitchen faucet, indicating the onset of water flow. [00:25 - 00:29] A secondary, sharp metallic sound of the faucet handle being manipulated is heard, followed by the sound of water running again. [00:29 - 00:34] A series of clinking and clattering sounds emerges as the user places dishes into the drying rack, signifying the end of the food preparation phase."
30a09df454e0,audio,aligned_dataset/cut_potato_and_carrot_split/Seg5/cut_potato_and_carrot,qa_pairs/aligned/audio_qa_results_aligned.json,audio_qa_pair;audio_qa_pair_2;audio_qa_pair_3;audio_qa_pair_4,4,"[00:04 – 00:06] A brief, sharp clattering sound occurs as the user picks up a white cutting board from a metal dish rack, indicating the start of food preparation. [00:15 – 00:17] A similar metallic scraping and clatter sound is heard as the user picks up the cutting board again. [00:23 – 00:25] A dull, thud-like impact sound occurs when the cutting board is placed firmly onto the kitchen counter. [00:27 – 00:28] A light, subtle sound is produced as the user picks up a peeled potato from a ceramic plate. [00:29 – 00:30] A soft, controlled thud is heard as the potato is placed onto the wooden surface of the cutting board."
c86e46d2dd31,audio,aligned_dataset/cut_potato_and_carrot_split/Seg6/cut_potato_and_carrot,qa_pairs/aligned/audio_qa_results_aligned.json,audio_qa_pair;audio_qa_pair_2;audio_qa_pair_3,3,"[00:01 – 00:17] A repetitive series of sharp, rhythmic metallic tapping sounds emanates from the center, corresponding to the knife blade making contact with the wooden cutting board as the user slices a potato into multiple segments. [00:18 – 00:34] The auditory texture shifts slightly as the knife transitions to slicing a carrot, producing a series of crisp, audible cracks and shorter, harder impacts against the board, consistent with the density of the carrot being cut. [00:35 – 00:35] A final, faint scraping sound occurs as the knife is pulled across the surface of the cutting board before being withdrawn from the frame."
bf90a2d0fb89,audio,aligned_dataset/cut_potato_and_carrot_split/Seg7/cut_potato_and_carrot,qa_pairs/aligned/audio_qa_results_aligned.json,audio_qa_pair;audio_qa_pair_2;audio_qa_pair_3,3,"[00:00 – 00:02] A sequence of rhythmic, sharp tapping sounds is heard as the person places sliced carrots and potatoes onto a ceramic plate using a knife. [00:13 – 00:23] A steady, rushing sound of water splashing against the plastic cutting board and the metal sink basin begins as the faucet is turned on, indicating the user is rinsing the board. [00:23 – 00:25] A final, sharp clatter is heard as the cleaned cutting board is placed into the wire dish rack."
138830957cb6,audio,aligned_dataset/drink_water_split/Seg1/drink_water,qa_pairs/aligned/audio_qa_results_aligned.json,audio_qa_pair;audio_qa_pair_2;audio_qa_pair_3,3,"[00:00 - 00:03] A liquid pouring sound occurs as the user tilts a pink pitcher to fill a dark blue mug on the desk. [00:04 - 00:06] A sharp, rhythmic thud is heard as the user places the pitcher down onto the white surface. [00:16 - 00:18] A scraping sound is produced as the user shifts the position of the mug on the desk surface."
c7377b654012,audio,aligned_dataset/make_coffee_split/Seg1/make_coffee,qa_pairs/aligned/audio_qa_results_aligned.json,audio_qa_pair;audio_qa_pair_2;audio_qa_pair_3;audio_qa_pair_4,4,"[00:01 - 00:02] A sharp, metallic click sound is produced as the user interacts with an object in the dark. [00:05 - 00:06] A soft, friction-based rustling sound occurs as the user handles a package. [00:10 - 00:11] A dull, thud-like sound follows the visual action of the user setting the coffee bag down on the counter. [00:15 - 00:16] A distinct, sharp plastic-on-plastic snap occurs as the user pulls an electrical cord from a power strip. [00:24 - 00:26] A brief, clicking, and scraping sound is heard as the user adjusts the cord near the power strip, signifying the completion of the interaction."
452f608185d9,audio,aligned_dataset/make_coffee_split/Seg2/make_coffee,qa_pairs/aligned/audio_qa_results_aligned.json,audio_qa_pair;audio_qa_pair_2;audio_qa_pair_3;audio_qa_pair_4,4,"[00:00 - 00:06] A series of faint, dry, scraping and clicking sounds occur as the user adjusts a plastic power strip on the kitchen counter. [00:06 - 00:15] A sharp, rhythmic metallic 'click' is heard as the user unclips a coffee bag, followed by the soft, crinkling texture of the plastic bag being manipulated. [00:15 - 00:28] A hollow, clinking sound of a black plastic measuring scoop against the coffee bag wall, followed by the crisp, dry, percussive sound of coffee beans filling the scoop. [00:28 - 00:34] A continuous, rattling 'clatter' as the beans are poured from the scoop into the hard plastic chamber of the coffee grinder. [00:34 - 00:37] A solid, resonant 'thud' sound as the grinder's lid is placed back into position, signaling the end of the manual filling process."
17a1fea36966,audio,aligned_dataset/make_coffee_split/Seg3/make_coffee,qa_pairs/aligned/audio_qa_results_aligned.json,audio_qa_pair;audio_qa_pair_2;audio_qa_pair_3;audio_qa_pair_4,4,"[00:00 – 00:05] A distinct, crisp crinkling sound of a plastic coffee bag being torn open, indicating the preparation of coffee grounds. [00:09 – 00:15] A rhythmic, metallic clinking sound as the user manipulates and taps a metal coffee tamper against the portafilter workspace. [00:23 – 00:27] A soft, friction-based rustle as a thin paper filter is placed and settled into the portafilter basket. [00:27 – 00:30] A low-frequency, sustained mechanical hum emerges as the user engages the espresso machine for the brewing process."
3fdff05ad121,audio,aligned_dataset/make_coffee_split/Seg4/make_coffee,qa_pairs/aligned/audio_qa_results_aligned.json,audio_qa_pair;audio_qa_pair_2;audio_qa_pair_3,3,"[00:03 – 00:06] A rhythmic, high-pitched mechanical grinding sound originates from the espresso machine as the user initiates the coffee grinding process. [00:06 – 00:09] The sound transitions to a low-frequency, granular rattling noise as the coffee grounds are dispensed into the portafilter positioned beneath the grinder outlet. [00:13 – 00:19] A metallic, repetitive tapping sound occurs as the user rhythmically strikes the portafilter against a container to level the coffee grounds, with the volume remaining consistent and clear. [00:22 – 00:26] A dull, thudding impact sound is heard as the user presses the tamper firmly down onto the bed of coffee grounds in the portafilter, followed by the faint scrape of the tamper being lifted."
f64d9b4e7d8d,audio,aligned_dataset/make_coffee_split/Seg5/make_coffee,qa_pairs/aligned/audio_qa_results_aligned.json,audio_qa_pair;audio_qa_pair_2;audio_qa_pair_3,3,"[00:00 – 00:09] Rhythmic, dull thumping sounds occur as the user firmly presses the tamper into the portafilter basket, followed by the soft metallic clink of the tamper being set down on the counter. [00:10 – 00:14] Low-frequency electrical hum and the distinct mechanical clicking of buttons on the espresso machine interface are audible as the user engages the device. [00:27 – 00:30] A crisp, mechanical latching sound is produced when the user inserts the portafilter into the group head and rotates it, securing it firmly into place."
cd6e747be0cb,audio,aligned_dataset/make_coffee_split/Seg6/make_coffee,qa_pairs/aligned/audio_qa_results_aligned.json,audio_qa_pair;audio_qa_pair_2;audio_qa_pair_3,3,"[00:00 - 00:02] A soft, mechanical click sounds as the user presses the button on the HiBREW espresso machine to start the coffee extraction. [00:02 - 00:27] A continuous, low-pitched, rhythmic buzzing and gurgling noise emerges, indicating the internal water pump is active and espresso is brewing into the mug positioned underneath the portafilter. [00:27 - 00:28] The steady brewing sound abruptly stops as the extraction cycle reaches completion, followed by a slight shift in ambient acoustics as the user moves away."
c014103afa60,audio,aligned_dataset/marinate_meat_split/Seg1/marinate_meat,qa_pairs/aligned/audio_qa_results_aligned.json,audio_qa_pair;audio_qa_pair_2;audio_qa_pair_3,3,"[00:04 – 00:07] A rhythmic mechanical click-clack sound occurs as the refrigerator door is pulled open, followed by a low humming of the appliance’s internal motor. [00:23 – 00:28] A sharp, metallic clicking sound is heard as the faucet handle is turned, followed by a sudden, steady rush of water hitting the sink basin. [00:28 – 00:42] A continuous, rushing water sound persists as the stream flows directly onto the plastic surface of the cutting board, creating a splashing, hollow texture as the water rebounds off the board."
f6a011fbdcb4,audio,aligned_dataset/marinate_meat_split/Seg2/marinate_meat,qa_pairs/aligned/audio_qa_results_aligned.json,audio_qa_pair;audio_qa_pair_2;audio_qa_pair_3,3,"[00:00 - 00:02] A soft, scraping sound is heard as the hand adjusts the position of the plastic cutting board on the surface. [00:09 - 00:12] A distinct, wet thud sound occurs as the user places a piece of raw meat onto the cutting board from its plastic container. [00:16 - 00:27] A rhythmic, crisp slicing sound follows as the knife makes repeated indentations into the meat to create a cross-hatch pattern."
6899e4adfd2b,audio,aligned_dataset/marinate_meat_split/Seg3/marinate_meat,qa_pairs/aligned/audio_qa_results_aligned.json,audio_qa_pair;audio_qa_pair_2;audio_qa_pair_3;audio_qa_pair_4,4,"[00:03 – 00:06] A rhythmic, metallic scraping sound is heard as the user drags a knife across a white cutting board, accompanied by the muffled sound of a pork chop being sliced. [00:06 – 00:09] The sound of a firm, sharp slice is audible as the knife cuts through the pork chop on the board. [00:09 – 00:15] Several quick, repetitive cutting sounds continue as the user finishes slicing the meat. [00:26 – 00:27] A soft, dull thud is produced as the sliced pork chop is transferred from the cutting board into a white bowl. [00:36 – 00:40] A sliding, rattling sound occurs as the user pulls open a kitchen drawer to reach for a container lid. [00:40 – 00:42] A plastic clattering sound is heard as the blue container lid is grabbed from the drawer. [00:45 – 00:47] A soft, textured rustling sound occurs as the user picks up the second pork chop from the plastic tray."
6ea54e657261,audio,aligned_dataset/marinate_meat_split/Seg4/marinate_meat,qa_pairs/aligned/audio_qa_results_aligned.json,audio_qa_pair;audio_qa_pair_2;audio_qa_pair_3,3,"[00:01 - 00:03] A muffled, rhythmic crinkling and plastic-on-plastic sound occurs as the user pulls open the lid of the raw pork chop container, indicating the preparation phase. [00:07 - 00:09] A sharp, resonant mechanical click sounds as the user interacts with the stove-top control, likely adjusting the heat. [00:13 - 00:15] A faint, hollow clatter of plastic on a hard surface is heard as the user sets the pork chop container down on the counter. [00:27 - 00:29] A crisp, light metallic scratching sound occurs as the user reaches into the pantry and slides the salt shaker across the shelf before lifting it."
1c26f88a0849,audio,aligned_dataset/marinate_meat_split/Seg5/marinate_meat,qa_pairs/aligned/audio_qa_results_aligned.json,audio_qa_pair;audio_qa_pair_2;audio_qa_pair_3;audio_qa_pair_4,4,"[00:04 – 00:09] A rhythmic, crisp rattling sound originates from the right as the user vigorously shakes a salt shaker over the raw pork chop held in a blue plastic container. [00:12 – 00:18] A sharp, metallic clinking sound occurs when the user replaces the salt shaker on the shelf, followed by a slight scraping sound as they reach for and pick up a spice container. [00:20 – 00:23] A short, rhythmic rattling sound is heard as the spice shaker is shaken over the meat, followed by a soft, dull plastic thud as the lid of the blue container is placed back on top. [00:27 – 00:30] A brief, sharp sliding sound is produced when the user moves the plastic tray of meat across the countertop to tidy the workspace."
189ba8be7a1f,audio,aligned_dataset/open_doors_split/Seg1/open_doors,qa_pairs/aligned/audio_qa_results_aligned.json,audio_qa_pair;audio_qa_pair_2;audio_qa_pair_3,3,"[00:00 - 00:06] The sound of a metallic door handle clicking and the creak of a door swinging open is heard as the camera moves from darkness into a dimly lit space. [00:09 - 00:13] A sharp, rhythmic metallic latch sound resonates as the person grips and operates a door handle, followed by a sustained, low-pitched creaking sound as the door swings open to reveal a lit hallway."
9d803242b2c2,audio,aligned_dataset/open_doors_split/Seg2/open_doors,qa_pairs/aligned/audio_qa_results_aligned.json,audio_qa_pair;audio_qa_pair_2;audio_qa_pair_3,3,"[00:00 - 00:03] The sound of a metallic door handle clicking and the door being pushed open is heard as the person enters the next segment of the hallway. [00:11 - 00:14] A second door handle click occurs, followed by the sound of the door opening, as the person transitions from the stairs area into another corridor."
dc54092192a4,audio,aligned_dataset/open_doors_split/Seg3/open_doors,qa_pairs/aligned/audio_qa_results_aligned.json,audio_qa_pair;audio_qa_pair_2;audio_qa_pair_3,3,"[00:07 – 00:10] A loud, metallic metallic creaking sound occurs as a person grips and turns the door handle, followed by the sound of the door swinging open. [00:11 – 00:14] The sound of soft, muffled footsteps walking on the floor as the person moves through the doorway into the darkened room."
872f7a0f0036,audio,aligned_dataset/open_doors_split/Seg4/open_doors,qa_pairs/aligned/audio_qa_results_aligned.json,audio_qa_pair;audio_qa_pair_2;audio_qa_pair_3,3,"[00:03 – 00:06] A sharp, mechanical clicking sound occurs as the camera wearer reaches out and opens a white door, with the sound originating from the right of the frame. [00:07 – 00:09] The sound of a firm, hollow thud resonates as the door reaches its fully open position and comes to a stop against the door frame. [00:26 – 00:30] A metallic, latching click is heard as the user grips and pulls another door handle, followed by the sound of a door being pushed open into a stairwell."
dbae92fdb3fe,audio,aligned_dataset/open_doors_split/Seg5/open_doors,qa_pairs/aligned/audio_qa_results_aligned.json,audio_qa_pair;audio_qa_pair_2;audio_qa_pair_3,3,"[00:01 - 00:04] The sharp, metallic sound of a door handle being turned and a heavy door swinging open is heard, followed by the sound of the door latch clicking, as the camera wearer moves through the hallway. [00:04 - 00:07] A rhythmic, hollow clicking sound occurs as the camera wearer walks across the hard flooring toward another doorway. [00:08 - 00:10] The sound of another door handle being manipulated and a door opening, characterized by a mechanical creak and latch release, indicates the wearer is entering a new space. [00:10 - 00:13] The sound of footsteps continues, echoing slightly in the hallway, as the person walks down the corridor. [00:27 - 00:30] A distinct, sharp metallic 'click' from the door handle being turned, followed by a deeper, hollow 'thud' of the door being pushed open, signals the entry into a room."
3ea41c2090c7,audio,aligned_dataset/park_scene_split/Seg1/park_scene,qa_pairs/aligned/audio_qa_results_aligned.json,audio_qa_pair;audio_qa_pair_2;audio_qa_pair_3;audio_qa_pair_4,4,"[00:00 - 00:03] A low-frequency, rhythmic thudding sound of footsteps on a hard surface accompanies the visual movement as the camera operator passes the first set of benches. [00:05 - 00:08] The persistent, steady pace of footfalls continues, synchronized with the camera's motion as it passes a second pair of benches in the dim evening light. [00:13 - 00:25] The sound profile shifts to a slightly more hollow, echoing tone of footsteps while passing the playground area, reflecting the transition into an open, paved space. [00:29 - 00:34] Rhythmic, consistent footsteps resume their steady cadence as the camera pans past another set of benches. [00:39 - 00:45] The sequence concludes with the continuous, crisp sound of footsteps against the pavement as the individual moves past the final bench area in the quiet, dark environment."
d7a1d4ca427d,audio,aligned_dataset/park_scene_split/Seg2/park_scene,qa_pairs/aligned/audio_qa_results_aligned.json,audio_qa_pair;audio_qa_pair_2;audio_qa_pair_3,3,"[00:00 - 00:04] A sharp, rhythmic metallic clink is heard, synchronized with the camera wearer's hand grasping a metal railing of the balcony. [00:05 - 00:09] A muffled, hollow thumping sound occurs as the camera wearer's hand makes contact with the red metal frame structure during a adjustment motion. [00:15 - 00:20] A series of soft, rapid scraping sounds are heard, created by the camera wearer shifting their hand grip along the textured surface of the balcony railing."
12d13f616d85,audio,aligned_dataset/pour_water_split/Seg1/pour_water,qa_pairs/aligned/audio_qa_results_aligned.json,audio_qa_pair;audio_qa_pair_2;audio_qa_pair_3,3,"[00:01 – 00:04] A crisp, metallic clinking sound occurs as the user handles the metallic canister, indicating its solid composition. [00:05 – 00:08] A rhythmic, rustling sound is heard as the dry contents are poured from the canister into the pink cup. [00:13 – 00:15] A sharp, high-pitched metallic scraping sound occurs as the lid makes contact with the canister rim. [00:16 – 00:19] A steady, mechanical clicking sound resonates as the lid is screwed tightly onto the canister, signaling the completion of the sealing process."
eda74b5fe32d,audio,aligned_dataset/pour_water_split/Seg2/pour_water,qa_pairs/aligned/audio_qa_results_aligned.json,audio_qa_pair;audio_qa_pair_2;audio_qa_pair_3;audio_qa_pair_4,4,"[00:01 – 00:04] A distinct metallic clicking sound is heard as the user aligns and presses the pink lid onto the stainless steel cylinder held in their hand. [00:05 – 00:09] A soft friction-like sound occurs as the user adjusts the lid, followed by a slight clink as the metal components settle. [00:19 – 00:23] A hollow, rhythmic clatter is produced as the user places the stainless steel cylinder onto a hard surface. [00:24 – 00:27] A final, soft thud sound occurs as the lid is set down onto the surface beside a pink water pitcher."
74cf58baabc5,audio,aligned_dataset/ride_a_bike_split/Seg1/ride_a_bike,qa_pairs/aligned/audio_qa_results_aligned.json,audio_qa_pair;audio_qa_pair_2;audio_qa_pair_3,3,"[00:03 - 00:06] A sharp, metallic clicking sound occurs as the cyclist adjusts the gear shifter on the bicycle handle. [00:06 - 00:09] A resonant, high-pitched mechanical bell rings, signifying a clear, deliberate action by the cyclist as they navigate the turn. [00:12 - 00:15] A rhythmic mechanical clinking sound is heard, indicating the continued movement of the bicycle's chain and gears while riding on a textured brick path."
eda13cf8c177,audio,aligned_dataset/ride_a_bike_split/Seg2/ride_a_bike,qa_pairs/aligned/audio_qa_results_aligned.json,audio_qa_pair;audio_qa_pair_2;audio_qa_pair_3,3,"[00:08 - 00:12] The sound of a metal door latch clicking followed by a creaking hinge indicates the user is interacting with a bike room door. Visual confirmation shows the person walking toward and pulling open the door, which then leads to a hollow, echoing thud as the door is released and settles into the frame."
53f7bee1039d,audio,aligned_dataset/ride_a_bike_split/Seg3/ride_a_bike,qa_pairs/aligned/audio_qa_results_aligned.json,audio_qa_pair;audio_qa_pair_2;audio_qa_pair_3,3,"[00:04 – 00:06] A sharp metallic clink resonates as the user unlocks the bike, followed by a continuous metallic rattling sound as the lock mechanism is disengaged from the rack. [00:15 – 00:18] A series of rhythmic, light metallic clicks occurs as the user manipulates the lock components, indicating the preparation phase. [00:19 – 00:22] A pronounced metallic clatter signifies the lock chain being wrapped or shifted against the metal bike frame. [00:26 – 00:29] The sequence concludes with a distinct, solid metallic snap as the user finalizes the locking mechanism, securing the bicycle to the rack."
13a398454a35,audio,aligned_dataset/use_computer_split/Seg1/use_computer,qa_pairs/aligned/audio_qa_results_aligned.json,audio_qa_pair;audio_qa_pair_2;audio_qa_pair_3;audio_qa_pair_4,4,"[00:00 - 00:03] A subtle, rhythmic sound of a finger brushing against the laptop trackpad as the user navigates the coding interface. [00:06 - 00:07] A sharp, resonant clink of a ceramic mug making contact with the table surface, followed by a slight scraping sound as the mug is repositioned. [00:08 - 00:22] A soft, rhythmic scratching sound of a ballpoint pen moving across paper, interspersed with faint, periodic clicks from the laptop trackpad and keyboard as the user transcribes German phrases. [00:26 - 00:28] The laptop speakers play a clear, recorded voice speaking in German, saying 'Tschüss, eine...' as part of the language learning video content."
e6060add213b,audio,aligned_dataset/use_computer_split/Seg2/use_computer,qa_pairs/aligned/audio_qa_results_aligned.json,audio_qa_pair;audio_qa_pair_2;audio_qa_pair_3,3,"[00:00 - 00:06] A female narrator's voice is heard from the laptop, speaking clearly in German: ""...Frau nach dem Weg."" The audio originates from the laptop speakers directly in front of the camera, providing instruction as part of a language learning exercise. [00:06 - 00:34] Rhythmic, low-volume scratching sounds are heard as the user's hand, positioned in the center, presses a pen against paper to record German notes, with the pen lifting periodically to continue writing as the user references the laptop content."
84a9579bf425,audio,aligned_dataset/use_computer_split/Seg3/use_computer,qa_pairs/aligned/audio_qa_results_aligned.json,audio_qa_pair;audio_qa_pair_2;audio_qa_pair_3,3,"[00:01 - 00:04] A person speaking in German saying ""Entschuldigung, ja?"" while writing in a notebook, the audio is clear and originates from the person's location. [00:04 - 00:08] The speaker continues, saying ""Ich suche eine Bank,"" while actively writing on the notepad with a pen, indicating they are transcribing or following along with the video on their laptop. [00:09 - 00:12] The audio from the laptop video replies in German, ""Die Bank ist da,"" and the person stops writing briefly to look at the screen. [00:12 - 00:17] The person acknowledges the video's content by saying ""Ah, so, danke, tschüss,"" while the video continues to play in the background. [00:20 - 00:25] The narrator from the video speaks clearly, stating ""Walt geht über die Straße, Walt hat die Bank gefunden,"" providing context for the language learning lesson displayed on the laptop."
582ba36fcd80,audio,aligned_dataset/use_computer_split/Seg4/use_computer,qa_pairs/aligned/audio_qa_results_aligned.json,audio_qa_pair;audio_qa_pair_2;audio_qa_pair_3;audio_qa_pair_4,4,"[00:00 – 00:15] A rhythmic, scratching sound is heard as the person writes in a notebook, synchronized with the motion of the pen across the paper. [00:16 – 00:30] A clear, mechanical-sounding computer-generated voice speaks in German: ""Walt hat die Bank gefunden. Walt geht in die Bank. Walter hat Geld abgehoben."" The speech originates from the laptop placed directly behind the notebook, indicating the person is listening to audio content while note-taking."
5a1fc3db843f,audio,aligned_dataset/use_computer_split/Seg5/use_computer,qa_pairs/aligned/audio_qa_results_aligned.json,audio_sound_source_identification,1,[00:00] Soft handling sounds occur while the user manipulates nearby objects.
f9555eb26185,audio,aligned_dataset/use_computer_split/Seg5/use_computer,qa_pairs/aligned/audio_qa_results_aligned.json,audio_sound_characteristics,1,[00:04] Sharper contact sounds occur as an object is placed or adjusted.
1dac987fbd87,audio,aligned_dataset/use_computer_split/Seg6/use_computer,qa_pairs/aligned/audio_qa_results_aligned.json,audio_qa_pair;audio_qa_pair_2;audio_qa_pair_3,3,"[00:15 - 00:29] The speaker narrates a German story about a character named 'Waldi' waiting at a traffic light, with the audio characterized by clear, steady speech at a moderate volume. [00:29 - 00:30] The speaker finishes their sentence and emphasizes the conclusion by sharply tapping the plastic pen against the desk surface, creating a distinct, brief clicking sound."
87f872fd319f,audio,aligned_dataset/walk_upstairs_split/Seg1/walk_upstairs,qa_pairs/aligned/audio_qa_results_aligned.json,audio_qa_pair;audio_qa_pair_2;audio_qa_pair_3,3,"[00:00 – 00:09] Rhythmic, muffled thuds of footsteps on the tile floor and subsequently on the stairs, indicating the user's ascent. The sound is consistent and moderate in volume, suggesting a steady pace as the camera moves up the staircase. [00:23 – 00:29] A sharp, mechanical clicking sound followed by a brief creaking noise, signaling the interaction with a door handle and the opening of a heavy door as the user reaches the top of the stairs and moves into the corridor."
020e72decce1,audio,aligned_dataset/walk_upstairs_split/Seg2/walk_upstairs,qa_pairs/aligned/audio_qa_results_aligned.json,audio_qa_pair;audio_qa_pair_2;audio_qa_pair_3,3,"[00:19 - 00:23] A distinct mechanical clacking sound occurs as the camera wearer reaches out and manually pulls a door handle to open a glass-paned door, transitioning from a brightly lit stairwell into a dimly lit corridor. [00:24 - 00:25] A soft, rhythmic clicking sound follows as the door latch engages and settles back into its frame after being released, signaling the end of the door manipulation."
86522540ab46,audio,aligned_dataset/walk_upstairs_split/Seg3/walk_upstairs,qa_pairs/aligned/audio_qa_results_aligned.json,audio_qa_pair;audio_qa_pair_2;audio_qa_pair_3,3,"[00:08 - 00:10] The camera wearer approaches a door, resulting in a rhythmic, muffled click sound as they manipulate the door handle, followed by the sound of the door latch disengaging. [00:11 - 00:15] As the door swings inward, there is a distinct, low-frequency creak of door hinges, revealing a dark computer lab. [00:17 - 00:20] A soft electronic hum becomes audible as the camera enters the room, accompanied by the faint, rhythmic ticking of a light switch being toggled, leading to the illumination of the room. [00:22 - 00:25] The camera wearer places their hand on a desk, creating a subtle, hollow wooden tapping sound, while the ambient room noise shifts to include the distant whirring of computer cooling fans."
c1f52df2643f,audio,aligned_dataset/wash_cup_and_drink_water_split/Seg1/wash_cup_and_drink_water,qa_pairs/aligned/audio_qa_results_aligned.json,audio_qa_pair;audio_qa_pair_2;audio_qa_pair_3;audio_qa_pair_4,4,"[00:00 - 00:02] A loud, resonant creaking sound occurs as the user pulls open the cupboard door, followed by a slight clink as the mug is grasped from the shelf. [00:12 - 00:14] A soft, rhythmic squishing sound is heard as the user dispenses soap onto the sponge. [00:15 - 00:30] A persistent, abrasive scrubbing sound is audible, characterized by the friction of the sponge against the ceramic surface of the mug, accompanied by the gentle, hollow splashing of water in the sink as the user washes the item."
840c7df12bb7,audio,aligned_dataset/wash_cup_and_drink_water_split/Seg2/wash_cup_and_drink_water,qa_pairs/aligned/audio_qa_results_aligned.json,audio_qa_pair;audio_qa_pair_2;audio_qa_pair_3,3,"[00:00 - 00:06] The sound of a soft, rhythmic friction between a sponge and ceramic mug is heard as the user scrubs the mug's rim and surface in a dimly lit sink area. [00:13 - 00:30] A louder, continuous sound of rushing water fills the space as the faucet is turned on, followed by the clinking of the mug against the sink basin as the user rinses it."
00bc8c80eb41,audio,aligned_dataset/wash_cup_and_drink_water_split/Seg3/wash_cup_and_drink_water,qa_pairs/aligned/audio_qa_results_aligned.json,audio_qa_pair;audio_qa_pair_2;audio_qa_pair_3,3,"[00:00 – 00:04] A soft, low-pitched rushing sound of water fills the air as the user pours liquid from a pitcher into a bottle, with the sound intensifying as the water level rises within the container. [00:09 – 00:12] The splashing sound continues steadily, indicating the water is still flowing into the bottle from the pitcher. [00:27 – 00:30] The sound of rushing water ceases abruptly as the pitcher is pulled away, followed by the faint metallic clink of the pitcher being set down on the surface."
ecc9246840b6,audio,aligned_dataset/wash_cup_and_drink_water_split/Seg4/wash_cup_and_drink_water,qa_pairs/aligned/audio_qa_results_aligned.json,audio_qa_pair;audio_qa_pair_2;audio_qa_pair_3;audio_qa_pair_4,4,"[00:03 – 00:06] A sharp metallic click sound indicates the camera wearer engaging the water dispenser's lever. [00:06 – 00:11] The sound of running water is heard as it flows into a container, indicating the initiation of a filling process. [00:11 – 00:13] A clinking sound occurs as the container is adjusted or potentially strikes the rim of the dispenser. [00:13 – 00:23] The continuous, steady sound of liquid pouring persists while the container is being filled. [00:23 – 00:26] A sudden, sharp metallic thud is heard, signifying the user disengaging the lever and stopping the water flow. [00:26 – 00:29] A final subtle splashing sound occurs as the remaining water settles in the container."
c99ba9e9a7b5,audio,aligned_dataset/wash_cup_split/Seg1/wash_cup,qa_pairs/aligned/audio_qa_results_aligned.json,audio_qa_pair;audio_qa_pair_2;audio_qa_pair_3,3,"[00:00 - 00:03] A soft, crinkling rustle sound is heard as the hand pulls a thin cloth dishtowel away from the rubber gloves, revealing them on the counter. [00:03 - 00:10] A rhythmic, slightly muffled friction sound accompanies the hand as it reaches for and manipulates the rubber gloves, lifting them from the surface. [00:10 - 00:19] A distinct, tight rubber-on-skin friction sound occurs as the user forces their hand into the glove, followed by a series of small, rhythmic sliding sounds as the material settles. [00:19 - 00:22] A final, sharp, high-pitched snapping and stretching sound of rubber occurs as the user pulls and adjusts the cuff of the glove to ensure a secure fit."
ec6872dc0ee8,audio,aligned_dataset/wash_cup_split/Seg2/wash_cup,qa_pairs/aligned/audio_qa_results_aligned.json,audio_qa_pair;audio_qa_pair_2;audio_qa_pair_3;audio_qa_pair_4,4,"[00:01 – 00:04] A distinct metallic clicking sound occurs as the user pulls a green glove on, followed by a sharp clatter when they place an object on the counter. [00:05 – 00:08] The sound of a soft, porous plastic sponge being picked up from the counter is heard, followed by a slight plastic sliding noise as it is returned to its container. [00:09 – 00:12] A rhythmic, squeaky plastic sound is produced as the user grips and lifts a dish soap bottle, followed by a dull thud as it is set back down after dispensing. [00:13 – 00:18] A sharp, high-pitched metallic clink marks the user grabbing a white cup, followed by the continuous, rushing sound of water filling the sink and splashing against the cup as it is rinsed. [00:20 – 00:30] A rhythmic, abrasive scratching sound emerges as the user scrubs the dish with the blue side of the sponge, accompanied by the consistent, low-frequency hum of water flowing from the faucet."
a5f295beb7ae,audio,aligned_dataset/wash_cup_split/Seg3/wash_cup,qa_pairs/aligned/audio_qa_results_aligned.json,audio_qa_pair;audio_qa_pair_2;audio_qa_pair_3,3,"[00:00 – 00:08] A continuous, steady sound of running water is heard as the user washes a blue mug in the sink. [00:08 – 00:29] The sound of the water continues, punctuated by the rhythmic, textured scrubbing of a sponge against the ceramic surface of the mug, indicating the user is cleaning both the interior and exterior of the mug."
160dc75c6943,audio,aligned_dataset/wash_cup_split/Seg4/wash_cup,qa_pairs/aligned/audio_qa_results_aligned.json,audio_sound_source_identification,1,"[00:15] Muffled, rubbery rustling and wet slapping sounds occur as the user removes and handles heavy-duty green gloves... low-frequency thuds when the gloves hit the surface."
3ca6873089b8,audio,aligned_dataset/wash_cup_split/Seg4/wash_cup,qa_pairs/aligned/audio_qa_results_aligned.json,audio_sound_characteristics,1,"[00:04] A continuous, high-pitched rushing sound of water begins as a faucet is turned on. The steady volume indicates a constant flow."
6df22f5b288c,audio,aligned_dataset/wash_cup_split/Seg4/wash_cup,qa_pairs/aligned/audio_qa_results_aligned.json,audio_temporal_attribute,1,[00:04] Rushing water sound begins. [00:11] The rushing water sound is punctuated by rhythmic splashing and wet sloshing.
9d560c549729,audio,aligned_dataset/wash_cup_split/Seg4/wash_cup,qa_pairs/aligned/audio_qa_results_aligned.json,audio_inferential_causality,1,"[00:04] A continuous, high-pitched rushing sound of water begins... signaling a transition to a cleaning or decontamination step."
a7266a8a5c02,audio,aligned_dataset/wash_cup_split/Seg4/wash_cup,qa_pairs/aligned/audio_qa_results_aligned.json,audio_counting,1,"[00:01] A series of three sharp, metallic clicks occur in quick succession as the camera wearer manipulates a latch or lid."
b6882b47ce5d,audio,aligned_dataset/wash_cup_split/Seg4/wash_cup,qa_pairs/aligned/audio_qa_results_aligned.json,audio_cross_modal_reasoning,1,"[00:15] Muffled, rubbery rustling and wet slapping sounds occur... the audio characteristics... confirm the thick, wet material of the gloves."
f56c48633d47,audio,aligned_dataset/wash_cup_split/Seg4/wash_cup,qa_pairs/aligned/audio_qa_results_aligned.json,audio_sound_characteristics_2,1,"[00:24] Soft, damp friction sounds follow as the wearer adjusts the wet gloves on the workspace and begins wiping the nearby area."
8d39a181bd01,audio,aligned_dataset/wash_hand_split/Seg1/wash_hands,qa_pairs/aligned/audio_qa_results_aligned.json,audio_qa_pair;audio_qa_pair_2;audio_qa_pair_3,3,"[00:00 – 00:04] A low-frequency hum emanates from the surrounding computer equipment, establishing a steady ambient drone in the darkened room. [00:23 – 00:26] A sharp, rhythmic metallic clicking sound occurs as the user grasps and rotates the door handle. [00:26 – 00:28] The sound of a door latch releasing is followed by a creaking hinge noise as the user pushes the door open to reveal a lit, adjacent room."
d7d59a0f6ce0,audio,aligned_dataset/wash_hand_split/Seg2/wash_hands,qa_pairs/aligned/audio_qa_results_aligned.json,audio_qa_pair;audio_qa_pair_2;audio_qa_pair_3,3,"[00:06 – 00:08] A loud, metallic mechanical clicking sound occurs as the person pushes the restroom door open. [00:18 – 00:20] A metallic clicking sound is heard as the person releases the door handle and the door latch engages. [00:22 – 00:24] A rhythmic, hollow plastic pumping sound occurs as the person presses the soap dispenser. [00:27 – 00:30] A continuous, rushing sound of water splashing against ceramic is heard as the faucet is turned on, followed by the soft, friction-based sound of the person rubbing their hands together under the stream."
38b27de84a7d,audio,aligned_dataset/wash_hand_split/Seg3/wash_hands,qa_pairs/aligned/audio_qa_results_aligned.json,audio_qa_pair;audio_qa_pair_2;audio_qa_pair_3;audio_qa_pair_4,4,"[00:00 – 00:11] The soft, hollow sound of soap being rubbed between hands, characterized by rhythmic, wet friction textures as the user prepares to wash their hands. [00:11 – 00:32] A loud, continuous splashing sound occurs as the user places their hands under the faucet's water stream; the sound is consistent in volume and timbre, signifying the water hitting the porcelain sink basin and the skin of the hands. [00:35 – 00:38] A sharp, crisp, and slightly metallic mechanical ripping sound occurs as the user pulls a paper towel from the wall-mounted dispenser, indicating the tension and release of the paper material. [00:38 – 00:43] A soft, muffled, and dry rustling sound is produced by the rhythmic friction of the paper towel against the skin as the user dries their hands."
14a23584c25b,audio,aligned_dataset/wash_hand_split/Seg4/wash_hands,qa_pairs/aligned/audio_qa_results_aligned.json,audio_qa_pair;audio_qa_pair_2;audio_qa_pair_3;audio_qa_pair_4,4,"[00:00 - 00:02] A soft, rhythmic friction sound occurs as the individual rubs their wet hands together over the sink basin. [00:03 - 00:05] A light, papery rustling sound is heard as the user pulls a tissue from the dispenser. [00:07 - 00:09] The metallic clicking of a door handle latch disengaging resonates as the user begins to exit the bathroom. [00:19 - 00:23] A brief, high-pitched electronic beep sounds, indicating the RFID reader on the office door successfully recognizes the key card. [00:26 - 00:29] The heavy, resonant mechanical sound of a door handle being turned and the subsequent click of the latch opening is heard as the person enters the office."
1afafcdcaf4e,audio,aligned_dataset/wash_hands_split/Seg1/wash_hands,qa_pairs/aligned/audio_qa_results_aligned.json,audio_qa_pair;audio_qa_pair_2;audio_qa_pair_3,3,"[00:27 – 00:30] A metallic clicking sound occurs as the user's hand makes initial contact with the door handle. [00:30 – 00:34] A distinct, sustained creaking and mechanical ratcheting sound is heard as the user turns the handle and begins to pull the door, correlating with the visual movement of the door opening. [00:34 – 00:36] A soft, friction-heavy swishing sound is produced as the door swings wide open, revealing the brightly lit bathroom interior."
b1d89f9f46a6,audio,aligned_dataset/wash_hands_split/Seg2/wash_hands,qa_pairs/aligned/audio_qa_results_aligned.json,audio_qa_pair;audio_qa_pair_2;audio_qa_pair_3,3,"[00:06 – 00:08] A crisp, metallic click-clack sound occurs as the user unlocks and pushes the restroom door open, signaling the transition into the room. [00:15 – 00:17] A mechanical latch click resonates as the user pulls the door handle to pull the door shut, isolating the space. [00:22 – 00:24] A rhythmic, hollow plastic clunk sounds as the user presses the soap dispenser, followed by the soft, squelching sound of soap being dispensed into their palm. [00:27 – 00:30] A persistent, high-frequency rushing sound of water fills the space as the motion-activated faucet turns on, accompanied by the splashing of water against the porcelain sink surface as the user washes their hands."
615cce2d6ec1,audio,aligned_dataset/wash_hands_split/Seg3/wash_hands,qa_pairs/aligned/audio_qa_results_aligned.json,audio_qa_pair;audio_qa_pair_2;audio_qa_pair_3,3,"[00:11 – 00:17] A continuous, moderate-volume sound of rushing water is heard as the person positions their hands under the faucet stream to rinse off soap suds. [00:18 – 00:19] A short, sharp, mechanical rustling and tearing sound is heard as the person interacts with the wall-mounted paper towel dispenser. [00:20 – 00:26] A soft, rhythmic, dry crinkling sound persists as the person rubs the paper towel against their hands to dry them."
be0330f2eeff,audio,aligned_dataset/wash_hands_split/Seg4/wash_hands,qa_pairs/aligned/audio_qa_results_aligned.json,audio_qa_pair;audio_qa_pair_2;audio_qa_pair_3,3,"[00:00 – 00:02] A sharp, rhythmic splashing sound is heard as the user rubs their wet hands under the running tap. [00:02 – 00:03] A sudden, high-pitched mechanical whirring sound occurs as the automatic soap dispenser activates, followed by the soft crumpling sound of paper being pulled from the wall-mounted dispenser. [00:08 – 00:15] A rhythmic, crisp rustling sound is produced by the repetitive friction of the user drying their hands with the paper towel. [00:19 – 00:20] A sharp metallic clink and heavy mechanical click occur as the user unlocks the restroom door with a key card. [00:20 – 00:26] A steady, hollow thudding sound echoes as the door swings open and hits the wall stop, followed by the soft, rhythmic clicking of the user walking out into the corridor."
7d2b171441b1,audio,aligned_dataset/wash_my_face_split/Seg1/wash_my_face,qa_pairs/aligned/audio_qa_results_aligned.json,audio_qa_pair;audio_qa_pair_2;audio_qa_pair_3,3,"[00:00 - 00:03] A sharp, rhythmic friction sound occurs as the user, wearing a head-mounted camera and looking into a mirror, wipes their face with a striped towel held in both hands. [00:06 - 00:10] A muffled, hollow sound of footsteps on a hard floor is heard as the user walks from the bathroom toward a darker, dimly lit room. [00:12 - 00:15] A sharp, mechanical clicking sound accompanies the closing of a door, followed by a slight metallic creak as the latch secures, creating a sudden shift to near-total silence in the darkened room."
4110a408863b,audio,aligned_dataset/wash_my_face_split/Seg2/wash_my_face,qa_pairs/aligned/audio_qa_results_aligned.json,audio_qa_pair;audio_qa_pair_2;audio_qa_pair_3;audio_qa_pair_4,4,"[00:00 - 00:04] A soft, rhythmic friction sound is heard as the person wipes their face with a towel. [00:10 - 00:14] A faint, light thud occurs when the person places the towel down on the sink surface. [00:27 - 00:30] A slight, crisp metallic or plastic clicking sound is audible as the person grasps and lifts their eyeglasses from the hard windowsill surface. [00:31 - 00:33] A subtle rustling and soft click sound occurs as the person adjusts the eyeglasses, securing them onto their face."
143bec4fbd99,audio,aligned_dataset/wash_my_face_split/Seg3/wash_my_face,qa_pairs/aligned/audio_qa_results_aligned.json,audio_qa_pair;audio_qa_pair_2;audio_qa_pair_3;audio_qa_pair_4,4,"[00:04 – 00:07] A rhythmic, mechanical clinking sound is heard, synchronized with the camera wearer's hands adjusting a small object on the work surface, suggesting the precise manipulation of metal or hard plastic components. [00:12 – 00:17] A distinct series of sharp, metallic clicks occurs as the user shifts an item, indicating the tactile connection of components being assembled or locked into place within the dim, dimly lit workspace."
6cb2b13bd4e6,audio,aligned_dataset/water_plants_split/Seg1/water_plants,qa_pairs/aligned/audio_qa_results_aligned.json,audio_qa_pair;audio_qa_pair_2;audio_qa_pair_3,3,"[00:07 - 00:13] A faint, sharp plastic clicking sound is heard as the user manipulates the spray nozzle, accompanied by the rhythmic mechanical ticking of the spray head being adjusted; [00:19 - 00:30] A clear, rushing sound of water fills the kitchen as the spray bottle is positioned under the faucet and begins to fill, transitioning from a splashing impact to a hollow, resonating gurgle as the bottle fills up."
498bb61b0f46,audio,aligned_dataset/water_plants_split/Seg2/water_plants,qa_pairs/aligned/audio_qa_results_aligned.json,audio_qa_pair;audio_qa_pair_2;audio_qa_pair_3;audio_qa_pair_4,4,"[00:00 – 00:04] A clear, continuous sound of water flowing from a kitchen faucet is heard as the user positions a white plastic bottle under the stream to fill it. [00:04 – 00:15] A series of distinct, rhythmic plastic clicking sounds occur, indicating the user is screwing a green spray mechanism onto the neck of the bottle, with the sounds becoming more deliberate as the cap tightens."
98ef241d866f,audio,aligned_dataset/water_plants_split/Seg3/water_plants,qa_pairs/aligned/audio_qa_results_aligned.json,audio_qa_pair;audio_qa_pair_2;audio_qa_pair_3;audio_qa_pair_4,4,"[00:00 - 00:13] The user is handling a spray bottle at a sink, creating soft, rhythmic clicking and mechanical squeaking sounds as the trigger is squeezed and released, indicating the preparation or testing of the sprayer. [00:25 - 00:34] As the user approaches a plant in the corner, a soft, deliberate rustle of leaves is heard, likely caused by the user's hand brushing against the plant foliage while inspecting the yellow sticky trap. [00:34 - 00:52] The user activates the spray bottle multiple times; each squeeze produces a crisp, high-pitched ""hiss"" followed by the faint sound of liquid mist particles lightly impacting the plant leaves, confirming the application of the spray."
271d6b5f0b98,audio,aligned_dataset/water_plants_split/Seg4/water_plants,qa_pairs/aligned/audio_qa_results_aligned.json,audio_qa_pair;audio_qa_pair_2;audio_qa_pair_3;audio_qa_pair_4,4,"[00:00 - 00:06] A rhythmic, hollow pumping sound occurs as the user grips and activates the plastic sprayer, producing a sharp, mechanical suction noise with each depression. [00:06 - 00:08] A soft, swishing misting sound follows as water is sprayed onto the foliage. [00:08 - 00:15] A series of rapid, mechanical clacking sounds occurs as the user adjusts the yellow sticky trap, scraping the plastic base against the ceramic pot rim. [00:15 - 00:25] The rhythmic, mechanical pump sounds resume as the sprayer is used again, accompanied by the subtle, high-pitched hiss of water being dispersed into the air."
67220f2da06c,audio,aligned_dataset/water_plants_split/Seg5/water_plants,qa_pairs/aligned/audio_qa_results_aligned.json,audio_qa_pair;audio_qa_pair_2;audio_qa_pair_3,3,"[00:00 – 00:42] The rhythmic, mechanical sound of a manual pump spray bottle is heard as the user mists the soil and leaves of several potted plants, characterized by a distinct repetitive 'pshh' sound occurring every few seconds as the nozzle is actuated. [00:43 – 00:54] The mechanical spraying ceases, replaced by the soft, tactile sound of fingers rustling and adjusting a thin, adhesive plastic yellow sticky trap card tucked into the soil of a plant pot."
ac3afa7bfae5,audio,aligned_dataset/water_plants_split/Seg6/water_plants,qa_pairs/aligned/audio_qa_results_aligned.json,audio_qa_pair;audio_qa_pair_2;audio_qa_pair_3;audio_qa_pair_4,4,"[00:00 – 00:01] A sharp, mechanical plastic clicking sound occurs as the user squeezes the trigger of the pressurized spray bottle, followed by a brief, hissing spray of water onto the plant soil. [00:02 – 00:05] A light, papery rustling sound is produced as the user's hand peels and repositions the yellow sticky trap, emphasizing the adhesive texture of the card. [00:08 – 00:10] A distinct, rhythmic mechanical clicking sound is heard as the spray trigger is activated repeatedly, followed by a short, pressurized hissing spray sound directed at the foliage. [00:11 – 00:14] A sustained, pressurized hissing sound is produced by the spray nozzle, clearly audible as a concentrated stream of water hits the potting soil. [00:19 – 00:23] A loud, sharp mechanical click precedes a prolonged, pressurized hissing spray that lasts for several seconds, indicating a consistent application of water to the adjacent plants."
0625e0e72eef,depth,check_mailbox_split/Seg1/check_mailbox,qa_pairs/aligned/marigold_depth_qa_results_aligned.json,depth_non_common,1,The depth stream shows normal room geometry with no floating or intersecting objects.
118964b10814,depth,check_mailbox_split/Seg1/check_mailbox,qa_pairs/aligned/marigold_depth_qa_results_aligned.json,depth_dynamic_counting,1,A person walks into the room. Their depth decreases as they move toward the camera before exiting the frame.
1bd9d2fe59f3,depth,check_mailbox_split/Seg1/check_mailbox,qa_pairs/aligned/marigold_depth_qa_results_aligned.json,depth_action,1,"The subject is navigating forward through the door, effectively changing the viewpoint from a restricted, dark area to a more open room."
2782d84199da,depth,check_mailbox_split/Seg1/check_mailbox,qa_pairs/aligned/marigold_depth_qa_results_aligned.json,depth_dynamic_recognition,1,"A person is observed moving through the room from far depth to near depth, crossing the threshold of the door."
3320772c721f,depth,check_mailbox_split/Seg1/check_mailbox,qa_pairs/aligned/marigold_depth_qa_results_aligned.json,depth_counting,1,"In the visible space, there are 1 door frame, 1 table, 3 distinct floor objects, and 2 walls defining the room geometry."
415577e9fc95,depth,check_mailbox_split/Seg1/check_mailbox,qa_pairs/aligned/marigold_depth_qa_results_aligned.json,depth_object_recognition,1,"The video displays a room with a doorway leading to another area. There is a floor, a table-like object near the door, and several items on the floor that appear as distinct depth clusters."
6d24b5a927a9,depth,check_mailbox_split/Seg1/check_mailbox,qa_pairs/aligned/marigold_depth_qa_results_aligned.json,depth_spatial_reasoning,1,"The camera moves through a doorway. The doorway frame is closer to the viewer than the objects in the next room. There is a table-like object on the right side of the threshold, and items are scattered on the floor, some of which are partially occluded by the door frame."
7f8d10a91d82,depth,check_mailbox_split/Seg1/check_mailbox,qa_pairs/aligned/marigold_depth_qa_results_aligned.json,depth_navigation,1,"The navigation path is a direct line through a doorway. The 3D layout shows a clear, unobstructed floor area in the doorway transition."
eedba7844b00,depth,check_mailbox_split/Seg1/check_mailbox,qa_pairs/aligned/marigold_depth_qa_results_aligned.json,depth_scene_sequence,1,"The sequence starts in a dark room facing a partially open door. As the camera moves forward, it transitions through the doorway into a second, more illuminated room, revealing furniture and objects scattered on the floor."
000c855b0c9d,depth,check_mailbox_split/Seg2/check_mailbox,qa_pairs/aligned/marigold_depth_qa_results_aligned.json,depth_dynamic_counting,1,"There are no moving entities other than the camera holder throughout the sequence, which records the static 3D geometry of the stairwell structure as the camera descends."
138255cb2875,depth,check_mailbox_split/Seg2/check_mailbox,qa_pairs/aligned/marigold_depth_qa_results_aligned.json,depth_action,1,"The subject behind the camera is performing a downward descent, characterized by a continuous decrease in height within the Z-axis of the stairwell, moving from higher landing platforms to lower ones."
13b94ac50a0c,depth,check_mailbox_split/Seg2/check_mailbox,qa_pairs/aligned/marigold_depth_qa_results_aligned.json,depth_scene_sequence,1,"The camera moves down an outdoor staircase, transitioning between landings. The navigation sequence reveals a vertical 3D structure with repeating staircase segments, metal railings at fixed depth intervals, and open landings providing access to building corridors located at deeper spatial layers."
1d793ad72dc8,depth,check_mailbox_split/Seg2/check_mailbox,qa_pairs/aligned/marigold_depth_qa_results_aligned.json,depth_counting,1,"The scene features several distinct geometric components identified by their depth layers: 3 main staircase levels, 4 primary horizontal railing sections, 1 landing platform, 1 tree structure, and 1 main corridor entrance."
49c782b3940a,depth,check_mailbox_split/Seg2/check_mailbox,qa_pairs/aligned/marigold_depth_qa_results_aligned.json,depth_non_common,1,"The 3D geometry represents a standard stairwell architecture. There are no observed floating objects, unrealistic intersections, or physically implausible depth orderings; the layout is consistent with real-world geometry."
619503827f9a,depth,check_mailbox_split/Seg2/check_mailbox,qa_pairs/aligned/marigold_depth_qa_results_aligned.json,depth_object_recognition,1,"The video displays an exterior stairwell at an apartment complex, showing multiple landings, railings, and staircase sections. The structure exhibits clear depth separation between the near foreground railings and the further stair levels, with a tree visible on the left at a medium-distance depth layer."
7dbeb62bd06f,depth,check_mailbox_split/Seg2/check_mailbox,qa_pairs/aligned/marigold_depth_qa_results_aligned.json,depth_spatial_reasoning,1,"The camera captures an outdoor stairwell layout. The nearest object is the staircase railing on the right. A set of stairs is positioned in the mid-ground, leading to upper and lower levels. A tree on the far left stands further away than the stairs. The landing is directly in front of the camera, and the railings delineate the perimeter of the walkway, separating the open space from the building walls further back."
b7b30b8ade22,depth,check_mailbox_split/Seg2/check_mailbox,qa_pairs/aligned/marigold_depth_qa_results_aligned.json,depth_dynamic_recognition,1,The environment is static. The depth stream shows no dynamic objects; the only motion is generated by the camera's translation through the fixed 3D architecture of the stairwell.
db75fbc677a1,depth,check_mailbox_split/Seg2/check_mailbox,qa_pairs/aligned/marigold_depth_qa_results_aligned.json,depth_navigation,1,"The navigation path is a descending staircase. The 3D layout includes safe landing areas between sets of stairs. The staircase provides a clear, central path for vertical movement, while the railings serve as depth-defined boundaries for the navigable walkway."
0f949246933e,depth,check_mailbox_split/Seg3/check_mailbox,qa_pairs/aligned/marigold_depth_qa_results_aligned.json,depth_object_recognition,1,"The video displays a corridor area with various distinct objects including a ceiling structure at a near distance, walls on both sides defining the narrow path, a balcony railing on the right, stairs connecting levels, and parked vehicles visible in the distance through an open area."
32ad02d3e62a,depth,check_mailbox_split/Seg3/check_mailbox,qa_pairs/aligned/marigold_depth_qa_results_aligned.json,depth_dynamic_counting,1,There are no moving entities other than the camera movement as it proceeds forward through the static environment.
5295cee73327,depth,check_mailbox_split/Seg3/check_mailbox,qa_pairs/aligned/marigold_depth_qa_results_aligned.json,depth_navigation,1,"The path is a straightforward forward movement through a corridor. The 3D layout includes a clear floor area for walking, bounded by walls and a railing, leading toward a wider open space accessible via the corridor."
701fc8083ca9,depth,check_mailbox_split/Seg3/check_mailbox,qa_pairs/aligned/marigold_depth_qa_results_aligned.json,depth_counting,1,"The scene contains 2 walls, 1 ceiling, 1 balcony railing, 1 set of stairs, and at least 2 distinct cars visible in the parking area, all identifiable by their 3D geometry."
80ea975b11d2,depth,check_mailbox_split/Seg3/check_mailbox,qa_pairs/aligned/marigold_depth_qa_results_aligned.json,depth_spatial_reasoning,1,"The scene layout consists of a narrow corridor with walls on either side. A balcony railing is located on the right. Stairs are positioned towards the end of the corridor, appearing further away. There are vehicles parked at the end of the walkway. The ceiling is closer to the viewer than the floor, and the walls are adjacent to the walkway."
8dacc524e403,depth,check_mailbox_split/Seg3/check_mailbox,qa_pairs/aligned/marigold_depth_qa_results_aligned.json,depth_scene_sequence,1,"The camera moves forward through a corridor, transitions past a balcony and stairwell on the right, and continues toward an open area where vehicles are parked, showing a progression from a closed interior-like walkway to an outdoor parking space."
b2de5a5b6906,depth,check_mailbox_split/Seg3/check_mailbox,qa_pairs/aligned/marigold_depth_qa_results_aligned.json,depth_dynamic_recognition,1,The scene is static with no moving objects; the only dynamic component is the camera's forward progression through the stationary architecture.
be0a2c59ee4d,depth,check_mailbox_split/Seg3/check_mailbox,qa_pairs/aligned/marigold_depth_qa_results_aligned.json,depth_non_common,1,"The depth reconstruction shows standard architectural geometry for a building corridor, with no visible floating, intersecting, or geometrically impossible objects."
f214394806b9,depth,check_mailbox_split/Seg3/check_mailbox,qa_pairs/aligned/marigold_depth_qa_results_aligned.json,depth_action,1,"The camera holder is moving forward through a corridor, approaching the stairs and eventually the parking area, indicating a navigation task."
1a18f357c966,depth,check_mailbox_split/Seg4/check_mailbox,qa_pairs/aligned/marigold_depth_qa_results_aligned.json,depth_non_common,1,"The scene layout is physically plausible. No floating, intersecting, or clipped objects are visible in the depth stream. All depth relationships between the walls, doorways, vegetation, and humans appear realistic."
1d9281625992,depth,check_mailbox_split/Seg4/check_mailbox,qa_pairs/aligned/marigold_depth_qa_results_aligned.json,depth_counting,8,"In the full sequence, I count 1 human figure walking, 1 staircase, 2 doorway transitions, 1 outdoor area, and 1 main mailbox unit. The mailbox unit contains a grid of 12 rectangular slots."
2c24d0630c1c,depth,check_mailbox_split/Seg4/check_mailbox,qa_pairs/aligned/marigold_depth_qa_results_aligned.json,depth_action,8,"I am walking forward at a consistent pace. I pass through two doorways. At the end of the sequence, I reach my hand toward the mailboxes, as evidenced by a dark silhouette appearing in the extreme foreground of the depth map."
4f0c900fd199,depth,check_mailbox_split/Seg4/check_mailbox,qa_pairs/aligned/marigold_depth_qa_results_aligned.json,depth_navigation,1,"I navigate through a corridor, through an outdoor area, and back into a corridor. The path is largely straight with turns at doorways. A staircase on the right serves as a landmark just before I reach my destination at the mailbox wall."
6b9e0c724be2,depth,check_mailbox_split/Seg4/check_mailbox,qa_pairs/aligned/marigold_depth_qa_results_aligned.json,depth_dynamic_counting,8,"I observe one person walking away from me. They appear at the 300th frame and move further into the distance. No other moving entities, like cars or other people, are counted in the depth stream."
833a8657c978,depth,check_mailbox_split/Seg4/check_mailbox,qa_pairs/aligned/marigold_depth_qa_results_aligned.json,depth_dynamic_recognition,8,A human figure is recognized moving away from the camera. The figure first appears at frame 300 and continues moving toward a doorway. It eventually vanishes behind the door frame before the camera reaches the same point.
afe0c8365b8a,depth,check_mailbox_split/Seg4/check_mailbox,qa_pairs/aligned/marigold_depth_qa_results_aligned.json,depth_scene_sequence,1,"I begin in an indoor corridor and move forward through a doorway to an outdoor path. I then re-enter the building through a second doorway. I walk down another hallway, passing a staircase on the right, and terminate the sequence at a wall of mailboxes."
b9f48636a383,depth,check_mailbox_split/Seg4/check_mailbox,qa_pairs/aligned/marigold_depth_qa_results_aligned.json,depth_object_recognition,1,"The depth stream shows an indoor environment transitioning to an outdoor one. I see flat vertical surfaces representing hallway walls and a rectangular doorway. A human silhouette is visible moving in the distance. Outdoors, I encounter irregular, noisy depth structures typical of bushes and thin vertical lines for tree trunks. The sequence ends with a staircase on the right and a wall unit containing a grid of rectangular mailbox slots."
f2cc22d0f23f,depth,check_mailbox_split/Seg4/check_mailbox,qa_pairs/aligned/marigold_depth_qa_results_aligned.json,depth_spatial_reasoning,1,"In the hallway, the walls are the closest objects on my left and right. The doorway is further in the distance. Outside, the bushes are closer to me than the background trees. In the final hallway, the staircase is located on the right, while the mailbox unit is directly in front and becomes the closest object as I approach it."
21cd436d64c9,depth,check_mailbox_split/Seg5/check_mailbox,qa_pairs/aligned/marigold_depth_qa_results_aligned.json,depth_spatial_reasoning,1,"The balcony railing is in the immediate foreground, closest to me. Beyond the railing, there is a open space leading to a staircase. Trees are visible in the distance, behind the balcony's open area. The staircase is situated to the left of the balcony, descending downwards, and is further than the railing but closer than the distant trees."
32ae52a5d989,depth,check_mailbox_split/Seg5/check_mailbox,qa_pairs/aligned/marigold_depth_qa_results_aligned.json,depth_counting,1,"In the sequence, I can identify several distinct depth layers: the immediate railing, the staircase steps, the intermediate balcony platform, the trees, and the distant ground."
402a9bfd0f77,depth,check_mailbox_split/Seg5/check_mailbox,qa_pairs/aligned/marigold_depth_qa_results_aligned.json,depth_navigation,1,"The navigation path follows a descending staircase. The 3D layout shows a clear downward trajectory, with the railings acting as boundaries for the walkable area. The path is open and consistent with a standard exterior stairwell design."
4982ae91f47f,depth,check_mailbox_split/Seg5/check_mailbox,qa_pairs/aligned/marigold_depth_qa_results_aligned.json,depth_action,1,My action involves moving downward along a staircase. The depth stream confirms a continuous decrease in height and a change in spatial perspective as I descend.
53214e5e761a,depth,check_mailbox_split/Seg5/check_mailbox,qa_pairs/aligned/marigold_depth_qa_results_aligned.json,depth_dynamic_recognition,1,There are no moving entities detected in the scene; the movement is entirely due to the camera's progression through the static 3D environment.
b368a41495fc,depth,check_mailbox_split/Seg5/check_mailbox,qa_pairs/aligned/marigold_depth_qa_results_aligned.json,depth_dynamic_counting,1,The video does not show any moving humans or dynamic objects independent of the camera's controlled movement.
d66feb7dd53e,depth,check_mailbox_split/Seg5/check_mailbox,qa_pairs/aligned/marigold_depth_qa_results_aligned.json,depth_object_recognition,1,"The scene displays a staircase structure with a balcony and railing system. A series of steps descends, with a railing clearly defined in the foreground. Trees and distant landscape elements are visible beyond the balcony edge, separated by significant depth layers."
e0d8f4a6e4db,depth,check_mailbox_split/Seg5/check_mailbox,qa_pairs/aligned/marigold_depth_qa_results_aligned.json,depth_non_common,1,"The scene displays standard architectural geometry; there are no floating, intersecting, or unnaturally ordered objects."
fb3a02915ef2,depth,check_mailbox_split/Seg5/check_mailbox,qa_pairs/aligned/marigold_depth_qa_results_aligned.json,depth_scene_sequence,1,"The video tracks a downward movement through an outdoor staircase and balcony area. The transition begins on a platform or walkway, proceeds down a set of stairs, and ends by viewing an open space or outdoor area through the railings."
0653e0601635,depth,check_mailbox_split/Seg6/check_mailbox,qa_pairs/aligned/marigold_depth_qa_results_aligned.json,depth_action,1,"The camera holder is navigating an indoor environment, moving forward through a hallway and approaching a staircase."
0c4040d08a64,depth,check_mailbox_split/Seg6/check_mailbox,qa_pairs/aligned/marigold_depth_qa_results_aligned.json,depth_counting,1,"The sequence shows a multi-level indoor space with architectural elements and furniture. Identified objects include 12 railing segments, 2 main floor levels, 1 table, 3 chairs, 1 waste bin, and 4 wall sections."
200b9836f29d,depth,check_mailbox_split/Seg6/check_mailbox,qa_pairs/aligned/marigold_depth_qa_results_aligned.json,depth_scene_sequence,1,"The video sequence captures a transition from a lower-level landing through an open room area, followed by a brief view into a closet or storage nook. The camera then moves toward a staircase, ascends it, and finally navigates along an upper-floor corridor. This sequence demonstrates a clear transition between different functional 3D spaces connected by a central stairwell."
8e241e34f2cb,depth,check_mailbox_split/Seg6/check_mailbox,qa_pairs/aligned/marigold_depth_qa_results_aligned.json,depth_spatial_reasoning,1,"In the initial sequence, the railing on the left is closer to me than the far wall seen through the opening. Inside the room, the chairs are placed behind the table relative to my position. In the storage area, the shoes are located on the floor surface, below the level of the hanging clothes. During the staircase ascent, each subsequent step is initially far and becomes closer as I move up, with the handrails positioned beside the steps. On the final landing, the vertical bars of the railing are arranged in a row, with some being closer to the lens than others due to the perspective."
8f74e07ff71f,depth,check_mailbox_split/Seg6/check_mailbox,qa_pairs/aligned/marigold_depth_qa_results_aligned.json,depth_non_common,1,"The depth information depicts a standard architectural layout consisting of landings, rooms, storage areas, and a staircase. All objects appear to be grounded and follow realistic 3D geometry; there are no instances of floating objects or intersecting structures that violate physical common sense."
a47800a86d8e,depth,check_mailbox_split/Seg6/check_mailbox,qa_pairs/aligned/marigold_depth_qa_results_aligned.json,depth_dynamic_recognition,1,"No moving objects are present in the depth data; the camera holder is the only source of motion, observing a static indoor scene."
c664643f2c8c,depth,check_mailbox_split/Seg6/check_mailbox,qa_pairs/aligned/marigold_depth_qa_results_aligned.json,depth_object_recognition,1,"The depth video begins on a landing with a prominent railing on the left and a wall on the right. As the camera moves forward, it enters an open room containing a rectangular table and at least two chairs, both positioned at a middle distance. Following this, the scene shifts to a storage or closet area where hanging garments are seen at a mid-depth on the right, with several shoe-like objects scattered on the floor in the near foreground. Finally, a staircase appears, with its individual treads and handrails forming a diagonal structure that the camera ascends, ending on another upper landing with similar railing structures."
ccfb4b59b32d,depth,check_mailbox_split/Seg6/check_mailbox,qa_pairs/aligned/marigold_depth_qa_results_aligned.json,depth_navigation,1,"The path begins on a landing, heading straight toward a doorway that opens into a larger room. After turning slightly toward a storage area on the right, the path leads to a staircase. Navigation involves a straight ascent up the stairs, followed by a leftward movement along an upper corridor. The 3D layout shows clear, unobstructed floor surfaces for walking and distinct vertical boundaries provided by walls and railings."
d2f1b0451956,depth,check_mailbox_split/Seg6/check_mailbox,qa_pairs/aligned/marigold_depth_qa_results_aligned.json,depth_dynamic_counting,1,There are no moving humans or objects other than the camera holder moving through the environment.
055ef8035596,depth,cut_carrot_split/Seg1/cut_carrot,qa_pairs/aligned/marigold_depth_qa_results_aligned.json,depth_dynamic_counting,8,"The sequence involves the user manipulating objects on a flat surface. A round object is being peeled with a peeler. The hand moves dynamically across the cutting board, maintaining a relatively constant distance from the camera, with the object moving in and out of the center field of view."
53f537183e57,depth,cut_carrot_split/Seg1/cut_carrot,qa_pairs/aligned/marigold_depth_qa_results_aligned.json,depth_non_common,1,"The scene shows standard physical objects on a kitchen counter. No floating, clipping, or impossible geometric intersections are observed. The depth ordering of the knife, peeler, and cutting board appears physically consistent."
59894f3a268c,depth,cut_carrot_split/Seg1/cut_carrot,qa_pairs/aligned/marigold_depth_qa_results_aligned.json,depth_scene_sequence,1,"The video sequence begins with a static view of a kitchen workspace, focusing on a cutting board, knife, and peeler. The camera maintains a consistent, top-down perspective of the countertop throughout the scene, showing no transition between different rooms or navigable spaces."
63321cb0080c,depth,cut_carrot_split/Seg1/cut_carrot,qa_pairs/aligned/marigold_depth_qa_results_aligned.json,depth_navigation,1,"The scene is a fixed, top-down view of a small workspace. The 3D layout is restricted to the countertop area. The depth information indicates that the area is not a navigation path but a static station for food preparation."
6edbd3835a70,depth,cut_carrot_split/Seg1/cut_carrot,qa_pairs/aligned/marigold_depth_qa_results_aligned.json,depth_dynamic_recognition,8,"A round object is being peeled by a hand, which approaches the camera at a close depth range. The hand moves back and forth, interacting with the object on the surface. The object remains within the workspace, maintaining a consistent distance while being rotated by the hands."
95dfa6e89aea,depth,cut_carrot_split/Seg1/cut_carrot,qa_pairs/aligned/marigold_depth_qa_results_aligned.json,depth_spatial_reasoning,1,"The cutting board is positioned closest to me. A knife lies diagonally across the board, making it behind the peeler on the left. The peeler is the closest object on the board surface. The countertop surface behind the board is at a greater distance. The objects are arranged with the peeler, then the knife, then the background surface in increasing order of distance."
ccae2170e3ba,depth,cut_carrot_split/Seg1/cut_carrot,qa_pairs/aligned/marigold_depth_qa_results_aligned.json,depth_object_recognition,1,"The scene displays a kitchen countertop with a cutting board, a knife, and a vegetable peeler. The cutting board is in the foreground, with the knife placed diagonally across it and the peeler positioned on the lower left portion of the board. The countertop surface is further away than the objects on the board."
e41f51eb5d39,depth,cut_carrot_split/Seg1/cut_carrot,qa_pairs/aligned/marigold_depth_qa_results_aligned.json,depth_action,8,"The subject is performing a food preparation task, specifically peeling a round vegetable. The hands hold the vegetable in place while the other hand maneuvers a peeler to remove the outer layer. The depth indicates the subject is leaning over a flat, horizontal surface."
fac129facbba,depth,cut_carrot_split/Seg1/cut_carrot,qa_pairs/aligned/marigold_depth_qa_results_aligned.json,depth_counting,8,"The scene features several distinct objects on a flat surface, including a cutting board, a peeler, a knife, and a round object. The depth map reveals the spatial separation of these items from the surface. 1) Cutting board, 2) Peeler, 3) Knife, 4) Round object, 5) Background surface, 6) Countertop edge."
15d07127369d,depth,cut_carrot_split/Seg2/cut_carrot,qa_pairs/aligned/marigold_depth_qa_results_aligned.json,depth_dynamic_recognition,8,"My right hand is the main dynamic entity, initiating slicing from approximately frame 240. The left hand stabilizes the vegetable at a near-constant depth of 50cm. The knife moves vertically toward the board during each cut. Individual slices appear as new, separate volumes on the board beginning around frame 360. Background objects remain stationary throughout the sequence."
17e22db547d8,depth,cut_carrot_split/Seg2/cut_carrot,qa_pairs/aligned/marigold_depth_qa_results_aligned.json,depth_dynamic_counting,8,"My two hands are the primary moving entities, operating at a depth of 40-60cm. The right hand performs repetitive vertical slicing motions, while the left hand makes small adjustments to the vegetable's position. The knife is a dynamic tool that repeatedly travels between my hand and the board. One tool swap occurs as I finish peeling and pick up the knife. Several slices fall away from the vegetable and land on the board."
4719f9275223,depth,cut_carrot_split/Seg2/cut_carrot,qa_pairs/aligned/marigold_depth_qa_results_aligned.json,depth_counting,8,"By analyzing depth separation, I identify one primary cutting board, one circular bowl, two interacting hands, one long vegetable, and two distinct tools used sequentially. In the background, there is one string of four small spherical objects. By the end of the slicing phase, more than five distinct slices are visible on the board's surface."
81667f3222f9,depth,cut_carrot_split/Seg2/cut_carrot,qa_pairs/aligned/marigold_depth_qa_results_aligned.json,depth_scene_sequence,1,"The video maintains a static POV over a workspace. The sequence starts with setup for peeling a long vegetable. As time passes, the 3D structure on the cutting board changes when the peeler is swapped for a knife. Slicing actions follow, transforming the single long object into a series of detached thin slices that pile up on the board. The final frames show a completed set of slices with my hands beginning to move away."
b7f4ef7803ac,depth,cut_carrot_split/Seg2/cut_carrot,qa_pairs/aligned/marigold_depth_qa_results_aligned.json,depth_non_common,1,"The depth video shows physically consistent interactions. Objects maintain realistic 3D ordering, with hands properly occluding the vegetable and the workspace as they move. No floating artifacts or intersecting geometries are observed in the scene layout."
c60801a29772,depth,cut_carrot_split/Seg2/cut_carrot,qa_pairs/aligned/marigold_depth_qa_results_aligned.json,depth_action,8,"I am initially peeling a long vegetable using steady pulling motions with a small tool. I then transition to slicing, where my right hand performs downward presses with a knife while my left hand rotates the object. Each slice creates a new detached volume on the cutting board. After completing the task, I move both hands away from the workspace center."
cb18cdd2e53b,depth,cut_carrot_split/Seg2/cut_carrot,qa_pairs/aligned/marigold_depth_qa_results_aligned.json,depth_navigation,1,"The 3D layout is a confined workspace rather than a traversable path. Navigation cues are restricted to hand movements over the cutting board. The board provides a clear, flat surface for task-oriented motion, while the bowl serves as a destination landmark for prepared food. There is no navigable path for forward movement in this restricted scene."
d688bb7e3d52,depth,cut_carrot_split/Seg2/cut_carrot,qa_pairs/aligned/marigold_depth_qa_results_aligned.json,depth_object_recognition,1,"The depth video displays a first-person perspective of food preparation at a kitchen counter. Closest to the camera are my hands, which appear as high-contrast dark shapes. I am holding a long, cylindrical vegetable in my left hand and various tools in my right hand. These objects are situated directly above a flat, rectangular cutting board in the mid-ground. To the right of the board, a circular bowl is visible. In the distant background, a string of four small spherical objects is positioned on the upper right side."
edc5ba89d457,depth,cut_carrot_split/Seg2/cut_carrot,qa_pairs/aligned/marigold_depth_qa_results_aligned.json,depth_spatial_reasoning,1,"In this 3D scene, my hands are the most proximal objects, occluding the vegetable and part of the workspace. The long vegetable is resting on the flat surface of the cutting board. The knife moves in the space between my hand and the board. A circular bowl is positioned adjacent to the right edge of the cutting board. The four spheres in the background are located significantly farther away than the main workspace area."
33388f6b26ea,depth,cut_carrot_split/Seg3/cut_carrot,qa_pairs/aligned/marigold_depth_qa_results_aligned.json,depth_dynamic_counting,1,"The subject is cutting a vegetable on a board, moving their right hand (knife) and left hand (holding the vegetable). One vegetable piece is periodically moved to the bowl."
4692ac26523a,depth,cut_carrot_split/Seg3/cut_carrot,qa_pairs/aligned/marigold_depth_qa_results_aligned.json,depth_action,1,"The subject is performing a slicing task, holding a vegetable with the left hand and moving a knife with the right hand. The hands are at a closer depth than the bowl, and the subject reaches toward the bowl to place pieces."
55bb59ad0689,depth,cut_carrot_split/Seg3/cut_carrot,qa_pairs/aligned/marigold_depth_qa_results_aligned.json,depth_counting,1,"The scene contains a cutting board, a knife held by the subject, at least 6 slices of a vegetable being cut, a large bowl at the top right, and the subject's two hands."
88c356bc3e61,depth,cut_carrot_split/Seg3/cut_carrot,qa_pairs/aligned/marigold_depth_qa_results_aligned.json,depth_dynamic_recognition,1,"The subject's right hand moves the knife repeatedly to slice a vegetable, while the left hand stabilizes the vegetable. The vegetable slices are moved to a bowl located at a different depth."
a2b5e0711702,depth,cut_carrot_split/Seg3/cut_carrot,qa_pairs/aligned/marigold_depth_qa_results_aligned.json,depth_scene_sequence,1,"The video maintains a static, first-person perspective focused on a single workspace, specifically a cutting board. There is no movement between different rooms or spaces; the camera remains fixed on the task of cutting throughout the entire duration."
c37eba6ad3fc,depth,cut_carrot_split/Seg3/cut_carrot,qa_pairs/aligned/marigold_depth_qa_results_aligned.json,depth_navigation,1,"The scene is a fixed, small-scale task workspace on a flat surface. There is no navigable path beyond the immediate tabletop area where the cutting occurs. The depth layout is dominated by the flat plane of the cutting board."
ddb7f193e773,depth,cut_carrot_split/Seg3/cut_carrot,qa_pairs/aligned/marigold_depth_qa_results_aligned.json,depth_spatial_reasoning,1,"The scene shows a first-person view of someone cutting vegetables. The hands and the knife are in the foreground, with the cutting board placed directly underneath them. The vegetable is located on the cutting board, between the hands and the knife. A bowl is located in the upper right area, further away from the camera than the cutting board."
e9182c9cc7a1,depth,cut_carrot_split/Seg3/cut_carrot,qa_pairs/aligned/marigold_depth_qa_results_aligned.json,depth_object_recognition,1,"The video shows a first-person perspective of a person cutting vegetables on a white cutting board. The scene includes a knife, the vegetable being cut, a small bowl at the top right, and the person's hands. The knife is held in the right hand and is closest to the camera, while the bowl is positioned further away at the top right."
f9be2ad0bf0a,depth,cut_carrot_split/Seg3/cut_carrot,qa_pairs/aligned/marigold_depth_qa_results_aligned.json,depth_non_common,1,"The depth scene is consistent with a standard, physically plausible workspace. No objects appear to float, intersect unnaturally, or exhibit non-standard geometry."
2f1129a53038,depth,cut_carrot_split/Seg4/cut_carrot,qa_pairs/aligned/marigold_depth_qa_results_aligned.json,depth_non_common,1,"The depth information depicts a standard kitchen task. All objects maintain their expected physical properties and spatial relationships. No floating objects, depth artifacts, or unrealistic geometric intersections are observed in the scene."
5918f9c1f367,depth,cut_carrot_split/Seg4/cut_carrot,qa_pairs/aligned/marigold_depth_qa_results_aligned.json,depth_action,1,"I am initially slicing a vegetable into strips using a knife. My right hand operates the knife while my left hand holds the vegetable. After slicing, I lift the cutting board with both hands and tilt it toward the bowl. Finally, I use the knife to scrape the sliced pieces from the board into the bowl, clearing the workspace."
597ccd288340,depth,cut_carrot_split/Seg4/cut_carrot,qa_pairs/aligned/marigold_depth_qa_results_aligned.json,depth_spatial_reasoning,1,"My hands and the knife are the topmost objects, closest to the camera. The vegetable slices are resting directly on the cutting board, which sits between the hands and the table surface in depth. The cutting board is positioned in the center, while the bowl is adjacent to it on the right side of the table. The table serves as the base layer, farthest from me."
5b4c592fc294,depth,cut_carrot_split/Seg4/cut_carrot,qa_pairs/aligned/marigold_depth_qa_results_aligned.json,depth_dynamic_recognition,1,"The knife starts in motion, reciprocating as it slices through the vegetable. Around frame 000630, the cutting board begins to rise and move towards the top right. One hand maintains contact with the board while the other hand, still holding the knife, performs a scraping motion across the board's surface until the slices disappear into the bowl's depth."
a4edab378c9e,depth,cut_carrot_split/Seg4/cut_carrot,qa_pairs/aligned/marigold_depth_qa_results_aligned.json,depth_object_recognition,1,"The video displays a rectangular cutting board centered on a flat table surface. My hands are actively engaged with the board: one hand holds a long, thin, rigid knife, while the other holds a bunch of long, thin vegetable slices in place. A circular container, specifically a bowl, is positioned at the top right of the frame, slightly farther away than the board's immediate center."
c80ca6736a83,depth,cut_carrot_split/Seg4/cut_carrot,qa_pairs/aligned/marigold_depth_qa_results_aligned.json,depth_counting,1,"The scene contains one rectangular cutting board, one long slicing knife, and two hands. There is a cluster of approximately twelve long vegetable slices on the board. A single circular bowl is located on the table surface. The workspace is defined by these five distinct object groups."
d2c498fee9b1,depth,cut_carrot_split/Seg4/cut_carrot,qa_pairs/aligned/marigold_depth_qa_results_aligned.json,depth_dynamic_counting,1,"Two hands and one knife are in constant motion during the first half of the video. In the second half, the cutting board also becomes a moving entity as I lift it and tilt it toward the bowl. I observe the vegetable slices moving as a group from the board into the bowl as they are scraped off."
f2264a699029,depth,cut_carrot_split/Seg4/cut_carrot,qa_pairs/aligned/marigold_depth_qa_results_aligned.json,depth_navigation,1,"The navigable workspace is a flat tabletop. Movement is constrained to the area between the central cutting board and the bowl on the top right. The depth map shows a clear path from the board's surface, rising slightly as it's lifted, to the rim of the bowl, allowing for the transfer of items."
fc29e668550e,depth,cut_carrot_split/Seg4/cut_carrot,qa_pairs/aligned/marigold_depth_qa_results_aligned.json,depth_scene_sequence,1,"The sequence begins with a static workspace layout where I am slicing vegetables on the board. Around the middle of the video, the 3D structure changes as I lift the cutting board from the table. The board then transitions towards the bowl at the top right, and I use the knife to scrape the slices from the board's surface into the bowl's interior."
006c299e7637,depth,cut_potato_and_carrot_split/Seg1/cut_potato_and_carrot,qa_pairs/aligned/marigold_depth_qa_results_aligned.json,depth_dynamic_recognition,1,"The only dynamic entity is my hand. It first appears at a very close depth (approx. 0.2m) around frame 000210, appearing to reach for something on the shelf. It moves away and then reappears around frame 000570, pointing or reaching within the kitchen space, before disappearing again. Its silhouette is sharp because of the extreme proximity to the depth sensor compared to the background."
143d910d6fcc,depth,cut_potato_and_carrot_split/Seg1/cut_potato_and_carrot,qa_pairs/aligned/marigold_depth_qa_results_aligned.json,depth_counting,1,"Based on depth boundaries and 3D separation, I can count: 1 table in the foreground, at least 2 distinct chairs tucked under it, 1 sofa in the mid-ground, a shelving unit with approximately 6-8 identifiable objects on its levels, and around 4-5 kitchen appliances or containers (kettle, toaster, jars) visible on the countertop as the camera pans."
483c41050ed6,depth,cut_potato_and_carrot_split/Seg1/cut_potato_and_carrot,qa_pairs/aligned/marigold_depth_qa_results_aligned.json,depth_scene_sequence,1,"The video starts in a living room space, moving from a view of a dining set toward a sofa. It then transitions into an adjacent kitchen area characterized by long horizontal surfaces (countertops) and vertical blocks (cabinets). The camera navigates along the kitchen counter, focusing on various small appliances and objects. The sequence ends with a movement that brings the camera extremely close to a flat surface, likely a wall, which eventually fills the entire field of view with close-range depth data."
5a1921ca6791,depth,cut_potato_and_carrot_split/Seg1/cut_potato_and_carrot,qa_pairs/aligned/marigold_depth_qa_results_aligned.json,depth_action,1,"I am initially surveying the living room from a standing or seated height. I then move toward the kitchen, walking parallel to the counter. I reach out my hand twice, as seen by the sudden appearance of a large, near-range silhouette, which indicates an intent to interact with kitchen items or shelves. Finally, I move the camera extremely close to a wall, an action that results in the depth map being filled by a single near-range surface with significant noise."
a9917d5c3644,depth,cut_potato_and_carrot_split/Seg1/cut_potato_and_carrot,qa_pairs/aligned/marigold_depth_qa_results_aligned.json,depth_spatial_reasoning,1,"In the initial frames, the table and chairs are closest to me, occluding parts of the floor. The sofa is located behind the table and in front of the far wall. On the shelving unit, various objects are placed beside each other at a similar depth. As I move toward the kitchen, the countertop is positioned below my eye level, and appliances like the kettle are placed on top of it. My hand occasionally passes in front of these objects, occluding them and appearing as the closest 3D structure in the scene. Finally, the camera points very close to a wall, making it the only visible surface in the near field."
b2cbc0da87a5,depth,cut_potato_and_carrot_split/Seg1/cut_potato_and_carrot,qa_pairs/aligned/marigold_depth_qa_results_aligned.json,depth_navigation,1,"Navigation starts in an open living area with clear paths around the table. The 3D layout shows a transition point into the kitchen. The kitchen has a restricted navigable path defined by the long countertop on one side. I move forward and slightly right to follow the counter. The sequence ends when I move directly toward a wall, closing the distance until the path is blocked and the wall surface is all that remains visible at a near range."
ca87720829ca,depth,cut_potato_and_carrot_split/Seg1/cut_potato_and_carrot,qa_pairs/aligned/marigold_depth_qa_results_aligned.json,depth_non_common,1,"The scene generally follows realistic 3D geometry. However, in the final frames (000840–000870), as the camera gets extremely close to the wall, the depth map displays heavy noise, appearing as a chaotic field of varying depth values rather than a smooth flat surface. Additionally, in frame 000600, my hand's silhouette against the bright, distant background shows some depth edge 'bleeding' or artifacts where the boundaries aren't perfectly clean."
f3094ea96a9c,depth,cut_potato_and_carrot_split/Seg1/cut_potato_and_carrot,qa_pairs/aligned/marigold_depth_qa_results_aligned.json,depth_object_recognition,1,"The depth sequence begins in a living area featuring a table and chairs in the immediate foreground (0m–1m), a sofa at a mid-range distance (2m–3m), and a wall with shelving farther back (4m+). As the camera pans and moves, it enters a kitchen environment where countertops, cabinets, and appliances like a toaster and kettle are visible at a close-to-mid range. In several frames (e.g., around frame 000240), my hand is very close to the lens (under 0.3m), creating a distinct silhouette against more distant kitchen objects. The video concludes with a close-up of a wall surface showing significant depth noise and artifacts."
fb2a3c3b6b91,depth,cut_potato_and_carrot_split/Seg1/cut_potato_and_carrot,qa_pairs/aligned/marigold_depth_qa_results_aligned.json,depth_dynamic_counting,1,"There are no other moving humans or independent moving objects in the scene besides the camera holder. The primary dynamic element is my own hand, which moves toward the lens to interact with or point at objects in the kitchen area (e.g., frames 000210 to 000300 and 000570 to 000660)."
31330081a80f,depth,cut_potato_and_carrot_split/Seg2/cut_potato_and_carrot,qa_pairs/aligned/marigold_depth_qa_results_aligned.json,depth_navigation,1,"The 3D layout shows a countertop surface directly in front of the camera. The space is confined, and there are no clear paths for locomotion beyond the fixed viewpoint. The objects present create a static obstacle map, and there is no navigable path through the scene."
514a790e3bb8,depth,cut_potato_and_carrot_split/Seg2/cut_potato_and_carrot,qa_pairs/aligned/marigold_depth_qa_results_aligned.json,depth_non_common,1,"The depth representation is consistent with a normal physical scene. There are no floating, intersecting, or unnaturally ordered objects observed in the depth map."
55f6d5370a36,depth,cut_potato_and_carrot_split/Seg2/cut_potato_and_carrot,qa_pairs/aligned/marigold_depth_qa_results_aligned.json,depth_spatial_reasoning,1,"In this scene, the bottles are in the foreground, closest to my perspective. A container with brushes is located behind the bottles. A small square container is positioned beside the brush holder, also further back than the primary bottle group. A towel is hanging to the right, which occupies a deeper spatial plane than the items on the counter. The arrangement shows the bottles in front, with the other accessories arranged in a line behind or to the side of them."
617cff8030a5,depth,cut_potato_and_carrot_split/Seg2/cut_potato_and_carrot,qa_pairs/aligned/marigold_depth_qa_results_aligned.json,depth_scene_sequence,1,"The camera remains in a stable first-person position facing a bathroom vanity. The 3D layout shows a clear, shallow workspace. The sequence involves a static view of the countertop accessories, with no transitions to other rooms or major changes in the spatial layout throughout the duration of the video."
626ae47d059b,depth,cut_potato_and_carrot_split/Seg2/cut_potato_and_carrot,qa_pairs/aligned/marigold_depth_qa_results_aligned.json,depth_object_recognition,1,"The video displays a static scene from a first-person perspective, focusing on a collection of objects on a countertop, including several bottles of varying heights, a container holding brushes or tools, and a small square container. The objects are arranged in a cluster, with the container of tools positioned behind the bottles and the small square container adjacent to them. Depth cues indicate the bottles are closest to the camera, with the other items arranged in slightly deeper layers."
6f2580fc413f,depth,cut_potato_and_carrot_split/Seg2/cut_potato_and_carrot,qa_pairs/aligned/marigold_depth_qa_results_aligned.json,depth_dynamic_counting,1,"There are no moving entities in the scene throughout the video, as the camera is stationary and the objects are static on the countertop. No humans or objects approach or recede."
77e8886afec5,depth,cut_potato_and_carrot_split/Seg2/cut_potato_and_carrot,qa_pairs/aligned/marigold_depth_qa_results_aligned.json,depth_dynamic_recognition,1,The scene is static. There are no moving humans or objects detected. The depth map shows no change in object position or depth over the entire sequence.
a8466d2310e0,depth,cut_potato_and_carrot_split/Seg2/cut_potato_and_carrot,qa_pairs/aligned/marigold_depth_qa_results_aligned.json,depth_action,1,"The camera is held in a static, fixed position. No actions are being performed by the camera holder or any other agents in the scene. The interaction between the subject and the scene is limited to observation."
b6c451673dca,depth,cut_potato_and_carrot_split/Seg2/cut_potato_and_carrot,qa_pairs/aligned/marigold_depth_qa_results_aligned.json,depth_counting,1,"The scene contains a set of clearly distinct objects based on depth segmentation: two bottles in the foreground, one container with brushes, one small square container, and one hanging towel. There are approximately 5 primary objects or distinct regions visible on the counter surface."
4202294b3ca7,depth,cut_potato_and_carrot_split/Seg3/cut_potato_and_carrot,qa_pairs/aligned/marigold_depth_qa_results_aligned.json,depth_spatial_reasoning,1,"The scene layout shows a variety of kitchen items on a surface. A brush is situated behind a container. Two bottles are positioned at the bottom left, closer to the viewer. A piece of fabric or clothing is located on the right side, closer to the viewer. The sink basin is the deepest part of the 3D layout, with other objects clustered around its perimeter."
511adc33ea0b,depth,cut_potato_and_carrot_split/Seg3/cut_potato_and_carrot,qa_pairs/aligned/marigold_depth_qa_results_aligned.json,depth_action,1,The camera holder uses their hands to manipulate an object on the sink surface. The depth changes as the hands move closer to and further from the sink base while handling the item.
65e73923e07f,depth,cut_potato_and_carrot_split/Seg3/cut_potato_and_carrot,qa_pairs/aligned/marigold_depth_qa_results_aligned.json,depth_scene_sequence,1,"The camera maintains a static, downward-facing view of a kitchen sink area. There are no transitions to other rooms; the sequence focuses exclusively on the manipulation of objects within the confines of the sink basin."
6a540e278270,depth,cut_potato_and_carrot_split/Seg3/cut_potato_and_carrot,qa_pairs/aligned/marigold_depth_qa_results_aligned.json,depth_dynamic_recognition,1,"Two hands enter the frame from the bottom and move toward the center, interacting with a small object on the sink surface throughout the video."
835f873aecf6,depth,cut_potato_and_carrot_split/Seg3/cut_potato_and_carrot,qa_pairs/aligned/marigold_depth_qa_results_aligned.json,depth_object_recognition,1,"The video displays a close-up perspective of a kitchen sink area. Multiple objects are identifiable based on their 3D structure and distance from the viewer, including several bottles, a cylindrical container, and a dish brush. These items are arranged on the sink surface, with some closer to the bottom of the frame and others deeper into the scene near the back."
d1d3ad0748de,depth,cut_potato_and_carrot_split/Seg3/cut_potato_and_carrot,qa_pairs/aligned/marigold_depth_qa_results_aligned.json,depth_navigation,1,The navigation is restricted to a stationary viewpoint looking down into a sink. There is no path movement; the spatial layout is confined to the immediate workspace of the sink surface.
ecca3b3eaa53,depth,cut_potato_and_carrot_split/Seg3/cut_potato_and_carrot,qa_pairs/aligned/marigold_depth_qa_results_aligned.json,depth_counting,1,"Within the sink area, there are 2 prominent bottles on the left, 1 cylindrical container, 1 dish brush, 1 cloth, and the user's hands interacting with objects, totaling at least 6 distinct spatial entities or regions of interest."
ee3f346198e1,depth,cut_potato_and_carrot_split/Seg3/cut_potato_and_carrot,qa_pairs/aligned/marigold_depth_qa_results_aligned.json,depth_non_common,1,"The scene appears to be a standard, physically plausible kitchen sink environment. There are no obvious floating objects or impossible depth intersections; the 3D geometry is consistent with real-world layouts."
f99b3a76e145,depth,cut_potato_and_carrot_split/Seg3/cut_potato_and_carrot,qa_pairs/aligned/marigold_depth_qa_results_aligned.json,depth_dynamic_counting,1,The only dynamic entities are the hands of the person operating the camera. The hands appear at the bottom of the frame and interact with objects throughout the sequence.
1a7af89d48b0,depth,cut_potato_and_carrot_split/Seg4/cut_potato_and_carrot,qa_pairs/aligned/marigold_depth_qa_results_aligned.json,depth_counting,8,"The scene features several distinct objects arranged in the visual field at varying depth layers. These include a dish rack holding plates, a detergent bottle, a spray bottle, a bowl or container, a sink area, a scrub brush, and a cutting board. The objects are positioned at different distances from the camera, forming a coherent scene of a kitchen workspace."
1f04e0e2c4e7,depth,cut_potato_and_carrot_split/Seg4/cut_potato_and_carrot,qa_pairs/aligned/marigold_depth_qa_results_aligned.json,depth_non_common,1,"The objects follow standard depth geometry with no floating, intersecting, or unnaturally ordered elements observed."
655fb0e42ad1,depth,cut_potato_and_carrot_split/Seg4/cut_potato_and_carrot,qa_pairs/aligned/marigold_depth_qa_results_aligned.json,depth_object_recognition,1,"The scene displays a kitchen or utility area with various objects at different depths. In the foreground, my hands are visible manipulating items. Further away, there are multiple containers, bottles, and a dish drying rack containing various utensils."
964d41049df6,depth,cut_potato_and_carrot_split/Seg4/cut_potato_and_carrot,qa_pairs/aligned/marigold_depth_qa_results_aligned.json,depth_navigation,1,"The scene is a compact workspace. The navigable path is limited by the counter surface and objects, with my hands positioned in the center, guiding the movement relative to the static objects on the counter."
97685bdf2e50,depth,cut_potato_and_carrot_split/Seg4/cut_potato_and_carrot,qa_pairs/aligned/marigold_depth_qa_results_aligned.json,depth_scene_sequence,1,"The camera starts by focusing on my hands interacting with objects on a surface. It then pans slightly to reveal a sequence of containers and a dish rack placed on a counter, establishing the layout of a kitchen or utility space."
a554adcb15d7,depth,cut_potato_and_carrot_split/Seg4/cut_potato_and_carrot,qa_pairs/aligned/marigold_depth_qa_results_aligned.json,depth_action,8,"The subject (camera holder) is engaged in kitchen chores, specifically organizing or cleaning items. The actions involve reaching, grasping, and moving objects like plates, a cutting board, and a bowl. These interactions result in significant depth shifts as items are picked up from the rack and placed or held in the foreground, demonstrating a sequence of manual organization."
b4a0b235ea50,depth,cut_potato_and_carrot_split/Seg4/cut_potato_and_carrot,qa_pairs/aligned/marigold_depth_qa_results_aligned.json,depth_dynamic_counting,8,"During the sequence, the camera holder interacts with various objects. No other independent human subjects appear in the scene. The primary dynamic motion is provided by the camera holder's hands, which move closer and further from the camera while handling items like plates, a cutting board, and a bowl in the kitchen area. No independent dynamic objects enter or leave the frame."
c80e2162a9c1,depth,cut_potato_and_carrot_split/Seg4/cut_potato_and_carrot,qa_pairs/aligned/marigold_depth_qa_results_aligned.json,depth_dynamic_recognition,8,"The sequence involves the camera holder performing tasks in a kitchen, interacting with items on a rack and a counter. The objects, including plates, a cutting board, and a container, remain stationary until manipulated by the camera holder's hands. There are no independent dynamic entities; all motion is associated with the user's manual tasks, which involve shifting items between the foreground and middle-distance depth layers."
d4e1920fb88d,depth,cut_potato_and_carrot_split/Seg4/cut_potato_and_carrot,qa_pairs/aligned/marigold_depth_qa_results_aligned.json,depth_spatial_reasoning,1,"My hands are closest to the camera, interacting with a container. Behind them, there are several bottles arranged on a surface. Further back, there is a dish rack containing various items. A large object stands to the right, and the workspace layout indicates a clear depth separation between the near foreground and the back counter."
07417528cfe6,depth,cut_potato_and_carrot_split/Seg5/cut_potato_and_carrot,qa_pairs/aligned/marigold_depth_qa_results_aligned.json,depth_spatial_reasoning,1,"The cutting board is positioned in the immediate foreground, closer to me than the kitchenware. The kitchen bowls and containers are located behind the cutting board. A distant wall defines the far boundary of the workspace, creating a clear depth separation between the objects and the background."
10cae8edad67,depth,cut_potato_and_carrot_split/Seg5/cut_potato_and_carrot,qa_pairs/aligned/marigold_depth_qa_results_aligned.json,depth_scene_sequence,1,"The video captures a stationary perspective of a kitchen workspace where I am holding a cutting board, which then transitions into manipulating other kitchen items on the counter, ending with a view of the workspace after the objects have been moved."
2281d86584be,depth,cut_potato_and_carrot_split/Seg5/cut_potato_and_carrot,qa_pairs/aligned/marigold_depth_qa_results_aligned.json,depth_object_recognition,1,"The scene shows a user handling a rectangular object, likely a cutting board, with various kitchen items visible in the background including bowls and utensils, all set against a flat, distant surface."
3ea871d46ade,depth,cut_potato_and_carrot_split/Seg5/cut_potato_and_carrot,qa_pairs/aligned/marigold_depth_qa_results_aligned.json,depth_navigation,1,"The workspace is confined to a single counter surface with a clear, flat plane for operation. Navigation is restricted to moving items within this localized depth region, with no corridors or path transitions."
4ec3bcd09746,depth,cut_potato_and_carrot_split/Seg5/cut_potato_and_carrot,qa_pairs/aligned/marigold_depth_qa_results_aligned.json,depth_counting,8,"The scene contains a kitchen environment with several distinct depth layers. Key objects identified are: a cutting board (1), a dish drying rack (1), several bottles (4), a bowl/plate (1), and a utensil holder (1)."
65dcd245c330,depth,cut_potato_and_carrot_split/Seg5/cut_potato_and_carrot,qa_pairs/aligned/marigold_depth_qa_results_aligned.json,depth_dynamic_counting,8,The primary dynamic entity is the user's hand interacting with objects. No other independent moving entities are detected in the depth sequence.
6a4c5b3cd8f7,depth,cut_potato_and_carrot_split/Seg5/cut_potato_and_carrot,qa_pairs/aligned/marigold_depth_qa_results_aligned.json,depth_dynamic_recognition,8,"The user's hand moves into the field of view, picking up a cutting board. The hand is in the near-depth range and moves toward the center, then retreats."
90c6e255ba5a,depth,cut_potato_and_carrot_split/Seg5/cut_potato_and_carrot,qa_pairs/aligned/marigold_depth_qa_results_aligned.json,depth_non_common,1,"The depth representation appears consistent with real-world geometry, showing no signs of floating, intersecting, or unnaturally ordered objects."
b2e477c1c818,depth,cut_potato_and_carrot_split/Seg5/cut_potato_and_carrot,qa_pairs/aligned/marigold_depth_qa_results_aligned.json,depth_action,8,"The subject performs a picking-up action with their hand, reaching for a flat object (cutting board). They then hold and move the object, changing the spatial layout."
6777259f496a,depth,make_coffee_split/Seg1/make_coffee,qa_pairs/aligned/marigold_depth_qa_results_aligned.json,depth_dynamic_counting,1,The camera moves within the stationary environment; there are no other moving entities or humans present in the sequence.
6a12c01dd75a,depth,make_coffee_split/Seg1/make_coffee,qa_pairs/aligned/marigold_depth_qa_results_aligned.json,depth_dynamic_recognition,1,The scene consists of static furniture; there are no dynamic objects or humans moving within the depth frame.
70be71fcb696,depth,make_coffee_split/Seg1/make_coffee,qa_pairs/aligned/marigold_depth_qa_results_aligned.json,depth_object_recognition,1,"The scene displays a workspace with a table, a shelf, and various objects. A table surface is visible in the foreground, with a chair beside it. A shelf unit stands to the right, holding several cylindrical objects and other items. The objects are arranged with the table closest to the observer and the shelf further back in the room."
738a483d7bce,depth,make_coffee_split/Seg1/make_coffee,qa_pairs/aligned/marigold_depth_qa_results_aligned.json,depth_spatial_reasoning,1,"The table is positioned in the immediate foreground, with a chair placed adjacent to it. A multi-layered shelf stands to the right, farther back than the table. Several cylindrical objects are on the shelves. The wall behind the desk is the farthest surface. The table is to the left of the shelf unit, and the objects on the shelves are organized horizontally at different depth levels."
74f5d61fe993,depth,make_coffee_split/Seg1/make_coffee,qa_pairs/aligned/marigold_depth_qa_results_aligned.json,depth_navigation,1,"The path follows the edge of the table toward the shelf. The floor and table provide clear navigable space in the foreground, while the shelf acts as a depth boundary further back in the room."
805a6d1c6867,depth,make_coffee_split/Seg1/make_coffee,qa_pairs/aligned/marigold_depth_qa_results_aligned.json,depth_action,1,"The camera operator navigates through the room, moving past the table towards the shelving unit, suggesting an inspection or exploration of the objects stored there."
a66c5a64fe75,depth,make_coffee_split/Seg1/make_coffee,qa_pairs/aligned/marigold_depth_qa_results_aligned.json,depth_scene_sequence,1,"The camera moves from a close-up of a table surface and a chair in the foreground toward a shelf unit filled with various items. The navigation path indicates a transition from the workspace area near the table to the adjacent shelving storage area, revealing the 3D depth of the room's corner."
dfeb1aca2056,depth,make_coffee_split/Seg1/make_coffee,qa_pairs/aligned/marigold_depth_qa_results_aligned.json,depth_counting,1,"The scene contains a table, a chair, a shelf unit, at least 6 cylindrical objects on the shelves, and a wall. The shelf has multiple tiers contributing to the total count of objects."
e6ad34eec03a,depth,make_coffee_split/Seg1/make_coffee,qa_pairs/aligned/marigold_depth_qa_results_aligned.json,depth_non_common,1,"The depth representation is consistent with a normal indoor environment. No floating, clipping, or physically impossible objects are observed."
12c5ac9c65bd,depth,make_coffee_split/Seg2/make_coffee,qa_pairs/aligned/marigold_depth_qa_results_aligned.json,depth_spatial_reasoning,1,"The scene layout shows several spatial relationships between objects on the workspace surface. My hand is positioned directly in front of the lamp head. The lamp head is closer to the camera than the cylindrical container located in the background. The base of the lamp appears below the mid-ground objects, while the flexible arm of the lamp connects the lamp head to the base, showing it is behind my hand when I manipulate the neck."
382e2473ed39,depth,make_coffee_split/Seg2/make_coffee,qa_pairs/aligned/marigold_depth_qa_results_aligned.json,depth_object_recognition,1,"The video displays a close-up interaction in a workspace, featuring several distinct objects at varying depths. In the immediate foreground, I hold a handheld device. Nearby, a lamp head with a flexible neck is positioned closer than a cylindrical container, which sits further back on the desk surface. The depth map reveals the spatial extent of these objects, with the lamp's arm extending toward my hand and the container forming a distinct, slightly recessed shape."
3b0e72f03f6c,depth,make_coffee_split/Seg2/make_coffee,qa_pairs/aligned/marigold_depth_qa_results_aligned.json,depth_dynamic_recognition,1,"The primary dynamic movement involves my hands, which approach and recede from the lamp's neck and the cylindrical container. My hands start from the peripheral depth layers and move toward the center-foreground to perform the interaction, remaining visible throughout the interaction phase."
443c346f5856,depth,make_coffee_split/Seg2/make_coffee,qa_pairs/aligned/marigold_depth_qa_results_aligned.json,depth_counting,1,"The depth analysis identifies four primary objects on the workspace: a handheld item, a lamp head, a flexible lamp neck/arm, and a cylindrical container. These objects are distinct in terms of their depth layers, with the handheld item and lamp head being in the closest depth layer, the neck in the middle layer, and the container in the rear layer."
504730d7ae40,depth,make_coffee_split/Seg2/make_coffee,qa_pairs/aligned/marigold_depth_qa_results_aligned.json,depth_action,1,"I am interacting with objects on the desk. Specifically, I am using my hands to adjust the position of the lamp's flexible neck and move the cylindrical container. These actions result in visible shifts in the depth layers of the objects relative to the surface plane."
668886cdde47,depth,make_coffee_split/Seg2/make_coffee,qa_pairs/aligned/marigold_depth_qa_results_aligned.json,depth_scene_sequence,1,"The sequence shows a stable workspace environment. The camera maintains a consistent view of the desk area, focusing on the manipulation of a lamp and a cylindrical container. There are no transitions between rooms or corridors; the depth perspective remains centered on the stationary furniture surface throughout the duration of the clip."
a05ab22e7d33,depth,make_coffee_split/Seg2/make_coffee,qa_pairs/aligned/marigold_depth_qa_results_aligned.json,depth_non_common,1,"The depth map presents a standard, realistic representation of the workspace. There are no instances of floating objects, interpenetrating geometry, or impossible depth orderings. The spatial arrangement of the lamp, container, and my hands is consistent with physical reality."
a87f87ae8b18,depth,make_coffee_split/Seg2/make_coffee,qa_pairs/aligned/marigold_depth_qa_results_aligned.json,depth_navigation,1,"The navigation of the scene is restricted to the interaction with objects on the desk surface. The depth map indicates a flat, horizontal plane where the objects are arranged. There is no clear path or walking area beyond the immediate workspace surface, as the scene is a static close-up."
c303ffd64b45,depth,make_coffee_split/Seg2/make_coffee,qa_pairs/aligned/marigold_depth_qa_results_aligned.json,depth_dynamic_counting,1,"The only dynamic elements in the scene are my hands, which appear to manipulate the lamp and a separate handheld object. No other human or moving entity is present in the depth-captured workspace area during the sequence."
0348e041568c,depth,make_coffee_split/Seg3/make_coffee,qa_pairs/aligned/marigold_depth_qa_results_aligned.json,depth_counting,8,"The scene contains a coffee machine on a desk, a mug, a small container, a circular object, and several cables. The coffee machine is a large object at a medium distance, while the mug is closer. The cables are distributed at varying depths across the desk surface."
1b6e2e58eab3,depth,make_coffee_split/Seg3/make_coffee,qa_pairs/aligned/marigold_depth_qa_results_aligned.json,depth_spatial_reasoning,1,"The coffee machine is in the center-right, set back from my hands. A mug is located to the bottom-left of the machine. Several small cylindrical containers are positioned near the coffee machine on the counter. My hands are closer than the machine and all other objects on the counter. The cable for the coffee machine is visible, extending behind and beside the main body of the machine, indicating its rear boundary."
2fab0d4fd44d,depth,make_coffee_split/Seg3/make_coffee,qa_pairs/aligned/marigold_depth_qa_results_aligned.json,depth_dynamic_recognition,8,"The user's hands enter the scene to interact with a coffee machine, a mug, and a circular object. The hands appear from the near field, move toward the center desk area, and perform grasping and adjusting actions before retreating. The hands remain in the close to medium depth range."
33e021a1647e,depth,make_coffee_split/Seg3/make_coffee,qa_pairs/aligned/marigold_depth_qa_results_aligned.json,depth_action,8,"The camera holder uses their hands to manipulate objects on the desk, specifically interacting with a mug, a coffee machine, and a small circular container. The user reaches into the scene, grasps objects, adjusts their position, and moves them slightly in the 3D space."
66019ff778ab,depth,make_coffee_split/Seg3/make_coffee,qa_pairs/aligned/marigold_depth_qa_results_aligned.json,depth_non_common,1,"The scene appears physically consistent; there are no floating, intersecting, or geometrically impossible objects. The depth boundaries of the coffee machine, mugs, and containers are logically arranged on the flat counter surface."
8392f26a9492,depth,make_coffee_split/Seg3/make_coffee,qa_pairs/aligned/marigold_depth_qa_results_aligned.json,depth_dynamic_counting,8,"The user's hands move across the desk, interacting with a circular object and a mug. The hands are the only dynamic entities. The hands move from a near depth range to interact with objects at a medium depth. No other moving entities are present."
a4a960ae33bb,depth,make_coffee_split/Seg3/make_coffee,qa_pairs/aligned/marigold_depth_qa_results_aligned.json,depth_object_recognition,1,"The scene displays a kitchen counter workspace with several objects at varying depths. In the foreground, my hands are performing tasks. A coffee machine stands as a prominent, bulky object in the mid-ground. Nearby, there is a cup or mug, several cylindrical containers or jars, and a bottle-shaped object, all arranged on the flat surface. The depth map shows clear separation between the foreground hands and the mid-ground coffee station and accessories."
ea4445d6c58e,depth,make_coffee_split/Seg3/make_coffee,qa_pairs/aligned/marigold_depth_qa_results_aligned.json,depth_navigation,1,The scene is a static workspace. The navigation path is limited to the area immediately in front of the counter where my hands operate. The 3D layout is dominated by the counter surface with the coffee machine acting as an obstacle to forward movement beyond the counter edge.
f19a860adacb,depth,make_coffee_split/Seg3/make_coffee,qa_pairs/aligned/marigold_depth_qa_results_aligned.json,depth_scene_sequence,1,"The camera remains in a static, first-person position facing a kitchen counter. The scene sequence involves a progression of manual tasks where I manipulate objects, such as moving cups or operating parts of the coffee machine. The 3D layout of the counter remains consistent throughout the video, with the coffee machine defining the primary depth anchor."
076b8a1ce708,depth,make_coffee_split/Seg4/make_coffee,qa_pairs/aligned/marigold_depth_qa_results_aligned.json,depth_navigation,1,"The environment is a flat desk surface where objects are arranged within reach; the depth data confirms a clear, static navigation area around the reachable items."
2383cc1ac2dd,depth,make_coffee_split/Seg4/make_coffee,qa_pairs/aligned/marigold_depth_qa_results_aligned.json,depth_dynamic_recognition,1,"My hand enters from the lower middle area, moves towards the center of the desk, and lingers near the objects before retreating."
3d73939b36d5,depth,make_coffee_split/Seg4/make_coffee,qa_pairs/aligned/marigold_depth_qa_results_aligned.json,depth_spatial_reasoning,1,"The hand is positioned centrally, reaching towards the middle of the surface. A bottle is to the left, a bowl is to the right, a container is behind the hand, and various smaller objects are scattered between these main items."
3fd5caf3dff0,depth,make_coffee_split/Seg4/make_coffee,qa_pairs/aligned/marigold_depth_qa_results_aligned.json,depth_dynamic_counting,1,"Only one moving entity is present, which is my hand, appearing in the middle of the sequence to interact with the objects on the desk."
6ccb8d39777c,depth,make_coffee_split/Seg4/make_coffee,qa_pairs/aligned/marigold_depth_qa_results_aligned.json,depth_non_common,1,The scene is physically plausible with no floating or intersecting objects; all items are correctly resting on the surface.
9285f2ee08a3,depth,make_coffee_split/Seg4/make_coffee,qa_pairs/aligned/marigold_depth_qa_results_aligned.json,depth_scene_sequence,1,"The video shows a static view of a desk surface with objects, followed by the appearance of a hand that moves across the workspace, interacting with items at different depths before the sequence concludes."
abf204b8cb01,depth,make_coffee_split/Seg4/make_coffee,qa_pairs/aligned/marigold_depth_qa_results_aligned.json,depth_action,1,"I am reaching toward and interacting with the objects on the table, primarily moving my hand across the surface to point or touch."
accff14d40ab,depth,make_coffee_split/Seg4/make_coffee,qa_pairs/aligned/marigold_depth_qa_results_aligned.json,depth_counting,1,"The scene features 8 distinct objects on the surface: 1 smartphone, 1 bottle, 1 bowl, 1 cylindrical container, and 4 smaller miscellaneous objects."
c6649b1fb1dd,depth,make_coffee_split/Seg4/make_coffee,qa_pairs/aligned/marigold_depth_qa_results_aligned.json,depth_object_recognition,1,"The scene displays a workspace on a surface with several distinct objects, including a smartphone on the far left, a central hand interacting with the environment, a cylindrical container, a bowl on the right, and various smaller items scattered on the surface."
042f8abc1b66,depth,make_coffee_split/Seg5/make_coffee,qa_pairs/aligned/marigold_depth_qa_results_aligned.json,depth_scene_sequence,1,"The video features a static scene centered on a kitchen counter. The sequence begins with the camera framing the workspace from an overhead perspective, captures the user assembling a portafilter into the machine, and maintains this consistent 3D orientation throughout the entire duration."
53ed8ae342af,depth,make_coffee_split/Seg5/make_coffee,qa_pairs/aligned/marigold_depth_qa_results_aligned.json,depth_action,1,I am operating an espresso machine. I use my hands to insert a portafilter into the machine's group head. The depth data shows my hands moving from the right side of the frame towards the center to complete the locking action.
61a5939d79fd,depth,make_coffee_split/Seg5/make_coffee,qa_pairs/aligned/marigold_depth_qa_results_aligned.json,depth_dynamic_counting,1,"Only the user's hands are moving within the scene, interacting with the stationary equipment. There are no other moving entities or objects present. The user's hands remain in the foreground near the portafilter for the duration of the assembly process."
62e66209b60f,depth,make_coffee_split/Seg5/make_coffee,qa_pairs/aligned/marigold_depth_qa_results_aligned.json,depth_object_recognition,1,"The video displays a kitchen counter workspace. Key objects identifiable by their depth signatures include a large espresso machine at the center, a portafilter handle held by the user, a mug or cup on the machine, and various cables and accessories scattered on the flat counter surface. The camera is positioned overhead, providing a downward-facing view of the workspace."
6d52b23f49b2,depth,make_coffee_split/Seg5/make_coffee,qa_pairs/aligned/marigold_depth_qa_results_aligned.json,depth_dynamic_recognition,1,"The only dynamic action is the user's hands manipulating a portafilter, which starts in the lower-right field of view and moves to the center-base of the espresso machine to engage the portafilter slot."
778b8a87ea14,depth,make_coffee_split/Seg5/make_coffee,qa_pairs/aligned/marigold_depth_qa_results_aligned.json,depth_spatial_reasoning,1,"The espresso machine occupies the center of the scene, with the user's hands positioned in front of it to hold a portafilter. The portafilter is closer to the camera than the machine's base. Cables are arranged to the right of the machine, further away from the user's primary workspace area. A cup is placed directly on the machine's drip tray. The counter surface is the furthest plane from the camera, serving as the backdrop for all objects."
95e4ad32a684,depth,make_coffee_split/Seg5/make_coffee,qa_pairs/aligned/marigold_depth_qa_results_aligned.json,depth_navigation,1,"The scene is a fixed workstation. The navigable area is restricted to the surface of the counter, which lies in a flat, parallel plane relative to the camera. The espresso machine acts as a fixed central landmark for all manual operations."
aa8456547a27,depth,make_coffee_split/Seg5/make_coffee,qa_pairs/aligned/marigold_depth_qa_results_aligned.json,depth_counting,1,"Visible objects in the depth field include one espresso machine, one portafilter, one cup/mug, and a cluster of approximately four cables/accessories. The primary count is focused on these distinct physical entities placed on the counter."
f502dd4fff1b,depth,make_coffee_split/Seg5/make_coffee,qa_pairs/aligned/marigold_depth_qa_results_aligned.json,depth_non_common,1,"The depth data shows realistic physical boundaries. There are no floating objects, unnatural intersections, or depth artifacts, as the geometry conforms to standard physical interactions on a flat kitchen surface."
0d53afb7eee8,depth,marinate_meat_split/Seg1/marinate_meat,qa_pairs/aligned/marigold_depth_qa_results_aligned.json,depth_counting,1,"Counting based on distinct depth layers and geometry reveals: 1 table in the foreground, 3 visible chairs in the middle distance, 1 cutting board, 1 knife, and 1 main background wall area."
1e3b167e77c7,depth,marinate_meat_split/Seg1/marinate_meat,qa_pairs/aligned/marigold_depth_qa_results_aligned.json,depth_scene_sequence,1,"The camera starts by focusing on a table with objects in a room. As it moves, it transitions to a different area, showing the layout of furniture and equipment. The camera then appears to interact with a cutting board and a knife, navigating through a structured indoor environment."
74c6dcddb772,depth,marinate_meat_split/Seg1/marinate_meat,qa_pairs/aligned/marigold_depth_qa_results_aligned.json,depth_non_common,1,"The depth data appears consistent with real-world geometry. No floating, intersecting, or non-physical anomalies are present in the depth structure."
7a8026bbb047,depth,marinate_meat_split/Seg1/marinate_meat,qa_pairs/aligned/marigold_depth_qa_results_aligned.json,depth_dynamic_recognition,1,There are no independent dynamic entities moving in the environment. All movement is tied to the camera's perspective shift as it interacts with the objects on the table.
89a7ebc2edce,depth,marinate_meat_split/Seg1/marinate_meat,qa_pairs/aligned/marigold_depth_qa_results_aligned.json,depth_navigation,1,"The navigable space is constrained by a table in the foreground. Movement is focused on the interaction with the surface of this table. There is an open path in the background to the left, but the camera is positioned to focus on the immediate workspace."
99ee920df4dc,depth,marinate_meat_split/Seg1/marinate_meat,qa_pairs/aligned/marigold_depth_qa_results_aligned.json,depth_object_recognition,1,"The video displays a table surface in the foreground, with several objects placed on it, including a circular object and a container. Beyond the table, chairs are positioned at varying distances, and a larger, distant structure fills the background. The depth map clearly separates the foreground table from the mid-ground chairs and the deep background."
a62107ab0043,depth,marinate_meat_split/Seg1/marinate_meat,qa_pairs/aligned/marigold_depth_qa_results_aligned.json,depth_action,1,"The camera holder is interacting with a table, using a knife on a cutting board. The hands approach the board, demonstrating a clear change in depth as they move from the periphery to the central work area."
e457a745b308,depth,marinate_meat_split/Seg1/marinate_meat,qa_pairs/aligned/marigold_depth_qa_results_aligned.json,depth_dynamic_counting,1,No moving humans or independent dynamic objects are present in the scene. The motion is exclusively generated by the camera holder's interaction with the table and objects on it.
f20ae458ebb5,depth,marinate_meat_split/Seg1/marinate_meat,qa_pairs/aligned/marigold_depth_qa_results_aligned.json,depth_spatial_reasoning,1,"The table occupies the immediate foreground. Several chairs are positioned behind the table, with some chairs partially occluded by the table's edge. A wall or large partition is in the far background. There is a clear vertical separation between the table surface (lower) and the chairs (higher). The objects on the table are closer than the chairs."
0f966852c35b,depth,marinate_meat_split/Seg2/marinate_meat,qa_pairs/aligned/marigold_depth_qa_results_aligned.json,depth_spatial_reasoning,1,"The scene layout shows a cutting board located closest to the camera, with the hand holding a knife positioned directly above it. A power strip is located to the right, further away than the cutting board. A wall serves as the background, positioned significantly farther away from the camera than all other objects in the foreground. The cutting board occludes the area of the counter beneath it."
19997db7a492,depth,marinate_meat_split/Seg2/marinate_meat,qa_pairs/aligned/marigold_depth_qa_results_aligned.json,depth_non_common,1,"The depth stream shows a standard, physically plausible kitchen workspace. No objects are floating, and there are no instances of depth-based clipping or impossible spatial intersections between the hand, the knife, and the cutting board."
3e12f67e97c4,depth,marinate_meat_split/Seg2/marinate_meat,qa_pairs/aligned/marigold_depth_qa_results_aligned.json,depth_dynamic_counting,1,"The only moving entity is the human hand holding a knife, which performs a consistent rhythmic motion above the cutting board throughout the video. There are no other moving people or objects."
4c0bcbd95c91,depth,marinate_meat_split/Seg2/marinate_meat,qa_pairs/aligned/marigold_depth_qa_results_aligned.json,depth_scene_sequence,1,"The scene is a stationary sequence focused on a fixed workspace. The camera maintains a consistent top-down perspective, observing the interaction between the hand and the cutting board. There are no transitions or changes in room location, representing a stable 3D workspace environment."
5554e9d89489,depth,marinate_meat_split/Seg2/marinate_meat,qa_pairs/aligned/marigold_depth_qa_results_aligned.json,depth_navigation,1,"The navigation path is restricted to the stationary kitchen counter area. The 3D layout shows a clear, flat surface for the hand and knife interaction, with obstacles like the power strip confined to the periphery. The environment is stable and confined."
b0183b77a5bd,depth,marinate_meat_split/Seg2/marinate_meat,qa_pairs/aligned/marigold_depth_qa_results_aligned.json,depth_counting,1,"The video shows a workspace containing: 1 cutting board, 1 knife, 1 human hand, 1 power strip, 3 power cables, and 1 wall surface."
c7ee51116a10,depth,marinate_meat_split/Seg2/marinate_meat,qa_pairs/aligned/marigold_depth_qa_results_aligned.json,depth_action,1,"The camera holder is performing a chopping or slicing action with a knife on a cutting board. The depth remains consistent as the hand repeats the downward and upward motion, indicating a repetitive task focused on the cutting board surface."
cf81ebe3d5d4,depth,marinate_meat_split/Seg2/marinate_meat,qa_pairs/aligned/marigold_depth_qa_results_aligned.json,depth_object_recognition,1,"The video displays a kitchen counter workspace. The primary objects identified include a cutting board in the foreground, a knife in the hand, a power strip with connected cables on the right, and a wall area. The objects are at varying depths: the cutting board and the hand holding the knife are in the closest depth plane, the wall is in the furthest, and the power strip is at an intermediate distance on the right."
f77d39bef354,depth,marinate_meat_split/Seg2/marinate_meat,qa_pairs/aligned/marigold_depth_qa_results_aligned.json,depth_dynamic_recognition,1,"A human hand and knife are the dynamic elements. They move vertically in a repetitive motion directly above the cutting board. The hand is in the closest depth layer, maintaining a constant distance from the camera throughout the action."
13ddf5edf05a,depth,marinate_meat_split/Seg3/marinate_meat,qa_pairs/aligned/marigold_depth_qa_results_aligned.json,depth_counting,1,"The video shows a cutting board, a knife, a hand, a piece of food, and several bottles in the cabinet, totaling 5 distinct types of objects/regions identifiable by depth."
22cdec9a8391,depth,marinate_meat_split/Seg3/marinate_meat,qa_pairs/aligned/marigold_depth_qa_results_aligned.json,depth_non_common,1,"The scene represents a standard kitchen environment with normal depth relationships; there are no floating, intersecting, or geometrically impossible objects observed."
23d6dd2f3961,depth,marinate_meat_split/Seg3/marinate_meat,qa_pairs/aligned/marigold_depth_qa_results_aligned.json,depth_spatial_reasoning,1,"The cutting board is positioned in the mid-foreground, closer to the camera than the background. The hand and knife are in front of the cutting board. An additional, smaller object is located in the upper right, farther away from the camera than the cutting board."
2596e654856d,depth,marinate_meat_split/Seg3/marinate_meat,qa_pairs/aligned/marigold_depth_qa_results_aligned.json,depth_dynamic_recognition,1,"The hand moves rhythmically to cut food on the board, followed by a transition where the hand reaches into a cabinet shelf to pick up an object."
2e7014e26928,depth,marinate_meat_split/Seg3/marinate_meat,qa_pairs/aligned/marigold_depth_qa_results_aligned.json,depth_navigation,1,"The scene is a stationary kitchen workstation with a clear, navigable path limited to the immediate table surface. The depth map shows a primary flat plane for the cutting board and a vertical shelf structure behind it."
3acd9af68890,depth,marinate_meat_split/Seg3/marinate_meat,qa_pairs/aligned/marigold_depth_qa_results_aligned.json,depth_scene_sequence,1,"The sequence begins with the subject preparing food on a cutting board, then moving to open a cabinet to select items, and finally closing the cabinet, demonstrating a sequence of kitchen tasks."
6d8f918cad62,depth,marinate_meat_split/Seg3/marinate_meat,qa_pairs/aligned/marigold_depth_qa_results_aligned.json,depth_dynamic_counting,1,No moving humans or independent objects appear in the scene other than the camera holder's own hands and the objects being manipulated by them.
84f696737994,depth,marinate_meat_split/Seg3/marinate_meat,qa_pairs/aligned/marigold_depth_qa_results_aligned.json,depth_object_recognition,1,"The scene shows a person's hand on a cutting board, holding a piece of food, and using a knife. A second, smaller object is visible in the upper right background. The primary focus is on the close-up interaction with the cutting board in the foreground."
f463dcea11e2,depth,marinate_meat_split/Seg3/marinate_meat,qa_pairs/aligned/marigold_depth_qa_results_aligned.json,depth_action,1,"I am performing a food preparation task by holding and cutting an item on a cutting board, followed by reaching into a cabinet to retrieve an item."
094c0d2e950a,depth,marinate_meat_split/Seg4/marinate_meat,qa_pairs/aligned/marigold_depth_qa_results_aligned.json,depth_navigation,1,The camera navigates toward a static cupboard. The layout is constrained by the depth of the shelves. The path is direct towards the center of the bottom shelf where interaction occurs.
29a6dd81a022,depth,marinate_meat_split/Seg4/marinate_meat,qa_pairs/aligned/marigold_depth_qa_results_aligned.json,depth_spatial_reasoning,1,"The scene shows a two-tiered cupboard. On the top shelf, there are several jars arranged in a line. Below, on the lower shelf, there is a cluster of smaller cylindrical containers. My hand is reaching toward the right side of the lower shelf, placing or retrieving an object. The containers on the top shelf are farther away than those on the lower shelf, and the lower shelf is directly beneath the upper one."
3d1bb1043ee5,depth,marinate_meat_split/Seg4/marinate_meat,qa_pairs/aligned/marigold_depth_qa_results_aligned.json,depth_dynamic_counting,8,"A single human hand enters the scene from the right and interacts with items on the bottom shelf. No other humans or moving objects are present. The hand remains visible for the majority of the duration, moving between the mid-distance and close-range depth layers to grasp items."
5f11639f5bf9,depth,marinate_meat_split/Seg4/marinate_meat,qa_pairs/aligned/marigold_depth_qa_results_aligned.json,depth_counting,8,"The scene shows a pantry shelf with multiple items at varying depths. I can identify at least 12 distinct objects or containers categorized into two main depth layers: the top shelf and the bottom shelf. There are 5 containers on the top shelf and 7 containers/items on the bottom shelf, including a mobile phone or flat object and a power strip."
83b41aa5be61,depth,marinate_meat_split/Seg4/marinate_meat,qa_pairs/aligned/marigold_depth_qa_results_aligned.json,depth_action,8,"The subject is performing a task of organizing or retrieving items from a pantry. The action involves reaching, grasping an object, and shifting it to a different location on the shelf or towards the camera. The subject maintains a consistent position, primarily interacting with the bottom shelf area."
864719f1c03c,depth,marinate_meat_split/Seg4/marinate_meat,qa_pairs/aligned/marigold_depth_qa_results_aligned.json,depth_scene_sequence,1,"The sequence shows the camera approaching a cupboard. Initially, the view is open, then it focuses on the internal layout of the shelves. The camera zooms in to capture the placement of items on the shelves, transitioning from a general view of the cupboard to a close-up interaction with the items on the bottom shelf."
9b851e59ecc8,depth,marinate_meat_split/Seg4/marinate_meat,qa_pairs/aligned/marigold_depth_qa_results_aligned.json,depth_non_common,1,"The depth reconstruction shows standard geometric shapes for the containers and shelves. No obvious floating, intersecting, or depth-inconsistent artifacts are observed."
a0afca15f1be,depth,marinate_meat_split/Seg4/marinate_meat,qa_pairs/aligned/marigold_depth_qa_results_aligned.json,depth_object_recognition,1,"The scene displays a cupboard with shelves containing multiple cylindrical containers of varying heights and widths, arranged at different distances from the camera."
da3c751f578e,depth,marinate_meat_split/Seg4/marinate_meat,qa_pairs/aligned/marigold_depth_qa_results_aligned.json,depth_dynamic_recognition,8,"A hand enters from the right side of the frame at a close distance. It approaches the shelf to grab an object. The object is pulled towards the camera, increasing in size as it moves into the foreground, and then moves away again."
04910e7b5097,depth,open_doors_split/Seg1/open_doors,qa_pairs/aligned/marigold_depth_qa_results_aligned.json,depth_scene_sequence,1,"The camera moves forward through a hallway, transitioning from the stairs to a passage with doors, and finally stops near an open doorway. The 3D layout reveals a narrow corridor with multiple doors on either side, ending in a brighter, open space at the end of the sequence."
0c8c748d3cb0,depth,open_doors_split/Seg1/open_doors,qa_pairs/aligned/marigold_depth_qa_results_aligned.json,depth_counting,8,"The sequence shows a hallway environment with multiple distinct depth features, including two walls lining the hallway, a floor surface, a ceiling, a series of doors set into the walls at varying depths, a handrail on the stairs, and the staircase steps themselves."
3f6199d0d326,depth,open_doors_split/Seg1/open_doors,qa_pairs/aligned/marigold_depth_qa_results_aligned.json,depth_dynamic_recognition,8,"A hand approaches from the lower right of the frame, moving towards a depth plane corresponding to a door handle, interacts with it, and then retreats. The movement is consistent with operating a latch, occurring primarily in the foreground."
48a6a63dddcc,depth,open_doors_split/Seg1/open_doors,qa_pairs/aligned/marigold_depth_qa_results_aligned.json,depth_navigation,1,"The navigation path leads from a staircase into a narrow corridor, moving straight forward toward a bright, open doorway. The 3D layout shows clear walking space between the walls, with the stairs acting as a vertical transition and the doorway as the primary exit point."
6576025d4774,depth,open_doors_split/Seg1/open_doors,qa_pairs/aligned/marigold_depth_qa_results_aligned.json,depth_spatial_reasoning,1,"The scene features a staircase descending to the left, a wall on the right, and a doorway leading to a bright, distant space. The staircase is in the foreground, and the doorway is in the background. The hand is in the extreme foreground, closer than the door handle. The wall on the right is closer than the doorway, and the staircase steps are closer than the wall."
6d202ed6a564,depth,open_doors_split/Seg1/open_doors,qa_pairs/aligned/marigold_depth_qa_results_aligned.json,depth_action,8,"I am walking through a building, moving from a hallway toward a staircase area. The primary actions involve navigating through a corridor and reaching out to manipulate a door or handle at close range. My movement is forward-leaning, causing closer objects like the handrail and door to dominate the depth map."
7340b336b74c,depth,open_doors_split/Seg1/open_doors,qa_pairs/aligned/marigold_depth_qa_results_aligned.json,depth_non_common,1,"The scene geometry is consistent with standard architectural layouts. No floating, intersecting, or unnaturally ordered objects are present in the depth data."
758e3f8b5f96,depth,open_doors_split/Seg1/open_doors,qa_pairs/aligned/marigold_depth_qa_results_aligned.json,depth_object_recognition,1,"The scene displays a staircase and a doorway in a building, with the depth data showing a clear 3D layout of the steps and the opening of a doorway. The staircase, located to the left, extends downwards in depth, while the open door frames a distant, bright area. A hand enters the view, positioned close to the camera, and interacts with a door handle."
906be541c96d,depth,open_doors_split/Seg1/open_doors,qa_pairs/aligned/marigold_depth_qa_results_aligned.json,depth_dynamic_counting,8,"A human hand enters the field of view multiple times at a very close depth range, manipulating an object (likely a doorknob or handle) before disappearing. The background environment remains static throughout the sequence, with no other moving entities."
0ef51ea70936,depth,open_doors_split/Seg2/open_doors,qa_pairs/aligned/marigold_depth_qa_results_aligned.json,depth_navigation,1,"The path is a straight corridor leading directly into a stairwell. The floor provides a clear, navigable surface. The hallway walls define the boundaries for movement until the camera reaches the stairs."
12554fcee39b,depth,open_doors_split/Seg2/open_doors,qa_pairs/aligned/marigold_depth_qa_results_aligned.json,depth_scene_sequence,1,"The camera starts in a narrow corridor with multiple doors. As it moves forward, the depth perspective shifts, revealing the transition from the corridor into an open stairwell area. The scene concludes as the camera approaches the staircase."
22191b7aec96,depth,open_doors_split/Seg2/open_doors,qa_pairs/aligned/marigold_depth_qa_results_aligned.json,depth_spatial_reasoning,1,"The corridor has doors on the left and right walls. The door on the right is closer to the camera than the one on the left. The hallway floor is in the foreground, and the staircase is in the background, positioned beyond the end of the corridor. The walls are adjacent to the floor and ceiling."
553ede28f19b,depth,open_doors_split/Seg2/open_doors,qa_pairs/aligned/marigold_depth_qa_results_aligned.json,depth_dynamic_counting,1,A human subject is seen at the end of the sequence moving towards the staircase. No other moving entities are present in the depth data.
746ccc414494,depth,open_doors_split/Seg2/open_doors,qa_pairs/aligned/marigold_depth_qa_results_aligned.json,depth_object_recognition,1,"The video shows a first-person view moving through a corridor with two doors on either side, ending at a staircase. The depth map reveals the structure of a narrow hallway, flat wall surfaces, and door handles at a closer proximity than the background walls and the staircase area."
8456008e0452,depth,open_doors_split/Seg2/open_doors,qa_pairs/aligned/marigold_depth_qa_results_aligned.json,depth_action,1,"The camera holder is walking forward through the corridor, maintaining a steady distance from the walls, and then turns slightly towards the staircase area."
85ef888581fb,depth,open_doors_split/Seg2/open_doors,qa_pairs/aligned/marigold_depth_qa_results_aligned.json,depth_counting,1,"There are approximately 4 doors visible along the corridor walls, 2 door handles, a floor surface, and one main staircase at the end of the path."
d2c6a700e3df,depth,open_doors_split/Seg2/open_doors,qa_pairs/aligned/marigold_depth_qa_results_aligned.json,depth_dynamic_recognition,1,"A person appears near the end of the sequence, moving towards the staircase in the background at a distance from the camera."
f899cd1d7a7a,depth,open_doors_split/Seg2/open_doors,qa_pairs/aligned/marigold_depth_qa_results_aligned.json,depth_non_common,1,"The depth representation is consistent with the physical geometry of a standard residential hallway and staircase. No floating, clipping, or physically impossible depth anomalies were identified."
0ffa298752d1,depth,open_doors_split/Seg3/open_doors,qa_pairs/aligned/marigold_depth_qa_results_aligned.json,depth_spatial_reasoning,1,"In this environment, the walls on the left and right are closest to me, acting as the primary boundaries. Doorway recesses are located at varying intervals along the walls. The ceiling and floor surfaces create a receding depth perspective. Objects like door frames are closer than the open interior spaces beyond the doorways. Several doorways are present, with the depth gap indicating an open passage."
2c82d8e24ae8,depth,open_doors_split/Seg3/open_doors,qa_pairs/aligned/marigold_depth_qa_results_aligned.json,depth_navigation,1,"The 3D layout is a straight, narrow corridor. Navigation is straightforward by moving forward between the parallel wall planes. The doorways offer potential side paths, but the primary open route continues towards the bright terminal space at the end of the hall, which is the farthest point from my current position."
354c9f3c7749,depth,open_doors_split/Seg3/open_doors,qa_pairs/aligned/marigold_depth_qa_results_aligned.json,depth_action,8,"I am walking forward through a corridor, maintaining a centered position relative to the side walls. My interaction with the environment is limited to navigating the geometry of the space. My movement decreases the depth distance between me and the end of the hall, while the side wall depth values remain constant."
62fad2e34cb8,depth,open_doors_split/Seg3/open_doors,qa_pairs/aligned/marigold_depth_qa_results_aligned.json,depth_non_common,1,"The scene displays standard architectural geometry. There are no floating objects, unnatural intersections, or impossible depth orderings. The depth map accurately represents a standard corridor with recessed doorways."
84fedfe46c88,depth,open_doors_split/Seg3/open_doors,qa_pairs/aligned/marigold_depth_qa_results_aligned.json,depth_scene_sequence,1,"The camera moves linearly through a long corridor. The sequence begins in an enclosed hallway section and continues forward past a series of recurring doorway depths. The 3D structure consistently shows parallel wall planes on the sides, with intermittent depth openings representing the doors, leading to a brighter, more open area at the end of the hall."
8606ab1cf241,depth,open_doors_split/Seg3/open_doors,qa_pairs/aligned/marigold_depth_qa_results_aligned.json,depth_counting,8,"The scene contains a series of identifiable geometric regions: six distinct wall segments along the left side, six wall segments along the right side, at least four open doorway gaps, the floor surface, the ceiling surface, and the distant end of the corridor."
afd32473bb36,depth,open_doors_split/Seg3/open_doors,qa_pairs/aligned/marigold_depth_qa_results_aligned.json,depth_dynamic_counting,8,"A human subject (the camera holder) interacts with the environment. There are no other moving entities. The camera holder approaches the end of the corridor, with the relative distance to the walls remaining steady until reaching the terminal open area."
d0f8ea8d7626,depth,open_doors_split/Seg3/open_doors,qa_pairs/aligned/marigold_depth_qa_results_aligned.json,depth_dynamic_recognition,8,"The camera holder moves forward through the corridor. No other dynamic objects or humans are present. The depth of the walls and doors shifts as the camera progresses through the space, but all structural elements remain static."
fd8dc247a9b0,depth,open_doors_split/Seg3/open_doors,qa_pairs/aligned/marigold_depth_qa_results_aligned.json,depth_object_recognition,1,"The video displays a person moving through a narrow indoor corridor with multiple doorways on the left and right. The scene layout consists of vertical wall segments defined by the depth gaps of door frames and open doors. As I move forward, the depth values of the walls remain consistent while the gaps representing doorways reveal varying levels of depth depending on whether the doors are open or closed."
2d861726043e,depth,pour_water_split/Seg1/pour_water,qa_pairs/aligned/marigold_depth_qa_results_aligned.json,depth_navigation,1,The scene is a static desktop environment. Navigation is limited to the reach of my hands across the table surface. The depth layout provides a stable area for object manipulation.
373e3efe0ff7,depth,pour_water_split/Seg1/pour_water,qa_pairs/aligned/marigold_depth_qa_results_aligned.json,depth_scene_sequence,1,"The camera remains stationary at a table, focusing on the manipulation of several mugs. The 3D layout consists of a tabletop surface where mugs are rearranged or moved. There are no room-to-room transitions, only localized interaction at a single desk."
734248fed8ef,depth,pour_water_split/Seg1/pour_water,qa_pairs/aligned/marigold_depth_qa_results_aligned.json,depth_object_recognition,1,"The scene displays a table surface in the foreground with multiple round objects, likely cups or mugs, positioned at varying distances. The objects closest to me are the hands manipulating these items. The mugs have distinct cylindrical depth profiles, and the arrangement is on a flat surface with a slightly raised area."
a02dda5d16d5,depth,pour_water_split/Seg1/pour_water,qa_pairs/aligned/marigold_depth_qa_results_aligned.json,depth_counting,1,There are approximately 4 to 5 distinct cylindrical objects (mugs/containers) on the table surface visible throughout the sequence.
b70492f27f8d,depth,pour_water_split/Seg1/pour_water,qa_pairs/aligned/marigold_depth_qa_results_aligned.json,depth_dynamic_counting,1,"My two hands are the only moving entities, constantly moving back and forth to rearrange the mugs on the table. No other humans or moving objects are present."
bbaedc32be91,depth,pour_water_split/Seg1/pour_water,qa_pairs/aligned/marigold_depth_qa_results_aligned.json,depth_dynamic_recognition,1,"My hands move dynamically, reaching for and moving mugs. The mugs remain in their general depth layer on the table while the hands move closer to and further from the camera view."
e18d083ed46a,depth,pour_water_split/Seg1/pour_water,qa_pairs/aligned/marigold_depth_qa_results_aligned.json,depth_action,1,"I am using my hands to grab, slide, and rearrange multiple mugs on the table surface. The depth values change as my hands move in and out of the primary work area."
e635463a20fa,depth,pour_water_split/Seg1/pour_water,qa_pairs/aligned/marigold_depth_qa_results_aligned.json,depth_spatial_reasoning,1,The mugs are arranged on a tabletop. A large mug is centrally located. My hands are actively manipulating a smaller cylindrical object near it. Some objects are partially occluded by the foreground hands. The background is a flat surface extending into the distance.
f07fa2f1c6a2,depth,pour_water_split/Seg1/pour_water,qa_pairs/aligned/marigold_depth_qa_results_aligned.json,depth_non_common,1,"The depth representation is consistent with a normal tabletop interaction; no floating, intersecting, or geometrically impossible objects are observed."
010818eca68b,depth,pour_water_split/Seg2/pour_water,qa_pairs/aligned/marigold_depth_qa_results_aligned.json,depth_object_recognition,1,"The scene displays a table surface viewed from a high angle, with multiple cup-like cylindrical objects arranged on it. My hands are visible in the foreground, moving among these objects. The depth data indicates varying distances, with the objects on the table being at a medium distance, while the floor and other surrounding surfaces are at a significantly further distance, creating a clear depth separation between the tabletop and the lower environment."
2700958f3a58,depth,pour_water_split/Seg2/pour_water,qa_pairs/aligned/marigold_depth_qa_results_aligned.json,depth_dynamic_counting,1,"The main dynamic action involves a human hand interacting with and moving objects, specifically a mug, within the field of view. The mug moves closer and further from the camera, transitioning through different depth layers. No other humans or independent moving entities are present."
3398463f0ee9,depth,pour_water_split/Seg2/pour_water,qa_pairs/aligned/marigold_depth_qa_results_aligned.json,depth_action,1,"The subject performs a picking and placing action, grabbing a mug from the rack and moving it, then rearranging items. The depth data captures the hand approaching the surface, grasping an object, and changing its spatial coordinate within the scene, demonstrating precise manipulation."
391e557b5041,depth,pour_water_split/Seg2/pour_water,qa_pairs/aligned/marigold_depth_qa_results_aligned.json,depth_spatial_reasoning,1,"My hands are positioned in front of the tabletop, actively interacting with the cup-shaped objects. The cups are arranged at various points across the table surface. Some objects are closer to the camera than others, and my hands appear as the nearest entities in the scene, partially occluding the table surface and the items on it. The table represents a plane at a closer, more consistent depth layer compared to the background, which is further away."
91a0010a0ddf,depth,pour_water_split/Seg2/pour_water,qa_pairs/aligned/marigold_depth_qa_results_aligned.json,depth_dynamic_recognition,1,"A human hand enters the frame from the bottom, interacts with a mug at a near depth, and moves it across the field of view. The mug appears to shift from a central-near position to a further position. The action is consistent throughout the sequence."
98edce053329,depth,pour_water_split/Seg2/pour_water,qa_pairs/aligned/marigold_depth_qa_results_aligned.json,depth_non_common,1,"The geometry appears consistent with real-world physics; there are no floating objects, unnatural intersections, or impossible depth orderings present in the depth data."
a149c3eb9337,depth,pour_water_split/Seg2/pour_water,qa_pairs/aligned/marigold_depth_qa_results_aligned.json,depth_navigation,1,"The navigation view is restricted to the workspace of the table. The 3D layout consists of a flat, close-proximity tabletop suitable for hand manipulation, while the rest of the scene is at a greater depth, indicating an empty navigable space around the table."
f500656f5178,depth,pour_water_split/Seg2/pour_water,qa_pairs/aligned/marigold_depth_qa_results_aligned.json,depth_scene_sequence,1,"The camera maintains a consistent orientation looking down at a table surface. The sequence begins with my hands resting near the cups, moves through a period of interaction where I reposition or manipulate the objects, and ends with the hands moving away from the table surface. The spatial structure remains static, defined by the tabletop plane and the depth-layered arrangement of items upon it."
fa438f213062,depth,pour_water_split/Seg2/pour_water,qa_pairs/aligned/marigold_depth_qa_results_aligned.json,depth_counting,1,"The scene shows a rack containing multiple circular objects or mug-like shapes arranged at different depth levels on a horizontal surface. There are approximately 6 distinct depth-defined objects present, including the main mug being held and the others positioned in the background and side."
0aed572af4e2,depth,ride_a_bike_split/Seg1/ride_a_bike,qa_pairs/aligned/marigold_depth_qa_results_aligned.json,depth_dynamic_recognition,8,"The sequence shows a forward-moving perspective through a street. All observed objects, including vehicles and trees, remain stationary relative to the environment and do not show independent motion."
1d689040d3b7,depth,ride_a_bike_split/Seg1/ride_a_bike,qa_pairs/aligned/marigold_depth_qa_results_aligned.json,depth_spatial_reasoning,1,"Cars are parked on the left and right sides of the street. Trees are situated closer to the camera than the buildings in the background. The road surface occupies the lower foreground, extending towards the distant light source. The buildings appear behind the cars and trees. There are at least 5 pairs of relative depth: cars vs. road, trees vs. cars, buildings vs. trees, road vs. distant light, and parked cars vs. oncoming space."
3acbe8c98b6a,depth,ride_a_bike_split/Seg1/ride_a_bike,qa_pairs/aligned/marigold_depth_qa_results_aligned.json,depth_action,8,"The camera holder is performing a forward-moving action, likely driving or walking down a residential street. The depth layout shifts as the camera approaches stationary objects, resulting in a continuous expansion of objects from the center toward the periphery."
3b2a545df685,depth,ride_a_bike_split/Seg1/ride_a_bike,qa_pairs/aligned/marigold_depth_qa_results_aligned.json,depth_object_recognition,1,"The scene shows a narrow street with cars parked on both sides, and several trees lining the sidewalk. The camera moves forward along the road, where objects closer to the camera are at the edges and a brighter, more distant area is visible ahead."
3ee87fd53dfb,depth,ride_a_bike_split/Seg1/ride_a_bike,qa_pairs/aligned/marigold_depth_qa_results_aligned.json,depth_non_common,1,"The scene displays a standard geometric layout of a street with no signs of floating, clipping, or physically impossible depth structures."
431f0d795d28,depth,ride_a_bike_split/Seg1/ride_a_bike,qa_pairs/aligned/marigold_depth_qa_results_aligned.json,depth_counting,8,"The scene contains multiple distinct depth regions including stationary vehicles parked on both sides, street poles, trees, and the road surface. In total, 10 parked vehicles, 4 street poles, and 2 trees are identifiable as separate objects at varying depth layers along the street."
abf04d334eee,depth,ride_a_bike_split/Seg1/ride_a_bike,qa_pairs/aligned/marigold_depth_qa_results_aligned.json,depth_navigation,1,"The navigation path is a straight, forward-moving trajectory down the center of the street. The depth layout provides a clear, obstacle-free corridor between the parked cars on either side."
bfcd77f016ee,depth,ride_a_bike_split/Seg1/ride_a_bike,qa_pairs/aligned/marigold_depth_qa_results_aligned.json,depth_dynamic_counting,8,"The camera moves forward along a street. Several vehicles at varying distances are static, but no dynamic humans or moving vehicles pass the camera. The scene remains static in terms of object movement relative to the depth map."
fcd099cb839c,depth,ride_a_bike_split/Seg1/ride_a_bike,qa_pairs/aligned/marigold_depth_qa_results_aligned.json,depth_scene_sequence,1,"The camera travels down a residential street, starting from a section with parked vehicles and street-side trees. As it moves forward, the depth map indicates a transition from the immediate foreground to a more open, brighter area in the distance."
098c677f8507,depth,ride_a_bike_split/Seg2/ride_a_bike,qa_pairs/aligned/marigold_depth_qa_results_aligned.json,depth_action,1,The camera performs a continuous forward movement through the street and into the bicycle storage area. No interaction with objects by the camera holder is observed.
1e5c797c759c,depth,ride_a_bike_split/Seg2/ride_a_bike,qa_pairs/aligned/marigold_depth_qa_results_aligned.json,depth_spatial_reasoning,1,"The scene features cars parked on both sides of a path, creating a central corridor. A fence runs along the right side, parallel to the path. Several bicycles are positioned behind the fence and in the further depth region, relative to the foreground cars. The cars are closer to the camera than the bicycles."
6657be266fb1,depth,ride_a_bike_split/Seg2/ride_a_bike,qa_pairs/aligned/marigold_depth_qa_results_aligned.json,depth_dynamic_counting,1,There are no moving humans or cars in the video; all vehicles and bicycles are stationary throughout the recorded sequence.
8de3a46cead8,depth,ride_a_bike_split/Seg2/ride_a_bike,qa_pairs/aligned/marigold_depth_qa_results_aligned.json,depth_object_recognition,1,"The video displays a series of stationary parked vehicles along a street, with a clear path in the middle. The scene includes various cars and a fence on the right, with several bicycles clustered together at the end of the sequence. Objects are arranged in a corridor-like layout, with vehicles at varying distances from the camera."
a857816bedeb,depth,ride_a_bike_split/Seg2/ride_a_bike,qa_pairs/aligned/marigold_depth_qa_results_aligned.json,depth_counting,1,"The scene contains multiple cars parked along the street and a row of bicycles parked in a rack at the end of the passage. Based on the depth structure, I can identify at least 5 distinct cars along the sides and 6 to 8 individual bicycles in the final scene."
b3f8648ee268,depth,ride_a_bike_split/Seg2/ride_a_bike,qa_pairs/aligned/marigold_depth_qa_results_aligned.json,depth_navigation,1,"The layout provides a clear, straight path between the rows of parked cars, leading directly to the bicycle storage area. The depth stream indicates a consistent flat ground surface suitable for movement, with no significant obstacles in the center."
ba3c584b2dd4,depth,ride_a_bike_split/Seg2/ride_a_bike,qa_pairs/aligned/marigold_depth_qa_results_aligned.json,depth_dynamic_recognition,1,There is no movement detected from any objects or humans in the scene. The scene remains completely static in terms of entity placement and distance throughout the video duration.
bb61f250da12,depth,ride_a_bike_split/Seg2/ride_a_bike,qa_pairs/aligned/marigold_depth_qa_results_aligned.json,depth_non_common,1,"The geometry appears consistent with real-world physics; however, the depth mapping of the bicycles shows slight floating artifacts where the bicycle frames meet the ground, which is a common sensor rendering discrepancy."
c6fd8de4dbb9,depth,ride_a_bike_split/Seg2/ride_a_bike,qa_pairs/aligned/marigold_depth_qa_results_aligned.json,depth_scene_sequence,1,"The camera moves along a street between rows of parked cars. The sequence begins in an open-street configuration and progresses towards a more enclosed, narrow space where a rack of bicycles is stored at the end of the path."
02ac3a8538b8,depth,use_computer_split/Seg1/use_computer,qa_pairs/aligned/marigold_depth_qa_results_aligned.json,depth_spatial_reasoning,1,"The laptop is in the center at a medium distance. The USB hub is to the left of the laptop. The notebook is in the immediate foreground, closer to me than the laptop. My hand is positioned directly over the notebook. The monitor stand is in the far left corner. The laptop screen is tilted back away from me."
05c24c647a5b,depth,use_computer_split/Seg1/use_computer,qa_pairs/aligned/marigold_depth_qa_results_aligned.json,depth_dynamic_counting,1,"Only my hands and the pen are dynamic, moving across the surface of the notebook in the foreground. No other humans or objects move during the recording."
18ee9bf1b448,depth,use_computer_split/Seg1/use_computer,qa_pairs/aligned/marigold_depth_qa_results_aligned.json,depth_counting,1,"There are several distinct objects identified by depth: one laptop, one USB hub, one monitor stand, one notebook, one pen, and two hands."
7294190c12a6,depth,use_computer_split/Seg1/use_computer,qa_pairs/aligned/marigold_depth_qa_results_aligned.json,depth_object_recognition,1,"The scene shows a workspace with a laptop in the center, a monitor stand on the left, a USB hub with cables, and a notebook on the desk where a person is writing with a pen. The laptop is in the middle distance, while the notebook and hands are in the foreground."
789ddc5cf26b,depth,use_computer_split/Seg1/use_computer,qa_pairs/aligned/marigold_depth_qa_results_aligned.json,depth_navigation,1,"The layout is a static desk. The path is restricted to the area above the notebook. There are no navigable paths through the room, only the workspace area."
b809febd728b,depth,use_computer_split/Seg1/use_computer,qa_pairs/aligned/marigold_depth_qa_results_aligned.json,depth_scene_sequence,1,"The video displays a static top-down view of a desk. The camera remains fixed, capturing the workspace. The scene does not involve transitions between rooms or spaces; it is a single-environment sequence centered on the desk setup."
beef12a5915c,depth,use_computer_split/Seg1/use_computer,qa_pairs/aligned/marigold_depth_qa_results_aligned.json,depth_non_common,1,"The depth representation is consistent with a normal 3D workspace. There are no floating objects, unnatural intersections, or depth-ordering anomalies."
e9cae118f9cf,depth,use_computer_split/Seg1/use_computer,qa_pairs/aligned/marigold_depth_qa_results_aligned.json,depth_dynamic_recognition,1,"My hands move back and forth over the notebook while holding a pen to write. The motion is confined to the foreground, with no other moving objects."
fd7473d88e4a,depth,use_computer_split/Seg1/use_computer,qa_pairs/aligned/marigold_depth_qa_results_aligned.json,depth_action,1,"I am sitting at the desk, using my hands to hold a pen and write in a notebook. The depth indicates my hands are the closest objects to the camera, interacting directly with the notebook surface."
1192adb32f45,depth,use_computer_split/Seg2/use_computer,qa_pairs/aligned/marigold_depth_qa_results_aligned.json,depth_object_recognition,1,"The scene displays a workspace with a laptop on a desk. A lamp base is visible in the foreground to the left. A USB hub with cables is connected to the laptop. A notebook is positioned near the user's hands. The depth information indicates the laptop screen is the farthest object, while the desk surface and hands are closer."
152b6685abdc,depth,use_computer_split/Seg2/use_computer,qa_pairs/aligned/marigold_depth_qa_results_aligned.json,depth_navigation,1,The scene is a fixed desk space. The navigable area for hand movement is restricted to the surface of the notebook in front of the laptop.
1ee1930ee987,depth,use_computer_split/Seg2/use_computer,qa_pairs/aligned/marigold_depth_qa_results_aligned.json,depth_dynamic_counting,8,"The only moving entities are the human hands, which enter the scene to interact with a notebook using a stylus. The hands are at a closer depth range than the desk and move across the workspace."
21930bfe6578,depth,use_computer_split/Seg2/use_computer,qa_pairs/aligned/marigold_depth_qa_results_aligned.json,depth_action,8,"The subject uses their hands to interact with a notebook. One hand stabilizes the page while the other holds a stylus, performing writing/drawing motions over the notebook area."
8364099ba094,depth,use_computer_split/Seg2/use_computer,qa_pairs/aligned/marigold_depth_qa_results_aligned.json,depth_counting,8,"The scene contains a laptop, a monitor arm, a USB hub, a desk surface, a notebook, and a stylus/pen, all identifiable as distinct depth regions on the workspace."
84bd255adec8,depth,use_computer_split/Seg2/use_computer,qa_pairs/aligned/marigold_depth_qa_results_aligned.json,depth_dynamic_recognition,8,"A pair of human hands enters the field of view from the bottom, operating at a depth closer than the laptop. They move over the notebook, with one hand holding a stylus to write/draw."
94cac2da8d4e,depth,use_computer_split/Seg2/use_computer,qa_pairs/aligned/marigold_depth_qa_results_aligned.json,depth_spatial_reasoning,1,"The laptop is on the desk, with the USB hub located to its left. A notebook is in front of the laptop. The lamp base is to the left of the desk area. The hands are closer to the camera than the notebook. The laptop is farther away than both the hands and the notebook."
ed6ebd62d448,depth,use_computer_split/Seg2/use_computer,qa_pairs/aligned/marigold_depth_qa_results_aligned.json,depth_non_common,1,The scene shows a standard desk setup with no physically implausible geometry or depth anomalies.
f65f79a54859,depth,use_computer_split/Seg2/use_computer,qa_pairs/aligned/marigold_depth_qa_results_aligned.json,depth_scene_sequence,1,"The camera remains stationary, providing a top-down view of a desk. The sequence shows a static 3D layout where the hands move toward the center to write in a notebook on the desk surface."
31c2d0316d98,depth,use_computer_split/Seg3/use_computer,qa_pairs/aligned/marigold_depth_qa_results_aligned.json,depth_spatial_reasoning,1,"In this workspace, the notebook is the closest object to me, held by hands in the foreground. The laptop is positioned behind the notebook in the mid-ground. The power hub is located to the left of the laptop and slightly further from me than the notebook. Cables connect the hub to the laptop. The desk surface lies below all these objects."
320c0c2a175f,depth,use_computer_split/Seg3/use_computer,qa_pairs/aligned/marigold_depth_qa_results_aligned.json,depth_object_recognition,1,"The scene shows a top-down view of a workspace containing a laptop computer positioned in the center, a power adapter or hub located to the left with cables connecting to the laptop, and a notebook being handled by a person's hands in the foreground."
3403ecf88a7d,depth,use_computer_split/Seg3/use_computer,qa_pairs/aligned/marigold_depth_qa_results_aligned.json,depth_counting,1,"The scene contains a laptop (1), a power hub (1), several cables (3 distinct segments), a notebook (1), and a pair of hands (1)."
5500ad88d205,depth,use_computer_split/Seg3/use_computer,qa_pairs/aligned/marigold_depth_qa_results_aligned.json,depth_navigation,1,"The scene is a confined desktop environment. The primary navigable area is the desk surface around the laptop, though it is cluttered with equipment and a notebook, limiting free space."
5bb09e149b46,depth,use_computer_split/Seg3/use_computer,qa_pairs/aligned/marigold_depth_qa_results_aligned.json,depth_scene_sequence,1,"The video maintains a static, top-down perspective of a desk. The scene begins with the laptop and cables visible. As the sequence progresses, a pair of hands enters the frame from the bottom, bringing a notebook into the foreground, which remains the focus for the duration of the video."
7009ab6bad6c,depth,use_computer_split/Seg3/use_computer,qa_pairs/aligned/marigold_depth_qa_results_aligned.json,depth_dynamic_recognition,1,"A pair of hands enters from the lower foreground, holding a notebook and performing a flipping action. The hands remain at a constant near-depth range relative to the camera."
98bc1303a382,depth,use_computer_split/Seg3/use_computer,qa_pairs/aligned/marigold_depth_qa_results_aligned.json,depth_action,1,"I am sitting at the desk, using my hands to hold and flip through the pages of a notebook in the foreground while the laptop remains stationary."
e6e24a091a74,depth,use_computer_split/Seg3/use_computer,qa_pairs/aligned/marigold_depth_qa_results_aligned.json,depth_dynamic_counting,1,The only dynamic entities are the hands that enter the frame at the beginning and manipulate the notebook on the desk surface.
fd9a847ad269,depth,use_computer_split/Seg3/use_computer,qa_pairs/aligned/marigold_depth_qa_results_aligned.json,depth_non_common,1,"The depth representation is consistent with a standard 3D workspace. No floating objects, unnatural intersections, or impossible geometries are present."
025c0b8c8c94,depth,use_computer_split/Seg4/use_computer,qa_pairs/aligned/marigold_depth_qa_results_aligned.json,depth_spatial_reasoning,1,"The scene features several spatial relationships: the laptop is in the center of the desk, the peripheral device is on the lower left of the desk surface, the stand is positioned in the upper left, cables are draped across the desk, and a phone is placed on the right side of the desk surface. The laptop is closer to the viewer than the wall, and the cables are between the viewer and the laptop."
31c5ce800e8e,depth,use_computer_split/Seg4/use_computer,qa_pairs/aligned/marigold_depth_qa_results_aligned.json,depth_dynamic_counting,1,"The video displays the hands of the camera operator moving across the desk surface, interacting with objects. No other moving entities are present in the depth-defined scene."
3c37ca7089ac,depth,use_computer_split/Seg4/use_computer,qa_pairs/aligned/marigold_depth_qa_results_aligned.json,depth_scene_sequence,1,"The scene is a static desktop workspace. The camera maintains a consistent, downward-facing 3D perspective, showing no movement between different rooms or navigable spaces. The spatial structure consists of the desk surface, the laptop, and surrounding desk items, which remain in fixed relative positions throughout the sequence."
7f23fde3d804,depth,use_computer_split/Seg4/use_computer,qa_pairs/aligned/marigold_depth_qa_results_aligned.json,depth_navigation,1,"The desk represents a confined, non-navigable workspace. The 3D layout includes a flat desk surface with obstacles like a laptop and cables. There is no path for movement through the scene, as it is a fixed workstation setup."
8f4d835be18e,depth,use_computer_split/Seg4/use_computer,qa_pairs/aligned/marigold_depth_qa_results_aligned.json,depth_non_common,1,"The scene shows a typical, physically consistent desktop arrangement. All objects, including the laptop, phone, and cables, are resting on a common, flat surface. There are no floating objects, unnatural intersections, or depth-ordered artifacts present."
a4829cf3cf88,depth,use_computer_split/Seg4/use_computer,qa_pairs/aligned/marigold_depth_qa_results_aligned.json,depth_object_recognition,1,"The video shows a first-person perspective of a desk setup. A laptop is centrally located, with a smaller peripheral device to the lower left. Various cables are visible across the desk surface, and a stand is positioned in the upper left corner. The workspace is defined by a flat, horizontal surface extending into the distance."
b08b1d811503,depth,use_computer_split/Seg4/use_computer,qa_pairs/aligned/marigold_depth_qa_results_aligned.json,depth_dynamic_recognition,1,"The operator's hands enter the frame and interact with the objects on the desk. They move in the foreground, close to the camera, before resting on or near the laptop."
ba5348fd147c,depth,use_computer_split/Seg4/use_computer,qa_pairs/aligned/marigold_depth_qa_results_aligned.json,depth_action,1,"The camera holder's hands are observed moving across the desk surface and manipulating items, such as writing on a pad. The hands occupy the nearest depth layer in the foreground, interacting with the objects positioned further away on the desk."
c0306c465201,depth,use_computer_split/Seg4/use_computer,qa_pairs/aligned/marigold_depth_qa_results_aligned.json,depth_counting,1,"The scene displays several distinct objects: one laptop, one peripheral device, one phone, one stand, and multiple segments of cables. The desk surface serves as a single continuous base plane."
43a9501f052d,depth,use_computer_split/Seg5/use_computer,qa_pairs/aligned/marigold_depth_qa_results_aligned.json,depth_action,1,The subject performs a writing or pointing action on the laptop surface using a stylus held in their hand.
6b3ead330bd9,depth,use_computer_split/Seg5/use_computer,qa_pairs/aligned/marigold_depth_qa_results_aligned.json,depth_object_recognition,1,"The scene shows a top-down view of a desk workspace. Key objects identifiable by their depth profiles include a laptop at the center, a monitor stand on the left, a hub/docking station with cables extending toward the laptop, and a hand entering the frame from the bottom right holding a pen or stylus."
6b4cc853a91f,depth,use_computer_split/Seg5/use_computer,qa_pairs/aligned/marigold_depth_qa_results_aligned.json,depth_non_common,1,"The scene depicts a standard desk arrangement. No floating objects, unnatural intersections, or depth anomalies are observed."
80a3fdd2a1b2,depth,use_computer_split/Seg5/use_computer,qa_pairs/aligned/marigold_depth_qa_results_aligned.json,depth_scene_sequence,1,"The video maintains a static, top-down perspective of a desk. The sequence involves a hand entering the workspace from the bottom right, interacting with the laptop area, and manipulating a stylus over the device surface."
ab7616d97905,depth,use_computer_split/Seg5/use_computer,qa_pairs/aligned/marigold_depth_qa_results_aligned.json,depth_counting,1,"The identified objects on the desk include: 1 laptop, 1 monitor stand, 1 docking station, 1 cable bundle, 1 hand, and 1 stylus."
b3754b539095,depth,use_computer_split/Seg5/use_computer,qa_pairs/aligned/marigold_depth_qa_results_aligned.json,depth_dynamic_recognition,1,The user's hand moves into the frame from the bottom right to the center to operate the laptop. It remains in the near depth layer throughout the interaction.
d720eb0c103b,depth,use_computer_split/Seg5/use_computer,qa_pairs/aligned/marigold_depth_qa_results_aligned.json,depth_navigation,1,"The workspace layout is fixed, with a laptop as the primary work area. Navigation in this 3D layout is limited to the user's hand movement over the central desk surface."
e77c53269f92,depth,use_computer_split/Seg5/use_computer,qa_pairs/aligned/marigold_depth_qa_results_aligned.json,depth_spatial_reasoning,1,"The desk workspace features several spatial arrangements: the laptop is central; a monitor stand is located to its left; a docking station is positioned to the lower-left of the laptop, connected by a cable; and a user's hand with a stylus is on the lower-right side, closer to the viewer than the desk surface."
f2fadc90ca64,depth,use_computer_split/Seg5/use_computer,qa_pairs/aligned/marigold_depth_qa_results_aligned.json,depth_dynamic_counting,1,"Only one moving entity is present: the user's hand and stylus, which enter the frame from the lower right and move over the laptop surface."
0651514949ec,depth,walk_upstairs_split/Seg1/walk_upstairs,qa_pairs/aligned/marigold_depth_qa_results_aligned.json,depth_counting,8,"The scene displays a hallway with multiple distinct architectural elements: a staircase with railings on the left, several doorways along the walls, and a landing or floor area. Counting these reveals 1 staircase with railings, 7 visible door frames/thresholds, 1 main hallway corridor, 1 ceiling area, 1 floor area, and various wall segments defining the depth structure."
25e9b0797950,depth,walk_upstairs_split/Seg1/walk_upstairs,qa_pairs/aligned/marigold_depth_qa_results_aligned.json,depth_non_common,1,The scene displays typical architectural geometry; no objects are floating or intersecting in an implausible manner. The structural layout is consistent with a standard building.
26be7dc4f799,depth,walk_upstairs_split/Seg1/walk_upstairs,qa_pairs/aligned/marigold_depth_qa_results_aligned.json,depth_spatial_reasoning,1,"A metal railing is situated in the foreground on the left, closer to the camera than the stairs and the walls. The doors are set further back into the wall plane. The stairs extend diagonally from the near-foreground towards the far-background."
32dfa81a8b8d,depth,walk_upstairs_split/Seg1/walk_upstairs,qa_pairs/aligned/marigold_depth_qa_results_aligned.json,depth_object_recognition,1,"The scene shows a stairwell with a metallic railing on the left and a series of steps leading upwards. Walls enclose the space, and doors are positioned at various depths, appearing as recessed rectangular surfaces in the depth map."
4dd66c1d6689,depth,walk_upstairs_split/Seg1/walk_upstairs,qa_pairs/aligned/marigold_depth_qa_results_aligned.json,depth_dynamic_recognition,8,"The human subject emerges from a doorway at the end of the hallway, moving from a distant depth plane toward the camera. The subject maintains a consistent forward-moving trajectory in the depth map until they exit the field of view in the final frames."
668a5817dca9,depth,walk_upstairs_split/Seg1/walk_upstairs,qa_pairs/aligned/marigold_depth_qa_results_aligned.json,depth_scene_sequence,1,"The camera moves forward and upward through a stairwell. The sequence shows a progression from a lower landing, moving up the stairs, and passing multiple doorways along the hallway wall."
7137b7af7742,depth,walk_upstairs_split/Seg1/walk_upstairs,qa_pairs/aligned/marigold_depth_qa_results_aligned.json,depth_dynamic_counting,8,"A single human subject moves through the hallway, appearing in the door frame in the middle of the sequence. The subject enters the frame from the background-midground transition and walks toward the camera in the foreground, remaining visible for approximately 15 frames before leaving the depth field."
ce91dcc459aa,depth,walk_upstairs_split/Seg1/walk_upstairs,qa_pairs/aligned/marigold_depth_qa_results_aligned.json,depth_navigation,1,"The navigable area is the staircase and the adjacent landings. The camera path follows the staircase trajectory, with clear floor space for movement, and the depth data indicates safe walking paths free of obstacles."
e66ca026b8f2,depth,walk_upstairs_split/Seg1/walk_upstairs,qa_pairs/aligned/marigold_depth_qa_results_aligned.json,depth_action,8,The camera holder performs a continuous walking motion forward through the hallway. The action is characterized by a gradual expansion of the depth map as objects in the periphery move outward and the central corridor path approaches closer.
0f2e5c172563,depth,wash_cup_and_drink_water_split/Seg1/wash_cup_and_drink_water,qa_pairs/aligned/marigold_depth_qa_results_aligned.json,depth_dynamic_counting,1,"My hand is the only dynamic object in the scene. It moves toward the cabinet in the early frames, reaching for and grasping a mug. It remains in view for the duration of the interaction before moving away."
1d0462afc4f3,depth,wash_cup_and_drink_water_split/Seg1/wash_cup_and_drink_water,qa_pairs/aligned/marigold_depth_qa_results_aligned.json,depth_action,1,"I am opening the cabinet door and reaching in to grasp a mug. The distance between my hand and the mug decreases until contact is made, after which the mug is moved slightly within the shelf's space."
4563c72845d4,depth,wash_cup_and_drink_water_split/Seg1/wash_cup_and_drink_water,qa_pairs/aligned/marigold_depth_qa_results_aligned.json,depth_dynamic_recognition,1,"My hand moves toward the cabinet in the initial frames, appearing at a close depth range. It reaches for and grasps a mug, which is then moved slightly. The hand later exits the frame."
53db7c1cb2ec,depth,wash_cup_and_drink_water_split/Seg1/wash_cup_and_drink_water,qa_pairs/aligned/marigold_depth_qa_results_aligned.json,depth_non_common,1,"The scene displays standard kitchen geometry with objects resting on shelves. There are no floating objects, unnatural intersections, or depth artifacts visible."
5e13c408fa02,depth,wash_cup_and_drink_water_split/Seg1/wash_cup_and_drink_water,qa_pairs/aligned/marigold_depth_qa_results_aligned.json,depth_spatial_reasoning,1,"The mugs are arranged in a row on the shelves, with some closer to the camera than others. The bottle is located to the right of the mugs on the lower level. A bowl is positioned on the top shelf, appearing further away than the foreground mugs. My hand enters the scene to interact with a mug on the lower shelf, indicating it is the closest object to me at that moment."
a3442dda155f,depth,wash_cup_and_drink_water_split/Seg1/wash_cup_and_drink_water,qa_pairs/aligned/marigold_depth_qa_results_aligned.json,depth_scene_sequence,1,"The scene begins with a view of a closed or partially open kitchen cabinet. As the camera moves, it reveals the interior, showing shelves filled with kitchenware, including mugs, a bottle, and a bowl. The camera then focuses on a specific mug as I interact with it before shifting to another area containing utensils."
af3e5fa1e686,depth,wash_cup_and_drink_water_split/Seg1/wash_cup_and_drink_water,qa_pairs/aligned/marigold_depth_qa_results_aligned.json,depth_object_recognition,1,"The video displays a kitchen cabinet containing several mugs, a bowl, a bottle, and some kitchen utensils. The mugs are arranged on shelves at different depths, with some closer to the camera and others further back. The scene is organized horizontally across the shelves."
b1fa2cbe0962,depth,wash_cup_and_drink_water_split/Seg1/wash_cup_and_drink_water,qa_pairs/aligned/marigold_depth_qa_results_aligned.json,depth_counting,1,"The cabinet contains approximately 6 mugs visible on the shelves, 1 bowl on the top shelf, 1 bottle on the bottom shelf, and 3 miscellaneous utensils or items, totaling around 11 distinct items."
cd4786c48d66,depth,wash_cup_and_drink_water_split/Seg1/wash_cup_and_drink_water,qa_pairs/aligned/marigold_depth_qa_results_aligned.json,depth_navigation,1,"The navigation path is limited to the interior of the kitchen cabinet. The shelves provide distinct levels for object placement, and the open area between them allows for hand movement to reach the objects."
005986117b6f,depth,wash_cup_and_drink_water_split/Seg2/wash_cup_and_drink_water,qa_pairs/aligned/marigold_depth_qa_results_aligned.json,depth_object_recognition,1,"The scene displays a close-up interaction where hands are manipulating a cylindrical object, possibly a tool, against a background featuring several distant, indistinct shapes or containers placed on a flat surface."
57279ef94dae,depth,wash_cup_and_drink_water_split/Seg2/wash_cup_and_drink_water,qa_pairs/aligned/marigold_depth_qa_results_aligned.json,depth_navigation,1,"The 3D layout consists of a foreground workspace occupied by hands and a tool, and a background area with static objects on a table. The environment is a confined workspace, and there is no clear path for navigation beyond the table."
6c40f5d9cef0,depth,wash_cup_and_drink_water_split/Seg2/wash_cup_and_drink_water,qa_pairs/aligned/marigold_depth_qa_results_aligned.json,depth_dynamic_recognition,1,The only dynamic entity is the pair of hands manipulating the tool. The hands move rhythmically to adjust the tool's position throughout the video sequence.
b2eb53d2c754,depth,wash_cup_and_drink_water_split/Seg2/wash_cup_and_drink_water,qa_pairs/aligned/marigold_depth_qa_results_aligned.json,depth_scene_sequence,1,"The video shows a stationary camera viewpoint focusing on a table surface. The scene maintains a consistent 3D layout throughout, with the primary activity of tool manipulation remaining in the foreground while the background objects on the table remain static and distant."
bd38fe7dd3e9,depth,wash_cup_and_drink_water_split/Seg2/wash_cup_and_drink_water,qa_pairs/aligned/marigold_depth_qa_results_aligned.json,depth_non_common,1,"The depth stream shows no physical anomalies. The objects, hands, and table surface follow realistic geometric spatial orderings without signs of floating or unnatural intersection."
cb165ff7caf5,depth,wash_cup_and_drink_water_split/Seg2/wash_cup_and_drink_water,qa_pairs/aligned/marigold_depth_qa_results_aligned.json,depth_dynamic_counting,1,"Only the hands are moving, performing a task with the tool. No other dynamic objects or humans are present in the depth-defined scene during the recorded sequence."
d93b3e975851,depth,wash_cup_and_drink_water_split/Seg2/wash_cup_and_drink_water,qa_pairs/aligned/marigold_depth_qa_results_aligned.json,depth_action,1,I am holding and adjusting a tool with both hands. My actions involve rotating and shifting the tool's orientation within the immediate foreground depth layer.
e45109088cdf,depth,wash_cup_and_drink_water_split/Seg2/wash_cup_and_drink_water,qa_pairs/aligned/marigold_depth_qa_results_aligned.json,depth_spatial_reasoning,1,"The hands and the tool are in the immediate foreground, positioned closer than the flat surface of the table. Several objects are resting on the table in the background, appearing much further away from the camera than the primary object held by the hands. The hands partially occlude the view of the table surface behind them."
ec3c688ee00d,depth,wash_cup_and_drink_water_split/Seg2/wash_cup_and_drink_water,qa_pairs/aligned/marigold_depth_qa_results_aligned.json,depth_counting,1,"The scene contains a tool held in hand and at least five distinct objects resting on the distant table surface, identifiable by their separated 3D geometric profiles."
017c5ea5da5a,depth,wash_cup_and_drink_water_split/Seg3/wash_cup_and_drink_water,qa_pairs/aligned/marigold_depth_qa_results_aligned.json,depth_action,1,"The camera holder performs a scanning motion, moving the perspective across the table surface to reveal the objects. No interaction with the objects occurs."
0bb479a592f3,depth,wash_cup_and_drink_water_split/Seg3/wash_cup_and_drink_water,qa_pairs/aligned/marigold_depth_qa_results_aligned.json,depth_spatial_reasoning,1,"The table surface extends from the foreground to the mid-ground. A tall cylinder is on the bottom right. A rectangular box is located in the middle-back, with a smaller cylindrical object adjacent to its left. A shallow object is slightly behind the box. The foreground cylinder is closer to me than the rectangular box, which is further back and to the left."
2b5ad57be690,depth,wash_cup_and_drink_water_split/Seg3/wash_cup_and_drink_water,qa_pairs/aligned/marigold_depth_qa_results_aligned.json,depth_dynamic_recognition,1,All objects in the depth field of view remain stationary relative to the table surface throughout the video. Only the camera position shifts.
3db7475cbb45,depth,wash_cup_and_drink_water_split/Seg3/wash_cup_and_drink_water,qa_pairs/aligned/marigold_depth_qa_results_aligned.json,depth_dynamic_counting,1,There are no moving entities in the scene other than the camera movement. The objects are static on the table throughout the entire depth sequence.
455706d89b47,depth,wash_cup_and_drink_water_split/Seg3/wash_cup_and_drink_water,qa_pairs/aligned/marigold_depth_qa_results_aligned.json,depth_object_recognition,1,"The scene displays several household objects on a tabletop. A cylindrical object is located in the foreground, with a smaller rectangular box and other smaller cylindrical items positioned further away in the mid-ground. The depth map reveals distinct 3D shapes for these objects, with the foreground cylinder being the closest and the box behind it at a greater depth."
7012eb0a9822,depth,wash_cup_and_drink_water_split/Seg3/wash_cup_and_drink_water,qa_pairs/aligned/marigold_depth_qa_results_aligned.json,depth_non_common,1,"The depth map represents a standard, physically plausible tabletop scene with no floating, intersecting, or geometrically impossible objects."
723892560a55,depth,wash_cup_and_drink_water_split/Seg3/wash_cup_and_drink_water,qa_pairs/aligned/marigold_depth_qa_results_aligned.json,depth_counting,1,"The scene features several distinct geometric objects on a flat surface. There is 1 large foreground cylinder, 1 rectangular box, 2 small cylindrical items next to the box, and 1 shallow tray-like object, totaling 5 primary objects."
d3639643a283,depth,wash_cup_and_drink_water_split/Seg3/wash_cup_and_drink_water,qa_pairs/aligned/marigold_depth_qa_results_aligned.json,depth_navigation,1,"The workspace is defined by the flat tabletop. Navigation is restricted to the area around the table, with the objects acting as obstacles. The depth shows a clear path in the immediate foreground, with the objects arranged at the rear of the table surface."
dcc605120f9d,depth,wash_cup_and_drink_water_split/Seg3/wash_cup_and_drink_water,qa_pairs/aligned/marigold_depth_qa_results_aligned.json,depth_scene_sequence,1,"The camera pans across a tabletop scene, starting from a view focused on a singular cylinder and moving to reveal a broader area containing a box and other small items. The scene is static, maintaining a consistent tabletop layout throughout the movement as the perspective shifts."
050ec7c4d497,depth,wash_cup_split/Seg1/wash_cup,qa_pairs/aligned/marigold_depth_qa_results_aligned.json,depth_object_recognition,1,"The scene displays a close-up interaction with a bathroom sink environment. Key objects identified include a bottle-shaped container, a rectangular soap dish, a soap bar, and a faucet area. These objects are arranged on a flat surface in the foreground, with the faucet occupying the upper right corner and the container positioned near the center. The depth information indicates the container is closer than the faucet, with the soap dish situated in the mid-depth range."
15fac86a19b0,depth,wash_cup_split/Seg1/wash_cup,qa_pairs/aligned/marigold_depth_qa_results_aligned.json,depth_navigation,1,"The scene is a static close-up of a sink area. Navigation is limited to the hand's movement across the counter surface. There is no navigable path for movement beyond the reach of the hand, as the scene is confined to a small vanity area."
48489f2147f4,depth,wash_cup_split/Seg1/wash_cup,qa_pairs/aligned/marigold_depth_qa_results_aligned.json,depth_spatial_reasoning,1,"The scene depicts a sink area where the faucet is the furthest object in the background. A bottle stands to the left of the soap dish, which contains a bar of soap. My hand enters the frame from the bottom, moving towards the bottle. The soap dish is located behind the bottle, and the faucet is adjacent to the wall, positioned further back than all other items on the counter."
4a685f73f5d1,depth,wash_cup_split/Seg1/wash_cup,qa_pairs/aligned/marigold_depth_qa_results_aligned.json,depth_dynamic_recognition,8,"The hand moves into the scene from the bottom, reaching toward objects on the table at a mid-depth. It approaches the objects, briefly interacts, and then recedes. This motion repeats throughout the sequence as the camera remains stationary."
5f6cb0eb894b,depth,wash_cup_split/Seg1/wash_cup,qa_pairs/aligned/marigold_depth_qa_results_aligned.json,depth_counting,8,"The scene displays several distinct regions and objects at varying depths: 1) The foreground hand reaching out, 2) the close-range surface/table, 3) a bottle-like container on the table, 4) a small rectangular box-like object on the table, 5) a wider flat container or tray area, 6) a vertical structure or wall edge to the right, 7) the background wall depth layer, and 8) an overhead light source region."
8734689a3351,depth,wash_cup_split/Seg1/wash_cup,qa_pairs/aligned/marigold_depth_qa_results_aligned.json,depth_scene_sequence,1,"The video sequence maintains a fixed perspective looking down at a bathroom sink vanity. The camera position remains static, focusing on the arrangement of toiletries and the interaction of a hand with these items. The 3D layout of the counter, the sink basin, and the faucet remains constant throughout the duration of the clip."
9aaffa886b18,depth,wash_cup_split/Seg1/wash_cup,qa_pairs/aligned/marigold_depth_qa_results_aligned.json,depth_non_common,1,"The depth representation is consistent with the physical geometry of a bathroom sink. There are no signs of floating, interpenetrating, or geometrically impossible structures. The scene is physically plausible."
cbc78b99d5ff,depth,wash_cup_split/Seg1/wash_cup,qa_pairs/aligned/marigold_depth_qa_results_aligned.json,depth_action,8,"The camera holder is performing a reach-and-touch action, repeatedly extending their hand from a near depth position to a mid-depth position on the table surface. The intent is to probe or manipulate the items located there, evidenced by the hand's proximity and convergence on specific 3D coordinate regions."
df43d8ca3577,depth,wash_cup_split/Seg1/wash_cup,qa_pairs/aligned/marigold_depth_qa_results_aligned.json,depth_dynamic_counting,8,"The main dynamic movement is the user's own hand interacting with objects on the table. The hand moves from the bottom center into the mid-depth range across several segments of the footage, while the table surface and background remain static."
3a6eb3e51b5a,depth,wash_cup_split/Seg2/wash_cup,qa_pairs/aligned/marigold_depth_qa_results_aligned.json,depth_navigation,1,"The scene is a fixed, non-navigable workspace. The depth layout shows a clear sink area with objects at arms-reach, preventing movement through the space. The arrangement is designed for stationary interaction."
54a09e5991ad,depth,wash_cup_split/Seg2/wash_cup,qa_pairs/aligned/marigold_depth_qa_results_aligned.json,depth_action,1,"The user performs washing actions, including moving hands into the sink, grasping or touching items, and rinsing under the faucet. The 3D layout indicates the hands are interacting with the sink basin and the nearby soap-related objects."
668040b6998d,depth,wash_cup_split/Seg2/wash_cup,qa_pairs/aligned/marigold_depth_qa_results_aligned.json,depth_dynamic_recognition,1,"The user's hands move into the foreground depth, reaching toward the sink and bottles. The motion is localized to the center and bottom of the frame, starting near the edge and moving into the mid-depth of the sink area."
b2bb2e168c01,depth,wash_cup_split/Seg2/wash_cup,qa_pairs/aligned/marigold_depth_qa_results_aligned.json,depth_counting,1,"There are at least 7 distinct objects identifiable by their depth: one sink basin, four bottles (various sizes), one soap dish/sponge area, and one towel."
b6b52cad6d12,depth,wash_cup_split/Seg2/wash_cup,qa_pairs/aligned/marigold_depth_qa_results_aligned.json,depth_dynamic_counting,1,"The only dynamic entities in the scene are the user's hands and arms, which move into the depth range of the sink and bottles to perform actions. No other moving humans or objects are present."
ccd3f11945a9,depth,wash_cup_split/Seg2/wash_cup,qa_pairs/aligned/marigold_depth_qa_results_aligned.json,depth_scene_sequence,1,"The video displays a static, fixed-position shot of a kitchen sink area. No movement between rooms or transition to different spaces occurs. The entire sequence remains focused on the sink and the immediate surrounding items within the same depth plane."
d588138cc642,depth,wash_cup_split/Seg2/wash_cup,qa_pairs/aligned/marigold_depth_qa_results_aligned.json,depth_non_common,1,"The depth representation is consistent with a normal 3D scene. There are no floating objects, unnatural intersections, or impossible geometry observed."
e3ce93c17db1,depth,wash_cup_split/Seg2/wash_cup,qa_pairs/aligned/marigold_depth_qa_results_aligned.json,depth_spatial_reasoning,1,"The user's hands are positioned in front of the sink. Several bottles are clustered to the left of the sink. A towel hangs to the right of the sink. The bottles are closer to the camera than the sink basin. The user's hand moves to interact with the objects near the sink. The faucet is positioned above the sink basin, and the soap dispenser is beside the sink basin."
ebc69901301b,depth,wash_cup_split/Seg2/wash_cup,qa_pairs/aligned/marigold_depth_qa_results_aligned.json,depth_object_recognition,1,"The scene shows a close-up perspective of a kitchen sink area. Multiple objects are visible: a sink basin, several bottles of varying heights (likely soap or cleaning supplies), a sponge or soap dish, and a towel hanging nearby. The objects are arranged in different depth layers, with the user's hand and arm being the closest objects, followed by the bottles, the sink basin, and finally the wall/towel area in the background."
0dc28892a18b,depth,wash_cup_split/Seg3/wash_cup,qa_pairs/aligned/marigold_depth_qa_results_aligned.json,depth_non_common,1,"The scene displays standard, physically plausible geometry for a bathroom sink area. No floating, clipping, or intersecting geometry anomalies are detected."
1225dac64d7f,depth,wash_cup_split/Seg3/wash_cup,qa_pairs/aligned/marigold_depth_qa_results_aligned.json,depth_dynamic_counting,8,"A person is present in the frame, interacting with a cup at the sink. The subject's hands move toward and away from the faucet. No other dynamic objects are present in the depth-based view."
15b424ec86db,depth,wash_cup_split/Seg3/wash_cup,qa_pairs/aligned/marigold_depth_qa_results_aligned.json,depth_scene_sequence,1,"The video shows a stationary view of a bathroom vanity area. The scene maintains a consistent 3D layout throughout, with no transitions between rooms. The camera remains focused on the interaction within the single, static space of the bathroom sink area."
4b5071339892,depth,wash_cup_split/Seg3/wash_cup,qa_pairs/aligned/marigold_depth_qa_results_aligned.json,depth_spatial_reasoning,1,"The rectangular container with a smiley face is positioned behind the soap bottles and adjacent to the soap bar. The sink basin is situated further back and lower than the countertop objects. The bottles occupy the foreground, while the wall area and rack are further back, establishing a depth sequence from foreground bottles to the background wall."
563bbf0cadcc,depth,wash_cup_split/Seg3/wash_cup,qa_pairs/aligned/marigold_depth_qa_results_aligned.json,depth_navigation,1,"The 3D layout is restricted to a small sink area. Navigation is limited to hand reach within this space. The proximity of the bottles to the sink suggests a tight, organized workspace."
814b208b3e2d,depth,wash_cup_split/Seg3/wash_cup,qa_pairs/aligned/marigold_depth_qa_results_aligned.json,depth_dynamic_recognition,8,"The subject's hands and a cup move within the close-range depth zone. The subject approaches the faucet to fill the cup, then withdraws. The cup is then manipulated between the hands before the action ends."
869da9225b3b,depth,wash_cup_split/Seg3/wash_cup,qa_pairs/aligned/marigold_depth_qa_results_aligned.json,depth_counting,8,"The scene contains a sink area with several distinct objects: a main large bowl/basin, a faucet, a soap dispenser, a small square container, a rectangular box/soap bar, and a cup handled by the user."
e8c2b088faf8,depth,wash_cup_split/Seg3/wash_cup,qa_pairs/aligned/marigold_depth_qa_results_aligned.json,depth_action,8,"The camera holder is performing a cup-filling and manipulation task. The subject reaches toward the faucet, holds the cup under the stream, and then moves the cup to a different depth layer to hold it with both hands, finally inspecting or cleaning it."
ec6be8ee0ee3,depth,wash_cup_split/Seg3/wash_cup,qa_pairs/aligned/marigold_depth_qa_results_aligned.json,depth_object_recognition,1,"The scene displays a bathroom vanity area with a sink basin, several cylindrical bottles (soap, lotion), a rectangular container with a smiley face, and a soap bar. The objects are arranged on the countertop at varying distances from the camera, with the soap bottles being the closest, followed by the sink and the rectangular containers in the background."
0434ff33b599,depth,wash_hand_split/Seg1/wash_hands,qa_pairs/aligned/marigold_depth_qa_results_aligned.json,depth_dynamic_counting,1,"There is a hand holding a fidget spinner moving in the foreground at a very close depth range, consistently appearing in the latter part of the sequence, while the background remains static."
2676e24c2d42,depth,wash_hand_split/Seg1/wash_hands,qa_pairs/aligned/marigold_depth_qa_results_aligned.json,depth_action,1,"The camera holder performs a brief scan of the workstation area before focusing on the hand holding a fidget spinner, which is then moved slightly in the foreground."
2e2ea4de100b,depth,wash_hand_split/Seg1/wash_hands,qa_pairs/aligned/marigold_depth_qa_results_aligned.json,depth_object_recognition,1,"The video displays a series of desk-based workspaces in a room, featuring multiple computer monitors, desktop towers, and chairs arranged in front of desks. The objects are identified based on their distinct 3D shapes and varying distances, with the desks and monitors occupying the mid-ground and chairs positioned in front of or behind the desks."
405703f8730a,depth,wash_hand_split/Seg1/wash_hands,qa_pairs/aligned/marigold_depth_qa_results_aligned.json,depth_navigation,1,"The workspace is laid out with desks in a linear or grid arrangement, providing clear floor space for navigation. The 3D layout shows paths between rows of desks, with chairs indicating where movement is constrained."
4262b2734cb3,depth,wash_hand_split/Seg1/wash_hands,qa_pairs/aligned/marigold_depth_qa_results_aligned.json,depth_scene_sequence,1,"The camera moves through a sequence of office spaces containing multiple desks, each equipped with computers and chairs. The spatial structure consists of interconnected desk areas, where the camera navigates from one workstation setup to the next, revealing a consistent layout of computer-related furniture."
59d50ed67e47,depth,wash_hand_split/Seg1/wash_hands,qa_pairs/aligned/marigold_depth_qa_results_aligned.json,depth_spatial_reasoning,1,"The scene features several desks arranged in a workspace. Specifically: the monitor is behind the desk surface, the chair is in front of the desk, the computer tower is beside the monitor on the desk, the desks are adjacent to each other, and the floor is at the lowest depth layer relative to the furniture."
a2acfd2b9812,depth,wash_hand_split/Seg1/wash_hands,qa_pairs/aligned/marigold_depth_qa_results_aligned.json,depth_dynamic_recognition,1,"A hand holding a fidget spinner enters the frame at close range and remains visible, moving slightly within the depth plane until the end of the sequence."
f3d594e07157,depth,wash_hand_split/Seg1/wash_hands,qa_pairs/aligned/marigold_depth_qa_results_aligned.json,depth_non_common,1,"The scene exhibits typical depth artifacts common in infrared sensors, such as noise around the edges of thin objects like the legs of chairs and computer cables."
fa16d84f61dc,depth,wash_hand_split/Seg1/wash_hands,qa_pairs/aligned/marigold_depth_qa_results_aligned.json,depth_counting,1,"The scene contains multiple desks, monitors, computer towers, and chairs. Counting based on distinct geometry: approximately 6 monitors, 5 computer towers, and 6 desk chairs are visible throughout the sequence."
0eb04c7e498c,depth,wash_hand_split/Seg2/wash_hands,qa_pairs/aligned/marigold_depth_qa_results_aligned.json,depth_non_common,1,"The 3D geometry of the sink, tap, and person appear consistent with a standard physical bathroom environment. No floating or intersecting objects are observed."
0ed0a0758f99,depth,wash_hand_split/Seg2/wash_hands,qa_pairs/aligned/marigold_depth_qa_results_aligned.json,depth_object_recognition,1,"The scene shows a person interacting with a sink and a tap. The depth information reveals the person's hands close to the central tap, a large rectangular sink basin in the foreground, and the person's torso and upper body positioned further behind the sink, indicating a standard bathroom layout."
12aa17f00673,depth,wash_hand_split/Seg2/wash_hands,qa_pairs/aligned/marigold_depth_qa_results_aligned.json,depth_dynamic_recognition,1,The person remains at a fixed depth distance while moving their hands. The person appears at the start and stays throughout the video sequence.
218d7e4247b8,depth,wash_hand_split/Seg2/wash_hands,qa_pairs/aligned/marigold_depth_qa_results_aligned.json,depth_action,1,The person is performing a hand-washing or cleaning action at the sink. My own hands are observed interacting with the space near the tap.
301d04deec62,depth,wash_hand_split/Seg2/wash_hands,qa_pairs/aligned/marigold_depth_qa_results_aligned.json,depth_scene_sequence,1,"The video starts with an view of a person standing at a sink, with the camera moving slightly. The scene maintains a consistent 3D structure of a bathroom wash area throughout, with no transition to other rooms."
4c29362ec159,depth,wash_hand_split/Seg2/wash_hands,qa_pairs/aligned/marigold_depth_qa_results_aligned.json,depth_spatial_reasoning,1,"The sink basin is in the immediate foreground, positioned lowest in the frame. The tap is located centrally and behind the sink basin. The person's torso is further back, behind the sink area. A wall is behind the person. My hands are in front of the sink and closer than the torso."
631d61c7d9c5,depth,wash_hand_split/Seg2/wash_hands,qa_pairs/aligned/marigold_depth_qa_results_aligned.json,depth_counting,1,"There are distinct depth regions identifying a sink, a tap, a person, a wall, and my own hands. There are 5 identifiable spatial objects/regions."
cc9db0e6c4a9,depth,wash_hand_split/Seg2/wash_hands,qa_pairs/aligned/marigold_depth_qa_results_aligned.json,depth_navigation,1,"The scene is a small, confined bathroom area with the sink basin acting as a primary obstacle for movement. The floor space is limited, with the person occupying the area behind the sink."
ed15a256a09e,depth,wash_hand_split/Seg2/wash_hands,qa_pairs/aligned/marigold_depth_qa_results_aligned.json,depth_dynamic_counting,1,A single person stands by the sink and moves their arms/hands. No other people or moving entities are present.
007a58154fb6,depth,wash_hand_split/Seg3/wash_hands,qa_pairs/aligned/marigold_depth_qa_results_aligned.json,depth_scene_sequence,1,"The camera captures a consistent 3D environment centered around a flat surface. Initially, the camera is stationary or stable, then a person approaches from the background into the foreground, changing the 3D layout by occupying the near-field space while interacting with the surface."
3cf66c9d3563,depth,wash_hand_split/Seg3/wash_hands,qa_pairs/aligned/marigold_depth_qa_results_aligned.json,depth_spatial_reasoning,1,"The hand is positioned in the foreground, holding the object between itself and a flat, background surface. The object is directly in front of the center of the surface, with the hand appearing closer to the camera than the object, which is in turn closer than the large background plane."
492475c9e2fd,depth,wash_hand_split/Seg3/wash_hands,qa_pairs/aligned/marigold_depth_qa_results_aligned.json,depth_action,8,"The camera operator holds a microphone in one hand and uses the other hand to manipulate a mobile device. The hands move in the near-depth range, interacting with these objects. Later, the operator shifts focus towards an approaching person, adjusting their spatial orientation."
5200bf8df51f,depth,wash_hand_split/Seg3/wash_hands,qa_pairs/aligned/marigold_depth_qa_results_aligned.json,depth_object_recognition,1,"The video features a hand interacting with a small, circular-headed object (a spoon or similar utensil) in a space with a large, flat, rectangular surface. The object is held at a medium distance, with the hand in the foreground and the large surface in the background, showing clear depth separation."
81019eb8654f,depth,wash_hand_split/Seg3/wash_hands,qa_pairs/aligned/marigold_depth_qa_results_aligned.json,depth_counting,8,"The scene contains several distinct depth regions: a nearby object held by the camera operator (the microphone), the immediate arm and hand region, the background wall/surface behind the subject, and the space between the operator and the wall. In the latter part of the sequence, an additional foreground entity (a person) appears."
88cbfef9c1f2,depth,wash_hand_split/Seg3/wash_hands,qa_pairs/aligned/marigold_depth_qa_results_aligned.json,depth_dynamic_counting,8,"A person enters the frame from a distance in the latter portion of the sequence. The camera operator moves their hands, which are captured at a close depth range. The person remains visible for approximately 10 frames while approaching the camera from the background layer."
e8d917547221,depth,wash_hand_split/Seg3/wash_hands,qa_pairs/aligned/marigold_depth_qa_results_aligned.json,depth_dynamic_recognition,8,A person appears in the background and approaches the camera during the latter part of the sequence. The camera operator is holding a microphone and subsequently handles a mobile device. The person is initially at a distance and moves to a closer mid-range position.
ef11b77034ed,depth,wash_hand_split/Seg3/wash_hands,qa_pairs/aligned/marigold_depth_qa_results_aligned.json,depth_navigation,1,"The 3D layout consists of a flat, navigable surface in the background and an open area in the front where the subject is located. The space is uncluttered, allowing for easy movement from the background toward the surface in the foreground."
f58555d33771,depth,wash_hand_split/Seg3/wash_hands,qa_pairs/aligned/marigold_depth_qa_results_aligned.json,depth_non_common,1,"The depth information appears consistent with real-world geometry, showing no floating, clipping, or unnaturally intersecting objects."
74f89c0b4564,depth,wash_hand_split/Seg4/wash_hands,qa_pairs/aligned/marigold_depth_qa_results_aligned.json,depth_non_common,1,"The depth representation is consistent with real-world geometry. No floating objects, clipping, or impossible depth orderings are observed."
8eb1e88a69a5,depth,wash_hand_split/Seg4/wash_hands,qa_pairs/aligned/marigold_depth_qa_results_aligned.json,depth_counting,1,"The scene contains 1 human subject, 1 counter surface, 1 door, 1 hand dryer, 1 fire extinguisher, and 1 door handle."
97ef28acabd7,depth,wash_hand_split/Seg4/wash_hands,qa_pairs/aligned/marigold_depth_qa_results_aligned.json,depth_dynamic_recognition,1,"A person is standing by a counter, moving their hands. The person remains stationary in location while performing hand motions. No other dynamic objects are present."
9a99176da9aa,depth,wash_hand_split/Seg4/wash_hands,qa_pairs/aligned/marigold_depth_qa_results_aligned.json,depth_object_recognition,1,"The scene features a close-up of a human subject with hands in the foreground, interacting with a surface. A table-like structure is visible in the middle ground. A door with a handle appears on the right. Further into the scene, there is a hand dryer or dispenser mounted on a wall and a fire extinguisher mounted on the wall. The depth map indicates the subject's hands are the closest, followed by the counter surface, then the wall fixtures."
a6266e5ee17c,depth,wash_hand_split/Seg4/wash_hands,qa_pairs/aligned/marigold_depth_qa_results_aligned.json,depth_spatial_reasoning,1,"The subject's hands are closest to the camera, positioned just above a flat horizontal surface. A door is located to the right and is farther away than the surface. A hand dryer is mounted on the wall, significantly further back than the door. A fire extinguisher is positioned to the left of the door on the wall, appearing to be at a similar depth distance to the hand dryer. The subject is standing between the door and the camera."
a7f506c4cf3e,depth,wash_hand_split/Seg4/wash_hands,qa_pairs/aligned/marigold_depth_qa_results_aligned.json,depth_dynamic_counting,1,One human subject remains in the scene for the duration of the video. The subject makes hand gestures near the counter. No other moving entities are present.
a833d8ceb969,depth,wash_hand_split/Seg4/wash_hands,qa_pairs/aligned/marigold_depth_qa_results_aligned.json,depth_scene_sequence,1,"The camera begins with a view of a person standing at a counter. The camera moves towards the area, then turns to focus on the wall-mounted fixtures. The scene transitions from a workspace area with a table to a wall featuring a dispenser and a fire extinguisher, indicating a bathroom or hallway environment with distinct wall-mounted equipment."
c51808e08250,depth,wash_hand_split/Seg4/wash_hands,qa_pairs/aligned/marigold_depth_qa_results_aligned.json,depth_action,1,The camera operator moves toward the counter and then interacts with the environment by looking around. The subject is seen engaging in hand motions near the counter. The operator's primary action is moving to observe the space and the objects within it.
e9ca4d5048d9,depth,wash_hand_split/Seg4/wash_hands,qa_pairs/aligned/marigold_depth_qa_results_aligned.json,depth_navigation,1,"The 3D layout includes a clear path toward the counter where the person is standing. The space is relatively open in front of the counter. Moving past the counter, one can navigate toward the wall where the fixtures are located."
18c0ecd17fc2,depth,wash_hands_split/Seg1/wash_hands,qa_pairs/aligned/marigold_depth_qa_results_aligned.json,depth_counting,1,"Across the entire sequence, I can identify multiple desk setups, monitors, computer towers, and chairs based on their distinct 3D geometry and spatial depth. There are approximately 6 desk stations, 8 monitors, 6 computer towers, and 5 chairs clearly distinguishable in the room's layout."
4080ee53bf50,depth,wash_hands_split/Seg1/wash_hands,qa_pairs/aligned/marigold_depth_qa_results_aligned.json,depth_dynamic_counting,1,"The scene is largely static, but in the final part of the sequence, a human hand enters the frame at a close range to interact with a surface or object. The hand is the only dynamic entity observed, appearing close to the camera lens."
43d2ea3041d8,depth,wash_hands_split/Seg1/wash_hands,qa_pairs/aligned/marigold_depth_qa_results_aligned.json,depth_scene_sequence,1,"The camera travels through an office space, observing multiple desk arrangements. The scene transition shows a sequence of similar setups where each desk features a monitor and a computer tower. The 3D structure maintains a recurring layout of desk zones separated by open floor space as the camera progresses through the room."
558926f85190,depth,wash_hands_split/Seg1/wash_hands,qa_pairs/aligned/marigold_depth_qa_results_aligned.json,depth_object_recognition,1,"The video displays a series of desk setups featuring multiple computer monitors, desktop towers, and chairs in an office-like room. The depth information highlights objects at various distances, with desks and chairs positioned closest to the viewer, while monitors and towers are arranged slightly further back in the mid-range. The 3D layout reveals a consistent arrangement of furniture and equipment across different stations, showing distinct depth layers for each desk unit."
669f217850ce,depth,wash_hands_split/Seg1/wash_hands,qa_pairs/aligned/marigold_depth_qa_results_aligned.json,depth_navigation,1,"The navigation path is through an open-plan office. The 3D layout allows for clear movement between the rows of desks. The desks and monitors define the boundaries of the workspace, while the floor remains open for transit. The spatial layout shows enough clearance for a person to walk past each station."
9ba1e36d6fbd,depth,wash_hands_split/Seg1/wash_hands,qa_pairs/aligned/marigold_depth_qa_results_aligned.json,depth_spatial_reasoning,1,"The scene shows desks arranged in the room, with chairs positioned in the immediate foreground. Each desk station consists of a desktop computer tower to the side and monitors placed behind the desk surface. The towers are adjacent to the monitors but at a closer depth relative to the back wall. Chairs are placed in front of the desks, creating a clear depth separation between the seating and the monitor/tower workspace setup."
ae0c0cb16a42,depth,wash_hands_split/Seg1/wash_hands,qa_pairs/aligned/marigold_depth_qa_results_aligned.json,depth_dynamic_recognition,1,"A human hand appears near the camera at the end of the video sequence, interacting with an object in the workspace. The hand is positioned at a very close depth layer and remains within the frame for a short duration before exiting."
b97126b6bc69,depth,wash_hands_split/Seg1/wash_hands,qa_pairs/aligned/marigold_depth_qa_results_aligned.json,depth_non_common,1,"The depth information presents a relatively consistent 3D representation of an office environment. There are no significant depth artifacts, floating objects, or impossible structural intersections observed in the geometric layout."
df9165319705,depth,wash_hands_split/Seg1/wash_hands,qa_pairs/aligned/marigold_depth_qa_results_aligned.json,depth_action,1,"The camera holder performs a sweeping motion across the room, focusing on the desk setups. Finally, a hand reaches into the scene to perform a touch action on a surface or monitor at close range, changing the depth perspective momentarily."
151396e761e7,depth,wash_hands_split/Seg2/wash_hands,qa_pairs/aligned/marigold_depth_qa_results_aligned.json,depth_object_recognition,1,"The video displays a bathroom scene with a prominent white sink and a faucet mounted above it. The scene includes a toilet, walls forming a corner, and a person's hands performing a task at the sink. The depth information reveals the sink is at a medium-range distance from the camera, while the wall corner is farther away and the hands are the closest objects."
45e2e792e8c3,depth,wash_hands_split/Seg2/wash_hands,qa_pairs/aligned/marigold_depth_qa_results_aligned.json,depth_dynamic_recognition,1,The primary dynamic entity consists of two hands that move continuously within a close depth range to perform a washing action at the sink. They remain visible from the start until the end of the video.
569a7ce03d4b,depth,wash_hands_split/Seg2/wash_hands,qa_pairs/aligned/marigold_depth_qa_results_aligned.json,depth_non_common,1,"The scene depicts a standard bathroom layout. No objects appear to be floating, intersecting, or displaying impossible geometry relative to the physical surroundings."
8ce3a7d481ab,depth,wash_hands_split/Seg2/wash_hands,qa_pairs/aligned/marigold_depth_qa_results_aligned.json,depth_action,1,"The subject performs a hand-washing action at the sink. Depth cues show the hands moving back and forth in front of the faucet and sink basin, indicating repetitive motion at a fixed, close distance."
964584f3a0a0,depth,wash_hands_split/Seg2/wash_hands,qa_pairs/aligned/marigold_depth_qa_results_aligned.json,depth_counting,1,"The scene contains identifiable static objects: a sink (1), a faucet (1), a toilet (1), walls (2), and a soap/spray bottle (1). Additionally, the camera holder's hands (2) are present, totaling 8 distinct depth-separable objects or regions."
a580e1f820c3,depth,wash_hands_split/Seg2/wash_hands,qa_pairs/aligned/marigold_depth_qa_results_aligned.json,depth_spatial_reasoning,1,"The scene shows several spatial relationships: the faucet is positioned above the sink, the sink is in front of the wall, the camera-holder's hands are in front of the sink, the toilet is behind the sink area, the wall corner is adjacent to the sink, and the door is further away from the sink."
a8f2e2dbd41d,depth,wash_hands_split/Seg2/wash_hands,qa_pairs/aligned/marigold_depth_qa_results_aligned.json,depth_navigation,1,"The scene is a confined bathroom. The sink serves as the primary landmark, located centrally. The floor space around the sink provides the only clear navigation area, though the space is limited by the presence of the toilet and the walls."
c7875ebaef52,depth,wash_hands_split/Seg2/wash_hands,qa_pairs/aligned/marigold_depth_qa_results_aligned.json,depth_scene_sequence,1,"The video captures a static sequence within a small bathroom. The camera maintains a consistent position facing the sink area, where the primary interaction occurs. No significant transitions between rooms or corridors are observed; the spatial structure remains fixed throughout the duration of the recording."
e0eedc6f8259,depth,wash_hands_split/Seg2/wash_hands,qa_pairs/aligned/marigold_depth_qa_results_aligned.json,depth_dynamic_counting,1,"A person is visible throughout the sequence, interacting with the sink. No other moving entities appear in the field of view. The hands are the primary moving objects, remaining at a very close depth range to the camera."
0f342100bd6c,depth,wash_hands_split/Seg3/wash_hands,qa_pairs/aligned/marigold_depth_qa_results_aligned.json,depth_non_common,1,The depth representation is consistent with real-world geometry. No floating or intersecting objects are observed; the person and objects are correctly ordered in 3D space.
1d4650f7fad3,depth,wash_hands_split/Seg3/wash_hands,qa_pairs/aligned/marigold_depth_qa_results_aligned.json,depth_navigation,1,"The scene is a confined indoor space with a person standing directly in front of a flat wall. The path is blocked by the person, indicating that forward movement is not navigable without interaction."
29cf4f081069,depth,wash_hands_split/Seg3/wash_hands,qa_pairs/aligned/marigold_depth_qa_results_aligned.json,depth_action,8,"The subject (camera holder) or the person in view is engaged in hand-washing or similar interaction with a sink faucet. The action involves moving hands back and forth under the faucet, with depth changes indicating the hands are exploring the space near the faucet and basin surface."
3a2a0f3c20d1,depth,wash_hands_split/Seg3/wash_hands,qa_pairs/aligned/marigold_depth_qa_results_aligned.json,depth_dynamic_counting,8,"A person appears in the scene, approaching the camera from the background doorway to interact with a sink faucet. The person is visible for the entire duration, moving from a distant depth range to a near depth range. Their hands and arms are consistently in motion near the sink."
4dde2fca0023,depth,wash_hands_split/Seg3/wash_hands,qa_pairs/aligned/marigold_depth_qa_results_aligned.json,depth_object_recognition,1,"The scene shows a person interacting with a small, handheld object, likely a utensil or tool, against a wall. The person's hands are in the foreground, while the wall forms the background plane at a greater distance."
5e7e33be9d04,depth,wash_hands_split/Seg3/wash_hands,qa_pairs/aligned/marigold_depth_qa_results_aligned.json,depth_counting,8,"The scene shows a person interacting with a sink faucet at a close depth range. Key depth regions include: 1) the faucet head, 2) the faucet base/pipe, 3) the washbasin surface, 4) the right hand, 5) the left hand, 6) the person's torso, 7) the foreground area, and 8) the distant background doorway."
b6cdee599f71,depth,wash_hands_split/Seg3/wash_hands,qa_pairs/aligned/marigold_depth_qa_results_aligned.json,depth_spatial_reasoning,1,"The person's hands are positioned in front of the wall, with the tool held between them. The hands are closer to the camera than the wall, which spans the background. A ceiling-mounted light fixture is visible above, further away than the person's torso."
d7e0b2c20549,depth,wash_hands_split/Seg3/wash_hands,qa_pairs/aligned/marigold_depth_qa_results_aligned.json,depth_scene_sequence,1,"The sequence shows a stationary view of a person standing against a wall. The 3D layout remains consistent throughout the video, with the person and the handheld object maintaining their relative depth distance from the camera and the background wall."
df430769e147,depth,wash_hands_split/Seg3/wash_hands,qa_pairs/aligned/marigold_depth_qa_results_aligned.json,depth_dynamic_recognition,8,"The person appears from the background at the start of the sequence, moving closer to the camera to position themselves at the sink. Their hands start at a medium depth and move forward to the washbasin area. They remain in the mid-ground throughout the interaction until the end of the sequence."
1b0707c04e38,depth,wash_hands_split/Seg4/wash_hands,qa_pairs/aligned/marigold_depth_qa_results_aligned.json,depth_non_common,1,"No physically implausible depth situations are detected; the geometry of the counter, the person, and the wall fixtures appears consistent."
60c1bfedd58a,depth,wash_hands_split/Seg4/wash_hands,qa_pairs/aligned/marigold_depth_qa_results_aligned.json,depth_spatial_reasoning,1,"The person is located in front of the wall, where a dispenser and a hook are mounted. The counter is positioned between me and the person. The dispenser is to the right of the wall-mounted hook. The person's hands are moving near the counter surface, closer to me than their torso."
6f26160e22b0,depth,wash_hands_split/Seg4/wash_hands,qa_pairs/aligned/marigold_depth_qa_results_aligned.json,depth_navigation,1,"The navigation path is restricted by the counter positioned between me and the person. The open area is in front of the counter, while the person is on the other side."
6f71845716b5,depth,wash_hands_split/Seg4/wash_hands,qa_pairs/aligned/marigold_depth_qa_results_aligned.json,depth_counting,8,"The scene contains a stationary surface (tabletop), multiple chairs distributed at varying depths, a wall, a fire extinguisher, several hooks on the wall, and the camera holder's hands. There are at least 3 distinct chairs, 2 tables, 1 wall surface, 1 fire extinguisher, 4 wall-mounted hooks, and the camera holder's hands observable throughout the sequence."
793a374bfe2b,depth,wash_hands_split/Seg4/wash_hands,qa_pairs/aligned/marigold_depth_qa_results_aligned.json,depth_action,8,"The camera holder performs tasks involving reaching, grasping, and manipulating objects on a desk surface. They extend their hands toward the desk, interact with a cylindrical object, and maintain a consistent distance from the desk while observing the other person. The action involves shifting between different depth layers as the hands move to and from the table."
b5f45d6cd32f,depth,wash_hands_split/Seg4/wash_hands,qa_pairs/aligned/marigold_depth_qa_results_aligned.json,depth_object_recognition,1,"The scene features a person standing behind a counter, with various items including a sink, a wall-mounted dispenser, and a hook present. The person is the most prominent object at a closer distance, while the wall-mounted objects are further away on the background plane."
c68aa58537d6,depth,wash_hands_split/Seg4/wash_hands,qa_pairs/aligned/marigold_depth_qa_results_aligned.json,depth_dynamic_recognition,8,"The person moves from the background toward the camera holder, then stays at a medium distance. The person enters the field of view at frame 0 and remains until the end of the sequence. Their depth position shifts as they move towards the desk, and their hands are visible as they interact with items."
d07ccee933d8,depth,wash_hands_split/Seg4/wash_hands,qa_pairs/aligned/marigold_depth_qa_results_aligned.json,depth_dynamic_counting,8,"A person is present in the scene, appearing and moving towards the camera holder from a medium distance. The person remains visible for the entire duration of the sequence, occasionally interacting with objects on the desk. They move between a far-depth position and a near-depth position relative to the camera."
e75ca2b1d5ea,depth,wash_hands_split/Seg4/wash_hands,qa_pairs/aligned/marigold_depth_qa_results_aligned.json,depth_scene_sequence,1,"The sequence shows me standing at a counter facing a person who is interacting with something on the counter surface. The scene transition involves looking at the hands, then the person, and finally panning to the surrounding wall fixtures like the hook and dispenser."
2167e1f322e6,depth,wash_my_face_split/Seg1/wash_my_face,qa_pairs/aligned/marigold_depth_qa_results_aligned.json,depth_object_recognition,1,"The video shows a person centered in the frame, wearing a jacket, standing at a table. The person's upper body and arms are clearly defined in the foreground, with the table surface occupying the lower-mid depth range. The background consists of a doorway and some shelving units located at a greater distance from the camera."
4bf5b523a584,depth,wash_my_face_split/Seg1/wash_my_face,qa_pairs/aligned/marigold_depth_qa_results_aligned.json,depth_scene_sequence,1,"The camera remains stationary throughout the sequence, observing the person as they stand before a table. No transitions to other spaces occur; the scene is confined to this single spatial layout."
77a9fa27dc34,depth,wash_my_face_split/Seg1/wash_my_face,qa_pairs/aligned/marigold_depth_qa_results_aligned.json,depth_dynamic_counting,1,"One human is visible throughout the sequence, positioned behind the table. The person moves their hands and upper body but remains in the same general depth range relative to the camera."
780a35ce156d,depth,wash_my_face_split/Seg1/wash_my_face,qa_pairs/aligned/marigold_depth_qa_results_aligned.json,depth_counting,1,"The identifiable objects include one person, one table, one doorway, and two shelving units. The person is in the closest depth layer, the table is in the second layer, and the background structures comprise the furthest layer."
7c3919faf7bb,depth,wash_my_face_split/Seg1/wash_my_face,qa_pairs/aligned/marigold_depth_qa_results_aligned.json,depth_spatial_reasoning,1,"The person is closer to the camera than the table. The table is in front of the person's hands. The doorway behind the person is further away. The shelves are on the right side, located at a greater depth than the person. The person's arms are adjacent to the table surface."
c540018968a2,depth,wash_my_face_split/Seg1/wash_my_face,qa_pairs/aligned/marigold_depth_qa_results_aligned.json,depth_dynamic_recognition,1,"The person is the only dynamic entity. They are positioned behind a table, performing movements with their hands, and remain visible for the entire duration of the depth stream."
e785bb635abc,depth,wash_my_face_split/Seg1/wash_my_face,qa_pairs/aligned/marigold_depth_qa_results_aligned.json,depth_action,1,"The subject is standing behind a table and interacting with it, likely performing a task with their hands on the surface. The depth profile shows the hands moving over the flat plane of the table."
f720fa6c8438,depth,wash_my_face_split/Seg1/wash_my_face,qa_pairs/aligned/marigold_depth_qa_results_aligned.json,depth_navigation,1,The navigable space is restricted to the area behind the table and the path leading to the doorway. The table acts as an obstacle between the camera and the person.
fd7bb7aa1549,depth,wash_my_face_split/Seg1/wash_my_face,qa_pairs/aligned/marigold_depth_qa_results_aligned.json,depth_non_common,1,"The depth stream shows normal geometry. There are no floating objects, unnatural intersections, or physical implausibilities present in the layout."
2d2e4f3bc56f,depth,wash_my_face_split/Seg2/wash_my_face,qa_pairs/aligned/marigold_depth_qa_results_aligned.json,depth_dynamic_counting,1,"The person is the only dynamic entity in the scene. The person stays at a relatively constant depth throughout the video, primarily moving their hands and arms within the same depth layer."
4c39842d43f6,depth,wash_my_face_split/Seg2/wash_my_face,qa_pairs/aligned/marigold_depth_qa_results_aligned.json,depth_spatial_reasoning,1,"The person is positioned directly in front of the doorway, which is further back. The head-mounted device on the person is at the closest point to the camera. To the right, a set of shelves is located at a greater depth than the person. The person's arms are between the camera and their own torso. The wall is to the left, and it extends from the near foreground to a deep background point behind the person."
4c72defb9340,depth,wash_my_face_split/Seg2/wash_my_face,qa_pairs/aligned/marigold_depth_qa_results_aligned.json,depth_non_common,1,"The depth stream shows a normal indoor environment with a person, walls, and shelves. No floating, intersecting, or unnaturally ordered objects are present; the scene geometry is physically consistent."
4ea888098b63,depth,wash_my_face_split/Seg2/wash_my_face,qa_pairs/aligned/marigold_depth_qa_results_aligned.json,depth_object_recognition,1,"The video displays a person wearing a head-mounted device, possibly a VR headset, standing near a doorway. The person is the primary object in the foreground, with distinct depth layers showing the person's upper body and the surrounding room. The doorway is further behind the person, acting as a background plane. Various indistinct items are located to the right, deeper in the scene."
6a8f65151219,depth,wash_my_face_split/Seg2/wash_my_face,qa_pairs/aligned/marigold_depth_qa_results_aligned.json,depth_action,1,"The person is interacting with a device mounted on their head. They raise and lower their hands, adjusting the equipment, which changes the relative depth of their hands in relation to their face."
7e55b0081f55,depth,wash_my_face_split/Seg2/wash_my_face,qa_pairs/aligned/marigold_depth_qa_results_aligned.json,depth_dynamic_recognition,1,"A person is visible from the start to the end of the video. They are standing at a fixed depth, occasionally moving their hands and arms, but they do not approach or retreat from the camera."
cabe754db27c,depth,wash_my_face_split/Seg2/wash_my_face,qa_pairs/aligned/marigold_depth_qa_results_aligned.json,depth_counting,1,"The scene contains a person in the foreground, a doorway in the background, a set of shelves on the right, and the surrounding walls forming the room geometry. These are the primary distinct depth regions identified."
e784311eab73,depth,wash_my_face_split/Seg2/wash_my_face,qa_pairs/aligned/marigold_depth_qa_results_aligned.json,depth_scene_sequence,1,"The video shows a stationary scene inside a room. The camera remains fixed on a person interacting with a device. No transition between rooms or movement through corridors occurs, maintaining a static spatial layout throughout the recording."
f895bdb8190a,depth,wash_my_face_split/Seg2/wash_my_face,qa_pairs/aligned/marigold_depth_qa_results_aligned.json,depth_navigation,1,"The scene is a static indoor environment. The person occupies the central navigable space, while the shelves and walls define the boundaries of the room. The layout provides sufficient space for movement in front of the doorway."
19133166a880,depth,water_plants_split/Seg1/water_plants,qa_pairs/aligned/marigold_depth_qa_results_aligned.json,depth_counting,8,"The scene shows a dish rack with several stacked plates, a central container, a utensil holder, and various bottles or containers on the surface. These objects are clearly defined by distinct depth layers against the background surfaces."
68ec7ad2548a,depth,water_plants_split/Seg1/water_plants,qa_pairs/aligned/marigold_depth_qa_results_aligned.json,depth_dynamic_recognition,8,"A human hand enters the depth field from the top, reaching toward the dish rack to organize items. It moves at a consistent distance from the camera, interacting with the objects before retracting from the field of view."
8819a34a54fe,depth,water_plants_split/Seg1/water_plants,qa_pairs/aligned/marigold_depth_qa_results_aligned.json,depth_dynamic_counting,8,"A hand enters the scene to manipulate objects in the dishwasher rack. The hand approaches from the top-right and interacts with the plates at a mid-depth range. The plates remain static, while the hand moves into and out of the scene, interacting with the objects."
884f21031b08,depth,water_plants_split/Seg1/water_plants,qa_pairs/aligned/marigold_depth_qa_results_aligned.json,depth_action,8,"The camera holder performs an organized action of placing or adjusting objects within a dish rack. The subject moves their hands toward the rack, manipulates the depth of the objects, and performs a sorting or loading motion."
8e35c64df452,depth,water_plants_split/Seg1/water_plants,qa_pairs/aligned/marigold_depth_qa_results_aligned.json,depth_scene_sequence,1,"The video sequence begins with an overview of items on the kitchen counter, including bottles and a dish rack. The camera moves towards the counter, then shifts focus to perform an action with a specific object, revealing a change in the 3D perspective as the viewpoint narrows to the target object. The scene is static, maintaining the structural integrity of the kitchen layout throughout the movement."
9fa000f1c2bd,depth,water_plants_split/Seg1/water_plants,qa_pairs/aligned/marigold_depth_qa_results_aligned.json,depth_non_common,1,"The scene displays standard kitchen geometry with no floating objects, unnatural intersections, or impossible depth orderings. The depth mapping accurately reflects the physical surfaces and objects present."
aad76aa3de2d,depth,water_plants_split/Seg1/water_plants,qa_pairs/aligned/marigold_depth_qa_results_aligned.json,depth_object_recognition,1,"The scene displays a kitchen environment from a first-person perspective, with a countertop in the foreground and a dishwasher rack holding various plates. Multiple bottles and containers of different heights and cylindrical shapes are placed on the counter. The depth values indicate a range of objects: bottles in the near-to-mid field, a dish rack further away, and cabinet or wall surfaces defining the rear boundaries of the scene."
b0899e22114d,depth,water_plants_split/Seg1/water_plants,qa_pairs/aligned/marigold_depth_qa_results_aligned.json,depth_spatial_reasoning,1,"The spatial layout shows the countertop directly in front of the camera. A group of cylindrical bottles is positioned to the left. A dish rack is located on the right side of the counter, set back further than the bottles. The wall is the most distant plane, behind the dish rack. The bottles are adjacent to each other on the counter, and the rack is separated from the bottles by a distinct depth gap."
ea1ee943618b,depth,water_plants_split/Seg1/water_plants,qa_pairs/aligned/marigold_depth_qa_results_aligned.json,depth_navigation,1,"The 3D layout of the kitchen is confined to the countertop area. The path for navigation is limited by the counter surface and the arrangement of objects. The dish rack provides a boundary for the workspace, and the depth map suggests a flat, navigable surface in the foreground for interaction."
2e32c9c954d7,depth,water_plants_split/Seg2/water_plants,qa_pairs/aligned/marigold_depth_qa_results_aligned.json,depth_dynamic_recognition,1,"The user's hands appear at the beginning, stay within the near-depth range for the duration of the video, and continue to manipulate the bowl until the end. No other dynamic objects are present in the dishwasher."
41008cef7344,depth,water_plants_split/Seg2/water_plants,qa_pairs/aligned/marigold_depth_qa_results_aligned.json,depth_action,1,"The camera holder is actively arranging dishes. The action involves reaching into the rack, gripping a bowl, and positioning it. The spatial consequence is the organized placement of the bowl within the wire structure of the dishwasher rack."
41c0431ac3b5,depth,water_plants_split/Seg2/water_plants,qa_pairs/aligned/marigold_depth_qa_results_aligned.json,depth_spatial_reasoning,1,"The user's hands are in the immediate foreground, interacting with a bowl. A wire dish rack is positioned in the mid-ground, holding several plates that are slightly further away than the bowl. The back wall of the dishwasher is the farthest surface. The bowl is in front of the rack, and the rack is in front of the back panel of the dishwasher."
4606282a0429,depth,water_plants_split/Seg2/water_plants,qa_pairs/aligned/marigold_depth_qa_results_aligned.json,depth_non_common,1,"The scene shows a standard, physically plausible internal view of a dishwasher. There are no floating objects, impossible intersections, or unnatural depth orderings; the geometry conforms to expected physical structures."
8c145aee8708,depth,water_plants_split/Seg2/water_plants,qa_pairs/aligned/marigold_depth_qa_results_aligned.json,depth_counting,1,"Within the dishwasher, there are several distinct objects identifiable by depth boundaries: one bowl being held, three plates in the rack, the wire rack itself, the inner dishwasher door/wall, and the spray arm mechanism."
96236702eaf4,depth,water_plants_split/Seg2/water_plants,qa_pairs/aligned/marigold_depth_qa_results_aligned.json,depth_scene_sequence,1,"The camera maintains a static, downward-looking perspective into the interior of a dishwasher. The sequence involves the hands moving into the frame to arrange dishes within the rack, showing a consistent focus on the internal 3D layout of the appliance without transitioning to other rooms or spaces."
c466fafb520f,depth,water_plants_split/Seg2/water_plants,qa_pairs/aligned/marigold_depth_qa_results_aligned.json,depth_navigation,1,The navigation in this scene is limited to the interior space of the dishwasher. The depth information reveals a confined 3D workspace where the rack provides a structured path for dish placement. The hands move within a narrow depth volume defined by the rack's geometry.
e48d29b6c5e3,depth,water_plants_split/Seg2/water_plants,qa_pairs/aligned/marigold_depth_qa_results_aligned.json,depth_object_recognition,1,"The scene displays a close-up perspective of a person's hands operating inside a dishwasher. Identified objects include multiple racks with various dishes, plates, and bowls positioned at different depths. The foreground shows the user's hands manipulating a circular bowl, while the back interior of the dishwasher and the wire rack structure extend into the mid-ground and far-ground."
fc944d7a6bd6,depth,water_plants_split/Seg2/water_plants,qa_pairs/aligned/marigold_depth_qa_results_aligned.json,depth_dynamic_counting,1,"The video features the movement of the user's two hands throughout the sequence. The hands are at a near depth range, constantly manipulating the bowl, while the dishwasher rack and dishes remain stationary at a mid-depth range."
297770687f09,depth,water_plants_split/Seg3/water_plants,qa_pairs/aligned/marigold_depth_qa_results_aligned.json,depth_object_recognition,1,"The video displays a close-up, first-person perspective in a 3D environment featuring a central, rounded object held by hands. Behind the central object, there is a distinct, rectangular planar structure, likely a wall or a large panel. Several thin, elongated vertical objects extend upwards from the area around the central object. The scene shows clear depth stratification with the hands in the nearest layer, the rounded object in the mid-layer, and the flat panel in the background."
4b0758d73a12,depth,water_plants_split/Seg3/water_plants,qa_pairs/aligned/marigold_depth_qa_results_aligned.json,depth_dynamic_counting,8,The camera holder interacts with a circular object and plant stems. There are no moving humans besides the camera holder's hands. The hands move between near and medium depth ranges while interacting with the stationary objects.
5c131b0fce23,depth,water_plants_split/Seg3/water_plants,qa_pairs/aligned/marigold_depth_qa_results_aligned.json,depth_counting,8,"The sequence shows a first-person perspective in a space containing several distinct objects identified through depth. These include: 1) a circular object being held/manipulated, 2) multiple thin vertical plant-like stems, 3) a larger flat surface (table or shelf), 4) a nearby vertical plane (wall or barrier), 5) a secondary rounded structure or container, 6) the camera holder's hands interacting with the objects, 7) a rack or frame-like structure in the background, and 8) the depth layer representing the distant floor or surface."
5d2ba550a157,depth,water_plants_split/Seg3/water_plants,qa_pairs/aligned/marigold_depth_qa_results_aligned.json,depth_spatial_reasoning,1,"In this 3D workspace, the hands are in the foreground, clutching a rounded object which is positioned directly in front of a flat, background wall. Several slender vertical elements, appearing as plant stems, are situated behind the rounded object, creating a depth layer between it and the background wall. The hands overlap the rounded object, which in turn partially occludes the vertical stems. The background wall is the most distant plane in the frame."
767879ca3926,depth,water_plants_split/Seg3/water_plants,qa_pairs/aligned/marigold_depth_qa_results_aligned.json,depth_non_common,1,"The scene layout is physically plausible. The objects follow standard Euclidean depth ordering, with the hands closest to the camera, the rounded object behind them, and the wall at the furthest point. No floating or intersecting geometries are present."
8a55dcc749bb,depth,water_plants_split/Seg3/water_plants,qa_pairs/aligned/marigold_depth_qa_results_aligned.json,depth_navigation,1,"The navigation is constrained to a small, stationary workspace. The 3D layout consists of a foreground area for interaction and a background boundary. No pathways or navigable corridors exist beyond the immediate reach of the camera holder."
9b48ef6a7bc2,depth,water_plants_split/Seg3/water_plants,qa_pairs/aligned/marigold_depth_qa_results_aligned.json,depth_dynamic_recognition,8,"The camera holder's hands move through the space, interacting with plant stems and a spherical object. The hands approach the objects from a distance, then move into a closer depth range to perform actions. No other dynamic objects are present in the depth scene."
e4a525a52b30,depth,water_plants_split/Seg3/water_plants,qa_pairs/aligned/marigold_depth_qa_results_aligned.json,depth_scene_sequence,1,"The scene is a static or semi-static 3D setup focused on a small, hand-held object. There are no transitions between rooms or corridors; the camera remains fixed in front of a work surface or desk. The spatial structure remains consistent, with the user manipulating the object in place throughout the duration of the sequence."
ec36206f9584,depth,water_plants_split/Seg3/water_plants,qa_pairs/aligned/marigold_depth_qa_results_aligned.json,depth_action,8,"The camera holder performs a series of precise manual actions. Initially, the holder is reaching toward and grasping an object. Subsequently, the holder manipulates the object, then adjusts the position of the plant stems, and finally places the object onto a surface, resulting in a change in its depth position."
1f5644e6e206,depth,water_plants_split/Seg4/water_plants,qa_pairs/aligned/marigold_depth_qa_results_aligned.json,depth_object_recognition,1,"The scene displays a foreground set of plant branches and a hand holding a spray bottle, with multiple potted plants visible at varying distances in the background. The spray bottle is the closest object, followed by the branches, and then the pots placed on a surface."
476f12be4c67,depth,water_plants_split/Seg4/water_plants,qa_pairs/aligned/marigold_depth_qa_results_aligned.json,depth_counting,1,"The scene features 1 spray bottle, 3 visible plant pots at different depth layers, and several distinct plant branches reaching into the foreground."
4cd32563789d,depth,water_plants_split/Seg4/water_plants,qa_pairs/aligned/marigold_depth_qa_results_aligned.json,depth_navigation,1,"The depth layout defines a clear, static workspace on a flat surface. Navigation through this space would be constrained by the pots, which occupy the mid-to-far ground, leaving no clear walking path within the frame's view."
5ad5b3250a64,depth,water_plants_split/Seg4/water_plants,qa_pairs/aligned/marigold_depth_qa_results_aligned.json,depth_spatial_reasoning,1,"A spray bottle is positioned in the foreground right. Potted plants are arranged in the mid-ground and background. The branches of the plant are in front of the background pots and behind the spray bottle held by my hand. The pots are adjacent to each other on a flat surface, with one positioned slightly further back than the others."
7574d6fed224,depth,water_plants_split/Seg4/water_plants,qa_pairs/aligned/marigold_depth_qa_results_aligned.json,depth_action,1,"I am engaged in the action of misting indoor plants by moving the spray bottle back and forth within the near-field, creating a consistent interaction between the foreground tool and the background plants."
c5838c0e61bd,depth,water_plants_split/Seg4/water_plants,qa_pairs/aligned/marigold_depth_qa_results_aligned.json,depth_scene_sequence,1,"The video shows a stationary sequence focused on a tabletop setting. The 3D layout consists of a foreground plane where the hand interacts with a spray bottle, a middle layer containing plant branches, and a deeper background plane occupied by several potted plants, maintaining a consistent depth structure throughout."
db5490e1560b,depth,water_plants_split/Seg4/water_plants,qa_pairs/aligned/marigold_depth_qa_results_aligned.json,depth_non_common,1,"The scene shows standard geometric relationships between the plants, pots, and the hand-held spray bottle. No floating, clipping, or physically impossible depth intersections are observed."
e9d67906a4fb,depth,water_plants_split/Seg4/water_plants,qa_pairs/aligned/marigold_depth_qa_results_aligned.json,depth_dynamic_counting,1,"My hand holding the spray bottle moves within the near-field depth range to spray the plants. No other dynamic objects are present in the scene, and no other entities enter or leave the depth field."
f1e1e054a469,depth,water_plants_split/Seg4/water_plants,qa_pairs/aligned/marigold_depth_qa_results_aligned.json,depth_dynamic_recognition,1,"The only movement is my hand and the spray bottle, which repeatedly move within the close-range depth zone to target the stationary plants in the background."
012925b900af,depth,water_plants_split/Seg5/water_plants,qa_pairs/aligned/marigold_depth_qa_results_aligned.json,depth_object_recognition,1,"The scene displays a collection of potted plants at varying distances. Closer to the camera, a handheld spray bottle is prominently visible in the foreground, showing distinct depth layers as it moves. Several rounded pots are arranged in the mid-ground, containing foliage, while the background remains less distinct, indicating a flat surface or wall."
4db160436f37,depth,water_plants_split/Seg5/water_plants,qa_pairs/aligned/marigold_depth_qa_results_aligned.json,depth_dynamic_counting,1,"A single hand is visible throughout the sequence, manipulating the spray bottle. The bottle and hand move together across the depth layers of the plants, consistently remaining in the near-foreground range."
67d7f3b56fe1,depth,water_plants_split/Seg5/water_plants,qa_pairs/aligned/marigold_depth_qa_results_aligned.json,depth_scene_sequence,1,"The camera moves slowly across a shelf-like arrangement of potted plants, beginning on one side and panning towards the center. The 3D layout reveals a consistent foreground depth for the spray bottle, which moves across the field of view, interacting with the stationary depth layers of the plants."
82c91327b218,depth,water_plants_split/Seg5/water_plants,qa_pairs/aligned/marigold_depth_qa_results_aligned.json,depth_action,1,"The camera holder is actively using a hand to hold and manipulate a spray bottle, periodically moving it near the plant foliage to simulate watering or misting."
c7a4710aa6c4,depth,water_plants_split/Seg5/water_plants,qa_pairs/aligned/marigold_depth_qa_results_aligned.json,depth_navigation,1,The movement is confined to a lateral scan along a surface holding several containers. The depth data indicates a clear path for the hand-held spray bottle to move across the front of the plant collection.
d9c6cda6259a,depth,water_plants_split/Seg5/water_plants,qa_pairs/aligned/marigold_depth_qa_results_aligned.json,depth_spatial_reasoning,1,"The spray bottle is in the immediate foreground, positioned closer to the camera than the plants. The potted plants are arranged in the mid-ground, with some appearing behind the nozzle of the spray bottle. Several pots are positioned side-by-side on a surface. The foliage of the plants overlaps with the depth range of the pots, and the entire arrangement sits in front of a flat, distant background surface."
dca430e75e46,depth,water_plants_split/Seg5/water_plants,qa_pairs/aligned/marigold_depth_qa_results_aligned.json,depth_non_common,1,"The scene consists of standard objects and depth values. There are no floating, intersecting, or geometrically impossible objects present in the 3D layout."
ebb3cef3dec1,depth,water_plants_split/Seg5/water_plants,qa_pairs/aligned/marigold_depth_qa_results_aligned.json,depth_dynamic_recognition,1,"A hand holding a spray bottle moves laterally across the field of view. The object appears at the start of the sequence and maintains its position in the foreground while traversing the width of the frame, eventually moving out of view at the end."
f507db7d9301,depth,water_plants_split/Seg5/water_plants,qa_pairs/aligned/marigold_depth_qa_results_aligned.json,depth_counting,1,"The scene contains one primary spray bottle, and approximately four distinct potted plant regions identifiable by their depth and geometric boundaries across the sequence."
2785d2c6506d,event,aligned_dataset/brew_tea_split/Seg1/event,qa_pairs/aligned/event_qa_results_aligned.json,event_non_common,1,No physically implausible situations or unusual motion patterns were observed. The movements are consistent with a standard tea preparation process.
5cfb247295b1,event,aligned_dataset/brew_tea_split/Seg1/event,qa_pairs/aligned/event_qa_results_aligned.json,event_scene_sequence,1,"The scene begins with a stationary view of the tea set. Next, hands enter the frame to begin interacting with the teapot. The sequence involves a series of rhythmic hand movements adjusting the cups and the pot, ending with a final adjustment of the tea lid."
60ce8c6ab1f4,event,aligned_dataset/brew_tea_split/Seg1/event,qa_pairs/aligned/event_qa_results_aligned.json,event_spatial_reasoning,1,"Spatial relationships are defined by the proximity of hands to various tea objects. The teapot is centrally located on a tray, with smaller cups arranged around it. The kettle is positioned to the right. Occlusion boundaries are clear as hands pass over and around the teaware."
93005fc148e9,event,aligned_dataset/brew_tea_split/Seg1/event,qa_pairs/aligned/event_qa_results_aligned.json,event_navigation,1,"The navigation is static, focused on a top-down view of a table. The viewpoint does not change, but the focus shifts between different localized areas of the tea tray based on the hand movements."
9953ac7613e4,event,aligned_dataset/brew_tea_split/Seg1/event,qa_pairs/aligned/event_qa_results_aligned.json,event_counting,8,"Several distinct objects are visible through event activity: one large kettle, one teapot, one teapot lid, and at least four small tea cups arranged on the tray."
a2f29a6233dd,event,aligned_dataset/brew_tea_split/Seg1/event,qa_pairs/aligned/event_qa_results_aligned.json,event_dynamic_counting,8,"The only dynamic entities are the hands of the subject interacting with the tea set. Two hands appear throughout the sequence, frequently moving between the teapot and the cups."
be2c0320a56c,event,aligned_dataset/brew_tea_split/Seg1/event,qa_pairs/aligned/event_qa_results_aligned.json,event_object_recognition,1,"The event stream captures the motion of a person's hands as they interact with a tabletop tea service setup. Key objects include a kettle, a teapot with a lid, several small teacups or bowls, and a flat tray surface, all indicated by continuous, localized event clusters as they are manipulated."
dfe792820bae,event,aligned_dataset/brew_tea_split/Seg1/event,qa_pairs/aligned/event_qa_results_aligned.json,event_dynamic_recognition,8,"The hands enter the scene at the start and remain active throughout the duration of the video. They perform repetitive, rhythmic motions of clearing and placing items on the tray."
ea34fbf9641f,event,aligned_dataset/brew_tea_split/Seg1/event,qa_pairs/aligned/event_qa_results_aligned.json,event_action,8,"The subject is performing a tea preparation ceremony. The actions involve steady, methodical movements of reaching for, lifting, and setting down teaware, indicating an intentional, goal-oriented process."
0f8f28aec220,event,aligned_dataset/check_mailbox_split/Seg1/check_mailbox_event,qa_pairs/aligned/event_qa_results_aligned.json,event_dynamic_recognition,1,No dynamic entities (people or objects) other than the camera movement are detected in this video sequence.
18820579b493,event,aligned_dataset/check_mailbox_split/Seg1/check_mailbox_event,qa_pairs/aligned/event_qa_results_aligned.json,event_dynamic_counting,1,No moving humans are present in the video; only the camera holder is moving forward through the static environment.
65a086609c63,event,aligned_dataset/check_mailbox_split/Seg1/check_mailbox_event,qa_pairs/aligned/event_qa_results_aligned.json,event_action,1,The camera holder is walking forward through the room towards the doorway and onto the balcony.
67a8fce2164a,event,aligned_dataset/check_mailbox_split/Seg1/check_mailbox_event,qa_pairs/aligned/event_qa_results_aligned.json,event_non_common,1,"The scene depicts a standard indoor-to-outdoor transition with no unusual, physically implausible, or strange motion patterns."
683071eaf951,event,aligned_dataset/check_mailbox_split/Seg1/check_mailbox_event,qa_pairs/aligned/event_qa_results_aligned.json,event_counting,1,"The scene contains a dresser with drawers, a tall shoe rack, multiple shoes on a mat, a doorway frame, a threshold, and an outdoor balcony area."
752c6079a747,event,aligned_dataset/check_mailbox_split/Seg1/check_mailbox_event,qa_pairs/aligned/event_qa_results_aligned.json,event_navigation,1,"The camera moves linearly from the interior of a room towards a doorway, then transitions through the threshold to view the outdoor balcony."
c2cabef3cc79,event,aligned_dataset/check_mailbox_split/Seg1/check_mailbox_event,qa_pairs/aligned/event_qa_results_aligned.json,event_spatial_reasoning,1,"The room layout includes a chest of drawers on the left, a shoe rack further back, and a collection of shoes on the right. The camera moves from the room interior towards a threshold, showing the spatial relationship between the interior furniture and the exterior balcony."
dd04e161a7ea,event,aligned_dataset/check_mailbox_split/Seg1/check_mailbox_event,qa_pairs/aligned/event_qa_results_aligned.json,event_scene_sequence,1,"The sequence begins in a room with furniture, moves towards a doorway, and ends by looking out onto a balcony, showing a clear transition from an indoor environment to an outdoor space."
f043f095e762,event,aligned_dataset/check_mailbox_split/Seg1/check_mailbox_event,qa_pairs/aligned/event_qa_results_aligned.json,event_object_recognition,1,"The video captures a room with a shoe rack, a dresser, and a pair of shoes in the foreground. The camera moves through the space, revealing a doorway and a balcony area as it advances."
23866acd358a,event,aligned_dataset/check_mailbox_split/Seg2/check_mailbox_event,qa_pairs/aligned/event_qa_results_aligned.json,event_counting,1,"In the hallway, I can identify multiple objects: at least 3 doorways, 1 continuous staircase railing, 3 visible numeric signs, a floor, a ceiling, and a wall."
3371c8fa7289,event,aligned_dataset/check_mailbox_split/Seg2/check_mailbox_event,qa_pairs/aligned/event_qa_results_aligned.json,event_action,1,"I am walking down a corridor and navigating towards a stairwell, observing the structural layout as I pass by."
439057147991,event,aligned_dataset/check_mailbox_split/Seg2/check_mailbox_event,qa_pairs/aligned/event_qa_results_aligned.json,event_dynamic_recognition,1,There are no dynamic entities moving within the frame; all changes in the event stream are due to camera motion.
5e20a8a77111,event,aligned_dataset/check_mailbox_split/Seg2/check_mailbox_event,qa_pairs/aligned/event_qa_results_aligned.json,event_spatial_reasoning,1,"The camera moves through a corridor, showing a railing to the right and doorways to the left. The railing is closer to the path than the doors. Several doorways are positioned along the wall at regular intervals, and the staircase structure remains to the right throughout the movement."
6a2a9ba0280b,event,aligned_dataset/check_mailbox_split/Seg2/check_mailbox_event,qa_pairs/aligned/event_qa_results_aligned.json,event_object_recognition,1,"The event stream captures a hallway with a staircase railing, doorways, and a series of numbered markings. As the camera moves, the motion highlights the vertical structure of the railing, the rectangular openings of the doors, and the sequence of numeric identifiers on the wall."
7ec7a986a051,event,aligned_dataset/check_mailbox_split/Seg2/check_mailbox_event,qa_pairs/aligned/event_qa_results_aligned.json,event_navigation,1,"The camera proceeds forward through a hallway, maintains a parallel path to the railing on the right, and then shifts to observe the wall markings before rotating toward a stairwell."
89a67379f93c,event,aligned_dataset/check_mailbox_split/Seg2/check_mailbox_event,qa_pairs/aligned/event_qa_results_aligned.json,event_non_common,1,"The scene depicts a standard architectural layout of a hallway and stairwell, with no signs of physically implausible motion or object behavior."
baf03ff87330,event,aligned_dataset/check_mailbox_split/Seg2/check_mailbox_event,qa_pairs/aligned/event_qa_results_aligned.json,event_dynamic_counting,1,There are no dynamic humans or objects moving independently of the camera's navigation through the corridor.
f6951ea22139,event,aligned_dataset/check_mailbox_split/Seg2/check_mailbox_event,qa_pairs/aligned/event_qa_results_aligned.json,event_scene_sequence,1,"The sequence begins in a narrow corridor with a railing and numbered signs. The camera pans and moves along the hallway, passing multiple doorway frames, before focusing on a specific numeric sequence on the wall, and finally turning towards the stairs."
09fec0ed8320,event,aligned_dataset/check_mailbox_split/Seg3/check_mailbox_event,qa_pairs/aligned/event_qa_results_aligned.json,event_dynamic_counting,8,"A single moving person is seen in the hallway, notably between frames 390 and 480 at night. No vehicles are seen moving. One or two doors are navigated and passed through. The camera travels through a hallway and approaches one stairwell area."
460e83c93074,event,aligned_dataset/check_mailbox_split/Seg3/check_mailbox_event,qa_pairs/aligned/event_qa_results_aligned.json,event_spatial_reasoning,1,I move forward with a railing on the left and a wall on the right. A door transitions from the far to the near field as I enter the building. Mailboxes are located on the right wall of the corridor. A car is visible outside the building through glass as I pass. The stairwell is situated directly ahead at the end of the path.
75df7f366ac3,event,aligned_dataset/check_mailbox_split/Seg3/check_mailbox_event,qa_pairs/aligned/event_qa_results_aligned.json,event_non_common,1,"The motion patterns and scene transitions are consistent with typical building navigation. No unusual or physically implausible events, such as floating objects or clipped layout, are visible in the event stream."
97e03200dfc0,event,aligned_dataset/check_mailbox_split/Seg3/check_mailbox_event,qa_pairs/aligned/event_qa_results_aligned.json,event_dynamic_recognition,8,A person appears in a doorway at night around frame 420. I move through a main entrance door between frames 210 and 270. A parked car is recognized outside the building near frame 810. Stairs are reached and descended at the sequence end.
a92d03b64203,event,aligned_dataset/check_mailbox_split/Seg3/check_mailbox_event,qa_pairs/aligned/event_qa_results_aligned.json,event_navigation,1,"The path consists of a straight line along an exterior balcony, a slight right turn into a building, a straight movement through an indoor hallway passing landmarks like mailboxes, and ends with a descent into a stairwell."
d7a31af9b46b,event,aligned_dataset/check_mailbox_split/Seg3/check_mailbox_event,qa_pairs/aligned/event_qa_results_aligned.json,event_scene_sequence,1,"First, the camera moves along an outdoor walkway. Next, it passes through a doorway into an internal hall. Then, it moves past mailboxes and looks through a glass partition at a vehicle. Finally, the sequence concludes as the camera enters a stairwell area and begins to descend."
e08e84749734,event,aligned_dataset/check_mailbox_split/Seg3/check_mailbox_event,qa_pairs/aligned/event_qa_results_aligned.json,event_object_recognition,1,"The video captures motion through an outdoor walkway transitioning into an indoor hallway. Key boundaries include a railing on the left, door frames, and a bank of mailboxes on the right. A human figure is briefly detectable moving in the hallway, and a parked car is visible through a glass door or window. The sequence ends with a transition toward a stairwell."
e2293166593f,event,aligned_dataset/check_mailbox_split/Seg3/check_mailbox_event,qa_pairs/aligned/event_qa_results_aligned.json,event_counting,8,"Identifiable elements include one long railing on the left, one bank of mailboxes on the right, one person in the hallway, and one parked car outside. There are at least four doorway regions passed. In close-up, six distinct numbered mailboxes are visible. The final stairwell area shows two levels."
e2e7644480bc,event,aligned_dataset/check_mailbox_split/Seg3/check_mailbox_event,qa_pairs/aligned/event_qa_results_aligned.json,event_action,8,"I am walking forward at a steady pace. I approach and walk through a door to enter the interior. I move past mailboxes and eventually transition to a stairwell, where I begin to walk downstairs."
2c87a0474633,event,aligned_dataset/check_mailbox_split/Seg4/check_mailbox_event,qa_pairs/aligned/event_qa_results_aligned.json,event_scene_sequence,1,"The video sequence starts with a close-up interaction with mailbox numbers 1'223 and 1'234. Next, the camera pulls back to show a wide hallway filled with mailboxes. This is followed by a navigation phase where the camera moves through a door and enters a second hallway. Finally, the scene ends with the camera following a person walking down a corridor towards a staircase."
4be8f4b7d5b1,event,aligned_dataset/check_mailbox_split/Seg4/check_mailbox_event,qa_pairs/aligned/event_qa_results_aligned.json,event_counting,1,"In the initial scene, I interact with 1 mailbox door. Over the full sequence, I count at least 5 rows of mailbox compartments. I pass through 1 main glass door. In the final scene, there is 1 person walking ahead. There are 2 distinct elevator-style doors seen on the side of the hallway. I count 4 light fixtures on the ceiling of the main hallway based on motion flare. I see 1 set of stairs on the right side."
59fc903e6531,event,aligned_dataset/check_mailbox_split/Seg4/check_mailbox_event,qa_pairs/aligned/event_qa_results_aligned.json,event_object_recognition,1,"The event stream initially focuses on a hand interacting with a metal surface, specifically inserting a key into a lock on a mailbox labeled 1'234. As the camera moves, a large grid of mailbox compartments (labeled with numbers like 1'223, 1'224, 1'235) becomes prominent. Later, the camera transitions to a hallway where a glass door and a person walking away are detected via their distinct motion patterns against the static background."
925a4aad25f5,event,aligned_dataset/check_mailbox_split/Seg4/check_mailbox_event,qa_pairs/aligned/event_qa_results_aligned.json,event_dynamic_recognition,1,"A person appears in the hallway around frame 570, walking away. Their movement is fluid and rhythmic. A door is seen swinging open as the person passes through it. The door then slowly returns to a closed position. The person disappears from view as they turn a corner near the stairs at frame 750."
968d661cdfc4,event,aligned_dataset/check_mailbox_split/Seg4/check_mailbox_event,qa_pairs/aligned/event_qa_results_aligned.json,event_non_common,1,"The event activity shows typical human interactions and navigation within a building. No unusual motion patterns, floating objects, or clipping through walls are detected. The layout and physics of the door and mailbox interactions appear entirely standard."
9b03b5b86988,event,aligned_dataset/check_mailbox_split/Seg4/check_mailbox_event,qa_pairs/aligned/event_qa_results_aligned.json,event_action,1,"I start by inserting a key into a mailbox lock and turning it (frames 0-90). After retracting the key, I walk forward to explore the building. I push open a door handle at frame 510. I continue walking steadily down the hallway, keeping the camera pointed toward the person ahead."
a3b0dd0a3273,event,aligned_dataset/check_mailbox_split/Seg4/check_mailbox_event,qa_pairs/aligned/event_qa_results_aligned.json,event_spatial_reasoning,1,"The mailbox compartments are arranged in a dense grid directly in front of the camera. The hand and key move in the foreground, occluding parts of mailbox 1'234. As I move, the mailboxes shift to the left of the field of view, while a door frame appears in the background. A person is seen farther away, moving through a doorway that is positioned centrally relative to the hallway's walls."
abc838092044,event,aligned_dataset/check_mailbox_split/Seg4/check_mailbox_event,qa_pairs/aligned/event_qa_results_aligned.json,event_navigation,1,"The navigation begins with a stationary interaction. I then move forward and slightly right, passing the wall of mailboxes. I go through a door, then make a left turn into a long corridor. The viewpoint remains centered on the path ahead as I approach a staircase and more doors at the end of the building wing."
b1063dfbb376,event,aligned_dataset/check_mailbox_split/Seg4/check_mailbox_event,qa_pairs/aligned/event_qa_results_aligned.json,event_dynamic_counting,1,"Excluding my own motion, I observe one person moving through a doorway between frame 570 and 660. The person moves steadily away from the camera. No other dynamic objects like cars or other people are counted in this interior sequence."
559311e039df,event,aligned_dataset/check_mailbox_split/Seg5/check_mailbox_event,qa_pairs/aligned/event_qa_results_aligned.json,event_dynamic_counting,1,There are no dynamic humans or external objects moving within the scene; the movement is solely from the camera traversal.
597412404e52,event,aligned_dataset/check_mailbox_split/Seg5/check_mailbox_event,qa_pairs/aligned/event_qa_results_aligned.json,event_scene_sequence,1,"The sequence begins by traveling down a straight hallway, passing multiple doors. The camera then turns and navigates down a set of stairs."
9650d2e03eb9,event,aligned_dataset/check_mailbox_split/Seg5/check_mailbox_event,qa_pairs/aligned/event_qa_results_aligned.json,event_counting,1,The scene displays 4 distinct doors along the wall and 1 set of stairs at the end of the corridor.
af0eb0cca377,event,aligned_dataset/check_mailbox_split/Seg5/check_mailbox_event,qa_pairs/aligned/event_qa_results_aligned.json,event_dynamic_recognition,1,No dynamic objects or humans are detected; the entire scene remains static except for the camera's ego-motion.
b962e855649b,event,aligned_dataset/check_mailbox_split/Seg5/check_mailbox_event,qa_pairs/aligned/event_qa_results_aligned.json,event_non_common,1,"The scene appears to be a standard architectural layout, with no unusual or physically implausible motion detected."
ba2745298969,event,aligned_dataset/check_mailbox_split/Seg5/check_mailbox_event,qa_pairs/aligned/event_qa_results_aligned.json,event_object_recognition,1,The video features a hallway sequence with multiple doors and a stairwell. Motion-based events track the traversal past the doors and a descent down the stairs.
c2cb2d7006d3,event,aligned_dataset/check_mailbox_split/Seg5/check_mailbox_event,qa_pairs/aligned/event_qa_results_aligned.json,event_navigation,1,The movement follows a straight path along the hallway corridor before turning left to descend the stairs.
d5119a3a7f2d,event,aligned_dataset/check_mailbox_split/Seg5/check_mailbox_event,qa_pairs/aligned/event_qa_results_aligned.json,event_action,1,I am walking forward along a hallway and then descending a flight of stairs.
eded9a64f2d2,event,aligned_dataset/check_mailbox_split/Seg5/check_mailbox_event,qa_pairs/aligned/event_qa_results_aligned.json,event_spatial_reasoning,1,"The camera moves along a corridor with doors positioned on the right side and a staircase on the left. The stairwell area is further down the hall, and the doors are closer to the initial viewpoint."
104c3a7cd51c,event,aligned_dataset/check_mailbox_split/Seg6/check_mailbox_event,qa_pairs/aligned/event_qa_results_aligned.json,event_dynamic_counting,1,"Over the entire sequence, no other moving humans or objects are detected besides my own movement as the camera holder. The environment remains static except for my interaction with the door and my progression through the space."
35d3604feba5,event,aligned_dataset/check_mailbox_split/Seg6/check_mailbox_event,qa_pairs/aligned/event_qa_results_aligned.json,event_action,1,"I am walking through an office or residential building, characterized by climbing stairs and traversing hallways. I actively reach for and open a door to enter a room. Inside, I walk towards a desk to inspect the area, then turn around and walk back out. My intention is to explore the layout, as shown by my consistent forward motion and scanning of objects like the door numbers and office furniture."
53330ea85ae8,event,aligned_dataset/check_mailbox_split/Seg6/check_mailbox_event,qa_pairs/aligned/event_qa_results_aligned.json,event_object_recognition,1,"The event stream captures an indoor environment where I am moving through a hallway and navigating a staircase. The motion clearly outlines the vertical railings of the stairs and the sharp rectangular boundary of a door. As I move closer to the door, embossed digits representing room numbers become visible through the temporal change in viewpoint. Upon opening the door, the boundaries of office furniture, including a desk and a rolling chair, emerge from the background activity, along with several small, distinct shapes on a floor mat near the entrance."
888692f12ba0,event,aligned_dataset/check_mailbox_split/Seg6/check_mailbox_event,qa_pairs/aligned/event_qa_results_aligned.json,event_counting,1,"The video displays several countable regions and items: a flight of stairs with approximately 12 visible steps, a door marked with 3 distinct numbers, a single rolling office chair, about 5 pairs of shoes on a floor mat, and 2 major hallway segments. At least 4 ceiling light fixtures are detectable as I move through the corridors."
9e0af1199b0c,event,aligned_dataset/check_mailbox_split/Seg6/check_mailbox_event,qa_pairs/aligned/event_qa_results_aligned.json,event_navigation,1,"My navigation path involves climbing a straight flight of stairs to a landing. I then turn slightly to the left to face a door and move forward into a room. To return, I perform a 180-degree turn, exit the door, descend the stairs, and continue straight down a long hallway. The path concludes with a right turn at a corner and another climb up a different set of stairs."
ad9b8b6f9812,event,aligned_dataset/check_mailbox_split/Seg6/check_mailbox_event,qa_pairs/aligned/event_qa_results_aligned.json,event_scene_sequence,1,"The sequence begins with me ascending a flight of stairs in a hallway. I reach a landing and approach a numbered door, which I push open. I then enter a room and move toward a desk before turning back and exiting. I descend the same stairs and proceed along a long corridor, eventually turning a corner to navigate another set of stairs and approaching the same door area once more."
b3bbf5bb95b2,event,aligned_dataset/check_mailbox_split/Seg6/check_mailbox_event,qa_pairs/aligned/event_qa_results_aligned.json,event_non_common,1,"The video shows a standard indoor environment with predictable layouts and motion patterns. No unusual events, such as floating objects, clipping through walls, or physically impossible motions, are present in the event stream."
e53bcc035307,event,aligned_dataset/check_mailbox_split/Seg6/check_mailbox_event,qa_pairs/aligned/event_qa_results_aligned.json,event_dynamic_recognition,1,"The only dynamic event not caused by pure locomotion is the opening of the door, which begins around frame 000150 as I reach out and push it inward. No other moving entities like people, animals, or automated objects appear in the field of view."
eecd7e406f6c,event,aligned_dataset/check_mailbox_split/Seg6/check_mailbox_event,qa_pairs/aligned/event_qa_results_aligned.json,event_spatial_reasoning,1,"The staircase railings are positioned parallel to each other and vertically along the steps. The landing is situated at the top of the stairs, directly in front of a door. Inside the room, a desk is placed against a wall, with an office chair located behind it. A set of shoes is clustered on a rectangular mat positioned on the floor just past the door threshold. As I move, the walls and ceiling edges provide depth cues, showing the hallway extending further into the distance."
01fc0730e030,event,aligned_dataset/cut_carrot_split/Seg1/cut_carrot_event,qa_pairs/aligned/event_qa_results_aligned.json,event_action,1,"I am peeling a vegetable using a peeler. I use both hands to manipulate the object and the tool, performing repetitive strokes. After finishing, I move my body, bringing my torso into the camera's field of view."
052d4f9e1e73,event,aligned_dataset/cut_carrot_split/Seg1/cut_carrot_event,qa_pairs/aligned/event_qa_results_aligned.json,event_non_common,1,No unusual motion patterns or physically implausible situations are detected in the event stream; the activities shown are consistent with typical kitchen work and body movement.
0a6f0f9cbf20,event,aligned_dataset/cut_carrot_split/Seg1/cut_carrot_event,qa_pairs/aligned/event_qa_results_aligned.json,event_object_recognition,1,"The event stream captures a kitchen counter with a cutting board, a knife, and a peeler. Hands enter the frame to grasp a vegetable and begin a peeling action, which is characterized by high-frequency back-and-forth motion. Later, the camera shifts to capture the upper torso and arms of a person moving in the scene."
1e9a55a3b31e,event,aligned_dataset/cut_carrot_split/Seg1/cut_carrot_event,qa_pairs/aligned/event_qa_results_aligned.json,event_dynamic_recognition,1,Hands appear at frame 60. The peeling motion starts at frame 90 and continues until frame 600. A person's torso enters the frame at frame 630 and remains visible with motion until the final frame.
288597e06fb2,event,aligned_dataset/cut_carrot_split/Seg1/cut_carrot_event,qa_pairs/aligned/event_qa_results_aligned.json,event_scene_sequence,1,"The video begins with a static arrangement of tools on a cutting board. It transitions to an active peeling scene as hands enter the frame. After the peeling activity concludes, the scene shifts significantly around frame 630 to show a person's torso and arms moving until the end of the sequence."
4b275cf099e9,event,aligned_dataset/cut_carrot_split/Seg1/cut_carrot_event,qa_pairs/aligned/event_qa_results_aligned.json,event_spatial_reasoning,1,"A knife is located on the right side of the cutting board, while a peeler is placed centrally. Hands overlap both the vegetable and the peeler during the task. The vegetable is positioned over the board. In the second half of the video, a moving torso enters the foreground, partially occluding the background regions."
d86f5ce9d4eb,event,aligned_dataset/cut_carrot_split/Seg1/cut_carrot_event,qa_pairs/aligned/event_qa_results_aligned.json,event_dynamic_counting,1,Two hands enter and move during the peeling process. One vegetable is rotated by the hands. One peeler is used with repetitive motion. A single torso appears later in the video sequence.
dd99202ddcad,event,aligned_dataset/cut_carrot_split/Seg1/cut_carrot_event,qa_pairs/aligned/event_qa_results_aligned.json,event_navigation,1,"The camera starts by looking down at a workspace on a counter. It then pans or the subject stands up, causing a major change in viewpoint from the counter to a person's torso and surrounding space, indicating a transition between stationary tasks and movement."
e71a1a232907,event,aligned_dataset/cut_carrot_split/Seg1/cut_carrot_event,qa_pairs/aligned/event_qa_results_aligned.json,event_counting,1,"Based on motion and event boundaries, the sequence includes 1 cutting board, 1 knife, 1 peeler, 1 vegetable, 2 hands, and 1 human torso."
2a452993f7c3,event,aligned_dataset/cut_carrot_split/Seg2/cut_carrot_event,qa_pairs/aligned/event_qa_results_aligned.json,event_action,1,"I am preparing a vegetable for a meal. My initial action is peeling the skin off the object using a peeler in a repetitive stroking motion. I then switch tools and proceed to slice the peeled vegetable into rounds using a knife. Throughout the entire process, my left hand performs the action of holding and stabilizing the food item against the board."
3e6f4d8a4e35,event,aligned_dataset/cut_carrot_split/Seg2/cut_carrot_event,qa_pairs/aligned/event_qa_results_aligned.json,event_dynamic_counting,1,The moving entities are my hands and the tools they grasp. The peeler moves back and forth approximately ten times during the peeling phase. The vegetable is rotated twice by my left hand to expose unpeeled sections. The knife performing the slicing makes roughly seven distinct downward strokes. No other dynamic entities or people enter the scene.
43a61affc6db,event,aligned_dataset/cut_carrot_split/Seg2/cut_carrot_event,qa_pairs/aligned/event_qa_results_aligned.json,event_navigation,1,"The camera is stationary, providing a top-down view of the kitchen counter workspace. There is no horizontal or vertical navigation through an environment. Instead, the focus of the event activity shifts slightly within the frame, moving from the broad peeling strokes across the whole vegetable to the localized cutting area on its right side as I begin slicing."
459444704678,event,aligned_dataset/cut_carrot_split/Seg2/cut_carrot_event,qa_pairs/aligned/event_qa_results_aligned.json,event_object_recognition,1,"The event stream captures the motion of a pair of hands interacting with a long, cylindrical vegetable on a rectangular cutting board. Initially, a Y-shaped peeler is moved repeatedly along the length of the vegetable, indicating peeling activity. Later, the motion transitions as a knife is picked up and used in a rhythmic downward and forward motion to slice the vegetable. The cutting board remains a static boundary in the center of the frame throughout."
4ef6e71aa5fa,event,aligned_dataset/cut_carrot_split/Seg2/cut_carrot_event,qa_pairs/aligned/event_qa_results_aligned.json,event_counting,1,"From the motion patterns, I can identify two hands performing the food preparation. There is one primary cylindrical vegetable being processed on one rectangular cutting board. I use two distinct tools: one Y-peeler and one knife. During the slicing phase, approximately seven distinct downward cutting motions are performed, creating several slices of the vegetable."
55300b55345d,event,aligned_dataset/cut_carrot_split/Seg2/cut_carrot_event,qa_pairs/aligned/event_qa_results_aligned.json,event_dynamic_recognition,1,"The Y-peeler is active from the start and is set aside around the middle of the sequence. The knife appears immediately after, starting its slicing motion from frame 000450. The vegetable is periodically repositioned by the left hand. The slicing motion is rhythmic and consistent, with pieces of the vegetable clearly being separated through motion-based evidence."
727d5f48b7bb,event,aligned_dataset/cut_carrot_split/Seg2/cut_carrot_event,qa_pairs/aligned/event_qa_results_aligned.json,event_spatial_reasoning,1,"The cylindrical vegetable is positioned centrally on the rectangular cutting board. My left hand stabilizes the vegetable from the left side, while my right hand moves the peeler across its top surface. After switching tools, the knife is held above the vegetable and moved vertically relative to the board's surface. Occlusions occur frequently as the right hand overlaps the vegetable during both peeling and slicing tasks."
cbd64b38f907,event,aligned_dataset/cut_carrot_split/Seg2/cut_carrot_event,qa_pairs/aligned/event_qa_results_aligned.json,event_non_common,1,"The motion patterns and object interactions are entirely consistent with standard food preparation in a kitchen environment. There are no unusual motions, floating objects, or physically implausible behaviors captured by the event stream."
d7aae2b547a2,event,aligned_dataset/cut_carrot_split/Seg2/cut_carrot_event,qa_pairs/aligned/event_qa_results_aligned.json,event_scene_sequence,1,"The sequence begins with rapid, continuous stroking motions as I peel the vegetable. Around the middle of the video, the peeling stops, and the peeler is moved out of view to the right. Immediately after, a knife enters the frame and I begin a series of repetitive downward slicing motions, separating pieces from the vegetable until the end of the video."
0ba35e3dc3ad,event,aligned_dataset/cut_carrot_split/Seg3/cut_carrot_event,qa_pairs/aligned/event_qa_results_aligned.json,event_scene_sequence,1,"The video starts with a block-like object being positioned on the board. Immediately, a series of repetitive vertical strokes begins as I move the knife through the object. Throughout the sequence, my left hand progressively shifts backward to allow for new cuts, and several thin slices are seen detaching and moving aside sequentially until the action concludes."
1210818dfcc9,event,aligned_dataset/cut_carrot_split/Seg3/cut_carrot_event,qa_pairs/aligned/event_qa_results_aligned.json,event_navigation,1,"The camera remains in a fixed top-down perspective, focusing on the center of the workspace. Navigation is restricted to the local motion of my hands within the frame. The primary motion path is the vertical trajectory of the knife blade, moving downwards toward the board and upwards in a repetitive cycle."
3d82733643bb,event,aligned_dataset/cut_carrot_split/Seg3/cut_carrot_event,qa_pairs/aligned/event_qa_results_aligned.json,event_spatial_reasoning,1,"My hands are positioned centrally over a flat surface, with the left hand securing an object from above while the right hand operates a tool. The tool moves in the space between my hands and the board, occasionally occluding the food item being processed. Multiple distinct slices separate from the main object and accumulate to the left, showing clear spatial separation from the parent mass."
3e483638e23f,event,aligned_dataset/cut_carrot_split/Seg3/cut_carrot_event,qa_pairs/aligned/event_qa_results_aligned.json,event_object_recognition,1,"The event stream displays the rhythmic motion of a linear cutting tool moving vertically within the workspace. Two articulated appendages are visible: one gripping the handle of the tool and the other stabilizing a stationary block-like object on a horizontal plane. The boundaries of the fingers, the blade's edge, and the surface of the cutting board are clearly defined by the high density of event activity during motion."
97bf73d9ebb4,event,aligned_dataset/cut_carrot_split/Seg3/cut_carrot_event,qa_pairs/aligned/event_qa_results_aligned.json,event_dynamic_recognition,1,"The right hand is the primary source of dynamic activity as it drives the knife. The left hand provides secondary motion, shifting periodically to guide the food. The knife blade generates a consistent trail of events during its rapid vertical cycles. Individual slices exhibit brief movement as they detach from the main object."
989f42c9e29c,event,aligned_dataset/cut_carrot_split/Seg3/cut_carrot_event,qa_pairs/aligned/event_qa_results_aligned.json,event_non_common,1,"The event stream depicts a standard kitchen task with realistic physics. There are no strange motion patterns, floating objects, or layout violations; the knife interacts correctly with the food item and the cutting board surface without any clipping or unrealistic behavior."
c7ce6c8af9f7,event,aligned_dataset/cut_carrot_split/Seg3/cut_carrot_event,qa_pairs/aligned/event_qa_results_aligned.json,event_action,1,"I am performing a rhythmic chopping action on a food item. My right hand provides the power for the vertical slicing motion of the knife, while my left hand securely holds and guides the object. As the cutting progresses, I gradually move my left hand away from the blade to facilitate the preparation of multiple slices."
dd4895686e14,event,aligned_dataset/cut_carrot_split/Seg3/cut_carrot_event,qa_pairs/aligned/event_qa_results_aligned.json,event_dynamic_counting,1,"Throughout the event sequence, I execute at least ten complete downward and upward strokes with the knife. My left hand repositions the food item approximately three times to adjust the cutting area. At least eight distinct slices can be seen separating from the main body and moving independently on the board."
e79fb13d937c,event,aligned_dataset/cut_carrot_split/Seg3/cut_carrot_event,qa_pairs/aligned/event_qa_results_aligned.json,event_counting,1,"In this workspace, I can identify one cutting board, one knife, two hands, and several resulting slices of the food item. My left hand shows approximately five distinct finger contours as it guides the object. There is a single handle-like cutout on the left side of the cutting board visible through event activity."
0d40854acf44,event,aligned_dataset/cut_carrot_split/Seg4/cut_carrot_event,qa_pairs/aligned/event_qa_results_aligned.json,event_action,1,"I am chopping scallions on a board. My right hand grips the knife and performs rapid, controlled cutting. My left hand uses a claw grip to hold the stalks and slides them forward periodically. After finishing the cuts, I use the knife blade to gather the pieces into a pile. The board provides a stable surface for the impact of the blade."
1171b41abe8b,event,aligned_dataset/cut_carrot_split/Seg4/cut_carrot_event,qa_pairs/aligned/event_qa_results_aligned.json,event_non_common,1,"No unusual or physically implausible situations are visible. The motion of the hands, knife, and vegetable fragments follows standard kitchen dynamics and gravity."
22761918cf50,event,aligned_dataset/cut_carrot_split/Seg4/cut_carrot_event,qa_pairs/aligned/event_qa_results_aligned.json,event_counting,1,"In the workspace, one knife is used for the task. Two hands are clearly visible interacting with the objects. The bundle being cut contains approximately 12 stalks. One cutting board is used as the base. Throughout the process, dozens of small chopped pieces are generated. A single round bowl edge is visible in the far upper-right corner. The subject wears two sleeves visible in the frame. One knife handle is grasped by the right hand."
2612b4fd7edc,event,aligned_dataset/cut_carrot_split/Seg4/cut_carrot_event,qa_pairs/aligned/event_qa_results_aligned.json,event_object_recognition,1,"The event stream displays a rectangular boundary representing a cutting board. Within this area, two moving forms are identifiable: a rhythmic vertical motion of a thin blade-like object (knife) and a steady holding posture by a multi-lobed region (hand). An elongated bundle of stalks is positioned under the hand, and as the knife moves, smaller, detached fragments accumulate to the side."
2c9739b30580,event,aligned_dataset/cut_carrot_split/Seg4/cut_carrot_event,qa_pairs/aligned/event_qa_results_aligned.json,event_spatial_reasoning,1,The knife is held in the right-side region and moves relative to the stationary left hand. The elongated stalks are positioned between the left hand and the blade's path. The cutting board sits beneath all active objects. Chopped fragments move from the central bundle toward the upper-right corner of the board's surface.
3a0fca2c0b48,event,aligned_dataset/cut_carrot_split/Seg4/cut_carrot_event,qa_pairs/aligned/event_qa_results_aligned.json,event_dynamic_counting,1,The right hand performs approximately 20 distinct downward chopping strokes. The left hand makes 3 discrete adjustments to slide the vegetables forward. Small fragments land on the board dozens of times. The knife sweeps the pieces aside in one continuous motion near the end. The left hand lifts slightly twice. The camera angle shifts subtly once. The blade retracts upward after each of the 20 chops. The subject's wrist moves in 20 short bursts.
707a76241e8d,event,aligned_dataset/cut_carrot_split/Seg4/cut_carrot_event,qa_pairs/aligned/event_qa_results_aligned.json,event_scene_sequence,1,"The sequence starts with the knife raised over a dense bundle of scallions. Rapid downward chopping motions follow, creating high event activity at the point of contact. Next, the left hand holding the stalks slides them rightward to expose more length. Finally, the knife transitions from chopping to a sweeping motion, moving the piled fragments toward the edge of the board."
ada76105e8fa,event,aligned_dataset/cut_carrot_split/Seg4/cut_carrot_event,qa_pairs/aligned/event_qa_results_aligned.json,event_navigation,1,"The viewpoint is a stable top-down perspective on a kitchen workspace. There is no travel between rooms. Navigation cues are limited to the movement of the tools within the fixed boundary of the cutting board, following a predictable sequence of preparation and clearing."
bae1caa3b7fb,event,aligned_dataset/cut_carrot_split/Seg4/cut_carrot_event,qa_pairs/aligned/event_qa_results_aligned.json,event_dynamic_recognition,1,"A knife enters the central action area and begins repetitive chopping. The left hand holds the scallions steady. Chopping continues from start to near the end. At the final frames, the knife changes behavior from cutting to sweeping horizontally. Chopped pieces fly and settle on the board throughout the chopping phase. The scallion bundle slowly decreases in length as it is cut. The left hand slides leftward to feed more material. The task concludes with a clean sweep of the board."
1ac499ce5d4a,event,aligned_dataset/cut_potato_and_carrot_split/Seg1/cut_potato_and_carrot_event,qa_pairs/aligned/event_qa_results_aligned.json,event_object_recognition,1,"The event stream begins with the sharp boundaries of two hands actively kneading a soft material on a kitchen counter. Nearby, the static edges of a box grater and a wire whisk are clearly defined by the camera's slight jitter. As the camera pans away, the rectilinear outlines of kitchen cabinets and an oven with distinctive control knobs come into view. The motion then reveals a table surface holding coffee bags with high-contrast text edges and a metallic toaster. The sequence concludes with the camera tracking along the horizontal edge of the countertop, passing various static kitchenware."
1c1f0a364485,event,aligned_dataset/cut_potato_and_carrot_split/Seg1/cut_potato_and_carrot_event,qa_pairs/aligned/event_qa_results_aligned.json,event_non_common,1,"The kitchen scene and motion patterns are entirely consistent with normal physical reality. There are no floating objects, unrealistic deformations, or clipping errors visible in the event stream. The motion of the camera and hands reflects standard human interaction with a static environment."
4533fd4a80fc,event,aligned_dataset/cut_potato_and_carrot_split/Seg1/cut_potato_and_carrot_event,qa_pairs/aligned/event_qa_results_aligned.json,event_action,1,"I am initially kneading dough or a similar soft substance with both hands. My intention appears to be food preparation. After completing this, I shift my action to surveying the kitchen, panning the camera to document the oven, cabinets, and eventually a table with coffee supplies. I then focus on a toaster and the length of the countertop, indicating a walk-through or inspection of the space."
7cca7b906f2d,event,aligned_dataset/cut_potato_and_carrot_split/Seg1/cut_potato_and_carrot_event,qa_pairs/aligned/event_qa_results_aligned.json,event_spatial_reasoning,1,"Initially, my moving hands are in the immediate foreground, positioned in front of the whisk and grater which are further back on the counter. The oven is located vertically below the counter's primary horizontal edge. As the camera pans, the table appears to the right of the main cabinet run. The coffee bags are clustered together on a raised shelf-like surface. The toaster is positioned to the left of the table's center. When the camera moves, closer objects like the counter edge show faster lateral motion relative to the distant kitchen window."
9e8d411da43d,event,aligned_dataset/cut_potato_and_carrot_split/Seg1/cut_potato_and_carrot_event,qa_pairs/aligned/event_qa_results_aligned.json,event_counting,1,"Through motion and boundary analysis, I can identify two moving hands at the start. On the counter, there is one whisk and one grater. The lower kitchen area reveals one oven. On the side table, there are at least four kitchen cabinets and one toaster. I also observe two distinct coffee bags with legible labels and one power strip with several outlets near the wall."
b496b24cdf1f,event,aligned_dataset/cut_potato_and_carrot_split/Seg1/cut_potato_and_carrot_event,qa_pairs/aligned/event_qa_results_aligned.json,event_dynamic_counting,1,"Aside from the camera holder's hands, which move extensively until about frame 300, there are no other moving humans, animals, or objects in the scene. The kitchen environment is entirely static except for the perspective shifts caused by the camera's path. No external entities enter or leave the frame throughout the entire duration."
cd7c874e1e07,event,aligned_dataset/cut_potato_and_carrot_split/Seg1/cut_potato_and_carrot_event,qa_pairs/aligned/event_qa_results_aligned.json,event_dynamic_recognition,1,"The only dynamic entity is my own hands, which appear at frame 0 and are engaged in a repetitive kneading motion. This activity persists until roughly frame 300, after which they leave the frame as I transition the camera. No other dynamic objects, such as opening doors or passing humans, are detected throughout the recording."
ce809dcff957,event,aligned_dataset/cut_potato_and_carrot_split/Seg1/cut_potato_and_carrot_event,qa_pairs/aligned/event_qa_results_aligned.json,event_scene_sequence,1,"The video starts with a close-up stationary view of manual work on a counter. At approximately frame 300, the camera transitions into a wide pan across the kitchen layout, revealing the oven and cabinetry. By frame 450, the focus shifts to items on a side table, specifically highlighting the coffee bags. From frame 600 onwards, the camera continues to pan slowly to the left along a different segment of the kitchen counter, passing a toaster before settling on the empty counter space at the end."
d6722bcda9de,event,aligned_dataset/cut_potato_and_carrot_split/Seg1/cut_potato_and_carrot_event,qa_pairs/aligned/event_qa_results_aligned.json,event_navigation,1,"I begin stationary at a counter. I then execute a gradual pan to the left and back, expanding the view to include the oven and floor. I move slightly forward and right to center a table with objects on it. Finally, I turn left again and track sideways along the main kitchen counter, moving parallel to the cabinets until the toaster and other appliances are out of frame."
05f9e67c904f,event,aligned_dataset/cut_potato_and_carrot_split/Seg2/cut_potato_and_carrot_event,qa_pairs/aligned/event_qa_results_aligned.json,event_spatial_reasoning,1,My hands are the closest moving objects to the camera. The vegetable and peeler are held directly above the sink basin. Soap bottles are positioned on the counter surface behind the sink. A dish rack is located to the right of the main action area.
1035aa41b788,event,aligned_dataset/cut_potato_and_carrot_split/Seg2/cut_potato_and_carrot_event,qa_pairs/aligned/event_qa_results_aligned.json,event_action,1,I am peeling a vegetable over a sink. I hold the vegetable with one hand and stroke the peeler down its surface with the other. The goal is to remove the outer layer of the vegetable.
20d0fdd291bd,event,aligned_dataset/cut_potato_and_carrot_split/Seg2/cut_potato_and_carrot_event,qa_pairs/aligned/event_qa_results_aligned.json,event_dynamic_recognition,1,Hands appear around frame 450. The peeling motion starts around frame 510. The vegetable is held in the left hand and the peeler in the right.
2f6f8b1652fd,event,aligned_dataset/cut_potato_and_carrot_split/Seg2/cut_potato_and_carrot_event,qa_pairs/aligned/event_qa_results_aligned.json,event_scene_sequence,1,"The sequence starts with a downward view of a flat surface with text/images. The camera then transitions to reveal a kitchen sink area. Hands enter the frame and reach for items near the sink. Finally, the main action of peeling a vegetable begins and persists through the end of the video."
36479c56fc0a,event,aligned_dataset/cut_potato_and_carrot_split/Seg2/cut_potato_and_carrot_event,qa_pairs/aligned/event_qa_results_aligned.json,event_counting,1,"Identifiable items include three soap bottles, one brush, one peeler, one vegetable, and two hands."
a757a3f69b06,event,aligned_dataset/cut_potato_and_carrot_split/Seg2/cut_potato_and_carrot_event,qa_pairs/aligned/event_qa_results_aligned.json,event_non_common,1,The scene displays a standard kitchen activity with realistic physics. There are no unusual motion patterns or unrealistic object behaviors visible.
af28cda34daa,event,aligned_dataset/cut_potato_and_carrot_split/Seg2/cut_potato_and_carrot_event,qa_pairs/aligned/event_qa_results_aligned.json,event_navigation,1,The camera moves from a high position looking at a table toward a kitchen sink. The viewpoint tilts downward as it approaches the sink to focus on the work area.
d6712a274ca4,event,aligned_dataset/cut_potato_and_carrot_split/Seg2/cut_potato_and_carrot_event,qa_pairs/aligned/event_qa_results_aligned.json,event_dynamic_counting,1,"Two hands are the primary dynamic entities, performing the peeling action. The vegetable moves in synchronization with the hands. The peeler moves across the vegetable's surface multiple times."
e98ed385a807,event,aligned_dataset/cut_potato_and_carrot_split/Seg2/cut_potato_and_carrot_event,qa_pairs/aligned/event_qa_results_aligned.json,event_object_recognition,1,A hand enters the view and interacts with a peeler and a vegetable over a sink basin. The motion is repetitive and focused on the vegetable surface. Other objects like soap bottles and a brush holder are visible due to camera movement but remain stationary relative to the counter.
18b3b3f97276,event,aligned_dataset/cut_potato_and_carrot_split/Seg3/cut_potato_and_carrot_event,qa_pairs/aligned/event_qa_results_aligned.json,event_action,1,"I am peeling a round vegetable (likely a potato) over a countertop and then moving toward a sink. My right hand uses a peeler to remove the outer layer with quick, repetitive motions. My left hand provides support and adjusts the vegetable's orientation. After several strokes, I move the camera closer to the sink, possibly to wash the vegetable or dispose of the peels. The motion evolves from active tool usage to a purposeful camera repositioning."
401479294116,event,aligned_dataset/cut_potato_and_carrot_split/Seg3/cut_potato_and_carrot_event,qa_pairs/aligned/event_qa_results_aligned.json,event_navigation,1,"The camera follows a path from the countertop toward the sink. Starting from a stationary position over the preparation area, the viewpoint shifts forward and tilts downward. This motion path leads directly to the sink basin, which serves as the primary landmark for the final portion of the video. The movement is a steady progression toward the focal point of the sink drain."
41141c5e4867,event,aligned_dataset/cut_potato_and_carrot_split/Seg3/cut_potato_and_carrot_event,qa_pairs/aligned/event_qa_results_aligned.json,event_dynamic_recognition,1,The primary dynamic activity is the peeling of a vegetable. The right hand begins rhythmic downward strokes with the peeler around frame 000060. The left hand periodically rotates the vegetable to expose new surfaces. The camera's forward movement starts around frame 000450 and settles in the new position by frame 000750. No other dynamic objects like cars or other people are detected.
4a9db1f129a5,event,aligned_dataset/cut_potato_and_carrot_split/Seg3/cut_potato_and_carrot_event,qa_pairs/aligned/event_qa_results_aligned.json,event_non_common,1,"The event stream depicts a standard kitchen activity. There are no signs of unrealistic motion, floating objects, or clipping. All interactions between my hands, the tool, and the vegetable follow common physical laws. The layout and environment appear consistent and plausible."
562266f1d0e2,event,aligned_dataset/cut_potato_and_carrot_split/Seg3/cut_potato_and_carrot_event,qa_pairs/aligned/event_qa_results_aligned.json,event_counting,1,"Based on the motion and boundaries visible in the event stream, I can identify several distinct objects: two hands performing the task, one peeler, one round vegetable, one cheese grater on the counter, one bottle next to it, and the circular sink drain. There are also at least two small rectangular containers on the far left of the counter."
6a9c26ca3335,event,aligned_dataset/cut_potato_and_carrot_split/Seg3/cut_potato_and_carrot_event,qa_pairs/aligned/event_qa_results_aligned.json,event_spatial_reasoning,1,"Initially, my hands are positioned in the center of the frame, between the camera and the kitchen counter. The round object is held in the left hand, while the peeler is in the right. To the left of my hands, a cheese grater is visible on the counter. A bottle stands further back and to the left. As the camera moves forward, the distance between the lens and the sink drain decreases, causing the drain to occupy more of the field of view. The hands occasionally occlude the sink area as they move during the peeling process."
85c6b917cc9a,event,aligned_dataset/cut_potato_and_carrot_split/Seg3/cut_potato_and_carrot_event,qa_pairs/aligned/event_qa_results_aligned.json,event_object_recognition,1,"The event stream captures the motion of two hands interacting with objects on a countertop. One hand holds a small round object, while the other hand moves a Y-shaped peeler across its surface. In the background, static objects like a cheese grater, a bottle, and small containers are outlined by the camera's slight movement. As the peeling action progresses, fine event clusters indicate the removal of skin or small particles. The scene shifts as the camera moves closer to the sink area, highlighting the circular drain and the texture of the basin through motion parallax."
9cec9aab108f,event,aligned_dataset/cut_potato_and_carrot_split/Seg3/cut_potato_and_carrot_event,qa_pairs/aligned/event_qa_results_aligned.json,event_scene_sequence,1,"The video starts with a wide view of the counter where I begin peeling a round vegetable. The motion is concentrated in the center. Around frame 000450, the camera begins a forward and downward trajectory, transitioning from the counter view to a close-up of the sink basin. The previous landmarks like the grater and bottle disappear from the top-left of the frame as the camera focuses on the sink drain and the items inside. Toward the end of the sequence, the camera stabilizes on the sink area."
b05571ab31ee,event,aligned_dataset/cut_potato_and_carrot_split/Seg3/cut_potato_and_carrot_event,qa_pairs/aligned/event_qa_results_aligned.json,event_dynamic_counting,1,"The dynamic entities include two hands and the objects they are manipulating. My left hand holds and rotates the vegetable, while my right hand moves the peeler. The vegetable is rotated multiple times. The camera also moves dynamically relative to the static kitchen environment, but no other people or independent moving objects enter the frame."
04d0edab245d,event,aligned_dataset/cut_potato_and_carrot_split/Seg4/cut_potato_and_carrot_event,qa_pairs/aligned/event_qa_results_aligned.json,event_dynamic_counting,1,"The 2 hands are the primary dynamic entities. The 1 peeler moves in multiple rapid cycles. At least a dozen individual peels are observed falling. In the second half, 1 dishwasher rack is slightly shifted as I reach into it, and I move 1 plate to adjust its position within the rack."
6d696d7388e9,event,aligned_dataset/cut_potato_and_carrot_split/Seg4/cut_potato_and_carrot_event,qa_pairs/aligned/event_qa_results_aligned.json,event_object_recognition,1,"The event stream captures the motion of a handheld peeler being used on a round object. Repetitive, quick linear strokes of the peeler create distinct event bursts. Fragments of peel detach and fall under gravity towards the sink basin below. Later, the camera pans to show the structured lines of a dishwasher rack containing plates and a cutlery basket. My hands are consistently represented by high-activity event regions as they manipulate the peeler and then interact with the dishes in the dishwasher."
89448e96ed04,event,aligned_dataset/cut_potato_and_carrot_split/Seg4/cut_potato_and_carrot_event,qa_pairs/aligned/event_qa_results_aligned.json,event_navigation,1,I am stationary at the sink for the first part of the route. I then rotate the camera downward and to the right to navigate the viewpoint from the countertop level to the lower dishwasher level. The path is a simple transition between two adjacent kitchen workstations without significant walking steps.
9eb514d1e6b1,event,aligned_dataset/cut_potato_and_carrot_split/Seg4/cut_potato_and_carrot_event,qa_pairs/aligned/event_qa_results_aligned.json,event_scene_sequence,1,"The video starts with a focused peeling scene over a kitchen sink, characterized by rapid local motion of the hands and peeler. This activity continues for roughly two-thirds of the sequence. Then, a deliberate camera pan occurs, moving downwards and rightwards. This transition replaces the sink scene with a view of a dishwasher interior. The final segment shows my hands reaching into the dishwasher rack to interact with the plates and utensils stored there."
a5d3980d9f61,event,aligned_dataset/cut_potato_and_carrot_split/Seg4/cut_potato_and_carrot_event,qa_pairs/aligned/event_qa_results_aligned.json,event_action,1,"I am peeling a fruit or vegetable, using my right hand for the tool and my left hand to rotate the object. My motion intent is to remove the skin. After this, I transition my activity to the dishwasher, where I reach into the rack with my hand to organize or load dishes. The motion changes from repetitive scraping to reaching and placing."
ce562dec256a,event,aligned_dataset/cut_potato_and_carrot_split/Seg4/cut_potato_and_carrot_event,qa_pairs/aligned/event_qa_results_aligned.json,event_non_common,1,The video displays normal household behavior without any unusual motion patterns or physically implausible events. The peeling and dishwasher interaction follow standard human ergonomics and gravity.
ceb59005f51f,event,aligned_dataset/cut_potato_and_carrot_split/Seg4/cut_potato_and_carrot_event,qa_pairs/aligned/event_qa_results_aligned.json,event_spatial_reasoning,1,"Initially, the fruit and peeler are the most proximal objects, held directly above the sink basin. The peels move from a high position to a lower position into the sink. After a camera transition, the dishwasher rack appears below and to the right of the initial workspace. Inside the dishwasher, the cutlery basket is positioned in the front section of the rack, with plates lined up behind it. A large flat object, likely a cutting board, is situated vertically against the back of the dishwasher area."
dd62154d0a19,event,aligned_dataset/cut_potato_and_carrot_split/Seg4/cut_potato_and_carrot_event,qa_pairs/aligned/event_qa_results_aligned.json,event_counting,1,"During the peeling phase, I use 1 peeler on 1 fruit while holding them with 2 hands. Numerous peels fall into the 1 sink basin. In the dishwasher scene, I interact with 1 dishwasher rack which contains at least 3 plates, 1 cutlery basket, and 1 cutting board standing upright."
e9e0202c93fc,event,aligned_dataset/cut_potato_and_carrot_split/Seg4/cut_potato_and_carrot_event,qa_pairs/aligned/event_qa_results_aligned.json,event_dynamic_recognition,1,The peeling motion starts immediately and persists until the camera pan. Peels appear and disappear as they fall into the sink. The dishwasher rack and its contents remain mostly static until my hand enters the frame after the pan to adjust the plates. The peeler leaves the focus as the camera moves away from the sink.
2336a5ac0c29,event,aligned_dataset/cut_potato_and_carrot_split/Seg5/cut_potato_and_carrot_event,qa_pairs/aligned/event_qa_results_aligned.json,event_spatial_reasoning,1,The dish rack is located immediately to the left of the sink. The cutting board is initially positioned on the counter between me and the sink before I lift it. The stove is situated further to the left of the sink area. The faucet is positioned at the rear of the sink basin. A power strip is visible at the back edge of the counter near the stove burners.
26d267f3f0d4,event,aligned_dataset/cut_potato_and_carrot_split/Seg5/cut_potato_and_carrot_event,qa_pairs/aligned/event_qa_results_aligned.json,event_non_common,1,"The event activity shows a standard kitchen scene with physically plausible motions and layouts. There are no strange motion patterns, floating objects, or unrealistic behaviors observed in the video."
30941e438743,event,aligned_dataset/cut_potato_and_carrot_split/Seg5/cut_potato_and_carrot_event,qa_pairs/aligned/event_qa_results_aligned.json,event_action,1,I reach out with my right hand to pick up a cutting board from the counter. I carry it while panning the camera to the left to inspect the stove area. I hold the board steady for a few seconds before returning to the sink. My actions suggest I am moving the board for a kitchen-related task like cleaning or preparation.
409e353e6ab6,event,aligned_dataset/cut_potato_and_carrot_split/Seg5/cut_potato_and_carrot_event,qa_pairs/aligned/event_qa_results_aligned.json,event_dynamic_counting,1,The dynamic activity is centered on my own actions. I lift and move one cutting board across the counter once. No other moving people or external dynamic objects such as vehicles or pets are present in the scene throughout the entire duration.
5b3e2b75019c,event,aligned_dataset/cut_potato_and_carrot_split/Seg5/cut_potato_and_carrot_event,qa_pairs/aligned/event_qa_results_aligned.json,event_navigation,1,"Starting from the sink area, I move the viewpoint slightly forward to grab a board. I then execute a lateral pan to the left to reach the stove area. Following this, I reverse the direction and pan back to the right to return to the sink. The motion path is a simple back-and-forth movement across the kitchen counter."
aea367829664,event,aligned_dataset/cut_potato_and_carrot_split/Seg5/cut_potato_and_carrot_event,qa_pairs/aligned/event_qa_results_aligned.json,event_scene_sequence,1,"The sequence starts with a static view of the kitchen sink and dish rack. Next, a hand appears and lifts a cutting board. I then pan the camera to the left to reveal the stove burners. After a brief pause at the stove, I pan back to the right towards the sink area. The video ends as I move the camera very close to a flat surface, causing the object boundaries to blur into a dense field of events."
c63836e7750e,event,aligned_dataset/cut_potato_and_carrot_split/Seg5/cut_potato_and_carrot_event,qa_pairs/aligned/event_qa_results_aligned.json,event_object_recognition,1,"The event stream captures a kitchen scene where the camera initially observes the boundaries of a sink area and a dish rack filled with items. Around frame 150, a hand enters and picks up a large rectangular object, identifiable as a cutting board. As the camera pans left, the circular outlines of stove burners become visible on the counter surface. The faucet structure and a bottle near the sink are also clearly defined by their motion-induced edges."
d1496b4f4a10,event,aligned_dataset/cut_potato_and_carrot_split/Seg5/cut_potato_and_carrot_event,qa_pairs/aligned/event_qa_results_aligned.json,event_counting,1,"In the kitchen environment, I can count one sink, one dish rack, one faucet, one cutting board, one dish soap bottle, one power strip on the back of the counter, and two circular stove burners. A single hand is visible performing the interactions."
ee326b19b05d,event,aligned_dataset/cut_potato_and_carrot_split/Seg5/cut_potato_and_carrot_event,qa_pairs/aligned/event_qa_results_aligned.json,event_dynamic_recognition,1,"A hand appears at frame 150 to grab the cutting board. The board's motion begins at frame 180 and stops relative to the counter at frame 390 as I reach the stove. At frame 510, the board begins moving back toward the sink. No external dynamic entities enter or leave the frame during the recording."
45f2eaec1368,event,aligned_dataset/make_coffee_split/Seg1/make_coffee_event,qa_pairs/aligned/event_qa_results_aligned.json,event_action,1,"The subject is organizing a coffee-making area. Actions include reaching, grabbing, placing items on the counter, and plugging a power cord into an outlet. The motion intent is to prepare the workspace for coffee preparation."
497bac01783d,event,aligned_dataset/make_coffee_split/Seg1/make_coffee_event,qa_pairs/aligned/event_qa_results_aligned.json,event_dynamic_counting,1,"Only the camera holder's hand and arm are moving significantly within the frame. The hand moves repeatedly to fetch, place, and manipulate objects such as the coffee bag, scale, and tamper."
6904ad8196b7,event,aligned_dataset/make_coffee_split/Seg1/make_coffee_event,qa_pairs/aligned/event_qa_results_aligned.json,event_object_recognition,1,"The video captures the movement of a person's hand as they organize various items on a shelf and a countertop. Key objects identified through motion include a bag of coffee, a small digital scale, a coffee tamper, and several kitchen containers. The hand moves across the space, adjusting the positions of the coffee bag and the digital scale, and later reaching toward a power strip."
a336334284e9,event,aligned_dataset/make_coffee_split/Seg1/make_coffee_event,qa_pairs/aligned/event_qa_results_aligned.json,event_counting,1,"The scene contains several countable items: one coffee bag, one digital scale, one coffee tamper, two wall-mounted power outlets, and three visible containers on the shelf."
b9dd17019060,event,aligned_dataset/make_coffee_split/Seg1/make_coffee_event,qa_pairs/aligned/event_qa_results_aligned.json,event_scene_sequence,1,"The sequence begins with a view of a shelf containing various packaged goods. The camera moves downward toward a countertop where a coffee machine is present. The hand then interacts with a coffee bag, moving it onto the counter, followed by adjusting a digital scale and a coffee tamper. Finally, the camera focuses on the power outlet as the hand plugs in an appliance."
bd7a7249fe78,event,aligned_dataset/make_coffee_split/Seg1/make_coffee_event,qa_pairs/aligned/event_qa_results_aligned.json,event_dynamic_recognition,1,"The primary dynamic entity is the hand, which enters the field of view at the start to grab the coffee bag. It moves between the shelf and counter, interacting with the scale and tamper. The hand leaves the view at the end of each task before returning for the next."
c997af51259d,event,aligned_dataset/make_coffee_split/Seg1/make_coffee_event,qa_pairs/aligned/event_qa_results_aligned.json,event_spatial_reasoning,1,"The scene shows a countertop with a coffee machine, a shelf with various food items, and a power outlet on the wall. The hand moves from the shelf area toward the countertop. The coffee bag is initially on the shelf and is moved closer to the coffee machine on the counter. The scale sits between the coffee machine and the edge of the counter. The hand occludes parts of the shelf as it retrieves items."
e8cbed77f713,event,aligned_dataset/make_coffee_split/Seg1/make_coffee_event,qa_pairs/aligned/event_qa_results_aligned.json,event_non_common,1,The movements and interactions within the video are physically consistent with a person organizing a kitchen workspace. No unusual or physically implausible behaviors were observed.
f937991420c8,event,aligned_dataset/make_coffee_split/Seg1/make_coffee_event,qa_pairs/aligned/event_qa_results_aligned.json,event_navigation,1,The camera starts at a high angle looking at a shelf and pans down and rightward to face a kitchen countertop. The motion follows a path from the storage area towards the preparation area near the coffee machine and electrical outlets.
243ccb457fa3,event,aligned_dataset/make_coffee_split/Seg2/make_coffee_event,qa_pairs/aligned/event_qa_results_aligned.json,event_action,1,"The person uses a hand to open or hold a coffee bag, then grips a tamper to compress coffee grounds inside a metal portafilter."
2d257214263e,event,aligned_dataset/make_coffee_split/Seg2/make_coffee_event,qa_pairs/aligned/event_qa_results_aligned.json,event_counting,1,"The scene contains a digital scale, a coffee bag, a portafilter, a coffee tamper, and a hand. There are 5 primary objects/elements."
6656e6daaff4,event,aligned_dataset/make_coffee_split/Seg2/make_coffee_event,qa_pairs/aligned/event_qa_results_aligned.json,event_object_recognition,1,"The video displays a static scene featuring a digital scale, a coffee bag, and a coffee tamper. The camera remains mostly still, showing the objects clearly in the frame, with no moving entities present."
6842779b62c9,event,aligned_dataset/make_coffee_split/Seg2/make_coffee_event,qa_pairs/aligned/event_qa_results_aligned.json,event_non_common,1,"No unusual, physically implausible, or strange motion patterns were identified in the event stream."
98f15fec560a,event,aligned_dataset/make_coffee_split/Seg2/make_coffee_event,qa_pairs/aligned/event_qa_results_aligned.json,event_scene_sequence,1,"The video begins with the items laid out on a surface. A hand enters the scene to manipulate the coffee bag, then uses the tamper to press down on coffee grounds inside a portafilter."
a9c5880b1347,event,aligned_dataset/make_coffee_split/Seg2/make_coffee_event,qa_pairs/aligned/event_qa_results_aligned.json,event_dynamic_counting,1,Only one hand enters and moves within the frame to interact with the coffee equipment throughout the video.
ac8e00d1e2b9,event,aligned_dataset/make_coffee_split/Seg2/make_coffee_event,qa_pairs/aligned/event_qa_results_aligned.json,event_dynamic_recognition,1,"A hand appears at the beginning of the sequence, performs a tamping motion, and stays in the frame until the end of the activity."
e7501d92ef4d,event,aligned_dataset/make_coffee_split/Seg2/make_coffee_event,qa_pairs/aligned/event_qa_results_aligned.json,event_spatial_reasoning,1,"A digital scale sits in the upper-left region. A coffee bag is positioned in the upper-center. A coffee tamper is held by a hand in the lower-right foreground. The tamper is the closest object to the viewer, while the scale and bag are located further back on a flat surface."
fad119964235,event,aligned_dataset/make_coffee_split/Seg2/make_coffee_event,qa_pairs/aligned/event_qa_results_aligned.json,event_navigation,1,"The camera is stationary, focused on a workspace. No navigation path or viewpoint change occurs."
032308ab2f5c,event,aligned_dataset/make_coffee_split/Seg3/make_coffee_event,qa_pairs/aligned/event_qa_results_aligned.json,event_dynamic_recognition,8,"The primary motion involves me handling a coffee bag, using a tamper on the portafilter, and washing the portafilter in the sink. The bag appears at the start, the tamper is used mid-sequence, and the sink cleaning occurs at the end."
2867fd8a9c75,event,aligned_dataset/make_coffee_split/Seg3/make_coffee_event,qa_pairs/aligned/event_qa_results_aligned.json,event_non_common,1,The motion patterns and object interactions are typical for a manual espresso preparation process. No unusual or physically implausible events were observed.
308f5bcdc8dd,event,aligned_dataset/make_coffee_split/Seg3/make_coffee_event,qa_pairs/aligned/event_qa_results_aligned.json,event_counting,8,"The video captures a person preparing coffee. I can count 1 coffee bag, 1 digital scale, 1 portafilter, 1 tamper, 1 group head, 1 cup, 1 sink, and 1 soap dispenser."
486798f9b807,event,aligned_dataset/make_coffee_split/Seg3/make_coffee_event,qa_pairs/aligned/event_qa_results_aligned.json,event_dynamic_counting,8,"I am interacting with coffee equipment. There are no other moving humans. I move the coffee bag multiple times, use the tamper, and wash the portafilter in the sink."
5b7f7e128026,event,aligned_dataset/make_coffee_split/Seg3/make_coffee_event,qa_pairs/aligned/event_qa_results_aligned.json,event_action,8,"I am preparing espresso. My actions include opening a coffee bag, tamping grounds in a portafilter, and rinsing the portafilter in the sink. My intent is to prepare coffee and clean the equipment."
68f2f647298c,event,aligned_dataset/make_coffee_split/Seg3/make_coffee_event,qa_pairs/aligned/event_qa_results_aligned.json,event_scene_sequence,1,"The sequence begins with the hands handling a coffee bag, transitions to weighing the contents on a digital scale, and follows with filling and tamping the ground coffee into a portafilter. Finally, the scene shifts towards a kitchen sink area, signaling the completion of the coffee preparation task."
7827b1e2d00c,event,aligned_dataset/make_coffee_split/Seg3/make_coffee_event,qa_pairs/aligned/event_qa_results_aligned.json,event_spatial_reasoning,1,"The event stream reveals a workspace where a bag of coffee is positioned to the left, a digital scale is in the upper-center, and a portafilter rests on the surface to the right. The hands move from the coffee bag towards the center to access the scale and portafilter. The tamper interacts with the portafilter, indicating a close proximity between these two objects."
87cccd729a3c,event,aligned_dataset/make_coffee_split/Seg3/make_coffee_event,qa_pairs/aligned/event_qa_results_aligned.json,event_navigation,1,"The camera perspective remains static or shows small, deliberate pans across a countertop workspace. The navigation path moves from the preparation area (coffee bag and scale) to the cleaning area (sink)."
cc7a0967984a,event,aligned_dataset/make_coffee_split/Seg3/make_coffee_event,qa_pairs/aligned/event_qa_results_aligned.json,event_object_recognition,1,"The video displays a series of close-up movements of a pair of hands interacting with various coffee-related items: a bag of 'Home Barista' coffee, a digital scale, a portafilter, and a tamper. The hands manipulate these items on a flat surface, with clear motion markers for the bag being handled, the scale being adjusted, and the portafilter being filled and tamped."
027da81bd96c,event,aligned_dataset/make_coffee_split/Seg4/make_coffee_event,qa_pairs/aligned/event_qa_results_aligned.json,event_dynamic_recognition,1,A pair of hands enters the field of view to tamp coffee grounds into a portafilter. The action lasts for the duration of the middle section of the video before the hands retract.
484c8ee65599,event,aligned_dataset/make_coffee_split/Seg4/make_coffee_event,qa_pairs/aligned/event_qa_results_aligned.json,event_non_common,1,The objects and actions shown—preparing coffee in a kitchen—are normal and follow physical constraints. No strange or implausible motion is observed.
4f2f70891f09,event,aligned_dataset/make_coffee_split/Seg4/make_coffee_event,qa_pairs/aligned/event_qa_results_aligned.json,event_spatial_reasoning,1,The portafilter is positioned on the counter near the sink. The cleaning bottles are to the left of the portafilter. The sink is to the right. The dish rack is further to the right. Hands move from the right side towards the portafilter to perform the tamping action.
5e2a033113dc,event,aligned_dataset/make_coffee_split/Seg4/make_coffee_event,qa_pairs/aligned/event_qa_results_aligned.json,event_object_recognition,1,"The video displays a static kitchen sink area where various objects are present. These include a detergent bottle, a hand soap bottle, a portafilter, and a dish rack filled with plates. Movement is primarily observed as hands enter the scene to manipulate the portafilter, tamping coffee grounds into it."
712141aa629b,event,aligned_dataset/make_coffee_split/Seg4/make_coffee_event,qa_pairs/aligned/event_qa_results_aligned.json,event_action,1,The subject is preparing espresso by tamping coffee grounds into a portafilter. This involves repetitive pressing motions followed by leveling the coffee puck.
719cd6806259,event,aligned_dataset/make_coffee_split/Seg4/make_coffee_event,qa_pairs/aligned/event_qa_results_aligned.json,event_navigation,1,"The camera remains in a fixed, top-down position, focusing on the kitchen counter workspace. No navigation or movement of the viewpoint is detected."
721912dd129c,event,aligned_dataset/make_coffee_split/Seg4/make_coffee_event,qa_pairs/aligned/event_qa_results_aligned.json,event_dynamic_counting,1,"Only one pair of hands is active in the scene, performing the coffee preparation task. No other dynamic objects or people are present."
8ad863c52fdc,event,aligned_dataset/make_coffee_split/Seg4/make_coffee_event,qa_pairs/aligned/event_qa_results_aligned.json,event_scene_sequence,1,"The sequence begins with a static view of the kitchen counter. Then, hands enter the scene from the right to prepare a portafilter. After the preparation is complete, the hands exit the view, and the scene returns to a static state."
9bdcbdfe4994,event,aligned_dataset/make_coffee_split/Seg4/make_coffee_event,qa_pairs/aligned/event_qa_results_aligned.json,event_counting,1,"Visible objects include: 1 detergent bottle, 1 hand soap bottle, 1 portafilter, 1 dish rack, 1 scale, and 1 tamp."
3215881128e3,event,aligned_dataset/make_coffee_split/Seg5/make_coffee_event,qa_pairs/aligned/event_qa_results_aligned.json,event_non_common,1,"The scene displays a normal sequence of coffee preparation. There are no unusual motions, floating objects, or physical impossibilities observed."
342220217393,event,aligned_dataset/make_coffee_split/Seg5/make_coffee_event,qa_pairs/aligned/event_qa_results_aligned.json,event_scene_sequence,1,"The sequence begins with the operator holding a portafilter filled with coffee grounds. The operator then uses a tamper to press the grounds. Following the tamping process, the portafilter is inserted into the espresso machine, locked into the group head, and then the coffee brewing process is initiated."
65c5839b6898,event,aligned_dataset/make_coffee_split/Seg5/make_coffee_event,qa_pairs/aligned/event_qa_results_aligned.json,event_navigation,1,"The camera remains in a static, fixed position, focused entirely on the workspace of the coffee machine. No navigation or camera movement occurs."
6a7b9389bbd8,event,aligned_dataset/make_coffee_split/Seg5/make_coffee_event,qa_pairs/aligned/event_qa_results_aligned.json,event_object_recognition,1,"The video displays a close-up, first-person perspective of a person preparing coffee. The key objects moving and changing within the frame include a portafilter handle, a coffee tamper, an espresso machine, a container of coffee grounds, and the hands of the operator."
7811239ee53e,event,aligned_dataset/make_coffee_split/Seg5/make_coffee_event,qa_pairs/aligned/event_qa_results_aligned.json,event_spatial_reasoning,1,"The espresso machine serves as the central reference point. The portafilter is held in the center foreground, while the coffee tamper is moved into the portafilter basket. To the left is the coffee grinder/doser mechanism. The hands of the operator occupy the central space, manipulating the portafilter against the machine's group head."
78202d076ebf,event,aligned_dataset/make_coffee_split/Seg5/make_coffee_event,qa_pairs/aligned/event_qa_results_aligned.json,event_dynamic_counting,1,"The operator's hands are the primary dynamic entities, moving repeatedly to handle the portafilter, the tamper, and the machine switches. No other humans or external moving objects are present."
83ff8a5879c8,event,aligned_dataset/make_coffee_split/Seg5/make_coffee_event,qa_pairs/aligned/event_qa_results_aligned.json,event_action,1,"I am performing the steps to make an espresso: tamping the grounds into the portafilter, inserting and locking the portafilter into the machine, and finally pressing a button to start the extraction."
87f0acbcc8db,event,aligned_dataset/make_coffee_split/Seg5/make_coffee_event,qa_pairs/aligned/event_qa_results_aligned.json,event_dynamic_recognition,1,"The hands move in and out of the center of the frame. They appear at the start, perform the tamping, then move the portafilter to the group head, and finally activate the machine switches."
c6812972c063,event,aligned_dataset/make_coffee_split/Seg5/make_coffee_event,qa_pairs/aligned/event_qa_results_aligned.json,event_counting,1,"The primary items identified through motion include the portafilter handle, the tamper, the espresso machine buttons, the filter basket, the group head, the drip tray, the coffee container, and the operator's hands."
13896002d2c9,event,aligned_dataset/marinate_meat_split/Seg1/marinate_meat_event,qa_pairs/aligned/event_qa_results_aligned.json,event_action,8,"I am walking through the kitchen to reach a preparation area. I reach out and lift a cutting board with both hands to position it on the counter. Then, I grip a knife and perform several slicing actions on an object on the board. My motions are purposeful and indicative of food preparation."
5f778eac9edc,event,aligned_dataset/marinate_meat_split/Seg1/marinate_meat_event,qa_pairs/aligned/event_qa_results_aligned.json,event_object_recognition,1,"The event stream highlights a sequence in a kitchen environment. Motion initially defines the boundaries of an oven unit and a four-burner stovetop on the left. As the camera progresses, event activity marks a sink area with an adjacent dish rack. Subsequently, two hands enter the field of view to grasp and lift a rectangular cutting board. The sequence concludes with the sharp, rhythmic back-and-forth movement of a knife across the board's surface, indicating a slicing task."
6d568ec4d17c,event,aligned_dataset/marinate_meat_split/Seg1/marinate_meat_event,qa_pairs/aligned/event_qa_results_aligned.json,event_dynamic_counting,8,The dynamic entities include two hands appearing to manipulate objects. The cutting board is lifted and repositioned exactly once. The knife performs approximately five distinct downward slicing strokes between frames 510 and 630. I make one continuous movement along the counter before stopping.
6d78249f0c29,event,aligned_dataset/marinate_meat_split/Seg1/marinate_meat_event,qa_pairs/aligned/event_qa_results_aligned.json,event_counting,8,"Within the event stream, several countable regions emerge: 4 circular stove burners, 1 horizontal oven handle, 1 sink basin, 1 dish rack containing multiple shapes, 1 rectangular cutting board, 1 knife, 2 electrical sockets on the wall, and 2 hands performing the tasks."
738c508e6eaf,event,aligned_dataset/marinate_meat_split/Seg1/marinate_meat_event,qa_pairs/aligned/event_qa_results_aligned.json,event_spatial_reasoning,1,"Initially, the oven is located to the left of my moving path. The sink and dish rack are positioned further to the right along the counter. When I reach for the cutting board, the board is spatially closer to me than the sink. During the slicing phase, the knife is positioned above the board, moving relative to its top surface and occasionally occluding the board's central area from the camera's perspective."
7a111fdfe88a,event,aligned_dataset/marinate_meat_split/Seg1/marinate_meat_event,qa_pairs/aligned/event_qa_results_aligned.json,event_navigation,1,"The navigation involves a linear move along a kitchen counter from left to right. Landmarks passed include the oven and stovetop, followed by a sink area. The camera then pivots slightly to focus on a central workspace. The path is direct and follows the kitchen's fixed counter layout."
7d9933b7e29a,event,aligned_dataset/marinate_meat_split/Seg1/marinate_meat_event,qa_pairs/aligned/event_qa_results_aligned.json,event_dynamic_recognition,8,"Hands enter the frame around frame 360 to lift the cutting board, which stays in motion until approximately frame 450. A knife begins a back-and-forth slicing motion at frame 510, which continues rhythmically until frame 630. The board is adjusted slightly after the first lift."
cb2629289615,event,aligned_dataset/marinate_meat_split/Seg1/marinate_meat_event,qa_pairs/aligned/event_qa_results_aligned.json,event_non_common,1,"The event activity shows no unusual or physically implausible scenarios. All movements, including my interactions with the board and knife, follow standard physical expectations for a kitchen environment."
eaf4274f9e2f,event,aligned_dataset/marinate_meat_split/Seg1/marinate_meat_event,qa_pairs/aligned/event_qa_results_aligned.json,event_scene_sequence,1,"The video sequence begins with a lateral move past an oven and stovetop. Next, the camera settles in front of a counter space near a sink. Around frame 360, my hands enter the scene to lift a cutting board. This is followed by a distinct period of slicing motion with a knife starting at frame 510. Finally, the activity settles as the cutting action concludes by frame 660."
19bc27e1877f,event,aligned_dataset/marinate_meat_split/Seg2/marinate_meat_event,qa_pairs/aligned/event_qa_results_aligned.json,event_action,8,"I am engaged in the task of food preparation, specifically slicing an item on a cutting board. I use my left hand to apply downward pressure and stabilize the food, while my right hand operates the knife in a rhythmic, reciprocating motion. The intensity of the events generated by the knife's edge increases as it makes contact with the board, indicating the repetitive slicing action that continues from frame 000330 to 000870."
1b7621fc8458,event,aligned_dataset/marinate_meat_split/Seg2/marinate_meat_event,qa_pairs/aligned/event_qa_results_aligned.json,event_object_recognition,1,"The event stream initially captures a dense cluster of edges representing a kitchen sink area with a drying rack, plates, and utensils. As the camera pans, it identifies a smooth countertop region followed by a series of stationary bottles and a multi-socket extension cord. The most salient activity begins around frame 000330, where the rapid, reciprocating motion of a knife edge is clearly visible against a cutting board, along with the shifting boundaries of a hand holding a food item."
3c75cf6d551c,event,aligned_dataset/marinate_meat_split/Seg2/marinate_meat_event,qa_pairs/aligned/event_qa_results_aligned.json,event_scene_sequence,1,"The sequence begins with event activity localized in a sink area containing a dish rack. The camera then performs a smooth lateral pan across a countertop, where the activity of stationary bottles and an extension cord is briefly highlighted by the camera's motion. The final and longest scene transition occurs when the camera stabilizes over a cutting board, and a repetitive, high-frequency cutting motion starts at frame 000330 and continues until the end of the video."
92d508bff8c7,event,aligned_dataset/marinate_meat_split/Seg2/marinate_meat_event,qa_pairs/aligned/event_qa_results_aligned.json,event_dynamic_counting,8,"The dynamic entities in the scene are my hand and the knife. My hand enters the cutting board region around frame 000240 and remains active until the end. The knife enters the cutting board area and begins its repetitive slicing motion at frame 000330, persisting throughout the final sequence. No other moving people or objects pass through the field of view."
b2afc6fc4838,event,aligned_dataset/marinate_meat_split/Seg2/marinate_meat_event,qa_pairs/aligned/event_qa_results_aligned.json,event_spatial_reasoning,1,"Motion-based spatial cues indicate that the drying rack is positioned in front of the kitchen wall at the start. As the camera moves right, the bottles are seen lined up behind the main countertop area. When the cutting board comes into focus, my hand is seen overlapping the food item from above to hold it steady. The knife then moves vertically relative to the board and horizontally relative to the food, maintaining a central position on the board throughout the interaction. The extension cord remains farther back from the cutting board's leading edge."
bb60a46f7f99,event,aligned_dataset/marinate_meat_split/Seg2/marinate_meat_event,qa_pairs/aligned/event_qa_results_aligned.json,event_dynamic_recognition,8,"My hand appears on the cutting board at frame 000240 to grip the food. The knife appears shortly after and initiates its first downward cutting stroke at frame 000330. The knife continues a rhythmic up-and-down slicing motion across the food item, which remains stationary, until the final frame at 000870. The repetitive motion pattern clearly identifies the action as slicing."
c02a8b2a518f,event,aligned_dataset/marinate_meat_split/Seg2/marinate_meat_event,qa_pairs/aligned/event_qa_results_aligned.json,event_navigation,1,"The camera follows a simple navigation path starting at a fixed point near a sink, then executes a continuous rightward pan across the kitchen counter. This lateral movement ends when the viewpoint centers on the cutting board. The stable horizontal surface of the counter serves as the primary landmark guiding the path from the cleaning area to the food preparation zone."
c24722ec3066,event,aligned_dataset/marinate_meat_split/Seg2/marinate_meat_event,qa_pairs/aligned/event_qa_results_aligned.json,event_counting,8,"From the motion and event boundaries throughout the video, I can identify and count the following: 1 drying rack in the sink, approximately 4 plates stacked within it, 1 fork, 3 bottles on the counter, 1 power strip with 4 socket units, 1 cutting board, 1 hand, and 1 knife."
f786df6c4d9c,event,aligned_dataset/marinate_meat_split/Seg2/marinate_meat_event,qa_pairs/aligned/event_qa_results_aligned.json,event_non_common,1,"The event stream shows a standard sequence of kitchen activities and layout. The motion of the hands and the knife are physically consistent with real-world physics, and the arrangement of objects on the counter is typical. No unusual or physically implausible situations are observed."
19c33feaaf41,event,aligned_dataset/marinate_meat_split/Seg3/marinate_meat_event,qa_pairs/aligned/event_qa_results_aligned.json,event_navigation,1,"The camera path begins at a fixed position over a workstation. It then executes a smooth downward and rightward rotation. This motion serves as a transition from the food preparation area to the cleaning area, specifically pointing towards the sink and dish rack as the final destination landmarks."
34a96455b087,event,aligned_dataset/marinate_meat_split/Seg3/marinate_meat_event,qa_pairs/aligned/event_qa_results_aligned.json,event_spatial_reasoning,1,"The meat is positioned centrally on the cutting board. The knife is initially to the right of the meat before it begins the cutting motion. The hand holds the meat from the left side. Later, as the camera pans, the kitchen sink appears to the left of the dish rack. Several pots are stacked within the rack, partially occluding each other."
6627841bb694,event,aligned_dataset/marinate_meat_split/Seg3/marinate_meat_event,qa_pairs/aligned/event_qa_results_aligned.json,event_action,8,"I am initially cutting meat with a knife on a board. This task involves repeated downward and lateral pressure. Once a slice is separated, I use my fingers to pick it up. My focus then shifts as I move the camera to survey the sink area, eventually reaching down to interact with a dish."
6e1d10f1196c,event,aligned_dataset/marinate_meat_split/Seg3/marinate_meat_event,qa_pairs/aligned/event_qa_results_aligned.json,event_scene_sequence,1,"The sequence starts with a focused view on a cutting board where meat is being sliced. Around frame 000420, the cutting action stops and a piece is lifted. By frame 000600, the camera begins a broad pan to the right and down. By frame 000720, the scene has transitioned completely to a kitchen sink and a drying rack filled with dishes."
7538687a3982,event,aligned_dataset/marinate_meat_split/Seg3/marinate_meat_event,qa_pairs/aligned/event_qa_results_aligned.json,event_non_common,1,"The event activity depicts a standard kitchen scenario. The knife slices through the meat as expected, the hand picks up the food item naturally, and the camera pan reveals a typical kitchen layout with a sink and drying rack. No physically implausible situations are present."
90f48b762e08,event,aligned_dataset/marinate_meat_split/Seg3/marinate_meat_event,qa_pairs/aligned/event_qa_results_aligned.json,event_counting,8,"Over the course of the video, several distinct objects are visible through their motion or changes in viewpoint. These include one knife used for cutting, one main piece of meat on the board, one rectangular cutting board, one kitchen sink basin, and at least four large pots or containers nested in the drying rack."
9fd7c81410e8,event,aligned_dataset/marinate_meat_split/Seg3/marinate_meat_event,qa_pairs/aligned/event_qa_results_aligned.json,event_dynamic_recognition,8,"The knife appears in motion immediately from frame 000000, performing a cutting action that persists until about frame 000390. A hand enters a new motion pattern at frame 000420 to grasp the meat. The pan towards the sink initiates at frame 000600. Finally, at frame 000840, a hand reaches into the sink area."
a07120d8077f,event,aligned_dataset/marinate_meat_split/Seg3/marinate_meat_event,qa_pairs/aligned/event_qa_results_aligned.json,event_object_recognition,1,"The event stream captures a hand holding a knife and cutting a piece of meat on a rectangular cutting board. The knife moves rhythmically back and forth. After the cutting is complete, the hand picks up a slice of the meat. The camera then shifts, revealing a kitchen sink and a dish rack filled with various pots and containers."
dd45838699f4,event,aligned_dataset/marinate_meat_split/Seg3/marinate_meat_event,qa_pairs/aligned/event_qa_results_aligned.json,event_dynamic_counting,8,"Dynamic entities include the knife slicing down into the meat multiple times between frames 000000 and 000390. A single hand moves to lift a cut slice of meat around frame 000450. The camera itself acts as a dynamic entity, panning away from the cutting board and towards the sink area starting at frame 000600."
009998724efd,event,aligned_dataset/marinate_meat_split/Seg4/marinate_meat_event,qa_pairs/aligned/event_qa_results_aligned.json,event_scene_sequence,1,"The sequence begins with a pan across the kitchen counter. Next, a hand appears and navigates to the back shelf to retrieve a container. The focus then shifts to the foreground as the container is brought over a piece of meat. The activity transitions to a repeated shaking motion, followed by a hand patting the meat. The sequence ends with the hand returning the container to its original position on the shelf."
37ec4190461d,event,aligned_dataset/marinate_meat_split/Seg4/marinate_meat_event,qa_pairs/aligned/event_qa_results_aligned.json,event_counting,1,"Visible countables include approximately 5 cylindrical containers on the back shelf, 1 salt shaker being handled, 1 piece of meat on 1 cutting board, 1 power strip, and 1 knife lying on the counter surface."
5b54fc5e003f,event,aligned_dataset/marinate_meat_split/Seg4/marinate_meat_event,qa_pairs/aligned/event_qa_results_aligned.json,event_action,1,"I reach for a salt shaker on the shelf and bring it to the foreground. I then perform a shaking action to season the meat on the cutting board. Afterward, I use my fingers to pat the salt into the meat. Finally, I move the salt shaker back to its place on the shelf."
79cd8fe29a10,event,aligned_dataset/marinate_meat_split/Seg4/marinate_meat_event,qa_pairs/aligned/event_qa_results_aligned.json,event_spatial_reasoning,1,"Initially, the containers are at the back shelf relative to the camera. The hand moves from the bottom-right toward the shelf, occluding containers as it reaches. The salt shaker moves from the distant shelf to a closer position directly above the meat. The cutting board lies beneath the meat. A power strip is situated to the right of the cutting board in the background. After the seasoning action, the salt shaker is moved back toward the shelf, returning to its more distant relative position."
aa9c1bfcc7e1,event,aligned_dataset/marinate_meat_split/Seg4/marinate_meat_event,qa_pairs/aligned/event_qa_results_aligned.json,event_navigation,1,The camera navigates by panning rightward across the counter. It then tilts slightly and shifts focus toward the back shelf following the hand's reach. The viewpoint then moves closer to the cutting board to track the seasoning action before receding as the hand returns the object to the shelf.
b8ed35d8982b,event,aligned_dataset/marinate_meat_split/Seg4/marinate_meat_event,qa_pairs/aligned/event_qa_results_aligned.json,event_dynamic_counting,1,"A single moving entity, the subject's hand, is identified. It moves to the shelf around frame 150, brings the shaker forward by frame 240, performs shaking until frame 600, and returns the shaker by frame 870. No other dynamic objects or humans appear."
d1b00cfdda74,event,aligned_dataset/marinate_meat_split/Seg4/marinate_meat_event,qa_pairs/aligned/event_qa_results_aligned.json,event_non_common,1,"The scene displays standard kitchen activities and object behaviors. No unrealistic motions, floating objects, or clipping violations are observed in the event activity."
d449a0e0df59,event,aligned_dataset/marinate_meat_split/Seg4/marinate_meat_event,qa_pairs/aligned/event_qa_results_aligned.json,event_object_recognition,1,"The event stream captures a kitchen counter scene where motion begins with a camera pan over various containers. A hand enters the frame and moves toward a back shelf to grasp a cylindrical salt shaker. This shaker is then moved quickly into the foreground above a stationary piece of meat on a cutting board. Intense event activity is seen as the hand performs a rapid shaking motion over the meat. Following this, the hand moves directly onto the meat with a patting or rubbing motion. Finally, the hand moves the salt shaker back toward the back shelf."
f323414fc9d0,event,aligned_dataset/marinate_meat_split/Seg4/marinate_meat_event,qa_pairs/aligned/event_qa_results_aligned.json,event_dynamic_recognition,1,"The hand appears at frame 150 reaching for the shelf. The salt shaker is picked up and brought to the center foreground by frame 240. A vigorous shaking motion occurs from frame 480 to 600. A patting motion is visible between frames 690 and 810. The hand moves to return the shaker to the shelf, finishing the motion by frame 870."
118298f7d3b1,event,aligned_dataset/open_doors_split/Seg1/open_doors_event,qa_pairs/aligned/event_qa_results_aligned.json,event_scene_sequence,1,"The sequence begins at ground level looking at a rug. It then transitions to ascending a staircase where multiple steps pass through the field of view. Next, the camera stops at a closed door and a hand appears to operate the handle. The door swings open, leading into a scene transition into a hallway. The camera moves forward through the hallway, passing doors, until it finally focuses on a static sign on a wall."
2f8f2db2e8b6,event,aligned_dataset/open_doors_split/Seg1/open_doors_event,qa_pairs/aligned/event_qa_results_aligned.json,event_non_common,1,"The event stream shows standard physical behavior. Objects maintain their boundaries, and motion patterns are consistent with a person walking through a normal building. No unusual or physically implausible situations are detected."
36861eb8de35,event,aligned_dataset/open_doors_split/Seg1/open_doors_event,qa_pairs/aligned/event_qa_results_aligned.json,event_object_recognition,1,"The event stream captures a sequence of visually salient motion patterns. Initially, the edges of a floor mat and floor are visible. As movement progresses, a series of parallel horizontal edges indicates a staircase. A hand's motion becomes prominent as it reaches for and interacts with a metallic door handle. Once the door opens, the scene reveals a long corridor with several rectangular door frames and a small moving boundary consistent with a small animal scurrying across the floor. Finally, high-frequency event activity outlines printed characters on a notice affixed to a wall."
653c12ff3531,event,aligned_dataset/open_doors_split/Seg1/open_doors_event,qa_pairs/aligned/event_qa_results_aligned.json,event_counting,1,"From the motion and boundaries in the event stream, several distinct regions and objects are countable. There is 1 rectangular floor mat at the start. The staircase consists of approximately 9 visible steps. I interact with 1 door handle. In the hallway, there are at least 4 distinct door frames visible. There is 1 small animal seen moving and 1 textual sign on the wall at the end."
a6468a819260,event,aligned_dataset/open_doors_split/Seg1/open_doors_event,qa_pairs/aligned/event_qa_results_aligned.json,event_spatial_reasoning,1,"Spatial relationships are clearly indicated by changing optical flow. The stairs are initially in front and grow larger as I approach. My hand moves into the near foreground to grasp the handle, which is closer than the door surface. Upon entering the hallway, the walls provide depth cues, with some door frames being significantly farther than others. The small animal moves from the right side of the hallway toward the left, crossing my path at a middle-distance range."
c433f0e07c73,event,aligned_dataset/open_doors_split/Seg1/open_doors_event,qa_pairs/aligned/event_qa_results_aligned.json,event_action,1,"I am walking through an indoor environment. My actions include approaching and climbing a set of stairs. I then reach out with my hand to turn a door handle and push/pull the door open. I step through the threshold and walk down a long hallway, eventually pausing to read a sign on the wall."
e89789a18894,event,aligned_dataset/open_doors_split/Seg1/open_doors_event,qa_pairs/aligned/event_qa_results_aligned.json,event_dynamic_recognition,1,Dynamic events include the hand appearing to grab the handle around frame 000150. The door begins to move and opens fully by frame 000210. A small animal enters the view from the right in the hallway around frame 000570 and exits the view to the left by frame 000660. The camera's own forward motion creates consistent optical flow throughout.
ed77e276e80e,event,aligned_dataset/open_doors_split/Seg1/open_doors_event,qa_pairs/aligned/event_qa_results_aligned.json,event_dynamic_counting,1,"Excluding the camera holder, dynamic motion is observed from a few sources. 1 door swings open over several frames. 1 small animal scurries across the floor in the hallway from frame 000570 to 000630. There are no other moving humans or vehicles visible in the sequence."
edfdbca90886,event,aligned_dataset/open_doors_split/Seg1/open_doors_event,qa_pairs/aligned/event_qa_results_aligned.json,event_navigation,1,"Navigation starts with a forward path toward a set of stairs. I ascend the stairs, maintaining a forward orientation. At the top, I turn slightly to face a door. I move through the doorway into a room or hallway and proceed straight down the corridor, eventually stopping in front of a landmark (the sign)."
3f7ad9c85864,event,aligned_dataset/open_doors_split/Seg2/open_doors_event,qa_pairs/aligned/event_qa_results_aligned.json,event_scene_sequence,1,"The video begins with motion down a hallway past a wall-mounted object. Around the middle of the sequence, I stop to interact with a door handle on the right. Following this interaction, I navigate further and turn towards a staircase. The final part of the sequence shows the visual event activity centered on the steps of the stairs as I approach them."
43c2a4705844,event,aligned_dataset/open_doors_split/Seg2/open_doors_event,qa_pairs/aligned/event_qa_results_aligned.json,event_dynamic_recognition,1,"A hand appears in the center-right of the frame around the midpoint of the video. It moves toward the door handle, depresses it, and then retracts. The staircase appears in the frame only after a rightward pan at the end of the video. The fire extinguisher is visible only during the initial walking phase."
508dd97cf75c,event,aligned_dataset/open_doors_split/Seg2/open_doors_event,qa_pairs/aligned/event_qa_results_aligned.json,event_action,1,"I am walking through a building corridor. I slow down as I approach a door, extend my right hand, and manipulate the lever handle to check if it is open. After releasing the handle, I resume walking and pan the camera to the right to inspect the nearby staircase."
92e18ec2442e,event,aligned_dataset/open_doors_split/Seg2/open_doors_event,qa_pairs/aligned/event_qa_results_aligned.json,event_spatial_reasoning,1,"Spatial cues from the motion reveal a narrow hallway where a fire extinguisher is positioned on the left wall relative to my forward movement. The door is initially at the end of my visible path but shifts to the right as I approach it. The stairs are located behind a corner on the right, becoming visible only after a change in direction. The floor serves as a continuous bottom boundary across all interactions. I am closer to the fire extinguisher before reaching the door, which is farther away."
bd3cdc78f7d0,event,aligned_dataset/open_doors_split/Seg2/open_doors_event,qa_pairs/aligned/event_qa_results_aligned.json,event_object_recognition,1,"The event stream captures a person's movement through a structured interior corridor. Initially, a hallway with clear floor boundaries and wall edges is visible. As motion continues, a wall-mounted fire extinguisher is identified by its distinct silhouette. Later, a door with a protruding lever handle becomes salient through temporal changes in proximity. Finally, the sequence concludes with the emergence of a staircase, defined by the sharp, parallel edges of the steps as the camera pans toward them."
c8ef0daf1d95,event,aligned_dataset/open_doors_split/Seg2/open_doors_event,qa_pairs/aligned/event_qa_results_aligned.json,event_non_common,1,"The event stream exhibits significant ghosting and superimposed contours, especially during rapid camera turns or the handle interaction, making objects appear to have multiple shifting outlines. No major common-sense physical violations are seen; the environment appears standard."
cb4f37500d31,event,aligned_dataset/open_doors_split/Seg2/open_doors_event,qa_pairs/aligned/event_qa_results_aligned.json,event_navigation,1,"Navigation starts with a straight path down a corridor. I approach a door on the right side and use the handle. After letting go, I continue walking a few steps and then take a sharp right turn. This turn reveals the staircase, and the viewpoint changes from looking at a wall to looking down/up a set of stairs."
d4200e9dbe40,event,aligned_dataset/open_doors_split/Seg2/open_doors_event,qa_pairs/aligned/event_qa_results_aligned.json,event_counting,1,"From the event activity, several regions and items can be identified for counting: 1 fire extinguisher on the wall, 1 primary door with a handle, 1 main lever handle, approximately 10 individual steps on the stairs, 2 distinct wall surfaces in the corridor, and 1 right hand participating in the interaction."
f572f11dcef7,event,aligned_dataset/open_doors_split/Seg2/open_doors_event,qa_pairs/aligned/event_qa_results_aligned.json,event_dynamic_counting,1,"The only dynamic entity besides the camera movement is my own right hand, which appears and reaches for the door handle. The handle itself moves as it is manipulated. No other humans or moving objects appear in the hallway or stairs throughout the duration of the video."
32f0edff80a6,event,aligned_dataset/open_doors_split/Seg3/open_doors_event,qa_pairs/aligned/event_qa_results_aligned.json,event_scene_sequence,1,"The sequence begins with continuous forward motion through a hallway, characterized by the outward flow of event activity from the walls and floor. Next, the camera approaches a door that fills the forward view. Around frame 810, event activity concentrates on the door handle, indicating interaction. Finally, from frame 840 to 870, the door boundary swings open, revealing a change in the environment ahead."
6fd88a3ea6ab,event,aligned_dataset/open_doors_split/Seg3/open_doors_event,qa_pairs/aligned/event_qa_results_aligned.json,event_navigation,1,"The navigation path consists of a straight-line traversal through a corridor. There are no turns or direction changes until the camera reaches the door at the end. Navigation cues are provided by the expanding flow of the hallway boundaries. Upon reaching the door, the forward path is momentarily obstructed until the door swings open to the right, indicating a clear route forward."
8a13e3d89a8a,event,aligned_dataset/open_doors_split/Seg3/open_doors_event,qa_pairs/aligned/event_qa_results_aligned.json,event_dynamic_recognition,1,"The event stream shows the door handle beginning to move around frame 780, followed by the door itself swinging open from frame 840 to 870. The motion is smooth and consistent with a person opening a door manually. No other dynamic objects, such as people or animals, are recognized throughout the duration of the event sequence."
b67a830db1be,event,aligned_dataset/open_doors_split/Seg3/open_doors_event,qa_pairs/aligned/event_qa_results_aligned.json,event_object_recognition,1,"The event stream captures a sequence within a narrow corridor defined by two stationary lateral walls and a floor. As I move forward, the boundaries of these surfaces shift outward. Eventually, a vertical rectangular boundary representing a door appears directly ahead, becoming more defined as the distance closes. A small, curved motion pattern indicates a handle on the door, which undergoes a rotational movement before the large rectangular boundary of the door swings to the side."
c78b164b803c,event,aligned_dataset/open_doors_split/Seg3/open_doors_event,qa_pairs/aligned/event_qa_results_aligned.json,event_action,1,"I am walking forward through a hallway, a movement inferred from the consistent expansion of visual features. Upon reaching the end of the hallway, I reach out to the door handle, rotate it, and push or pull the door open. The scene responds by shifting the door's boundary, signifying the successful completion of the opening action."
cf02dc12bf05,event,aligned_dataset/open_doors_split/Seg3/open_doors_event,qa_pairs/aligned/event_qa_results_aligned.json,event_dynamic_counting,1,"There are no other moving humans or vehicles in the event stream besides the camera's own movement. The primary moving entity is the door, which transitions from a static closed state to a dynamic opening state at the end of the video. The door handle also exhibits a brief dynamic rotational pattern just before the door opens."
daea25b69ac8,event,aligned_dataset/open_doors_split/Seg3/open_doors_event,qa_pairs/aligned/event_qa_results_aligned.json,event_non_common,1,"The scene displays typical physical behavior and layout for an indoor environment. The movement of the camera, the static nature of the walls, and the mechanical operation of the door handle and door all follow common-sense physical rules. There are no unrealistic patterns like floating objects or clipping observed in the event stream."
e5fe55ee3e1b,event,aligned_dataset/open_doors_split/Seg3/open_doors_event,qa_pairs/aligned/event_qa_results_aligned.json,event_counting,1,"In this sequence, I can identify two distinct lateral wall regions that generate constant event activity during motion. There is one floor region below. Ahead, there is exactly one door boundary. On that door, a single door handle is visible and interacted with. The entire sequence takes place within a single hallway segment."
f27b0428ee66,event,aligned_dataset/open_doors_split/Seg3/open_doors_event,qa_pairs/aligned/event_qa_results_aligned.json,event_spatial_reasoning,1,"The camera moves through a hallway where two walls are positioned laterally to the left and right, with the floor situated below. As movement progresses, the door at the far end of the corridor transitions from distant to close, eventually occupying most of the central field of view. The door handle is positioned on the right side of the door boundary. When the handle is turned, the door boundary moves away from its central position, indicating an opening into a space beyond the hallway."
10e0c0f3319b,event,aligned_dataset/pour_water_split/Seg1/pour_water_event,qa_pairs/aligned/event_qa_results_aligned.json,event_object_recognition,1,"The motion captured by the event stream highlights my legs and feet, wearing socks and sandals, positioned on a flat floor. A long, thin plank-like object lies on the ground in front of me. A hand enters the frame and moves a small cylindrical container from one spot on the floor to another, eventually settling near a large bucket and a few other small lids or cups. The scene structure is defined by these static objects on the floor and the dynamic movement of my hand and the small cup."
2cfd52e793fe,event,aligned_dataset/pour_water_split/Seg1/pour_water_event,qa_pairs/aligned/event_qa_results_aligned.json,event_spatial_reasoning,1,"My feet are positioned at the bottom of the view, resting on the floor. A horizontal plank is located directly in front of my toes. To the right of the plank sits a large bucket. Small cups are positioned between the plank and the bucket. My hand reaches down from the right to grasp a cup that was closer to the plank and moves it closer to the large bucket, overlapping its rim area in the perspective before setting it down."
418a1f27cb45,event,aligned_dataset/pour_water_split/Seg1/pour_water_event,qa_pairs/aligned/event_qa_results_aligned.json,event_navigation,1,"The camera path is mostly stationary, looking downward. I perform a slight pivot or turn of the viewpoint towards the right to track the motion of my hand as it moves a container toward the bucket. The landmarks used for this local navigation are my feet, the plank on the floor, and the cluster of containers including the large bucket."
77abe5200c47,event,aligned_dataset/pour_water_split/Seg1/pour_water_event,qa_pairs/aligned/event_qa_results_aligned.json,event_scene_sequence,1,"The video begins with a view of my feet standing still near a plank. Next, my hand enters the frame and picks up a small container from the floor. As the hand moves the container towards a large bucket, the camera view shifts to focus on the bucket and surrounding cups. After placing the container, my hand is withdrawn, and the final sequence shows a top-down view of the objects arranged on the floor."
aba366edf9dc,event,aligned_dataset/pour_water_split/Seg1/pour_water_event,qa_pairs/aligned/event_qa_results_aligned.json,event_counting,1,"The event stream clearly identifies two feet wearing sandals and socks. On the floor, there is one long plank, one large bucket, and at least three smaller cylindrical containers or lids. One hand is visible interacting with these objects. The floor is a single continuous surface beneath all these items."
b87d93484ece,event,aligned_dataset/pour_water_split/Seg1/pour_water_event,qa_pairs/aligned/event_qa_results_aligned.json,event_dynamic_counting,1,"A single hand enters the frame to interact with the objects. This hand picks up exactly one small container and moves it. No other moving entities, such as other people or vehicles, are visible in the event stream. My feet remain largely stationary, shifting only slightly as I reach down."
b8849a2ad07e,event,aligned_dataset/pour_water_split/Seg1/pour_water_event,qa_pairs/aligned/event_qa_results_aligned.json,event_dynamic_recognition,1,A hand appears at approximately frame 60 and begins picking up a cup around frame 90. The cup is moved through the air and set down near the bucket. The hand then retracts and leaves the field of view around frame 540. No other dynamic objects appear or disappear during the sequence.
eed2b415f1f8,event,aligned_dataset/pour_water_split/Seg1/pour_water_event,qa_pairs/aligned/event_qa_results_aligned.json,event_action,1,I am standing and looking down at the floor. My main action is reaching down with one hand to grasp a small container. I lift the container and move it horizontally across the floor space to a new position near a large bucket. The scene responds as the cup follows my hand's path and is eventually released on the floor surface.
f58f64f69562,event,aligned_dataset/pour_water_split/Seg1/pour_water_event,qa_pairs/aligned/event_qa_results_aligned.json,event_non_common,1,"The video shows standard physical interactions of a person moving small items on a floor. All motion patterns for the hand, the cup, and the subject's feet are realistic and consistent with gravity and human anatomy. No unusual or implausible situations are observed in the event stream."
01c39c514e50,event,aligned_dataset/pour_water_split/Seg2/pour_water_event,qa_pairs/aligned/event_qa_results_aligned.json,event_object_recognition,1,"The event stream captures a pair of hands moving and interacting with a circular object, likely a cup, on a flat surface. As the camera pans downwards, the lower limbs and feet of the subject wearing sandals become prominent, exhibiting a walking motion across a ground surface defined by the moving edges and points of the floor."
2e18ae287856,event,aligned_dataset/pour_water_split/Seg2/pour_water_event,qa_pairs/aligned/event_qa_results_aligned.json,event_counting,1,"Over the full video sequence, the event activity distinguishes 2 hands, 1 primary cup object on the surface, 1 table surface edge, 2 feet, 2 sandals, and 1 floor region during the walking phase."
3e8ffa52397e,event,aligned_dataset/pour_water_split/Seg2/pour_water_event,qa_pairs/aligned/event_qa_results_aligned.json,event_action,1,"I am interacting with a cup by sliding it between my hands on a flat surface. This action is followed by shifting my attention downwards, panning the camera to my feet, and proceeding to walk forward across the floor. The interaction phase occupies roughly the first 300 frames, followed by a transition and the walking phase."
3ff280b4a0bd,event,aligned_dataset/pour_water_split/Seg2/pour_water_event,qa_pairs/aligned/event_qa_results_aligned.json,event_scene_sequence,1,"The video begins with an interaction at a table involving hands and a cup. Around frame 000300, the camera initiates a downward tilt. By frame 000500, the scene has fully transitioned from the tabletop environment to a view of my legs and feet moving on a floor. The sequence concludes with a steady walking motion where the floor texture flows past the camera."
4776351e85c0,event,aligned_dataset/pour_water_split/Seg2/pour_water_event,qa_pairs/aligned/event_qa_results_aligned.json,event_dynamic_recognition,1,"The cup starts moving at frame 000030 and its motion relative to the table stops at frame 000240. My feet become visible through the camera's tilt at frame 000450 and initiate a rhythmic walking gait starting around frame 000570, which continues until the end of the clip."
6775ac05f5a3,event,aligned_dataset/pour_water_split/Seg2/pour_water_event,qa_pairs/aligned/event_qa_results_aligned.json,event_spatial_reasoning,1,"Initially, my hands are positioned above a flat surface, with a cup located centrally between them. As the camera pans, the table surface moves farther from the center, eventually leaving the view. My feet then appear closer to the camera lens in the lower part of the frame. The sandals are seen overlapping with my feet, while the floor surface consistently remains below the feet as I move forward."
6e88d5557202,event,aligned_dataset/pour_water_split/Seg2/pour_water_event,qa_pairs/aligned/event_qa_results_aligned.json,event_navigation,1,"Navigation cues show an initial stationary period followed by a 90-degree downward tilt. This viewpoint change leads to a forward path indicated by the rhythmic motion of feet and the relative downward flow of the floor's visual features in the event stream, signifying forward walking."
70d9d569d5e5,event,aligned_dataset/pour_water_split/Seg2/pour_water_event,qa_pairs/aligned/event_qa_results_aligned.json,event_dynamic_counting,1,"The only dynamic entity independent of my own body is the cup on the table, which I move between frame 000030 and 000270. No other dynamic humans, vehicles, or animals are visible in the scene."
93848ba99fc1,event,aligned_dataset/pour_water_split/Seg2/pour_water_event,qa_pairs/aligned/event_qa_results_aligned.json,event_non_common,1,"No unusual motion patterns, physically implausible situations, or common sense violations are observed in the event stream. The sequence of actions—interacting with a cup and then walking—is realistic and typical."
2357a9e03a31,event,aligned_dataset/ride_a_bike_split/Seg1/ride_a_bike_event,qa_pairs/aligned/event_qa_results_aligned.json,event_dynamic_recognition,1,"There are no dynamic humans or objects moving independently of the camera. All objects (cars, trees, buildings) are static and only appear to move due to the camera's ego-motion."
34e4308e81e3,event,aligned_dataset/ride_a_bike_split/Seg1/ride_a_bike_event,qa_pairs/aligned/event_qa_results_aligned.json,event_non_common,1,"The scene is a standard street environment with typical infrastructure. No physically implausible behaviors, floating objects, or strange motion patterns are detected."
3b6f6faa2b58,event,aligned_dataset/ride_a_bike_split/Seg1/ride_a_bike_event,qa_pairs/aligned/event_qa_results_aligned.json,event_spatial_reasoning,1,"The scene shows parked vehicles on both the left and right sides of the road. A manhole cover is situated closer to the left edge of the road, while trees and their shadows occupy the space between the road and the sidewalk. The camera maintains a central position, moving forward, with the distance to the parked cars gradually changing as the viewpoint advances."
670d8b12450e,event,aligned_dataset/ride_a_bike_split/Seg1/ride_a_bike_event,qa_pairs/aligned/event_qa_results_aligned.json,event_navigation,1,"The camera moves in a straight line along the center of a residential or commercial street. The path is guided by the parallel lines of parked vehicles, providing a clear corridor for the forward movement. There are no turns or significant deviations in the path."
d30337b75464,event,aligned_dataset/ride_a_bike_split/Seg1/ride_a_bike_event,qa_pairs/aligned/event_qa_results_aligned.json,event_dynamic_counting,1,"There are no moving humans or vehicles other than the camera's own forward motion. The environment is static, with no dynamic entities passing by or crossing the camera's path."
dc134cc7cbbe,event,aligned_dataset/ride_a_bike_split/Seg1/ride_a_bike_event,qa_pairs/aligned/event_qa_results_aligned.json,event_scene_sequence,1,"The sequence begins with a view of a street with parked cars on both sides. As the camera moves forward, the view captures the transition of passing these parked vehicles. Eventually, the shadows of trees moving across the road surface become more prominent, and the scene concludes with the camera continuing along the same path between the lines of parked cars."
e51cf787bb94,event,aligned_dataset/ride_a_bike_split/Seg1/ride_a_bike_event,qa_pairs/aligned/event_qa_results_aligned.json,event_counting,1,"The video includes numerous parked cars lining both sides of the street, a manhole cover, several trees along the sidewalk, multiple windows on the adjacent buildings, and various street-level infrastructure elements like curb edges."
ed6070a640d7,event,aligned_dataset/ride_a_bike_split/Seg1/ride_a_bike_event,qa_pairs/aligned/event_qa_results_aligned.json,event_object_recognition,1,"The video displays a road scene with multiple parked cars along the sides, a manhole cover on the left, and a tree branch casting a moving shadow on the asphalt. The motion is defined by the camera's forward movement, which makes the stationary objects appear to recede and shift their relative positions in the field of view."
ff780943a1e6,event,aligned_dataset/ride_a_bike_split/Seg1/ride_a_bike_event,qa_pairs/aligned/event_qa_results_aligned.json,event_action,1,"The camera holder is performing a forward-moving action, likely driving or moving along the road. The subject is observing the environment as the scene progresses, focusing on the static layout of the street and the parked vehicles."
1f264e959459,event,aligned_dataset/ride_a_bike_split/Seg2/ride_a_bike_event,qa_pairs/aligned/event_qa_results_aligned.json,event_dynamic_recognition,8,"The camera holder travels along a road with parked cars, approaches a structure labeled 'Fahrräder', and enters the facility to film rows of bicycles parked in a rack."
5ea2d8f706d8,event,aligned_dataset/ride_a_bike_split/Seg2/ride_a_bike_event,qa_pairs/aligned/event_qa_results_aligned.json,event_object_recognition,1,"The event stream captures a street environment with stationary parked vehicles, a circular manhole cover in the road, and a bicycle storage area. Movement is primarily generated by the camera's forward progression, revealing the layout of parked cars, a drainage grate along the curb, and a row of bicycles parked in a rack."
649b407c2554,event,aligned_dataset/ride_a_bike_split/Seg2/ride_a_bike_event,qa_pairs/aligned/event_qa_results_aligned.json,event_navigation,1,"The camera follows a straight path along a road, passing parked vehicles on the right. It then navigates past a drainage grate and continues forward into a bicycle parking facility, marking a transition from an outdoor street to a structured indoor or covered environment."
6745b4234bb6,event,aligned_dataset/ride_a_bike_split/Seg2/ride_a_bike_event,qa_pairs/aligned/event_qa_results_aligned.json,event_spatial_reasoning,1,"The camera moves along a street with cars parked on the right side. A drainage grate is positioned near the curb, parallel to the parked cars. Further down the path, there is a bicycle storage shelter. Parked cars are closer to the camera than the bicycle area. The sidewalk borders the parked cars, which are on the right of the road."
82e24a721c20,event,aligned_dataset/ride_a_bike_split/Seg2/ride_a_bike_event,qa_pairs/aligned/event_qa_results_aligned.json,event_action,8,"The camera holder is walking along a sidewalk, navigating past parked cars, performing a lateral turn toward a bike shelter, and then conducting a survey of the parked bicycles by moving the camera across the racks."
96be51f9f901,event,aligned_dataset/ride_a_bike_split/Seg2/ride_a_bike_event,qa_pairs/aligned/event_qa_results_aligned.json,event_non_common,1,"The video displays a normal street and storage environment with no unusual, physically implausible, or strange motion patterns. The layout of the objects is consistent with standard infrastructure."
a05cf0a9712a,event,aligned_dataset/ride_a_bike_split/Seg2/ride_a_bike_event,qa_pairs/aligned/event_qa_results_aligned.json,event_counting,8,"The scene displays multiple objects and regions, including one manhole cover in the street, several parked cars along the side, numerous bicycle slots, a wall/fence boundary, and a bike storage area with multiple bicycles inside."
a69dc453477d,event,aligned_dataset/ride_a_bike_split/Seg2/ride_a_bike_event,qa_pairs/aligned/event_qa_results_aligned.json,event_scene_sequence,1,"The sequence begins on a street with cars parked along the right curb and a manhole cover in the road. As the camera progresses, it passes the parked cars and approaches a curb-side drainage grate. Finally, the camera enters a covered area where rows of bicycles are stored in racks."
eab462b9c935,event,aligned_dataset/ride_a_bike_split/Seg2/ride_a_bike_event,qa_pairs/aligned/event_qa_results_aligned.json,event_dynamic_counting,8,"A camera holder moves forward along a residential street, passes several parked cars, then turns towards a bike storage area where multiple bicycles are parked, and enters the storage area to view the contents."
04205441879b,event,aligned_dataset/use_computer_split/Seg1/use_computer_event,qa_pairs/aligned/event_qa_results_aligned.json,event_object_recognition,1,"The event stream reveals a static desktop environment with a laptop, multiple cables, and a spiral notebook. Motion activity is primarily concentrated in the right half of the frame where a hand enters and manipulates a pen across the surface of the notebook. The boundary of the notebook is defined by the repetitive events generated along its spiral binding and the horizontal lines of text being formed. The laptop's structure is visible on the left through slight camera jitter and light changes on its screen."
28385efc341c,event,aligned_dataset/use_computer_split/Seg1/use_computer_event,qa_pairs/aligned/event_qa_results_aligned.json,event_navigation,1,"The camera path follows a simple trajectory: it starts centered, pans right to follow the target navigation point (the notebook), and then pans back left and slightly upward to look at the laptop screen. These directional changes indicate a movement from a broad workstation view to a specific task-oriented focus on the notebook and back again."
621c4ebdc082,event,aligned_dataset/use_computer_split/Seg1/use_computer_event,qa_pairs/aligned/event_qa_results_aligned.json,event_dynamic_counting,1,"A single hand enters the scene from the bottom right and remains active for the duration of the writing task. One pen moves continuously in synchronization with the hand's motion. No other moving entities, such as cars or other people, pass through the field of view. The hand enters the frame once and does not leave until the very end of the sequence."
742e46f6d4f8,event,aligned_dataset/use_computer_split/Seg1/use_computer_event,qa_pairs/aligned/event_qa_results_aligned.json,event_non_common,1,"The event activity depicts a normal and physically plausible writing scenario on a desk. There are no unusual motions, unrealistic object behaviors, floating objects, or clipping visible in the event stream. The interactions between the hand, pen, and notebook adhere to common sense and physics."
818053c26343,event,aligned_dataset/use_computer_split/Seg1/use_computer_event,qa_pairs/aligned/event_qa_results_aligned.json,event_action,1,"I am writing German text into a notebook. My hand moves the pen with intent to form letters and words on the lines provided. The notebook responds to the pressure and motion of the pen, although the notebook itself remains stationary. The motion evolves from individual letter formation to full sentences like 'Walt geht über die Straße'."
ac55975ee0a3,event,aligned_dataset/use_computer_split/Seg1/use_computer_event,qa_pairs/aligned/event_qa_results_aligned.json,event_scene_sequence,1,"The sequence begins with a broad view of the workspace including the laptop and notebook. The camera then pans right and slightly downward to focus exclusively on the notebook. As the focus shifts, my hand enters the frame and begins a continuous writing motion that lasts for the majority of the video. Towards the end, the camera pulls back and pans left to re-incorporate the laptop screen into the scene before finally focusing back on the desktop objects."
d85910394bad,event,aligned_dataset/use_computer_split/Seg1/use_computer_event,qa_pairs/aligned/event_qa_results_aligned.json,event_dynamic_recognition,1,"A hand appears at frame 000150 and immediately begins the writing action with a pen. The writing motion continues steadily, with the pen tracing out characters until frame 000840. The hand remains in the same region of the notebook throughout the activity, showing no signs of leaving the frame or changing its behavior significantly until the final camera shift."
d8bbb2910490,event,aligned_dataset/use_computer_split/Seg1/use_computer_event,qa_pairs/aligned/event_qa_results_aligned.json,event_spatial_reasoning,1,"The laptop is positioned on the far left, while the notebook occupies the center-right area of the desk. A hand enters from the bottom right, overlapping the notebook's surface. The pen is held between the fingers of the hand, positioned directly above the paper. Cables are scattered between the laptop and the notebook, creating occlusion boundaries as the camera moves. The hand remains closer to the camera than the laptop screen throughout the sequence."
e4fbea8fcc4e,event,aligned_dataset/use_computer_split/Seg1/use_computer_event,qa_pairs/aligned/event_qa_results_aligned.json,event_counting,1,"The scene contains one laptop on the left, one spiral notebook in the center-right, and one hand visible during the writing task. At least four cables are identified by motion-induced event boundaries around the laptop. One pen is held by the hand. The notebook shows approximately ten visible spirals along its binding and about six lines of text being developed through motion."
37b6a9cd2a56,event,aligned_dataset/use_computer_split/Seg2/use_computer_event,qa_pairs/aligned/event_qa_results_aligned.json,event_counting,1,"In this workspace scene, several distinct elements can be counted: 1 laptop keyboard, 1 touchpad, 1 USB hub on the left, approximately 4 cables connected to the hub or laptop, 1 sheet of paper with multiple lines of text, 1 hand, and 1 pen."
3b09b9c0afcd,event,aligned_dataset/use_computer_split/Seg2/use_computer_event,qa_pairs/aligned/event_qa_results_aligned.json,event_object_recognition,1,"The event stream captures a workspace featuring a laptop keyboard, several connected cables on the left, and a sheet of paper. A human hand enters the frame holding a pen and begins moving across the paper. The motion of the pen and hand creates dense event clusters against the relatively static background of the laptop and desk. The pen tip's movement follows the lines of text on the paper, indicating writing or pointing behavior."
66b874d6c331,event,aligned_dataset/use_computer_split/Seg2/use_computer_event,qa_pairs/aligned/event_qa_results_aligned.json,event_non_common,1,"The video depicts a completely normal and common desk activity. There are no strange motion patterns, floating objects, or violations of physical laws visible in the event stream. The layout and interaction between the hand, pen, and paper are realistic."
8cf40cec5185,event,aligned_dataset/use_computer_split/Seg2/use_computer_event,qa_pairs/aligned/event_qa_results_aligned.json,event_dynamic_recognition,1,"A hand holding a pen enters the frame at frame 000480. Writing motion starts immediately and continues until the end of the video. The pen moves horizontally across the page, pausing briefly between words. The camera zoom begins around frame 000600 and stabilizes near frame 000870."
c5c4fa1eec11,event,aligned_dataset/use_computer_split/Seg2/use_computer_event,qa_pairs/aligned/event_qa_results_aligned.json,event_action,1,"I am holding a pen in my right hand and writing on a 'Printer Status Report' paper. My hand moves steadily from left to right across the lines of text. I interact solely with the paper and pen, leaving the laptop and peripheral cables untouched throughout the sequence."
e31bb38d3f5b,event,aligned_dataset/use_computer_split/Seg2/use_computer_event,qa_pairs/aligned/event_qa_results_aligned.json,event_navigation,1,"The camera begins in a fixed position over the desk. It then executes a slow, steady move forward and downward, decreasing the distance between the lens and the paper. This motion serves to focus the viewer's attention on the specific details of the handwriting on the page."
f2a15d7406ad,event,aligned_dataset/use_computer_split/Seg2/use_computer_event,qa_pairs/aligned/event_qa_results_aligned.json,event_scene_sequence,1,"The video starts with a static view of a laptop and desk. Around the middle of the sequence, a hand enters from the right side holding a pen. The hand moves over a sheet of paper and begins a writing motion. As the sequence progresses, the camera viewpoint shifts closer to the paper, zooming in on the handwritten text and the tip of the pen."
f2b14c2980e2,event,aligned_dataset/use_computer_split/Seg2/use_computer_event,qa_pairs/aligned/event_qa_results_aligned.json,event_dynamic_counting,1,The primary motion in the video involves a single hand and a pen. The hand enters the frame once and remains active. The pen moves across approximately four lines of text on the paper during the recording period. No other moving entities or people appear in the field of view.
fec796936a15,event,aligned_dataset/use_computer_split/Seg2/use_computer_event,qa_pairs/aligned/event_qa_results_aligned.json,event_spatial_reasoning,1,"The laptop keyboard occupies the upper central region of the field of view. A sheet of paper is positioned directly below the laptop's touchpad. A USB hub with multiple connected cables is located to the left of the laptop. The subject's hand and pen are situated above the paper, occasionally occluding the text as they move across it. The pen remains in close contact with the paper's surface."
0388bf8c9319,event,aligned_dataset/use_computer_split/Seg3/use_computer_event,qa_pairs/aligned/event_qa_results_aligned.json,event_non_common,1,"The event activity depicts a perfectly normal and physically plausible scene of someone writing in a notebook at a desk. There are no strange motion patterns, no floating objects, and no violations of common physical laws. The objects maintain their relative positions as expected, and the hand's motion is consistent with human mechanics."
04fd44126ea1,event,aligned_dataset/use_computer_split/Seg3/use_computer_event,qa_pairs/aligned/event_qa_results_aligned.json,event_counting,8,"Several objects and regions can be identified for counting based on event boundaries. There are approximately 15 spiral rings along the left edge of the notebook. One laptop is visible in the upper part of the frame. One right hand is actively writing. There is one pen being held by the hand. About 3 cables are connected to the USB hub on the left. The notebook contains 2 rows of alphabet letters at the top. Below the alphabet, there are approximately 10 lines of handwritten text either pre-existing or being written during the video. One printer status report is placed at the top of the notebook."
06a6d2c41097,event,aligned_dataset/use_computer_split/Seg3/use_computer_event,qa_pairs/aligned/event_qa_results_aligned.json,event_dynamic_counting,8,"The dynamic entities in the event stream are primarily the hand and the pen. No other moving humans or external objects pass through the scene. The hand makes approximately 4 distinct horizontal sweeps across the notebook as it writes new sentences. The pen tip remains in constant, small-scale motion while forming letters. No other dynamic objects are detected in the background or background regions."
158f02f362b1,event,aligned_dataset/use_computer_split/Seg3/use_computer_event,qa_pairs/aligned/event_qa_results_aligned.json,event_scene_sequence,1,"The sequence begins with a static view of a workstation setup. Initially, the hand holding the pen is poised over a partially filled notebook. Around frame 150, active writing motion starts as the pen moves across a new line. The hand progressively moves from left to right and then shifts downward to begin subsequent lines of text. The visual activity is concentrated around the pen's tip and the shifting hand. Towards the end of the sequence, the writing motion continues, and the camera shifts slightly to follow the hand's downward progression on the page."
2283bfea5fc1,event,aligned_dataset/use_computer_split/Seg3/use_computer_event,qa_pairs/aligned/event_qa_results_aligned.json,event_dynamic_recognition,8,"The hand enters the active writing zone around frame 150. The pen tip maintains continuous contact and motion as it forms words. This motion persists through frame 870, with brief pauses when the hand shifts to a new line. The hand's motion is fluid and purposeful, indicative of handwriting. No other dynamic events, such as doors opening or people appearing, are captured in the stream."
79978ebfce63,event,aligned_dataset/use_computer_split/Seg3/use_computer_event,qa_pairs/aligned/event_qa_results_aligned.json,event_navigation,1,"The camera's perspective remains relatively fixed, looking down at a workspace. There are no navigational turns or direction changes through a large-scale environment. The 'path' is the microscopic progression of the pen across the notebook page, moving from top-left toward bottom-right in a repetitive, line-by-line fashion. The landmark for this motion is the horizontal ruling of the notebook pages, which guides the pen's path."
dd2c77b3ac56,event,aligned_dataset/use_computer_split/Seg3/use_computer_event,qa_pairs/aligned/event_qa_results_aligned.json,event_object_recognition,1,"The video captured by the event stream shows a static scene consisting of a laptop, a spiral-bound notebook, and a hand holding a pen. The laptop is positioned on the upper-left, with its keyboard and trackpad clearly outlined by event activity. Below the laptop, a spiral notebook lies open. A hand enters from the right side and begins a continuous writing motion on the notebook's pages. The pen tip's path creates a series of evolving event clusters as letters and words are formed on the paper. A printer status report is partially overlaid on the top edge of the notebook. Several cables and a USB hub are visible to the left of the notebook, characterized by their stable, linear event signatures."
f2422c452b64,event,aligned_dataset/use_computer_split/Seg3/use_computer_event,qa_pairs/aligned/event_qa_results_aligned.json,event_spatial_reasoning,1,"From the motion-based cues, several spatial relationships are evident. The laptop is situated in the upper-left background relative to the notebook. The spiral notebook is placed centrally in the lower foreground. The hand is positioned above the notebook's surface, with the pen tip making contact with the paper. The printer status report is located above the top section of the notebook, partially occluding its upper margin. A USB hub is connected to the laptop's side and sits to the immediate left of the notebook. The cables extend from the left side of the frame toward the hub, overlapping each other slightly."
fb8409ada4ad,event,aligned_dataset/use_computer_split/Seg3/use_computer_event,qa_pairs/aligned/event_qa_results_aligned.json,event_action,8,"I am holding a pen and writing a German text in an open notebook. My right hand moves with precise, small-scale motions to form characters. I focus on transcribing sentences like 'Walt geht über die Straße'. Periodically, I shift my hand position to move down to the next line. The interaction is solely between my hand, the pen, and the notebook surface. The laptop and cables remain static observers of this activity."
179fbe166be9,event,aligned_dataset/use_computer_split/Seg4/use_computer_event,qa_pairs/aligned/event_qa_results_aligned.json,event_counting,1,"Several distinct regions and objects are identifiable over the full video sequence: 1 laptop, 1 USB hub, 3 distinct connecting cables, 1 moving hand, 1 pen, and 1 spiral-bound notebook."
1c953b5964ca,event,aligned_dataset/use_computer_split/Seg4/use_computer_event,qa_pairs/aligned/event_qa_results_aligned.json,event_spatial_reasoning,1,"Initially, a hand is positioned over a laptop trackpad, moving relative to the keyboard. To the left, several cables are connected to a hub. Later, a hand holding a pen moves over a notebook, which is positioned below the writing hand. The pen tip maintains direct contact and interaction with the surface of the notebook page during the writing process."
1d8690298c7a,event,aligned_dataset/use_computer_split/Seg4/use_computer_event,qa_pairs/aligned/event_qa_results_aligned.json,event_object_recognition,1,"The event stream captures a hand moving across a laptop's trackpad area, followed by a hand holding a pen. The scene then transitions to a notebook where writing activity creates a dense cluster of events corresponding to pen-tip motion. Static structures like the laptop keyboard, connecting cables, and a USB hub are clearly delineated by their boundaries throughout the sequence."
6c8578417203,event,aligned_dataset/use_computer_split/Seg4/use_computer_event,qa_pairs/aligned/event_qa_results_aligned.json,event_dynamic_counting,1,"One primary moving hand is observed throughout the video. A single pen is moved across the notebook surface between frame 540 and 870 to perform writing tasks. No other dynamic entities, besides the subject's limbs and tool, pass through or interact with the scene."
9be9ff6b8a32,event,aligned_dataset/use_computer_split/Seg4/use_computer_event,qa_pairs/aligned/event_qa_results_aligned.json,event_navigation,1,"The camera maintains a top-down perspective but performs a forward progression, moving closer to the notebook. This viewpoint change narrows the field of view to focus specifically on the page's lines and the localized writing motion."
be89571b8748,event,aligned_dataset/use_computer_split/Seg4/use_computer_event,qa_pairs/aligned/event_qa_results_aligned.json,event_action,1,"I am initially navigating a laptop interface using a trackpad. I then transition to a physical writing task, picking up a pen and carefully forming letters and sentences on a lined notebook page. The writing motion is deliberate, rhythmic, and sustained over several seconds."
e3e69965b125,event,aligned_dataset/use_computer_split/Seg4/use_computer_event,qa_pairs/aligned/event_qa_results_aligned.json,event_dynamic_recognition,1,Hand movement on the trackpad occurs from frame 0 to 240. A pen enters the scene around frame 270. Continuous writing activity on the notebook begins at frame 540 and persists until the end of the stream at frame 870.
e6cd54131df4,event,aligned_dataset/use_computer_split/Seg4/use_computer_event,qa_pairs/aligned/event_qa_results_aligned.json,event_non_common,1,"No unusual or physically implausible situations are observed. The motion of the hands and pen, as well as the layout of the office objects, follow common-sense physical rules and expected interactions."
edf8edf53cdf,event,aligned_dataset/use_computer_split/Seg4/use_computer_event,qa_pairs/aligned/event_qa_results_aligned.json,event_scene_sequence,1,"The sequence begins with activity on a laptop trackpad, with cables and a hub visible to the left. It transitions as a hand enters the frame holding a pen. Finally, the scene shifts entirely to focus on a notebook, where the primary motion becomes the rhythmic stroke-by-stroke movement of writing text on horizontal lines."
113c839c1b26,event,aligned_dataset/use_computer_split/Seg5/use_computer_event,qa_pairs/aligned/event_qa_results_aligned.json,event_scene_sequence,1,"The sequence starts with the hand resting near the laptop's touchpad. Around the middle of the video, the hand initiates a downward motion. Next, the hand reaches the notebook and begins a writing movement. This repetitive lateral and vertical motion on the notebook's lined paper continues until the end of the event stream."
212b56ebc1d0,event,aligned_dataset/use_computer_split/Seg5/use_computer_event,qa_pairs/aligned/event_qa_results_aligned.json,event_object_recognition,1,"The event stream captures the motion of a human hand holding a pen over a desk environment. A stationary laptop with a keyboard and touchpad is centrally located, while a docking hub with several connected cables sits to the left. A spiral notebook is positioned below the laptop, and the pen's tip moves rhythmically across its surface as the hand performs writing actions."
4618ee397910,event,aligned_dataset/use_computer_split/Seg5/use_computer_event,qa_pairs/aligned/event_qa_results_aligned.json,event_spatial_reasoning,1,"The hand begins its motion near the laptop's touchpad, which is located between the keyboard and the notebook. The docking hub is positioned to the left of the laptop. The notebook is closer to me than the laptop's keyboard. The pen is grasped between the thumb and fingers of the hand, and it moves from a position above the notebook to one in direct contact with it."
68e88b385101,event,aligned_dataset/use_computer_split/Seg5/use_computer_event,qa_pairs/aligned/event_qa_results_aligned.json,event_action,1,"I am initially resting my hand near the laptop's touchpad while holding a pen. I then transition to writing on the spiral notebook located below. The action involves shifting my arm position and executing small, rhythmic movements with the pen tip to create markings on the paper."
766f379f6fea,event,aligned_dataset/use_computer_split/Seg5/use_computer_event,qa_pairs/aligned/event_qa_results_aligned.json,event_navigation,1,The focus of the event activity shifts from the upper workspace (laptop) to the lower workspace (notebook). The hand follows a linear path downward to reach the writing surface. Landmarks like the laptop base and the notebook spiral provide a clear route from a digital input area to a manual writing area.
7b6b8927fc23,event,aligned_dataset/use_computer_split/Seg5/use_computer_event,qa_pairs/aligned/event_qa_results_aligned.json,event_counting,1,"The scene contains one laptop, one moving hand, one pen, one spiral notebook, and one docking hub. There are two visible cables plugged into the hub on the left, and one keyboard section on the laptop."
84648a6c8d63,event,aligned_dataset/use_computer_split/Seg5/use_computer_event,qa_pairs/aligned/event_qa_results_aligned.json,event_dynamic_recognition,1,"A hand holding a pen appears static near the touchpad until approximately frame 600. It begins moving downward, reaching the notebook around frame 630. The writing action starts immediately at the notebook and persists through the final frame 870. The pen remains in the hand's grasp during the entire sequence."
8c47f4bae32c,event,aligned_dataset/use_computer_split/Seg5/use_computer_event,qa_pairs/aligned/event_qa_results_aligned.json,event_dynamic_counting,1,"One hand is the primary moving entity, shifting from the laptop area to the notebook. One pen moves consistently with the hand throughout the sequence. No other humans or objects move across the field of view."
dba7e7036a87,event,aligned_dataset/use_computer_split/Seg5/use_computer_event,qa_pairs/aligned/event_qa_results_aligned.json,event_non_common,1,"The event stream shows standard human interaction with a desk environment. All objects, including the laptop, pen, and notebook, follow regular physical laws. No unrealistic movements, floating objects, or clipping are observed."
0508da811ca7,event,aligned_dataset/walk_upstairs_split/Seg1/walk_upstairs_event,qa_pairs/aligned/event_qa_results_aligned.json,event_dynamic_counting,8,"One person enters the scene through a doorway, moves along the corridor, and continues walking away from the camera."
088b1f83704c,event,aligned_dataset/walk_upstairs_split/Seg1/walk_upstairs_event,qa_pairs/aligned/event_qa_results_aligned.json,event_action,8,"I am walking forward through a building, moving past a doorway and along a hallway with stairs. The action is consistent movement through an indoor space."
2f335102227e,event,aligned_dataset/walk_upstairs_split/Seg1/walk_upstairs_event,qa_pairs/aligned/event_qa_results_aligned.json,event_counting,8,"Several static and dynamic elements are identifiable: one person, one doorway, one set of stairs, one handrail, one corridor, and one wall surface."
5eb91e56c3ce,event,aligned_dataset/walk_upstairs_split/Seg1/walk_upstairs_event,qa_pairs/aligned/event_qa_results_aligned.json,event_object_recognition,1,"The event stream captures the motion of a person walking through a doorway and moving along a corridor with stairs. The person is the primary moving object, and structural elements like the door frame, walls, handrails, and stairs are inferred from the changing viewpoint and motion patterns."
7a8b34c24efe,event,aligned_dataset/walk_upstairs_split/Seg1/walk_upstairs_event,qa_pairs/aligned/event_qa_results_aligned.json,event_non_common,1,"The sequence depicts a standard walk through an office or school corridor. There are no unusual motions, floating objects, or physically impossible events."
7dcb01e2309d,event,aligned_dataset/walk_upstairs_split/Seg1/walk_upstairs_event,qa_pairs/aligned/event_qa_results_aligned.json,event_scene_sequence,1,"The sequence begins with the camera stationary facing a wall with a doorway. Then, a person walks through the doorway. The camera then moves forward into the corridor, passing a staircase on the left before approaching the end of the hallway."
8b4a7776b14a,event,aligned_dataset/walk_upstairs_split/Seg1/walk_upstairs_event,qa_pairs/aligned/event_qa_results_aligned.json,event_navigation,1,"The camera starts by looking at a door, then turns slightly as it proceeds down a hallway. It follows a straight path, passing a staircase on the left, demonstrating forward movement and corridor traversal."
cbad90b4614b,event,aligned_dataset/walk_upstairs_split/Seg1/walk_upstairs_event,qa_pairs/aligned/event_qa_results_aligned.json,event_dynamic_recognition,8,"A person appears in the doorway at the beginning, walks into the corridor, and maintains a consistent walking pace until moving out of the frame."
f76970ea98ed,event,aligned_dataset/walk_upstairs_split/Seg1/walk_upstairs_event,qa_pairs/aligned/event_qa_results_aligned.json,event_spatial_reasoning,1,"The camera moves forward along a hallway, revealing a staircase to the left. The person appears from behind the doorway on the right. The handrail is closer to the camera than the stairs themselves. As the camera progresses, the distance between the camera and the doorway decreases, while the staircase moves further to the left."
1cbc96d499d4,event,aligned_dataset/wash_cup_and_drink_water_split/Seg1/wash_cup_and_drink_water_event,qa_pairs/aligned/event_qa_results_aligned.json,event_spatial_reasoning,1,"Initially, the mug is positioned on a shelf inside a cupboard, partially occluded by the cabinet's internal frame. After being grabbed, the mug is moved closer to the camera and then down toward the sink basin. On the countertop, a detergent bottle sits to the left of the faucet, and a sponge is located between the detergent bottle and the sink edge. As I begin washing, my hands and the mug are moved into the sink basin, placing them lower and more centrally relative to the faucet."
2bc06d46240b,event,aligned_dataset/wash_cup_and_drink_water_split/Seg1/wash_cup_and_drink_water_event,qa_pairs/aligned/event_qa_results_aligned.json,event_non_common,1,"The event stream depicts a completely normal kitchen routine. The objects obey gravity, the spatial layout of the kitchen is standard, and the motion patterns of the hands and tools are consistent with the physical task of washing dishes. No unrealistic behaviors, floating objects, or clipping errors are detected."
48849626f88b,event,aligned_dataset/wash_cup_and_drink_water_split/Seg1/wash_cup_and_drink_water_event,qa_pairs/aligned/event_qa_results_aligned.json,event_object_recognition,1,"The event stream captures a sequence in a kitchen. Initially, a hand moves to a cupboard shelf containing several mugs, grasping one. The camera then pans down to a sink area where a faucet, a detergent bottle, a sponge, and a dish brush are stationary. A hand interacts with the faucet handle, causing temporal changes in its position. Subsequently, the subject squeezes a detergent bottle over a sponge and proceeds to scrub a mug inside the sink basin, with the motion of the hands and sponge creating high event activity. The sequence ends with a display showing a digital timer and a striped calibration-like pattern."
6b4fc6eeb889,event,aligned_dataset/wash_cup_and_drink_water_split/Seg1/wash_cup_and_drink_water_event,qa_pairs/aligned/event_qa_results_aligned.json,event_action,8,"I begin by reaching into the cupboard to retrieve a mug. I then pan the camera down to the sink. My next action is to adjust the faucet with my hand. I pick up the detergent bottle and pour liquid onto a sponge. Finally, I engage in the action of scrubbing the interior and exterior of the mug within the sink basin. The motion intention is clearly to wash a recently retrieved piece of glassware."
78ac5ff99b03,event,aligned_dataset/wash_cup_and_drink_water_split/Seg1/wash_cup_and_drink_water_event,qa_pairs/aligned/event_qa_results_aligned.json,event_counting,8,"The event stream reveals approximately 6 mugs on the cupboard shelf. In the sink area, there is 1 faucet, 1 detergent bottle, 1 sponge, and 1 dish brush. The subject uses 2 hands for the washing task. The sink consists of 1 main basin. At the end, 1 digital timer display becomes visible. These items are distinguishable by their distinct outlines and motion patterns throughout the video."
a148a3262dca,event,aligned_dataset/wash_cup_and_drink_water_split/Seg1/wash_cup_and_drink_water_event,qa_pairs/aligned/event_qa_results_aligned.json,event_dynamic_counting,8,"Only one mug is moved from the shelf to the sink. During the cleaning process, 1 detergent bottle is picked up and squeezed once. The faucet handle is adjusted 1 time. I pick up 1 sponge for scrubbing. No other external moving entities like people or pets enter the scene. No objects are seen falling or being put back into the cupboard during the sequence."
e4c43fe12d2c,event,aligned_dataset/wash_cup_and_drink_water_split/Seg1/wash_cup_and_drink_water_event,qa_pairs/aligned/event_qa_results_aligned.json,event_scene_sequence,1,"The video starts with a view of a kitchen cupboard where a hand selects a mug. Next, the camera pans downward and slightly right to focus on the sink area. In this new scene, the faucet and cleaning supplies appear. A hand then reaches for the faucet handle to adjust it. This is followed by the hand reaching for a detergent bottle and a sponge. Finally, the scene transitions to a close-up of the subject's hands scrubbing the mug in the sink, before ending on a stationary shot of a digital timer and a striped card."
f20fd0ce8df6,event,aligned_dataset/wash_cup_and_drink_water_split/Seg1/wash_cup_and_drink_water_event,qa_pairs/aligned/event_qa_results_aligned.json,event_dynamic_recognition,8,The mug is grabbed from the shelf between frames 0 and 60. The camera pan concludes around frame 150. The faucet handle is moved at frame 330. The detergent bottle is manipulated to pour soap between frames 570 and 600. Scrubbing activity begins at frame 630 and continues until frame 780. The digital timer appears clearly after frame 840. Each movement is identified by the localized cluster of event activity against the static background.
f2250bd5c09c,event,aligned_dataset/wash_cup_and_drink_water_split/Seg1/wash_cup_and_drink_water_event,qa_pairs/aligned/event_qa_results_aligned.json,event_navigation,1,"The camera path starts at eye level facing a kitchen cabinet. It then moves in a downward and slightly rightward diagonal trajectory to settle over the kitchen sink. This downward pan transitions the view from a storage area to a workspace. Once at the sink, the camera remains relatively stable, with only minor adjustments as the subject performs the dishwashing action, ending with a move toward a timer screen."
202c35c49d53,event,aligned_dataset/wash_cup_and_drink_water_split/Seg2/wash_cup_and_drink_water_event,qa_pairs/aligned/event_qa_results_aligned.json,event_dynamic_recognition,1,"The mug appears at frame 0000 and is moved out of view around frame 0210. The hand interacts with the faucet handle between frames 0240 and 0300. Scrubbing the basin starts at frame 0330 and continues until frame 0720, followed by counter wiping until the video ends."
242add00864a,event,aligned_dataset/wash_cup_and_drink_water_split/Seg2/wash_cup_and_drink_water_event,qa_pairs/aligned/event_qa_results_aligned.json,event_dynamic_counting,1,One hand moves continuously throughout the sequence. The mug is rotated three distinct times during cleaning. The hand reaches for the faucet handle once. There are three primary sweeping wiping passes made on the countertop area at the end of the video.
319d2f105454,event,aligned_dataset/wash_cup_and_drink_water_split/Seg2/wash_cup_and_drink_water_event,qa_pairs/aligned/event_qa_results_aligned.json,event_counting,1,"The scene contains one sink basin, one faucet, one drain hole, one mug, and one moving hand with a cleaning cloth. The draining board area has approximately five visible ridges detected through motion-based boundaries."
39192e4f060b,event,aligned_dataset/wash_cup_and_drink_water_split/Seg2/wash_cup_and_drink_water_event,qa_pairs/aligned/event_qa_results_aligned.json,event_navigation,1,"The camera viewpoint transitions from looking directly into the sink basin toward the left, following the hand's path across the draining board and countertop. This shift indicates a route from the interior of the sink to the adjacent exterior surfaces."
5a995928b8f1,event,aligned_dataset/wash_cup_and_drink_water_split/Seg2/wash_cup_and_drink_water_event,qa_pairs/aligned/event_qa_results_aligned.json,event_spatial_reasoning,1,"Initially, the hand and sponge are located inside the cavity of the mug. The mug is positioned directly below the faucet. After the mug is removed, the hand moves closer to the faucet handle. Subsequently, the hand moves across the floor of the sink basin, then up the vertical walls, and finally onto the flat counter surface located to the left of the basin."
6a36df144dbc,event,aligned_dataset/wash_cup_and_drink_water_split/Seg2/wash_cup_and_drink_water_event,qa_pairs/aligned/event_qa_results_aligned.json,event_action,1,"I am scrubbing a mug with a sponge, using circular and back-and-forth motions. After setting the mug aside, I move my hand to the faucet handle to presumably adjust it. I then use a cloth to wipe down the interior sink surfaces and finally wipe across the countertop area to clear water or dirt."
75df0d9ad6d3,event,aligned_dataset/wash_cup_and_drink_water_split/Seg2/wash_cup_and_drink_water_event,qa_pairs/aligned/event_qa_results_aligned.json,event_non_common,1,The motion patterns and object interactions are entirely consistent with standard kitchen cleaning activities. No unrealistic or implausible behavior is detected in the event stream.
8b3eb3a8fc1c,event,aligned_dataset/wash_cup_and_drink_water_split/Seg2/wash_cup_and_drink_water_event,qa_pairs/aligned/event_qa_results_aligned.json,event_object_recognition,1,"The event stream captures a hand holding and scrubbing a cylindrical mug with a smaller handheld object (sponge/cloth). A faucet remains static above the interaction area. Later, the mug is moved aside, and the hand reaches toward the faucet handle. The hand then transitions to wiping the horizontal surfaces of the sink basin and the adjacent draining board area with broad sweeping and circular motions."
c014254f8d47,event,aligned_dataset/wash_cup_and_drink_water_split/Seg2/wash_cup_and_drink_water_event,qa_pairs/aligned/event_qa_results_aligned.json,event_scene_sequence,1,"The sequence starts with localized activity of scrubbing a mug. At frame 0180, this motion stops and the mug is put away. Between frames 0240 and 0300, the hand moves toward the faucet. Starting at frame 0330, activity moves to the sink basin where circular wiping occurs. Finally, from frame 0750 onwards, the camera pans left as the hand wipes the flat counter surface."
03862b6486d4,event,aligned_dataset/wash_cup_and_drink_water_split/Seg3/wash_cup_and_drink_water_event,qa_pairs/aligned/event_qa_results_aligned.json,event_dynamic_counting,8,"The main dynamic activity involves my hand moving the kettle, filling the cup, and using a brush for cleaning. These interactions occur throughout the sequence, with the kettle moving once, the brush moving once, and the cup remaining in place."
07ca5f08259b,event,aligned_dataset/wash_cup_and_drink_water_split/Seg3/wash_cup_and_drink_water_event,qa_pairs/aligned/event_qa_results_aligned.json,event_counting,8,"The scene contains 1 kettle, 1 cup, 1 spice container, 1 sponge, 1 cleaning brush, 1 box, and 1 sink area, identified through their spatial presence and interactions over the event stream."
342ac332556d,event,aligned_dataset/wash_cup_and_drink_water_split/Seg3/wash_cup_and_drink_water_event,qa_pairs/aligned/event_qa_results_aligned.json,event_spatial_reasoning,1,"The kettle is positioned on the right side of the counter, while the mug is located centrally in front of it. A sponge, a brush, and a soap bottle are arranged to the left of the kettle. A cereal box is situated on the far left of the scene."
7f2802bf44e6,event,aligned_dataset/wash_cup_and_drink_water_split/Seg3/wash_cup_and_drink_water_event,qa_pairs/aligned/event_qa_results_aligned.json,event_navigation,1,"The camera maintains a stationary overhead view of the kitchen counter. No navigation, path changes, or movement through the environment occurs."
9186ef5da669,event,aligned_dataset/wash_cup_and_drink_water_split/Seg3/wash_cup_and_drink_water_event,qa_pairs/aligned/event_qa_results_aligned.json,event_object_recognition,1,"The video displays a static kitchen counter scene featuring a kettle, a mug, a cleaning brush, a sponge, a soap bottle, and a box of cereal. Minimal motion is observed as the camera viewpoint remains relatively stable, focusing on these items."
d83694a45593,event,aligned_dataset/wash_cup_and_drink_water_split/Seg3/wash_cup_and_drink_water_event,qa_pairs/aligned/event_qa_results_aligned.json,event_dynamic_recognition,8,The kettle appears at the start and is moved to fill the cup. The brush appears during the cleaning phase. These actions are recognized by their distinct motion signatures in the event data.
f15ba022a2ec,event,aligned_dataset/wash_cup_and_drink_water_split/Seg3/wash_cup_and_drink_water_event,qa_pairs/aligned/event_qa_results_aligned.json,event_non_common,1,"The scene displays a normal, static kitchen counter setup. No unusual motion, floating objects, or physically implausible behaviors are detected."
f2b87b6a3e70,event,aligned_dataset/wash_cup_and_drink_water_split/Seg3/wash_cup_and_drink_water_event,qa_pairs/aligned/event_qa_results_aligned.json,event_action,8,"I am engaged in a sequence of kitchen tasks: I pick up and fill a cup with water from a kettle, then proceed to clean the sink area using a scrubbing brush."
fec7230adbf9,event,aligned_dataset/wash_cup_and_drink_water_split/Seg3/wash_cup_and_drink_water_event,qa_pairs/aligned/event_qa_results_aligned.json,event_scene_sequence,1,"The scene begins with a view of the kitchen counter items. There is minimal movement as the camera remains fixed, capturing the arrangement of the objects throughout the duration of the clip."
02da48cc58b5,event,aligned_dataset/wash_cup_split/Seg1/wash_cup_event,qa_pairs/aligned/event_qa_results_aligned.json,event_dynamic_counting,1,"My hands and the cleaning cloth move continuously throughout the video. The circular object is stationary until around frame 600, when it is lifted and rotated once. No other people or moving objects enter the scene besides the items I am interacting with."
216947428ee4,event,aligned_dataset/wash_cup_split/Seg1/wash_cup_event,qa_pairs/aligned/event_qa_results_aligned.json,event_counting,1,I can identify several objects by their movement: two gloved hands are active in the frame; one cleaning cloth is gripped; one circular object is lifted; one sink basin defines the environment; one faucet is in the background; and one drain port is at the center of the scrubbing activity.
503f7c3fabf7,event,aligned_dataset/wash_cup_split/Seg1/wash_cup_event,qa_pairs/aligned/event_qa_results_aligned.json,event_spatial_reasoning,1,"My gloved hands occupy the foreground, positioned directly above the sink's basin. The cleaning cloth is held between my hands and the sink surface. The circular object is initially at the bottom of the sink and then lifted closer to my perspective. The faucet is located in the upper right background, static relative to my moving hands."
51314b0d6ba3,event,aligned_dataset/wash_cup_split/Seg1/wash_cup_event,qa_pairs/aligned/event_qa_results_aligned.json,event_dynamic_recognition,1,The scrubbing motion begins immediately at frame 0. The circular object remains static until it is picked up near frame 630. It leaves its original position at the bottom of the sink and moves upward until frame 870. The gloves and cloth are in constant motion throughout.
814edf535eb1,event,aligned_dataset/wash_cup_split/Seg1/wash_cup_event,qa_pairs/aligned/event_qa_results_aligned.json,event_action,1,"I am performing a cleaning task in a sink. My actions involve repetitive scrubbing with a cloth, reaching for a circular object, lifting it, and wiping its surface with focused movements. The intent is to sanitize or wash the items in the sink."
88f93621c834,event,aligned_dataset/wash_cup_split/Seg1/wash_cup_event,qa_pairs/aligned/event_qa_results_aligned.json,event_navigation,1,My viewpoint remains centered on the sink basin. The route of my hands follows a repetitive back-and-forth scrubbing path across the sink floor before transitioning to a circular motion around the object I lift. The depth changes as I bring the circular object closer to my eyes.
d920be816a37,event,aligned_dataset/wash_cup_split/Seg1/wash_cup_event,qa_pairs/aligned/event_qa_results_aligned.json,event_scene_sequence,1,"The sequence starts with my hands scrubbing the flat surface of the sink basin. Next, I transition to picking up a circular object. Following this, I wipe the object's surface while rotating it. The video concludes with continued scrubbing as the object is held in place or set back down."
dceb950e58fc,event,aligned_dataset/wash_cup_split/Seg1/wash_cup_event,qa_pairs/aligned/event_qa_results_aligned.json,event_object_recognition,1,"The event stream captures the subject's hands, encased in textured gloves, moving within the basin of a sink. A pliable cleaning tool, likely a cloth or sponge, moves in sync with the hands. A circular object, such as a lid or bowl, is grasped and moved midway through the sequence. The sink's drain and a faucet are identifiable by the motion boundaries created by the hands moving around them."
f722a0d0bff1,event,aligned_dataset/wash_cup_split/Seg1/wash_cup_event,qa_pairs/aligned/event_qa_results_aligned.json,event_non_common,1,"The event stream displays common kitchen cleaning behavior. The physics of my hand movements, the handling of the cloth, and the lifting of the circular object all follow realistic patterns. No unusual or implausible situations are observed."
18e6fbbacda3,event,aligned_dataset/wash_cup_split/Seg2/wash_cup_event,qa_pairs/aligned/event_qa_results_aligned.json,event_dynamic_counting,8,"The moving entities in this scene include my 2 hands and the falling water stream. My hands enter the central frame early and maintain continuous motion for about 25 seconds. The water stream shows constant dynamic activity from the faucet. No other people or moving objects, such as vehicles or bystanders, pass through the field of view."
426ba0e9c987,event,aligned_dataset/wash_cup_split/Seg2/wash_cup_event,qa_pairs/aligned/event_qa_results_aligned.json,event_dynamic_recognition,8,I recognize the dynamic movement of hands entering the sink area at the beginning. The washing motion starts around frame 120 and continues until approximately frame 840. The water stream is identified by the localized event cluster below the faucet. The hands eventually leave the center of the frame as the sequence concludes.
4c2ae1f7eec3,event,aligned_dataset/wash_cup_split/Seg2/wash_cup_event,qa_pairs/aligned/event_qa_results_aligned.json,event_object_recognition,1,"The event stream captures the distinct motion of two hands performing a washing ritual in the center of a sink basin. The faucet at the top is clearly delineated by the camera's slight jitter and the movement of the subject's hands beneath it. A steady stream of water, represented by dense event activity, descends from the faucet onto the hands. In the background, the outlines of several containers on the countertop are visible as I move. The primary activity is the repetitive rubbing and overlapping movement of the hands in the basin."
5597367022ca,event,aligned_dataset/wash_cup_split/Seg2/wash_cup_event,qa_pairs/aligned/event_qa_results_aligned.json,event_navigation,1,The camera moves forward to approach the sink and then stays focused on the central washing area. The path is a direct line from a standing position to the workstation. Directional cues are limited to the initial forward approach and the steady downward focus on the sink basin as the primary landmark for the activity.
595fcc712422,event,aligned_dataset/wash_cup_split/Seg2/wash_cup_event,qa_pairs/aligned/event_qa_results_aligned.json,event_scene_sequence,1,"The video sequence starts with my hands approaching the empty sink basin. Next, the hands move under the faucet where high-frequency event activity indicates the onset of water flow. This is followed by a prolonged period of hands rubbing together in the center. Toward the end of the sequence, the rubbing motion slows down, and the hands begin to move away from the central washing area as the task is completed."
71dd8d00a6aa,event,aligned_dataset/wash_cup_split/Seg2/wash_cup_event,qa_pairs/aligned/event_qa_results_aligned.json,event_counting,8,"I can identify and count several elements based on motion and boundaries: 2 moving hands, 1 stationary faucet, 1 sink basin, approximately 3 bottles on the counter, 1 drain at the basin bottom, 1 water stream, and 1 countertop region. The hands move continuously, creating a rhythmic pattern of events."
92a975ea5cb9,event,aligned_dataset/wash_cup_split/Seg2/wash_cup_event,qa_pairs/aligned/event_qa_results_aligned.json,event_non_common,1,"The video displays a common-sense scenario of hand washing. No unusual motion patterns, floating objects, or clipping are observed. The interaction between hands, water, and sink is physically plausible and realistic."
c263c7041dc1,event,aligned_dataset/wash_cup_split/Seg2/wash_cup_event,qa_pairs/aligned/event_qa_results_aligned.json,event_action,8,"I am washing my hands. The action includes reaching toward the sink, engaging with the water flow from the faucet, and rubbing my hands together vigorously to clean them. My intention is clearly to perform hygiene, and the scene responds with active motion in the sink basin and water stream throughout the temporal sequence."
d5de3800b9e1,event,aligned_dataset/wash_cup_split/Seg2/wash_cup_event,qa_pairs/aligned/event_qa_results_aligned.json,event_spatial_reasoning,1,"My hands are positioned inside the sink basin, below the faucet's spout. The faucet is located above the basin and slightly behind the hands relative to the camera. Water falls from the faucet directly onto the hands. The countertop surrounds the sink basin, with three bottles positioned to the left. During the washing action, the left and right hands frequently overlap and move relative to each other in the central space of the sink."
21c28c4ca532,event,aligned_dataset/wash_cup_split/Seg3/wash_cup_event,qa_pairs/aligned/event_qa_results_aligned.json,event_dynamic_counting,1,One person appears in front of the camera near the end of the video. One bottle is dynamically lifted and tilted for pouring. A bowl and a mug are sequentially moved during the washing phase.
2ee7dcb4056c,event,aligned_dataset/wash_cup_split/Seg3/wash_cup_event,qa_pairs/aligned/event_qa_results_aligned.json,event_spatial_reasoning,1,"Hands are positioned above the sink, which is central. The grater sits to the left of the sink. When pouring, the bottle is moved over the glass, partially occluding the background. The second person who appears later is situated further away than the sink area."
3923f5f0f12a,event,aligned_dataset/wash_cup_split/Seg3/wash_cup_event,qa_pairs/aligned/event_qa_results_aligned.json,event_dynamic_recognition,1,Hands are scrubbing from frame 0. A mug is lifted at frame 360. The bottle starts pouring into the glass around frame 630. A second person's arm becomes visible moving across the frame at 840.
5297133d8543,event,aligned_dataset/wash_cup_split/Seg3/wash_cup_event,qa_pairs/aligned/event_qa_results_aligned.json,event_navigation,1,"The camera viewpoint is primarily static over the workstation. There's a slight upward tilt and pan when switching from the sink task to the pouring task, followed by a forward focus as a person approaches."
a0162070b435,event,aligned_dataset/wash_cup_split/Seg3/wash_cup_event,qa_pairs/aligned/event_qa_results_aligned.json,event_scene_sequence,1,"The video starts with washing a bowl in a sink. Around frame 300, a patterned mug is handled. By frame 600, the scene shifts to pouring liquid from a bottle into a glass. The final sequence shows a transition to a person standing in front of the camera holder."
caa8bb2c264d,event,aligned_dataset/wash_cup_split/Seg3/wash_cup_event,qa_pairs/aligned/event_qa_results_aligned.json,event_object_recognition,1,"The event stream captures hands moving within a sink basin, interacting with a circular bowl and a decorated mug. A grater and sponges remain on the left counter. Later, a bottle and glass appear, with a fluid-like motion indicating pouring. Finally, a human figure moves into view from the right."
d7154e2ad26c,event,aligned_dataset/wash_cup_split/Seg3/wash_cup_event,qa_pairs/aligned/event_qa_results_aligned.json,event_counting,1,"Identifiable items include one sink, one grater, two sponges on the counter, one bowl, one patterned mug, one bottle, one glass, and one other person."
d842eb80c880,event,aligned_dataset/wash_cup_split/Seg3/wash_cup_event,qa_pairs/aligned/event_qa_results_aligned.json,event_action,1,"I am washing kitchenware in a sink using both hands. Then, I pick up a bottle and pour liquid into a glass. I then bring the glass closer to my head as if to drink. Finally, I reach out or interact with a person standing before me."
f31faff450a9,event,aligned_dataset/wash_cup_split/Seg3/wash_cup_event,qa_pairs/aligned/event_qa_results_aligned.json,event_non_common,1,"The transitions between washing, pouring, and the person appearing are very rapid, possibly indicating skipped time in a simulation. The arm movement of the person at the end shows some jitter or unnatural overlap with the background."
1db13a404fc9,event,aligned_dataset/wash_hand_split/Seg1/wash_hands_event,qa_pairs/aligned/event_qa_results_aligned.json,event_navigation,1,"The camera starts at a desk workstation, pivots towards the room exit, walks across the floor towards the door, opens the door, and enters the adjacent bathroom space."
324979174d62,event,aligned_dataset/wash_hand_split/Seg1/wash_hands_event,qa_pairs/aligned/event_qa_results_aligned.json,event_action,8,"The camera holder traverses the room, approaches the closed door, reaches for the handle, pushes the door open, and proceeds into the next room."
50c6370a8b99,event,aligned_dataset/wash_hand_split/Seg1/wash_hands_event,qa_pairs/aligned/event_qa_results_aligned.json,event_dynamic_recognition,8,"The chair is slightly adjusted or observed during the initial desk pass. The door begins to swing open at the end of the sequence when the camera reaches it, staying open as the camera enters the bathroom."
72075fa918c7,event,aligned_dataset/wash_hand_split/Seg1/wash_hands_event,qa_pairs/aligned/event_qa_results_aligned.json,event_dynamic_counting,8,A single moving entity (the camera holder) performs all movements. No other humans or autonomous objects move independently during the sequence.
78e4c5d0d67b,event,aligned_dataset/wash_hand_split/Seg1/wash_hands_event,qa_pairs/aligned/event_qa_results_aligned.json,event_scene_sequence,1,"The sequence begins with the camera near a desk with a computer, then the view pans and moves across the room towards a closed door. The final part of the sequence shows the camera approaching the door, opening it, and revealing a bathroom setting with a toilet and sink."
7bb1e633b985,event,aligned_dataset/wash_hand_split/Seg1/wash_hands_event,qa_pairs/aligned/event_qa_results_aligned.json,event_spatial_reasoning,1,"The camera moves from a desk area towards a door. The computer monitor and desk chair are in the initial field of view. The door is initially closed and positioned farther away, then becomes the primary focus as the camera approaches it. The chair is located between the camera's starting position and the desk, and the floor layout is clearly traversed."
90e854f7086f,event,aligned_dataset/wash_hand_split/Seg1/wash_hands_event,qa_pairs/aligned/event_qa_results_aligned.json,event_non_common,1,"The scene and motions are standard and follow physical constraints; no unusual, implausible, or ghosting effects are observed in the event stream."
94a5cc466974,event,aligned_dataset/wash_hand_split/Seg1/wash_hands_event,qa_pairs/aligned/event_qa_results_aligned.json,event_counting,8,"The scene contains a computer monitor, a desk, a chair, a door, a toilet, and a sink, making a total of 6 primary objects identified through motion or presence."
f41a9d218672,event,aligned_dataset/wash_hand_split/Seg1/wash_hands_event,qa_pairs/aligned/event_qa_results_aligned.json,event_object_recognition,1,"The event stream captures the motion of a camera-held device moving through a room, showing a computer setup with monitors, a chair, and a door. There is clear motion associated with the chair being moved, the camera traversing the room floor, and the door being opened at the end of the sequence."
0e0c0b3e9d03,event,aligned_dataset/wash_hand_split/Seg2/wash_hands_event,qa_pairs/aligned/event_qa_results_aligned.json,event_scene_sequence,1,"The sequence begins by entering the restroom, moving past the toilet area, approaching the sink, performing hand-washing motions, and finally using a paper towel dispenser before moving back into the hallway."
36e9e27f92b9,event,aligned_dataset/wash_hand_split/Seg2/wash_hands_event,qa_pairs/aligned/event_qa_results_aligned.json,event_non_common,1,The environment appears normal and typical of a public restroom; there are no physically implausible events or behaviors observed.
39fc4a07866b,event,aligned_dataset/wash_hand_split/Seg2/wash_hands_event,qa_pairs/aligned/event_qa_results_aligned.json,event_counting,8,"The video features a sink area, a soap dispenser, a towel, two hands being washed, a faucet, a bathroom door frame, a wall surface, and a soap bottle. Each of these 8 elements is identifiable through their unique motion signatures or interaction events."
479a39f17d6d,event,aligned_dataset/wash_hand_split/Seg2/wash_hands_event,qa_pairs/aligned/event_qa_results_aligned.json,event_navigation,1,"I move forward into the restroom, navigate slightly to the right to reach the sink, and then reverse direction to exit back into the hallway."
513cb36b4b09,event,aligned_dataset/wash_hand_split/Seg2/wash_hands_event,qa_pairs/aligned/event_qa_results_aligned.json,event_dynamic_counting,8,"The scene involves two hands moving back and forth under a faucet. One hand moves towards the soap dispenser once, and one hand moves to grab a towel once. These movements span the duration of the video."
5af3d24d66df,event,aligned_dataset/wash_hand_split/Seg2/wash_hands_event,qa_pairs/aligned/event_qa_results_aligned.json,event_action,8,"I am performing a hand washing sequence. I first trigger the soap dispenser, then rub my hands together under the faucet to lather and clean, and finally use a towel to dry my hands before exiting the frame."
6c1a6ed79b2b,event,aligned_dataset/wash_hand_split/Seg2/wash_hands_event,qa_pairs/aligned/event_qa_results_aligned.json,event_object_recognition,1,"The video shows a person using a restroom, interacting with a toilet, a faucet, a soap dispenser, and a paper towel dispenser. Motion includes walking into the stall, flushing the toilet, using the sink to wash hands, and drying hands with a paper towel."
b17236b42c56,event,aligned_dataset/wash_hand_split/Seg2/wash_hands_event,qa_pairs/aligned/event_qa_results_aligned.json,event_dynamic_recognition,8,"Hands appear at the start, moving to operate the soap dispenser. They then rub together under the faucet to wash. Finally, they reach for a towel to dry off and leave the frame. Each phase is characterized by specific movement patterns."
dce5ee1f849f,event,aligned_dataset/wash_hand_split/Seg2/wash_hands_event,qa_pairs/aligned/event_qa_results_aligned.json,event_spatial_reasoning,1,"The camera moves through a restroom. The toilet is positioned against the back wall, the sink is centrally located, and the soap/towel dispensers are mounted on the side walls. As I move, the sink appears in front, and the toilet stall is to my side/back, indicating a compact layout."
0cbdfff61a86,event,aligned_dataset/wash_hand_split/Seg3/wash_hands_event,qa_pairs/aligned/event_qa_results_aligned.json,event_dynamic_recognition,1,"My hands appear at the start, perform repetitive motion at the sink, and remain in view for the duration of the action before fading from the immediate workspace."
1c21d8b3d622,event,aligned_dataset/wash_hand_split/Seg3/wash_hands_event,qa_pairs/aligned/event_qa_results_aligned.json,event_non_common,1,There are no physically implausible situations or unusual motion patterns observed; the actions are consistent with standard bathroom use.
24eac2245d10,event,aligned_dataset/wash_hand_split/Seg3/wash_hands_event,qa_pairs/aligned/event_qa_results_aligned.json,event_navigation,1,"The camera remains stationary at the sink, with no directional travel or navigation path indicated other than hand motion."
2e0c423bb1b7,event,aligned_dataset/wash_hand_split/Seg3/wash_hands_event,qa_pairs/aligned/event_qa_results_aligned.json,event_spatial_reasoning,1,"The hands are positioned centrally within the sink area, moving towards the faucet. The sink is positioned below the mirror, with the user's reflection visible in the upper portion of the field of view."
b6616a3ae25b,event,aligned_dataset/wash_hand_split/Seg3/wash_hands_event,qa_pairs/aligned/event_qa_results_aligned.json,event_dynamic_counting,1,The only dynamic entities are my two hands moving in front of the sink basin and my reflection moving within the mirror.
c786caa6a6db,event,aligned_dataset/wash_hand_split/Seg3/wash_hands_event,qa_pairs/aligned/event_qa_results_aligned.json,event_action,1,"I am standing at a bathroom sink, using my hands to interact with the water faucet, likely washing them."
ec2678c802cd,event,aligned_dataset/wash_hand_split/Seg3/wash_hands_event,qa_pairs/aligned/event_qa_results_aligned.json,event_object_recognition,1,"The video captures the user's hands moving over a sink basin and water faucet in a bathroom, with a mirror reflecting the user's upper body throughout the sequence."
ef17725a33d6,event,aligned_dataset/wash_hand_split/Seg3/wash_hands_event,qa_pairs/aligned/event_qa_results_aligned.json,event_scene_sequence,1,"The sequence begins with the hands positioned near the faucet, followed by a continuous motion of hand interaction, and concludes with the hands moving away from the faucet area."
fe2212f1b27d,event,aligned_dataset/wash_hand_split/Seg3/wash_hands_event,qa_pairs/aligned/event_qa_results_aligned.json,event_counting,1,"Visible elements include the faucet, the sink basin, the mirror, two hands, the drain, and the electrical outlet on the wall."
18d648885021,event,aligned_dataset/wash_hand_split/Seg4/wash_hands_event,qa_pairs/aligned/event_qa_results_aligned.json,event_navigation,1,"The navigation path is linear along a corridor. The user moves forward, makes a brief stop at a sink located on the right, and then continues straight to reach the door at the end of the path."
29d90c3538ad,event,aligned_dataset/wash_hand_split/Seg4/wash_hands_event,qa_pairs/aligned/event_qa_results_aligned.json,event_counting,8,"The video captures a series of actions involving a person interacting with a door in a tiled room. There are 2 door handles, 1 door frame, 2 wall corners, 1 sink faucet, and 1 paper dispenser/holder unit."
50b26de9aff7,event,aligned_dataset/wash_hand_split/Seg4/wash_hands_event,qa_pairs/aligned/event_qa_results_aligned.json,event_object_recognition,1,"The video captures the user walking through a hallway, interacting with a sink in a restroom, and opening a door. Key objects include a sink, a door, a door handle, a QR code label, and a fire extinguisher on the wall."
574fd34785ca,event,aligned_dataset/wash_hand_split/Seg4/wash_hands_event,qa_pairs/aligned/event_qa_results_aligned.json,event_action,8,"The camera holder enters a room, approaches a door, uses their hand to grasp and rotate the handle, opens the door, and then exits or moves through the doorway while interacting with the surface of the door."
82022cf6a8fa,event,aligned_dataset/wash_hand_split/Seg4/wash_hands_event,qa_pairs/aligned/event_qa_results_aligned.json,event_dynamic_counting,8,A person is present and moving within the space. The person's hand reaches for and operates a door handle. There are no other moving entities present in the scene.
93e7d67c6afe,event,aligned_dataset/wash_hand_split/Seg4/wash_hands_event,qa_pairs/aligned/event_qa_results_aligned.json,event_scene_sequence,1,"The sequence starts with the user walking along a wall-tiled hallway. Then, the user stops to use a sink, subsequently moving forward to interact with and open a door to exit the space."
c1965835f460,event,aligned_dataset/wash_hand_split/Seg4/wash_hands_event,qa_pairs/aligned/event_qa_results_aligned.json,event_non_common,1,There are no unusual or physically implausible situations in this video. The environment and user actions follow standard logic.
d00d215da727,event,aligned_dataset/wash_hand_split/Seg4/wash_hands_event,qa_pairs/aligned/event_qa_results_aligned.json,event_spatial_reasoning,1,"The user moves through a corridor, approaching a door at the end. Key spatial relations: the sink is to the user's right, the door handle is positioned in front of the user, the QR code is on the door surface, and the fire extinguisher is mounted on the left wall."
f449648cc462,event,aligned_dataset/wash_hand_split/Seg4/wash_hands_event,qa_pairs/aligned/event_qa_results_aligned.json,event_dynamic_recognition,8,"A human hand appears and interacts with a door handle. The movement starts when the hand enters the field of view, grasps the handle, rotates it, and then releases it before moving away."
52acfa4d2110,event,aligned_dataset/wash_hands_split/Seg1/wash_hands_event,qa_pairs/aligned/event_qa_results_aligned.json,event_non_common,1,The motion and scene structure appear to be consistent with normal indoor navigation. No physically implausible movements or anomalous scene layouts were observed.
556c02020375,event,aligned_dataset/wash_hands_split/Seg1/wash_hands_event,qa_pairs/aligned/event_qa_results_aligned.json,event_spatial_reasoning,1,"The camera moves from a hallway toward a doorway, which is closer to the viewpoint as the camera approaches. Inside the room, the desk is positioned on the left, a chair is near the desk, and a wall is on the right. After leaving the room, the camera moves toward a restroom where the sink is in front and the toilet is behind it, appearing further away."
75ecfd05d60f,event,aligned_dataset/wash_hands_split/Seg1/wash_hands_event,qa_pairs/aligned/event_qa_results_aligned.json,event_object_recognition,1,"The event stream captures the movement of a person approaching and opening a door, followed by a transition into a small room containing a desk and a chair, and eventually walking toward a restroom or small utility space."
8bbe0e3c916e,event,aligned_dataset/wash_hands_split/Seg1/wash_hands_event,qa_pairs/aligned/event_qa_results_aligned.json,event_action,1,"The camera holder navigates through the environment, pushes a door open, enters a study room, navigates a hallway, enters a restroom, and interacts with a sink faucet handle."
8d3da81761f4,event,aligned_dataset/wash_hands_split/Seg1/wash_hands_event,qa_pairs/aligned/event_qa_results_aligned.json,event_counting,1,"The video shows a hallway, a door, a room with a desk and a chair, a transition hallway, and a restroom containing a sink and a toilet."
a86a96561a0b,event,aligned_dataset/wash_hands_split/Seg1/wash_hands_event,qa_pairs/aligned/event_qa_results_aligned.json,event_dynamic_recognition,1,"The camera operator moves through the environment. A door is opened at the start, and another door is interacted with to enter the restroom."
d4138b7dc928,event,aligned_dataset/wash_hands_split/Seg1/wash_hands_event,qa_pairs/aligned/event_qa_results_aligned.json,event_scene_sequence,1,"The sequence begins in a hallway, proceeds through a doorway into a study-like room with a desk and chair, then continues into a hallway leading to a restroom where the user performs an action near the sink and observes the toilet."
f4bbe6442f11,event,aligned_dataset/wash_hands_split/Seg1/wash_hands_event,qa_pairs/aligned/event_qa_results_aligned.json,event_navigation,1,"The navigation path starts in a hallway, proceeds through a door into a room, then moves out to a second hallway, and ends by entering a restroom and approaching the sink."
fb4371f55655,event,aligned_dataset/wash_hands_split/Seg1/wash_hands_event,qa_pairs/aligned/event_qa_results_aligned.json,event_dynamic_counting,1,A single person (the camera operator) moves throughout the scene. No other dynamic human entities are observed moving in the field of view.
563da89c0020,event,aligned_dataset/wash_hands_split/Seg2/wash_hands_event,qa_pairs/aligned/event_qa_results_aligned.json,event_navigation,1,"The camera navigates within a small, confined restroom. It starts by facing the corner with the toilet and rotates to follow the wall toward the sink, then turns slightly to show the exit door before returning to the sink."
67571297defd,event,aligned_dataset/wash_hands_split/Seg2/wash_hands_event,qa_pairs/aligned/event_qa_results_aligned.json,event_object_recognition,1,"The video captures the interior of a restroom, showing a wall-mounted toilet, a sink with a faucet, and a door. Motion events highlight the movement of hands interacting with the sink area, and the camera pans to show different parts of the restroom layout."
716afa053d96,event,aligned_dataset/wash_hands_split/Seg2/wash_hands_event,qa_pairs/aligned/event_qa_results_aligned.json,event_dynamic_recognition,8,"The camera holder enters a bathroom, operates a sink faucet, washes hands, interacts with a soap or paper dispenser, and wipes their hands dry. These actions occur throughout the sequence with hand motion tracking."
79bf1a543b46,event,aligned_dataset/wash_hands_split/Seg2/wash_hands_event,qa_pairs/aligned/event_qa_results_aligned.json,event_counting,8,"The video shows a sink and toilet environment. Countable elements include: the faucet handle, the sink basin, the faucet base, the toilet bowl, the toilet seat, the toilet lid, the toilet flush handle, and the dispenser."
aa61803a75b9,event,aligned_dataset/wash_hands_split/Seg2/wash_hands_event,qa_pairs/aligned/event_qa_results_aligned.json,event_non_common,1,"The scene displays a standard, functional restroom with no evidence of unusual motion, floating objects, or physically implausible occurrences."
c4a3ec0ee05e,event,aligned_dataset/wash_hands_split/Seg2/wash_hands_event,qa_pairs/aligned/event_qa_results_aligned.json,event_spatial_reasoning,1,"The toilet is positioned in a corner of the room, while the sink is located on an adjacent wall. The door is adjacent to the sink. The camera moves from the toilet towards the sink, indicating the relative proximity of these fixtures within the small restroom layout."
ceb8f7210c05,event,aligned_dataset/wash_hands_split/Seg2/wash_hands_event,qa_pairs/aligned/event_qa_results_aligned.json,event_dynamic_counting,8,"The video captures the camera holder performing hand hygiene tasks including reaching, turning the faucet, washing, and wiping hands. No other people appear in the scene."
e286cef82ec6,event,aligned_dataset/wash_hands_split/Seg2/wash_hands_event,qa_pairs/aligned/event_qa_results_aligned.json,event_action,8,"The subject performs a series of hand-washing actions. The sequence begins with the subject standing at the sink, reaching for the faucet handle to turn on the water, rubbing hands together under the stream, reaching for a dispenser to get a wipe, and finally wiping hands dry."
fd1e614e53cf,event,aligned_dataset/wash_hands_split/Seg2/wash_hands_event,qa_pairs/aligned/event_qa_results_aligned.json,event_scene_sequence,1,"The sequence begins with a view of the toilet in the corner. The camera then shifts its viewpoint to scan the wall and corner towards the sink. Finally, the camera focuses on the sink area where hands are performing an action, then pans to show the wall and door before returning to the sink."
2ee3a27339ad,event,aligned_dataset/wash_hands_split/Seg3/wash_hands_event,qa_pairs/aligned/event_qa_results_aligned.json,event_dynamic_recognition,8,"The hands enter the scene at the start, perform a washing motion until the middle of the video, and then the camera shifts to show the reflection of the person in the mirror."
52404d314f6c,event,aligned_dataset/wash_hands_split/Seg3/wash_hands_event,qa_pairs/aligned/event_qa_results_aligned.json,event_dynamic_counting,8,The primary dynamic entity is the set of hands performing washing motions. The reflection of the person also moves within the mirror frame.
714550e70a63,event,aligned_dataset/wash_hands_split/Seg3/wash_hands_event,qa_pairs/aligned/event_qa_results_aligned.json,event_object_recognition,1,"The video captures the motion of a person's hands washing under a faucet, specifically interacting with a metallic drain at the bottom of a sink basin, and later showing a reflection of the person in a wall mirror."
807fb47ec591,event,aligned_dataset/wash_hands_split/Seg3/wash_hands_event,qa_pairs/aligned/event_qa_results_aligned.json,event_action,8,"The camera holder performs a hand-washing action in the sink, followed by checking their reflection in the wall mirror."
90710ddd6104,event,aligned_dataset/wash_hands_split/Seg3/wash_hands_event,qa_pairs/aligned/event_qa_results_aligned.json,event_counting,8,"Observable elements include 2 hands, 1 faucet, 1 drain, 1 mirror, 1 wall-mounted socket, and 1 person's reflection."
a1b31ffad9d5,event,aligned_dataset/wash_hands_split/Seg3/wash_hands_event,qa_pairs/aligned/event_qa_results_aligned.json,event_scene_sequence,1,"The sequence starts with the hands washing in the sink basin under the faucet. It then pans or shifts upward to show the reflection of the person and the wall-mounted socket in the mirror, concluding with the hands being observed in the mirror's reflection."
a5b530d697a9,event,aligned_dataset/wash_hands_split/Seg3/wash_hands_event,qa_pairs/aligned/event_qa_results_aligned.json,event_spatial_reasoning,1,The hands are positioned directly above the sink drain. The faucet is located above the basin. The mirror is positioned on the wall behind the sink. The person's reflection appears in the mirror as they move their hands.
b50172aa8107,event,aligned_dataset/wash_hands_split/Seg3/wash_hands_event,qa_pairs/aligned/event_qa_results_aligned.json,event_navigation,1,"The camera starts with a downward focus on the sink basin and tilts or moves upward to capture the reflection in the mirror, indicating a shift from a task-oriented viewpoint to an observational one."
b7b549aa507d,event,aligned_dataset/wash_hands_split/Seg3/wash_hands_event,qa_pairs/aligned/event_qa_results_aligned.json,event_non_common,1,No unusual or physically implausible motion patterns were detected; the scene follows standard human behavior in a bathroom setting.
1bb54e274d22,event,aligned_dataset/wash_hands_split/Seg4/wash_hands_event,qa_pairs/aligned/event_qa_results_aligned.json,event_non_common,1,"There is no unusual, physically implausible, or non-common-sense behavior observed in the event stream. The motion corresponds to a normal human walking and operating a standard door."
266f76d59b62,event,aligned_dataset/wash_hands_split/Seg4/wash_hands_event,qa_pairs/aligned/event_qa_results_aligned.json,event_action,1,"The camera holder navigates through a restroom, interacting with infrastructure. The actions include: grabbing a door handle, rotating it, walking toward a sink, operating a faucet to wash hands, and checking a lock mechanism. The movement indicates a routine sequence of entering, using, and preparing to exit the facility."
37ef3fff4a86,event,aligned_dataset/wash_hands_split/Seg4/wash_hands_event,qa_pairs/aligned/event_qa_results_aligned.json,event_dynamic_recognition,1,"The camera holder performs a sequence of actions including walking, reaching for a door handle, operating a faucet, and interacting with a door lock mechanism. These actions occur throughout the duration of the video as the camera pans and moves between different areas of the restroom."
409105b6ed96,event,aligned_dataset/wash_hands_split/Seg4/wash_hands_event,qa_pairs/aligned/event_qa_results_aligned.json,event_spatial_reasoning,1,"The camera moves through a hallway, with walls on both sides and a door at the end. The user approaches the door, which is initially further away and then becomes close as the user interacts with it. The door handle is in the foreground, and the floor is at the bottom, moving downward as the camera moves forward."
4c6a1bfe931a,event,aligned_dataset/wash_hands_split/Seg4/wash_hands_event,qa_pairs/aligned/event_qa_results_aligned.json,event_navigation,1,"The navigation path is a straight-line forward movement through a corridor, followed by an opening motion to enter a doorway. The camera keeps the door handle centered to facilitate entry."
9fd31755ba35,event,aligned_dataset/wash_hands_split/Seg4/wash_hands_event,qa_pairs/aligned/event_qa_results_aligned.json,event_object_recognition,1,"The video captures the user walking through a corridor, approaching a door, and interacting with a door handle to enter a room. Moving elements include the door being pushed, the handle being manipulated, and the surrounding walls moving past the camera lens due to forward motion."
b6ee0d25576d,event,aligned_dataset/wash_hands_split/Seg4/wash_hands_event,qa_pairs/aligned/event_qa_results_aligned.json,event_dynamic_counting,1,The video shows the movement of the camera holder through a restroom. There are no other moving entities present in the frame. The camera holder's hands move to interact with the door handle and the faucet.
da27b9b11eb6,event,aligned_dataset/wash_hands_split/Seg4/wash_hands_event,qa_pairs/aligned/event_qa_results_aligned.json,event_counting,1,"The video captures a series of wall-mounted tiles and fixtures in a restroom setting. Identified elements that can be counted include: 6 wall tiles, 2 door handles, 1 faucet, 1 QR code label, and 1 toilet flush handle."
e58b99878763,event,aligned_dataset/wash_hands_split/Seg4/wash_hands_event,qa_pairs/aligned/event_qa_results_aligned.json,event_scene_sequence,1,"The sequence begins in a corridor, transitioning toward a closed door. The user reaches out to touch the handle, opens the door, and then enters the room. The scene shifts from the narrow corridor view to the wider view inside the room as the door opens."
0c05cb7b4508,event,aligned_dataset/wash_my_face_split/Seg1/wash_my_face_event,qa_pairs/aligned/event_qa_results_aligned.json,event_counting,1,The event activity allows for the identification of several scene elements. There is one primary person reflected in the mirror. A single large mirror is the focus of the first half of the video. Two distinct door frames are visible in the surrounding room as the camera pans. One head-mounted camera device is seen being adjusted. One pair of glasses is visible on the subject's face. Three wall surfaces are defined by the corners and edges during motion. One doorway is used as an exit point at the end of the sequence.
10fc95dc2c52,event,aligned_dataset/wash_my_face_split/Seg1/wash_my_face_event,qa_pairs/aligned/event_qa_results_aligned.json,event_scene_sequence,1,"The sequence begins with the camera fixed on a mirror reflection showing the subject standing still. Next, motion activity increases as the subject's hands rise to their head to adjust equipment. After a period of fine adjustment, the subject turns their head, causing the reflection to shift and the edges of the room to become more active. Finally, the camera pans rapidly as the subject turns away from the mirror and begins navigating towards a doorway in the background, transitioning the scene from a stationary self-view to an interior room view."
12380570eaab,event,aligned_dataset/wash_my_face_split/Seg1/wash_my_face_event,qa_pairs/aligned/event_qa_results_aligned.json,event_spatial_reasoning,1,"From the motion-based spatial cues, the person's reflection is the most prominent foreground element, positioned directly in front of the mirror. The mirror surface acts as the primary plane of interaction. Behind the subject, door frames and wall corners are visible, providing a sense of depth as they are occluded and revealed by the subject's head and body movements. As the subject turns, the relationship between the mirror and the corridor doors changes, with the doors coming into a more direct line of sight while the mirror exits the field of view."
160fc8716f9d,event,aligned_dataset/wash_my_face_split/Seg1/wash_my_face_event,qa_pairs/aligned/event_qa_results_aligned.json,event_non_common,1,"The motion patterns and object behaviors in the event stream are physically plausible and consistent with a person adjusting equipment in a mirror. No unrealistic layouts, floating objects, or clipping are visible. The transition from stationary to moving follow standard human kinematics."
311a6fe663a1,event,aligned_dataset/wash_my_face_split/Seg1/wash_my_face_event,qa_pairs/aligned/event_qa_results_aligned.json,event_dynamic_recognition,1,The subject's reflection appears immediately and remains the central dynamic element until frame 700. Hands become dynamic around frame 100 and finish their movement by frame 450. The subject begins a full-body turn at frame 650 and the reflection leaves the frame by 800. A door frame in the background becomes a prominent motion edge as the subject moves toward it in the final 100 frames.
99d8e5ca9688,event,aligned_dataset/wash_my_face_split/Seg1/wash_my_face_event,qa_pairs/aligned/event_qa_results_aligned.json,event_object_recognition,1,"The event stream captures the motion boundaries of a person's reflection in a mirror. The subject is seen adjusting a device on their head, likely a head-mounted camera. Static scene structures such as door frames, walls, and the mirror's edges are delineated by the camera's slight movements and the person's shifting position. Temporal changes are marked by the movement of hands towards the head and the subsequent panning of the view as the subject turns away from the mirror."
e6508768e2fd,event,aligned_dataset/wash_my_face_split/Seg1/wash_my_face_event,qa_pairs/aligned/event_qa_results_aligned.json,event_action,1,"The camera holder (subject) is standing before a mirror and using both hands to adjust a head-mounted camera. They look intently at their reflection to ensure the device is positioned correctly. Once satisfied, they lower their hands and turn their entire body to the right. The purpose appears to be a pre-travel check of recording equipment before navigating through the house."
f00ab460d9ba,event,aligned_dataset/wash_my_face_split/Seg1/wash_my_face_event,qa_pairs/aligned/event_qa_results_aligned.json,event_dynamic_counting,1,The subject is the only moving entity. They raise their hands once to adjust the head-mounted camera. Their head tilts twice during the adjustment process. They perform one major turn of approximately 90 degrees to face away from the mirror. There are no other dynamic objects or people passing through the scene during the recorded interval.
f05a550a6c3e,event,aligned_dataset/wash_my_face_split/Seg1/wash_my_face_event,qa_pairs/aligned/event_qa_results_aligned.json,event_navigation,1,"Navigation begins from a stationary point facing a mirror. The path involves a rotational turn of about 90 degrees to the right (from the subject's perspective) after completing the gear adjustment. Landmark cues include the mirror itself and a door frame that serves as the target for movement. The viewpoint shifts from a self-reflection to a forward-looking perspective into a hallway, indicating a transition from a static check to active travel."
2a98cb2b9b57,event,aligned_dataset/wash_my_face_split/Seg2/wash_my_face_event,qa_pairs/aligned/event_qa_results_aligned.json,event_object_recognition,1,"The event stream captures the motion of a subject looking into a mirror. A person wearing a puffy jacket and a head-mounted camera is clearly outlined in the reflection. A mirror frame and a nearby door frame provide static spatial boundaries. As the camera tilts, the boundaries of the reflection distort and eventually shift out of view, replaced by the edges of a doorway and a wall."
4a8d5fd93d0e,event,aligned_dataset/wash_my_face_split/Seg2/wash_my_face_event,qa_pairs/aligned/event_qa_results_aligned.json,event_action,8,"I am standing still, observing my reflection in the mirror at the beginning of the video. I then tilt the camera down to look at the floor or my hands. Subsequently, I turn to the left and begin walking towards an open doorway. The motion is smooth and indicates an intentional transition from a stationary state to a walking state."
50172259f749,event,aligned_dataset/wash_my_face_split/Seg2/wash_my_face_event,qa_pairs/aligned/event_qa_results_aligned.json,event_dynamic_recognition,8,"The reflection of the subject is visible from frame 0 to approximately 600. The downward tilt starts near frame 330, signifying a transition from inspection to movement. The subject is confirmed to be in a hallway or room with an open door, as no door opening motion is detected, only progression through the existing opening."
5bd55081ee4b,event,aligned_dataset/wash_my_face_split/Seg2/wash_my_face_event,qa_pairs/aligned/event_qa_results_aligned.json,event_non_common,1,"The event activity depicts a realistic interaction with a mirror and navigation through a room. There are no strange motion patterns, floating objects, or physically impossible behaviors detected. The reflection maintains correct spatial and temporal synchronization with the camera."
87a9a617e2b5,event,aligned_dataset/wash_my_face_split/Seg2/wash_my_face_event,qa_pairs/aligned/event_qa_results_aligned.json,event_counting,8,"In the event stream, several distinct regions and objects can be counted: one rectangular mirror frame, one reflection of a person, one head-mounted camera on that reflection, one light switch below the mirror, and one door frame visible in the background reflection. Additionally, two sleeves of the puffy jacket are clearly defined by their segmented motion edges."
b47e3b2892fa,event,aligned_dataset/wash_my_face_split/Seg2/wash_my_face_event,qa_pairs/aligned/event_qa_results_aligned.json,event_navigation,1,"Navigation begins from a stationary point facing a mirror. The path involves a downward tilt of the camera, followed by a left-hand turn. The movement then proceeds forward through an open doorway, identified by vertical edge activity moving towards the periphery of the frame as the subject advances."
c778d01e1bff,event,aligned_dataset/wash_my_face_split/Seg2/wash_my_face_event,qa_pairs/aligned/event_qa_results_aligned.json,event_spatial_reasoning,1,"Initially, the subject is centered in front of the mirror, with the reflection of a door frame appearing behind and to the left. A light switch is located on the wall below the mirror. As the subject rotates, the mirror frame moves to the right of the field of view, and the open doorway enters from the top-left, eventually becoming the dominant feature as the subject moves closer to it."
d92f916778e4,event,aligned_dataset/wash_my_face_split/Seg2/wash_my_face_event,qa_pairs/aligned/event_qa_results_aligned.json,event_scene_sequence,1,"The sequence begins with a static view of a reflection in a mirror. Around frame 330, the camera begins a downward tilt and a leftward rotation. By frame 600, the mirror has mostly exited the frame to the right. The final part of the sequence shows the camera moving forward towards an open door, with the wall and door edges moving rapidly outward from the center of the frame."
eadc484b4746,event,aligned_dataset/wash_my_face_split/Seg2/wash_my_face_event,qa_pairs/aligned/event_qa_results_aligned.json,event_dynamic_counting,8,"The only moving entity in the scene is the reflection of the camera holder. No other humans or external moving objects are detected passing through the field of view. The subject turns once, moving away from the mirror towards a doorway over the course of the last 500 frames."
0b2caa2c7df8,event,aligned_dataset/water_plants_split/Seg1/water_plants_event,qa_pairs/aligned/event_qa_results_aligned.json,event_action,1,"I am engaged in cleaning a bowl. I first move the camera to center the sink, then I use my hand to bring in a spray bottle and apply a cleaning agent. After setting the bottle aside, I grab a cloth and perform vigorous scrubbing and wiping motions on the bowl to remove residue, finally rotating the bowl to reach all sides."
2cbc476b092b,event,aligned_dataset/water_plants_split/Seg1/water_plants_event,qa_pairs/aligned/event_qa_results_aligned.json,event_counting,1,"Several distinct objects are identifiable through motion and edge activity: one sink basin, one bowl, one hand, one spray bottle, one dish rack, one faucet at the top edge, one drain at the bottom of the sink, and one cleaning cloth."
385429be2ef0,event,aligned_dataset/water_plants_split/Seg1/water_plants_event,qa_pairs/aligned/event_qa_results_aligned.json,event_dynamic_counting,1,"The primary dynamic entity is my hand, which appears and moves across the frame multiple times. The spray bottle is moved into the frame around frame 120 and out by frame 360. The cleaning cloth enters around frame 390 and remains active until the end of the sequence. No other people or external moving objects are detected."
64f142e5100f,event,aligned_dataset/water_plants_split/Seg1/water_plants_event,qa_pairs/aligned/event_qa_results_aligned.json,event_spatial_reasoning,1,"The hand and spray bottle move in the foreground, positioned directly above the bowl. The bowl is nested within the sink basin, which occupies the central field of view. To the right of the sink basin, a dish rack is positioned farther from the camera. The cloth overlaps the bowl during the scrubbing phase, temporarily obscuring parts of the bowl's rim as it moves back and forth."
681441451dbc,event,aligned_dataset/water_plants_split/Seg1/water_plants_event,qa_pairs/aligned/event_qa_results_aligned.json,event_object_recognition,1,"The event stream captures a sequence within a kitchen. Initially, the camera moves over a floor and cabinet edge. As it approaches a sink basin, a hand enters the frame holding a spray bottle. The motion of the spray is visible as high-frequency event activity over a bowl resting inside the sink. Later, the spray bottle leaves the focus, and a cloth or sponge is introduced, exhibiting rapid rhythmic motion patterns as it scrubs the inner and outer surfaces of the bowl. A dish rack is visible to the right of the sink through persistent object boundaries during camera pans."
72d7ebb62f80,event,aligned_dataset/water_plants_split/Seg1/water_plants_event,qa_pairs/aligned/event_qa_results_aligned.json,event_non_common,1,"The event stream shows a standard, physically plausible cleaning routine. There are no signs of floating objects, unrealistic motion, or environmental clipping. The interactions between the hand, tools, and the bowl follow expected gravity and contact patterns."
96296fb328f2,event,aligned_dataset/water_plants_split/Seg1/water_plants_event,qa_pairs/aligned/event_qa_results_aligned.json,event_navigation,1,"The camera follows a short path starting from a view of the lower cabinets and floor, moving forward and tilting downward to arrive at the sink basin. The motion settles on the bowl within the sink, which serves as the primary landmark for the task-oriented navigation."
a1619dc3874b,event,aligned_dataset/water_plants_split/Seg1/water_plants_event,qa_pairs/aligned/event_qa_results_aligned.json,event_scene_sequence,1,"The video begins with a low-angle move across a floor toward a kitchen counter. Next, the camera tilts down to focus on a sink basin containing a single bowl. A hand enters with a spray bottle, performs a spraying action, and then retracts. This is followed by the hand re-entering with a cloth to scrub the bowl. Finally, the camera pans slightly to show the dish rack as the scrubbing continues."
e101d2353baf,event,aligned_dataset/water_plants_split/Seg1/water_plants_event,qa_pairs/aligned/event_qa_results_aligned.json,event_dynamic_recognition,1,"A spray bottle is recognized by its distinct silhouette and the intermittent event activity of the spray from frame 120 to 330. A hand is seen manipulating it. At frame 390, a cleaning cloth appears, characterized by its less defined, flexible shape and rapid scrubbing motion against the bowl's rigid boundaries, continuing through frame 870."
00411c740c49,event,aligned_dataset/water_plants_split/Seg2/water_plants_event,qa_pairs/aligned/event_qa_results_aligned.json,event_spatial_reasoning,1,My hands are positioned directly above the circular tank opening in the center of the frame. The fuel cap is moved from the center opening toward the upper right region of the frame. The fuel nozzle enters from above the machine surface and overlaps the opening. My hands interact with the cap and nozzle in the foreground while the flat machine surface stays in the background.
720dcc55d4b5,event,aligned_dataset/water_plants_split/Seg2/water_plants_event,qa_pairs/aligned/event_qa_results_aligned.json,event_object_recognition,1,"In this sequence, I interact with a circular fuel tank cap on a machine surface. My hands move toward the center, grab the cap, and perform a rotating motion to unscrew it. The cap then moves away from the opening. A fuel nozzle enters from the top edge and is inserted into the tank opening. After a period of being held stationary, the nozzle is pulled out, and my hands return to rotate the cap back into place."
74d863af7453,event,aligned_dataset/water_plants_split/Seg2/water_plants_event,qa_pairs/aligned/event_qa_results_aligned.json,event_counting,1,"I can identify several distinct moving objects and regions: 2 hands are actively moving, 1 circular fuel cap is handled, 1 tank opening is exposed, 1 fuel nozzle is inserted, and 1 machine surface serves as the workspace. Over the sequence, I perform 1 unscrewing action and 1 nozzle insertion."
81b2db934069,event,aligned_dataset/water_plants_split/Seg2/water_plants_event,qa_pairs/aligned/event_qa_results_aligned.json,event_dynamic_counting,1,"Outside of my own movements, the fuel cap moves twice (once to open, once to close). The fuel nozzle enters and exits the frame exactly once. No other humans, cars, or dynamic entities are observed in the background or foreground during this refueling task."
9757ded23f7b,event,aligned_dataset/water_plants_split/Seg2/water_plants_event,qa_pairs/aligned/event_qa_results_aligned.json,event_navigation,1,"The camera remains mostly stationary while my hands navigate to the center opening. The motion path starts at the edges, moves to the center for the cap, moves the cap aside, then brings the nozzle in from the top. The scene progression is dictated by the localized task steps of opening, fueling, and closing, rather than walking path navigation."
ad2de2906eab,event,aligned_dataset/water_plants_split/Seg2/water_plants_event,qa_pairs/aligned/event_qa_results_aligned.json,event_non_common,1,"There are no unusual or physically implausible situations in this event stream. The movements of the hands, cap, and nozzle all follow standard mechanical and physical rules for a refueling task performed on a stationary object."
b322f320256d,event,aligned_dataset/water_plants_split/Seg2/water_plants_event,qa_pairs/aligned/event_qa_results_aligned.json,event_action,1,"I am performing the action of refueling a machine. I first rotate my hands to unscrew the fuel cap, then I move the nozzle into the tank to deliver fuel. Finally, I use a rotating motion again to secure the cap back onto the machine. This purposeful interaction involves careful manual coordination with the machine's fuel port."
d52c4c65b84d,event,aligned_dataset/water_plants_split/Seg2/water_plants_event,qa_pairs/aligned/event_qa_results_aligned.json,event_scene_sequence,1,"The video starts with my hands entering the frame to unscrew the fuel cap. Next, the cap is removed and set aside, exposing the tank opening. Then, a fuel nozzle enters from the top and is placed inside the tank for refueling. Once the fueling is done, the nozzle is removed. Finally, my hands reappear to screw the cap back onto the opening until it is sealed."
e6b218d9d353,event,aligned_dataset/water_plants_split/Seg2/water_plants_event,qa_pairs/aligned/event_qa_results_aligned.json,event_dynamic_recognition,1,"My hands begin unscrewing the cap around frame 0 and finish by frame 150. The nozzle enters the scene around frame 240 and is fully inserted by frame 300. Refueling concludes around frame 540, and the nozzle exits the frame by frame 630. I start screwing the cap back on at frame 690 and complete the action by the final frames."
1334f54f8b3f,event,aligned_dataset/water_plants_split/Seg3/water_plants_event,qa_pairs/aligned/event_qa_results_aligned.json,event_counting,1,"From the event activity, one can count 1 handheld sprayer, 2 active hands, 1 sink basin, 1 couch, 1 backpack, and at least 3 distinct plant groupings. The movement clearly separates these regions as the camera transitions between them."
57609245dc2f,event,aligned_dataset/water_plants_split/Seg3/water_plants_event,qa_pairs/aligned/event_qa_results_aligned.json,event_dynamic_recognition,1,The sprayer and hands are dynamic from the first frame. Mist emissions start around frame 000030 and recur periodically. The foliage of the plants shows subtle movement starting from frame 000480 when the spray impacts the leaves.
7342013f9514,event,aligned_dataset/water_plants_split/Seg3/water_plants_event,qa_pairs/aligned/event_qa_results_aligned.json,event_scene_sequence,1,"The sequence starts with the subject spraying a metallic sink. The camera then pans to a couch area, followed by the treatment of a backpack. Finally, the subject navigates to a garden area to spray several plants, with the video concluding on a close-up of the foliage being misted."
9bf3eb757287,event,aligned_dataset/water_plants_split/Seg3/water_plants_event,qa_pairs/aligned/event_qa_results_aligned.json,event_action,1,"I am operating a handheld sprayer, aiming the nozzle and activating the trigger to release mist onto various surfaces. I interact with a sink, a couch, a backpack, and finally several plants. The motion is focused on thorough coverage of the target objects."
a28a1c98b211,event,aligned_dataset/water_plants_split/Seg3/water_plants_event,qa_pairs/aligned/event_qa_results_aligned.json,event_object_recognition,1,"The event stream highlights a handheld sprayer being manipulated by a subject's hands. The motion of the nozzle and the resulting mist emission are the most salient features. Stationary boundaries that become visible through interaction include a kitchen sink, a textured couch, a backpack with straps, and various plants with identifiable leaf patterns."
b6bbac904e10,event,aligned_dataset/water_plants_split/Seg3/water_plants_event,qa_pairs/aligned/event_qa_results_aligned.json,event_dynamic_counting,1,"The moving entities include the sprayer, the subject's hands, and the mist cloud. No other humans or vehicles are present. The sprayer mist appears at least 4 times as the subject targets different items. The camera viewpoint shifts 3 times between the main target areas."
d818e3449b4a,event,aligned_dataset/water_plants_split/Seg3/water_plants_event,qa_pairs/aligned/event_qa_results_aligned.json,event_navigation,1,"The camera follows a forward and panning path starting indoors at a sink, moving through a living area with furniture, and finally progressing to an outdoor or semi-outdoor space with plants. The route is defined by the proximity to the objects being sprayed."
e330030823b3,event,aligned_dataset/water_plants_split/Seg3/water_plants_event,qa_pairs/aligned/event_qa_results_aligned.json,event_non_common,1,"The event stream depicts a completely normal household and gardening activity. There are no strange motion patterns, floating objects, or violations of physical laws visible in the sequence."
f2a3a07a6a11,event,aligned_dataset/water_plants_split/Seg3/water_plants_event,qa_pairs/aligned/event_qa_results_aligned.json,event_spatial_reasoning,1,"The sprayer is held in the immediate foreground, consistently closer to the camera than the targets. The camera moves between a sink (close), a couch (medium distance), and plants (farther away). The subject's hands occasionally occlude parts of the sprayer and the objects being treated as they move the nozzle."
1f22b1d51836,event,aligned_dataset/water_plants_split/Seg4/water_plants_event,qa_pairs/aligned/event_qa_results_aligned.json,event_counting,8,"Based on the distinct motion boundaries and scene structure, I can count one spray bottle, two hands, three plant pots, one pump handle, one spray nozzle, one trigger lever, three main clusters of herbs, and one large pressure tank."
38e3126f8f49,event,aligned_dataset/water_plants_split/Seg4/water_plants_event,qa_pairs/aligned/event_qa_results_aligned.json,event_action,8,"I am watering herb plants using a pressurized spray bottle. First, I use my right hand to pump the plunger to build air pressure inside the tank. After four pumps, I shift my grip and use my thumb to press the trigger, releasing a fine mist. I then move the sprayer in a horizontal sweeping motion to cover the leaves of the three pots."
3a6101333866,event,aligned_dataset/water_plants_split/Seg4/water_plants_event,qa_pairs/aligned/event_qa_results_aligned.json,event_spatial_reasoning,1,"The spray bottle is located in the immediate foreground, held by the user's hand. Three plant pots are situated in a row in the mid-ground, further away from the camera. The spray nozzle is positioned between the user and the plants, pointing directly at the leaves. As I move the sprayer, it passes in front of the stationary pots, creating clear motion-based depth cues."
5660d7ad951f,event,aligned_dataset/water_plants_split/Seg4/water_plants_event,qa_pairs/aligned/event_qa_results_aligned.json,event_non_common,1,"No unusual or physically implausible situations are observed in the event stream. The motion of the sprayer, the user's manual pumping, and the release of mist are all consistent with normal physical expectations for a gardening task."
589a15503c41,event,aligned_dataset/water_plants_split/Seg4/water_plants_event,qa_pairs/aligned/event_qa_results_aligned.json,event_object_recognition,1,"The event stream highlights the rapid motion of a person's hands operating a pressurized spray bottle. The boundaries of the bottle, its vertical pump handle, and the spray trigger are well-defined by event activity. Several plant pots containing dense, leafy herbs are visible as the camera pans, with their complex structures creating intricate event patterns. A sudden flurry of events near the nozzle indicates the release of a fine water mist."
750a9e116460,event,aligned_dataset/water_plants_split/Seg4/water_plants_event,qa_pairs/aligned/event_qa_results_aligned.json,event_scene_sequence,1,"The sequence starts with a focus on the spray bottle as I pump the handle vertically four times. Next, my hand shifts to the trigger grip. Then, the camera pans left as I begin spraying the first plant pot. The motion continues across the second and third pots, ending with a final sweep of the mist over the herb clusters."
b341ef4555c7,event,aligned_dataset/water_plants_split/Seg4/water_plants_event,qa_pairs/aligned/event_qa_results_aligned.json,event_navigation,1,"The camera follows a simple path, starting with a close-up on the sprayer and then performing a horizontal pan to the left. This pan guides the viewer's attention from the user's hands toward the target plant pots. The viewpoint changes from a high-angle shot of the pump to a side-angle view tracking the spray mist as it moves across the leaves."
d562c3ac15bd,event,aligned_dataset/water_plants_split/Seg4/water_plants_event,qa_pairs/aligned/event_qa_results_aligned.json,event_dynamic_recognition,8,The pump handle begins moving at frame 000060 and completes its cycles by 000210. The spray mist appears as a flurry of fine event activity starting around frame 000300 and continues as I sweep the nozzle left. The trigger is seen depressing just before the mist release. The plants remain stationary throughout the watering process.
fdb23a94e185,event,aligned_dataset/water_plants_split/Seg4/water_plants_event,qa_pairs/aligned/event_qa_results_aligned.json,event_dynamic_counting,8,"The pump handle moves up and down exactly four times at the start of the video. One continuous burst of mist is released from the nozzle. No other humans, cars, or moving objects are visible in the background or foreground throughout the sequence."
245717a8e2aa,event,aligned_dataset/water_plants_split/Seg5/water_plants_event,qa_pairs/aligned/event_qa_results_aligned.json,event_spatial_reasoning,1,"The spray bottle is in the immediate foreground, held by my hand. The potted plants are positioned slightly behind it on a horizontal surface. As the camera pans, the table edge provides a sharp boundary between the foreground shelf and the space below. The wall is initially out of view and later becomes the dominant background surface as I tilt the camera upward."
2ba02eef1aac,event,aligned_dataset/water_plants_split/Seg5/water_plants_event,qa_pairs/aligned/event_qa_results_aligned.json,event_dynamic_counting,1,"Apart from my hand and the spray bottle handle it manipulates, there are no other dynamic humans or independent moving objects in the scene. The visual activity is entirely generated by my actions and camera movement."
38de10b504ce,event,aligned_dataset/water_plants_split/Seg5/water_plants_event,qa_pairs/aligned/event_qa_results_aligned.json,event_navigation,1,"The camera performs a local pan and tilt motion. It starts facing downward toward a tabletop with plants, then tilts upward and pans slightly to the left. The motion path indicates a transition from a working area to an observation of the wall. No walking steps or translation through the room are observed."
53fd5595511d,event,aligned_dataset/water_plants_split/Seg5/water_plants_event,qa_pairs/aligned/event_qa_results_aligned.json,event_action,1,"I am holding a spray bottle and preparing to use it. I use one hand to pump the top handle repeatedly to build pressure. After several pumps, I stop and begin to orient the camera away from the plants toward the surrounding room. The action represents plant maintenance followed by a shift in attention."
7166d9a7fd04,event,aligned_dataset/water_plants_split/Seg5/water_plants_event,qa_pairs/aligned/event_qa_results_aligned.json,event_non_common,1,"The scene displays normal human activity and physics. A hand realistically manipulates a pressurized sprayer. Objects remain grounded on the table, and the camera motion is smooth and consistent with a person's movement. No unusual or physically impossible events are detected."
80ef830bc2f3,event,aligned_dataset/water_plants_split/Seg5/water_plants_event,qa_pairs/aligned/event_qa_results_aligned.json,event_dynamic_recognition,1,"A hand is the primary moving entity, visible from the start. The sprayer's pump handle moves vertically between frame 300 and 500. The entire scene shifts as the camera starts a pan-tilt motion around frame 600, concluding with a view of the wall and its switch by frame 870."
ab6e0bc45cbf,event,aligned_dataset/water_plants_split/Seg5/water_plants_event,qa_pairs/aligned/event_qa_results_aligned.json,event_counting,1,"Several objects and regions are identifiable through their motion or boundaries: one spray bottle, approximately three distinct potted plant containers, one hand, one tabletop edge, and one control panel on the wall."
cb814cd86a43,event,aligned_dataset/water_plants_split/Seg5/water_plants_event,qa_pairs/aligned/event_qa_results_aligned.json,event_object_recognition,1,"The event stream captures a hand holding a large cylindrical spray bottle. Initially, several static potted plants are visible on a horizontal surface. A hand moves the sprayer's pump handle up and down repeatedly, creating strong event clusters. Later, the camera pans across a flat tabletop and towards a vertical wall where a small rectangular control panel or switch is detected through its boundaries."
e887eb0f87de,event,aligned_dataset/water_plants_split/Seg5/water_plants_event,qa_pairs/aligned/event_qa_results_aligned.json,event_scene_sequence,1,"The sequence begins with a focused view of a spray bottle and plants. Motion is concentrated on the pumping action of the bottle handle. Next, the camera pans horizontally and upward, transitioning from the tabletop scene to a view of a plain wall. During this transition, the edges of the tabletop disappear from the bottom of the frame, and a small rectangular object on the wall enters the field of view."
18b445349870,ir,aligned_dataset/brew_tea_split/Seg1/ir,qa_pairs/aligned/ir_qa_results_aligned.json,dynamic_recognition,8,The primary dynamic element is my hand movement. A hand appears from the bottom to adjust the induction tray controls starting at frame 000090. Another hand reaches for the teapot lid around frame 000630 and sets it back down. The digital numbers change from '96' (frame 000090) to '100' (frame 000870).
20951b9e5fb5,ir,aligned_dataset/brew_tea_split/Seg1/ir,qa_pairs/aligned/ir_qa_results_aligned.json,light_change,8,"The overall illumination remains consistent throughout the video. There are no lights being turned on or off. The most notable change is the shifting light from the digital display as the numbers change from 96 to 100, slightly altering the local thermal reflection on nearby surfaces. The camera moves, changing the perspective of the reflections on the kettle."
2977371d079f,ir,aligned_dataset/brew_tea_split/Seg1/ir,qa_pairs/aligned/ir_qa_results_aligned.json,text_recognition,8,"In the video, several text-like patterns are visible. Most notably, a digital display on the induction heating tray shows numerical values. Starting from frame 000090, the number '96' is visible. This number increments steadily: '97' around frame 000570, '98' around frame 000720, '99' around frame 000810, and '100' by frame 000870. This text represents the temperature in degrees Celsius of the water being heated. On the right side, starting around frame 000510, a mobile phone screen shows a timer starting from '00:15' and increasing. There are also Chinese characters engraved or printed on the black surface of the heating tray, which likely provide brand information or operating instructions."
2bb6038c14ba,ir,aligned_dataset/brew_tea_split/Seg1/ir,qa_pairs/aligned/ir_qa_results_aligned.json,non_common,1,The placement of the long sugar cane stalks directly on the tea table alongside delicate tea equipment is a bit unusual for a formal setting. There's a minor simulation-like artifact where the reflection on the kettle's base seems slightly disconnected from the physical geometry in some frames.
4a8255b7ebdd,ir,aligned_dataset/brew_tea_split/Seg1/ir,qa_pairs/aligned/ir_qa_results_aligned.json,spatial_reasoning,1,"The scene is composed of several objects on a tea table. The white patterned cup is positioned to the left of the teapot. The electric kettle is situated to the right of the teapot. Behind the cup is a small glass jar. A collection of stalks lies along the left edge of the table. The thermos is located to the far right, near the edge of the frame. I am approximately 0 steps away from these objects, as they are within arm's reach on the table directly in front of me."
8827d65debe6,ir,aligned_dataset/brew_tea_split/Seg1/ir,qa_pairs/aligned/ir_qa_results_aligned.json,dynamic_counting,8,There are no moving objects or humans in the video other than my hands entering the frame to interact with the objects. No external dynamic entities like pets or other people are visible.
a334658e07b0,ir,aligned_dataset/brew_tea_split/Seg1/ir,qa_pairs/aligned/ir_qa_results_aligned.json,object_recognition,1,"The infrared video shows an indoor tea-making scene centered around a wooden table. Key objects include a metallic electric kettle on the right, a dark thermos further to the right, a ceramic teapot on an induction heating plate, a white patterned tea cup, a small glass jar with a lid, and a container holding several bottles and tubes. On the left side of the table, several long, segmented stalks (likely sugar cane or bamboo) are lying. The induction plate features a digital display showing numbers, acting as a thermal hotspot. The background includes a black leather sofa, another small table, and a chair."
ad79baa17a07,ir,aligned_dataset/brew_tea_split/Seg1/ir,qa_pairs/aligned/ir_qa_results_aligned.json,action,8,"I am preparing tea. I approach the table, check the temperature on the induction tray, and adjust the settings with my hand to ensure the water reaches the boiling point (100 degrees). I also touch the teapot lid to check its status. The consequence is the water reaching boiling temperature for brewing."
b1ed7b5ab592,ir,aligned_dataset/brew_tea_split/Seg1/ir,qa_pairs/aligned/ir_qa_results_aligned.json,light_recognition,1,"The main light sources are a low ambient overhead light and the emissive digital display on the induction heating tray. the display emits a sharp, high-contrast thermal signature. There are reflections of the room lighting on the metallic surface of the electric kettle and the glass jar."
b8770ca21193,ir,aligned_dataset/brew_tea_split/Seg1/ir,qa_pairs/aligned/ir_qa_results_aligned.json,counting,10,"I can identify the following objects for counting: 1 electric kettle, 1 ceramic teapot, 1 white tea cup, 1 thermos pitcher, 1 glass jar, 1 box of supplies, 1 mobile phone, and approximately 6 sugar cane stalks. The induction tray is 1 unit. There are 2 tables visible in total."
bc34407b747f,ir,aligned_dataset/brew_tea_split/Seg1/ir,qa_pairs/aligned/ir_qa_results_aligned.json,scene_sequence,10,"The video starts with a wide shot of the room, showing the sofa and furniture. I move closer to the tea table, focusing on the equipment. First, I see the general layout with the kettle and thermos on the right and sugar cane on the left. As I get closer, the induction tray with the teapot becomes the central focus. I observe the temperature display rising. Eventually, my hands enter the frame to interact with the teapot and the controls on the tray."
c406f9d66b4f,ir,aligned_dataset/brew_tea_split/Seg1/ir,qa_pairs/aligned/ir_qa_results_aligned.json,navigation,10,"I start from a standing position away from the table. I take approximately 2 steps forward to reach the edge of the tea table. I do not perform any left or right turns during this approach. Once at the table, I remain stationary while interacting with the tea equipment."
2f65f228b514,ir,aligned_dataset/check_mailbox_split/Seg1/check_mailbox_ir,qa_pairs/aligned/ir_qa_results_aligned.json,light_recognition,1,"The initial room is lit by natural light from a window and dim ambient light. As I move into the hallway, overhead lights provide consistent illumination, visible as bright hotspots on the ceiling and walls. The exit to the common corridor shows a significant light source, likely powerful overhead fluorescent or LED panels, creating high thermal contrast with the interior rooms."
41ec4491cd9c,ir,aligned_dataset/check_mailbox_split/Seg1/check_mailbox_ir,qa_pairs/aligned/ir_qa_results_aligned.json,dynamic_recognition,1,"The most significant dynamic interaction is my own handling of the sneakers from frame 210 to 420. Later, a person is briefly visible standing in the background at frame 810 as I enter the workshop room. The exit door opens around frame 720, creating a dynamic shift in the scene as I transition spaces."
42fd8c8349f1,ir,aligned_dataset/check_mailbox_split/Seg1/check_mailbox_ir,qa_pairs/aligned/ir_qa_results_aligned.json,text_recognition,1,"In frame 0, a magazine features the bold word 'REVOLUTION' and the word 'OVER' below a graphic of a person's face. Around frame 750 and 780, text appears on a door in a common hallway reading 'N° 1'233 | 1'234 | 1'235'. This text likely serves as room identification or a directional sign for multiple units in the building."
5b10a209910a,ir,aligned_dataset/check_mailbox_split/Seg1/check_mailbox_ir,qa_pairs/aligned/ir_qa_results_aligned.json,counting,1,"I can count several key items throughout the video: 1 large window, at least 3 doors, approximately 5 pairs of shoes on the mat, 5 cleaning bottles or containers on the cabinet, and 1 large white table in the final room."
5dcdf852da32,ir,aligned_dataset/check_mailbox_split/Seg1/check_mailbox_ir,qa_pairs/aligned/ir_qa_results_aligned.json,object_recognition,1,"In this IR video sequence, I observe a variety of indoor objects. It starts with a window with curtains and a magazine with the word 'REVOLUTION' on it. There is a bed with a white comforter and several cabinets and drawers along the hallway. In the hallway, there are various pairs of shoes, including dark boots and white-and-black sneakers. I also see a trash can, a chest of drawers holding cleaning supplies like spray bottles and jugs, and a large white table in a workshop or office-like environment. The thermal signatures clearly define the shapes of these furniture pieces and containers against the cooler floor and walls."
8a1e0ce3ef95,ir,aligned_dataset/check_mailbox_split/Seg1/check_mailbox_ir,qa_pairs/aligned/ir_qa_results_aligned.json,action,1,"I begin by walking out of a bedroom. I then reach down to interact with a pair of sneakers, presumably putting them on or adjusting them. Following this, I walk down the hallway to the exit, grasp the door handle to open the door, and walk out into the building's common corridor. Finally, I walk into another room and approach a table."
8c4ecd2b134d,ir,aligned_dataset/check_mailbox_split/Seg1/check_mailbox_ir,qa_pairs/aligned/ir_qa_results_aligned.json,spatial_reasoning,1,"The spatial layout consists of several object pairs. The magazine is situated on a surface adjacent to the window at the beginning. The bed is positioned along the wall in the first room. In the hallway, a small cabinet stands next to a door. A collection of shoes is clustered on a dark floor mat located beneath a shelving unit or bench. The white table is centered in the room near the end, roughly 10 steps from the doorway I entered. I estimate the distance from the bed to the shoe mat is about 15 steps."
9282c6d3475c,ir,aligned_dataset/check_mailbox_split/Seg1/check_mailbox_ir,qa_pairs/aligned/ir_qa_results_aligned.json,dynamic_counting,1,"Aside from my own movements, the main dynamic element is a human standing in the distance near a desk or table at frame 810. No other moving objects like pets or vehicles are observed in this interior sequence."
cc640f2744e0,ir,aligned_dataset/check_mailbox_split/Seg1/check_mailbox_ir,qa_pairs/aligned/ir_qa_results_aligned.json,light_change,1,"The lighting transitions from the dim environment of the bedroom and interior hallway to a very bright common corridor. When the exit door is opened around frame 720, the scene becomes much brighter as I move into the well-lit building hallway. The light intensity decreases slightly as I enter the final workshop room, though it remains brightly lit by overhead sources."
d95852ca00a9,ir,aligned_dataset/check_mailbox_split/Seg1/check_mailbox_ir,qa_pairs/aligned/ir_qa_results_aligned.json,scene_sequence,1,"The video follows a sequence starting in a bedroom, then moves into a hallway passing a kitchen area. I stop in a shoe storage area to put on sneakers. From there, I continue down the hallway past a cabinet with cleaning supplies to an exit door. I open this door, enter a brighter common building corridor, pass a set of room numbers on another door, and finally enter a large room that appears to be a workshop or office area containing a large white table."
e292b37a1191,ir,aligned_dataset/check_mailbox_split/Seg1/check_mailbox_ir,qa_pairs/aligned/ir_qa_results_aligned.json,non_common,1,"The layout of the shoe storage area seems a bit cluttered for a narrow hallway, which might be considered a minor design drawback as it could hinder clear passage. Additionally, the cleaning supplies on the hallway cabinet appear disorganized, which could be improved for better accessibility."
f66293788ea0,ir,aligned_dataset/check_mailbox_split/Seg1/check_mailbox_ir,qa_pairs/aligned/ir_qa_results_aligned.json,navigation,1,"Starting at the window, I turn left to leave the room. I walk forward about 10 steps to reach the shoe area and stop. After turning right toward the exit door, I walk 8 steps, open the door, and enter the corridor. In the corridor, I walk straight for 5 steps before turning left into the final room with the table."
2ba0baa4f8c9,ir,aligned_dataset/check_mailbox_split/Seg2/check_mailbox_ir,qa_pairs/aligned/ir_qa_results_aligned.json,text_recognition,8,"There is a room number sign identified as 'N° 1'233 | 1'234 | 1'235' on the door wall, notably visible at frame 0. This is likely a room or apartment identification label indicating a sequence of units in this corridor."
3509ce6ae247,ir,aligned_dataset/check_mailbox_split/Seg2/check_mailbox_ir,qa_pairs/aligned/ir_qa_results_aligned.json,non_common,1,"The layout is a standard outdoor corridor with stairs, which is consistent with architectural norms for multi-story buildings, and no violations of physics or weird design elements are observed."
409e880bbc97,ir,aligned_dataset/check_mailbox_split/Seg2/check_mailbox_ir,qa_pairs/aligned/ir_qa_results_aligned.json,spatial_reasoning,1,"Spatial relationships: 1. The walkway is parallel to the building wall. 2. The stairs are perpendicular to the walkway. 3. The windows are located above the walkway level. 4. The railing is between the walkway and the open courtyard area. 5. The building wing is across the open courtyard. Distance estimation: The stairs are approximately 5 steps away, the building wing is about 20 steps away, the wall I am walking along is 1 step away, and the railing is 2 steps away."
5a2ca408fd23,ir,aligned_dataset/check_mailbox_split/Seg2/check_mailbox_ir,qa_pairs/aligned/ir_qa_results_aligned.json,scene_sequence,10,"The video starts with a close-up of a door sign (1'233-1'235) in a dark hallway. The camera then turns and navigates along the outdoor walkway. It passes the staircase, continues down the corridor past several doors, and finally ends near another sign reading 'N° 1'129 | 1'130'."
5c70521e9bcd,ir,aligned_dataset/check_mailbox_split/Seg2/check_mailbox_ir,qa_pairs/aligned/ir_qa_results_aligned.json,light_change,8,"The lighting remains generally consistent as I walk along the corridor, though the intensity fluctuates as I move under the different overhead light fixtures and further away from the initial brightly lit doorway area."
614f46846d29,ir,aligned_dataset/check_mailbox_split/Seg2/check_mailbox_ir,qa_pairs/aligned/ir_qa_results_aligned.json,navigation,1,"The video displays a first-person perspective navigating through an exterior building corridor, likely at night. The sequence starts in a dark corridor marked with 'N° 1'233 | 1'234 | 1'235'. The path continues forward towards an open outdoor area featuring metal staircases and a courtyard with a tree. The camera pans and descends down a metal staircase, following a path that leads across a tiled ground area and then along another corridor with similar building numbering, ending at a door labeled 'N° 1'129 | 1'130'."
918ef6548cd3,ir,aligned_dataset/check_mailbox_split/Seg2/check_mailbox_ir,qa_pairs/aligned/ir_qa_results_aligned.json,object_recognition,1,"The video captures an outdoor walkway area of a building, featuring a metal railing, concrete floor, an exterior wall with multiple windows on the adjacent wing, and a set of metal stairs. Thermal contrasts are visible on the building facade, the railing structure, and the concrete surface, indicating varying temperatures of the architectural elements."
9371882c0c9b,ir,aligned_dataset/check_mailbox_split/Seg2/check_mailbox_ir,qa_pairs/aligned/ir_qa_results_aligned.json,counting,10,1. Door signs: 2. 2. Staircases: 1. 3. Ceiling lights: 6 visible. 4. Doors along the hallway: 4 visible. 5. Windows in the building facade: 12 visible.
993acfbd848d,ir,aligned_dataset/check_mailbox_split/Seg2/check_mailbox_ir,qa_pairs/aligned/ir_qa_results_aligned.json,dynamic_counting,8,"There are no dynamic objects or humans detected in the video, other than the movement of the camera itself."
bfee6262442c,ir,aligned_dataset/check_mailbox_split/Seg2/check_mailbox_ir,qa_pairs/aligned/ir_qa_results_aligned.json,action,8,"The subject is walking forward along an outdoor corridor, likely to inspect or navigate through the building's residential units. The purpose is to move from one section of the building to another."
ca33d537b24d,ir,aligned_dataset/check_mailbox_split/Seg2/check_mailbox_ir,qa_pairs/aligned/ir_qa_results_aligned.json,dynamic_recognition,8,There are no dynamic objects or humans identified; the entire scene remains static except for the camera's panning and tracking motion.
f969dcdabc32,ir,aligned_dataset/check_mailbox_split/Seg2/check_mailbox_ir,qa_pairs/aligned/ir_qa_results_aligned.json,light_recognition,1,"The scene is illuminated by several overhead artificial lights mounted on the ceiling of the outdoor walkway, casting a distinct light pattern on the concrete floor and walls. These act as the primary light source in the IR spectrum."
194e0b364113,ir,aligned_dataset/check_mailbox_split/Seg3/check_mailbox_ir,qa_pairs/aligned/ir_qa_results_aligned.json,text_recognition,1,"Text-like patterns include: 1. 'Feuerwehr Laufkarten' on a box (frame 000630), used for fire safety documentation. 2. Numeric labels on mailboxes (frames 000780-000870), such as '1'112', '1'123', '1'201', '1'212', '1'223', '1'234', '1'301', used to identify individual mail slots."
1dd459fc5ac2,ir,aligned_dataset/check_mailbox_split/Seg3/check_mailbox_ir,qa_pairs/aligned/ir_qa_results_aligned.json,dynamic_counting,1,"A person walks from the background towards the camera through the glass-doored entrance area, crossing the field of view."
48a318c9ae61,ir,aligned_dataset/check_mailbox_split/Seg3/check_mailbox_ir,qa_pairs/aligned/ir_qa_results_aligned.json,action,1,"The subject navigates through the outdoor building area, performing an inspection-like walk to view the fire safety equipment and the mailbox array, likely for navigation or facility checking."
81586c69a363,ir,aligned_dataset/check_mailbox_split/Seg3/check_mailbox_ir,qa_pairs/aligned/ir_qa_results_aligned.json,object_recognition,1,"The video features an outdoor building complex with modern architectural design. Key objects include a paved walkway, a glass building facade with horizontal mullions, a dark-colored wall with recessed windows, an external covered corridor, a small garden area with shrubs, a waste bin, a staircase, and a wall-mounted fire safety box labeled 'Feuerwehr Laufkarten'."
882bd2b3ec8b,ir,aligned_dataset/check_mailbox_split/Seg3/check_mailbox_ir,qa_pairs/aligned/ir_qa_results_aligned.json,light_change,1,The light changes from natural daylight in the initial sequence to artificial illumination provided by ceiling-mounted lights as the camera moves through the corridor during the night sequence.
8f8b6453bfae,ir,aligned_dataset/check_mailbox_split/Seg3/check_mailbox_ir,qa_pairs/aligned/ir_qa_results_aligned.json,light_recognition,1,The scene relies on ambient daylight in the day frames and artificial lighting from overhead fixtures along the corridor during the night frames. These overhead lights have a circular shape and provide downward illumination.
a1f492c3cead,ir,aligned_dataset/check_mailbox_split/Seg3/check_mailbox_ir,qa_pairs/aligned/ir_qa_results_aligned.json,spatial_reasoning,1,"Spatial relationships: the covered corridor is parallel to the glass building facade; the paved walkway connects the garden area to the main building entrance; the staircase is located to the right of the outdoor path; the fire safety box is on the dark wall to the right of the entrance door; the waste bin is on the left side of the courtyard. The distance from the camera to the garden is roughly 3-4 steps, to the building entrance is 6-8 steps, to the staircase is 10 steps, to the fire safety box is 5 steps, and to the glass facade is 12 steps."
ba6583e7f96d,ir,aligned_dataset/check_mailbox_split/Seg3/check_mailbox_ir,qa_pairs/aligned/ir_qa_results_aligned.json,navigation,1,"To navigate the space: start by moving straight along the corridor, turn left to enter the courtyard, walk straight past the glass building, turn right to reach the entrance, and continue straight to find the fire safety box and mailboxes."
c46d3de41614,ir,aligned_dataset/check_mailbox_split/Seg3/check_mailbox_ir,qa_pairs/aligned/ir_qa_results_aligned.json,non_common,1,"The layout is functional; however, the peeling paint on the ceiling of the outdoor corridor suggests maintenance issues or water damage, which is a structural flaw in the environment."
c652046e9c5c,ir,aligned_dataset/check_mailbox_split/Seg3/check_mailbox_ir,qa_pairs/aligned/ir_qa_results_aligned.json,dynamic_recognition,1,"A person walks through the corridor visible through the glass door, starting at frame 000570 and finishing their movement by frame 000660."
e4424f83259e,ir,aligned_dataset/check_mailbox_split/Seg3/check_mailbox_ir,qa_pairs/aligned/ir_qa_results_aligned.json,scene_sequence,1,"The sequence starts in an outdoor corridor near a building corner, moves through the courtyard past the glass facade, passes by the building entrance, approaches the wall-mounted safety box, and finally moves towards a set of mailboxes located in the outdoor area."
efaa93a7c5b6,ir,aligned_dataset/check_mailbox_split/Seg3/check_mailbox_ir,qa_pairs/aligned/ir_qa_results_aligned.json,counting,1,"The video includes 1 waste bin, 1 fire safety box, 1 set of mailboxes, 2 distinct building facades, 1 outdoor staircase, and 1 main entrance area."
06cd82799cc2,ir,aligned_dataset/check_mailbox_split/Seg4/check_mailbox_ir,qa_pairs/aligned/ir_qa_results_aligned.json,dynamic_counting,1,"In the latter part of the video (from frame 000570 to 000870), a person is observed walking in the outdoor area. The person is moving from the background toward the building entrance."
11c84604d50e,ir,aligned_dataset/check_mailbox_split/Seg4/check_mailbox_ir,qa_pairs/aligned/ir_qa_results_aligned.json,non_common,1,"The layout is consistent with a standard apartment building entrance; however, the placement of the 'Hausmeister' (caretaker) label on a high-numbered mailbox grid is typical for residential utility. No major layout violations are present."
25af4533b95a,ir,aligned_dataset/check_mailbox_split/Seg4/check_mailbox_ir,qa_pairs/aligned/ir_qa_results_aligned.json,dynamic_recognition,1,A person is identified walking outside the building starting from frame 000570 and ending at frame 000870. The individual is moving across the outdoor walkway.
4109a570cc15,ir,aligned_dataset/check_mailbox_split/Seg4/check_mailbox_ir,qa_pairs/aligned/ir_qa_results_aligned.json,action,1,"The subject approaches the mailbox grid, selects a key, and interacts with a specific mailbox lock (label 1'235) to open it. The action appears to be checking or retrieving mail."
497748570467,ir,aligned_dataset/check_mailbox_split/Seg4/check_mailbox_ir,qa_pairs/aligned/ir_qa_results_aligned.json,object_recognition,1,"The video captures an entrance area with a wall-mounted grid of numbered mailboxes. The environment is indoors and features a glass-paneled wall, a tiled floor, and a metal pillar. Each mailbox has a unique four-digit identifier. The scene is captured in infrared, showing thermal contrast between the metal fixtures and the surrounding walls."
6142b0315ac2,ir,aligned_dataset/check_mailbox_split/Seg4/check_mailbox_ir,qa_pairs/aligned/ir_qa_results_aligned.json,text_recognition,1,"The IR video shows multiple numbered mailboxes with engraved text. Notable identifiers include '1'223', '1'234', '1'301', '1'235', '1'224', '1'236', '1'302', '1'201', '1'212', '1'202', '1'213', '1'203', '1'214', '1'204', '1'215', '1'205', '1'216', '1'206', '1'207', 'T004', 'T005', 'T006', 'T007', 'T008', 'T010', 'T011', 'T014', 'T015', 'T016', 'T017', 'T018', 'T019', 'T020', and 'Hausmeister' (frame 000630). These labels identify specific apartment or utility units."
81dbe491115a,ir,aligned_dataset/check_mailbox_split/Seg4/check_mailbox_ir,qa_pairs/aligned/ir_qa_results_aligned.json,spatial_reasoning,1,"The scene shows several key spatial relationships: the grid of mailboxes is positioned on the wall to the right of the entrance door; the glass entrance door is situated between the mailbox wall and a solid door leading to a room; a metal pillar stands to the left of the entrance; and the mailbox grid is about 3 steps away from the camera. The ceiling is above the glass paneling, and the floor is below the mailbox grid."
838034ce9239,ir,aligned_dataset/check_mailbox_split/Seg4/check_mailbox_ir,qa_pairs/aligned/ir_qa_results_aligned.json,counting,1,"The scene includes numerous mailboxes, one entrance door, one metal pillar, one bulletin board, one hallway area, and one outdoor pathway. Throughout the video, more than 30 mailboxes are visible in the grid."
9d2678449a33,ir,aligned_dataset/check_mailbox_split/Seg4/check_mailbox_ir,qa_pairs/aligned/ir_qa_results_aligned.json,light_change,1,"As the camera moves from the indoor entryway toward the exterior, the intensity of the light shifts. The bright indoor lights disappear as the camera exits the building, transitioning to the ambient light of the outdoor environment. The transition indicates movement from a highly illuminated indoor space to a potentially darker or differently lit exterior."
b376befcae71,ir,aligned_dataset/check_mailbox_split/Seg4/check_mailbox_ir,qa_pairs/aligned/ir_qa_results_aligned.json,scene_sequence,1,"The sequence starts with a focused view of the upper-numbered mailboxes. The camera then pans left and down to reveal the full grid of numbered mailboxes, including both '1' series and 'T' series. The camera then moves through the glass doorway into a hallway. Finally, it passes a bulletin board and exits into an outdoor area."
e1031b0e52ed,ir,aligned_dataset/check_mailbox_split/Seg4/check_mailbox_ir,qa_pairs/aligned/ir_qa_results_aligned.json,navigation,1,"The navigation starts at the mailbox grid. To proceed, I turn right to face the glass entrance door, move forward through it, walk down the hallway, and turn slightly to exit through the final door into the outdoor area."
f9f3008c7bb9,ir,aligned_dataset/check_mailbox_split/Seg4/check_mailbox_ir,qa_pairs/aligned/ir_qa_results_aligned.json,light_recognition,1,"The scene is lit by ceiling-mounted fluorescent or LED light fixtures, which appear as bright, high-intensity streaks in the IR spectrum. These lights are concentrated above the mailbox area and along the ceiling of the hallway, providing uniform illumination across the tiled surfaces."
11ed8fd7affb,ir,aligned_dataset/check_mailbox_split/Seg5/check_mailbox_ir,qa_pairs/aligned/ir_qa_results_aligned.json,object_recognition,1,"The video captures an outdoor building complex featuring a set of metal stairs, a paved courtyard with rectangular seating, a tall bare tree, and a modern multi-story residential building with glass windows."
3307a2dcf267,ir,aligned_dataset/check_mailbox_split/Seg5/check_mailbox_ir,qa_pairs/aligned/ir_qa_results_aligned.json,text_recognition,1,"In frame 000540, there is a door with text-like markings, likely indicating room numbers such as '1131/1132'. This is typical for apartment building hallways."
4382de596bff,ir,aligned_dataset/check_mailbox_split/Seg5/check_mailbox_ir,qa_pairs/aligned/ir_qa_results_aligned.json,scene_sequence,1,"The sequence starts with an external view of a courtyard featuring a staircase. Then, it transitions to moving through an outdoor corridor or walkway, passing by doors, eventually entering an interior lobby area with an elevator."
a0230d3f3443,ir,aligned_dataset/check_mailbox_split/Seg5/check_mailbox_ir,qa_pairs/aligned/ir_qa_results_aligned.json,dynamic_counting,1,"The scene is mostly static, with no significant moving objects or people aside from the camera's motion through the environment."
ba412239369e,ir,aligned_dataset/check_mailbox_split/Seg5/check_mailbox_ir,qa_pairs/aligned/ir_qa_results_aligned.json,non_common,1,The layout is consistent with typical modern architecture; no objects are floating or clipping through surfaces inappropriately.
bda630a2acb0,ir,aligned_dataset/check_mailbox_split/Seg5/check_mailbox_ir,qa_pairs/aligned/ir_qa_results_aligned.json,spatial_reasoning,1,"The stairs are positioned in front of the building block on the left, approximately 5 steps away. The paved path leads from the base of the stairs towards the center, where the rectangular seats are located. A tall tree stands between the building on the left and the large building block on the right. The distance between the stairs and the central seating area is about 15 steps. The distance between the benches and the entrance of the building on the right is approximately 10 steps. The railings of the stairs are parallel to the building facade."
c076fe765ef3,ir,aligned_dataset/check_mailbox_split/Seg5/check_mailbox_ir,qa_pairs/aligned/ir_qa_results_aligned.json,navigation,1,"The navigation involves descending stairs, walking along an outdoor balcony, turning toward an entrance, and proceeding into a lobby."
c654fdad1f28,ir,aligned_dataset/check_mailbox_split/Seg5/check_mailbox_ir,qa_pairs/aligned/ir_qa_results_aligned.json,action,1,"I am walking through an outdoor residential complex, descending a flight of metal stairs, following a pathway, and entering a building lobby, likely to reach a specific apartment or exit."
e5333006507b,ir,aligned_dataset/check_mailbox_split/Seg5/check_mailbox_ir,qa_pairs/aligned/ir_qa_results_aligned.json,light_change,1,"The video transitions from bright outdoor natural light to lower intensity artificial light in the interior hallway, and finally to a well-lit lobby environment."
ee83fd94ae0c,ir,aligned_dataset/check_mailbox_split/Seg5/check_mailbox_ir,qa_pairs/aligned/ir_qa_results_aligned.json,light_recognition,1,"The scene includes natural daylight and artificial lighting from ceiling-mounted fixtures in the hallway, which provide clear visibility of the walls and doors."
f3df61cc2577,ir,aligned_dataset/check_mailbox_split/Seg5/check_mailbox_ir,qa_pairs/aligned/ir_qa_results_aligned.json,counting,1,"In the scene, there are: one staircase, two main building structures, two rectangular benches in the courtyard, and multiple doors along the hallway."
f632e614e44b,ir,aligned_dataset/check_mailbox_split/Seg5/check_mailbox_ir,qa_pairs/aligned/ir_qa_results_aligned.json,dynamic_recognition,1,"The video shows movement of the camera through the environment, but no independent dynamic objects or people are present."
2acc9cdcf677,ir,aligned_dataset/check_mailbox_split/Seg6/check_mailbox_ir,qa_pairs/aligned/ir_qa_results_aligned.json,dynamic_counting,1,No moving objects or humans are present in the video; the sequence focuses solely on the static interior layout and corridor structure.
466f999de87e,ir,aligned_dataset/check_mailbox_split/Seg6/check_mailbox_ir,qa_pairs/aligned/ir_qa_results_aligned.json,spatial_reasoning,1,"1. Metal railing to wall: adjacent. 2. Trash bin to dining table: 2 steps. 3. Chair to dining table: 1 step. 4. Shelves to doorway: 3 steps. 5. Door to wall: adjacent. The trash bin is approximately 2 steps away from the camera's entry point, and the shelves are roughly 4 steps away."
55a5ddf52c99,ir,aligned_dataset/check_mailbox_split/Seg6/check_mailbox_ir,qa_pairs/aligned/ir_qa_results_aligned.json,light_change,1,"As I transition from the corridor to the interior of the apartment, the thermal intensity changes due to the shift from an outdoor ambient environment to a controlled indoor climate."
56d6ffd20ba7,ir,aligned_dataset/check_mailbox_split/Seg6/check_mailbox_ir,qa_pairs/aligned/ir_qa_results_aligned.json,navigation,1,"I start in the exterior corridor. I walk forward, turn slightly right to face the door, enter through the door, and then walk into the dining area."
666d3a85f20f,ir,aligned_dataset/check_mailbox_split/Seg6/check_mailbox_ir,qa_pairs/aligned/ir_qa_results_aligned.json,non_common,1,"The layout appears standard for a modern residential building. No obvious physical law violations, floating objects, or mesh clipping detected."
7035d69e1ee7,ir,aligned_dataset/check_mailbox_split/Seg6/check_mailbox_ir,qa_pairs/aligned/ir_qa_results_aligned.json,counting,1,"In the scene, there are: 1 dining table, 3 chairs, 1 trash bin, 1 set of shelves, and 2 distinct door entrances visible in the sequence."
76eab559e15b,ir,aligned_dataset/check_mailbox_split/Seg6/check_mailbox_ir,qa_pairs/aligned/ir_qa_results_aligned.json,object_recognition,1,"The video features an outdoor corridor with metal railings, dark walls, doors, and a room containing a dining table, chairs, shelves with various items, and a trash bin. The scene is captured in thermal infrared, highlighting the temperature differences between objects and surfaces."
8179d07d617f,ir,aligned_dataset/check_mailbox_split/Seg6/check_mailbox_ir,qa_pairs/aligned/ir_qa_results_aligned.json,text_recognition,1,A text-like thermal pattern 'N° 1'233 | 1'234 | 1'235' is visible on a door (frame 480). This identifies the apartment or room numbers. There is also a sign at the beginning of the corridor (frame 0).
97a59f1282f2,ir,aligned_dataset/check_mailbox_split/Seg6/check_mailbox_ir,qa_pairs/aligned/ir_qa_results_aligned.json,scene_sequence,1,"The sequence starts in an exterior apartment corridor with metal walkways and railings. I then walk along the corridor towards a door, pass through it, and enter an apartment unit containing a dining area with a table and chairs, followed by a storage area."
c1a26d1d9451,ir,aligned_dataset/check_mailbox_split/Seg6/check_mailbox_ir,qa_pairs/aligned/ir_qa_results_aligned.json,light_recognition,1,"The scene displays typical IR characteristics where light sources, such as overhead lamps in the corridor and interior ceiling lights, appear as hotspots compared to their surroundings."
d48aa59e5ed0,ir,aligned_dataset/check_mailbox_split/Seg6/check_mailbox_ir,qa_pairs/aligned/ir_qa_results_aligned.json,dynamic_recognition,1,The video consists of static shots and movement by the camera holder; no other dynamic entities are present.
f186250eb3ea,ir,aligned_dataset/check_mailbox_split/Seg6/check_mailbox_ir,qa_pairs/aligned/ir_qa_results_aligned.json,action,1,"I am walking along a corridor, approaching a room, and entering it to inspect the interior layout, likely for navigation or assessment purposes."
1b855a700ad8,ir,aligned_dataset/cut_carrot_split/Seg1/cut_carrot_ir,qa_pairs/aligned/ir_qa_results_aligned.json,dynamic_counting,8,There are no moving objects or humans in the video; the scene remains static throughout the entire sequence.
1e0e158c5d33,ir,aligned_dataset/cut_carrot_split/Seg1/cut_carrot_ir,qa_pairs/aligned/ir_qa_results_aligned.json,dynamic_recognition,8,No dynamic human or object movement is detected in the video.
21f9088b7767,ir,aligned_dataset/cut_carrot_split/Seg1/cut_carrot_ir,qa_pairs/aligned/ir_qa_results_aligned.json,scene_sequence,10,"The video shows a single static scene of a kitchen counter with a laptop, cutting board, and bowl. There is no movement between different rooms or sequences, as the camera remains in a fixed top-down position throughout the recording."
26e89411a76c,ir,aligned_dataset/cut_carrot_split/Seg1/cut_carrot_ir,qa_pairs/aligned/ir_qa_results_aligned.json,light_recognition,1,"The scene is lit by ambient room lighting, which creates thermal contrast on the surfaces of the metal counter and objects. There is no specific point-source light being used in the thermal view, just the ambient temperature environment."
4149027a8434,ir,aligned_dataset/cut_carrot_split/Seg1/cut_carrot_ir,qa_pairs/aligned/ir_qa_results_aligned.json,light_change,8,"The illumination in the IR frames remains consistent throughout the video with no significant changes in intensity or light source behavior, as it is a static scene."
5eaea164e202,ir,aligned_dataset/cut_carrot_split/Seg1/cut_carrot_ir,qa_pairs/aligned/ir_qa_results_aligned.json,text_recognition,8,Text-like patterns are visible on the laptop keyboard area in several frames. These are standard character markings for a laptop keyboard. No other distinct text-like thermal patterns are present.
915fdac8bc31,ir,aligned_dataset/cut_carrot_split/Seg1/cut_carrot_ir,qa_pairs/aligned/ir_qa_results_aligned.json,object_recognition,1,"The scene is a kitchen counter viewed from a top-down perspective, capturing a laptop on the left, a white cutting board in the center, and a white bowl on the right. On the cutting board, there is a vegetable peeler, a carrot, and a kitchen knife. The surfaces exhibit thermal contrast between the metallic counter, the plastic components, and the organic vegetable matter."
9bf675b32ea2,ir,aligned_dataset/cut_carrot_split/Seg1/cut_carrot_ir,qa_pairs/aligned/ir_qa_results_aligned.json,navigation,10,"The camera is stationary, and no navigation actions like turning or walking are performed."
b432a074ba4e,ir,aligned_dataset/cut_carrot_split/Seg1/cut_carrot_ir,qa_pairs/aligned/ir_qa_results_aligned.json,counting,10,"Identifiable objects include: 1 laptop, 1 white cutting board, 1 vegetable peeler, 1 carrot, 1 kitchen knife, 1 white bowl, and 1 power strip."
b54ad929c12f,ir,aligned_dataset/cut_carrot_split/Seg1/cut_carrot_ir,qa_pairs/aligned/ir_qa_results_aligned.json,action,8,"The subject is using a peeler to peel the carrot. This interaction allows the subject to remove the outer layer of the vegetable for cooking or eating, which is a standard food preparation action."
d0a476afc53f,ir,aligned_dataset/cut_carrot_split/Seg1/cut_carrot_ir,qa_pairs/aligned/ir_qa_results_aligned.json,non_common,1,The layout is a standard kitchen setup. No objects appear to be floating or clipping through surfaces; the scene is physically realistic.
d1326f5f505e,ir,aligned_dataset/cut_carrot_split/Seg1/cut_carrot_ir,qa_pairs/aligned/ir_qa_results_aligned.json,spatial_reasoning,1,The laptop is to the left of the cutting board. The bowl is to the right of the cutting board. The peeler is to the left of the carrot. The carrot is between the peeler and the knife. The knife is to the right of the carrot. I estimate the objects are approximately 1-2 steps away from my point of view.
01064c9a5e77,ir,aligned_dataset/cut_carrot_split/Seg2/cut_carrot_ir,qa_pairs/aligned/ir_qa_results_aligned.json,scene_sequence,1,"The sequence shows the subject peeling a vegetable into a bowl, then proceeding to use a knife to slice the vegetable on the cutting board."
0b61e3433072,ir,aligned_dataset/cut_carrot_split/Seg2/cut_carrot_ir,qa_pairs/aligned/ir_qa_results_aligned.json,counting,1,"I identify 1 cutting board, 1 knife, 1 bowl, 1 peeler, and 1 power strip in the video."
2c33d391827b,ir,aligned_dataset/cut_carrot_split/Seg2/cut_carrot_ir,qa_pairs/aligned/ir_qa_results_aligned.json,spatial_reasoning,1,"The knife lies on the right side of the cutting board. The white bowl is in the center, containing peeled slices. The power strip is located on the wall to the upper right. The cutting board is on the countertop. The distance to the bowl is approximately one step, the knife is one step, the power strip is two steps, and the countertop edge is one step."
605f1e37d0a7,ir,aligned_dataset/cut_carrot_split/Seg2/cut_carrot_ir,qa_pairs/aligned/ir_qa_results_aligned.json,dynamic_counting,1,No dynamic objects other than my hands interacting with the tools are identified.
60f1761359c6,ir,aligned_dataset/cut_carrot_split/Seg2/cut_carrot_ir,qa_pairs/aligned/ir_qa_results_aligned.json,object_recognition,1,"The video captures a kitchen scene with a white cutting board, a metal knife, a peeler, a white bowl containing peeled vegetable slices, and a power strip with multiple outlets mounted on the wall."
6309e37da190,ir,aligned_dataset/cut_carrot_split/Seg2/cut_carrot_ir,qa_pairs/aligned/ir_qa_results_aligned.json,action,1,"I am peeling a vegetable into a bowl, followed by slicing it on a cutting board, likely to prepare food."
6d87b76835bb,ir,aligned_dataset/cut_carrot_split/Seg2/cut_carrot_ir,qa_pairs/aligned/ir_qa_results_aligned.json,dynamic_recognition,1,My hands move to peel the vegetable (frame 0-600) and then slice the vegetable (frame 630-870).
9807f9347208,ir,aligned_dataset/cut_carrot_split/Seg2/cut_carrot_ir,qa_pairs/aligned/ir_qa_results_aligned.json,text_recognition,1,"No explicit text is visible in the IR frames, though the power strip shape is distinct."
b089afd3f4c8,ir,aligned_dataset/cut_carrot_split/Seg2/cut_carrot_ir,qa_pairs/aligned/ir_qa_results_aligned.json,non_common,1,The layout of the kitchen appears standard; no objects violate common sense or physical laws.
b13b1162965b,ir,aligned_dataset/cut_carrot_split/Seg2/cut_carrot_ir,qa_pairs/aligned/ir_qa_results_aligned.json,light_change,1,The lighting intensity remains consistent throughout the IR video stream.
c59bd6cfb677,ir,aligned_dataset/cut_carrot_split/Seg2/cut_carrot_ir,qa_pairs/aligned/ir_qa_results_aligned.json,light_recognition,1,"The scene is captured in IR, showing thermal contrast between the objects; no visible light sources are identified in the IR spectrum."
d6232c6c0b2a,ir,aligned_dataset/cut_carrot_split/Seg2/cut_carrot_ir,qa_pairs/aligned/ir_qa_results_aligned.json,navigation,1,The video shows stationary activity at a kitchen counter; no navigation between rooms is required.
01a7715bb41d,ir,aligned_dataset/cut_carrot_split/Seg3/cut_carrot_ir,qa_pairs/aligned/ir_qa_results_aligned.json,text_recognition,1,There is no identifiable text or alphanumeric labels on any objects in the video frames.
1c0f117675bd,ir,aligned_dataset/cut_carrot_split/Seg3/cut_carrot_ir,qa_pairs/aligned/ir_qa_results_aligned.json,action,1,The subject is using a knife to slice vegetable strips on a cutting board. The purpose is food preparation.
270e54efff1b,ir,aligned_dataset/cut_carrot_split/Seg3/cut_carrot_ir,qa_pairs/aligned/ir_qa_results_aligned.json,object_recognition,1,"The video shows a kitchen scene in infrared. Key objects include a white cutting board, a kitchen knife, a peeler, and a white bowl containing peeled vegetable strips (likely carrots). The scene features high thermal contrast where the metallic surfaces, the cutting board, and the vegetables are distinct from the surroundings."
3bb1148bb50d,ir,aligned_dataset/cut_carrot_split/Seg3/cut_carrot_ir,qa_pairs/aligned/ir_qa_results_aligned.json,light_change,1,The overall thermal signature of the scene is stable with no fluctuations in intensity or brightness levels.
3efb4c8a964d,ir,aligned_dataset/cut_carrot_split/Seg3/cut_carrot_ir,qa_pairs/aligned/ir_qa_results_aligned.json,non_common,1,"The scene is a standard, realistic kitchen preparation setup with no violations of physical laws or layout anomalies."
6693b4ceee8b,ir,aligned_dataset/cut_carrot_split/Seg3/cut_carrot_ir,qa_pairs/aligned/ir_qa_results_aligned.json,dynamic_recognition,1,The subject's hands perform a repeated slicing action throughout the video from frame 0 to frame 870.
675f484cae9f,ir,aligned_dataset/cut_carrot_split/Seg3/cut_carrot_ir,qa_pairs/aligned/ir_qa_results_aligned.json,light_recognition,1,The infrared video shows uniform thermal emission from the kitchen environment with no distinct artificial light sources acting as hotspots.
98deabf37d64,ir,aligned_dataset/cut_carrot_split/Seg3/cut_carrot_ir,qa_pairs/aligned/ir_qa_results_aligned.json,spatial_reasoning,1,The spatial relationships are: 1. The knife is on the cutting board. 2. The bowl is to the top-right of the cutting board. 3. The peeler is to the right of the cutting board. 4. My hands are on the cutting board holding the vegetables. The cutting board is approximately 0.5 meters from my viewpoint.
a392916c8bf0,ir,aligned_dataset/cut_carrot_split/Seg3/cut_carrot_ir,qa_pairs/aligned/ir_qa_results_aligned.json,counting,1,"Objects identified include: 1 cutting board, 1 knife, 1 peeler, 1 bowl, and multiple vegetable strips."
bc416e1ec530,ir,aligned_dataset/cut_carrot_split/Seg3/cut_carrot_ir,qa_pairs/aligned/ir_qa_results_aligned.json,dynamic_counting,1,There are no independent moving objects or humans aside from the subject's hands performing the task.
d7727dbb00c5,ir,aligned_dataset/cut_carrot_split/Seg3/cut_carrot_ir,qa_pairs/aligned/ir_qa_results_aligned.json,navigation,1,The video is stationary; there is no navigation or movement through the space.
ef4213330de7,ir,aligned_dataset/cut_carrot_split/Seg3/cut_carrot_ir,qa_pairs/aligned/ir_qa_results_aligned.json,scene_sequence,1,"The video displays a static scene sequence of vegetable preparation. It starts with the arrangement of tools, followed by the repeated action of slicing vegetables, and finally accumulating the sliced pieces in the bowl."
16bf3bb19ba7,ir,aligned_dataset/cut_carrot_split/Seg4/cut_carrot_ir,qa_pairs/aligned/ir_qa_results_aligned.json,light_change,8,There are no significant changes in the thermal lighting or intensity throughout the video.
30b5725861eb,ir,aligned_dataset/cut_carrot_split/Seg4/cut_carrot_ir,qa_pairs/aligned/ir_qa_results_aligned.json,light_recognition,1,"The video is in infrared, showing heat signatures. There are no traditional light sources like lamps or windows visible; illumination is represented by thermal contrast."
5e9df5fb5895,ir,aligned_dataset/cut_carrot_split/Seg4/cut_carrot_ir,qa_pairs/aligned/ir_qa_results_aligned.json,text_recognition,8,No explicit text-like thermal patterns or labels are visible in this video.
65eae79e6287,ir,aligned_dataset/cut_carrot_split/Seg4/cut_carrot_ir,qa_pairs/aligned/ir_qa_results_aligned.json,object_recognition,1,"The video shows a kitchen setting with a white cutting board, a knife being used to slice vegetables into thin strips, a bowl containing sliced vegetable pieces, and a vegetable peeler on a stainless steel surface."
858bee65ef58,ir,aligned_dataset/cut_carrot_split/Seg4/cut_carrot_ir,qa_pairs/aligned/ir_qa_results_aligned.json,navigation,10,The video is static; there is no navigation or movement involved.
8a796d3f02de,ir,aligned_dataset/cut_carrot_split/Seg4/cut_carrot_ir,qa_pairs/aligned/ir_qa_results_aligned.json,dynamic_recognition,8,"The hands, knife, and vegetables are the dynamic elements from frame 000000 to 000870."
91371ce15e38,ir,aligned_dataset/cut_carrot_split/Seg4/cut_carrot_ir,qa_pairs/aligned/ir_qa_results_aligned.json,non_common,1,"The scene layout is a standard kitchen setup; there are no unrealistic elements, floating objects, or layout violations."
a1c308589372,ir,aligned_dataset/cut_carrot_split/Seg4/cut_carrot_ir,qa_pairs/aligned/ir_qa_results_aligned.json,scene_sequence,10,The scene is a stationary top-down view of a kitchen counter throughout the entire duration of the video.
a43c69d86747,ir,aligned_dataset/cut_carrot_split/Seg4/cut_carrot_ir,qa_pairs/aligned/ir_qa_results_aligned.json,counting,10,"Visible items include: one cutting board, one knife, one bowl, one vegetable peeler, and a pile of sliced vegetable strips."
db8150e271b9,ir,aligned_dataset/cut_carrot_split/Seg4/cut_carrot_ir,qa_pairs/aligned/ir_qa_results_aligned.json,dynamic_counting,8,The vegetables being sliced move continuously as they are processed by the hands.
e458ae2249a6,ir,aligned_dataset/cut_carrot_split/Seg4/cut_carrot_ir,qa_pairs/aligned/ir_qa_results_aligned.json,action,8,The subject is slicing vegetables on a cutting board using a knife. This action is likely for food preparation.
fcef31013a53,ir,aligned_dataset/cut_carrot_split/Seg4/cut_carrot_ir,qa_pairs/aligned/ir_qa_results_aligned.json,spatial_reasoning,1,"The knife is positioned on the cutting board near the vegetable strips. The bowl is located to the top-right of the cutting board. The peeler is placed on the stainless steel counter to the right of the cutting board. The cutting board is in the center. Distance estimations: bowl is 2 steps away, peeler is 3 steps away, knife is 1 step away."
077d9bdce236,ir,aligned_dataset/cut_potato_and_carrot_split/Seg1/cut_potato_and_carrot_ir,qa_pairs/aligned/ir_qa_results_aligned.json,light_change,1,"The light remains relatively stable while moving through the room, but becomes significantly brighter when the refrigerator door is opened, revealing the internal light."
106e1ade602b,ir,aligned_dataset/cut_potato_and_carrot_split/Seg1/cut_potato_and_carrot_ir,qa_pairs/aligned/ir_qa_results_aligned.json,navigation,1,"To go from the table to the refrigerator, turn right, walk past the bookshelf, and approach the refrigerator door."
1d65ca485d55,ir,aligned_dataset/cut_potato_and_carrot_split/Seg1/cut_potato_and_carrot_ir,qa_pairs/aligned/ir_qa_results_aligned.json,dynamic_counting,1,No dynamic objects or humans move in the video other than the subject operating the camera.
3b2f57a3673b,ir,aligned_dataset/cut_potato_and_carrot_split/Seg1/cut_potato_and_carrot_ir,qa_pairs/aligned/ir_qa_results_aligned.json,scene_sequence,1,"The camera starts in a kitchen/dining area, moves past a couch near a window, approaches a bookshelf, and then opens a refrigerator to reveal its contents."
7671c4079a7c,ir,aligned_dataset/cut_potato_and_carrot_split/Seg1/cut_potato_and_carrot_ir,qa_pairs/aligned/ir_qa_results_aligned.json,non_common,1,"The ironing board is stored in an unusual, cramped position near the bookshelf and door, which is not a standard layout for such an item."
7b375eaf3a26,ir,aligned_dataset/cut_potato_and_carrot_split/Seg1/cut_potato_and_carrot_ir,qa_pairs/aligned/ir_qa_results_aligned.json,dynamic_recognition,1,The only dynamic action is the subject opening the refrigerator door between frames 600 and 630.
80ffbe811652,ir,aligned_dataset/cut_potato_and_carrot_split/Seg1/cut_potato_and_carrot_ir,qa_pairs/aligned/ir_qa_results_aligned.json,light_recognition,1,"The scene is lit by natural light coming through the large window behind the couch, creating strong thermal contrast on the furniture, and an internal light source inside the refrigerator."
8f36cdf85989,ir,aligned_dataset/cut_potato_and_carrot_split/Seg1/cut_potato_and_carrot_ir,qa_pairs/aligned/ir_qa_results_aligned.json,counting,1,"There is 1 rice cooker, 1 coffee machine, 1 microwave, 1 couch, 1 ironing board, and 1 bookshelf in the room."
cf97d3d5f53d,ir,aligned_dataset/cut_potato_and_carrot_split/Seg1/cut_potato_and_carrot_ir,qa_pairs/aligned/ir_qa_results_aligned.json,spatial_reasoning,1,"The couch is positioned against the window, approximately 3 steps from the dining table. The dining table is about 2 steps from the bookshelf. The ironing board is next to the bookshelf, about 2 steps from the door. The rice cooker sits on the table, about 1 step from the edge. The microwave is on the kitchen counter, 2 steps from the coffee machine."
e07a8188e036,ir,aligned_dataset/cut_potato_and_carrot_split/Seg1/cut_potato_and_carrot_ir,qa_pairs/aligned/ir_qa_results_aligned.json,text_recognition,1,"In frame 270, a text label 'Barista' is visible on a coffee bag on the bookshelf. In frame 300, 'ja!' is visible on a food package inside the refrigerator."
e87604b1de0e,ir,aligned_dataset/cut_potato_and_carrot_split/Seg1/cut_potato_and_carrot_ir,qa_pairs/aligned/ir_qa_results_aligned.json,action,1,"The subject approaches the refrigerator, opens the door, and retrieves a bag of produce, likely to check its contents or prepare food."
ec022fb4b505,ir,aligned_dataset/cut_potato_and_carrot_split/Seg1/cut_potato_and_carrot_ir,qa_pairs/aligned/ir_qa_results_aligned.json,object_recognition,1,"The video features a kitchen area transitioning into a living space, featuring a coffee machine, microwave, electric kettle, couch, dining table with a rice cooker, bookshelf, ironing board, and a white refrigerator."
3dbb9e3f12d7,ir,aligned_dataset/cut_potato_and_carrot_split/Seg2/cut_potato_and_carrot_ir,qa_pairs/aligned/ir_qa_results_aligned.json,dynamic_recognition,1,The subject performs a hand action peeling an object (frame 400-870).
5a85090f2929,ir,aligned_dataset/cut_potato_and_carrot_split/Seg2/cut_potato_and_carrot_ir,qa_pairs/aligned/ir_qa_results_aligned.json,counting,1,"Objects identified: 1 toaster, 1 power strip, 1 coffee maker, 1 dish rack, 1 sink, 3 soap/detergent bottles, 1 potato."
6ca96dfd2aa5,ir,aligned_dataset/cut_potato_and_carrot_split/Seg2/cut_potato_and_carrot_ir,qa_pairs/aligned/ir_qa_results_aligned.json,dynamic_counting,1,The video displays the movement of the camera and the subject's hands performing a peeling action; no other dynamic objects exist.
74a338cdd044,ir,aligned_dataset/cut_potato_and_carrot_split/Seg2/cut_potato_and_carrot_ir,qa_pairs/aligned/ir_qa_results_aligned.json,navigation,1,The camera moves from the right side of the counter to the left side where the sink is located.
764d7ed6704f,ir,aligned_dataset/cut_potato_and_carrot_split/Seg2/cut_potato_and_carrot_ir,qa_pairs/aligned/ir_qa_results_aligned.json,non_common,1,"The layout is a standard kitchen setup. No physical laws are violated, and there are no instances of mesh clipping or floating objects."
7b56770ed449,ir,aligned_dataset/cut_potato_and_carrot_split/Seg2/cut_potato_and_carrot_ir,qa_pairs/aligned/ir_qa_results_aligned.json,scene_sequence,1,"The video begins with a view of a kitchen counter featuring a toaster and a potato, then pans to the left to show a sink area, dish rack, and cleaning supplies, before focusing on the act of using a peeler on an object over the sink."
8248c333676b,ir,aligned_dataset/cut_potato_and_carrot_split/Seg2/cut_potato_and_carrot_ir,qa_pairs/aligned/ir_qa_results_aligned.json,text_recognition,1,"No specific text-like patterns are clearly legible in this IR stream. Various branded bottles like the soap dispenser are visible, but the text is thermally indistinguishable."
986201acde08,ir,aligned_dataset/cut_potato_and_carrot_split/Seg2/cut_potato_and_carrot_ir,qa_pairs/aligned/ir_qa_results_aligned.json,spatial_reasoning,1,"The toaster is located to the right of the potato. The power strip is behind the toaster. The dish rack is on the left side of the counter near the sink. The faucet is positioned above the sink. There are approximately 2-3 steps between the viewer's starting position and the sink area, and about 1-2 steps to reach the potato."
a973e7364578,ir,aligned_dataset/cut_potato_and_carrot_split/Seg2/cut_potato_and_carrot_ir,qa_pairs/aligned/ir_qa_results_aligned.json,action,1,"The subject is using a peeler to remove skin from an object over the sink, likely a vegetable, as part of food preparation."
b6bbdb95189f,ir,aligned_dataset/cut_potato_and_carrot_split/Seg2/cut_potato_and_carrot_ir,qa_pairs/aligned/ir_qa_results_aligned.json,light_change,1,"The thermal signature remains consistent throughout the video, showing no changes in lighting or thermal intensity that would indicate a light transition."
c4cd834111c8,ir,aligned_dataset/cut_potato_and_carrot_split/Seg2/cut_potato_and_carrot_ir,qa_pairs/aligned/ir_qa_results_aligned.json,light_recognition,1,"The IR video depicts thermal radiation. No artificial light sources are visible, only thermal signatures of objects and the room."
d623b2fae1e6,ir,aligned_dataset/cut_potato_and_carrot_split/Seg2/cut_potato_and_carrot_ir,qa_pairs/aligned/ir_qa_results_aligned.json,object_recognition,1,"The video features a kitchen scene with a stainless steel countertop. Visible objects include a toaster on the counter, a power strip with multiple outlets, a coffee maker, a dish rack with plates, a bowl, a small potato, a kitchen sink with a faucet, soap dispensers, and various cleaning tools in a container."
0df7fb859c2b,ir,aligned_dataset/cut_potato_and_carrot_split/Seg3/cut_potato_and_carrot_ir,qa_pairs/aligned/ir_qa_results_aligned.json,action,8,"The subject is peeling a potato using a vegetable peeler over a sink. The purpose is to prepare the vegetable for cooking or boiling, which will result in a clean, skinless potato."
3757d9025c6e,ir,aligned_dataset/cut_potato_and_carrot_split/Seg3/cut_potato_and_carrot_ir,qa_pairs/aligned/ir_qa_results_aligned.json,spatial_reasoning,1,"The faucet is directly behind the sink. The utensil holder is to the left of the sink. The soap bottles are in front of the utensil holder. The drying rack is to the right of the sink. The peeler is being held in the right hand, and the potato in the left. Distance estimation: The faucet is about 1 step away, the soap bottles are about 1.5 steps away, the drying rack is about 1.5 steps away, and the utensil holder is about 1 step away."
421c56294d68,ir,aligned_dataset/cut_potato_and_carrot_split/Seg3/cut_potato_and_carrot_ir,qa_pairs/aligned/ir_qa_results_aligned.json,dynamic_counting,8,"The only dynamic objects identified are my hands and the tools (peeler, potato) being moved. No other external dynamic objects appear in the frame."
54a059573cd3,ir,aligned_dataset/cut_potato_and_carrot_split/Seg3/cut_potato_and_carrot_ir,qa_pairs/aligned/ir_qa_results_aligned.json,counting,10,"Items counted: 1 kitchen faucet, 2 soap bottles, 1 utensil holder, 3 brushes, 1 peeler, 1 potato, 4 visible plates in the rack."
5805c3ee0c23,ir,aligned_dataset/cut_potato_and_carrot_split/Seg3/cut_potato_and_carrot_ir,qa_pairs/aligned/ir_qa_results_aligned.json,scene_sequence,10,"The video captures a sequence of preparing a potato for cooking. First, I retrieve a potato and a peeler. Then, I begin peeling the potato over the sink. Finally, I move the finished potato to the side."
660d6628c82b,ir,aligned_dataset/cut_potato_and_carrot_split/Seg3/cut_potato_and_carrot_ir,qa_pairs/aligned/ir_qa_results_aligned.json,text_recognition,8,"The soap bottles have the text 'Pril' visible in multiple frames (e.g., frame 000000). This is a common brand for dish soap, likely used for cleaning dishes in the sink."
6e658c87047f,ir,aligned_dataset/cut_potato_and_carrot_split/Seg3/cut_potato_and_carrot_ir,qa_pairs/aligned/ir_qa_results_aligned.json,dynamic_recognition,8,"The potato is being peeled from start to finish. Start frame: 000000, End frame: 000870. No other dynamic objects are present."
a25365299e96,ir,aligned_dataset/cut_potato_and_carrot_split/Seg3/cut_potato_and_carrot_ir,qa_pairs/aligned/ir_qa_results_aligned.json,non_common,1,"The layout is a standard kitchen sink area. No objects are floating, and there is no obvious mesh clipping or unrealistic physical behavior."
b300610a175c,ir,aligned_dataset/cut_potato_and_carrot_split/Seg3/cut_potato_and_carrot_ir,qa_pairs/aligned/ir_qa_results_aligned.json,navigation,10,"The subject is standing directly in front of the sink. No complex navigation is performed, as the activity is stationary at the sink."
cf52853b29c5,ir,aligned_dataset/cut_potato_and_carrot_split/Seg3/cut_potato_and_carrot_ir,qa_pairs/aligned/ir_qa_results_aligned.json,light_recognition,1,"The scene is illuminated by standard indoor lighting, providing enough thermal contrast to distinguish the sink, the faucet, and the soap bottles. There are no direct sunlight sources visible."
d1cea8c80cfb,ir,aligned_dataset/cut_potato_and_carrot_split/Seg3/cut_potato_and_carrot_ir,qa_pairs/aligned/ir_qa_results_aligned.json,light_change,8,The lighting remains stable throughout the process of peeling the potato. There are no sudden changes in illumination level or source behavior.
da603670dcb4,ir,aligned_dataset/cut_potato_and_carrot_split/Seg3/cut_potato_and_carrot_ir,qa_pairs/aligned/ir_qa_results_aligned.json,object_recognition,1,"The video shows a kitchen sink area. Key objects include a kitchen faucet, a stainless steel utensil holder containing scrub brushes, two soap bottles labeled 'Pril', a potato, a vegetable peeler, and a dish drying rack filled with plates."
08a851e28055,ir,aligned_dataset/cut_potato_and_carrot_split/Seg4/cut_potato_and_carrot_ir,qa_pairs/aligned/ir_qa_results_aligned.json,object_recognition,1,"The video captures a kitchen scene focusing on a sink area. Key objects include a stainless steel sink, a faucet with a white cloth draped over it, a dish rack filled with clean plates on the right, and a utensil holder with various kitchen tools on the left. Several bottles of dish soap and detergent are visible on the counter. The scene exhibits distinct thermal contrast between the metallic sink/faucet and the plastic/cloth items."
0a68e2fc2905,ir,aligned_dataset/cut_potato_and_carrot_split/Seg4/cut_potato_and_carrot_ir,qa_pairs/aligned/ir_qa_results_aligned.json,dynamic_recognition,8,"Dynamic objects: The subject's hands (start 0, end 870), the potato (start 0, end 870), and the peeler (start 100, end 870). These objects move as the subject peels the potato."
3ff8dc306bea,ir,aligned_dataset/cut_potato_and_carrot_split/Seg4/cut_potato_and_carrot_ir,qa_pairs/aligned/ir_qa_results_aligned.json,spatial_reasoning,1,"Spatial relationships: 1. The utensil holder is to the left of the kitchen sink. 2. The dish rack is to the right of the sink. 3. The faucet is positioned above the center of the sink. 4. The soap bottles are placed on the counter between the wall and the sink. Estimation: The faucet is about 1 step from the user's hands while working at the sink, the dish rack is roughly 1.5 steps away, and the soap bottles are within 0.5 steps."
5cd11045699e,ir,aligned_dataset/cut_potato_and_carrot_split/Seg4/cut_potato_and_carrot_ir,qa_pairs/aligned/ir_qa_results_aligned.json,action,8,"The subject is performing a vegetable peeling task. They are holding a potato in one hand and a vegetable peeler in the other, methodically removing the peel and discarding it into the sink. This is a standard food preparation action."
8459a09741c1,ir,aligned_dataset/cut_potato_and_carrot_split/Seg4/cut_potato_and_carrot_ir,qa_pairs/aligned/ir_qa_results_aligned.json,scene_sequence,10,"The video shows a sequence of a person peeling a potato over a kitchen sink. The person retrieves a potato, uses a peeler to remove the skin, and discards the peelings into the sink. The sequence concludes with the person placing the peeled potato on a cutting board."
a3396f09976c,ir,aligned_dataset/cut_potato_and_carrot_split/Seg4/cut_potato_and_carrot_ir,qa_pairs/aligned/ir_qa_results_aligned.json,dynamic_counting,8,The video shows a single human subject manipulating a potato and a peeler. No other dynamic objects or humans are present in the scene.
c5b5b3f7a218,ir,aligned_dataset/cut_potato_and_carrot_split/Seg4/cut_potato_and_carrot_ir,qa_pairs/aligned/ir_qa_results_aligned.json,text_recognition,8,"Text-like patterns identified on the dish soap bottle (frame 0) labeled 'Pril', which is a common brand for dish detergent. Other items include generic shapes for soap bottles and various cooking utensils. These patterns help identify the function of the containers."
cf4a2f2a7d28,ir,aligned_dataset/cut_potato_and_carrot_split/Seg4/cut_potato_and_carrot_ir,qa_pairs/aligned/ir_qa_results_aligned.json,non_common,1,The kitchen layout is standard. No objects violate physical laws or common sense; the items are placed in their expected locations.
cf508e5596e2,ir,aligned_dataset/cut_potato_and_carrot_split/Seg4/cut_potato_and_carrot_ir,qa_pairs/aligned/ir_qa_results_aligned.json,counting,10,Objects counted in the scene: 1. One sink. 2. One faucet. 3. Three soap/detergent bottles. 4. One dish rack. 5. One utensil holder. 6. Multiple plates in the rack (estimated 6).
d1c0e75acd47,ir,aligned_dataset/cut_potato_and_carrot_split/Seg4/cut_potato_and_carrot_ir,qa_pairs/aligned/ir_qa_results_aligned.json,light_change,8,"The video shows a stable lighting environment throughout the task. There are no significant changes in ambient illumination, as the light remains constant while the subject performs the peeling action at the sink."
e83d5eb3e6d9,ir,aligned_dataset/cut_potato_and_carrot_split/Seg4/cut_potato_and_carrot_ir,qa_pairs/aligned/ir_qa_results_aligned.json,navigation,10,The navigation in this video is limited to the stationary area around the kitchen sink. The user performs a task at the sink and does not move through the room.
f22c9e25bc76,ir,aligned_dataset/cut_potato_and_carrot_split/Seg4/cut_potato_and_carrot_ir,qa_pairs/aligned/ir_qa_results_aligned.json,light_recognition,1,"The kitchen scene is illuminated by ambient kitchen lighting, likely overhead, creating consistent thermal reflections on the stainless steel sink and faucet. There are no direct, harsh point light sources identified in the frame."
04e7555d1b23,ir,aligned_dataset/cut_potato_and_carrot_split/Seg5/cut_potato_and_carrot_ir,qa_pairs/aligned/ir_qa_results_aligned.json,counting,1,"The scene contains 1 dish rack, 1 cutting board, 1 toaster, 1 power strip, 1 utensil holder, and several plates and bowls."
0ad1ede9a86c,ir,aligned_dataset/cut_potato_and_carrot_split/Seg5/cut_potato_and_carrot_ir,qa_pairs/aligned/ir_qa_results_aligned.json,dynamic_recognition,1,The only dynamic elements are the camera movements and the subject's hand handling a cutting board (frame 000570 to 000870).
164ef0273c88,ir,aligned_dataset/cut_potato_and_carrot_split/Seg5/cut_potato_and_carrot_ir,qa_pairs/aligned/ir_qa_results_aligned.json,light_change,1,"The scene begins with standard ambient infrared visibility, but as the video progresses toward the end, the scene becomes significantly darker, indicating a reduction in thermal emission or a transition to a very low-light state."
1fe7a6a2251f,ir,aligned_dataset/cut_potato_and_carrot_split/Seg5/cut_potato_and_carrot_ir,qa_pairs/aligned/ir_qa_results_aligned.json,non_common,1,"The scene layout is logical for a kitchen, but the proximity of the power strip to the sink area is a potential safety concern."
41846bf02c1f,ir,aligned_dataset/cut_potato_and_carrot_split/Seg5/cut_potato_and_carrot_ir,qa_pairs/aligned/ir_qa_results_aligned.json,dynamic_counting,1,There are no moving objects or humans in the frame; the only movement is from the camera being held by the subject.
55363a0efa22,ir,aligned_dataset/cut_potato_and_carrot_split/Seg5/cut_potato_and_carrot_ir,qa_pairs/aligned/ir_qa_results_aligned.json,spatial_reasoning,1,"The cutting board is positioned behind the dish rack. The utensil holder is to the left of the dish rack on the counter. The toaster is placed on the counter, to the right of the sink area. The power strip is located on the back wall near the toaster. The dish rack is approximately 1 step away from the center of the sink area."
6fe9efea103e,ir,aligned_dataset/cut_potato_and_carrot_split/Seg5/cut_potato_and_carrot_ir,qa_pairs/aligned/ir_qa_results_aligned.json,light_recognition,1,"The scene is captured in infrared, showing heat signatures of objects. There is a distinct hotspot on the toaster and the power strip, indicating active electrical components."
7dbc0a20f71f,ir,aligned_dataset/cut_potato_and_carrot_split/Seg5/cut_potato_and_carrot_ir,qa_pairs/aligned/ir_qa_results_aligned.json,navigation,1,"The movement is focused on the kitchen counter. To reach the toaster from the dish rack, one would move to the right along the counter."
800d20bae04d,ir,aligned_dataset/cut_potato_and_carrot_split/Seg5/cut_potato_and_carrot_ir,qa_pairs/aligned/ir_qa_results_aligned.json,object_recognition,1,"The video features a kitchen scene with a dish rack containing plates, bowls, a cutting board, and cutlery. Nearby, there is a metallic utensil holder, a toaster, a power strip, and various bottles and containers on the counter."
b704a0b5e840,ir,aligned_dataset/cut_potato_and_carrot_split/Seg5/cut_potato_and_carrot_ir,qa_pairs/aligned/ir_qa_results_aligned.json,action,1,The subject picks up and moves a white cutting board from the sink area to the counter to prepare for a task.
ebe550d19860,ir,aligned_dataset/cut_potato_and_carrot_split/Seg5/cut_potato_and_carrot_ir,qa_pairs/aligned/ir_qa_results_aligned.json,scene_sequence,1,"The video starts with a close-up of a kitchen sink and dish rack, then moves the camera across the counter to show the toaster, power strip, and eventually focuses on a cutting board being handled."
00fa36498403,ir,aligned_dataset/make_coffee_split/Seg1/make_coffee_ir,qa_pairs/aligned/ir_qa_results_aligned.json,counting,10,"There are 1 table, 1 chair, 1 coffee maker, 1 toaster, 1 microwave, 1 ironing board, 1 couch, and several food items on the storage shelves."
20017a63e228,ir,aligned_dataset/make_coffee_split/Seg1/make_coffee_ir,qa_pairs/aligned/ir_qa_results_aligned.json,light_change,8,"The lighting remains mostly consistent throughout the video, though the camera perspective shifts between the kitchen furniture and the dark corner containing the storage unit."
2e8e49644bc8,ir,aligned_dataset/make_coffee_split/Seg1/make_coffee_ir,qa_pairs/aligned/ir_qa_results_aligned.json,text_recognition,8,"A bag labeled 'BARISTA' is visible on the middle shelf of the storage unit in frame 300, likely containing coffee beans. Another text-like pattern appears on the base of the coffee grinder, potentially indicating a brand or model, observed in frame 840."
58835f2deb6b,ir,aligned_dataset/make_coffee_split/Seg1/make_coffee_ir,qa_pairs/aligned/ir_qa_results_aligned.json,action,8,"The subject is interacting with the kitchen electrical setup, specifically plugging or unplugging a device from the power strip near the coffee machine, likely to manage power for appliances."
6a75286313dd,ir,aligned_dataset/make_coffee_split/Seg1/make_coffee_ir,qa_pairs/aligned/ir_qa_results_aligned.json,non_common,1,"The layout is standard for a kitchen/living area. No objects appear to be floating or clipping, and the furniture arrangement is logical."
6abfab1df2de,ir,aligned_dataset/make_coffee_split/Seg1/make_coffee_ir,qa_pairs/aligned/ir_qa_results_aligned.json,object_recognition,1,"The video features a kitchen area with a table and chair. Key objects include a coffee maker, an ironing board, a storage unit with various food items like coffee and condiments, a couch, a window, and a stove with a pot on it."
7e1c250f57d8,ir,aligned_dataset/make_coffee_split/Seg1/make_coffee_ir,qa_pairs/aligned/ir_qa_results_aligned.json,navigation,10,The user moves from the dining area to the storage shelf and then turns right to approach the kitchen counter to adjust the electrical cables.
7f23240eda9e,ir,aligned_dataset/make_coffee_split/Seg1/make_coffee_ir,qa_pairs/aligned/ir_qa_results_aligned.json,light_recognition,1,"The scene is lit by ambient room light, and there is a direct, strong light source coming from the window area, creating distinct thermal contrasts on the furniture."
9493b017c180,ir,aligned_dataset/make_coffee_split/Seg1/make_coffee_ir,qa_pairs/aligned/ir_qa_results_aligned.json,scene_sequence,10,"The sequence begins in the kitchen area with the table and chair. Then, the camera moves towards the storage unit and shows its shelves. Finally, the camera moves to the counter to interact with the coffee equipment and electrical outlets."
bb4fe464f0d8,ir,aligned_dataset/make_coffee_split/Seg1/make_coffee_ir,qa_pairs/aligned/ir_qa_results_aligned.json,dynamic_recognition,8,No moving objects detected in the video except the camera operator's hands.
c7f9583358b4,ir,aligned_dataset/make_coffee_split/Seg1/make_coffee_ir,qa_pairs/aligned/ir_qa_results_aligned.json,dynamic_counting,8,"There are no dynamic humans or objects moving in this video, only the static environment and the subject's hands performing tasks."
d3fab7a013b9,ir,aligned_dataset/make_coffee_split/Seg1/make_coffee_ir,qa_pairs/aligned/ir_qa_results_aligned.json,spatial_reasoning,1,"The table is positioned next to the kitchen counter. The storage shelf is to the left of the door, approximately 2 steps away. The couch is located near the window, 3 steps from the table. The iron is on the shelf, 1 step from the coffee items. The toaster is on the counter, 1 step from the stove."
0422f6edc293,ir,aligned_dataset/make_coffee_split/Seg2/make_coffee_ir,qa_pairs/aligned/ir_qa_results_aligned.json,text_recognition,1,"A 'NOTICE' label is clearly visible on the top lid of the coffee grinder in frame_000000.png and subsequent frames, indicating instructions or warnings for usage."
419cf253218e,ir,aligned_dataset/make_coffee_split/Seg2/make_coffee_ir,qa_pairs/aligned/ir_qa_results_aligned.json,light_recognition,1,"The scene is illuminated by ambient light and specific indicators on the electronic devices, showing thermal contrast on the stainless steel surface."
51a312eee881,ir,aligned_dataset/make_coffee_split/Seg2/make_coffee_ir,qa_pairs/aligned/ir_qa_results_aligned.json,spatial_reasoning,1,The coffee scale is located to the left of the power strip. The coffee grinder is positioned in front of the scale and the power strip. A small white bowl is to the right of the power strip. A power outlet is on the wall behind the power strip. These objects are within 1-2 steps of the camera position.
5c32dea6770a,ir,aligned_dataset/make_coffee_split/Seg2/make_coffee_ir,qa_pairs/aligned/ir_qa_results_aligned.json,dynamic_recognition,1,"The person's hands move to plug and unplug items in the power strip between frame_000000 and frame_000600, and handle a bag of coffee from frame_000600 to frame_000870."
8e8f3cac590b,ir,aligned_dataset/make_coffee_split/Seg2/make_coffee_ir,qa_pairs/aligned/ir_qa_results_aligned.json,action,1,"The subject is preparing to make coffee, which involves organizing the power supply and opening the coffee bean package to begin grinding."
960509984351,ir,aligned_dataset/make_coffee_split/Seg2/make_coffee_ir,qa_pairs/aligned/ir_qa_results_aligned.json,non_common,1,The kitchen setup appears normal and follows typical layout standards for a coffee preparation station.
b17d4e11d15a,ir,aligned_dataset/make_coffee_split/Seg2/make_coffee_ir,qa_pairs/aligned/ir_qa_results_aligned.json,scene_sequence,1,"The video sequence shows a person interacting with a power strip, then moving to open a bag of coffee beans and prepare the coffee grinder on a kitchen counter."
b8e451cf8794,ir,aligned_dataset/make_coffee_split/Seg2/make_coffee_ir,qa_pairs/aligned/ir_qa_results_aligned.json,counting,1,"The scene contains 1 coffee scale, 1 coffee grinder, 1 bowl, 1 power strip, and 1 bag of coffee."
bb50d87882a8,ir,aligned_dataset/make_coffee_split/Seg2/make_coffee_ir,qa_pairs/aligned/ir_qa_results_aligned.json,object_recognition,1,"The video features a kitchen countertop with several items: a digital coffee scale, a coffee grinder, a small white bowl, a power strip with multiple plugs, and a bag of coffee beans. The objects are identified by their thermal signatures and shapes against the stainless steel surface."
c2d5b8a689f5,ir,aligned_dataset/make_coffee_split/Seg2/make_coffee_ir,qa_pairs/aligned/ir_qa_results_aligned.json,dynamic_counting,1,The only dynamic action observed is the movement of the person's hands as they manipulate the coffee beans and the power cords.
c48b51a74a14,ir,aligned_dataset/make_coffee_split/Seg2/make_coffee_ir,qa_pairs/aligned/ir_qa_results_aligned.json,navigation,1,The view is fixed on a kitchen countertop; there is no navigation or walking required.
f22ababcb919,ir,aligned_dataset/make_coffee_split/Seg2/make_coffee_ir,qa_pairs/aligned/ir_qa_results_aligned.json,light_change,1,"There is a significant decrease in brightness as the scene transitions into a darker state, likely due to a change in the environment or light source control."
073085ba9558,ir,aligned_dataset/make_coffee_split/Seg3/make_coffee_ir,qa_pairs/aligned/ir_qa_results_aligned.json,navigation,1,The user moves from the prep counter area to the coffee machine area.
19aae989542d,ir,aligned_dataset/make_coffee_split/Seg3/make_coffee_ir,qa_pairs/aligned/ir_qa_results_aligned.json,counting,1,"The video contains a bag of coffee, a digital scale, a coffee grinder, a white bowl, a spoon, a portafilter, and a coffee tamper."
1fcb785682d0,ir,aligned_dataset/make_coffee_split/Seg3/make_coffee_ir,qa_pairs/aligned/ir_qa_results_aligned.json,dynamic_recognition,1,"The user's hands are the only dynamic elements, moving to manipulate coffee gear between frame_000000 and frame_000870."
4323f7186417,ir,aligned_dataset/make_coffee_split/Seg3/make_coffee_ir,qa_pairs/aligned/ir_qa_results_aligned.json,light_recognition,1,"The scene is lit by overhead kitchen lighting, creating a consistent illumination across the stainless steel surface, with no obvious shadows."
5022b6a150b2,ir,aligned_dataset/make_coffee_split/Seg3/make_coffee_ir,qa_pairs/aligned/ir_qa_results_aligned.json,spatial_reasoning,1,"The coffee grinder is located on the right side of the counter, with the digital scale positioned behind it. The coffee bag is on the left. The bowl is to the right of the grinder. The tamper is near the center, and the spoon is on the right. The user is approximately 1-2 steps away from these items."
51d9c4e57bc6,ir,aligned_dataset/make_coffee_split/Seg3/make_coffee_ir,qa_pairs/aligned/ir_qa_results_aligned.json,light_change,1,The lighting remains constant throughout the video sequence until the final transition to darkness.
79629eb8cd60,ir,aligned_dataset/make_coffee_split/Seg3/make_coffee_ir,qa_pairs/aligned/ir_qa_results_aligned.json,dynamic_counting,1,"No dynamic objects or humans, other than the user's hands, are present in the video."
9b6380fb2e07,ir,aligned_dataset/make_coffee_split/Seg3/make_coffee_ir,qa_pairs/aligned/ir_qa_results_aligned.json,text_recognition,1,"The word 'NOTICE' is visible on top of the coffee grinder in frame_000030. The coffee bag has 'HOME BARISTA' printed on it, visible in frames_000000-000210."
bc5ba1b4726b,ir,aligned_dataset/make_coffee_split/Seg3/make_coffee_ir,qa_pairs/aligned/ir_qa_results_aligned.json,object_recognition,1,"The video shows a kitchen counter scene with several objects: a bag of coffee beans, a digital kitchen scale, a coffee grinder, a small white bowl, a metal spoon, and a coffee tamper. The scene is captured from a first-person perspective on a stainless steel surface."
d7d81111453e,ir,aligned_dataset/make_coffee_split/Seg3/make_coffee_ir,qa_pairs/aligned/ir_qa_results_aligned.json,action,1,"The user is performing a coffee extraction workflow: grinding, tamping, and moving to the espresso machine."
e31df90e5d70,ir,aligned_dataset/make_coffee_split/Seg3/make_coffee_ir,qa_pairs/aligned/ir_qa_results_aligned.json,non_common,1,The kitchen layout is functional and common; no objects are floating or clipping through surfaces.
f33619aad618,ir,aligned_dataset/make_coffee_split/Seg3/make_coffee_ir,qa_pairs/aligned/ir_qa_results_aligned.json,scene_sequence,1,"The scene begins with the user preparing to grind coffee. They handle a bag of beans, place a portafilter under the grinder, tamp the grounds, and finally move to the coffee machine area to prepare for extraction."
2d8abf889fcd,ir,aligned_dataset/make_coffee_split/Seg4/make_coffee_ir,qa_pairs/aligned/ir_qa_results_aligned.json,dynamic_recognition,8,The only dynamic elements are the hands of the subject interacting with coffee equipment. The portafilter is handled from frame 000450 to 000870.
2e85ac296aec,ir,aligned_dataset/make_coffee_split/Seg4/make_coffee_ir,qa_pairs/aligned/ir_qa_results_aligned.json,light_recognition,1,The scene is lit by overhead ambient light and some indicator lights on the coffee machine. The thermal signatures of the electronic power strip and the coffee machine buttons are clearly visible.
4d177460fdee,ir,aligned_dataset/make_coffee_split/Seg4/make_coffee_ir,qa_pairs/aligned/ir_qa_results_aligned.json,navigation,10,The navigation involves moving from the coffee preparation station on the counter to the sink area. This requires a small pivot and a few steps to the right.
5220a839873d,ir,aligned_dataset/make_coffee_split/Seg4/make_coffee_ir,qa_pairs/aligned/ir_qa_results_aligned.json,action,8,"The subject prepares a coffee using a portafilter, then moves to a sink to rinse it. The purpose is to clean the equipment. The consequence is a clean portafilter ready for use."
624f46b501f7,ir,aligned_dataset/make_coffee_split/Seg4/make_coffee_ir,qa_pairs/aligned/ir_qa_results_aligned.json,light_change,8,"Initially, the lighting is bright and uniform across the counter. As the video progresses and the action moves towards the sink, the overall intensity decreases significantly, resulting in a much darker scene."
6d7a3ddb04b1,ir,aligned_dataset/make_coffee_split/Seg4/make_coffee_ir,qa_pairs/aligned/ir_qa_results_aligned.json,counting,10,"Objects include 1 coffee grinder, 1 bag of flour, 1 bowl, 1 coffee tamper, 1 filter, 1 power strip, 1 portafilter, 1 coffee machine, and several bottles near the sink."
706a6ccd15dc,ir,aligned_dataset/make_coffee_split/Seg4/make_coffee_ir,qa_pairs/aligned/ir_qa_results_aligned.json,spatial_reasoning,1,"The coffee grinder is located between the bag of flour on the left and the power strip on the right. The tamper and filter are placed in front of the grinder, closer to the edge of the counter. The flour bag is about 2 steps away from the camera, the grinder is 1.5 steps, and the sink area in the later scenes is approximately 3 steps away."
a17b79148c8c,ir,aligned_dataset/make_coffee_split/Seg4/make_coffee_ir,qa_pairs/aligned/ir_qa_results_aligned.json,dynamic_counting,8,The video does not contain any dynamic humans or objects moving independently; all movement is performed by the user (the subject).
a966626f0f67,ir,aligned_dataset/make_coffee_split/Seg4/make_coffee_ir,qa_pairs/aligned/ir_qa_results_aligned.json,object_recognition,1,"The video features a kitchen environment with a coffee grinder in the center, a bag of 'Home Pasta' flour on the left, a small white bowl, a metal coffee tamper, a circular filter, and a multi-plug power strip on the counter. The scene is captured in infrared, showing clear thermal contrasts of the metal and plastic objects."
b9d2265b1478,ir,aligned_dataset/make_coffee_split/Seg4/make_coffee_ir,qa_pairs/aligned/ir_qa_results_aligned.json,scene_sequence,10,"The sequence starts with the preparation of coffee components on a counter. Then, it transitions to the user picking up a portafilter and moving towards a sink to rinse it. The final scene shows the user at the sink area in a darker environment."
c1770e4243fa,ir,aligned_dataset/make_coffee_split/Seg4/make_coffee_ir,qa_pairs/aligned/ir_qa_results_aligned.json,non_common,1,The layout of the kitchen appears standard and logical for a coffee preparation task. No objects are floating or clipping through surfaces.
e7006e33b220,ir,aligned_dataset/make_coffee_split/Seg4/make_coffee_ir,qa_pairs/aligned/ir_qa_results_aligned.json,text_recognition,8,"The text 'HOME PASTA' is clearly visible on the bag of flour in frame 000000. Additionally, the label 'Dolce' is visible below it. These texts likely identify the brand and type of product for cooking."
0c870fbe7401,ir,aligned_dataset/make_coffee_split/Seg5/make_coffee_ir,qa_pairs/aligned/ir_qa_results_aligned.json,dynamic_counting,8,"There are no moving objects or humans, excluding my own actions in the video."
10d396efafae,ir,aligned_dataset/make_coffee_split/Seg5/make_coffee_ir,qa_pairs/aligned/ir_qa_results_aligned.json,action,8,"I am preparing to make coffee. I first tamp the coffee grounds into the portafilter using a tamper to ensure a uniform bed. Then, I move to the coffee machine, insert the portafilter, and press the brew button on the espresso machine, likely to extract a shot of espresso."
1cb345814600,ir,aligned_dataset/make_coffee_split/Seg5/make_coffee_ir,qa_pairs/aligned/ir_qa_results_aligned.json,spatial_reasoning,1,"The coffee portafilter is held in my hand, placed on the counter. The dish soap bottle is located behind the portafilter. The dish drying rack is positioned to the left of the stove. The electric stove is located on the right side of the counter. The bag of coffee beans is on the left side of the counter near the scale. The distance is approximately 1-2 steps for all these objects."
205acd3e2ff1,ir,aligned_dataset/make_coffee_split/Seg5/make_coffee_ir,qa_pairs/aligned/ir_qa_results_aligned.json,object_recognition,1,"The video features a kitchen scene with various objects, including a coffee portafilter, a wooden tamper, a bottle of dish soap, a dish drying rack containing various utensils and cups, an electric stove, a digital scale, a bag of coffee beans, a small white bowl, and a toaster."
3738f9bedb2e,ir,aligned_dataset/make_coffee_split/Seg5/make_coffee_ir,qa_pairs/aligned/ir_qa_results_aligned.json,counting,10,"The scene contains 1 portafilter, 1 coffee tamper, 1 dish soap bottle, 1 drying rack, 1 electric stove, 1 digital scale, 1 bag of coffee beans, 1 small bowl, and 1 toaster."
630b9f40ed29,ir,aligned_dataset/make_coffee_split/Seg5/make_coffee_ir,qa_pairs/aligned/ir_qa_results_aligned.json,text_recognition,8,"In the video, there is a text-like pattern '100%' visible on a container near the toaster (frame 000600), likely representing a brand or quality label for the coffee or supplement product. Another label 'NOTICE' appears on the coffee grinder (frame 000720)."
73fd2a7f1021,ir,aligned_dataset/make_coffee_split/Seg5/make_coffee_ir,qa_pairs/aligned/ir_qa_results_aligned.json,light_change,8,"The overall illumination in the scene is consistently low as it is an IR-recorded video. There is no significant change in light intensity throughout the sequence, though there are minor fluctuations when the camera moves to display the backlit control panels of the appliances."
8c05066dd44e,ir,aligned_dataset/make_coffee_split/Seg5/make_coffee_ir,qa_pairs/aligned/ir_qa_results_aligned.json,light_recognition,1,"The scene is lit by ambient room lighting, which is relatively dim in this IR capture, with the brightest spots being the digital displays on the scale and coffee grinder, and the glowing indicator lights on the espresso machine."
91bb730bb1d2,ir,aligned_dataset/make_coffee_split/Seg5/make_coffee_ir,qa_pairs/aligned/ir_qa_results_aligned.json,scene_sequence,10,"The video begins in a kitchen area where I am tamping coffee in a portafilter. I then move the camera to look at the dish drying rack near the stove. Finally, I move the camera to show the coffee station, which includes the grinder, scale, and coffee beans, and then I return to the sink area."
cb28af2bb7c0,ir,aligned_dataset/make_coffee_split/Seg5/make_coffee_ir,qa_pairs/aligned/ir_qa_results_aligned.json,navigation,10,The navigation involves moving between the sink area (tamping station) and the coffee station on the counter. The movement consists primarily of panning or shifting the camera a few steps.
d48a026008c8,ir,aligned_dataset/make_coffee_split/Seg5/make_coffee_ir,qa_pairs/aligned/ir_qa_results_aligned.json,dynamic_recognition,8,There are no dynamic objects or humans detected in the video other than the person operating the camera. (No start or end frames as there is no autonomous motion).
e1677b0f1b76,ir,aligned_dataset/make_coffee_split/Seg5/make_coffee_ir,qa_pairs/aligned/ir_qa_results_aligned.json,non_common,1,"The layout of the kitchen is standard. However, the placement of a drying rack filled with clean items directly next to an active stovetop could be considered slightly unconventional or a minor layout design risk."
29453942d257,ir,aligned_dataset/marinate_meat_split/Seg1/marinate_meat_ir,qa_pairs/aligned/ir_qa_results_aligned.json,light_change,8,"The lighting remains stable until the user opens the refrigerator door, which introduces a new, intense light source into the scene."
3a046d89c667,ir,aligned_dataset/marinate_meat_split/Seg1/marinate_meat_ir,qa_pairs/aligned/ir_qa_results_aligned.json,dynamic_counting,8,"There are no dynamic objects or humans moving in the video sequence, other than the subject's hands performing tasks."
3fa339a985e7,ir,aligned_dataset/marinate_meat_split/Seg1/marinate_meat_ir,qa_pairs/aligned/ir_qa_results_aligned.json,spatial_reasoning,1,"Spatial relationships: The toaster is to the right of the extension lead. The oven is located below the stovetop. The refrigerator is to the right of the kitchen cabinet counter. The sink is to the left of the stove. The drying rack is positioned on the left side of the counter near the sink. The distance between the viewer and the stove is approximately 3 steps, the distance to the refrigerator is 2 steps, to the toaster is 1 step, and to the drying rack is 1 step."
52e93f527eb4,ir,aligned_dataset/marinate_meat_split/Seg1/marinate_meat_ir,qa_pairs/aligned/ir_qa_results_aligned.json,action,8,"The user approaches the kitchen area, interacts with a cutting board, moves it to the sink, and then opens the refrigerator to get a container of meat, presumably to prepare food."
680ebeaa681c,ir,aligned_dataset/marinate_meat_split/Seg1/marinate_meat_ir,qa_pairs/aligned/ir_qa_results_aligned.json,non_common,1,"The layout appears standard for a kitchen, with no obvious violations of physical laws or unrealistic placement of furniture."
704beef19c72,ir,aligned_dataset/marinate_meat_split/Seg1/marinate_meat_ir,qa_pairs/aligned/ir_qa_results_aligned.json,light_recognition,1,"The scene is lit by ambient room light and the interior light of the refrigerator, which provides a bright hotspot when the door is opened."
7b86a9f7673a,ir,aligned_dataset/marinate_meat_split/Seg1/marinate_meat_ir,qa_pairs/aligned/ir_qa_results_aligned.json,scene_sequence,1,"The sequence starts with a view of the kitchen corner, followed by a pan across the kitchen counter showing the appliances, then moves to the stove area, and concludes with the user opening the refrigerator to retrieve a container of meat."
9d27f9af526f,ir,aligned_dataset/marinate_meat_split/Seg1/marinate_meat_ir,qa_pairs/aligned/ir_qa_results_aligned.json,object_recognition,1,"The video features a kitchen area with a white kitchen cabinet, an oven with a black stovetop, a dish drying rack, and a refrigerator. On the kitchen counter, there are electrical appliances including a toaster, a kettle, and an extension lead. A piece of raw meat in a plastic container is placed near the stove. The scene shows various kitchen items like bowls and utensils."
9f7e396b04bf,ir,aligned_dataset/marinate_meat_split/Seg1/marinate_meat_ir,qa_pairs/aligned/ir_qa_results_aligned.json,counting,10,"Identified objects: 1 oven, 1 refrigerator, 1 toaster, 1 kettle, 1 sink, 1 drying rack, 1 extension lead, 1 cutting board, 1 meat container, 1 bottle of dish soap."
abc122021a18,ir,aligned_dataset/marinate_meat_split/Seg1/marinate_meat_ir,qa_pairs/aligned/ir_qa_results_aligned.json,navigation,10,The navigation involves moving from the counter area to the stove and then to the refrigerator door to open it.
be287cbdb7a2,ir,aligned_dataset/marinate_meat_split/Seg1/marinate_meat_ir,qa_pairs/aligned/ir_qa_results_aligned.json,text_recognition,8,"There are no clear text patterns visible in the IR video, only labels on cleaning products like the dish soap bottle 'Pril' observed in the sink area during frame 400."
f775063cba1a,ir,aligned_dataset/marinate_meat_split/Seg1/marinate_meat_ir,qa_pairs/aligned/ir_qa_results_aligned.json,dynamic_recognition,8,The subject reaches for the refrigerator door at frame 750 and opens it by frame 870.
17e4a4546fd3,ir,aligned_dataset/marinate_meat_split/Seg2/marinate_meat_ir,qa_pairs/aligned/ir_qa_results_aligned.json,action,1,The subject is preparing raw pork chops on a white cutting board using a kitchen knife. The purpose is to slice the meat into smaller portions for cooking.
29d89e6e1eb8,ir,aligned_dataset/marinate_meat_split/Seg2/marinate_meat_ir,qa_pairs/aligned/ir_qa_results_aligned.json,light_recognition,1,"The scene is captured in infrared, showing heat signatures of household items. There are no direct light sources identified as lamps, but the thermal contrast highlights the kitchen appliances and objects."
30824f1ecccd,ir,aligned_dataset/marinate_meat_split/Seg2/marinate_meat_ir,qa_pairs/aligned/ir_qa_results_aligned.json,text_recognition,1,No clear text labels are visible in the IR video; the scene is primarily dominated by household objects and appliances.
31a4aa2888bd,ir,aligned_dataset/marinate_meat_split/Seg2/marinate_meat_ir,qa_pairs/aligned/ir_qa_results_aligned.json,navigation,1,"The subject stands in front of the kitchen counter. No significant navigation is performed, just small adjustments to hand position for cutting."
70cd15204740,ir,aligned_dataset/marinate_meat_split/Seg2/marinate_meat_ir,qa_pairs/aligned/ir_qa_results_aligned.json,non_common,1,The scene layout is logical and follows standard kitchen organization without any physical impossibilities.
7ee927d46655,ir,aligned_dataset/marinate_meat_split/Seg2/marinate_meat_ir,qa_pairs/aligned/ir_qa_results_aligned.json,object_recognition,1,"The video features a kitchen setting. Visible objects include a metal dish drying rack with various items such as plates, mugs, and utensils, a sink, a white cutting board, a package of raw meat (pork chops) on the counter, a power strip with several outlets, a toaster, and a built-in electric stovetop."
8e300fead593,ir,aligned_dataset/marinate_meat_split/Seg2/marinate_meat_ir,qa_pairs/aligned/ir_qa_results_aligned.json,scene_sequence,1,"The sequence starts with a focus on the dish drying rack, then moves to the sink area where a white cutting board is handled, and finally transitions to the countertop where raw meat is being prepared and sliced."
ba9c84f4a814,ir,aligned_dataset/marinate_meat_split/Seg2/marinate_meat_ir,qa_pairs/aligned/ir_qa_results_aligned.json,spatial_reasoning,1,The cutting board is positioned to the left of the kitchen sink. The meat container is on the metal countertop to the right of the sink. The power strip is located behind the meat container against the wall. The toaster is further to the right. The distance between the camera and the cutting board is approximately two steps.
bff9c246e877,ir,aligned_dataset/marinate_meat_split/Seg2/marinate_meat_ir,qa_pairs/aligned/ir_qa_results_aligned.json,dynamic_recognition,1,"The only dynamic action is the subject's hands cutting meat, starting from frame 000510 to frame 000870."
d80e44648f08,ir,aligned_dataset/marinate_meat_split/Seg2/marinate_meat_ir,qa_pairs/aligned/ir_qa_results_aligned.json,dynamic_counting,1,There are no moving objects or humans aside from the subject's hands manipulating the cutting board and the meat.
f07627be3121,ir,aligned_dataset/marinate_meat_split/Seg2/marinate_meat_ir,qa_pairs/aligned/ir_qa_results_aligned.json,light_change,1,There is no significant change in overall illumination; the video maintains a consistent infrared view of the kitchen.
f1bd8007b189,ir,aligned_dataset/marinate_meat_split/Seg2/marinate_meat_ir,qa_pairs/aligned/ir_qa_results_aligned.json,counting,1,"The video contains: 1 dish rack, 1 sink, 1 cutting board, 1 meat package, 1 power strip, 1 toaster, and 1 stovetop."
0eb155c827bc,ir,aligned_dataset/marinate_meat_split/Seg3/marinate_meat_ir,qa_pairs/aligned/ir_qa_results_aligned.json,dynamic_recognition,1,The subject interacts with the pork chop (frames 000000-000300) and the spice container (frames 000750-000870). No other dynamic objects are identified.
1e019f5828f8,ir,aligned_dataset/marinate_meat_split/Seg3/marinate_meat_ir,qa_pairs/aligned/ir_qa_results_aligned.json,light_recognition,1,The scene is lit by overhead kitchen lights with a fairly uniform distribution. There is a strong hotspot on the cutting board due to direct overhead illumination.
1f98e42dced6,ir,aligned_dataset/marinate_meat_split/Seg3/marinate_meat_ir,qa_pairs/aligned/ir_qa_results_aligned.json,action,1,"The subject is preparing a pork chop by scoring the fat, then moves to a cabinet to retrieve a container of salt to season the meat."
4a5ae1eefff0,ir,aligned_dataset/marinate_meat_split/Seg3/marinate_meat_ir,qa_pairs/aligned/ir_qa_results_aligned.json,navigation,1,"The path is: Start at the counter (0 steps), turn right to the cabinet (2 steps), retrieve item, return to the counter (2 steps)."
7b3304c69b00,ir,aligned_dataset/marinate_meat_split/Seg3/marinate_meat_ir,qa_pairs/aligned/ir_qa_results_aligned.json,light_change,1,"The lighting remains stable throughout the food preparation steps. A transition occurs when the camera moves to the cabinet area, but intensity remains consistent."
7e39fccd4d56,ir,aligned_dataset/marinate_meat_split/Seg3/marinate_meat_ir,qa_pairs/aligned/ir_qa_results_aligned.json,dynamic_counting,1,No dynamic objects or humans (other than the subject) are present in the video.
923f67358cb6,ir,aligned_dataset/marinate_meat_split/Seg3/marinate_meat_ir,qa_pairs/aligned/ir_qa_results_aligned.json,non_common,1,The scene layout is consistent and follows typical kitchen workflow. No floating objects or mesh clipping are detected.
a602a2c26433,ir,aligned_dataset/marinate_meat_split/Seg3/marinate_meat_ir,qa_pairs/aligned/ir_qa_results_aligned.json,scene_sequence,1,"The sequence begins with the preparation of a pork chop on a cutting board, moves to accessing a kitchen cabinet to retrieve a container, and ends with the application of seasoning to the meat."
aecfae6294c2,ir,aligned_dataset/marinate_meat_split/Seg3/marinate_meat_ir,qa_pairs/aligned/ir_qa_results_aligned.json,spatial_reasoning,1,The spatial layout includes: 1. A knife held in the right hand near the pork chop. 2. A white cutting board placed between the person and the stove. 3. A container of raw meat located to the upper right of the cutting board. 4. A black induction stovetop positioned to the left of the cutting board. 5. A dish drying rack with bowls and utensils situated in the background sink area. The distance is approximately 1-2 steps between the cutting board and the sink area.
b2e37ed1a785,ir,aligned_dataset/marinate_meat_split/Seg3/marinate_meat_ir,qa_pairs/aligned/ir_qa_results_aligned.json,text_recognition,1,"In frame 000630, a label on a container says 'ZIPPER'. In frame 000840, a spice container labeled 'Alpen JodSalz' is visible."
bf4c531af1dd,ir,aligned_dataset/marinate_meat_split/Seg3/marinate_meat_ir,qa_pairs/aligned/ir_qa_results_aligned.json,counting,1,"Objects identified: 1. Knife, 2. Pork chop, 3. Cutting board, 4. Storage container, 5. Induction stove, 6. Spice shaker."
f0c1281d001c,ir,aligned_dataset/marinate_meat_split/Seg3/marinate_meat_ir,qa_pairs/aligned/ir_qa_results_aligned.json,object_recognition,1,"The video features a kitchen scene with a person holding a knife to prepare raw meat on a white cutting board. The scene includes a container with several pieces of raw pork chops, a black induction stovetop, and various kitchen items in the background."
0f15eba2b40e,ir,aligned_dataset/marinate_meat_split/Seg4/marinate_meat_ir,qa_pairs/aligned/ir_qa_results_aligned.json,dynamic_counting,1,No dynamic objects or humans (other than the user's hands) are moving in the video.
301dedfcabdc,ir,aligned_dataset/marinate_meat_split/Seg4/marinate_meat_ir,qa_pairs/aligned/ir_qa_results_aligned.json,spatial_reasoning,1,The knife lies on the cutting board (distance: 1 step). The plastic container of pork is positioned behind the cutting board (distance: 2 steps). The power strip is mounted on the wall to the right of the cutting board (distance: 3 steps). The spice rack is located on the shelf above (distance: 3 steps).
4e30ec8f8f4b,ir,aligned_dataset/marinate_meat_split/Seg4/marinate_meat_ir,qa_pairs/aligned/ir_qa_results_aligned.json,navigation,1,The movement is confined to a small kitchen area: panning from the counter to the cabinet above and back down to the workspace.
7c63832df5cf,ir,aligned_dataset/marinate_meat_split/Seg4/marinate_meat_ir,qa_pairs/aligned/ir_qa_results_aligned.json,dynamic_recognition,1,"The only dynamic motion is the user's hands interacting with objects, starting at frame 000180 (reaching for containers) and ending at frame 000870 (placing the salt back)."
9d7bfe6bdb85,ir,aligned_dataset/marinate_meat_split/Seg4/marinate_meat_ir,qa_pairs/aligned/ir_qa_results_aligned.json,light_recognition,1,The kitchen workspace is illuminated by ambient kitchen lighting and a distinct hotspot from the wall-mounted power strip LED indicators.
bad125bb5c9c,ir,aligned_dataset/marinate_meat_split/Seg4/marinate_meat_ir,qa_pairs/aligned/ir_qa_results_aligned.json,counting,1,"Identifiable objects include: 1 knife, 1 induction cooktop, 1 cutting board, 1 power strip, 3 coffee/spice jars, 3 glasses on the shelf."
c2bbab4909da,ir,aligned_dataset/marinate_meat_split/Seg4/marinate_meat_ir,qa_pairs/aligned/ir_qa_results_aligned.json,action,1,"The user is preparing pork chops: they first move a container, retrieve salt from a shelf, and season the meat on the cutting board."
cc2631deaebc,ir,aligned_dataset/marinate_meat_split/Seg4/marinate_meat_ir,qa_pairs/aligned/ir_qa_results_aligned.json,light_change,1,"There is a transition in light intensity as the camera shifts focus from the bright, reflective metal surface of the kitchen counter to the darker interior of the overhead storage shelf."
d1ee328ef6df,ir,aligned_dataset/marinate_meat_split/Seg4/marinate_meat_ir,qa_pairs/aligned/ir_qa_results_aligned.json,non_common,1,"The layout appears functional, although the placement of a high-voltage power strip directly adjacent to a wet food preparation area is not ideal for safety."
fb86d0163d7a,ir,aligned_dataset/marinate_meat_split/Seg4/marinate_meat_ir,qa_pairs/aligned/ir_qa_results_aligned.json,object_recognition,1,"The scene is a kitchen workspace featuring an induction cooktop, a white cutting board, a knife, a plastic container with pork slices, and a power strip plugged into a wall outlet. Various kitchen items like cups, a coffee maker, and spice jars are visible on a nearby shelf."
fc8ca1d6b85e,ir,aligned_dataset/marinate_meat_split/Seg4/marinate_meat_ir,qa_pairs/aligned/ir_qa_results_aligned.json,text_recognition,1,"Various text-like thermal patterns are present. 'CLASSIC' on a coffee jar (frame 000510), 'BARISSIMO' on coffee jars (frame 000510), 'ESN' on a protein container (frame 000510), and 'Alpen Salz' on a salt shaker (frame 000510). These labels help identify culinary ingredients and products."
ff3011278085,ir,aligned_dataset/marinate_meat_split/Seg4/marinate_meat_ir,qa_pairs/aligned/ir_qa_results_aligned.json,scene_sequence,1,"The sequence starts at the kitchen counter with meal preparation, involves moving to an overhead shelf to retrieve spices, and returns to the counter to season the meat."
19d3597402c0,ir,aligned_dataset/open_doors_split/Seg1/open_doors_ir,qa_pairs/aligned/ir_qa_results_aligned.json,spatial_reasoning,1,The door handle is to the right of the door frame. The doormat is placed directly in front of the threshold. The stairs are located to the left of the main corridor. The wall signage is positioned above the door frame. There is a distance of approximately 5 steps between the camera position and the central door.
28a3883948d2,ir,aligned_dataset/open_doors_split/Seg1/open_doors_ir,qa_pairs/aligned/ir_qa_results_aligned.json,non_common,1,The layout appears standard; no physical laws are violated or weird layout designs observed.
2bc5c0ba11f5,ir,aligned_dataset/open_doors_split/Seg1/open_doors_ir,qa_pairs/aligned/ir_qa_results_aligned.json,text_recognition,1,Several pieces of text are visible in the IR video. A QR code and a sign reading '02.B.29 Büro 19' appear on a wall near the beginning and again later. Another sign says 'Dear students! Please make sure to close the windows upon leaving our student rooms. Thank you.' These are informational signs for students and staff in an office environment.
5986a3833289,ir,aligned_dataset/open_doors_split/Seg1/open_doors_ir,qa_pairs/aligned/ir_qa_results_aligned.json,dynamic_counting,1,"Throughout the duration of the video, the camera moves through a quiet office building hallway. No moving objects, dynamic human figures, or other entities such as service robots or pets are present. The hallway remains static during the entire recording."
6dac0d8472e2,ir,aligned_dataset/open_doors_split/Seg1/open_doors_ir,qa_pairs/aligned/ir_qa_results_aligned.json,navigation,1,"The navigation task involves moving straight along a corridor. The camera operator starts at a junction with a staircase, then proceeds forward down the length of the hallway, passing several doors, and stops at the end of the corridor near a row of doors."
7da79fa0af78,ir,aligned_dataset/open_doors_split/Seg1/open_doors_ir,qa_pairs/aligned/ir_qa_results_aligned.json,action,1,"The subject behind the camera is walking forward through an office building's hallway. The action is a steady, deliberate movement to traverse the length of the corridor, likely to move between office locations or reach a destination within the building."
8928546fbf2b,ir,aligned_dataset/open_doors_split/Seg1/open_doors_ir,qa_pairs/aligned/ir_qa_results_aligned.json,light_change,1,The IR video depicts a indoor environment where the lighting appears consistent as the camera moves through the hallway. There are no significant shifts in brightness or shadows that suggest artificial light being toggled or daylight changes during the duration of the recording.
89548be23797,ir,aligned_dataset/open_doors_split/Seg1/open_doors_ir,qa_pairs/aligned/ir_qa_results_aligned.json,object_recognition,1,"The video features an indoor corridor scene with tiled floors and white walls. Key objects identified include a door with a metal handle, a doormat in front of the door, stairs with a black metal railing, signage on the wall, and multiple doorways leading to office-like spaces."
b26246a117ec,ir,aligned_dataset/open_doors_split/Seg1/open_doors_ir,qa_pairs/aligned/ir_qa_results_aligned.json,light_recognition,1,"The scene is lit by overhead fluorescent lights, which create consistent thermal patterns on the floor and walls, highlighting the geometric layout of the corridors."
ca9d62cae83c,ir,aligned_dataset/open_doors_split/Seg1/open_doors_ir,qa_pairs/aligned/ir_qa_results_aligned.json,dynamic_recognition,1,"The video shows a static, indoor hallway environment. There is no activity, movement, or appearance of dynamic objects or humans. The start and end of any 'action' is null as the environment remains perfectly still throughout the entire sequence."
eb504b40bbda,ir,aligned_dataset/open_doors_split/Seg1/open_doors_ir,qa_pairs/aligned/ir_qa_results_aligned.json,counting,1,"The IR video shows various architectural elements. I can identify one staircase, at least six closed doors along the corridor walls, one QR code, one wall-mounted sign, and one fire extinguisher near the end of the hallway."
ed3359ba0859,ir,aligned_dataset/open_doors_split/Seg1/open_doors_ir,qa_pairs/aligned/ir_qa_results_aligned.json,scene_sequence,1,"The video starts in a hallway with a staircase to the left and a door to an office on the right. The person proceeds along the hallway, passing multiple doors on the sides, continuing down a corridor until reaching a final area with multiple closed office doors."
1a9c59d599f8,ir,aligned_dataset/open_doors_split/Seg2/open_doors_ir,qa_pairs/aligned/ir_qa_results_aligned.json,counting,1,"The hallway contains 8 doors visible along the walls, 1 fire extinguisher, 1 wall-mounted control panel, and 1 sign at the very end of the hall."
525c0577374d,ir,aligned_dataset/open_doors_split/Seg2/open_doors_ir,qa_pairs/aligned/ir_qa_results_aligned.json,light_change,1,The light levels remain constant throughout the video as the camera moves down the hallway.
6040245b5d63,ir,aligned_dataset/open_doors_split/Seg2/open_doors_ir,qa_pairs/aligned/ir_qa_results_aligned.json,object_recognition,1,"The video captures a hallway in a building with multiple white doors, white walls, and dark wood-look flooring. Visible objects include fire extinguishers, door handles, signage on doors, and wall-mounted control panels."
611d1d0bb89c,ir,aligned_dataset/open_doors_split/Seg2/open_doors_ir,qa_pairs/aligned/ir_qa_results_aligned.json,navigation,1,"To navigate the hall, proceed straight down the center of the corridor. The path is linear with no turns required until reaching the end of the hallway."
8460ffb4834e,ir,aligned_dataset/open_doors_split/Seg2/open_doors_ir,qa_pairs/aligned/ir_qa_results_aligned.json,light_recognition,1,"The scene is evenly lit by overhead lights, providing consistent illumination throughout the corridor."
8956b4fca6e1,ir,aligned_dataset/open_doors_split/Seg2/open_doors_ir,qa_pairs/aligned/ir_qa_results_aligned.json,dynamic_counting,1,"No moving objects or humans are present in the video, except for the camera's motion."
990f45bcf840,ir,aligned_dataset/open_doors_split/Seg2/open_doors_ir,qa_pairs/aligned/ir_qa_results_aligned.json,text_recognition,1,"Several doors have signs attached to them. For example, a sign on a door in the middle of the hallway (around frame 000500) appears to be a notice or instruction card. Another sign is visible on the wall near a door closer to the end of the corridor. These are likely informational signs for student rooms."
ae7e842ed937,ir,aligned_dataset/open_doors_split/Seg2/open_doors_ir,qa_pairs/aligned/ir_qa_results_aligned.json,scene_sequence,1,"The camera moves down a long hallway, passing several doors on both sides. The sequence includes walking past the fire extinguisher on the left, passing multiple office/room doors, and finally arriving at a door with a sign at the end of the hallway before turning slightly."
d048056edd64,ir,aligned_dataset/open_doors_split/Seg2/open_doors_ir,qa_pairs/aligned/ir_qa_results_aligned.json,spatial_reasoning,1,"The hallway features several doors along both sides. A fire extinguisher is located on the left wall, approximately 3 steps from the initial camera position. A wall-mounted control panel is on the right wall, about 2 steps away. Another door is located at the end of the hallway, roughly 10 steps from the start. Several doors are positioned sequentially along the walls at varying distances of 1 to 5 steps."
d0e42d6214d8,ir,aligned_dataset/open_doors_split/Seg2/open_doors_ir,qa_pairs/aligned/ir_qa_results_aligned.json,non_common,1,"The hallway layout appears standard for an office or dormitory building, with no obvious physical impossibilities or architectural errors."
e03ef4c9f28d,ir,aligned_dataset/open_doors_split/Seg2/open_doors_ir,qa_pairs/aligned/ir_qa_results_aligned.json,action,1,"The subject is walking down a hallway, presumably conducting a survey or inspection of the building's corridor."
f3f13dee2c3f,ir,aligned_dataset/open_doors_split/Seg2/open_doors_ir,qa_pairs/aligned/ir_qa_results_aligned.json,dynamic_recognition,1,The video shows no dynamic objects or humans; it is a static environment capture.
0325dfbc2ed3,ir,aligned_dataset/open_doors_split/Seg3/open_doors_ir,qa_pairs/aligned/ir_qa_results_aligned.json,light_change,8,"The lighting remains constant as I walk down the hallway. There is no significant change in brightness or color temperature until I reach the doorway at the end, which opens into a much brighter, possibly natural-light-filled area."
22de6bcb57eb,ir,aligned_dataset/open_doors_split/Seg3/open_doors_ir,qa_pairs/aligned/ir_qa_results_aligned.json,light_recognition,1,"The hallway is lit by overhead lights installed along the ceiling, creating a consistent light path down the center of the corridor. The light is relatively uniform, casting soft shadows."
2569952b4ecc,ir,aligned_dataset/open_doors_split/Seg3/open_doors_ir,qa_pairs/aligned/ir_qa_results_aligned.json,text_recognition,8,The video contains several text-like patterns on doors: a sign on the far door (frame 300) and various labels on doors along the corridor (frame 500). These are likely room identifiers or safety instructions.
4d9de3790686,ir,aligned_dataset/open_doors_split/Seg3/open_doors_ir,qa_pairs/aligned/ir_qa_results_aligned.json,dynamic_counting,8,No dynamic objects or humans move throughout the video duration.
5de878cbaef2,ir,aligned_dataset/open_doors_split/Seg3/open_doors_ir,qa_pairs/aligned/ir_qa_results_aligned.json,object_recognition,1,"The video features a long hallway with multiple doors on both sides, a wooden floor, and a fire extinguisher mounted on the wall. The hallway is illuminated by overhead lights that cast long shadows. There are several door signs and a fire alarm/emergency signage present."
6c8a913f622f,ir,aligned_dataset/open_doors_split/Seg3/open_doors_ir,qa_pairs/aligned/ir_qa_results_aligned.json,spatial_reasoning,1,The hallway has doors spaced along its length. A fire extinguisher is located on the left wall about 2 steps away from the start. A sign is visible on a door to the right. The distance between me and the end of the hallway is approximately 10 steps. There is a doorway at the very end of the hall. The fire extinguisher is closer to the beginning of the hall than the far doorway.
93fd3f7e6089,ir,aligned_dataset/open_doors_split/Seg3/open_doors_ir,qa_pairs/aligned/ir_qa_results_aligned.json,counting,10,"In the corridor, I can identify: 1 fire extinguisher, at least 6 doors, multiple door signs, 1 end-of-hallway doorway, and 1 floor transition from wood to tile."
ae093cffe216,ir,aligned_dataset/open_doors_split/Seg3/open_doors_ir,qa_pairs/aligned/ir_qa_results_aligned.json,dynamic_recognition,8,There is no dynamic human or object movement observed in the IR video sequence.
aed6a9fbccce,ir,aligned_dataset/open_doors_split/Seg3/open_doors_ir,qa_pairs/aligned/ir_qa_results_aligned.json,navigation,10,"I am walking straight through a long corridor. To reach the exit, I continue forward without turning. It takes approximately 10 steps to reach the end of the hallway from the initial position."
b6e184efbc8f,ir,aligned_dataset/open_doors_split/Seg3/open_doors_ir,qa_pairs/aligned/ir_qa_results_aligned.json,action,8,"The subject (behind the camera) is walking forward down a hallway. They are likely moving from one room to another, possibly performing a routine building inspection or navigating to an exit."
bfd04df50333,ir,aligned_dataset/open_doors_split/Seg3/open_doors_ir,qa_pairs/aligned/ir_qa_results_aligned.json,non_common,1,"The layout of the hallway is standard. No weird objects, floating items, or mesh clipping are observed. The environment appears to be a standard, well-designed institutional hallway."
f357b3a27c72,ir,aligned_dataset/open_doors_split/Seg3/open_doors_ir,qa_pairs/aligned/ir_qa_results_aligned.json,scene_sequence,10,"I start in a corridor, walk past several doors on the left and right, approach a fire extinguisher on the left wall, continue down the hallway, and finally reach a doorway leading to a brightly lit area with a tiled floor."
0f96639cdd00,ir,aligned_dataset/pour_water_split/Seg1/pour_water_ir,qa_pairs/aligned/ir_qa_results_aligned.json,light_change,1,"The light level transitions from a bright, high-contrast state to a very dark state, effectively turning off or obscuring the scene as the video concludes."
1348f9cf943b,ir,aligned_dataset/pour_water_split/Seg1/pour_water_ir,qa_pairs/aligned/ir_qa_results_aligned.json,action,1,"The subject is interacting with objects on a desk. They reach toward the cup and then appear to place or adjust a lid/cap on it, likely for the purpose of sealing or covering the container."
37250db90361,ir,aligned_dataset/pour_water_split/Seg1/pour_water_ir,qa_pairs/aligned/ir_qa_results_aligned.json,light_recognition,1,"The scene is captured in infrared, showing thermal signatures. There are no active light sources like bulbs or lamps visible, just the thermal contrast of the room and objects."
3777661404ad,ir,aligned_dataset/pour_water_split/Seg1/pour_water_ir,qa_pairs/aligned/ir_qa_results_aligned.json,text_recognition,1,There are no clear text-like thermal patterns or labels visible on the objects in the IR video stream.
41a5a2e54806,ir,aligned_dataset/pour_water_split/Seg1/pour_water_ir,qa_pairs/aligned/ir_qa_results_aligned.json,dynamic_recognition,1,There are no moving objects or humans in the video sequence.
46ce7f6d3828,ir,aligned_dataset/pour_water_split/Seg1/pour_water_ir,qa_pairs/aligned/ir_qa_results_aligned.json,object_recognition,1,"The video features a desk surface with several items: a white cylindrical container on the left, a circular white cap, a dark-colored cup, and a large metallic jug on the right. Thermal contrast highlights these objects, with the metal jug appearing cooler than the warm cup and the ambient surface. The items are arranged in a line on a white tabletop."
627fa0b39ea6,ir,aligned_dataset/pour_water_split/Seg1/pour_water_ir,qa_pairs/aligned/ir_qa_results_aligned.json,spatial_reasoning,1,The cup is positioned to the right of the circular cap and to the left of the large metallic jug. The cylindrical container is located to the left of the circular cap. The circular cap is between the cylindrical container and the cup. The metallic jug is at the far right end of the desk. There are approximately 2-3 steps between me and the desk objects based on their apparent thermal size.
665f855e281f,ir,aligned_dataset/pour_water_split/Seg1/pour_water_ir,qa_pairs/aligned/ir_qa_results_aligned.json,scene_sequence,1,"The sequence shows a stable scene from a first-person perspective, focusing on objects on a table. The camera maintains a consistent view of the desk throughout, showing the arrangement of the container, cap, cup, and jug without changing location or passing through multiple rooms."
965f7e577c4c,ir,aligned_dataset/pour_water_split/Seg1/pour_water_ir,qa_pairs/aligned/ir_qa_results_aligned.json,counting,1,"There are 4 distinct functional objects on the desk: 1 cylindrical container, 1 circular cap, 1 cup, and 1 metallic jug."
a138dea9e626,ir,aligned_dataset/pour_water_split/Seg1/pour_water_ir,qa_pairs/aligned/ir_qa_results_aligned.json,dynamic_counting,1,There are no moving objects or humans in the frame; the scene is static with only the camera operator's subtle movements.
ba42a410e65e,ir,aligned_dataset/pour_water_split/Seg1/pour_water_ir,qa_pairs/aligned/ir_qa_results_aligned.json,non_common,1,The layout of the desk objects is orderly and common. There are no floating objects or clipping issues observable in this thermal scene.
e37f68510fbd,ir,aligned_dataset/pour_water_split/Seg1/pour_water_ir,qa_pairs/aligned/ir_qa_results_aligned.json,navigation,1,"The camera is stationary in front of a desk. No navigation, turning, or walking is performed."
121ea303a846,ir,aligned_dataset/pour_water_split/Seg2/pour_water_ir,qa_pairs/aligned/ir_qa_results_aligned.json,light_recognition,1,"The scene is illuminated by ambient light in the room, creating thermal contrast between the room temperature objects and the warm surface of the kettle."
1c4e48bdd37d,ir,aligned_dataset/pour_water_split/Seg2/pour_water_ir,qa_pairs/aligned/ir_qa_results_aligned.json,object_recognition,1,"The video shows a first-person perspective in a kitchen environment. Key objects identified include a large white water pitcher on the left, a dark cylindrical container or cup, a small round lid, and a stainless steel kettle on the right. The surfaces exhibit varying thermal signatures, indicating differences in material and temperature."
252a7a725546,ir,aligned_dataset/pour_water_split/Seg2/pour_water_ir,qa_pairs/aligned/ir_qa_results_aligned.json,counting,10,"The video shows a collection of four specific kitchen items: a white water pitcher, a dark cylindrical container, a small circular lid, and a silver electric kettle."
2e5b9a506172,ir,aligned_dataset/pour_water_split/Seg2/pour_water_ir,qa_pairs/aligned/ir_qa_results_aligned.json,text_recognition,8,"The video does not contain any readable text or signs. The visible items include a water pitcher, a dark circular container, a lid, and a metal kettle, which are kitchen or household objects."
354b7351cc80,ir,aligned_dataset/pour_water_split/Seg2/pour_water_ir,qa_pairs/aligned/ir_qa_results_aligned.json,action,8,"The subject is performing a series of kitchen tasks, including handling a circular lid and manipulating an electric kettle. The likely purpose is preparing to boil water or cleaning, given the presence of the pitcher and kettle."
74888fa39555,ir,aligned_dataset/pour_water_split/Seg2/pour_water_ir,qa_pairs/aligned/ir_qa_results_aligned.json,spatial_reasoning,1,The layout features a white table holding several items. Spatial relationships: the white pitcher is to the left of the small lid; the lid is to the left of the dark cup; the cup is to the left of the kettle; the kettle is positioned on the far right. The subject is approximately 1-2 steps away from the table surface.
a19d8ce5e1cc,ir,aligned_dataset/pour_water_split/Seg2/pour_water_ir,qa_pairs/aligned/ir_qa_results_aligned.json,dynamic_counting,8,"There are no dynamic or moving objects in this scene. All items are stationary on the table, and the only movement is from the subject's hands performing actions."
acb3f433f73a,ir,aligned_dataset/pour_water_split/Seg2/pour_water_ir,qa_pairs/aligned/ir_qa_results_aligned.json,light_change,8,"The lighting in the scene undergoes a dramatic shift. Initially, the environment is well-lit, allowing clear identification of the kitchen objects. Over the course of the video, the scene progressively darkens until it becomes almost entirely black, suggesting an intentional change in the environment's illumination."
c480723fdcc5,ir,aligned_dataset/pour_water_split/Seg2/pour_water_ir,qa_pairs/aligned/ir_qa_results_aligned.json,dynamic_recognition,8,"The only dynamic elements in the video are the hands of the subject interacting with a lid and a kettle. The hands enter the frame around frame_000000 and continue to interact with objects until the light dims, roughly by frame_000600."
d31de73e55bd,ir,aligned_dataset/pour_water_split/Seg2/pour_water_ir,qa_pairs/aligned/ir_qa_results_aligned.json,navigation,10,"The navigation involves the subject standing in front of a table, performing small, fine-motor tasks with objects placed in front of them. No large-scale movement, such as walking or turning, is performed."
d44fae5bb6d8,ir,aligned_dataset/pour_water_split/Seg2/pour_water_ir,qa_pairs/aligned/ir_qa_results_aligned.json,non_common,1,"The kitchen setup is logically arranged and contains common household items, with no physical laws violated or unrealistic layout designs observed."
ed02fc243965,ir,aligned_dataset/pour_water_split/Seg2/pour_water_ir,qa_pairs/aligned/ir_qa_results_aligned.json,scene_sequence,10,"The camera is held by the subject in a kitchen or pantry area. The sequence involves a tabletop with a water pitcher on the left, a dark open container, a small circular lid, and a stainless steel electric kettle on the right. The subject's hands interact with the lid and the kettle."
09c8afa6e6b0,ir,aligned_dataset/ride_a_bike_split/Seg1/ride_a_bike_ir,qa_pairs/aligned/ir_qa_results_aligned.json,text_recognition,1,"In the final frames, there is a blurry text-like thermal pattern on the side of a building, potentially indicating a facility or room name. No other distinct text is visible."
2d4843c77f36,ir,aligned_dataset/ride_a_bike_split/Seg1/ride_a_bike_ir,qa_pairs/aligned/ir_qa_results_aligned.json,scene_sequence,1,"The sequence starts with the camera mounted on a bicycle riding along a sidewalk. I then pass by parked cars, a storm drain, and eventually approach a building frontage at night."
3f8725afabad,ir,aligned_dataset/ride_a_bike_split/Seg1/ride_a_bike_ir,qa_pairs/aligned/ir_qa_results_aligned.json,light_change,1,"The light intensity changes as the camera moves past streetlights, with shadows shifting in length and intensity across the frame throughout the ride."
40f16b2e030b,ir,aligned_dataset/ride_a_bike_split/Seg1/ride_a_bike_ir,qa_pairs/aligned/ir_qa_results_aligned.json,navigation,1,The path follows a sidewalk that curves slightly. I should maintain the current trajectory to continue along the street.
4da242d3bc4a,ir,aligned_dataset/ride_a_bike_split/Seg1/ride_a_bike_ir,qa_pairs/aligned/ir_qa_results_aligned.json,dynamic_recognition,1,No dynamic objects were detected; the scene is static with only the camera moving.
7c9e4c857baa,ir,aligned_dataset/ride_a_bike_split/Seg1/ride_a_bike_ir,qa_pairs/aligned/ir_qa_results_aligned.json,action,1,I am riding a bicycle along a sidewalk at night. The purpose is to navigate through the residential area.
a22a264f54ce,ir,aligned_dataset/ride_a_bike_split/Seg1/ride_a_bike_ir,qa_pairs/aligned/ir_qa_results_aligned.json,dynamic_counting,1,There are no moving objects other than the camera movement itself in this scene.
a48ca5f8c007,ir,aligned_dataset/ride_a_bike_split/Seg1/ride_a_bike_ir,qa_pairs/aligned/ir_qa_results_aligned.json,object_recognition,1,"The video features a night-time scene captured in infrared. The primary objects include a bicycle handlebar assembly, a circular bell, a small display screen, a paved sidewalk with rectangular blocks, and an adjacent asphalt road. Thermal contrast is visible between the cooler paved surfaces and the warmer bike components."
d11b9926f163,ir,aligned_dataset/ride_a_bike_split/Seg1/ride_a_bike_ir,qa_pairs/aligned/ir_qa_results_aligned.json,spatial_reasoning,1,"The spatial relationships include the bicycle handlebars situated above the sidewalk, the sidewalk running parallel to the asphalt road, a curb separating the sidewalk from the road, a storm drain cover located on the road, and a row of parked cars along the curb. The objects appear to be within 1 to 5 steps of the camera."
d6b77b2c3898,ir,aligned_dataset/ride_a_bike_split/Seg1/ride_a_bike_ir,qa_pairs/aligned/ir_qa_results_aligned.json,counting,1,"The video includes: 1 bicycle handlebar, 1 bell, 1 display screen, several rectangular sidewalk blocks, and approximately 8-10 parked cars along the road."
e9a56d571aac,ir,aligned_dataset/ride_a_bike_split/Seg1/ride_a_bike_ir,qa_pairs/aligned/ir_qa_results_aligned.json,non_common,1,"The environment appears physically realistic. No objects are floating, and the layout conforms to standard urban design."
f98daf53a3ee,ir,aligned_dataset/ride_a_bike_split/Seg1/ride_a_bike_ir,qa_pairs/aligned/ir_qa_results_aligned.json,light_recognition,1,"The scene is illuminated by streetlights, which appear as bright hotspots in the infrared spectrum, casting long, dark shadows on the ground."
023cf886bebc,ir,aligned_dataset/ride_a_bike_split/Seg2/ride_a_bike_ir,qa_pairs/aligned/ir_qa_results_aligned.json,light_recognition,1,"The infrared video displays natural thermal signatures of objects and structures. In the indoor section, overhead fluorescent lights provide artificial illumination, creating clear thermal contrast on the bicycles and storage racks."
09443f549f6b,ir,aligned_dataset/ride_a_bike_split/Seg2/ride_a_bike_ir,qa_pairs/aligned/ir_qa_results_aligned.json,counting,1,"In the outdoor scene, there are at least 3 large RVs and several cars. In the indoor scene, there are over 10 bicycles parked in metal racks."
0bbbc9a00bb5,ir,aligned_dataset/ride_a_bike_split/Seg2/ride_a_bike_ir,qa_pairs/aligned/ir_qa_results_aligned.json,dynamic_recognition,1,No dynamic human or moving objects were identified; only the camera is in motion.
13a638716165,ir,aligned_dataset/ride_a_bike_split/Seg2/ride_a_bike_ir,qa_pairs/aligned/ir_qa_results_aligned.json,light_change,1,"The video transitions from an outdoor night environment with low ambient thermal variation to an indoor environment with consistent, bright artificial light sources reflecting off the bicycles."
25281628cca1,ir,aligned_dataset/ride_a_bike_split/Seg2/ride_a_bike_ir,qa_pairs/aligned/ir_qa_results_aligned.json,spatial_reasoning,1,"There are several spatial relationships: 1) The first RV is positioned to the left of the road. 2) The second RV is located further down the street on the left. 3) A car is parked on the right side of the street. 4) A tree is situated on the sidewalk to the left of the road. 5) A building is located behind the row of vehicles. Estimated distance: The closest vehicle is approximately 3-4 steps away, while the next one is about 8-10 steps away."
29f8735689eb,ir,aligned_dataset/ride_a_bike_split/Seg2/ride_a_bike_ir,qa_pairs/aligned/ir_qa_results_aligned.json,navigation,1,"The path involves walking straight down a street, turning right towards a building entrance, and entering a room to find bicycle parking."
7142c3fe48b8,ir,aligned_dataset/ride_a_bike_split/Seg2/ride_a_bike_ir,qa_pairs/aligned/ir_qa_results_aligned.json,dynamic_counting,1,There are no dynamic objects moving in the scene besides the camera movement itself.
72575d312c1a,ir,aligned_dataset/ride_a_bike_split/Seg2/ride_a_bike_ir,qa_pairs/aligned/ir_qa_results_aligned.json,non_common,1,"The layout of the bicycle storage room appears functional and standard, with no apparent physical impossibilities or design flaws noted."
9306eb421209,ir,aligned_dataset/ride_a_bike_split/Seg2/ride_a_bike_ir,qa_pairs/aligned/ir_qa_results_aligned.json,action,1,"The subject walks along a street, approaches a building door, opens it, and enters a bicycle storage room, likely to park or retrieve a bicycle."
9b76eb874ec3,ir,aligned_dataset/ride_a_bike_split/Seg2/ride_a_bike_ir,qa_pairs/aligned/ir_qa_results_aligned.json,object_recognition,1,"The video features a night street scene in infrared, showcasing several parked recreational vehicles (RVs) and cars along the curb. Various buildings and trees are visible in the background, with distinct thermal contrast highlighting the vehicles against the cooler asphalt road."
c524f78ac95b,ir,aligned_dataset/ride_a_bike_split/Seg2/ride_a_bike_ir,qa_pairs/aligned/ir_qa_results_aligned.json,scene_sequence,1,"The video begins with an outdoor night scene walking along a street lined with parked RVs and cars. The camera then moves indoors, transitioning into a bicycle storage area where multiple bicycles are parked in racks."
fea6e54c7b9c,ir,aligned_dataset/ride_a_bike_split/Seg2/ride_a_bike_ir,qa_pairs/aligned/ir_qa_results_aligned.json,text_recognition,1,"In the latter part of the video (starting around frame 000570 and beyond), a door with the text 'Fahrräder' and a bicycle icon is visible. This indicates a bicycle storage room or parking area."
05f14d2b5a4b,ir,aligned_dataset/use_computer_split/Seg1/use_computer_ir,qa_pairs/aligned/ir_qa_results_aligned.json,light_change,1,"The lighting remains stable throughout the recording, with the desk lamp maintaining a consistent intensity on the workspace."
08f15ca3c9fa,ir,aligned_dataset/use_computer_split/Seg1/use_computer_ir,qa_pairs/aligned/ir_qa_results_aligned.json,text_recognition,1,"The notebook shows handwritten alphabet letters (A-Z) and phrases in German, written in black ink, seen throughout the video sequence. The text on the screen displays YouTube interface elements and video content details."
2ad4eb546245,ir,aligned_dataset/use_computer_split/Seg1/use_computer_ir,qa_pairs/aligned/ir_qa_results_aligned.json,non_common,1,"The layout of the desk is functional for a workspace, with no unrealistic object placements or physics violations observed."
46d023e3cb96,ir,aligned_dataset/use_computer_split/Seg1/use_computer_ir,qa_pairs/aligned/ir_qa_results_aligned.json,dynamic_recognition,1,"The user's hands move across the notebook to write, starting from the beginning of the video and continuing throughout."
490fa4f663d2,ir,aligned_dataset/use_computer_split/Seg1/use_computer_ir,qa_pairs/aligned/ir_qa_results_aligned.json,dynamic_counting,1,"Only the user's hands move throughout the video, interacting with the pen and notebook; no other dynamic objects or people are present."
6567dcb3ca5d,ir,aligned_dataset/use_computer_split/Seg1/use_computer_ir,qa_pairs/aligned/ir_qa_results_aligned.json,object_recognition,1,"The video features a desk workspace equipped with a laptop displaying a YouTube video, a desk lamp, a USB-C hub with multiple cables connected, a smartphone placed on the desk, a small notebook being used for writing, a pen, and a pair of wireless earbuds in their case."
680bcea0ea30,ir,aligned_dataset/use_computer_split/Seg1/use_computer_ir,qa_pairs/aligned/ir_qa_results_aligned.json,navigation,1,"The video is a static, top-down view, so no navigation or movement through a space is performed."
6910dba37d49,ir,aligned_dataset/use_computer_split/Seg1/use_computer_ir,qa_pairs/aligned/ir_qa_results_aligned.json,action,1,"The subject is writing in a notebook using a pen, likely taking notes or practicing German writing skills based on the content visible on the page."
a922bba975d7,ir,aligned_dataset/use_computer_split/Seg1/use_computer_ir,qa_pairs/aligned/ir_qa_results_aligned.json,spatial_reasoning,1,"The laptop is centered on the desk, with the desk lamp to its left and the smartphone and earbuds to its right. The USB-C hub is located between the laptop and the notebook. The notebook is positioned in front of the laptop. The pen lies on the desk to the right of the notebook."
b6acc24b13ec,ir,aligned_dataset/use_computer_split/Seg1/use_computer_ir,qa_pairs/aligned/ir_qa_results_aligned.json,light_recognition,1,"The scene is lit by a desk lamp positioned to the left, which creates a prominent bright vertical reflection or hotspot on the laptop screen and illuminates the workspace."
cda790b494f6,ir,aligned_dataset/use_computer_split/Seg1/use_computer_ir,qa_pairs/aligned/ir_qa_results_aligned.json,counting,1,"The desk contains: one laptop, one desk lamp, one USB-C hub, one smartphone, one notebook, one pen, and one set of earbuds in a case."
df5be5a1765a,ir,aligned_dataset/use_computer_split/Seg1/use_computer_ir,qa_pairs/aligned/ir_qa_results_aligned.json,scene_sequence,1,"The video provides a consistent top-down view of a workstation throughout the entire sequence, showing the user writing in a notebook while the laptop remains open in the background."
1492eae25cf8,ir,aligned_dataset/use_computer_split/Seg2/use_computer_ir,qa_pairs/aligned/ir_qa_results_aligned.json,text_recognition,1,"The notepad in the center (frame 0) has the text 'Printer Status Report' and 'Kush letter' visible. There is also an alphabet chart printed on the page, useful for reference. The laptop screen displays a YouTube video interface."
25b6663b4a99,ir,aligned_dataset/use_computer_split/Seg2/use_computer_ir,qa_pairs/aligned/ir_qa_results_aligned.json,spatial_reasoning,1,The laptop is centered on the desk. The desk lamp is to the left of the laptop. The USB-C hub is connected to the laptop's left port. A notepad is placed directly in front of the laptop. A charging case is located to the right of the laptop. The distance between the user and the laptop is approximately 1-2 steps.
2603227b7c6b,ir,aligned_dataset/use_computer_split/Seg2/use_computer_ir,qa_pairs/aligned/ir_qa_results_aligned.json,object_recognition,1,"The scene features a desk setup with a laptop, a desk lamp, a USB-C hub, a notepad with a printed 'Printer Status Report', and a small charging case. The laptop is central with its screen showing a YouTube video. The desk lamp is positioned to the left. The thermal contrast shows the laptop and power adapter as warm hotspots against the cooler desk surface."
3acd46e776c6,ir,aligned_dataset/use_computer_split/Seg2/use_computer_ir,qa_pairs/aligned/ir_qa_results_aligned.json,scene_sequence,1,"The scene is static, showing a workspace setup. The video focuses on the activity of someone taking notes with a pen on a notepad, while the laptop screen remains on throughout the sequence."
759e292d9d93,ir,aligned_dataset/use_computer_split/Seg2/use_computer_ir,qa_pairs/aligned/ir_qa_results_aligned.json,light_change,1,The lighting remains constant throughout the video as the user performs the writing task. No significant changes in illumination were detected.
78d16188aed1,ir,aligned_dataset/use_computer_split/Seg2/use_computer_ir,qa_pairs/aligned/ir_qa_results_aligned.json,non_common,1,"The layout is a standard, functional workspace. No layout design errors or unrealistic elements were observed."
7a297fb1a2a4,ir,aligned_dataset/use_computer_split/Seg2/use_computer_ir,qa_pairs/aligned/ir_qa_results_aligned.json,dynamic_recognition,1,"The subject's hand and pen are the only dynamic elements, moving continuously to write on the notepad from start to end (frame 0 to 870)."
933c5ea82d06,ir,aligned_dataset/use_computer_split/Seg2/use_computer_ir,qa_pairs/aligned/ir_qa_results_aligned.json,navigation,1,The video shows a stationary desk environment. No navigation or movement through a space is required or performed.
ad43be9a9c85,ir,aligned_dataset/use_computer_split/Seg2/use_computer_ir,qa_pairs/aligned/ir_qa_results_aligned.json,dynamic_counting,1,"Only the hand and pen are moving during the video, which are controlled by the subject."
d7cd407fef09,ir,aligned_dataset/use_computer_split/Seg2/use_computer_ir,qa_pairs/aligned/ir_qa_results_aligned.json,light_recognition,1,"There is a desk lamp active on the left, casting light on the work area. The laptop screen is also a source of ambient light. There is no other significant light source in the immediate frame."
e8b675b29f8c,ir,aligned_dataset/use_computer_split/Seg2/use_computer_ir,qa_pairs/aligned/ir_qa_results_aligned.json,action,1,"The subject is writing on a notepad with a pen. The action is likely for note-taking or completing a task, resulting in written characters on the paper."
ffcc6ef941be,ir,aligned_dataset/use_computer_split/Seg2/use_computer_ir,qa_pairs/aligned/ir_qa_results_aligned.json,counting,1,"Objects identified: one laptop, one desk lamp, one USB-C hub, one notepad, one pen, and one charging case."
22f7cd62ede0,ir,aligned_dataset/use_computer_split/Seg3/use_computer_ir,qa_pairs/aligned/ir_qa_results_aligned.json,light_change,1,The overall ambient lighting remains constant throughout the video sequence.
2f18eeeae280,ir,aligned_dataset/use_computer_split/Seg3/use_computer_ir,qa_pairs/aligned/ir_qa_results_aligned.json,counting,1,"The desk contains: 1 laptop, 1 USB-C hub, 1 smartphone, 1 pair of wireless earbuds, 1 watch, 1 pen, and 1 notebook."
3baa6663ce08,ir,aligned_dataset/use_computer_split/Seg3/use_computer_ir,qa_pairs/aligned/ir_qa_results_aligned.json,navigation,1,The workspace is static. Navigation is not applicable as the camera does not move from the desk.
3fbfa523b43e,ir,aligned_dataset/use_computer_split/Seg3/use_computer_ir,qa_pairs/aligned/ir_qa_results_aligned.json,dynamic_recognition,1,"The only dynamic elements are the subject's hands interacting with the pen and notebook, starting from the beginning of the clip."
6a144035e3e6,ir,aligned_dataset/use_computer_split/Seg3/use_computer_ir,qa_pairs/aligned/ir_qa_results_aligned.json,light_recognition,1,"The desk is illuminated by an overhead light source and the screen of the laptop, which provides a significant local light source to the work area."
739f6127f933,ir,aligned_dataset/use_computer_split/Seg3/use_computer_ir,qa_pairs/aligned/ir_qa_results_aligned.json,action,1,"The subject is writing in a notebook with a pen, likely transcribing or practicing phrases from the video on the laptop screen. The purpose is educational."
9958c0a3b3b0,ir,aligned_dataset/use_computer_split/Seg3/use_computer_ir,qa_pairs/aligned/ir_qa_results_aligned.json,non_common,1,"The scene is a realistic representation of a study environment; no objects are floating or clipping, and the layout is logical."
bcdf3dfc0572,ir,aligned_dataset/use_computer_split/Seg3/use_computer_ir,qa_pairs/aligned/ir_qa_results_aligned.json,dynamic_counting,1,"There are no moving objects on the desk, only the subject's hands moving to write in the notebook."
c698b834c2b8,ir,aligned_dataset/use_computer_split/Seg3/use_computer_ir,qa_pairs/aligned/ir_qa_results_aligned.json,text_recognition,1,"The notebook (visible across frames) contains handwritten characters including the alphabet and German phrases. The text includes 'A B C D E F G...', 'einen Bruder eine Schwester', and 'weit geht über die Lande'. This appears to be a language learning notebook."
c72d749aa91f,ir,aligned_dataset/use_computer_split/Seg3/use_computer_ir,qa_pairs/aligned/ir_qa_results_aligned.json,spatial_reasoning,1,The laptop is placed centrally on the desk. The USB-C hub is to the left of the laptop. The smartphone is on the right side of the desk. The notebook is positioned below the laptop. The desk lamp is in the upper left corner. The earbuds are near the top right. The phone is approximately 2 steps away from the hub. The notebook is about 1 step from the laptop edge.
e36a7cf8f3b5,ir,aligned_dataset/use_computer_split/Seg3/use_computer_ir,qa_pairs/aligned/ir_qa_results_aligned.json,scene_sequence,1,"The video captures a static view of a desk workspace. The scene remains consistent throughout the sequence, showing the subject's hands writing in a notebook while a German language video plays on the laptop screen."
fb20399774dc,ir,aligned_dataset/use_computer_split/Seg3/use_computer_ir,qa_pairs/aligned/ir_qa_results_aligned.json,object_recognition,1,"The scene displays a workspace on a white desk. Key objects include a laptop, a USB-C hub with connected cables, a smartphone, wireless earbuds, a watch, a desk lamp, and a notebook with handwritten text."
51ad743d3c8b,ir,aligned_dataset/use_computer_split/Seg4/use_computer_ir,qa_pairs/aligned/ir_qa_results_aligned.json,dynamic_counting,8,The only dynamic object is the hand of the user writing on the notepad and using the laptop trackpad.
6990c25fcf7b,ir,aligned_dataset/use_computer_split/Seg4/use_computer_ir,qa_pairs/aligned/ir_qa_results_aligned.json,object_recognition,1,"The scene shows a desk environment with a laptop, a lamp, a USB-C hub, a smartphone, and a notepad. The laptop screen displays a video, and the user's hand is visible interacting with the trackpad."
7e8e66bcf6ba,ir,aligned_dataset/use_computer_split/Seg4/use_computer_ir,qa_pairs/aligned/ir_qa_results_aligned.json,spatial_reasoning,1,"The laptop is centered on the desk, with a USB hub to its left, a desk lamp behind the laptop, a power strip to the right, and a notepad in front of the laptop. The user's hand is 1 step from the trackpad, 2 steps from the power strip, and 3 steps from the lamp base."
8b640adc09a1,ir,aligned_dataset/use_computer_split/Seg4/use_computer_ir,qa_pairs/aligned/ir_qa_results_aligned.json,dynamic_recognition,8,"The user's hand starts moving at frame 0 and continues until the end of the video, interacting with the trackpad and holding a pen."
8fc55e57c5fe,ir,aligned_dataset/use_computer_split/Seg4/use_computer_ir,qa_pairs/aligned/ir_qa_results_aligned.json,scene_sequence,10,"The video displays a static view of a workstation, beginning with a laptop screen showing a video, then panning slightly towards the notepad as the hand writes, maintaining a consistent desk layout."
9a1b07cdedee,ir,aligned_dataset/use_computer_split/Seg4/use_computer_ir,qa_pairs/aligned/ir_qa_results_aligned.json,action,8,"The subject is sitting at a desk, using a laptop and periodically writing in a notepad, likely working or studying."
9a4bdb7bfe34,ir,aligned_dataset/use_computer_split/Seg4/use_computer_ir,qa_pairs/aligned/ir_qa_results_aligned.json,non_common,1,"The scene layout is a typical desk setup, with no apparent violations of physical laws or weird furniture placements."
ade6fc86fec5,ir,aligned_dataset/use_computer_split/Seg4/use_computer_ir,qa_pairs/aligned/ir_qa_results_aligned.json,counting,10,"The objects on the desk include: 1 laptop, 1 desk lamp, 1 USB hub, 1 smartphone, 1 power strip, 1 notepad, and 1 pen."
c69fa4a231be,ir,aligned_dataset/use_computer_split/Seg4/use_computer_ir,qa_pairs/aligned/ir_qa_results_aligned.json,navigation,10,The video is stationary at a desk; no navigation through the house is performed.
e0330a82ec3d,ir,aligned_dataset/use_computer_split/Seg4/use_computer_ir,qa_pairs/aligned/ir_qa_results_aligned.json,light_change,8,"The lighting remains stable throughout the recording, provided primarily by the desk lamp and the laptop screen."
e6ec1aeb2bf4,ir,aligned_dataset/use_computer_split/Seg4/use_computer_ir,qa_pairs/aligned/ir_qa_results_aligned.json,text_recognition,8,"Various text-like patterns appear: the word 'YouTube' on the screen (frame 0), a note on the desk (frame 500) with a list of letters, and potential UI elements on the website."
e9800b92ca88,ir,aligned_dataset/use_computer_split/Seg4/use_computer_ir,qa_pairs/aligned/ir_qa_results_aligned.json,light_recognition,1,"The scene is lit by the ambient glow of the laptop screen and an external light source, likely the lamp on the desk, which creates thermal contrast on the surface."
14e9221bbb0e,ir,aligned_dataset/use_computer_split/Seg5/use_computer_ir,qa_pairs/aligned/ir_qa_results_aligned.json,light_recognition,1,"The scene is lit by the ambient light from the screen of the laptop, which serves as a primary source of illumination for the desk area, and a desk lamp on the left side of the desk."
1e3377fea7d5,ir,aligned_dataset/use_computer_split/Seg5/use_computer_ir,qa_pairs/aligned/ir_qa_results_aligned.json,dynamic_counting,1,The only dynamic action is the user's hand moving a pen over the laptop's trackpad.
422c58b9a70d,ir,aligned_dataset/use_computer_split/Seg5/use_computer_ir,qa_pairs/aligned/ir_qa_results_aligned.json,action,1,The subject is using a pen to operate the trackpad of their laptop to navigate a website.
6125dd382115,ir,aligned_dataset/use_computer_split/Seg5/use_computer_ir,qa_pairs/aligned/ir_qa_results_aligned.json,non_common,1,"The desk layout is functional and organized. No obvious physical laws are violated, and no objects are floating or clipping through surfaces."
8fcc26f88951,ir,aligned_dataset/use_computer_split/Seg5/use_computer_ir,qa_pairs/aligned/ir_qa_results_aligned.json,spatial_reasoning,1,"The desk lamp is to the left of the laptop. The USB-C hub is connected to the left side of the laptop. The small notebook is placed directly in front of the laptop. A smartphone is near the right edge, and the earbud case is near the right corner of the desk."
aa9081739e34,ir,aligned_dataset/use_computer_split/Seg5/use_computer_ir,qa_pairs/aligned/ir_qa_results_aligned.json,counting,1,"The objects on the desk include: 1 laptop, 1 lamp, 1 USB-C hub, 1 notebook, 1 pen, 1 smartphone, and 1 earbud case."
af4b4c490aff,ir,aligned_dataset/use_computer_split/Seg5/use_computer_ir,qa_pairs/aligned/ir_qa_results_aligned.json,object_recognition,1,"The video shows a workstation setup featuring a laptop, a desk lamp with a stand, a USB-C hub, various cables, a small notebook, a pen, a smartphone, and a white wireless earbud case."
b8fbb966fa2c,ir,aligned_dataset/use_computer_split/Seg5/use_computer_ir,qa_pairs/aligned/ir_qa_results_aligned.json,scene_sequence,1,The video provides a consistent view of a desk from a first-person perspective. The sequence remains static as the camera focuses on the desk surface while the user interacts with the laptop using a pen on the trackpad.
c4c8119dc7d2,ir,aligned_dataset/use_computer_split/Seg5/use_computer_ir,qa_pairs/aligned/ir_qa_results_aligned.json,light_change,1,"The illumination levels are relatively stable throughout the video. The light cast by the laptop screen remains constant while the user is active, with no significant changes in brightness."
d10b699286a8,ir,aligned_dataset/use_computer_split/Seg5/use_computer_ir,qa_pairs/aligned/ir_qa_results_aligned.json,dynamic_recognition,1,The hand interacting with the laptop is the only moving object in the scene. Start frame: 0; End frame: 870.
e21cf6410d43,ir,aligned_dataset/use_computer_split/Seg5/use_computer_ir,qa_pairs/aligned/ir_qa_results_aligned.json,text_recognition,1,"The laptop screen shows a web interface, likely a forum or social media site, with various text entries and interface elements. Frame 0 identifies the browser interface. The paper on the desk contains a list of alphabetical characters, likely for reference."
f3d95c7896f7,ir,aligned_dataset/use_computer_split/Seg5/use_computer_ir,qa_pairs/aligned/ir_qa_results_aligned.json,navigation,1,The video is stationary; there is no navigation through a room. The perspective is fixed looking down at the desk.
263f35dc2a06,ir,aligned_dataset/walk_upstairs_split/Seg1/walk_upstairs_ir,qa_pairs/aligned/ir_qa_results_aligned.json,spatial_reasoning,1,"Spatial relationships: 1. The handrail is mounted on the wall to my right, 2 steps away. 2. The posters are positioned on the main wall, about 3 steps ahead. 3. The staircase railing is to my left, 1 step away. 4. The glass door leading to the hallway is 4 steps in front of me. 5. The tiled floor extends from the staircase base towards the hallway, spanning approximately 5 steps."
329235e3b9e3,ir,aligned_dataset/walk_upstairs_split/Seg1/walk_upstairs_ir,qa_pairs/aligned/ir_qa_results_aligned.json,scene_sequence,1,"The video sequence begins at the top of a short flight of stairs, progresses down the stairs, moves across the tiled landing, and proceeds through a glass door into a long, dimly lit hallway with multiple doors and overhead lights."
3d5f4b789b8f,ir,aligned_dataset/walk_upstairs_split/Seg1/walk_upstairs_ir,qa_pairs/aligned/ir_qa_results_aligned.json,object_recognition,1,"The video features an indoor staircase and a hallway corridor with multiple framed posters on the wall. Key objects identified include a metal handrail attached to the wall, a second metal handrail on a staircase, tiled flooring, and three rectangular wall-mounted frames with map-like graphics labeled 'EARTH OBSERVATION RESEARCH'. Thermal contrasts are visible on the floor and wall surfaces due to natural lighting."
6bed5e22cc2c,ir,aligned_dataset/walk_upstairs_split/Seg1/walk_upstairs_ir,qa_pairs/aligned/ir_qa_results_aligned.json,light_change,1,"The video starts in a bright, naturally lit area at the top of the stairs and transitions into a corridor where artificial overhead lights provide the main illumination. The light becomes more uniform as I move deeper into the hallway."
861fea492301,ir,aligned_dataset/walk_upstairs_split/Seg1/walk_upstairs_ir,qa_pairs/aligned/ir_qa_results_aligned.json,light_recognition,1,"The video shows light entering through windows at the top of the stairs, casting bright, elongated thermal patches on the walls and doors. Artificial overhead lighting is present in the hallway corridor further into the video."
9d4841bc7fe0,ir,aligned_dataset/walk_upstairs_split/Seg1/walk_upstairs_ir,qa_pairs/aligned/ir_qa_results_aligned.json,text_recognition,1,"In frame 120 and beyond, I identify thermal text-like patterns on posters. The text reads 'EARTH OBSERVATION RESEARCH'. These are likely scientific or educational posters located in a university or research institute corridor."
a05e58f95544,ir,aligned_dataset/walk_upstairs_split/Seg1/walk_upstairs_ir,qa_pairs/aligned/ir_qa_results_aligned.json,dynamic_counting,1,"One person enters the hallway through a door in the distance near the end of the video sequence, moving from frame 750 to 870."
a11f42349df8,ir,aligned_dataset/walk_upstairs_split/Seg1/walk_upstairs_ir,qa_pairs/aligned/ir_qa_results_aligned.json,action,1,"I am walking through a building, transitioning from a staircase area into an office or research department hallway."
c72c6761e145,ir,aligned_dataset/walk_upstairs_split/Seg1/walk_upstairs_ir,qa_pairs/aligned/ir_qa_results_aligned.json,dynamic_recognition,1,"A person is observed walking in the hallway, starting at frame 750 and exiting/fading at frame 870."
d10cf051ae06,ir,aligned_dataset/walk_upstairs_split/Seg1/walk_upstairs_ir,qa_pairs/aligned/ir_qa_results_aligned.json,counting,1,"Objects identified: 1 staircase, 1 landing, 3 posters, 1 glass door, 6 overhead lights in the corridor."
d1c693a2aba4,ir,aligned_dataset/walk_upstairs_split/Seg1/walk_upstairs_ir,qa_pairs/aligned/ir_qa_results_aligned.json,navigation,1,"To navigate, I proceed forward down the stairs, turn slightly to approach the door, and then continue walking straight down the length of the corridor."
dffb358b0f01,ir,aligned_dataset/walk_upstairs_split/Seg1/walk_upstairs_ir,qa_pairs/aligned/ir_qa_results_aligned.json,non_common,1,"The layout is consistent with standard institutional architecture. No floating objects or significant mesh clipping were observed; however, the bright thermal reflection on the wall might be misinterpreted as a physical object due to extreme contrast."
23b6432df833,ir,aligned_dataset/wash_cup_and_drink_water_split/Seg1/wash_cup_and_drink_water_ir,qa_pairs/aligned/ir_qa_results_aligned.json,text_recognition,8,"In the kitchen, there are several mugs on a shelf (frame 1-15). There is no specific text-like pattern or writing visible on these kitchen objects that can be identified in this IR video sequence."
4304058a6f28,ir,aligned_dataset/wash_cup_and_drink_water_split/Seg1/wash_cup_and_drink_water_ir,qa_pairs/aligned/ir_qa_results_aligned.json,light_change,8,"The video starts in a well-lit kitchen environment. Towards the end of the sequence, the environment undergoes a drastic transition to total darkness (black screen)."
44811fa935d0,ir,aligned_dataset/wash_cup_and_drink_water_split/Seg1/wash_cup_and_drink_water_ir,qa_pairs/aligned/ir_qa_results_aligned.json,dynamic_counting,8,"In this sequence, the main dynamic object is the hand of the subject, which moves to interact with the mugs and sink items. There are no other independent moving objects or humans present."
4e34d1ca211d,ir,aligned_dataset/wash_cup_and_drink_water_split/Seg1/wash_cup_and_drink_water_ir,qa_pairs/aligned/ir_qa_results_aligned.json,dynamic_recognition,8,"The primary dynamic object is the user's hand, which is observed reaching into the cupboard and moving toward the sink. Start frame: 000210, End frame: 000870."
7ae3586549bb,ir,aligned_dataset/wash_cup_and_drink_water_split/Seg1/wash_cup_and_drink_water_ir,qa_pairs/aligned/ir_qa_results_aligned.json,scene_sequence,10,"The video starts with a view inside a kitchen cupboard showing bowls and mugs. The scene then pans downwards to a kitchen sink area. After that, the view shifts to the subject interacting with the sink area, and finally, the video transitions to darkness, likely indicating a light-out or obstruction."
834f4f83ac6f,ir,aligned_dataset/wash_cup_and_drink_water_split/Seg1/wash_cup_and_drink_water_ir,qa_pairs/aligned/ir_qa_results_aligned.json,non_common,1,The layout is standard for a kitchen. No weird physics or irrational layout designs were observed.
a5f5580135a1,ir,aligned_dataset/wash_cup_and_drink_water_split/Seg1/wash_cup_and_drink_water_ir,qa_pairs/aligned/ir_qa_results_aligned.json,object_recognition,1,"The video features a kitchen area. Key objects identified include a white wall-mounted cabinet, a set of glass tumblers on the middle shelf, several white ceramic mugs on the bottom shelf, a metal mixing bowl on the top shelf, a black electric kettle, a dish soap bottle, a small sponge, and a metal sink."
af1419c75f24,ir,aligned_dataset/wash_cup_and_drink_water_split/Seg1/wash_cup_and_drink_water_ir,qa_pairs/aligned/ir_qa_results_aligned.json,counting,10,"In the kitchen, the following objects are identified: 1 stainless steel mixing bowl, 5 glasses, 1 mug with patterns, 6 white mugs on the counter, 1 soap dispenser, 1 dish soap bottle, 1 kettle, and 1 kitchen sponge."
d3f37a65f64b,ir,aligned_dataset/wash_cup_and_drink_water_split/Seg1/wash_cup_and_drink_water_ir,qa_pairs/aligned/ir_qa_results_aligned.json,action,8,"The subject reaches into a kitchen cupboard, then moves their hand down to a kitchen sink area. The subject performs a cleaning action, which involves holding a sponge and interacting with a mug, likely for washing dishes."
d72e1370f955,ir,aligned_dataset/wash_cup_and_drink_water_split/Seg1/wash_cup_and_drink_water_ir,qa_pairs/aligned/ir_qa_results_aligned.json,light_recognition,1,"The scene is initially illuminated by ambient kitchen light, followed by a transition where the scene becomes dark as the light is turned off, and finally, a bright phone flashlight is used to illuminate the sink area."
dccdf3c6b85d,ir,aligned_dataset/wash_cup_and_drink_water_split/Seg1/wash_cup_and_drink_water_ir,qa_pairs/aligned/ir_qa_results_aligned.json,spatial_reasoning,1,"The glass tumblers are positioned on the middle shelf, to the left of the mugs. The electric kettle is situated on the bottom shelf, to the right of the ceramic mugs. The sink is directly below the cabinet. The dish soap is located on the counter next to the sink. The distance from me to the cabinet is about 2 steps; the sink is about 1 step away."
e2dbe94990ea,ir,aligned_dataset/wash_cup_and_drink_water_split/Seg1/wash_cup_and_drink_water_ir,qa_pairs/aligned/ir_qa_results_aligned.json,navigation,10,"The navigation involves observing the contents of a kitchen cupboard from a fixed position, followed by a downward movement of the camera to the sink area where the subject performs cleaning actions."
27768f355ec3,ir,aligned_dataset/wash_cup_and_drink_water_split/Seg2/wash_cup_and_drink_water_ir,qa_pairs/aligned/ir_qa_results_aligned.json,scene_sequence,1,"The scene sequence consists of the subject standing in front of a kitchen sink. The action begins with the subject holding a mug in the sink, scrubbing it with a sponge. The scene is static, focusing on the washing activity within the same kitchen environment throughout the video."
3c76f8afe08b,ir,aligned_dataset/wash_cup_and_drink_water_split/Seg2/wash_cup_and_drink_water_ir,qa_pairs/aligned/ir_qa_results_aligned.json,counting,1,"The objects identified are: 1 sink, 1 faucet, 1 bottle of Fairy soap, 1 bottle of liquid soap, 1 dish brush, 1 ceramic mug, 1 sponge."
5344c891cb72,ir,aligned_dataset/wash_cup_and_drink_water_split/Seg2/wash_cup_and_drink_water_ir,qa_pairs/aligned/ir_qa_results_aligned.json,dynamic_recognition,1,The only dynamic elements are the subject's hands performing the washing motion (scrubbing the mug) from the beginning of the video until the end.
6e3b7434d1c2,ir,aligned_dataset/wash_cup_and_drink_water_split/Seg2/wash_cup_and_drink_water_ir,qa_pairs/aligned/ir_qa_results_aligned.json,dynamic_counting,1,No dynamic objects or humans (other than the hands of the subject) are moving in the video. The scene is strictly focused on the manual labor of dishwashing.
6fa2eec5c70b,ir,aligned_dataset/wash_cup_and_drink_water_split/Seg2/wash_cup_and_drink_water_ir,qa_pairs/aligned/ir_qa_results_aligned.json,light_recognition,1,"The scene is captured in an indoor kitchen environment with uniform, diffuse lighting typical of an overhead light source, providing consistent visibility across the sink and surrounding surfaces."
823e04f8fd46,ir,aligned_dataset/wash_cup_and_drink_water_split/Seg2/wash_cup_and_drink_water_ir,qa_pairs/aligned/ir_qa_results_aligned.json,text_recognition,1,"In frame 0, the 'Fairy' text label is visible on the dish soap bottle, indicating the cleaning product used. In frame 240, numerical text '11-11' is visible on the metal drain cover/plate of the sink, likely a manufacturing marking."
85c44b1ff8d7,ir,aligned_dataset/wash_cup_and_drink_water_split/Seg2/wash_cup_and_drink_water_ir,qa_pairs/aligned/ir_qa_results_aligned.json,navigation,1,The video is a stationary point-of-view shot focused on the sink. No navigation or movement through a space occurs; the subject remains in a fixed position relative to the sink.
b106fafffe24,ir,aligned_dataset/wash_cup_and_drink_water_split/Seg2/wash_cup_and_drink_water_ir,qa_pairs/aligned/ir_qa_results_aligned.json,light_change,1,"The lighting remains stable and consistent throughout the video. There are no sudden changes in illumination, flickers, or significant shifts in brightness, suggesting a controlled environment."
cc202f953008,ir,aligned_dataset/wash_cup_and_drink_water_split/Seg2/wash_cup_and_drink_water_ir,qa_pairs/aligned/ir_qa_results_aligned.json,action,1,"The subject is washing a ceramic mug in a kitchen sink. The action involves holding the mug under the faucet and using a sponge to scrub the surface. The purpose is to clean the mug, and the consequence is a cleaner utensil ready for use."
d6e9ed61f392,ir,aligned_dataset/wash_cup_and_drink_water_split/Seg2/wash_cup_and_drink_water_ir,qa_pairs/aligned/ir_qa_results_aligned.json,object_recognition,1,"The video features a kitchen sink area. Key objects identified include a metal sink, a faucet, a bottle of dish soap (Fairy brand), another clear liquid soap bottle, a dish brush, and a ceramic mug being washed."
dec089c59aaf,ir,aligned_dataset/wash_cup_and_drink_water_split/Seg2/wash_cup_and_drink_water_ir,qa_pairs/aligned/ir_qa_results_aligned.json,spatial_reasoning,1,The sink faucet is positioned directly above the center of the sink basin. The dish soap bottle is located to the left of the sink. A second bottle and a dish brush are also placed on the left side of the sink area. A dish sponge sits on the faucet. The mug is in the center of the sink being held. The mug is about one step away from the soap dispenser.
f650a27d88c6,ir,aligned_dataset/wash_cup_and_drink_water_split/Seg2/wash_cup_and_drink_water_ir,qa_pairs/aligned/ir_qa_results_aligned.json,non_common,1,"The layout is standard for a kitchen. No weird or non-common objects are present; the placement of the sink, faucet, and cleaning supplies is consistent with standard household utility setups."
0b800937c094,ir,aligned_dataset/wash_cup_and_drink_water_split/Seg3/wash_cup_and_drink_water_ir,qa_pairs/aligned/ir_qa_results_aligned.json,spatial_reasoning,1,The white mug is located on the metal sink drainer to the left of the water kettle. The detergent bottle is behind the sink. The brush is next to the detergent bottle. The sports bottle is on the far left counter. The distance between the user and the sink drainer is approximately 2 steps.
236a0d0c813b,ir,aligned_dataset/wash_cup_and_drink_water_split/Seg3/wash_cup_and_drink_water_ir,qa_pairs/aligned/ir_qa_results_aligned.json,scene_sequence,1,"The video sequence begins with the user preparing to pour water from a kettle into a mug on the kitchen sink, followed by the pouring action, and concludes with the user holding the filled mug."
306334ef4e60,ir,aligned_dataset/wash_cup_and_drink_water_split/Seg3/wash_cup_and_drink_water_ir,qa_pairs/aligned/ir_qa_results_aligned.json,light_recognition,1,The video is recorded in infrared. No external light sources are visible; the scene is illuminated by thermal signatures of the objects.
388b9cc421a6,ir,aligned_dataset/wash_cup_and_drink_water_split/Seg3/wash_cup_and_drink_water_ir,qa_pairs/aligned/ir_qa_results_aligned.json,navigation,1,"The user remains in a fixed position in front of the sink, performing a pouring action."
4060d9cafe82,ir,aligned_dataset/wash_cup_and_drink_water_split/Seg3/wash_cup_and_drink_water_ir,qa_pairs/aligned/ir_qa_results_aligned.json,dynamic_counting,1,"No dynamic objects or humans, other than the user's hand operating the kettle, are present in the video."
4f4d5f0dd6ca,ir,aligned_dataset/wash_cup_and_drink_water_split/Seg3/wash_cup_and_drink_water_ir,qa_pairs/aligned/ir_qa_results_aligned.json,non_common,1,The kitchen layout is standard; no objects violate physical laws or common sense.
556446630d28,ir,aligned_dataset/wash_cup_and_drink_water_split/Seg3/wash_cup_and_drink_water_ir,qa_pairs/aligned/ir_qa_results_aligned.json,light_change,1,The infrared video shows a consistent thermal environment without significant fluctuations in overall scene brightness or thermal intensity.
5daa3baed496,ir,aligned_dataset/wash_cup_and_drink_water_split/Seg3/wash_cup_and_drink_water_ir,qa_pairs/aligned/ir_qa_results_aligned.json,dynamic_recognition,1,"The only dynamic action is the user's hand and the kettle tilting to pour water, starting at frame 50 and ending at frame 800."
63a68af38760,ir,aligned_dataset/wash_cup_and_drink_water_split/Seg3/wash_cup_and_drink_water_ir,qa_pairs/aligned/ir_qa_results_aligned.json,text_recognition,1,"A text-like thermal pattern is observed on the sports bottle in frame 10, which appears to say 'HAPPY LITTLE DAY' or similar, likely a branding or motivational slogan. No other distinct text is identifiable due to thermal resolution."
7028a99af012,ir,aligned_dataset/wash_cup_and_drink_water_split/Seg3/wash_cup_and_drink_water_ir,qa_pairs/aligned/ir_qa_results_aligned.json,counting,1,"Objects identified: 1 mug, 1 kettle, 1 detergent bottle, 1 cleaning brush, 1 sports bottle, 1 storage box."
a506b4e63a75,ir,aligned_dataset/wash_cup_and_drink_water_split/Seg3/wash_cup_and_drink_water_ir,qa_pairs/aligned/ir_qa_results_aligned.json,action,1,The subject is pouring water from a kettle into a mug. The purpose is to fill the mug with water for drinking or preparing a beverage.
b1cae4d4613a,ir,aligned_dataset/wash_cup_and_drink_water_split/Seg3/wash_cup_and_drink_water_ir,qa_pairs/aligned/ir_qa_results_aligned.json,object_recognition,1,"The video shows a kitchen scene in infrared. Identifiable objects include a white mug on the sink drainer, a water kettle held by the user, a detergent bottle, a cleaning brush, a sports bottle on the counter, and a cardboard box container on the upper counter."
0951fec33354,ir,aligned_dataset/wash_cup_split/Seg1/wash_cup_ir,qa_pairs/aligned/ir_qa_results_aligned.json,object_recognition,1,"The scene is a kitchen area featuring a stainless steel sink, a drying rack with bowls and a mug, a bottle of dish soap, a sponge in a container, a metal utensil holder, and a pair of yellow rubber gloves placed on the counter. The objects are captured in infrared, showing varied thermal contrasts."
48feb6d48265,ir,aligned_dataset/wash_cup_split/Seg1/wash_cup_ir,qa_pairs/aligned/ir_qa_results_aligned.json,light_change,1,"The illumination in the scene remains stable throughout the IR video, with no changes in ambient or local light intensity."
59ee683036ad,ir,aligned_dataset/wash_cup_split/Seg1/wash_cup_ir,qa_pairs/aligned/ir_qa_results_aligned.json,navigation,1,"The camera is stationary, focusing on the kitchen sink area. No navigation is required as the camera does not move through the room."
67078ee52ec3,ir,aligned_dataset/wash_cup_split/Seg1/wash_cup_ir,qa_pairs/aligned/ir_qa_results_aligned.json,scene_sequence,1,"The sequence starts with a view of the kitchen sink, followed by my hand reaching for a cloth, moving it, interacting with the dish soap, and then focusing on the sink and drying rack."
76824053a8ce,ir,aligned_dataset/wash_cup_split/Seg1/wash_cup_ir,qa_pairs/aligned/ir_qa_results_aligned.json,text_recognition,1,"There is text on the dish soap bottle, appearing as a dark thermal shape with legible characters. Frame 000150 shows the label clearly. The text likely indicates the brand or product type, such as 'Pril'."
83174cd3a6e0,ir,aligned_dataset/wash_cup_split/Seg1/wash_cup_ir,qa_pairs/aligned/ir_qa_results_aligned.json,counting,1,"In the video, there are 1 sink, 1 drying rack, 1 soap bottle, 1 sponge holder, 1 metal utensil holder, 1 pair of gloves, and 1 trash bin."
832db306d320,ir,aligned_dataset/wash_cup_split/Seg1/wash_cup_ir,qa_pairs/aligned/ir_qa_results_aligned.json,dynamic_recognition,1,"My hands appear at frame 000030 and perform various actions until frame 000870. The cloth, soap, and cup are the primary dynamic objects."
931f1871f0bc,ir,aligned_dataset/wash_cup_split/Seg1/wash_cup_ir,qa_pairs/aligned/ir_qa_results_aligned.json,non_common,1,"The kitchen layout is standard. No objects are floating or clipping, and the furniture placement follows logical physical constraints."
958b41225983,ir,aligned_dataset/wash_cup_split/Seg1/wash_cup_ir,qa_pairs/aligned/ir_qa_results_aligned.json,spatial_reasoning,1,"The rubber gloves are between the sink and the trash bin. The dish soap is positioned behind the sink area. The drying rack is to the right of the sink. The sponge container is adjacent to the utensil holder. The trash bin is about 2 steps away from me, the faucet is 1 step away, the drying rack is 1.5 steps away, the gloves are 1 step away, and the soap bottle is 1 step away."
9b500b7572c3,ir,aligned_dataset/wash_cup_split/Seg1/wash_cup_ir,qa_pairs/aligned/ir_qa_results_aligned.json,light_recognition,1,"The scene is captured in infrared; there are no visible light sources, but thermal gradients define the objects."
e130bc136263,ir,aligned_dataset/wash_cup_split/Seg1/wash_cup_ir,qa_pairs/aligned/ir_qa_results_aligned.json,action,1,"I am interacting with kitchen items, specifically moving a cloth, picking up and using dish soap, and eventually organizing or checking the contents of the drying rack. This is likely to perform cleaning or dishwashing."
e43ddc84dfb4,ir,aligned_dataset/wash_cup_split/Seg1/wash_cup_ir,qa_pairs/aligned/ir_qa_results_aligned.json,dynamic_counting,1,"Apart from my hands, there are no moving objects in the scene."
0349f1e2a273,ir,aligned_dataset/wash_cup_split/Seg2/wash_cup_ir,qa_pairs/aligned/ir_qa_results_aligned.json,non_common,1,The layout is standard for a kitchen; no unrealistic floating objects or mesh clipping errors are observed in the scene.
4f687d104460,ir,aligned_dataset/wash_cup_split/Seg2/wash_cup_ir,qa_pairs/aligned/ir_qa_results_aligned.json,light_recognition,1,"The light source in this IR scene is ambient, likely from overhead kitchen lighting, creating diffuse thermal signatures on the countertop and sink surfaces."
5b0935955d4a,ir,aligned_dataset/wash_cup_split/Seg2/wash_cup_ir,qa_pairs/aligned/ir_qa_results_aligned.json,dynamic_recognition,1,"The primary dynamic objects are the hands of the subject, which move to put on gloves and grasp a sponge. Start time: frame 0; End time: frame 870."
76f13167563c,ir,aligned_dataset/wash_cup_split/Seg2/wash_cup_ir,qa_pairs/aligned/ir_qa_results_aligned.json,object_recognition,1,"The scene shows a kitchen environment featuring a stainless steel sink, a bottle of dish soap, a dish sponge, a drying rack with plates, and a pair of yellow rubber cleaning gloves on the counter. The IR imagery highlights thermal contrasts between the cooler metallic surface of the sink and the warmer ambient objects."
83adf71d60fc,ir,aligned_dataset/wash_cup_split/Seg2/wash_cup_ir,qa_pairs/aligned/ir_qa_results_aligned.json,navigation,1,The video is a stationary shot of a kitchen sink area. Navigation is limited to hand movements within the workspace.
86c5336a4bb5,ir,aligned_dataset/wash_cup_split/Seg2/wash_cup_ir,qa_pairs/aligned/ir_qa_results_aligned.json,counting,1,"In this kitchen scene, I can identify: a bottle of dish soap, a container with a sponge, a dish rack, a sink, and a set of cleaning gloves."
b359e8664237,ir,aligned_dataset/wash_cup_split/Seg2/wash_cup_ir,qa_pairs/aligned/ir_qa_results_aligned.json,action,1,The subject is putting on a pair of rubber cleaning gloves and then picking up a sponge to prepare for cleaning the kitchen. The purpose is to protect the hands during dishwashing or counter cleaning.
c29709034ae1,ir,aligned_dataset/wash_cup_split/Seg2/wash_cup_ir,qa_pairs/aligned/ir_qa_results_aligned.json,text_recognition,1,"The video features various kitchen items, including a bottle of dish soap near the sink, which has a label with text. Frame 0 shows the bottle clearly on the counter."
c598dbc6b303,ir,aligned_dataset/wash_cup_split/Seg2/wash_cup_ir,qa_pairs/aligned/ir_qa_results_aligned.json,spatial_reasoning,1,The rubber gloves are to the left of the sink. The soap bottle is behind the sink. The sponge is to the right of the soap bottle. The plates are to the right of the sink. I am approximately 2-3 steps away from the sink.
c80919903876,ir,aligned_dataset/wash_cup_split/Seg2/wash_cup_ir,qa_pairs/aligned/ir_qa_results_aligned.json,scene_sequence,1,"The video sequence captures a person putting on cleaning gloves in a kitchen environment. The scene starts at the counter by the sink, with various kitchen objects like a soap bottle, a dish rack, and a sponge in a container visible."
dca83849f1f8,ir,aligned_dataset/wash_cup_split/Seg2/wash_cup_ir,qa_pairs/aligned/ir_qa_results_aligned.json,light_change,1,"The video shows a kitchen scene under consistent indoor lighting. There are no significant changes in ambient lighting, though the thermal perspective highlights different heat signatures of the objects."
f7110b8f4c69,ir,aligned_dataset/wash_cup_split/Seg2/wash_cup_ir,qa_pairs/aligned/ir_qa_results_aligned.json,dynamic_counting,1,The video shows my hands moving as I put on gloves and pick up a sponge. No other dynamic objects or humans are present in the video.
152608881ec3,ir,aligned_dataset/wash_cup_split/Seg3/wash_cup_ir,qa_pairs/aligned/ir_qa_results_aligned.json,text_recognition,8,I can identify labels on the soap and detergent bottles near the sink. A bottle on the left in frame 000000 shows a rectangular label area. These labels are used for identifying the product type and brand.
487875fb2f0e,ir,aligned_dataset/wash_cup_split/Seg3/wash_cup_ir,qa_pairs/aligned/ir_qa_results_aligned.json,dynamic_counting,8,"There are no dynamic humans or objects moving in the scene, other than my own hands and the mug being washed."
4a4979a57365,ir,aligned_dataset/wash_cup_split/Seg3/wash_cup_ir,qa_pairs/aligned/ir_qa_results_aligned.json,light_change,8,The lighting remains constant throughout the video as I am washing the mug in the sink.
599407f17174,ir,aligned_dataset/wash_cup_split/Seg3/wash_cup_ir,qa_pairs/aligned/ir_qa_results_aligned.json,spatial_reasoning,1,"The scene shows a kitchen sink with several objects. Spatial pairs include: the faucet is above the sink, the dish rack is to the right of the sink, the detergent bottles are to the left of the sink, the sponge is held by the hand inside the sink, and a container with a circular scrub pad is behind the faucet. I estimate the faucet is about 1 step from my hand, the detergent bottles are about 1.5 steps away, and the dish rack is roughly 2 steps away."
7625ba5ce36c,ir,aligned_dataset/wash_cup_split/Seg3/wash_cup_ir,qa_pairs/aligned/ir_qa_results_aligned.json,navigation,10,"I am standing in front of the sink, performing a stationary task. No navigation or movement between rooms is required."
81bbc01d771d,ir,aligned_dataset/wash_cup_split/Seg3/wash_cup_ir,qa_pairs/aligned/ir_qa_results_aligned.json,counting,10,"In this kitchen scene, I can identify: 1 faucet, 1 sink, 1 sponge, 3 detergent/soap bottles, and 4 bowls in the dish rack."
96c355b4e416,ir,aligned_dataset/wash_cup_split/Seg3/wash_cup_ir,qa_pairs/aligned/ir_qa_results_aligned.json,action,8,"I am washing a mug in a kitchen sink. The action involves holding the mug under running water and scrubbing it with a sponge. The purpose is to clean the mug, and the consequence is a cleaner surface."
9b9e1fc7a775,ir,aligned_dataset/wash_cup_split/Seg3/wash_cup_ir,qa_pairs/aligned/ir_qa_results_aligned.json,non_common,1,"The layout of the kitchen appears normal, with standard placement of the sink, bottles, and dish rack. No obvious physical law violations are present."
b10bd3814001,ir,aligned_dataset/wash_cup_split/Seg3/wash_cup_ir,qa_pairs/aligned/ir_qa_results_aligned.json,object_recognition,1,"The video captures a close-up, first-person view of someone washing a mug in a kitchen sink. Visible objects include a metal sink, a faucet with a cloth draped over it, several bottles of cleaning detergent on the left side, a dish rack with bowls on the right, and a sponge in the person's hand. The scene exhibits clear thermal contrast, where the running water is colder than the mug and the surroundings."
ce77883c4605,ir,aligned_dataset/wash_cup_split/Seg3/wash_cup_ir,qa_pairs/aligned/ir_qa_results_aligned.json,light_recognition,1,"The scene is lit by the ambient light in the kitchen. There is a strong hotspot from the faucet and the water stream, indicating it is cooler than the surroundings."
e34d7b48a896,ir,aligned_dataset/wash_cup_split/Seg3/wash_cup_ir,qa_pairs/aligned/ir_qa_results_aligned.json,scene_sequence,10,"The sequence follows the process of washing a mug in a kitchen sink. I start by holding the mug under the running water, then use a sponge to scrub the interior and exterior of the mug, and finally rinse it again."
ffc328a0cea8,ir,aligned_dataset/wash_cup_split/Seg3/wash_cup_ir,qa_pairs/aligned/ir_qa_results_aligned.json,dynamic_recognition,8,My hands and the mug move throughout the video (frame 000000 to 000870) as part of the washing process.
241989e93bf2,ir,aligned_dataset/wash_hand_split/Seg1/wash_hands_ir,qa_pairs/aligned/ir_qa_results_aligned.json,action,1,"I am walking through the office, approaching the door, and then using my hand to operate the door handle to open it and leave the room."
27ebdf938a65,ir,aligned_dataset/wash_hand_split/Seg1/wash_hands_ir,qa_pairs/aligned/ir_qa_results_aligned.json,text_recognition,1,"A paper sign is taped to the door, reading 'Dear students! Please make sure to close the windows upon leaving our student rooms. Thank you.' This appears in the later frames as I approach and interact with the door."
4a5bcdbe430d,ir,aligned_dataset/wash_hand_split/Seg1/wash_hands_ir,qa_pairs/aligned/ir_qa_results_aligned.json,counting,1,"In the video, there are 2 desks, 2 computers (monitors), 2 computer towers, 2 chairs, and 1 door."
64d243d2a01a,ir,aligned_dataset/wash_hand_split/Seg1/wash_hands_ir,qa_pairs/aligned/ir_qa_results_aligned.json,spatial_reasoning,1,"The office contains two primary work stations. The computer tower on the right desk is located to the right of the monitor. The chair for the right desk is positioned in front of it. The left desk, which is partially shown, also has a monitor and chair. The windows are situated behind the desks. Estimating distances: the desk is about 1 step from the user, the monitors are 1.5 steps away, and the windows are approximately 2-3 steps from the user's initial position."
6dad83d63c74,ir,aligned_dataset/wash_hand_split/Seg1/wash_hands_ir,qa_pairs/aligned/ir_qa_results_aligned.json,non_common,1,The layout of the room is typical for an office. No items are floating or clipping through surfaces; all furniture is placed realistically on the floor.
758017faaecb,ir,aligned_dataset/wash_hand_split/Seg1/wash_hands_ir,qa_pairs/aligned/ir_qa_results_aligned.json,dynamic_recognition,1,There are no independent dynamic objects moving in the video.
88031d6020c2,ir,aligned_dataset/wash_hand_split/Seg1/wash_hands_ir,qa_pairs/aligned/ir_qa_results_aligned.json,object_recognition,1,"The scene shows an office space with two desks, each equipped with a computer, monitor, and keyboard. There are two chairs, one per desk. A water bottle is on the left desk. Large windows look out onto a building across a path. The objects are identified by their thermal signatures, with the computer towers appearing as distinct warm spots."
aa00124f7890,ir,aligned_dataset/wash_hand_split/Seg1/wash_hands_ir,qa_pairs/aligned/ir_qa_results_aligned.json,navigation,1,"To exit the room from the computer desk area, I need to turn to the right and walk forward towards the door, then reach for the handle and push/pull to open it."
c3910abb3eb0,ir,aligned_dataset/wash_hand_split/Seg1/wash_hands_ir,qa_pairs/aligned/ir_qa_results_aligned.json,light_change,1,"The lighting remains relatively consistent while I am in the room. As I approach the door and move into the hallway, the light levels drop significantly as I transition into a darker space or corridor."
d2545f5ad3dd,ir,aligned_dataset/wash_hand_split/Seg1/wash_hands_ir,qa_pairs/aligned/ir_qa_results_aligned.json,light_recognition,1,"The room is lit by natural light coming through the large windows and ambient light from the office environment. There are no artificial point light sources visible in the room, and the computer monitors provide some localized illumination."
e5536576fd65,ir,aligned_dataset/wash_hand_split/Seg1/wash_hands_ir,qa_pairs/aligned/ir_qa_results_aligned.json,dynamic_counting,1,"There are no dynamic objects moving in the scene, only the static furniture and the movement of the camera itself."
f2b672dc87dd,ir,aligned_dataset/wash_hand_split/Seg1/wash_hands_ir,qa_pairs/aligned/ir_qa_results_aligned.json,scene_sequence,1,"The video starts with a view of an office room with two desks and chairs. I then move towards the door of the office. After focusing on the door handle and the sign, I open the door and move out of the room, finishing with a view of the hallway or the immediate area outside the room."
288ef04153e1,ir,aligned_dataset/wash_hand_split/Seg2/wash_hands_ir,qa_pairs/aligned/ir_qa_results_aligned.json,text_recognition,8,"The video features a sign on the bathroom door wall that reads 'PLEASE FLUSH THE TOILET' in black lettering, visible around frame 200."
42d56b7b9250,ir,aligned_dataset/wash_hand_split/Seg2/wash_hands_ir,qa_pairs/aligned/ir_qa_results_aligned.json,dynamic_counting,8,The video tracks my hands interacting with the soap dispenser and the sink faucet; there are no other moving objects or humans.
81de574a5291,ir,aligned_dataset/wash_hand_split/Seg2/wash_hands_ir,qa_pairs/aligned/ir_qa_results_aligned.json,dynamic_recognition,8,"Dynamic objects identified: hands (frames 450-870), soap dispenser pump interaction (frames 570-630)."
844f436a1afc,ir,aligned_dataset/wash_hand_split/Seg2/wash_hands_ir,qa_pairs/aligned/ir_qa_results_aligned.json,action,8,"I enter the bathroom, briefly note the toilet area, proceed to the sink to perform a hand-washing action by pressing the soap dispenser, rinsing, and drying my hands, then leave the room."
8c6ccf8ca5f6,ir,aligned_dataset/wash_hand_split/Seg2/wash_hands_ir,qa_pairs/aligned/ir_qa_results_aligned.json,object_recognition,1,"The video features a small, modern bathroom with a wall-mounted toilet, a white sink, a mirror, and a hand sanitizer dispenser mounted on the tiled wall. The floor is covered in dark gray tiles. The room is compact and contains standard sanitary fixtures."
b0d51399a183,ir,aligned_dataset/wash_hand_split/Seg2/wash_hands_ir,qa_pairs/aligned/ir_qa_results_aligned.json,counting,10,"In the bathroom, I identify: 1 toilet, 1 sink, 1 faucet, 1 mirror, 1 soap dispenser, 1 toilet paper holder, and 1 door handle."
b32da79acb93,ir,aligned_dataset/wash_hand_split/Seg2/wash_hands_ir,qa_pairs/aligned/ir_qa_results_aligned.json,light_recognition,1,"The bathroom is lit by artificial overhead lighting, creating consistent thermal signatures on the fixtures and surfaces. There are no natural light sources visible."
bc7f2d5bb75d,ir,aligned_dataset/wash_hand_split/Seg2/wash_hands_ir,qa_pairs/aligned/ir_qa_results_aligned.json,scene_sequence,10,"The sequence starts with me entering a bathroom, passing the toilet area, moving toward the sink to wash my hands in the mirror's reflection, and then exiting the bathroom back into a hallway."
cbf46c71a152,ir,aligned_dataset/wash_hand_split/Seg2/wash_hands_ir,qa_pairs/aligned/ir_qa_results_aligned.json,non_common,1,The layout is standard for a small commercial or office bathroom. No major design flaws or physical impossibilities are observed.
dacb684b61e6,ir,aligned_dataset/wash_hand_split/Seg2/wash_hands_ir,qa_pairs/aligned/ir_qa_results_aligned.json,light_change,8,"The video transitions from a well-lit bathroom environment to a very dim, near-blackout state when the camera moves toward the hallway at the end."
dfff90a224d8,ir,aligned_dataset/wash_hand_split/Seg2/wash_hands_ir,qa_pairs/aligned/ir_qa_results_aligned.json,navigation,10,"I enter the bathroom, proceed forward past the toilet on the right, turn toward the sink on the right, wash hands, turn around, and walk straight out the door."
e782c251f1aa,ir,aligned_dataset/wash_hand_split/Seg2/wash_hands_ir,qa_pairs/aligned/ir_qa_results_aligned.json,spatial_reasoning,1,"The toilet is located at the back wall of the room, while the sink is positioned on the right side near the entrance. The mirror is above the sink, and the sanitizer dispenser is on the wall adjacent to the mirror. The toilet is about 3 steps away from the entrance, and the sink is about 1 step away."
01249b60ffb2,ir,aligned_dataset/wash_hand_split/Seg3/wash_hands_ir,qa_pairs/aligned/ir_qa_results_aligned.json,light_recognition,1,"The room lighting is uniform, as indicated by the consistent thermal signature across the walls and sink area, suggesting a standard artificial light source typical of a bathroom environment."
3399747de9aa,ir,aligned_dataset/wash_hand_split/Seg3/wash_hands_ir,qa_pairs/aligned/ir_qa_results_aligned.json,scene_sequence,10,"The video displays a static scene of a person washing their hands in a bathroom sink. The sequence captures the hands moving under the faucet, the water flowing, and the final action of grabbing a paper towel from a dispenser."
5350d00cb874,ir,aligned_dataset/wash_hand_split/Seg3/wash_hands_ir,qa_pairs/aligned/ir_qa_results_aligned.json,light_change,8,"The video shows a consistent bathroom environment under static lighting conditions, with no changes in illumination observed throughout the sequence."
58e67f311e39,ir,aligned_dataset/wash_hand_split/Seg3/wash_hands_ir,qa_pairs/aligned/ir_qa_results_aligned.json,dynamic_counting,8,"The only dynamic elements in the video, other than the subject's hands, are the flow of water and the movement of the paper towel being extracted."
6673eaa4822f,ir,aligned_dataset/wash_hand_split/Seg3/wash_hands_ir,qa_pairs/aligned/ir_qa_results_aligned.json,dynamic_recognition,8,The dynamic elements include the hands under the faucet (frames 000000-000600) and the interaction with the paper towel dispenser (frames 000600-000870).
7ea6a63fa5ff,ir,aligned_dataset/wash_hand_split/Seg3/wash_hands_ir,qa_pairs/aligned/ir_qa_results_aligned.json,counting,10,"In this video, I identify: 1 sink, 1 faucet, 1 soap/towel dispenser unit, 1 mirror, and 1 wall outlet."
8a5f05ac8480,ir,aligned_dataset/wash_hand_split/Seg3/wash_hands_ir,qa_pairs/aligned/ir_qa_results_aligned.json,text_recognition,8,"The video features a sink area, and the only text-like thermal pattern observed is the brand name 'GEBERIT' on the white ceramic basin, visible in frame 000000 onwards."
c00711d07efa,ir,aligned_dataset/wash_hand_split/Seg3/wash_hands_ir,qa_pairs/aligned/ir_qa_results_aligned.json,navigation,10,The video shows a stationary navigation task focused on hand washing. No travel or walking navigation is performed.
c43e3da3da26,ir,aligned_dataset/wash_hand_split/Seg3/wash_hands_ir,qa_pairs/aligned/ir_qa_results_aligned.json,action,8,"I am washing my hands by placing them under a faucet, rubbing them together, and then using a paper towel to dry them. The purpose is to clean my hands, and the consequence is that my hands are clean and dry."
c82d07e76397,ir,aligned_dataset/wash_hand_split/Seg3/wash_hands_ir,qa_pairs/aligned/ir_qa_results_aligned.json,non_common,1,The layout is standard for a bathroom sink; no weird objects or physical law violations are present. All fixtures are appropriately placed.
e04d5453dc75,ir,aligned_dataset/wash_hand_split/Seg3/wash_hands_ir,qa_pairs/aligned/ir_qa_results_aligned.json,object_recognition,1,"The video shows an infrared view of a bathroom sink area, featuring a chrome faucet in the center, a white ceramic basin, and a wall-mounted mirror reflecting the sink and the person using it. A power outlet is visible on the wall to the left of the sink."
e41e1c07eebf,ir,aligned_dataset/wash_hand_split/Seg3/wash_hands_ir,qa_pairs/aligned/ir_qa_results_aligned.json,spatial_reasoning,1,"The faucet is directly above the center of the sink basin. The power outlet is located to the left of the basin on the wall. The mirror is positioned directly above the sink area, reflecting the scene. The sink drain is located in the center of the basin. The wall tiles are positioned behind the mirror and the sink."
37c57f3cf92a,ir,aligned_dataset/wash_hand_split/Seg4/wash_hands_ir,qa_pairs/aligned/ir_qa_results_aligned.json,navigation,1,"To navigate out, I first step back from the sink, turn right to reach the door handle, open the door, and then walk forward into the hallway. I then proceed to turn into the computer workstation room."
44a1c81b85ac,ir,aligned_dataset/wash_hand_split/Seg4/wash_hands_ir,qa_pairs/aligned/ir_qa_results_aligned.json,action,1,"I am initially drying my hands using a paper towel in front of the mirror. Afterward, I dispose of the towel, open the door, and exit the bathroom to navigate through the office space."
4c051cfd5ec4,ir,aligned_dataset/wash_hand_split/Seg4/wash_hands_ir,qa_pairs/aligned/ir_qa_results_aligned.json,text_recognition,1,"The video contains several text labels. In frame 810, a QR code label appears on the door with text '02.B.20 WC H'. In later frames, a sign is visible on the wall that says 'Please make sure to close the windows upon leaving our student rooms. Thank you.' These are likely informational signs for facility management."
6b40680f593e,ir,aligned_dataset/wash_hand_split/Seg4/wash_hands_ir,qa_pairs/aligned/ir_qa_results_aligned.json,dynamic_recognition,1,The only dynamic elements are my hands moving while drying them (frames 0-300) and the door opening movement (frames 600-870).
71286b59818e,ir,aligned_dataset/wash_hand_split/Seg4/wash_hands_ir,qa_pairs/aligned/ir_qa_results_aligned.json,counting,1,"In the IR video, I identify: 1 sink, 1 faucet, 1 soap dispenser, 1 door handle, 1 fire extinguisher, 1 light switch, and multiple computer monitors and office chairs in the final room."
7206a796326c,ir,aligned_dataset/wash_hand_split/Seg4/wash_hands_ir,qa_pairs/aligned/ir_qa_results_aligned.json,scene_sequence,1,"The sequence begins with me standing in front of a bathroom mirror, drying my hands with a paper towel. I then proceed to open the bathroom door, walk out into a hallway, and move towards a room filled with multiple computer workstations, concluding by looking at the desks and chairs."
8accad8f2659,ir,aligned_dataset/wash_hand_split/Seg4/wash_hands_ir,qa_pairs/aligned/ir_qa_results_aligned.json,light_change,1,"The overall light levels remain relatively consistent throughout the video as I move from the bathroom into the hallway and computer room, indicating consistent indoor lighting conditions."
af645819e302,ir,aligned_dataset/wash_hand_split/Seg4/wash_hands_ir,qa_pairs/aligned/ir_qa_results_aligned.json,object_recognition,1,"The video features a person in front of a bathroom mirror, holding a paper towel. Key objects include a sink, a chrome faucet, a soap dispenser mounted on the wall, a door handle, and a light switch on the wall. The scene is captured in infrared, showing thermal variations in the objects and surfaces."
b9fe0555f1c2,ir,aligned_dataset/wash_hand_split/Seg4/wash_hands_ir,qa_pairs/aligned/ir_qa_results_aligned.json,dynamic_counting,1,There are no moving objects or humans detected in the video other than my own actions captured in the mirror and my movement through the rooms.
c52bf2e56aae,ir,aligned_dataset/wash_hand_split/Seg4/wash_hands_ir,qa_pairs/aligned/ir_qa_results_aligned.json,light_recognition,1,"The scene is illuminated by ambient lighting, which appears as varying thermal intensities in the infrared frames. The light switch on the wall suggests an artificial light source is present in the room."
d480d36dcaf0,ir,aligned_dataset/wash_hand_split/Seg4/wash_hands_ir,qa_pairs/aligned/ir_qa_results_aligned.json,spatial_reasoning,1,"The faucet is located directly above the sink basin, about one step away from me. The soap dispenser is mounted on the wall to the right of the mirror, approximately two steps from the sink. The light switch is on the wall to the right of the sink, about two steps away. The door handle is visible on the door reflected in the mirror, roughly three steps away. The fire extinguisher is located in the hallway outside the bathroom, about five steps away."
fb5a31642abd,ir,aligned_dataset/wash_hand_split/Seg4/wash_hands_ir,qa_pairs/aligned/ir_qa_results_aligned.json,non_common,1,"The layout appears standard for a student facility, with no obvious violations of physical laws or weird furniture placements observed."
343c43c8781b,ir,aligned_dataset/wash_hands_split/Seg1/wash_hands_ir,qa_pairs/aligned/ir_qa_results_aligned.json,dynamic_counting,8,There are no dynamic objects or humans moving in the video. The only motion is caused by the camera movement.
3a7d8f5701f5,ir,aligned_dataset/wash_hands_split/Seg1/wash_hands_ir,qa_pairs/aligned/ir_qa_results_aligned.json,counting,10,"In the room, I can identify: two desks, two computer monitors, two desktop towers, two office chairs, one water bottle, and one door."
8044726faa22,ir,aligned_dataset/wash_hands_split/Seg1/wash_hands_ir,qa_pairs/aligned/ir_qa_results_aligned.json,dynamic_recognition,8,There are no dynamic objects or humans appearing or moving in the video; only the camera is panning and moving through the space.
84ad91993998,ir,aligned_dataset/wash_hands_split/Seg1/wash_hands_ir,qa_pairs/aligned/ir_qa_results_aligned.json,scene_sequence,10,"I begin in an office room with two desks and computers. I move toward the door, passing the desks, then I reach the door, grasp the handle, and open it. After opening the door, I exit the room into a hallway."
8f12744cd521,ir,aligned_dataset/wash_hands_split/Seg1/wash_hands_ir,qa_pairs/aligned/ir_qa_results_aligned.json,non_common,1,"The office layout appears to be standard; however, the placement of the sink in the transition from the office to the hallway seems slightly unusual for a typical office suite."
ad9d48b04974,ir,aligned_dataset/wash_hands_split/Seg1/wash_hands_ir,qa_pairs/aligned/ir_qa_results_aligned.json,navigation,10,"To exit the room, I walk from the desk area toward the door, which is approximately 3-4 steps away. I then reach for the handle and open the door to enter the hallway."
adc68eee5772,ir,aligned_dataset/wash_hands_split/Seg1/wash_hands_ir,qa_pairs/aligned/ir_qa_results_aligned.json,object_recognition,1,"The scene shows an office space with two desks, each equipped with a computer monitor and a desktop computer tower. There are office chairs at each desk. A water bottle is visible on the first desk, and a document is placed on the desk surface. Outside the window, a building facade is visible."
bc0bc13f0165,ir,aligned_dataset/wash_hands_split/Seg1/wash_hands_ir,qa_pairs/aligned/ir_qa_results_aligned.json,spatial_reasoning,1,"The first desk is located to the left, and the second desk is to the right. The computer monitor on the left desk is positioned in front of the computer tower. The office chair is in front of the desk. The distance between me and the desks is approximately 2-3 steps. The distance between the two desks is about 1-2 steps."
e801a4e0db28,ir,aligned_dataset/wash_hands_split/Seg1/wash_hands_ir,qa_pairs/aligned/ir_qa_results_aligned.json,light_change,8,"The video starts in a well-lit environment during the day. As I move around the office and approach the door, the overall scene transitions into a dark night setting with minimal illumination."
eacaad4f24be,ir,aligned_dataset/wash_hands_split/Seg1/wash_hands_ir,qa_pairs/aligned/ir_qa_results_aligned.json,light_recognition,1,"The room is lit by natural light coming through the large windows during the day. As the video progresses to the night, the room becomes significantly darker, relying on artificial light reflected from computer monitors."
f2232877cf90,ir,aligned_dataset/wash_hands_split/Seg1/wash_hands_ir,qa_pairs/aligned/ir_qa_results_aligned.json,text_recognition,8,A sign on the door in the later frames reads 'Dear students! Please make sure to close the windows upon leaving our student rooms. Thank you.' Another sign with a QR code and the text 'Büro 19' is also visible on the door.
f8c2f0ea0bff,ir,aligned_dataset/wash_hands_split/Seg1/wash_hands_ir,qa_pairs/aligned/ir_qa_results_aligned.json,action,8,"I am walking through an office, approaching a door, and then opening the door to leave the room. The purpose is to exit the office area, and the consequence is moving into the hallway."
34e70affcbd1,ir,aligned_dataset/wash_hands_split/Seg2/wash_hands_ir,qa_pairs/aligned/ir_qa_results_aligned.json,object_recognition,1,"The video features an interior space, specifically a restroom, containing a wall-mounted toilet, a sink with a faucet, a soap dispenser, a mirror above the sink, a light switch, and a wall-mounted toilet paper holder. There is significant thermal contrast, with the metallic faucet and the soap dispenser appearing as cooler hotspots compared to the ambient wall and floor surfaces."
7497ac6eed54,ir,aligned_dataset/wash_hands_split/Seg2/wash_hands_ir,qa_pairs/aligned/ir_qa_results_aligned.json,spatial_reasoning,1,"The sink is located on the right side, with the faucet facing inward. The toilet is positioned against the back wall, approximately 3 steps from the sink area. The light switch is mounted on the wall to the right of the mirror, about 2 steps away from the sink basin. The soap dispenser is attached to the wall above the mirror area, about 1 step higher than the faucet height."
9d751d988c0f,ir,aligned_dataset/wash_hands_split/Seg2/wash_hands_ir,qa_pairs/aligned/ir_qa_results_aligned.json,non_common,1,The layout is standard. No weird or non-physical elements observed.
d0c592bf602c,ir,aligned_dataset/wash_hands_split/Seg2/wash_hands_ir,qa_pairs/aligned/ir_qa_results_aligned.json,light_recognition,1,"The scene is lit by overhead artificial lighting, which is standard for a restroom facility. There is a consistent, diffuse light source that does not create strong shadows or hotspots, typical of fluorescent ceiling lights."
1e9485784472,ir,aligned_dataset/wash_hands_split/Seg3/wash_hands_ir,qa_pairs/aligned/ir_qa_results_aligned.json,action,1,"I am performing a hand-washing task. I first turn on the water, rinse my hands by rubbing them together under the stream, and then wipe them dry with a paper towel. The purpose is personal hygiene."
2443ef46c554,ir,aligned_dataset/wash_hands_split/Seg3/wash_hands_ir,qa_pairs/aligned/ir_qa_results_aligned.json,light_recognition,1,"The scene is captured in infrared, showing typical thermal radiation of bathroom fixtures. There are no active visible light sources like lamps, but the faucet reflects ambient thermal energy."
2e4ced9c971a,ir,aligned_dataset/wash_hands_split/Seg3/wash_hands_ir,qa_pairs/aligned/ir_qa_results_aligned.json,dynamic_recognition,1,"Dynamic elements are the user's hands: moving from the starting position to the faucet (frames 000000-000090), washing hands (frames 000120-000570), and reaching for/using a paper towel (frames 000600-000870)."
2f0ba8aae782,ir,aligned_dataset/wash_hands_split/Seg3/wash_hands_ir,qa_pairs/aligned/ir_qa_results_aligned.json,navigation,1,I am standing at the sink. No navigation movement is required as the task is performed in one spot.
3059069ef550,ir,aligned_dataset/wash_hands_split/Seg3/wash_hands_ir,qa_pairs/aligned/ir_qa_results_aligned.json,non_common,1,The layout is standard for a residential bathroom. No abnormal physical behavior or unrealistic floating objects were observed.
4a59bad39d80,ir,aligned_dataset/wash_hands_split/Seg3/wash_hands_ir,qa_pairs/aligned/ir_qa_results_aligned.json,spatial_reasoning,1,The spatial relationships include: the faucet is centered directly above the drain; the mirror is positioned vertically behind the faucet; the light switch is to the left of the sink and mirror; the sink basin is below the faucet. The mirror is approximately 1 step away from my position while I am standing directly in front of the sink basin.
5dba8936cd9a,ir,aligned_dataset/wash_hands_split/Seg3/wash_hands_ir,qa_pairs/aligned/ir_qa_results_aligned.json,text_recognition,1,"There is a small, subtle brand logo engraved on the top left of the sink basin ceramic, best visible in early frames (e.g., frame 000000). It likely identifies the manufacturer (Geberit)."
651cdac906e2,ir,aligned_dataset/wash_hands_split/Seg3/wash_hands_ir,qa_pairs/aligned/ir_qa_results_aligned.json,object_recognition,1,"The video shows a bathroom environment captured in infrared. The key objects present are a white ceramic bathroom sink, a chrome-finish faucet, a circular sink drain with metal grate, a wall-mounted light switch or outlet panel, and a reflective mirror above the sink. The faucet is a central, high-contrast thermal object."
6c12ffb9a458,ir,aligned_dataset/wash_hands_split/Seg3/wash_hands_ir,qa_pairs/aligned/ir_qa_results_aligned.json,light_change,1,"The lighting remains stable throughout the sequence, typical of a constant indoor infrared environment."
923f895a3bcd,ir,aligned_dataset/wash_hands_split/Seg3/wash_hands_ir,qa_pairs/aligned/ir_qa_results_aligned.json,counting,1,"The items identified include: 1 sink, 1 faucet, 1 drain, 1 mirror, 1 paper towel dispenser, 1 light switch."
9753bef518cc,ir,aligned_dataset/wash_hands_split/Seg3/wash_hands_ir,qa_pairs/aligned/ir_qa_results_aligned.json,scene_sequence,1,"The sequence shows the user standing in a bathroom, approaching the sink, turning on the water, washing hands, and reaching for a paper towel from a dispenser, ending by drying hands."
9cd7e4385721,ir,aligned_dataset/wash_hands_split/Seg3/wash_hands_ir,qa_pairs/aligned/ir_qa_results_aligned.json,dynamic_counting,1,"The objects moving include my hands interacting with the faucet, water, and paper towel. No other moving objects were identified."
00b80833fdea,ir,aligned_dataset/wash_hands_split/Seg4/wash_hands_ir,qa_pairs/aligned/ir_qa_results_aligned.json,scene_sequence,1,"The subject starts in front of a bathroom sink, washes their hands, reaches for a paper towel, and then exits the bathroom by opening the door with an access card, entering a hallway with computer desks."
2dd1c694f46c,ir,aligned_dataset/wash_hands_split/Seg4/wash_hands_ir,qa_pairs/aligned/ir_qa_results_aligned.json,spatial_reasoning,1,"The sink is located below the mirror, roughly 1 step away. The paper towel dispenser is to the right of the mirror, about 2 steps away. The door is behind the subject, approximately 3 steps away. The fire extinguisher is on the wall, 4 steps away. The light switch is on the wall, 2 steps away from the mirror."
304a32ed028b,ir,aligned_dataset/wash_hands_split/Seg4/wash_hands_ir,qa_pairs/aligned/ir_qa_results_aligned.json,action,1,"The subject performs a hand-washing routine at the sink, dries their hands with a paper towel, and then navigates to the door to unlock it with a key card to exit."
541c882ab78b,ir,aligned_dataset/wash_hands_split/Seg4/wash_hands_ir,qa_pairs/aligned/ir_qa_results_aligned.json,dynamic_counting,1,There are no other moving people or dynamic objects other than the subject operating the door.
58ad38c45927,ir,aligned_dataset/wash_hands_split/Seg4/wash_hands_ir,qa_pairs/aligned/ir_qa_results_aligned.json,object_recognition,1,"The video features a person in a white jacket and a head-mounted camera in a restroom. Key objects include a white sink, a metal faucet, a paper towel dispenser, a mirror, a door with a handle, a wall-mounted fire extinguisher, and a QR code sign near the door."
7d29023cade9,ir,aligned_dataset/wash_hands_split/Seg4/wash_hands_ir,qa_pairs/aligned/ir_qa_results_aligned.json,navigation,1,"To leave the room, the subject must turn right to the door, use an access card on the handle, and step out into the hallway."
a10a1f260cb8,ir,aligned_dataset/wash_hands_split/Seg4/wash_hands_ir,qa_pairs/aligned/ir_qa_results_aligned.json,non_common,1,The layout appears standard for a university or office building; no objects are floating or misplaced.
a6a433842f5d,ir,aligned_dataset/wash_hands_split/Seg4/wash_hands_ir,qa_pairs/aligned/ir_qa_results_aligned.json,light_change,1,"The light levels remain generally stable throughout the video as the subject moves from the restroom into the hallway, though there is a subtle shift in intensity upon entering the next space."
b940c312863e,ir,aligned_dataset/wash_hands_split/Seg4/wash_hands_ir,qa_pairs/aligned/ir_qa_results_aligned.json,dynamic_recognition,1,The only dynamic action is the subject's hand interacting with the door handle and the access card reader (frames 630-840).
c88d06779adf,ir,aligned_dataset/wash_hands_split/Seg4/wash_hands_ir,qa_pairs/aligned/ir_qa_results_aligned.json,light_recognition,1,"The scene is lit by interior ceiling lights, which provide consistent, even illumination throughout the room, creating clear visibility of the walls, sink, and exit door."
d6f870b60cf3,ir,aligned_dataset/wash_hands_split/Seg4/wash_hands_ir,qa_pairs/aligned/ir_qa_results_aligned.json,text_recognition,1,"Several text-like patterns are visible: '02.B.20' on a label near the door (frame 690), 'WC H' on the same label, 'Zublin' logo on the label, and 'Please make sure to close the windows upon leaving our student rooms. Thank you.' on a wall sign (frame 690)."
da047ddbc666,ir,aligned_dataset/wash_hands_split/Seg4/wash_hands_ir,qa_pairs/aligned/ir_qa_results_aligned.json,counting,1,"Identified objects: 1 sink, 1 faucet, 1 mirror, 1 paper towel dispenser, 1 fire extinguisher, 1 door, 1 light switch, and 1 trash bin."
05f69ef66839,ir,aligned_dataset/wash_my_face_split/Seg1/wash_my_face_ir,qa_pairs/aligned/ir_qa_results_aligned.json,spatial_reasoning,1,"The towel is being held by the subject in front of the mirror. 1. Towel to Mirror: The towel is 1 step away from the mirror. 2. Sink to Wall: The sink is attached to the wall, 0 steps away. 3. Shelf to Mirror: The shelf is 2 steps to the right of the mirror. 4. Window to Sink: The window is 1 step to the left of the sink. 5. Subject to Sink: The subject is 1 step away from the sink."
14b7851059fd,ir,aligned_dataset/wash_my_face_split/Seg1/wash_my_face_ir,qa_pairs/aligned/ir_qa_results_aligned.json,object_recognition,1,"The scene is a bathroom with a sink, a mirror, a window on the left, and a multi-tier storage shelf on the right. There are thermal signatures from the sink faucet, the mirror frame, and various toiletries on the shelf. The subject is wearing a quilted jacket and a backpack, and is holding a patterned towel, wiping their face."
2adbaed9290c,ir,aligned_dataset/wash_my_face_split/Seg1/wash_my_face_ir,qa_pairs/aligned/ir_qa_results_aligned.json,non_common,1,The scene is a standard bathroom layout; no common sense violations were identified.
55487d3eec44,ir,aligned_dataset/wash_my_face_split/Seg1/wash_my_face_ir,qa_pairs/aligned/ir_qa_results_aligned.json,counting,1,"The bathroom contains 1 mirror, 1 sink, 1 faucet, 1 window, and 1 storage shelf."
75053e84e960,ir,aligned_dataset/wash_my_face_split/Seg1/wash_my_face_ir,qa_pairs/aligned/ir_qa_results_aligned.json,dynamic_counting,1,There are no dynamic objects or other people moving in the video aside from the subject.
801add38a61e,ir,aligned_dataset/wash_my_face_split/Seg1/wash_my_face_ir,qa_pairs/aligned/ir_qa_results_aligned.json,light_change,1,The room transitions from a lit state to total darkness as the subject flips the light switch upon leaving.
8b1661830091,ir,aligned_dataset/wash_my_face_split/Seg1/wash_my_face_ir,qa_pairs/aligned/ir_qa_results_aligned.json,light_recognition,1,"The primary light source is the ambient light from the window, and there is a ceiling light that gets turned off by the subject at the end of the sequence."
b459f72d2909,ir,aligned_dataset/wash_my_face_split/Seg1/wash_my_face_ir,qa_pairs/aligned/ir_qa_results_aligned.json,navigation,1,"The subject stands at the sink, turns right, and walks towards the doorway to exit."
ba42fcb6e9ae,ir,aligned_dataset/wash_my_face_split/Seg1/wash_my_face_ir,qa_pairs/aligned/ir_qa_results_aligned.json,text_recognition,1,No explicit text is visible in the IR thermal patterns.
c1d365872139,ir,aligned_dataset/wash_my_face_split/Seg1/wash_my_face_ir,qa_pairs/aligned/ir_qa_results_aligned.json,action,1,"The subject is using a towel to dry their face, then folds/lowers the towel, turns around, and reaches for the light switch to exit the room."
e3415c84dff1,ir,aligned_dataset/wash_my_face_split/Seg1/wash_my_face_ir,qa_pairs/aligned/ir_qa_results_aligned.json,scene_sequence,1,"The video starts with the subject facing the mirror in the bathroom, using a towel. Then, the subject turns away and exits through the door, moving into a darker hallway area."
f99bb3a1a40d,ir,aligned_dataset/wash_my_face_split/Seg1/wash_my_face_ir,qa_pairs/aligned/ir_qa_results_aligned.json,dynamic_recognition,1,"The subject moves from the sink (frame 0) to the doorway (frame 800), ending the movement when the light is switched off."
0a0d709c0f56,ir,aligned_dataset/wash_my_face_split/Seg2/wash_my_face_ir,qa_pairs/aligned/ir_qa_results_aligned.json,scene_sequence,1,"The video sequence captures a static scene in a bathroom. The person is standing in front of the mirror, wiping their face with a towel, and then finishes the action. The environment remains consistent throughout the entire clip."
16d7574e7bae,ir,aligned_dataset/wash_my_face_split/Seg2/wash_my_face_ir,qa_pairs/aligned/ir_qa_results_aligned.json,dynamic_recognition,1,The subject performs the action of wiping their face with a towel from start to end (frames 0 to 870).
201ec13b3074,ir,aligned_dataset/wash_my_face_split/Seg2/wash_my_face_ir,qa_pairs/aligned/ir_qa_results_aligned.json,spatial_reasoning,1,The spatial relationships are: the sink is below the mirror; the metal shelving unit is to the right of the sink; the shower curtain is adjacent to the shelving unit; the door is behind the person's reflection; the window is to the left of the mirror. The sink is approximately 1 step away from the person; the shelf is 2 steps away; the door is 4 steps away; the window is 3 steps away; the shower curtain is 2 steps away.
250cf3614cc9,ir,aligned_dataset/wash_my_face_split/Seg2/wash_my_face_ir,qa_pairs/aligned/ir_qa_results_aligned.json,text_recognition,1,"No clear text-like thermal patterns or labels are identifiable on the objects in the IR frames, as the resolution and thermal representation do not resolve small text."
2eddf5c5e5c4,ir,aligned_dataset/wash_my_face_split/Seg2/wash_my_face_ir,qa_pairs/aligned/ir_qa_results_aligned.json,counting,1,"Interesting daily life objects: one sink, one mirror, one metal shelving unit, one shower curtain, one door, and one window."
428901e1537b,ir,aligned_dataset/wash_my_face_split/Seg2/wash_my_face_ir,qa_pairs/aligned/ir_qa_results_aligned.json,action,1,"The subject is wiping their face with a towel. The object interacted with is a towel. The purpose is facial hygiene or drying, with the consequence of cleaning the face."
47096c6c66b3,ir,aligned_dataset/wash_my_face_split/Seg2/wash_my_face_ir,qa_pairs/aligned/ir_qa_results_aligned.json,non_common,1,The layout of the bathroom appears functional and common. There are no weird things violating physical laws or clear layout mistakes observed in the IR frames.
84dccc61e004,ir,aligned_dataset/wash_my_face_split/Seg2/wash_my_face_ir,qa_pairs/aligned/ir_qa_results_aligned.json,navigation,1,"The navigation path is limited to the area in front of the sink. To move, one would step forward or backward to approach or leave the mirror."
a99b13b46e4f,ir,aligned_dataset/wash_my_face_split/Seg2/wash_my_face_ir,qa_pairs/aligned/ir_qa_results_aligned.json,light_recognition,1,The primary light sources are the ambient light coming from the window on the left and the doorway in the background. These provide thermal contrast in the scene.
e26626b81d97,ir,aligned_dataset/wash_my_face_split/Seg2/wash_my_face_ir,qa_pairs/aligned/ir_qa_results_aligned.json,object_recognition,1,"The video shows a bathroom scene with a mirror reflecting the person holding the camera. Key objects include a white sink, a metal shelving unit with various toiletries, a shower curtain on the right, a closed white door in the background, a window on the left, and a white towel being used by the person in the mirror. Thermal contrast is visible between the cool bathroom surfaces and the warmer person."
f3337531c55f,ir,aligned_dataset/wash_my_face_split/Seg2/wash_my_face_ir,qa_pairs/aligned/ir_qa_results_aligned.json,dynamic_counting,1,There are no dynamic objects or humans moving in the scene other than the subject reflecting in the mirror.
f4b613f622d6,ir,aligned_dataset/wash_my_face_split/Seg2/wash_my_face_ir,qa_pairs/aligned/ir_qa_results_aligned.json,light_change,1,"The light levels in the video are generally stable. Towards the end of the video, the scene transitions into total darkness, indicating an end to the active capture or a light source being turned off."
391ec6858de3,ir,aligned_dataset/water_plants_split/Seg1/water_plants_ir,qa_pairs/aligned/ir_qa_results_aligned.json,light_change,8,"The video maintains consistent thermal imaging throughout. There are no changes in lighting conditions as the video is recorded using infrared sensors that detect heat, not visible light."
4782f573e71e,ir,aligned_dataset/water_plants_split/Seg1/water_plants_ir,qa_pairs/aligned/ir_qa_results_aligned.json,counting,10,"Visible items include: 1 trash bin, 3 visible bottles on the counter, 1 dish drying rack, 1 spray bottle, and 1 rice cooker."
4a3307866d77,ir,aligned_dataset/water_plants_split/Seg1/water_plants_ir,qa_pairs/aligned/ir_qa_results_aligned.json,object_recognition,1,"The scene is a kitchen area featuring a stainless steel countertop. Visible items include a trash bin on the left, a dish drying rack containing bowls, various bottles on the counter, and a spray bottle being manipulated by a hand. The thermal contrast highlights the stainless steel surface as cooler compared to the ambient objects."
52c452df4a01,ir,aligned_dataset/water_plants_split/Seg1/water_plants_ir,qa_pairs/aligned/ir_qa_results_aligned.json,non_common,1,"The kitchen layout is functional. However, the positioning of the rice cooker on a side table is unusual if it is meant to be in a prep area."
54d3e1324c68,ir,aligned_dataset/water_plants_split/Seg1/water_plants_ir,qa_pairs/aligned/ir_qa_results_aligned.json,action,8,"The subject uses their hand to place a spray bottle into the sink. This action likely signifies cleaning up, clearing the counter, or prepping for sink usage. The consequence is a cleaner counter surface."
6bfc6463d9fe,ir,aligned_dataset/water_plants_split/Seg1/water_plants_ir,qa_pairs/aligned/ir_qa_results_aligned.json,navigation,10,"The subject approaches the kitchen counter, interacts with the spray bottle by placing it in the sink, then turns to move towards the adjacent table where the rice cooker is located."
707e9895ae67,ir,aligned_dataset/water_plants_split/Seg1/water_plants_ir,qa_pairs/aligned/ir_qa_results_aligned.json,light_recognition,1,"The scene is captured in infrared, showing thermal emission patterns rather than visible light. No artificial light sources or natural sunlight are visible, only the thermal signatures of objects based on their heat retention and ambient temperatures."
9231784326c7,ir,aligned_dataset/water_plants_split/Seg1/water_plants_ir,qa_pairs/aligned/ir_qa_results_aligned.json,text_recognition,8,"A bottle on the counter shows a text-like thermal pattern in frame 120, potentially a cleaning product brand name like 'Pril'. This label identifies the product used for cleaning."
983fc6e17aa4,ir,aligned_dataset/water_plants_split/Seg1/water_plants_ir,qa_pairs/aligned/ir_qa_results_aligned.json,spatial_reasoning,1,"The trash bin is to the left of the counter. The dish rack is on the right side of the counter. The bottles are located between the trash bin and the dish rack. The spray bottle is being held near the center of the counter, approximately 1 step away from the sink area."
9f1cb30472fb,ir,aligned_dataset/water_plants_split/Seg1/water_plants_ir,qa_pairs/aligned/ir_qa_results_aligned.json,scene_sequence,10,"The video starts with a wide view of the kitchen counter. The focus shifts to the sink and counter area as a hand enters the frame. The camera then tracks the interaction with the spray bottle being placed into the sink, followed by the camera panning to reveal a rice cooker on an adjacent table."
c56d12c8b146,ir,aligned_dataset/water_plants_split/Seg1/water_plants_ir,qa_pairs/aligned/ir_qa_results_aligned.json,dynamic_recognition,8,The hand enters the frame at frame 150 and leaves by frame 800 after placing the spray bottle in the sink.
dd794fda7b7c,ir,aligned_dataset/water_plants_split/Seg1/water_plants_ir,qa_pairs/aligned/ir_qa_results_aligned.json,dynamic_counting,8,The only dynamic movement in the video is the hand interacting with objects. No other independent moving objects are present.
0c194b95edf8,ir,aligned_dataset/water_plants_split/Seg2/water_plants_ir,qa_pairs/aligned/ir_qa_results_aligned.json,counting,1,"The scene contains 1 sink, 1 faucet, 1 towel, 1 dish rack, 1 bottle of dish soap, and 5 visible plates in the rack."
0f824f716497,ir,aligned_dataset/water_plants_split/Seg2/water_plants_ir,qa_pairs/aligned/ir_qa_results_aligned.json,non_common,1,"The layout is a standard kitchen setup. No furniture or objects are placed in illogical positions, and there are no instances of mesh clipping or object floating."
28d3e2e2a8a2,ir,aligned_dataset/water_plants_split/Seg2/water_plants_ir,qa_pairs/aligned/ir_qa_results_aligned.json,spatial_reasoning,1,"The dish rack is located to the right of the sink. The towel hangs directly over the faucet, which is positioned in the center above the sink basin. A bottle of cleaning detergent sits to the left of the sink. The plates are stacked in the rack approximately 1 step away from the center of the sink. The faucet is about 0.5 steps from the drain."
2e80dd47d905,ir,aligned_dataset/water_plants_split/Seg2/water_plants_ir,qa_pairs/aligned/ir_qa_results_aligned.json,dynamic_recognition,1,"The subject's hands appear in the frame at the beginning and end, interacting with the sink and cleaning bottle, from frame 0 to 870."
40f6f6ca29fa,ir,aligned_dataset/water_plants_split/Seg2/water_plants_ir,qa_pairs/aligned/ir_qa_results_aligned.json,object_recognition,1,"The video features a kitchen setting viewed from a first-person perspective, focusing on a sink area. Objects include a dish rack filled with plates, a kitchen faucet, a towel draped over the faucet, a container for cleaning supplies, and a bottle of dish soap. There is a clear thermal contrast between the sink basin, the faucet, and the surrounding countertops."
45caf0b7fe83,ir,aligned_dataset/water_plants_split/Seg2/water_plants_ir,qa_pairs/aligned/ir_qa_results_aligned.json,light_change,1,The lighting/thermal representation remains consistent throughout the video until the camera movement changes the view.
5a9909854516,ir,aligned_dataset/water_plants_split/Seg2/water_plants_ir,qa_pairs/aligned/ir_qa_results_aligned.json,text_recognition,1,"No specific text-like thermal patterns are present in the video frames. The scene is dominated by kitchen equipment and household items, none of which exhibit identifiable text."
7c2c12c3feb8,ir,aligned_dataset/water_plants_split/Seg2/water_plants_ir,qa_pairs/aligned/ir_qa_results_aligned.json,navigation,1,"The navigation involves standing in front of the kitchen sink, interacting with the faucet, and then turning away to view the adjacent room."
80ddd6fbc530,ir,aligned_dataset/water_plants_split/Seg2/water_plants_ir,qa_pairs/aligned/ir_qa_results_aligned.json,dynamic_counting,1,"There are no dynamic objects or humans moving in the video frames, except for the hands of the subject interacting with the sink items."
aa5646894fce,ir,aligned_dataset/water_plants_split/Seg2/water_plants_ir,qa_pairs/aligned/ir_qa_results_aligned.json,light_recognition,1,"The scene is captured in an IR spectrum, showing thermal variations. No traditional light sources like lamps are active in the view, though the scene brightness is consistent with ambient indoor temperatures."
c294733bd0a9,ir,aligned_dataset/water_plants_split/Seg2/water_plants_ir,qa_pairs/aligned/ir_qa_results_aligned.json,action,1,"The subject is interacting with the kitchen faucet, likely adjusting or cleaning it, and then handles a bottle of cleaning agent to potentially wash items in the sink."
cc3a0e710a9c,ir,aligned_dataset/water_plants_split/Seg2/water_plants_ir,qa_pairs/aligned/ir_qa_results_aligned.json,scene_sequence,1,"The scene sequence shows a static view of a kitchen sink area. The sequence starts with the faucet being manipulated, involves an interaction with a bottle, and concludes with a camera turn towards the living room area."
10162cf33ffe,ir,aligned_dataset/water_plants_split/Seg3/water_plants_ir,qa_pairs/aligned/ir_qa_results_aligned.json,spatial_reasoning,1,"The dish drying rack is to the right of the sink. A kitchen knife is placed vertically within the rack, to the right of the plates. The spray bottle is in the user's hand, positioned above the sink. The faucet is located behind the sink. The kitchen counter is to the left of the sink. There are approximately two steps between the user and the drying rack."
118fc1fcf946,ir,aligned_dataset/water_plants_split/Seg3/water_plants_ir,qa_pairs/aligned/ir_qa_results_aligned.json,scene_sequence,1,The video begins with the user cleaning or handling a spray bottle over a kitchen sink. The scene transitions as the user moves from the kitchen area towards another room containing a dark leather couch and potted plants.
31e57f3dd492,ir,aligned_dataset/water_plants_split/Seg3/water_plants_ir,qa_pairs/aligned/ir_qa_results_aligned.json,navigation,1,"The user starts at the kitchen sink, then moves right past the dish rack, and proceeds forward to reach a living area with a couch and plants."
3adcddc7911b,ir,aligned_dataset/water_plants_split/Seg3/water_plants_ir,qa_pairs/aligned/ir_qa_results_aligned.json,action,1,"The user is holding a spray bottle, first holding it near the kitchen sink, then carrying it to the living room to spray a houseplant."
3de971b59a28,ir,aligned_dataset/water_plants_split/Seg3/water_plants_ir,qa_pairs/aligned/ir_qa_results_aligned.json,light_recognition,1,"The video is recorded in an infrared spectrum where thermal contrast is the primary visual cue. There are no traditional artificial light sources visible, only thermal signatures of household objects."
4596685e7e29,ir,aligned_dataset/water_plants_split/Seg3/water_plants_ir,qa_pairs/aligned/ir_qa_results_aligned.json,counting,1,"I can identify: 1 kitchen sink, 1 dish rack, 4 visible white plates, 1 large bowl, and 1 spray bottle."
5af47f5b1a26,ir,aligned_dataset/water_plants_split/Seg3/water_plants_ir,qa_pairs/aligned/ir_qa_results_aligned.json,dynamic_recognition,1,The spray bottle moves from the sink (frame 0) to the living room (frame 870) where it is used on a plant.
6c9e6eb7b654,ir,aligned_dataset/water_plants_split/Seg3/water_plants_ir,qa_pairs/aligned/ir_qa_results_aligned.json,dynamic_counting,1,No dynamic objects or humans (other than the person holding the camera) are present in the video.
988e47ef80e3,ir,aligned_dataset/water_plants_split/Seg3/water_plants_ir,qa_pairs/aligned/ir_qa_results_aligned.json,light_change,1,"The video maintains a consistent infrared thermal view throughout, with no changes in ambient lighting conditions."
a475cbc0a214,ir,aligned_dataset/water_plants_split/Seg3/water_plants_ir,qa_pairs/aligned/ir_qa_results_aligned.json,non_common,1,"The layout appears functional; however, the placement of a spray bottle in a kitchen sink might be unconventional if it's meant for plant care, as seen in the later sequence."
b5cdf870275a,ir,aligned_dataset/water_plants_split/Seg3/water_plants_ir,qa_pairs/aligned/ir_qa_results_aligned.json,object_recognition,1,"The video features a kitchen setting. Visible objects include a kitchen sink, a dish drying rack containing several white plates and a large bowl, a kitchen knife resting in the rack, and a brown spray bottle being handled by the user."
c7f2f465b108,ir,aligned_dataset/water_plants_split/Seg3/water_plants_ir,qa_pairs/aligned/ir_qa_results_aligned.json,text_recognition,1,No clear text-like thermal patterns are identifiable in the IR frames as the resolution is limited to thermal heat signatures.
010622f81ed1,ir,aligned_dataset/water_plants_split/Seg4/water_plants_ir,qa_pairs/aligned/ir_qa_results_aligned.json,scene_sequence,10,The video starts with an overhead view of the plants and the spray bottle. The camera maintains a consistent position above the pots while the hand moves the spray bottle to mist the plant in the circular pot.
23d7a2f2d6ae,ir,aligned_dataset/water_plants_split/Seg4/water_plants_ir,qa_pairs/aligned/ir_qa_results_aligned.json,light_recognition,1,"The scene is captured in an IR spectrum, where heat signatures represent the objects. There are no active light sources like bulbs; the scene's brightness is based on the thermal emission of the objects."
39518ae91800,ir,aligned_dataset/water_plants_split/Seg4/water_plants_ir,qa_pairs/aligned/ir_qa_results_aligned.json,action,8,The subject is performing a watering action by misting a plant in a circular pot using a spray bottle. The purpose is to hydrate the plant.
550ee09cbd0b,ir,aligned_dataset/water_plants_split/Seg4/water_plants_ir,qa_pairs/aligned/ir_qa_results_aligned.json,text_recognition,8,"There is a faint, text-like thermal pattern on the label of the spray bottle visible across several frames. It appears to be product information or branding."
6e37ca9b93b5,ir,aligned_dataset/water_plants_split/Seg4/water_plants_ir,qa_pairs/aligned/ir_qa_results_aligned.json,counting,10,"There are three distinct planting containers: two rectangular planters and one circular pot. There is one spray bottle, one human hand, and one plant with foliage."
8eb8f02fe746,ir,aligned_dataset/water_plants_split/Seg4/water_plants_ir,qa_pairs/aligned/ir_qa_results_aligned.json,light_change,8,The light level (thermal intensity) remains stable throughout the video. There are no sudden changes in the environment's thermal appearance.
c3008a8c0be4,ir,aligned_dataset/water_plants_split/Seg4/water_plants_ir,qa_pairs/aligned/ir_qa_results_aligned.json,non_common,1,The layout is a standard indoor gardening setup. There are no abnormal objects or physical violations observed.
c441e5e092f5,ir,aligned_dataset/water_plants_split/Seg4/water_plants_ir,qa_pairs/aligned/ir_qa_results_aligned.json,dynamic_recognition,8,The only dynamic action is the movement of the hand and spray bottle. This begins at the start of the video and continues until the end.
c8cef777a077,ir,aligned_dataset/water_plants_split/Seg4/water_plants_ir,qa_pairs/aligned/ir_qa_results_aligned.json,object_recognition,1,"The scene displays a plant watering activity indoors. Visible objects include two rectangular planters filled with dark soil, a circular pot containing soil, and a hand-held white plastic spray bottle with a black nozzle being used to mist a plant."
cbb62de5101b,ir,aligned_dataset/water_plants_split/Seg4/water_plants_ir,qa_pairs/aligned/ir_qa_results_aligned.json,spatial_reasoning,1,"The spray bottle is held to the right of the circular pot. The circular pot is centered between the two rectangular planters. The rectangular planter on the left contains a bushy plant, while the one on the right is empty. The circular pot is approximately 1 step away from the hand."
e57abbe3d31c,ir,aligned_dataset/water_plants_split/Seg4/water_plants_ir,qa_pairs/aligned/ir_qa_results_aligned.json,dynamic_counting,8,The only moving object in the video is the spray bottle held by the hand. There are no other dynamic humans or objects.
e87fae98ea66,ir,aligned_dataset/water_plants_split/Seg4/water_plants_ir,qa_pairs/aligned/ir_qa_results_aligned.json,navigation,10,The video does not contain any navigation or walking sequences. The subject remains static throughout the recording.
10e9431cec1f,ir,aligned_dataset/water_plants_split/Seg5/water_plants_ir,qa_pairs/aligned/ir_qa_results_aligned.json,non_common,1,The layout is a standard indoor plant setup on a windowsill. There are no violations of common sense or physical laws observed in the scene.
13ea6321316e,ir,aligned_dataset/water_plants_split/Seg5/water_plants_ir,qa_pairs/aligned/ir_qa_results_aligned.json,light_change,1,"The video maintains consistent ambient lighting throughout, with no significant changes in illumination as it focuses on the plant misting activity."
156de6331e97,ir,aligned_dataset/water_plants_split/Seg5/water_plants_ir,qa_pairs/aligned/ir_qa_results_aligned.json,object_recognition,1,"The scene shows a collection of potted plants on a window sill. There are several round and rectangular pots containing various plants. A person's hand is visible, holding a white spray bottle and performing a watering or misting action on the plants. The plants exhibit different thermal signatures, with the foliage appearing slightly cooler or warmer than the background depending on their water content and environmental interaction."
3dfbc0008cf6,ir,aligned_dataset/water_plants_split/Seg5/water_plants_ir,qa_pairs/aligned/ir_qa_results_aligned.json,text_recognition,1,"The IR video displays multiple plant pots in a row, some containing small white identification tags. These tags are visible throughout the sequence, particularly in the pots containing smaller plants."
4b25c29c2c20,ir,aligned_dataset/water_plants_split/Seg5/water_plants_ir,qa_pairs/aligned/ir_qa_results_aligned.json,counting,1,"The scene contains four plant pots, several plant stems, multiple leaves, at least two plant identification tags, and one hand-held spray bottle."
78bef6ba09cd,ir,aligned_dataset/water_plants_split/Seg5/water_plants_ir,qa_pairs/aligned/ir_qa_results_aligned.json,scene_sequence,1,"The video shows a stationary scene of a windowsill with four plant pots. The camera focuses on the plants, moving slightly to show a handheld spray bottle being used to mist the foliage."
8506aa969de4,ir,aligned_dataset/water_plants_split/Seg5/water_plants_ir,qa_pairs/aligned/ir_qa_results_aligned.json,navigation,1,"The camera is held in a fixed position on the windowsill, focusing on the plants with minor adjustments in direction to follow the misting action."
9722b0b19807,ir,aligned_dataset/water_plants_split/Seg5/water_plants_ir,qa_pairs/aligned/ir_qa_results_aligned.json,dynamic_counting,1,"The video features a single hand interacting with a spray bottle to mist plants, which is the only dynamic element in the frame."
ba7a2ad2fcd5,ir,aligned_dataset/water_plants_split/Seg5/water_plants_ir,qa_pairs/aligned/ir_qa_results_aligned.json,action,1,"The subject is using a manual spray bottle to mist the leaves of several plants arranged on a windowsill, likely to increase humidity or clean the foliage."
c9f79f7f90ed,ir,aligned_dataset/water_plants_split/Seg5/water_plants_ir,qa_pairs/aligned/ir_qa_results_aligned.json,dynamic_recognition,1,The only dynamic action in the video is the hand holding a spray bottle (frame 000000 to frame 000870) which moves to mist the plants.
e3445e95f8ab,ir,aligned_dataset/water_plants_split/Seg5/water_plants_ir,qa_pairs/aligned/ir_qa_results_aligned.json,light_recognition,1,"The scene is lit by ambient light through a window. The thermal IR imaging reveals no artificial light sources, but there is a distinct thermal contrast between the plants, the soil, and the surrounding window area."
e4559fcef9bf,ir,aligned_dataset/water_plants_split/Seg5/water_plants_ir,qa_pairs/aligned/ir_qa_results_aligned.json,spatial_reasoning,1,There are several spatial relationships in the scene: 1) The spray bottle is positioned in front of the center rectangular planter. 2) The round pot on the left is adjacent to the middle rectangular planter. 3) The rectangular planter is positioned behind the spray bottle. 4) The small plant in the round pot on the right is located to the right of the rectangular planter. 5) A labels is placed inside the left round pot. Estimation: The spray bottle is about 1 step from the closest plant foliage.
033204fd6daf,rgb,aligned_dataset/brew_tea_split/Seg1/rgb,qa_pairs/aligned/rgb_qa_results_aligned.json,object_recognition,1,"The video shows a collection of items on a wooden tea table. There is a black tea tray with gold Chinese characters. On the tray, a small dark brown clay teapot sits in the center, and a polished silver kettle with a wooden handle is positioned to its right. To the left of the tray, there is a white teacup with a blue raindrop pattern. Behind the cup, a glass jar with a gray lid contains a white substance. On the far left, several long, dark, jointed sugarcane stalks rest on a red and white striped towel. A large stainless steel pot with a glass lid is also on the table. Behind these items is a red woven basket containing various cylindrical containers and a green package. The floor is light-colored tile."
10297264643b,rgb,aligned_dataset/brew_tea_split/Seg1/rgb,qa_pairs/aligned/rgb_qa_results_aligned.json,action,8,"I am preparing tea on an induction tea tray. My hand reaches out to move the silver kettle, likely to check the water level or temperature. The digital display shows the temperature is around boiling point (100 degrees Celsius). This interaction is part of the tea-making process, ensuring the water is ready for brewing."
2de533cbd4c5,rgb,aligned_dataset/brew_tea_split/Seg1/rgb,qa_pairs/aligned/rgb_qa_results_aligned.json,dynamic_counting,8,"The main moving element is the subject's right hand, which enters the frame to handle the silver kettle starting from frame 000420. The hand moves the kettle and then retreats several times. No other dynamic objects or humans are present in the scene."
7ce903524ca4,rgb,aligned_dataset/brew_tea_split/Seg1/rgb,qa_pairs/aligned/rgb_qa_results_aligned.json,navigation,10,"I am standing at the tea table. To reach the rest of the room, I would need to turn around or step back. The table is oriented horizontally in front of me. To my left are the sugarcane stalks, and to my right is the electric kettle. The red basket is directly in front of me behind the tray."
82115a2568ac,rgb,aligned_dataset/brew_tea_split/Seg1/rgb,qa_pairs/aligned/rgb_qa_results_aligned.json,counting,10,"I can identify several objects: about 6 sugarcane stalks on the left, 1 patterned teacup, 1 small clay teapot, 1 silver kettle, 1 large stainless steel pot, 1 glass jar, and 1 red woven basket. There is also 1 electric tea tray unit."
867e30a30438,rgb,aligned_dataset/brew_tea_split/Seg1/rgb,qa_pairs/aligned/rgb_qa_results_aligned.json,light_recognition,1,"The primary light source is an overhead room light that illuminates the scene from above, creating strong highlights on the metallic surfaces of the silver kettle and the large pot lid. The light is a cool white color, and there are reflections of the windows or lights visible on the polished wooden table and the black glass surface of the tea tray."
9de2746358ed,rgb,aligned_dataset/brew_tea_split/Seg1/rgb,qa_pairs/aligned/rgb_qa_results_aligned.json,non_common,1,"The layout is standard for a tea ceremony area, though having raw sugarcane stalks lying on a towel right next to a formal tea set is a bit unusual for typical interior design. There are no unrealistic physical law violations or mesh clipping observed in the footage."
ad668c9da6a7,rgb,aligned_dataset/brew_tea_split/Seg1/rgb,qa_pairs/aligned/rgb_qa_results_aligned.json,spatial_reasoning,1,"The white teacup is situated to the left of the black tea tray. The small clay teapot is centered on the tea tray, while the silver kettle is to its right. The glass jar is located behind the teacup and to the left of the tea tray. The sugarcane stalks are on the far left of the scene, resting on a towel. The large pot with the glass lid is positioned behind the silver kettle. I am standing approximately 1 step away from the edge of the tea table."
b5631050dbf2,rgb,aligned_dataset/brew_tea_split/Seg1/rgb,qa_pairs/aligned/rgb_qa_results_aligned.json,text_recognition,8,"The digital display on the tea tray shows temperature readings: '100' in frame 000180, '96' in frame 000600, '95' in frame 000690, '97' in frame 000750, '98' in frame 000840, and '99' in frame 000870. In the red basket, one white container has the word 'KEEP' (frame 000180) and another container nearby has the word 'LOVE' (frame 000210). There are Chinese characters etched in gold on the black tea tray."
cff679e4732e,rgb,aligned_dataset/brew_tea_split/Seg1/rgb,qa_pairs/aligned/rgb_qa_results_aligned.json,light_change,8,"The video transitions from total darkness to a well-lit indoor environment. The light levels remain consistent once the lights are turned on, with no significant changes in intensity or direction. The metallic objects maintain their bright reflections throughout the well-lit portion of the sequence."
e46dc25fd199,rgb,aligned_dataset/brew_tea_split/Seg1/rgb,qa_pairs/aligned/rgb_qa_results_aligned.json,scene_sequence,10,"The video starts with a completely dark screen for the first 150 frames. Then, the scene brightens to reveal a tea table setup. The sequence begins with a static shot of the tea tray and surrounding objects. Around frame 000420, a hand enters the frame from the right to manipulate the silver kettle. The camera remains mostly stationary, focused on the tea preparation area, showing the cup, sugarcane, and the basket in the background throughout the rest of the video."
e82376c4b1ed,rgb,aligned_dataset/brew_tea_split/Seg1/rgb,qa_pairs/aligned/rgb_qa_results_aligned.json,dynamic_recognition,1,"The right hand appears at frame 000420 and starts moving the silver kettle. It stops moving the kettle around frame 000570, then reappears to adjust it again later. No other dynamic changes occur."
2809cc0d9900,rgb,aligned_dataset/check_mailbox_split/Seg1/check_mailbox_rgb,qa_pairs/aligned/rgb_qa_results_aligned.json,counting,1,"There is 1 shoe rack against the wall. I can identify at least 4 pairs of shoes on or near the rack. There is 1 wooden dresser. On the dresser, there is 1 red spray bottle and 2 white bottles. There is 1 room number sign containing 3 distinct numbers."
315a0973e8c7,rgb,aligned_dataset/check_mailbox_split/Seg1/check_mailbox_rgb,qa_pairs/aligned/rgb_qa_results_aligned.json,action,1,"I am initially drawing or interacting with a lit screen. Then, I transition to walking through a hallway to navigate the living space, stopping briefly to inspect shoes and bottles on a dresser before reaching the room identification sign."
51010cd0ddaf,rgb,aligned_dataset/check_mailbox_split/Seg1/check_mailbox_rgb,qa_pairs/aligned/rgb_qa_results_aligned.json,light_change,1,"The video begins with high contrast between a bright screen and a dark room. Upon moving into the hallway, the scene becomes almost entirely dark. Later, as the camera nears the window and doors, slight changes in ambient brightness occur due to external light sources."
56a3d5a28e35,rgb,aligned_dataset/check_mailbox_split/Seg1/check_mailbox_rgb,qa_pairs/aligned/rgb_qa_results_aligned.json,object_recognition,1,"In these dark frames, a person is seen in a dark room with a brightly lit screen or tablet. Moving into a dark hallway, several objects are discernible: a shoe rack with multiple pairs of sneakers, a wooden dresser topped with various items including a red spray bottle and white containers, and white doors with metallic handles. At the end of the hallway, a dark wall displays a white room number sign with text."
abd76485f018,rgb,aligned_dataset/check_mailbox_split/Seg1/check_mailbox_rgb,qa_pairs/aligned/rgb_qa_results_aligned.json,dynamic_counting,1,"My hands are the only moving objects visible, occasionally entering the frame to adjust the camera or interact with the surroundings. No other people, animals, or moving vehicles are present in these dark hallway frames."
b08e6d35e99f,rgb,aligned_dataset/check_mailbox_split/Seg1/check_mailbox_rgb,qa_pairs/aligned/rgb_qa_results_aligned.json,spatial_reasoning,1,"The shoe rack is positioned against the wall on the right side of the hallway. To its left, a grey floor mat holds a pair of black shoes. The wooden dresser is located further down the hallway on the left side. A room number sign is fixed to the dark door at the end of the corridor. It's about 4 steps from the shoes to the dresser."
b7f818907c9e,rgb,aligned_dataset/check_mailbox_split/Seg1/check_mailbox_rgb,qa_pairs/aligned/rgb_qa_results_aligned.json,dynamic_recognition,1,"My hand reaches down to adjust a shoe at frame 750 and finishes at frame 780. The camera is in constant motion, panning through the hallway from start to finish."
bca471951f06,rgb,aligned_dataset/check_mailbox_split/Seg1/check_mailbox_rgb,qa_pairs/aligned/rgb_qa_results_aligned.json,non_common,1,"The hallway layout is standard. The shoes are placed somewhat haphazardly on the floor mat, and the dresser top is slightly cluttered with various bottles. There are no physics-defying objects or unrealistic mesh clipping seen in the footage."
c66c1545e759,rgb,aligned_dataset/check_mailbox_split/Seg1/check_mailbox_rgb,qa_pairs/aligned/rgb_qa_results_aligned.json,scene_sequence,1,"The sequence starts in a dark workspace with a lit tablet, then transitions into a hallway. I first pass a shoe rack and mat on the right, followed by a wooden dresser with cleaning supplies on the left. The camera then moves past a set of white doors, ending at a dark door labeled with room numbers."
ca56aca9a00c,rgb,aligned_dataset/check_mailbox_split/Seg1/check_mailbox_rgb,qa_pairs/aligned/rgb_qa_results_aligned.json,light_recognition,1,"The initial light source is the glow from a digital screen in a pitch-black room. As the camera moves into the hallway, very faint ambient light is visible, possibly from under door cracks. There is no direct overhead lighting in the hallway during these frames."
cf1fa627330e,rgb,aligned_dataset/check_mailbox_split/Seg1/check_mailbox_rgb,qa_pairs/aligned/rgb_qa_results_aligned.json,navigation,1,"Start in the room, move forward into the hallway. Turn right and walk about 3 steps to reach the shoes. Continue straight for 5 steps to reach the dresser on the left. Turn right slightly to face the room numbers at the end of the hall."
d1eb00d74f91,rgb,aligned_dataset/check_mailbox_split/Seg1/check_mailbox_rgb,qa_pairs/aligned/rgb_qa_results_aligned.json,text_recognition,1,"In frames 810 to 870, a sign is visible on a dark surface. The text reads 'N° 1'233 | 1'234 | 1'235'. The 'N°' likely stands for 'Number', and the numbers represent room or apartment identifiers. The vertical bars separate different units accessible through that door."
1afde836cc85,rgb,aligned_dataset/check_mailbox_split/Seg2/check_mailbox_rgb,qa_pairs/aligned/rgb_qa_results_aligned.json,navigation,10,"Starting in the corridor, move straight forward for about 10 steps. Pass the room numbers on the right. Continue forward past the exit sign overhead. At the end of the walkway, turn left 90 degrees to face the metal stairs. Step onto the landing and descend the first flight of approximately 15 steps. Turn 180 degrees on the landing and descend the second flight of stairs to reach the ground level courtyard."
4db7adc6cd5e,rgb,aligned_dataset/check_mailbox_split/Seg2/check_mailbox_rgb,qa_pairs/aligned/rgb_qa_results_aligned.json,object_recognition,1,"In the night frames, the video depicts a subject walking down a dark, modern corridor with grey walls and a metal railing on the left. The corridor is lit by recessed linear fluorescent lights on the ceiling. A white room identifier, 'N° 1233 | 1'234 | 1'235', is seen on the right-hand wall. Further down, a green exit sign with a left-pointing arrow is visible. The corridor leads to an outdoor metal staircase with vertical slats for railings. The floor of the corridor and the stairs appear to be concrete or stone."
5affc649ad96,rgb,aligned_dataset/check_mailbox_split/Seg2/check_mailbox_rgb,qa_pairs/aligned/rgb_qa_results_aligned.json,light_change,8,"The lighting remains relatively consistent while walking down the corridor due to the evenly spaced ceiling lights. As the subject turns toward the stairs and moves away from the interior hallway, the light intensity from the indoor sources decreases. On the stairs, the environment is much darker, relying on distant ambient light or spillover from the corridor. The transition from the brightly lit hallway to the dark staircase creates a significant change in overall scene luminance."
6e84ebb7f398,rgb,aligned_dataset/check_mailbox_split/Seg2/check_mailbox_rgb,qa_pairs/aligned/rgb_qa_results_aligned.json,dynamic_counting,8,"The video is mostly static, with no other people, animals, or moving vehicles visible in either the NIGHT or DAY frames. The only movement is the subject's own progression through the environment. There are no dynamic objects such as moving elevators, swaying trees (significant enough to count as dynamic), or passing clouds identifiable."
72670a6517f7,rgb,aligned_dataset/check_mailbox_split/Seg2/check_mailbox_rgb,qa_pairs/aligned/rgb_qa_results_aligned.json,spatial_reasoning,1,"The subject is walking in a corridor with walls to the right and a metal railing to the left. The room numbers are located on the right wall, about 2 steps from the starting position. An exit sign is mounted on the ceiling ahead, roughly 8 steps away. The metal staircase is positioned at the end of the corridor, requiring a left turn after approximately 10 steps. As the subject descends, the main building structure remains to the right, while an open courtyard area with grass and benches is situated to the left and below."
b9021bddec1f,rgb,aligned_dataset/check_mailbox_split/Seg2/check_mailbox_rgb,qa_pairs/aligned/rgb_qa_results_aligned.json,counting,10,Several key objects are present: 1) Recessed ceiling lights (at least 6 visible). 2) Room numbers on the wall (3 distinct numbers). 3) One exit sign. 4) Metal railing posts (dozens along the corridor and stairs). 5) Concrete block benches in the courtyard (4-5 visible). 6) Windows on the building across the courtyard. 7) One orange trash bin at ground level. 8) Metal stair treads (approximately 20-30 per flight). 9) Doors along the corridor (at least 3). 10) Trees or large bushes in the courtyard (about 4).
c192c7d806cc,rgb,aligned_dataset/check_mailbox_split/Seg2/check_mailbox_rgb,qa_pairs/aligned/rgb_qa_results_aligned.json,text_recognition,8,"The video features room identification text and signage. At frame 000090, a blurry 'N° 1233' appears on the wall. Between frames 000180 and 000330, the full room directory 'N° 1233 | 1'234 | 1'235' is clearly visible in white sans-serif font on the dark grey wall. At frame 000450, a green rectangular emergency exit sign is shown on the ceiling, featuring a white running man figure and a left-pointing arrow, indicating the direction of egress via the stairs."
e09b55453018,rgb,aligned_dataset/check_mailbox_split/Seg2/check_mailbox_rgb,qa_pairs/aligned/rgb_qa_results_aligned.json,action,8,"The subject is performing a navigational task. They start by walking through a building corridor, likely searching for an exit or a path to the outside. Upon reaching the end of the corridor, they identify the stairs and begin descending them. The purpose of this action is to move from an upper level of the building to the ground level courtyard. The consequence is successful navigation from an interior space to an exterior public area."
f1569ad9ebd0,rgb,aligned_dataset/check_mailbox_split/Seg2/check_mailbox_rgb,qa_pairs/aligned/rgb_qa_results_aligned.json,scene_sequence,10,"The scene begins in a dimly lit indoor corridor with grey walls and ceiling lights. As the subject moves forward, they pass a wall with white room numbers. The corridor opens up to an outdoor area with a metal railing. An exit sign is passed overhead. The scene then transitions to an external metal staircase. The subject turns left and begins descending multiple flights of stairs, looking down into a courtyard with grass, paved paths, and an adjacent building with red and grey panels. The video ends at the bottom landing of the stairs."
f50e69b59644,rgb,aligned_dataset/check_mailbox_split/Seg2/check_mailbox_rgb,qa_pairs/aligned/rgb_qa_results_aligned.json,light_recognition,1,"The primary light sources in the night frames are linear fluorescent or LED strip lights recessed into the corridor ceiling. These lights cast a cool white glow downwards and onto the opposite walls. The emergency exit sign is backlit, providing a green light source. There is minimal ambient light from the courtyard, suggesting it is quite dark outside. Reflections of the ceiling lights can be seen on the grey walls and metal railing surfaces."
f9cfb4afcf23,rgb,aligned_dataset/check_mailbox_split/Seg2/check_mailbox_rgb,qa_pairs/aligned/rgb_qa_results_aligned.json,non_common,1,"The environment appears logically designed and realistic. There are no objects floating or clipping through meshes. The layout of the corridor, emergency exit, and external stairs is standard architectural practice for a dormitory or office building. One minor detail is that room numbers 1234 and 1235 are listed on the wall but no corresponding doors are explicitly seen nearby in the frames, though they likely exist further down the corridor."
fb9bf56de565,rgb,aligned_dataset/check_mailbox_split/Seg2/check_mailbox_rgb,qa_pairs/aligned/rgb_qa_results_aligned.json,dynamic_recognition,1,The only dynamic element is the subject's movement. Walking in the corridor starts at frame 000000 and continues to 000450. Turning toward the stairs occurs between 000480 and 000510. Descending the stairs begins at frame 000540 and continues through to the end of the video at frame 000870.
06150d42c76a,rgb,aligned_dataset/check_mailbox_split/Seg3/check_mailbox_rgb,qa_pairs/aligned/rgb_qa_results_aligned.json,counting,10,"In the lobby, there is 1 black sofa. On the sofa, there are 2 red cushions. There is 1 large notice board. The mailbox bank contains dozens of individual compartments, including at least 8 green ones and many grey ones. There is 1 red fire alarm or equipment box on the wall."
23fb6b8641b1,rgb,aligned_dataset/check_mailbox_split/Seg3/check_mailbox_rgb,qa_pairs/aligned/rgb_qa_results_aligned.json,dynamic_counting,8,"Between frame 630 and 720, a single person is visible through the glass windows, walking within the building's interior hallway as I approach. No other moving people or dynamic objects like cars are clearly visible in motion during the night sequence."
38f2b7029da4,rgb,aligned_dataset/check_mailbox_split/Seg3/check_mailbox_rgb,qa_pairs/aligned/rgb_qa_results_aligned.json,object_recognition,1,"The video displays a series of transition zones within and around a modern building. Initially, I am in a dark corridor with smooth grey walls and several linear ceiling lights. A green exit sign with a white pictogram of a person running is mounted above a door. The path leads to an external metal staircase with industrial-style railings. Beyond the stairs, a semi-enclosed walkway with large glass panes leads to a building entrance. Inside the lobby, there is a black fabric sofa with two bright red cushions. To the right, a large bank of mailboxes is installed, featuring a mix of grey and vibrant green doors. A notice board with various paper flyers is mounted on a white wall nearby."
3af220bccc90,rgb,aligned_dataset/check_mailbox_split/Seg3/check_mailbox_rgb,qa_pairs/aligned/rgb_qa_results_aligned.json,dynamic_recognition,1,"A person is observed walking in the hallway from frame 630 to frame 750, moving from the distance toward the area near the lobby entrance. No other significant dynamic interactions occur."
44fb9a12d840,rgb,aligned_dataset/check_mailbox_split/Seg3/check_mailbox_rgb,qa_pairs/aligned/rgb_qa_results_aligned.json,scene_sequence,10,"The sequence of environments includes a dark interior corridor, followed by an outdoor metal staircase, then a covered walkway alongside a glass-walled section of the building. This leads to a glass door entryway that opens into a brightly lit interior lobby containing a sofa, a notice board, and a large area for mailboxes."
612b8cac295b,rgb,aligned_dataset/check_mailbox_split/Seg3/check_mailbox_rgb,qa_pairs/aligned/rgb_qa_results_aligned.json,non_common,1,"In the outdoor walkway area (most visible in frames 690-780), the ceiling panels show significant damage, with large sections of the surface layer peeling away and hanging down. This suggests water damage or poor installation and is a safety concern. The rest of the layout appears standard for an apartment or office building."
734492914e94,rgb,aligned_dataset/check_mailbox_split/Seg3/check_mailbox_rgb,qa_pairs/aligned/rgb_qa_results_aligned.json,light_recognition,1,"The initial corridor is illuminated by recessed linear ceiling lights. The exit sign is self-illuminated, glowing green. The outdoor area is dark, relying on ambient light from the building. The interior lobby features multiple bright, rectangular strip lights flush-mounted to the ceiling, providing strong, even illumination across the white walls and tiled floor."
7592dde4ecd6,rgb,aligned_dataset/check_mailbox_split/Seg3/check_mailbox_rgb,qa_pairs/aligned/rgb_qa_results_aligned.json,action,8,"I am walking through a building complex at night. I navigate a corridor, walk down a set of external stairs, and proceed along an outdoor walkway to enter a lobby. The purpose seems to be checking mail, as I stop at the bank of mailboxes at the end. The action is continuous walking and steering."
7840b8a3815e,rgb,aligned_dataset/check_mailbox_split/Seg3/check_mailbox_rgb,qa_pairs/aligned/rgb_qa_results_aligned.json,light_change,8,"The video starts in a moderately lit hallway. Upon stepping onto the outdoor metal stairs, the light level drops significantly. As I move along the building walkway, more ceiling lights appear. Upon entering the lobby through the glass door, the environment becomes very bright due to numerous indoor ceiling fixtures."
b9b5be5cffa7,rgb,aligned_dataset/check_mailbox_split/Seg3/check_mailbox_rgb,qa_pairs/aligned/rgb_qa_results_aligned.json,navigation,10,"The path starts by walking straight down the corridor for 10 steps, through the door below the exit sign. Then, I turn right onto the metal stairs, walking down for about 12 steps. Turning left, I walk along the building exterior for 15 steps. Finally, I pass through a glass door on the right into the lobby and take 5 steps forward to reach the mailboxes."
bf4282f53021,rgb,aligned_dataset/check_mailbox_split/Seg3/check_mailbox_rgb,qa_pairs/aligned/rgb_qa_results_aligned.json,text_recognition,8,"At the beginning (frame 0), a green exit sign shows a running man pictogram. In the lobby (starting around frame 780), a notice board contains several flyers with illegible fine print but visible headers. On the bank of mailboxes (frame 810 to 870), individual units are marked with four-digit numbers including '1223', '1234', '1201', '1202', '1301', and '1302'. These numbers likely identify specific apartments or rooms. A red fire safety box on the wall in frames 750-780 contains German text likely saying 'Feuerwehr'."
ddd1156e868a,rgb,aligned_dataset/check_mailbox_split/Seg3/check_mailbox_rgb,qa_pairs/aligned/rgb_qa_results_aligned.json,spatial_reasoning,1,"The green exit sign is located on the ceiling directly above the door at the start of the video. The metal staircase is positioned adjacent to the building's exterior walkway. The black sofa is placed against the white interior wall, approximately 5 steps from the glass entrance door. The bank of mailboxes is mounted on the wall to the right of the sofa, about 8 steps from the entrance. The notice board is positioned on the wall just before the mailboxes."
08bdebdd6b9d,rgb,aligned_dataset/check_mailbox_split/Seg4/check_mailbox_rgb,qa_pairs/aligned/rgb_qa_results_aligned.json,scene_sequence,10,"The sequence begins in the dark interior foyer of a building. I walk past a red fire alarm box on the wall. Then, I approach a large area filled with mailboxes. After checking the mailboxes, I move toward a glass exit door. I use a key on a lock near the door. Finally, I pass through the door into a well-lit outdoor corridor with grey walls and a view of a courtyard."
09958fdeb204,rgb,aligned_dataset/check_mailbox_split/Seg4/check_mailbox_rgb,qa_pairs/aligned/rgb_qa_results_aligned.json,counting,10,"I identify several objects: mailboxes (over 20), glass doors (2), a red fire alarm box (1), a white pillar (1), name tags on mailboxes (4 visible), a red car outside (1), overhead light strips (6), a lock cylinder (1), a grey door (1), and floor mats (1)."
216b8963a37a,rgb,aligned_dataset/check_mailbox_split/Seg4/check_mailbox_rgb,qa_pairs/aligned/rgb_qa_results_aligned.json,dynamic_counting,8,A man wearing a pink t-shirt and dark pants walks through the outdoor corridor starting around frame 000450 and stops near frame 000870. Another man in a black shirt appears briefly in a doorway around frame 000720.
57d72cdac38b,rgb,aligned_dataset/check_mailbox_split/Seg4/check_mailbox_rgb,qa_pairs/aligned/rgb_qa_results_aligned.json,navigation,10,"I start by moving forward for about 5 steps. I turn slightly left to view the mailboxes (2 steps). Then, I turn right and walk forward for 6 steps towards the exit door. I stop to use the key. After opening the door, I walk straight for 10 steps down the outdoor corridor."
6c02cc031777,rgb,aligned_dataset/check_mailbox_split/Seg4/check_mailbox_rgb,qa_pairs/aligned/rgb_qa_results_aligned.json,non_common,1,"The mailbox bank appears to be floating slightly above the floor in the dark frames due to shadows, but in daylight, it is clearly wall-mounted. The red fire alarm box is placed very high on the wall, which might be inconvenient for access. There is some minor texture popping on the grey wall panels in the outdoor corridor as the camera moves."
7567b1ec330c,rgb,aligned_dataset/check_mailbox_split/Seg4/check_mailbox_rgb,qa_pairs/aligned/rgb_qa_results_aligned.json,action,8,"I walk through the entrance hall, examining the surroundings. I stop at the mailboxes to check the numbers. Then, I reach for a set of keys and insert one into a lock cylinder on the door frame to unlock or buzz a door. The consequence is that access to the building or a specific area is granted."
92888c1e6c18,rgb,aligned_dataset/check_mailbox_split/Seg4/check_mailbox_rgb,qa_pairs/aligned/rgb_qa_results_aligned.json,light_recognition,1,"The primary light source is overhead linear fluorescent or LED strip lights in the ceiling, casting light downwards. There is also a green illuminated exit sign above the door providing a soft glow. Daylight enters through the glass doors from the outside courtyard."
93973b1cf99d,rgb,aligned_dataset/check_mailbox_split/Seg4/check_mailbox_rgb,qa_pairs/aligned/rgb_qa_results_aligned.json,light_change,8,"Initially, the scene is very dark with only small light sources visible. As I move towards the mailboxes, the overhead lights provide more illumination. When I approach the glass door, it gets brighter due to natural light from outside. After opening the door and stepping into the corridor, the scene transitions to full daylight, significantly increasing the overall brightness."
a0130c83de49,rgb,aligned_dataset/check_mailbox_split/Seg4/check_mailbox_rgb,qa_pairs/aligned/rgb_qa_results_aligned.json,text_recognition,8,"In frame 000570, mailbox numbers 1'223, 1'224, and 1'235 are visible. In frame 000600, name tags like 'R. Festa' and 'S. Hollemann' are seen on the green mailboxes. In frame 000780, a sign on a grey door reads 'Müllraum', which indicates a garbage room. In frame 000840, a key tag clearly shows the word 'HALLELUJA' in black capital letters. Frame 000870 shows mailboxes starting from 1'004 to 1'010 on the right side of the hallway."
cd3cf1dcbd34,rgb,aligned_dataset/check_mailbox_split/Seg4/check_mailbox_rgb,qa_pairs/aligned/rgb_qa_results_aligned.json,object_recognition,1,"The video starts in a very dark building entrance. As the camera moves, a green illuminated emergency exit sign becomes visible above a glass door. On a nearby wall, a red rectangular box, likely a fire alarm panel, is identified. Further inside, there is a large bank of mailboxes with grey and green lockers. The texture of the walls appears to be smooth grey panels, and the flooring is made of large, dark tiles. Outside the glass doors, a paved walkway and some sparse vegetation can be seen."
def3ed869dae,rgb,aligned_dataset/check_mailbox_split/Seg4/check_mailbox_rgb,qa_pairs/aligned/rgb_qa_results_aligned.json,spatial_reasoning,1,"The red fire alarm box is mounted on the wall to the right of the main entrance door (about 2 steps). The green mailboxes are situated to the left of the grey mailboxes (0 steps, adjacent). A white circular pillar stands about 3 steps in front of the mailbox bank. A red car is parked outside, approximately 10 steps away from the glass exit door. The key is positioned directly in front of the lock cylinder on the door frame."
f8b77da6455b,rgb,aligned_dataset/check_mailbox_split/Seg4/check_mailbox_rgb,qa_pairs/aligned/rgb_qa_results_aligned.json,dynamic_recognition,1,A man in a pink shirt enters the frame from the right at frame 000450 and walks away down the hallway until frame 000870. A man in a black shirt appears in a doorway on the left at frame 000720 and remains there until frame 000810.
023f0bc734f5,rgb,aligned_dataset/check_mailbox_split/Seg5/check_mailbox_rgb,qa_pairs/aligned/rgb_qa_results_aligned.json,navigation,1,"To navigate this area, I move forward through the door, continue straight along the walkway for about 10 steps, turn right to reach the base of the stairs, climb approximately 20 steps, and then continue forward along the upper hallway."
14e1d2551602,rgb,aligned_dataset/check_mailbox_split/Seg5/check_mailbox_rgb,qa_pairs/aligned/rgb_qa_results_aligned.json,non_common,1,The layout appears logical for a modern apartment or office complex. There are no obvious mesh clippings or floating objects. The metal grate stairs are a standard architectural choice for external fire escapes or access.
232d195e4e44,rgb,aligned_dataset/check_mailbox_split/Seg5/check_mailbox_rgb,qa_pairs/aligned/rgb_qa_results_aligned.json,light_change,1,"The lighting remains relatively constant as the subject moves from the indoor artificial light to the outdoor area with ceiling lights. There is no significant change like lights turning on or off, but the background courtyard is much darker than the immediate walkway."
5831acf51696,rgb,aligned_dataset/check_mailbox_split/Seg5/check_mailbox_rgb,qa_pairs/aligned/rgb_qa_results_aligned.json,light_recognition,1,The walkway is illuminated by rectangular LED light fixtures recessed into the ceiling. There are also lights visible from inside the building through the windows and some ambient light reflecting off the courtyard area.
76a8f0604204,rgb,aligned_dataset/check_mailbox_split/Seg5/check_mailbox_rgb,qa_pairs/aligned/rgb_qa_results_aligned.json,action,1,"I am walking through a building complex. I pass through a door (frames 0-90), walk along a corridor (frames 90-420), climb a metal staircase (frames 420-750), and finally walk down an upper hallway. The purpose is to move between different levels or sections of the building."
7cffb7507359,rgb,aligned_dataset/check_mailbox_split/Seg5/check_mailbox_rgb,qa_pairs/aligned/rgb_qa_results_aligned.json,dynamic_recognition,1,No dynamic objects or humans appear in the video other than the movement of the camera itself. The scene is static throughout the duration from frame 000000 to 000870.
9036847c2e55,rgb,aligned_dataset/check_mailbox_split/Seg5/check_mailbox_rgb,qa_pairs/aligned/rgb_qa_results_aligned.json,dynamic_counting,1,"During the entire sequence, there are no other moving people, vehicles, or animals. The only movement is the camera's perspective as I walk and climb."
af571290249c,rgb,aligned_dataset/check_mailbox_split/Seg5/check_mailbox_rgb,qa_pairs/aligned/rgb_qa_results_aligned.json,spatial_reasoning,1,"Inside the building, a red cabinet is mounted on the wall to the left of the glass door. Outside, a metal railing is situated on the right side of the staircase as I ascend. The courtyard is positioned between my current building and the red-and-grey building. I am approximately 5 steps away from the first step of the metal stairs at frame 420."
b576f281d00b,rgb,aligned_dataset/check_mailbox_split/Seg5/check_mailbox_rgb,qa_pairs/aligned/rgb_qa_results_aligned.json,object_recognition,1,"The video starts in a hallway with a glass door and a red fire extinguisher cabinet on a white wall. As I move outside, there is a covered walkway with a concrete ceiling and grey walls. A metal staircase with grated steps and railings is prominent. In the background, a large modern building with a facade of red, grey, and glass panels is visible across a courtyard with grass, small trees, and rectangular benches."
cc1c7ed1c870,rgb,aligned_dataset/check_mailbox_split/Seg5/check_mailbox_rgb,qa_pairs/aligned/rgb_qa_results_aligned.json,counting,1,"I can identify several objects: 1 red fire cabinet, 1 metal staircase, approximately 2 rectangular benches in the courtyard, 4 floors on the building across, and at least 5 glass panels in the door at the start."
e3fdf5609192,rgb,aligned_dataset/check_mailbox_split/Seg5/check_mailbox_rgb,qa_pairs/aligned/rgb_qa_results_aligned.json,text_recognition,1,"In frame 000090, a red cabinet on the wall likely contains text related to fire safety. In frame 000870, as I reach the top of the stairs and walk down the hallway, there is text on the dark door on the left, possibly a room number like 142. These are used for identification and safety information."
f38d21821f3b,rgb,aligned_dataset/check_mailbox_split/Seg5/check_mailbox_rgb,qa_pairs/aligned/rgb_qa_results_aligned.json,scene_sequence,1,"The sequence starts in an indoor hallway, passes through a glass door into an outdoor covered walkway. From there, I transition to climbing a metal external staircase. Finally, I walk along an upper-level outdoor hallway overlooking a courtyard and another building."
06cc4bddd2f5,rgb,aligned_dataset/check_mailbox_split/Seg6/check_mailbox_rgb,qa_pairs/aligned/rgb_qa_results_aligned.json,counting,10,"During the sequence, I identify 1 metal staircase at the start. In the hallway, there is 1 green exit sign and at least 5 distinct grey doors. Inside the final room, I can count 1 white rectangular table, 4 white chairs, 1 black sofa, 1 ironing board, and approximately 4 pairs of shoes in the foyer area. One green jacket is hanging on the wall."
2d28f1295477,rgb,aligned_dataset/check_mailbox_split/Seg6/check_mailbox_rgb,qa_pairs/aligned/rgb_qa_results_aligned.json,non_common,1,"The layout of the hallway and the apartment interior appears standard and logical. However, the placement of the ironing board very close to the dining table in the living area could be seen as an unconventional use of space or a minor hazard in a small apartment. No unrealistic simulator artifacts like floating objects or mesh clipping are observed."
5a57c7bf163b,rgb,aligned_dataset/check_mailbox_split/Seg6/check_mailbox_rgb,qa_pairs/aligned/rgb_qa_results_aligned.json,text_recognition,8,"In frame 180, a green exit sign is visible on the hallway ceiling, depicting a running figure and a door, used for emergency guidance. Between frames 690 and 750, a grey door or wall panel clearly displays the text 'N° 1'233 | 1'234 | 1'235', which likely identifies apartment or suite numbers. Inside the apartment, around frame 840, black slides on the floor have the white text 'SENT' printed on the straps, possibly representing a brand name. In frame 870, the number '237' is visible on the top corner of a door frame."
70dbd1b208e7,rgb,aligned_dataset/check_mailbox_split/Seg6/check_mailbox_rgb,qa_pairs/aligned/rgb_qa_results_aligned.json,dynamic_recognition,1,No dynamic objects or humans are present in the video besides the movement of the camera itself. All doors remain in their final state (either open or closed) throughout the duration they are visible.
738ce64922d2,rgb,aligned_dataset/check_mailbox_split/Seg6/check_mailbox_rgb,qa_pairs/aligned/rgb_qa_results_aligned.json,spatial_reasoning,1,"In the initial frames, the metal stairs are directly underfoot. As the sequence progresses, a green exit sign appears on the ceiling approximately 3 steps ahead at frame 180. A grey door is positioned on the right wall of the hallway at frame 390. After entering the apartment at frame 780, a shoe rack is located on the floor to the right of the entrance. A white table is situated in the center of the living area, about 6 steps from the entrance door, with chairs arranged around it. An ironing board is placed against the wall to the left of the table."
85beebcdafc6,rgb,aligned_dataset/check_mailbox_split/Seg6/check_mailbox_rgb,qa_pairs/aligned/rgb_qa_results_aligned.json,light_recognition,1,"The outdoor staircase area is dimly lit by sparse overhead fixtures. Upon entering the indoor hallway, the lighting shifts to bright, rectangular fluorescent fixtures mounted in pairs on the ceiling, casting a cold white light. Inside the apartment, the lighting is a combination of warm ambient interior lights and natural light coming through a large window in the living area."
94042bb5779d,rgb,aligned_dataset/check_mailbox_split/Seg6/check_mailbox_rgb,qa_pairs/aligned/rgb_qa_results_aligned.json,object_recognition,1,"The video displays a sequence of images beginning with an outdoor scene of climbing a set of metal stairs with diamond plate treads and metal railings. Upon reaching the top, there is a walkway leading to a building entrance. Inside, a well-lit hallway features multiple grey doors with minimalist handles and numerous rectangular fluorescent ceiling lights. There is a green exit sign hanging from the ceiling. Toward the end of the hallway, a door with printed white numbers is approached and entered. The final scene is the interior of a room, which includes a foyer with a shoe rack containing several pairs of shoes, including black slides, blue sneakers, and dark boots. A green jacket hangs on the wall. The living area beyond contains a white rectangular table with white chairs, a black sofa, a large window with thin curtains, and an ironing board standing near the wall."
991bc9487bf6,rgb,aligned_dataset/check_mailbox_split/Seg6/check_mailbox_rgb,qa_pairs/aligned/rgb_qa_results_aligned.json,light_change,8,"The video begins in a low-light outdoor setting on the stairs. At frame 300, as I enter the building, there is a sharp increase in brightness due to the hallway's fluorescent lighting. The lighting remains consistently bright through the corridors. Upon entering the apartment at frame 780, the lighting shifts to a slightly warmer interior glow, supplemented by daylight from a window."
a568abfb8610,rgb,aligned_dataset/check_mailbox_split/Seg6/check_mailbox_rgb,qa_pairs/aligned/rgb_qa_results_aligned.json,dynamic_counting,8,"The video contains no dynamic objects or humans moving independently of the camera subject. All identifiable objects like the stairs, doors, signs, table, and shoes are stationary."
ad6e8561aacc,rgb,aligned_dataset/check_mailbox_split/Seg6/check_mailbox_rgb,qa_pairs/aligned/rgb_qa_results_aligned.json,action,8,"I begin by climbing a set of external metal stairs, presumably to reach an upper floor. I then walk along a balcony and enter an apartment building through a doorway. I navigate through an indoor hallway, passing several doors, with the purpose of reaching a specific residence. Finally, I arrive at a door labeled with room numbers, enter it, and step into the foyer and living area of an apartment."
cd2717b409c5,rgb,aligned_dataset/check_mailbox_split/Seg6/check_mailbox_rgb,qa_pairs/aligned/rgb_qa_results_aligned.json,navigation,10,"Starting at the bottom of the metal stairs, climb up approximately 15 steps. Turn left and walk about 5 steps along the balcony. Enter the doorway into the indoor hallway. Walk straight for 10 steps, then turn right at the corner. Continue straight for another 12 steps until reaching the target door on the right with numbers. Enter the room."
d415d0175a6b,rgb,aligned_dataset/check_mailbox_split/Seg6/check_mailbox_rgb,qa_pairs/aligned/rgb_qa_results_aligned.json,scene_sequence,10,"The video starts with climbing outdoor metal stairs, followed by walking along an open-air balcony or corridor with railings. Then, it transitions through a door into an indoor hallway lined with grey doors and ceiling lights. The subject walks past several rooms until reaching a door with room numbers. The final scene shows the entry into a small apartment foyer that opens into a living space with a table, chairs, and ironing board."
1e8fb1cdab3e,rgb,aligned_dataset/cut_carrot_split/Seg1/cut_carrot_rgb,qa_pairs/aligned/rgb_qa_results_aligned.json,scene_sequence,10,"The video begins with the prep area ready. I pick up the carrot and the peeler. From frame 000090 onwards, I perform a sequence of peeling strokes, moving from the top of the carrot towards the bottom, letting the peels fall into the white bowl. I repeat this several times, rotating the carrot slightly between strokes. The laptop and cooktop remain unused throughout the sequence."
23b59acdd59b,rgb,aligned_dataset/cut_carrot_split/Seg1/cut_carrot_rgb,qa_pairs/aligned/rgb_qa_results_aligned.json,spatial_reasoning,1,"The orange carrot is placed centrally on the white cutting board, which is directly in front of me at zero steps. The white bowl is positioned to the right of the cutting board. The chef's knife is situated on the counter to the right of the carrot. A laptop sits to the far left, while the cooktop is located between the laptop and the cutting board. A power strip is mounted on the wall to the right of the bowl."
29fbfe4ca619,rgb,aligned_dataset/cut_carrot_split/Seg1/cut_carrot_rgb,qa_pairs/aligned/rgb_qa_results_aligned.json,object_recognition,1,"The video shows a kitchen countertop made of stainless steel. On the counter is a white rectangular cutting board holding a single orange carrot. To the right of the board is a white bowl. A large chef's knife with a silver blade and a textured handle lies to the right of the carrot. To the left of the prep area is an open laptop, and behind it is a black induction cooktop. I am using a black peeler with the brand name 'VICTORINOX' on the handle."
2e1e4ac9053f,rgb,aligned_dataset/cut_carrot_split/Seg1/cut_carrot_rgb,qa_pairs/aligned/rgb_qa_results_aligned.json,light_change,8,"The light level is steady throughout the entire video. There are no changes in brightness, no flickering, and no lights turning on or off. The only dynamic lighting element is the movement of shadows created as I manipulate the carrot and the peeler over the prep area."
32b1c5fb8fd6,rgb,aligned_dataset/cut_carrot_split/Seg1/cut_carrot_rgb,qa_pairs/aligned/rgb_qa_results_aligned.json,action,8,"I am performing the action of peeling a carrot. I hold the carrot steady with my left hand and use my right hand to draw the peeler down its length. This action removes thin layers of the outer skin, preparing the vegetable for cooking. The discarded skins collect in the bowl below."
37fb2b722fa1,rgb,aligned_dataset/cut_carrot_split/Seg1/cut_carrot_rgb,qa_pairs/aligned/rgb_qa_results_aligned.json,dynamic_recognition,1,The peeling action starts around frame 000090 when the peeler first makes contact with the carrot. The motion is a repeated downward stroke ending at the end of the video at frame 000870. The carrot is held over the bowl so that strips fall directly into it.
67ffcde045d4,rgb,aligned_dataset/cut_carrot_split/Seg1/cut_carrot_rgb,qa_pairs/aligned/rgb_qa_results_aligned.json,non_common,1,"The kitchen setup is completely logical. The cutting board is properly placed on the counter for prep, the bowl is nearby for waste, and the tools are at hand. There are no signs of floating objects, clipping, or other unrealistic phenomena in the video."
886de8eb0962,rgb,aligned_dataset/cut_carrot_split/Seg1/cut_carrot_rgb,qa_pairs/aligned/rgb_qa_results_aligned.json,text_recognition,8,"In frame 000000, the brand 'VICTORINOX' is clearly visible on the black handle of the peeler. An 'Intel' sticker with the word 'core' underneath is seen on the bottom left corner of the laptop's keyboard area in most frames. No legible text is found on the bowl, knife, or wall-mounted power strip."
a2127189d9b9,rgb,aligned_dataset/cut_carrot_split/Seg1/cut_carrot_rgb,qa_pairs/aligned/rgb_qa_results_aligned.json,dynamic_counting,8,"The main dynamic objects are the carrot and the peeler, which move together during the peeling process. Numerous carrot peels fall dynamically into the bowl. No other moving objects, such as cars or other people, are present in the environment during the video."
b37441e7c34e,rgb,aligned_dataset/cut_carrot_split/Seg1/cut_carrot_rgb,qa_pairs/aligned/rgb_qa_results_aligned.json,navigation,10,I am stationary at the kitchen counter. Accessing the laptop requires reaching left. Reaching the bowl requires moving right and forward. The cooktop is slightly left and forward. The power strip is further right. All objects are within immediate reach from my current position.
edac4beae16a,rgb,aligned_dataset/cut_carrot_split/Seg1/cut_carrot_rgb,qa_pairs/aligned/rgb_qa_results_aligned.json,counting,10,"In the video, there is 1 orange carrot, 1 black peeler, 1 large chef's knife, 1 white bowl, 1 white cutting board, and 1 laptop. The power strip on the wall features 4 circular outlets. My 2 hands are active. I can see 1 circular heating element outline on the cooktop."
f4fddf462118,rgb,aligned_dataset/cut_carrot_split/Seg1/cut_carrot_rgb,qa_pairs/aligned/rgb_qa_results_aligned.json,light_recognition,1,"The scene is illuminated by a consistent overhead light source. This creates bright highlights on the stainless steel surface and the polished blade of the knife. It also casts soft, distinct shadows of my hands and the carrot onto the white cutting board and into the white bowl."
0537b9e1f110,rgb,aligned_dataset/cut_carrot_split/Seg2/cut_carrot_rgb,qa_pairs/aligned/rgb_qa_results_aligned.json,non_common,1,"The kitchen layout is logical and follows common sense. The cutting board and bowl are on the counter, and the knife and peeler are placed correctly for use. There are no unrealistic effects like objects floating or mesh clipping. The only potential layout concern is the close proximity of the power strip to the prep area where moisture from the carrot could reach it."
197d70191c63,rgb,aligned_dataset/cut_carrot_split/Seg2/cut_carrot_rgb,qa_pairs/aligned/rgb_qa_results_aligned.json,light_change,8,"Throughout the video, the lighting conditions remain stable and consistent. There are no sudden changes in brightness or color. The light source does not move relative to the subject, and there are no external light changes like headlights or room lights switching on or off. The shadows move only in response to my hand movements."
4d139090a23a,rgb,aligned_dataset/cut_carrot_split/Seg2/cut_carrot_rgb,qa_pairs/aligned/rgb_qa_results_aligned.json,scene_sequence,10,"The video starts with the scene of a carrot being peeled over a white bowl on a kitchen counter. After the peeling is completed, the focus shifts to the cutting board where the peeled carrot is placed. The knife is then picked up, and the carrot is sliced into several segments. The sequence concludes with pieces of sliced carrot on the board and peels in the bowl, while the camera remains stationary at the workspace."
51780d4e6b6e,rgb,aligned_dataset/cut_carrot_split/Seg2/cut_carrot_rgb,qa_pairs/aligned/rgb_qa_results_aligned.json,light_recognition,1,"The workspace is illuminated by a primary overhead light source, which casts soft shadows from my hands and tools onto the metallic countertop and white cutting board. The light is a neutral white color and provides clear visibility of the objects. The reflection of the light can be seen on the silver surface of the knife and the metallic counter."
5a5f108cfefb,rgb,aligned_dataset/cut_carrot_split/Seg2/cut_carrot_rgb,qa_pairs/aligned/rgb_qa_results_aligned.json,text_recognition,8,"In frame 000720 of the day sequence, the word 'VICTORINOX' is clearly visible engraved on the handle of the black peeler lying on the counter. This text identifies the brand of the kitchen tool. Below it, the words 'SWISS MADE' can be discerned, indicating the country of manufacture. In some frames, small technical icons may be visible on the black induction cooktop, used for indicating burner positions or heat levels."
90c44ef2b26a,rgb,aligned_dataset/cut_carrot_split/Seg2/cut_carrot_rgb,qa_pairs/aligned/rgb_qa_results_aligned.json,counting,10,"The video contains several distinct items: 1 orange carrot, 1 white bowl, 1 white cutting board, 1 silver knife, 1 black peeler, and 1 power strip with 4 socket outlets. During the slicing process, the single carrot is divided into approximately 4 main segments."
998cafdac3e4,rgb,aligned_dataset/cut_carrot_split/Seg2/cut_carrot_rgb,qa_pairs/aligned/rgb_qa_results_aligned.json,navigation,10,"The camera is fixed at a single location throughout the video, focusing on the countertop prep area. There is no navigation like turning left or right, and I do not take any steps away from the initial position. The stovetop is to the left, and the power outlet is to the right."
9ba51b825b2d,rgb,aligned_dataset/cut_carrot_split/Seg2/cut_carrot_rgb,qa_pairs/aligned/rgb_qa_results_aligned.json,spatial_reasoning,1,"The scene displays several spatial relationships: the white bowl is situated on the white cutting board; the orange carrot is positioned to the left of the bowl; the silver knife lies horizontally across the cutting board, near the bottom edge; and the power strip is located in the upper right background relative to the main workspace. I am standing directly in front of the counter, with 0 steps between me and the cutting board."
aa80dceffd0c,rgb,aligned_dataset/cut_carrot_split/Seg2/cut_carrot_rgb,qa_pairs/aligned/rgb_qa_results_aligned.json,object_recognition,1,"In this kitchen setting, the video frames show a metallic countertop. On the countertop, there is a white rectangular cutting board. A white bowl sits near the center, containing numerous thin, orange-colored strips of carrot peel. To the left of the bowl is a whole orange carrot. A silver-colored chef's knife with a textured metal handle is placed on the cutting board. In the background, a black glass induction cooktop is partially visible on the left, and a red wall provides a backdrop. A white power strip with four circular sockets is located in the top right corner. The overall scene depicts food preparation with standard culinary tools."
d3b6b670cd2e,rgb,aligned_dataset/cut_carrot_split/Seg2/cut_carrot_rgb,qa_pairs/aligned/rgb_qa_results_aligned.json,dynamic_recognition,1,The activity of peeling the carrot occurs from frame 000000 to frame 000300. The activity of slicing the carrot on the cutting board begins at frame 000360 and continues until the end of the video at frame 000870. The knife is actively moving through the carrot during the slicing frames.
e51f5171511b,rgb,aligned_dataset/cut_carrot_split/Seg2/cut_carrot_rgb,qa_pairs/aligned/rgb_qa_results_aligned.json,action,8,"I am preparing a carrot for cooking. First, I use a Y-shaped peeler to remove the outer skin, catching the peels in a white bowl. The purpose is to clean the vegetable. Next, I use a chef's knife to slice the peeled carrot into smaller pieces on a cutting board. The consequence of these actions is a cleaned and chopped carrot ready for use in a recipe."
f31d38db0131,rgb,aligned_dataset/cut_carrot_split/Seg2/cut_carrot_rgb,qa_pairs/aligned/rgb_qa_results_aligned.json,dynamic_counting,8,"The only dynamic objects in the scene are the carrot, the peeler, and the knife, all of which are being moved by my hands. There are no other people, animals, or moving objects like cars or opening doors within the frame."
34238611cc63,rgb,aligned_dataset/cut_carrot_split/Seg3/cut_carrot_rgb,qa_pairs/aligned/rgb_qa_results_aligned.json,action,8,I am peeling a carrot using a black peeler. I hold the carrot in my left hand and the peeler in my right. The purpose is to remove the outer skin for preparation. The consequence is a accumulation of peels in the bowl and a clean carrot surface.
432e366a8f7b,rgb,aligned_dataset/cut_carrot_split/Seg3/cut_carrot_rgb,qa_pairs/aligned/rgb_qa_results_aligned.json,light_recognition,1,"The scene is lit by overhead indoor kitchen lighting, creating a neutral white illumination. Shadows are cast directly beneath the objects on the counter, suggesting the light source is positioned high above the center of the workspace. The laptop screen is also active and provides a secondary soft light source."
46d1755993e0,rgb,aligned_dataset/cut_carrot_split/Seg3/cut_carrot_rgb,qa_pairs/aligned/rgb_qa_results_aligned.json,dynamic_counting,8,The only dynamic elements besides the subject are the carrot peels. Multiple thin orange strips are created and fall into the bowl between frame 000210 and the end of the video. No other objects or people are moving.
836a0991f9e6,rgb,aligned_dataset/cut_carrot_split/Seg3/cut_carrot_rgb,qa_pairs/aligned/rgb_qa_results_aligned.json,non_common,1,"The layout is logical for a kitchen setting. There are no floating objects, mesh clippings, or unrealistic physical behavior. The presence of a laptop on a kitchen counter near food prep is common in modern homes, although it carries a slight risk of liquid damage."
83bca2a65bab,rgb,aligned_dataset/cut_carrot_split/Seg3/cut_carrot_rgb,qa_pairs/aligned/rgb_qa_results_aligned.json,navigation,10,I am standing still in one location at the kitchen counter. No navigation actions like turning left or right or walking steps are performed during the clip. The workspace is directly in front of me.
925125f34732,rgb,aligned_dataset/cut_carrot_split/Seg3/cut_carrot_rgb,qa_pairs/aligned/rgb_qa_results_aligned.json,spatial_reasoning,1,The carrot is held in the left hand while the peeler is manipulated by the right hand. The white cutting board is centered on the metal counter. The laptop is placed immediately to the left of the cutting board. The chef's knife lies horizontally on the board to the right of the carrot. The white bowl is situated directly to the right of the cutting board. All these objects are approximately 0 steps away from me as I stand directly in front of the workspace.
9342a8c0a91b,rgb,aligned_dataset/cut_carrot_split/Seg3/cut_carrot_rgb,qa_pairs/aligned/rgb_qa_results_aligned.json,dynamic_recognition,1,Carrot peels are generated as I move the peeler. The action starts at frame 000210 and continues until the end of the video at frame 000870. The peels drop from the carrot directly into the white bowl. No other dynamic changes occur.
960eaa566cf8,rgb,aligned_dataset/cut_carrot_split/Seg3/cut_carrot_rgb,qa_pairs/aligned/rgb_qa_results_aligned.json,counting,10,"I can identify the following daily items: 1 carrot, 1 black peeler, 1 chef's knife, 1 white bowl, 1 cutting board, 1 laptop, and 1 power strip. There are also several carrot peels being created."
9a472fa48526,rgb,aligned_dataset/cut_carrot_split/Seg3/cut_carrot_rgb,qa_pairs/aligned/rgb_qa_results_aligned.json,scene_sequence,10,The sequence begins with a static view of the kitchen counter setup. I pick up the carrot and peeler. I move the peeler across the surface of the carrot. Carrot peels begin falling into the white bowl. This process repeats as I rotate the carrot. The bowl gradually fills with more orange peel strips over time.
bea39eee4505,rgb,aligned_dataset/cut_carrot_split/Seg3/cut_carrot_rgb,qa_pairs/aligned/rgb_qa_results_aligned.json,light_change,8,"The lighting intensity and source remain perfectly stable throughout the video sequence. There are no sudden changes in brightness, and no lights are toggled on or off while the carrot is being peeled."
bfeac393585b,rgb,aligned_dataset/cut_carrot_split/Seg3/cut_carrot_rgb,qa_pairs/aligned/rgb_qa_results_aligned.json,text_recognition,8,"In several frames, including frame 000000 of the day sequence, the brand name 'VICTORINOX' is clearly printed in white capital letters on the black handle of the peeler. On the bottom left corner of the laptop's palm rest, an 'intel' processor logo sticker is visible, likely indicating the internal hardware components."
d3b1798ba259,rgb,aligned_dataset/cut_carrot_split/Seg3/cut_carrot_rgb,qa_pairs/aligned/rgb_qa_results_aligned.json,object_recognition,1,"The frames depict a kitchen counter scene at night. A whole orange carrot with a rough texture is being held in a hand. A black plastic Y-shaped peeler is being used. A large silver chef's knife with a textured metallic handle rests on a white rectangular cutting board. An open dark gray laptop is positioned to the left. A white ceramic bowl is located to the right of the cutting board, catching orange carrot peels. A white power strip with multiple circular sockets is visible on the far right against a red wall."
0596f74a88be,rgb,aligned_dataset/cut_carrot_split/Seg4/cut_carrot_rgb,qa_pairs/aligned/rgb_qa_results_aligned.json,spatial_reasoning,1,"A white cutting board is centered on a grey metallic countertop. A large orange carrot lies on the cutting board, being sliced by a knife. A white bowl filled with carrot peels is located to the right of the cutting board. A black laptop sits to the left of the cutting board. A vegetable peeler is placed on the countertop to the right of the bowl. The subject is approximately 0 steps from the cutting board, as they are actively working on it."
27be0300a860,rgb,aligned_dataset/cut_carrot_split/Seg4/cut_carrot_rgb,qa_pairs/aligned/rgb_qa_results_aligned.json,scene_sequence,10,"The video begins in total darkness. Suddenly, the lights are turned on, revealing a kitchen setup. The subject starts with a whole carrot and begins slicing it. First, the carrot is halved, then sliced into planks, and finally julienned into thin strips. The strips accumulate on the cutting board while the knife moves rhythmically. The scene ends with a pile of carrot strips ready for cooking."
41a6b763de73,rgb,aligned_dataset/cut_carrot_split/Seg4/cut_carrot_rgb,qa_pairs/aligned/rgb_qa_results_aligned.json,text_recognition,8,"In the later frames (from frame 000600), a logo is visible on the bottom left of the black object to the left of the cutting board. The text identifies the brand 'Lenovo'. This is likely a laptop used for viewing a recipe or recording. The letters are small and printed in a light color against the black surface."
648815b8d430,rgb,aligned_dataset/cut_carrot_split/Seg4/cut_carrot_rgb,qa_pairs/aligned/rgb_qa_results_aligned.json,light_change,8,"The video features a dramatic transition from no light to full room light around frame 000600. Before this, the scene is completely dark. Once the light is switched on, the brightness remains constant, allowing all objects to be clearly identified without further flickering or change in intensity."
69a3f5f3ae94,rgb,aligned_dataset/cut_carrot_split/Seg4/cut_carrot_rgb,qa_pairs/aligned/rgb_qa_results_aligned.json,counting,10,"Throughout the video, I can identify several key kitchen items: one white cutting board, one chef's knife, one orange carrot being processed, one white ceramic bowl, one vegetable peeler, and one black laptop. There are also numerous carrot strips and peels which are too many to count accurately."
7e64a3a5ce5d,rgb,aligned_dataset/cut_carrot_split/Seg4/cut_carrot_rgb,qa_pairs/aligned/rgb_qa_results_aligned.json,action,8,"I am julienning a carrot. I hold the carrot steady with my left hand and use the knife in my right hand to make thin vertical cuts. The purpose is to prepare the vegetable for a dish like a salad or stir-fry. The consequence is the transformation of a solid carrot into thin, uniform strips."
ad5ff43310d2,rgb,aligned_dataset/cut_carrot_split/Seg4/cut_carrot_rgb,qa_pairs/aligned/rgb_qa_results_aligned.json,navigation,10,"The subject is stationary at a kitchen counter. To reach other areas: the stove is likely to the left, the sink is likely behind or to the right. Currently, the subject is facing forward toward the wall/backsplash. No walking or turning left/right actions are performed in the video sequence."
ba9427e8edd1,rgb,aligned_dataset/cut_carrot_split/Seg4/cut_carrot_rgb,qa_pairs/aligned/rgb_qa_results_aligned.json,dynamic_counting,8,The only movement in the video is from the subject's hands and the knife. The knife moves up and down rapidly to slice the carrot. Pieces of the carrot fall away from the main block as they are cut. There are no other moving people or independent objects in the scene.
d534053e7df3,rgb,aligned_dataset/cut_carrot_split/Seg4/cut_carrot_rgb,qa_pairs/aligned/rgb_qa_results_aligned.json,light_recognition,1,"The light source is an overhead kitchen light that provides bright, even illumination across the countertop once turned on. The light reflects off the metallic surface of the counter and the silver blade of the knife. The shadows are soft and directed downwards, suggesting a ceiling-mounted light fixture."
dbc3c630b5a3,rgb,aligned_dataset/cut_carrot_split/Seg4/cut_carrot_rgb,qa_pairs/aligned/rgb_qa_results_aligned.json,object_recognition,1,"The frames depict a kitchen scene where a person is julienning an orange carrot on a white plastic cutting board. The carrot is being sliced into thin, even strips. On the right, there is a white ceramic bowl containing orange carrot peels. The countertop is a grey metallic surface. To the far left, a portion of a black electronic device, likely a laptop, is visible. The knife used has a silver metal blade and a dark handle. The texture of the carrot is firm, while the board is slightly textured plastic."
de201c2d0c68,rgb,aligned_dataset/cut_carrot_split/Seg4/cut_carrot_rgb,qa_pairs/aligned/rgb_qa_results_aligned.json,dynamic_recognition,1,"The knife begins its dynamic motion of slicing at frame 000600 and continues until the end of the video. The carrot pieces move and separate from the main root as they are sliced, falling onto the board between frames 000600 and 000870. No other dynamic objects are present."
ef644cdb7b5f,rgb,aligned_dataset/cut_carrot_split/Seg4/cut_carrot_rgb,qa_pairs/aligned/rgb_qa_results_aligned.json,non_common,1,"The layout is logical for food preparation. There are no unrealistic physics or mesh issues. The only thing that could be considered unusual is the presence of a laptop so close to the cutting area, which risks getting food debris on the device."
0f17b60e2bc3,rgb,aligned_dataset/cut_potato_and_carrot_split/Seg1/cut_potato_and_carrot_rgb,qa_pairs/aligned/rgb_qa_results_aligned.json,light_change,8,"The video begins with high brightness from the fridge light, which sharply drops to near darkness when the fridge door is closed. As the subject moves through the kitchen, the light level increases due to the natural light from the window. Brightness dips again when the camera moves closer to the recessed shelves."
169dbe17439c,rgb,aligned_dataset/cut_potato_and_carrot_split/Seg1/cut_potato_and_carrot_rgb,qa_pairs/aligned/rgb_qa_results_aligned.json,scene_sequence,10,"The video starts with an investigation of the refrigerator's interior. After the door closes, the subject moves through the kitchen, passing a table with a rice cooker and a black sofa area. The subject then reaches a set of open shelves, picks up a yellow mesh bag, and proceeds to the main kitchen counter where appliances like the toaster and kettle are visible. Finally, the subject returns to and opens a refrigerator door."
1754878b6e40,rgb,aligned_dataset/cut_potato_and_carrot_split/Seg1/cut_potato_and_carrot_rgb,qa_pairs/aligned/rgb_qa_results_aligned.json,object_recognition,1,"In the initial frames, the camera looks inside a refrigerator filled with various items like bottles with blue and orange caps, jars with red lids, and food containers. Moving out, the kitchen features a white table holding a silver and black rice cooker, a black leather sofa with a blue backpack resting on it, and a window with several potted plants on its sill. The kitchen counter is equipped with a stainless steel kettle, a black toaster, and a silver microwave. Nearby white shelves store a blue bag of coffee branded 'Dallmayr Home Barista', an egg carton, and a red tomato."
2be5304a6a9e,rgb,aligned_dataset/cut_potato_and_carrot_split/Seg1/cut_potato_and_carrot_rgb,qa_pairs/aligned/rgb_qa_results_aligned.json,light_recognition,1,"The main light source at the beginning is the internal refrigerator light, which is bright and localized. Ambient daylight enters the room through a large window above the sofa, illuminating the kitchen. There are noticeable shadows within the storage shelves and under the kitchen counters."
36b97e1ecaf6,rgb,aligned_dataset/cut_potato_and_carrot_split/Seg1/cut_potato_and_carrot_rgb,qa_pairs/aligned/rgb_qa_results_aligned.json,action,8,"I begin by inspecting and shifting a bag in the fridge, likely looking for an item. I then close the door and walk to the shelves to retrieve a yellow mesh bag of onions or potatoes. I carry this to the kitchen counter, possibly preparing to cook, before opening another refrigerator door to find or store something else."
3f8587559428,rgb,aligned_dataset/cut_potato_and_carrot_split/Seg1/cut_potato_and_carrot_rgb,qa_pairs/aligned/rgb_qa_results_aligned.json,navigation,10,"Starting at the fridge, walk forward for 3 steps to pass the table. Turn slightly right to move past the sofa. Continue forward 4 steps to reach the shelving unit. After picking up an item, turn left and walk 2 steps to the kitchen counter. Finally, turn 180 degrees to head back toward the refrigerator."
4bf658d44be0,rgb,aligned_dataset/cut_potato_and_carrot_split/Seg1/cut_potato_and_carrot_rgb,qa_pairs/aligned/rgb_qa_results_aligned.json,spatial_reasoning,1,"The silver rice cooker is placed centrally on the white kitchen table. A black leather sofa is positioned directly below the windowsill where multiple potted plants are lined up. The kitchen counter has a kettle situated to the left of a toaster, and a microwave is further to the right. A tall white shelving unit stands across from the counter area. From the starting position at the fridge, the table is approximately 3 steps away, the sofa 4 steps, and the shelves about 6 steps."
689e6a6d4a01,rgb,aligned_dataset/cut_potato_and_carrot_split/Seg1/cut_potato_and_carrot_rgb,qa_pairs/aligned/rgb_qa_results_aligned.json,counting,10,"The video displays one refrigerator, one silver rice cooker on a table, one black leather sofa, one blue backpack, approximately five potted plants on a sill, one stainless steel kettle, one toaster, one microwave, one blue coffee bag, and one yellow mesh bag of produce."
914913ab873f,rgb,aligned_dataset/cut_potato_and_carrot_split/Seg1/cut_potato_and_carrot_rgb,qa_pairs/aligned/rgb_qa_results_aligned.json,dynamic_counting,8,"Aside from the movement of the camera and the subject's hand interacting with objects, there are no other dynamic elements. No other people, animals, or moving vehicles are visible in the scene."
b55f05f37d5a,rgb,aligned_dataset/cut_potato_and_carrot_split/Seg1/cut_potato_and_carrot_rgb,qa_pairs/aligned/rgb_qa_results_aligned.json,non_common,1,"The layout is largely standard, though having a large black leather sofa directly in the kitchen space is a bit non-traditional for a kitchen design. All objects appear to obey physical laws with no floating or mesh clipping observed."
e9385a9f610f,rgb,aligned_dataset/cut_potato_and_carrot_split/Seg1/cut_potato_and_carrot_rgb,qa_pairs/aligned/rgb_qa_results_aligned.json,text_recognition,8,"On a kitchen shelf (frame 000630), a blue bag features the text 'HOME BARISTA' and the brand 'Dallmayr', likely identifying it as coffee. A yellow mesh bag of produce has a white tag with '2,5kg' printed on it (frame 000720), indicating the weight of the contents. Inside the fridge at the start, various bottles have labels, though they are less distinct."
f0b892589c4a,rgb,aligned_dataset/cut_potato_and_carrot_split/Seg1/cut_potato_and_carrot_rgb,qa_pairs/aligned/rgb_qa_results_aligned.json,dynamic_recognition,8,"I move a plastic bag inside the fridge (frame 000000 to 000060). I then pick up a yellow mesh bag from the shelf (frame 000690 to 000750) and move it toward the counter. Finally, I open the refrigerator door at the end (frame 000840 to 000870)."
0f54f10d5df4,rgb,aligned_dataset/cut_potato_and_carrot_split/Seg2/cut_potato_and_carrot_rgb,qa_pairs/aligned/rgb_qa_results_aligned.json,light_change,8,"The lighting remains consistent throughout the video, though it is quite dim in the provided night frames. There are no instances of lights being switched on or off, and no external light sources like car headlights are observed. The shadows are static and do not change direction or intensity."
14626a15dde8,rgb,aligned_dataset/cut_potato_and_carrot_split/Seg2/cut_potato_and_carrot_rgb,qa_pairs/aligned/rgb_qa_results_aligned.json,light_recognition,1,"The light source appears to be an indoor overhead light. It casts a soft, even glow across the red wall and metallic surfaces of the toaster and sink. Reflections of the ceiling light can be seen on the black induction cooktop and the water in the sink."
307171fb5a2a,rgb,aligned_dataset/cut_potato_and_carrot_split/Seg2/cut_potato_and_carrot_rgb,qa_pairs/aligned/rgb_qa_results_aligned.json,dynamic_recognition,1,"The primary dynamic action is peeling a carrot, which begins around frame 630 and continues until the end of the video sequence at frame 870. The hands hold the orange carrot and a black peeler, scraping off the outer skin over the sink."
33546d47b14f,rgb,aligned_dataset/cut_potato_and_carrot_split/Seg2/cut_potato_and_carrot_rgb,qa_pairs/aligned/rgb_qa_results_aligned.json,dynamic_counting,8,There are no dynamic humans or animals in the video. The only moving objects are the carrot being held and the peeler being moved by my hands. Small orange carrot peelings fall into the sink as the action progresses.
3b7bfdff089c,rgb,aligned_dataset/cut_potato_and_carrot_split/Seg2/cut_potato_and_carrot_rgb,qa_pairs/aligned/rgb_qa_results_aligned.json,scene_sequence,10,"The sequence starts with a view of a kitchen counter featuring a toaster. I then pan left past a potato to show a black induction stovetop. The camera then moves right, skipping back across the counter towards the sink area. At the sink, I focus on the faucet, cleaning supplies, and dishcloths before picking up a carrot and starting to peel it."
428116dd81d7,rgb,aligned_dataset/cut_potato_and_carrot_split/Seg2/cut_potato_and_carrot_rgb,qa_pairs/aligned/rgb_qa_results_aligned.json,navigation,10,"The movement involves standing at the counter (0 steps), panning left towards the stove (0 steps), then turning right and moving towards the sink area (approximately 2 steps). The subject stays stationary at the sink while preparing the carrot."
67a419cbb7a1,rgb,aligned_dataset/cut_potato_and_carrot_split/Seg2/cut_potato_and_carrot_rgb,qa_pairs/aligned/rgb_qa_results_aligned.json,spatial_reasoning,1,"Within the dark environment, spatial relations are hard to determine precisely. A silver toaster is positioned to the right of a small potato on the counter, approximately 1 step away. The induction stove is located to the left of the potato, about 1 step away. A row of cleaning bottles is located behind the sink, roughly 2 steps from the initial toaster position. A dish rack is situated to the right of the sink, about 0.5 steps from the faucet. A pink cloth is hanging on the faucet itself, while a yellow cloth is draped over the edge of the dish rack."
6dd27bc12c30,rgb,aligned_dataset/cut_potato_and_carrot_split/Seg2/cut_potato_and_carrot_rgb,qa_pairs/aligned/rgb_qa_results_aligned.json,object_recognition,1,"In these extremely dark frames, identifying objects is very difficult due to poor visibility. However, one can faintly perceive a kitchen counter with a silver and black toaster on the right, a small round object likely being a potato in the center, and a black glass cooktop to the left. Further right, a stainless steel sink area is visible with several cleaning bottles, a dish rack, and colorful cloths like a pink one and a yellow one hanging nearby. The wall behind is a solid red color, and there are white electrical cords and a power strip visible on the counter."
8a8871ac9b4b,rgb,aligned_dataset/cut_potato_and_carrot_split/Seg2/cut_potato_and_carrot_rgb,qa_pairs/aligned/rgb_qa_results_aligned.json,non_common,1,"The layout of the kitchen is standard and follows common sense. Objects like the toaster, potato, and cleaning supplies are in logical locations. There are no unrealistic artifacts like floating objects or mesh clipping visible in the scene."
9b19f37daec6,rgb,aligned_dataset/cut_potato_and_carrot_split/Seg2/cut_potato_and_carrot_rgb,qa_pairs/aligned/rgb_qa_results_aligned.json,counting,10,"In this kitchen, there is 1 silver toaster, 1 potato, 1 induction cooktop with 4 heating zones, 3 bottles of cleaning detergent (one yellow 'Pril', one green, and one blue), 1 sink, 1 carrot, and 1 peeler. There are also 2 cloths visible (one pink, one yellow)."
c88ea1de154b,rgb,aligned_dataset/cut_potato_and_carrot_split/Seg2/cut_potato_and_carrot_rgb,qa_pairs/aligned/rgb_qa_results_aligned.json,action,8,"I am preparing a meal. I pick up a fresh orange carrot and a black peeler. I then stand over the kitchen sink and systematically peel the carrot. The purpose is to remove the outer skin for cooking or eating, with the consequence being a clean carrot and peelings left in the sink."
e2cf28eb739e,rgb,aligned_dataset/cut_potato_and_carrot_split/Seg2/cut_potato_and_carrot_rgb,qa_pairs/aligned/rgb_qa_results_aligned.json,text_recognition,8,"Due to the low light, text is nearly impossible to read. Based on the environment, the yellow detergent bottle likely has labels. In frame 750, the text 'Pril' is identified on a bottle, likely used for dishwashing. Other bottles near the sink may have brand names or instructions that are obscured. The induction stove (frames 60-150) may have small text or symbols for the heating controls."
0fa20934dd13,rgb,aligned_dataset/cut_potato_and_carrot_split/Seg3/cut_potato_and_carrot_rgb,qa_pairs/aligned/rgb_qa_results_aligned.json,dynamic_counting,8,No dynamic movement of objects or people can be counted due to the absolute lack of light and visibility.
31f6e6a496c8,rgb,aligned_dataset/cut_potato_and_carrot_split/Seg3/cut_potato_and_carrot_rgb,qa_pairs/aligned/rgb_qa_results_aligned.json,text_recognition,8,No text recognition is possible due to the total absence of light in the video frames. The image is pitch black.
34038b5bed2c,rgb,aligned_dataset/cut_potato_and_carrot_split/Seg3/cut_potato_and_carrot_rgb,qa_pairs/aligned/rgb_qa_results_aligned.json,counting,10,Counting is not possible in the current frames as all objects are hidden by total darkness.
3d5fa5b169e9,rgb,aligned_dataset/cut_potato_and_carrot_split/Seg3/cut_potato_and_carrot_rgb,qa_pairs/aligned/rgb_qa_results_aligned.json,action,8,The subject's actions cannot be identified or explained as they are performed in total darkness. No interaction with objects is visible.
46b7324a041a,rgb,aligned_dataset/cut_potato_and_carrot_split/Seg3/cut_potato_and_carrot_rgb,qa_pairs/aligned/rgb_qa_results_aligned.json,non_common,1,No common sense violations can be observed as the scene is completely dark. The layout and physics of the environment are hidden from view.
97631edd746f,rgb,aligned_dataset/cut_potato_and_carrot_split/Seg3/cut_potato_and_carrot_rgb,qa_pairs/aligned/rgb_qa_results_aligned.json,light_change,8,"The illumination level remains constant and extremely low throughout the video, with no evidence of light sources being activated or shifting position."
9e4094884989,rgb,aligned_dataset/cut_potato_and_carrot_split/Seg3/cut_potato_and_carrot_rgb,qa_pairs/aligned/rgb_qa_results_aligned.json,navigation,10,"Navigation is not possible; the video does not show any travel or movement through a space, and the environment is entirely black."
adb32c12e74f,rgb,aligned_dataset/cut_potato_and_carrot_split/Seg3/cut_potato_and_carrot_rgb,qa_pairs/aligned/rgb_qa_results_aligned.json,spatial_reasoning,1,"In these night frames, spatial relationships are impossible to determine as the entire scene is obscured by darkness. There is no visibility of depth or object placement relative to the camera."
ae9d1c2765ee,rgb,aligned_dataset/cut_potato_and_carrot_split/Seg3/cut_potato_and_carrot_rgb,qa_pairs/aligned/rgb_qa_results_aligned.json,object_recognition,1,"The frames provided are entirely dark, showing only a uniform black field with slight digital sensor noise in a deep blueish hue. No discernible objects, textures, or boundaries can be identified in this visual state."
cb88e4e8e222,rgb,aligned_dataset/cut_potato_and_carrot_split/Seg3/cut_potato_and_carrot_rgb,qa_pairs/aligned/rgb_qa_results_aligned.json,dynamic_recognition,1,Dynamic activity cannot be recognized because the darkness obscuring the scene persists throughout the video duration from frame 0 to 870.
ee2af18bba40,rgb,aligned_dataset/cut_potato_and_carrot_split/Seg3/cut_potato_and_carrot_rgb,qa_pairs/aligned/rgb_qa_results_aligned.json,light_recognition,1,There are no visible light sources in the provided frames. The scene is in a state of complete darkness without any points of light or directional illumination.
f7f1358563b5,rgb,aligned_dataset/cut_potato_and_carrot_split/Seg3/cut_potato_and_carrot_rgb,qa_pairs/aligned/rgb_qa_results_aligned.json,scene_sequence,10,"The video sequence is completely dark, preventing any observation of a scene transition or environment. No movement through a sequence of spaces can be observed."
037223ac6084,rgb,aligned_dataset/cut_potato_and_carrot_split/Seg4/cut_potato_and_carrot_rgb,qa_pairs/aligned/rgb_qa_results_aligned.json,action,8,"I started by reaching into the refrigerator to move a bag of meat. I then traversed the room to retrieve a bag of onions from a pantry shelf, likely for cooking. Finally, I returned to the kitchen counter and opened the refrigerator again."
1175515c387f,rgb,aligned_dataset/cut_potato_and_carrot_split/Seg4/cut_potato_and_carrot_rgb,qa_pairs/aligned/rgb_qa_results_aligned.json,dynamic_counting,8,"The only movement observed in the video is from the subject's hand interacting with objects. No other people, animals, or moving vehicles are visible in the kitchen or through the window."
1f8c930b21c7,rgb,aligned_dataset/cut_potato_and_carrot_split/Seg4/cut_potato_and_carrot_rgb,qa_pairs/aligned/rgb_qa_results_aligned.json,scene_sequence,10,"The sequence starts with a view inside a refrigerator, transitions through a dark corridor, and enters a kitchen area featuring a couch and a dining table. The camera then focuses on pantry shelves before concluding by moving back toward the main kitchen counter area."
3a11e8e887dd,rgb,aligned_dataset/cut_potato_and_carrot_split/Seg4/cut_potato_and_carrot_rgb,qa_pairs/aligned/rgb_qa_results_aligned.json,text_recognition,8,"Several pieces of text are visible: 'ZANUSSI' on the refrigerator door components (frame 000), 'HOME BARISTA' and 'Dallmayr' on a blue coffee bag (frame 690), and 'VIM' on a bottle located on the floor near the couch (frame 630). These labels identify appliance brands, coffee types, and household cleaning products."
45a1f811c8b9,rgb,aligned_dataset/cut_potato_and_carrot_split/Seg4/cut_potato_and_carrot_rgb,qa_pairs/aligned/rgb_qa_results_aligned.json,light_change,8,"Light intensity changes dramatically as the camera moves from the bright fridge interior into a dark transition phase, followed by entering the kitchen lit by natural sunlight. The opening of the fridge door at the end again creates a localized bright spot."
54f55d89eaa4,rgb,aligned_dataset/cut_potato_and_carrot_split/Seg4/cut_potato_and_carrot_rgb,qa_pairs/aligned/rgb_qa_results_aligned.json,dynamic_recognition,5,"Dynamic actions include a hand moving a meat bag in the fridge (frame 0-120), a hand picking up a yellow onion net from a shelf (frame 720-780), and the refrigerator door being opened (frame 840-870)."
9ebecd27583a,rgb,aligned_dataset/cut_potato_and_carrot_split/Seg4/cut_potato_and_carrot_rgb,qa_pairs/aligned/rgb_qa_results_aligned.json,object_recognition,1,"The video displays a refrigerator interior containing shelves, plastic containers, a bottle with a blue cap, an orange cap bottle, and a plastic bag filled with meat. Moving into the kitchen, there is a black leather couch, a white table with a silver and black rice cooker, and shelving units. On the shelves, a blue bag of coffee labeled 'HOME BARISTA', a red tomato, and a yellow mesh bag of onions are visible. The kitchen also features white cabinets and an oven."
a71ef7b5dc0b,rgb,aligned_dataset/cut_potato_and_carrot_split/Seg4/cut_potato_and_carrot_rgb,qa_pairs/aligned/rgb_qa_results_aligned.json,light_recognition,1,"Primary light sources include the internal bulb of the refrigerator, which activates when the door is opened, and natural ambient light entering through a window near the black couch. Noticeable shadows are present under the shelves and furniture."
a7c1e08a0e6b,rgb,aligned_dataset/cut_potato_and_carrot_split/Seg4/cut_potato_and_carrot_rgb,qa_pairs/aligned/rgb_qa_results_aligned.json,counting,10,"The video includes 1 refrigerator, 1 black leather couch, 1 silver rice cooker, 1 blue coffee bag, 1 red tomato, 1 yellow net bag of onions, and 7 plant pots arranged on a windowsill."
ba721e6dcb9b,rgb,aligned_dataset/cut_potato_and_carrot_split/Seg4/cut_potato_and_carrot_rgb,qa_pairs/aligned/rgb_qa_results_aligned.json,spatial_reasoning,1,"In the refrigerator, a bottle with a blue cap is positioned to the right of a bag of meat. A rice cooker sits centrally on a white table. A black couch is placed adjacent to white kitchen cabinets. On a pantry shelf, a blue coffee bag is situated near a red tomato, with a yellow net of onions placed to the right of the coffee bag. The person is approximately 2 steps from the fridge, 5 steps from the table, and 6 steps from the shelf."
bdfe36f0c3d1,rgb,aligned_dataset/cut_potato_and_carrot_split/Seg4/cut_potato_and_carrot_rgb,qa_pairs/aligned/rgb_qa_results_aligned.json,non_common,1,The environment appears logically structured with no violations of common sense or physical laws. All furniture and appliances are placed in standard positions for a kitchen and living area.
f05fa8bfa150,rgb,aligned_dataset/cut_potato_and_carrot_split/Seg4/cut_potato_and_carrot_rgb,qa_pairs/aligned/rgb_qa_results_aligned.json,navigation,10,"The path begins at the refrigerator, turns right to navigate through the kitchen past a couch and table, then turns left toward a pantry shelf. Finally, a right turn leads back to the main kitchen counter."
23a31774b1fb,rgb,aligned_dataset/cut_potato_and_carrot_split/Seg5/cut_potato_and_carrot_rgb,qa_pairs/aligned/rgb_qa_results_aligned.json,dynamic_counting,1,A single hand is seen moving objects twice: once picking up the yellow mesh bag from the shelf and once adjusting a bag inside the refrigerator. No other moving people or animals are present in the scene.
2a4a9cc0b3c6,rgb,aligned_dataset/cut_potato_and_carrot_split/Seg5/cut_potato_and_carrot_rgb,qa_pairs/aligned/rgb_qa_results_aligned.json,counting,1,"On the windowsill, there are approximately five potted plants of various sizes. In the refrigerator door, there are at least three distinct bottles and several smaller jars. On the dining table, there is one rice cooker. The shelf holds one blue bag of coffee and one yellow mesh bag of onions."
2d2054adf1e2,rgb,aligned_dataset/cut_potato_and_carrot_split/Seg5/cut_potato_and_carrot_rgb,qa_pairs/aligned/rgb_qa_results_aligned.json,dynamic_recognition,1,"A hand enters the frame and picks up a yellow mesh bag from the shelf (start frame 000150, end frame 000180). Later, a hand reaches into the refrigerator to touch a clear plastic bag (start frame 000720, end frame 000840)."
36f1cccf558c,rgb,aligned_dataset/cut_potato_and_carrot_split/Seg5/cut_potato_and_carrot_rgb,qa_pairs/aligned/rgb_qa_results_aligned.json,light_change,1,"As the refrigerator door opens, the interior light activates, significantly increasing the brightness in that specific area compared to the surrounding dark room. During the day, the light level remains consistent throughout the kitchen, with a slight increase in brightness as the camera pans toward the window."
485e355f451d,rgb,aligned_dataset/cut_potato_and_carrot_split/Seg5/cut_potato_and_carrot_rgb,qa_pairs/aligned/rgb_qa_results_aligned.json,scene_sequence,1,"The video sequence begins with a wide view of the kitchen including a black sofa and a windowsill with plants. It then zooms into a shelf where a yellow mesh bag is retrieved. Next, it focuses on a white table holding a rice cooker. Finally, the camera moves to look inside the refrigerator, where a hand interacts with a clear plastic bag."
81b889dced3a,rgb,aligned_dataset/cut_potato_and_carrot_split/Seg5/cut_potato_and_carrot_rgb,qa_pairs/aligned/rgb_qa_results_aligned.json,text_recognition,1,"In the kitchen during the day, several items have legible text. On the shelf (frame 120), a blue coffee bag has 'HOME BARISTA' written in large white letters, with 'CAFE CREMA DOLCE' below and the brand 'Dallmayr' at the bottom. A yellow mesh bag being picked up (frame 150) has a tag indicating '2,5 kg', likely its weight."
9738d12a32bc,rgb,aligned_dataset/cut_potato_and_carrot_split/Seg5/cut_potato_and_carrot_rgb,qa_pairs/aligned/rgb_qa_results_aligned.json,object_recognition,1,"In the night frames, the most visible scene is the interior of a refrigerator. It has several white shelves and a clear drawer at the bottom. Inside, there are various containers and bottles, including a prominent bottle with a blue cap and another with an orange cap in the door rack. A clear plastic bag containing round produce is being handled on one of the shelves. The rest of the kitchen environment is obscured by darkness, appearing mostly black or extremely blurry."
9ed93a202042,rgb,aligned_dataset/cut_potato_and_carrot_split/Seg5/cut_potato_and_carrot_rgb,qa_pairs/aligned/rgb_qa_results_aligned.json,action,1,"I am seen performing a series of kitchen tasks. First, I retrieve a yellow mesh bag from a storage shelf, presumably to get ingredients. Later, I open the refrigerator to look for or reorganize other food items, indicating I am likely preparing a meal."
a53099b32836,rgb,aligned_dataset/cut_potato_and_carrot_split/Seg5/cut_potato_and_carrot_rgb,qa_pairs/aligned/rgb_qa_results_aligned.json,non_common,1,"The placement of the rice cooker in the middle of the white table is unusual, especially as its power cord is stretched taut across the table's surface towards a distant outlet, creating a potential tripping hazard and a messy appearance."
d21b1ddb9d77,rgb,aligned_dataset/cut_potato_and_carrot_split/Seg5/cut_potato_and_carrot_rgb,qa_pairs/aligned/rgb_qa_results_aligned.json,navigation,1,"To navigate from the sofa to the refrigerator, one must walk straight past the table, turn slightly to the left toward the kitchen counter, and proceed to the end of the cabinetry where the fridge is located. The shelf with the onions is to the right of the oven."
f4c2cc8a560a,rgb,aligned_dataset/cut_potato_and_carrot_split/Seg5/cut_potato_and_carrot_rgb,qa_pairs/aligned/rgb_qa_results_aligned.json,spatial_reasoning,1,"The hand in the refrigerator is positioned to the left of the bottles in the door rack. The clear bag of produce is on a middle shelf, approximately two steps away from the camera's initial position. Outside the fridge, a white table with a rice cooker is located centrally, with a black sofa positioned against the wall to its left."
f8075bfdde04,rgb,aligned_dataset/cut_potato_and_carrot_split/Seg5/cut_potato_and_carrot_rgb,qa_pairs/aligned/rgb_qa_results_aligned.json,light_recognition,1,"The light source in the refrigerator is a bright white lamp located on the upper right side of the interior. During the day, the kitchen is illuminated by soft, natural sunlight coming from a large window on the left side of the room."
000bd0c3bd9b,rgb,aligned_dataset/make_coffee_split/Seg1/make_coffee_rgb,qa_pairs/aligned/rgb_qa_results_aligned.json,dynamic_recognition,8,"No independent dynamic objects or humans are present. The movement seen is entirely controlled by the person holding the camera. For example, the camera moves towards the shelves starting at frame 000420 and reaches them by 000450. The blue coffee bag is picked up and moved to the counter between frames 000540 and 000570. A power cord is plugged into a strip at frame 000630."
0f5865c70549,rgb,aligned_dataset/make_coffee_split/Seg1/make_coffee_rgb,qa_pairs/aligned/rgb_qa_results_aligned.json,scene_sequence,10,"The video starts in total darkness. As the light comes on, the camera reveals a dining area with a white table and chair. It then pans right to show a laundry area with an ironing board and drying rack. The camera continues to a storage area with open white shelves holding food items. Finally, it focuses on the kitchen workspace, moving across the stovetop, the digital scale, and ending at the area with the espresso machine and toaster."
1051a2a4ecb5,rgb,aligned_dataset/make_coffee_split/Seg1/make_coffee_rgb,qa_pairs/aligned/rgb_qa_results_aligned.json,action,8,"The person behind the camera first explores the kitchen layout. Then, they reach into the shelves to retrieve a large blue bag of coffee beans. This bag is brought to the kitchen counter to prepare for making coffee. Next, they reach for a black power cord and plug it into a white power strip located on the counter, likely to power the coffee grinder or the espresso machine. These actions are steps in the process of preparing a fresh cup of coffee."
1c9d21b6b373,rgb,aligned_dataset/make_coffee_split/Seg1/make_coffee_rgb,qa_pairs/aligned/rgb_qa_results_aligned.json,object_recognition,1,"The video transitions from a pitch-black environment to a brightly lit modern kitchen. In the day frames, a white rectangular table is seen in the foreground with a single white chair tucked under it. To the right, an ironing board and a laundry drying rack are visible against a white wall. The camera moves towards a set of open shelves filled with various groceries like a blue bag of coffee, a white bag of sugar, and a green jar of tahini. The main kitchen area features a stainless steel counter with a black stovetop, a light blue digital kitchen scale, a white bowl containing some liquid, an electric kettle, a toaster, and a professional-looking espresso machine. The back wall is painted a deep red color, contrasting with the white cabinetry."
315ec456bde1,rgb,aligned_dataset/make_coffee_split/Seg1/make_coffee_rgb,qa_pairs/aligned/rgb_qa_results_aligned.json,non_common,1,"The presence of an ironing board and a laundry drying rack in the kitchen area, right next to the food preparation surfaces, is an unconventional layout design that might be considered non-common sense for a standard kitchen setup."
347274eb2f12,rgb,aligned_dataset/make_coffee_split/Seg1/make_coffee_rgb,qa_pairs/aligned/rgb_qa_results_aligned.json,navigation,10,"Starting from the table, I walk forward about three steps to reach the shelves. From the shelves, I turn left and take two steps to reach the kitchen counter. To get back to the table from the espresso machine, I would turn around and walk approximately five steps back the way I came, passing the shelves on my left."
8a88ca54271e,rgb,aligned_dataset/make_coffee_split/Seg1/make_coffee_rgb,qa_pairs/aligned/rgb_qa_results_aligned.json,light_change,8,"The video begins with almost zero visibility in a dark room. There is a sudden and complete change as the room transitions to being fully lit. The illumination remains constant throughout the rest of the video, with no flickering or significant changes in brightness as the camera moves between different parts of the room."
a95b9e55f9c2,rgb,aligned_dataset/make_coffee_split/Seg1/make_coffee_rgb,qa_pairs/aligned/rgb_qa_results_aligned.json,light_recognition,1,"The primary light source is a bright, artificial overhead lamp that illuminates the entire kitchen evenly. The light reflects off the stainless steel counter and the metallic surfaces of the kettle and espresso machine. There is a secondary glow from the window in the background, although the indoor light is dominant. The digital scale has a small backlit display."
e1d1ab946259,rgb,aligned_dataset/make_coffee_split/Seg1/make_coffee_rgb,qa_pairs/aligned/rgb_qa_results_aligned.json,dynamic_counting,8,"Throughout the video, there is no movement from other people or animals. The only dynamic elements are the movement of the camera and my hands interacting with objects, such as picking up the coffee bag and plugging in a power cord."
e2da4a1e0718,rgb,aligned_dataset/make_coffee_split/Seg1/make_coffee_rgb,qa_pairs/aligned/rgb_qa_results_aligned.json,text_recognition,8,"In the storage area, a white bag on the shelf is labeled 'Kristal' (frame 000690). Next to it is a green jar with 'Tahina' written on it. A prominent blue bag features the text 'HOME BARISTA' in large white letters, with 'CAFFE CREMA DOLCE' below it (frame 000720). The digital kitchen scale has a small LCD screen showing numeric values. The espresso machine has various labels and a dial for pressure or temperature. A power strip on the counter shows small indicator lights or icons near the sockets."
ee0d9ff131e1,rgb,aligned_dataset/make_coffee_split/Seg1/make_coffee_rgb,qa_pairs/aligned/rgb_qa_results_aligned.json,spatial_reasoning,1,"The white chair is positioned directly under the white table. To the right of the table, approximately two steps away, is an ironing board leaning against the wall. A laundry drying rack is situated behind the ironing board. Further to the right, a set of white shelves is mounted on the wall. On the kitchen counter, the digital scale is placed to the right of the black stovetop. The espresso machine is located to the far right of the counter, next to a silver toaster and a black electric kettle. The blue bag of coffee is initially on the second shelf from the top and is later moved to the counter near the scale."
fd34f40a1326,rgb,aligned_dataset/make_coffee_split/Seg1/make_coffee_rgb,qa_pairs/aligned/rgb_qa_results_aligned.json,counting,10,"In the video, I can identify and count several household objects: one white dining table, one white chair, one black stovetop with four rings, one blue bag of coffee, one white bag of sugar, one digital kitchen scale, one silver espresso machine, one silver toaster, one black electric kettle, and one ironing board."
0272e0ccc78b,rgb,aligned_dataset/make_coffee_split/Seg2/make_coffee_rgb,qa_pairs/aligned/rgb_qa_results_aligned.json,object_recognition,1,"In the darkness of the night frames, the scene is mostly obscured, but a few details emerge. There is a faint, horizontal metallic surface reflecting a dim light on the left. As the video progresses, a small, circular blue light source becomes visible in the central-right area. The overall texture is grainy due to the low light, and the environment appears to be an indoor setting with dark, non-reflective walls."
1b40d7b32431,rgb,aligned_dataset/make_coffee_split/Seg2/make_coffee_rgb,qa_pairs/aligned/rgb_qa_results_aligned.json,scene_sequence,10,"The sequence starts in total darkness. Gradually, a faint reflection on a metallic counter edge appears. Later, a small blue LED light turns on, indicating an electronic device is active. Eventually, the scene transitions to a fully lit kitchen counter featuring a scale, a power strip, and coffee-making equipment. I am standing stationary in front of this counter throughout."
3f1cceb57b90,rgb,aligned_dataset/make_coffee_split/Seg2/make_coffee_rgb,qa_pairs/aligned/rgb_qa_results_aligned.json,navigation,10,"To navigate the counter, I am standing directly in front of the center area. The stovetop is to my far left. Moving right, I reach the blue coffee bag, then the digital scale, and finally the coffee grinder and power strip on the far right. The bowl is positioned in front of the power strip. No turns are required as everything is laid out on a single horizontal plane."
451740d67989,rgb,aligned_dataset/make_coffee_split/Seg2/make_coffee_rgb,qa_pairs/aligned/rgb_qa_results_aligned.json,action,8,"I am preparing to make coffee. First, I reach for the blue Dallmayr coffee bag and remove the yellow sealing clip. I then use both hands to pull open the top of the bag. After the bag is open, I pick up a black coffee scoop and dip it into the bag to retrieve coffee beans. The purpose is to measure out beans for grinding, and the consequence is that the bag is now open and ready for use."
596c2375c8b0,rgb,aligned_dataset/make_coffee_split/Seg2/make_coffee_rgb,qa_pairs/aligned/rgb_qa_results_aligned.json,counting,10,"In the kitchen scene, I can identify several common objects: one light blue digital kitchen scale, one white power strip with multiple outlets, one black coffee grinder base, one white bowl containing a liquid, and one blue bag of coffee beans. These are all located on a stainless steel countertop."
671133fa778a,rgb,aligned_dataset/make_coffee_split/Seg2/make_coffee_rgb,qa_pairs/aligned/rgb_qa_results_aligned.json,spatial_reasoning,1,"In the dark frames, a faint metallic ledge is seen on the far left. A tiny blue point of light eventually appears to the right of this ledge, deeper into the scene. I am standing approximately zero steps away from the counter, directly in front of where these objects are located. The blue light seems to be positioned slightly further back than the edge of the metallic surface."
6833fa421a42,rgb,aligned_dataset/make_coffee_split/Seg2/make_coffee_rgb,qa_pairs/aligned/rgb_qa_results_aligned.json,non_common,1,"The kitchen layout appears standard and logical. All objects are resting firmly on the countertop. There are no signs of floating objects, mesh clipping, or unrealistic physics. The digital scale, grinder, and power strip are all placed normally for a kitchen environment."
942b153938c4,rgb,aligned_dataset/make_coffee_split/Seg2/make_coffee_rgb,qa_pairs/aligned/rgb_qa_results_aligned.json,dynamic_counting,8,"In the video, there are no moving objects other than the person's hands and the tools they are using. The black coffee scoop moves from outside the frame into the blue coffee bag and back out. No other dynamic objects like cars or other people are present."
c909e0fce22e,rgb,aligned_dataset/make_coffee_split/Seg2/make_coffee_rgb,qa_pairs/aligned/rgb_qa_results_aligned.json,dynamic_recognition,1,"The person's hands perform all the dynamic actions. A hand removes a yellow clip from the blue coffee bag (frame 000120-000180). Then, both hands work together to open the top of the bag (frame 000210-000450). Finally, a black scoop is used to reach inside the bag and take out some coffee beans (frame 000510-000870). No other movement is detected."
d780d88db0cf,rgb,aligned_dataset/make_coffee_split/Seg2/make_coffee_rgb,qa_pairs/aligned/rgb_qa_results_aligned.json,light_recognition,1,"In the night frames, the primary light source is a small, circular blue LED light located in the middle-right area of the frame. It glows steadily and appears to be an indicator on an electronic device. There's also a very brief red glow visible at frame 000300 on the left side, likely a power indicator on the stovetop. No other significant light sources are present until the main room lighting is activated."
e4400e3c53f7,rgb,aligned_dataset/make_coffee_split/Seg2/make_coffee_rgb,qa_pairs/aligned/rgb_qa_results_aligned.json,text_recognition,8,"Identifying text in the near-total darkness of the night frames is impossible as no legible characters are visible. However, based on the context provided by the day frames, several items carry text. A blue bag prominently features 'Dallmayr' (frame 000600) and 'HOME BARISTA' (frame 000630), likely the coffee brand and product line. The black base of an appliance has 'NOTICE' written on it (frame 000540) to provide user instructions. A small scale has the word 'Fit' on its top surface (frame 000540)."
f88f295d95e1,rgb,aligned_dataset/make_coffee_split/Seg2/make_coffee_rgb,qa_pairs/aligned/rgb_qa_results_aligned.json,light_change,8,"The video starts in pitch black. At frame 000300, a tiny red indicator light flickers on the left. By frame 000570, a small blue circular light appears and remains. Suddenly, the main room lights turn on, making the entire kitchen countertop clearly visible. The scene becomes much brighter, and all shadows are cast from overhead lighting."
0755d477c237,rgb,aligned_dataset/make_coffee_split/Seg3/make_coffee_rgb,qa_pairs/aligned/rgb_qa_results_aligned.json,light_change,8,The lighting remains consistently low throughout the initial dark sequence. Subtle shifts in reflections occur on the metallic surfaces of the toaster and espresso machine as the camera moves. No new light sources are turned on.
189935550c8c,rgb,aligned_dataset/make_coffee_split/Seg3/make_coffee_rgb,qa_pairs/aligned/rgb_qa_results_aligned.json,text_recognition,8,"In the dark frames, text is almost impossible to read. Faint white markings are visible on the blue bag. Around frame 000810, a white label on the black grinder is partially seen. In the day frames, the blue bag is clearly marked 'Dallmayr Home Barista'. The lid of the coffee grinder has the word 'NOTICE' printed on it. The digital scale shows its brand name 'Fit'."
5db1ffc421ee,rgb,aligned_dataset/make_coffee_split/Seg3/make_coffee_rgb,qa_pairs/aligned/rgb_qa_results_aligned.json,action,8,I am preparing to make coffee. I hold a wooden tamper to ready it for use and pick up a paper filter to place it inside the portafilter. I also check the area with the toaster and kettle briefly.
650f6e2e024f,rgb,aligned_dataset/make_coffee_split/Seg3/make_coffee_rgb,qa_pairs/aligned/rgb_qa_results_aligned.json,light_recognition,1,"The scene is mostly dark with dim ambient lighting reflecting off metallic surfaces. Around frame 000150, a row of seven small red indicator lights is visible on the display of an appliance."
71d124215190,rgb,aligned_dataset/make_coffee_split/Seg3/make_coffee_rgb,qa_pairs/aligned/rgb_qa_results_aligned.json,navigation,10,"From the starting position at the coffee bag, pan right to see the scale and grinder. Further right is the espresso machine. To reach the toaster area, pan the camera to the left from the coffee grinder. The kettle is located directly to the right of the toaster."
7c7216c726b7,rgb,aligned_dataset/make_coffee_split/Seg3/make_coffee_rgb,qa_pairs/aligned/rgb_qa_results_aligned.json,counting,10,"On the kitchen counter, there is one blue coffee bag, one black coffee grinder, one light blue digital scale, one white bowl, one silver espresso machine, two rolls of paper towels, one silver toaster, one black kettle, one portafilter, and one tamper."
8684de19b869,rgb,aligned_dataset/make_coffee_split/Seg3/make_coffee_rgb,qa_pairs/aligned/rgb_qa_results_aligned.json,spatial_reasoning,1,"The espresso machine is positioned at the far right of the counter. A light blue digital scale is sitting directly to the left of a black coffee grinder. A blue bag of coffee is placed on the far left side of the preparation area. A white bowl is located behind the coffee grinder. To the left of this setup, a toaster and a kettle are situated near wall outlets."
96c0bd650019,rgb,aligned_dataset/make_coffee_split/Seg3/make_coffee_rgb,qa_pairs/aligned/rgb_qa_results_aligned.json,dynamic_counting,8,"A pair of hands is seen interacting with the scene. They touch the coffee bag once, pick up a portafilter twice, pick up a tamper once, and handle a paper coffee filter once. The camera pans across the counter twice."
a4e0841060a2,rgb,aligned_dataset/make_coffee_split/Seg3/make_coffee_rgb,qa_pairs/aligned/rgb_qa_results_aligned.json,non_common,1,"The layout of the kitchen is standard, with appliances like the toaster and kettle placed near power outlets. The coffee equipment is logically organized for use. No objects are seen floating or clipping through surfaces."
d5ea13bfa1e2,rgb,aligned_dataset/make_coffee_split/Seg3/make_coffee_rgb,qa_pairs/aligned/rgb_qa_results_aligned.json,scene_sequence,10,"The video sequence begins with a view of a coffee preparation area including a bag, scale, and grinder. The camera then pans left to reveal a stainless steel toaster, a kettle, and power outlets on a red wall. It finally returns to the coffee preparation area where hands are seen interacting with the equipment."
d66de5fac4c4,rgb,aligned_dataset/make_coffee_split/Seg3/make_coffee_rgb,qa_pairs/aligned/rgb_qa_results_aligned.json,object_recognition,1,"A very dark kitchen environment where few details are visible. A silver-toned espresso machine with a metallic drip tray and several buttons on its front panel is partially discernible. A white vertical surface, possibly a wall or cabinet edge, stands out against the darkness. Several small, dark objects are scattered on the countertop, but their features are obscured by the low light."
f1753b26f7eb,rgb,aligned_dataset/make_coffee_split/Seg3/make_coffee_rgb,qa_pairs/aligned/rgb_qa_results_aligned.json,dynamic_recognition,1,"A hand enters the frame and picks up a small, round white paper coffee filter between frames 000330 and 000420. Earlier, around frame 000270, a wooden-handled tamper is picked up."
03856cb7f416,rgb,aligned_dataset/make_coffee_split/Seg4/make_coffee_rgb,qa_pairs/aligned/rgb_qa_results_aligned.json,action,8,"The subject is preparing ground coffee for espresso. They pick up a portafilter and use a tamper to compress the grounds into a firm, level puck. This action is necessary for proper espresso extraction."
1bc97da8678c,rgb,aligned_dataset/make_coffee_split/Seg4/make_coffee_rgb,qa_pairs/aligned/rgb_qa_results_aligned.json,light_change,8,"The video begins in near-total darkness, with only small appliance lights visible. As the camera moves toward the sink area, the overall brightness increases as more ambient light enters the scene."
1e26a6bda844,rgb,aligned_dataset/make_coffee_split/Seg4/make_coffee_rgb,qa_pairs/aligned/rgb_qa_results_aligned.json,dynamic_counting,8,"The only dynamic activity is the subject's hand picking up the portafilter and using the tamper once to compress coffee. There are no other moving people, cars, or objects."
353d42796cb5,rgb,aligned_dataset/make_coffee_split/Seg4/make_coffee_rgb,qa_pairs/aligned/rgb_qa_results_aligned.json,counting,10,"I can identify 1 coffee grinder, 1 kitchen scale, 1 bag of coffee beans, 1 tamper, 1 portafilter, 1 power strip, 1 kitchen sink, 1 dish rack, 1 trash bin, and 3 bottles of liquid dish soap."
71aad7c6f9b1,rgb,aligned_dataset/make_coffee_split/Seg4/make_coffee_rgb,qa_pairs/aligned/rgb_qa_results_aligned.json,light_recognition,1,"Visible light sources include the blue circular ring lights on the grinder buttons, the blue '93' digits on its display, and a single red indicator light on the power strip."
794802ccfa10,rgb,aligned_dataset/make_coffee_split/Seg4/make_coffee_rgb,qa_pairs/aligned/rgb_qa_results_aligned.json,non_common,1,"The kitchen environment is realistic and follows common sense. Objects are correctly placed on the counter or floor, and there is no mesh clipping or unrealistic floating of objects."
ad1351349977,rgb,aligned_dataset/make_coffee_split/Seg4/make_coffee_rgb,qa_pairs/aligned/rgb_qa_results_aligned.json,text_recognition,8,"In frames 780-870, a blue digital display on the grinder shows the number '93'. The blue coffee bag contains text such as 'Dallmayr', 'Home Barista', and 'Crema Dolce'. The top lid of the black coffee grinder has the word 'NOTICE' printed on it."
c777ddc13995,rgb,aligned_dataset/make_coffee_split/Seg4/make_coffee_rgb,qa_pairs/aligned/rgb_qa_results_aligned.json,navigation,10,"From the coffee grinder, turn right and take approximately 2 steps to reach the sink. The trash bin is located on the floor to the left of the sink cabinet. To return to the scale, turn left and move about 2 steps back."
c79efe492782,rgb,aligned_dataset/make_coffee_split/Seg4/make_coffee_rgb,qa_pairs/aligned/rgb_qa_results_aligned.json,dynamic_recognition,1,The subject picks up the portafilter around frame 810 and then uses a tamper to compress coffee grounds inside it between frames 840 and 870.
e6656974b423,rgb,aligned_dataset/make_coffee_split/Seg4/make_coffee_rgb,qa_pairs/aligned/rgb_qa_results_aligned.json,object_recognition,1,"The video shows a kitchen workstation at night with several coffee-making tools. A black coffee grinder with circular blue LED lights and a digital display showing '93' is prominent. To its left is a small teal-colored kitchen scale, and to its right is a power strip with a red light. A blue bag of Dallmayr Home Barista coffee is also on the counter."
e727fc2593a3,rgb,aligned_dataset/make_coffee_split/Seg4/make_coffee_rgb,qa_pairs/aligned/rgb_qa_results_aligned.json,spatial_reasoning,1,"The teal scale is positioned roughly 1 step to the left of the coffee grinder. A power strip sits about 1 step to the right of the grinder. The kitchen sink is located further right, approximately 2 steps from the preparation area. A dish rack is placed inside the sink basin, and a trash bin is on the floor to the left of the sink cabinet."
f7944b8d3a77,rgb,aligned_dataset/make_coffee_split/Seg4/make_coffee_rgb,qa_pairs/aligned/rgb_qa_results_aligned.json,scene_sequence,10,"The video sequence starts at a dark kitchen counter used for coffee preparation, showing a grinder and scale. It then moves slightly to the right to reveal a kitchen sink area with a dish rack, various dish soap bottles, and a cleaning cloth."
1b190b982054,rgb,aligned_dataset/make_coffee_split/Seg5/make_coffee_rgb,qa_pairs/aligned/rgb_qa_results_aligned.json,light_change,8,"The video begins in total darkness except for the blue lights of the appliance. At frame 630, the scene abruptly changes to a fully illuminated kitchen, revealing all the objects on the counter. The light does not change within the dark or bright segments, but there is a sharp transition between the two."
234ee5079ef8,rgb,aligned_dataset/make_coffee_split/Seg5/make_coffee_rgb,qa_pairs/aligned/rgb_qa_results_aligned.json,object_recognition,1,"In the night frames, the video captures the front control panel of a machine featuring two illuminated circular blue buttons and a digital display showing the number '93'. The surface appears to be brushed metal. In the day frames, the scene reveals a kitchen countertop with an espresso machine labeled 'HiBREW', a black coffee grinder, a light blue digital scale, a silver toaster, a silver kettle, and a bag of Costa coffee. Near the sink, there are various dish soaps and sponges, including a yellow smiley-face sponge."
33178fb3e2df,rgb,aligned_dataset/make_coffee_split/Seg5/make_coffee_rgb,qa_pairs/aligned/rgb_qa_results_aligned.json,spatial_reasoning,1,The espresso machine is positioned to the right of a black toaster. A light blue digital scale is located on the counter between a blue bag of Costa coffee and a black coffee grinder. A white bowl with a whisk inside sits to the right of the grinder. The sink area is located to the left of the main preparation counter. I am approximately 1 step away from the espresso machine when interacting with it.
897906e4496a,rgb,aligned_dataset/make_coffee_split/Seg5/make_coffee_rgb,qa_pairs/aligned/rgb_qa_results_aligned.json,navigation,10,"From the coffee preparation area (grinder and scale), I move approximately 2 steps to the right to reach the espresso machine. The sink is to the left of the grinder area. To reach the toaster, I would turn slightly right from the coffee grinder."
9687b87deb3f,rgb,aligned_dataset/make_coffee_split/Seg5/make_coffee_rgb,qa_pairs/aligned/rgb_qa_results_aligned.json,action,8,"I am preparing an espresso. First, in the dark, I check the temperature setting (93) and timer. Then, in the bright kitchen, I use a tamper to compress the ground coffee in the portafilter basket on the counter. This creates a flat puck for even water extraction. Finally, I lift the portafilter and lock it into the group head of the HiBREW machine to prepare for extraction."
97c1ca83a29d,rgb,aligned_dataset/make_coffee_split/Seg5/make_coffee_rgb,qa_pairs/aligned/rgb_qa_results_aligned.json,text_recognition,8,"In the night frames, the digital display on the machine shows '93' (frame 0) and later counts up from '00' to '23' (starting frame 390). In the day frames, the text 'HiBREW' is clearly visible on the front of the espresso machine (frame 690). The blue coffee bag has 'COSTA' printed in large white letters (frame 450). The toaster brand 'PHILIPS' is partially visible on its side. The grinder has numerical grind settings on its adjustment collar."
acb855463de6,rgb,aligned_dataset/make_coffee_split/Seg5/make_coffee_rgb,qa_pairs/aligned/rgb_qa_results_aligned.json,scene_sequence,10,"The video starts with a dark view of the espresso machine's lit control panel. It then transitions to a sequence of the display counting seconds or settings. The scene then shifts to a bright kitchen setting where I am tamping coffee grounds on the counter. Finally, I move to the right to insert the portafilter into the HiBREW espresso machine and prepare to brew."
b2890549d8e0,rgb,aligned_dataset/make_coffee_split/Seg5/make_coffee_rgb,qa_pairs/aligned/rgb_qa_results_aligned.json,light_recognition,1,"The primary light sources in the dark frames are two circular blue LED rings around the buttons and a blue digital numeric display. In the daylight frames, the room is well-lit by overhead ambient light coming from the left, casting soft shadows on the stainless steel countertop."
ce8ab2ad9f9c,rgb,aligned_dataset/make_coffee_split/Seg5/make_coffee_rgb,qa_pairs/aligned/rgb_qa_results_aligned.json,non_common,1,The layout of the kitchen is standard. There are no unrealistic physics or mesh clipping issues observed. The objects are placed normally on the countertop.
d99b1ba12949,rgb,aligned_dataset/make_coffee_split/Seg5/make_coffee_rgb,qa_pairs/aligned/rgb_qa_results_aligned.json,dynamic_recognition,8,"The tamping action starts at frame 630 and ends around frame 720. I pick up the portafilter at frame 750 and begin inserting it into the machine group head at frame 780, completing the lock at frame 840."
efbc82ba479e,rgb,aligned_dataset/make_coffee_split/Seg5/make_coffee_rgb,qa_pairs/aligned/rgb_qa_results_aligned.json,counting,10,"In the video, there is 1 espresso machine, 1 coffee grinder, 1 digital scale, 1 toaster, 1 kettle, 1 bag of coffee, 2 soap bottles near the sink, 1 power strip with multiple plugs, 1 portafilter, and 1 tamper."
fcf2129058be,rgb,aligned_dataset/make_coffee_split/Seg5/make_coffee_rgb,qa_pairs/aligned/rgb_qa_results_aligned.json,dynamic_counting,8,"In the dark, my hand moves into the frame to press a button (frame 60) and then later to move the portafilter. In the bright frames, my hands are seen tamping the coffee (frame 630-750) and then locking the portafilter into the machine (frame 780-870). No other dynamic objects like cars or other people are present."
01ba89fa81e9,rgb,aligned_dataset/marinate_meat_split/Seg1/marinate_meat_rgb,qa_pairs/aligned/rgb_qa_results_aligned.json,counting,1,"In the video, I encounter: 1 refrigerator, 1 toaster, 1 power strip, 1 kitchen sink, 1 set of cleaning supplies (including dish soap), 1 drying rack, and 1 cutting board."
18acf31a6b2d,rgb,aligned_dataset/marinate_meat_split/Seg1/marinate_meat_rgb,qa_pairs/aligned/rgb_qa_results_aligned.json,non_common,1,"The kitchen layout is functional; however, the placement of cleaning supplies right next to the dish drying area is slightly cluttered."
27b9daf7a677,rgb,aligned_dataset/marinate_meat_split/Seg1/marinate_meat_rgb,qa_pairs/aligned/rgb_qa_results_aligned.json,light_recognition,1,The video features a bright kitchen environment with natural daylight illuminating the surfaces.
29ec5263e874,rgb,aligned_dataset/marinate_meat_split/Seg1/marinate_meat_rgb,qa_pairs/aligned/rgb_qa_results_aligned.json,object_recognition,1,"The video shows a kitchen scene featuring a black leather couch, a white table with a kitchen appliance on it, a stovetop with an oven, a sink area with cleaning supplies and drying racks, and cutting boards."
2df41ffdbd5d,rgb,aligned_dataset/marinate_meat_split/Seg1/marinate_meat_rgb,qa_pairs/aligned/rgb_qa_results_aligned.json,scene_sequence,1,"The video begins with a very dark view of a kitchen. The user then opens the refrigerator door, revealing the interior with shelves and egg cartons. The user then closes the refrigerator door and proceeds to the kitchen counter where a toaster and a power strip are located. The user then focuses on a kitchen sink with various cleaning supplies including a bottle of Pril dish soap, sponges, and a drying rack with plates."
9278727c0ed8,rgb,aligned_dataset/marinate_meat_split/Seg1/marinate_meat_rgb,qa_pairs/aligned/rgb_qa_results_aligned.json,light_change,1,"The video starts in near-total darkness. As the refrigerator door is opened, the interior light of the refrigerator illuminates the immediate area. After closing the refrigerator, the scene transitions to a brighter, naturally lit kitchen environment."
987f5a7d66d7,rgb,aligned_dataset/marinate_meat_split/Seg1/marinate_meat_rgb,qa_pairs/aligned/rgb_qa_results_aligned.json,navigation,1,The navigation involves moving from the refrigerator area to the counter and then to the kitchen sink. The path is short and involves turning slightly right to face the counter and then the sink.
c9b64fa44506,rgb,aligned_dataset/marinate_meat_split/Seg1/marinate_meat_rgb,qa_pairs/aligned/rgb_qa_results_aligned.json,text_recognition,1,"The video shows text labels on egg cartons in the refrigerator at frame 810. The text includes '10' and other labels, likely indicating egg quantity and possibly quality or storage instructions."
dcea37ac1ceb,rgb,aligned_dataset/marinate_meat_split/Seg1/marinate_meat_rgb,qa_pairs/aligned/rgb_qa_results_aligned.json,dynamic_counting,1,"The only dynamic objects identified are the refrigerator door (opening and closing), the user's hands (interfacing with the fridge, toaster, and kitchen tools), and the stream of water from the faucet."
e3299798066f,rgb,aligned_dataset/marinate_meat_split/Seg1/marinate_meat_rgb,qa_pairs/aligned/rgb_qa_results_aligned.json,spatial_reasoning,1,"The kitchen has several spatial relationships: the stove is adjacent to the sink counter (1 step), the couch is near the table (1 step), the sink is across from the stovetop (2 steps), the cutting boards are placed behind the sink (1 step), and the stovetop is to the left of the sink (1 step)."
e74f611cb19e,rgb,aligned_dataset/marinate_meat_split/Seg1/marinate_meat_rgb,qa_pairs/aligned/rgb_qa_results_aligned.json,dynamic_recognition,1,"Dynamic objects: The refrigerator door (frame 30-150), the user's hand (frame 30-870), and the water stream (frame 690-870)."
f96ffb6c2d6c,rgb,aligned_dataset/marinate_meat_split/Seg1/marinate_meat_rgb,qa_pairs/aligned/rgb_qa_results_aligned.json,action,1,"The subject opens the refrigerator, closes it, approaches the kitchen counter to inspect the toaster/power strip, and then moves to the sink to wash a knife and a cutting board, utilizing soap and a sponge."
0a044466316e,rgb,aligned_dataset/marinate_meat_split/Seg2/marinate_meat_rgb,qa_pairs/aligned/rgb_qa_results_aligned.json,counting,1,"I can count 1 cutting board, 1 sink, 1 drying rack, 1 bottle of dish soap, 1 power strip, and 1 container of meat."
2749c3d116cc,rgb,aligned_dataset/marinate_meat_split/Seg2/marinate_meat_rgb,qa_pairs/aligned/rgb_qa_results_aligned.json,spatial_reasoning,1,The cutting board is positioned to the left of the kitchen sink. The drying rack is on the right side of the sink. The red wall is behind the counter. The power strip is mounted on the red wall. The sink is roughly 1 step away from the edge of the cutting board.
359aa3e12393,rgb,aligned_dataset/marinate_meat_split/Seg2/marinate_meat_rgb,qa_pairs/aligned/rgb_qa_results_aligned.json,light_change,1,"The video starts in near-total darkness, then transitions to a well-lit kitchen setting as the camera focuses on the countertop and tasks."
38aa9aa34e51,rgb,aligned_dataset/marinate_meat_split/Seg2/marinate_meat_rgb,qa_pairs/aligned/rgb_qa_results_aligned.json,object_recognition,1,"The video shows a kitchen counter environment. Visible objects include a white plastic cutting board, a metal sink, a drying rack with plates and bowls, a bottle of dish soap, a red wall, and a plastic container holding raw pork chops. The surface is stainless steel."
4753874e3736,rgb,aligned_dataset/marinate_meat_split/Seg2/marinate_meat_rgb,qa_pairs/aligned/rgb_qa_results_aligned.json,navigation,1,"I am stationary in front of the kitchen counter. I do not perform any walking navigation, only fine movements of my hands and the knife on the cutting board."
560a29e6b24f,rgb,aligned_dataset/marinate_meat_split/Seg2/marinate_meat_rgb,qa_pairs/aligned/rgb_qa_results_aligned.json,non_common,1,"The layout of the kitchen is standard. No objects are violating physical laws, and there are no floating items or strange placement of furniture."
62b4c8a5902f,rgb,aligned_dataset/marinate_meat_split/Seg2/marinate_meat_rgb,qa_pairs/aligned/rgb_qa_results_aligned.json,scene_sequence,1,"The scene begins with a dark, obscured view of a kitchen area, transitioning to a well-lit kitchen counter where I am preparing to cut meat. I move from a storage or low-light area into the active cooking space, interacting with a cutting board and a container of pork."
80f5d4329443,rgb,aligned_dataset/marinate_meat_split/Seg2/marinate_meat_rgb,qa_pairs/aligned/rgb_qa_results_aligned.json,text_recognition,1,"In frame 870, text on the dish soap bottle reads 'ORIGIN'. This is used to identify the cleaning product for washing kitchen utensils."
9134c719aa91,rgb,aligned_dataset/marinate_meat_split/Seg2/marinate_meat_rgb,qa_pairs/aligned/rgb_qa_results_aligned.json,light_recognition,1,"The kitchen is illuminated by overhead or natural lighting that makes the stainless steel surface and objects clearly visible during the day, while it was very dark initially."
9ac487928724,rgb,aligned_dataset/marinate_meat_split/Seg2/marinate_meat_rgb,qa_pairs/aligned/rgb_qa_results_aligned.json,dynamic_recognition,1,"The primary dynamic object is the knife being held by my hand to cut the meat, active from frame 500 to 870."
d30ad118ba26,rgb,aligned_dataset/marinate_meat_split/Seg2/marinate_meat_rgb,qa_pairs/aligned/rgb_qa_results_aligned.json,dynamic_counting,1,"During the sequence, the only moving elements are my hands performing the cutting action on the pork chops."
fd22e407c95a,rgb,aligned_dataset/marinate_meat_split/Seg2/marinate_meat_rgb,qa_pairs/aligned/rgb_qa_results_aligned.json,action,1,I am cutting raw pork chops on a white cutting board. My purpose is likely preparing the meat for cooking. The consequence is that the pork is being divided into smaller portions for the meal.
2ef301f02a01,rgb,aligned_dataset/marinate_meat_split/Seg3/marinate_meat_rgb,qa_pairs/aligned/rgb_qa_results_aligned.json,action,1,"The subject is preparing raw meat by cutting it with a knife on a white cutting board, likely to cook it."
3137df27c13c,rgb,aligned_dataset/marinate_meat_split/Seg3/marinate_meat_rgb,qa_pairs/aligned/rgb_qa_results_aligned.json,object_recognition,1,"The video shows a kitchen environment featuring a black electric stovetop on the left, a white cutting board, a knife, and pieces of raw pork loin being prepped on the board. A plastic container with more pork is also visible on the counter."
35c162e7f5db,rgb,aligned_dataset/marinate_meat_split/Seg3/marinate_meat_rgb,qa_pairs/aligned/rgb_qa_results_aligned.json,light_recognition,1,"The video starts in a very dark, low-light setting and transitions to a brighter, day-lit kitchen environment suitable for cooking."
5776132ca74f,rgb,aligned_dataset/marinate_meat_split/Seg3/marinate_meat_rgb,qa_pairs/aligned/rgb_qa_results_aligned.json,counting,1,"The video shows kitchen objects: a white cutting board, a kitchen knife, multiple food containers (cans), a sink area, and raw meat pieces."
6534b4df2dbf,rgb,aligned_dataset/marinate_meat_split/Seg3/marinate_meat_rgb,qa_pairs/aligned/rgb_qa_results_aligned.json,spatial_reasoning,1,The white cutting board is placed on the countertop next to the black stove. 1. Cutting board to stove: 1 step. 2. Knife to pork: 0.5 steps. 3. Plastic container to cutting board: 2 steps. 4. Sink to stovetop: 3 steps. 5. Container to stove: 3 steps.
703086f9a094,rgb,aligned_dataset/marinate_meat_split/Seg3/marinate_meat_rgb,qa_pairs/aligned/rgb_qa_results_aligned.json,non_common,1,"The layout is a standard kitchen. No unusual objects, floating items, or clipping issues are observed."
818c0ce9fb83,rgb,aligned_dataset/marinate_meat_split/Seg3/marinate_meat_rgb,qa_pairs/aligned/rgb_qa_results_aligned.json,text_recognition,1,"The video shows no prominent text labels or signs, only kitchen items like food and cooking utensils."
88005764a9d8,rgb,aligned_dataset/marinate_meat_split/Seg3/marinate_meat_rgb,qa_pairs/aligned/rgb_qa_results_aligned.json,dynamic_counting,1,"The video features the movement of the camera-holding subject's hands and a kitchen knife, with no other independent moving objects."
9a960cbc8a26,rgb,aligned_dataset/marinate_meat_split/Seg3/marinate_meat_rgb,qa_pairs/aligned/rgb_qa_results_aligned.json,navigation,1,"The navigation involves moving from a dark area to a kitchen counter, then to a shelf, and back to the cutting board for preparation."
a47378478d06,rgb,aligned_dataset/marinate_meat_split/Seg3/marinate_meat_rgb,qa_pairs/aligned/rgb_qa_results_aligned.json,light_change,1,"The video begins in very low-light, near-total darkness, then transitions to a well-lit kitchen environment as the scene progresses."
ae6d47839e91,rgb,aligned_dataset/marinate_meat_split/Seg3/marinate_meat_rgb,qa_pairs/aligned/rgb_qa_results_aligned.json,dynamic_recognition,1,The dynamic elements include the subject's hands manipulating a kitchen knife (frames 000570-000870) and handling pieces of raw meat.
e7faab5debe4,rgb,aligned_dataset/marinate_meat_split/Seg3/marinate_meat_rgb,qa_pairs/aligned/rgb_qa_results_aligned.json,scene_sequence,1,"The sequence starts with a dark, obscured view, progresses to showing a kitchen counter with cooking items, moves to a storage area with cans, and ends with the preparation of meat on a white cutting board."
05f3b508b026,rgb,aligned_dataset/marinate_meat_split/Seg4/marinate_meat_rgb,qa_pairs/aligned/rgb_qa_results_aligned.json,text_recognition,1,"In frame 870, the label 'Barissimo' is visible on a coffee jar. In frame 870, 'Alpen Jodsalz' is visible on a salt canister. These are used for coffee making and seasoning food."
1b579b53dc30,rgb,aligned_dataset/marinate_meat_split/Seg4/marinate_meat_rgb,qa_pairs/aligned/rgb_qa_results_aligned.json,dynamic_counting,1,There are no dynamic objects or humans moving in the video; only the subject's hands are interacting with the kitchen items.
1d313c0a164f,rgb,aligned_dataset/marinate_meat_split/Seg4/marinate_meat_rgb,qa_pairs/aligned/rgb_qa_results_aligned.json,scene_sequence,1,"The sequence begins in a dimly lit kitchen where various items on a shelf are inspected. Then, the camera moves to a brighter, well-lit kitchen area where raw pork is laid out on a white cutting board, seasoned, and prepared for cooking."
75231fc95662,rgb,aligned_dataset/marinate_meat_split/Seg4/marinate_meat_rgb,qa_pairs/aligned/rgb_qa_results_aligned.json,dynamic_recognition,1,"The only movement is the subject's hands interacting with kitchen items, appearing from frame 10 to 870."
75cf98be870b,rgb,aligned_dataset/marinate_meat_split/Seg4/marinate_meat_rgb,qa_pairs/aligned/rgb_qa_results_aligned.json,object_recognition,1,"The video shows a kitchen setting. Visible objects include a white plastic cutting board, a package of raw pork chops in a clear plastic container, a blue storage container lid, a white bowl containing a pork chop, a multi-outlet power strip, a stainless steel kitchen counter, and shelves stocked with various food items like coffee jars, spices, and salts."
7dc49fe9c0e4,rgb,aligned_dataset/marinate_meat_split/Seg4/marinate_meat_rgb,qa_pairs/aligned/rgb_qa_results_aligned.json,navigation,1,"The movement is restricted to the kitchen workspace. To move from the shelf to the counter, the camera rotates and takes one step to the left."
98fefb620e6f,rgb,aligned_dataset/marinate_meat_split/Seg4/marinate_meat_rgb,qa_pairs/aligned/rgb_qa_results_aligned.json,light_recognition,1,"The light source is a generic indoor overhead kitchen light, which provides illumination for the kitchen workspace. It appears to be a direct, static light source located above the counter area."
a4746d46a8fe,rgb,aligned_dataset/marinate_meat_split/Seg4/marinate_meat_rgb,qa_pairs/aligned/rgb_qa_results_aligned.json,spatial_reasoning,1,"The cutting board is positioned on the stainless steel counter, approximately one step from the stove. The spice rack is on the shelf, three steps from the counter. The pork package is two steps from the cutting board. The blue lid is half a step from the cutting board. The bowl is one step away from the cutting board."
a90666dc2e60,rgb,aligned_dataset/marinate_meat_split/Seg4/marinate_meat_rgb,qa_pairs/aligned/rgb_qa_results_aligned.json,light_change,1,"The video starts in very low light, making the scene nearly invisible. As the video progresses, it transitions to a much brighter, well-lit environment, significantly improving visibility of the kitchen workspace and items."
b2548f081d07,rgb,aligned_dataset/marinate_meat_split/Seg4/marinate_meat_rgb,qa_pairs/aligned/rgb_qa_results_aligned.json,counting,1,"Identifiable objects include: 2 coffee jars, 2 spice containers, 1 salt canister, 1 cutting board, and 1 power strip."
b26990ab06fe,rgb,aligned_dataset/marinate_meat_split/Seg4/marinate_meat_rgb,qa_pairs/aligned/rgb_qa_results_aligned.json,non_common,1,The scene is a standard kitchen setup; there are no objects or furniture violating common sense or physical laws.
d10102221873,rgb,aligned_dataset/marinate_meat_split/Seg4/marinate_meat_rgb,qa_pairs/aligned/rgb_qa_results_aligned.json,action,1,"The subject is preparing raw pork. The action involves arranging the meat on a cutting board and seasoning it. The purpose is food preparation, and the consequence is seasoned meat ready for cooking."
017923f2e0f2,rgb,aligned_dataset/open_doors_split/Seg1/open_doors_rgb,qa_pairs/aligned/rgb_qa_results_aligned.json,navigation,1,"The subject walks through a dark room, then proceeds into a brightly lit hallway, walking straight ahead past several doors until reaching the end of the hall where there is a glass door leading to a stairwell."
111b0b414d49,rgb,aligned_dataset/open_doors_split/Seg1/open_doors_rgb,qa_pairs/aligned/rgb_qa_results_aligned.json,scene_sequence,1,"The video starts in a dark, seemingly empty room with a single glowing light source (frame 0-840). The scene then transitions to a brightly lit, sterile, white-walled corridor (frame 870), followed by moving along the corridor passing several closed doors on both sides before reaching the end of the hall."
1b3073fe32e0,rgb,aligned_dataset/open_doors_split/Seg1/open_doors_rgb,qa_pairs/aligned/rgb_qa_results_aligned.json,non_common,1,"The environment appears to be a standard, well-designed institutional or student residence hallway. No furniture is misplaced, and there are no instances of floating objects, clipping, or other simulator artifacts."
2ce802690ab2,rgb,aligned_dataset/open_doors_split/Seg1/open_doors_rgb,qa_pairs/aligned/rgb_qa_results_aligned.json,dynamic_counting,1,The video focuses on the movement of the camera through a dark space and then along a hallway. There are no moving objects or people other than the person holding the camera.
7bbca87ab49a,rgb,aligned_dataset/open_doors_split/Seg1/open_doors_rgb,qa_pairs/aligned/rgb_qa_results_aligned.json,light_change,1,"The video begins in a very dark environment where only a small light source is visible (frames 0-840). At frame 870, the scene shifts abruptly to a brightly lit, indoor hallway setting with overhead artificial lights."
8790c1bea0c7,rgb,aligned_dataset/open_doors_split/Seg1/open_doors_rgb,qa_pairs/aligned/rgb_qa_results_aligned.json,counting,1,"The video shows various objects: a small light source (1), a notice board/sign (1), a QR code (1), overhead ceiling lights (multiple), doors (at least 6), a fire extinguisher (1), and a hallway floor (1)."
983cafcaf6c1,rgb,aligned_dataset/open_doors_split/Seg1/open_doors_rgb,qa_pairs/aligned/rgb_qa_results_aligned.json,object_recognition,1,"The video shows a dark, indoor environment with a small, glowing light source in the distance. The overall scene is characterized by very low light levels, making it difficult to distinguish specific objects, furniture, or architectural features. The only clearly visible object is the light, which appears rectangular and emits a cool-toned glow, possibly from an electronic device or a wall-mounted light."
9c7d631c0697,rgb,aligned_dataset/open_doors_split/Seg1/open_doors_rgb,qa_pairs/aligned/rgb_qa_results_aligned.json,dynamic_recognition,1,The video captures the camera operator moving through a dark area (frame 0-840) and then navigating a hallway (frame 870-870). No external dynamic objects or people are present.
a8e39ce040c1,rgb,aligned_dataset/open_doors_split/Seg1/open_doors_rgb,qa_pairs/aligned/rgb_qa_results_aligned.json,text_recognition,1,"The video contains a notice posted on a wall in a hallway. The notice, visible from frame 870, reads 'Dear students! Please make sure to close the windows upon leaving our student rooms. Thank you.' Above it, there is a QR code label with 'Büro 19' and 'ZUBLIN' printed below it."
b6e2c9af4f0f,rgb,aligned_dataset/open_doors_split/Seg1/open_doors_rgb,qa_pairs/aligned/rgb_qa_results_aligned.json,spatial_reasoning,1,"The scene features a distant rectangular light source. The floor appears to be a flat, dark surface. There are no clear walls or furniture visible in the low light. The light is positioned at a height that suggests it could be mounted on a wall or placed on a desk. There are approximately 20-30 steps between the camera and the object."
bb1d982fb73a,rgb,aligned_dataset/open_doors_split/Seg1/open_doors_rgb,qa_pairs/aligned/rgb_qa_results_aligned.json,light_recognition,1,"The primary light source is a small, rectangular, glowing light that appears in the dark, followed by standard, overhead artificial lighting once the camera moves into the illuminated area of the building."
ee67b7adcc5e,rgb,aligned_dataset/open_doors_split/Seg1/open_doors_rgb,qa_pairs/aligned/rgb_qa_results_aligned.json,action,1,"The subject behind the camera walks through a dark space and then moves down a corridor, eventually opening a door at the end of the hall to enter a stairwell."
021a78680e97,rgb,aligned_dataset/open_doors_split/Seg2/open_doors_rgb,qa_pairs/aligned/rgb_qa_results_aligned.json,text_recognition,8,The video features a green exit sign above a door in frame 0 and a safety instruction plaque on the right wall in frame 0. These are standard facility safety indicators.
2aada5ead4f8,rgb,aligned_dataset/open_doors_split/Seg2/open_doors_rgb,qa_pairs/aligned/rgb_qa_results_aligned.json,dynamic_recognition,8,The video focuses on static interior elements. No moving subjects were identified.
31eb0e1f90a8,rgb,aligned_dataset/open_doors_split/Seg2/open_doors_rgb,qa_pairs/aligned/rgb_qa_results_aligned.json,navigation,10,"The navigation involves walking forward through a doorway, proceeding down a long hallway, and stopping at a junction marked by a fire extinguisher."
33c507bab14c,rgb,aligned_dataset/open_doors_split/Seg2/open_doors_rgb,qa_pairs/aligned/rgb_qa_results_aligned.json,object_recognition,1,"The video shows an indoor hallway with white walls and a wood-textured floor. There are multiple closed white doors, a fire exit sign above a glass-paned door, an emergency exit instruction sign on the wall, and a fire extinguisher mounted on the wall."
5e466d932f72,rgb,aligned_dataset/open_doors_split/Seg2/open_doors_rgb,qa_pairs/aligned/rgb_qa_results_aligned.json,light_change,8,"The video begins with dim lighting, then the camera moves through a door into a slightly brighter, but still somewhat dim, corridor with overhead lighting."
641c89af61a4,rgb,aligned_dataset/open_doors_split/Seg2/open_doors_rgb,qa_pairs/aligned/rgb_qa_results_aligned.json,action,8,"The subject walks through a hallway, potentially to inspect the premises or locate an exit. The action involves moving towards a fire extinguisher, implying a safety check or navigation."
92adfb7d9289,rgb,aligned_dataset/open_doors_split/Seg2/open_doors_rgb,qa_pairs/aligned/rgb_qa_results_aligned.json,dynamic_counting,8,The video shows the movement of the camera through a hallway. No other people or moving objects are present.
9c92e1430800,rgb,aligned_dataset/open_doors_split/Seg2/open_doors_rgb,qa_pairs/aligned/rgb_qa_results_aligned.json,scene_sequence,10,"The video starts in a hallway, moves through a door into another corridor, walks past several closed doors, and ends at a junction with a fire extinguisher."
b552ba95c262,rgb,aligned_dataset/open_doors_split/Seg2/open_doors_rgb,qa_pairs/aligned/rgb_qa_results_aligned.json,non_common,1,The hallway layout appears standard for an office or commercial building. There are no obvious common-sense violations or physical impossibilities.
d094d0a483ca,rgb,aligned_dataset/open_doors_split/Seg2/open_doors_rgb,qa_pairs/aligned/rgb_qa_results_aligned.json,counting,10,"The video shows a corridor with 6 doors, a fire extinguisher, a wall-mounted safety plaque, a light switch, and a green exit sign."
dcf2bb64a0a2,rgb,aligned_dataset/open_doors_split/Seg2/open_doors_rgb,qa_pairs/aligned/rgb_qa_results_aligned.json,light_recognition,1,"The hallway is illuminated by overhead ceiling lights, providing a consistent white light across the walls and floor."
f6fd6893978e,rgb,aligned_dataset/open_doors_split/Seg2/open_doors_rgb,qa_pairs/aligned/rgb_qa_results_aligned.json,spatial_reasoning,1,The spatial layout includes: 1. A closed white door to the left of the central glass-paned door (2 steps away). 2. A fire exit sign above the central glass-paned door (1 step away). 3. A fire extinguisher mounted on the wall near a door on the right (3 steps away). 4. A signage plate on the wall next to the leftmost door (2 steps away).
0127b7097ad9,rgb,aligned_dataset/open_doors_split/Seg3/open_doors_rgb,qa_pairs/aligned/rgb_qa_results_aligned.json,dynamic_counting,1,"No moving objects or humans, other than the person holding the camera, are present in the video. All hallway elements remain stationary throughout the recording."
1a1e94a0c44a,rgb,aligned_dataset/open_doors_split/Seg3/open_doors_rgb,qa_pairs/aligned/rgb_qa_results_aligned.json,light_change,1,"The hallway lighting remains relatively consistent throughout the walk, though the brightness perception changes as I move closer to or further from the ceiling light fixtures. No dramatic changes in light levels occur."
30253c284d1c,rgb,aligned_dataset/open_doors_split/Seg3/open_doors_rgb,qa_pairs/aligned/rgb_qa_results_aligned.json,action,1,"The subject performs a continuous forward walking movement along the corridor. The purpose of this action is to navigate through the building to reach the final door at the end, likely as part of a transit or inspection task."
5ccd5ed4db74,rgb,aligned_dataset/open_doors_split/Seg3/open_doors_rgb,qa_pairs/aligned/rgb_qa_results_aligned.json,spatial_reasoning,1,"In this hallway, there are several spatial relationships: a fire extinguisher is to the left of a door (1 step), a door is opposite another door (0 steps), a sign is above a handle on a door (0 steps), and there is a door at the far end of the hallway (approx. 10-12 steps)."
6c1b7c4daa39,rgb,aligned_dataset/open_doors_split/Seg3/open_doors_rgb,qa_pairs/aligned/rgb_qa_results_aligned.json,light_recognition,1,"The hallway is illuminated by multiple ceiling-mounted light fixtures. These are circular or semi-circular in shape and emit a soft, white artificial light, which casts shadows on the floor and walls."
6f1e7fd30a5d,rgb,aligned_dataset/open_doors_split/Seg3/open_doors_rgb,qa_pairs/aligned/rgb_qa_results_aligned.json,navigation,1,"I walk straight down the hallway from the start, passing doors. I maintain a central position in the corridor. At the end, I approach a door on the right and open it."
9476543b3a9b,rgb,aligned_dataset/open_doors_split/Seg3/open_doors_rgb,qa_pairs/aligned/rgb_qa_results_aligned.json,object_recognition,1,"The video shows a long, dimly lit indoor hallway with a wood-patterned floor and white walls. Several doors line both sides of the hallway, some featuring frosted glass panels. There are ceiling lights providing illumination. A fire extinguisher is mounted on the wall. Small informational signs are attached near some of the doors."
d3d01b4e2ddc,rgb,aligned_dataset/open_doors_split/Seg3/open_doors_rgb,qa_pairs/aligned/rgb_qa_results_aligned.json,scene_sequence,1,"I am walking down a hallway, passing several doors on both sides. I move past doors with glass inserts, then a fire extinguisher on the wall, and eventually reach the end of the hallway where I turn to view a door."
d3fd958b03cf,rgb,aligned_dataset/open_doors_split/Seg3/open_doors_rgb,qa_pairs/aligned/rgb_qa_results_aligned.json,dynamic_recognition,1,No dynamic elements are present in the video other than the movement of the camera itself. All static elements remain in place from the start to the end of the video.
f30f65828873,rgb,aligned_dataset/open_doors_split/Seg3/open_doors_rgb,qa_pairs/aligned/rgb_qa_results_aligned.json,text_recognition,1,The video features text on informational signs near doors. Frame 540 shows 'Dear students! Please make sure to close the windows upon leaving our student rooms. Thank you.' This is likely a notice or instruction for students in a dormitory or educational building.
f636fdb78def,rgb,aligned_dataset/open_doors_split/Seg3/open_doors_rgb,qa_pairs/aligned/rgb_qa_results_aligned.json,non_common,1,"The hallway design is standard and functional for a building interior. I did not observe any objects that violate physical laws, floating furniture, or unrealistic mesh clipping that would suggest a simulator error."
fa3c2984e66a,rgb,aligned_dataset/open_doors_split/Seg3/open_doors_rgb,qa_pairs/aligned/rgb_qa_results_aligned.json,counting,1,"In the hallway, I can identify: 8 doors (some with glass), 1 fire extinguisher, 2 ceiling light fixtures, 1 green exit sign, and 4 informational signs on the walls."
00abcd3a895e,rgb,aligned_dataset/pour_water_split/Seg1/pour_water_rgb,qa_pairs/aligned/rgb_qa_results_aligned.json,light_recognition,1,"The scene is lit by natural ambient light coming from a nearby source, creating distinct shadows on the tabletop and floor, suggesting daylight conditions."
01b05280684c,rgb,aligned_dataset/pour_water_split/Seg1/pour_water_rgb,qa_pairs/aligned/rgb_qa_results_aligned.json,light_change,8,"The video begins in total darkness. Throughout most of the duration, the screen remains black, with only minor, faint blue light artifacts. Near the end, the scene abruptly changes to a brightly lit, daytime indoor setting."
18e7388a80be,rgb,aligned_dataset/pour_water_split/Seg1/pour_water_rgb,qa_pairs/aligned/rgb_qa_results_aligned.json,action,8,"The person is performing a beverage preparation task. They are standing at a table, holding a metal thermos in one hand and a pink cup in the other, likely to pour hot water into the cup."
26a24a2c5ef3,rgb,aligned_dataset/pour_water_split/Seg1/pour_water_rgb,qa_pairs/aligned/rgb_qa_results_aligned.json,scene_sequence,10,"The video starts in complete darkness. As the video progresses, the view remains dark, but small, faint blue lights are briefly visible at the edges of the frame. In the final seconds, the scene transitions to a brightly lit area where a person is preparing a drink, handling a pink cup, a lid, and a metal container."
516e1c6df33d,rgb,aligned_dataset/pour_water_split/Seg1/pour_water_rgb,qa_pairs/aligned/rgb_qa_results_aligned.json,non_common,1,"The scene is a standard, realistic domestic setting of a person preparing a drink. There are no violations of physical laws or weird layout designs observed."
63a60667576c,rgb,aligned_dataset/pour_water_split/Seg1/pour_water_rgb,qa_pairs/aligned/rgb_qa_results_aligned.json,object_recognition,1,"The video shows a person's perspective as they prepare a drink. Objects identified include a pink water pitcher, a clear plastic lid with a pink insert, a pink mug/cup, and a stainless steel thermos or kettle."
65ee1fff7e33,rgb,aligned_dataset/pour_water_split/Seg1/pour_water_rgb,qa_pairs/aligned/rgb_qa_results_aligned.json,navigation,10,"The video shows a stationary view of a person standing in a room at a white table. There is no active navigation or movement through space, only localized hand actions."
774634b46ede,rgb,aligned_dataset/pour_water_split/Seg1/pour_water_rgb,qa_pairs/aligned/rgb_qa_results_aligned.json,counting,10,"The scene features several objects on a white table: a pink container, a pink lid, a pink cup with a handle, and a metal thermos. Additionally, a clothes rack is visible in the background, and the person is wearing black pants and dark slippers."
94abd679412e,rgb,aligned_dataset/pour_water_split/Seg1/pour_water_rgb,qa_pairs/aligned/rgb_qa_results_aligned.json,dynamic_recognition,8,"The dynamic objects are the user's hands, which are moving to manipulate a cup, a lid, and a metal container between frames 780 and 870."
a08de70e5ed7,rgb,aligned_dataset/pour_water_split/Seg1/pour_water_rgb,qa_pairs/aligned/rgb_qa_results_aligned.json,text_recognition,8,"The only text visible in the video appears in the later frames, specifically on a sticker on a black object, which shows a graphic and Chinese characters (frame 870). It is likely a warning or instructional label for a piece of luggage or equipment."
b7aca990aabc,rgb,aligned_dataset/pour_water_split/Seg1/pour_water_rgb,qa_pairs/aligned/rgb_qa_results_aligned.json,dynamic_counting,8,"The only dynamic objects identified are the person's hands and feet. The hands are engaged in picking up and assembling the cup and lid (frames 780-870), and the feet are stationary on the floor for the duration of the visible segment."
b8e65e208d23,rgb,aligned_dataset/pour_water_split/Seg1/pour_water_rgb,qa_pairs/aligned/rgb_qa_results_aligned.json,spatial_reasoning,1,"The scene shows a white table surface with several items arranged on it. A pink pitcher is on the left, a circular lid is in the middle, and a pink mug is towards the center-right. A stainless steel thermos is to the right of the mug. The mug is approximately one step away from the edge where the camera is positioned."
0b6b79a85b12,rgb,aligned_dataset/pour_water_split/Seg2/pour_water_rgb,qa_pairs/aligned/rgb_qa_results_aligned.json,text_recognition,8,"The only visible text appears on a sticker on the black device located on the right side, observed from frame 0 to 870. The text includes '上上簽' (a brand name) in red, which is likely used as a label or identifier for the device."
0cd23eb2a2dc,rgb,aligned_dataset/pour_water_split/Seg2/pour_water_rgb,qa_pairs/aligned/rgb_qa_results_aligned.json,action,8,"The subject performs no action in this video. The video consists of a static, top-down view of a tabletop with various objects. No interaction with objects or movement by the person is depicted."
15e63cb1e030,rgb,aligned_dataset/pour_water_split/Seg2/pour_water_rgb,qa_pairs/aligned/rgb_qa_results_aligned.json,counting,10,"In the scene, there are 4 main objects: 1 pink pitcher, 1 clear lid, 1 metal cup, and 1 black device. All objects are present throughout the video."
161a6c5c5df5,rgb,aligned_dataset/pour_water_split/Seg2/pour_water_rgb,qa_pairs/aligned/rgb_qa_results_aligned.json,light_change,8,"The video starts in a very dark, low-light condition. Gradually, over the course of the recording, the lighting brightens, allowing the items on the desk (pink pitcher, lid, metal cup, and black device) to become clearly visible by the end."
308285bcaa16,rgb,aligned_dataset/pour_water_split/Seg2/pour_water_rgb,qa_pairs/aligned/rgb_qa_results_aligned.json,spatial_reasoning,1,"The pink pitcher is to the left of the pink mug, which is placed next to the metal container. The lid is located between the pitcher and the mug. The scene occupies a space of about two steps within reach on a white surface."
3eda760172ae,rgb,aligned_dataset/pour_water_split/Seg2/pour_water_rgb,qa_pairs/aligned/rgb_qa_results_aligned.json,navigation,10,"The video shows a static, top-down view of a desk area. There is no navigation or movement from one place to another; the camera is fixed in one spot throughout the video."
6a2fb17f1637,rgb,aligned_dataset/pour_water_split/Seg2/pour_water_rgb,qa_pairs/aligned/rgb_qa_results_aligned.json,dynamic_recognition,8,There are no dynamic objects or humans in the video; the scene is entirely static. No dynamic recognition can be performed as everything remains in a fixed position (Frames 0-870).
9f09e9226519,rgb,aligned_dataset/pour_water_split/Seg2/pour_water_rgb,qa_pairs/aligned/rgb_qa_results_aligned.json,non_common,1,The objects on the table are standard kitchen items. The layout is logical for a meal preparation task. No unusual physics or misplaced furniture are observed.
a3eba68595a9,rgb,aligned_dataset/pour_water_split/Seg2/pour_water_rgb,qa_pairs/aligned/rgb_qa_results_aligned.json,light_recognition,1,"The scene is well-lit with ambient light coming from above, creating clear visibility of the white desk and the objects on it, including a pink pitcher, a pink mug, and a metal container."
a9cfabc56b1c,rgb,aligned_dataset/pour_water_split/Seg2/pour_water_rgb,qa_pairs/aligned/rgb_qa_results_aligned.json,object_recognition,1,"The video shows a person's hands preparing a beverage on a table. The items identified include a tall, cylindrical metal container, a pink handled mug, a small transparent plastic lid, and a large pink plastic pitcher."
b0f7a2c46d8a,rgb,aligned_dataset/pour_water_split/Seg2/pour_water_rgb,qa_pairs/aligned/rgb_qa_results_aligned.json,dynamic_counting,8,There are no dynamic objects or humans moving in this video. The only motion is the camera's perspective shift as it adjusts to the scene.
c7f699355b27,rgb,aligned_dataset/pour_water_split/Seg2/pour_water_rgb,qa_pairs/aligned/rgb_qa_results_aligned.json,scene_sequence,10,"The scene sequence is static throughout the video. It shows a top-down view of a white surface containing a pink pitcher, a clear lid with a pink insert, a metal cup, and a black device (likely a heater or mixer) on the right side. The scene does not change or transition; it remains a fixed tabletop view."
0371fbb34f67,rgb,aligned_dataset/ride_a_bike_split/Seg1/ride_a_bike_rgb,qa_pairs/aligned/rgb_qa_results_aligned.json,navigation,10,"The navigation involves moving forward along a straight, paved street. The path is consistent throughout the night and day sequences, following the right-hand curb, with no major turns required."
0425b9a6200b,rgb,aligned_dataset/ride_a_bike_split/Seg1/ride_a_bike_rgb,qa_pairs/aligned/rgb_qa_results_aligned.json,non_common,8,The video shows a typical street scene. No major layout violations or unrealistic physics were observed. The furniture/objects are appropriately placed.
2b1a60e0e77b,rgb,aligned_dataset/ride_a_bike_split/Seg1/ride_a_bike_rgb,qa_pairs/aligned/rgb_qa_results_aligned.json,action,8,"The subject is riding a bicycle or vehicle forward along a street, passing buildings and parked cars. The purpose is likely commuting or traversing the neighborhood to observe the environment."
371dde9b5433,rgb,aligned_dataset/ride_a_bike_split/Seg1/ride_a_bike_rgb,qa_pairs/aligned/rgb_qa_results_aligned.json,dynamic_recognition,8,"The camera moves forward along a street. Dynamic elements identified: 1. Stationary vehicles throughout (night: frame 0-870, day: frame 0-870), 2. The observer/subject (frame 0-870)."
4a5a4252b521,rgb,aligned_dataset/ride_a_bike_split/Seg1/ride_a_bike_rgb,qa_pairs/aligned/rgb_qa_results_aligned.json,text_recognition,8,"The video captured at night displays street signs and building labels. In frame 240, there is a sign indicating parking regulations. In frame 600, building identification numbers are visible on the exterior walls."
6222adb8a268,rgb,aligned_dataset/ride_a_bike_split/Seg1/ride_a_bike_rgb,qa_pairs/aligned/rgb_qa_results_aligned.json,dynamic_counting,8,"The video shows various stationary and dynamic objects. Dynamic elements include: 1. A white car moving in the daylight section (starts frame 0, ends frame 870), 2. The camera-carrying subject (the bike) moving forward (starts frame 0, ends frame 870)."
8242c3e8e8dd,rgb,aligned_dataset/ride_a_bike_split/Seg1/ride_a_bike_rgb,qa_pairs/aligned/rgb_qa_results_aligned.json,light_recognition,1,"Multiple street lamps are the primary light sources in the scene, casting illumination on the pavement and surroundings. The lights are spaced along the street."
8b08ecaf2671,rgb,aligned_dataset/ride_a_bike_split/Seg1/ride_a_bike_rgb,qa_pairs/aligned/rgb_qa_results_aligned.json,object_recognition,1,"The scene is a paved street at night, illuminated by multiple street lamps. Objects present include a sidewalk, several parked vehicles (cars and a caravan/camper), a trash bin, and building structures."
9c7ed390eb41,rgb,aligned_dataset/ride_a_bike_split/Seg1/ride_a_bike_rgb,qa_pairs/aligned/rgb_qa_results_aligned.json,counting,10,"The video features several objects useful for daily life and navigation: 1. Street lights (8 visible), 2. Parked cars/vans (multiple), 3. Buildings (2 main structures), 4. Trees (more than 5), 5. Manhole covers (2 visible in the final sequence)."
c6a0fa611448,rgb,aligned_dataset/ride_a_bike_split/Seg1/ride_a_bike_rgb,qa_pairs/aligned/rgb_qa_results_aligned.json,light_change,8,"The video begins with low-light, artificial street lighting illuminating a dark residential street. As the video progresses, the lighting shifts to bright, natural sunlight, indicating a change in time of day."
e308b8542cd3,rgb,aligned_dataset/ride_a_bike_split/Seg1/ride_a_bike_rgb,qa_pairs/aligned/rgb_qa_results_aligned.json,scene_sequence,10,"The video shows a path starting from a dimly lit street with parked cars and a camper, moving along a modern building with large windows and brick-paved sections, eventually transitioning to a brighter, daytime scene featuring a street with various parked vehicles, trees, and sidewalks."
ede1a2f74cbc,rgb,aligned_dataset/ride_a_bike_split/Seg1/ride_a_bike_rgb,qa_pairs/aligned/rgb_qa_results_aligned.json,spatial_reasoning,1,"The scene displays several spatial relationships: 1. The street lamp is to the left of the sidewalk. 2. The camper is parked behind a small car. 3. The sidewalk is adjacent to the road. 4. Buildings are located to the right of the street. 5. A trash bin is positioned between the sidewalk and the road. Estimated steps: The street lamp is approximately 3 steps from the sidewalk, and the camper is roughly 10 steps away."
2395b5855cab,rgb,aligned_dataset/ride_a_bike_split/Seg2/ride_a_bike_rgb,qa_pairs/aligned/rgb_qa_results_aligned.json,navigation,1,"I move forward through the storage room for about 10 steps, turn slightly right toward the door, exit by pushing the door, and then walk straight along the sidewalk."
46bd0745086e,rgb,aligned_dataset/ride_a_bike_split/Seg2/ride_a_bike_rgb,qa_pairs/aligned/rgb_qa_results_aligned.json,scene_sequence,1,"The video begins in a dark, enclosed bicycle storage room filled with parked bikes. The camera moves toward a door with a sign, exits the room, and continues moving along a suburban street lined with parked vehicles."
7b725edcc487,rgb,aligned_dataset/ride_a_bike_split/Seg2/ride_a_bike_rgb,qa_pairs/aligned/rgb_qa_results_aligned.json,text_recognition,1,"The text 'Fahrräder' with a bicycle icon appears in frame 000870 on the door, indicating it is the bicycle storage room."
7e2d23082e62,rgb,aligned_dataset/ride_a_bike_split/Seg2/ride_a_bike_rgb,qa_pairs/aligned/rgb_qa_results_aligned.json,object_recognition,1,"The video features a dark, indoor bicycle storage area with rows of metal bike racks along a wall. Several bicycles are parked in these racks. The environment is dimly lit."
8075e1d594e3,rgb,aligned_dataset/ride_a_bike_split/Seg2/ride_a_bike_rgb,qa_pairs/aligned/rgb_qa_results_aligned.json,dynamic_counting,1,The video shows the camera moving past static bicycles (frames 0-870) and then moving along a street with parked cars (frames 870-870). No moving objects or humans are present.
87eba6ee3e66,rgb,aligned_dataset/ride_a_bike_split/Seg2/ride_a_bike_rgb,qa_pairs/aligned/rgb_qa_results_aligned.json,non_common,1,"The layout of the bicycle storage room is functional. No physical laws are violated, though the lighting is quite dim for a storage facility."
92faafc1d23c,rgb,aligned_dataset/ride_a_bike_split/Seg2/ride_a_bike_rgb,qa_pairs/aligned/rgb_qa_results_aligned.json,spatial_reasoning,1,"The bicycle racks are aligned along the wall. The camera is positioned at the entrance. Key pairs: 1) Camera to first rack (2 steps), 2) First rack to last rack (10 steps), 3) Bicycles to the wall (1 step), 4) Rack to ceiling (4 steps)."
992ea6fd76e9,rgb,aligned_dataset/ride_a_bike_split/Seg2/ride_a_bike_rgb,qa_pairs/aligned/rgb_qa_results_aligned.json,light_recognition,1,"The light source consists of ceiling-mounted fluorescent fixtures that provide dim lighting in the bike room, and daylight illumination once outside."
9c4de9465f73,rgb,aligned_dataset/ride_a_bike_split/Seg2/ride_a_bike_rgb,qa_pairs/aligned/rgb_qa_results_aligned.json,dynamic_recognition,1,The video captures a static environment except for the camera's own movement. No other dynamic objects or humans are identified.
9ee099bf02b4,rgb,aligned_dataset/ride_a_bike_split/Seg2/ride_a_bike_rgb,qa_pairs/aligned/rgb_qa_results_aligned.json,action,1,"I am walking through a bike storage room, approaching a door, and then exiting into the outdoors. This is a transition from a secure storage area to a public street."
af92b59fcea0,rgb,aligned_dataset/ride_a_bike_split/Seg2/ride_a_bike_rgb,qa_pairs/aligned/rgb_qa_results_aligned.json,light_change,1,"The video starts in a dark, indoor room and shifts to a bright, sunlit outdoor street scene after passing through a door."
c5a844bcf7b1,rgb,aligned_dataset/ride_a_bike_split/Seg2/ride_a_bike_rgb,qa_pairs/aligned/rgb_qa_results_aligned.json,counting,1,"The video contains: 1 room, 1 door, 12 metal bike rack sections, 8 parked bicycles, and 4 street-level vehicles."
198a25a36555,rgb,aligned_dataset/use_computer_split/Seg1/use_computer_rgb,qa_pairs/aligned/rgb_qa_results_aligned.json,scene_sequence,10,"The video starts with a close-up of a laptop screen and a phone in a dark environment. The camera then moves downward to focus on a spiral-bound notebook and a pair of hands. The hands begin writing on the paper. Finally, the camera shifts slightly to show the entire desk setup including cables and a USB hub."
2475227c1037,rgb,aligned_dataset/use_computer_split/Seg1/use_computer_rgb,qa_pairs/aligned/rgb_qa_results_aligned.json,light_recognition,1,"In the darkness, the laptop screen serves as a rectangular white light source. The phone screen is another smaller, rectangular white light source. There is no overhead lighting initially, creating strong contrast. Later, hands are partially illuminated by the screen's glow."
33e1171c9075,rgb,aligned_dataset/use_computer_split/Seg1/use_computer_rgb,qa_pairs/aligned/rgb_qa_results_aligned.json,dynamic_recognition,1,Hands appear in the frame holding a pen and begin writing on the notebook at frame 000540 and continue until frame 000870. The motion is smooth as it follows the pen tip.
4156917b9d88,rgb,aligned_dataset/use_computer_split/Seg1/use_computer_rgb,qa_pairs/aligned/rgb_qa_results_aligned.json,light_change,8,"The video begins in a very dark environment with only screen light. As the video progresses, there is no internal light change in the night frames, but the day frames show a well-lit desk area with natural or lamp lighting."
7562682aa38b,rgb,aligned_dataset/use_computer_split/Seg1/use_computer_rgb,qa_pairs/aligned/rgb_qa_results_aligned.json,object_recognition,1,"The video frames depict a dark room where the primary visual elements are a laptop with a glowing screen displaying a video, a brightly lit smartphone screen to its right, and a spiral-bound notebook on the desk in front of the laptop. Later, hands appear and use a clear-barreled pen to write on the notebook. The laptop is grey, and a small blue 'Intel Core' sticker is visible on the bottom left corner of the keyboard area."
850d92c26116,rgb,aligned_dataset/use_computer_split/Seg1/use_computer_rgb,qa_pairs/aligned/rgb_qa_results_aligned.json,non_common,1,The layout is standard for a study desk. There are no obvious common-sense violations or unrealistic physics. The notebook is placed logically for writing while watching a video.
9b2445ced8e9,rgb,aligned_dataset/use_computer_split/Seg1/use_computer_rgb,qa_pairs/aligned/rgb_qa_results_aligned.json,dynamic_counting,8,"The only moving objects are the two hands belonging to the person behind the camera. They enter the frame at 000540 and stay until the end, moving the pen across the notebook."
a61e5ca34278,rgb,aligned_dataset/use_computer_split/Seg1/use_computer_rgb,qa_pairs/aligned/rgb_qa_results_aligned.json,action,8,"I am taking notes on German vocabulary and sentences while watching an educational video. I use a pen to write 'Deutsch Letter' and several phrases into a spiral-bound notebook. The purpose is likely language learning, and the consequence is having a written record of the lesson."
c55671cbdc18,rgb,aligned_dataset/use_computer_split/Seg1/use_computer_rgb,qa_pairs/aligned/rgb_qa_results_aligned.json,spatial_reasoning,1,"Initially, the laptop is directly in front of the camera. The smartphone is positioned about half a step to the right of the laptop. A USB hub is connected and sits about half a step to the left of the laptop. The spiral-bound notebook is placed directly between the user and the laptop's keyboard. My hands are positioned over the notebook, holding a pen."
cc1f2f9d3ee1,rgb,aligned_dataset/use_computer_split/Seg1/use_computer_rgb,qa_pairs/aligned/rgb_qa_results_aligned.json,counting,10,"I can identify 1 laptop, 1 smartphone, 1 spiral-bound notebook, 1 clear pen, 1 USB hub, and 1 desk lamp base. There is also 1 red watch strap on the desk."
d14f8d9f7d0d,rgb,aligned_dataset/use_computer_split/Seg1/use_computer_rgb,qa_pairs/aligned/rgb_qa_results_aligned.json,navigation,10,"The camera remains mostly stationary relative to the user, but it tilts downward from the screen to the notebook (about 1 step forward/down) and then slightly back up."
f74e699b87f4,rgb,aligned_dataset/use_computer_split/Seg1/use_computer_rgb,qa_pairs/aligned/rgb_qa_results_aligned.json,text_recognition,8,"The laptop screen shows a YouTube video titled 'In the streets of Berlin | Super Easy German 2'. On the laptop's body, a sticker reads 'intel CORE ULTRA 5'. The notebook page has a header 'Deutsch Letter' at frame 000540. Below it, the alphabet is written with pronunciations. Further down, phrases like 'einen Bruder eine Schwester' (frame 000600) and 'Walt fragt eine Frau nach dem Weg' are visible. In frame 000840, the hand writes 'Walt geht über die Straße'."
093fed0ebb75,rgb,aligned_dataset/use_computer_split/Seg2/use_computer_rgb,qa_pairs/aligned/rgb_qa_results_aligned.json,light_recognition,1,"In the dark, the primary light source is the laptop's LCD screen, which casts a bright cool-white glow downwards onto the keyboard and the desk surface. The smartphone on the right acts as a secondary, smaller white light source. Reflections are visible on the metallic parts of the USB hub."
0f6b7aa60689,rgb,aligned_dataset/use_computer_split/Seg2/use_computer_rgb,qa_pairs/aligned/rgb_qa_results_aligned.json,dynamic_counting,8,"In the video playing on the laptop screen, a man (Walt) crosses a street from frame 000630 to 000870. One car is seen driving in the background of the video. My pen moves across the paper as I write, crossing several lines."
13d87e3340d8,rgb,aligned_dataset/use_computer_split/Seg2/use_computer_rgb,qa_pairs/aligned/rgb_qa_results_aligned.json,non_common,1,"The notepad paper is not properly secured in the binder rings, which is slightly disorganized. The USB hub and cables are lying somewhat messily on the desk surface. No major unrealistic or physics-violating drawbacks are observed."
15ea0bade406,rgb,aligned_dataset/use_computer_split/Seg2/use_computer_rgb,qa_pairs/aligned/rgb_qa_results_aligned.json,spatial_reasoning,1,The grey USB hub is positioned to the left of the laptop. A notepad binder is placed directly in front of the laptop's touchpad. A pen is held by my right hand over the notepad. Black cables connect the USB hub to the laptop's left-side ports. There are zero steps between me and the notepad as it is right in front of me.
51cd9e6d3e82,rgb,aligned_dataset/use_computer_split/Seg2/use_computer_rgb,qa_pairs/aligned/rgb_qa_results_aligned.json,action,8,I am watching a German language learning video on YouTube. I am using a pen to transcribe sentences shown on the screen onto a notepad. My purpose is likely language study and memorization. The consequence is a completed set of written notes for later review.
6da216a7072c,rgb,aligned_dataset/use_computer_split/Seg2/use_computer_rgb,qa_pairs/aligned/rgb_qa_results_aligned.json,dynamic_recognition,1,"The pen begins writing the alphabet at frame 000630 and continues to write sentences until the end of the video at frame 000870. In the YouTube video, a man in a blue shirt walks across a crosswalk starting at frame 000630 and finishing his crossing by 000840."
bb4eb2705ff7,rgb,aligned_dataset/use_computer_split/Seg2/use_computer_rgb,qa_pairs/aligned/rgb_qa_results_aligned.json,light_change,8,"The video begins in a very low-light environment where only the laptop and phone screens are visible. Around frame 000630, the ambient light increases significantly, revealing the white desk and the detailed texture of the notepad and devices. The lighting remains bright and consistent from there until the end of the clip."
ca3fa805a547,rgb,aligned_dataset/use_computer_split/Seg2/use_computer_rgb,qa_pairs/aligned/rgb_qa_results_aligned.json,counting,10,There is 1 laptop on the desk. 1 grey USB hub is connected. 2 black USB cables are plugged into the hub. I have 1 pen in my hand. The binder has 10 visible rings on the left edge. There are 2 stickers on the left palm rest. The YouTube video has 1 main video window. I have written approximately 5 lines of notes. There is 1 lamp stand on the left. 1 smartphone is on the right in the dark phase.
cad19070fb9f,rgb,aligned_dataset/use_computer_split/Seg2/use_computer_rgb,qa_pairs/aligned/rgb_qa_results_aligned.json,navigation,10,"To navigate the desk, I reach down from the laptop keyboard to the notepad. To reach the USB hub, I would move my hand to the left. The pen is moved back and forth across the paper in a horizontal motion for writing. The lamp is located behind and to the left of the main work area."
d0a9bcf66a88,rgb,aligned_dataset/use_computer_split/Seg2/use_computer_rgb,qa_pairs/aligned/rgb_qa_results_aligned.json,object_recognition,1,"A laptop is open on a white desk in a dark room, illuminated primarily by its own screen which displays a coding or video interface. To the right, a mobile phone or tablet with a bright white screen lies flat. To the left of the laptop, a grey USB hub is connected via a cable, and several other dark cables are scattered across the table surface. A binder with loose-leaf paper sits in front of the laptop."
f14e0b6e7ff2,rgb,aligned_dataset/use_computer_split/Seg2/use_computer_rgb,qa_pairs/aligned/rgb_qa_results_aligned.json,scene_sequence,10,"The video starts with a dark view of a laptop and a bright phone screen. The focus shifts to a well-lit desk area showing the laptop keyboard and a grey USB hub. Next, the focus moves down to a notepad where I am writing German phrases. Finally, the scene settles on the completed notes showing sentences about 'Walt' crossing a street."
f6b2ad9d8a3c,rgb,aligned_dataset/use_computer_split/Seg2/use_computer_rgb,qa_pairs/aligned/rgb_qa_results_aligned.json,text_recognition,8,"The laptop has an 'intel CORE ULTRA 5' sticker on the left palm rest (frame 000630). The notepad header reads 'Deutsch Letter' (frame 000630). Below it is a list of alphabet letters. Further down, sentences include 'einen Bruder eine Schwester', 'einen Nickerchen(nop)', 'Walt fragt eine Frau nach dem Weg.', and 'Walt geht über die Straße' (frame 000870). The laptop hinge area has the 'Lenovo' logo (frame 000630). A 'Printer Status Report' header is visible on a sheet under the binder."
1ad93dfd3294,rgb,aligned_dataset/use_computer_split/Seg3/use_computer_rgb,qa_pairs/aligned/rgb_qa_results_aligned.json,object_recognition,1,"The video features a silver Lenovo laptop on a desk, with a black power adapter cable visible on the left. In the foreground, there is a spiral-bound notebook where a person is writing with a pen. The laptop screen displays a YouTube video."
4415811103fa,rgb,aligned_dataset/use_computer_split/Seg3/use_computer_rgb,qa_pairs/aligned/rgb_qa_results_aligned.json,light_recognition,1,"The primary light source is the laptop screen, which illuminates the keyboard and the notebook. The environment is dim, suggesting a low-light setting with ambient light reflecting off the notebook surface."
44c90f742955,rgb,aligned_dataset/use_computer_split/Seg3/use_computer_rgb,qa_pairs/aligned/rgb_qa_results_aligned.json,text_recognition,8,"The laptop screen shows a YouTube video with the title 'In the streets of Berlin | Super Easy German 2'. The notebook in the foreground contains a list of 'Deutsch Letter' (German alphabet) and some handwritten sentences, including 'einen Bruder eine schwester' and 'Walter hat Geld abgehoben'."
4b73d9e9e6d5,rgb,aligned_dataset/use_computer_split/Seg3/use_computer_rgb,qa_pairs/aligned/rgb_qa_results_aligned.json,counting,1,"The video shows: 1 laptop, 1 notebook, 1 pen, 1 power adapter, and 1 desk surface."
83b29ad5524d,rgb,aligned_dataset/use_computer_split/Seg3/use_computer_rgb,qa_pairs/aligned/rgb_qa_results_aligned.json,dynamic_recognition,1,"The hand (frame 0-870) is the only dynamic object, moving as it writes text into the notebook."
9325f3939de5,rgb,aligned_dataset/use_computer_split/Seg3/use_computer_rgb,qa_pairs/aligned/rgb_qa_results_aligned.json,navigation,1,"The camera is positioned in a stationary, top-down view focused on the desk. No movement or navigation of the camera occurs."
99f02d6ddf1d,rgb,aligned_dataset/use_computer_split/Seg3/use_computer_rgb,qa_pairs/aligned/rgb_qa_results_aligned.json,action,1,"The subject is writing in a notebook. They are transcribing German vocabulary and sentences, likely to practice or study the language they are watching on their laptop."
9f0aa0f2a104,rgb,aligned_dataset/use_computer_split/Seg3/use_computer_rgb,qa_pairs/aligned/rgb_qa_results_aligned.json,scene_sequence,1,"The sequence shows a stationary view of a desk setup. The person is writing in a notebook, initially drafting the German alphabet and then writing sentences. The camera remains fixed, focusing on the writing process as the YouTube video plays on the screen in the background."
9fa3530af37f,rgb,aligned_dataset/use_computer_split/Seg3/use_computer_rgb,qa_pairs/aligned/rgb_qa_results_aligned.json,non_common,1,The workspace setup is realistic and follows common physical laws; there are no floating objects or violations of standard physical reality.
bc0cf6c1029e,rgb,aligned_dataset/use_computer_split/Seg3/use_computer_rgb,qa_pairs/aligned/rgb_qa_results_aligned.json,light_change,1,The lighting remains relatively consistent throughout the video as the laptop screen stays illuminated. There is no significant change in the brightness of the scene.
e667c64c0e01,rgb,aligned_dataset/use_computer_split/Seg3/use_computer_rgb,qa_pairs/aligned/rgb_qa_results_aligned.json,spatial_reasoning,1,The laptop is placed behind a notebook. The power adapter cable is positioned to the left of the laptop. The pen is held by a hand and rests on the notebook. The notebook is between the user and the laptop. The screen is above the keyboard. These objects are about 1-2 feet from the camera.
e8ab4779e31a,rgb,aligned_dataset/use_computer_split/Seg3/use_computer_rgb,qa_pairs/aligned/rgb_qa_results_aligned.json,dynamic_counting,1,The only dynamic action is the hand writing with the pen. No other objects or humans move within the frame.
17ff6790b8f8,rgb,aligned_dataset/use_computer_split/Seg4/use_computer_rgb,qa_pairs/aligned/rgb_qa_results_aligned.json,non_common,1,"The scene is a standard desk setup. There are no logical inconsistencies, floating objects, or layout design flaws visible."
38f73df337d4,rgb,aligned_dataset/use_computer_split/Seg4/use_computer_rgb,qa_pairs/aligned/rgb_qa_results_aligned.json,dynamic_counting,8,"There is little to no dynamic movement in the environment, except for the hands of the subject holding the notebook and the screen content showing moving people in the background video."
552a3be1c49c,rgb,aligned_dataset/use_computer_split/Seg4/use_computer_rgb,qa_pairs/aligned/rgb_qa_results_aligned.json,navigation,10,The video does not involve any navigation or movement through space. The subject remains in a fixed position at a desk with a laptop and a notebook.
a1d36d3ec425,rgb,aligned_dataset/use_computer_split/Seg4/use_computer_rgb,qa_pairs/aligned/rgb_qa_results_aligned.json,action,8,"The subject is holding a notebook with both hands, likely referencing or transcribing information from the laptop screen. The primary action is writing or preparing to write with a pen in the right hand."
a97639c0ebde,rgb,aligned_dataset/use_computer_split/Seg4/use_computer_rgb,qa_pairs/aligned/rgb_qa_results_aligned.json,light_change,8,"The video starts in a very dim, low-light environment with the only illumination coming from the laptop screen. At the end of the video, there is a sudden transition to a bright, well-lit environment, suggesting the lights were turned on or the camera moved to a sunlit area."
ab2935da5b26,rgb,aligned_dataset/use_computer_split/Seg4/use_computer_rgb,qa_pairs/aligned/rgb_qa_results_aligned.json,scene_sequence,10,The scene remains static throughout the video. The camera is positioned over a workspace with a laptop in the background and a notebook being held by the user in the foreground. No other environments are entered or passed.
afb96dec4fe6,rgb,aligned_dataset/use_computer_split/Seg4/use_computer_rgb,qa_pairs/aligned/rgb_qa_results_aligned.json,spatial_reasoning,1,"The laptop is in the background, with the piece of paper positioned in the foreground held by two hands. The pen is located to the right of the paper. There are multiple pairs of objects: hands and paper (0 steps), hands and laptop (2 steps), paper and laptop (1 step), pen and paper (1 step), and pen and laptop (1 step)."
b306432d3f4c,rgb,aligned_dataset/use_computer_split/Seg4/use_computer_rgb,qa_pairs/aligned/rgb_qa_results_aligned.json,light_recognition,1,"The initial frames are in a low-light environment with a dim source of light illuminating the paper. The later frames are in a well-lit environment, possibly with daylight, as indicated by the brightness of the room and the clear view of the desk surface."
c1c7ece5df66,rgb,aligned_dataset/use_computer_split/Seg4/use_computer_rgb,qa_pairs/aligned/rgb_qa_results_aligned.json,object_recognition,1,"The scene shows a person's hands holding a piece of paper with handwritten text, positioned in front of a laptop computer. The laptop is dark, with a thin, bright horizontal line visible on its surface, likely a reflection or a power light. There is a pen lying on the surface to the right of the paper."
c22bea4885ff,rgb,aligned_dataset/use_computer_split/Seg4/use_computer_rgb,qa_pairs/aligned/rgb_qa_results_aligned.json,dynamic_recognition,1,The subject's hands interact with the laptop trackpad and occasionally move the pen. These interactions happen throughout the latter part of the video.
ef97a8827e83,rgb,aligned_dataset/use_computer_split/Seg4/use_computer_rgb,qa_pairs/aligned/rgb_qa_results_aligned.json,text_recognition,8,The video features a person writing on a notebook while a laptop screen displays a YouTube video titled 'In the streets of Berlin | Super Easy German 2'. The text on the notebook seems to be a list of letters or a key. The notebook text appears from the start until the end of the video.
f0aff246ed91,rgb,aligned_dataset/use_computer_split/Seg4/use_computer_rgb,qa_pairs/aligned/rgb_qa_results_aligned.json,counting,10,"The video features a few key items: 1 laptop, 1 notebook, 1 pen, 1 pair of hands, and 1 desk/surface. These items are consistently present throughout the recording."
30aa0ac8296d,rgb,aligned_dataset/use_computer_split/Seg5/use_computer_rgb,qa_pairs/aligned/rgb_qa_results_aligned.json,scene_sequence,10,"The video starts with me using a laptop showing a code interface. I then switch to watching a YouTube video about learning German. Finally, the scene transitions to me writing down German words and sentences in a spiral-bound notebook on the desk."
344720ae27c7,rgb,aligned_dataset/use_computer_split/Seg5/use_computer_rgb,qa_pairs/aligned/rgb_qa_results_aligned.json,dynamic_recognition,1,"My hand moves from the side to the notebook to start writing around frame 000780 and continues until the end. In the video on the screen, a man in a grey shirt walks from right to left starting around frame 000300 and ending around frame 000600."
35c4259ba664,rgb,aligned_dataset/use_computer_split/Seg5/use_computer_rgb,qa_pairs/aligned/rgb_qa_results_aligned.json,text_recognition,8,"On the notebook (frame 000870), the text 'Deutsch Letter' is written at the top. Below it, the German alphabet is listed. Further down, sentences like 'einen Bruder eine Schwester' and 'einen Nickerchen(nop)' are written. On the laptop, an 'intel CORE Ultra 5' sticker is visible. The YouTube video title 'In the streets of Berlin | Super Easy German 2' can be seen on the screen (frame 000300)."
46e56f67ff7e,rgb,aligned_dataset/use_computer_split/Seg5/use_computer_rgb,qa_pairs/aligned/rgb_qa_results_aligned.json,dynamic_counting,8,"In the YouTube video on the screen, a man is seen walking across a street. My hands are moving as I type and write. No other moving objects are identified outside the laptop screen."
64ccd6ee1861,rgb,aligned_dataset/use_computer_split/Seg5/use_computer_rgb,qa_pairs/aligned/rgb_qa_results_aligned.json,non_common,1,The scene appears realistic. The desk layout is common for a workspace. All objects follow physical laws and are placed naturally.
8bb179248c5f,rgb,aligned_dataset/use_computer_split/Seg5/use_computer_rgb,qa_pairs/aligned/rgb_qa_results_aligned.json,action,8,"I am using a laptop for work or study, then I transition to watching a language learning video. Finally, I use a pen to write German vocabulary and sentences in a notebook. The purpose is likely learning or practicing the German language."
a1f459980e91,rgb,aligned_dataset/use_computer_split/Seg5/use_computer_rgb,qa_pairs/aligned/rgb_qa_results_aligned.json,counting,10,"I can identify 1 laptop, 1 smartphone, 1 notebook, 1 pen, and 1 USB-C hub. These are all present throughout the video."
a2b3e0611072,rgb,aligned_dataset/use_computer_split/Seg5/use_computer_rgb,qa_pairs/aligned/rgb_qa_results_aligned.json,light_recognition,1,The main light sources are the bright glow from the laptop screen and the smaller glow from the smartphone screen to the right. The light is directed towards my hands and the desk area from the front.
a53cb8b4ab24,rgb,aligned_dataset/use_computer_split/Seg5/use_computer_rgb,qa_pairs/aligned/rgb_qa_results_aligned.json,object_recognition,1,"In the low-light frames, I can identify a laptop with a glowing screen displaying a code editor and later a YouTube video. A smartphone is placed to the right of the laptop with its screen on. A notebook and a pen are on the desk below the laptop. Hands are visible interacting with these objects. The laptop appears to be a dark grey or silver color, and the desk surface is dark."
d5686a93d0f4,rgb,aligned_dataset/use_computer_split/Seg5/use_computer_rgb,qa_pairs/aligned/rgb_qa_results_aligned.json,spatial_reasoning,1,The laptop is directly in front of me. A grey USB-C hub is connected to the left side of the laptop. A notebook is positioned directly below the laptop's keyboard. A pen is held in my right hand above the notebook. A phone is located to the right of the laptop. I am about 0 steps away from these objects as I am sitting at the desk.
e8b2538b18ba,rgb,aligned_dataset/use_computer_split/Seg5/use_computer_rgb,qa_pairs/aligned/rgb_qa_results_aligned.json,light_change,8,"The lighting remains relatively constant throughout the video, provided by the electronic screens. There are no sudden changes like lights turning on or off in the room, or external lights passing by."
ff2d47d3d923,rgb,aligned_dataset/use_computer_split/Seg5/use_computer_rgb,qa_pairs/aligned/rgb_qa_results_aligned.json,navigation,10,I am stationary at a desk. I interact with the laptop in front of me and then the notebook directly below it. I reach to the right for the pen.
0bbdeb5a1996,rgb,aligned_dataset/walk_upstairs_split/Seg1/walk_upstairs_rgb,qa_pairs/aligned/rgb_qa_results_aligned.json,text_recognition,1,"The text identified includes: 1) 'EARTH OBSERVATION RESEARCH' (frames 0-30, 150-870), which is the title of the posters. 2) 'UNIVERSITÄT WÜRZBURG' (frames 0-30, 150-870), indicating the institution. 3) Numbers on a small sign near the door, '01.6.16' (frames 0-30), likely an office number."
0d45dd63af64,rgb,aligned_dataset/walk_upstairs_split/Seg1/walk_upstairs_rgb,qa_pairs/aligned/rgb_qa_results_aligned.json,counting,1,The video displays: 1) At least 5 scientific posters on the walls. 2) One main white door. 3) One fire extinguisher. 4) Multiple door frames. 5) Several sets of stairs.
1818f7fb8902,rgb,aligned_dataset/walk_upstairs_split/Seg1/walk_upstairs_rgb,qa_pairs/aligned/rgb_qa_results_aligned.json,spatial_reasoning,1,The spatial layout includes several object pairs: 1) The door is adjacent to the wall poster (0 steps). 2) The door is opposite the railing (3 steps). 3) The poster is above the floor (approx 1.5 meters). 4) The railing is parallel to the wall (0 steps). 5) The floor is underneath the door and walls.
20bd0f4b4c1f,rgb,aligned_dataset/walk_upstairs_split/Seg1/walk_upstairs_rgb,qa_pairs/aligned/rgb_qa_results_aligned.json,scene_sequence,1,"The sequence starts in a hallway facing a door with posters nearby. The camera then moves through the space, showing staircases with metal railings, various informative posters on the walls, and then moving into a long corridor with multiple doorways and a fire extinguisher mounted on the wall."
4c5e60a1ee99,rgb,aligned_dataset/walk_upstairs_split/Seg1/walk_upstairs_rgb,qa_pairs/aligned/rgb_qa_results_aligned.json,object_recognition,1,"The video shows an indoor hallway environment featuring white walls, a closed white door, and framed scientific posters on the walls. The posters display map-like graphics labeled 'EARTH OBSERVATION RESEARCH' from 'UNIVERSITÄT WÜRZBURG'. The floor appears to be a light-colored, possibly tiled or linoleum surface."
7fee4ee6c1a1,rgb,aligned_dataset/walk_upstairs_split/Seg1/walk_upstairs_rgb,qa_pairs/aligned/rgb_qa_results_aligned.json,dynamic_recognition,1,A person is observed walking down the corridor in frames 810 to 870.
80815925acd1,rgb,aligned_dataset/walk_upstairs_split/Seg1/walk_upstairs_rgb,qa_pairs/aligned/rgb_qa_results_aligned.json,light_recognition,1,The light sources appear to be overhead interior fluorescent or LED lights that provide consistent illumination across the hallway and stairwell areas.
ac0601daddb2,rgb,aligned_dataset/walk_upstairs_split/Seg1/walk_upstairs_rgb,qa_pairs/aligned/rgb_qa_results_aligned.json,action,1,"The subject performs the action of walking through an institutional hallway and up a flight of stairs, likely to navigate between different offices or levels."
adc9afbda11a,rgb,aligned_dataset/walk_upstairs_split/Seg1/walk_upstairs_rgb,qa_pairs/aligned/rgb_qa_results_aligned.json,light_change,1,"The scene shows a transition from an interior office/hallway environment to a brighter area near windows as the camera moves up the stairs, causing a significant increase in light intensity."
addf45064064,rgb,aligned_dataset/walk_upstairs_split/Seg1/walk_upstairs_rgb,qa_pairs/aligned/rgb_qa_results_aligned.json,non_common,1,The layout appears consistent for an office or institutional building. No floating objects or unrealistic geometry was identified.
b04968a4881d,rgb,aligned_dataset/walk_upstairs_split/Seg1/walk_upstairs_rgb,qa_pairs/aligned/rgb_qa_results_aligned.json,dynamic_counting,1,There is a person appearing in the final frames (frames 810-870) walking down the corridor.
ded00925f01f,rgb,aligned_dataset/walk_upstairs_split/Seg1/walk_upstairs_rgb,qa_pairs/aligned/rgb_qa_results_aligned.json,navigation,1,"The navigation involves starting in front of a door, turning toward the stairs, climbing up the stairs (approx 15 steps), and proceeding down a long corridor until reaching another door."
34229e66652b,rgb,aligned_dataset/wash_cup_and_drink_water_split/Seg1/wash_cup_and_drink_water_rgb,qa_pairs/aligned/rgb_qa_results_aligned.json,dynamic_counting,8,"The only dynamic action is the subject's hand picking up and interacting with various kitchen items like mugs, a sponge, and a dish soap bottle."
37b75a4ab6d9,rgb,aligned_dataset/wash_cup_and_drink_water_split/Seg1/wash_cup_and_drink_water_rgb,qa_pairs/aligned/rgb_qa_results_aligned.json,spatial_reasoning,1,"Objects are arranged in the kitchen: 1. Mixing bowl and glasses are on the top shelf, 2. Mugs are on the bottom shelf, 3. Dish soap and sponge are on the counter, 4. Kettle is next to the sink. The subject is approximately two steps away from the cabinet and one step from the sink."
3fb4a82b5c33,rgb,aligned_dataset/wash_cup_and_drink_water_split/Seg1/wash_cup_and_drink_water_rgb,qa_pairs/aligned/rgb_qa_results_aligned.json,non_common,1,"The kitchen setup is generally standard. The cabinet contains typical dishware. The counter holds cleaning supplies and a kettle. There are no obvious violations of physical laws, floating objects, or impossible layout designs."
45b50c7413f1,rgb,aligned_dataset/wash_cup_and_drink_water_split/Seg1/wash_cup_and_drink_water_rgb,qa_pairs/aligned/rgb_qa_results_aligned.json,scene_sequence,10,"The video starts in a dark, empty space before moving to a kitchen cabinet area containing mugs and glasses, then transitions to a sink area where dishwashing occurs."
6fd9b34fd5d2,rgb,aligned_dataset/wash_cup_and_drink_water_split/Seg1/wash_cup_and_drink_water_rgb,qa_pairs/aligned/rgb_qa_results_aligned.json,action,8,"The subject is cleaning kitchenware: they pick up a mug, add soap to a sponge, and scrub the mug under the sink faucet."
736daed277fe,rgb,aligned_dataset/wash_cup_and_drink_water_split/Seg1/wash_cup_and_drink_water_rgb,qa_pairs/aligned/rgb_qa_results_aligned.json,light_recognition,1,"The initial light source is an artificial, concentrated beam from a mobile phone light, which is held by the subject. It creates high-contrast, localized illumination in a dark environment, highlighting the cabinet contents before the ambient room lighting is presumably adjusted."
7ba781dd4bcf,rgb,aligned_dataset/wash_cup_and_drink_water_split/Seg1/wash_cup_and_drink_water_rgb,qa_pairs/aligned/rgb_qa_results_aligned.json,navigation,10,"The navigation involves opening a cabinet to view stored items, then moving the camera to the sink area to perform dishwashing."
7fff49c070cb,rgb,aligned_dataset/wash_cup_and_drink_water_split/Seg1/wash_cup_and_drink_water_rgb,qa_pairs/aligned/rgb_qa_results_aligned.json,object_recognition,1,"The video features a kitchen setting where an individual is performing household tasks. Key objects include white ceramic coffee mugs, clear drinking glasses, a metallic mixing bowl, a dark container, a plastic bottle of dish soap, a kitchen sponge, and a dark-colored electric kettle. The kitchen counter surface is dark, and the storage cabinet is white."
db35243ae098,rgb,aligned_dataset/wash_cup_and_drink_water_split/Seg1/wash_cup_and_drink_water_rgb,qa_pairs/aligned/rgb_qa_results_aligned.json,light_change,8,"The video begins in total darkness, then a mobile phone screen lights up the scene, followed by a transition to a naturally lit room environment."
e20a801b9add,rgb,aligned_dataset/wash_cup_and_drink_water_split/Seg1/wash_cup_and_drink_water_rgb,qa_pairs/aligned/rgb_qa_results_aligned.json,dynamic_recognition,8,"The subject's hand is the primary dynamic entity, moving to grab a mug at 000500-000550, then scrubbing with a sponge from 000600-000850."
fa474a402ab8,rgb,aligned_dataset/wash_cup_and_drink_water_split/Seg1/wash_cup_and_drink_water_rgb,qa_pairs/aligned/rgb_qa_results_aligned.json,text_recognition,8,"The word 'FAIRY' is visible on the dishwashing liquid bottle starting from frame 000550, which is likely a brand label for the dish soap."
ffbf8b5e0020,rgb,aligned_dataset/wash_cup_and_drink_water_split/Seg1/wash_cup_and_drink_water_rgb,qa_pairs/aligned/rgb_qa_results_aligned.json,counting,10,"The scene includes several household items: a metal bowl, multiple drinking glasses, a dark container, a dishwashing liquid bottle, a sponge, and a dish brush."
1fce9f6a8e64,rgb,aligned_dataset/wash_cup_and_drink_water_split/Seg2/wash_cup_and_drink_water_rgb,qa_pairs/aligned/rgb_qa_results_aligned.json,light_recognition,1,"The scene is dimly lit with artificial lighting likely originating from above, casting soft shadows in the sink area. The light reflection is visible on the polished chrome of the faucet."
71dcea6c41ea,rgb,aligned_dataset/wash_cup_and_drink_water_split/Seg2/wash_cup_and_drink_water_rgb,qa_pairs/aligned/rgb_qa_results_aligned.json,dynamic_recognition,8,The movement of the person's hands with the sponge and mug starts at frame 000000 and lasts throughout the entire sequence until 000870.
80e48e23a761,rgb,aligned_dataset/wash_cup_and_drink_water_split/Seg2/wash_cup_and_drink_water_rgb,qa_pairs/aligned/rgb_qa_results_aligned.json,scene_sequence,10,"The video displays a static scene of a person washing a mug in a kitchen sink. The camera angle remains fixed, showing the sink, the faucet, and the person's hands throughout the entire duration."
86760b373cf2,rgb,aligned_dataset/wash_cup_and_drink_water_split/Seg2/wash_cup_and_drink_water_rgb,qa_pairs/aligned/rgb_qa_results_aligned.json,navigation,10,The scene is stationary. No navigation or movement through the room is shown.
94ae56dde226,rgb,aligned_dataset/wash_cup_and_drink_water_split/Seg2/wash_cup_and_drink_water_rgb,qa_pairs/aligned/rgb_qa_results_aligned.json,action,8,"The person is washing a white ceramic mug in a kitchen sink. They are holding the mug with one hand and using a yellow sponge with the other to clean its surface. The purpose is to clean the mug, and the consequence will be a clean dish."
c1da8f22452b,rgb,aligned_dataset/wash_cup_and_drink_water_split/Seg2/wash_cup_and_drink_water_rgb,qa_pairs/aligned/rgb_qa_results_aligned.json,spatial_reasoning,1,"The sink is located directly under the faucet. The sponge is in the person's right hand. The mug is held in the left hand inside the sink basin. The faucet is positioned above the center of the sink. A bottle of Fairy dish soap is placed behind the sink on the counter, approximately 2 steps away from the faucet."
c5d260b12f1b,rgb,aligned_dataset/wash_cup_and_drink_water_split/Seg2/wash_cup_and_drink_water_rgb,qa_pairs/aligned/rgb_qa_results_aligned.json,counting,10,"I can identify 1 sink, 1 faucet, 1 bottle of soap, 1 sponge, and 1 mug in the video."
d7976ed6c30e,rgb,aligned_dataset/wash_cup_and_drink_water_split/Seg2/wash_cup_and_drink_water_rgb,qa_pairs/aligned/rgb_qa_results_aligned.json,object_recognition,1,"The video shows a kitchen scene, specifically focusing on a stainless steel sink with a chrome faucet. A person is using a yellow sponge to scrub a white ceramic mug inside the sink."
e3265f3a5612,rgb,aligned_dataset/wash_cup_and_drink_water_split/Seg2/wash_cup_and_drink_water_rgb,qa_pairs/aligned/rgb_qa_results_aligned.json,dynamic_counting,8,"The only dynamic movement in the video is the person's hands scrubbing the mug with the sponge, which starts from frame 000000 and continues until the end of the video."
ed98e6414c60,rgb,aligned_dataset/wash_cup_and_drink_water_split/Seg2/wash_cup_and_drink_water_rgb,qa_pairs/aligned/rgb_qa_results_aligned.json,non_common,1,"The scene is a standard kitchen setup. No physical laws are violated, and the objects are in their expected locations (e.g., soap near the sink, sponge in the sink)."
f5e83b7ba784,rgb,aligned_dataset/wash_cup_and_drink_water_split/Seg2/wash_cup_and_drink_water_rgb,qa_pairs/aligned/rgb_qa_results_aligned.json,light_change,8,"The lighting remains constant throughout the video, which is a low-light indoor setting. There are no sudden changes in brightness or light sources."
f6ac063e3911,rgb,aligned_dataset/wash_cup_and_drink_water_split/Seg2/wash_cup_and_drink_water_rgb,qa_pairs/aligned/rgb_qa_results_aligned.json,text_recognition,8,"The text 'FAIRY' is visible on a bottle in the background of the kitchen sink area, identifiable in frame_000870. This is a common brand of dish soap used for cleaning kitchenware."
01087d489ffe,rgb,aligned_dataset/wash_cup_and_drink_water_split/Seg3/wash_cup_and_drink_water_rgb,qa_pairs/aligned/rgb_qa_results_aligned.json,non_common,1,"The kitchen counter layout appears functional and standard, with no obvious violations of physics or logic observed in the placement of items."
752b55aba44c,rgb,aligned_dataset/wash_cup_and_drink_water_split/Seg3/wash_cup_and_drink_water_rgb,qa_pairs/aligned/rgb_qa_results_aligned.json,object_recognition,1,"The video shows a kitchen counter with various items including a pink water bottle, a white box with an image of a kettle on it, a stack of white napkins, a scrubbing brush, a small bottle of soap, and a white mug being filled with water from a water pitcher."
79fef488160b,rgb,aligned_dataset/wash_cup_and_drink_water_split/Seg3/wash_cup_and_drink_water_rgb,qa_pairs/aligned/rgb_qa_results_aligned.json,action,8,"The subject is pouring hot water from an electric kettle into a white cup on the kitchen counter, likely to prepare a hot beverage."
94b9d2dd2a93,rgb,aligned_dataset/wash_cup_and_drink_water_split/Seg3/wash_cup_and_drink_water_rgb,qa_pairs/aligned/rgb_qa_results_aligned.json,text_recognition,8,"The word 'PHILIPS' is visible on the packaging of a kitchen appliance, likely an electric kettle, in frame 000330, indicating the brand of the product."
9ed4ff920e41,rgb,aligned_dataset/wash_cup_and_drink_water_split/Seg3/wash_cup_and_drink_water_rgb,qa_pairs/aligned/rgb_qa_results_aligned.json,light_change,8,"The video begins in total darkness (low light conditions). Throughout the sequence, the illumination improves until the kitchen countertop and items on it become clearly visible."
9fab7869dc38,rgb,aligned_dataset/wash_cup_and_drink_water_split/Seg3/wash_cup_and_drink_water_rgb,qa_pairs/aligned/rgb_qa_results_aligned.json,light_recognition,1,The video features a kitchen environment with ambient indoor lighting that brightens significantly as the scene progresses.
ace95dad8bb1,rgb,aligned_dataset/wash_cup_and_drink_water_split/Seg3/wash_cup_and_drink_water_rgb,qa_pairs/aligned/rgb_qa_results_aligned.json,scene_sequence,10,"The video starts in a very dark environment where nothing is visible. As the video progresses, the lighting improves significantly, revealing a kitchen countertop. On the counter, there is a Philips box, a white tray, a cleaning brush, a bottle of dish soap, and a pink water bottle. The scene remains static in the kitchen area."
b5cd391e0ddd,rgb,aligned_dataset/wash_cup_and_drink_water_split/Seg3/wash_cup_and_drink_water_rgb,qa_pairs/aligned/rgb_qa_results_aligned.json,dynamic_counting,8,"The only dynamic action in the video is the subject's hand pouring water from an electric kettle into a cup, which occurs from frame 000540 to 000870."
b7fa99f96d1a,rgb,aligned_dataset/wash_cup_and_drink_water_split/Seg3/wash_cup_and_drink_water_rgb,qa_pairs/aligned/rgb_qa_results_aligned.json,navigation,10,"The camera maintains a stationary position focused on a kitchen countertop, with no navigation or movement between rooms."
dc48246e6b87,rgb,aligned_dataset/wash_cup_and_drink_water_split/Seg3/wash_cup_and_drink_water_rgb,qa_pairs/aligned/rgb_qa_results_aligned.json,spatial_reasoning,1,"The kitchen counter has several objects: a pink water bottle is on the left, a box is in the corner, a stack of napkins is next to the box, a brush is behind the sink, and a white mug is on the sink area. The distance from the user to these items ranges from 1 to 3 steps."
e6f5dd05b546,rgb,aligned_dataset/wash_cup_and_drink_water_split/Seg3/wash_cup_and_drink_water_rgb,qa_pairs/aligned/rgb_qa_results_aligned.json,dynamic_recognition,8,"The primary dynamic movement is the pouring of water from a kettle, which starts at frame 000540 and ends at frame 000870."
e7e9223a6fc4,rgb,aligned_dataset/wash_cup_and_drink_water_split/Seg3/wash_cup_and_drink_water_rgb,qa_pairs/aligned/rgb_qa_results_aligned.json,counting,10,"In the kitchen, the following objects are identified: 1. A Philips box. 2. A white tray. 3. A cleaning brush. 4. A bottle of dish soap. 5. A pink water bottle. 6. An electric kettle."
5d30b45e14a6,rgb,aligned_dataset/wash_cup_split/Seg1/wash_cup_rgb,qa_pairs/aligned/rgb_qa_results_aligned.json,light_recognition,1,"The light source appears to be overhead ambient room lighting, which is quite dim, creating shadows and a low-visibility environment in the initial frames, which then slightly brightens."
601c59bfb44d,rgb,aligned_dataset/wash_cup_split/Seg1/wash_cup_rgb,qa_pairs/aligned/rgb_qa_results_aligned.json,text_recognition,1,"The video features a bottle of 'Pril' dish soap, with the text 'Pril' clearly visible on the label from frame 000540 onwards. This brand is used for cleaning dishes."
68650dd0ac99,rgb,aligned_dataset/wash_cup_split/Seg1/wash_cup_rgb,qa_pairs/aligned/rgb_qa_results_aligned.json,non_common,1,The layout of the kitchen appears standard. There are no obvious violations of physics or weird furniture placements.
724ac2f3fdef,rgb,aligned_dataset/wash_cup_split/Seg1/wash_cup_rgb,qa_pairs/aligned/rgb_qa_results_aligned.json,navigation,1,"The video captures a static interaction within a kitchen space, focusing on reaching for items near a sink. There is no large-scale navigation or walking involved."
76d6d8c43b96,rgb,aligned_dataset/wash_cup_split/Seg1/wash_cup_rgb,qa_pairs/aligned/rgb_qa_results_aligned.json,dynamic_counting,1,The video focuses on the movement of the subject's hands as they interact with kitchen items. There are no other dynamic objects or humans moving independently in the scene.
7ab2cb9987cb,rgb,aligned_dataset/wash_cup_split/Seg1/wash_cup_rgb,qa_pairs/aligned/rgb_qa_results_aligned.json,light_change,1,"The video starts in very low light, making objects difficult to distinguish. As the video progresses to the later frames, the lighting significantly improves, likely due to a light being turned on or external light sources changing, allowing clear identification of kitchen items."
85ca5f1e9179,rgb,aligned_dataset/wash_cup_split/Seg1/wash_cup_rgb,qa_pairs/aligned/rgb_qa_results_aligned.json,dynamic_recognition,1,"The subject's hand moves into the frame to pick up a green rubber glove at frame 000300 and releases it at frame 000360. Later, the hand reaches for and picks up the dish soap bottle at frame 000600, holding it until frame 000800."
925599e366b6,rgb,aligned_dataset/wash_cup_split/Seg1/wash_cup_rgb,qa_pairs/aligned/rgb_qa_results_aligned.json,object_recognition,1,"The video frames show a kitchen scene in low light, focusing on a stainless steel sink, a gray plastic trash can, a green pair of rubber gloves lying on the counter, a bottle of dish soap, a yellow sponge, and a container of sponges."
a93bf70d0540,rgb,aligned_dataset/wash_cup_split/Seg1/wash_cup_rgb,qa_pairs/aligned/rgb_qa_results_aligned.json,counting,1,"The video shows several household items: 1) green rubber gloves, 2) a bottle of dish soap, 3) a dish towel, 4) a yellow sponge, 5) a small plastic container, and 6) a metallic dish rack."
bcc8029091b7,rgb,aligned_dataset/wash_cup_split/Seg1/wash_cup_rgb,qa_pairs/aligned/rgb_qa_results_aligned.json,scene_sequence,1,"The video shows a kitchen environment. I start by focusing on the sink area, then move to pick up a green rubber glove from the counter, then show a dish soap bottle, and finally finish with a view of the sink, cloth, and sponge."
db49ecead4a7,rgb,aligned_dataset/wash_cup_split/Seg1/wash_cup_rgb,qa_pairs/aligned/rgb_qa_results_aligned.json,action,1,"The subject is performing kitchen cleaning tasks. They are seen picking up and handling cleaning items like a rubber glove, dish soap, and a sponge, likely preparing to wash dishes."
e21ef25a8da2,rgb,aligned_dataset/wash_cup_split/Seg1/wash_cup_rgb,qa_pairs/aligned/rgb_qa_results_aligned.json,spatial_reasoning,1,"Spatial relationships: The rubber gloves are on the counter to the left of the sink; the dish soap is behind the gloves; the yellow sponge is to the right of the dish soap; the container of sponges is further right, near the edge of the sink; the trash can is positioned below and to the left of the counter. The objects are approximately 1-2 steps away from my standing position."
0acb5ed9a396,rgb,aligned_dataset/wash_cup_split/Seg2/wash_cup_rgb,qa_pairs/aligned/rgb_qa_results_aligned.json,action,8,"I first reach for and move the striped dishcloth to clear space. Then, I pick up a bottle of Pril dish soap, likely to check the amount remaining or prepare for washing. Finally, I pick up the light green rubber gloves and put them on both hands. The purpose is to protect my hands while doing dishes or cleaning the sink area. The consequence is that my hands are now ready for wet cleaning tasks."
109320c5b9f1,rgb,aligned_dataset/wash_cup_split/Seg2/wash_cup_rgb,qa_pairs/aligned/rgb_qa_results_aligned.json,dynamic_counting,8,No moving people or external dynamic objects are present in the video besides the subject's hands.
12458d286832,rgb,aligned_dataset/wash_cup_split/Seg2/wash_cup_rgb,qa_pairs/aligned/rgb_qa_results_aligned.json,scene_sequence,10,"The video starts with a view of the kitchen counter area. First, I interact with the striped dishcloth. Then, I move towards the dish soap bottle and the light green rubber gloves. Finally, I focus on putting on the rubber gloves near the sink area."
2c8df95b7ca4,rgb,aligned_dataset/wash_cup_split/Seg2/wash_cup_rgb,qa_pairs/aligned/rgb_qa_results_aligned.json,dynamic_recognition,1,The only dynamic elements are the subject's hands. A hand reaches for the striped cloth at frame 000690 and picks up the soap bottle at frame 000720. Both hands are used to pull on the light green rubber gloves starting at frame 000840 and ending at 000870.
357c696c70c6,rgb,aligned_dataset/wash_cup_split/Seg2/wash_cup_rgb,qa_pairs/aligned/rgb_qa_results_aligned.json,object_recognition,1,"The scene is a kitchen countertop area at night. Identified objects include a stainless steel sink, a bottle of dish soap with a red cap, a pair of light green rubber gloves, a striped dishcloth, and several sponges. The countertop appears to be made of a metallic material, likely stainless steel. The texture of the gloves is smooth, while the sponges are porous."
43703a47e245,rgb,aligned_dataset/wash_cup_split/Seg2/wash_cup_rgb,qa_pairs/aligned/rgb_qa_results_aligned.json,navigation,10,The subject starts in front of the sink. No significant navigation or steps are taken away from this spot. Movement is limited to reaching for items on the counter within arm's reach.
474913f5b6e3,rgb,aligned_dataset/wash_cup_split/Seg2/wash_cup_rgb,qa_pairs/aligned/rgb_qa_results_aligned.json,light_change,8,The video undergoes a significant transition from complete darkness in the beginning to a fully lit environment halfway through. The illumination changes from zero to bright indoor lighting suddenly.
916c3180df3c,rgb,aligned_dataset/wash_cup_split/Seg2/wash_cup_rgb,qa_pairs/aligned/rgb_qa_results_aligned.json,light_recognition,1,The main light source appears to be an overhead indoor light providing even illumination across the stainless steel countertop. Reflections are visible on the metallic surfaces of the sink and the plastic soap bottles. The light is coming from a high angle relative to the camera.
ac4303630864,rgb,aligned_dataset/wash_cup_split/Seg2/wash_cup_rgb,qa_pairs/aligned/rgb_qa_results_aligned.json,non_common,1,The layout is a standard kitchen setup. No unrealistic physics or mesh clipping is observed. Objects are placed reasonably on the counter.
bcaea5d5f58c,rgb,aligned_dataset/wash_cup_split/Seg2/wash_cup_rgb,qa_pairs/aligned/rgb_qa_results_aligned.json,counting,10,"I can identify several useful daily objects: 1 stainless steel sink, 2 bottles of dish soap, 2 sponges in a tray, 1 pair of light green rubber gloves (2 gloves total), and 1 striped dishcloth. There is also 1 trash can visible near the counter."
c492087950a3,rgb,aligned_dataset/wash_cup_split/Seg2/wash_cup_rgb,qa_pairs/aligned/rgb_qa_results_aligned.json,text_recognition,8,"In frame 000690, a bottle of dish soap is held, showing the brand 'Pril' in a red circular logo. Another bottle visible in frame 000720 contains text such as 'Frosch' and 'Aloe Vera'. These are used for dishwashing and cleaning."
d2f1e4d3b6f9,rgb,aligned_dataset/wash_cup_split/Seg2/wash_cup_rgb,qa_pairs/aligned/rgb_qa_results_aligned.json,spatial_reasoning,1,The dish soap bottle is located directly behind the light green rubber gloves. The sponges are in a container to the right of the soap bottle. The striped cloth is draped partially over the rubber gloves. The stainless steel sink is positioned to the right of the dishcloth and gloves. The trash can is about 1 step away from the front of the countertop.
01d5785e9ffc,rgb,aligned_dataset/wash_cup_split/Seg3/wash_cup_rgb,qa_pairs/aligned/rgb_qa_results_aligned.json,scene_sequence,1,"The video starts with a dark view of the kitchen counter. I first interact with a striped dishcloth lying on the edge of the sink. Then, I move my hand to the left to reach for a pair of green rubber gloves. I pick up the top glove and begin putting it on my left hand while standing at the kitchen sink area."
3e2a36da81d6,rgb,aligned_dataset/wash_cup_split/Seg3/wash_cup_rgb,qa_pairs/aligned/rgb_qa_results_aligned.json,non_common,1,"The layout of the kitchen is standard and follows common sense. Objects are placed where they should be: soap and gloves by the sink, sponges in a tray. There are no unrealistic effects like floating furniture or mesh clipping."
46e1a81a462f,rgb,aligned_dataset/wash_cup_split/Seg3/wash_cup_rgb,qa_pairs/aligned/rgb_qa_results_aligned.json,navigation,1,"I am standing at the kitchen sink. I reach forward 0 steps to pick up a cloth. I then reach slightly to the left 0 steps to grab the green gloves. To reach the living room, I would need to turn around and walk approximately 10 steps."
50ff66608462,rgb,aligned_dataset/wash_cup_split/Seg3/wash_cup_rgb,qa_pairs/aligned/rgb_qa_results_aligned.json,counting,1,"In the video, there is 1 stainless steel sink, 2 green rubber gloves, 1 bottle of Prill dish soap, 1 bottle of Frosch dish soap, 2 sponges (1 yellow, 1 green) in a container, 1 red towel, 1 striped dishcloth, 1 metal utensil holder, and 1 trash can."
569da655b245,rgb,aligned_dataset/wash_cup_split/Seg3/wash_cup_rgb,qa_pairs/aligned/rgb_qa_results_aligned.json,action,1,"I first pick up a striped dishcloth from the edge of the sink. Then, I reach for a green rubber glove on the counter and begin to slide it onto my left hand. The purpose of this action is likely to prepare for washing dishes or cleaning the kitchen, protecting my hand from water and soap."
7c33015f9d84,rgb,aligned_dataset/wash_cup_split/Seg3/wash_cup_rgb,qa_pairs/aligned/rgb_qa_results_aligned.json,text_recognition,1,"In frame 000690, text is visible on a dish soap bottle; it says 'Prill' in red and blue letters, used for branding. In frame 000750, the words 'Aloe Vera' are visible on the label of a green bottle, indicating the scent or ingredient."
9596e3d06543,rgb,aligned_dataset/wash_cup_split/Seg3/wash_cup_rgb,qa_pairs/aligned/rgb_qa_results_aligned.json,dynamic_recognition,1,"My hand moves into the frame to pick up the dishcloth around frame 000300. Then, the green rubber glove is lifted from the counter between frames 000570 and 000630 as I begin to put it on."
97e50685fd31,rgb,aligned_dataset/wash_cup_split/Seg3/wash_cup_rgb,qa_pairs/aligned/rgb_qa_results_aligned.json,object_recognition,1,"In these night frames, the scene is a kitchen counter with a stainless steel sink. Two green rubber gloves are lying on the metal surface. There is a dish soap bottle with a red cap, likely brand Prill, and another bottle behind it. A small plastic container holds two sponges: one yellow and one green. A red towel hangs nearby, and a striped dishcloth is picked up by a hand. The texture of the counter is brushed metal, and the gloves appear smooth and rubbery."
c1877e4e4798,rgb,aligned_dataset/wash_cup_split/Seg3/wash_cup_rgb,qa_pairs/aligned/rgb_qa_results_aligned.json,light_recognition,1,The light source is a single overhead kitchen light that is relatively dim. It casts reflections on the stainless steel sink and the glossy surfaces of the soap bottles and rubber gloves. The light comes from directly above the counter.
cc8de97d5c6c,rgb,aligned_dataset/wash_cup_split/Seg3/wash_cup_rgb,qa_pairs/aligned/rgb_qa_results_aligned.json,spatial_reasoning,1,"The green rubber gloves are on the stainless steel counter, directly in front of the subject. A soap bottle is positioned behind the gloves. To the right of the gloves, there is a plastic container holding sponges. A red towel is hanging over the faucet area to the right of the sink. I am standing approximately 0 steps away from the counter and sink."
e40a3fd651b1,rgb,aligned_dataset/wash_cup_split/Seg3/wash_cup_rgb,qa_pairs/aligned/rgb_qa_results_aligned.json,light_change,1,"The light remains fairly constant throughout the video, though it appears very dark in the night frames. There are no lights turning on or off, and the illumination remains stationary without any approaching light sources like car headlights."
ebb0510a1c07,rgb,aligned_dataset/wash_cup_split/Seg3/wash_cup_rgb,qa_pairs/aligned/rgb_qa_results_aligned.json,dynamic_counting,1,There are no other people or dynamic objects moving in the kitchen except for my own hands. No cars or pets are observed during the sequence.
050fc89311c3,rgb,aligned_dataset/wash_hand_split/Seg1/wash_hands_rgb,qa_pairs/aligned/rgb_qa_results_aligned.json,non_common,1,"The layout of the room is typical for a study space. No major physical violations are present, although the placement of a sink directly next to a study desk is a bit unusual for a dedicated office."
29dedc146437,rgb,aligned_dataset/wash_hand_split/Seg1/wash_hands_rgb,qa_pairs/aligned/rgb_qa_results_aligned.json,scene_sequence,1,"The video begins in a room with computer setups, featuring desks, computers, and office chairs. The camera then moves through a doorway, transitions into a small hallway, and finally enters a small washroom containing a sink."
3c7b0a182956,rgb,aligned_dataset/wash_hand_split/Seg1/wash_hands_rgb,qa_pairs/aligned/rgb_qa_results_aligned.json,navigation,1,"The navigation path starts from the desk area, proceeds straight towards a door, moves through the door into a hallway, and finishes by entering a bathroom after turning slightly."
3d726354f567,rgb,aligned_dataset/wash_hand_split/Seg1/wash_hands_rgb,qa_pairs/aligned/rgb_qa_results_aligned.json,spatial_reasoning,1,The room contains multiple desk-computer setups. Key spatial relationships: 1) The computer tower is to the right of the monitor on the first desk. 2) The chairs are positioned in front of the desks. 3) The sink is located near the door. 4) The door is situated at the far end of the room. The distance between the entrance and the desks is approximately 5-6 steps.
43796827c10a,rgb,aligned_dataset/wash_hand_split/Seg1/wash_hands_rgb,qa_pairs/aligned/rgb_qa_results_aligned.json,light_recognition,1,"The room features several artificial light sources. In the dark, there are neon-colored LED light strips attached to computer cases and desks, providing blue, red, and rainbow lighting. In the later part, the room is illuminated by bright overhead lights, creating a white, well-lit environment."
6a33d1d5dc4c,rgb,aligned_dataset/wash_hand_split/Seg1/wash_hands_rgb,qa_pairs/aligned/rgb_qa_results_aligned.json,dynamic_recognition,1,"The only dynamic action in the video is the camera panning and walking, performed by the subject between frame 0 and 870."
80215c3dbfe3,rgb,aligned_dataset/wash_hand_split/Seg1/wash_hands_rgb,qa_pairs/aligned/rgb_qa_results_aligned.json,action,1,"The subject performs actions of walking through the office, opening a door, and then opening a bathroom door to enter the washroom."
b43282f24143,rgb,aligned_dataset/wash_hand_split/Seg1/wash_hands_rgb,qa_pairs/aligned/rgb_qa_results_aligned.json,text_recognition,1,"The video features a warning sign on a door, 'Dear students! Please make sure to close the windows upon leaving our student rooms. Thank you.', visible starting from frame 720 to the end of the video."
cdf88817fde3,rgb,aligned_dataset/wash_hand_split/Seg1/wash_hands_rgb,qa_pairs/aligned/rgb_qa_results_aligned.json,dynamic_counting,1,"The video shows no dynamic human or objects moving in the scene, only the camera movement performed by the subject."
eb518294c630,rgb,aligned_dataset/wash_hand_split/Seg1/wash_hands_rgb,qa_pairs/aligned/rgb_qa_results_aligned.json,light_change,1,"The video shows a transition from a dark environment, where only the RGB lighting of the computer equipment is visible, to a well-lit environment as the camera enters a room and eventually opens a door to reveal a bathroom."
efa5d8097330,rgb,aligned_dataset/wash_hand_split/Seg1/wash_hands_rgb,qa_pairs/aligned/rgb_qa_results_aligned.json,object_recognition,1,"The video features a home office or student room environment. It includes several desks with computer monitors, computer towers, chairs, a sink, and a door with a note on it. Some computers have glowing RGB lights in different colors."
fd3e1bfb4e59,rgb,aligned_dataset/wash_hand_split/Seg1/wash_hands_rgb,qa_pairs/aligned/rgb_qa_results_aligned.json,counting,1,"In the video, there are 4 computer monitors, 4 computer towers, 4 office chairs, 1 bathroom sink, and 1 door sign visible."
438b145fdb66,rgb,aligned_dataset/wash_hand_split/Seg2/wash_hands_rgb,qa_pairs/aligned/rgb_qa_results_aligned.json,non_common,1,A non-common layout choice is observed on the middle desk near the windows: a black computer monitor is resting on top of a Netgear cardboard box instead of a dedicated monitor stand or being placed directly on the desk surface. This appears to be a makeshift and potentially unstable setup.
5cb3ee420514,rgb,aligned_dataset/wash_hand_split/Seg2/wash_hands_rgb,qa_pairs/aligned/rgb_qa_results_aligned.json,light_recognition,1,"Initially, the room is lit only by colored RGB light strips (magenta and cyan) on PC towers and the glow of computer monitors. As the video progresses, the room is flooded with natural daylight coming from large windows on the left side. The daylight is bright and diffuse, creating reflections on the floor and making all objects in the room clearly visible."
6433f3a715b3,rgb,aligned_dataset/wash_hand_split/Seg2/wash_hands_rgb,qa_pairs/aligned/rgb_qa_results_aligned.json,text_recognition,8,"A printed sign is visible on a white door starting around frame 720. The text is organized as a notice that reads: 'Dear students! Please make sure to close the windows upon leaving our student rooms. Thank you.' Above this message, there is a smaller label containing a QR code, the number '0330', and 'Room 13'. This sign is used to provide instructions to students regarding room maintenance."
7889d57559e0,rgb,aligned_dataset/wash_hand_split/Seg2/wash_hands_rgb,qa_pairs/aligned/rgb_qa_results_aligned.json,counting,10,"Across the office, I can identify the following objects: 5 blue chairs, 5 black computer monitors, 3 black PC towers on top of the desks, 6 large window panes, 4 keyboards, 4 mice, 1 sink in the utility room, 1 teal bin, and 2 door handles. There is also 1 Netgear cardboard box being used as a monitor stand."
7ecbb89ee1eb,rgb,aligned_dataset/wash_hand_split/Seg2/wash_hands_rgb,qa_pairs/aligned/rgb_qa_results_aligned.json,light_change,8,"The video shows a dramatic transition from darkness to full daylight. At the start, only small points of light from LEDs and monitors are visible. Gradually, the ambient light level increases until the whole office is brightly illuminated by the sun. The light change makes the textures of the wooden floor and the white walls clearly discernible by the end of the clip."
8de7db7bbbec,rgb,aligned_dataset/wash_hand_split/Seg2/wash_hands_rgb,qa_pairs/aligned/rgb_qa_results_aligned.json,scene_sequence,10,"The video sequence begins in a completely dark room where only artificial glowing lights from electronics are visible. As the scene brightens, it reveals a large office with multiple workstations. I walk forward past several desks with monitors and blue chairs. I then steer towards a white door on the right. I approach the door, reach for the handle, and open it to reveal a small, brightly lit utility room featuring a sink and a bin."
8deb7fc641c1,rgb,aligned_dataset/wash_hand_split/Seg2/wash_hands_rgb,qa_pairs/aligned/rgb_qa_results_aligned.json,dynamic_counting,8,"The only dynamic event in the video is the subject's hand opening the white door. No other moving people, animals, or vehicles are seen. The door handle is depressed and the door swings open to the right between frames 750 and 870."
92d448cbf335,rgb,aligned_dataset/wash_hand_split/Seg2/wash_hands_rgb,qa_pairs/aligned/rgb_qa_results_aligned.json,action,8,"I am walking through an office space, navigating past desks and chairs toward a white door. I reach out with my right hand, grab the silver handle, depress it, and push the door open to enter a small utility room containing a sink. My purpose is to access the adjacent room."
99219455cc77,rgb,aligned_dataset/wash_hand_split/Seg2/wash_hands_rgb,qa_pairs/aligned/rgb_qa_results_aligned.json,dynamic_recognition,8,"The subject's hand enters the frame at 750 and grabs the door handle. At frame 780, the handle is pushed down and the door begins to swing open to the right. The door continues to move until it is fully open at frame 870, at which point the sink and a bin become fully visible inside the utility room."
9c07078c55ee,rgb,aligned_dataset/wash_hand_split/Seg2/wash_hands_rgb,qa_pairs/aligned/rgb_qa_results_aligned.json,object_recognition,1,"The video displays a bright office environment featuring several light-colored wooden desks. On these desks, there are multiple black computer monitors, black PC towers with some internal components visible, keyboards, and mice. Several ergonomic blue chairs are positioned at the workstations. The room has large windows that provide a view of a grassy outdoor area with some small square structures. A white door with a silver handle is located on the right side of the main room. Behind this door is a small utility area containing a white ceramic sink with a chrome faucet and a teal storage bin."
dbf9795adcf6,rgb,aligned_dataset/wash_hand_split/Seg2/wash_hands_rgb,qa_pairs/aligned/rgb_qa_results_aligned.json,navigation,10,"To navigate the space, I first walk forward past the workstations for about 6 steps. I then make a slight right turn to approach the white door on the far wall. After walking 2 more steps to reach the door, I reach for the handle and open it. Finally, I step into the small utility room to see the sink."
e9597ca129ff,rgb,aligned_dataset/wash_hand_split/Seg2/wash_hands_rgb,qa_pairs/aligned/rgb_qa_results_aligned.json,spatial_reasoning,1,The spatial layout of the office includes: 1. A black computer monitor sitting directly on a white desk (approx. 4 steps from the start). 2. A blue chair positioned in front of the workstation (approx. 3 steps). 3. A black PC tower located to the right of the monitor on the desk (approx. 4 steps). 4. A printed instruction sign taped to the center of a white door (approx. 8 steps). 5. A white sink mounted on the wall inside a small room accessed through the white door (approx. 10 steps).
17663299dee3,rgb,aligned_dataset/wash_hand_split/Seg3/wash_hands_rgb,qa_pairs/aligned/rgb_qa_results_aligned.json,dynamic_recognition,8,"The hands enter the frame at 000000 and remain until 000870. They perform washing, rubbing with soap, and rinsing."
26d171259c37,rgb,aligned_dataset/wash_hand_split/Seg3/wash_hands_rgb,qa_pairs/aligned/rgb_qa_results_aligned.json,spatial_reasoning,1,"The objects include: 1. Faucet and sink basin (0 steps), 2. Mirror and sink (1 step distance for viewing), 3. Power outlet and mirror (beside each other, 0 steps), 4. Wall tiles and sink (0 steps), 5. Mirror and faucet (less than 1 step)."
6cb0bcb7cd55,rgb,aligned_dataset/wash_hand_split/Seg3/wash_hands_rgb,qa_pairs/aligned/rgb_qa_results_aligned.json,light_change,8,"The video shows a consistent, bright indoor lighting environment typical of a bathroom. There are no significant changes in light intensity or direction throughout the duration of the clip."
6e261d0670b8,rgb,aligned_dataset/wash_hand_split/Seg3/wash_hands_rgb,qa_pairs/aligned/rgb_qa_results_aligned.json,navigation,10,The video does not contain navigation actions. The user stands at the sink throughout the entire duration to wash their hands.
7879447c83df,rgb,aligned_dataset/wash_hand_split/Seg3/wash_hands_rgb,qa_pairs/aligned/rgb_qa_results_aligned.json,light_recognition,1,"The scene is well-lit, likely by overhead bathroom lights reflecting off the white tiles and porcelain surfaces, creating a bright and clean atmosphere."
7bf299467579,rgb,aligned_dataset/wash_hand_split/Seg3/wash_hands_rgb,qa_pairs/aligned/rgb_qa_results_aligned.json,dynamic_counting,8,"The primary dynamic objects are the hands of the subject, which move to wash, soap, and rinse. No other external objects or humans are moving in the video."
859235a76fa0,rgb,aligned_dataset/wash_hand_split/Seg3/wash_hands_rgb,qa_pairs/aligned/rgb_qa_results_aligned.json,object_recognition,1,"The scene shows a bathroom with a white ceramic sink, a chrome faucet, a wall-mounted mirror, and a power outlet on the tiled wall. The sink is clean, and the faucet is centrally positioned."
90cffc4f9931,rgb,aligned_dataset/wash_hand_split/Seg3/wash_hands_rgb,qa_pairs/aligned/rgb_qa_results_aligned.json,counting,10,"The video features the following objects: a sink (1), a faucet (1), a mirror (1), a soap dispenser (not visible, but implicit), and a wall socket (1)."
99c484d6263d,rgb,aligned_dataset/wash_hand_split/Seg3/wash_hands_rgb,qa_pairs/aligned/rgb_qa_results_aligned.json,action,8,"The subject is washing their hands. They wet their hands, use soap, rub them to create foam, rinse them under the faucet, and finally dry them using a paper towel."
bdfa5c40b2f7,rgb,aligned_dataset/wash_hand_split/Seg3/wash_hands_rgb,qa_pairs/aligned/rgb_qa_results_aligned.json,scene_sequence,10,"The video shows a single, continuous shot in a bathroom, focusing on the sink and mirror. The camera stays in a fixed position, capturing the process of hand washing, soaping, and rinsing in the sink."
ed390740da06,rgb,aligned_dataset/wash_hand_split/Seg3/wash_hands_rgb,qa_pairs/aligned/rgb_qa_results_aligned.json,non_common,1,The layout is standard for a modern bathroom; no obvious common sense violations or unrealistic physics are observed.
f6173a928975,rgb,aligned_dataset/wash_hand_split/Seg3/wash_hands_rgb,qa_pairs/aligned/rgb_qa_results_aligned.json,text_recognition,8,"The word 'GEBERIT' is visible on the ceramic sink in frame 000000 and subsequent frames. It is a brand name, likely indicating the manufacturer of the bathroom fixture."
19f7ff709934,rgb,aligned_dataset/wash_hand_split/Seg4/wash_hands_rgb,qa_pairs/aligned/rgb_qa_results_aligned.json,text_recognition,8,"The video features text on a QR code label attached to a white door in a restroom setting. The label '02.B.09 WC H' is visible, which appears to be a location identifier for a specific restroom, likely in an office or public facility."
27dcda8e7026,rgb,aligned_dataset/wash_hand_split/Seg4/wash_hands_rgb,qa_pairs/aligned/rgb_qa_results_aligned.json,dynamic_recognition,8,"The dynamic objects are the subject's hands (washing, drying, and opening the door) and the door itself (opening). The hands are active from start to finish. The door movement occurs toward the end of the video."
2b8813d9016c,rgb,aligned_dataset/wash_hand_split/Seg4/wash_hands_rgb,qa_pairs/aligned/rgb_qa_results_aligned.json,counting,10,"The video features several objects: one sink, one faucet, one mirror, one paper towel dispenser, one door handle, one waste bin, one fire extinguisher, and one QR code sign."
31f641a2446d,rgb,aligned_dataset/wash_hand_split/Seg4/wash_hands_rgb,qa_pairs/aligned/rgb_qa_results_aligned.json,light_recognition,1,"The bathroom is illuminated by artificial ceiling lights, providing consistent and clear visibility throughout the space."
338f4133c02a,rgb,aligned_dataset/wash_hand_split/Seg4/wash_hands_rgb,qa_pairs/aligned/rgb_qa_results_aligned.json,scene_sequence,10,"The video begins with a person washing their hands at a sink in a restroom. The scene then transitions to the person turning around and walking towards a wall-mounted paper towel dispenser. The camera captures the person drying their hands, then finally walking towards the exit door, opening it, and stepping out into a hallway with a fire extinguisher on the wall."
53af7111991b,rgb,aligned_dataset/wash_hand_split/Seg4/wash_hands_rgb,qa_pairs/aligned/rgb_qa_results_aligned.json,action,8,"The subject performs a sequence of hygiene-related actions: washing hands at a sink, using a paper towel to dry them, and then exiting the restroom by opening the door with the handle."
816cba761b1a,rgb,aligned_dataset/wash_hand_split/Seg4/wash_hands_rgb,qa_pairs/aligned/rgb_qa_results_aligned.json,non_common,1,"The layout is standard for a bathroom and office corridor. No physical laws are violated, and the environment appears realistic."
83e166337634,rgb,aligned_dataset/wash_hand_split/Seg4/wash_hands_rgb,qa_pairs/aligned/rgb_qa_results_aligned.json,navigation,10,"The navigation starts at the sink in the restroom. The user turns around, walks a few steps to the paper towel dispenser, dries their hands, and then proceeds to the exit door. Upon opening the door, the user steps into a hallway."
a2dcc1649e41,rgb,aligned_dataset/wash_hand_split/Seg4/wash_hands_rgb,qa_pairs/aligned/rgb_qa_results_aligned.json,object_recognition,1,"The video captures a modern bathroom scene featuring a white sink, a chrome faucet, a grey wall-mounted paper towel dispenser, a light switch on the tiled wall, and a large mirror reflecting the person who is recording the video."
a692888357d3,rgb,aligned_dataset/wash_hand_split/Seg4/wash_hands_rgb,qa_pairs/aligned/rgb_qa_results_aligned.json,spatial_reasoning,1,The sink is located directly below the mirror. The paper towel dispenser is positioned to the left of the sink. A light switch is situated below the paper towel dispenser. The door handle is to the right of the mirror. The mirror is roughly 1 step away from the sink area.
df9525f6bcb8,rgb,aligned_dataset/wash_hand_split/Seg4/wash_hands_rgb,qa_pairs/aligned/rgb_qa_results_aligned.json,light_change,8,"The video shows a consistent indoor lighting environment throughout. There are no significant light changes or adjustments, as the lighting remains uniform across the restroom and the connecting hallway."
e18c8c92412f,rgb,aligned_dataset/wash_hand_split/Seg4/wash_hands_rgb,qa_pairs/aligned/rgb_qa_results_aligned.json,dynamic_counting,8,"The video shows the subject's hands moving while washing and drying, and the subject's hand interacting with the door handle to open the door and exit into the hallway."
0172df33722f,rgb,aligned_dataset/wash_hands_split/Seg1/wash_hands_rgb,qa_pairs/aligned/rgb_qa_results_aligned.json,text_recognition,1,"A sign is visible on a door in the room in the later frames (around frame 800-870), which reads 'Dear students! Please make sure to close the windows upon leaving our student rooms. Thank you.'"
1feb29ede09b,rgb,aligned_dataset/wash_hands_split/Seg1/wash_hands_rgb,qa_pairs/aligned/rgb_qa_results_aligned.json,non_common,1,The layout is consistent with a standard student study area or computer lab. No objects are floating or clipping through surfaces; the scene appears realistic.
25b5fb2fcdc6,rgb,aligned_dataset/wash_hands_split/Seg1/wash_hands_rgb,qa_pairs/aligned/rgb_qa_results_aligned.json,object_recognition,1,"The video features a home office or student room environment containing two desks, each equipped with a desktop computer, monitor, keyboard, and mouse. The rooms also have windows, chairs, and cabinets under the desks. Some surfaces are white, and the floor is a dark wood laminate."
2c12d7fc0f6f,rgb,aligned_dataset/wash_hands_split/Seg1/wash_hands_rgb,qa_pairs/aligned/rgb_qa_results_aligned.json,dynamic_recognition,1,The video is static regarding objects; no dynamic movement occurs aside from the camera panning.
37a75db62d87,rgb,aligned_dataset/wash_hands_split/Seg1/wash_hands_rgb,qa_pairs/aligned/rgb_qa_results_aligned.json,action,1,"The person behind the camera performs a tour of the office, likely to document the layout, and finishes by opening a door to show a small side room."
3fa572857176,rgb,aligned_dataset/wash_hands_split/Seg1/wash_hands_rgb,qa_pairs/aligned/rgb_qa_results_aligned.json,counting,1,"The video contains 3 desktop computers, 3 monitors, 3 computer desks, 3 office chairs, and 1 door with a sign."
6ad781a79a3c,rgb,aligned_dataset/wash_hands_split/Seg1/wash_hands_rgb,qa_pairs/aligned/rgb_qa_results_aligned.json,navigation,1,"The camera starts by panning across the workstations. It then navigates toward a closed door, moves slightly to the right to reach the handle, turns the handle, and opens the door to access the next area."
856edf3c2437,rgb,aligned_dataset/wash_hands_split/Seg1/wash_hands_rgb,qa_pairs/aligned/rgb_qa_results_aligned.json,light_change,1,"The video begins in a dark room with only localized LED lighting on the PC cases. As the video progresses, there is a gradual transition to a much brighter, naturally lit environment."
85b89a217c4b,rgb,aligned_dataset/wash_hands_split/Seg1/wash_hands_rgb,qa_pairs/aligned/rgb_qa_results_aligned.json,spatial_reasoning,1,1. Two desks are positioned side-by-side (2 steps). 2. A monitor is placed on each desk (1 step). 3. A chair is positioned in front of each desk (1 step). 4. A window is located above the desk area (3 steps). 5. Cabinets are situated beneath the desks (1 step).
9bdf24ee68dc,rgb,aligned_dataset/wash_hands_split/Seg1/wash_hands_rgb,qa_pairs/aligned/rgb_qa_results_aligned.json,dynamic_counting,1,No dynamic objects or humans move within the frame; the scene is static except for the camera movement.
a08e75eb3024,rgb,aligned_dataset/wash_hands_split/Seg1/wash_hands_rgb,qa_pairs/aligned/rgb_qa_results_aligned.json,scene_sequence,1,"The video begins in a dark room with glowing RGB lighting strips on the computer towers. As the light changes to daylight, the scene reveals a bright, modern room with multiple workstations setup. The camera then moves through the room, panning across the desks and chairs before turning toward a white door with a sign on it, which is then opened to reveal a small sink/washroom area."
f2d2fc440c66,rgb,aligned_dataset/wash_hands_split/Seg1/wash_hands_rgb,qa_pairs/aligned/rgb_qa_results_aligned.json,light_recognition,1,"The video starts in a very dark room with artificial light sources coming from the PC towers, which display vertical strips of shifting colors (RGB). As the video progresses, the ambient lighting transitions to natural daylight entering through large windows."
3699ad5f0019,rgb,aligned_dataset/wash_hands_split/Seg2/wash_hands_rgb,qa_pairs/aligned/rgb_qa_results_aligned.json,spatial_reasoning,1,1. Mirror and Sink: 0 steps away. 2. Sanitizer dispenser and wall: 0 steps away. 3. Toilet and wall: 1 step away. 4. Waste bin and wall corner: 1 step away. 5. Door and hallway: 2 steps away.
69ce68a40390,rgb,aligned_dataset/wash_hands_split/Seg2/wash_hands_rgb,qa_pairs/aligned/rgb_qa_results_aligned.json,non_common,1,The layout is standard for a small bathroom. There are no obvious violations of physics or weird design elements present.
7747070efd1a,rgb,aligned_dataset/wash_hands_split/Seg2/wash_hands_rgb,qa_pairs/aligned/rgb_qa_results_aligned.json,dynamic_recognition,1,"The subject approaches the door (frame 30-150), opens it (frame 300-330), and uses the sink (frame 540-870)."
7b739fe7eef6,rgb,aligned_dataset/wash_hands_split/Seg2/wash_hands_rgb,qa_pairs/aligned/rgb_qa_results_aligned.json,text_recognition,1,"A small QR code sticker with the text '02.8.20 WC H' is visible on the bathroom door in frame 510, likely for room identification or maintenance tracking."
7c3c7d8c8ede,rgb,aligned_dataset/wash_hands_split/Seg2/wash_hands_rgb,qa_pairs/aligned/rgb_qa_results_aligned.json,navigation,1,"Start in the hallway, walk forward 2 steps to the door, open it, enter the bathroom, and turn towards the sink."
8941d355bf73,rgb,aligned_dataset/wash_hands_split/Seg2/wash_hands_rgb,qa_pairs/aligned/rgb_qa_results_aligned.json,object_recognition,1,"The video features a hallway and a bathroom, containing a white door, a toilet, a sink, a sanitizer dispenser, a mirror, and a small waste bin."
b44f3f4e3000,rgb,aligned_dataset/wash_hands_split/Seg2/wash_hands_rgb,qa_pairs/aligned/rgb_qa_results_aligned.json,light_change,1,The lighting remains consistent throughout the video as the subject moves from the hallway into the bathroom.
b5c24ee7f30f,rgb,aligned_dataset/wash_hands_split/Seg2/wash_hands_rgb,qa_pairs/aligned/rgb_qa_results_aligned.json,light_recognition,1,"The area is illuminated by overhead indoor artificial lights, typical of a hallway and bathroom setting."
cbca7f1522b9,rgb,aligned_dataset/wash_hands_split/Seg2/wash_hands_rgb,qa_pairs/aligned/rgb_qa_results_aligned.json,action,1,"The subject approaches a closed door, opens it to enter a bathroom, then approaches the sink to dispense soap and wash their hands."
cfb1bcbdbf87,rgb,aligned_dataset/wash_hands_split/Seg2/wash_hands_rgb,qa_pairs/aligned/rgb_qa_results_aligned.json,dynamic_counting,1,"Only the person holding the camera moves in the video, interacting with the door and the sink faucet."
e0de475e5bd6,rgb,aligned_dataset/wash_hands_split/Seg2/wash_hands_rgb,qa_pairs/aligned/rgb_qa_results_aligned.json,counting,1,"Objects: 1 door, 1 toilet, 1 sink, 1 mirror, 1 soap/sanitizer dispenser, 1 waste bin."
f982ffc1fcad,rgb,aligned_dataset/wash_hands_split/Seg2/wash_hands_rgb,qa_pairs/aligned/rgb_qa_results_aligned.json,scene_sequence,1,"The scene begins in a hallway facing a closed door, moves into a small bathroom, and finishes with hand washing at the sink."
09580dc461b1,rgb,aligned_dataset/wash_hands_split/Seg3/wash_hands_rgb,qa_pairs/aligned/rgb_qa_results_aligned.json,navigation,1,"The user remains stationary in front of the sink, performing a routine hand-washing task without changing their physical location."
09cf0be4ef77,rgb,aligned_dataset/wash_hands_split/Seg3/wash_hands_rgb,qa_pairs/aligned/rgb_qa_results_aligned.json,dynamic_recognition,1,"Hands appear at frame 0 (start) and move towards the faucet; washing action occurs throughout, and hands move toward the paper towel dispenser at frame 600, ending at frame 870."
19710c0489c3,rgb,aligned_dataset/wash_hands_split/Seg3/wash_hands_rgb,qa_pairs/aligned/rgb_qa_results_aligned.json,dynamic_counting,1,"The video features the user's hands interacting with the sink, moving to wash, and then moving to the dispenser."
36782648f6b9,rgb,aligned_dataset/wash_hands_split/Seg3/wash_hands_rgb,qa_pairs/aligned/rgb_qa_results_aligned.json,counting,1,"Visible objects include: 1 sink, 1 faucet, 1 mirror, 1 power outlet, and 1 paper towel dispenser."
5412e8b1fce5,rgb,aligned_dataset/wash_hands_split/Seg3/wash_hands_rgb,qa_pairs/aligned/rgb_qa_results_aligned.json,text_recognition,1,"The text 'GEBERIT' is printed in the upper-left corner of the white ceramic sink, visible throughout the sequence. This likely indicates the manufacturer of the sanitary ware."
6691c0b21c17,rgb,aligned_dataset/wash_hands_split/Seg3/wash_hands_rgb,qa_pairs/aligned/rgb_qa_results_aligned.json,spatial_reasoning,1,1. Mirror and faucet (above/below); 2. Sink basin and faucet (surrounding/center); 3. Power outlet and mirror (left/right); 4. Sink and tiled wall (front/back). The camera is approximately two steps away from the sink.
8f73582cf04e,rgb,aligned_dataset/wash_hands_split/Seg3/wash_hands_rgb,qa_pairs/aligned/rgb_qa_results_aligned.json,light_change,1,"The lighting remains constant throughout the video, with no flickering or changes in brightness observed."
9c2882ba685f,rgb,aligned_dataset/wash_hands_split/Seg3/wash_hands_rgb,qa_pairs/aligned/rgb_qa_results_aligned.json,light_recognition,1,"The scene is well-lit with ambient light coming from the ceiling, reflecting off the white tiles and the mirror surface, providing clear visibility of the faucet and sink."
b8205b9be49f,rgb,aligned_dataset/wash_hands_split/Seg3/wash_hands_rgb,qa_pairs/aligned/rgb_qa_results_aligned.json,non_common,1,The layout is standard for a modern bathroom; no non-common sense scenarios or physical violations are observed.
e518be7d8821,rgb,aligned_dataset/wash_hands_split/Seg3/wash_hands_rgb,qa_pairs/aligned/rgb_qa_results_aligned.json,object_recognition,1,"The video features a white bathroom sink with a modern, metallic chrome faucet positioned in the center. Behind the sink is a large mirror mounted on a white-tiled wall, and a power outlet is visible on the wall to the left of the mirror."
fc0be3e5d464,rgb,aligned_dataset/wash_hands_split/Seg3/wash_hands_rgb,qa_pairs/aligned/rgb_qa_results_aligned.json,action,1,"The subject performs a hand-washing action, likely for hygiene, by interacting with the faucet and subsequently drying their hands with a paper towel from the wall-mounted dispenser."
fe5aac92d1fb,rgb,aligned_dataset/wash_hands_split/Seg3/wash_hands_rgb,qa_pairs/aligned/rgb_qa_results_aligned.json,scene_sequence,1,"The scene sequence shows a close-up view of a bathroom sink area, beginning with the hands positioned near the mirror and faucet, followed by the act of washing hands under the water, and concluding with the user reaching for and retrieving a paper towel."
1d13a260bfa3,rgb,aligned_dataset/wash_hands_split/Seg4/wash_hands_rgb,qa_pairs/aligned/rgb_qa_results_aligned.json,counting,10,"The environment contains 1 sink, 1 faucet, 1 soap dispenser, 1 paper towel dispenser, 1 fire extinguisher, 1 trash bin, and several office chairs and desks."
57e55cdb0258,rgb,aligned_dataset/wash_hands_split/Seg4/wash_hands_rgb,qa_pairs/aligned/rgb_qa_results_aligned.json,light_recognition,1,"The scene is lit by overhead artificial lighting common in indoor bathroom and office environments, creating even, cool-toned illumination throughout the space."
5987947ccfe9,rgb,aligned_dataset/wash_hands_split/Seg4/wash_hands_rgb,qa_pairs/aligned/rgb_qa_results_aligned.json,action,8,"The subject washes their hands at the sink, dries them with paper towels, and then uses a key card to unlock and open an office door to proceed to the workspace."
821946e409a2,rgb,aligned_dataset/wash_hands_split/Seg4/wash_hands_rgb,qa_pairs/aligned/rgb_qa_results_aligned.json,non_common,1,"The environment appears standard for an office building. No unusual layouts, floating objects, or clipping errors were observed."
8764e5f7eeb8,rgb,aligned_dataset/wash_hands_split/Seg4/wash_hands_rgb,qa_pairs/aligned/rgb_qa_results_aligned.json,navigation,10,"The person starts by washing their hands in a bathroom sink, then dries them with a paper towel. Afterward, they open the bathroom door, exit into an office-like corridor, and use a key card to open another door to enter an office space with desks and chairs."
ac8b704485b4,rgb,aligned_dataset/wash_hands_split/Seg4/wash_hands_rgb,qa_pairs/aligned/rgb_qa_results_aligned.json,dynamic_recognition,8,"The user performs the following actions: washing hands (0-300), drying hands with paper towels (300-600), unlocking the door with a card (600-810), and walking out (810-870)."
baa16ad09dd8,rgb,aligned_dataset/wash_hands_split/Seg4/wash_hands_rgb,qa_pairs/aligned/rgb_qa_results_aligned.json,scene_sequence,10,"The sequence starts in a washroom where the user is washing their hands in a sink, then turns towards a paper towel dispenser, moves towards the door, uses a key card to unlock it, and finally exits into a hallway with office chairs and desks."
c416d9390d71,rgb,aligned_dataset/wash_hands_split/Seg4/wash_hands_rgb,qa_pairs/aligned/rgb_qa_results_aligned.json,light_change,8,The lighting remains consistent throughout the video as it is an indoor environment with artificial ceiling lights. No significant changes in brightness or light source shifts are observed.
ca2952c96fab,rgb,aligned_dataset/wash_hands_split/Seg4/wash_hands_rgb,qa_pairs/aligned/rgb_qa_results_aligned.json,object_recognition,1,"The video captures a close-up, first-person view of someone inside a bathroom. Key objects identified include a chrome bathroom faucet, a white porcelain sink basin, a wall-mounted light-grey paper towel dispenser, a white wall, a grey tiled floor, and a mirror in which the person is reflected."
ceccdbcce917,rgb,aligned_dataset/wash_hands_split/Seg4/wash_hands_rgb,qa_pairs/aligned/rgb_qa_results_aligned.json,spatial_reasoning,1,The scene displays several spatial relationships: 1. The faucet is positioned above the sink basin (0 steps). 2. The paper towel dispenser is mounted on the wall to the left of the mirror (approx. 2 steps). 3. The sink is located in front of the mirror (1 step). 4. The door is to the right of the mirror (2 steps). 5. The fire extinguisher is on the wall near the door exit path (3 steps).
ec78370acea1,rgb,aligned_dataset/wash_hands_split/Seg4/wash_hands_rgb,qa_pairs/aligned/rgb_qa_results_aligned.json,dynamic_counting,8,There are no dynamic objects or other humans moving in the video; only the subject's own hands and body move to interact with the environment.
fb4acfa4ad47,rgb,aligned_dataset/wash_hands_split/Seg4/wash_hands_rgb,qa_pairs/aligned/rgb_qa_results_aligned.json,text_recognition,8,"The video features a QR code on the door, likely used for access control or room identification. At frame 750-870, a 'WG H' label is visible on the door frame, which serves as a room identifier or internal facility code."
0a61ed1ca30d,rgb,aligned_dataset/wash_my_face_split/Seg1/wash_my_face_rgb,qa_pairs/aligned/rgb_qa_results_aligned.json,spatial_reasoning,1,"Objects include a door (2 steps away), a white surface/countertop (1 step away), a reflection of the camera-wearer (0 steps away, in the mirror), a wall-mounted light fixture (2 steps away), and a small shelf with containers (3 steps away)."
0ceb25566372,rgb,aligned_dataset/wash_my_face_split/Seg1/wash_my_face_rgb,qa_pairs/aligned/rgb_qa_results_aligned.json,text_recognition,8,The video features no explicit text labels or signage; the focus is on the individual's activity in the room.
14bf401a3b22,rgb,aligned_dataset/wash_my_face_split/Seg1/wash_my_face_rgb,qa_pairs/aligned/rgb_qa_results_aligned.json,light_recognition,1,"The light source is primarily an overhead fixture, providing general illumination for the room, with some additional ambient light from a window or doorway."
2e6a0532581e,rgb,aligned_dataset/wash_my_face_split/Seg1/wash_my_face_rgb,qa_pairs/aligned/rgb_qa_results_aligned.json,dynamic_recognition,8,The only dynamic elements are the subject's actions: walking from the mirror to the doorway (frames 0-150) and moving into the dark space (frames 150-870).
390217e3aecf,rgb,aligned_dataset/wash_my_face_split/Seg1/wash_my_face_rgb,qa_pairs/aligned/rgb_qa_results_aligned.json,light_change,8,The video starts in a moderately lit indoor environment and transitions into a significantly darker space as the person moves through a doorway.
601eddad011c,rgb,aligned_dataset/wash_my_face_split/Seg1/wash_my_face_rgb,qa_pairs/aligned/rgb_qa_results_aligned.json,object_recognition,1,"The scene features a person wearing a helmet mounted with a camera and a white puffer jacket, standing before a large wall mirror. Reflected in the mirror are a door, a white countertop, and various items including bottles and a light fixture."
6f0fef756faa,rgb,aligned_dataset/wash_my_face_split/Seg1/wash_my_face_rgb,qa_pairs/aligned/rgb_qa_results_aligned.json,non_common,1,"The scene displays a standard bathroom layout. No objects are floating, and the furniture placement is logical for a functional washroom."
72ee2acb4cd7,rgb,aligned_dataset/wash_my_face_split/Seg1/wash_my_face_rgb,qa_pairs/aligned/rgb_qa_results_aligned.json,action,8,"The subject starts by looking at their reflection in a mirror while wearing a camera-equipped helmet, then walks through a doorway into another room."
9b37c4f35274,rgb,aligned_dataset/wash_my_face_split/Seg1/wash_my_face_rgb,qa_pairs/aligned/rgb_qa_results_aligned.json,scene_sequence,10,"The scene begins with the person standing in front of a mirror in a room, then moving through a doorway, and finally settling into a darker area where the view becomes obstructed or dark."
b7bea8f2ed27,rgb,aligned_dataset/wash_my_face_split/Seg1/wash_my_face_rgb,qa_pairs/aligned/rgb_qa_results_aligned.json,navigation,10,"The subject walks from in front of a mirror, turns slightly to walk through a doorway, and moves into a dark area."
dc4f30d4e5f6,rgb,aligned_dataset/wash_my_face_split/Seg1/wash_my_face_rgb,qa_pairs/aligned/rgb_qa_results_aligned.json,counting,10,"The video shows a person using household items including a helmet with a mounted camera, a backpack, a mirror, a chair, and a table."
e7fb96fc0168,rgb,aligned_dataset/wash_my_face_split/Seg1/wash_my_face_rgb,qa_pairs/aligned/rgb_qa_results_aligned.json,dynamic_counting,8,The only dynamic movement in the video is the subject themselves; there are no other moving people or objects.
05dd9742a7ae,rgb,aligned_dataset/wash_my_face_split/Seg2/wash_my_face_rgb,qa_pairs/aligned/rgb_qa_results_aligned.json,non_common,1,"The scene is a standard bathroom, and there are no objects that violate common sense or physical laws."
18ad0137ed06,rgb,aligned_dataset/wash_my_face_split/Seg2/wash_my_face_rgb,qa_pairs/aligned/rgb_qa_results_aligned.json,text_recognition,1,No clear text labels or signage are identifiable in the video frames provided.
289fa51d454f,rgb,aligned_dataset/wash_my_face_split/Seg2/wash_my_face_rgb,qa_pairs/aligned/rgb_qa_results_aligned.json,action,1,"The subject is cleaning a surface (likely the mirror or sink area) using a cloth. The action involves wiping motions, which serves the purpose of hygiene or maintenance."
435ea8b9c604,rgb,aligned_dataset/wash_my_face_split/Seg2/wash_my_face_rgb,qa_pairs/aligned/rgb_qa_results_aligned.json,navigation,1,The subject remains standing in front of a bathroom sink and mirror. No movement through a house or path-finding action occurs.
616f56273b3b,rgb,aligned_dataset/wash_my_face_split/Seg2/wash_my_face_rgb,qa_pairs/aligned/rgb_qa_results_aligned.json,object_recognition,1,"The video features a person wearing a helmet mounted with a camera, standing in a bathroom. The scene includes a wall, a window, a towel hanging on a rack, and a mirror reflecting the person. The person is wiping their face with a towel."
7ec6ad85662a,rgb,aligned_dataset/wash_my_face_split/Seg2/wash_my_face_rgb,qa_pairs/aligned/rgb_qa_results_aligned.json,dynamic_counting,1,No dynamic objects or humans (other than the subject) are moving in the video.
8a7d8032a7b5,rgb,aligned_dataset/wash_my_face_split/Seg2/wash_my_face_rgb,qa_pairs/aligned/rgb_qa_results_aligned.json,scene_sequence,1,"The video sequence begins with the subject facing a mirror in a bathroom. The scene remains static in the bathroom throughout the recording. The objects identified in the environment include a bathroom sink, a faucet, a towel rack with towels on it, a window with a handle, and various toiletries on a metal shelf."
a42f5974b909,rgb,aligned_dataset/wash_my_face_split/Seg2/wash_my_face_rgb,qa_pairs/aligned/rgb_qa_results_aligned.json,light_recognition,1,"The scene is illuminated by natural light coming through the window and potentially some ambient indoor lighting, creating a bright and clear environment."
bf1560bd0dcd,rgb,aligned_dataset/wash_my_face_split/Seg2/wash_my_face_rgb,qa_pairs/aligned/rgb_qa_results_aligned.json,dynamic_recognition,1,"The subject performs hand movements to clean or touch a surface, starting at frame 000450 and ending at frame 000870."
e8198d56f682,rgb,aligned_dataset/wash_my_face_split/Seg2/wash_my_face_rgb,qa_pairs/aligned/rgb_qa_results_aligned.json,counting,1,"Several objects were identified in the bathroom: 1 sink, 1 mirror, 1 window with a handle, 1 metal shelf, and 2 towels on the towel rack."
e97a19fbbb84,rgb,aligned_dataset/wash_my_face_split/Seg2/wash_my_face_rgb,qa_pairs/aligned/rgb_qa_results_aligned.json,spatial_reasoning,1,The person is facing a mirror (0 steps). A window is to the left of the mirror (2 steps). A towel is hanging on a rack below the window (2 steps). A metal shelving unit with toiletries is located to the right of the mirror (1 step).
eb091f685bde,rgb,aligned_dataset/wash_my_face_split/Seg2/wash_my_face_rgb,qa_pairs/aligned/rgb_qa_results_aligned.json,light_change,1,"The video shows a consistent indoor lighting environment. No significant light changes, flickering, or transitions are observed throughout the sequence."
21a71925f458,rgb,aligned_dataset/water_plants_split/Seg1/water_plants_rgb,qa_pairs/aligned/rgb_qa_results_aligned.json,non_common,1,"The layout is standard for a kitchen; no physical laws are violated, though the lighting is unusually poor for working in a kitchen."
22263efa33a4,rgb,aligned_dataset/water_plants_split/Seg1/water_plants_rgb,qa_pairs/aligned/rgb_qa_results_aligned.json,counting,10,"Items counted: 1 sink, 1 faucet, 1 dish rack, 3 cleaning bottles, 1 spray bottle, 1 bowl, 1 kettle."
2270ea962622,rgb,aligned_dataset/water_plants_split/Seg1/water_plants_rgb,qa_pairs/aligned/rgb_qa_results_aligned.json,action,8,"I am interacting with a green spray bottle, likely trying to fill or adjust it at the sink, as part of a cleaning task."
70acb8332bb0,rgb,aligned_dataset/water_plants_split/Seg1/water_plants_rgb,qa_pairs/aligned/rgb_qa_results_aligned.json,dynamic_counting,8,The only dynamic action is my own hand moving to manipulate the spray bottle; there are no other moving objects or humans.
7eced7e5b933,rgb,aligned_dataset/water_plants_split/Seg1/water_plants_rgb,qa_pairs/aligned/rgb_qa_results_aligned.json,scene_sequence,10,"The sequence shows me approaching the kitchen counter, identifying items like the kettle and sink, then focusing on cleaning supplies, and finally interacting with a spray bottle near the sink."
8acb8af1e46b,rgb,aligned_dataset/water_plants_split/Seg1/water_plants_rgb,qa_pairs/aligned/rgb_qa_results_aligned.json,light_recognition,1,"The lighting is extremely low, likely night time, with very limited visibility in the room, relying on minimal ambient light."
9425bed8fbc0,rgb,aligned_dataset/water_plants_split/Seg1/water_plants_rgb,qa_pairs/aligned/rgb_qa_results_aligned.json,light_change,8,"The lighting remains consistently dim throughout the video, with no significant changes in brightness or light source activation."
9d02aa8ffeb1,rgb,aligned_dataset/water_plants_split/Seg1/water_plants_rgb,qa_pairs/aligned/rgb_qa_results_aligned.json,object_recognition,1,"The scene shows a kitchen area in very dim light. Visible items include a white countertop, a black kettle or container on the counter, a white bowl, a kitchen sink with a faucet, several cleaning product bottles (e.g., 'Pril'), and a dish drying rack with white plates."
ed48813411f1,rgb,aligned_dataset/water_plants_split/Seg1/water_plants_rgb,qa_pairs/aligned/rgb_qa_results_aligned.json,text_recognition,8,"Text observed: 'Pril' on a cleaning bottle, visible throughout the frames as I handle it. It is a dish soap used for washing dishes."
f38df450119a,rgb,aligned_dataset/water_plants_split/Seg1/water_plants_rgb,qa_pairs/aligned/rgb_qa_results_aligned.json,navigation,10,"I am standing directly in front of the kitchen sink, interacting with the objects on the counter, with no major navigation required."
faeffbe0f40e,rgb,aligned_dataset/water_plants_split/Seg1/water_plants_rgb,qa_pairs/aligned/rgb_qa_results_aligned.json,dynamic_recognition,8,"My hand is the only dynamic object, starting from frame 000500 and ending at 000870 as it reaches for and interacts with the green spray bottle."
fc1206020bea,rgb,aligned_dataset/water_plants_split/Seg1/water_plants_rgb,qa_pairs/aligned/rgb_qa_results_aligned.json,spatial_reasoning,1,The spatial layout includes: 1. The kitchen sink and faucet are to the right of the countertop. 2. The cleaning bottles are placed to the left of the sink. 3. The dish rack is positioned further right near the sink. 4. The countertop surface is in front of the sink area. 5. The bowl is located on the countertop in front of the sink. Distance estimation: The sink and countertop are about 1-2 steps away from me.
17e5a4962a10,rgb,aligned_dataset/water_plants_split/Seg2/water_plants_rgb,qa_pairs/aligned/rgb_qa_results_aligned.json,counting,10,"In the video, I identify a soap bottle (1), a faucet (1), a sink (1), a sponge (2 - green and yellow), and several plates (more than 5 in the rack)."
237c043e9bce,rgb,aligned_dataset/water_plants_split/Seg2/water_plants_rgb,qa_pairs/aligned/rgb_qa_results_aligned.json,action,8,"I am filling a small white container with water from a kitchen faucet. I hold the container under the stream of water, ensuring it fills up properly, which is a common daily task for cleaning or other household uses."
2e12e8fed2ce,rgb,aligned_dataset/water_plants_split/Seg2/water_plants_rgb,qa_pairs/aligned/rgb_qa_results_aligned.json,non_common,1,The layout is a standard kitchen sink setup. No common sense violations or unrealistic physical behaviors are observed; the objects are all standard kitchen accessories.
35751651cd2a,rgb,aligned_dataset/water_plants_split/Seg2/water_plants_rgb,qa_pairs/aligned/rgb_qa_results_aligned.json,navigation,10,"The video captures the process of positioning a bottle under a kitchen faucet to fill it with water, involving precise hand movements and minor adjustments."
3852684e61cc,rgb,aligned_dataset/water_plants_split/Seg2/water_plants_rgb,qa_pairs/aligned/rgb_qa_results_aligned.json,spatial_reasoning,1,"The objects are arranged within the kitchen sink area. The faucet is central. 1) Faucet to pink cloth (0 steps). 2) Faucet to yellow towel (0-1 steps). 3) Faucet to spray bottle (1 step). 4) Faucet to drying rack (1-2 steps). 5) Spray bottle to sponge (1 step). The objects are in close proximity, all within arm's reach of someone standing at the sink."
727f6fb2fea2,rgb,aligned_dataset/water_plants_split/Seg2/water_plants_rgb,qa_pairs/aligned/rgb_qa_results_aligned.json,dynamic_recognition,8,The video displays my hand holding and adjusting a bottle under a kitchen faucet. The hand enters the frame at the beginning and remains until the task is complete (frames 0-870).
91caa405d3d6,rgb,aligned_dataset/water_plants_split/Seg2/water_plants_rgb,qa_pairs/aligned/rgb_qa_results_aligned.json,dynamic_counting,8,The video shows a hand moving under the faucet to fill a container with water; no other objects or people are moving in the frame.
c20092fc3ce2,rgb,aligned_dataset/water_plants_split/Seg2/water_plants_rgb,qa_pairs/aligned/rgb_qa_results_aligned.json,scene_sequence,10,"The video starts in a dark, poorly lit kitchen area. I am holding a sink faucet and filling a small white container with water, while a dish rack with plates is visible nearby."
cd56ef87aefd,rgb,aligned_dataset/water_plants_split/Seg2/water_plants_rgb,qa_pairs/aligned/rgb_qa_results_aligned.json,object_recognition,1,"The video frames show a close-up, dark, and dimly lit kitchen sink area. Key objects identified include a chrome kitchen faucet, a white plastic spray bottle or container, a green kitchen sponge, and a yellow cleaning sponge. A pink cloth is draped over the faucet, and a yellowish-tan cloth or towel is hanging next to it. To the right of the sink area, there is a dish drying rack containing several clean, white ceramic bowls."
cf8543623f06,rgb,aligned_dataset/water_plants_split/Seg2/water_plants_rgb,qa_pairs/aligned/rgb_qa_results_aligned.json,text_recognition,8,"The video features a bottle of 'Pril' dishwashing liquid, which appears in various frames starting from the beginning of the video, used for cleaning dishes."
e09a5ef66ea3,rgb,aligned_dataset/water_plants_split/Seg2/water_plants_rgb,qa_pairs/aligned/rgb_qa_results_aligned.json,light_recognition,1,"The scene is captured under very low, ambient light conditions, likely at night with minimal secondary light sources. The primary visibility comes from the camera's sensor capability in low light or a very dim artificial light source."
e4bbd184cd30,rgb,aligned_dataset/water_plants_split/Seg2/water_plants_rgb,qa_pairs/aligned/rgb_qa_results_aligned.json,light_change,8,"The video starts in very low light conditions, making it difficult to see objects clearly. As the video progresses, the lighting improves significantly, revealing the kitchen sink, faucet, and dish rack."
1f504ba88be5,rgb,aligned_dataset/water_plants_split/Seg3/water_plants_rgb,qa_pairs/aligned/rgb_qa_results_aligned.json,light_recognition,1,"The video shows a transition from a very dark, low-light environment to a well-lit, naturally illuminated indoor setting, likely during the daytime."
25ed2015b8f3,rgb,aligned_dataset/water_plants_split/Seg3/water_plants_rgb,qa_pairs/aligned/rgb_qa_results_aligned.json,counting,1,"The video shows a person using a green pump-action spray bottle to mist plants in pots, with a black couch, a backpack, and various household items visible in the room."
37c102f7ab3d,rgb,aligned_dataset/water_plants_split/Seg3/water_plants_rgb,qa_pairs/aligned/rgb_qa_results_aligned.json,dynamic_recognition,8,"A hand enters the frame at frame 000300 to operate a green spray bottle, and continues until frame 000600. Then it moves to interact with a plant label from 000700 to 000870."
398efdceb278,rgb,aligned_dataset/water_plants_split/Seg3/water_plants_rgb,qa_pairs/aligned/rgb_qa_results_aligned.json,light_change,8,"The video begins in almost complete darkness and transitions into a bright, well-lit kitchen environment."
7433122b000a,rgb,aligned_dataset/water_plants_split/Seg3/water_plants_rgb,qa_pairs/aligned/rgb_qa_results_aligned.json,non_common,1,"The layout of the kitchen and the living room appears standard for a residential home; no physical laws are violated, and there are no instances of floating objects or strange layouts."
75c243966fc4,rgb,aligned_dataset/water_plants_split/Seg3/water_plants_rgb,qa_pairs/aligned/rgb_qa_results_aligned.json,dynamic_counting,8,"The video shows a hand moving to interact with a green spray bottle, pumping it repeatedly, and then moving to adjust a plant label."
7cbd9cca3229,rgb,aligned_dataset/water_plants_split/Seg3/water_plants_rgb,qa_pairs/aligned/rgb_qa_results_aligned.json,scene_sequence,10,"The video starts in a dark, interior space, transitions to a kitchen area where a sink and plants are present, and concludes with a close-up of a potted plant."
98b60a7a3d1e,rgb,aligned_dataset/water_plants_split/Seg3/water_plants_rgb,qa_pairs/aligned/rgb_qa_results_aligned.json,action,8,"The subject is spraying a green plastic bottle towards a sink and then manually adjusting a yellow label in a plant pot, likely to care for the plant."
a655c83b932d,rgb,aligned_dataset/water_plants_split/Seg3/water_plants_rgb,qa_pairs/aligned/rgb_qa_results_aligned.json,spatial_reasoning,1,"The green pressure sprayer is held in the person's hands. The plant is to the left of the sprayer. The dish drying rack is to the right of the sink. The sofa is situated against the wall, and the backpack is placed on top of the sofa. There are about 1-2 steps between the person and the plants."
a91215dc52d8,rgb,aligned_dataset/water_plants_split/Seg3/water_plants_rgb,qa_pairs/aligned/rgb_qa_results_aligned.json,navigation,10,"The subject performs a short navigation from a dark area into the kitchen to use a spray bottle, then moves toward a plant."
f450b6500843,rgb,aligned_dataset/water_plants_split/Seg3/water_plants_rgb,qa_pairs/aligned/rgb_qa_results_aligned.json,text_recognition,8,"The only visible text is on a label in a pot, which is partially obscured and difficult to read, likely containing care instructions for a plant. It appears in the latter half of the video."
f5ebe4b5482c,rgb,aligned_dataset/water_plants_split/Seg3/water_plants_rgb,qa_pairs/aligned/rgb_qa_results_aligned.json,object_recognition,1,"The video shows a kitchen scene where a person is using a green pressure sprayer to mist some small potted plants. Other visible objects include a black leather sofa, a blue backpack resting on the sofa, a dish drying rack, a yellow cleaning cloth, and several water bottles."
2bc05781db7f,rgb,aligned_dataset/water_plants_split/Seg4/water_plants_rgb,qa_pairs/aligned/rgb_qa_results_aligned.json,light_change,8,"The video starts in complete darkness, then suddenly transitions to a brightly lit scene showing a plant and a spray bottle."
3ac16d76dab3,rgb,aligned_dataset/water_plants_split/Seg4/water_plants_rgb,qa_pairs/aligned/rgb_qa_results_aligned.json,non_common,8,"The layout shows plants kept in a dark environment, which is physically counter-productive for their growth, suggesting an unrealistic indoor setup or lack of proper lighting equipment for the plants."
3f0aa092a162,rgb,aligned_dataset/water_plants_split/Seg4/water_plants_rgb,qa_pairs/aligned/rgb_qa_results_aligned.json,counting,10,"The video displays a variety of objects including a spray bottle, a green pot, a grey rectangular planter, a plant with yellowing leaves, and a yellow label."
3fbf8ea65a9e,rgb,aligned_dataset/water_plants_split/Seg4/water_plants_rgb,qa_pairs/aligned/rgb_qa_results_aligned.json,dynamic_counting,8,"The video features a hand holding a spray bottle and moving it to spray the plant, which is the only dynamic movement besides the camera's focus change."
879f982cba61,rgb,aligned_dataset/water_plants_split/Seg4/water_plants_rgb,qa_pairs/aligned/rgb_qa_results_aligned.json,dynamic_recognition,8,A human hand interacts with a spray bottle to water the plants from frame 580 to 870.
8bfb964cda7b,rgb,aligned_dataset/water_plants_split/Seg4/water_plants_rgb,qa_pairs/aligned/rgb_qa_results_aligned.json,scene_sequence,10,The video consists of a sequence where the camera remains in a dark environment looking at a single potted plant with a spray bottle being used on it.
bd036e364f74,rgb,aligned_dataset/water_plants_split/Seg4/water_plants_rgb,qa_pairs/aligned/rgb_qa_results_aligned.json,navigation,10,"The video involves no navigation or movement through a space, as the camera is fixed on the plants."
be628f630be1,rgb,aligned_dataset/water_plants_split/Seg4/water_plants_rgb,qa_pairs/aligned/rgb_qa_results_aligned.json,spatial_reasoning,1,"The plants are arranged on a surface, likely a windowsill or table. There are three main pots: a green one in the center, a large rectangular planter behind it, and a smaller grey pot to the right. The distance between the camera and the plants is about one step."
c91c57f1c80b,rgb,aligned_dataset/water_plants_split/Seg4/water_plants_rgb,qa_pairs/aligned/rgb_qa_results_aligned.json,text_recognition,8,"The video shows a spray bottle with text on it in frame 870, with the text '1 LITER' clearly visible."
de8548c9b1f5,rgb,aligned_dataset/water_plants_split/Seg4/water_plants_rgb,qa_pairs/aligned/rgb_qa_results_aligned.json,object_recognition,1,"The video features a collection of indoor plants in various pots, including a large green pot, several rectangular planters, and a small grey pot. The plants have varying amounts of foliage, with some showing signs of drying out. A white spray bottle with a green nozzle is also visible."
ea7ef5d6b68e,rgb,aligned_dataset/water_plants_split/Seg4/water_plants_rgb,qa_pairs/aligned/rgb_qa_results_aligned.json,action,8,"The subject uses a spray bottle to apply water to the soil and foliage of the plants in the pots, likely for maintenance."
f630e8b8232e,rgb,aligned_dataset/water_plants_split/Seg4/water_plants_rgb,qa_pairs/aligned/rgb_qa_results_aligned.json,light_recognition,1,"The scene is illuminated by natural daylight coming through a window, providing consistent lighting for the plants."
0849e04ecce3,rgb,aligned_dataset/water_plants_split/Seg5/water_plants_rgb,qa_pairs/aligned/rgb_qa_results_aligned.json,text_recognition,1,"The video features yellow plant markers placed in flower pots, which are visible starting from frame 000570 and throughout the remaining sequence."
32c5595ddca5,rgb,aligned_dataset/water_plants_split/Seg5/water_plants_rgb,qa_pairs/aligned/rgb_qa_results_aligned.json,navigation,1,"The video is taken from a fixed, first-person perspective focused on watering plants on a wooden surface, with no walking or navigation steps involved."
35cfb0522883,rgb,aligned_dataset/water_plants_split/Seg5/water_plants_rgb,qa_pairs/aligned/rgb_qa_results_aligned.json,dynamic_counting,1,The only moving object in the video is the spray bottle being operated by the subject's hand; no other dynamic objects or humans are present.
39cef0e3b1ac,rgb,aligned_dataset/water_plants_split/Seg5/water_plants_rgb,qa_pairs/aligned/rgb_qa_results_aligned.json,scene_sequence,1,"The scene is a stationary indoor setting, showing a set of potted plants on a wooden surface, specifically onions in the left pot, a leafy plant in the middle, and parsley in the right, with the subject using a green spray bottle to water them throughout the sequence."
41d05d1b64a8,rgb,aligned_dataset/water_plants_split/Seg5/water_plants_rgb,qa_pairs/aligned/rgb_qa_results_aligned.json,spatial_reasoning,1,The plants are arranged on a shelf. 1. The small herb plant is to the left of the central green onion pot. 2. The gray rectangular planter is behind the round pots. 3. The yellow labels are in the center of each pot. 4. The spray bottle is on the right side of the frame. The camera is approximately 1-2 steps away from the plants.
4eecb1a4af39,rgb,aligned_dataset/water_plants_split/Seg5/water_plants_rgb,qa_pairs/aligned/rgb_qa_results_aligned.json,object_recognition,1,"The video features a collection of potted plants on a shelf. Key objects include several round black pots, a rectangular gray planter, green leafy plants (likely herbs like parsley), and tall thin green onions. There are also small yellow rectangular plant labels inserted into the soil in the pots."
6ab9e6db4d42,rgb,aligned_dataset/water_plants_split/Seg5/water_plants_rgb,qa_pairs/aligned/rgb_qa_results_aligned.json,non_common,1,The scene appears to be a standard indoor garden setup on a shelf. No obvious violations of physical laws or illogical object placement are present; the layout is functional for indoor plant care.
a825d229763c,rgb,aligned_dataset/water_plants_split/Seg5/water_plants_rgb,qa_pairs/aligned/rgb_qa_results_aligned.json,counting,1,"The video displays 3 plant pots, 1 spray bottle, and 3 yellow plant labels, all of which are present throughout the recorded sequence."
b770e1b230c3,rgb,aligned_dataset/water_plants_split/Seg5/water_plants_rgb,qa_pairs/aligned/rgb_qa_results_aligned.json,action,1,"The subject is manually operating a spray bottle to water three distinct potted plants arranged on a wooden surface, likely to provide hydration to the soil and foliage."
ce20568568a0,rgb,aligned_dataset/water_plants_split/Seg5/water_plants_rgb,qa_pairs/aligned/rgb_qa_results_aligned.json,light_change,1,"The video shows a consistent indoor lighting environment, with no significant changes in illumination throughout the duration of the recording."
d08d3ee7e582,rgb,aligned_dataset/water_plants_split/Seg5/water_plants_rgb,qa_pairs/aligned/rgb_qa_results_aligned.json,light_recognition,1,"The scene is lit by soft, ambient indoor daylight, likely from a nearby window, creating even illumination across the plants without harsh shadows."
e2a2c8d758fb,rgb,aligned_dataset/water_plants_split/Seg5/water_plants_rgb,qa_pairs/aligned/rgb_qa_results_aligned.json,dynamic_recognition,1,"The spray bottle is the primary dynamic object in the video, appearing from the start (frame 000000) and continuing its movement until the end (frame 000870)."
